{
  "type": "FeatureCollection",
  "features": [
    {
      "type": "Feature",
      "geometry": {
        "type": "Point",
        "coordinates": [
          -7.688281265,
          41.15213705
        ]
      },
      "properties": {
        "cp_stop_id": "94_10090",
        "name": "Covelinhas",
        "uic": "9410090",
        "country": "PT",
        "status": "orphan"
      }
    },
    {
      "type": "Feature",
      "geometry": {
        "type": "Point",
        "coordinates": [
          -7.61125813,
          41.16189751
        ]
      },
      "properties": {
        "cp_stop_id": "94_10165",
        "name": "Ferrao",
        "uic": "9410165",
        "country": "PT",
        "status": "orphan"
      }
    },
    {
      "type": "Feature",
      "geometry": {
        "type": "Point",
        "coordinates": [
          -7.545173972,
          41.19038233
        ]
      },
      "properties": {
        "cp_stop_id": "94_10249",
        "name": "Pinhao",
        "uic": "9410249",
        "country": "PT",
        "status": "orphan"
      }
    },
    {
      "type": "Feature",
      "geometry": {
        "type": "Point",
        "coordinates": [
          -7.37777979,
          41.17648128
        ]
      },
      "properties": {
        "cp_stop_id": "94_11064",
        "name": "Alegria",
        "uic": "9411064",
        "country": "PT",
        "status": "orphan"
      }
    },
    {
      "type": "Feature",
      "geometry": {
        "type": "Point",
        "coordinates": [
          -7.331569875,
          41.14452354
        ]
      },
      "properties": {
        "cp_stop_id": "94_11114",
        "name": "Ferradosa",
        "uic": "9411114",
        "country": "PT",
        "status": "orphan"
      }
    },
    {
      "type": "Feature",
      "geometry": {
        "type": "Point",
        "coordinates": [
          -7.316038433,
          41.14310837
        ]
      },
      "properties": {
        "cp_stop_id": "94_11148",
        "name": "Vargelas",
        "uic": "9411148",
        "country": "PT",
        "status": "orphan"
      }
    },
    {
      "type": "Feature",
      "geometry": {
        "type": "Point",
        "coordinates": [
          -7.261709844,
          41.14134
        ]
      },
      "properties": {
        "cp_stop_id": "94_11197",
        "name": "Vesuvio",
        "uic": "9411197",
        "country": "PT",
        "status": "orphan"
      }
    },
    {
      "type": "Feature",
      "geometry": {
        "type": "Point",
        "coordinates": [
          -7.211400891,
          41.13464912
        ]
      },
      "properties": {
        "cp_stop_id": "94_11247",
        "name": "Freixo de Numao - Mos do Douro",
        "uic": "9411247",
        "country": "PT",
        "status": "orphan"
      }
    },
    {
      "type": "Feature",
      "geometry": {
        "type": "Point",
        "coordinates": [
          -9.179573483,
          38.66616944
        ]
      },
      "properties": {
        "cp_stop_id": "94_17087",
        "name": "Pragal",
        "uic": "9417087",
        "country": "PT",
        "status": "orphan"
      }
    },
    {
      "type": "Feature",
      "geometry": {
        "type": "Point",
        "coordinates": [
          -8.855279982,
          41.72048249
        ]
      },
      "properties": {
        "cp_stop_id": "94_18044",
        "name": "Areosa",
        "uic": "9418044",
        "country": "PT",
        "status": "orphan"
      }
    },
    {
      "type": "Feature",
      "geometry": {
        "type": "Point",
        "coordinates": [
          -8.863332851,
          41.75041589
        ]
      },
      "properties": {
        "cp_stop_id": "94_18085",
        "name": "Carreco",
        "uic": "9418085",
        "country": "PT",
        "status": "orphan"
      }
    },
    {
      "type": "Feature",
      "geometry": {
        "type": "Point",
        "coordinates": [
          -8.861471138,
          41.77538057
        ]
      },
      "properties": {
        "cp_stop_id": "94_18119",
        "name": "Afife",
        "uic": "9418119",
        "country": "PT",
        "status": "orphan"
      }
    },
    {
      "type": "Feature",
      "geometry": {
        "type": "Point",
        "coordinates": [
          -8.862650235,
          41.81324135
        ]
      },
      "properties": {
        "cp_stop_id": "94_18150",
        "name": "Ancora-Praia",
        "uic": "9418150",
        "country": "PT",
        "status": "orphan"
      }
    },
    {
      "type": "Feature",
      "geometry": {
        "type": "Point",
        "coordinates": [
          -8.864296854,
          41.84794957
        ]
      },
      "properties": {
        "cp_stop_id": "94_18200",
        "name": "Moledo do Minho",
        "uic": "9418200",
        "country": "PT",
        "status": "orphan"
      }
    },
    {
      "type": "Feature",
      "geometry": {
        "type": "Point",
        "coordinates": [
          -8.8433629,
          41.86965332
        ]
      },
      "properties": {
        "cp_stop_id": "94_18234",
        "name": "Senhora da Agonia",
        "uic": "9418234",
        "country": "PT",
        "status": "orphan"
      }
    },
    {
      "type": "Feature",
      "geometry": {
        "type": "Point",
        "coordinates": [
          -8.819345093,
          41.89631904
        ]
      },
      "properties": {
        "cp_stop_id": "94_18275",
        "name": "Seixas",
        "uic": "9418275",
        "country": "PT",
        "status": "orphan"
      }
    },
    {
      "type": "Feature",
      "geometry": {
        "type": "Point",
        "coordinates": [
          -8.792815739,
          41.90938362
        ]
      },
      "properties": {
        "cp_stop_id": "94_18291",
        "name": "Esqueiro",
        "uic": "9418291",
        "country": "PT",
        "status": "orphan"
      }
    },
    {
      "type": "Feature",
      "geometry": {
        "type": "Point",
        "coordinates": [
          -8.763017442,
          41.92004383
        ]
      },
      "properties": {
        "cp_stop_id": "94_18325",
        "name": "Gondarem",
        "uic": "9418325",
        "country": "PT",
        "status": "orphan"
      }
    },
    {
      "type": "Feature",
      "geometry": {
        "type": "Point",
        "coordinates": [
          -8.748278179,
          41.93602887
        ]
      },
      "properties": {
        "cp_stop_id": "94_18341",
        "name": "Vila Nova de Cerveira",
        "uic": "9418341",
        "country": "PT",
        "status": "orphan"
      }
    },
    {
      "type": "Feature",
      "geometry": {
        "type": "Point",
        "coordinates": [
          -8.702489533,
          41.9798852
        ]
      },
      "properties": {
        "cp_stop_id": "94_18416",
        "name": "Carvalha",
        "uic": "9418416",
        "country": "PT",
        "status": "orphan"
      }
    },
    {
      "type": "Feature",
      "geometry": {
        "type": "Point",
        "coordinates": [
          -8.666371141,
          41.99363336
        ]
      },
      "properties": {
        "cp_stop_id": "94_18440",
        "name": "Sao Pedro da Torre",
        "uic": "9418440",
        "country": "PT",
        "status": "orphan"
      }
    },
    {
      "type": "Feature",
      "geometry": {
        "type": "Point",
        "coordinates": [
          -8.579095,
          41.197196
        ]
      },
      "properties": {
        "cp_stop_id": "94_21006",
        "name": "Sao Gemil",
        "uic": "9421006",
        "country": "PT",
        "status": "orphan"
      }
    },
    {
      "type": "Feature",
      "geometry": {
        "type": "Point",
        "coordinates": [
          -8.59788,
          41.18514
        ]
      },
      "properties": {
        "cp_stop_id": "94_21030",
        "name": "Hospital Sao Joao",
        "uic": "9421030",
        "country": "PT",
        "status": "orphan"
      }
    },
    {
      "type": "Feature",
      "geometry": {
        "type": "Point",
        "coordinates": [
          -8.613357635,
          41.1903122
        ]
      },
      "properties": {
        "cp_stop_id": "94_21048",
        "name": "Sao Mamede de Infesta",
        "uic": "9421048",
        "country": "PT",
        "status": "orphan"
      }
    },
    {
      "type": "Feature",
      "geometry": {
        "type": "Point",
        "coordinates": [
          -8.63048,
          41.19668
        ]
      },
      "properties": {
        "cp_stop_id": "94_21055",
        "name": "Arroteia",
        "uic": "9421055",
        "country": "PT",
        "status": "orphan"
      }
    },
    {
      "type": "Feature",
      "geometry": {
        "type": "Point",
        "coordinates": [
          -8.629551262,
          41.2084234
        ]
      },
      "properties": {
        "cp_stop_id": "94_21071",
        "name": "Leca do Balio",
        "uic": "9421071",
        "country": "PT",
        "status": "orphan"
      }
    },
    {
      "type": "Feature",
      "geometry": {
        "type": "Point",
        "coordinates": [
          -8.47316742,
          41.35081491
        ]
      },
      "properties": {
        "cp_stop_id": "94_28068",
        "name": "Santo Tirso",
        "uic": "9428068",
        "country": "PT",
        "status": "orphan"
      }
    },
    {
      "type": "Feature",
      "geometry": {
        "type": "Point",
        "coordinates": [
          -8.437664977,
          41.36367349
        ]
      },
      "properties": {
        "cp_stop_id": "94_28100",
        "name": "Canicos",
        "uic": "9428100",
        "country": "PT",
        "status": "orphan"
      }
    },
    {
      "type": "Feature",
      "geometry": {
        "type": "Point",
        "coordinates": [
          -8.406175889,
          41.35750394
        ]
      },
      "properties": {
        "cp_stop_id": "94_28134",
        "name": "Vila das Aves",
        "uic": "9428134",
        "country": "PT",
        "status": "orphan"
      }
    },
    {
      "type": "Feature",
      "geometry": {
        "type": "Point",
        "coordinates": [
          -8.388888507,
          41.36454086
        ]
      },
      "properties": {
        "cp_stop_id": "94_28159",
        "name": "Giesteira",
        "uic": "9428159",
        "country": "PT",
        "status": "orphan"
      }
    },
    {
      "type": "Feature",
      "geometry": {
        "type": "Point",
        "coordinates": [
          -8.36373302,
          41.36546843
        ]
      },
      "properties": {
        "cp_stop_id": "94_28191",
        "name": "Lordelo",
        "uic": "9428191",
        "country": "PT",
        "status": "orphan"
      }
    },
    {
      "type": "Feature",
      "geometry": {
        "type": "Point",
        "coordinates": [
          -8.341932086,
          41.37649526
        ]
      },
      "properties": {
        "cp_stop_id": "94_28209",
        "name": "Cuca",
        "uic": "9428209",
        "country": "PT",
        "status": "orphan"
      }
    },
    {
      "type": "Feature",
      "geometry": {
        "type": "Point",
        "coordinates": [
          -8.324124874,
          41.37741025
        ]
      },
      "properties": {
        "cp_stop_id": "94_28217",
        "name": "Pereirinhas",
        "uic": "9428217",
        "country": "PT",
        "status": "orphan"
      }
    },
    {
      "type": "Feature",
      "geometry": {
        "type": "Point",
        "coordinates": [
          -8.312386366,
          41.37907503
        ]
      },
      "properties": {
        "cp_stop_id": "94_28233",
        "name": "Vizela",
        "uic": "9428233",
        "country": "PT",
        "status": "orphan"
      }
    },
    {
      "type": "Feature",
      "geometry": {
        "type": "Point",
        "coordinates": [
          -8.319580213,
          41.40319718
        ]
      },
      "properties": {
        "cp_stop_id": "94_28266",
        "name": "Nespereira",
        "uic": "9428266",
        "country": "PT",
        "status": "orphan"
      }
    },
    {
      "type": "Feature",
      "geometry": {
        "type": "Point",
        "coordinates": [
          -8.300891013,
          41.42149185
        ]
      },
      "properties": {
        "cp_stop_id": "94_28290",
        "name": "Covas",
        "uic": "9428290",
        "country": "PT",
        "status": "orphan"
      }
    },
    {
      "type": "Feature",
      "geometry": {
        "type": "Point",
        "coordinates": [
          -8.528726966,
          41.48180278
        ]
      },
      "properties": {
        "cp_stop_id": "94_29033",
        "name": "Couto de Cambeses",
        "uic": "9429033",
        "country": "PT",
        "status": "orphan"
      }
    },
    {
      "type": "Feature",
      "geometry": {
        "type": "Point",
        "coordinates": [
          -8.508283473,
          41.49041347
        ]
      },
      "properties": {
        "cp_stop_id": "94_29066",
        "name": "Arentim",
        "uic": "9429066",
        "country": "PT",
        "status": "orphan"
      }
    },
    {
      "type": "Feature",
      "geometry": {
        "type": "Point",
        "coordinates": [
          -8.496300178,
          41.49762448
        ]
      },
      "properties": {
        "cp_stop_id": "94_29074",
        "name": "Ruilhe",
        "uic": "9429074",
        "country": "PT",
        "status": "orphan"
      }
    },
    {
      "type": "Feature",
      "geometry": {
        "type": "Point",
        "coordinates": [
          -8.483310417,
          41.50892122
        ]
      },
      "properties": {
        "cp_stop_id": "94_29090",
        "name": "Tadim",
        "uic": "9429090",
        "country": "PT",
        "status": "orphan"
      }
    },
    {
      "type": "Feature",
      "geometry": {
        "type": "Point",
        "coordinates": [
          -8.468373548,
          41.52012475
        ]
      },
      "properties": {
        "cp_stop_id": "94_29108",
        "name": "Aveleda",
        "uic": "9429108",
        "country": "PT",
        "status": "orphan"
      }
    },
    {
      "type": "Feature",
      "geometry": {
        "type": "Point",
        "coordinates": [
          -8.458346712,
          41.52691268
        ]
      },
      "properties": {
        "cp_stop_id": "94_29116",
        "name": "Mazagao",
        "uic": "9429116",
        "country": "PT",
        "status": "orphan"
      }
    },
    {
      "type": "Feature",
      "geometry": {
        "type": "Point",
        "coordinates": [
          -8.441498842,
          41.53080402
        ]
      },
      "properties": {
        "cp_stop_id": "94_29132",
        "name": "Ferreiros",
        "uic": "9429132",
        "country": "PT",
        "status": "orphan"
      }
    },
    {
      "type": "Feature",
      "geometry": {
        "type": "Point",
        "coordinates": [
          -9.10296,
          38.746784
        ]
      },
      "properties": {
        "cp_stop_id": "94_31005",
        "name": "Braco de Prata",
        "uic": "9431005",
        "country": "PT",
        "status": "orphan"
      }
    },
    {
      "type": "Feature",
      "geometry": {
        "type": "Point",
        "coordinates": [
          -9.099672625,
          38.77822574
        ]
      },
      "properties": {
        "cp_stop_id": "94_31047",
        "name": "Moscavide",
        "uic": "9431047",
        "country": "PT",
        "status": "orphan"
      }
    },
    {
      "type": "Feature",
      "geometry": {
        "type": "Point",
        "coordinates": [
          -9.09975,
          38.79518
        ]
      },
      "properties": {
        "cp_stop_id": "94_31062",
        "name": "Sacavem",
        "uic": "9431062",
        "country": "PT",
        "status": "orphan"
      }
    },
    {
      "type": "Feature",
      "geometry": {
        "type": "Point",
        "coordinates": [
          -9.094764,
          38.80673
        ]
      },
      "properties": {
        "cp_stop_id": "94_31070",
        "name": "Bobadela",
        "uic": "9431070",
        "country": "PT",
        "status": "orphan"
      }
    },
    {
      "type": "Feature",
      "geometry": {
        "type": "Point",
        "coordinates": [
          -9.080333459,
          38.84092177
        ]
      },
      "properties": {
        "cp_stop_id": "94_31112",
        "name": "Santa Iria",
        "uic": "9431112",
        "country": "PT",
        "status": "orphan"
      }
    },
    {
      "type": "Feature",
      "geometry": {
        "type": "Point",
        "coordinates": [
          -9.063787169,
          38.85956214
        ]
      },
      "properties": {
        "cp_stop_id": "94_31146",
        "name": "Povoa",
        "uic": "9431146",
        "country": "PT",
        "status": "orphan"
      }
    },
    {
      "type": "Feature",
      "geometry": {
        "type": "Point",
        "coordinates": [
          -9.0342,
          38.8898
        ]
      },
      "properties": {
        "cp_stop_id": "94_31187",
        "name": "Alverca",
        "uic": "9431187",
        "country": "PT",
        "status": "orphan"
      }
    },
    {
      "type": "Feature",
      "geometry": {
        "type": "Point",
        "coordinates": [
          -9.011379799,
          38.92403279
        ]
      },
      "properties": {
        "cp_stop_id": "94_31237",
        "name": "Alhandra",
        "uic": "9431237",
        "country": "PT",
        "status": "orphan"
      }
    },
    {
      "type": "Feature",
      "geometry": {
        "type": "Point",
        "coordinates": [
          -8.986308476,
          38.95513471
        ]
      },
      "properties": {
        "cp_stop_id": "94_31278",
        "name": "Vila Franca de Xira",
        "uic": "9431278",
        "country": "PT",
        "status": "orphan"
      }
    },
    {
      "type": "Feature",
      "geometry": {
        "type": "Point",
        "coordinates": [
          -8.966061218,
          38.98791244
        ]
      },
      "properties": {
        "cp_stop_id": "94_31310",
        "name": "Castanheira do Ribatejo",
        "uic": "9431310",
        "country": "PT",
        "status": "orphan"
      }
    },
    {
      "type": "Feature",
      "geometry": {
        "type": "Point",
        "coordinates": [
          -8.953671383,
          39.00543251
        ]
      },
      "properties": {
        "cp_stop_id": "94_31336",
        "name": "Carregado",
        "uic": "9431336",
        "country": "PT",
        "status": "orphan"
      }
    },
    {
      "type": "Feature",
      "geometry": {
        "type": "Point",
        "coordinates": [
          -8.928365792,
          39.03619261
        ]
      },
      "properties": {
        "cp_stop_id": "94_31377",
        "name": "Vila Nova da Rainha",
        "uic": "9431377",
        "country": "PT",
        "status": "orphan"
      }
    },
    {
      "type": "Feature",
      "geometry": {
        "type": "Point",
        "coordinates": [
          -8.903710526,
          39.05022193
        ]
      },
      "properties": {
        "cp_stop_id": "94_31401",
        "name": "Espadanal da Azambuja",
        "uic": "9431401",
        "country": "PT",
        "status": "orphan"
      }
    },
    {
      "type": "Feature",
      "geometry": {
        "type": "Point",
        "coordinates": [
          -8.777962337,
          39.11358947
        ]
      },
      "properties": {
        "cp_stop_id": "94_32003",
        "name": "Setil",
        "uic": "9432003",
        "country": "PT",
        "status": "orphan"
      }
    },
    {
      "type": "Feature",
      "geometry": {
        "type": "Point",
        "coordinates": [
          -8.758941352,
          39.14452093
        ]
      },
      "properties": {
        "cp_stop_id": "94_32045",
        "name": "Santana - Cartaxo",
        "uic": "9432045",
        "country": "PT",
        "status": "orphan"
      }
    },
    {
      "type": "Feature",
      "geometry": {
        "type": "Point",
        "coordinates": [
          -8.723846578,
          39.18842274
        ]
      },
      "properties": {
        "cp_stop_id": "94_32102",
        "name": "Vale de Santarem",
        "uic": "9432102",
        "country": "PT",
        "status": "orphan"
      }
    },
    {
      "type": "Feature",
      "geometry": {
        "type": "Point",
        "coordinates": [
          -8.629955201,
          39.31380926
        ]
      },
      "properties": {
        "cp_stop_id": "94_32284",
        "name": "Vale de Figueira",
        "uic": "9432284",
        "country": "PT",
        "status": "orphan"
      }
    },
    {
      "type": "Feature",
      "geometry": {
        "type": "Point",
        "coordinates": [
          -8.554351425,
          39.36848074
        ]
      },
      "properties": {
        "cp_stop_id": "94_32383",
        "name": "Mato de Miranda",
        "uic": "9432383",
        "country": "PT",
        "status": "orphan"
      }
    },
    {
      "type": "Feature",
      "geometry": {
        "type": "Point",
        "coordinates": [
          -8.50456742,
          39.43219541
        ]
      },
      "properties": {
        "cp_stop_id": "94_32466",
        "name": "Riachos - Torres Novas - Golega",
        "uic": "9432466",
        "country": "PT",
        "status": "orphan"
      }
    },
    {
      "type": "Feature",
      "geometry": {
        "type": "Point",
        "coordinates": [
          -8.828054597,
          39.0865114
        ]
      },
      "properties": {
        "cp_stop_id": "94_33043",
        "name": "Virtudes",
        "uic": "9433043",
        "country": "PT",
        "status": "orphan"
      }
    },
    {
      "type": "Feature",
      "geometry": {
        "type": "Point",
        "coordinates": [
          -8.793845734,
          39.09925348
        ]
      },
      "properties": {
        "cp_stop_id": "94_33084",
        "name": "Reguengo - Vale da Pedra",
        "uic": "9433084",
        "country": "PT",
        "status": "orphan"
      }
    },
    {
      "type": "Feature",
      "geometry": {
        "type": "Point",
        "coordinates": [
          -8.46903,
          39.52886
        ]
      },
      "properties": {
        "cp_stop_id": "94_34090",
        "name": "Lamarosa",
        "uic": "9434090",
        "country": "PT",
        "status": "orphan"
      }
    },
    {
      "type": "Feature",
      "geometry": {
        "type": "Point",
        "coordinates": [
          -8.474051936,
          39.57991163
        ]
      },
      "properties": {
        "cp_stop_id": "94_34157",
        "name": "Paialvo",
        "uic": "9434157",
        "country": "PT",
        "status": "orphan"
      }
    },
    {
      "type": "Feature",
      "geometry": {
        "type": "Point",
        "coordinates": [
          -8.495010444,
          39.61646233
        ]
      },
      "properties": {
        "cp_stop_id": "94_34199",
        "name": "Fungalvaz",
        "uic": "9434199",
        "country": "PT",
        "status": "orphan"
      }
    },
    {
      "type": "Feature",
      "geometry": {
        "type": "Point",
        "coordinates": [
          -8.507968157,
          39.67836708
        ]
      },
      "properties": {
        "cp_stop_id": "94_34264",
        "name": "Seica - Ourem",
        "uic": "9434264",
        "country": "PT",
        "status": "orphan"
      }
    },
    {
      "type": "Feature",
      "geometry": {
        "type": "Point",
        "coordinates": [
          -8.545647448,
          39.71457991
        ]
      },
      "properties": {
        "cp_stop_id": "94_34330",
        "name": "Caxarias",
        "uic": "9434330",
        "country": "PT",
        "status": "orphan"
      }
    },
    {
      "type": "Feature",
      "geometry": {
        "type": "Point",
        "coordinates": [
          -8.589297528,
          39.7936189
        ]
      },
      "properties": {
        "cp_stop_id": "94_34439",
        "name": "Albergaria dos Doze",
        "uic": "9434439",
        "country": "PT",
        "status": "orphan"
      }
    },
    {
      "type": "Feature",
      "geometry": {
        "type": "Point",
        "coordinates": [
          -8.593103078,
          39.83793069
        ]
      },
      "properties": {
        "cp_stop_id": "94_34504",
        "name": "Litem",
        "uic": "9434504",
        "country": "PT",
        "status": "orphan"
      }
    },
    {
      "type": "Feature",
      "geometry": {
        "type": "Point",
        "coordinates": [
          -8.652280874,
          39.85087908
        ]
      },
      "properties": {
        "cp_stop_id": "94_34553",
        "name": "Vermoil",
        "uic": "9434553",
        "country": "PT",
        "status": "orphan"
      }
    },
    {
      "type": "Feature",
      "geometry": {
        "type": "Point",
        "coordinates": [
          -8.633187288,
          39.96755598
        ]
      },
      "properties": {
        "cp_stop_id": "94_34702",
        "name": "Pelariga",
        "uic": "9434702",
        "country": "PT",
        "status": "orphan"
      }
    },
    {
      "type": "Feature",
      "geometry": {
        "type": "Point",
        "coordinates": [
          -8.633531613,
          40.01078049
        ]
      },
      "properties": {
        "cp_stop_id": "94_34744",
        "name": "Simoes",
        "uic": "9434744",
        "country": "PT",
        "status": "orphan"
      }
    },
    {
      "type": "Feature",
      "geometry": {
        "type": "Point",
        "coordinates": [
          -8.63947915,
          40.05498747
        ]
      },
      "properties": {
        "cp_stop_id": "94_34801",
        "name": "Soure",
        "uic": "9434801",
        "country": "PT",
        "status": "orphan"
      }
    },
    {
      "type": "Feature",
      "geometry": {
        "type": "Point",
        "coordinates": [
          -8.637661253,
          40.10720125
        ]
      },
      "properties": {
        "cp_stop_id": "94_34868",
        "name": "Vila Nova de Ancos",
        "uic": "9434868",
        "country": "PT",
        "status": "orphan"
      }
    },
    {
      "type": "Feature",
      "geometry": {
        "type": "Point",
        "coordinates": [
          -8.607094848,
          40.17949655
        ]
      },
      "properties": {
        "cp_stop_id": "94_35030",
        "name": "Formoselha - Santo Varao",
        "uic": "9435030",
        "country": "PT",
        "status": "orphan"
      }
    },
    {
      "type": "Feature",
      "geometry": {
        "type": "Point",
        "coordinates": [
          -8.584938753,
          40.18636587
        ]
      },
      "properties": {
        "cp_stop_id": "94_35055",
        "name": "Pereira",
        "uic": "9435055",
        "country": "PT",
        "status": "orphan"
      }
    },
    {
      "type": "Feature",
      "geometry": {
        "type": "Point",
        "coordinates": [
          -8.544126184,
          40.19236904
        ]
      },
      "properties": {
        "cp_stop_id": "94_35097",
        "name": "Ameal",
        "uic": "9435097",
        "country": "PT",
        "status": "orphan"
      }
    },
    {
      "type": "Feature",
      "geometry": {
        "type": "Point",
        "coordinates": [
          -8.525050116,
          40.19298738
        ]
      },
      "properties": {
        "cp_stop_id": "94_35105",
        "name": "Vila Pouca do Campo",
        "uic": "9435105",
        "country": "PT",
        "status": "orphan"
      }
    },
    {
      "type": "Feature",
      "geometry": {
        "type": "Point",
        "coordinates": [
          -8.500288524,
          40.20590687
        ]
      },
      "properties": {
        "cp_stop_id": "94_35139",
        "name": "Taveiro",
        "uic": "9435139",
        "country": "PT",
        "status": "orphan"
      }
    },
    {
      "type": "Feature",
      "geometry": {
        "type": "Point",
        "coordinates": [
          -8.484188034,
          40.20474742
        ]
      },
      "properties": {
        "cp_stop_id": "94_35147",
        "name": "Casais",
        "uic": "9435147",
        "country": "PT",
        "status": "orphan"
      }
    },
    {
      "type": "Feature",
      "geometry": {
        "type": "Point",
        "coordinates": [
          -8.470927938,
          40.2089818
        ]
      },
      "properties": {
        "cp_stop_id": "94_35162",
        "name": "Espadaneira",
        "uic": "9435162",
        "country": "PT",
        "status": "orphan"
      }
    },
    {
      "type": "Feature",
      "geometry": {
        "type": "Point",
        "coordinates": [
          -8.456273636,
          40.21447885
        ]
      },
      "properties": {
        "cp_stop_id": "94_35170",
        "name": "Bencanta",
        "uic": "9435170",
        "country": "PT",
        "status": "orphan"
      }
    },
    {
      "type": "Feature",
      "geometry": {
        "type": "Point",
        "coordinates": [
          -8.450341883,
          40.25092559
        ]
      },
      "properties": {
        "cp_stop_id": "94_36046",
        "name": "Ademia",
        "uic": "9436046",
        "country": "PT",
        "status": "orphan"
      }
    },
    {
      "type": "Feature",
      "geometry": {
        "type": "Point",
        "coordinates": [
          -8.441353987,
          40.26323265
        ]
      },
      "properties": {
        "cp_stop_id": "94_36053",
        "name": "Vilela - Fornos",
        "uic": "9436053",
        "country": "PT",
        "status": "orphan"
      }
    },
    {
      "type": "Feature",
      "geometry": {
        "type": "Point",
        "coordinates": [
          -8.425728672,
          40.28605204
        ]
      },
      "properties": {
        "cp_stop_id": "94_36087",
        "name": "Souselas",
        "uic": "9436087",
        "country": "PT",
        "status": "orphan"
      }
    },
    {
      "type": "Feature",
      "geometry": {
        "type": "Point",
        "coordinates": [
          -8.456804172,
          40.41540703
        ]
      },
      "properties": {
        "cp_stop_id": "94_37093",
        "name": "Aguim",
        "uic": "9437093",
        "country": "PT",
        "status": "orphan"
      }
    },
    {
      "type": "Feature",
      "geometry": {
        "type": "Point",
        "coordinates": [
          -8.456119379,
          40.42437991
        ]
      },
      "properties": {
        "cp_stop_id": "94_37119",
        "name": "Curia",
        "uic": "9437119",
        "country": "PT",
        "status": "orphan"
      }
    },
    {
      "type": "Feature",
      "geometry": {
        "type": "Point",
        "coordinates": [
          -8.459403937,
          40.45048597
        ]
      },
      "properties": {
        "cp_stop_id": "94_37143",
        "name": "Mogofores",
        "uic": "9437143",
        "country": "PT",
        "status": "orphan"
      }
    },
    {
      "type": "Feature",
      "geometry": {
        "type": "Point",
        "coordinates": [
          -8.480089438,
          40.48114236
        ]
      },
      "properties": {
        "cp_stop_id": "94_37184",
        "name": "Paraimo - Sangalhos",
        "uic": "9437184",
        "country": "PT",
        "status": "orphan"
      }
    },
    {
      "type": "Feature",
      "geometry": {
        "type": "Point",
        "coordinates": [
          -8.498772344,
          40.51021468
        ]
      },
      "properties": {
        "cp_stop_id": "94_37218",
        "name": "Oliveira do Bairro",
        "uic": "9437218",
        "country": "PT",
        "status": "orphan"
      }
    },
    {
      "type": "Feature",
      "geometry": {
        "type": "Point",
        "coordinates": [
          -8.549925071,
          40.54355725
        ]
      },
      "properties": {
        "cp_stop_id": "94_37275",
        "name": "Oia",
        "uic": "9437275",
        "country": "PT",
        "status": "orphan"
      }
    },
    {
      "type": "Feature",
      "geometry": {
        "type": "Point",
        "coordinates": [
          -8.612654011,
          40.59097392
        ]
      },
      "properties": {
        "cp_stop_id": "94_37358",
        "name": "Quintans",
        "uic": "9437358",
        "country": "PT",
        "status": "orphan"
      }
    },
    {
      "type": "Feature",
      "geometry": {
        "type": "Point",
        "coordinates": [
          -8.598206421,
          40.68482058
        ]
      },
      "properties": {
        "cp_stop_id": "94_38075",
        "name": "Cacia",
        "uic": "9438075",
        "country": "PT",
        "status": "orphan"
      }
    },
    {
      "type": "Feature",
      "geometry": {
        "type": "Point",
        "coordinates": [
          -8.564019334,
          40.71643784
        ]
      },
      "properties": {
        "cp_stop_id": "94_38117",
        "name": "Canelas",
        "uic": "9438117",
        "country": "PT",
        "status": "orphan"
      }
    },
    {
      "type": "Feature",
      "geometry": {
        "type": "Point",
        "coordinates": [
          -8.564954648,
          40.72917144
        ]
      },
      "properties": {
        "cp_stop_id": "94_38125",
        "name": "Salreu",
        "uic": "9438125",
        "country": "PT",
        "status": "orphan"
      }
    },
    {
      "type": "Feature",
      "geometry": {
        "type": "Point",
        "coordinates": [
          -8.584801063,
          40.80748136
        ]
      },
      "properties": {
        "cp_stop_id": "94_38216",
        "name": "Avanca",
        "uic": "9438216",
        "country": "PT",
        "status": "orphan"
      }
    },
    {
      "type": "Feature",
      "geometry": {
        "type": "Point",
        "coordinates": [
          -8.601118363,
          40.83360599
        ]
      },
      "properties": {
        "cp_stop_id": "94_38240",
        "name": "Valega",
        "uic": "9438240",
        "country": "PT",
        "status": "orphan"
      }
    },
    {
      "type": "Feature",
      "geometry": {
        "type": "Point",
        "coordinates": [
          -8.626079835,
          40.9245053
        ]
      },
      "properties": {
        "cp_stop_id": "94_38356",
        "name": "Carvalheira - Maceda",
        "uic": "9438356",
        "country": "PT",
        "status": "orphan"
      }
    },
    {
      "type": "Feature",
      "geometry": {
        "type": "Point",
        "coordinates": [
          -8.6302448,
          40.94063989
        ]
      },
      "properties": {
        "cp_stop_id": "94_38372",
        "name": "Cortegaca",
        "uic": "9438372",
        "country": "PT",
        "status": "orphan"
      }
    },
    {
      "type": "Feature",
      "geometry": {
        "type": "Point",
        "coordinates": [
          -8.6355295,
          40.963413
        ]
      },
      "properties": {
        "cp_stop_id": "94_38406",
        "name": "Esmoriz",
        "uic": "9438406",
        "country": "PT",
        "status": "orphan"
      }
    },
    {
      "type": "Feature",
      "geometry": {
        "type": "Point",
        "coordinates": [
          -8.636850937,
          40.97550474
        ]
      },
      "properties": {
        "cp_stop_id": "94_38414",
        "name": "Paramos",
        "uic": "9438414",
        "country": "PT",
        "status": "orphan"
      }
    },
    {
      "type": "Feature",
      "geometry": {
        "type": "Point",
        "coordinates": [
          -8.640755528,
          40.99043203
        ]
      },
      "properties": {
        "cp_stop_id": "94_38422",
        "name": "Silvalde",
        "uic": "9438422",
        "country": "PT",
        "status": "orphan"
      }
    },
    {
      "type": "Feature",
      "geometry": {
        "type": "Point",
        "coordinates": [
          -8.647104639,
          41.03847308
        ]
      },
      "properties": {
        "cp_stop_id": "94_39040",
        "name": "Granja",
        "uic": "9439040",
        "country": "PT",
        "status": "orphan"
      }
    },
    {
      "type": "Feature",
      "geometry": {
        "type": "Point",
        "coordinates": [
          -8.651249343,
          41.05080733
        ]
      },
      "properties": {
        "cp_stop_id": "94_39057",
        "name": "Aguda",
        "uic": "9439057",
        "country": "PT",
        "status": "orphan"
      }
    },
    {
      "type": "Feature",
      "geometry": {
        "type": "Point",
        "coordinates": [
          -8.649449353,
          41.0678228
        ]
      },
      "properties": {
        "cp_stop_id": "94_39073",
        "name": "Miramar",
        "uic": "9439073",
        "country": "PT",
        "status": "orphan"
      }
    },
    {
      "type": "Feature",
      "geometry": {
        "type": "Point",
        "coordinates": [
          -8.647478498,
          41.08156229
        ]
      },
      "properties": {
        "cp_stop_id": "94_39081",
        "name": "Francelos",
        "uic": "9439081",
        "country": "PT",
        "status": "orphan"
      }
    },
    {
      "type": "Feature",
      "geometry": {
        "type": "Point",
        "coordinates": [
          -8.632000015,
          41.09922907
        ]
      },
      "properties": {
        "cp_stop_id": "94_39115",
        "name": "Valadares",
        "uic": "9439115",
        "country": "PT",
        "status": "orphan"
      }
    },
    {
      "type": "Feature",
      "geometry": {
        "type": "Point",
        "coordinates": [
          -8.6377681,
          41.11147678
        ]
      },
      "properties": {
        "cp_stop_id": "94_39123",
        "name": "Madalena",
        "uic": "9439123",
        "country": "PT",
        "status": "orphan"
      }
    },
    {
      "type": "Feature",
      "geometry": {
        "type": "Point",
        "coordinates": [
          -8.633950767,
          41.12440582
        ]
      },
      "properties": {
        "cp_stop_id": "94_39149",
        "name": "Coimbroes",
        "uic": "9439149",
        "country": "PT",
        "status": "orphan"
      }
    },
    {
      "type": "Feature",
      "geometry": {
        "type": "Point",
        "coordinates": [
          -8.608434466,
          41.13323032
        ]
      },
      "properties": {
        "cp_stop_id": "94_39172",
        "name": "General Torres",
        "uic": "9439172",
        "country": "PT",
        "status": "orphan"
      }
    },
    {
      "type": "Feature",
      "geometry": {
        "type": "Point",
        "coordinates": [
          -8.472011978,
          39.54223924
        ]
      },
      "properties": {
        "cp_stop_id": "94_40014",
        "name": "Soudos - Vila Nova",
        "uic": "9440014",
        "country": "PT",
        "status": "orphan"
      }
    },
    {
      "type": "Feature",
      "geometry": {
        "type": "Point",
        "coordinates": [
          -8.462797627,
          39.54865417
        ]
      },
      "properties": {
        "cp_stop_id": "94_40030",
        "name": "Carrascal - Delongo",
        "uic": "9440030",
        "country": "PT",
        "status": "orphan"
      }
    },
    {
      "type": "Feature",
      "geometry": {
        "type": "Point",
        "coordinates": [
          -8.42990784,
          39.54786843
        ]
      },
      "properties": {
        "cp_stop_id": "94_40063",
        "name": "Curvaceiras",
        "uic": "9440063",
        "country": "PT",
        "status": "orphan"
      }
    },
    {
      "type": "Feature",
      "geometry": {
        "type": "Point",
        "coordinates": [
          -8.393115369,
          39.55287799
        ]
      },
      "properties": {
        "cp_stop_id": "94_40105",
        "name": "Santa Cita",
        "uic": "9440105",
        "country": "PT",
        "status": "orphan"
      }
    },
    {
      "type": "Feature",
      "geometry": {
        "type": "Point",
        "coordinates": [
          -8.395274349,
          39.57105424
        ]
      },
      "properties": {
        "cp_stop_id": "94_40113",
        "name": "Carvalhos de Figueiredo",
        "uic": "9440113",
        "country": "PT",
        "status": "orphan"
      }
    },
    {
      "type": "Feature",
      "geometry": {
        "type": "Point",
        "coordinates": [
          -8.618271341,
          40.64152601
        ]
      },
      "properties": {
        "cp_stop_id": "94_42028",
        "name": "Esgueira",
        "uic": "9442028",
        "country": "PT",
        "status": "orphan"
      }
    },
    {
      "type": "Feature",
      "geometry": {
        "type": "Point",
        "coordinates": [
          -8.591835345,
          40.63991296
        ]
      },
      "properties": {
        "cp_stop_id": "94_42051",
        "name": "Azurva",
        "uic": "9442051",
        "country": "PT",
        "status": "orphan"
      }
    },
    {
      "type": "Feature",
      "geometry": {
        "type": "Point",
        "coordinates": [
          -8.568150173,
          40.63102602
        ]
      },
      "properties": {
        "cp_stop_id": "94_42077",
        "name": "Eixo",
        "uic": "9442077",
        "country": "PT",
        "status": "orphan"
      }
    },
    {
      "type": "Feature",
      "geometry": {
        "type": "Point",
        "coordinates": [
          -8.54816931,
          40.62228972
        ]
      },
      "properties": {
        "cp_stop_id": "94_42093",
        "name": "Sao Joao Loure",
        "uic": "9442093",
        "country": "PT",
        "status": "orphan"
      }
    },
    {
      "type": "Feature",
      "geometry": {
        "type": "Point",
        "coordinates": [
          -8.531726446,
          40.60942045
        ]
      },
      "properties": {
        "cp_stop_id": "94_42119",
        "name": "Eirol",
        "uic": "9442119",
        "country": "PT",
        "status": "orphan"
      }
    },
    {
      "type": "Feature",
      "geometry": {
        "type": "Point",
        "coordinates": [
          -8.523792989,
          40.60115199
        ]
      },
      "properties": {
        "cp_stop_id": "94_42127",
        "name": "Taipa - Requeixo",
        "uic": "9442127",
        "country": "PT",
        "status": "orphan"
      }
    },
    {
      "type": "Feature",
      "geometry": {
        "type": "Point",
        "coordinates": [
          -8.514544664,
          40.59424981
        ]
      },
      "properties": {
        "cp_stop_id": "94_42135",
        "name": "Travasso",
        "uic": "9442135",
        "country": "PT",
        "status": "orphan"
      }
    },
    {
      "type": "Feature",
      "geometry": {
        "type": "Point",
        "coordinates": [
          -8.498040693,
          40.58726191
        ]
      },
      "properties": {
        "cp_stop_id": "94_42150",
        "name": "Cabanoes",
        "uic": "9442150",
        "country": "PT",
        "status": "orphan"
      }
    },
    {
      "type": "Feature",
      "geometry": {
        "type": "Point",
        "coordinates": [
          -8.487939766,
          40.57943003
        ]
      },
      "properties": {
        "cp_stop_id": "94_42168",
        "name": "Casal do  Alvaro",
        "uic": "9442168",
        "country": "PT",
        "status": "orphan"
      }
    },
    {
      "type": "Feature",
      "geometry": {
        "type": "Point",
        "coordinates": [
          -8.476763,
          40.572144
        ]
      },
      "properties": {
        "cp_stop_id": "94_42176",
        "name": "Oronhe",
        "uic": "9442176",
        "country": "PT",
        "status": "orphan"
      }
    },
    {
      "type": "Feature",
      "geometry": {
        "type": "Point",
        "coordinates": [
          -8.460026069,
          40.60537408
        ]
      },
      "properties": {
        "cp_stop_id": "94_42259",
        "name": "Mourisca do Vouga",
        "uic": "9442259",
        "country": "PT",
        "status": "orphan"
      }
    },
    {
      "type": "Feature",
      "geometry": {
        "type": "Point",
        "coordinates": [
          -8.453697362,
          40.61329091
        ]
      },
      "properties": {
        "cp_stop_id": "94_42267",
        "name": "Aguieira",
        "uic": "9442267",
        "country": "PT",
        "status": "orphan"
      }
    },
    {
      "type": "Feature",
      "geometry": {
        "type": "Point",
        "coordinates": [
          -8.449935694,
          40.62415951
        ]
      },
      "properties": {
        "cp_stop_id": "94_42291",
        "name": "Valongo - Vouga",
        "uic": "9442291",
        "country": "PT",
        "status": "orphan"
      }
    },
    {
      "type": "Feature",
      "geometry": {
        "type": "Point",
        "coordinates": [
          -8.452870662,
          40.63637296
        ]
      },
      "properties": {
        "cp_stop_id": "94_42309",
        "name": "Carvalhal Portela",
        "uic": "9442309",
        "country": "PT",
        "status": "orphan"
      }
    },
    {
      "type": "Feature",
      "geometry": {
        "type": "Point",
        "coordinates": [
          -8.45826266,
          40.65335028
        ]
      },
      "properties": {
        "cp_stop_id": "94_42325",
        "name": "Macinhata",
        "uic": "9442325",
        "country": "PT",
        "status": "orphan"
      }
    },
    {
      "type": "Feature",
      "geometry": {
        "type": "Point",
        "coordinates": [
          -8.452643138,
          40.67219203
        ]
      },
      "properties": {
        "cp_stop_id": "94_43000",
        "name": "Sernada do Vouga",
        "uic": "9443000",
        "country": "PT",
        "status": "orphan"
      }
    },
    {
      "type": "Feature",
      "geometry": {
        "type": "Point",
        "coordinates": [
          -8.630313993,
          40.98884267
        ]
      },
      "properties": {
        "cp_stop_id": "94_44032",
        "name": "Silvalde - Vouga",
        "uic": "9444032",
        "country": "PT",
        "status": "orphan"
      }
    },
    {
      "type": "Feature",
      "geometry": {
        "type": "Point",
        "coordinates": [
          -8.625757805,
          40.98233179
        ]
      },
      "properties": {
        "cp_stop_id": "94_44040",
        "name": "Monte de Paramos",
        "uic": "9444040",
        "country": "PT",
        "status": "orphan"
      }
    },
    {
      "type": "Feature",
      "geometry": {
        "type": "Point",
        "coordinates": [
          -8.605229964,
          40.98371496
        ]
      },
      "properties": {
        "cp_stop_id": "94_44057",
        "name": "Lapa",
        "uic": "9444057",
        "country": "PT",
        "status": "orphan"
      }
    },
    {
      "type": "Feature",
      "geometry": {
        "type": "Point",
        "coordinates": [
          -8.593334368,
          40.98400656
        ]
      },
      "properties": {
        "cp_stop_id": "94_44073",
        "name": "Sampaio - Oleiros",
        "uic": "9444073",
        "country": "PT",
        "status": "orphan"
      }
    },
    {
      "type": "Feature",
      "geometry": {
        "type": "Point",
        "coordinates": [
          -8.584449362,
          40.97211856
        ]
      },
      "properties": {
        "cp_stop_id": "94_44107",
        "name": "Pacos de Brandao",
        "uic": "9444107",
        "country": "PT",
        "status": "orphan"
      }
    },
    {
      "type": "Feature",
      "geometry": {
        "type": "Point",
        "coordinates": [
          -8.571201237,
          40.96097247
        ]
      },
      "properties": {
        "cp_stop_id": "94_44115",
        "name": "Rio Meao",
        "uic": "9444115",
        "country": "PT",
        "status": "orphan"
      }
    },
    {
      "type": "Feature",
      "geometry": {
        "type": "Point",
        "coordinates": [
          -8.551033227,
          40.95539607
        ]
      },
      "properties": {
        "cp_stop_id": "94_44156",
        "name": "Sao Joao de Ver",
        "uic": "9444156",
        "country": "PT",
        "status": "orphan"
      }
    },
    {
      "type": "Feature",
      "geometry": {
        "type": "Point",
        "coordinates": [
          -8.537434995,
          40.93956519
        ]
      },
      "properties": {
        "cp_stop_id": "94_44172",
        "name": "Cavaco",
        "uic": "9444172",
        "country": "PT",
        "status": "orphan"
      }
    },
    {
      "type": "Feature",
      "geometry": {
        "type": "Point",
        "coordinates": [
          -8.530955954,
          40.92668218
        ]
      },
      "properties": {
        "cp_stop_id": "94_44198",
        "name": "Sanfins",
        "uic": "9444198",
        "country": "PT",
        "status": "orphan"
      }
    },
    {
      "type": "Feature",
      "geometry": {
        "type": "Point",
        "coordinates": [
          -8.535433705,
          40.92431793
        ]
      },
      "properties": {
        "cp_stop_id": "94_44206",
        "name": "Vila da Feira",
        "uic": "9444206",
        "country": "PT",
        "status": "orphan"
      }
    },
    {
      "type": "Feature",
      "geometry": {
        "type": "Point",
        "coordinates": [
          -8.516413771,
          40.91965931
        ]
      },
      "properties": {
        "cp_stop_id": "94_44222",
        "name": "Escapaes",
        "uic": "9444222",
        "country": "PT",
        "status": "orphan"
      }
    },
    {
      "type": "Feature",
      "geometry": {
        "type": "Point",
        "coordinates": [
          -8.501064168,
          40.90938773
        ]
      },
      "properties": {
        "cp_stop_id": "94_44248",
        "name": "Arrifana",
        "uic": "9444248",
        "country": "PT",
        "status": "orphan"
      }
    },
    {
      "type": "Feature",
      "geometry": {
        "type": "Point",
        "coordinates": [
          -8.494963525,
          40.87923185
        ]
      },
      "properties": {
        "cp_stop_id": "94_44271",
        "name": "Faria",
        "uic": "9444271",
        "country": "PT",
        "status": "orphan"
      }
    },
    {
      "type": "Feature",
      "geometry": {
        "type": "Point",
        "coordinates": [
          -8.49416032,
          40.86825288
        ]
      },
      "properties": {
        "cp_stop_id": "94_44297",
        "name": "Couto de Cucujaes",
        "uic": "9444297",
        "country": "PT",
        "status": "orphan"
      }
    },
    {
      "type": "Feature",
      "geometry": {
        "type": "Point",
        "coordinates": [
          -8.489607497,
          40.85130211
        ]
      },
      "properties": {
        "cp_stop_id": "94_44313",
        "name": "Santiago de Riba - Ul",
        "uic": "9444313",
        "country": "PT",
        "status": "orphan"
      }
    },
    {
      "type": "Feature",
      "geometry": {
        "type": "Point",
        "coordinates": [
          -8.41219099,
          40.35671067
        ]
      },
      "properties": {
        "cp_stop_id": "94_46045",
        "name": "Vacarica",
        "uic": "9446045",
        "country": "PT",
        "status": "orphan"
      }
    },
    {
      "type": "Feature",
      "geometry": {
        "type": "Point",
        "coordinates": [
          -8.30191842,
          40.41493807
        ]
      },
      "properties": {
        "cp_stop_id": "94_46185",
        "name": "Soito",
        "uic": "9446185",
        "country": "PT",
        "status": "orphan"
      }
    },
    {
      "type": "Feature",
      "geometry": {
        "type": "Point",
        "coordinates": [
          -8.264540738,
          40.40820563
        ]
      },
      "properties": {
        "cp_stop_id": "94_46219",
        "name": "Monte de Lobos",
        "uic": "9446219",
        "country": "PT",
        "status": "orphan"
      }
    },
    {
      "type": "Feature",
      "geometry": {
        "type": "Point",
        "coordinates": [
          -8.084349587,
          40.40802626
        ]
      },
      "properties": {
        "cp_stop_id": "94_46409",
        "name": "Castelejo",
        "uic": "9446409",
        "country": "PT",
        "status": "orphan"
      }
    },
    {
      "type": "Feature",
      "geometry": {
        "type": "Point",
        "coordinates": [
          -8.04611,
          40.41906
        ]
      },
      "properties": {
        "cp_stop_id": "94_46441",
        "name": "Papizios",
        "uic": "9446441",
        "country": "PT",
        "status": "orphan"
      }
    },
    {
      "type": "Feature",
      "geometry": {
        "type": "Point",
        "coordinates": [
          -8.007593112,
          40.43329651
        ]
      },
      "properties": {
        "cp_stop_id": "94_46482",
        "name": "Carregal do Sal",
        "uic": "9446482",
        "country": "PT",
        "status": "orphan"
      }
    },
    {
      "type": "Feature",
      "geometry": {
        "type": "Point",
        "coordinates": [
          -7.963319418,
          40.45036735
        ]
      },
      "properties": {
        "cp_stop_id": "94_46524",
        "name": "Oliveirinha - Cabanas",
        "uic": "9446524",
        "country": "PT",
        "status": "orphan"
      }
    },
    {
      "type": "Feature",
      "geometry": {
        "type": "Point",
        "coordinates": [
          -7.919701746,
          40.47557926
        ]
      },
      "properties": {
        "cp_stop_id": "94_46581",
        "name": "Lapa do Lobo",
        "uic": "9446581",
        "country": "PT",
        "status": "orphan"
      }
    },
    {
      "type": "Feature",
      "geometry": {
        "type": "Point",
        "coordinates": [
          -7.906625668,
          40.49097639
        ]
      },
      "properties": {
        "cp_stop_id": "94_46599",
        "name": "Canas - Felgueira",
        "uic": "9446599",
        "country": "PT",
        "status": "orphan"
      }
    },
    {
      "type": "Feature",
      "geometry": {
        "type": "Point",
        "coordinates": [
          -7.809556935,
          40.57454401
        ]
      },
      "properties": {
        "cp_stop_id": "94_46763",
        "name": "Moimenta - Alcafache",
        "uic": "9446763",
        "country": "PT",
        "status": "orphan"
      }
    },
    {
      "type": "Feature",
      "geometry": {
        "type": "Point",
        "coordinates": [
          -7.327882644,
          40.67741553
        ]
      },
      "properties": {
        "cp_stop_id": "94_48454",
        "name": "Baracal",
        "uic": "9448454",
        "country": "PT",
        "status": "orphan"
      }
    },
    {
      "type": "Feature",
      "geometry": {
        "type": "Point",
        "coordinates": [
          -7.214483827,
          40.52179139
        ]
      },
      "properties": {
        "cp_stop_id": "94_49049",
        "name": "Gata",
        "uic": "9449049",
        "country": "PT",
        "status": "orphan"
      }
    },
    {
      "type": "Feature",
      "geometry": {
        "type": "Point",
        "coordinates": [
          -7.147979941,
          40.49778584
        ]
      },
      "properties": {
        "cp_stop_id": "94_49114",
        "name": "Vila Fernando",
        "uic": "9449114",
        "country": "PT",
        "status": "orphan"
      }
    },
    {
      "type": "Feature",
      "geometry": {
        "type": "Point",
        "coordinates": [
          -7.09057451,
          40.50705825
        ]
      },
      "properties": {
        "cp_stop_id": "94_49163",
        "name": "Rochoso",
        "uic": "9449163",
        "country": "PT",
        "status": "orphan"
      }
    },
    {
      "type": "Feature",
      "geometry": {
        "type": "Point",
        "coordinates": [
          -7.01326804,
          40.51933639
        ]
      },
      "properties": {
        "cp_stop_id": "94_49239",
        "name": "Miuzela",
        "uic": "9449239",
        "country": "PT",
        "status": "orphan"
      }
    },
    {
      "type": "Feature",
      "geometry": {
        "type": "Point",
        "coordinates": [
          -6.904449569,
          40.5932566
        ]
      },
      "properties": {
        "cp_stop_id": "94_49387",
        "name": "Freineda",
        "uic": "9449387",
        "country": "PT",
        "status": "orphan"
      }
    },
    {
      "type": "Feature",
      "geometry": {
        "type": "Point",
        "coordinates": [
          -6.885326291,
          40.60044656
        ]
      },
      "properties": {
        "cp_stop_id": "94_49411",
        "name": "Aldeia",
        "uic": "9449411",
        "country": "PT",
        "status": "orphan"
      }
    },
    {
      "type": "Feature",
      "geometry": {
        "type": "Point",
        "coordinates": [
          -8.435216876,
          39.46158832
        ]
      },
      "properties": {
        "cp_stop_id": "94_51045",
        "name": "Barquinha",
        "uic": "9451045",
        "country": "PT",
        "status": "orphan"
      }
    },
    {
      "type": "Feature",
      "geometry": {
        "type": "Point",
        "coordinates": [
          -8.395342037,
          39.46124096
        ]
      },
      "properties": {
        "cp_stop_id": "94_51086",
        "name": "Tancos",
        "uic": "9451086",
        "country": "PT",
        "status": "orphan"
      }
    },
    {
      "type": "Feature",
      "geometry": {
        "type": "Point",
        "coordinates": [
          -8.374015632,
          39.46226484
        ]
      },
      "properties": {
        "cp_stop_id": "94_51102",
        "name": "Almourol",
        "uic": "9451102",
        "country": "PT",
        "status": "orphan"
      }
    },
    {
      "type": "Feature",
      "geometry": {
        "type": "Point",
        "coordinates": [
          -8.347634954,
          39.46718193
        ]
      },
      "properties": {
        "cp_stop_id": "94_51128",
        "name": "Praia do Ribatejo",
        "uic": "9451128",
        "country": "PT",
        "status": "orphan"
      }
    },
    {
      "type": "Feature",
      "geometry": {
        "type": "Point",
        "coordinates": [
          -8.296518118,
          39.44765983
        ]
      },
      "properties": {
        "cp_stop_id": "94_51185",
        "name": "Santa Margarida",
        "uic": "9451185",
        "country": "PT",
        "status": "orphan"
      }
    },
    {
      "type": "Feature",
      "geometry": {
        "type": "Point",
        "coordinates": [
          -8.248029001,
          39.46042245
        ]
      },
      "properties": {
        "cp_stop_id": "94_51243",
        "name": "Tramagal",
        "uic": "9451243",
        "country": "PT",
        "status": "orphan"
      }
    },
    {
      "type": "Feature",
      "geometry": {
        "type": "Point",
        "coordinates": [
          -8.186865353,
          39.47369892
        ]
      },
      "properties": {
        "cp_stop_id": "94_52068",
        "name": "Alferrarede",
        "uic": "9452068",
        "country": "PT",
        "status": "orphan"
      }
    },
    {
      "type": "Feature",
      "geometry": {
        "type": "Point",
        "coordinates": [
          -8.085016436,
          39.4678272
        ]
      },
      "properties": {
        "cp_stop_id": "94_52167",
        "name": "Mouriscas - A",
        "uic": "9452167",
        "country": "PT",
        "status": "orphan"
      }
    },
    {
      "type": "Feature",
      "geometry": {
        "type": "Point",
        "coordinates": [
          -8.044685803,
          39.47233585
        ]
      },
      "properties": {
        "cp_stop_id": "94_52209",
        "name": "Alvega - Ortiga",
        "uic": "9452209",
        "country": "PT",
        "status": "orphan"
      }
    },
    {
      "type": "Feature",
      "geometry": {
        "type": "Point",
        "coordinates": [
          -8.001238005,
          39.48197647
        ]
      },
      "properties": {
        "cp_stop_id": "94_52241",
        "name": "Barragem de Belver",
        "uic": "9452241",
        "country": "PT",
        "status": "orphan"
      }
    },
    {
      "type": "Feature",
      "geometry": {
        "type": "Point",
        "coordinates": [
          -7.958705847,
          39.49198141
        ]
      },
      "properties": {
        "cp_stop_id": "94_52282",
        "name": "Belver",
        "uic": "9452282",
        "country": "PT",
        "status": "orphan"
      }
    },
    {
      "type": "Feature",
      "geometry": {
        "type": "Point",
        "coordinates": [
          -7.835013933,
          39.5259749
        ]
      },
      "properties": {
        "cp_stop_id": "94_52415",
        "name": "Barca da Amieira - Envendos",
        "uic": "9452415",
        "country": "PT",
        "status": "orphan"
      }
    },
    {
      "type": "Feature",
      "geometry": {
        "type": "Point",
        "coordinates": [
          -7.71573632,
          39.61401405
        ]
      },
      "properties": {
        "cp_stop_id": "94_52571",
        "name": "Fratel",
        "uic": "9452571",
        "country": "PT",
        "status": "orphan"
      }
    },
    {
      "type": "Feature",
      "geometry": {
        "type": "Point",
        "coordinates": [
          -7.672794613,
          39.65518715
        ]
      },
      "properties": {
        "cp_stop_id": "94_52647",
        "name": "Vila Velha de Rodao",
        "uic": "9452647",
        "country": "PT",
        "status": "orphan"
      }
    },
    {
      "type": "Feature",
      "geometry": {
        "type": "Point",
        "coordinates": [
          -7.681784545,
          39.71676094
        ]
      },
      "properties": {
        "cp_stop_id": "94_52738",
        "name": "Tojeirinha",
        "uic": "9452738",
        "country": "PT",
        "status": "orphan"
      }
    },
    {
      "type": "Feature",
      "geometry": {
        "type": "Point",
        "coordinates": [
          -7.62375233,
          39.75638119
        ]
      },
      "properties": {
        "cp_stop_id": "94_52803",
        "name": "Sarnadas",
        "uic": "9452803",
        "country": "PT",
        "status": "orphan"
      }
    },
    {
      "type": "Feature",
      "geometry": {
        "type": "Point",
        "coordinates": [
          -7.59124592,
          39.7696633
        ]
      },
      "properties": {
        "cp_stop_id": "94_52845",
        "name": "Retaxo",
        "uic": "9452845",
        "country": "PT",
        "status": "orphan"
      }
    },
    {
      "type": "Feature",
      "geometry": {
        "type": "Point",
        "coordinates": [
          -7.562216282,
          39.78821962
        ]
      },
      "properties": {
        "cp_stop_id": "94_52878",
        "name": "Benquerencas",
        "uic": "9452878",
        "country": "PT",
        "status": "orphan"
      }
    },
    {
      "type": "Feature",
      "geometry": {
        "type": "Point",
        "coordinates": [
          -7.436148778,
          39.91996649
        ]
      },
      "properties": {
        "cp_stop_id": "94_53140",
        "name": "Alcains",
        "uic": "9453140",
        "country": "PT",
        "status": "orphan"
      }
    },
    {
      "type": "Feature",
      "geometry": {
        "type": "Point",
        "coordinates": [
          -7.44091602,
          39.98865827
        ]
      },
      "properties": {
        "cp_stop_id": "94_53215",
        "name": "Lardosa",
        "uic": "9453215",
        "country": "PT",
        "status": "orphan"
      }
    },
    {
      "type": "Feature",
      "geometry": {
        "type": "Point",
        "coordinates": [
          -7.455327712,
          40.02688727
        ]
      },
      "properties": {
        "cp_stop_id": "94_53264",
        "name": "Soalheira",
        "uic": "9453264",
        "country": "PT",
        "status": "orphan"
      }
    },
    {
      "type": "Feature",
      "geometry": {
        "type": "Point",
        "coordinates": [
          -7.460744275,
          40.06440903
        ]
      },
      "properties": {
        "cp_stop_id": "94_53314",
        "name": "Castelo Novo",
        "uic": "9453314",
        "country": "PT",
        "status": "orphan"
      }
    },
    {
      "type": "Feature",
      "geometry": {
        "type": "Point",
        "coordinates": [
          -7.461950864,
          40.09515928
        ]
      },
      "properties": {
        "cp_stop_id": "94_53355",
        "name": "Alpedrinha",
        "uic": "9453355",
        "country": "PT",
        "status": "orphan"
      }
    },
    {
      "type": "Feature",
      "geometry": {
        "type": "Point",
        "coordinates": [
          -7.424148617,
          40.11474119
        ]
      },
      "properties": {
        "cp_stop_id": "94_53397",
        "name": "Vale de Prazeres",
        "uic": "9453397",
        "country": "PT",
        "status": "orphan"
      }
    },
    {
      "type": "Feature",
      "geometry": {
        "type": "Point",
        "coordinates": [
          -7.410385433,
          40.14924761
        ]
      },
      "properties": {
        "cp_stop_id": "94_53462",
        "name": "Fatela - Penamacor",
        "uic": "9453462",
        "country": "PT",
        "status": "orphan"
      }
    },
    {
      "type": "Feature",
      "geometry": {
        "type": "Point",
        "coordinates": [
          -7.448787673,
          40.13389703
        ]
      },
      "properties": {
        "cp_stop_id": "94_53504",
        "name": "Alcaide",
        "uic": "9453504",
        "country": "PT",
        "status": "orphan"
      }
    },
    {
      "type": "Feature",
      "geometry": {
        "type": "Point",
        "coordinates": [
          -7.473607268,
          40.13262017
        ]
      },
      "properties": {
        "cp_stop_id": "94_53520",
        "name": "Donas",
        "uic": "9453520",
        "country": "PT",
        "status": "orphan"
      }
    },
    {
      "type": "Feature",
      "geometry": {
        "type": "Point",
        "coordinates": [
          -7.517460655,
          40.2004866
        ]
      },
      "properties": {
        "cp_stop_id": "94_53629",
        "name": "Alcaria",
        "uic": "9453629",
        "country": "PT",
        "status": "orphan"
      }
    },
    {
      "type": "Feature",
      "geometry": {
        "type": "Point",
        "coordinates": [
          -7.512338617,
          40.23906464
        ]
      },
      "properties": {
        "cp_stop_id": "94_53678",
        "name": "Tortosendo",
        "uic": "9453678",
        "country": "PT",
        "status": "orphan"
      }
    },
    {
      "type": "Feature",
      "geometry": {
        "type": "Point",
        "coordinates": [
          -7.370709107,
          40.306031
        ]
      },
      "properties": {
        "cp_stop_id": "94_54148",
        "name": "Caria",
        "uic": "9454148",
        "country": "PT",
        "status": "orphan"
      }
    },
    {
      "type": "Feature",
      "geometry": {
        "type": "Point",
        "coordinates": [
          -7.3362705,
          40.33330266
        ]
      },
      "properties": {
        "cp_stop_id": "94_54197",
        "name": "Belmonte - Manteigas",
        "uic": "9454197",
        "country": "PT",
        "status": "orphan"
      }
    },
    {
      "type": "Feature",
      "geometry": {
        "type": "Point",
        "coordinates": [
          -7.287301395,
          40.38875756
        ]
      },
      "properties": {
        "cp_stop_id": "94_54262",
        "name": "Macainhas",
        "uic": "9454262",
        "country": "PT",
        "status": "orphan"
      }
    },
    {
      "type": "Feature",
      "geometry": {
        "type": "Point",
        "coordinates": [
          -7.268354684,
          40.43489707
        ]
      },
      "properties": {
        "cp_stop_id": "94_54338",
        "name": "Benespera",
        "uic": "9454338",
        "country": "PT",
        "status": "orphan"
      }
    },
    {
      "type": "Feature",
      "geometry": {
        "type": "Point",
        "coordinates": [
          -8.135656739,
          39.35245074
        ]
      },
      "properties": {
        "cp_stop_id": "94_55129",
        "name": "Bemposta",
        "uic": "9455129",
        "country": "PT",
        "status": "orphan"
      }
    },
    {
      "type": "Feature",
      "geometry": {
        "type": "Point",
        "coordinates": [
          -8.012993629,
          39.26548591
        ]
      },
      "properties": {
        "cp_stop_id": "94_55293",
        "name": "Ponte de Sor",
        "uic": "9455293",
        "country": "PT",
        "status": "orphan"
      }
    },
    {
      "type": "Feature",
      "geometry": {
        "type": "Point",
        "coordinates": [
          -7.90846206,
          39.30964666
        ]
      },
      "properties": {
        "cp_stop_id": "94_56002",
        "name": "Torre das Vargens",
        "uic": "9456002",
        "country": "PT",
        "status": "orphan"
      }
    },
    {
      "type": "Feature",
      "geometry": {
        "type": "Point",
        "coordinates": [
          -7.807889111,
          39.27575582
        ]
      },
      "properties": {
        "cp_stop_id": "94_56101",
        "name": "Chanca",
        "uic": "9456101",
        "country": "PT",
        "status": "orphan"
      }
    },
    {
      "type": "Feature",
      "geometry": {
        "type": "Point",
        "coordinates": [
          -7.635270457,
          39.26947148
        ]
      },
      "properties": {
        "cp_stop_id": "94_56267",
        "name": "Crato",
        "uic": "9456267",
        "country": "PT",
        "status": "orphan"
      }
    },
    {
      "type": "Feature",
      "geometry": {
        "type": "Point",
        "coordinates": [
          -7.38226689,
          39.13891631
        ]
      },
      "properties": {
        "cp_stop_id": "94_57117",
        "name": "Assumar",
        "uic": "9457117",
        "country": "PT",
        "status": "orphan"
      }
    },
    {
      "type": "Feature",
      "geometry": {
        "type": "Point",
        "coordinates": [
          -7.333359385,
          39.09681633
        ]
      },
      "properties": {
        "cp_stop_id": "94_57174",
        "name": "Arronches",
        "uic": "9457174",
        "country": "PT",
        "status": "orphan"
      }
    },
    {
      "type": "Feature",
      "geometry": {
        "type": "Point",
        "coordinates": [
          -7.253407852,
          39.00604235
        ]
      },
      "properties": {
        "cp_stop_id": "94_57315",
        "name": "Santa Eulalia-A",
        "uic": "9457315",
        "country": "PT",
        "status": "orphan"
      }
    },
    {
      "type": "Feature",
      "geometry": {
        "type": "Point",
        "coordinates": [
          -9.1414607,
          38.714233
        ]
      },
      "properties": {
        "cp_stop_id": "94_59006",
        "name": "Lisboa Rossio",
        "uic": "9459006",
        "country": "PT",
        "status": "orphan"
      }
    },
    {
      "type": "Feature",
      "geometry": {
        "type": "Point",
        "coordinates": [
          -9.16805555555555,
          38.7322222
        ]
      },
      "properties": {
        "cp_stop_id": "94_60004",
        "name": "Campolide",
        "uic": "9460004",
        "country": "PT",
        "status": "orphan"
      }
    },
    {
      "type": "Feature",
      "geometry": {
        "type": "Point",
        "coordinates": [
          -9.213167824,
          38.74692993
        ]
      },
      "properties": {
        "cp_stop_id": "94_60038",
        "name": "Santa Cruz - Damaia",
        "uic": "9460038",
        "country": "PT",
        "status": "orphan"
      }
    },
    {
      "type": "Feature",
      "geometry": {
        "type": "Point",
        "coordinates": [
          -9.199965686,
          38.74431245
        ]
      },
      "properties": {
        "cp_stop_id": "94_60046",
        "name": "Benfica",
        "uic": "9460046",
        "country": "PT",
        "status": "orphan"
      }
    },
    {
      "type": "Feature",
      "geometry": {
        "type": "Point",
        "coordinates": [
          -9.236027949,
          38.7598334
        ]
      },
      "properties": {
        "cp_stop_id": "94_60087",
        "name": "Amadora",
        "uic": "9460087",
        "country": "PT",
        "status": "orphan"
      }
    },
    {
      "type": "Feature",
      "geometry": {
        "type": "Point",
        "coordinates": [
          -9.222599576,
          38.75085337
        ]
      },
      "properties": {
        "cp_stop_id": "94_60095",
        "name": "Reboleira",
        "uic": "9460095",
        "country": "PT",
        "status": "orphan"
      }
    },
    {
      "type": "Feature",
      "geometry": {
        "type": "Point",
        "coordinates": [
          -9.25702671,
          38.75881533
        ]
      },
      "properties": {
        "cp_stop_id": "94_60103",
        "name": "Queluz - Belas",
        "uic": "9460103",
        "country": "PT",
        "status": "orphan"
      }
    },
    {
      "type": "Feature",
      "geometry": {
        "type": "Point",
        "coordinates": [
          -9.265351205,
          38.75542564
        ]
      },
      "properties": {
        "cp_stop_id": "94_60111",
        "name": "Monte Abraao",
        "uic": "9460111",
        "country": "PT",
        "status": "orphan"
      }
    },
    {
      "type": "Feature",
      "geometry": {
        "type": "Point",
        "coordinates": [
          -9.283588336,
          38.75150586
        ]
      },
      "properties": {
        "cp_stop_id": "94_60137",
        "name": "Massama - Barcarena",
        "uic": "9460137",
        "country": "PT",
        "status": "orphan"
      }
    },
    {
      "type": "Feature",
      "geometry": {
        "type": "Point",
        "coordinates": [
          -9.321619,
          38.78449
        ]
      },
      "properties": {
        "cp_stop_id": "94_61044",
        "name": "Rio de Mouro",
        "uic": "9461044",
        "country": "PT",
        "status": "orphan"
      }
    },
    {
      "type": "Feature",
      "geometry": {
        "type": "Point",
        "coordinates": [
          -9.330818,
          38.793293
        ]
      },
      "properties": {
        "cp_stop_id": "94_61051",
        "name": "Merces",
        "uic": "9461051",
        "country": "PT",
        "status": "orphan"
      }
    },
    {
      "type": "Feature",
      "geometry": {
        "type": "Point",
        "coordinates": [
          -9.340984821,
          38.79771236
        ]
      },
      "properties": {
        "cp_stop_id": "94_61069",
        "name": "Algueirao - Mem Martins",
        "uic": "9461069",
        "country": "PT",
        "status": "orphan"
      }
    },
    {
      "type": "Feature",
      "geometry": {
        "type": "Point",
        "coordinates": [
          -9.376723955,
          38.80223677
        ]
      },
      "properties": {
        "cp_stop_id": "94_61093",
        "name": "Portela de Sintra",
        "uic": "9461093",
        "country": "PT",
        "status": "orphan"
      }
    },
    {
      "type": "Feature",
      "geometry": {
        "type": "Point",
        "coordinates": [
          -9.312738341,
          38.789851
        ]
      },
      "properties": {
        "cp_stop_id": "94_62042",
        "name": "Mira Sintra - Melecas",
        "uic": "9462042",
        "country": "PT",
        "status": "orphan"
      }
    },
    {
      "type": "Feature",
      "geometry": {
        "type": "Point",
        "coordinates": [
          -9.300027491,
          38.83054718
        ]
      },
      "properties": {
        "cp_stop_id": "94_62091",
        "name": "Sabugo",
        "uic": "9462091",
        "country": "PT",
        "status": "orphan"
      }
    },
    {
      "type": "Feature",
      "geometry": {
        "type": "Point",
        "coordinates": [
          -9.295518805,
          38.87010524
        ]
      },
      "properties": {
        "cp_stop_id": "94_62133",
        "name": "Pedra Furada",
        "uic": "9462133",
        "country": "PT",
        "status": "orphan"
      }
    },
    {
      "type": "Feature",
      "geometry": {
        "type": "Point",
        "coordinates": [
          -9.291378732,
          38.89745692
        ]
      },
      "properties": {
        "cp_stop_id": "94_62166",
        "name": "Mafra",
        "uic": "9462166",
        "country": "PT",
        "status": "orphan"
      }
    },
    {
      "type": "Feature",
      "geometry": {
        "type": "Point",
        "coordinates": [
          -9.257368035,
          38.92877249
        ]
      },
      "properties": {
        "cp_stop_id": "94_62224",
        "name": "Malveira",
        "uic": "9462224",
        "country": "PT",
        "status": "orphan"
      }
    },
    {
      "type": "Feature",
      "geometry": {
        "type": "Point",
        "coordinates": [
          -9.234260062,
          38.94964329
        ]
      },
      "properties": {
        "cp_stop_id": "94_62257",
        "name": "Jerumelo",
        "uic": "9462257",
        "country": "PT",
        "status": "orphan"
      }
    },
    {
      "type": "Feature",
      "geometry": {
        "type": "Point",
        "coordinates": [
          -9.1993513,
          38.96879995
        ]
      },
      "properties": {
        "cp_stop_id": "94_62299",
        "name": "Sapataria",
        "uic": "9462299",
        "country": "PT",
        "status": "orphan"
      }
    },
    {
      "type": "Feature",
      "geometry": {
        "type": "Point",
        "coordinates": [
          -9.197387112,
          38.98883873
        ]
      },
      "properties": {
        "cp_stop_id": "94_62315",
        "name": "Pero Negro",
        "uic": "9462315",
        "country": "PT",
        "status": "orphan"
      }
    },
    {
      "type": "Feature",
      "geometry": {
        "type": "Point",
        "coordinates": [
          -9.183469374,
          39.00602387
        ]
      },
      "properties": {
        "cp_stop_id": "94_62331",
        "name": "Zibreira",
        "uic": "9462331",
        "country": "PT",
        "status": "orphan"
      }
    },
    {
      "type": "Feature",
      "geometry": {
        "type": "Point",
        "coordinates": [
          -9.179351752,
          39.02241835
        ]
      },
      "properties": {
        "cp_stop_id": "94_62364",
        "name": "Feliteira",
        "uic": "9462364",
        "country": "PT",
        "status": "orphan"
      }
    },
    {
      "type": "Feature",
      "geometry": {
        "type": "Point",
        "coordinates": [
          -9.184656316,
          39.04257009
        ]
      },
      "properties": {
        "cp_stop_id": "94_62380",
        "name": "Dois Portos",
        "uic": "9462380",
        "country": "PT",
        "status": "orphan"
      }
    },
    {
      "type": "Feature",
      "geometry": {
        "type": "Point",
        "coordinates": [
          -9.20983775,
          39.07297322
        ]
      },
      "properties": {
        "cp_stop_id": "94_62422",
        "name": "Runa",
        "uic": "9462422",
        "country": "PT",
        "status": "orphan"
      }
    },
    {
      "type": "Feature",
      "geometry": {
        "type": "Point",
        "coordinates": [
          -9.215997803,
          39.139534
        ]
      },
      "properties": {
        "cp_stop_id": "94_62547",
        "name": "Ramalhal",
        "uic": "9462547",
        "country": "PT",
        "status": "orphan"
      }
    },
    {
      "type": "Feature",
      "geometry": {
        "type": "Point",
        "coordinates": [
          -9.17717407,
          39.19127342
        ]
      },
      "properties": {
        "cp_stop_id": "94_62612",
        "name": "Outeiro",
        "uic": "9462612",
        "country": "PT",
        "status": "orphan"
      }
    },
    {
      "type": "Feature",
      "geometry": {
        "type": "Point",
        "coordinates": [
          -9.159071054,
          39.36489503
        ]
      },
      "properties": {
        "cp_stop_id": "94_62836",
        "name": "Obidos",
        "uic": "9462836",
        "country": "PT",
        "status": "orphan"
      }
    },
    {
      "type": "Feature",
      "geometry": {
        "type": "Point",
        "coordinates": [
          -9.147220508,
          39.49238552
        ]
      },
      "properties": {
        "cp_stop_id": "94_63107",
        "name": "Salir do Porto",
        "uic": "9463107",
        "country": "PT",
        "status": "orphan"
      }
    },
    {
      "type": "Feature",
      "geometry": {
        "type": "Point",
        "coordinates": [
          -9.133196417,
          39.50816682
        ]
      },
      "properties": {
        "cp_stop_id": "94_63131",
        "name": "Sao Martinho do Porto",
        "uic": "9463131",
        "country": "PT",
        "status": "orphan"
      }
    },
    {
      "type": "Feature",
      "geometry": {
        "type": "Point",
        "coordinates": [
          -9.085716739,
          39.5316061
        ]
      },
      "properties": {
        "cp_stop_id": "94_63180",
        "name": "Famalicao da Nazare",
        "uic": "9463180",
        "country": "PT",
        "status": "orphan"
      }
    },
    {
      "type": "Feature",
      "geometry": {
        "type": "Point",
        "coordinates": [
          -9.017672852,
          39.58451071
        ]
      },
      "properties": {
        "cp_stop_id": "94_63263",
        "name": "Valado - Nazare - Alcobaca",
        "uic": "9463263",
        "country": "PT",
        "status": "orphan"
      }
    },
    {
      "type": "Feature",
      "geometry": {
        "type": "Point",
        "coordinates": [
          -8.984892522,
          39.65551486
        ]
      },
      "properties": {
        "cp_stop_id": "94_63354",
        "name": "Pataias",
        "uic": "9463354",
        "country": "PT",
        "status": "orphan"
      }
    },
    {
      "type": "Feature",
      "geometry": {
        "type": "Point",
        "coordinates": [
          -8.945813689,
          39.68724928
        ]
      },
      "properties": {
        "cp_stop_id": "94_63404",
        "name": "Martinganca - Maceira",
        "uic": "9463404",
        "country": "PT",
        "status": "orphan"
      }
    },
    {
      "type": "Feature",
      "geometry": {
        "type": "Point",
        "coordinates": [
          -8.92619275,
          39.73680363
        ]
      },
      "properties": {
        "cp_stop_id": "94_63461",
        "name": "Marinha Grande",
        "uic": "9463461",
        "country": "PT",
        "status": "orphan"
      }
    },
    {
      "type": "Feature",
      "geometry": {
        "type": "Point",
        "coordinates": [
          -8.847683942,
          39.85599444
        ]
      },
      "properties": {
        "cp_stop_id": "94_63685",
        "name": "Monte Real",
        "uic": "9463685",
        "country": "PT",
        "status": "orphan"
      }
    },
    {
      "type": "Feature",
      "geometry": {
        "type": "Point",
        "coordinates": [
          -8.834367878,
          39.90033157
        ]
      },
      "properties": {
        "cp_stop_id": "94_63735",
        "name": "Monte Redondo",
        "uic": "9463735",
        "country": "PT",
        "status": "orphan"
      }
    },
    {
      "type": "Feature",
      "geometry": {
        "type": "Point",
        "coordinates": [
          -8.801752655,
          39.94816285
        ]
      },
      "properties": {
        "cp_stop_id": "94_63800",
        "name": "Guia",
        "uic": "9463800",
        "country": "PT",
        "status": "orphan"
      }
    },
    {
      "type": "Feature",
      "geometry": {
        "type": "Point",
        "coordinates": [
          -8.815408661,
          40.01625418
        ]
      },
      "properties": {
        "cp_stop_id": "94_63875",
        "name": "Lourical",
        "uic": "9463875",
        "country": "PT",
        "status": "orphan"
      }
    },
    {
      "type": "Feature",
      "geometry": {
        "type": "Point",
        "coordinates": [
          -8.764726521,
          40.12237677
        ]
      },
      "properties": {
        "cp_stop_id": "94_64022",
        "name": "Bifurcacao de Lares",
        "uic": "9464022",
        "country": "PT",
        "status": "orphan"
      }
    },
    {
      "type": "Feature",
      "geometry": {
        "type": "Point",
        "coordinates": [
          -8.78744267,
          40.12947088
        ]
      },
      "properties": {
        "cp_stop_id": "94_64055",
        "name": "Lares",
        "uic": "9464055",
        "country": "PT",
        "status": "orphan"
      }
    },
    {
      "type": "Feature",
      "geometry": {
        "type": "Point",
        "coordinates": [
          -8.813779497,
          40.14188393
        ]
      },
      "properties": {
        "cp_stop_id": "94_64089",
        "name": "Fontela",
        "uic": "9464089",
        "country": "PT",
        "status": "orphan"
      }
    },
    {
      "type": "Feature",
      "geometry": {
        "type": "Point",
        "coordinates": [
          -8.82484836,
          40.14636899
        ]
      },
      "properties": {
        "cp_stop_id": "94_64097",
        "name": "Fontela-A",
        "uic": "9464097",
        "country": "PT",
        "status": "orphan"
      }
    },
    {
      "type": "Feature",
      "geometry": {
        "type": "Point",
        "coordinates": [
          -8.654060633,
          40.16015198
        ]
      },
      "properties": {
        "cp_stop_id": "94_65029",
        "name": "Montemor",
        "uic": "9465029",
        "country": "PT",
        "status": "orphan"
      }
    },
    {
      "type": "Feature",
      "geometry": {
        "type": "Point",
        "coordinates": [
          -8.676272148,
          40.14035595
        ]
      },
      "properties": {
        "cp_stop_id": "94_65052",
        "name": "Marujal",
        "uic": "9465052",
        "country": "PT",
        "status": "orphan"
      }
    },
    {
      "type": "Feature",
      "geometry": {
        "type": "Point",
        "coordinates": [
          -8.703114071,
          40.13958737
        ]
      },
      "properties": {
        "cp_stop_id": "94_65086",
        "name": "Verride",
        "uic": "9465086",
        "country": "PT",
        "status": "orphan"
      }
    },
    {
      "type": "Feature",
      "geometry": {
        "type": "Point",
        "coordinates": [
          -8.74540784,
          40.1307696
        ]
      },
      "properties": {
        "cp_stop_id": "94_65128",
        "name": "Reveles",
        "uic": "9465128",
        "country": "PT",
        "status": "orphan"
      }
    },
    {
      "type": "Feature",
      "geometry": {
        "type": "Point",
        "coordinates": [
          -9.108394719,
          38.73924235
        ]
      },
      "properties": {
        "cp_stop_id": "94_66019",
        "name": "Marvila",
        "uic": "9466019",
        "country": "PT",
        "status": "orphan"
      }
    },
    {
      "type": "Feature",
      "geometry": {
        "type": "Point",
        "coordinates": [
          -9.134830778,
          38.74572442
        ]
      },
      "properties": {
        "cp_stop_id": "94_66035",
        "name": "Roma - Areeiro",
        "uic": "9466035",
        "country": "PT",
        "status": "orphan"
      }
    },
    {
      "type": "Feature",
      "geometry": {
        "type": "Point",
        "coordinates": [
          -9.148575,
          38.74468
        ]
      },
      "properties": {
        "cp_stop_id": "94_66050",
        "name": "Entrecampos",
        "uic": "9466050",
        "country": "PT",
        "status": "orphan"
      }
    },
    {
      "type": "Feature",
      "geometry": {
        "type": "Point",
        "coordinates": [
          -9.166950111,
          38.74005101
        ]
      },
      "properties": {
        "cp_stop_id": "94_66076",
        "name": "Sete Rios",
        "uic": "9466076",
        "country": "PT",
        "status": "orphan"
      }
    },
    {
      "type": "Feature",
      "geometry": {
        "type": "Point",
        "coordinates": [
          -9.17323799,
          38.70743461
        ]
      },
      "properties": {
        "cp_stop_id": "94_67025",
        "name": "Alcantara - Terra",
        "uic": "9467025",
        "country": "PT",
        "status": "orphan"
      }
    },
    {
      "type": "Feature",
      "geometry": {
        "type": "Point",
        "coordinates": [
          -8.912074,
          38.63018
        ]
      },
      "properties": {
        "cp_stop_id": "94_68007",
        "name": "Pinhal Novo",
        "uic": "9468007",
        "country": "PT",
        "status": "orphan"
      }
    },
    {
      "type": "Feature",
      "geometry": {
        "type": "Point",
        "coordinates": [
          -8.888240288,
          38.60572832
        ]
      },
      "properties": {
        "cp_stop_id": "94_68049",
        "name": "Venda do Alcaide",
        "uic": "9468049",
        "country": "PT",
        "status": "orphan"
      }
    },
    {
      "type": "Feature",
      "geometry": {
        "type": "Point",
        "coordinates": [
          -8.872821568,
          38.5718791
        ]
      },
      "properties": {
        "cp_stop_id": "94_68080",
        "name": "Palmela",
        "uic": "9468080",
        "country": "PT",
        "status": "orphan"
      }
    },
    {
      "type": "Feature",
      "geometry": {
        "type": "Point",
        "coordinates": [
          -8.88647322,
          38.52493444
        ]
      },
      "properties": {
        "cp_stop_id": "94_68130",
        "name": "Praca do Quebedo",
        "uic": "9468130",
        "country": "PT",
        "status": "orphan"
      }
    },
    {
      "type": "Feature",
      "geometry": {
        "type": "Point",
        "coordinates": [
          -9.145373786,
          38.70614229
        ]
      },
      "properties": {
        "cp_stop_id": "94_69005",
        "name": "Cais do Sodre",
        "uic": "9469005",
        "country": "PT",
        "status": "orphan"
      }
    },
    {
      "type": "Feature",
      "geometry": {
        "type": "Point",
        "coordinates": [
          -9.155312247,
          38.70615507
        ]
      },
      "properties": {
        "cp_stop_id": "94_69013",
        "name": "Santos",
        "uic": "9469013",
        "country": "PT",
        "status": "orphan"
      }
    },
    {
      "type": "Feature",
      "geometry": {
        "type": "Point",
        "coordinates": [
          -9.17402131,
          38.70235141
        ]
      },
      "properties": {
        "cp_stop_id": "94_69039",
        "name": "Alcantara -  Mar",
        "uic": "9469039",
        "country": "PT",
        "status": "orphan"
      }
    },
    {
      "type": "Feature",
      "geometry": {
        "type": "Point",
        "coordinates": [
          -9.197622584,
          38.69616782
        ]
      },
      "properties": {
        "cp_stop_id": "94_69054",
        "name": "Belem",
        "uic": "9469054",
        "country": "PT",
        "status": "orphan"
      }
    },
    {
      "type": "Feature",
      "geometry": {
        "type": "Point",
        "coordinates": [
          -9.229453001,
          38.69832982
        ]
      },
      "properties": {
        "cp_stop_id": "94_69088",
        "name": "Alges",
        "uic": "9469088",
        "country": "PT",
        "status": "orphan"
      }
    },
    {
      "type": "Feature",
      "geometry": {
        "type": "Point",
        "coordinates": [
          -9.252196627,
          38.69979769
        ]
      },
      "properties": {
        "cp_stop_id": "94_69104",
        "name": "Cruz Quebrada",
        "uic": "9469104",
        "country": "PT",
        "status": "orphan"
      }
    },
    {
      "type": "Feature",
      "geometry": {
        "type": "Point",
        "coordinates": [
          -9.274388514,
          38.69874435
        ]
      },
      "properties": {
        "cp_stop_id": "94_69120",
        "name": "Caxias",
        "uic": "9469120",
        "country": "PT",
        "status": "orphan"
      }
    },
    {
      "type": "Feature",
      "geometry": {
        "type": "Point",
        "coordinates": [
          -9.290535587,
          38.69710796
        ]
      },
      "properties": {
        "cp_stop_id": "94_69146",
        "name": "Paco de Arcos",
        "uic": "9469146",
        "country": "PT",
        "status": "orphan"
      }
    },
    {
      "type": "Feature",
      "geometry": {
        "type": "Point",
        "coordinates": [
          -9.312025239,
          38.68690558
        ]
      },
      "properties": {
        "cp_stop_id": "94_69161",
        "name": "Santo Amaro",
        "uic": "9469161",
        "country": "PT",
        "status": "orphan"
      }
    },
    {
      "type": "Feature",
      "geometry": {
        "type": "Point",
        "coordinates": [
          -9.319046859,
          38.6885188
        ]
      },
      "properties": {
        "cp_stop_id": "94_69179",
        "name": "Oeiras",
        "uic": "9469179",
        "country": "PT",
        "status": "orphan"
      }
    },
    {
      "type": "Feature",
      "geometry": {
        "type": "Point",
        "coordinates": [
          -9.337419198,
          38.68782177
        ]
      },
      "properties": {
        "cp_stop_id": "94_69187",
        "name": "Carcavelos",
        "uic": "9469187",
        "country": "PT",
        "status": "orphan"
      }
    },
    {
      "type": "Feature",
      "geometry": {
        "type": "Point",
        "coordinates": [
          -9.356388966,
          38.68973478
        ]
      },
      "properties": {
        "cp_stop_id": "94_69203",
        "name": "Parede",
        "uic": "9469203",
        "country": "PT",
        "status": "orphan"
      }
    },
    {
      "type": "Feature",
      "geometry": {
        "type": "Point",
        "coordinates": [
          -9.371882889,
          38.69541017
        ]
      },
      "properties": {
        "cp_stop_id": "94_69229",
        "name": "Sao Pedro do Estoril",
        "uic": "9469229",
        "country": "PT",
        "status": "orphan"
      }
    },
    {
      "type": "Feature",
      "geometry": {
        "type": "Point",
        "coordinates": [
          -9.386122441,
          38.70129509
        ]
      },
      "properties": {
        "cp_stop_id": "94_69237",
        "name": "Sao Joao do Estoril",
        "uic": "9469237",
        "country": "PT",
        "status": "orphan"
      }
    },
    {
      "type": "Feature",
      "geometry": {
        "type": "Point",
        "coordinates": [
          -9.406511881,
          38.70357154
        ]
      },
      "properties": {
        "cp_stop_id": "94_69252",
        "name": "Monte Estoril",
        "uic": "9469252",
        "country": "PT",
        "status": "orphan"
      }
    },
    {
      "type": "Feature",
      "geometry": {
        "type": "Point",
        "coordinates": [
          -8.743374988,
          38.63441598
        ]
      },
      "properties": {
        "cp_stop_id": "94_71001",
        "name": "Poceirao",
        "uic": "9471001",
        "country": "PT",
        "status": "orphan"
      }
    },
    {
      "type": "Feature",
      "geometry": {
        "type": "Point",
        "coordinates": [
          -8.691858796,
          38.63640784
        ]
      },
      "properties": {
        "cp_stop_id": "94_71050",
        "name": "Fernando Po",
        "uic": "9471050",
        "country": "PT",
        "status": "orphan"
      }
    },
    {
      "type": "Feature",
      "geometry": {
        "type": "Point",
        "coordinates": [
          -8.619061162,
          38.66228912
        ]
      },
      "properties": {
        "cp_stop_id": "94_71126",
        "name": "Pegoes",
        "uic": "9471126",
        "country": "PT",
        "status": "orphan"
      }
    },
    {
      "type": "Feature",
      "geometry": {
        "type": "Point",
        "coordinates": [
          -8.585700728,
          38.6680242
        ]
      },
      "properties": {
        "cp_stop_id": "94_71159",
        "name": "Sao Joao das Craveiras",
        "uic": "9471159",
        "country": "PT",
        "status": "orphan"
      }
    },
    {
      "type": "Feature",
      "geometry": {
        "type": "Point",
        "coordinates": [
          -8.454401235,
          38.67941774
        ]
      },
      "properties": {
        "cp_stop_id": "94_72009",
        "name": "Vendas Novas",
        "uic": "9472009",
        "country": "PT",
        "status": "orphan"
      }
    },
    {
      "type": "Feature",
      "geometry": {
        "type": "Point",
        "coordinates": [
          -7.921032734,
          37.01399382
        ]
      },
      "properties": {
        "cp_stop_id": "94_73031",
        "name": "Bom Joao",
        "uic": "9473031",
        "country": "PT",
        "status": "orphan"
      }
    },
    {
      "type": "Feature",
      "geometry": {
        "type": "Point",
        "coordinates": [
          -7.749739338,
          37.0535355
        ]
      },
      "properties": {
        "cp_stop_id": "94_73197",
        "name": "Fuseta-A",
        "uic": "9473197",
        "country": "PT",
        "status": "orphan"
      }
    },
    {
      "type": "Feature",
      "geometry": {
        "type": "Point",
        "coordinates": [
          -7.751989452,
          37.06037206
        ]
      },
      "properties": {
        "cp_stop_id": "94_73205",
        "name": "Fuseta",
        "uic": "9473205",
        "country": "PT",
        "status": "orphan"
      }
    },
    {
      "type": "Feature",
      "geometry": {
        "type": "Point",
        "coordinates": [
          -7.731281683,
          37.07372176
        ]
      },
      "properties": {
        "cp_stop_id": "94_73239",
        "name": "Livramento",
        "uic": "9473239",
        "country": "PT",
        "status": "orphan"
      }
    },
    {
      "type": "Feature",
      "geometry": {
        "type": "Point",
        "coordinates": [
          -7.699991761,
          37.08885645
        ]
      },
      "properties": {
        "cp_stop_id": "94_73262",
        "name": "Luz",
        "uic": "9473262",
        "country": "PT",
        "status": "orphan"
      }
    },
    {
      "type": "Feature",
      "geometry": {
        "type": "Point",
        "coordinates": [
          -7.605589347,
          37.14435319
        ]
      },
      "properties": {
        "cp_stop_id": "94_73379",
        "name": "Conceicao",
        "uic": "9473379",
        "country": "PT",
        "status": "orphan"
      }
    },
    {
      "type": "Feature",
      "geometry": {
        "type": "Point",
        "coordinates": [
          -7.538112559,
          37.17638559
        ]
      },
      "properties": {
        "cp_stop_id": "94_73452",
        "name": "Cacela",
        "uic": "9473452",
        "country": "PT",
        "status": "orphan"
      }
    },
    {
      "type": "Feature",
      "geometry": {
        "type": "Point",
        "coordinates": [
          -7.483877672,
          37.19677365
        ]
      },
      "properties": {
        "cp_stop_id": "94_73502",
        "name": "Castro Marim",
        "uic": "9473502",
        "country": "PT",
        "status": "orphan"
      }
    },
    {
      "type": "Feature",
      "geometry": {
        "type": "Point",
        "coordinates": [
          -7.448361211,
          37.19006739
        ]
      },
      "properties": {
        "cp_stop_id": "94_73544",
        "name": "Monte Gordo",
        "uic": "9473544",
        "country": "PT",
        "status": "orphan"
      }
    },
    {
      "type": "Feature",
      "geometry": {
        "type": "Point",
        "coordinates": [
          -8.158242657,
          38.49815701
        ]
      },
      "properties": {
        "cp_stop_id": "94_74005",
        "name": "Casa Branca",
        "uic": "9474005",
        "country": "PT",
        "status": "orphan"
      }
    },
    {
      "type": "Feature",
      "geometry": {
        "type": "Point",
        "coordinates": [
          -8.095506879,
          38.40693213
        ]
      },
      "properties": {
        "cp_stop_id": "94_74120",
        "name": "Alcacovas",
        "uic": "9474120",
        "country": "PT",
        "status": "orphan"
      }
    },
    {
      "type": "Feature",
      "geometry": {
        "type": "Point",
        "coordinates": [
          -8.035095637,
          38.29380866
        ]
      },
      "properties": {
        "cp_stop_id": "94_74278",
        "name": "Vila Nova da Baronia",
        "uic": "9474278",
        "country": "PT",
        "status": "orphan"
      }
    },
    {
      "type": "Feature",
      "geometry": {
        "type": "Point",
        "coordinates": [
          -8.000018212,
          38.23271711
        ]
      },
      "properties": {
        "cp_stop_id": "94_74351",
        "name": "Alvito",
        "uic": "9474351",
        "country": "PT",
        "status": "orphan"
      }
    },
    {
      "type": "Feature",
      "geometry": {
        "type": "Point",
        "coordinates": [
          -7.894801531,
          38.16312237
        ]
      },
      "properties": {
        "cp_stop_id": "94_74476",
        "name": "Cuba",
        "uic": "9474476",
        "country": "PT",
        "status": "orphan"
      }
    },
    {
      "type": "Feature",
      "geometry": {
        "type": "Point",
        "coordinates": [
          -8.33801876,
          37.72718383
        ]
      },
      "properties": {
        "cp_stop_id": "94_77008",
        "name": "Funcheira",
        "uic": "9477008",
        "country": "PT",
        "status": "orphan"
      }
    },
    {
      "type": "Feature",
      "geometry": {
        "type": "Point",
        "coordinates": [
          -8.414384594,
          37.68997342
        ]
      },
      "properties": {
        "cp_stop_id": "94_77099",
        "name": "Amoreiras - Odemira",
        "uic": "9477099",
        "country": "PT",
        "status": "orphan"
      }
    },
    {
      "type": "Feature",
      "geometry": {
        "type": "Point",
        "coordinates": [
          -8.481406871,
          37.49583203
        ]
      },
      "properties": {
        "cp_stop_id": "94_77388",
        "name": "Santa Clara - Saboia",
        "uic": "9477388",
        "country": "PT",
        "status": "orphan"
      }
    },
    {
      "type": "Feature",
      "geometry": {
        "type": "Point",
        "coordinates": [
          -8.15266638,
          37.12274453
        ]
      },
      "properties": {
        "cp_stop_id": "94_78147",
        "name": "Boliqueime",
        "uic": "9478147",
        "country": "PT",
        "status": "orphan"
      }
    },
    {
      "type": "Feature",
      "geometry": {
        "type": "Point",
        "coordinates": [
          -8.023407196,
          37.09522521
        ]
      },
      "properties": {
        "cp_stop_id": "94_78253",
        "name": "Almancil",
        "uic": "9478253",
        "country": "PT",
        "status": "orphan"
      }
    },
    {
      "type": "Feature",
      "geometry": {
        "type": "Point",
        "coordinates": [
          -7.984857961,
          37.08020001
        ]
      },
      "properties": {
        "cp_stop_id": "94_78295",
        "name": "Parque das Cidades",
        "uic": "9478295",
        "country": "PT",
        "status": "orphan"
      }
    },
    {
      "type": "Feature",
      "geometry": {
        "type": "Point",
        "coordinates": [
          -8.302920419,
          37.16783113
        ]
      },
      "properties": {
        "cp_stop_id": "94_90050",
        "name": "Algoz",
        "uic": "9490050",
        "country": "PT",
        "status": "orphan"
      }
    },
    {
      "type": "Feature",
      "geometry": {
        "type": "Point",
        "coordinates": [
          -8.348648119,
          37.16988788
        ]
      },
      "properties": {
        "cp_stop_id": "94_90092",
        "name": "Alcantarilha",
        "uic": "9490092",
        "country": "PT",
        "status": "orphan"
      }
    },
    {
      "type": "Feature",
      "geometry": {
        "type": "Point",
        "coordinates": [
          -8.388783179,
          37.16361195
        ]
      },
      "properties": {
        "cp_stop_id": "94_90134",
        "name": "Poco Barreto",
        "uic": "9490134",
        "country": "PT",
        "status": "orphan"
      }
    },
    {
      "type": "Feature",
      "geometry": {
        "type": "Point",
        "coordinates": [
          -8.485488419,
          37.14342467
        ]
      },
      "properties": {
        "cp_stop_id": "94_90241",
        "name": "Estombar - Lagoa",
        "uic": "9490241",
        "country": "PT",
        "status": "orphan"
      }
    },
    {
      "type": "Feature",
      "geometry": {
        "type": "Point",
        "coordinates": [
          -8.519048102,
          37.13877197
        ]
      },
      "properties": {
        "cp_stop_id": "94_90274",
        "name": "Ferragudo",
        "uic": "9490274",
        "country": "PT",
        "status": "orphan"
      }
    },
    {
      "type": "Feature",
      "geometry": {
        "type": "Point",
        "coordinates": [
          -8.609644443,
          37.15415439
        ]
      },
      "properties": {
        "cp_stop_id": "94_90381",
        "name": "Mexilhoeira Grande",
        "uic": "9490381",
        "country": "PT",
        "status": "orphan"
      }
    },
    {
      "type": "Feature",
      "geometry": {
        "type": "Point",
        "coordinates": [
          -8.647453865,
          37.11860958
        ]
      },
      "properties": {
        "cp_stop_id": "94_90431",
        "name": "Meia Praia",
        "uic": "9490431",
        "country": "PT",
        "status": "orphan"
      }
    },
    {
      "type": "Feature",
      "geometry": {
        "type": "Point",
        "coordinates": [
          -8.838120473,
          38.51795617
        ]
      },
      "properties": {
        "cp_stop_id": "94_91058",
        "name": "Praias do Sado-A",
        "uic": "9491058",
        "country": "PT",
        "status": "orphan"
      }
    },
    {
      "type": "Feature",
      "geometry": {
        "type": "Point",
        "coordinates": [
          -8.413922912,
          38.0027769
        ]
      },
      "properties": {
        "cp_stop_id": "94_93005",
        "name": "Ermidas - Sado",
        "uic": "9493005",
        "country": "PT",
        "status": "orphan"
      }
    },
    {
      "type": "Feature",
      "geometry": {
        "type": "Point",
        "coordinates": [
          -9.079438371,
          38.65248536
        ]
      },
      "properties": {
        "cp_stop_id": "94_95000",
        "name": "Barreiro",
        "uic": "9495000",
        "country": "PT",
        "status": "orphan"
      }
    },
    {
      "type": "Feature",
      "geometry": {
        "type": "Point",
        "coordinates": [
          -9.071588362,
          38.65976812
        ]
      },
      "properties": {
        "cp_stop_id": "94_95026",
        "name": "Barreiro-A",
        "uic": "9495026",
        "country": "PT",
        "status": "orphan"
      }
    },
    {
      "type": "Feature",
      "geometry": {
        "type": "Point",
        "coordinates": [
          -9.058282417,
          38.66182209
        ]
      },
      "properties": {
        "cp_stop_id": "94_95042",
        "name": "Lavradio",
        "uic": "9495042",
        "country": "PT",
        "status": "orphan"
      }
    },
    {
      "type": "Feature",
      "geometry": {
        "type": "Point",
        "coordinates": [
          -9.044295693,
          38.65956434
        ]
      },
      "properties": {
        "cp_stop_id": "94_95059",
        "name": "Baixa da Banheira",
        "uic": "9495059",
        "country": "PT",
        "status": "orphan"
      }
    },
    {
      "type": "Feature",
      "geometry": {
        "type": "Point",
        "coordinates": [
          -9.026695914,
          38.65183875
        ]
      },
      "properties": {
        "cp_stop_id": "94_95075",
        "name": "Alhos Vedros",
        "uic": "9495075",
        "country": "PT",
        "status": "orphan"
      }
    },
    {
      "type": "Feature",
      "geometry": {
        "type": "Point",
        "coordinates": [
          -8.996018397,
          38.64476453
        ]
      },
      "properties": {
        "cp_stop_id": "94_95109",
        "name": "Moita",
        "uic": "9495109",
        "country": "PT",
        "status": "orphan"
      }
    },
    {
      "type": "Feature",
      "geometry": {
        "type": "Point",
        "coordinates": [
          -8.956170784,
          38.63814272
        ]
      },
      "properties": {
        "cp_stop_id": "94_95125",
        "name": "Penteado",
        "uic": "9495125",
        "country": "PT",
        "status": "orphan"
      }
    }
  ]
}