gare_id;source;code
TN7001060;CRS;CAP
TN7001060;UIC;7001060
TN7002440;CRS;CBX
TN7002440;OSM;1466902184
TN7002440;UIC;7002440
TN7002440;WIKIDATA;Q54869762
TN7002470;CRS;INB
TN7002470;UIC;7002470
TN7002730;CRS;IBS
TN7002730;UIC;7002730
TN7002810;CRS;BEO
TN7002810;UIC;7002810
TN7002940;CRS;KBS
TN7002940;UIC;7002940
TN7002950;CRS;LTR
TN7002950;UIC;7002950
TN7003010;CRS;LAA
TN7003010;UIC;7003010
TN7003250;CRS;IHS
TN7003250;UIC;7003250
TN7003541;CRS;PEE
TN7003541;UIC;7003541
TN7003651;CRS;ELT
TN7003651;OSM;11359134916
TN7003651;UIC;7003651
TN7003651;WIKIDATA;Q5328845
TN7003750;CRS;ECP
TN7003750;OSM;2265968250
TN7003750;UIC;7003750
TN7003750;WIKIDATA;Q15216643
TN7004250;CRS;HBL
TN7004250;OSM;8749762196
TN7004250;UIC;7004250
TN7004250;WIKIDATA;Q5689516
TN7004420;CRS;LEV
TN7004420;OSM;11136418502
TN7004420;UIC;7004420
TN7004420;WIKIDATA;Q68377707
TN7004541;CRS;DAS
TN7004541;OSM;11197468109
TN7004541;UIC;7004541
TN7004550;CRS;IVA
TN7004550;OSM;7814214089
TN7004550;UIC;7004550
TN7004550;WIKIDATA;Q116275407
TN7004950;CRS;CMA
TN7004950;UIC;7004950
TN7005060;CRS;AMR
TN7005060;OSM;3501388948
TN7005060;UIC;7005060
TN7005060;WIKIDATA;Q800384
TN7005260;CRS;ZBM
TN7005260;UIC;7005260
TN7005390;CRS;CFO
TN7005390;OSM;3517235821
TN7005390;UIC;7005390
TN7005390;WIKIDATA;Q800618
TN7005460;CRS;CLW
TN7005460;OSM;5182456570
TN7005460;UIC;7005460
TN7005460;WIKIDATA;Q800623
TN7005620;CRS;ZET
TN7005620;UIC;7005620
TN7005770;CRS;ZFD
TN7005770;OSM;3284103165
TN7005770;UIC;7005770
TN7005770;WIKIDATA;Q800754
TN7005980;CRS;HOH
TN7005980;OSM;5183810356
TN7005980;UIC;7005980
TN7005980;WIKIDATA;Q654577
TN7006871;CRS;RIC
TN7006871;OSM;5183350491
TN7006871;UIC;7006871
TN7006871;WIKIDATA;Q801365
TN7009900;CRS;ARM
TN7009900;OSM;7209346141
TN7009900;UIC;7009900
TN7009900;WIKIDATA;Q4792532
TN7009910;CRS;BKR
TN7009910;OSM;1035485495
TN7009910;UIC;7009910
TN7009910;WIKIDATA;Q4923300
TN7009920;CRS;CAC
TN7009920;OSM;7209346571
TN7009920;UIC;7009920
TN7009920;WIKIDATA;Q5019037
TN7010030;CRS;BSC
TN7010030;OSM;21257422
TN7010030;UIC;7010030
TN7010030;WIKIDATA;Q4896204
TN7010040;CRS;AST
TN7010040;OSM;5920221964
TN7010040;UIC;7010040
TN7010040;WIKIDATA;Q1978485
TN7010060;CRS;BSW
TN7010060;OSM;20984433
TN7010060;UIC;7010060
TN7010060;WIKIDATA;Q3280363
TN7010100;CRS;TAB
TN7010100;OSM;21257431
TN7010100;UIC;7010100
TN7010100;WIKIDATA;Q1881868
TN7010110;CRS;WTT
TN7010110;OSM;7790315845
TN7010110;UIC;7010110
TN7010110;WIKIDATA;Q2791793
TN7010160;CRS;CAO
TN7010160;OSM;7656865229
TN7010160;UIC;7010160
TN7010160;WIKIDATA;Q4016379
TN7010170;CRS;LAW
TN7010170;OSM;3727341274
TN7010170;UIC;7010170
TN7010170;WIKIDATA;Q628960
TN7010180;CRS;BWN
TN7010180;OSM;339871670
TN7010180;UIC;7010180
TN7010180;WIKIDATA;Q2570127
TN7010220;CRS;HGG
TN7010220;OSM;2438234411
TN7010220;UIC;7010220
TN7010220;WIKIDATA;Q1842102
TN7010230;CRS;HOX
TN7010230;OSM;2441957067
TN7010230;UIC;7010230
TN7010230;WIKIDATA;Q1851584
TN7010240;CRS;SDC
TN7010240;OSM;6991130547
TN7010240;UIC;7010240
TN7010240;WIKIDATA;Q801441
TN7010300;CRS;COV
TN7010300;OSM;6673779824
TN7010300;UIC;7010300
TN7010300;WIKIDATA;Q2058701
TN7010330;CRS;HIA
TN7010330;OSM;25524281
TN7010330;UIC;7010330
TN7010330;WIKIDATA;Q2728174
TN7010340;CRS;MGN
TN7010340;OSM;8398595521
TN7010340;UIC;7010340
TN7010340;WIKIDATA;Q2856492
TN7010350;CRS;THL
TN7010350;OSM;7209297336
TN7010350;UIC;7010350
TN7010350;WIKIDATA;Q5493001
TN7010360;CRS;ADD
TN7010360;OSM;8321736512
TN7010360;UIC;7000038
TN7010360;UIC;7010360
TN7010360;WIKIDATA;Q2914146
TN7010390;CRS;ROE
TN7010390;OSM;2438248384
TN7010390;UIC;7010390
TN7010390;WIKIDATA;Q175256
TN7010400;CRS;DUD
TN7010400;OSM;7312287360
TN7010400;UIC;7010400
TN7010400;WIKIDATA;Q3100763
TN7010410;CRS;ERD
TN7010410;OSM;653032
TN7010410;UIC;7010410
TN7010410;WIKIDATA;Q2415516
TN7010420;CRS;FOK
TN7010420;OSM;8437795006
TN7010420;UIC;7010420
TN7010420;WIKIDATA;Q2230176
TN7010430;CRS;SCF
TN7010430;OSM;25479889
TN7010430;UIC;7010430
TN7010430;WIKIDATA;Q2419238
TN7010440;CRS;SUT
TN7010440;OSM;653041
TN7010440;UIC;7010440
TN7010440;WIKIDATA;Q525739
TN7010450;CRS;BKW
TN7010450;OSM;7170567334
TN7010450;UIC;7010450
TN7010450;WIKIDATA;Q964933
TN7010560;CRS;WNE
TN7010560;OSM;252862890
TN7010560;UIC;7010560
TN7010560;WIKIDATA;Q2247229
TN7010670;CRS;LBK
TN7010670;OSM;5716171575
TN7010670;UIC;7010670
TN7010670;WIKIDATA;Q2213582
TN7010690;CRS;NMP
TN7010690;OSM;7633574843
TN7010690;UIC;7010690
TN7010690;WIKIDATA;Q2055618
TN7010740;CRS;ATH
TN7010740;OSM;2952383804
TN7010740;UIC;7010740
TN7010740;WIKIDATA;Q604337
TN7010770;CRS;NUN
TN7010770;OSM;6758601085
TN7010770;UIC;7010770
TN7010770;WIKIDATA;Q2018434
TN7010780;CRS;PSW
TN7010780;OSM;2598492716
TN7010780;UIC;7010780
TN7010780;WIKIDATA;Q2749317
TN7010820;CRS;SDE
TN7010820;OSM;3729401291
TN7010820;UIC;7010820
TN7010820;WIKIDATA;Q4115037
TN7010830;CRS;SQE
TN7010830;UIC;7010830
TN7010840;CRS;RGL
TN7010840;OSM;6758594886
TN7010840;UIC;7010840
TN7010840;WIKIDATA;Q2066965
TN7010850;CRS;WPE
TN7010850;OSM;2438276350
TN7010850;UIC;7010850
TN7010850;WIKIDATA;Q801580
TN7010870;CRS;RUG
TN7010870;OSM;20985079
TN7010870;UIC;7010870
TN7010870;WIKIDATA;Q3250380
TN7010901;CRS;AVP
TN7010901;OSM;3464902054
TN7010901;UIC;7010901
TN7010901;WIKIDATA;Q4831380
TN7010960;CRS;BTG
TN7010960;OSM;21227431
TN7010960;UIC;7010960
TN7010960;WIKIDATA;Q2658226
TN7010970;CRS;JEQ
TN7010970;OSM;249663867
TN7010970;UIC;7010970
TN7010970;WIKIDATA;Q1893132
TN7011050;CRS;SLY
TN7011050;OSM;7272527492
TN7011050;UIC;7011050
TN7011050;WIKIDATA;Q2655588
TN7011090;CRS;KNN
TN7011090;OSM;6135345656
TN7011090;UIC;7011090
TN7011090;WIKIDATA;Q2192189
TN7011101;CRS;LOB
TN7011101;OSM;7170590955
TN7011101;UIC;7011101
TN7011101;WIKIDATA;Q2257761
TN7011110;CRS;NFD
TN7011110;OSM;6673742001
TN7011110;UIC;7011110
TN7011110;WIKIDATA;Q2297133
TN7011120;CRS;BRV
TN7011120;OSM;7272746867
TN7011120;UIC;7011120
TN7011120;WIKIDATA;Q2072620
TN7011140;CRS;SGB
TN7011140;UIC;7011140
TN7011210;CRS;WTO
TN7011210;OSM;13766474
TN7011210;UIC;7011210
TN7011210;WIKIDATA;Q2674112
TN7011270;CRS;BHM
TN7011270;OSM;6765532062
TN7011270;UIC;7011270
TN7011270;WIKIDATA;Q683063
TN7011280;CRS;PRY
TN7011280;OSM;21257480
TN7011280;UIC;7011280
TN7011280;WIKIDATA;Q2113907
TN7011290;CRS;CNL
TN7011290;OSM;304651
TN7011290;UIC;7011290
TN7011290;WIKIDATA;Q2317360
TN7011301;CRS;CRD
TN7011301;OSM;653033
TN7011301;UIC;7011301
TN7011301;WIKIDATA;Q2405727
TN7011320;CRS;GVH
TN7011320;OSM;653044
TN7011320;UIC;7011320
TN7011320;WIKIDATA;Q2098592
TN7011330;CRS;LEH
TN7011330;OSM;25522884
TN7011330;UIC;7011330
TN7011330;WIKIDATA;Q2499943
TN7011350;CRS;RGT
TN7011350;OSM;21141609
TN7011350;UIC;7011350
TN7011350;WIKIDATA;Q2649169
TN7011380;CRS;WYL
TN7011380;OSM;27181044
TN7011380;UIC;7011380
TN7011380;WIKIDATA;Q1840659
TN7011412;CRS;BLX
TN7011412;OSM;3168694076
TN7011412;UIC;7011412
TN7011412;WIKIDATA;Q1993493
TN7011430;CRS;CSY
TN7011430;OSM;8183358952
TN7011430;UIC;7011430
TN7011430;WIKIDATA;Q2239840
TN7011450;CRS;HSD
TN7011450;OSM;7285282240
TN7011450;UIC;7011450
TN7011450;WIKIDATA;Q2382124
TN7011480;CRS;HNF
TN7011480;OSM;3727341272
TN7011480;UIC;7011480
TN7011480;WIKIDATA;Q2128872
TN7011490;CRS;SAD
TN7011490;OSM;290235759
TN7011490;UIC;7011490
TN7011490;WIKIDATA;Q3404216
TN7011500;CRS;SMR
TN7011500;OSM;21140726
TN7011500;UIC;7011500
TN7011500;WIKIDATA;Q2274385
TN7011590;CRS;TIP
TN7011590;OSM;21137911
TN7011590;UIC;7011590
TN7011590;WIKIDATA;Q2660685
TN7011650;CRS;BEH
TN7011650;OSM;1635229925
TN7011650;UIC;7011650
TN7011650;WIKIDATA;Q2201463
TN7011760;CRS;BKT
TN7011760;OSM;7916457716
TN7011760;UIC;7011760
TN7011760;WIKIDATA;Q2454578
TN7011770;CRS;LIC
TN7011770;OSM;21141605
TN7011770;UIC;7011770
TN7011770;WIKIDATA;Q1924638
TN7011780;CRS;SEN
TN7011780;OSM;99391472
TN7011780;UIC;7011780
TN7011780;WIKIDATA;Q2469188
TN7011790;CRS;BUL
TN7011790;OSM;2502617
TN7011790;UIC;7011790
TN7011790;WIKIDATA;Q5002705
TN7011950;CRS;PKG
TN7011950;OSM;21256638
TN7011950;UIC;7011950
TN7011950;WIKIDATA;Q2547278
TN7011980;CRS;ALV
TN7011980;OSM;9290941286
TN7011980;UIC;7011980
TN7011980;WIKIDATA;Q4355883
TN7012080;CRS;RDC
TN7012080;OSM;335714346
TN7012080;UIC;7012080
TN7012080;WIKIDATA;Q2253146
TN7012120;CRS;DDP
TN7012120;OSM;36959293
TN7012120;UIC;7012120
TN7012120;WIKIDATA;Q1980286
TN7012150;CRS;BHI
TN7012150;OSM;6715981413
TN7012150;UIC;7012150
TN7012150;WIKIDATA;Q579308
TN7012160;CRS;WSL
TN7012160;OSM;29283560
TN7012160;UIC;7012160
TN7012160;WIKIDATA;Q2586719
TN7012180;CRS;WVH
TN7012180;OSM;6634567442
TN7012180;UIC;7012180
TN7012180;WIKIDATA;Q2361188
TN7012200;CRS;GTR
TN7012200;OSM;3754534934
TN7012200;UIC;7012200
TN7012200;WIKIDATA;Q4839186
TN7012210;CRS;HCH
TN7012210;OSM;6416944407
TN7012210;UIC;7012210
TN7012210;WIKIDATA;Q2736448
TN7012230;CRS;ASG
TN7012230;OSM;21183239
TN7012230;UIC;7012230
TN7012230;WIKIDATA;Q2505295
TN7012270;CRS;CNG
TN7012270;OSM;6408750140
TN7012270;UIC;7012270
TN7012270;WIKIDATA;Q2034460
TN7012290;CRS;KDG
TN7012290;OSM;7153786343
TN7012290;UIC;7012290
TN7012290;WIKIDATA;Q2539760
TN7012430;CRS;CRE
TN7012430;OSM;6004512801
TN7012430;UIC;7012430
TN7012430;WIKIDATA;Q3397336
TN7012470;CRS;NAN
TN7012470;OSM;1080583474
TN7012470;UIC;7012470
TN7012470;WIKIDATA;Q2082695
TN7012610;CRS;SDB
TN7012610;OSM;6416944409
TN7012610;UIC;7012610
TN7012610;WIKIDATA;Q1829957
TN7012683;CRS;STA
TN7012683;OSM;7140221666
TN7012683;UIC;7012683
TN7012683;WIKIDATA;Q2393603
TN7012820;CRS;BYB
TN7012820;OSM;58978505
TN7012820;UIC;7012820
TN7012820;WIKIDATA;Q2525068
TN7012910;CRS;LTV
TN7012910;OSM;6082898473
TN7012910;UIC;7012910
TN7012910;WIKIDATA;Q2633539
TN7013050;CRS;LPT
TN7013050;OSM;1092770818
TN7013050;UIC;7013050
TN7013050;WIKIDATA;Q2375819
TN7013060;CRS;LGN
TN7013060;OSM;58978526
TN7013060;UIC;7013060
TN7013060;WIKIDATA;Q2096431
TN7013140;CRS;SOT
TN7013140;OSM;7154266416
TN7013140;UIC;7013140
TN7013140;WIKIDATA;Q2686932
TN7013160;CRS;SNE
TN7013160;OSM;1126273414
TN7013160;UIC;7013160
TN7013160;WIKIDATA;Q2749551
TN7013220;CRS;TAM
TN7013220;OSM;7153786344
TN7013220;UIC;7013220
TN7013220;WIKIDATA;Q768018
TN7013351;CRS;BGV
TN7013351;OSM;9280240600
TN7013351;UIC;7013351
TN7013351;WIKIDATA;Q22329619
TN7013420;CRS;UTT
TN7013420;OSM;58975491
TN7013420;UIC;7013420
TN7013420;WIKIDATA;Q2429181
TN7013460;CRS;PRS
TN7013460;OSM;1080583496
TN7013460;UIC;7013460
TN7013460;WIKIDATA;Q2717690
TN7013470;CRS;WEM
TN7013470;OSM;1080583465
TN7013470;UIC;7013470
TN7013470;WIKIDATA;Q2557796
TN7013480;CRS;WTC
TN7013480;OSM;1080583473
TN7013480;UIC;7013480
TN7013480;WIKIDATA;Q1963093
TN7013500;CRS;WRE
TN7013500;OSM;1080583548
TN7013500;UIC;7013500
TN7013500;WIKIDATA;Q2669037
TN7013510;CRS;YRT
TN7013510;OSM;7138068385
TN7013510;UIC;7013510
TN7013510;WIKIDATA;Q2709911
TN7013600;CRS;BLY
TN7013600;OSM;7140178717
TN7013600;UIC;7013600
TN7013600;WIKIDATA;Q4869827
TN7013640;CRS;WOL
TN7013640;OSM;7154297455
TN7013640;UIC;7013640
TN7013640;WIKIDATA;Q1824147
TN7013720;CRS;CED
TN7013720;OSM;3956467759
TN7013720;UIC;7013720
TN7013720;WIKIDATA;Q1885115
TN7013730;CRS;LBZ
TN7013730;OSM;6666423298
TN7013730;UIC;7013730
TN7013730;WIKIDATA;Q658331
TN7013770;CRS;FEN
TN7013770;OSM;20992683
TN7013770;UIC;7013770
TN7013770;WIKIDATA;Q2277649
TN7013780;CRS;MKC
TN7013780;OSM;7159380475
TN7013780;UIC;7013780
TN7013780;WIKIDATA;Q2747135
TN7013800;CRS;APG
TN7013800;OSM;27457437
TN7013800;UIC;7013800
TN7013800;WIKIDATA;Q3043426
TN7013810;CRS;BWB
TN7013810;OSM;40859300
TN7013810;UIC;7013810
TN7013810;WIKIDATA;Q2144435
TN7013840;CRS;KMH
TN7013840;OSM;76890118
TN7013840;UIC;7013840
TN7013840;WIKIDATA;Q2903851
TN7013860;CRS;SWR
TN7013860;OSM;27457645
TN7013860;UIC;7013860
TN7013860;WIKIDATA;Q2379914
TN7013900;CRS;BKM
TN7013900;OSM;3956474228
TN7013900;UIC;7013900
TN7013900;WIKIDATA;Q19955
TN7013910;CRS;HML
TN7013910;OSM;7158905928
TN7013910;UIC;7013910
TN7013910;WIKIDATA;Q19965
TN7013920;CRS;KGL
TN7013920;OSM;20455872
TN7013920;UIC;7013920
TN7013920;WIKIDATA;Q2206088
TN7013930;CRS;TRI
TN7013930;OSM;4375290005
TN7013930;UIC;7013930
TN7013930;WIKIDATA;Q2620068
TN7013950;CRS;BSH
TN7013950;OSM;1104903773
TN7013950;UIC;7013950
TN7013950;WIKIDATA;Q19817
TN7013970;CRS;HRW
TN7013970;OSM;20455533
TN7013970;UIC;7013970
TN7013970;WIKIDATA;Q800896
TN7013980;CRS;HTE
TN7013980;OSM;6543594084
TN7013980;UIC;7013980
TN7013980;WIKIDATA;Q2676712
TN7013990;CRS;KNT
TN7013990;OSM;89137908
TN7013990;UIC;7013990
TN7013990;WIKIDATA;Q801001
TN7014020;CRS;WFJ
TN7014020;OSM;3139881254
TN7014020;UIC;7014020
TN7014020;WIKIDATA;Q10698
TN7014030;CRS;WFN
TN7014030;OSM;20795433
TN7014030;UIC;7014030
TN7014030;WIKIDATA;Q19902
TN7014040;CRS;ACC
TN7014040;OSM;2266399032
TN7014040;UIC;7014040
TN7014040;WIKIDATA;Q2640985
TN7014090;CRS;GPO
TN7014090;OSM;6753787771
TN7014090;UIC;7014090
TN7014090;WIKIDATA;Q800829
TN7014130;CRS;HDH
TN7014130;OSM;6991113888
TN7014130;UIC;7014130
TN7014130;WIKIDATA;Q2829947
TN7014150;CRS;KBN
TN7014150;OSM;6993429382
TN7014150;UIC;7014150
TN7014150;WIKIDATA;Q1800430
TN7014190;CRS;QPW
TN7014190;UIC;7014190
TN7014210;CRS;WHD
TN7014210;OSM;6514252665
TN7014210;UIC;7014210
TN7014210;WIKIDATA;Q2045067
TN7014220;CRS;NWB
TN7014220;OSM;21141346
TN7014220;UIC;7014220
TN7014220;WIKIDATA;Q730267
TN7014230;CRS;WMB
TN7014230;OSM;7175566127
TN7014230;UIC;7014230
TN7014230;WIKIDATA;Q801594
TN7014290;CRS;DLK
TN7014290;OSM;6991113897
TN7014290;UIC;7014290
TN7014290;WIKIDATA;Q1924477
TN7014300;CRS;APS
TN7014300;OSM;5520070965
TN7014300;UIC;7014300
TN7014300;WIKIDATA;Q19950
TN7014340;CRS;HDL
TN7014340;OSM;6543594083
TN7014340;UIC;7014340
TN7014340;WIKIDATA;Q1824003
TN7014370;CRS;BSY
TN7014370;OSM;7147478680
TN7014370;UIC;7014370
TN7014370;WIKIDATA;Q4973856
TN7014380;CRS;BSP
TN7014380;OSM;7147511743
TN7014380;UIC;7014380
TN7014380;WIKIDATA;Q2691877
TN7014390;CRS;CIR
TN7014390;OSM;6993522055
TN7014390;UIC;7014390
TN7014390;WIKIDATA;Q5019457
TN7014400;CRS;CMD
TN7014400;OSM;6474389245
TN7014400;UIC;7014400
TN7014400;WIKIDATA;Q3146235
TN7014410;CRS;CNN
TN7014410;OSM;7147509511
TN7014410;UIC;7014410
TN7014410;WIKIDATA;Q800611
TN7014420;CRS;CPK
TN7014420;OSM;6661446188
TN7014420;UIC;7014420
TN7014420;WIKIDATA;Q5045650
TN7014430;CRS;DLJ
TN7014430;OSM;21596119
TN7014430;UIC;7014430
TN7014430;WIKIDATA;Q800651
TN7014440;CRS;EUS
TN7014440;OSM;3663368460
TN7014440;UIC;7014440
TN7014440;WIKIDATA;Q800751
TN7014450;CRS;FNY
TN7014450;OSM;6878672847
TN7014450;UIC;7014450
TN7014450;WIKIDATA;Q5449845
TN7014470;CRS;KNL
TN7014470;OSM;6403994178
TN7014470;UIC;7014470
TN7014470;WIKIDATA;Q800999
TN7014480;CRS;KNR
TN7014480;OSM;7147498859
TN7014480;UIC;7014480
TN7014480;WIKIDATA;Q2473076
TN7014490;CRS;KTW
TN7014490;OSM;6993498103
TN7014490;UIC;7014490
TN7014490;WIKIDATA;Q928181
TN7014510;CRS;SOH
TN7014510;OSM;7147537626
TN7014510;UIC;7014510
TN7014510;WIKIDATA;Q2587081
TN7014520;CRS;SAT
TN7014520;OSM;6441033567
TN7014520;UIC;7014520
TN7014520;WIKIDATA;Q451653
TN7014530;CRS;SOK
TN7014530;OSM;21141345
TN7014530;UIC;7014530
TN7014530;WIKIDATA;Q801454
TN7014540;CRS;SBP
TN7014540;OSM;6438945825
TN7014540;UIC;7014540
TN7014540;WIKIDATA;Q801474
TN7014550;CRS;WFH
TN7014550;OSM;20992532
TN7014550;UIC;7014550
TN7014550;WIKIDATA;Q19898
TN7014570;CRS;WIJ
TN7014570;OSM;6438961931
TN7014570;UIC;7014570
TN7014570;WIKIDATA;Q801623
TN7014630;CRS;GMN
TN7014630;OSM;21137988
TN7014630;UIC;7014630
TN7014630;WIKIDATA;Q1843842
TN7014660;CRS;WND
TN7014660;OSM;21137939
TN7014660;UIC;7014660
TN7014660;WIKIDATA;Q2751439
TN7014670;CRS;SKM
TN7014670;OSM;3724898182
TN7014670;UIC;7014670
TN7014670;WIKIDATA;Q2244698
TN7014700;CRS;BGY
TN7014700;OSM;13502391588
TN7014700;UIC;7014700
TN7014750;CRS;MYB
TN7014750;OSM;5766054217
TN7014750;UIC;7014750
TN7014750;WIKIDATA;Q649419
TN7014780;CRS;NLT
TN7014780;OSM;19134896
TN7014780;UIC;7014780
TN7014780;WIKIDATA;Q2799274
TN7014830;CRS;SUD
TN7014830;OSM;7170585072
TN7014830;UIC;7014830
TN7014830;WIKIDATA;Q7633492
TN7014840;CRS;SDH
TN7014840;OSM;21362517
TN7014840;UIC;7014840
TN7014840;WIKIDATA;Q941324
TN7014920;CRS;AYS
TN7014920;OSM;7153884935
TN7014920;UIC;7014920
TN7014920;WIKIDATA;Q2338815
TN7015090;CRS;WCX
TN7015090;OSM;7170577519
TN7015090;UIC;7015090
TN7015090;WIKIDATA;Q2587124
TN7015100;CRS;BSJ
TN7015100;OSM;26237649
TN7015100;UIC;7015100
TN7015100;WIKIDATA;Q2567167
TN7015120;CRS;BDM
TN7015120;OSM;4292877922
TN7015120;UIC;7015120
TN7015120;WIKIDATA;Q2290621
TN7015190;CRS;CRI
TN7015190;OSM;7158881499
TN7015190;UIC;7015190
TN7015190;WIKIDATA;Q2794823
TN7015212;CRS;HDN
TN7015212;OSM;6404013964
TN7015212;UIC;7015212
TN7015212;WIKIDATA;Q800892
TN7015220;CRS;HEN
TN7015220;OSM;43450256
TN7015220;UIC;7015220
TN7015220;WIKIDATA;Q2047351
TN7015240;CRS;UHL
TN7015240;OSM;6724844050
TN7015240;UIC;7015240
TN7015240;WIKIDATA;Q2362457
TN7015250;CRS;WHP
TN7015250;OSM;6522206880
TN7015250;UIC;7015250
TN7015250;WIKIDATA;Q658445
TN7015270;CRS;MIL
TN7015270;OSM;13884199
TN7015270;UIC;7015270
TN7015270;WIKIDATA;Q2396825
TN7015320;CRS;FLT
TN7015320;OSM;3956507570
TN7015320;UIC;7015320
TN7015320;WIKIDATA;Q2047756
TN7015330;CRS;HLN
TN7015330;OSM;3956533165
TN7015330;UIC;7015330
TN7015330;WIKIDATA;Q2107782
TN7015340;CRS;LEA
TN7015340;OSM;21285573
TN7015340;UIC;7015340
TN7015340;WIKIDATA;Q12061118
TN7015360;CRS;LUT
TN7015360;OSM;8399259717
TN7015360;UIC;7015360
TN7015360;WIKIDATA;Q1809595
TN7015370;CRS;MLB
TN7015370;OSM;76892789
TN7015370;UIC;7015370
TN7015370;WIKIDATA;Q777709
TN7015380;CRS;RID
TN7015380;OSM;27457444
TN7015380;UIC;7015380
TN7015380;WIKIDATA;Q7332882
TN7015390;CRS;WOB
TN7015390;OSM;40857759
TN7015390;UIC;7015390
TN7015390;WIKIDATA;Q2253624
TN7015420;CRS;ELS
TN7015420;OSM;7170486628
TN7015420;UIC;7015420
TN7015420;WIKIDATA;Q5367763
TN7015430;CRS;HPD
TN7015430;OSM;6825844805
TN7015430;UIC;7015430
TN7015430;WIKIDATA;Q2278802
TN7015460;CRS;RDT
TN7015460;OSM;45080823
TN7015460;UIC;7015460
TN7015460;WIKIDATA;Q1834590
TN7015480;CRS;SAC
TN7015480;OSM;6751679833
TN7015480;UIC;7015480
TN7015480;WIKIDATA;Q19986
TN7015530;CRS;KTN
TN7015530;OSM;5359714471
TN7015530;UIC;7015530
TN7015530;WIKIDATA;Q636614
TN7015550;CRS;STP
TN7015550;OSM;3662847634
TN7015550;UIC;7015400
TN7015550;UIC;7015550
TN7015550;WIKIDATA;Q720102
TN7015590;CRS;GSN
TN7015590;OSM;20795429
TN7015590;UIC;7015590
TN7015590;WIKIDATA;Q19895
TN7015600;CRS;BWO
TN7015600;OSM;20794793
TN7015600;UIC;7015600
TN7015600;WIKIDATA;Q2407794
TN7015610;CRS;PKT
TN7015610;OSM;20792900
TN7015610;UIC;7015610
TN7015610;WIKIDATA;Q2162503
TN7015620;CRS;SAA
TN7015620;OSM;20792890
TN7015620;UIC;7015620
TN7015620;WIKIDATA;Q2693952
TN7015630;CRS;HWW
TN7015630;OSM;20798190
TN7015630;UIC;7015630
TN7015630;WIKIDATA;Q2664311
TN7015790;CRS;LID
TN7015790;OSM;674935458
TN7015790;UIC;7015790
TN7015790;WIKIDATA;Q2323668
TN7015810;CRS;MAT
TN7015810;OSM;6415346593
TN7015810;UIC;7015810
TN7015810;WIKIDATA;Q4591297
TN7015820;CRS;MTB
TN7015820;OSM;6415346594
TN7015820;UIC;7015820
TN7015820;WIKIDATA;Q2537583
TN7015850;CRS;WTS
TN7015850;OSM;6415346591
TN7015850;UIC;7015850
TN7015850;WIKIDATA;Q2313025
TN7015950;CRS;SHB
TN7015950;OSM;3170173968
TN7015950;UIC;7015950
TN7015950;WIKIDATA;Q2412758
TN7016240;CRS;ATB
TN7016240;OSM;6415345182
TN7016240;UIC;7016240
TN7016240;WIKIDATA;Q2098552
TN7016250;CRS;BEE
TN7016250;OSM;4292892169
TN7016250;UIC;7016250
TN7016250;WIKIDATA;Q3299120
TN7016550;CRS;KVD
TN7016550;OSM;7209254484
TN7016550;UIC;7016550
TN7016550;WIKIDATA;Q2382085
TN7016580;CRS;BUT
TN7016580;OSM;6646199708
TN7016580;UIC;7016580
TN7016580;WIKIDATA;Q2011595
TN7016590;CRS;ZCW
TN7016590;OSM;5700149213
TN7016590;UIC;7016590
TN7016590;WIKIDATA;Q800610
TN7016631;CRS;PYE
TN7016631;OSM;8493342417
TN7016631;UIC;7016631
TN7016631;WIKIDATA;Q7262951
TN7016780;CRS;AMB
TN7016780;OSM;2126330319
TN7016780;UIC;7016780
TN7016780;WIKIDATA;Q2100978
TN7016790;CRS;BLP
TN7016790;OSM;6415346590
TN7016790;UIC;7016790
TN7016790;WIKIDATA;Q3148981
TN7016870;CRS;PEA
TN7016870;OSM;252838671
TN7016870;UIC;7016870
TN7016870;WIKIDATA;Q7158389
TN7016910;CRS;DFI
TN7016910;OSM;6415346589
TN7016910;UIC;7016910
TN7016910;WIKIDATA;Q4027193
TN7016990;CRS;SPO
TN7016990;OSM;2132540013
TN7016990;UIC;7016990
TN7016990;WIKIDATA;Q7578950
TN7017270;CRS;MFT
TN7017270;OSM;7147298084
TN7017270;UIC;7017270
TN7017270;WIKIDATA;Q13528239
TN7017280;CRS;MSW
TN7017280;OSM;146409118
TN7017280;UIC;7017280
TN7017280;WIKIDATA;Q2656994
TN7017340;CRS;HOZ
TN7017340;OSM;30565731
TN7017340;UIC;7017340
TN7017340;WIKIDATA;Q2342200
TN7017610;CRS;LGM
TN7017610;OSM;3727407363
TN7017610;UIC;7017610
TN7017610;WIKIDATA;Q2145892
TN7017830;CRS;TUT
TN7017830;OSM;100878319
TN7017830;UIC;7017830
TN7017830;WIKIDATA;Q2564949
TN7018050;CRS;ALF
TN7018050;OSM;7147304696
TN7018050;UIC;7018050
TN7018050;WIKIDATA;Q1872948
TN7018220;CRS;CMF
TN7018220;OSM;6415346592
TN7018220;UIC;7018220
TN7018220;WIKIDATA;Q2079568
TN7018230;CRS;DBY
TN7018230;OSM;5871807868
TN7018230;UIC;7018230
TN7018230;WIKIDATA;Q3398679
TN7018260;CRS;NOT
TN7018260;OSM;324650068
TN7018260;UIC;7018260
TN7018260;WIKIDATA;Q1988621
TN7018290;CRS;LGE
TN7018290;OSM;1587569090
TN7018290;UIC;7018290
TN7018290;WIKIDATA;Q2357399
TN7018472;CRS;COR
TN7018472;OSM;7156655363
TN7018472;UIC;7018472
TN7018472;WIKIDATA;Q5169828
TN7018510;CRS;MMO
TN7018510;OSM;5591126797
TN7018510;UIC;7018510
TN7018510;WIKIDATA;Q3296233
TN7018570;CRS;KET
TN7018570;OSM;3469981
TN7018570;UIC;7018570
TN7018570;WIKIDATA;Q2284587
TN7018610;CRS;SPK
TN7018610;OSM;3170173970
TN7018610;UIC;7018610
TN7018610;WIKIDATA;Q1984369
TN7018620;CRS;HKN
TN7018620;OSM;135459446
TN7018620;UIC;7018620
TN7018620;WIKIDATA;Q2393008
TN7018630;CRS;NSD
TN7018630;OSM;49183356
TN7018630;UIC;7018630
TN7018630;WIKIDATA;Q2700960
TN7018650;CRS;BLW
TN7018650;OSM;7172258460
TN7018650;UIC;7018650
TN7018650;WIKIDATA;Q1828548
TN7018670;CRS;KKB
TN7018670;OSM;3170172465
TN7018670;UIC;7018670
TN7018670;WIKIDATA;Q6415580
TN7018700;CRS;HNK
TN7018700;OSM;21618327
TN7018700;UIC;7018700
TN7018700;WIKIDATA;Q2733409
TN7018710;CRS;LAG
TN7018710;OSM;3170172466
TN7018710;UIC;7018710
TN7018710;WIKIDATA;Q2400406
TN7018740;CRS;CWD
TN7018740;OSM;3170172463
TN7018740;UIC;7018740
TN7018740;WIKIDATA;Q1967041
TN7018810;CRS;NBR
TN7018810;OSM;18668223
TN7018810;UIC;7018810
TN7018810;WIKIDATA;Q1823442
TN7018970;CRS;LBO
TN7018970;OSM;3222306000
TN7018970;UIC;7018970
TN7018970;WIKIDATA;Q1912686
TN7019000;CRS;SYS
TN7019000;OSM;6415345154
TN7019000;UIC;7019000
TN7019000;WIKIDATA;Q2466439
TN7019010;CRS;EMD
TN7019010;OSM;2136826434
TN7019010;UIC;7019010
TN7019010;WIKIDATA;Q5328988
TN7019020;CRS;SIL
TN7019020;OSM;7170503782
TN7019020;UIC;7019020
TN7019020;WIKIDATA;Q3023682
TN7019030;CRS;BWS
TN7019030;OSM;6415345153
TN7019030;UIC;7019030
TN7019030;WIKIDATA;Q2146431
TN7019040;CRS;OKM
TN7019040;OSM;6644096983
TN7019040;UIC;7019040
TN7019040;WIKIDATA;Q580151
TN7019050;CRS;WIL
TN7019050;OSM;6646199703
TN7019050;UIC;7019050
TN7019050;WIKIDATA;Q746608
TN7019090;CRS;MHR
TN7019090;OSM;7153736020
TN7019090;UIC;7019090
TN7019090;WIKIDATA;Q2682713
TN7019400;CRS;WEL
TN7019400;OSM;417225
TN7019400;UIC;7019400
TN7019400;WIKIDATA;Q2562129
TN7019470;CRS;LEI
TN7019470;OSM;4292139459
TN7019470;UIC;7019470
TN7019470;WIKIDATA;Q3399620
TN7019490;CRS;SWS
TN7019490;OSM;2136829095
TN7019490;UIC;7019490
TN7019490;WIKIDATA;Q2096724
TN7019530;CRS;ASK
TN7019530;OSM;6080982976
TN7019530;UIC;7019530
TN7019530;WIKIDATA;Q2501136
TN7019540;CRS;BIF
TN7019540;OSM;5065927285
TN7019540;UIC;7019540
TN7019540;WIKIDATA;Q1814436
TN7019570;CRS;DLT
TN7019570;OSM;48393605
TN7019570;UIC;7019570
TN7019570;WIKIDATA;Q3152097
TN7019590;CRS;KBF
TN7019590;OSM;3220142858
TN7019590;UIC;7019590
TN7019590;WIKIDATA;Q4614344
TN7019620;CRS;ROO
TN7019620;OSM;8447567917
TN7019620;UIC;7019620
TN7019620;WIKIDATA;Q3394586
TN7019630;CRS;ARN
TN7019630;OSM;7172216103
TN7019630;UIC;7019630
TN7019630;WIKIDATA;Q4776543
TN7019640;CRS;CAK
TN7019640;OSM;48393249
TN7019640;UIC;7019640
TN7019640;WIKIDATA;Q2229171
TN7019650;CRS;GOS
TN7019650;OSM;3426364086
TN7019650;UIC;7019650
TN7019650;WIKIDATA;Q2404532
TN7019660;CRS;KBK
TN7019660;OSM;5454626221
TN7019660;UIC;7019660
TN7019660;WIKIDATA;Q2552522
TN7019680;CRS;SVR
TN7019680;OSM;29490739
TN7019680;UIC;7019680
TN7019680;WIKIDATA;Q4799401
TN7019750;CRS;BUD
TN7019750;OSM;5416730728
TN7019750;UIC;7019750
TN7019750;WIKIDATA;Q2520439
TN7019760;CRS;KEN
TN7019760;OSM;7167833766
TN7019760;UIC;7019760
TN7019760;WIKIDATA;Q1916006
TN7019770;CRS;SVL
TN7019770;OSM;21042440
TN7019770;UIC;7019770
TN7019770;WIKIDATA;Q2032914
TN7019780;CRS;WDM
TN7019780;OSM;7156655364
TN7019780;UIC;7019780
TN7019780;WIKIDATA;Q2530403
TN7019880;CRS;MRY
TN7019880;OSM;2118763055
TN7019880;UIC;7019880
TN7019880;WIKIDATA;Q2326887
TN7019930;CRS;BOC
TN7019930;OSM;6080992439
TN7019930;UIC;7019930
TN7019930;WIKIDATA;Q1975978
TN7019940;CRS;DRI
TN7019940;OSM;6080996614
TN7019940;UIC;7019940
TN7019940;WIKIDATA;Q2345937
TN7019960;CRS;GNR
TN7019960;OSM;6080982977
TN7019960;UIC;7019960
TN7019960;WIKIDATA;Q4825330
TN7019970;CRS;MLM
TN7019970;OSM;6080991390
TN7019970;UIC;7019970
TN7019970;WIKIDATA;Q2250935
TN7019990;CRS;RAV
TN7019990;OSM;5068585461
TN7019990;UIC;7019990
TN7019990;WIKIDATA;Q2401288
TN7020000;CRS;SIC
TN7020000;OSM;48394585
TN7020000;UIC;7020000
TN7020000;WIKIDATA;Q2587065
TN7020020;CRS;SBS
TN7020020;OSM;3648649638
TN7020020;UIC;7020020
TN7020020;WIKIDATA;Q2545047
TN7020030;CRS;SSC
TN7020030;OSM;48827409
TN7020030;UIC;7020030
TN7020030;WIKIDATA;Q2605327
TN7020040;CRS;SEL
TN7020040;OSM;6080996613
TN7020040;UIC;7020040
TN7020040;WIKIDATA;Q5371765
TN7020100;CRS;ULV
TN7020100;OSM;5456272347
TN7020100;UIC;7020100
TN7020100;WIKIDATA;Q2055056
TN7020260;CRS;FLM
TN7020260;OSM;48882173
TN7020260;UIC;7020260
TN7020260;WIKIDATA;Q2075537
TN7020270;CRS;HRR
TN7020270;OSM;48881812
TN7020270;UIC;7020270
TN7020270;WIKIDATA;Q5427385
TN7020322;CRS;PRN
TN7020322;OSM;9324344703
TN7020322;UIC;7020322
TN7020322;WIKIDATA;Q5086006
TN7020390;CRS;LCP
TN7020390;UIC;7020390
TN7020400;CRS;WKG
TN7020400;OSM;7156690642
TN7020400;UIC;7020400
TN7020400;WIKIDATA;Q2345398
TN7020410;CRS;THP
TN7020410;OSM;3730461563
TN7020410;UIC;7020410
TN7020410;WIKIDATA;Q17018937
TN7020450;CRS;BYS
TN7020450;OSM;6080996615
TN7020450;UIC;7020450
TN7020450;WIKIDATA;Q2299653
TN7020460;CRS;FOX
TN7020460;OSM;48394378
TN7020460;UIC;7020460
TN7020460;WIKIDATA;Q2206984
TN7020470;CRS;NRT
TN7020470;OSM;48827461
TN7020470;UIC;7020470
TN7020470;WIKIDATA;Q1901274
TN7020480;CRS;WTH
TN7020480;OSM;5068848674
TN7020480;UIC;7020480
TN7020480;WIKIDATA;Q2194627
TN7020490;CRS;CKL
TN7020490;OSM;9324344692
TN7020490;UIC;7020490
TN7020490;WIKIDATA;Q4394993
TN7020520;CRS;APP
TN7020520;OSM;1388665716
TN7020520;UIC;7020520
TN7020520;WIKIDATA;Q2169384
TN7020530;CRS;BTP
TN7020530;OSM;55420882
TN7020530;UIC;7020530
TN7020530;WIKIDATA;Q2540597
TN7020540;CRS;AWT
TN7020540;OSM;20971090
TN7020540;UIC;7020540
TN7020540;WIKIDATA;Q2444747
TN7020570;CRS;KSW
TN7020570;OSM;6697681932
TN7020570;UIC;7020570
TN7020570;WIKIDATA;Q2238374
TN7020580;CRS;LGW
TN7020580;OSM;20971095
TN7020580;UIC;7020580
TN7020580;WIKIDATA;Q2035773
TN7020590;CRS;LZB
TN7020590;OSM;20971092
TN7020590;UIC;7020590
TN7020590;WIKIDATA;Q1973653
TN7020680;CRS;LLP
TN7020680;UIC;7020680
TN7020770;CRS;DLS
TN7020770;OSM;49023154
TN7020770;UIC;7020770
TN7020770;WIKIDATA;Q5211644
TN7020800;CRS;EBA
TN7020800;OSM;29554054
TN7020800;UIC;7020800
TN7020800;WIKIDATA;Q3961715
TN7020903;CRS;OXN
TN7020903;OSM;7170564251
TN7020903;UIC;7020903
TN7020903;WIKIDATA;Q2104076
TN7020950;CRS;ASP
TN7020950;OSM;9324252266
TN7020950;UIC;7020950
TN7020950;WIKIDATA;Q3364830
TN7020980;CRS;WGT
TN7020980;OSM;486585551
TN7020980;UIC;7020980
TN7020980;WIKIDATA;Q2251503
TN7021020;CRS;PNR
TN7021020;OSM;6451802276
TN7021020;UIC;7021020
TN7021020;WIKIDATA;Q2362780
TN7021030;CRS;DNT
TN7021030;OSM;20975586
TN7021030;UIC;7021030
TN7021030;WIKIDATA;Q2319302
TN7021040;CRS;GSD
TN7021040;OSM;20972511
TN7021040;UIC;7021040
TN7021040;WIKIDATA;Q2145153
TN7021050;CRS;HIR
TN7021050;OSM;20975875
TN7021050;UIC;7021050
TN7021050;WIKIDATA;Q5906817
TN7021060;CRS;RHD
TN7021060;OSM;20975595
TN7021060;UIC;7021060
TN7021060;WIKIDATA;Q2801135
TN7021070;CRS;SET
TN7021070;OSM;12858702
TN7021070;UIC;7021070
TN7021070;WIKIDATA;Q2210148
TN7021180;CRS;CAR
TN7021180;OSM;10288172
TN7021180;UIC;7021180
TN7021180;WIKIDATA;Q2792535
TN7021210;CRS;ELP
TN7021210;OSM;14188019
TN7021210;UIC;7021210
TN7021210;WIKIDATA;Q5365264
TN7021220;CRS;INE
TN7021220;OSM;3695343701
TN7021220;UIC;7021220
TN7021220;WIKIDATA;Q2676232
TN7021230;CRS;BLN
TN7021230;OSM;4824860651
TN7021230;UIC;7021230
TN7021230;WIKIDATA;Q2342705
TN7021240;CRS;KIR
TN7021240;OSM;30639884
TN7021240;UIC;7021240
TN7021240;WIKIDATA;Q2638933
TN7021250;CRS;AIN
TN7021250;OSM;30644154
TN7021250;UIC;7021250
TN7021250;WIKIDATA;Q2184297
TN7021260;CRS;FAZ
TN7021260;OSM;3773250539
TN7021260;UIC;7021260
TN7021260;WIKIDATA;Q4837976
TN7021280;CRS;ERA
TN7021280;OSM;10056858277
TN7021280;UIC;7021280
TN7021280;WIKIDATA;Q2043331
TN7021310;CRS;RIL
TN7021310;OSM;3773154592
TN7021310;UIC;7021310
TN7021310;WIKIDATA;Q2419192
TN7021330;CRS;WLO
TN7021330;OSM;30644355
TN7021330;UIC;7021330
TN7021330;WIKIDATA;Q2305041
TN7021360;CRS;BID
TN7021360;OSM;10055803289
TN7021360;UIC;7021360
TN7021360;WIKIDATA;Q2592219
TN7021380;CRS;HSW
TN7021380;OSM;80043957
TN7021380;UIC;7021380
TN7021380;WIKIDATA;Q3418506
TN7021390;CRS;NES
TN7021390;OSM;27072504
TN7021390;UIC;7021390
TN7021390;WIKIDATA;Q2540573
TN7021410;CRS;UPT
TN7021410;OSM;31072179
TN7021410;UIC;7021410
TN7021410;WIKIDATA;Q2736977
TN7021450;CRS;BKN
TN7021450;OSM;10055803287
TN7021450;UIC;7021450
TN7021450;WIKIDATA;Q2583306
TN7021460;CRS;HWB
TN7021460;OSM;29034891
TN7021460;UIC;7021460
TN7021460;WIKIDATA;Q519727
TN7021480;CRS;LVS
TN7021480;UIC;7021480
TN7021490;CRS;HSB
TN7021490;OSM;16265186
TN7021490;UIC;7021490
TN7021490;WIKIDATA;Q3401861
TN7021510;CRS;MRT
TN7021510;OSM;31072160
TN7021510;UIC;7021510
TN7021510;WIKIDATA;Q2556146
TN7021520;CRS;NBN
TN7021520;OSM;1669450062
TN7021520;UIC;7021520
TN7021520;WIKIDATA;Q2194863
TN7021540;CRS;WLG
TN7021540;OSM;10056068812
TN7021540;UIC;7021540
TN7021540;WIKIDATA;Q2633126
TN7021550;CRS;MAG
TN7021550;OSM;49351567
TN7021550;UIC;7021550
TN7021550;WIKIDATA;Q2683134
TN7021560;CRS;LTT
TN7021560;OSM;10056858288
TN7021560;UIC;7021560
TN7021560;WIKIDATA;Q2676958
TN7021570;CRS;OVE
TN7021570;OSM;10056858302
TN7021570;UIC;7021570
TN7021570;WIKIDATA;Q603781
TN7021580;CRS;MLD
TN7021580;OSM;6334988561
TN7021580;UIC;7021580
TN7021580;WIKIDATA;Q4499800
TN7021600;CRS;HUY
TN7021600;OSM;255276373
TN7021600;UIC;7021600
TN7021600;WIKIDATA;Q946322
TN7021610;CRS;WHN
TN7021610;OSM;255278185
TN7021610;UIC;7021610
TN7021610;WIKIDATA;Q2459451
TN7021690;CRS;EDG
TN7021690;OSM;6414583115
TN7021690;UIC;7021690
TN7021690;WIKIDATA;Q1814188
TN7021710;CRS;MSH
TN7021710;OSM;6414583116
TN7021710;UIC;7021710
TN7021710;WIKIDATA;Q1998870
TN7021860;CRS;CPU
TN7021860;OSM;10056956275
TN7021860;UIC;7021860
TN7021860;WIKIDATA;Q137076
TN7021870;CRS;BAC
TN7021870;OSM;10056956277
TN7021870;UIC;7021870
TN7021870;WIKIDATA;Q139580
TN7021880;CRS;BEB
TN7021880;OSM;10056858272
TN7021880;UIC;7021880
TN7021880;WIKIDATA;Q2192728
TN7021890;CRS;RFY
TN7021890;OSM;10056858271
TN7021890;UIC;7021890
TN7021890;WIKIDATA;Q1812654
TN7021900;CRS;BOM
TN7021900;OSM;10056858276
TN7021900;UIC;7021900
TN7021900;WIKIDATA;Q2223694
TN7021910;CRS;BMR
TN7021910;OSM;3773032616
TN7021910;UIC;7021910
TN7021910;WIKIDATA;Q2270263
TN7021930;CRS;HOO
TN7021930;OSM;10056858279
TN7021930;UIC;7021930
TN7021930;WIKIDATA;Q2291942
TN7021940;CRS;HYK
TN7021940;OSM;10055803296
TN7021940;UIC;7021940
TN7021940;WIKIDATA;Q2196603
TN7021950;CRS;BNW
TN7021950;OSM;30655315
TN7021950;UIC;7021950
TN7021950;WIKIDATA;Q2183294
TN7021980;CRS;PSL
TN7021980;OSM;7154300770
TN7021980;UIC;7021980
TN7021980;WIKIDATA;Q2421117
TN7021990;CRS;SPI
TN7021990;UIC;7021990
TN7022010;CRS;WKI
TN7022010;OSM;10055803298
TN7022010;UIC;7022010
TN7022010;WIKIDATA;Q515270
TN7022150;CRS;AUG
TN7022150;OSM;3773093432
TN7022150;UIC;7022150
TN7022150;WIKIDATA;Q4032363
TN7022170;CRS;BKC
TN7022170;OSM;110099217
TN7022170;UIC;7022170
TN7022170;WIKIDATA;Q599794
TN7022180;CRS;GNL
TN7022180;OSM;110101910
TN7022180;UIC;7022180
TN7022180;WIKIDATA;Q2253816
TN7022190;CRS;BKQ
TN7022190;OSM;10055803283
TN7022190;UIC;7022190
TN7022190;WIKIDATA;Q305403
TN7022200;CRS;BKP
TN7022200;OSM;10055803285
TN7022200;UIC;7022200
TN7022200;WIKIDATA;Q2592796
TN7022220;CRS;BYN
TN7022220;OSM;24832755
TN7022220;UIC;7022220
TN7022220;WIKIDATA;Q2273170
TN7022250;CRS;CSG
TN7022250;OSM;26866476
TN7022250;UIC;7022250
TN7022250;WIKIDATA;Q2465226
TN7022260;CRS;MRF
TN7022260;OSM;7153736019
TN7022260;UIC;7022260
TN7022260;WIKIDATA;Q2261745
TN7022270;CRS;ECL
TN7022270;OSM;3773234334
TN7022270;UIC;7022270
TN7022270;WIKIDATA;Q1974795
TN7022290;CRS;HLR
TN7022290;OSM;3773194172
TN7022290;UIC;7022290
TN7022290;WIKIDATA;Q2233289
TN7022300;CRS;HTF
TN7022300;OSM;6677260350
TN7022300;UIC;7022300
TN7022300;WIKIDATA;Q3166004
TN7022310;CRS;HIL
TN7022310;OSM;3773194174
TN7022310;UIC;7022310
TN7022310;WIKIDATA;Q2398739
TN7022350;CRS;HNX
TN7022350;OSM;4796770277
TN7022350;UIC;7022350
TN7022350;WIKIDATA;Q1867593
TN7022360;CRS;INC
TN7022360;OSM;9777001562
TN7022360;UIC;7022360
TN7022360;WIKIDATA;Q3342847
TN7022370;CRS;LSW
TN7022370;OSM;31072159
TN7022370;UIC;7022370
TN7022370;WIKIDATA;Q3441748
TN7022380;CRS;BAH
TN7022380;OSM;255357280
TN7022380;UIC;7022380
TN7022380;WIKIDATA;Q2777932
TN7022390;CRS;BOT
TN7022390;OSM;30655318
TN7022390;UIC;7022390
TN7022390;WIKIDATA;Q2149213
TN7022400;CRS;BGE
TN7022400;OSM;152294619
TN7022400;UIC;7022400
TN7022400;WIKIDATA;Q2629741
TN7022420;CRS;LVC
TN7022420;OSM;7154329895
TN7022420;UIC;7022420
TN7022420;WIKIDATA;Q2519286
TN7022440;CRS;LVJ
TN7022440;OSM;7147294467
TN7022440;UIC;7022440
TN7022440;WIKIDATA;Q1928945
TN7022450;CRS;KKD
TN7022450;OSM;255281968
TN7022450;UIC;7022450
TN7022450;WIKIDATA;Q1853000
TN7022460;CRS;LIV
TN7022460;OSM;6960405293
TN7022460;UIC;7022460
TN7022460;WIKIDATA;Q801113
TN7022470;CRS;OPK
TN7022470;OSM;3773093434
TN7022470;UIC;7022470
TN7022470;WIKIDATA;Q2054566
TN7022480;CRS;STM
TN7022480;OSM;252502212
TN7022480;UIC;7022480
TN7022480;WIKIDATA;Q1817693
TN7022490;CRS;SDL
TN7022490;OSM;7154330909
TN7022490;UIC;7022490
TN7022490;WIKIDATA;Q2463350
TN7022500;CRS;SFL
TN7022500;OSM;30655305
TN7022500;UIC;7022500
TN7022500;WIKIDATA;Q7440410
TN7022510;CRS;WAO
TN7022510;OSM;3773105066
TN7022510;UIC;7022510
TN7022510;WIKIDATA;Q2346937
TN7022530;CRS;MNR
TN7022530;OSM;10055803295
TN7022530;UIC;7022530
TN7022530;WIKIDATA;Q2216543
TN7022540;CRS;MEO
TN7022540;OSM;10055803294
TN7022540;UIC;7022540
TN7022540;WIKIDATA;Q2574955
TN7022550;CRS;AIG
TN7022550;OSM;27208512
TN7022550;UIC;7022550
TN7022550;WIKIDATA;Q2677471
TN7022570;CRS;NLW
TN7022570;OSM;6003537487
TN7022570;UIC;7022570
TN7022570;WIKIDATA;Q2115791
TN7022580;CRS;ORN
TN7022580;OSM;3773093433
TN7022580;UIC;7022580
TN7022580;WIKIDATA;Q7084858
TN7022590;CRS;ORR
TN7022590;OSM;30581712
TN7022590;UIC;7022590
TN7022590;WIKIDATA;Q2939923
TN7022610;CRS;ROB
TN7022610;OSM;3680050751
TN7022610;UIC;7022610
TN7022610;WIKIDATA;Q3063201
TN7022620;CRS;SOP
TN7022620;OSM;29974833
TN7022620;UIC;7022620
TN7022620;WIKIDATA;Q650633
TN7022640;CRS;THH
TN7022640;OSM;24829877
TN7022640;UIC;7022640
TN7022640;WIKIDATA;Q1960597
TN7022650;CRS;WLV
TN7022650;OSM;10056068810
TN7022650;UIC;7022650
TN7022650;WIKIDATA;Q508070
TN7022660;CRS;WSA
TN7022660;OSM;6414583117
TN7022660;UIC;7022660
TN7022660;WIKIDATA;Q2787611
TN7022690;CRS;WSF
TN7022690;OSM;7170544377
TN7022690;UIC;7022690
TN7022690;WIKIDATA;Q5290727
TN7022790;CRS;BCB
TN7022790;OSM;3713687526
TN7022790;UIC;7022790
TN7022790;WIKIDATA;Q4327046
TN7022800;CRS;BCJ
TN7022800;OSM;29393747
TN7022800;UIC;7022800
TN7022800;WIKIDATA;Q2676129
TN7022810;CRS;OMS
TN7022810;OSM;7149987543
TN7022810;UIC;7022810
TN7022810;WIKIDATA;Q516260
TN7022830;CRS;TWN
TN7022830;OSM;3773105065
TN7022830;UIC;7022830
TN7022830;WIKIDATA;Q1879069
TN7022840;CRS;FRD
TN7022840;OSM;510553823
TN7022840;UIC;7022840
TN7022840;WIKIDATA;Q2471361
TN7022870;CRS;ACB
TN7022870;OSM;10287644
TN7022870;UIC;7000024
TN7022870;UIC;7022870
TN7022870;WIKIDATA;Q2097961
TN7022910;CRS;RUN
TN7022910;OSM;6004512794
TN7022910;UIC;7022910
TN7022910;WIKIDATA;Q4455872
TN7022920;CRS;ERL
TN7022920;OSM;6003537488
TN7022920;UIC;7022920
TN7022920;WIKIDATA;Q2752285
TN7022940;CRS;RUE
TN7022940;OSM;3711783203
TN7022940;UIC;7022940
TN7022940;WIKIDATA;Q2275868
TN7022950;CRS;HED
TN7022950;OSM;6414583133
TN7022950;UIC;7022950
TN7022950;WIKIDATA;Q2395635
TN7022960;CRS;RNH
TN7022960;OSM;30581638
TN7022960;UIC;7022960
TN7022960;WIKIDATA;Q2634815
TN7023010;CRS;GLZ
TN7023010;OSM;7154310096
TN7023010;UIC;7023010
TN7023010;WIKIDATA;Q1888823
TN7023030;CRS;HGN
TN7023030;OSM;6414583134
TN7023030;UIC;7023030
TN7023030;WIKIDATA;Q2048141
TN7023040;CRS;BWD
TN7023040;OSM;6414583148
TN7023040;UIC;7023040
TN7023040;WIKIDATA;Q1846262
TN7023050;CRS;CUD
TN7023050;OSM;6334988563
TN7023050;UIC;7023050
TN7023050;WIKIDATA;Q2832836
TN7023060;CRS;DLM
TN7023060;OSM;6334988562
TN7023060;UIC;7023060
TN7023060;WIKIDATA;Q1931482
TN7023070;CRS;LTG
TN7023070;OSM;3724898177
TN7023070;UIC;7023070
TN7023070;WIKIDATA;Q5296744
TN7023080;CRS;PLM
TN7023080;OSM;6334988566
TN7023080;UIC;7023080
TN7023080;WIKIDATA;Q2528454
TN7023130;CRS;CSO
TN7023130;OSM;29390839
TN7023130;UIC;7023130
TN7023130;WIKIDATA;Q2369308
TN7023150;CRS;RUF
TN7023150;OSM;7209348825
TN7023150;UIC;7023150
TN7023150;WIKIDATA;Q2653620
TN7023250;CRS;GBK
TN7023250;OSM;6334988564
TN7023250;UIC;7023250
TN7023250;WIKIDATA;Q2494658
TN7023260;CRS;NWI
TN7023260;OSM;6334988565
TN7023260;UIC;7023260
TN7023260;WIKIDATA;Q1914443
TN7023350;CRS;GSW
TN7023350;OSM;24832738
TN7023350;UIC;7023350
TN7023350;WIKIDATA;Q2493140
TN7023370;CRS;PSC
TN7023370;OSM;3773234337
TN7023370;UIC;7023370
TN7023370;WIKIDATA;Q1938051
TN7023390;CRS;LEG
TN7023390;OSM;24829827
TN7023390;UIC;7023390
TN7023390;WIKIDATA;Q2797507
TN7023400;CRS;SHJ
TN7023400;OSM;3680050752
TN7023400;UIC;7023400
TN7023400;WIKIDATA;Q2497628
TN7023410;CRS;SNH
TN7023410;OSM;10235723972
TN7023410;UIC;7023410
TN7023410;WIKIDATA;Q4371105
TN7023500;CRS;ANS
TN7023500;OSM;30646002
TN7023500;UIC;7023500
TN7023500;WIKIDATA;Q958339
TN7023510;CRS;BES
TN7023510;OSM;3713687525
TN7023510;UIC;7023510
TN7023510;WIKIDATA;Q2625226
TN7023520;CRS;BDL
TN7023520;OSM;3773194170
TN7023520;UIC;7023520
TN7023520;WIKIDATA;Q2470223
TN7023540;CRS;FBY
TN7023540;OSM;30645999
TN7023540;UIC;7023540
TN7023540;WIKIDATA;Q2740647
TN7023550;CRS;FRE
TN7023550;OSM;3773194171
TN7023550;UIC;7023550
TN7023550;WIKIDATA;Q1860501
TN7023560;CRS;HTO
TN7023560;OSM;3773194173
TN7023560;UIC;7023560
TN7023560;WIKIDATA;Q2275625
TN7023570;CRS;MEC
TN7023570;OSM;8476787417
TN7023570;UIC;7023570
TN7023570;WIKIDATA;Q3247481
TN7023580;CRS;NLN
TN7023580;OSM;3713687527
TN7023580;UIC;7023580
TN7023580;WIKIDATA;Q2207175
TN7023630;CRS;WGN
TN7023630;OSM;1305070561
TN7023630;UIC;7023630
TN7023630;WIKIDATA;Q2186551
TN7023640;CRS;UPL
TN7023640;OSM;30581723
TN7023640;UIC;7023640
TN7023640;WIKIDATA;Q2511501
TN7023840;CRS;WBQ
TN7023840;OSM;25422812
TN7023840;UIC;7023840
TN7023840;WIKIDATA;Q2641986
TN7023870;CRS;PDG
TN7023870;OSM;6414583149
TN7023870;UIC;7023870
TN7023870;WIKIDATA;Q7123720
TN7023880;CRS;SNK
TN7023880;OSM;6414583136
TN7023880;UIC;7023880
TN7023880;WIKIDATA;Q2489669
TN7023900;CRS;WAC
TN7023900;OSM;6414583152
TN7023900;UIC;7023900
TN7023900;WIKIDATA;Q2746238
TN7023910;CRS;WID
TN7023910;OSM;5348921775
TN7023910;UIC;7023910
TN7023910;WIKIDATA;Q1499079
TN7023960;CRS;APB
TN7023960;OSM;3713687531
TN7023960;UIC;7023960
TN7023960;WIKIDATA;Q4781444
TN7023970;CRS;GST
TN7023970;OSM;3713687530
TN7023970;UIC;7023970
TN7023970;WIKIDATA;Q2311154
TN7023980;CRS;HIN
TN7023980;OSM;9777001563
TN7023980;UIC;7023980
TN7023980;WIKIDATA;Q2147566
TN7023990;CRS;HSC
TN7023990;OSM;3713687529
TN7023990;UIC;7023990
TN7023990;WIKIDATA;Q4391703
TN7024020;CRS;PBL
TN7024020;OSM;3713687528
TN7024020;UIC;7024020
TN7024020;WIKIDATA;Q2024428
TN7024030;CRS;PEM
TN7024030;OSM;30416929
TN7024030;UIC;7024030
TN7024030;WIKIDATA;Q2729763
TN7024040;CRS;RNF
TN7024040;OSM;30581728
TN7024040;UIC;7024040
TN7024040;WIKIDATA;Q2420844
TN7024060;CRS;WGW
TN7024060;OSM;30416942
TN7024060;UIC;7024060
TN7024060;WIKIDATA;Q7999554
TN7024120;CRS;CTR
TN7024120;OSM;5028607042
TN7024120;UIC;7024120
TN7024120;WIKIDATA;Q2478175
TN7024200;CRS;BER
TN7024200;OSM;58986812
TN7024200;UIC;7024200
TN7024200;WIKIDATA;Q2235875
TN7024220;CRS;BCK
TN7024220;OSM;207291800
TN7024220;UIC;7024220
TN7024220;WIKIDATA;Q3401896
TN7024250;CRS;CYB
TN7024250;OSM;26722295
TN7024250;UIC;7024250
TN7024250;WIKIDATA;Q2623509
TN7024280;CRS;HWD
TN7024280;OSM;7636853116
TN7024280;UIC;7024280
TN7024280;WIKIDATA;Q1880646
TN7024320;CRS;HPE
TN7024320;OSM;26722291
TN7024320;UIC;7024320
TN7024320;WIKIDATA;Q2357931
TN7024330;CRS;PNF
TN7024330;OSM;60141214
TN7024330;UIC;7024330
TN7024330;WIKIDATA;Q3401808
TN7024350;CRS;BOR
TN7024350;OSM;27287883
TN7024350;UIC;7024350
TN7024350;WIKIDATA;Q3085974
TN7024370;CRS;HHD
TN7024370;OSM;7154209250
TN7024370;UIC;7024370
TN7024370;WIKIDATA;Q2398052
TN7024390;CRS;TYC
TN7024390;OSM;27287893
TN7024390;UIC;7024390
TN7024390;WIKIDATA;Q3400226
TN7024400;CRS;VAL
TN7024400;OSM;27287918
TN7024400;UIC;7024400
TN7024400;WIKIDATA;Q2682339
TN7024440;CRS;RMB
TN7024440;OSM;255133585
TN7024440;UIC;7024440
TN7024440;WIKIDATA;Q2608823
TN7024480;CRS;AGL
TN7024480;OSM;206134283
TN7024480;UIC;7024480
TN7024480;WIKIDATA;Q2835419
TN7024490;CRS;BYC
TN7024490;OSM;3510166604
TN7024490;UIC;7024490
TN7024490;WIKIDATA;Q2708194
TN7024500;CRS;BFF
TN7024500;OSM;256557677
TN7024500;UIC;7024500
TN7024500;WIKIDATA;Q2375970
TN7024510;CRS;CWB
TN7024510;OSM;306136995
TN7024510;UIC;7024510
TN7024510;WIKIDATA;Q1856448
TN7024520;CRS;DWD
TN7024520;OSM;255134714
TN7024520;UIC;7024520
TN7024520;WIKIDATA;Q2490766
TN7024540;CRS;GCW
TN7024540;OSM;210961505
TN7024540;UIC;7024540
TN7024540;WIKIDATA;Q1946445
TN7024550;CRS;NLR
TN7024550;OSM;36165477
TN7024550;UIC;7024550
TN7024550;WIKIDATA;Q1931678
TN7024570;CRS;LWR
TN7024570;OSM;36165464
TN7024570;UIC;7024570
TN7024570;WIKIDATA;Q2190436
TN7024590;CRS;PYP
TN7024590;OSM;255166300
TN7024590;UIC;7024590
TN7024590;WIKIDATA;Q2244914
TN7024610;CRS;RHL
TN7024610;OSM;387754
TN7024610;UIC;7024610
TN7024610;WIKIDATA;Q2043736
TN7024630;CRS;TLC
TN7024630;OSM;36165737
TN7024630;UIC;7024630
TN7024630;WIKIDATA;Q2647911
TN7024670;CRS;LPG
TN7024670;OSM;27287843
TN7024670;UIC;7024670
TN7024670;WIKIDATA;Q2528020
TN7024710;CRS;BNG
TN7024710;OSM;4461326005
TN7024710;UIC;7024710
TN7024710;WIKIDATA;Q1902478
TN7024800;CRS;DGY
TN7024800;OSM;21590944
TN7024800;UIC;7024800
TN7024800;WIKIDATA;Q2178092
TN7024840;CRS;LLD
TN7024840;OSM;21590953
TN7024840;UIC;7024840
TN7024840;WIKIDATA;Q2415206
TN7024850;CRS;LLJ
TN7024850;OSM;10280994
TN7024850;UIC;7024850
TN7024850;WIKIDATA;Q2344848
TN7024860;CRS;CNW
TN7024860;OSM;206161994
TN7024860;UIC;7024860
TN7024860;WIKIDATA;Q1991921
TN7024880;CRS;LLF
TN7024880;OSM;27287790
TN7024880;UIC;7024880
TN7024880;WIKIDATA;Q2840781
TN7024940;CRS;PMW
TN7024940;OSM;27287773
TN7024940;UIC;7024940
TN7024940;WIKIDATA;Q2441170
TN7025130;CRS;FLN
TN7025130;OSM;10281125
TN7025130;UIC;7025130
TN7025130;WIKIDATA;Q2110992
TN7025210;CRS;PRT
TN7025210;OSM;105712447
TN7025210;UIC;7025210
TN7025210;WIKIDATA;Q2284492
TN7025360;CRS;CGW
TN7025360;OSM;26722292
TN7025360;UIC;7025360
TN7025360;WIKIDATA;Q2684872
TN7025380;CRS;DLG
TN7025380;OSM;36165504
TN7025380;UIC;7025380
TN7025380;WIKIDATA;Q960654
TN7025440;CRS;RHO
TN7025440;OSM;27287902
TN7025440;UIC;7025440
TN7025440;WIKIDATA;Q3400589
TN7025460;CRS;SHT
TN7025460;OSM;10281147
TN7025460;UIC;7025460
TN7025460;WIKIDATA;Q2913893
TN7025490;CRS;BYM
TN7025490;OSM;3715250480
TN7025490;UIC;7025490
TN7025490;WIKIDATA;Q4539321
TN7025500;CRS;BNC
TN7025500;OSM;29768942
TN7025500;UIC;7025500
TN7025500;WIKIDATA;Q2664533
TN7025520;CRS;ACR
TN7025520;OSM;3715250477
TN7025520;UIC;7000025
TN7025520;UIC;7025520
TN7025520;WIKIDATA;Q1811969
TN7025540;CRS;BRF
TN7025540;OSM;29768959
TN7025540;UIC;7025540
TN7025540;WIKIDATA;Q4367050
TN7025560;CRS;CTW
TN7025560;UIC;7025560
TN7025570;CRS;HPN
TN7025570;OSM;3715250486
TN7025570;UIC;7025570
TN7025570;WIKIDATA;Q2211158
TN7025580;CRS;HCT
TN7025580;OSM;3715250492
TN7025580;UIC;7025580
TN7025580;WIKIDATA;Q2023601
TN7025610;CRS;BMB
TN7025610;OSM;3711617680
TN7025610;UIC;7025610
TN7025610;WIKIDATA;Q2870083
TN7025620;CRS;CNE
TN7025620;OSM;5063928413
TN7025620;UIC;7025620
TN7025620;WIKIDATA;Q2800574
TN7025650;CRS;NEL
TN7025650;OSM;29768958
TN7025650;UIC;7025650
TN7025650;WIKIDATA;Q1943735
TN7025720;CRS;HID
TN7025720;OSM;255951095
TN7025720;UIC;7025720
TN7025720;WIKIDATA;Q2311804
TN7025730;CRS;CYT
TN7025730;OSM;4978846098
TN7025730;UIC;7025730
TN7025730;WIKIDATA;Q2389820
TN7025740;CRS;CLH
TN7025740;OSM;5063950017
TN7025740;UIC;7025740
TN7025740;WIKIDATA;Q2195813
TN7025760;CRS;DWN
TN7025760;OSM;21665807
TN7025760;UIC;7025760
TN7025760;WIKIDATA;Q2248104
TN7025800;CRS;RIS
TN7025800;OSM;3715250500
TN7025800;UIC;7025800
TN7025800;WIKIDATA;Q2286734
TN7025840;CRS;ATN
TN7025840;OSM;6581364399
TN7025840;UIC;7025840
TN7025840;WIKIDATA;Q2474672
TN7025850;CRS;HGF
TN7025850;OSM;8257336106
TN7025850;UIC;7025850
TN7025850;WIKIDATA;Q2022284
TN7025980;CRS;LOT
TN7025980;OSM;5392831639
TN7025980;UIC;7025980
TN7025980;WIKIDATA;Q6684520
TN7025990;CRS;BON
TN7025990;OSM;2412405110
TN7025990;UIC;7025990
TN7025990;WIKIDATA;Q112080782
TN7026030;CRS;BNT
TN7026030;OSM;3715250479
TN7026030;UIC;7026030
TN7026030;WIKIDATA;Q945601
TN7026040;CRS;HTY
TN7026040;OSM;35347920
TN7026040;UIC;7026040
TN7026040;WIKIDATA;Q2196766
TN7026050;CRS;KSL
TN7026050;OSM;21668335
TN7026050;UIC;7026050
TN7026050;WIKIDATA;Q3464698
TN7026060;CRS;MSS
TN7026060;OSM;6283856444
TN7026060;UIC;7026060
TN7026060;WIKIDATA;Q2682095
TN7026120;CRS;WKD
TN7026120;OSM;6581364398
TN7026120;UIC;7026120
TN7026120;WIKIDATA;Q2491736
TN7026190;CRS;WHG
TN7026190;OSM;6178577209
TN7026190;UIC;7026190
TN7026190;WIKIDATA;Q2751556
TN7026400;CRS;CNF
TN7026400;OSM;29496107
TN7026400;UIC;7026400
TN7026400;WIKIDATA;Q2576627
TN7026410;CRS;ADL
TN7026410;OSM;5392834870
TN7026410;UIC;7026410
TN7026410;WIKIDATA;Q4683321
TN7026530;CRS;CPY
TN7026530;OSM;3754534931
TN7026530;UIC;7026530
TN7026530;WIKIDATA;Q5125882
TN7026540;CRS;GGV
TN7026540;OSM;3754534933
TN7026540;UIC;7026540
TN7026540;WIKIDATA;Q2007532
TN7026550;CRS;GIG
TN7026550;OSM;1569467343
TN7026550;UIC;7026550
TN7026550;WIKIDATA;Q2802459
TN7026560;CRS;HLD
TN7026560;OSM;7172650205
TN7026560;UIC;7026560
TN7026560;WIKIDATA;Q1859183
TN7026570;CRS;LPR
TN7026570;OSM;21664014
TN7026570;UIC;7026570
TN7026570;WIKIDATA;Q2197021
TN7026600;CRS;SMB
TN7026600;OSM;3713659400
TN7026600;UIC;7026600
TN7026600;WIKIDATA;Q2490973
TN7026610;CRS;LTL
TN7026610;OSM;3713652217
TN7026610;UIC;7026610
TN7026610;WIKIDATA;Q2111684
TN7026620;CRS;AFV
TN7026620;OSM;50166218
TN7026620;UIC;7026620
TN7026620;WIKIDATA;Q108325603
TN7026650;CRS;WDN
TN7026650;OSM;3713665111
TN7026650;UIC;7026650
TN7026650;WIKIDATA;Q7963803
TN7026660;CRS;SQU
TN7026660;OSM;50166239
TN7026660;UIC;7026660
TN7026660;WIKIDATA;Q2238694
TN7026680;CRS;KKM
TN7026680;OSM;29408109
TN7026680;UIC;7026680
TN7026680;WIKIDATA;Q2226133
TN7026690;CRS;LAY
TN7026690;OSM;29498456
TN7026690;UIC;7026690
TN7026690;WIKIDATA;Q2117163
TN7026700;CRS;LTM
TN7026700;OSM;50166206
TN7026700;UIC;7026700
TN7026700;WIKIDATA;Q2334442
TN7026710;CRS;PFY
TN7026710;OSM;7209211337
TN7026710;UIC;7026710
TN7026710;WIKIDATA;Q7235582
TN7026720;CRS;SAS
TN7026720;OSM;7167850032
TN7026720;UIC;7026720
TN7026720;WIKIDATA;Q2482766
TN7026730;CRS;SLW
TN7026730;OSM;29408099
TN7026730;UIC;7026730
TN7026730;WIKIDATA;Q2915837
TN7026750;CRS;MOS
TN7026750;OSM;29408128
TN7026750;UIC;7026750
TN7026750;WIKIDATA;Q1845935
TN7026760;CRS;BEN
TN7026760;OSM;3754534930
TN7026760;UIC;7026760
TN7026760;WIKIDATA;Q4890388
TN7026770;CRS;TOD
TN7026770;OSM;4977730954
TN7026770;UIC;7026770
TN7026770;WIKIDATA;Q2014508
TN7026810;CRS;WNN
TN7026810;OSM;3715250508
TN7026810;UIC;7026810
TN7026810;WIKIDATA;Q1900362
TN7026850;CRS;LAN
TN7026850;OSM;7167841964
TN7026850;UIC;7026850
TN7026850;WIKIDATA;Q763073
TN7026890;CRS;LOH
TN7026890;OSM;4978846066
TN7026890;UIC;7026890
TN7026890;WIKIDATA;Q2308921
TN7026900;CRS;BAR
TN7026900;OSM;30691920
TN7026900;UIC;7026900
TN7026900;WIKIDATA;Q2533607
TN7026950;CRS;MCM
TN7026950;OSM;30691936
TN7026950;UIC;7026950
TN7026950;WIKIDATA;Q6911230
TN7026970;CRS;BMC
TN7026970;OSM;255947227
TN7026970;UIC;7026970
TN7026970;WIKIDATA;Q3921315
TN7027100;CRS;LEY
TN7027100;OSM;6451802274
TN7027100;UIC;7027100
TN7027100;WIKIDATA;Q2618332
TN7027220;CRS;RSG
TN7027220;OSM;4977730976
TN7027220;UIC;7027220
TN7027220;WIKIDATA;Q2696848
TN7027280;CRS;SKI
TN7027280;OSM;5061764050
TN7027280;UIC;7027280
TN7027280;WIKIDATA;Q2477336
TN7027320;CRS;BLK
TN7027320;OSM;22404971
TN7027320;UIC;7027320
TN7027320;WIKIDATA;Q1820371
TN7027340;CRS;RGW
TN7027340;OSM;2185022486
TN7027340;UIC;7027340
TN7027340;WIKIDATA;Q3983378
TN7027350;CRS;LHO
TN7027350;OSM;21664753
TN7027350;UIC;7027350
TN7027350;WIKIDATA;Q2519968
TN7027360;CRS;WHE
TN7027360;OSM;5063999843
TN7027360;UIC;7027360
TN7027360;WIKIDATA;Q3453912
TN7027370;CRS;BBN
TN7027370;OSM;4977730957
TN7027370;UIC;7027370
TN7027370;WIKIDATA;Q2726049
TN7027380;CRS;BPB
TN7027380;OSM;252717146
TN7027380;UIC;7027380
TN7027380;WIKIDATA;Q2149557
TN7027390;CRS;BPN
TN7027390;OSM;6089919907
TN7027390;UIC;7027390
TN7027390;WIKIDATA;Q2351722
TN7027400;CRS;BPS
TN7027400;OSM;7298143086
TN7027400;UIC;7027400
TN7027400;WIKIDATA;Q4923280
TN7027430;CRS;BUB
TN7027430;OSM;29768945
TN7027430;UIC;7027430
TN7027430;WIKIDATA;Q2180048
TN7027450;CRS;CRL
TN7027450;OSM;5066220924
TN7027450;UIC;7027450
TN7027450;WIKIDATA;Q2315269
TN7027470;CRS;ENT
TN7027470;OSM;21665839
TN7027470;UIC;7027470
TN7027470;WIKIDATA;Q2933251
TN7027500;CRS;MLH
TN7027500;OSM;4978846110
TN7027500;UIC;7027500
TN7027500;WIKIDATA;Q654882
TN7027520;CRS;PLS
TN7027520;OSM;3711617684
TN7027520;UIC;7027520
TN7027520;WIKIDATA;Q3306245
TN7027530;CRS;PRE
TN7027530;OSM;6677208684
TN7027530;UIC;7027530
TN7027530;WIKIDATA;Q2441793
TN7027600;CRS;ALD
TN7027600;OSM;3754534929
TN7027600;UIC;7027600
TN7027600;WIKIDATA;Q137118
TN7027620;CRS;CEF
TN7027620;OSM;6439021768
TN7027620;UIC;7027620
TN7027620;WIKIDATA;Q1839026
TN7027640;CRS;CEL
TN7027640;OSM;6416944406
TN7027640;UIC;7027640
TN7027640;WIKIDATA;Q255631
TN7027650;CRS;DSL
TN7027650;OSM;6439021765
TN7027650;UIC;7027650
TN7027650;WIKIDATA;Q2188223
TN7027660;CRS;DVH
TN7027660;OSM;6439021769
TN7027660;UIC;7027660
TN7027660;WIKIDATA;Q2280131
TN7027670;CRS;HTH
TN7027670;OSM;6416944405
TN7027670;UIC;7027670
TN7027670;WIKIDATA;Q2123156
TN7027680;CRS;HAZ
TN7027680;OSM;6439021764
TN7027680;UIC;7027680
TN7027680;WIKIDATA;Q1960019
TN7027690;CRS;NMN
TN7027690;OSM;6439021766
TN7027690;UIC;7027690
TN7027690;WIKIDATA;Q2144777
TN7027700;CRS;DVN
TN7027700;OSM;6439021762
TN7027700;UIC;7027700
TN7027700;WIKIDATA;Q2360226
TN7027710;CRS;SPT
TN7027710;OSM;5356293946
TN7027710;UIC;7027710
TN7027710;WIKIDATA;Q4399720
TN7027720;CRS;WBR
TN7027720;OSM;7154317764
TN7027720;UIC;7027720
TN7027720;WIKIDATA;Q2111822
TN7027730;CRS;WSR
TN7027730;OSM;6439021763
TN7027730;UIC;7027730
TN7027730;WIKIDATA;Q2604107
TN7027740;CRS;WML
TN7027740;OSM;446375378
TN7027740;UIC;7027740
TN7027740;WIKIDATA;Q2212934
TN7027770;CRS;DSY
TN7027770;OSM;6569339484
TN7027770;UIC;7000641
TN7027770;UIC;7027770
TN7027770;WIKIDATA;Q1822126
TN7027790;CRS;BDY
TN7027790;OSM;6331331034
TN7027790;UIC;7027790
TN7027790;WIKIDATA;Q2018710
TN7027800;CRS;FRF
TN7027800;OSM;6367868938
TN7027800;UIC;7027800
TN7027800;WIKIDATA;Q3190561
TN7027850;CRS;BLV
TN7027850;OSM;6331418876
TN7027850;UIC;7027850
TN7027850;WIKIDATA;Q4367472
TN7027860;CRS;FLF
TN7027860;OSM;3696875552
TN7027860;UIC;7027860
TN7027860;WIKIDATA;Q2858764
TN7027890;CRS;NWN
TN7027890;OSM;5383083087
TN7027890;UIC;7027890
TN7027890;WIKIDATA;Q2138827
TN7027900;CRS;AHN
TN7027900;OSM;910940825
TN7027900;UIC;7027900
TN7027900;WIKIDATA;Q2093891
TN7027940;CRS;SLD
TN7027940;OSM;7156706375
TN7027940;UIC;7027940
TN7027940;WIKIDATA;Q2084487
TN7027950;CRS;CLI
TN7027950;UIC;7027950
TN7027980;CRS;SFD
TN7027980;OSM;5064022723
TN7027980;UIC;7027980
TN7027980;WIKIDATA;Q2194900
TN7027990;CRS;MSD
TN7027990;OSM;6581364396
TN7027990;UIC;7027990
TN7027990;WIKIDATA;Q3466304
TN7028000;CRS;SNN
TN7028000;OSM;465239559
TN7028000;UIC;7028000
TN7028000;WIKIDATA;Q2685761
TN7028060;CRS;ALT
TN7028060;OSM;6334988573
TN7028060;UIC;7028060
TN7028060;WIKIDATA;Q1921455
TN7028110;CRS;FNW
TN7028110;OSM;6284257125
TN7028110;UIC;7028110
TN7028110;WIKIDATA;Q2043682
TN7028170;CRS;IRL
TN7028170;OSM;6414583147
TN7028170;UIC;7028170
TN7028170;WIKIDATA;Q2539964
TN7028200;CRS;BAM
TN7028200;OSM;6331419600
TN7028200;UIC;7028200
TN7028200;WIKIDATA;Q3955872
TN7028230;CRS;CLY
TN7028230;OSM;4379505827
TN7028230;UIC;7028230
TN7028230;WIKIDATA;Q2343783
TN7028240;CRS;EDL
TN7028240;OSM;6331419601
TN7028240;UIC;7028240
TN7028240;WIKIDATA;Q2859134
TN7028250;CRS;GRN
TN7028250;OSM;6331419599
TN7028250;UIC;7028250
TN7028250;WIKIDATA;Q4994209
TN7028260;CRS;HSG
TN7028260;OSM;5595776547
TN7028260;UIC;7028260
TN7028260;WIKIDATA;Q2375578
TN7028280;CRS;HOP
TN7028280;OSM;5424125561
TN7028280;UIC;7028280
TN7028280;WIKIDATA;Q2611272
TN7028290;CRS;HYC
TN7028290;OSM;35486041
TN7028290;UIC;7028290
TN7028290;WIKIDATA;Q2623426
TN7028300;CRS;MPL
TN7028300;OSM;6331419609
TN7028300;UIC;7028300
TN7028300;WIKIDATA;Q2488664
TN7028330;CRS;RML
TN7028330;OSM;6331331026
TN7028330;UIC;7028330
TN7028330;WIKIDATA;Q2600055
TN7028340;CRS;SRN
TN7028340;OSM;6331419604
TN7028340;UIC;7028340
TN7028340;WIKIDATA;Q2551282
TN7028350;CRS;WLY
TN7028350;OSM;35481662
TN7028350;UIC;7028350
TN7028350;WIKIDATA;Q8033064
TN7028450;CRS;HAL
TN7028450;OSM;6334988574
TN7028450;UIC;7028450
TN7028450;WIKIDATA;Q5641446
TN7028480;CRS;KNF
TN7028480;OSM;6334988569
TN7028480;UIC;7028480
TN7028480;WIKIDATA;Q2065050
TN7028490;CRS;MOB
TN7028490;OSM;5326967494
TN7028490;UIC;7028490
TN7028490;WIKIDATA;Q2671262
TN7028500;CRS;ASY
TN7028500;OSM;4338622515
TN7028500;UIC;7028500
TN7028500;WIKIDATA;Q4805654
TN7028550;CRS;DTN
TN7028550;OSM;29927228
TN7028550;UIC;7028550
TN7028550;WIKIDATA;Q5259635
TN7028570;CRS;RDS
TN7028570;OSM;29927246
TN7028570;UIC;7028570
TN7028570;WIKIDATA;Q7305639
TN7028600;CRS;HDG
TN7028600;OSM;9794768857
TN7028600;UIC;7028600
TN7028600;WIKIDATA;Q2194508
TN7028610;CRS;HTC
TN7028610;OSM;6408750135
TN7028610;UIC;7028610
TN7028610;WIKIDATA;Q2056826
TN7028620;CRS;LVM
TN7028620;OSM;6416944403
TN7028620;UIC;7028620
TN7028620;WIKIDATA;Q1995485
TN7028670;CRS;MAU
TN7028670;OSM;9794768858
TN7028670;UIC;7028670
TN7028670;WIKIDATA;Q5133815
TN7028680;CRS;SYA
TN7028680;OSM;20012021
TN7028680;UIC;7028680
TN7028680;WIKIDATA;Q2632841
TN7028700;CRS;CHU
TN7028700;OSM;446424282
TN7028700;UIC;7028700
TN7028700;WIKIDATA;Q5088802
TN7028710;CRS;MAC
TN7028710;OSM;7154282782
TN7028710;UIC;7028710
TN7028710;WIKIDATA;Q2635922
TN7028730;CRS;RSH
TN7028730;OSM;35484410
TN7028730;UIC;7028730
TN7028730;WIKIDATA;Q5449343
TN7028740;CRS;PYT
TN7028740;OSM;7153892445
TN7028740;UIC;7028740
TN7028740;WIKIDATA;Q4342836
TN7028750;CRS;PRB
TN7028750;OSM;6408750143
TN7028750;UIC;7028750
TN7028750;WIKIDATA;Q2640670
TN7028920;CRS;BDB
TN7028920;OSM;35347919
TN7028920;UIC;7028920
TN7028920;WIKIDATA;Q2634328
TN7028930;CRS;DTG
TN7028930;OSM;35347909
TN7028930;UIC;7028930
TN7028930;WIKIDATA;Q2470567
TN7028950;CRS;GLO
TN7028950;OSM;35347898
TN7028950;UIC;7028950
TN7028950;WIKIDATA;Q2189195
TN7028960;CRS;HDF
TN7028960;OSM;55321421
TN7028960;UIC;7028960
TN7028960;WIKIDATA;Q1926252
TN7029000;CRS;GNF
TN7029000;OSM;6367868939
TN7029000;UIC;7029000
TN7029000;WIKIDATA;Q1954239
TN7029030;CRS;MSL
TN7029030;OSM;2891607595
TN7029030;UIC;7029030
TN7029030;WIKIDATA;Q1986726
TN7029160;CRS;PAT
TN7029160;OSM;9777750797
TN7029160;UIC;7029160
TN7029160;WIKIDATA;Q2317165
TN7029190;CRS;CAS
TN7029190;OSM;4978929124
TN7029190;UIC;7029190
TN7029190;WIKIDATA;Q3341196
TN7029200;CRS;MIH
TN7029200;OSM;1843114721
TN7029200;UIC;7029200
TN7029200;WIKIDATA;Q2085063
TN7029240;CRS;RCD
TN7029240;OSM;5348955658
TN7029240;UIC;7029240
TN7029240;WIKIDATA;Q6746193
TN7029350;CRS;FLI
TN7029350;OSM;6414583140
TN7029350;UIC;7029350
TN7029350;WIKIDATA;Q2623299
TN7029370;CRS;HUP
TN7029370;OSM;6414583139
TN7029370;UIC;7029370
TN7029370;WIKIDATA;Q1957035
TN7029380;CRS;URM
TN7029380;OSM;6414583142
TN7029380;UIC;7029380
TN7029380;WIKIDATA;Q2753494
TN7029390;CRS;ADC
TN7029390;OSM;6408750145
TN7029390;UIC;7029390
TN7029390;WIKIDATA;Q2780857
TN7029400;CRS;NVR
TN7029400;OSM;292004869
TN7029400;UIC;7029400
TN7029400;WIKIDATA;Q1998240
TN7029410;CRS;ABY
TN7029410;OSM;6331418874
TN7029410;UIC;7029410
TN7029410;WIKIDATA;Q1940660
TN7029440;CRS;BML
TN7029440;OSM;29689132
TN7029440;UIC;7029440
TN7029440;WIKIDATA;Q2352421
TN7029450;CRS;BNA
TN7029450;OSM;92882952
TN7029450;UIC;7029450
TN7029450;WIKIDATA;Q4999606
TN7029460;CRS;BUX
TN7029460;OSM;5060042354
TN7029460;UIC;7029460
TN7029460;WIKIDATA;Q2932479
TN7029470;CRS;CSR
TN7029470;OSM;6414583141
TN7029470;UIC;7029470
TN7029470;WIKIDATA;Q2312347
TN7029480;CRS;GDL
TN7029480;OSM;35347926
TN7029480;UIC;7029480
TN7029480;WIKIDATA;Q2288400
TN7029490;CRS;EDY
TN7029490;OSM;21551301
TN7029490;UIC;7029490
TN7029490;WIKIDATA;Q2517222
TN7029500;CRS;ECC
TN7029500;OSM;25422814
TN7029500;UIC;7029500
TN7029500;WIKIDATA;Q2890052
TN7029520;CRS;FNV
TN7029520;OSM;6439021767
TN7029520;UIC;7029520
TN7029520;WIKIDATA;Q3182275
TN7029530;CRS;GTY
TN7029530;OSM;25295170
TN7029530;UIC;7029530
TN7029530;WIKIDATA;Q5527447
TN7029550;CRS;GUI
TN7029550;OSM;5374842618
TN7029550;UIC;7029550
TN7029550;WIKIDATA;Q1854597
TN7029590;CRS;HYT
TN7029590;OSM;253890162
TN7029590;UIC;7029590
TN7029590;WIKIDATA;Q13528479
TN7029600;CRS;ADK
TN7029600;OSM;673959
TN7029600;UIC;7029600
TN7029600;WIKIDATA;Q4788330
TN7029610;CRS;MIA
TN7029610;OSM;6661444856
TN7029610;UIC;7029610
TN7029610;WIKIDATA;Q2453867
TN7029620;CRS;GTO
TN7029620;OSM;6367868937
TN7029620;UIC;7029620
TN7029620;WIKIDATA;Q2444053
TN7029630;CRS;DGT
TN7029630;OSM;5064014760
TN7029630;UIC;7029630
TN7029630;WIKIDATA;Q1620954
TN7029660;CRS;MCO
TN7029660;OSM;5064011790
TN7029660;UIC;7029660
TN7029660;WIKIDATA;Q1859538
TN7029680;CRS;MAN
TN7029680;OSM;5064005964
TN7029680;UIC;7029680
TN7029680;WIKIDATA;Q600367
TN7029691;CRS;TRA
TN7029691;OSM;6414583138
TN7029691;UIC;7029691
TN7029691;WIKIDATA;Q3932222
TN7029700;CRS;MCV
TN7029700;OSM;5064029501
TN7029700;UIC;7029700
TN7029700;WIKIDATA;Q1859573
TN7029710;CRS;MDL
TN7029710;OSM;29947059
TN7029710;UIC;7029710
TN7029710;WIKIDATA;Q1922273
TN7029730;CRS;MSO
TN7029730;OSM;3713655104
TN7029730;UIC;7029730
TN7029730;WIKIDATA;Q6916992
TN7029740;CRS;NMC
TN7029740;OSM;6331419603
TN7029740;UIC;7029740
TN7029740;WIKIDATA;Q2022018
TN7029770;CRS;RRB
TN7029770;OSM;3754534935
TN7029770;UIC;7029770
TN7029770;WIKIDATA;Q2212798
TN7029790;CRS;RDN
TN7029790;OSM;3715250498
TN7029790;UIC;7029790
TN7029790;WIKIDATA;Q4412893
TN7029830;CRS;SYB
TN7029830;OSM;6012937549
TN7029830;UIC;7029830
TN7029830;WIKIDATA;Q2078930
TN7030000;CRS;AML
TN7030000;OSM;7147473514
TN7030000;UIC;7030000
TN7030000;WIKIDATA;Q1858427
TN7030030;CRS;AUW
TN7030030;OSM;15724225
TN7030030;UIC;7030030
TN7030030;WIKIDATA;Q4804064
TN7030040;CRS;CBY
TN7030040;OSM;6609023827
TN7030040;UIC;7030040
TN7030040;WIKIDATA;Q2779541
TN7030050;CRS;CME
TN7030050;OSM;10455863
TN7030050;UIC;7030050
TN7030050;WIKIDATA;Q2751535
TN7030070;CRS;HND
TN7030070;OSM;6609023835
TN7030070;UIC;7030070
TN7030070;WIKIDATA;Q2582643
TN7030080;CRS;KGM
TN7030080;OSM;6609023834
TN7030080;UIC;7030080
TN7030080;WIKIDATA;Q2183686
TN7030090;CRS;SIP
TN7030090;OSM;10606783
TN7030090;UIC;7030090
TN7030090;WIKIDATA;Q2202267
TN7030120;CRS;FIN
TN7030120;OSM;10913764
TN7030120;UIC;7030120
TN7030120;WIKIDATA;Q2368596
TN7030180;CRS;BNE
TN7030180;OSM;20450597
TN7030180;UIC;7030180
TN7030180;WIKIDATA;Q2018754
TN7030190;CRS;COO
TN7030190;OSM;4297152406
TN7030190;UIC;7030190
TN7030190;WIKIDATA;Q2694705
TN7030210;CRS;MLW
TN7030210;OSM;7159380269
TN7030210;UIC;7030210
TN7030210;WIKIDATA;Q2171438
TN7030300;CRS;DID
TN7030300;OSM;6605149662
TN7030300;UIC;7000651
TN7030300;UIC;7030300
TN7030300;WIKIDATA;Q1929166
TN7030310;CRS;CHO
TN7030310;OSM;5558907218
TN7030310;UIC;7030310
TN7030310;WIKIDATA;Q4693813
TN7030330;CRS;GOR
TN7030330;OSM;1722353573
TN7030330;UIC;7030330
TN7030330;WIKIDATA;Q5586504
TN7030360;CRS;PAN
TN7030360;OSM;1801843439
TN7030360;UIC;7030360
TN7030360;WIKIDATA;Q1959230
TN7030470;CRS;BCF
TN7030470;OSM;2500579632
TN7030470;UIC;7030470
TN7030470;WIKIDATA;Q4876042
TN7030480;CRS;BCS
TN7030480;OSM;17577157
TN7030480;UIC;7030480
TN7030480;WIKIDATA;Q2184930
TN7030510;CRS;GER
TN7030510;OSM;21122970
TN7030510;UIC;7030510
TN7030510;WIKIDATA;Q2412080
TN7030520;CRS;DNM
TN7030520;OSM;21123075
TN7030520;UIC;7030520
TN7030520;WIKIDATA;Q2780894
TN7030530;CRS;HDM
TN7030530;OSM;21117238
TN7030530;UIC;7030530
TN7030530;WIKIDATA;Q2848978
TN7030540;CRS;HWY
TN7030540;OSM;7158630076
TN7030540;UIC;7030540
TN7030540;WIKIDATA;Q1851135
TN7030550;CRS;PRR
TN7030550;OSM;7153843917
TN7030550;UIC;7030550
TN7030550;WIKIDATA;Q2000163
TN7030560;CRS;SDR
TN7030560;OSM;21118203
TN7030560;UIC;7030560
TN7030560;WIKIDATA;Q2740928
TN7030570;CRS;SRU
TN7030570;OSM;6095751323
TN7030570;UIC;7030570
TN7030570;WIKIDATA;Q801459
TN7030590;CRS;WRU
TN7030590;OSM;4866262553
TN7030590;UIC;7030590
TN7030590;WIKIDATA;Q801602
TN7030600;CRS;DGC
TN7030600;OSM;21123065
TN7030600;UIC;7030600
TN7030600;WIKIDATA;Q2521362
TN7030610;CRS;SRG
TN7030610;OSM;3694946763
TN7030610;UIC;7030610
TN7030610;WIKIDATA;Q7445936
TN7030620;CRS;PEW
TN7030620;OSM;6606028830
TN7030620;UIC;7030620
TN7030620;WIKIDATA;Q2028949
TN7030660;CRS;LTK
TN7030660;OSM;5777593692
TN7030660;UIC;7030660
TN7030660;WIKIDATA;Q2116125
TN7030670;CRS;MRS
TN7030670;OSM;21113583
TN7030670;UIC;7030670
TN7030670;WIKIDATA;Q925646
TN7030700;CRS;BDW
TN7030700;OSM;6605264910
TN7030700;UIC;7030700
TN7030700;WIKIDATA;Q2453952
TN7030710;CRS;NRC
TN7030710;OSM;35526147
TN7030710;UIC;7030710
TN7030710;WIKIDATA;Q2460953
TN7030720;CRS;HGD
TN7030720;OSM;6605264909
TN7030720;UIC;7030720
TN7030720;WIKIDATA;Q2180574
TN7030730;CRS;KIT
TN7030730;OSM;6606087123
TN7030730;UIC;7030730
TN7030730;WIKIDATA;Q2474287
TN7030740;CRS;NBY
TN7030740;OSM;4830862174
TN7030740;UIC;7030740
TN7030740;WIKIDATA;Q2206584
TN7030870;CRS;PAD
TN7030870;OSM;7132105210
TN7030870;UIC;7030870
TN7030870;WIKIDATA;Q214788
TN7030920;CRS;KPA
TN7030920;OSM;6091112768
TN7030920;UIC;7030920
TN7030920;WIKIDATA;Q801002
TN7030980;CRS;CBP
TN7030980;OSM;7862969806
TN7030980;UIC;7030980
TN7030980;WIKIDATA;Q5049994
TN7030990;CRS;DRG
TN7030990;OSM;7862969807
TN7030990;UIC;7030990
TN7030990;WIKIDATA;Q4947698
TN7031040;CRS;BIT
TN7031040;OSM;14731037
TN7031040;UIC;7031040
TN7031040;WIKIDATA;Q1873632
TN7031070;CRS;CUM
TN7031070;OSM;9768081
TN7031070;UIC;7031070
TN7031070;WIKIDATA;Q2740729
TN7031090;CRS;APF
TN7031090;OSM;9768084
TN7031090;UIC;7031090
TN7031090;WIKIDATA;Q2550440
TN7031100;CRS;ISP
TN7031100;OSM;14724359
TN7031100;UIC;7031100
TN7031100;WIKIDATA;Q1847555
TN7031150;CRS;OXF
TN7031150;OSM;6481707942
TN7031150;UIC;7031150
TN7031150;WIKIDATA;Q1880536
TN7031180;CRS;RAD
TN7031180;OSM;21623338
TN7031180;UIC;7031180
TN7031180;WIKIDATA;Q4386081
TN7031210;CRS;OXP
TN7031210;OSM;3824689657
TN7031210;UIC;7031210
TN7031210;WIKIDATA;Q7973289
TN7031360;CRS;GFD
TN7031360;OSM;1736548313
TN7031360;UIC;7031360
TN7031360;WIKIDATA;Q800841
TN7031380;CRS;SGN
TN7031380;OSM;7862969803
TN7031380;UIC;7031380
TN7031380;WIKIDATA;Q2612956
TN7031440;CRS;FZP
TN7031440;OSM;44902932
TN7031440;UIC;7031440
TN7031440;WIKIDATA;Q2099123
TN7031450;CRS;AMT
TN7031450;OSM;35514903
TN7031450;UIC;7031450
TN7031450;WIKIDATA;Q2148392
TN7031460;CRS;HOT
TN7031460;OSM;7154314008
TN7031460;UIC;7031460
TN7031460;WIKIDATA;Q5714576
TN7031470;CRS;MAI
TN7031470;OSM;1234712
TN7031470;UIC;7031470
TN7031470;WIKIDATA;Q1801859
TN7031490;CRS;RDG
TN7031490;OSM;6605149663
TN7031490;UIC;7031490
TN7031490;WIKIDATA;Q801355
TN7031500;CRS;SHI
TN7031500;OSM;5550610405
TN7031500;UIC;7031500
TN7031500;WIKIDATA;Q2313479
TN7031510;CRS;TAP
TN7031510;OSM;30078608
TN7031510;UIC;7031510
TN7031510;WIKIDATA;Q4330307
TN7031520;CRS;THA
TN7031520;OSM;6606087122
TN7031520;UIC;7031520
TN7031520;WIKIDATA;Q2605037
TN7031530;CRS;THE
TN7031530;OSM;6605264908
TN7031530;UIC;7031530
TN7031530;WIKIDATA;Q2338556
TN7031540;CRS;TLH
TN7031540;OSM;4563663535
TN7031540;UIC;7031540
TN7031540;WIKIDATA;Q2285322
TN7031550;CRS;TWY
TN7031550;OSM;5555929104
TN7031550;UIC;7031550
TN7031550;WIKIDATA;Q512845
TN7031580;CRS;WGV
TN7031580;OSM;97985906
TN7031580;UIC;7031580
TN7031580;WIKIDATA;Q2081278
TN7031590;CRS;MDG
TN7031590;OSM;35521520
TN7031590;UIC;7031590
TN7031590;WIKIDATA;Q1984950
TN7031600;CRS;RDW
TN7031600;OSM;6606087119
TN7031600;UIC;7031600
TN7031600;WIKIDATA;Q2474528
TN7031700;CRS;IVR
TN7031700;OSM;25532362
TN7031700;UIC;7031700
TN7031700;WIKIDATA;Q6098724
TN7031710;CRS;LNY
TN7031710;OSM;5319948896
TN7031710;UIC;7031710
TN7031710;WIKIDATA;Q2790476
TN7031720;CRS;SLO
TN7031720;OSM;7060654067
TN7031720;UIC;7031720
TN7031720;WIKIDATA;Q71950
TN7031740;CRS;WDT
TN7031740;OSM;1256794
TN7031740;UIC;7031740
TN7031740;WIKIDATA;Q2033143
TN7031750;CRS;WNC
TN7031750;OSM;7862969810
TN7031750;UIC;7031750
TN7031750;WIKIDATA;Q3098091
TN7031760;CRS;BNM
TN7031760;OSM;27712384
TN7031760;UIC;7031760
TN7031760;WIKIDATA;Q1999740
TN7031790;CRS;HWA
TN7031790;UIC;7031790
TN7031800;CRS;HWE
TN7031800;UIC;7031800
TN7031860;CRS;HAY
TN7031860;OSM;7147460528
TN7031860;UIC;7031860
TN7031860;WIKIDATA;Q1622594
TN7031870;CRS;STL
TN7031870;OSM;7147463821
TN7031870;UIC;7031870
TN7031870;WIKIDATA;Q5283892
TN7031880;CRS;WEA
TN7031880;OSM;7147452464
TN7031880;UIC;7031880
TN7031880;WIKIDATA;Q7985007
TN7031900;CRS;EAL
TN7031900;OSM;5585821560
TN7031900;UIC;7031900
TN7031900;WIKIDATA;Q800705
TN7031910;CRS;HAN
TN7031910;OSM;7147467270
TN7031910;UIC;7031910
TN7031910;WIKIDATA;Q2784392
TN7031940;CRS;HYD
TN7031940;OSM;1494376631
TN7031940;UIC;7031940
TN7031940;WIKIDATA;Q2075758
TN7031950;CRS;TAC
TN7031950;OSM;4490148480
TN7031950;UIC;7031950
TN7031950;WIKIDATA;Q2457327
TN7032008;CRS;AVN
TN7032008;OSM;7167219009
TN7032008;UIC;7032008
TN7032008;WIKIDATA;Q2198007
TN7032020;CRS;CFN
TN7032020;OSM;26200582
TN7032020;UIC;7032020
TN7032020;WIKIDATA;Q2462275
TN7032030;CRS;MTP
TN7032030;OSM;21659771
TN7032030;UIC;7032030
TN7032030;WIKIDATA;Q962430
TN7032050;CRS;SVB
TN7032050;OSM;27536595
TN7032050;UIC;7032050
TN7032050;WIKIDATA;Q2224831
TN7032060;CRS;SHH
TN7032060;OSM;30351396
TN7032060;UIC;7032060
TN7032060;WIKIDATA;Q2346420
TN7032130;CRS;PWY
TN7032130;OSM;16902284
TN7032130;UIC;7032130
TN7032130;WIKIDATA;Q2385086
TN7032140;CRS;PIL
TN7032140;OSM;40773624
TN7032140;UIC;7032140
TN7032140;WIKIDATA;Q7194244
TN7032190;CRS;OLF
TN7032190;OSM;26512125
TN7032190;UIC;7032190
TN7032190;WIKIDATA;Q2275914
TN7032250;CRS;LWH
TN7032250;OSM;21671934
TN7032250;UIC;7032250
TN7032250;WIKIDATA;Q4785868
TN7032300;CRS;BPW
TN7032300;OSM;6605149667
TN7032300;UIC;7032300
TN7032300;WIKIDATA;Q800574
TN7032310;CRS;BRI
TN7032310;OSM;7167271113
TN7032310;UIC;7032310
TN7032310;WIKIDATA;Q800579
TN7032350;CRS;FIT
TN7032350;OSM;278435766
TN7032350;UIC;7032350
TN7032350;WIKIDATA;Q2311503
TN7032370;CRS;KYN
TN7032370;OSM;26152727
TN7032370;UIC;7032370
TN7032370;WIKIDATA;Q2658052
TN7032380;CRS;CDU
TN7032380;OSM;253872552
TN7032380;UIC;7032380
TN7032380;WIKIDATA;Q2359933
TN7032450;CRS;BMT
TN7032450;OSM;27225052
TN7032450;UIC;7032450
TN7032450;WIKIDATA;Q4879315
TN7032460;CRS;PSN
TN7032460;OSM;27225053
TN7032460;UIC;7032460
TN7032460;WIKIDATA;Q2492432
TN7032470;CRS;RDA
TN7032470;OSM;40683212
TN7032470;UIC;7032470
TN7032470;WIKIDATA;Q603576
TN7032500;CRS;SRD
TN7032500;OSM;21671870
TN7032500;UIC;7032500
TN7032500;WIKIDATA;Q2537961
TN7032520;CRS;SAR
TN7032520;OSM;30336696
TN7032520;UIC;7032520
TN7032520;WIKIDATA;Q1922079
TN7032540;CRS;SML
TN7032540;OSM;7167219010
TN7032540;UIC;7032540
TN7032540;WIKIDATA;Q2672919
TN7032650;CRS;AVF
TN7032650;OSM;433869896
TN7032650;UIC;7032650
TN7032650;WIKIDATA;Q2877190
TN7032670;CRS;CPM
TN7032670;OSM;7140214785
TN7032670;UIC;7032670
TN7032670;WIKIDATA;Q2178517
TN7032710;CRS;BTH
TN7032710;OSM;6605149668
TN7032710;UIC;7000353
TN7032710;UIC;7032710
TN7032710;WIKIDATA;Q637185
TN7033140;CRS;HIG
TN7033140;OSM;474564204
TN7033140;UIC;7033140
TN7033140;WIKIDATA;Q2508684
TN7033250;CRS;KEM
TN7033250;OSM;21362353
TN7033250;UIC;7033250
TN7033250;WIKIDATA;Q1877761
TN7033290;CRS;BBZ
TN7033290;UIC;7033290
TN7033330;CRS;SWI
TN7033330;OSM;104734
TN7033330;UIC;7033330
TN7033330;WIKIDATA;Q3244572
TN7033410;CRS;BOA
TN7033410;OSM;3195751158
TN7033410;UIC;7033410
TN7033410;WIKIDATA;Q4954566
TN7033440;CRS;FFD
TN7033440;OSM;26949699
TN7033440;UIC;7033440
TN7033440;WIKIDATA;Q1915042
TN7033460;CRS;MKM
TN7033460;OSM;35714035
TN7033460;UIC;7033460
TN7033460;WIKIDATA;Q2264906
TN7033480;CRS;TRO
TN7033480;OSM;17773687
TN7033480;UIC;7033480
TN7033480;WIKIDATA;Q2974092
TN7033800;CRS;YAE
TN7033800;OSM;17207692
TN7033800;UIC;7033800
TN7033800;WIKIDATA;Q3900748
TN7033880;CRS;WNM
TN7033880;OSM;21277557
TN7033880;UIC;7033880
TN7033880;WIKIDATA;Q2432877
TN7033890;CRS;NLS
TN7033890;OSM;492098581
TN7033890;UIC;7033890
TN7033890;WIKIDATA;Q6959642
TN7033900;CRS;WOR
TN7033900;OSM;253893851
TN7033900;UIC;7033900
TN7033900;WIKIDATA;Q2416797
TN7033910;CRS;WSM
TN7033910;OSM;21277582
TN7033910;UIC;7033910
TN7033910;WIKIDATA;Q2335883
TN7033920;CRS;YAT
TN7033920;OSM;21277558
TN7033920;UIC;7033920
TN7033920;WIKIDATA;Q1957149
TN7034080;CRS;DWL
TN7034080;OSM;6076782660
TN7034080;UIC;7034080
TN7034080;WIKIDATA;Q593607
TN7034090;CRS;DWW
TN7034090;OSM;386775449
TN7034090;UIC;7034090
TN7034090;WIKIDATA;Q649862
TN7034100;CRS;EXD
TN7034100;OSM;6013523209
TN7034100;UIC;7034100
TN7034100;WIKIDATA;Q3244559
TN7034130;CRS;SCS
TN7034130;OSM;1654248337
TN7034130;UIC;7034130
TN7034130;WIKIDATA;Q2308834
TN7034140;CRS;EXT
TN7034140;OSM;26448893
TN7034140;UIC;7034140
TN7034140;WIKIDATA;Q1928272
TN7034220;CRS;POL
TN7034220;OSM;21278108
TN7034220;UIC;7034220
TN7034220;WIKIDATA;Q2782711
TN7034262;CRS;NTA
TN7034262;OSM;6605728698
TN7034262;UIC;7034262
TN7034262;WIKIDATA;Q2182739
TN7034270;CRS;PGN
TN7034270;OSM;246663389
TN7034270;UIC;7034270
TN7034270;WIKIDATA;Q2049642
TN7034300;CRS;TGM
TN7034300;OSM;26067992
TN7034300;UIC;7034300
TN7034300;WIKIDATA;Q2369625
TN7034320;CRS;TRR
TN7034320;OSM;29272388
TN7034320;UIC;7034320
TN7034320;WIKIDATA;Q2985310
TN7034340;CRS;TQY
TN7034340;OSM;29272140
TN7034340;UIC;7034340
TN7034340;WIKIDATA;Q763074
TN7034470;CRS;KIH
TN7034470;OSM;12521783877
TN7034470;UIC;7034470
TN7034490;CRS;BWT
TN7034490;OSM;1502257982
TN7034490;UIC;7034490
TN7034490;WIKIDATA;Q643448
TN7034710;CRS;TAU
TN7034710;OSM;3777268518
TN7034710;UIC;7034710
TN7034710;WIKIDATA;Q7688820
TN7034740;CRS;TVP
TN7034740;OSM;6605728699
TN7034740;UIC;7034740
TN7034740;WIKIDATA;Q2463093
TN7034980;CRS;LTS
TN7034980;OSM;262345559
TN7034980;UIC;7034980
TN7034980;WIKIDATA;Q2741296
TN7034990;CRS;PNM
TN7034990;OSM;30742878
TN7034990;UIC;7034990
TN7034990;WIKIDATA;Q2675101
TN7035010;CRS;BOD
TN7035010;OSM;6605728692
TN7035010;UIC;7035010
TN7035010;WIKIDATA;Q2838818
TN7035020;CRS;BGL
TN7035020;OSM;84492504
TN7035020;UIC;7035020
TN7035020;WIKIDATA;Q2294931
TN7035040;CRS;CBN
TN7035040;OSM;6605728687
TN7035040;UIC;7035040
TN7035040;WIKIDATA;Q2018211
TN7035080;CRS;FAL
TN7035080;OSM;30742864
TN7035080;UIC;7035080
TN7035080;WIKIDATA;Q2296272
TN7035130;CRS;HYL
TN7035130;OSM;5157241087
TN7035130;UIC;7035130
TN7035130;WIKIDATA;Q2061860
TN7035170;CRS;LOS
TN7035170;OSM;6605728691
TN7035170;UIC;7035170
TN7035170;WIKIDATA;Q2268341
TN7035180;CRS;LUX
TN7035180;OSM;84492509
TN7035180;UIC;7035180
TN7035180;WIKIDATA;Q647554
TN7035230;CRS;NQY
TN7035230;OSM;1203560060
TN7035230;UIC;7035230
TN7035230;WIKIDATA;Q616016
TN7035240;CRS;PAR
TN7035240;OSM;6605728690
TN7035240;UIC;7035240
TN7035240;WIKIDATA;Q1920269
TN7035250;CRS;PYN
TN7035250;OSM;30742904
TN7035250;UIC;7035250
TN7035250;WIKIDATA;Q2804226
TN7035260;CRS;PNZ
TN7035260;OSM;6900327462
TN7035260;UIC;7035260
TN7035260;WIKIDATA;Q2100103
TN7035280;CRS;PRW
TN7035280;OSM;30742951
TN7035280;UIC;7035280
TN7035280;WIKIDATA;Q7169596
TN7035300;CRS;RED
TN7035300;OSM;6605728688
TN7035300;UIC;7035300
TN7035300;WIKIDATA;Q2708874
TN7035310;CRS;QUI
TN7035310;OSM;262451572
TN7035310;UIC;7035310
TN7035310;WIKIDATA;Q2380141
TN7035320;CRS;ROC
TN7035320;OSM;84492485
TN7035320;UIC;7035320
TN7035320;WIKIDATA;Q1832838
TN7035340;CRS;SAU
TN7035340;OSM;6605728689
TN7035340;UIC;7035340
TN7035340;WIKIDATA;Q2743990
TN7035360;CRS;SCR
TN7035360;OSM;84494872
TN7035360;UIC;7035360
TN7035360;WIKIDATA;Q2117314
TN7035370;CRS;SER
TN7035370;OSM;6605728686
TN7035370;UIC;7035370
TN7035370;WIKIDATA;Q3301786
TN7035380;CRS;SIV
TN7035380;OSM;687954286
TN7035380;UIC;7035380
TN7035380;WIKIDATA;Q2150660
TN7035390;CRS;LEL
TN7035390;OSM;262345551
TN7035390;UIC;7035390
TN7035390;WIKIDATA;Q1924157
TN7035400;CRS;TRU
TN7035400;OSM;4098456698
TN7035400;UIC;7035400
TN7035400;WIKIDATA;Q647459
TN7035420;CRS;CBB
TN7035420;OSM;262345520
TN7035420;UIC;7035420
TN7035420;WIKIDATA;Q2652764
TN7035490;CRS;BAS
TN7035490;OSM;32038014
TN7035490;UIC;7035490
TN7035490;WIKIDATA;Q1967233
TN7035500;CRS;BFE
TN7035500;OSM;32037969
TN7035500;UIC;7035500
TN7035500;WIKIDATA;Q2550845
TN7035550;CRS;IVY
TN7035550;OSM;29264839
TN7035550;UIC;7035550
TN7035550;WIKIDATA;Q2781536
TN7035580;CRS;TOT
TN7035580;OSM;6605728697
TN7035580;UIC;7035580
TN7035580;WIKIDATA;Q1979913
TN7035620;CRS;CSK
TN7035620;OSM;32038073
TN7035620;UIC;7035620
TN7035620;WIKIDATA;Q2615167
TN7035630;CRS;GSL
TN7035630;OSM;47891203
TN7035630;UIC;7035630
TN7035630;WIKIDATA;Q2734942
TN7035680;CRS;CAU
TN7035680;OSM;32039721
TN7035680;UIC;7035680
TN7035680;WIKIDATA;Q2024573
TN7035700;CRS;COE
TN7035700;OSM;32039285
TN7035700;UIC;7035700
TN7035700;WIKIDATA;Q2587767
TN7035710;CRS;KEY
TN7035710;OSM;30744047
TN7035710;UIC;7035710
TN7035710;WIKIDATA;Q2296539
TN7035720;CRS;SKN
TN7035720;OSM;32039663
TN7035720;UIC;7035720
TN7035720;WIKIDATA;Q7593897
TN7035730;CRS;LSK
TN7035730;OSM;6605728693
TN7035730;UIC;7035730
TN7035730;WIKIDATA;Q2501606
TN7035740;CRS;LOO
TN7035740;OSM;32039894
TN7035740;UIC;7035740
TN7035740;WIKIDATA;Q9298791
TN7035760;CRS;MEN
TN7035760;OSM;30743899
TN7035760;UIC;7035760
TN7035760;WIKIDATA;Q1851249
TN7035790;CRS;DPT
TN7035790;OSM;33345209
TN7035790;UIC;7035790
TN7035790;WIKIDATA;Q1970495
TN7035800;CRS;PLY
TN7035800;OSM;4098520591
TN7035800;UIC;7035800
TN7035800;WIKIDATA;Q956813
TN7035840;CRS;SDP
TN7035840;OSM;715876342
TN7035840;UIC;7035840
TN7035840;WIKIDATA;Q577887
TN7035860;CRS;SGM
TN7035860;OSM;30743976
TN7035860;UIC;7035860
TN7035860;WIKIDATA;Q2411195
TN7035870;CRS;STS
TN7035870;OSM;30744028
TN7035870;UIC;7035870
TN7035870;WIKIDATA;Q2607990
TN7035880;CRS;DOC
TN7035880;OSM;33345216
TN7035880;UIC;7035880
TN7035880;WIKIDATA;Q2705589
TN7035900;CRS;SBF
TN7035900;OSM;181883189
TN7035900;UIC;7035900
TN7035900;WIKIDATA;Q960725
TN7035910;CRS;FMT
TN7035910;OSM;30742869
TN7035910;UIC;7035910
TN7035910;WIKIDATA;Q5432605
TN7035920;CRS;SBV
TN7035920;OSM;174185959
TN7035920;UIC;7035920
TN7035920;WIKIDATA;Q2524155
TN7036020;CRS;AGV
TN7036020;OSM;7154271435
TN7036020;UIC;7036020
TN7036020;WIKIDATA;Q1964010
TN7036070;CRS;HFD
TN7036070;OSM;6694971382
TN7036070;UIC;7036070
TN7036070;WIKIDATA;Q3397348
TN7036200;CRS;LEO
TN7036200;OSM;7154294295
TN7036200;UIC;7036200
TN7036200;WIKIDATA;Q2109443
TN7036230;CRS;BRW
TN7036230;OSM;28100066
TN7036230;UIC;7036230
TN7036230;WIKIDATA;Q2471511
TN7036240;CRS;CNP
TN7036240;OSM;10055803284
TN7036240;UIC;7036240
TN7036240;WIKIDATA;Q2881512
TN7036340;CRS;CRV
TN7036340;OSM;6923758088
TN7036340;UIC;7036340
TN7036340;WIKIDATA;Q2209474
TN7036350;CRS;LUD
TN7036350;OSM;252860639
TN7036350;UIC;7036350
TN7036350;WIKIDATA;Q2237004
TN7036450;CRS;LTN
TN7036450;OSM;6750291608
TN7036450;UIC;7036450
TN7036450;WIKIDATA;Q801135
TN7036740;CRS;NWP
TN7036740;UIC;7036740
TN7036790;CRS;STJ
TN7036790;OSM;1069493538
TN7036790;UIC;7036790
TN7036790;WIKIDATA;Q2496470
TN7036800;CRS;CDT
TN7036800;OSM;18154990
TN7036800;UIC;7036800
TN7036800;WIKIDATA;Q2431706
TN7037380;CRS;CWM
TN7037380;OSM;67073064
TN7037380;UIC;7037380
TN7037440;CRS;PPL
TN7037440;OSM;67073125
TN7037440;UIC;7037440
TN7037440;WIKIDATA;Q1835617
TN7037740;CRS;CPW
TN7037740;OSM;5904209646
TN7037740;UIC;7037740
TN7037740;WIKIDATA;Q2074597
TN7037850;CRS;CIM
TN7037850;OSM;6923755695
TN7037850;UIC;7037850
TN7037850;WIKIDATA;Q2495949
TN7037950;CRS;EBK
TN7037950;OSM;30942503
TN7037950;UIC;7037950
TN7037950;WIKIDATA;Q3401825
TN7037960;CRS;WNG
TN7037960;OSM;1327562038
TN7037960;UIC;7037960
TN7037960;WIKIDATA;Q2312031
TN7037970;CRS;DCT
TN7037970;OSM;253311327
TN7037970;UIC;7037970
TN7037970;WIKIDATA;Q2691871
TN7038010;CRS;ACY
TN7038010;OSM;122123719
TN7038010;UIC;7038010
TN7038010;WIKIDATA;Q2628183
TN7038050;CRS;BRY
TN7038050;OSM;244321639
TN7038050;UIC;7038050
TN7038050;WIKIDATA;Q4864935
TN7038060;CRS;BYD
TN7038060;OSM;2881819755
TN7038060;UIC;7038060
TN7038060;WIKIDATA;Q2608749
TN7038070;CRS;BYI
TN7038070;OSM;246683913
TN7038070;UIC;7038070
TN7038070;WIKIDATA;Q3401801
TN7038080;CRS;BUN
TN7038080;UIC;7038080
TN7038090;CRS;BGN
TN7038090;OSM;20925299
TN7038090;UIC;7038090
TN7038090;WIKIDATA;Q2221390
TN7038110;CRS;CAD
TN7038110;OSM;244321649
TN7038110;UIC;7038110
TN7038110;WIKIDATA;Q1917677
TN7038120;CRS;CPH
TN7038120;OSM;137734387
TN7038120;UIC;7038120
TN7038120;WIKIDATA;Q2226626
TN7038130;CRS;ABE
TN7038130;OSM;90455818
TN7038130;UIC;7038130
TN7038130;WIKIDATA;Q2713263
TN7038150;CRS;CDB
TN7038150;OSM;30946404
TN7038150;UIC;7038150
TN7038150;WIKIDATA;Q2665080
TN7038170;CRS;TGS
TN7038170;OSM;256696262
TN7038170;UIC;7038170
TN7038170;WIKIDATA;Q2742543
TN7038180;CRS;YNW
TN7038180;OSM;175407974
TN7038180;UIC;7038180
TN7038180;WIKIDATA;Q1915303
TN7038200;CRS;CYS
TN7038200;OSM;21415074
TN7038200;UIC;7038200
TN7038200;WIKIDATA;Q2300730
TN7038280;CRS;CGN
TN7038280;OSM;30942157
TN7038280;UIC;7038280
TN7038280;WIKIDATA;Q2470011
TN7038300;CRS;DNS
TN7038300;OSM;30942508
TN7038300;UIC;7038300
TN7038300;WIKIDATA;Q2433033
TN7038390;CRS;GTN
TN7038390;OSM;1597729335
TN7038390;UIC;7038390
TN7038390;WIKIDATA;Q3460666
TN7038440;CRS;LLN
TN7038440;OSM;21415085
TN7038440;UIC;7038440
TN7038440;WIKIDATA;Q2253187
TN7038450;CRS;HHL
TN7038450;OSM;90454459
TN7038450;UIC;7038450
TN7038450;WIKIDATA;Q2735955
TN7038470;CRS;LLS
TN7038470;OSM;244010099
TN7038470;UIC;7038470
TN7038470;WIKIDATA;Q2660714
TN7038500;CRS;PYC
TN7038500;OSM;20926867
TN7038500;UIC;7038500
TN7038500;WIKIDATA;Q2203127
TN7038510;CRS;PCD
TN7038510;OSM;1969702032
TN7038510;UIC;7038510
TN7038510;WIKIDATA;Q2788634
TN7038520;CRS;LLY
TN7038520;OSM;114072903
TN7038520;UIC;7038520
TN7038520;WIKIDATA;Q3400217
TN7038530;CRS;LVT
TN7038530;OSM;253324518
TN7038530;UIC;7038530
TN7038530;WIKIDATA;Q2024089
TN7038550;CRS;MER
TN7038550;OSM;6900345599
TN7038550;UIC;7038550
TN7038550;WIKIDATA;Q305134
TN7038570;CRS;MEV
TN7038570;OSM;122098365
TN7038570;UIC;7038570
TN7038570;WIKIDATA;Q3400233
TN7038590;CRS;MTA
TN7038590;OSM;536612238
TN7038590;UIC;7038590
TN7038590;WIKIDATA;Q1978271
TN7038610;CRS;DGL
TN7038610;OSM;30942049
TN7038610;UIC;7038610
TN7038610;WIKIDATA;Q2724332
TN7038620;CRS;FER
TN7038620;OSM;122234667
TN7038620;UIC;7038620
TN7038620;WIKIDATA;Q2705311
TN7038630;CRS;PEN
TN7038630;OSM;255383858
TN7038630;UIC;7038630
TN7038630;WIKIDATA;Q3298476
TN7038700;CRS;POR
TN7038700;OSM;114065930
TN7038700;UIC;7038700
TN7038700;WIKIDATA;Q2238105
TN7038710;CRS;YSR
TN7038710;OSM;114072914
TN7038710;UIC;7038710
TN7038710;WIKIDATA;Q2797749
TN7038730;CRS;FRW
TN7038730;OSM;246527118
TN7038730;UIC;7038730
TN7038730;WIKIDATA;Q2482278
TN7038740;CRS;RDR
TN7038740;OSM;31563410
TN7038740;UIC;7038740
TN7038740;WIKIDATA;Q2433998
TN7038761;CRS;RIA
TN7038761;UIC;7038761
TN7038800;CRS;TAF
TN7038800;OSM;31098192
TN7038800;UIC;7038800
TN7038800;WIKIDATA;Q2090331
TN7038820;CRS;TNP
TN7038820;OSM;114072896
TN7038820;UIC;7038820
TN7038820;WIKIDATA;Q2889489
TN7038860;CRS;TRE
TN7038860;UIC;7038860
TN7038870;CRS;TRF
TN7038870;OSM;31098261
TN7038870;UIC;7038870
TN7038870;WIKIDATA;Q3400263
TN7038880;CRS;TRH
TN7038880;OSM;114061125
TN7038880;UIC;7038880
TN7038880;WIKIDATA;Q2288046
TN7038890;CRS;TRB
TN7038890;OSM;114081256
TN7038890;UIC;7038890
TN7038890;WIKIDATA;Q2161926
TN7038910;CRS;TRY
TN7038910;OSM;114081247
TN7038910;UIC;7038910
TN7038910;WIKIDATA;Q3400283
TN7038950;CRS;NNP
TN7038950;OSM;246527344
TN7038950;UIC;7038950
TN7038950;WIKIDATA;Q2615178
TN7038960;CRS;WHT
TN7038960;OSM;252858122
TN7038960;UIC;7038960
TN7038960;WIKIDATA;Q2534431
TN7038970;CRS;TPN
TN7038970;OSM;114072925
TN7038970;UIC;7038970
TN7038970;WIKIDATA;Q2670470
TN7038990;CRS;CDF
TN7038990;OSM;6605149666
TN7038990;UIC;7038990
TN7038990;WIKIDATA;Q2292817
TN7039000;CRS;CDQ
TN7039000;OSM;10188726088
TN7039000;UIC;7039000
TN7039000;WIKIDATA;Q2937934
TN7039010;CRS;DMG
TN7039010;OSM;114072884
TN7039010;UIC;7039010
TN7039010;WIKIDATA;Q1981112
TN7039040;CRS;PPD
TN7039040;OSM;6900362404
TN7039040;UIC;7039040
TN7039040;WIKIDATA;Q2627385
TN7039050;CRS;COY
TN7039050;OSM;252858121
TN7039050;UIC;7039050
TN7039050;WIKIDATA;Q2759251
TN7039060;CRS;RHI
TN7039060;OSM;252858123
TN7039060;UIC;7039060
TN7039060;WIKIDATA;Q2715473
TN7039070;CRS;BCG
TN7039070;OSM;252858124
TN7039070;UIC;7039070
TN7039070;WIKIDATA;Q2131603
TN7039080;CRS;HLL
TN7039080;OSM;252858131
TN7039080;UIC;7039080
TN7039080;WIKIDATA;Q2965292
TN7039440;CRS;PTB
TN7039440;OSM;122077041
TN7039440;UIC;7039440
TN7039440;WIKIDATA;Q2499847
TN7039610;CRS;GMG
TN7039610;OSM;32547323
TN7039610;UIC;7039610
TN7039610;WIKIDATA;Q2677249
TN7039620;CRS;MEW
TN7039620;OSM;256427348
TN7039620;UIC;7039620
TN7039620;WIKIDATA;Q2481634
TN7039630;CRS;MST
TN7039630;OSM;32547313
TN7039630;UIC;7039630
TN7039630;WIKIDATA;Q2711298
TN7039650;CRS;WMI
TN7039650;OSM;5005824986
TN7039650;UIC;7039650
TN7039650;WIKIDATA;Q2668682
TN7039810;CRS;CMH
TN7039810;OSM;122362903
TN7039810;UIC;7039810
TN7039810;WIKIDATA;Q2424192
TN7039820;CRS;ABA
TN7039820;OSM;122362926
TN7039820;UIC;7039820
TN7039820;WIKIDATA;Q3023701
TN7039920;CRS;PER
TN7039920;OSM;122137367
TN7039920;UIC;7039920
TN7039920;WIKIDATA;Q2207619
TN7039940;CRS;QYD
TN7039940;OSM;122098437
TN7039940;UIC;7039940
TN7039940;WIKIDATA;Q2412055
TN7040110;CRS;BGD
TN7040110;OSM;178645110
TN7040110;UIC;7040110
TN7040110;WIKIDATA;Q1808106
TN7040120;CRS;BHD
TN7040120;OSM;178645145
TN7040120;UIC;7040120
TN7040120;WIKIDATA;Q2185916
TN7040180;CRS;LNB
TN7040180;OSM;90455839
TN7040180;UIC;7040180
TN7040180;WIKIDATA;Q2610280
TN7040210;CRS;PGM
TN7040210;OSM;178636554
TN7040210;UIC;7040210
TN7040210;WIKIDATA;Q3401833
TN7040220;CRS;GFF
TN7040220;OSM;178645095
TN7040220;UIC;7040220
TN7040220;WIKIDATA;Q2191702
TN7040230;CRS;PLT
TN7040230;OSM;178645212
TN7040230;UIC;7040230
TN7040230;WIKIDATA;Q1865655
TN7040250;CRS;TIR
TN7040250;OSM;178645168
TN7040250;UIC;7040250
TN7040250;WIKIDATA;Q2070775
TN7040260;CRS;YSM
TN7040260;OSM;178636447
TN7040260;UIC;7040260
TN7040260;WIKIDATA;Q302331
TN7040270;CRS;RHY
TN7040270;OSM;178645233
TN7040270;UIC;7040270
TN7040270;WIKIDATA;Q2232300
TN7040280;CRS;HNG
TN7040280;OSM;178636518
TN7040280;UIC;7040280
TN7040280;WIKIDATA;Q2441704
TN7040590;CRS;LLV
TN7040590;OSM;6923758085
TN7040590;UIC;7040590
TN7040590;WIKIDATA;Q2276109
TN7040600;CRS;LLG
TN7040600;OSM;6923757985
TN7040600;UIC;7040600
TN7040600;WIKIDATA;Q3405362
TN7040610;CRS;LNR
TN7040610;OSM;6923755689
TN7040610;UIC;7040610
TN7040610;WIKIDATA;Q2305711
TN7040660;CRS;FFA
TN7040660;OSM;6923755686
TN7040660;UIC;7040660
TN7040660;WIKIDATA;Q2933445
TN7040680;CRS;CMN
TN7040680;OSM;20849786
TN7040680;UIC;7040680
TN7040680;WIKIDATA;Q2234479
TN7040690;CRS;CLR
TN7040690;OSM;20455337
TN7040690;UIC;7040690
TN7040690;WIKIDATA;Q2137827
TN7040700;CRS;CUW
TN7040700;OSM;20466178
TN7040700;UIC;7040700
TN7040700;WIKIDATA;Q3400242
TN7040740;CRS;FYS
TN7040740;OSM;20925061
TN7040740;UIC;7040740
TN7040740;WIKIDATA;Q3400321
TN7040760;CRS;FGH
TN7040760;OSM;19862316
TN7040760;UIC;7040760
TN7040760;WIKIDATA;Q2602643
TN7040790;CRS;HVF
TN7040790;OSM;19840285
TN7040790;UIC;7040790
TN7040790;WIKIDATA;Q1931357
TN7040810;CRS;JOH
TN7040810;OSM;19840233
TN7040810;UIC;7040810
TN7040810;WIKIDATA;Q1812881
TN7040830;CRS;KGT
TN7040830;OSM;20694942
TN7040830;UIC;7040830
TN7040830;WIKIDATA;Q2927580
TN7040840;CRS;LAM
TN7040840;OSM;20695038
TN7040840;UIC;7040840
TN7040840;WIKIDATA;Q1986174
TN7040940;CRS;MRB
TN7040940;OSM;20695011
TN7040940;UIC;7040940
TN7040940;WIKIDATA;Q1832240
TN7040950;CRS;MFH
TN7040950;OSM;19840190
TN7040950;UIC;7040950
TN7040950;WIKIDATA;Q3400252
TN7040980;CRS;NAR
TN7040980;OSM;6049272877
TN7040980;UIC;7040980
TN7040980;WIKIDATA;Q2258074
TN7041010;CRS;PMB
TN7041010;OSM;20695042
TN7041010;UIC;7041010
TN7041010;WIKIDATA;Q2688589
TN7041020;CRS;PMD
TN7041020;OSM;29533758
TN7041020;UIC;7041020
TN7041020;WIKIDATA;Q2454049
TN7041080;CRS;SDF
TN7041080;OSM;3736709023
TN7041080;UIC;7041080
TN7041080;WIKIDATA;Q281324
TN7041100;CRS;TEN
TN7041100;OSM;20694978
TN7041100;UIC;7041100
TN7041100;WIKIDATA;Q2570866
TN7041110;CRS;WTL
TN7041110;OSM;20468177
TN7041110;UIC;7041110
TN7041110;WIKIDATA;Q2129176
TN7041240;CRS;BYE
TN7041240;OSM;6923755693
TN7041240;UIC;7041240
TN7041240;WIKIDATA;Q3405374
TN7041290;CRS;PNA
TN7041290;OSM;20694982
TN7041290;UIC;7041290
TN7041290;WIKIDATA;Q2430381
TN7041310;CRS;GWN
TN7041310;OSM;6923755698
TN7041310;UIC;7041310
TN7041310;WIKIDATA;Q2319258
TN7041320;CRS;KWL
TN7041320;OSM;20925014
TN7041320;UIC;7041320
TN7041320;WIKIDATA;Q2093451
TN7041330;CRS;LLE
TN7041330;OSM;20925023
TN7041330;UIC;7041330
TN7041330;WIKIDATA;Q2480904
TN7041380;CRS;LLH
TN7041380;OSM;6923758186
TN7041380;UIC;7041380
TN7041380;WIKIDATA;Q2020482
TN7041400;CRS;PBY
TN7041400;OSM;20924997
TN7041400;UIC;7041400
TN7041400;WIKIDATA;Q516272
TN7041470;CRS;CYN
TN7041470;OSM;9368076174
TN7041470;UIC;7041470
TN7041470;WIKIDATA;Q2140425
TN7041480;CRS;GTH
TN7041480;OSM;6923757986
TN7041480;UIC;7041480
TN7041480;WIKIDATA;Q3406482
TN7041570;CRS;SUG
TN7041570;OSM;6923758185
TN7041570;UIC;7041570
TN7041570;WIKIDATA;Q1887398
TN7041620;CRS;LLM
TN7041620;OSM;6923755694
TN7041620;UIC;7041620
TN7041620;WIKIDATA;Q2162558
TN7041630;CRS;LNW
TN7041630;OSM;29133477
TN7041630;UIC;7001452
TN7041630;UIC;7041630
TN7041630;WIKIDATA;Q673005
TN7041750;CRS;BME
TN7041750;OSM;6923755699
TN7041750;UIC;7041750
TN7041750;WIKIDATA;Q1965763
TN7041810;CRS;PTA
TN7041810;OSM;20925148
TN7041810;UIC;7041810
TN7041810;WIKIDATA;Q1945743
TN7041820;CRS;BUK
TN7041820;OSM;6923758087
TN7041820;UIC;7041820
TN7041820;WIKIDATA;Q1936871
TN7041850;CRS;PYL
TN7041850;OSM;20925325
TN7041850;UIC;7041850
TN7041850;WIKIDATA;Q1869277
TN7041860;CRS;BAJ
TN7041860;OSM;113520884
TN7041860;UIC;7041860
TN7041860;WIKIDATA;Q3401891
TN7041870;CRS;BNF
TN7041870;OSM;20925280
TN7041870;UIC;7041870
TN7041870;WIKIDATA;Q3401816
TN7041880;CRS;DOL
TN7041880;OSM;6923755697
TN7041880;UIC;7041880
TN7041880;WIKIDATA;Q3401836
TN7041890;CRS;HPT
TN7041890;OSM;6923757990
TN7041890;UIC;7041890
TN7041890;WIKIDATA;Q2858875
TN7042060;CRS;KNI
TN7042060;OSM;3711947073
TN7042060;UIC;7042060
TN7042060;WIKIDATA;Q2049884
TN7042070;CRS;LGO
TN7042070;OSM;6923757989
TN7042070;UIC;7042070
TN7042070;WIKIDATA;Q2959622
TN7042160;CRS;NTH
TN7042160;OSM;3023229779
TN7042160;UIC;7042160
TN7042160;WIKIDATA;Q3059430
TN7042170;CRS;SKE
TN7042170;OSM;3023231564
TN7042170;UIC;7042170
TN7042170;WIKIDATA;Q2410667
TN7042190;CRS;BOW
TN7042190;OSM;7455088478
TN7042190;UIC;7042190
TN7042190;WIKIDATA;Q28195279
TN7042220;CRS;SWA
TN7042220;OSM;6900337987
TN7042220;UIC;7042220
TN7042220;WIKIDATA;Q1949311
TN7042230;CRS;LAS
TN7042230;OSM;7172235185
TN7042230;UIC;7042230
TN7042230;WIKIDATA;Q2518846
TN7042260;CRS;LLT
TN7042260;OSM;6923758086
TN7042260;UIC;7042260
TN7042260;WIKIDATA;Q2328623
TN7042270;CRS;LLO
TN7042270;OSM;6923755696
TN7042270;UIC;7042270
TN7042270;WIKIDATA;Q2625065
TN7042280;CRS;KNU
TN7042280;OSM;297511174
TN7042280;UIC;7042280
TN7042280;WIKIDATA;Q2479359
TN7042360;CRS;AMF
TN7042360;OSM;6923755690
TN7042360;UIC;7042360
TN7042360;WIKIDATA;Q2213067
TN7042470;CRS;LLI
TN7042470;OSM;6923755687
TN7042470;UIC;7042470
TN7042470;WIKIDATA;Q2425553
TN7042480;CRS;LLL
TN7042480;OSM;6923755688
TN7042480;UIC;7042480
TN7042480;WIKIDATA;Q2063981
TN7042500;CRS;PTF
TN7042500;OSM;6923755691
TN7042500;UIC;7042500
TN7042500;WIKIDATA;Q2264567
TN7042510;CRS;PTD
TN7042510;OSM;6923755692
TN7042510;UIC;7042510
TN7042510;WIKIDATA;Q2584427
TN7042540;CRS;PNY
TN7042540;OSM;6923757988
TN7042540;UIC;7042540
TN7042540;WIKIDATA;Q2804118
TN7042700;CRS;SRR
TN7042700;OSM;256427347
TN7042700;UIC;7042700
TN7042700;WIKIDATA;Q2387989
TN7042710;CRS;TDU
TN7042710;OSM;264051391
TN7042710;UIC;7042710
TN7042710;WIKIDATA;Q1821277
TN7042760;CRS;TRD
TN7042760;OSM;122080936
TN7042760;UIC;7042760
TN7042760;WIKIDATA;Q2964594
TN7043000;CRS;GWE
TN7043000;OSM;26722300
TN7043000;UIC;7043000
TN7043000;WIKIDATA;Q2243062
TN7043030;CRS;AYW
TN7043030;OSM;20946980
TN7043030;UIC;7000021
TN7043030;UIC;7043030
TN7043030;WIKIDATA;Q2220586
TN7043040;CRS;BRH
TN7043040;OSM;20947034
TN7043040;UIC;7043040
TN7043040;WIKIDATA;Q2032227
TN7043120;CRS;CCC
TN7043120;OSM;25438775
TN7043120;UIC;7043120
TN7043120;WIKIDATA;Q2432481
TN7043130;CRS;PTM
TN7043130;OSM;1842732758
TN7043130;UIC;7043130
TN7043130;WIKIDATA;Q3400575
TN7043140;CRS;PWL
TN7043140;OSM;5077066091
TN7043140;UIC;7043140
TN7043140;WIKIDATA;Q1854042
TN7043170;CRS;BHR
TN7043170;OSM;6923757987
TN7043170;UIC;7043170
TN7043170;WIKIDATA;Q2680383
TN7043270;CRS;LLA
TN7043270;OSM;49424317
TN7043270;UIC;7043270
TN7043270;WIKIDATA;Q3404326
TN7043340;CRS;LLC
TN7043340;OSM;1844258710
TN7043340;UIC;7043340
TN7043340;WIKIDATA;Q2194269
TN7043350;CRS;PHG
TN7043350;OSM;21182711
TN7043350;UIC;7043350
TN7043350;WIKIDATA;Q2221860
TN7043550;CRS;TLB
TN7043550;OSM;49425502
TN7043550;UIC;7043550
TN7043550;WIKIDATA;Q3404306
TN7043560;CRS;LBR
TN7043560;OSM;49427573
TN7043560;UIC;7043560
TN7043560;WIKIDATA;Q1899979
TN7043570;CRS;TYG
TN7043570;OSM;30014276
TN7043570;UIC;7043570
TN7043570;WIKIDATA;Q2902299
TN7043650;CRS;CTT
TN7043650;OSM;3711947071
TN7043650;UIC;7043650
TN7043650;WIKIDATA;Q2857475
TN7043870;CRS;SHR
TN7043870;OSM;5071836748
TN7043870;UIC;7043870
TN7043870;WIKIDATA;Q1911181
TN7044090;CRS;PNC
TN7044090;OSM;49320107
TN7044090;UIC;7044090
TN7044090;WIKIDATA;Q2213270
TN7044120;CRS;CWS
TN7044120;OSM;20955965
TN7044120;UIC;7044120
TN7044120;WIKIDATA;Q3282207
TN7044160;CRS;FRB
TN7044160;OSM;21181684
TN7044160;UIC;7044160
TN7044160;WIKIDATA;Q2323324
TN7044210;CRS;LLW
TN7044210;OSM;21181715
TN7044210;UIC;7044210
TN7044210;WIKIDATA;Q2621105
TN7044220;CRS;MCN
TN7044220;OSM;20947133
TN7044220;UIC;7044220
TN7044220;WIKIDATA;Q3215054
TN7044260;CRS;NWT
TN7044260;OSM;20956351
TN7044260;UIC;7044260
TN7044260;WIKIDATA;Q1965570
TN7044320;CRS;TNF
TN7044320;OSM;252847843
TN7044320;UIC;7044320
TN7044320;WIKIDATA;Q3071598
TN7044330;CRS;TYW
TN7044330;OSM;5076959512
TN7044330;UIC;7044330
TN7044330;WIKIDATA;Q2717514
TN7044340;CRS;WLP
TN7044340;OSM;20956670
TN7044340;UIC;7044340
TN7044340;WIKIDATA;Q2379615
TN7044350;CRS;AVY
TN7044350;OSM;21182707
TN7044350;UIC;7000020
TN7044350;UIC;7044350
TN7044350;WIKIDATA;Q129688
TN7044360;CRS;DVY
TN7044360;OSM;20947084
TN7044360;UIC;7044360
TN7044360;WIKIDATA;Q2161353
TN7044400;CRS;ABH
TN7044400;OSM;49319414
TN7044400;UIC;7044400
TN7044400;WIKIDATA;Q3400293
TN7044450;CRS;BRM
TN7044450;OSM;5077071884
TN7044450;UIC;7044450
TN7044450;WIKIDATA;Q1947916
TN7044490;CRS;CRK
TN7044490;OSM;20068020
TN7044490;UIC;7044490
TN7044490;WIKIDATA;Q2004430
TN7044550;CRS;DYF
TN7044550;OSM;21181632
TN7044550;UIC;7044550
TN7044550;WIKIDATA;Q2543511
TN7044570;CRS;GOB
TN7044570;OSM;3711947072
TN7044570;UIC;7044570
TN7044570;WIKIDATA;Q2929352
TN7044580;CRS;HRL
TN7044580;OSM;29218263
TN7044580;UIC;7044580
TN7044580;WIKIDATA;Q1855684
TN7044600;CRS;LDN
TN7044600;OSM;2419923013
TN7044600;UIC;7044600
TN7044600;WIKIDATA;Q2154789
TN7044630;CRS;PES
TN7044630;OSM;21181621
TN7044630;UIC;7044630
TN7044630;WIKIDATA;Q3388264
TN7044690;CRS;MFF
TN7044690;OSM;21181468
TN7044690;UIC;7044690
TN7044690;WIKIDATA;Q2599266
TN7044700;CRS;MFA
TN7044700;OSM;21181679
TN7044700;UIC;7044700
TN7044700;WIKIDATA;Q3404231
TN7044730;CRS;PRH
TN7044730;OSM;29217248
TN7044730;UIC;7044730
TN7044730;WIKIDATA;Q2646723
TN7044770;CRS;RUA
TN7044770;OSM;20069422
TN7044770;UIC;7044770
TN7044770;WIKIDATA;Q2334676
TN7044790;CRS;TAL
TN7044790;OSM;21181586
TN7044790;UIC;7044790
TN7044790;WIKIDATA;Q3400336
TN7044860;CRS;WXC
TN7044860;OSM;7154315139
TN7044860;UIC;7044860
TN7044860;WIKIDATA;Q2433081
TN7044870;CRS;WRX
TN7044870;OSM;7989407332
TN7044870;UIC;7044870
TN7044870;WIKIDATA;Q2531369
TN7045020;CRS;BAN
TN7045020;OSM;6634463841
TN7045020;UIC;7045020
TN7045020;WIKIDATA;Q2092204
TN7045030;CRS;FWY
TN7045030;OSM;7272746869
TN7045030;UIC;7045030
TN7045030;WIKIDATA;Q2209211
TN7045040;CRS;UNI
TN7045040;OSM;6646199706
TN7045040;UIC;7045040
TN7045040;WIKIDATA;Q2158861
TN7045080;CRS;KGS
TN7045080;UIC;7045080
TN7045130;CRS;BBS
TN7045130;OSM;20984401
TN7045130;UIC;7045130
TN7045130;WIKIDATA;Q3333114
TN7045150;CRS;BMO
TN7045150;OSM;8389630718
TN7045150;UIC;7045150
TN7045150;WIKIDATA;Q800533
TN7045180;CRS;TYS
TN7045180;OSM;7272762973
TN7045180;UIC;7045180
TN7045180;WIKIDATA;Q7861740
TN7045190;CRS;DZY
TN7045190;OSM;7373572907
TN7045190;UIC;7045190
TN7045190;WIKIDATA;Q941715
TN7045200;CRS;EWD
TN7045200;OSM;7805862401
TN7045200;UIC;7045200
TN7045200;WIKIDATA;Q2243841
TN7045210;CRS;HLG
TN7045210;OSM;8367463939
TN7045210;UIC;7045210
TN7045210;WIKIDATA;Q3543527
TN7045230;CRS;THW
TN7045230;OSM;295718082
TN7045230;UIC;7045230
TN7045230;WIKIDATA;Q2130925
TN7045240;CRS;HNL
TN7045240;OSM;31554771
TN7045240;UIC;7045240
TN7045240;WIKIDATA;Q2185706
TN7045250;CRS;DDG
TN7045250;OSM;20983011
TN7045250;UIC;7045250
TN7045250;WIKIDATA;Q2512506
TN7045260;CRS;SRL
TN7045260;OSM;8485791831
TN7045260;UIC;7045260
TN7045260;WIKIDATA;Q1815915
TN7045270;CRS;SOL
TN7045270;OSM;20984161
TN7045270;UIC;7045270
TN7045270;WIKIDATA;Q7558107
TN7045280;CRS;WMR
TN7045280;OSM;20983015
TN7045280;UIC;7045280
TN7045280;WIKIDATA;Q2079928
TN7045290;CRS;ACG
TN7045290;OSM;7272762974
TN7045290;UIC;7000027
TN7045290;UIC;7045290
TN7045290;WIKIDATA;Q2136949
TN7045300;CRS;SMA
TN7045300;OSM;7272762972
TN7045300;UIC;7045300
TN7045300;WIKIDATA;Q1986238
TN7045320;CRS;WYT
TN7045320;OSM;31554765
TN7045320;UIC;7045320
TN7045320;WIKIDATA;Q2171448
TN7045330;CRS;OLT
TN7045330;OSM;8375479369
TN7045330;UIC;7045330
TN7045330;WIKIDATA;Q4314461
TN7045350;CRS;SRI
TN7045350;OSM;8205906583
TN7045350;UIC;7045350
TN7045350;WIKIDATA;Q2358217
TN7045360;CRS;WDE
TN7045360;OSM;31554729
TN7045360;UIC;7045360
TN7045360;WIKIDATA;Q2519103
TN7045370;CRS;YRD
TN7045370;OSM;9529770468
TN7045370;UIC;7045370
TN7045370;WIKIDATA;Q2248035
TN7045380;CRS;TLK
TN7045380;OSM;7805862446
TN7045380;UIC;7045380
TN7045380;WIKIDATA;Q2683977
TN7045390;CRS;WTE
TN7045390;OSM;31554745
TN7045390;UIC;7045390
TN7045390;WIKIDATA;Q2133242
TN7045400;CRS;WWW
TN7045400;OSM;8362730190
TN7045400;UIC;7045400
TN7045400;WIKIDATA;Q4350946
TN7045580;CRS;SAV
TN7045580;OSM;31554736
TN7045580;UIC;7045580
TN7045580;WIKIDATA;Q1941516
TN7045680;CRS;WMC
TN7045680;OSM;9221660483
TN7045680;UIC;7045680
TN7045680;WIKIDATA;Q1966621
TN7045720;CRS;BEW
TN7045720;UIC;7045720
TN7045740;CRS;BKD
TN7045740;OSM;21281145
TN7045740;UIC;7045740
TN7045740;WIKIDATA;Q2171050
TN7045770;CRS;HAG
TN7045770;OSM;21281240
TN7045770;UIC;7045770
TN7045770;WIKIDATA;Q2763246
TN7045790;CRS;HBY
TN7045790;OSM;7209342329
TN7045790;UIC;7045790
TN7045790;WIKIDATA;Q3403532
TN7045810;CRS;KID
TN7045810;OSM;5784087832
TN7045810;UIC;7045810
TN7045810;WIKIDATA;Q2616617
TN7045930;CRS;CLV
TN7045930;OSM;58986839
TN7045930;UIC;7045930
TN7045930;WIKIDATA;Q4349134
TN7045940;CRS;HTN
TN7045940;OSM;20982857
TN7045940;UIC;7045940
TN7045940;WIKIDATA;Q13528205
TN7045950;CRS;LPW
TN7045950;OSM;20983005
TN7045950;UIC;7045950
TN7045950;WIKIDATA;Q1904720
TN7045970;CRS;LMS
TN7045970;OSM;6634463842
TN7045970;UIC;7045970
TN7045970;WIKIDATA;Q1971430
TN7046000;CRS;WRW
TN7046000;OSM;7209248357
TN7046000;UIC;7046000
TN7046000;WIKIDATA;Q2693935
TN7046060;CRS;ROW
TN7046060;OSM;21281483
TN7046060;UIC;7046060
TN7046060;WIKIDATA;Q2497234
TN7046070;CRS;LGG
TN7046070;OSM;21281486
TN7046070;UIC;7046070
TN7046070;WIKIDATA;Q2390772
TN7046140;CRS;ALB
TN7046140;OSM;3711941416
TN7046140;UIC;7046140
TN7046140;WIKIDATA;Q2943712
TN7046160;CRS;CSL
TN7046160;OSM;3711941418
TN7046160;UIC;7046160
TN7046160;WIKIDATA;Q2455479
TN7046170;CRS;COS
TN7046170;OSM;3711941419
TN7046170;UIC;7046170
TN7046170;WIKIDATA;Q1945497
TN7046180;CRS;BBK
TN7046180;OSM;3711941417
TN7046180;UIC;7046180
TN7046180;WIKIDATA;Q2786231
TN7046190;CRS;SFN
TN7046190;OSM;3711941421
TN7046190;UIC;7046190
TN7046190;WIKIDATA;Q1891199
TN7046390;CRS;CRA
TN7046390;OSM;21281285
TN7046390;UIC;7046390
TN7046390;WIKIDATA;Q1924927
TN7046400;CRS;LYE
TN7046400;OSM;21281283
TN7046400;UIC;7046400
TN7046400;WIKIDATA;Q2044178
TN7046410;CRS;OHL
TN7046410;OSM;8154227916
TN7046410;UIC;7046410
TN7046410;WIKIDATA;Q280399
TN7046430;CRS;SBT
TN7046430;OSM;21281267
TN7046430;UIC;7046430
TN7046430;WIKIDATA;Q2746016
TN7046460;CRS;SBJ
TN7046460;OSM;21281257
TN7046460;UIC;7046460
TN7046460;WIKIDATA;Q2045806
TN7046890;CRS;OKN
TN7046890;OSM;3711941420
TN7046890;UIC;7046890
TN7046890;WIKIDATA;Q2384836
TN7046900;CRS;WLN
TN7046900;OSM;3711424258
TN7046900;UIC;7046900
TN7046900;WIKIDATA;Q1851350
TN7046910;CRS;TFC
TN7046910;OSM;3711941422
TN7046910;UIC;7046910
TN7046910;WIKIDATA;Q3401880
TN7047000;CRS;ASC
TN7047000;OSM;5520072621
TN7047000;UIC;7047000
TN7047000;WIKIDATA;Q1886947
TN7047150;CRS;BMV
TN7047150;OSM;1523190627
TN7047150;UIC;7047150
TN7047150;WIKIDATA;Q1978141
TN7047310;CRS;CNM
TN7047310;OSM;7154294070
TN7047310;UIC;7047310
TN7047310;WIKIDATA;Q1845519
TN7047400;CRS;EVE
TN7047400;OSM;6609023832
TN7047400;UIC;7047400
TN7047400;WIKIDATA;Q2416634
TN7047600;CRS;GCR
TN7047600;OSM;6646199707
TN7047600;UIC;7047600
TN7047600;WIKIDATA;Q2499557
TN7047700;CRS;SHU
TN7047700;OSM;21369323
TN7047700;UIC;7047700
TN7047700;WIKIDATA;Q1992485
TN7047710;CRS;STD
TN7047710;OSM;21369322
TN7047710;UIC;7047710
TN7047710;WIKIDATA;Q3079073
TN7047840;CRS;LED
TN7047840;OSM;6609023812
TN7047840;UIC;7047840
TN7047840;WIKIDATA;Q2775593
TN7047871;CRS;SIA
TN7047871;OSM;6083524594
TN7047871;UIC;7047871
TN7047871;WIKIDATA;Q7569535
TN7047940;CRS;HYB
TN7047940;OSM;6609023833
TN7047940;UIC;7047940
TN7047940;WIKIDATA;Q5373459
TN7048140;CRS;MIM
TN7048140;OSM;6609023831
TN7048140;UIC;7048140
TN7048140;WIKIDATA;Q2369749
TN7048260;CRS;LYD
TN7048260;OSM;8427086
TN7048260;UIC;7048260
TN7048260;WIKIDATA;Q3460591
TN7048760;CRS;CWL
TN7048760;OSM;6609023811
TN7048760;UIC;7048760
TN7048760;WIKIDATA;Q2647190
TN7048782;CRS;DTW
TN7048782;OSM;21227482
TN7048782;UIC;7048782
TN7048782;WIKIDATA;Q2360854
TN7048840;CRS;MVL
TN7048840;OSM;21279791
TN7048840;UIC;7048840
TN7048840;WIKIDATA;Q2657768
TN7048870;CRS;PSH
TN7048870;OSM;6609023816
TN7048870;UIC;7048870
TN7048870;WIKIDATA;Q2185064
TN7048910;CRS;WOS
TN7048910;OSM;6609023830
TN7048910;UIC;7048910
TN7048910;WIKIDATA;Q1974749
TN7048920;CRS;GMV
TN7048920;OSM;6609023828
TN7048920;UIC;7048920
TN7048920;WIKIDATA;Q2959698
TN7048930;CRS;WOF
TN7048930;OSM;7209335261
TN7048930;UIC;7048930
TN7048930;WIKIDATA;Q1873465
TN7050030;CRS;APD
TN7050030;OSM;6745645274
TN7050030;UIC;7050030
TN7050030;WIKIDATA;Q2414753
TN7050040;CRS;AFK
TN7050040;OSM;7998566986
TN7050040;UIC;7050040
TN7050040;WIKIDATA;Q800406
TN7050060;CRS;BSR
TN7050060;OSM;6743987556
TN7050060;UIC;7050060
TN7050060;WIKIDATA;Q2912867
TN7050070;CRS;CBW
TN7050070;OSM;3453612249
TN7050070;UIC;7050070
TN7050070;WIKIDATA;Q671106
TN7050080;CRS;CRT
TN7050080;OSM;6688385698
TN7050080;UIC;7050080
TN7050080;WIKIDATA;Q2774125
TN7050090;CRS;CIL
TN7050090;OSM;6688385699
TN7050090;UIC;7050090
TN7050090;WIKIDATA;Q3333628
TN7050110;CRS;DEA
TN7050110;OSM;6691194315
TN7050110;UIC;7050110
TN7050110;WIKIDATA;Q2281278
TN7050180;CRS;MAR
TN7050180;OSM;7159042685
TN7050180;UIC;7050180
TN7050180;WIKIDATA;Q4296894
TN7050190;CRS;MSR
TN7050190;OSM;6083524943
TN7050190;UIC;7050190
TN7050190;WIKIDATA;Q2451565
TN7050210;CRS;ORE
TN7050210;OSM;6745645277
TN7050210;UIC;7050210
TN7050210;WIKIDATA;Q1818015
TN7050230;CRS;RAM
TN7050230;OSM;7172235186
TN7050230;UIC;7050230
TN7050230;WIKIDATA;Q1897319
TN7050240;CRS;RYE
TN7050240;OSM;7158677903
TN7050240;UIC;7050240
TN7050240;WIKIDATA;Q7384993
TN7050250;CRS;SDG
TN7050250;OSM;6688385707
TN7050250;UIC;7050250
TN7050250;WIKIDATA;Q1863660
TN7050260;CRS;SDW
TN7050260;OSM;6691194316
TN7050260;UIC;7050260
TN7050260;WIKIDATA;Q1977660
TN7050270;CRS;FKW
TN7050270;OSM;6688385709
TN7050270;UIC;7050270
TN7050270;WIKIDATA;Q2313864
TN7050280;CRS;TOK
TN7050280;OSM;6745645276
TN7050280;UIC;7050280
TN7050280;WIKIDATA;Q2798366
TN7050290;CRS;STU
TN7050290;OSM;6688385697
TN7050290;UIC;7050290
TN7050290;WIKIDATA;Q2519465
TN7050300;CRS;WHA
TN7050300;OSM;6688385706
TN7050300;UIC;7050300
TN7050300;WIKIDATA;Q2548598
TN7050310;CRS;WYE
TN7050310;OSM;3518996541
TN7050310;UIC;7050310
TN7050310;WIKIDATA;Q2011884
TN7050330;CRS;DVP
TN7050330;OSM;6688385690
TN7050330;UIC;7000004
TN7050330;UIC;7050330
TN7050330;WIKIDATA;Q2666521
TN7050340;CRS;DMP
TN7050340;OSM;6743987555
TN7050340;UIC;7050340
TN7050340;WIKIDATA;Q5313984
TN7050350;CRS;FKC
TN7050350;OSM;6688385708
TN7050350;UIC;7000005
TN7050350;UIC;7050350
TN7050350;WIKIDATA;Q2081146
TN7050360;CRS;DLH
TN7050360;OSM;21275340
TN7050360;UIC;7050360
TN7050360;WIKIDATA;Q2174016
TN7050370;CRS;HMT
TN7050370;OSM;7158803343
TN7050370;UIC;7050370
TN7050370;WIKIDATA;Q2453414
TN7050380;CRS;KSN
TN7050380;OSM;6744055524
TN7050380;UIC;7050380
TN7050380;WIKIDATA;Q2358908
TN7050400;CRS;MTM
TN7050400;OSM;6691194314
TN7050400;UIC;7050400
TN7050400;WIKIDATA;Q2900908
TN7050410;CRS;WAM
TN7050410;OSM;3727341281
TN7050410;UIC;7050410
TN7050410;WIKIDATA;Q3502336
TN7050420;CRS;WSE
TN7050420;OSM;6745645275
TN7050420;UIC;7050420
TN7050420;WIKIDATA;Q2692300
TN7050460;CRS;BKJ
TN7050460;OSM;6689800290
TN7050460;UIC;7050460
TN7050460;WIKIDATA;Q2189753
TN7050470;CRS;CFB
TN7050470;OSM;5883033866
TN7050470;UIC;7050470
TN7050470;WIKIDATA;Q2624460
TN7050480;CRS;CLK
TN7050480;OSM;5883033869
TN7050480;UIC;7050480
TN7050480;WIKIDATA;Q1978582
TN7050490;CRS;ELE
TN7050490;OSM;5883033872
TN7050490;UIC;7050490
TN7050490;WIKIDATA;Q2420368
TN7050500;CRS;HYS
TN7050500;OSM;7159246417
TN7050500;UIC;7050500
TN7050500;WIKIDATA;Q2479740
TN7050510;CRS;LEW
TN7050510;OSM;6516411104
TN7050510;UIC;7050510
TN7050510;WIKIDATA;Q801096
TN7050530;CRS;LSY
TN7050530;OSM;5883033867
TN7050530;UIC;7050530
TN7050530;WIKIDATA;Q2444364
TN7050540;CRS;WWI
TN7050540;OSM;5883033870
TN7050540;UIC;7050540
TN7050540;WIKIDATA;Q2253171
TN7050560;CRS;EDN
TN7050560;OSM;5883033871
TN7050560;UIC;7050560
TN7050560;WIKIDATA;Q2323478
TN7050570;CRS;LAD
TN7050570;OSM;5883033865
TN7050570;UIC;7050570
TN7050570;WIKIDATA;Q2703794
TN7050580;CRS;NBC
TN7050580;OSM;5883033868
TN7050580;UIC;7050580
TN7050580;WIKIDATA;Q2173160
TN7050590;CRS;SAJ
TN7050590;OSM;5871218011
TN7050590;UIC;7050590
TN7050590;WIKIDATA;Q7593815
TN7050620;CRS;BGM
TN7050620;OSM;6694775795
TN7050620;UIC;7050620
TN7050620;WIKIDATA;Q2796094
TN7050630;CRS;BKL
TN7050630;OSM;6689800291
TN7050630;UIC;7050630
TN7050630;WIKIDATA;Q2245384
TN7050640;CRS;BMS
TN7050640;OSM;6689800292
TN7050640;UIC;7050640
TN7050640;WIKIDATA;Q2200768
TN7050650;CRS;EYN
TN7050650;OSM;4337914383
TN7050650;UIC;7050650
TN7050650;WIKIDATA;Q2324147
TN7050660;CRS;HNH
TN7050660;OSM;3831844357
TN7050660;UIC;7050660
TN7050660;WIKIDATA;Q2794382
TN7050680;CRS;NHD
TN7050680;OSM;6694775793
TN7050680;UIC;7050680
TN7050680;WIKIDATA;Q1907609
TN7050690;CRS;MTC
TN7050690;OSM;5564994509
TN7050690;UIC;7050690
TN7050690;WIKIDATA;Q6881038
TN7050710;CRS;OTF
TN7050710;OSM;3727341276
TN7050710;UIC;7050710
TN7050710;WIKIDATA;Q2023511
TN7050720;CRS;PNE
TN7050720;OSM;6689800288
TN7050720;UIC;7050720
TN7050720;WIKIDATA;Q2483411
TN7050730;CRS;SMY
TN7050730;OSM;9780241
TN7050730;UIC;7050730
TN7050730;WIKIDATA;Q2349500
TN7050740;CRS;SEH
TN7050740;OSM;6692612522
TN7050740;UIC;7050740
TN7050740;WIKIDATA;Q2128972
TN7050750;CRS;SAY
TN7050750;OSM;6689773479
TN7050750;UIC;7050750
TN7050750;WIKIDATA;Q946238
TN7050760;CRS;BEC
TN7050760;OSM;6694775796
TN7050760;UIC;7050760
TN7050760;WIKIDATA;Q2278948
TN7050770;CRS;CTF
TN7050770;OSM;13893359
TN7050770;UIC;7050770
TN7050770;WIKIDATA;Q2401174
TN7050780;CRS;CFT
TN7050780;OSM;6694775794
TN7050780;UIC;7050780
TN7050780;WIKIDATA;Q2122032
TN7050790;CRS;KMS
TN7050790;OSM;6692612523
TN7050790;UIC;7050790
TN7050790;WIKIDATA;Q2870503
TN7050800;CRS;KTH
TN7050800;OSM;6689800289
TN7050800;UIC;7050800
TN7050800;WIKIDATA;Q2054189
TN7050810;CRS;BRX
TN7050810;OSM;2961311554
TN7050810;UIC;7050810
TN7050810;WIKIDATA;Q2212863
TN7050820;CRS;LGJ
TN7050820;OSM;6695079961
TN7050820;UIC;7050820
TN7050820;WIKIDATA;Q2099753
TN7050830;CRS;RVB
TN7050830;OSM;6695079960
TN7050830;UIC;7050830
TN7050830;WIKIDATA;Q1861913
TN7050840;CRS;SRT
TN7050840;OSM;6677340894
TN7050840;UIC;7050840
TN7050840;WIKIDATA;Q1819241
TN7050850;CRS;SYH
TN7050850;OSM;6689800287
TN7050850;UIC;7050850
TN7050850;WIKIDATA;Q3090498
TN7050860;CRS;WDU
TN7050860;OSM;6689800286
TN7050860;UIC;7050860
TN7050860;WIKIDATA;Q2242126
TN7050890;CRS;BNH
TN7050890;OSM;3627121536
TN7050890;UIC;7050890
TN7050890;WIKIDATA;Q2152688
TN7050900;CRS;BBL
TN7050900;OSM;4337914382
TN7050900;UIC;7050900
TN7050900;WIKIDATA;Q4868455
TN7050910;CRS;BSD
TN7050910;OSM;6692612517
TN7050910;UIC;7050910
TN7050910;WIKIDATA;Q2513832
TN7050920;CRS;BVD
TN7050920;UIC;7050920
TN7050930;CRS;BXY
TN7050930;OSM;3875853157
TN7050930;UIC;7050930
TN7050930;WIKIDATA;Q2346075
TN7050940;CRS;BXH
TN7050940;OSM;7159309580
TN7050940;UIC;7050940
TN7050940;WIKIDATA;Q3262067
TN7050950;CRS;BKH
TN7050950;OSM;5574104460
TN7050950;UIC;7050950
TN7050950;WIKIDATA;Q4923002
TN7050960;CRS;BMN
TN7050960;OSM;82620018
TN7050960;UIC;7050960
TN7050960;WIKIDATA;Q2367801
TN7050970;CRS;CHG
TN7050970;OSM;6692612521
TN7050970;UIC;7050970
TN7050970;WIKIDATA;Q2199062
TN7050980;CRS;CLD
TN7050980;OSM;5872906109
TN7050980;UIC;7050980
TN7050980;WIKIDATA;Q1846494
TN7050990;CRS;CIT
TN7050990;OSM;5872906107
TN7050990;UIC;7050990
TN7050990;WIKIDATA;Q2273007
TN7051000;CRS;CRY
TN7051000;OSM;6778324444
TN7051000;UIC;7051000
TN7051000;WIKIDATA;Q2755666
TN7051010;CRS;DFD
TN7051010;OSM;5871218019
TN7051010;UIC;7051010
TN7051010;WIKIDATA;Q2380329
TN7051020;CRS;DNG
TN7051020;OSM;5872906110
TN7051020;UIC;7051020
TN7051020;WIKIDATA;Q2090452
TN7051030;CRS;ELW
TN7051030;OSM;3627131075
TN7051030;UIC;7051030
TN7051030;WIKIDATA;Q2448983
TN7051040;CRS;ERH
TN7051040;OSM;3627157761
TN7051040;UIC;7051040
TN7051040;WIKIDATA;Q5389579
TN7051050;CRS;FNR
TN7051050;OSM;6693424790
TN7051050;UIC;7051050
TN7051050;WIKIDATA;Q2599575
TN7051070;CRS;HGR
TN7051070;OSM;5872906105
TN7051070;UIC;7051070
TN7051070;WIKIDATA;Q2182758
TN7051080;CRS;KDB
TN7051080;OSM;2397308060
TN7051080;UIC;7051080
TN7051080;WIKIDATA;Q2570789
TN7051090;CRS;KCK
TN7051090;OSM;5475849013
TN7051090;UIC;7051090
TN7051090;WIKIDATA;Q1908399
TN7051100;CRS;LEE
TN7051100;UIC;7051100
TN7051110;CRS;LEN
TN7051110;OSM;6692612520
TN7051110;UIC;7051110
TN7051110;WIKIDATA;Q1825914
TN7051120;CRS;BFR
TN7051120;OSM;7159509695
TN7051120;UIC;7051120
TN7051120;WIKIDATA;Q284195
TN7051140;CRS;LGF
TN7051140;OSM;6689800285
TN7051140;UIC;7051140
TN7051140;WIKIDATA;Q6673815
TN7051150;CRS;MDE
TN7051150;OSM;6692612534
TN7051150;UIC;7051150
TN7051150;WIKIDATA;Q952299
TN7051160;CRS;MEP
TN7051160;OSM;6689773484
TN7051160;UIC;7051160
TN7051160;WIKIDATA;Q2119853
TN7051180;CRS;MTG
TN7051180;OSM;6778324441
TN7051180;UIC;7051180
TN7051180;WIKIDATA;Q2433460
TN7051190;CRS;NEH
TN7051190;OSM;6778324442
TN7051190;UIC;7051190
TN7051190;WIKIDATA;Q2019025
TN7051200;CRS;NFL
TN7051200;OSM;6779166271
TN7051200;UIC;7051200
TN7051200;WIKIDATA;Q2545395
TN7051210;CRS;CTK
TN7051210;OSM;3637195703
TN7051210;UIC;7051210
TN7051210;WIKIDATA;Q800630
TN7051220;CRS;ORP
TN7051220;OSM;3825936573
TN7051220;UIC;7051220
TN7051220;WIKIDATA;Q1956050
TN7051230;CRS;PET
TN7051230;OSM;5872906108
TN7051230;UIC;7051230
TN7051230;WIKIDATA;Q2381365
TN7051240;CRS;SEV
TN7051240;OSM;3414222865
TN7051240;UIC;7051240
TN7051250;CRS;SID
TN7051250;OSM;6778324443
TN7051250;UIC;7051250
TN7051250;WIKIDATA;Q2068572
TN7051260;CRS;SOR
TN7051260;OSM;6689773483
TN7051260;UIC;7051260
TN7051260;WIKIDATA;Q2434718
TN7051280;CRS;WLI
TN7051280;OSM;3627101102
TN7051280;UIC;7051280
TN7051280;WIKIDATA;Q2347379
TN7051290;CRS;WMA
TN7051290;OSM;6855385779
TN7051290;UIC;7051290
TN7051290;WIKIDATA;Q2053919
TN7051300;CRS;BRG
TN7051300;OSM;6692612524
TN7051300;UIC;7051300
TN7051300;WIKIDATA;Q4946312
TN7051310;CRS;ABW
TN7051310;OSM;5871218017
TN7051310;UIC;7051310
TN7051310;WIKIDATA;Q2087079
TN7051320;CRS;AYP
TN7051320;OSM;6779166227
TN7051320;UIC;7051320
TN7051320;WIKIDATA;Q2656573
TN7051330;CRS;BMG
TN7051330;OSM;6692612526
TN7051330;UIC;7051330
TN7051330;WIKIDATA;Q4861272
TN7051340;CRS;EML
TN7051340;OSM;6692612525
TN7051340;UIC;7051340
TN7051340;WIKIDATA;Q2184113
TN7051350;CRS;ESD
TN7051350;OSM;5872906106
TN7051350;UIC;7051350
TN7051350;WIKIDATA;Q2261123
TN7051370;CRS;FCN
TN7051370;OSM;7159366405
TN7051370;UIC;7051370
TN7051370;WIKIDATA;Q2569749
TN7051380;CRS;GNH
TN7051380;UIC;7051380
TN7051390;CRS;GRP
TN7051390;OSM;5872906104
TN7051390;UIC;7051390
TN7051390;WIKIDATA;Q2252599
TN7051400;CRS;HRM
TN7051400;OSM;6692612519
TN7051400;UIC;7051400
TN7051400;WIKIDATA;Q2683079
TN7051410;CRS;HBN
TN7051410;OSM;6692612518
TN7051410;UIC;7051410
TN7051410;WIKIDATA;Q1815605
TN7051420;CRS;CST
TN7051420;OSM;3637449660
TN7051420;UIC;7051420
TN7051420;WIKIDATA;Q800615
TN7051430;CRS;CHX
TN7051430;OSM;7140186755
TN7051430;UIC;7000007
TN7051430;UIC;7051430
TN7051430;WIKIDATA;Q801128
TN7051440;CRS;CTN
TN7051440;OSM;7159380474
TN7051440;UIC;7051440
TN7051440;WIKIDATA;Q2216265
TN7051450;CRS;DEP
TN7051450;OSM;5575342411
TN7051450;UIC;7051450
TN7051450;WIKIDATA;Q2170868
TN7051460;CRS;GNW
TN7051460;OSM;5469512667
TN7051460;UIC;7051460
TN7051460;WIKIDATA;Q800840
TN7051480;CRS;LBG
TN7051480;OSM;4290857012
TN7051480;UIC;7051480
TN7051480;WIKIDATA;Q801125
TN7051490;CRS;MZH
TN7051490;OSM;7159280033
TN7051490;UIC;7051490
TN7051490;WIKIDATA;Q6798399
TN7051500;CRS;NWX
TN7051500;OSM;5871218010
TN7051500;UIC;7051500
TN7051500;WIKIDATA;Q801253
TN7051510;CRS;WCB
TN7051510;OSM;5871218012
TN7051510;UIC;7051510
TN7051510;WIKIDATA;Q2522084
TN7051520;CRS;WWA
TN7051520;OSM;5871218015
TN7051520;UIC;7051520
TN7051520;WIKIDATA;Q801639
TN7051530;CRS;WWD
TN7051530;OSM;5871218014
TN7051530;UIC;7051530
TN7051530;WIKIDATA;Q2201803
TN7051540;CRS;SGR
TN7051540;OSM;5871218018
TN7051540;UIC;7051540
TN7051540;WIKIDATA;Q2155070
TN7051550;CRS;SUP
TN7051550;OSM;7860900545
TN7051550;UIC;7051550
TN7051550;WIKIDATA;Q3070740
TN7051560;CRS;SWM
TN7051560;OSM;6779166272
TN7051560;UIC;7051560
TN7051560;WIKIDATA;Q2298428
TN7051580;CRS;WAE
TN7051580;UIC;7051580
TN7051600;CRS;ADM
TN7051600;OSM;6689773480
TN7051600;UIC;7000036
TN7051600;UIC;7051600
TN7051600;WIKIDATA;Q1996073
TN7051620;CRS;AYL
TN7051620;OSM;6688355482
TN7051620;UIC;7051620
TN7051620;WIKIDATA;Q2578339
TN7051630;CRS;BCH
TN7051630;OSM;6743987557
TN7051630;UIC;7051630
TN7051630;WIKIDATA;Q1892812
TN7051640;CRS;CBE
TN7051640;OSM;6689773482
TN7051640;UIC;7051640
TN7051640;WIKIDATA;Q4381574
TN7051670;CRS;FAV
TN7051670;OSM;27454741
TN7051670;UIC;7051670
TN7051670;WIKIDATA;Q4753369
TN7051690;CRS;GLM
TN7051690;OSM;6677241028
TN7051690;UIC;7051690
TN7051720;CRS;GRV
TN7051720;OSM;6691194325
TN7051720;UIC;7051720
TN7051720;WIKIDATA;Q2615632
TN7051730;CRS;HAI
TN7051730;OSM;6688385685
TN7051730;UIC;7051730
TN7051730;WIKIDATA;Q2122913
TN7051740;CRS;HNB
TN7051740;OSM;6743987558
TN7051740;UIC;7051740
TN7051740;WIKIDATA;Q2294609
TN7051750;CRS;NGT
TN7051750;OSM;6689800303
TN7051750;UIC;7051750
TN7051750;WIKIDATA;Q7018278
TN7051760;CRS;QBR
TN7051760;OSM;29704570
TN7051760;UIC;7051760
TN7051760;WIKIDATA;Q2323119
TN7051770;CRS;RAI
TN7051770;OSM;6689800304
TN7051770;UIC;7051770
TN7051770;WIKIDATA;Q1865266
TN7051790;CRS;SEG
TN7051790;OSM;6689800301
TN7051790;UIC;7051790
TN7051790;WIKIDATA;Q509141
TN7051840;CRS;SSS
TN7051840;OSM;29704589
TN7051840;UIC;7051840
TN7051840;WIKIDATA;Q7492505
TN7051850;CRS;SWO
TN7051850;OSM;6744055522
TN7051850;UIC;7051850
TN7051850;WIKIDATA;Q2605621
TN7051860;CRS;SPH
TN7051860;OSM;6744055523
TN7051860;UIC;7051860
TN7051860;WIKIDATA;Q2953875
TN7051870;CRS;SIT
TN7051870;OSM;3726061852
TN7051870;UIC;7051870
TN7051870;WIKIDATA;Q1919614
TN7051890;CRS;SDA
TN7051890;OSM;6688355484
TN7051890;UIC;7051890
TN7051890;WIKIDATA;Q1899707
TN7051910;CRS;SOO
TN7051910;OSM;6688385687
TN7051910;UIC;7051910
TN7051910;WIKIDATA;Q2111455
TN7051930;CRS;TEY
TN7051930;OSM;6689800302
TN7051930;UIC;7051930
TN7051930;WIKIDATA;Q1865163
TN7051950;CRS;WGA
TN7051950;OSM;6083526675
TN7051950;UIC;7051950
TN7051950;WIKIDATA;Q2515203
TN7051960;CRS;WHI
TN7051960;OSM;3726214975
TN7051960;UIC;7051960
TN7051960;WIKIDATA;Q2555569
TN7051970;CRS;AYH
TN7051970;OSM;6744055521
TN7051970;UIC;7051970
TN7051970;WIKIDATA;Q4831400
TN7051980;CRS;BKS
TN7051980;OSM;6689773481
TN7051980;UIC;7051980
TN7051980;WIKIDATA;Q4881599
TN7051990;CRS;CTM
TN7051990;OSM;6689800305
TN7051990;UIC;7051990
TN7051990;WIKIDATA;Q2636404
TN7052000;CRS;CSW
TN7052000;OSM;3727341271
TN7052000;UIC;7052000
TN7052000;WIKIDATA;Q5093891
TN7052010;CRS;CUX
TN7052010;OSM;6688385686
TN7052010;UIC;7052010
TN7052010;WIKIDATA;Q2456141
TN7052020;CRS;HGM
TN7052020;OSM;30091651
TN7052020;UIC;7052020
TN7052020;WIKIDATA;Q1883622
TN7052030;CRS;RTR
TN7052030;OSM;6689800306
TN7052030;UIC;7052030
TN7052030;WIKIDATA;Q2106217
TN7052050;CRS;KML
TN7052050;OSM;29704959
TN7052050;UIC;7052050
TN7052050;WIKIDATA;Q2625213
TN7052080;CRS;PLU
TN7052080;OSM;5871218016
TN7052080;UIC;7052080
TN7052080;WIKIDATA;Q4403657
TN7052110;CRS;BEX
TN7052110;OSM;6745645279
TN7052110;UIC;7052110
TN7052110;WIKIDATA;Q2063602
TN7052150;CRS;BAT
TN7052150;OSM;3157623531
TN7052150;UIC;7052150
TN7052150;WIKIDATA;Q4873077
TN7052170;CRS;ETC
TN7052170;OSM;3157657524
TN7052170;UIC;7052170
TN7052170;WIKIDATA;Q2498415
TN7052180;CRS;FRT
TN7052180;OSM;4855869700
TN7052180;UIC;7052180
TN7052180;WIKIDATA;Q1913083
TN7052190;CRS;HGS
TN7052190;OSM;21275502
TN7052190;UIC;7052190
TN7052190;WIKIDATA;Q2556633
TN7052200;CRS;HCN
TN7052200;OSM;6688385724
TN7052200;UIC;7052200
TN7052200;WIKIDATA;Q2482799
TN7052220;CRS;MDW
TN7052220;OSM;6688355480
TN7052220;UIC;7052220
TN7052230;CRS;MRN
TN7052230;OSM;6688385726
TN7052230;UIC;7052230
TN7052230;WIKIDATA;Q2666551
TN7052240;CRS;PDW
TN7052240;OSM;6688385722
TN7052240;UIC;7052240
TN7052240;WIKIDATA;Q2063096
TN7052250;CRS;PLC
TN7052250;OSM;6688385723
TN7052250;UIC;7052250
TN7052250;WIKIDATA;Q2346536
TN7052260;CRS;RBR
TN7052260;OSM;3157658023
TN7052260;UIC;7052260
TN7052260;WIKIDATA;Q2012525
TN7052270;CRS;BEG
TN7052270;OSM;6688355476
TN7052270;UIC;7052270
TN7052270;WIKIDATA;Q2680767
TN7052280;CRS;SPU
TN7052280;OSM;6688385725
TN7052280;UIC;7052280
TN7052280;WIKIDATA;Q2076171
TN7052290;CRS;TON
TN7052290;OSM;6688385727
TN7052290;UIC;7052290
TN7052290;WIKIDATA;Q2127426
TN7052300;CRS;TBW
TN7052300;OSM;3157682910
TN7052300;UIC;7052300
TN7052300;WIKIDATA;Q3381300
TN7052310;CRS;WAD
TN7052310;OSM;4855838440
TN7052310;UIC;7052310
TN7052310;WIKIDATA;Q2235931
TN7052320;CRS;YAL
TN7052320;OSM;6688355477
TN7052320;UIC;7052320
TN7052320;WIKIDATA;Q2109915
TN7052330;CRS;CWU
TN7052330;OSM;3157623532
TN7052330;UIC;7052330
TN7052330;WIKIDATA;Q2323354
TN7052340;CRS;EFL
TN7052340;OSM;6688355479
TN7052340;UIC;7052340
TN7052340;WIKIDATA;Q3065808
TN7052350;CRS;HIB
TN7052350;OSM;4350841607
TN7052350;UIC;7052350
TN7052350;WIKIDATA;Q2289866
TN7052360;CRS;HLB
TN7052360;OSM;3749263910
TN7052360;UIC;7052360
TN7052360;WIKIDATA;Q1946568
TN7052370;CRS;MDB
TN7052370;OSM;6688355481
TN7052370;UIC;7052370
TN7052370;WIKIDATA;Q2913119
TN7052380;CRS;NHE
TN7052380;OSM;6688355483
TN7052380;UIC;7052380
TN7052380;WIKIDATA;Q2244436
TN7052390;CRS;SLQ
TN7052390;OSM;6745645278
TN7052390;UIC;7052390
TN7052390;WIKIDATA;Q3047264
TN7052400;CRS;SOG
TN7052400;OSM;112074261
TN7052400;UIC;7052400
TN7052400;WIKIDATA;Q2192587
TN7052410;CRS;WTR
TN7052410;OSM;6688355478
TN7052410;UIC;7052410
TN7052420;CRS;WLD
TN7052420;OSM;3157623929
TN7052420;UIC;7052420
TN7052420;WIKIDATA;Q2335526
TN7052460;CRS;EPH
TN7052460;OSM;3660623412
TN7052460;UIC;7052460
TN7052460;WIKIDATA;Q13583357
TN7052480;CRS;SCG
TN7052480;OSM;6779166274
TN7052480;UIC;7052480
TN7052480;WIKIDATA;Q3341228
TN7052490;CRS;SWL
TN7052490;OSM;855651597
TN7052490;UIC;7052490
TN7052490;WIKIDATA;Q2191551
TN7052500;CRS;AMY
TN7052500;OSM;5870536785
TN7052500;UIC;7052500
TN7052500;WIKIDATA;Q2173107
TN7052510;CRS;ARU
TN7052510;OSM;5870535784
TN7052510;UIC;7052510
TN7052510;WIKIDATA;Q2052983
TN7052520;CRS;BAA
TN7052520;OSM;5870767820
TN7052520;UIC;7052520
TN7052520;WIKIDATA;Q2059728
TN7052530;CRS;BOG
TN7052530;OSM;4907830232
TN7052530;UIC;7052530
TN7052530;WIKIDATA;Q2278205
TN7052540;CRS;BOH
TN7052540;OSM;112574808
TN7052540;UIC;7052540
TN7052540;WIKIDATA;Q2591345
TN7052550;CRS;CCH
TN7052550;OSM;5498467907
TN7052550;UIC;7052550
TN7052550;WIKIDATA;Q2187759
TN7052570;CRS;EMS
TN7052570;OSM;28409831
TN7052570;UIC;7052570
TN7052570;WIKIDATA;Q1991227
TN7052580;CRS;FOD
TN7052580;OSM;5870767815
TN7052580;UIC;7052580
TN7052580;WIKIDATA;Q921886
TN7052600;CRS;LIT
TN7052600;OSM;5003723811
TN7052600;UIC;7052600
TN7052600;WIKIDATA;Q2780143
TN7052610;CRS;FSB
TN7052610;OSM;34143532
TN7052610;UIC;7052610
TN7052610;WIKIDATA;Q3245103
TN7052620;CRS;NUT
TN7052620;OSM;113379094
TN7052620;UIC;7052620
TN7052620;WIKIDATA;Q4404768
TN7052630;CRS;SOB
TN7052630;OSM;28409829
TN7052630;UIC;7052630
TN7052630;WIKIDATA;Q2075322
TN7052640;CRS;WBL
TN7052640;OSM;32343344
TN7052640;UIC;7052640
TN7052640;WIKIDATA;Q129721
TN7052670;CRS;ANG
TN7052670;OSM;31075499
TN7052670;UIC;7052670
TN7052670;WIKIDATA;Q1932910
TN7052680;CRS;BTN
TN7052680;OSM;20947173
TN7052680;UIC;7052680
TN7052680;WIKIDATA;Q800573
TN7052720;CRS;GBS
TN7052720;OSM;50099895
TN7052720;UIC;7052720
TN7052720;WIKIDATA;Q2789351
TN7052730;CRS;HOV
TN7052730;OSM;1322286515
TN7052730;UIC;7052730
TN7052730;WIKIDATA;Q2426316
TN7052750;CRS;LAC
TN7052750;OSM;50485546
TN7052750;UIC;7052750
TN7052750;WIKIDATA;Q2308589
TN7052760;CRS;PLD
TN7052760;OSM;8787418205
TN7052760;UIC;7052760
TN7052760;WIKIDATA;Q2795710
TN7052770;CRS;SSE
TN7052770;OSM;50489284
TN7052770;UIC;7052770
TN7052770;WIKIDATA;Q2674041
TN7052780;CRS;WWO
TN7052780;OSM;30105446
TN7052780;UIC;7052780
TN7052780;WIKIDATA;Q2982338
TN7052790;CRS;WRH
TN7052790;OSM;29806160
TN7052790;UIC;7052790
TN7052790;WIKIDATA;Q2161323
TN7052800;CRS;AGT
TN7052800;OSM;25331153
TN7052800;UIC;7052800
TN7052800;WIKIDATA;Q2802053
TN7052810;CRS;LRB
TN7052810;OSM;6745675389
TN7052810;UIC;7052810
TN7052810;WIKIDATA;Q1820227
TN7052820;CRS;DUR
TN7052820;OSM;46527768
TN7052820;UIC;7052820
TN7052820;WIKIDATA;Q2654300
TN7052830;CRS;EWR
TN7052830;OSM;50452554
TN7052830;UIC;7052830
TN7052830;WIKIDATA;Q2716006
TN7052840;CRS;FSG
TN7052840;OSM;50495669
TN7052840;UIC;7052840
TN7052840;WIKIDATA;Q2193586
TN7052852;CRS;PRP
TN7052852;OSM;20979539
TN7052852;UIC;7052852
TN7052852;WIKIDATA;Q2337400
TN7052860;CRS;SWK
TN7052860;OSM;31107479
TN7052860;UIC;7052860
TN7052860;WIKIDATA;Q2497816
TN7052890;CRS;HYR
TN7052890;OSM;3752975780
TN7052890;UIC;7052890
TN7052890;WIKIDATA;Q1909042
TN7052900;CRS;SIH
TN7052900;OSM;27020525
TN7052900;UIC;7052900
TN7052900;WIKIDATA;Q2217526
TN7052910;CRS;MDS
TN7052910;OSM;5571737425
TN7052910;UIC;7052910
TN7052910;WIKIDATA;Q3921420
TN7052920;CRS;SMO
TN7052920;OSM;37984741
TN7052920;UIC;7052920
TN7052920;WIKIDATA;Q3951461
TN7052930;CRS;WSU
TN7052930;OSM;4337677777
TN7052930;UIC;7052930
TN7052930;WIKIDATA;Q2544455
TN7052940;CRS;LIH
TN7052940;OSM;6774062198
TN7052940;UIC;7052940
TN7052940;WIKIDATA;Q2218963
TN7052960;CRS;CHL
TN7052960;OSM;3673824828
TN7052960;UIC;7052960
TN7052960;WIKIDATA;Q2295135
TN7052970;CRS;DKT
TN7052970;OSM;3600088829
TN7052970;UIC;7052970
TN7052970;WIKIDATA;Q2456082
TN7052980;CRS;GOM
TN7052980;OSM;17770687
TN7052980;UIC;7052980
TN7052980;WIKIDATA;Q3199982
TN7053010;CRS;CLP
TN7053010;OSM;2438288086
TN7053010;UIC;7053010
TN7053010;WIKIDATA;Q2381798
TN7053080;CRS;HLM
TN7053080;OSM;5863723752
TN7053080;UIC;7053080
TN7053080;WIKIDATA;Q2049680
TN7053090;CRS;HRH
TN7053090;OSM;5863723755
TN7053090;UIC;7053090
TN7053090;WIKIDATA;Q2431903
TN7053100;CRS;OLY
TN7053100;OSM;5863723753
TN7053100;UIC;7053100
TN7053100;WIKIDATA;Q4490156
TN7053120;CRS;MCB
TN7053120;OSM;6745675390
TN7053120;UIC;7053120
TN7053120;WIKIDATA;Q2437531
TN7053160;CRS;WNH
TN7053160;OSM;5863723754
TN7053160;UIC;7053160
TN7053160;WIKIDATA;Q2699878
TN7053190;CRS;CHH
TN7053190;UIC;7053190
TN7053230;CRS;BRK
TN7053230;OSM;6745675393
TN7053230;UIC;7053230
TN7053230;WIKIDATA;Q4895976
TN7053240;CRS;BXD
TN7053240;OSM;5882032219
TN7053240;UIC;7053240
TN7053240;WIKIDATA;Q1997262
TN7053250;CRS;COH
TN7053250;OSM;5882032218
TN7053250;UIC;7053250
TN7053250;WIKIDATA;Q2537407
TN7053290;CRS;LWS
TN7053290;OSM;628827296
TN7053290;UIC;7053290
TN7053290;WIKIDATA;Q933911
TN7053300;CRS;NVH
TN7053300;OSM;6745675387
TN7053300;UIC;7053300
TN7053300;WIKIDATA;Q2413496
TN7053310;CRS;NVN
TN7053310;OSM;6745675388
TN7053310;UIC;7053310
TN7053310;WIKIDATA;Q2293851
TN7053320;CRS;PMP
TN7053320;OSM;6745947210
TN7053320;UIC;7053320
TN7053320;WIKIDATA;Q7205476
TN7053330;CRS;SEF
TN7053330;OSM;4726762555
TN7053330;UIC;7053330
TN7053330;WIKIDATA;Q1877282
TN7053340;CRS;UCK
TN7053340;OSM;5882031666
TN7053340;UIC;7053340
TN7053340;WIKIDATA;Q2209876
TN7053360;CRS;CBR
TN7053360;OSM;6745947211
TN7053360;UIC;7053360
TN7053360;WIKIDATA;Q3341575
TN7053370;CRS;FMR
TN7053370;OSM;6745675391
TN7053370;UIC;7053370
TN7053370;WIKIDATA;Q2435208
TN7053380;CRS;GLY
TN7053380;OSM;6745675392
TN7053380;UIC;7053380
TN7053380;WIKIDATA;Q2540646
TN7053390;CRS;SEE
TN7053390;OSM;6745675385
TN7053390;UIC;7053390
TN7053390;WIKIDATA;Q5830819
TN7053410;CRS;WVF
TN7053410;OSM;6745947212
TN7053410;UIC;7053410
TN7053410;WIKIDATA;Q517098
TN7053450;CRS;NXG
TN7053450;OSM;5871218009
TN7053450;UIC;7053450
TN7053450;WIKIDATA;Q648558
TN7053470;CRS;AHD
TN7053470;OSM;3815631286
TN7053470;UIC;7053470
TN7053470;WIKIDATA;Q4805961
TN7053480;CRS;BAD
TN7053480;OSM;7170550850
TN7053480;UIC;7053480
TN7053480;WIKIDATA;Q4857160
TN7053500;CRS;BLM
TN7053500;OSM;6774476167
TN7053500;UIC;7053500
TN7053500;WIKIDATA;Q2799373
TN7053510;CRS;CAT
TN7053510;OSM;5233720883
TN7053510;UIC;7053510
TN7053510;WIKIDATA;Q2581686
TN7053520;CRS;CHE
TN7053520;OSM;3691424209
TN7053520;UIC;7053520
TN7053520;WIKIDATA;Q1813087
TN7053530;CRS;CHP
TN7053530;OSM;3166455702
TN7053530;UIC;7053530
TN7053530;WIKIDATA;Q2033523
TN7053550;CRS;ECR
TN7053550;OSM;302042289
TN7053550;UIC;7053550
TN7053550;WIKIDATA;Q800699
TN7053560;CRS;CYP
TN7053560;OSM;5790633431
TN7053560;UIC;7053560
TN7053560;WIKIDATA;Q676281
TN7053570;CRS;DKG
TN7053570;OSM;3782983829
TN7053570;UIC;7053570
TN7053570;WIKIDATA;Q1914125
TN7053580;CRS;EDW
TN7053580;OSM;7860903110
TN7053580;UIC;7053580
TN7053580;WIKIDATA;Q5328256
TN7053590;CRS;EBT
TN7053590;OSM;5882032119
TN7053590;UIC;7053590
TN7053600;CRS;EPS
TN7053600;OSM;6610824937
TN7053600;UIC;7053600
TN7053600;WIKIDATA;Q1907314
TN7053610;CRS;EPD
TN7053610;OSM;3858632552
TN7053610;UIC;7053610
TN7053610;WIKIDATA;Q2576134
TN7053620;CRS;FOH
TN7053620;OSM;5871218007
TN7053620;UIC;7053620
TN7053620;WIKIDATA;Q2342584
TN7053630;CRS;GIP
TN7053630;OSM;7860903089
TN7053630;UIC;7053630
TN7053630;WIKIDATA;Q2206539
TN7053640;CRS;HCB
TN7053640;OSM;6090336257
TN7053640;UIC;7053640
TN7053640;WIKIDATA;Q2409962
TN7053650;CRS;HOR
TN7053650;OSM;2053160023
TN7053650;UIC;7053650
TN7053650;WIKIDATA;Q673580
TN7053660;CRS;KND
TN7053660;OSM;26087545
TN7053660;UIC;7053660
TN7053660;WIKIDATA;Q2192379
TN7053680;CRS;LHD
TN7053680;OSM;5863634794
TN7053680;UIC;7053680
TN7053680;WIKIDATA;Q2309556
TN7053690;CRS;LFD
TN7053690;OSM;3727341275
TN7053690;UIC;7053690
TN7053690;WIKIDATA;Q743644
TN7053720;CRS;WWR
TN7053720;OSM;2438286491
TN7053720;UIC;7053720
TN7053720;WIKIDATA;Q2472566
TN7053760;CRS;NWD
TN7053760;OSM;5882165493
TN7053760;UIC;7053760
TN7053760;WIKIDATA;Q2835440
TN7053770;CRS;OXT
TN7053770;OSM;5882058967
TN7053770;UIC;7053770
TN7053770;WIKIDATA;Q2601068
TN7053780;CRS;PNW
TN7053780;OSM;3572247866
TN7053780;UIC;7053780
TN7053780;WIKIDATA;Q2389053
TN7053790;CRS;PUR
TN7053790;OSM;5293818504
TN7053790;UIC;7053790
TN7053790;WIKIDATA;Q2180994
TN7053800;CRS;SAF
TN7053800;OSM;2526292310
TN7053800;UIC;7053800
TN7053800;WIKIDATA;Q2282929
TN7053830;CRS;STE
TN7053830;OSM;3655237096
TN7053830;UIC;7053830
TN7053830;WIKIDATA;Q368336
TN7053840;CRS;SRC
TN7053840;OSM;6774489101
TN7053840;UIC;7053840
TN7053840;WIKIDATA;Q7622732
TN7053850;CRS;SUO
TN7053850;OSM;3661349170
TN7053850;UIC;7053850
TN7053850;WIKIDATA;Q4437087
TN7053860;CRS;TAD
TN7053860;OSM;4919245752
TN7053860;UIC;7053860
TN7053860;WIKIDATA;Q2516420
TN7053870;CRS;TAT
TN7053870;OSM;6658470683
TN7053870;UIC;7053870
TN7053870;WIKIDATA;Q2918948
TN7053880;CRS;TTH
TN7053880;OSM;6774489103
TN7053880;UIC;7053880
TN7053880;WIKIDATA;Q2187219
TN7053890;CRS;TOO
TN7053890;OSM;3752975773
TN7053890;UIC;7053890
TN7053890;WIKIDATA;Q2181903
TN7053900;CRS;TUH
TN7053900;OSM;8724517978
TN7053900;UIC;7053900
TN7053900;WIKIDATA;Q2851519
TN7053910;CRS;UWL
TN7053910;OSM;5294256951
TN7053910;UIC;7053910
TN7053910;WIKIDATA;Q2326673
TN7053920;CRS;WDO
TN7053920;OSM;154555335
TN7053920;UIC;7053920
TN7053920;WIKIDATA;Q2120787
TN7053940;CRS;WLT
TN7053940;OSM;6774062196
TN7053940;UIC;7053940
TN7053940;WIKIDATA;Q2447377
TN7053950;CRS;WSW
TN7053950;OSM;3757075887
TN7053950;UIC;7053950
TN7053950;WIKIDATA;Q2398577
TN7053960;CRS;WHY
TN7053960;OSM;5294256369
TN7053960;UIC;7053960
TN7053960;WIKIDATA;Q2790454
TN7053970;CRS;ANZ
TN7053970;OSM;6391499992
TN7053970;UIC;7053970
TN7053970;WIKIDATA;Q2012789
TN7053980;CRS;AHS
TN7053980;UIC;7053980
TN7053990;CRS;BAL
TN7053990;OSM;3941256583
TN7053990;UIC;7053990
TN7053990;WIKIDATA;Q579345
TN7054010;CRS;BIK
TN7054010;OSM;7860903096
TN7054010;UIC;7054010
TN7054010;WIKIDATA;Q2207882
TN7054020;CRS;BIP
TN7054020;OSM;6745675386
TN7054020;UIC;7054020
TN7054020;WIKIDATA;Q2330749
TN7054030;CRS;BXW
TN7054030;OSM;4871665581
TN7054030;UIC;7054030
TN7054030;WIKIDATA;Q4951526
TN7054040;CRS;BCY
TN7054040;OSM;6585461978
TN7054040;UIC;7054040
TN7054040;WIKIDATA;Q2736276
TN7054050;CRS;CSH
TN7054050;OSM;5863723750
TN7054050;UIC;7054050
TN7054050;WIKIDATA;Q3317733
TN7054060;CRS;CSB
TN7054060;OSM;6774062195
TN7054060;UIC;7054060
TN7054060;WIKIDATA;Q2372214
TN7054080;CRS;CDS
TN7054080;OSM;7159314259
TN7054080;UIC;7054080
TN7054080;WIKIDATA;Q2514119
TN7054090;CRS;CWN
TN7054090;OSM;5882032163
TN7054090;UIC;7054090
TN7054090;WIKIDATA;Q2374789
TN7054100;CRS;SCY
TN7054100;OSM;5882282269
TN7054100;UIC;7054100
TN7054100;WIKIDATA;Q7566932
TN7054110;CRS;WCY
TN7054110;OSM;270091541
TN7054110;UIC;7054110
TN7054110;WIKIDATA;Q801592
TN7054120;CRS;DPD
TN7054120;OSM;3854035767
TN7054120;UIC;7054120
TN7054120;WIKIDATA;Q2343042
TN7054130;CRS;DMS
TN7054130;OSM;5882263331
TN7054130;UIC;7054130
TN7054130;WIKIDATA;Q2626558
TN7054140;CRS;ELD
TN7054140;OSM;2526308931
TN7054140;UIC;7054140
TN7054140;WIKIDATA;Q772070
TN7054150;CRS;EWE
TN7054150;OSM;5863723751
TN7054150;UIC;7054150
TN7054150;WIKIDATA;Q2618113
TN7054160;CRS;GTW
TN7054160;OSM;14606892
TN7054160;UIC;7054160
TN7054160;WIKIDATA;Q1495884
TN7054170;CRS;HEV
TN7054170;OSM;5882032162
TN7054170;UIC;7054170
TN7054170;WIKIDATA;Q13528783
TN7054180;CRS;HPA
TN7054180;OSM;5871218008
TN7054180;UIC;7054180
TN7054180;WIKIDATA;Q5896843
TN7054190;CRS;KLY
TN7054190;OSM;5293817931
TN7054190;UIC;7054190
TN7054190;WIKIDATA;Q2393108
TN7054200;CRS;BAK
TN7054200;OSM;2324453845
TN7054200;UIC;7054200
TN7054200;WIKIDATA;Q2241899
TN7054210;CRS;DMK
TN7054210;OSM;2438280276
TN7054210;UIC;7054210
TN7054210;WIKIDATA;Q1981385
TN7054230;CRS;PMR
TN7054230;OSM;6991125522
TN7054230;UIC;7054230
TN7054230;WIKIDATA;Q2154508
TN7054240;CRS;QRP
TN7054240;OSM;2446751285
TN7054240;UIC;7054240
TN7054240;WIKIDATA;Q1897912
TN7054250;CRS;SBM
TN7054250;OSM;6476798601
TN7054250;UIC;7054250
TN7054250;WIKIDATA;Q2470635
TN7054260;CRS;VIC
TN7054260;OSM;3768010552
TN7054260;UIC;7000010
TN7054260;UIC;7054260
TN7054260;WIKIDATA;Q985210
TN7054270;CRS;MIJ
TN7054270;OSM;6207523037
TN7054270;UIC;7054270
TN7054270;WIKIDATA;Q3280024
TN7054280;CRS;NRB
TN7054280;OSM;6774489102
TN7054280;UIC;7054280
TN7054280;WIKIDATA;Q1932430
TN7054290;CRS;NDL
TN7054290;OSM;21669593
TN7054290;UIC;7054290
TN7054290;WIKIDATA;Q2105973
TN7054300;CRS;PUO
TN7054300;OSM;6774062197
TN7054300;UIC;7054300
TN7054300;WIKIDATA;Q2001741
TN7054310;CRS;RHM
TN7054310;OSM;26087557
TN7054310;UIC;7054310
TN7054310;WIKIDATA;Q1972220
TN7054320;CRS;RDD
TN7054320;OSM;5882282271
TN7054320;UIC;7054320
TN7054320;WIKIDATA;Q5004660
TN7054330;CRS;SNR
TN7054330;OSM;5882282270
TN7054330;UIC;7054330
TN7054330;WIKIDATA;Q1816144
TN7054340;CRS;SRS
TN7054340;OSM;6539839675
TN7054340;UIC;7054340
TN7054340;WIKIDATA;Q2365023
TN7054350;CRS;SRH
TN7054350;OSM;1583662829
TN7054350;UIC;7054350
TN7054350;WIKIDATA;Q1986365
TN7054360;CRS;SUC
TN7054360;OSM;27021082
TN7054360;UIC;7054360
TN7054360;WIKIDATA;Q2482182
TN7054370;CRS;SYD
TN7054370;OSM;5871218006
TN7054370;UIC;7054370
TN7054370;WIKIDATA;Q2064910
TN7054380;CRS;WNW
TN7054380;OSM;7860903088
TN7054380;UIC;7054380
TN7054380;WIKIDATA;Q2958963
TN7054390;CRS;WHS
TN7054390;OSM;5294170209
TN7054390;UIC;7054390
TN7054390;WIKIDATA;Q2674703
TN7054400;CRS;WOH
TN7054400;OSM;5294290087
TN7054400;UIC;7054400
TN7054400;WIKIDATA;Q2043333
TN7054410;CRS;WME
TN7054410;OSM;26087544
TN7054410;UIC;7054410
TN7054410;WIKIDATA;Q2737664
TN7054480;CRS;EBN
TN7054480;OSM;6745675395
TN7054480;UIC;7054480
TN7054480;WIKIDATA;Q800700
TN7054500;CRS;HMD
TN7054500;OSM;6745675396
TN7054500;UIC;7054500
TN7054500;WIKIDATA;Q2163730
TN7054550;CRS;PLG
TN7054550;OSM;6745675394
TN7054550;UIC;7054550
TN7054550;WIKIDATA;Q1928088
TN7054570;CRS;CLL
TN7054570;OSM;6745645280
TN7054570;UIC;7054570
TN7054570;WIKIDATA;Q5147285
TN7054580;CRS;COB
TN7054580;OSM;6745645281
TN7054580;UIC;7054580
TN7054580;WIKIDATA;Q5166835
TN7054590;CRS;ERI
TN7054590;OSM;5882031667
TN7054590;UIC;7054590
TN7054590;WIKIDATA;Q2564605
TN7054600;CRS;NSB
TN7054600;OSM;6745645282
TN7054600;UIC;7054600
TN7054600;WIKIDATA;Q2324161
TN7054610;CRS;PEV
TN7054610;OSM;6745645284
TN7054610;UIC;7054610
TN7054610;WIKIDATA;Q2280818
TN7054620;CRS;PEB
TN7054620;OSM;6745645283
TN7054620;UIC;7054620
TN7054620;WIKIDATA;Q2721185
TN7054630;CRS;HUR
TN7054630;OSM;5882031668
TN7054630;UIC;7054630
TN7054630;WIKIDATA;Q2798051
TN7054640;CRS;BIG
TN7054640;OSM;3658682890
TN7054640;UIC;7054640
TN7054640;WIKIDATA;Q2365559
TN7054680;CRS;PUL
TN7054680;OSM;5870536786
TN7054680;UIC;7054680
TN7054680;WIKIDATA;Q4759900
TN7054720;CRS;BTO
TN7054720;OSM;3749354474
TN7054720;UIC;7054720
TN7054720;WIKIDATA;Q2041117
TN7054730;CRS;EBR
TN7054730;OSM;6774062200
TN7054730;UIC;7054730
TN7054730;WIKIDATA;Q3117816
TN7054740;CRS;GDN
TN7054740;OSM;6774062201
TN7054740;UIC;7054740
TN7054740;WIKIDATA;Q2744322
TN7054750;CRS;MHM
TN7054750;OSM;3631670349
TN7054750;UIC;7054750
TN7054750;WIKIDATA;Q369575
TN7054760;CRS;NUF
TN7054760;OSM;6774062202
TN7054760;UIC;7054760
TN7054760;WIKIDATA;Q2671420
TN7054770;CRS;PHR
TN7054770;OSM;19241063
TN7054770;UIC;7054770
TN7054770;WIKIDATA;Q2675582
TN7054782;CRS;RDH
TN7054782;OSM;3854099069
TN7054782;UIC;7054782
TN7054782;WIKIDATA;Q2383756
TN7054800;CRS;REI
TN7054800;OSM;20596476
TN7054800;UIC;7054800
TN7054800;WIKIDATA;Q628747
TN7054830;CRS;BUG
TN7054830;OSM;6076965734
TN7054830;UIC;7054830
TN7054830;WIKIDATA;Q2690165
TN7054840;CRS;CRW
TN7054840;OSM;5870767825
TN7054840;UIC;7054840
TN7054840;WIKIDATA;Q3405380
TN7054860;CRS;EGR
TN7054860;OSM;5882263332
TN7054860;UIC;7054860
TN7054860;WIKIDATA;Q1912304
TN7054890;CRS;HSK
TN7054890;OSM;14607028
TN7054890;UIC;7054890
TN7054890;WIKIDATA;Q2831648
TN7054900;CRS;HHE
TN7054900;OSM;6745947230
TN7054900;UIC;7054900
TN7054900;WIKIDATA;Q5687410
TN7054910;CRS;TBD
TN7054910;OSM;5870767821
TN7054910;UIC;7054910
TN7054910;WIKIDATA;Q2699563
TN7054920;CRS;BAB
TN7054920;OSM;5611485211
TN7054920;UIC;7054920
TN7054920;WIKIDATA;Q2864622
TN7054930;CRS;FGT
TN7054930;OSM;14606756
TN7054930;UIC;7054930
TN7054930;WIKIDATA;Q2337132
TN7054940;CRS;SAB
TN7054940;OSM;7144107
TN7054940;UIC;7054940
TN7054940;WIKIDATA;Q1868757
TN7054950;CRS;IFI
TN7054950;OSM;14606771
TN7054950;UIC;7054950
TN7054950;WIKIDATA;Q4933252
TN7054980;CRS;LVN
TN7054980;OSM;14606742
TN7054980;UIC;7054980
TN7054980;WIKIDATA;Q2327144
TN7055000;CRS;BMY
TN7055000;OSM;7524351936
TN7055000;UIC;7055000
TN7055000;WIKIDATA;Q2550329
TN7055010;CRS;MOR
TN7055010;OSM;7524351935
TN7055010;UIC;7055010
TN7055010;WIKIDATA;Q2105261
TN7055020;CRS;DMH
TN7055020;OSM;5232609898
TN7055020;UIC;7055020
TN7055020;WIKIDATA;Q2303611
TN7055040;CRS;LKE
TN7055040;OSM;1305249778
TN7055040;UIC;7055040
TN7055040;WIKIDATA;Q2126164
TN7055050;CRS;WMN
TN7055050;OSM;7154293857
TN7055050;UIC;7055050
TN7055050;WIKIDATA;Q2383286
TN7055090;CRS;FTN
TN7055090;OSM;17479415
TN7055090;UIC;7055090
TN7055090;WIKIDATA;Q2618118
TN7055100;CRS;ADV
TN7055100;OSM;6011146543
TN7055100;UIC;7055100
TN7055100;WIKIDATA;Q2003702
TN7055140;CRS;GRT
TN7055140;OSM;45118184
TN7055140;UIC;7055140
TN7055140;WIKIDATA;Q13590986
TN7055200;CRS;BSK
TN7055200;OSM;344525373
TN7055200;UIC;7055200
TN7055200;WIKIDATA;Q2421375
TN7055210;CRS;FNB
TN7055210;OSM;3509618076
TN7055210;UIC;7055210
TN7055210;WIKIDATA;Q1941502
TN7055220;CRS;FLE
TN7055220;OSM;5863634786
TN7055220;UIC;7055220
TN7055220;WIKIDATA;Q2626406
TN7055230;CRS;HOK
TN7055230;OSM;5863634184
TN7055230;UIC;7055230
TN7055230;WIKIDATA;Q2717068
TN7055250;CRS;SAN
TN7055250;OSM;7140203834
TN7055250;UIC;7055250
TN7055250;WIKIDATA;Q2685831
TN7055260;CRS;OVR
TN7055260;OSM;113419698
TN7055260;UIC;7055260
TN7055260;WIKIDATA;Q2197986
TN7055270;CRS;WCH
TN7055270;OSM;1136502525
TN7055270;UIC;7055270
TN7055270;WIKIDATA;Q1865326
TN7055280;CRS;WNF
TN7055280;OSM;5863634785
TN7055280;UIC;7055280
TN7055280;WIKIDATA;Q2206274
TN7055290;CRS;SHN
TN7055290;OSM;7140196818
TN7055290;UIC;7055290
TN7055290;WIKIDATA;Q2680445
TN7055300;CRS;BDN
TN7055300;OSM;7138905
TN7055300;UIC;7055300
TN7055300;WIKIDATA;Q2274755
TN7055320;CRS;HAV
TN7055320;OSM;6010790013
TN7055320;UIC;7055320
TN7055320;WIKIDATA;Q2136408
TN7055370;CRS;PMS
TN7055370;OSM;6010790017
TN7055370;UIC;7055370
TN7055370;WIKIDATA;Q3305372
TN7055380;CRS;BDH
TN7055380;OSM;6010790010
TN7055380;UIC;7055380
TN7055380;WIKIDATA;Q1816808
TN7055390;CRS;HLS
TN7055390;OSM;28971477
TN7055390;UIC;7055390
TN7055390;WIKIDATA;Q5391111
TN7055400;CRS;PMH
TN7055400;OSM;6010353229
TN7055400;UIC;7055400
TN7055400;WIKIDATA;Q2228512
TN7055410;CRS;RYP
TN7055410;OSM;2513777459
TN7055410;UIC;7055410
TN7055410;WIKIDATA;Q4679855
TN7055420;CRS;RYD
TN7055420;OSM;2513777384
TN7055420;UIC;7055420
TN7055420;WIKIDATA;Q2174613
TN7055430;CRS;RYR
TN7055430;UIC;7055430
TN7055440;CRS;AON
TN7055440;OSM;2755047275
TN7055440;UIC;7055440
TN7055440;WIKIDATA;Q2694837
TN7055450;CRS;FNH
TN7055450;OSM;3689292913
TN7055450;UIC;7055450
TN7055450;WIKIDATA;Q2178927
TN7055470;CRS;AHV
TN7055470;OSM;5967525975
TN7055470;UIC;7055470
TN7055470;WIKIDATA;Q4774283
TN7055500;CRS;ASN
TN7055500;OSM;6023274488
TN7055500;UIC;7000039
TN7055500;UIC;7055500
TN7055500;WIKIDATA;Q2064098
TN7055510;CRS;BNS
TN7055510;OSM;3671417635
TN7055510;UIC;7055510
TN7055510;WIKIDATA;Q1973974
TN7055520;CRS;BFD
TN7055520;OSM;6023272583
TN7055520;UIC;7055520
TN7055520;WIKIDATA;Q2804531
TN7055530;CRS;CHY
TN7055530;OSM;6023274487
TN7055530;UIC;7055530
TN7055530;WIKIDATA;Q3538832
TN7055540;CRS;CSS
TN7055540;OSM;3220011612
TN7055540;UIC;7055540
TN7055540;WIKIDATA;Q1812549
TN7055550;CRS;CLA
TN7055550;OSM;5863634796
TN7055550;UIC;7055550
TN7055550;WIKIDATA;Q2930928
TN7055560;CRS;CLG
TN7055560;OSM;4832847994
TN7055560;UIC;7055560
TN7055560;WIKIDATA;Q1937264
TN7055570;CRS;CSD
TN7055570;OSM;3846904832
TN7055570;UIC;7055570
TN7055570;WIKIDATA;Q5138880
TN7055580;CRS;ESH
TN7055580;OSM;3673904883
TN7055580;UIC;7055580
TN7055580;WIKIDATA;Q1876878
TN7055590;CRS;FEL
TN7055590;OSM;4816726094
TN7055590;UIC;7055590
TN7055590;WIKIDATA;Q969784
TN7055600;CRS;HMP
TN7055600;OSM;3393783868
TN7055600;UIC;7055600
TN7055600;WIKIDATA;Q2323143
TN7055610;CRS;HMC
TN7055610;OSM;4871686908
TN7055610;UIC;7055610
TN7055610;WIKIDATA;Q2313444
TN7055620;CRS;HSY
TN7055620;OSM;5863634795
TN7055620;UIC;7055620
TN7055620;WIKIDATA;Q2069708
TN7055630;CRS;HOU
TN7055630;OSM;6023274486
TN7055630;UIC;7055630
TN7055630;WIKIDATA;Q2131128
TN7055650;CRS;KNG
TN7055650;OSM;7170486869
TN7055650;UIC;7055650
TN7055650;WIKIDATA;Q1916904
TN7055670;CRS;NEM
TN7055670;OSM;3632471059
TN7055670;UIC;7055670
TN7055670;WIKIDATA;Q1870734
TN7055680;CRS;NBT
TN7055680;OSM;6023649380
TN7055680;UIC;7055680
TN7055680;WIKIDATA;Q2360178
TN7055690;CRS;RAY
TN7055690;OSM;5863634789
TN7055690;UIC;7055690
TN7055690;WIKIDATA;Q2804062
TN7055700;CRS;RMD
TN7055700;OSM;6438780655
TN7055700;UIC;7055700
TN7055700;WIKIDATA;Q801366
TN7055710;CRS;SUR
TN7055710;OSM;35499361
TN7055710;UIC;7055710
TN7055710;WIKIDATA;Q2526353
TN7055720;CRS;TED
TN7055720;OSM;6023649381
TN7055720;UIC;7055720
TN7055720;WIKIDATA;Q2130623
TN7055730;CRS;TOL
TN7055730;OSM;3655209291
TN7055730;UIC;7055730
TN7055730;WIKIDATA;Q3921078
TN7055740;CRS;TWI
TN7055740;OSM;6022637124
TN7055740;UIC;7055740
TN7055740;WIKIDATA;Q2286388
TN7055750;CRS;WAL
TN7055750;OSM;638645
TN7055750;UIC;7055750
TN7055750;WIKIDATA;Q2183741
TN7055760;CRS;WNT
TN7055760;OSM;3627170668
TN7055760;UIC;7055760
TN7055760;WIKIDATA;Q2834607
TN7055770;CRS;WYB
TN7055770;OSM;3878898983
TN7055770;UIC;7055770
TN7055770;WIKIDATA;Q2842764
TN7055780;CRS;WIM
TN7055780;OSM;18089211
TN7055780;UIC;7055780
TN7055780;WIKIDATA;Q801616
TN7055790;CRS;WCP
TN7055790;OSM;5863634790
TN7055790;UIC;7055790
TN7055790;WIKIDATA;Q2234958
TN7055800;CRS;BNI
TN7055800;OSM;6023272580
TN7055800;UIC;7055800
TN7055800;WIKIDATA;Q1834855
TN7055810;CRS;BRS
TN7055810;OSM;3632469240
TN7055810;UIC;7055810
TN7055810;WIKIDATA;Q2649746
TN7055820;CRS;CSN
TN7055820;OSM;3655209318
TN7055820;UIC;7055820
TN7055820;WIKIDATA;Q1934700
TN7055830;CRS;CHK
TN7055830;OSM;6023272581
TN7055830;UIC;7055830
TN7055830;WIKIDATA;Q2135035
TN7055840;CRS;EAD
TN7055840;OSM;3749254091
TN7055840;UIC;7055840
TN7055840;WIKIDATA;Q742411
TN7055860;CRS;EWW
TN7055860;OSM;6658618592
TN7055860;UIC;7055860
TN7055860;WIKIDATA;Q676680
TN7055870;CRS;FLW
TN7055870;OSM;3393783822
TN7055870;UIC;7055870
TN7055870;WIKIDATA;Q3021339
TN7055880;CRS;GUN
TN7055880;OSM;6438904139
TN7055880;UIC;7055880
TN7055880;WIKIDATA;Q800858
TN7055890;CRS;HMW
TN7055890;OSM;3683559902
TN7055890;UIC;7055890
TN7055890;WIKIDATA;Q969228
TN7055900;CRS;HER
TN7055900;OSM;5863634788
TN7055900;UIC;7055900
TN7055900;WIKIDATA;Q13528629
TN7055910;CRS;HYW
TN7055910;OSM;3490928893
TN7055910;UIC;7055910
TN7055910;WIKIDATA;Q2065274
TN7055920;CRS;ISL
TN7055920;OSM;6023274485
TN7055920;UIC;7055920
TN7055920;WIKIDATA;Q2485750
TN7055930;CRS;KWB
TN7055930;OSM;6023272582
TN7055930;UIC;7055930
TN7055930;WIKIDATA;Q2851105
TN7055940;CRS;KWG
TN7055940;OSM;6448645467
TN7055940;UIC;7055940
TN7055940;WIKIDATA;Q801000
TN7055950;CRS;CLJ
TN7055950;OSM;5735001231
TN7055950;UIC;7055950
TN7055950;WIKIDATA;Q719530
TN7055960;CRS;QRB
TN7055960;OSM;3446641270
TN7055960;UIC;7055960
TN7055960;WIKIDATA;Q2685594
TN7055970;CRS;VXH
TN7055970;OSM;3446663141
TN7055970;UIC;7055970
TN7055970;WIKIDATA;Q86666660
TN7055980;CRS;WAT
TN7055980;OSM;3638795617
TN7055980;UIC;7055980
TN7055980;WIKIDATA;Q795691
TN7055990;CRS;MAL
TN7055990;OSM;3655209248
TN7055990;UIC;7055990
TN7055990;WIKIDATA;Q1907224
TN7056000;CRS;MTL
TN7056000;OSM;3942249071
TN7056000;UIC;7056000
TN7056000;WIKIDATA;Q3401843
TN7056010;CRS;NSH
TN7056010;OSM;3737726469
TN7056010;UIC;7056010
TN7056010;WIKIDATA;Q2797378
TN7056020;CRS;OXS
TN7056020;OSM;4832838578
TN7056020;UIC;7056020
TN7056020;WIKIDATA;Q1924201
TN7056030;CRS;PUT
TN7056030;OSM;7158651920
TN7056030;UIC;7056030
TN7056030;WIKIDATA;Q2494925
TN7056040;CRS;SMG
TN7056040;OSM;4820677220
TN7056040;UIC;7056040
TN7056040;WIKIDATA;Q1845639
TN7056050;CRS;SHP
TN7056050;OSM;3397249904
TN7056050;UIC;7056050
TN7056050;WIKIDATA;Q3246626
TN7056060;CRS;SNL
TN7056060;OSM;5863634791
TN7056060;UIC;7056060
TN7056060;WIKIDATA;Q4596714
TN7056070;CRS;STW
TN7056070;OSM;1591017141
TN7056070;UIC;7056070
TN7056070;WIKIDATA;Q2561677
TN7056080;CRS;SUU
TN7056080;OSM;3397248562
TN7056080;UIC;7056080
TN7056080;WIKIDATA;Q2266833
TN7056090;CRS;SYL
TN7056090;OSM;6023272584
TN7056090;UIC;7056090
TN7056090;WIKIDATA;Q3226814
TN7056100;CRS;THD
TN7056100;OSM;26025532
TN7056100;UIC;7056100
TN7056100;WIKIDATA;Q2476102
TN7056110;CRS;WTN
TN7056110;OSM;6022902649
TN7056110;UIC;7056110
TN7056110;WIKIDATA;Q3198886
TN7056120;CRS;WBO
TN7056120;OSM;3735044726
TN7056120;UIC;7056120
TN7056120;WIKIDATA;Q2351064
TN7056130;CRS;UPH
TN7056130;OSM;3397248578
TN7056130;UIC;7056130
TN7056130;WIKIDATA;Q2164311
TN7056230;CRS;AHT
TN7056230;OSM;5967525974
TN7056230;UIC;7056230
TN7056230;WIKIDATA;Q4502625
TN7056240;CRS;BTY
TN7056240;OSM;2458373284
TN7056240;UIC;7056240
TN7056240;WIKIDATA;Q1883564
TN7056250;CRS;BAW
TN7056250;OSM;15721201
TN7056250;UIC;7056250
TN7056250;WIKIDATA;Q2760814
TN7056260;CRS;BKA
TN7056260;OSM;5861872017
TN7056260;UIC;7056260
TN7056260;WIKIDATA;Q2833951
TN7056280;CRS;CRN
TN7056280;OSM;1622191469
TN7056280;UIC;7056280
TN7056280;WIKIDATA;Q4371483
TN7056290;CRS;GOD
TN7056290;OSM;4804045261
TN7056290;UIC;7056290
TN7056290;WIKIDATA;Q3053175
TN7056310;CRS;GLD
TN7056310;OSM;5863634798
TN7056310;UIC;7056310
TN7056310;WIKIDATA;Q604078
TN7056320;CRS;LRD
TN7056320;OSM;5863634797
TN7056320;UIC;7056320
TN7056320;WIKIDATA;Q1831712
TN7056330;CRS;HSL
TN7056330;OSM;6010627221
TN7056330;UIC;7056330
TN7056330;WIKIDATA;Q1985461
TN7056340;CRS;LIP
TN7056340;OSM;6010627222
TN7056340;UIC;7056340
TN7056340;WIKIDATA;Q3368717
TN7056350;CRS;LIS
TN7056350;OSM;6010627227
TN7056350;UIC;7056350
TN7056350;WIKIDATA;Q1884678
TN7056360;CRS;NCM
TN7056360;OSM;7159068185
TN7056360;UIC;7056360
TN7056360;WIKIDATA;Q2297819
TN7056380;CRS;SFR
TN7056380;OSM;3673830139
TN7056380;UIC;7056380
TN7056380;WIKIDATA;Q2476216
TN7056390;CRS;WAN
TN7056390;OSM;1651566954
TN7056390;UIC;7056390
TN7056390;WIKIDATA;Q372011
TN7056400;CRS;WTY
TN7056400;OSM;6010627215
TN7056400;UIC;7056400
TN7056400;WIKIDATA;Q1882728
TN7056410;CRS;ASH
TN7056410;OSM;1651566953
TN7056410;UIC;7056410
TN7056410;WIKIDATA;Q2102056
TN7056420;CRS;EFF
TN7056420;OSM;3727407362
TN7056420;UIC;7056420
TN7056420;WIKIDATA;Q2164410
TN7056430;CRS;FNC
TN7056430;OSM;4803308340
TN7056430;UIC;7056430
TN7056430;WIKIDATA;Q5435985
TN7056440;CRS;MLF
TN7056440;OSM;6010627213
TN7056440;UIC;7056440
TN7056440;WIKIDATA;Q4708340
TN7056450;CRS;MOT
TN7056450;OSM;36931223
TN7056450;UIC;7056450
TN7056450;WIKIDATA;Q2303311
TN7056460;CRS;SND
TN7056460;OSM;1622191508
TN7056460;UIC;7056460
TN7056460;WIKIDATA;Q2848846
TN7056570;CRS;PTR
TN7056570;OSM;6010790006
TN7056570;UIC;7056570
TN7056570;WIKIDATA;Q2322998
TN7056580;CRS;RLN
TN7056580;OSM;6010790008
TN7056580;UIC;7056580
TN7056580;WIKIDATA;Q2213503
TN7056630;CRS;SAL
TN7056630;OSM;6011304341
TN7056630;UIC;7056630
TN7056630;WIKIDATA;Q1976733
TN7056660;CRS;ACT
TN7056660;OSM;7158680303
TN7056660;UIC;7056660
TN7056660;WIKIDATA;Q2750890
TN7056670;CRS;AFS
TN7056670;UIC;7056670
TN7056680;CRS;DAT
TN7056680;OSM;6022661197
TN7056680;UIC;7056680
TN7056680;WIKIDATA;Q2796746
TN7056690;CRS;EGH
TN7056690;OSM;6022637122
TN7056690;UIC;7056690
TN7056690;WIKIDATA;Q5347948
TN7056700;CRS;SNS
TN7056700;OSM;6022637123
TN7056700;UIC;7056700
TN7056700;WIKIDATA;Q2106145
TN7056710;CRS;SNG
TN7056710;OSM;6022636079
TN7056710;UIC;7056710
TN7056710;WIKIDATA;Q2537626
TN7056720;CRS;WNR
TN7056720;UIC;7056720
TN7056730;CRS;WRY
TN7056730;OSM;6022661199
TN7056730;UIC;7056730
TN7056730;WIKIDATA;Q2308555
TN7056740;CRS;LNG
TN7056740;OSM;3711871943
TN7056740;UIC;7056740
TN7056740;WIKIDATA;Q1925371
TN7056750;CRS;SNY
TN7056750;OSM;6022661198
TN7056750;UIC;7056750
TN7056750;WIKIDATA;Q2406647
TN7056760;CRS;VIR
TN7056760;OSM;1785378837
TN7056760;UIC;7056760
TN7056760;WIKIDATA;Q976686
TN7056780;CRS;KMP
TN7056780;OSM;3397248556
TN7056780;UIC;7056780
TN7056780;WIKIDATA;Q2297981
TN7056810;CRS;BAG
TN7056810;OSM;5967525977
TN7056810;UIC;7056810
TN7056810;WIKIDATA;Q2480873
TN7056820;CRS;CAM
TN7056820;OSM;5967525976
TN7056820;UIC;7056820
TN7056820;WIKIDATA;Q5025046
TN7056830;CRS;FML
TN7056830;OSM;7158641470
TN7056830;UIC;7056830
TN7056830;WIKIDATA;Q2593341
TN7056840;CRS;WBY
TN7056840;OSM;3752486428
TN7056840;UIC;7056840
TN7056840;WIKIDATA;Q13528644
TN7056850;CRS;WOK
TN7056850;OSM;3752485552
TN7056850;UIC;7056850
TN7056850;WIKIDATA;Q2119774
TN7056860;CRS;WPL
TN7056860;OSM;6010659384
TN7056860;UIC;7056860
TN7056860;WIKIDATA;Q2232031
TN7056870;CRS;BKO
TN7056870;OSM;5863634787
TN7056870;UIC;7056870
TN7056870;WIKIDATA;Q2184630
TN7056880;CRS;FNN
TN7056880;OSM;1682237600
TN7056880;UIC;7056880
TN7056880;WIKIDATA;Q2498080
TN7056890;CRS;BFN
TN7056890;OSM;3872579384
TN7056890;UIC;7056890
TN7056890;WIKIDATA;Q2718174
TN7056920;CRS;MAO
TN7056920;OSM;628886227
TN7056920;UIC;7056920
TN7056920;WIKIDATA;Q2744100
TN7056930;CRS;BCE
TN7056930;OSM;3711689765
TN7056930;UIC;7056930
TN7056930;WIKIDATA;Q1970873
TN7056940;CRS;EAR
TN7056940;OSM;7153786342
TN7056940;UIC;7056940
TN7056940;WIKIDATA;Q2345955
TN7056960;CRS;WKM
TN7056960;OSM;15721189
TN7056960;UIC;7056960
TN7056960;WIKIDATA;Q2588372
TN7056970;CRS;WNS
TN7056970;OSM;6022636082
TN7056970;UIC;7056970
TN7056970;WIKIDATA;Q3543567
TN7056980;CRS;WTI
TN7056980;OSM;6022636081
TN7056980;UIC;7056980
TN7056980;WIKIDATA;Q2506711
TN7057020;CRS;BRU
TN7057020;OSM;35675687
TN7057020;UIC;7057020
TN7057020;WIKIDATA;Q585326
TN7057030;CRS;CLC
TN7057030;OSM;35675906
TN7057030;UIC;7057030
TN7057030;WIKIDATA;Q922144
TN7057070;CRS;FRO
TN7057070;OSM;6605809089
TN7057070;UIC;7057070
TN7057070;WIKIDATA;Q1982991
TN7057120;CRS;WSB
TN7057120;OSM;6606028831
TN7057120;UIC;7057120
TN7057120;WIKIDATA;Q1980683
TN7057140;CRS;AXM
TN7057140;OSM;6013523216
TN7057140;UIC;7057140
TN7057140;WIKIDATA;Q3431382
TN7057170;CRS;HON
TN7057170;OSM;6013523215
TN7057170;UIC;7057170
TN7057170;WIKIDATA;Q924899
TN7057250;CRS;BNP
TN7057250;OSM;6900362324
TN7057250;UIC;7057250
TN7057250;WIKIDATA;Q800448
TN7057510;CRS;SJP
TN7057510;OSM;35306418
TN7057510;UIC;7057510
TN7057510;WIKIDATA;Q1102571
TN7057530;CRS;DIG
TN7057530;OSM;317735181
TN7057530;UIC;7057530
TN7057530;WIKIDATA;Q735385
TN7057540;CRS;CDI
TN7057540;OSM;32034643
TN7057540;UIC;7057540
TN7057540;WIKIDATA;Q5183802
TN7057550;CRS;EXC
TN7057550;OSM;6013523210
TN7057550;UIC;7057550
TN7057550;WIKIDATA;Q3189858
TN7057560;CRS;EXM
TN7057560;OSM;21278292
TN7057560;UIC;7057560
TN7057560;WIKIDATA;Q2681544
TN7057570;CRS;PIN
TN7057570;OSM;6013523211
TN7057570;UIC;7057570
TN7057570;WIKIDATA;Q7195885
TN7057580;CRS;TOP
TN7057580;OSM;21278140
TN7057580;UIC;7057580
TN7057580;WIKIDATA;Q1990205
TN7057590;CRS;WHM
TN7057590;OSM;6013523213
TN7057590;UIC;7057590
TN7057590;WIKIDATA;Q666548
TN7057600;CRS;EXN
TN7057600;OSM;21278163
TN7057600;UIC;7057600
TN7057600;WIKIDATA;Q4553827
TN7057610;CRS;LYM
TN7057610;OSM;36720743
TN7057610;UIC;7057610
TN7057610;WIKIDATA;Q3090642
TN7057620;CRS;LYC
TN7057620;OSM;21278169
TN7057620;UIC;7057620
TN7057620;WIKIDATA;Q1977209
TN7057860;CRS;OKE
TN7057860;OSM;32037892
TN7057860;UIC;7057860
TN7057860;WIKIDATA;Q7081920
TN7057960;CRS;GIL
TN7057960;OSM;6011304342
TN7057960;UIC;7057960
TN7057960;WIKIDATA;Q2731470
TN7057980;CRS;TIS
TN7057980;OSM;6011146538
TN7057980;UIC;7057980
TN7057980;WIKIDATA;Q1878187
TN7058080;CRS;FNT
TN7058080;OSM;6013523214
TN7058080;UIC;7058080
TN7058080;WIKIDATA;Q2596435
TN7058200;CRS;CPN
TN7058200;UIC;7058200
TN7058210;CRS;COP
TN7058210;OSM;32035306
TN7058210;UIC;7058210
TN7058210;WIKIDATA;Q3045063
TN7058220;CRS;EGG
TN7058220;OSM;32036272
TN7058220;UIC;7058220
TN7058220;WIKIDATA;Q2626978
TN7058230;CRS;KGN
TN7058230;OSM;32037230
TN7058230;UIC;7058230
TN7058230;WIKIDATA;Q1890866
TN7058240;CRS;LAP
TN7058240;OSM;32036051
TN7058240;UIC;7058240
TN7058240;WIKIDATA;Q2708582
TN7058250;CRS;MRD
TN7058250;OSM;32035643
TN7058250;UIC;7058250
TN7058250;WIKIDATA;Q2019504
TN7058260;CRS;UMB
TN7058260;OSM;32037566
TN7058260;UIC;7058260
TN7058260;WIKIDATA;Q2207387
TN7058270;CRS;YEO
TN7058270;OSM;32034769
TN7058270;UIC;7058270
TN7058270;WIKIDATA;Q2754205
TN7058280;CRS;NTC
TN7058280;OSM;32034517
TN7058280;UIC;7058280
TN7058280;WIKIDATA;Q7020367
TN7058290;CRS;PMA
TN7058290;OSM;1961614771
TN7058290;UIC;7058290
TN7058290;WIKIDATA;Q2659294
TN7058320;CRS;CKN
TN7058320;OSM;6013523224
TN7058320;UIC;7058320
TN7058320;WIKIDATA;Q2260029
TN7058350;CRS;SHE
TN7058350;OSM;6013523221
TN7058350;UIC;7058350
TN7058350;WIKIDATA;Q2407888
TN7058360;CRS;CFR
TN7058360;UIC;7058360
TN7058370;CRS;TMC
TN7058370;OSM;6011304340
TN7058370;UIC;7058370
TN7058370;WIKIDATA;Q1901020
TN7058380;CRS;YVJ
TN7058380;OSM;6013523222
TN7058380;UIC;7058380
TN7058380;WIKIDATA;Q801650
TN7058400;CRS;CNO
TN7058400;OSM;42254444
TN7058400;UIC;7058400
TN7058400;WIKIDATA;Q2793642
TN7058490;CRS;THO
TN7058490;OSM;42254516
TN7058490;UIC;7058490
TN7058490;WIKIDATA;Q2365529
TN7058530;CRS;MDN
TN7058530;OSM;41954850
TN7058530;UIC;7058530
TN7058530;WIKIDATA;Q2466692
TN7058560;CRS;YVP
TN7058560;OSM;42267217
TN7058560;UIC;7058560
TN7058560;WIKIDATA;Q2213897
TN7058570;CRS;YET
TN7058570;OSM;42254487
TN7058570;UIC;7058570
TN7058570;WIKIDATA;Q1870455
TN7058750;CRS;BSM
TN7058750;OSM;19404891
TN7058750;UIC;7058750
TN7058750;WIKIDATA;Q4957509
TN7058760;CRS;BMH
TN7058760;OSM;6634567434
TN7058760;UIC;7058760
TN7058760;WIKIDATA;Q4950306
TN7058790;CRS;CHR
TN7058790;OSM;45131803
TN7058790;UIC;7058790
TN7058790;WIKIDATA;Q5109112
TN7058800;CRS;HNA
TN7058800;OSM;16998611
TN7058800;UIC;7058800
TN7058800;WIKIDATA;Q1968589
TN7058810;CRS;NWM
TN7058810;OSM;271372
TN7058810;UIC;7058810
TN7058810;WIKIDATA;Q1913828
TN7058820;CRS;PKS
TN7058820;OSM;19404890
TN7058820;UIC;7058820
TN7058820;WIKIDATA;Q7138723
TN7058830;CRS;POO
TN7058830;OSM;19425303
TN7058830;UIC;7058830
TN7058830;WIKIDATA;Q7228632
TN7058840;CRS;SWY
TN7058840;OSM;271323
TN7058840;UIC;7058840
TN7058840;WIKIDATA;Q2441290
TN7058850;CRS;POK
TN7058850;OSM;19404192
TN7058850;UIC;7058850
TN7058850;WIKIDATA;Q12066077
TN7058860;CRS;BCU
TN7058860;OSM;6076836207
TN7058860;UIC;7058860
TN7058860;WIKIDATA;Q3057561
TN7058870;CRS;LYT
TN7058870;OSM;1658898736
TN7058870;UIC;7058870
TN7058870;WIKIDATA;Q1898375
TN7058900;CRS;BEU
TN7058900;OSM;271281
TN7058900;UIC;7058900
TN7058900;WIKIDATA;Q3095938
TN7058920;CRS;LYP
TN7058920;OSM;1658898735
TN7058920;UIC;7058920
TN7058920;WIKIDATA;Q2165461
TN7058930;CRS;HDE
TN7058930;OSM;2430249
TN7058930;UIC;7058930
TN7058930;WIKIDATA;Q2686491
TN7058940;CRS;BOE
TN7058940;OSM;9509195
TN7058940;UIC;7058940
TN7058940;WIKIDATA;Q2041220
TN7058960;CRS;CSA
TN7058960;OSM;13973356
TN7058960;UIC;7058960
TN7058960;WIKIDATA;Q5172759
TN7058990;CRS;ESL
TN7058990;OSM;252714273
TN7058990;UIC;7058990
TN7058990;WIKIDATA;Q2285305
TN7059000;CRS;FRM
TN7059000;OSM;6076815417
TN7059000;UIC;7059000
TN7059000;WIKIDATA;Q3126481
TN7059060;CRS;ANF
TN7059060;OSM;1241413252
TN7059060;UIC;7059060
TN7059060;WIKIDATA;Q2909800
TN7059080;CRS;MIC
TN7059080;OSM;113409558
TN7059080;UIC;7059080
TN7059080;WIKIDATA;Q633826
TN7059090;CRS;MBK
TN7059090;OSM;6076829682
TN7059090;UIC;7059090
TN7059090;WIKIDATA;Q21286760
TN7059110;CRS;NTL
TN7059110;OSM;15837641
TN7059110;UIC;7059110
TN7059110;WIKIDATA;Q2555327
TN7059120;CRS;RDB
TN7059120;OSM;7170492253
TN7059120;UIC;7059120
TN7059120;WIKIDATA;Q7305512
TN7059140;CRS;SDN
TN7059140;OSM;6076822597
TN7059140;UIC;7059140
TN7059140;WIKIDATA;Q3372457
TN7059200;CRS;SNW
TN7059200;OSM;21310084
TN7059200;UIC;7059200
TN7059200;WIKIDATA;Q2765966
TN7059210;CRS;TTN
TN7059210;OSM;21379085
TN7059210;UIC;7059210
TN7059210;WIKIDATA;Q2008136
TN7059220;CRS;SOA
TN7059220;OSM;6634567431
TN7059220;UIC;7059220
TN7059220;WIKIDATA;Q4047567
TN7059240;CRS;WIN
TN7059240;OSM;6634567429
TN7059240;UIC;7059240
TN7059240;WIKIDATA;Q2698494
TN7059250;CRS;WLS
TN7059250;OSM;7172235187
TN7059250;UIC;7059250
TN7059250;WIKIDATA;Q2632304
TN7059270;CRS;BUO
TN7059270;OSM;596457
TN7059270;UIC;7059270
TN7059270;WIKIDATA;Q2219439
TN7059280;CRS;PTC
TN7059280;OSM;11014513
TN7059280;UIC;7059280
TN7059280;WIKIDATA;Q1951021
TN7059290;CRS;SHW
TN7059290;OSM;21280748
TN7059290;UIC;7059290
TN7059290;WIKIDATA;Q3295440
TN7059320;CRS;SOU
TN7059320;OSM;638908005
TN7059320;UIC;7059320
TN7059320;WIKIDATA;Q2396008
TN7059330;CRS;SWG
TN7059330;OSM;7172241114
TN7059330;UIC;7059330
TN7059330;WIKIDATA;Q12070392
TN7059400;CRS;HAM
TN7059400;OSM;2295234839
TN7059400;UIC;7059400
TN7059400;WIKIDATA;Q5646482
TN7059410;CRS;HOL
TN7059410;OSM;19427958
TN7059410;UIC;7059410
TN7059410;WIKIDATA;Q2271679
TN7059420;CRS;DEN
TN7059420;OSM;8089621
TN7059420;UIC;7059420
TN7059420;WIKIDATA;Q671580
TN7059430;CRS;ROM
TN7059430;OSM;686399
TN7059430;UIC;7059430
TN7059430;WIKIDATA;Q1872195
TN7059440;CRS;DBG
TN7059440;OSM;696725
TN7059440;UIC;7059440
TN7059440;WIKIDATA;Q6918669
TN7059450;CRS;BTE
TN7059450;OSM;7172241115
TN7059450;UIC;7059450
TN7059450;WIKIDATA;Q4919061
TN7059470;CRS;HME
TN7059470;OSM;9838822
TN7059470;UIC;7059470
TN7059470;WIKIDATA;Q927502
TN7059521;CRS;YMH
TN7059521;UIC;7059521
TN7059570;CRS;MTN
TN7059570;OSM;23041058
TN7059570;UIC;7059570
TN7059570;WIKIDATA;Q2165170
TN7059590;CRS;WRM
TN7059590;OSM;75347421
TN7059590;UIC;7059590
TN7059590;WIKIDATA;Q2754705
TN7059600;CRS;WOO
TN7059600;OSM;23041138
TN7059600;UIC;7059600
TN7059600;WIKIDATA;Q2547367
TN7059612;CRS;DCH
TN7059612;OSM;7170562214
TN7059612;UIC;7059612
TN7059612;WIKIDATA;Q5297623
TN7059620;CRS;DCW
TN7059620;OSM;7170519757
TN7059620;UIC;7059620
TN7059620;WIKIDATA;Q5297625
TN7059650;CRS;WEY
TN7059650;OSM;3018682209
TN7059650;UIC;7059650
TN7059650;WIKIDATA;Q2573733
TN7059670;CRS;UPW
TN7059670;OSM;41818597
TN7059670;UIC;7059670
TN7059670;WIKIDATA;Q2522736
TN7060000;CRS;DYP
TN7060000;OSM;6419682398
TN7060000;UIC;7060000
TN7060000;WIKIDATA;Q682110
TN7060030;CRS;OLD
TN7060030;OSM;70804547
TN7060030;UIC;7060030
TN7060030;WIKIDATA;Q801299
TN7060040;CRS;EXR
TN7060040;OSM;7158669749
TN7060040;UIC;7060040
TN7060040;WIKIDATA;Q682124
TN7060050;CRS;MOG
TN7060050;OSM;5702714876
TN7060050;UIC;7060050
TN7060050;WIKIDATA;Q801210
TN7060060;CRS;BAY
TN7060060;OSM;6291570883
TN7060060;UIC;7060060
TN7060060;WIKIDATA;Q2733560
TN7060070;CRS;CWH
TN7060070;OSM;6291571385
TN7060070;UIC;7060070
TN7060070;WIKIDATA;Q2514883
TN7060080;CRS;CUF
TN7060080;OSM;6291570884
TN7060080;UIC;7060080
TN7060080;WIKIDATA;Q2033388
TN7060090;CRS;HHY
TN7060090;OSM;6414163635
TN7060090;UIC;7060090
TN7060090;WIKIDATA;Q800922
TN7060100;CRS;ENC
TN7060100;OSM;6736447751
TN7060100;UIC;7060100
TN7060100;WIKIDATA;Q3056996
TN7060120;CRS;HGY
TN7060120;OSM;1261934034
TN7060120;UIC;7060120
TN7060120;WIKIDATA;Q2241512
TN7060150;CRS;HRN
TN7060150;OSM;6291571390
TN7060150;UIC;7060150
TN7060150;WIKIDATA;Q600848
TN7060180;CRS;NBA
TN7060180;OSM;7851898378
TN7060180;UIC;7060180
TN7060180;WIKIDATA;Q1217434
TN7060190;CRS;NSG
TN7060190;OSM;7851898376
TN7060190;UIC;7060190
TN7060190;WIKIDATA;Q2526904
TN7060200;CRS;OKL
TN7060200;OSM;7851898377
TN7060200;UIC;7060200
TN7060200;WIKIDATA;Q1222897
TN7060210;CRS;PAL
TN7060210;OSM;6291571389
TN7060210;UIC;7060210
TN7060210;WIKIDATA;Q7128305
TN7060220;CRS;PBR
TN7060220;OSM;7140227886
TN7060220;UIC;7060220
TN7060220;WIKIDATA;Q19960
TN7060240;CRS;WIH
TN7060240;OSM;7147315248
TN7060240;UIC;7060240
TN7060240;WIKIDATA;Q1923168
TN7060250;CRS;AAP
TN7060250;OSM;7851898375
TN7060250;UIC;7060250
TN7060250;WIKIDATA;Q2300483
TN7060270;CRS;BOP
TN7060270;OSM;6291571394
TN7060270;UIC;7060270
TN7060270;WIKIDATA;Q2600064
TN7060280;CRS;GDH
TN7060280;OSM;6291571386
TN7060280;UIC;7060280
TN7060280;WIKIDATA;Q1871311
TN7060290;CRS;GPK
TN7060290;OSM;6291571388
TN7060290;UIC;7060290
TN7060290;WIKIDATA;Q3125716
TN7060700;CRS;HAT
TN7060700;OSM;1641343847
TN7060700;UIC;7060700
TN7060700;WIKIDATA;Q19956
TN7060730;CRS;WMG
TN7060730;OSM;5520232756
TN7060730;UIC;7060730
TN7060730;WIKIDATA;Q2509071
TN7060740;CRS;BPK
TN7060740;OSM;3956496247
TN7060740;UIC;7060740
TN7060740;WIKIDATA;Q2510114
TN7060750;CRS;HDW
TN7060750;OSM;5520180858
TN7060750;UIC;7060750
TN7060750;WIKIDATA;Q5637997
TN7060830;CRS;AWM
TN7060830;OSM;7198867544
TN7060830;UIC;7060830
TN7060830;WIKIDATA;Q2361700
TN7060840;CRS;BDK
TN7060840;OSM;20981580
TN7060840;UIC;7060840
TN7060840;WIKIDATA;Q19953
TN7060850;CRS;HFN
TN7060850;OSM;6291571393
TN7060850;UIC;7060850
TN7060850;WIKIDATA;Q2203044
TN7060860;CRS;HIT
TN7060860;OSM;3956538310
TN7060860;UIC;7060860
TN7060860;WIKIDATA;Q2469591
TN7060880;CRS;KBW
TN7060880;OSM;3959363978
TN7060880;UIC;7060880
TN7060880;WIKIDATA;Q2538068
TN7060890;CRS;LET
TN7060890;OSM;2089152132
TN7060890;UIC;7060890
TN7060890;WIKIDATA;Q2582397
TN7060900;CRS;RYS
TN7060900;OSM;105105
TN7060900;UIC;7060900
TN7060900;WIKIDATA;Q2034540
TN7060920;CRS;SVG
TN7060920;OSM;7140195250
TN7060920;UIC;7060920
TN7060920;WIKIDATA;Q19970
TN7060950;CRS;WAS
TN7060950;OSM;1639968823
TN7060950;UIC;7060950
TN7060950;WIKIDATA;Q2678656
TN7060960;CRS;WLW
TN7060960;OSM;6751829050
TN7060960;UIC;7060960
TN7060960;WIKIDATA;Q2345556
TN7061080;CRS;HUN
TN7061080;OSM;1645059627
TN7061080;UIC;7061080
TN7061080;WIKIDATA;Q5945150
TN7061100;CRS;SNO
TN7061100;OSM;345591774
TN7061100;UIC;7061100
TN7061100;WIKIDATA;Q3072111
TN7061190;CRS;FPK
TN7061190;OSM;561297695
TN7061190;UIC;7061190
TN7061190;WIKIDATA;Q536796
TN7061210;CRS;KGX
TN7061210;OSM;7159162454
TN7061210;UIC;7061210
TN7061210;WIKIDATA;Q219867
TN7061330;CRS;PBO
TN7061330;OSM;2612643529
TN7061330;UIC;7061330
TN7061330;WIKIDATA;Q2206677
TN7061400;CRS;SMD
TN7061400;OSM;18308531
TN7061400;UIC;7061400
TN7061400;WIKIDATA;Q2661650
TN7061700;CRS;BIW
TN7061700;OSM;1015760022
TN7061700;UIC;7061700
TN7061700;WIKIDATA;Q2751241
TN7061710;CRS;ARL
TN7061710;OSM;21264536
TN7061710;UIC;7061710
TN7061710;WIKIDATA;Q4567224
TN7061720;CRS;SDY
TN7061720;OSM;7209357138
TN7061720;UIC;7061720
TN7061720;WIKIDATA;Q3151015
TN7061830;CRS;WGC
TN7061830;OSM;2137118353
TN7061830;UIC;7061830
TN7061830;WIKIDATA;Q2723798
TN7062000;CRS;BUJ
TN7062000;OSM;6415345179
TN7062000;UIC;7062000
TN7062000;WIKIDATA;Q2608297
TN7062010;CRS;CTO
TN7062010;OSM;6415345178
TN7062010;UIC;7062010
TN7062010;WIKIDATA;Q2051170
TN7062020;CRS;LOW
TN7062020;OSM;6415345177
TN7062020;UIC;7062020
TN7062020;WIKIDATA;Q6693095
TN7062030;CRS;THU
TN7062030;OSM;6415345175
TN7062030;UIC;7062030
TN7062030;WIKIDATA;Q2333610
TN7062040;CRS;BSB
TN7062040;OSM;6415345172
TN7062040;UIC;7062040
TN7062040;WIKIDATA;Q2460860
TN7062060;CRS;GOX
TN7062060;OSM;3152616506
TN7062060;UIC;7062060
TN7062060;WIKIDATA;Q2573248
TN7062070;CRS;BAU
TN7062070;OSM;3139247438
TN7062070;UIC;7062070
TN7062070;WIKIDATA;Q2889992
TN7062090;CRS;NHL
TN7062090;OSM;3152616512
TN7062090;UIC;7062090
TN7062090;WIKIDATA;Q13528509
TN7062100;CRS;TNA
TN7062100;OSM;3152616514
TN7062100;UIC;7062100
TN7062100;WIKIDATA;Q2277067
TN7062110;CRS;ULC
TN7062110;OSM;3139247410
TN7062110;UIC;7062110
TN7062110;WIKIDATA;Q2553110
TN7062120;CRS;BAV
TN7062120;OSM;3152616505
TN7062120;UIC;7062120
TN7062120;WIKIDATA;Q4863876
TN7062160;CRS;BSN
TN7062160;OSM;20473093
TN7062160;UIC;7062160
TN7062160;WIKIDATA;Q1812453
TN7062200;CRS;HEC
TN7062200;OSM;27409154
TN7062200;UIC;7062200
TN7062200;WIKIDATA;Q1998480
TN7062210;CRS;HBB
TN7062210;OSM;154539634
TN7062210;UIC;7062210
TN7062210;WIKIDATA;Q2354815
TN7062280;CRS;SWE
TN7062280;OSM;7156671023
TN7062280;UIC;7062280
TN7062280;WIKIDATA;Q1834818
TN7062330;CRS;ALK
TN7062330;OSM;3170037835
TN7062330;UIC;7062330
TN7062330;WIKIDATA;Q2261645
TN7062350;CRS;BIN
TN7062350;OSM;3170037836
TN7062350;UIC;7062350
TN7062350;WIKIDATA;Q4914224
TN7062370;CRS;BTF
TN7062370;OSM;152441568
TN7062370;UIC;7062370
TN7062370;WIKIDATA;Q3985747
TN7062380;CRS;ELO
TN7062380;OSM;27410438
TN7062380;UIC;7062380
TN7062380;WIKIDATA;Q2585835
TN7062410;CRS;NET
TN7062410;OSM;6414872012
TN7062410;UIC;7062410
TN7062410;WIKIDATA;Q3308001
TN7062420;CRS;RDF
TN7062420;OSM;7026744678
TN7062420;UIC;7062420
TN7062420;WIKIDATA;Q1882427
TN7062600;CRS;HVN
TN7062600;OSM;20471713
TN7062600;UIC;7062600
TN7062600;WIKIDATA;Q2676343
TN7062650;CRS;SKG
TN7062650;OSM;20471338
TN7062650;UIC;7062650
TN7062650;WIKIDATA;Q2186387
TN7062670;CRS;TPC
TN7062670;OSM;199220212
TN7062670;UIC;7062670
TN7062670;WIKIDATA;Q7796688
TN7062680;CRS;WFL
TN7062680;OSM;20471718
TN7062680;UIC;7062680
TN7062680;WIKIDATA;Q2031838
TN7062740;CRS;CLE
TN7062740;OSM;7156679945
TN7062740;UIC;7062740
TN7062740;WIKIDATA;Q1959432
TN7062750;CRS;GCT
TN7062750;OSM;3152616507
TN7062750;UIC;7062750
TN7062750;WIKIDATA;Q2397218
TN7062760;CRS;GMD
TN7062760;OSM;3152616508
TN7062760;UIC;7062760
TN7062760;WIKIDATA;Q2323942
TN7062800;CRS;GMB
TN7062800;OSM;7156689696
TN7062800;UIC;7062800
TN7062800;WIKIDATA;Q5609334
TN7062810;CRS;HAB
TN7062810;OSM;3152616509
TN7062810;UIC;7062810
TN7062810;WIKIDATA;Q3243269
TN7062830;CRS;HLI
TN7062830;OSM;3152616510
TN7062830;UIC;7062830
TN7062830;WIKIDATA;Q2627123
TN7062870;CRS;SLL
TN7062870;OSM;3152616513
TN7062870;UIC;7062870
TN7062870;WIKIDATA;Q2320451
TN7062890;CRS;NCE
TN7062890;OSM;3152616511
TN7062890;UIC;7062890
TN7062890;WIKIDATA;Q4877746
TN7062970;CRS;MGM
TN7062970;OSM;152410624
TN7062970;UIC;7062970
TN7062970;WIKIDATA;Q2228454
TN7063100;CRS;HKM
TN7063100;OSM;3152675224
TN7063100;UIC;7063100
TN7063100;WIKIDATA;Q2129974
TN7063180;CRS;MKR
TN7063180;OSM;7156698401
TN7063180;UIC;7063180
TN7063180;WIKIDATA;Q4422790
TN7063270;CRS;RKT
TN7063270;OSM;111777233
TN7063270;UIC;7063270
TN7063270;WIKIDATA;Q7380966
TN7063280;CRS;SXY
TN7063280;OSM;7156700454
TN7063280;UIC;7063280
TN7063280;WIKIDATA;Q2732092
TN7063340;CRS;BPA
TN7063340;OSM;12232496700
TN7063340;UIC;7063340
TN7063340;WIKIDATA;Q24993352
TN7063400;CRS;LCN
TN7063400;OSM;4974927958
TN7063400;UIC;7063400
TN7063400;WIKIDATA;Q3427836
TN7063490;CRS;CLM
TN7063490;OSM;3152675223
TN7063490;UIC;7063490
TN7063490;WIKIDATA;Q2369236
TN7063510;CRS;FSK
TN7063510;OSM;6415345168
TN7063510;UIC;7063510
TN7063510;WIKIDATA;Q606903
TN7063530;CRS;ROL
TN7063530;OSM;6415345159
TN7063530;UIC;7063530
TN7063530;WIKIDATA;Q2704279
TN7063550;CRS;SWD
TN7063550;OSM;3152675225
TN7063550;UIC;7063550
TN7063550;WIKIDATA;Q2015746
TN7063580;CRS;ANC
TN7063580;OSM;5520056018
TN7063580;UIC;7063580
TN7063580;WIKIDATA;Q2861300
TN7063610;CRS;RAU
TN7063610;OSM;27409531
TN7063610;UIC;7063610
TN7063610;WIKIDATA;Q2146289
TN7063620;CRS;SLR
TN7063620;OSM;27409523
TN7063620;UIC;7063620
TN7063620;WIKIDATA;Q2661734
TN7063880;CRS;SPA
TN7063880;OSM;7156695895
TN7063880;UIC;7063880
TN7063880;WIKIDATA;Q2097124
TN7063900;CRS;BLS
TN7063900;UIC;7063900
TN7063930;CRS;CBD
TN7063930;OSM;2077842373
TN7063930;UIC;7063930
TN7063930;WIKIDATA;Q5162154
TN7064010;CRS;KIV
TN7064010;OSM;3157350618
TN7064010;UIC;7064010
TN7064010;WIKIDATA;Q3448631
TN7064060;CRS;BTB
TN7064060;OSM;21639731
TN7064060;UIC;7064060
TN7064060;WIKIDATA;Q1861647
TN7064170;CRS;DON
TN7064170;OSM;7156679946
TN7064170;UIC;7064170
TN7064170;WIKIDATA;Q2565782
TN7064240;CRS;GBL
TN7064240;OSM;3152826985
TN7064240;UIC;7064240
TN7064240;WIKIDATA;Q5517296
TN7064560;CRS;SCU
TN7064560;OSM;7156714401
TN7064560;UIC;7064560
TN7064560;WIKIDATA;Q7439507
TN7064640;CRS;BGG
TN7064640;OSM;21640807
TN7064640;UIC;7064640
TN7064640;WIKIDATA;Q2549335
TN7064650;CRS;GNB
TN7064650;OSM;3152573143
TN7064650;UIC;7064650
TN7064650;WIKIDATA;Q1841218
TN7064660;CRS;KTL
TN7064660;OSM;21640818
TN7064660;UIC;7064660
TN7064660;WIKIDATA;Q3060156
TN7064690;CRS;GRA
TN7064690;OSM;6414872009
TN7064690;UIC;7064690
TN7064690;WIKIDATA;Q4496900
TN7064880;CRS;CNS
TN7064880;OSM;3198812486
TN7064880;UIC;7064880
TN7064880;WIKIDATA;Q5161108
TN7064980;CRS;NCT
TN7064980;OSM;6415345164
TN7064980;UIC;7064980
TN7064980;WIKIDATA;Q4800289
TN7064990;CRS;NNG
TN7064990;OSM;3752912434
TN7064990;UIC;7064990
TN7064990;WIKIDATA;Q3246476
TN7065110;CRS;RET
TN7065110;OSM;6109588130
TN7065110;UIC;7065110
TN7065110;WIKIDATA;Q5259666
TN7065240;CRS;CWE
TN7065240;OSM;21633651
TN7065240;UIC;7065240
TN7065240;WIKIDATA;Q961797
TN7065270;CRS;KKS
TN7065270;OSM;254506703
TN7065270;UIC;7065270
TN7065270;WIKIDATA;Q2060574
TN7065280;CRS;HFS
TN7065280;OSM;254505461
TN7065280;UIC;7065280
TN7065280;WIKIDATA;Q2113263
TN7065300;CRS;TNN
TN7065300;OSM;7452935122
TN7065300;UIC;7065300
TN7065300;WIKIDATA;Q3069257
TN7065310;CRS;TNS
TN7065310;OSM;254507165
TN7065310;UIC;7065310
TN7065310;WIKIDATA;Q7796381
TN7065320;CRS;ALP
TN7065320;OSM;21633674
TN7065320;UIC;7065320
TN7065320;WIKIDATA;Q4736675
TN7065430;CRS;BEP
TN7065430;OSM;3708019864
TN7065430;UIC;7065430
TN7065430;WIKIDATA;Q4892644
TN7065510;CRS;WWL
TN7065510;OSM;5592966950
TN7065510;UIC;7065510
TN7065510;WIKIDATA;Q1945536
TN7065530;CRS;BDS
TN7065530;UIC;7065530
TN7065560;CRS;TCR
TN7065560;UIC;7065560
TN7065600;CRS;CWX
TN7065600;UIC;7065600
TN7065610;CRS;CUS
TN7065610;UIC;7065610
TN7065620;CRS;WWC
TN7065620;UIC;7065620
TN7065650;CRS;KVP
TN7065650;OSM;7170486847
TN7065650;UIC;7065650
TN7065650;WIKIDATA;Q2323319
TN7065700;CRS;SRO
TN7065700;OSM;3157348801
TN7065700;UIC;7065700
TN7065700;WIKIDATA;Q2358910
TN7065740;CRS;WRK
TN7065740;OSM;3157348214
TN7065740;UIC;7065740
TN7065740;WIKIDATA;Q2958045
TN7065761;CRS;MNS
TN7065761;OSM;5701443389
TN7065761;UIC;7065761
TN7065761;WIKIDATA;Q6730453
TN7065800;CRS;WOP
TN7065800;OSM;7216839133
TN7065800;UIC;7065800
TN7065800;WIKIDATA;Q8034253
TN7065831;CRS;WAW
TN7065831;OSM;6414583135
TN7065831;UIC;7065831
TN7065831;WIKIDATA;Q16257709
TN7065990;CRS;MRW
TN7065990;OSM;6475280937
TN7065990;UIC;7065990
TN7065990;WIKIDATA;Q56273891
TN7066041;CRS;HRE
TN7066041;OSM;7455014396
TN7066041;UIC;7066041
TN7066041;WIKIDATA;Q38250965
TN7066150;CRS;CHD
TN7066150;OSM;7154300845
TN7066150;UIC;7066150
TN7066150;WIKIDATA;Q2645921
TN7066160;CRS;DRO
TN7066160;OSM;370186628
TN7066160;UIC;7066160
TN7066160;WIKIDATA;Q2161199
TN7066340;CRS;PNS
TN7066340;OSM;21625499
TN7066340;UIC;7066340
TN7066340;WIKIDATA;Q2001260
TN7066630;CRS;MHS
TN7066630;OSM;7149987542
TN7066630;UIC;7066630
TN7066630;WIKIDATA;Q2467647
TN7066640;CRS;CLN
TN7066640;OSM;246698205
TN7066640;UIC;7066640
TN7066640;WIKIDATA;Q2967180
TN7066670;CRS;ELR
TN7066670;OSM;419191
TN7066670;UIC;7066670
TN7066670;WIKIDATA;Q3287228
TN7066760;CRS;RMC
TN7066760;OSM;3204155746
TN7066760;UIC;7066760
TN7066760;WIKIDATA;Q2025773
TN7066800;CRS;FGW
TN7066800;OSM;1752948061
TN7066800;UIC;7066800
TN7066800;WIKIDATA;Q5454980
TN7066850;CRS;CEP
TN7066850;OSM;4523848880
TN7066850;UIC;7066850
TN7066850;WIKIDATA;Q5021911
TN7066860;CRS;SWN
TN7066860;OSM;3204141646
TN7066860;UIC;7066860
TN7066860;WIKIDATA;Q2253025
TN7066880;CRS;WOM
TN7066880;OSM;7252312656
TN7066880;UIC;7066880
TN7066880;WIKIDATA;Q2701036
TN7066900;CRS;DOR
TN7066900;OSM;4195983684
TN7066900;UIC;7066900
TN7066900;WIKIDATA;Q2552687
TN7066910;CRS;SHF
TN7066910;OSM;5784212748
TN7066910;UIC;7066910
TN7066910;WIKIDATA;Q1862179
TN7067070;CRS;MEX
TN7067070;OSM;3198828652
TN7067070;UIC;7067070
TN7067070;WIKIDATA;Q3983146
TN7067290;CRS;DAN
TN7067290;OSM;3157354104
TN7067290;UIC;7067290
TN7067290;WIKIDATA;Q2975270
TN7067320;CRS;WDH
TN7067320;OSM;3157353528
TN7067320;UIC;7067320
TN7067320;WIKIDATA;Q2497249
TN7067740;CRS;BNY
TN7067740;OSM;254510740
TN7067740;UIC;7067740
TN7067740;WIKIDATA;Q2711384
TN7067810;CRS;DOD
TN7067810;OSM;419936
TN7067810;UIC;7067810
TN7067810;WIKIDATA;Q1996156
TN7067820;CRS;SLK
TN7067820;OSM;21625873
TN7067820;UIC;7067820
TN7067820;WIKIDATA;Q1882359
TN7067940;CRS;STY
TN7067940;OSM;31554780
TN7067940;UIC;7067940
TN7067940;WIKIDATA;Q7621977
TN7068000;CRS;BIS
TN7068000;UIC;7068000
TN7068010;CRS;BTR
TN7068010;OSM;1997260503
TN7068010;UIC;7068010
TN7068010;WIKIDATA;Q2716690
TN7068040;CRS;HWM
TN7068040;OSM;6137852395
TN7068040;UIC;7068040
TN7068040;WIKIDATA;Q2738839
TN7068060;CRS;SAW
TN7068060;OSM;6137852396
TN7068060;UIC;7068060
TN7068060;WIKIDATA;Q2046252
TN7068100;CRS;BMD
TN7068100;OSM;6137852389
TN7068100;UIC;7068100
TN7068100;WIKIDATA;Q2440318
TN7068120;CRS;BXB
TN7068120;OSM;6137852392
TN7068120;UIC;7068120
TN7068120;WIKIDATA;Q2968226
TN7068140;CRS;CHN
TN7068140;OSM;3749263909
TN7068140;UIC;7068140
TN7068140;WIKIDATA;Q3303565
TN7068150;CRS;ENL
TN7068150;OSM;6137852390
TN7068150;UIC;7068150
TN7068150;WIKIDATA;Q3296969
TN7068180;CRS;HFE
TN7068180;OSM;6137915985
TN7068180;UIC;7068180
TN7068180;WIKIDATA;Q2472778
TN7068190;CRS;PON
TN7068190;OSM;7167219011
TN7068190;UIC;7068190
TN7068190;WIKIDATA;Q2469907
TN7068200;CRS;RYH
TN7068200;OSM;6137915990
TN7068200;UIC;7068200
TN7068200;WIKIDATA;Q1976943
TN7068210;CRS;SMT
TN7068210;OSM;6137915989
TN7068210;UIC;7068210
TN7068210;WIKIDATA;Q2047890
TN7068230;CRS;WLC
TN7068230;OSM;6137852391
TN7068230;UIC;7068230
TN7068230;WIKIDATA;Q2948632
TN7068240;CRS;WAR
TN7068240;OSM;6137915988
TN7068240;UIC;7068240
TN7068240;WIKIDATA;Q2084928
TN7068270;CRS;HWN
TN7068270;OSM;6137852394
TN7068270;UIC;7068270
TN7068270;WIKIDATA;Q1988068
TN7068290;CRS;RYN
TN7068290;OSM;6137852393
TN7068290;UIC;7068290
TN7068290;WIKIDATA;Q2039157
TN7068320;CRS;ESM
TN7068320;OSM;6137852398
TN7068320;UIC;7068320
TN7068320;WIKIDATA;Q2805863
TN7068330;CRS;SST
TN7068330;OSM;6137852397
TN7068330;UIC;7068330
TN7068330;WIKIDATA;Q2078357
TN7068340;CRS;SSD
TN7068340;OSM;6137852415
TN7068340;UIC;7068340
TN7068340;WIKIDATA;Q2652717
TN7068360;CRS;CHM
TN7068360;OSM;3894532923
TN7068360;UIC;7068360
TN7068360;WIKIDATA;Q2668271
TN7068370;CRS;CES
TN7068370;OSM;55420748
TN7068370;UIC;7068370
TN7068370;WIKIDATA;Q1886114
TN7068380;CRS;KEL
TN7068380;OSM;2941524951
TN7068380;UIC;7068380
TN7068380;WIKIDATA;Q2540528
TN7068440;CRS;WTM
TN7068440;OSM;6501381678
TN7068440;UIC;7068440
TN7068440;WIKIDATA;Q2369354
TN7068450;CRS;HAP
TN7068450;OSM;253011535
TN7068450;UIC;7068450
TN7068450;WIKIDATA;Q5576323
TN7068460;CRS;WNY
TN7068460;OSM;55419570
TN7068460;UIC;7068460
TN7068460;WIKIDATA;Q1817277
TN7068470;CRS;ALR
TN7068470;OSM;3308241319
TN7068470;UIC;7068470
TN7068470;WIKIDATA;Q2063973
TN7068500;CRS;CLT
TN7068500;OSM;687485406
TN7068500;UIC;7068500
TN7068500;WIKIDATA;Q5124903
TN7068510;CRS;HYH
TN7068510;OSM;1643615541
TN7068510;UIC;7068510
TN7068510;WIKIDATA;Q2552020
TN7068530;CRS;CET
TN7068530;OSM;26579230
TN7068530;UIC;7068530
TN7068530;WIKIDATA;Q4489756
TN7068540;CRS;FRI
TN7068540;OSM;260098196
TN7068540;UIC;7068540
TN7068540;WIKIDATA;Q5504626
TN7068550;CRS;GRB
TN7068550;OSM;3308245669
TN7068550;UIC;7068550
TN7068550;WIKIDATA;Q2557949
TN7068560;CRS;MNG
TN7068560;OSM;2006158761
TN7068560;UIC;7068560
TN7068560;WIKIDATA;Q1938819
TN7068570;CRS;TLS
TN7068570;OSM;259809083
TN7068570;UIC;7068570
TN7068570;WIKIDATA;Q2802841
TN7068580;CRS;WON
TN7068580;OSM;264890185
TN7068580;UIC;7068580
TN7068580;WIKIDATA;Q2359051
TN7068590;CRS;WEE
TN7068590;OSM;3308270061
TN7068590;UIC;7068590
TN7068590;WIKIDATA;Q2157638
TN7068600;CRS;WIV
TN7068600;OSM;3308219688
TN7068600;UIC;7068600
TN7068600;WIKIDATA;Q2873893
TN7068610;CRS;COL
TN7068610;OSM;8061429385
TN7068610;UIC;7068610
TN7068610;WIKIDATA;Q2750618
TN7068620;CRS;KBX
TN7068620;OSM;260098190
TN7068620;UIC;7068620
TN7068620;WIKIDATA;Q2205087
TN7068630;CRS;MKT
TN7068630;OSM;2013212330
TN7068630;UIC;7068630
TN7068630;WIKIDATA;Q2025932
TN7068670;CRS;HAC
TN7068670;OSM;7147507684
TN7068670;UIC;7068670
TN7068670;WIKIDATA;Q2572236
TN7068690;CRS;ALN
TN7068690;OSM;7209302509
TN7068690;UIC;7068690
TN7068690;WIKIDATA;Q3384051
TN7068700;CRS;BLB
TN7068700;OSM;7209260407
TN7068700;UIC;7068700
TN7068700;WIKIDATA;Q4873219
TN7068710;CRS;BIC
TN7068710;OSM;2940652513
TN7068710;UIC;7068710
TN7068710;WIKIDATA;Q1971153
TN7068720;CRS;BRE
TN7068720;OSM;7132008570
TN7068720;UIC;7068720
TN7068720;WIKIDATA;Q2322282
TN7068730;CRS;BUU
TN7068730;OSM;7209246439
TN7068730;UIC;7068730
TN7068730;WIKIDATA;Q2376429
TN7068740;CRS;CTH
TN7068740;OSM;7147451328
TN7068740;UIC;7068740
TN7068740;WIKIDATA;Q2468519
TN7068750;CRS;NFA
TN7068750;OSM;49523577
TN7068750;UIC;7068750
TN7068750;WIKIDATA;Q2611356
TN7068760;CRS;FOG
TN7068760;OSM;6593924753
TN7068760;UIC;7068760
TN7068760;WIKIDATA;Q2439437
TN7068770;CRS;GDP
TN7068770;OSM;6905996300
TN7068770;UIC;7068770
TN7068770;WIKIDATA;Q4997460
TN7068780;CRS;GMY
TN7068780;OSM;7147468108
TN7068780;UIC;7068780
TN7068780;WIKIDATA;Q2975461
TN7068790;CRS;HRO
TN7068790;OSM;7132052169
TN7068790;UIC;7068790
TN7068790;WIKIDATA;Q4787233
TN7068800;CRS;HOC
TN7068800;OSM;29715686
TN7068800;UIC;7068800
TN7068800;WIKIDATA;Q2288120
TN7068810;CRS;IFD
TN7068810;OSM;1981724789
TN7068810;UIC;7068810
TN7068810;WIKIDATA;Q587700
TN7068820;CRS;INT
TN7068820;OSM;7158836031
TN7068820;UIC;7068820
TN7068820;WIKIDATA;Q2651495
TN7068830;CRS;MNP
TN7068830;OSM;6593922082
TN7068830;UIC;7068830
TN7068830;WIKIDATA;Q1848488
TN7068840;CRS;RLG
TN7068840;OSM;56151624
TN7068840;UIC;7068840
TN7068840;WIKIDATA;Q2290604
TN7068850;CRS;RFD
TN7068850;OSM;58560571
TN7068850;UIC;7068850
TN7068850;WIKIDATA;Q2859251
TN7068860;CRS;RMF
TN7068860;OSM;31072288
TN7068860;UIC;7068860
TN7068860;WIKIDATA;Q2299776
TN7068880;CRS;SNF
TN7068880;OSM;1981717136
TN7068880;UIC;7068880
TN7068880;WIKIDATA;Q3461338
TN7068900;CRS;SMN
TN7068900;OSM;7209248944
TN7068900;UIC;7068900
TN7068900;WIKIDATA;Q2501276
TN7068910;CRS;WIC
TN7068910;OSM;2940653375
TN7068910;UIC;7068910
TN7068910;WIKIDATA;Q1857839
TN7068920;CRS;SOF
TN7068920;OSM;7209390517
TN7068920;UIC;7068920
TN7068920;WIKIDATA;Q7568963
TN7068930;CRS;SVK
TN7068930;OSM;1981729187
TN7068930;UIC;7068930
TN7068930;WIKIDATA;Q2527615
TN7069010;CRS;DVC
TN7069010;OSM;160442631
TN7069010;UIC;7069010
TN7069010;WIKIDATA;Q2135790
TN7069020;CRS;HPQ
TN7069020;OSM;2393259364
TN7069020;UIC;7069020
TN7069020;WIKIDATA;Q2058152
TN7069050;CRS;HWC
TN7069050;OSM;7209241889
TN7069050;UIC;7069050
TN7069050;WIKIDATA;Q4654950
TN7069060;CRS;MIS
TN7069060;OSM;253012048
TN7069060;UIC;7069060
TN7069060;WIKIDATA;Q2053659
TN7069070;CRS;WRB
TN7069070;OSM;2393234119
TN7069070;UIC;7069070
TN7069070;WIKIDATA;Q3284262
TN7069130;CRS;BHK
TN7069130;OSM;7147523091
TN7069130;UIC;7069130
TN7069130;WIKIDATA;Q962907
TN7069140;CRS;CHI
TN7069140;OSM;6997675368
TN7069140;UIC;7069140
TN7069140;WIKIDATA;Q2250130
TN7069190;CRS;HIP
TN7069190;OSM;6997680159
TN7069190;UIC;7069190
TN7069190;WIKIDATA;Q2040725
TN7069260;CRS;CPT
TN7069260;OSM;6137852387
TN7069260;UIC;7069260
TN7069260;WIKIDATA;Q2639486
TN7069270;CRS;LEB
TN7069270;OSM;7167219012
TN7069270;UIC;7069270
TN7069270;WIKIDATA;Q6508178
TN7069310;CRS;SVS
TN7069310;OSM;3803245041
TN7069310;UIC;7069310
TN7069310;WIKIDATA;Q801433
TN7069340;CRS;SKW
TN7069340;OSM;6135938654
TN7069340;UIC;7069340
TN7069340;WIKIDATA;Q2041054
TN7069410;CRS;EDR
TN7069410;OSM;2459211077
TN7069410;UIC;7069410
TN7069410;WIKIDATA;Q2410534
TN7069470;CRS;SBU
TN7069470;OSM;7147509522
TN7069470;UIC;7069470
TN7069470;WIKIDATA;Q301987
TN7069490;CRS;TEO
TN7069490;OSM;6135938648
TN7069490;UIC;7069490
TN7069490;WIKIDATA;Q2104388
TN7069510;CRS;TOM
TN7069510;OSM;6468432388
TN7069510;UIC;7069510
TN7069510;WIKIDATA;Q801529
TN7069520;CRS;TUR
TN7069520;OSM;6135938647
TN7069520;UIC;7069520
TN7069520;WIKIDATA;Q2632197
TN7069530;CRS;WHC
TN7069530;OSM;6391246144
TN7069530;UIC;7069530
TN7069530;WIKIDATA;Q801582
TN7069540;CRS;WST
TN7069540;OSM;6543594082
TN7069540;UIC;7069540
TN7069540;WIKIDATA;Q2457986
TN7069560;CRS;WHL
TN7069560;OSM;6135489704
TN7069560;UIC;7069560
TN7069560;WIKIDATA;Q2775608
TN7069580;CRS;BCV
TN7069580;OSM;6135938660
TN7069580;UIC;7069580
TN7069580;WIKIDATA;Q1867544
TN7069590;CRS;ENF
TN7069590;OSM;6831378185
TN7069590;UIC;7069590
TN7069590;WIKIDATA;Q2385571
TN7069610;CRS;BET
TN7069610;OSM;6831303077
TN7069610;UIC;7069610
TN7069610;WIKIDATA;Q2700931
TN7069620;CRS;CBH
TN7069620;OSM;6997686912
TN7069620;UIC;7069620
TN7069620;WIKIDATA;Q2428591
TN7069650;CRS;LST
TN7069650;OSM;3637436408
TN7069650;UIC;7069650
TN7069650;WIKIDATA;Q801124
TN7069660;CRS;LOF
TN7069660;OSM;7147535476
TN7069660;UIC;7069660
TN7069660;WIKIDATA;Q2434508
TN7069670;CRS;REC
TN7069670;OSM;6135938661
TN7069670;UIC;7069670
TN7069670;WIKIDATA;Q3246655
TN7069680;CRS;SMH
TN7069680;OSM;6135938653
TN7069680;UIC;7069680
TN7069680;WIKIDATA;Q2179250
TN7069690;CRS;SRA
TN7069690;UIC;7069690
TN7069700;CRS;MYL
TN7069700;OSM;6503115198
TN7069700;UIC;7069700
TN7069700;WIKIDATA;Q2208884
TN7069710;CRS;NUM
TN7069710;OSM;6137252710
TN7069710;UIC;7069710
TN7069710;WIKIDATA;Q2424431
TN7069720;CRS;SLV
TN7069720;OSM;6993506571
TN7069720;UIC;7069720
TN7069720;WIKIDATA;Q1953734
TN7069730;CRS;SJS
TN7069730;OSM;7147521584
TN7069730;UIC;7069730
TN7069730;WIKIDATA;Q2084371
TN7069770;CRS;HKC
TN7069770;OSM;6997712296
TN7069770;UIC;7069770
TN7069770;WIKIDATA;Q2220302
TN7069780;CRS;HKW
TN7069780;OSM;7147521855
TN7069780;UIC;7069780
TN7069780;WIKIDATA;Q2003534
TN7069790;CRS;HMN
TN7069790;OSM;7147509462
TN7069790;UIC;7069790
TN7069790;WIKIDATA;Q2451415
TN7070060;CRS;BGA
TN7070060;OSM;26114838
TN7070060;UIC;7070060
TN7070060;WIKIDATA;Q2262602
TN7070080;CRS;BSE
TN7070080;OSM;3788778657
TN7070080;UIC;7070080
TN7070080;WIKIDATA;Q3243921
TN7070110;CRS;KNE
TN7070110;OSM;3724898176
TN7070110;UIC;7070110
TN7070110;WIKIDATA;Q3926161
TN7070170;CRS;AUD
TN7070170;OSM;6137852400
TN7070170;UIC;7070170
TN7070170;WIKIDATA;Q2574881
TN7070220;CRS;CBG
TN7070220;OSM;573566827
TN7070220;UIC;7070220
TN7070220;WIKIDATA;Q3088356
TN7070270;CRS;DUL
TN7070270;OSM;20960271
TN7070270;UIC;7070270
TN7070270;WIKIDATA;Q3353344
TN7070290;CRS;FXN
TN7070290;OSM;7209225046
TN7070290;UIC;7070290
TN7070290;WIKIDATA;Q2951467
TN7070320;CRS;GRC
TN7070320;OSM;3726214973
TN7070320;UIC;7070320
TN7070320;WIKIDATA;Q2765395
TN7070360;CRS;MEL
TN7070360;OSM;21281518
TN7070360;UIC;7070360
TN7070360;WIKIDATA;Q2915277
TN7070380;CRS;NMK
TN7070380;OSM;242588253
TN7070380;UIC;7070380
TN7070380;WIKIDATA;Q2320175
TN7070390;CRS;NWE
TN7070390;OSM;6137852399
TN7070390;UIC;7070390
TN7070390;WIKIDATA;Q2342586
TN7070430;CRS;SED
TN7070430;OSM;6137852402
TN7070430;UIC;7070430
TN7070430;WIKIDATA;Q4387174
TN7070440;CRS;STH
TN7070440;OSM;7209252034
TN7070440;UIC;7070440
TN7070440;WIKIDATA;Q4762519
TN7070470;CRS;WLF
TN7070470;OSM;6137852401
TN7070470;UIC;7070470
TN7070470;WIKIDATA;Q1985489
TN7070510;CRS;CWC
TN7070510;OSM;181313427
TN7070510;UIC;7070510
TN7070510;WIKIDATA;Q2666580
TN7070550;CRS;DOW
TN7070550;OSM;71948729
TN7070550;UIC;7070550
TN7070550;WIKIDATA;Q980263
TN7070570;CRS;WTG
TN7070570;OSM;6960692712
TN7070570;UIC;7070570
TN7070570;WIKIDATA;Q1839322
TN7070680;CRS;ELY
TN7070680;OSM;6415013198
TN7070680;UIC;7070680
TN7070680;WIKIDATA;Q2324504
TN7070720;CRS;LTP
TN7070720;OSM;1593444411
TN7070720;UIC;7070720
TN7070720;WIKIDATA;Q2173947
TN7070730;CRS;SPP
TN7070730;OSM;3055000539
TN7070730;UIC;7070730
TN7070730;WIKIDATA;Q1822505
TN7070790;CRS;WBC
TN7070790;OSM;2530120482
TN7070790;UIC;7070790
TN7070790;WIKIDATA;Q2620884
TN7070850;CRS;BUE
TN7070850;OSM;181313439
TN7070850;UIC;7070850
TN7070850;WIKIDATA;Q2069489
TN7070900;CRS;HXX
TN7070900;OSM;6652280936
TN7070900;UIC;7070900
TN7070900;WIKIDATA;Q5694342
TN7070910;CRS;HAF
TN7070910;UIC;7070910
TN7070980;CRS;SUY
TN7070980;UIC;7070980
TN7071140;CRS;HUS
TN7071140;UIC;7071140
TN7071150;CRS;KLN
TN7071150;UIC;7071150
TN7071650;CRS;MNE
TN7071650;OSM;43401074
TN7071650;UIC;7071650
TN7071650;WIKIDATA;Q2486636
TN7071660;CRS;MCH
TN7071660;OSM;6900241774
TN7071660;UIC;7071660
TN7071660;WIKIDATA;Q2023178
TN7071870;CRS;WLE
TN7071870;OSM;98001419
TN7071870;UIC;7071870
TN7071870;WIKIDATA;Q2123705
TN7071880;CRS;WIS
TN7071880;UIC;7071880
TN7072000;CRS;BND
TN7072000;OSM;6723726878
TN7072000;UIC;7072000
TN7072000;WIKIDATA;Q2501282
TN7072010;CRS;LAK
TN7072010;OSM;49247569
TN7072010;UIC;7072010
TN7072010;WIKIDATA;Q2579323
TN7072030;CRS;TTF
TN7072030;OSM;6723726879
TN7072030;UIC;7072030
TN7072030;WIKIDATA;Q2691707
TN7072110;CRS;DSM
TN7072110;OSM;252754155
TN7072110;UIC;7072110
TN7072110;WIKIDATA;Q2998721
TN7072120;CRS;DBR
TN7072120;OSM;25685792
TN7072120;UIC;7072120
TN7072120;WIKIDATA;Q2353885
TN7072140;CRS;FLX
TN7072140;OSM;25685821
TN7072140;UIC;7072140
TN7072140;WIKIDATA;Q3247616
TN7072170;CRS;IPS
TN7072170;OSM;2370148643
TN7072170;UIC;7072170
TN7072170;WIKIDATA;Q2003305
TN7072210;CRS;MES
TN7072210;OSM;256876989
TN7072210;UIC;7072210
TN7072210;WIKIDATA;Q3246752
TN7072240;CRS;SAX
TN7072240;OSM;310588000
TN7072240;UIC;7072240
TN7072240;WIKIDATA;Q763638
TN7072250;CRS;TRM
TN7072250;OSM;30132562
TN7072250;UIC;7072250
TN7072250;WIKIDATA;Q2889017
TN7072260;CRS;WFI
TN7072260;OSM;25685939
TN7072260;UIC;7072260
TN7072260;WIKIDATA;Q1815407
TN7072270;CRS;WCM
TN7072270;OSM;7829844207
TN7072270;UIC;7072270
TN7072270;WIKIDATA;Q3043489
TN7072280;CRS;WDB
TN7072280;OSM;8070385747
TN7072280;UIC;7072280
TN7072280;WIKIDATA;Q3246749
TN7072580;CRS;BCC
TN7072580;OSM;252746160
TN7072580;UIC;7072580
TN7072580;WIKIDATA;Q2659206
TN7072590;CRS;BRP
TN7072590;OSM;256709377
TN7072590;UIC;7072590
TN7072590;WIKIDATA;Q2599812
TN7072660;CRS;HAS
TN7072660;OSM;1080701323
TN7072660;UIC;7072660
TN7072660;WIKIDATA;Q2406246
TN7072680;CRS;LWT
TN7072680;OSM;252753813
TN7072680;UIC;7072680
TN7072680;WIKIDATA;Q2008297
TN7072730;CRS;OUN
TN7072730;OSM;252745593
TN7072730;UIC;7072730
TN7072730;WIKIDATA;Q2854239
TN7072740;CRS;OUS
TN7072740;OSM;263373872
TN7072740;UIC;7072740
TN7072740;WIKIDATA;Q1870239
TN7072860;CRS;ACL
TN7072860;OSM;253006518
TN7072860;UIC;7072860
TN7072860;WIKIDATA;Q281169
TN7072890;CRS;BDA
TN7072890;OSM;26524106
TN7072890;UIC;7072890
TN7072890;WIKIDATA;Q282288
TN7072900;CRS;BUC
TN7072900;OSM;253006650
TN7072900;UIC;7072900
TN7072900;WIKIDATA;Q2064742
TN7072920;CRS;CNY
TN7072920;OSM;283317149
TN7072920;UIC;7072920
TN7072920;WIKIDATA;Q2149282
TN7072950;CRS;CMR
TN7072950;OSM;82605869
TN7072950;UIC;7072950
TN7072950;WIKIDATA;Q1950073
TN7072970;CRS;RNR
TN7072970;OSM;248924981
TN7072970;UIC;7072970
TN7072970;WIKIDATA;Q217695
TN7072990;CRS;GNT
TN7072990;OSM;248923922
TN7072990;UIC;7072990
TN7072990;WIKIDATA;Q217665
TN7073000;CRS;HAD
TN7073000;OSM;253007096
TN7073000;UIC;7073000
TN7073000;WIKIDATA;Q2754722
TN7073050;CRS;LGD
TN7073050;OSM;253007463
TN7073050;UIC;7073050
TN7073050;WIKIDATA;Q281164
TN7073080;CRS;NWA
TN7073080;OSM;114975239
TN7073080;UIC;7073080
TN7073080;WIKIDATA;Q217655
TN7073090;CRS;NRW
TN7073090;OSM;7158616254
TN7073090;UIC;7001635
TN7073090;UIC;7073090
TN7073090;WIKIDATA;Q389902
TN7073160;CRS;REE
TN7073160;OSM;2940664240
TN7073160;UIC;7073160
TN7073160;WIKIDATA;Q1960288
TN7073180;CRS;SAH
TN7073180;OSM;204065608
TN7073180;UIC;7073180
TN7073180;WIKIDATA;Q248738
TN7073190;CRS;SHM
TN7073190;OSM;82605817
TN7073190;UIC;7073190
TN7073200;CRS;SYT
TN7073200;OSM;263373156
TN7073200;UIC;7073200
TN7073200;WIKIDATA;Q1920909
TN7073260;CRS;WRT
TN7073260;OSM;36150862
TN7073260;UIC;7073260
TN7073260;WIKIDATA;Q248736
TN7073270;CRS;HXM
TN7073270;OSM;204069482
TN7073270;UIC;7073270
TN7073270;WIKIDATA;Q281183
TN7073280;CRS;GYM
TN7073280;OSM;1699243929
TN7073280;UIC;7073280
TN7073280;WIKIDATA;Q280999
TN7073290;CRS;WRN
TN7073290;OSM;82605847
TN7073290;UIC;7073290
TN7073290;WIKIDATA;Q217353
TN7073300;CRS;BYA
TN7073300;OSM;253006594
TN7073300;UIC;7073300
TN7073300;WIKIDATA;Q281175
TN7073480;CRS;DIS
TN7073480;OSM;7362947493
TN7073480;UIC;7073480
TN7073480;WIKIDATA;Q2716714
TN7073490;CRS;ESW
TN7073490;OSM;3788853257
TN7073490;UIC;7073490
TN7073490;WIKIDATA;Q2980360
TN7073540;CRS;NMT
TN7073540;OSM;3788869872
TN7073540;UIC;7073540
TN7073540;WIKIDATA;Q2526515
TN7073550;CRS;SMK
TN7073550;OSM;3788871517
TN7073550;UIC;7073550
TN7073550;WIKIDATA;Q2618103
TN7073560;CRS;TRS
TN7073560;OSM;3788853380
TN7073560;UIC;7073560
TN7073560;WIKIDATA;Q2384368
TN7073670;CRS;ATL
TN7073670;OSM;6723726881
TN7073670;UIC;7073670
TN7073670;WIKIDATA;Q2093675
TN7073700;CRS;ECS
TN7073700;OSM;6723726880
TN7073700;UIC;7073700
TN7073700;WIKIDATA;Q2037638
TN7073740;CRS;HRD
TN7073740;OSM;3727506861
TN7073740;UIC;7073740
TN7073740;WIKIDATA;Q2746601
TN7073790;CRS;SPN
TN7073790;OSM;3727506862
TN7073790;UIC;7073790
TN7073790;WIKIDATA;Q2476140
TN7073830;CRS;WMD
TN7073830;OSM;6723726882
TN7073830;UIC;7073830
TN7073830;WIKIDATA;Q2411114
TN7074000;CRS;BHO
TN7074000;OSM;29859288
TN7074000;UIC;7074000
TN7074000;WIKIDATA;Q800541
TN7074010;CRS;HRY
TN7074010;OSM;6993490520
TN7074010;UIC;7074010
TN7074010;WIKIDATA;Q9286575
TN7074020;CRS;LEM
TN7074020;OSM;6997668561
TN7074020;UIC;7074020
TN7074020;WIKIDATA;Q2217020
TN7074030;CRS;LER
TN7074030;OSM;1742846162
TN7074030;UIC;7074030
TN7074030;WIKIDATA;Q3500636
TN7074040;CRS;STO
TN7074040;OSM;7147518905
TN7074040;UIC;7074040
TN7074040;WIKIDATA;Q686458
TN7074060;CRS;CRH
TN7074060;OSM;6724844051
TN7074060;UIC;7074060
TN7074060;WIKIDATA;Q2683950
TN7074070;CRS;WMW
TN7074070;UIC;7074070
TN7074080;CRS;WNP
TN7074080;OSM;1742840596
TN7074080;UIC;7074080
TN7074080;WIKIDATA;Q641970
TN7074160;CRS;CAA
TN7074160;OSM;2003007164
TN7074160;UIC;7074160
TN7074160;WIKIDATA;Q5179044
TN7074190;CRS;PRL
TN7074190;OSM;314994462
TN7074190;UIC;7074190
TN7074190;WIKIDATA;Q1880808
TN7074200;CRS;SOV
TN7074200;OSM;7140234411
TN7074200;UIC;7074200
TN7074200;WIKIDATA;Q3254036
TN7074390;CRS;BEF
TN7074390;OSM;6733461087
TN7074390;UIC;7074390
TN7074390;WIKIDATA;Q2561112
TN7074400;CRS;DDK
TN7074400;OSM;6735092352
TN7074400;UIC;7074400
TN7074400;WIKIDATA;Q800643
TN7074430;CRS;GRY
TN7074430;OSM;6734932969
TN7074430;UIC;7074430
TN7074430;WIKIDATA;Q4844809
TN7074450;CRS;LAI
TN7074450;OSM;6733268329
TN7074450;UIC;7074450
TN7074450;WIKIDATA;Q2801845
TN7074460;CRS;LES
TN7074460;OSM;6733461095
TN7074460;UIC;7074460
TN7074460;WIKIDATA;Q2396445
TN7074470;CRS;CFH
TN7074470;OSM;6735092354
TN7074470;UIC;7074470
TN7074470;WIKIDATA;Q2385653
TN7074510;CRS;OCK
TN7074510;OSM;6735129485
TN7074510;UIC;7074510
TN7074510;WIKIDATA;Q2099828
TN7074520;CRS;PSE
TN7074520;OSM;6733461096
TN7074520;UIC;7074520
TN7074520;WIKIDATA;Q2982936
TN7074530;CRS;PFL
TN7074530;OSM;6912381662
TN7074530;UIC;7074530
TN7074530;WIKIDATA;Q2506816
TN7074540;CRS;RNM
TN7074540;OSM;6735092353
TN7074540;UIC;7074540
TN7074540;WIKIDATA;Q2221209
TN7074550;CRS;SRY
TN7074550;OSM;6503115197
TN7074550;UIC;7074550
TN7074550;WIKIDATA;Q2267686
TN7074560;CRS;SOC
TN7074560;OSM;6733461093
TN7074560;UIC;7074560
TN7074560;WIKIDATA;Q593051
TN7074570;CRS;SOE
TN7074570;OSM;6733461091
TN7074570;UIC;7074570
TN7074570;WIKIDATA;Q2311959
TN7074580;CRS;SFO
TN7074580;OSM;6735092344
TN7074580;UIC;7074580
TN7074580;WIKIDATA;Q2062756
TN7074600;CRS;TPB
TN7074600;OSM;6733461092
TN7074600;UIC;7074600
TN7074600;WIKIDATA;Q7796686
TN7074610;CRS;TBR
TN7074610;UIC;7074610
TN7074620;CRS;TIL
TN7074620;OSM;4081999141
TN7074620;UIC;7074620
TN7074620;WIKIDATA;Q3295563
TN7074640;CRS;UPM
TN7074640;OSM;443640800
TN7074640;UIC;7074640
TN7074640;WIKIDATA;Q801547
TN7074660;CRS;WHR
TN7074660;OSM;2008923738
TN7074660;UIC;7074660
TN7074660;WIKIDATA;Q1808174
TN7074670;CRS;WGR
TN7074670;OSM;6753887325
TN7074670;UIC;7074670
TN7074670;WIKIDATA;Q2733963
TN7074690;CRS;CHW
TN7074690;OSM;6733461094
TN7074690;UIC;7074690
TN7074690;WIKIDATA;Q744484
TN7074710;CRS;ETL
TN7074710;OSM;6735092345
TN7074710;UIC;7074710
TN7074710;WIKIDATA;Q2487544
TN7074730;CRS;EMP
TN7074730;OSM;6906130548
TN7074730;UIC;7074730
TN7074730;WIKIDATA;Q2177253
TN7074741;CRS;WEH
TN7074741;OSM;5252083983
TN7074741;UIC;7074741
TN7074741;WIKIDATA;Q801601
TN7074760;CRS;WCF
TN7074760;OSM;7140234412
TN7074760;UIC;7074760
TN7074760;WIKIDATA;Q2319277
TN7074900;CRS;FST
TN7074900;OSM;5114697934
TN7074900;UIC;7074900
TN7074900;WIKIDATA;Q800753
TN7074910;CRS;LHS
TN7074910;OSM;5469622521
TN7074910;UIC;7074910
TN7074910;WIKIDATA;Q801102
TN7074920;CRS;BKG
TN7074920;OSM;6452489646
TN7074920;UIC;7074920
TN7074920;WIKIDATA;Q800451
TN7074940;CRS;BSO
TN7074940;OSM;2008917061
TN7074940;UIC;7074940
TN7074940;WIKIDATA;Q2752701
TN7075010;CRS;BSV
TN7075010;OSM;7209304873
TN7075010;UIC;7075010
TN7075010;WIKIDATA;Q4983494
TN7075030;CRS;BLO
TN7075030;OSM;5018402678
TN7075030;UIC;7075030
TN7075030;WIKIDATA;Q2155219
TN7075040;CRS;CRB
TN7075040;OSM;3715250483
TN7075040;UIC;7075040
TN7075040;WIKIDATA;Q1883670
TN7075060;CRS;HEX
TN7075060;OSM;5693024822
TN7075060;UIC;7075060
TN7075060;WIKIDATA;Q2462338
TN7075090;CRS;PRU
TN7075090;OSM;3715250497
TN7075090;UIC;7075090
TN7075090;WIKIDATA;Q2298662
TN7075100;CRS;RDM
TN7075100;OSM;3715250499
TN7075100;UIC;7075100
TN7075100;WIKIDATA;Q2365388
TN7075130;CRS;SKS
TN7075130;OSM;3715250506
TN7075130;UIC;7075130
TN7075130;WIKIDATA;Q2371813
TN7075140;CRS;WYM
TN7075140;OSM;3715250510
TN7075140;UIC;7075140
TN7075140;WIKIDATA;Q2536803
TN7075150;CRS;COM
TN7075150;OSM;1202940916
TN7075150;UIC;7000525
TN7075150;UIC;7075150
TN7075150;WIKIDATA;Q1943197
TN7075160;CRS;KLD
TN7075160;OSM;1431155653
TN7075160;UIC;7001251
TN7075160;UIC;7075160
TN7075160;WIKIDATA;Q6406700
TN7075200;CRS;ALW
TN7075200;OSM;4563657321
TN7075200;UIC;7075200
TN7075200;WIKIDATA;Q2184547
TN7075620;CRS;KIP
TN7075620;OSM;4524822530
TN7075620;UIC;7075620
TN7075620;WIKIDATA;Q6413575
TN7075630;CRS;BLL
TN7075630;OSM;3715250478
TN7075630;UIC;7075630
TN7075630;WIKIDATA;Q2052953
TN7075650;CRS;BMP
TN7075650;OSM;5459736194
TN7075650;UIC;7075650
TN7075650;WIKIDATA;Q2631617
TN7075680;CRS;HWH
TN7075680;OSM;3715250484
TN7075680;UIC;7075680
TN7075680;WIKIDATA;Q13528467
TN7075690;CRS;HDB
TN7075690;OSM;3715250487
TN7075690;UIC;7075690
TN7075690;WIKIDATA;Q2003647
TN7075720;CRS;WRL
TN7075720;OSM;3715250509
TN7075720;UIC;7075720
TN7075720;WIKIDATA;Q2573396
TN7075790;CRS;CRM
TN7075790;OSM;8068832751
TN7075790;UIC;7075790
TN7075790;WIKIDATA;Q2007937
TN7076030;CRS;MAS
TN7076030;OSM;4524022602
TN7076030;UIC;7076030
TN7076030;WIKIDATA;Q2772409
TN7076080;CRS;ASL
TN7076080;OSM;12424571567
TN7076080;UIC;7076080
TN7076080;WIKIDATA;Q4805108
TN7076320;CRS;STZ
TN7076320;UIC;7076320
TN7076400;CRS;SUN
TN7076400;OSM;4492377645
TN7076400;UIC;7076400
TN7076400;WIKIDATA;Q2669414
TN7076410;CRS;SEB
TN7076410;OSM;4524000784
TN7076410;UIC;7076410
TN7076410;WIKIDATA;Q7440231
TN7076620;CRS;ACK
TN7076620;OSM;5520053927
TN7076620;UIC;7076620
TN7076620;WIKIDATA;Q3517520
TN7076660;CRS;BEJ
TN7076660;OSM;12487450707
TN7076660;UIC;7076660
TN7076680;CRS;NWH
TN7076680;OSM;12383144343
TN7076680;UIC;7076680
TN7076690;CRS;BLI
TN7076690;OSM;12487500809
TN7076690;UIC;7076690
TN7076800;CRS;MPT
TN7076800;OSM;7209360087
TN7076800;UIC;7076800
TN7076800;WIKIDATA;Q2534198
TN7076850;CRS;PEG
TN7076850;OSM;6738885509
TN7076850;UIC;7076850
TN7076850;WIKIDATA;Q2495528
TN7076950;CRS;WDD
TN7076950;OSM;46985645
TN7076950;UIC;7076950
TN7076950;WIKIDATA;Q2572775
TN7077250;CRS;MCE
TN7077250;OSM;20966905
TN7077250;UIC;7077250
TN7077250;WIKIDATA;Q2781169
TN7077280;CRS;NCL
TN7077280;OSM;195885858
TN7077280;UIC;7077280
TN7077280;WIKIDATA;Q2047417
TN7077360;CRS;CLS
TN7077360;OSM;7167787645
TN7077360;UIC;7077360
TN7077360;WIKIDATA;Q2642125
TN7077400;CRS;BNR
TN7077400;OSM;4523999956
TN7077400;UIC;7077400
TN7077400;WIKIDATA;Q4972838
TN7077440;CRS;DOT
TN7077440;OSM;502599476
TN7077440;UIC;7077440
TN7077440;WIKIDATA;Q678990
TN7077450;CRS;DHM
TN7077450;OSM;7167810363
TN7077450;UIC;7077450
TN7077450;WIKIDATA;Q2407800
TN7077460;CRS;EBL
TN7077460;OSM;4523978182
TN7077460;UIC;7077460
TN7077460;WIKIDATA;Q5327886
TN7077660;CRS;HEW
TN7077660;OSM;4492377629
TN7077660;UIC;7077660
TN7077660;WIKIDATA;Q2367499
TN7077770;CRS;BCZ
TN7077770;OSM;8907391302
TN7077770;UIC;7077770
TN7077770;WIKIDATA;Q4961357
TN7077791;CRS;MBT
TN7077791;OSM;8324082437
TN7077791;UIC;7077791
TN7077791;WIKIDATA;Q16977866
TN7077800;CRS;RRN
TN7077800;OSM;7057902640
TN7077800;UIC;7077800
TN7077800;WIKIDATA;Q56755068
TN7077830;CRS;ILN
TN7077830;OSM;7170589239
TN7077830;UIC;7077830
TN7077830;WIKIDATA;Q15228309
TN7077870;CRS;ALM
TN7077870;OSM;20913787
TN7077870;UIC;7077870
TN7077870;WIKIDATA;Q4734063
TN7077910;CRS;BWK
TN7077910;OSM;20913981
TN7077910;UIC;7077910
TN7077910;WIKIDATA;Q2232337
TN7077920;CRS;CHT
TN7077920;OSM;20914841
TN7077920;UIC;7077920
TN7077920;WIKIDATA;Q5087731
TN7078140;CRS;SEA
TN7078140;OSM;3696748721
TN7078140;UIC;7078140
TN7078140;WIKIDATA;Q1977110
TN7078150;CRS;BAF
TN7078150;OSM;4523848873
TN7078150;UIC;7078150
TN7078150;WIKIDATA;Q4855918
TN7078340;CRS;NAY
TN7078340;OSM;695343411
TN7078340;UIC;7078340
TN7078340;WIKIDATA;Q2609531
TN7078350;CRS;BIA
TN7078350;OSM;102208484
TN7078350;UIC;7078350
TN7078350;WIKIDATA;Q2347286
TN7078770;CRS;DAR
TN7078770;OSM;7149979928
TN7078770;UIC;7078770
TN7078770;WIKIDATA;Q2286393
TN7078870;CRS;HEI
TN7078870;OSM;3696655200
TN7078870;UIC;7078870
TN7078870;WIKIDATA;Q934808
TN7078930;CRS;SHD
TN7078930;OSM;102208486
TN7078930;UIC;7078930
TN7078930;WIKIDATA;Q2203193
TN7078950;CRS;NRD
TN7078950;OSM;5857021903
TN7078950;UIC;7078950
TN7078950;WIKIDATA;Q2432748
TN7078970;CRS;DND
TN7078970;OSM;102223697
TN7078970;UIC;7078970
TN7078970;WIKIDATA;Q1868098
TN7079090;CRS;BTT
TN7079090;OSM;27647529
TN7079090;UIC;7000359
TN7079090;UIC;7079090
TN7079090;WIKIDATA;Q367057
TN7079100;CRS;BIL
TN7079100;OSM;1320101388
TN7079100;UIC;7079100
TN7079100;WIKIDATA;Q3488349
TN7079140;CRS;CSM
TN7079140;OSM;1245407063
TN7079140;UIC;7000512
TN7079140;UIC;7079140
TN7079140;WIKIDATA;Q2181881
TN7079150;CRS;DNY
TN7079150;OSM;1408427539
TN7079150;UIC;7000644
TN7079150;UIC;7079150
TN7079150;WIKIDATA;Q2012537
TN7079160;CRS;EAG
TN7079160;OSM;762005129
TN7079160;UIC;7079160
TN7079160;WIKIDATA;Q2239157
TN7079170;CRS;YRM
TN7079170;OSM;3711868143
TN7079170;UIC;7079170
TN7079170;WIKIDATA;Q2733475
TN7079180;CRS;EGT
TN7079180;OSM;1239254402
TN7079180;UIC;7000776
TN7079180;UIC;7079180
TN7079180;WIKIDATA;Q2437498
TN7079210;CRS;GLS
TN7079210;OSM;1191247145
TN7079210;UIC;7000940
TN7079210;UIC;7079210
TN7079210;WIKIDATA;Q2357575
TN7079220;CRS;GTA
TN7079220;OSM;1549414100
TN7079220;UIC;7000910
TN7079220;UIC;7079220
TN7079220;WIKIDATA;Q3377096
TN7079250;CRS;LHM
TN7079250;OSM;1408427542
TN7079250;UIC;7001380
TN7079250;UIC;7079250
TN7079250;WIKIDATA;Q2377733
TN7079280;CRS;MSK
TN7079280;OSM;21484381
TN7079280;UIC;7001509
TN7079280;UIC;7079280
TN7079280;WIKIDATA;Q951534
TN7079290;CRS;MBR
TN7079290;OSM;6661361840
TN7079290;UIC;7001502
TN7079290;UIC;7079290
TN7079290;WIKIDATA;Q2102917
TN7079300;CRS;GYP
TN7079300;OSM;7209308687
TN7079300;UIC;7000998
TN7079300;UIC;7079300
TN7079300;WIKIDATA;Q2431199
TN7079460;CRS;NNT
TN7079460;OSM;5074208787
TN7079460;UIC;7001667
TN7079460;UIC;7079460
TN7079460;WIKIDATA;Q2200991
TN7079470;CRS;MTO
TN7079470;OSM;7198940520
TN7079470;UIC;7001474
TN7079470;UIC;7079470
TN7079470;WIKIDATA;Q6777308
TN7079500;CRS;RCC
TN7079500;OSM;3711820598
TN7079500;UIC;7001850
TN7079500;UIC;7079500
TN7079500;WIKIDATA;Q2317607
TN7079510;CRS;SLB
TN7079510;OSM;1572979129
TN7079510;UIC;7001928
TN7079510;UIC;7079510
TN7079510;WIKIDATA;Q2033443
TN7079530;CRS;SBK
TN7079530;OSM;3711820600
TN7079530;UIC;7002087
TN7079530;UIC;7079530
TN7079530;WIKIDATA;Q1898560
TN7079740;CRS;RCE
TN7079740;OSM;29792846
TN7079740;UIC;7001851
TN7079740;UIC;7079740
TN7079740;WIKIDATA;Q4318568
TN7079750;CRS;STK
TN7079750;OSM;253065571
TN7079750;UIC;7079750
TN7079750;WIKIDATA;Q2749128
TN7079760;CRS;TBY
TN7079760;OSM;7170524815
TN7079760;UIC;7079760
TN7079760;WIKIDATA;Q2795880
TN7079780;CRS;LGK
TN7079780;OSM;1582447288
TN7079780;UIC;7001313
TN7079780;UIC;7079780
TN7079780;WIKIDATA;Q2337724
TN7079790;CRS;FAW
TN7079790;OSM;3814734849
TN7079790;UIC;7079790
TN7079790;WIKIDATA;Q5438738
TN7079960;CRS;NTR
TN7079960;OSM;6760741486
TN7079960;UIC;7079960
TN7079960;WIKIDATA;Q2537832
TN7080010;CRS;CMB
TN7080010;OSM;1993437425
TN7080010;UIC;7080010
TN7080010;WIKIDATA;Q5025527
TN7080070;CRS;SEC
TN7080070;OSM;3696748722
TN7080070;UIC;7080070
TN7080070;WIKIDATA;Q2068534
TN7080090;CRS;HPL
TN7080090;OSM;6661375389
TN7080090;UIC;7080090
TN7080090;WIKIDATA;Q4046880
TN7080250;CRS;GOO
TN7080250;OSM;7452935121
TN7080250;UIC;7080250
TN7080250;WIKIDATA;Q2354168
TN7080310;CRS;RWC
TN7080310;OSM;157599125
TN7080310;UIC;7080310
TN7080310;WIKIDATA;Q2080885
TN7080330;CRS;SAM
TN7080330;OSM;3711902058
TN7080330;UIC;7080330
TN7080330;WIKIDATA;Q2553697
TN7080360;CRS;SNI
TN7080360;OSM;7452565703
TN7080360;UIC;7080360
TN7080360;WIKIDATA;Q2522426
TN7080450;CRS;ARR
TN7080450;OSM;3711894538
TN7080450;UIC;7080450
TN7080450;WIKIDATA;Q662135
TN7080470;CRS;BEM
TN7080470;OSM;2520782503
TN7080470;UIC;7080470
TN7080470;WIKIDATA;Q2653960
TN7080480;CRS;BEV
TN7080480;OSM;3711894539
TN7080480;UIC;7080480
TN7080480;WIKIDATA;Q522656
TN7080490;CRS;BDT
TN7080490;OSM;3711894540
TN7080490;UIC;7080490
TN7080490;WIKIDATA;Q2684620
TN7080500;CRS;BMF
TN7080500;OSM;6012608672
TN7080500;UIC;7080500
TN7080500;WIKIDATA;Q2675002
TN7080510;CRS;BUH
TN7080510;OSM;4267662228
TN7080510;UIC;7080510
TN7080510;WIKIDATA;Q1827064
TN7080560;CRS;CGM
TN7080560;OSM;3711894541
TN7080560;UIC;7080560
TN7080560;WIKIDATA;Q5175629
TN7080570;CRS;DRF
TN7080570;OSM;3711894542
TN7080570;UIC;7080570
TN7080570;WIKIDATA;Q2183871
TN7080610;CRS;FRY
TN7080610;OSM;6012608673
TN7080610;UIC;7080610
TN7080610;WIKIDATA;Q2342222
TN7080620;CRS;FIL
TN7080620;OSM;3711894543
TN7080620;UIC;7080620
TN7080620;WIKIDATA;Q2297337
TN7080670;CRS;HES
TN7080670;OSM;6012608674
TN7080670;UIC;7080670
TN7080670;WIKIDATA;Q2498524
TN7080710;CRS;HOW
TN7080710;OSM;6012608659
TN7080710;UIC;7080710
TN7080710;WIKIDATA;Q978543
TN7080980;CRS;HUB
TN7080980;OSM;34179099
TN7080980;UIC;7080980
TN7080980;WIKIDATA;Q4722128
TN7080990;CRS;HUT
TN7080990;OSM;3711894544
TN7080990;UIC;7080990
TN7080990;WIKIDATA;Q2118467
TN7081070;CRS;NFN
TN7081070;OSM;3711894545
TN7081070;UIC;7081070
TN7081070;WIKIDATA;Q2149712
TN7081140;CRS;EGN
TN7081140;OSM;6012826245
TN7081140;UIC;7081140
TN7081140;WIKIDATA;Q2094123
TN7081170;CRS;GBD
TN7081170;OSM;3711902057
TN7081170;UIC;7081170
TN7081170;WIKIDATA;Q2370908
TN7081230;CRS;WRS
TN7081230;OSM;6012608657
TN7081230;UIC;7081230
TN7081230;WIKIDATA;Q2057572
TN7081260;CRS;HUL
TN7081260;OSM;6012826246
TN7081260;UIC;7081260
TN7081260;WIKIDATA;Q9294886
TN7081290;CRS;HEL
TN7081290;OSM;157586175
TN7081290;UIC;7081290
TN7081290;WIKIDATA;Q2785836
TN7081300;CRS;WBD
TN7081300;OSM;7452565704
TN7081300;UIC;7081300
TN7081300;WIKIDATA;Q2379493
TN7081420;CRS;SOM
TN7081420;OSM;5320865996
TN7081420;UIC;7081420
TN7081420;WIKIDATA;Q2408723
TN7081550;CRS;GMT
TN7081550;OSM;2246553747
TN7081550;UIC;7000952
TN7081550;UIC;7081550
TN7081550;WIKIDATA;Q5610456
TN7081640;CRS;MLT
TN7081640;OSM;7209217468
TN7081640;UIC;7081640
TN7081640;WIKIDATA;Q2065298
TN7081740;CRS;RUS
TN7081740;OSM;3720121641
TN7081740;UIC;7001914
TN7081740;UIC;7081740
TN7081740;WIKIDATA;Q7382694
TN7081780;CRS;SEM
TN7081780;OSM;3711894546
TN7081780;UIC;7081780
TN7081780;WIKIDATA;Q2612874
TN7081790;CRS;SLH
TN7081790;OSM;1239278035
TN7081790;UIC;7001999
TN7081790;UIC;7081790
TN7081790;WIKIDATA;Q2658220
TN7081840;CRS;WTB
TN7081840;OSM;3720115321
TN7081840;UIC;7002397
TN7081840;UIC;7081840
TN7081840;WIKIDATA;Q2225295
TN7081850;CRS;SCA
TN7081850;OSM;73054111
TN7081850;UIC;7081850
TN7081850;WIKIDATA;Q2394227
TN7081910;CRS;THI
TN7081910;OSM;5528072893
TN7081910;UIC;7081910
TN7081910;WIKIDATA;Q2424788
TN7082010;CRS;SBY
TN7082010;OSM;6012608656
TN7082010;UIC;7082010
TN7082010;WIKIDATA;Q2253957
TN7082120;CRS;HBP
TN7082120;OSM;3715250490
TN7082120;UIC;7082120
TN7082120;WIKIDATA;Q4342481
TN7082130;CRS;HGT
TN7082130;OSM;3773023172
TN7082130;UIC;7082130
TN7082130;WIKIDATA;Q2698559
TN7082140;CRS;KNA
TN7082140;OSM;3715250493
TN7082140;UIC;7082140
TN7082140;WIKIDATA;Q2848537
TN7082210;CRS;SBE
TN7082210;OSM;3715250504
TN7082210;UIC;7082210
TN7082210;WIKIDATA;Q2187296
TN7082320;CRS;CTL
TN7082320;OSM;3715250481
TN7082320;UIC;7082320
TN7082320;WIKIDATA;Q2087472
TN7082330;CRS;CHF
TN7082330;OSM;21390340
TN7082330;UIC;7082330
TN7082330;WIKIDATA;Q3489838
TN7082410;CRS;HMM
TN7082410;OSM;3715250485
TN7082410;UIC;7082410
TN7082410;WIKIDATA;Q2660162
TN7082540;CRS;POP
TN7082540;OSM;3715250496
TN7082540;UIC;7082540
TN7082540;WIKIDATA;Q7229551
TN7082570;CRS;SIE
TN7082570;OSM;83595559
TN7082570;UIC;7082570
TN7082570;WIKIDATA;Q1881964
TN7082610;CRS;ULL
TN7082610;OSM;417521
TN7082610;UIC;7082610
TN7082610;WIKIDATA;Q951589
TN7082630;CRS;YRK
TN7082630;OSM;5758644802
TN7082630;UIC;7082630
TN7082630;WIKIDATA;Q2269429
TN7082820;CRS;THC
TN7082820;OSM;7452565687
TN7082820;UIC;7082820
TN7082820;WIKIDATA;Q2012147
TN7082840;CRS;GOE
TN7082840;OSM;7452565686
TN7082840;UIC;7082840
TN7082840;WIKIDATA;Q2537483
TN7083090;CRS;OUT
TN7083090;OSM;7090863291
TN7083090;UIC;7083090
TN7083090;WIKIDATA;Q2482077
TN7083260;CRS;DEW
TN7083260;OSM;6012937554
TN7083260;UIC;7083260
TN7083260;WIKIDATA;Q2038243
TN7083450;CRS;BDI
TN7083450;OSM;7209380367
TN7083450;UIC;7083450
TN7083450;WIKIDATA;Q2191497
TN7083460;CRS;BDQ
TN7083460;OSM;5063926917
TN7083460;UIC;7083460
TN7083460;WIKIDATA;Q2604550
TN7083470;CRS;SHY
TN7083470;OSM;538084632
TN7083470;UIC;7083470
TN7083470;WIKIDATA;Q4762414
TN7083520;CRS;BYK
TN7083520;OSM;264907689
TN7083520;UIC;7083520
TN7083520;WIKIDATA;Q2347117
TN7083530;CRS;AWK
TN7083530;OSM;418565
TN7083530;UIC;7083530
TN7083530;WIKIDATA;Q2325641
TN7083550;CRS;SES
TN7083550;OSM;158952033
TN7083550;UIC;7083550
TN7083550;WIKIDATA;Q2431458
TN7083580;CRS;SNA
TN7083580;OSM;415732
TN7083580;UIC;7083580
TN7083580;WIKIDATA;Q2018294
TN7083590;CRS;CFD
TN7083590;OSM;7452565710
TN7083590;UIC;7083590
TN7083590;WIKIDATA;Q2482490
TN7083600;CRS;GLH
TN7083600;OSM;7452565706
TN7083600;UIC;7083600
TN7083600;WIKIDATA;Q4318900
TN7084110;CRS;HFX
TN7084110;OSM;4281475085
TN7084110;UIC;7084110
TN7084110;WIKIDATA;Q2703979
TN7084130;CRS;WIA
TN7084130;OSM;11197468096
TN7084130;UIC;7084130
TN7084130;WIKIDATA;Q8003662
TN7084200;CRS;DRT
TN7084200;OSM;3680549066
TN7084200;UIC;7084200
TN7084200;WIKIDATA;Q1894541
TN7084290;CRS;BHS
TN7084290;OSM;21625423
TN7084290;UIC;7084290
TN7084290;WIKIDATA;Q2198836
TN7084310;CRS;BBW
TN7084310;OSM;21625404
TN7084310;UIC;7084310
TN7084310;WIKIDATA;Q4894769
TN7084320;CRS;DBD
TN7084320;OSM;21625459
TN7084320;UIC;7084320
TN7084320;WIKIDATA;Q3020499
TN7084360;CRS;HOY
TN7084360;OSM;21625413
TN7084360;UIC;7084360
TN7084360;WIKIDATA;Q2691216
TN7084370;CRS;HUD
TN7084370;OSM;6012937553
TN7084370;UIC;7084370
TN7084370;WIKIDATA;Q2565331
TN7084410;CRS;DHN
TN7084410;UIC;7084410
TN7084430;CRS;LCK
TN7084430;OSM;21625394
TN7084430;UIC;7084430
TN7084430;WIKIDATA;Q6665908
TN7084450;CRS;MSN
TN7084450;OSM;6367868936
TN7084450;UIC;7084450
TN7084450;WIKIDATA;Q1915469
TN7084480;CRS;SPY
TN7084480;OSM;3711588219
TN7084480;UIC;7084480
TN7084480;WIKIDATA;Q2243316
TN7084500;CRS;SWT
TN7084500;OSM;6012937552
TN7084500;UIC;7084500
TN7084500;WIKIDATA;Q3015321
TN7084510;CRS;SSM
TN7084510;OSM;3711588220
TN7084510;UIC;7084510
TN7084510;WIKIDATA;Q2109920
TN7084680;CRS;KEI
TN7084680;OSM;3713706488
TN7084680;UIC;7084680
TN7084680;WIKIDATA;Q518724
TN7084690;CRS;SON
TN7084690;OSM;3715250505
TN7084690;UIC;7084690
TN7084690;WIKIDATA;Q2199805
TN7084700;CRS;CEY
TN7084700;OSM;3754534932
TN7084700;UIC;7084700
TN7084700;WIKIDATA;Q3295297
TN7084720;CRS;EGF
TN7084720;OSM;6012608609
TN7084720;UIC;7084720
TN7084720;WIKIDATA;Q2537875
TN7084730;CRS;CRG
TN7084730;OSM;6012826244
TN7084730;UIC;7084730
TN7084730;WIKIDATA;Q1857460
TN7084740;CRS;GRF
TN7084740;OSM;559899668
TN7084740;UIC;7084740
TN7084740;WIKIDATA;Q2324929
TN7084770;CRS;MIK
TN7084770;OSM;5520189176
TN7084770;UIC;7084770
TN7084770;WIKIDATA;Q3169687
TN7084790;CRS;PNL
TN7084790;OSM;3715250495
TN7084790;UIC;7084790
TN7084790;WIKIDATA;Q2602787
TN7084840;CRS;BTL
TN7084840;OSM;6012937555
TN7084840;UIC;7084840
TN7084840;WIKIDATA;Q2442694
TN7084870;CRS;LDS
TN7084870;OSM;7156706693
TN7084870;UIC;7084870
TN7084870;WIKIDATA;Q1466941
TN7084960;CRS;BLE
TN7084960;OSM;3071637620
TN7084960;UIC;7084960
TN7084960;WIKIDATA;Q2142080
TN7084980;CRS;HDY
TN7084980;OSM;3715250488
TN7084980;UIC;7084980
TN7084980;WIKIDATA;Q2802879
TN7084990;CRS;HRS
TN7084990;OSM;3715250491
TN7084990;UIC;7084990
TN7084990;WIKIDATA;Q2989114
TN7085000;CRS;BUY
TN7085000;OSM;21468573
TN7085000;UIC;7085000
TN7085000;WIKIDATA;Q3298380
TN7085040;CRS;MLY
TN7085040;OSM;26683864
TN7085040;UIC;7085040
TN7085040;WIKIDATA;Q2079875
TN7085050;CRS;COT
TN7085050;OSM;207388316
TN7085050;UIC;7085050
TN7085050;WIKIDATA;Q3033284
TN7085060;CRS;NPD
TN7085060;OSM;5383448078
TN7085060;UIC;7085060
TN7085060;WIKIDATA;Q2197812
TN7085090;CRS;WET
TN7085090;OSM;3715250507
TN7085090;UIC;7085090
TN7085090;WIKIDATA;Q3015678
TN7085140;CRS;BGH
TN7085140;OSM;3711588159
TN7085140;UIC;7085140
TN7085140;WIKIDATA;Q2368938
TN7085160;CRS;MOV
TN7085160;OSM;1494736906
TN7085160;UIC;7085160
TN7085160;WIKIDATA;Q6915623
TN7085180;CRS;MIR
TN7085180;OSM;252822812
TN7085180;UIC;7085180
TN7085180;WIKIDATA;Q2227447
TN7085240;CRS;HBD
TN7085240;OSM;3715250489
TN7085240;UIC;7085240
TN7085240;WIKIDATA;Q3273315
TN7085260;CRS;MYT
TN7085260;OSM;3715250494
TN7085260;UIC;7085260
TN7085260;WIKIDATA;Q2080472
TN7085270;CRS;SOW
TN7085270;OSM;3715250503
TN7085270;UIC;7085270
TN7085270;WIKIDATA;Q3303469
TN7085280;CRS;NOR
TN7085280;OSM;7452565689
TN7085280;UIC;7085280
TN7085280;WIKIDATA;Q2384576
TN7085300;CRS;WRP
TN7085300;OSM;6129181314
TN7085300;UIC;7085300
TN7085300;WIKIDATA;Q372014
TN7085360;CRS;BTD
TN7085360;OSM;7452565685
TN7085360;UIC;7085360
TN7085360;WIKIDATA;Q2001245
TN7085390;CRS;MRP
TN7085390;OSM;7452565688
TN7085390;UIC;7085390
TN7085390;WIKIDATA;Q2386115
TN7085400;CRS;PFR
TN7085400;OSM;5383468496
TN7085400;UIC;7085400
TN7085400;WIKIDATA;Q4301181
TN7085410;CRS;POT
TN7085410;OSM;158530806
TN7085410;UIC;7085410
TN7085410;WIKIDATA;Q3043294
TN7085430;CRS;SHC
TN7085430;OSM;443775670
TN7085430;UIC;7085430
TN7085430;WIKIDATA;Q2065164
TN7085440;CRS;FEA
TN7085440;OSM;764706200
TN7085440;UIC;7085440
TN7085440;WIKIDATA;Q5439656
TN7085460;CRS;KNO
TN7085460;OSM;7452565705
TN7085460;UIC;7085460
TN7085460;WIKIDATA;Q2426364
TN7085480;CRS;PFM
TN7085480;OSM;7452565707
TN7085480;UIC;7085480
TN7085480;WIKIDATA;Q2212501
TN7085520;CRS;BLD
TN7085520;OSM;21653647
TN7085520;UIC;7085520
TN7085520;WIKIDATA;Q4475770
TN7085530;CRS;BIY
TN7085530;OSM;3713696172
TN7085530;UIC;7085530
TN7085530;WIKIDATA;Q672653
TN7085540;CRS;CFL
TN7085540;OSM;3713696173
TN7085540;UIC;7085540
TN7085540;WIKIDATA;Q1856288
TN7085560;CRS;FZH
TN7085560;OSM;3711578226
TN7085560;UIC;7085560
TN7085560;WIKIDATA;Q2568587
TN7085610;CRS;SAE
TN7085610;OSM;3715250502
TN7085610;UIC;7085610
TN7085610;WIKIDATA;Q3117450
TN7085640;CRS;BEY
TN7085640;OSM;3711563943
TN7085640;UIC;7085640
TN7085640;WIKIDATA;Q4886351
TN7085650;CRS;BUW
TN7085650;OSM;3711563944
TN7085650;UIC;7085650
TN7085650;WIKIDATA;Q2144142
TN7085670;CRS;GSY
TN7085670;OSM;3711563945
TN7085670;UIC;7085670
TN7085670;WIKIDATA;Q2407772
TN7085680;CRS;ILK
TN7085680;OSM;5063882254
TN7085680;UIC;7085680
TN7085680;WIKIDATA;Q2295224
TN7085740;CRS;MNN
TN7085740;OSM;3711563946
TN7085740;UIC;7085740
TN7085740;WIKIDATA;Q2092823
TN7085780;CRS;WDS
TN7085780;OSM;3070021776
TN7085780;UIC;7085780
TN7085780;WIKIDATA;Q2432424
TN7085830;CRS;FZW
TN7085830;OSM;254512348
TN7085830;UIC;7085830
TN7085830;WIKIDATA;Q2666065
TN7085840;CRS;WKK
TN7085840;OSM;5356649224
TN7085840;UIC;7085840
TN7085840;WIKIDATA;Q2279070
TN7085890;CRS;WAV
TN7085890;OSM;24825515
TN7085890;UIC;7085890
TN7085890;WIKIDATA;Q2969859
TN7085910;CRS;WKF
TN7085910;OSM;7156725056
TN7085910;UIC;7085910
TN7085910;WIKIDATA;Q3907323
TN7086000;CRS;AAT
TN7086000;OSM;7195743781
TN7086000;UIC;7000028
TN7086000;UIC;7086000
TN7086000;WIKIDATA;Q3404222
TN7086010;CRS;ACN
TN7086010;OSM;26486454
TN7086010;UIC;7000023
TN7086010;UIC;7086010
TN7086010;WIKIDATA;Q2148366
TN7086020;CRS;ACH
TN7086020;OSM;7195735365
TN7086020;UIC;7000029
TN7086020;UIC;7086020
TN7086020;WIKIDATA;Q2530277
TN7086050;CRS;ASS
TN7086050;OSM;26480789
TN7086050;UIC;7086050
TN7086050;WIKIDATA;Q2635560
TN7086060;CRS;ABC
TN7086060;OSM;25254705
TN7086060;UIC;7086060
TN7086060;WIKIDATA;Q3094412
TN7086080;CRS;ATT
TN7086080;OSM;7188033651
TN7086080;UIC;7000034
TN7086080;UIC;7086080
TN7086080;WIKIDATA;Q2225746
TN7086100;CRS;AVM
TN7086100;OSM;6768829608
TN7086100;UIC;7086100
TN7086100;WIKIDATA;Q2482607
TN7086130;CRS;ARD
TN7086130;OSM;26482578
TN7086130;UIC;7086130
TN7086130;WIKIDATA;Q3400257
TN7086140;CRS;INH
TN7086140;OSM;7195699512
TN7086140;UIC;7086140
TN7086140;WIKIDATA;Q3404238
TN7086180;CRS;BRA
TN7086180;OSM;26484123
TN7086180;UIC;7086180
TN7086180;WIKIDATA;Q3362239
TN7086210;CRS;CAG
TN7086210;OSM;26509704
TN7086210;UIC;7086210
TN7086210;WIKIDATA;Q2483623
TN7086250;CRS;CUA
TN7086250;OSM;7195733793
TN7086250;UIC;7086250
TN7086250;WIKIDATA;Q2586105
TN7086280;CRS;DLW
TN7086280;OSM;6768779398
TN7086280;UIC;7086280
TN7086280;WIKIDATA;Q2075328
TN7086320;CRS;DIN
TN7086320;OSM;26479890
TN7086320;UIC;7086320
TN7086320;WIKIDATA;Q2290669
TN7086340;CRS;RSN
TN7086340;OSM;9677821936
TN7086340;UIC;7086340
TN7086340;WIKIDATA;Q7316189
TN7086370;CRS;FRN
TN7086370;OSM;26482155
TN7086370;UIC;7086370
TN7086370;WIKIDATA;Q2243538
TN7086380;CRS;FOR
TN7086380;OSM;5167529782
TN7086380;UIC;7086380
TN7086380;WIKIDATA;Q1887536
TN7086390;CRS;FRS
TN7086390;OSM;27004435
TN7086390;UIC;7086390
TN7086390;WIKIDATA;Q2136732
TN7086400;CRS;GVE
TN7086400;OSM;26485630
TN7086400;UIC;7086400
TN7086400;WIKIDATA;Q3260754
TN7086410;CRS;GGJ
TN7086410;OSM;25254477
TN7086410;UIC;7086410
TN7086410;WIKIDATA;Q2560752
TN7086420;CRS;DNO
TN7086420;OSM;26483622
TN7086420;UIC;7086420
TN7086420;WIKIDATA;Q2541637
TN7086430;CRS;GOL
TN7086430;OSM;26483619
TN7086430;UIC;7086430
TN7086430;WIKIDATA;Q2107999
TN7086470;CRS;HMS
TN7086470;OSM;26484424
TN7086470;UIC;7086470
TN7086470;WIKIDATA;Q2412149
TN7086480;CRS;IGD
TN7086480;OSM;26481506
TN7086480;UIC;7086480
TN7086480;WIKIDATA;Q605581
TN7086490;CRS;INV
TN7086490;OSM;21301584
TN7086490;UIC;7086490
TN7086490;WIKIDATA;Q800959
TN7086520;CRS;KIL
TN7086520;OSM;7195733644
TN7086520;UIC;7086520
TN7086520;WIKIDATA;Q2067305
TN7086530;CRS;KBC
TN7086530;OSM;7187975743
TN7086530;UIC;7086530
TN7086530;WIKIDATA;Q2569346
TN7086550;CRS;KIN
TN7086550;OSM;3726214974
TN7086550;UIC;7086550
TN7086550;WIKIDATA;Q3997450
TN7086570;CRS;KYL
TN7086570;OSM;26494598
TN7086570;UIC;7086570
TN7086570;WIKIDATA;Q2468479
TN7086580;CRS;LRG
TN7086580;OSM;26483108
TN7086580;UIC;7086580
TN7086580;WIKIDATA;Q2223691
TN7086600;CRS;LCC
TN7086600;OSM;7195733645
TN7086600;UIC;7086600
TN7086600;WIKIDATA;Q6665145
TN7086650;CRS;MOO
TN7086650;OSM;26479544
TN7086650;UIC;7086650
TN7086650;WIKIDATA;Q2201073
TN7086660;CRS;NRN
TN7086660;OSM;6081007119
TN7086660;UIC;7086660
TN7086660;WIKIDATA;Q2755243
TN7086680;CRS;NWR
TN7086680;OSM;7209270260
TN7086680;UIC;7086680
TN7086680;WIKIDATA;Q3997286
TN7086700;CRS;PLK
TN7086700;OSM;26493469
TN7086700;UIC;7086700
TN7086700;WIKIDATA;Q2226574
TN7086710;CRS;ROG
TN7086710;OSM;7195738598
TN7086710;UIC;7086710
TN7086710;WIKIDATA;Q2042614
TN7086720;CRS;SCT
TN7086720;OSM;7195735169
TN7086720;UIC;7086720
TN7086720;WIKIDATA;Q2321098
TN7086730;CRS;STC
TN7086730;OSM;8444432917
TN7086730;UIC;7086730
TN7086730;WIKIDATA;Q1909339
TN7086740;CRS;STF
TN7086740;OSM;26489050
TN7086740;UIC;7086740
TN7086740;WIKIDATA;Q2166100
TN7086760;CRS;TAI
TN7086760;OSM;26482233
TN7086760;UIC;7086760
TN7086760;WIKIDATA;Q2498057
TN7086770;CRS;THS
TN7086770;OSM;25254573
TN7086770;UIC;7086770
TN7086770;WIKIDATA;Q2551015
TN7086801;CRS;WCK
TN7086801;OSM;25254319
TN7086801;UIC;7086801
TN7086801;WIKIDATA;Q2784062
TN7086810;CRS;DRN
TN7086810;OSM;7197380571
TN7086810;UIC;7086810
TN7086810;WIKIDATA;Q2655019
TN7086820;CRS;DCG
TN7086820;OSM;7188030514
TN7086820;UIC;7086820
TN7086820;WIKIDATA;Q1853306
TN7086830;CRS;FEG
TN7086830;OSM;1819791492
TN7086830;UIC;7086830
TN7086830;WIKIDATA;Q5442459
TN7087080;CRS;CON
TN7087080;OSM;7197486220
TN7087080;UIC;7087080
TN7087080;WIKIDATA;Q1984827
TN7087110;CRS;DAL
TN7087110;OSM;3280375234
TN7087110;UIC;7087110
TN7087110;WIKIDATA;Q2316273
TN7087120;CRS;LHA
TN7087120;OSM;7197531029
TN7087120;UIC;7087120
TN7087120;WIKIDATA;Q2134781
TN7087130;CRS;DBL
TN7087130;OSM;59743257
TN7087130;UIC;7087130
TN7087130;WIKIDATA;Q2319601
TN7087150;CRS;GLE
TN7087150;OSM;254349504
TN7087150;UIC;7087150
TN7087150;WIKIDATA;Q2201588
TN7087200;CRS;HWI
TN7087200;OSM;6212935276
TN7087200;UIC;7087200
TN7087200;WIKIDATA;Q2707094
TN7087250;CRS;OBN
TN7087250;OSM;6749038720
TN7087250;UIC;7087250
TN7087250;WIKIDATA;Q3404245
TN7087260;CRS;FOC
TN7087260;OSM;7197531031
TN7087260;UIC;7087260
TN7087260;WIKIDATA;Q5432514
TN7087270;CRS;TAY
TN7087270;OSM;6749038715
TN7087270;UIC;7087270
TN7087270;WIKIDATA;Q2249938
TN7087280;CRS;TYL
TN7087280;OSM;7197486218
TN7087280;UIC;7087280
TN7087280;WIKIDATA;Q1991054
TN7087500;CRS;BLA
TN7087500;OSM;6768769947
TN7087500;UIC;7087500
TN7087500;WIKIDATA;Q2689427
TN7087630;CRS;DKD
TN7087630;OSM;6768774851
TN7087630;UIC;7087630
TN7087630;WIKIDATA;Q2316920
TN7087780;CRS;ING
TN7087780;OSM;254351205
TN7087780;UIC;7087780
TN7087780;WIKIDATA;Q2442906
TN7088010;CRS;PIT
TN7088010;OSM;6768796291
TN7088010;UIC;7088010
TN7088010;WIKIDATA;Q2215314
TN7088050;CRS;PTH
TN7088050;OSM;6960414984
TN7088050;UIC;7088050
TN7088050;WIKIDATA;Q302555
TN7088070;CRS;BSU
TN7088070;OSM;5240090773
TN7088070;UIC;7088070
TN7088070;WIKIDATA;Q2320157
TN7088080;CRS;NEW
TN7088080;OSM;21568010
TN7088080;UIC;7088080
TN7088080;WIKIDATA;Q2669021
TN7088210;CRS;ARG
TN7088210;OSM;7197531030
TN7088210;UIC;7088210
TN7088210;WIKIDATA;Q1819152
TN7088220;CRS;BSL
TN7088220;OSM;7209299488
TN7088220;UIC;7088220
TN7088220;WIKIDATA;Q2524645
TN7088230;CRS;BRO
TN7088230;OSM;6750131461
TN7088230;UIC;7088230
TN7088230;WIKIDATA;Q2005664
TN7088240;CRS;CPA
TN7088240;OSM;7197486219
TN7088240;UIC;7088240
TN7088240;WIKIDATA;Q2534881
TN7088250;CRS;CRR
TN7088250;OSM;6750131460
TN7088250;UIC;7088250
TN7088250;WIKIDATA;Q1900452
TN7088260;CRS;CNR
TN7088260;OSM;6749038713
TN7088260;UIC;7088260
TN7088260;WIKIDATA;Q747677
TN7088270;CRS;FTW
TN7088270;OSM;26530357
TN7088270;UIC;7088270
TN7088270;WIKIDATA;Q2264654
TN7088280;CRS;GLF
TN7088280;OSM;6746638804
TN7088280;UIC;7088280
TN7088280;WIKIDATA;Q2508592
TN7088290;CRS;LCL
TN7088290;OSM;26543523
TN7088290;UIC;7088290
TN7088290;WIKIDATA;Q1871932
TN7088300;CRS;LCS
TN7088300;OSM;26555628
TN7088300;UIC;7088300
TN7088300;WIKIDATA;Q2488475
TN7088310;CRS;MLG
TN7088310;OSM;7149927234
TN7088310;UIC;7088310
TN7088310;WIKIDATA;Q3967326
TN7088330;CRS;MRR
TN7088330;OSM;7149921984
TN7088330;UIC;7088330
TN7088330;WIKIDATA;Q6909276
TN7088340;CRS;RAN
TN7088340;OSM;4934159784
TN7088340;UIC;7088340
TN7088340;WIKIDATA;Q2586687
TN7088350;CRS;RYB
TN7088350;OSM;7197562014
TN7088350;UIC;7088350
TN7088350;WIKIDATA;Q2438365
TN7088360;CRS;SBR
TN7088360;OSM;27034858
TN7088360;UIC;7088360
TN7088360;WIKIDATA;Q2696739
TN7088370;CRS;TUL
TN7088370;OSM;4297364009
TN7088370;UIC;7088370
TN7088370;WIKIDATA;Q2684706
TN7088380;CRS;UTY
TN7088380;OSM;6749417266
TN7088380;UIC;7088380
TN7088380;WIKIDATA;Q2550770
TN7088390;CRS;BNV
TN7088390;OSM;26530416
TN7088390;UIC;7088390
TN7088390;WIKIDATA;Q1839037
TN7088460;CRS;LHE
TN7088460;OSM;26559752
TN7088460;UIC;7088460
TN7088460;WIKIDATA;Q2065104
TN7088600;CRS;PLN
TN7088600;OSM;3197009928
TN7088600;UIC;7088600
TN7088600;WIKIDATA;Q3400311
TN7088750;CRS;WBP
TN7088750;OSM;5182384969
TN7088750;UIC;7088750
TN7088750;WIKIDATA;Q801595
TN7088770;CRS;BEL
TN7088770;OSM;21302317
TN7088770;UIC;7088770
TN7088770;WIKIDATA;Q2190506
TN7089050;CRS;DYC
TN7089050;OSM;21499747
TN7089050;UIC;7089050
TN7089050;WIKIDATA;Q2647470
TN7089210;CRS;HNT
TN7089210;OSM;21532918
TN7089210;UIC;7089210
TN7089210;WIKIDATA;Q2432464
TN7089220;CRS;INS
TN7089220;OSM;21532915
TN7089220;UIC;7089220
TN7089220;WIKIDATA;Q2023520
TN7089240;CRS;INR
TN7089240;OSM;21531324
TN7089240;UIC;7089240
TN7089240;WIKIDATA;Q2171269
TN7089250;CRS;KEH
TN7089250;OSM;21532919
TN7089250;UIC;7089250
TN7089250;WIKIDATA;Q1961219
TN7089313;CRS;LAU
TN7089313;OSM;3196927064
TN7089313;UIC;7089313
TN7089313;WIKIDATA;Q6500951
TN7089640;CRS;STN
TN7089640;OSM;7209363760
TN7089640;UIC;7089640
TN7089640;WIKIDATA;Q3526618
TN7089760;CRS;ABD
TN7089760;OSM;7149963979
TN7089760;UIC;7089760
TN7089760;WIKIDATA;Q2665551
TN7089770;CRS;ELG
TN7089770;OSM;26513869
TN7089770;UIC;7089770
TN7089770;WIKIDATA;Q2396399
TN7090130;CRS;BSI
TN7090130;OSM;3196787310
TN7090130;UIC;7090130
TN7090130;WIKIDATA;Q2944519
TN7090200;CRS;BYL
TN7090200;OSM;3196787311
TN7090200;UIC;7090200
TN7090200;WIKIDATA;Q743618
TN7090230;CRS;BYF
TN7090230;OSM;3196787312
TN7090230;UIC;7090230
TN7090230;WIKIDATA;Q2765820
TN7090280;CRS;CAN
TN7090280;OSM;7183114246
TN7090280;UIC;7090280
TN7090280;WIKIDATA;Q2079866
TN7090390;CRS;DEE
TN7090390;OSM;3648408660
TN7090390;UIC;7090390
TN7090390;WIKIDATA;Q3096420
TN7090600;CRS;MON
TN7090600;OSM;3196787315
TN7090600;UIC;7090600
TN7090600;WIKIDATA;Q2425536
TN7090790;CRS;ARB
TN7090790;OSM;7209359518
TN7090790;UIC;7090790
TN7090790;WIKIDATA;Q2641966
TN7090800;CRS;MTS
TN7090800;OSM;7197531028
TN7090800;UIC;7090800
TN7090800;WIKIDATA;Q3405417
TN7090900;CRS;AUR
TN7090900;OSM;26403582
TN7090900;UIC;7000018
TN7090900;UIC;7090900
TN7090900;WIKIDATA;Q3177311
TN7090910;CRS;DGS
TN7090910;UIC;7090910
TN7090960;CRS;GOF
TN7090960;OSM;7209380294
TN7090960;UIC;7090960
TN7090960;WIKIDATA;Q2138920
TN7091070;CRS;BTS
TN7091070;OSM;26403893
TN7091070;UIC;7091070
TN7091070;WIKIDATA;Q2099320
TN7091120;CRS;CDD
TN7091120;OSM;26404849
TN7091120;UIC;7091120
TN7091120;WIKIDATA;Q2044752
TN7091210;CRS;CUP
TN7091210;OSM;21517294
TN7091210;UIC;7091210
TN7091210;WIKIDATA;Q1879607
TN7091350;CRS;DAG
TN7091350;OSM;26403512
TN7091350;UIC;7091350
TN7091350;WIKIDATA;Q2198824
TN7091360;CRS;INK
TN7091360;OSM;7209365297
TN7091360;UIC;7091360
TN7091360;WIKIDATA;Q3135635
TN7091420;CRS;KGH
TN7091420;OSM;26403993
TN7091420;UIC;7091420
TN7091420;WIKIDATA;Q1985428
TN7091450;CRS;KDY
TN7091450;OSM;7183114247
TN7091450;UIC;7091450
TN7091450;WIKIDATA;Q2070358
TN7091490;CRS;LDY
TN7091490;OSM;21517380
TN7091490;UIC;7091490
TN7091490;WIKIDATA;Q980212
TN7091560;CRS;LCG
TN7091560;OSM;26404870
TN7091560;UIC;7091560
TN7091560;WIKIDATA;Q5145648
TN7091600;CRS;MNC
TN7091600;OSM;3182697216
TN7091600;UIC;7091600
TN7091600;WIKIDATA;Q2572429
TN7091750;CRS;SPF
TN7091750;OSM;21517341
TN7091750;UIC;7091750
TN7091750;WIKIDATA;Q2254054
TN7091850;CRS;COW
TN7091850;OSM;26405270
TN7091850;UIC;7091850
TN7091850;WIKIDATA;Q2677829
TN7091860;CRS;DFE
TN7091860;UIC;7091860
TN7091870;CRS;DFL
TN7091870;OSM;26405295
TN7091870;UIC;7091870
TN7091870;WIKIDATA;Q2675988
TN7091880;CRS;LEU
TN7091880;OSM;21511529
TN7091880;UIC;7091880
TN7091880;WIKIDATA;Q2653290
TN7091890;CRS;NQU
TN7091890;OSM;3182697217
TN7091890;UIC;7091890
TN7091890;WIKIDATA;Q2109115
TN7091900;CRS;ROS
TN7091900;OSM;26405516
TN7091900;UIC;7091900
TN7091900;WIKIDATA;Q2218049
TN7092170;CRS;KGE
TN7092170;OSM;4305266448
TN7092170;UIC;7092170
TN7092170;WIKIDATA;Q1819668
TN7092180;CRS;CUH
TN7092180;OSM;2958271254
TN7092180;UIC;7092180
TN7092180;WIKIDATA;Q2495359
TN7092280;CRS;PIR
TN7092280;OSM;1494749297
TN7092280;UIC;7092280
TN7092280;WIKIDATA;Q117075248
TN7092300;CRS;KKN
TN7092300;OSM;3727341273
TN7092300;UIC;7092300
TN7092300;WIKIDATA;Q2475701
TN7092310;CRS;WTA
TN7092310;OSM;4305266451
TN7092310;UIC;7092310
TN7092310;WIKIDATA;Q2334628
TN7092340;CRS;NOP
TN7092340;OSM;12517647184
TN7092340;UIC;7092340
TN7092340;WIKIDATA;Q7059817
TN7092350;CRS;SEJ
TN7092350;OSM;210801667
TN7092350;UIC;7092350
TN7092350;WIKIDATA;Q28970501
TN7092360;CRS;SLA
TN7092360;OSM;4305266450
TN7092360;UIC;7092360
TN7092360;WIKIDATA;Q2027629
TN7092380;CRS;OKI
TN7092380;OSM;13431454654
TN7092380;UIC;7092380
TN7092450;CRS;FLD
TN7092450;OSM;30745986
TN7092450;UIC;7092450
TN7092450;WIKIDATA;Q1998846
TN7092460;CRS;HTW
TN7092460;OSM;3727609006
TN7092460;UIC;7092460
TN7092460;WIKIDATA;Q2417054
TN7092500;CRS;WCL
TN7092500;OSM;2958369107
TN7092500;UIC;7092500
TN7092500;WIKIDATA;Q3246677
TN7092510;CRS;BRC
TN7092510;OSM;30746072
TN7092510;UIC;7092510
TN7092510;WIKIDATA;Q2506070
TN7093010;CRS;GLT
TN7093010;OSM;26404123
TN7093010;UIC;7093010
TN7093010;WIKIDATA;Q1971591
TN7093040;CRS;MUB
TN7093040;OSM;7209253488
TN7093040;UIC;7093040
TN7093040;WIKIDATA;Q2686048
TN7093100;CRS;ADW
TN7093100;OSM;30745503
TN7093100;UIC;7093100
TN7093100;WIKIDATA;Q2135613
TN7093110;CRS;BHG
TN7093110;OSM;7209309360
TN7093110;UIC;7093110
TN7093110;WIKIDATA;Q4869021
TN7093170;CRS;DRM
TN7093170;OSM;20695221
TN7093170;UIC;7093170
TN7093170;WIKIDATA;Q2164645
TN7093180;CRS;SGL
TN7093180;OSM;27453533
TN7093180;UIC;7093180
TN7093180;WIKIDATA;Q1825568
TN7093280;CRS;EDB
TN7093280;OSM;7149998196
TN7093280;UIC;7093280
TN7093280;WIKIDATA;Q800716
TN7093540;CRS;LND
TN7093540;OSM;20695192
TN7093540;UIC;7093540
TN7093540;WIKIDATA;Q2182720
TN7093580;CRS;NBW
TN7093580;OSM;7209313407
TN7093580;UIC;7093580
TN7093580;WIKIDATA;Q2192212
TN7093650;CRS;WAF
TN7093650;OSM;20695159
TN7093650;UIC;7093650
TN7093650;WIKIDATA;Q2880755
TN7093660;CRS;PST
TN7093660;OSM;7209211336
TN7093660;UIC;7093660
TN7093660;WIKIDATA;Q2076386
TN7093710;CRS;LSN
TN7093710;OSM;7209241888
TN7093710;UIC;7093710
TN7093710;WIKIDATA;Q2214356
TN7093720;CRS;LVG
TN7093720;OSM;244116428
TN7093720;UIC;7093720
TN7093720;WIKIDATA;Q4451346
TN7093730;CRS;UHA
TN7093730;OSM;7209253175
TN7093730;UIC;7093730
TN7093730;WIKIDATA;Q2337335
TN7093950;CRS;EDP
TN7093950;OSM;21559341
TN7093950;UIC;7093950
TN7093950;WIKIDATA;Q5008328
TN7093970;CRS;DUN
TN7093970;OSM;20695347
TN7093970;UIC;7093970
TN7093970;WIKIDATA;Q5257092
TN7094150;CRS;DAM
TN7094150;OSM;3182697213
TN7094150;UIC;7094150
TN7094150;WIKIDATA;Q5211557
TN7094190;CRS;HYM
TN7094190;OSM;6451802275
TN7094190;UIC;7094190
TN7094190;WIKIDATA;Q800709
TN7094240;CRS;SSA
TN7094240;UIC;7094240
TN7094380;CRS;LIN
TN7094380;OSM;26517083
TN7094380;UIC;7094380
TN7094380;WIKIDATA;Q3244484
TN7094510;CRS;ANN
TN7094510;OSM;26747495
TN7094510;UIC;7094510
TN7094510;WIKIDATA;Q4767915
TN7094520;CRS;FRL
TN7094520;OSM;30616252
TN7094520;UIC;7094520
TN7094520;WIKIDATA;Q1902162
TN7094530;CRS;ADS
TN7094530;OSM;30615844
TN7094530;UIC;7094530
TN7094530;WIKIDATA;Q2420789
TN7094550;CRS;ADN
TN7094550;OSM;30615839
TN7094550;UIC;7094550
TN7094550;WIKIDATA;Q2166354
TN7094570;CRS;AUK
TN7094570;OSM;26768502
TN7094570;UIC;7094570
TN7094570;WIKIDATA;Q2129004
TN7094630;CRS;AYR
TN7094630;OSM;11016135855
TN7094630;UIC;7094630
TN7094630;WIKIDATA;Q2633154
TN7094660;CRS;BSS
TN7094660;OSM;11015773274
TN7094660;UIC;7094660
TN7094660;WIKIDATA;Q2023730
TN7094670;CRS;BRL
TN7094670;OSM;30670482
TN7094670;UIC;7094670
TN7094670;WIKIDATA;Q2845001
TN7094830;CRS;DLY
TN7094830;OSM;30565774
TN7094830;UIC;7094830
TN7094830;WIKIDATA;Q2419872
TN7094900;CRS;DMF
TN7094900;OSM;26755092
TN7094900;UIC;7094900
TN7094900;WIKIDATA;Q597956
TN7094920;CRS;DNL
TN7094920;OSM;30670181
TN7094920;UIC;7094920
TN7094920;WIKIDATA;Q523713
TN7095010;CRS;GIR
TN7095010;OSM;30670391
TN7095010;UIC;7095010
TN7095010;WIKIDATA;Q4284591
TN7095030;CRS;GLG
TN7095030;OSM;30565773
TN7095030;UIC;7095030
TN7095030;WIKIDATA;Q2157398
TN7095060;CRS;CEN
TN7095060;UIC;7095060
TN7095080;CRS;IRV
TN7095080;OSM;30614977
TN7095080;UIC;7095080
TN7095080;WIKIDATA;Q3405347
TN7095120;CRS;KMK
TN7095120;OSM;26778986
TN7095120;UIC;7095120
TN7095120;WIKIDATA;Q2191486
TN7095160;CRS;KLM
TN7095160;OSM;30670208
TN7095160;UIC;7095160
TN7095160;WIKIDATA;Q1849147
TN7095170;CRS;KWN
TN7095170;OSM;2987567860
TN7095170;UIC;7095170
TN7095170;WIKIDATA;Q2439622
TN7095180;CRS;KRK
TN7095180;OSM;26767786
TN7095180;UIC;7095180
TN7095180;WIKIDATA;Q2042130
TN7095210;CRS;LAR
TN7095210;OSM;30616264
TN7095210;UIC;7095210
TN7095210;WIKIDATA;Q1840382
TN7095290;CRS;MAY
TN7095290;OSM;30670387
TN7095290;UIC;7095290
TN7095290;WIKIDATA;Q1926869
TN7095330;CRS;NCK
TN7095330;OSM;26768266
TN7095330;UIC;7095330
TN7095330;WIKIDATA;Q2538289
TN7095420;CRS;DOG
TN7095420;UIC;7095420
TN7095430;CRS;PTW
TN7095430;OSM;593978905
TN7095430;UIC;7095430
TN7095430;WIKIDATA;Q1923972
TN7095440;CRS;PRA
TN7095440;OSM;277572107
TN7095440;UIC;7095440
TN7095440;WIKIDATA;Q2188909
TN7095470;CRS;SLT
TN7095470;OSM;1800902628
TN7095470;UIC;7095470
TN7095470;WIKIDATA;Q2903471
TN7095480;CRS;WRD
TN7095480;OSM;3814734850
TN7095480;UIC;7095480
TN7095480;WIKIDATA;Q7968068
TN7095490;CRS;SQH
TN7095490;OSM;26767310
TN7095490;UIC;7095490
TN7095490;WIKIDATA;Q736849
TN7095510;CRS;IFR
TN7095510;OSM;4492377630
TN7095510;UIC;7095510
TN7095510;WIKIDATA;Q5997749
TN7095520;CRS;SDM
TN7095520;OSM;3737502162
TN7095520;UIC;7095520
TN7095520;WIKIDATA;Q3439804
TN7095530;CRS;STV
TN7095530;OSM;30615536
TN7095530;UIC;7095530
TN7095530;WIKIDATA;Q3207367
TN7095540;CRS;STT
TN7095540;OSM;30670196
TN7095540;UIC;7095540
TN7095540;WIKIDATA;Q2674920
TN7095550;CRS;STR
TN7095550;OSM;30670603
TN7095550;UIC;7095550
TN7095550;WIKIDATA;Q3282831
TN7095600;CRS;WEJ
TN7095600;OSM;4492377647
TN7095600;UIC;7095600
TN7095600;WIKIDATA;Q7985584
TN7095610;CRS;JES
TN7095610;OSM;4492377631
TN7095610;UIC;7095610
TN7095610;WIKIDATA;Q12060867
TN7095620;CRS;TRN
TN7095620;OSM;26778829
TN7095620;UIC;7095620
TN7095620;WIKIDATA;Q2063531
TN7095630;CRS;HMA
TN7095630;OSM;4492377627
TN7095630;UIC;7095630
TN7095630;WIKIDATA;Q5686995
TN7095640;CRS;WKB
TN7095640;OSM;30616232
TN7095640;UIC;7095640
TN7095640;WIKIDATA;Q7985626
TN7095650;CRS;MMS
TN7095650;UIC;7095650
TN7095660;CRS;GAT
TN7095660;OSM;4523836161
TN7095660;UIC;7095660
TN7095660;WIKIDATA;Q5527160
TN7095670;CRS;GAS
TN7095670;OSM;4492377626
TN7095670;UIC;7095670
TN7095670;WIKIDATA;Q5527162
TN7095680;CRS;FLG
TN7095680;OSM;4492377625
TN7095680;UIC;7095680
TN7095680;WIKIDATA;Q5442471
TN7095690;CRS;ASB
TN7095690;OSM;30615673
TN7095690;UIC;7095690
TN7095690;WIKIDATA;Q2234490
TN7095700;CRS;MNH
TN7095700;UIC;7095700
TN7095710;CRS;NOA
TN7095710;OSM;703342188
TN7095710;UIC;7095710
TN7095710;WIKIDATA;Q2009461
TN7095730;CRS;KDM
TN7095730;UIC;7095730
TN7095861;CRS;IMW
TN7095861;OSM;3749159483
TN7095861;UIC;7095861
TN7095861;WIKIDATA;Q800954
TN7095871;CRS;SPB
TN7095871;UIC;7095871
TN7096080;CRS;MUI
TN7096080;OSM;7147294461
TN7096080;UIC;7096080
TN7096080;WIKIDATA;Q2477580
TN7096090;CRS;NIT
TN7096090;OSM;30619281
TN7096090;UIC;7096090
TN7096090;WIKIDATA;Q3012358
TN7096100;CRS;GEA
TN7096100;OSM;26747371
TN7096100;UIC;7096100
TN7096100;WIKIDATA;Q1881671
TN7096140;CRS;LOC
TN7096140;OSM;6451802277
TN7096140;UIC;7096140
TN7096140;WIKIDATA;Q2792708
TN7096200;CRS;BPT
TN7096200;OSM;22265358
TN7096200;UIC;7096200
TN7096200;WIKIDATA;Q3076007
TN7096220;CRS;DUM
TN7096220;OSM;30671368
TN7096220;UIC;7096220
TN7096220;WIKIDATA;Q2783418
TN7096230;CRS;PLW
TN7096230;OSM;29108492
TN7096230;UIC;7096230
TN7096230;WIKIDATA;Q4697612
TN7096240;CRS;CDO
TN7096240;OSM;22256341
TN7096240;UIC;7096240
TN7096240;WIKIDATA;Q2162235
TN7096270;CRS;CKH
TN7096270;OSM;30004722
TN7096270;UIC;7096270
TN7096270;WIKIDATA;Q2408971
TN7096280;CRS;CKT
TN7096280;OSM;29152311
TN7096280;UIC;7096280
TN7096280;WIKIDATA;Q1973110
TN7096300;CRS;HLW
TN7096300;OSM;27423935
TN7096300;UIC;7096300
TN7096300;WIKIDATA;Q2511692
TN7096320;CRS;MPK
TN7096320;OSM;30004721
TN7096320;UIC;7096320
TN7096320;WIKIDATA;Q1941822
TN7096340;CRS;HKH
TN7096340;OSM;29264486
TN7096340;UIC;7096340
TN7096340;WIKIDATA;Q2659628
TN7096350;CRS;GRK
TN7096350;OSM;1304152167
TN7096350;UIC;7096350
TN7096350;WIKIDATA;Q1831055
TN7096390;CRS;WDL
TN7096390;OSM;27418573
TN7096390;UIC;7096390
TN7096390;WIKIDATA;Q2308844
TN7096460;CRS;INP
TN7096460;OSM;30733555
TN7096460;UIC;7096460
TN7096460;WIKIDATA;Q3934383
TN7096480;CRS;JHN
TN7096480;OSM;30565719
TN7096480;UIC;7096480
TN7096480;WIKIDATA;Q2608940
TN7096520;CRS;LGB
TN7096520;OSM;27418574
TN7096520;UIC;7096520
TN7096520;WIKIDATA;Q1818441
TN7096550;CRS;LHW
TN7096550;OSM;27004683
TN7096550;UIC;7096550
TN7096550;WIKIDATA;Q2689659
TN7096570;CRS;PCN
TN7096570;OSM;27482876
TN7096570;UIC;7096570
TN7096570;WIKIDATA;Q2454734
TN7096580;CRS;MIN
TN7096580;OSM;2984303419
TN7096580;UIC;7096580
TN7096580;WIKIDATA;Q2919624
TN7096640;CRS;PYJ
TN7096640;OSM;27423742
TN7096640;UIC;7096640
TN7096640;WIKIDATA;Q2579633
TN7096650;CRS;WNL
TN7096650;OSM;28341300
TN7096650;UIC;7096650
TN7096650;WIKIDATA;Q2492489
TN7096670;CRS;PTG
TN7096670;OSM;22256241
TN7096670;UIC;7096670
TN7096670;WIKIDATA;Q2749824
TN7096680;CRS;BGS
TN7096680;OSM;27418572
TN7096680;UIC;7096680
TN7096680;WIKIDATA;Q607173
TN7096730;CRS;WMS
TN7096730;OSM;30733566
TN7096730;UIC;7096730
TN7096730;WIKIDATA;Q2120161
TN7096740;CRS;BRR
TN7096740;OSM;10189109401
TN7096740;UIC;7096740
TN7096740;WIKIDATA;Q1808222
TN7096750;CRS;FTM
TN7096750;OSM;31248198
TN7096750;UIC;7096750
TN7096750;WIKIDATA;Q5471606
TN7096760;CRS;HLE
TN7096760;OSM;27423937
TN7096760;UIC;7096760
TN7096760;WIKIDATA;Q2748339
TN7096800;CRS;CDY
TN7096800;OSM;27418571
TN7096800;UIC;7096800
TN7096800;WIKIDATA;Q2466928
TN7096810;CRS;GKC
TN7096810;OSM;28341200
TN7096810;UIC;7096810
TN7096810;WIKIDATA;Q545693
TN7096820;CRS;GKW
TN7096820;OSM;30733446
TN7096820;UIC;7096820
TN7096820;WIKIDATA;Q2914329
TN7096830;CRS;PYG
TN7096830;OSM;22256316
TN7096830;UIC;7096830
TN7096830;WIKIDATA;Q2549824
TN7096910;CRS;MTH
TN7096910;OSM;3716453786
TN7096910;UIC;7096910
TN7096910;WIKIDATA;Q2161315
TN7096940;CRS;WSH
TN7096940;OSM;30557825
TN7096940;UIC;7096940
TN7096940;WIKIDATA;Q1998970
TN7096950;CRS;AIR
TN7096950;OSM;30562471
TN7096950;UIC;7096950
TN7096950;WIKIDATA;Q3404263
TN7096991;CRS;LWM
TN7096991;OSM;244325805
TN7096991;UIC;7096991
TN7096991;WIKIDATA;Q2425684
TN7097020;CRS;CLU
TN7097020;OSM;10288496
TN7097020;UIC;7097020
TN7097020;WIKIDATA;Q1961509
TN7097040;CRS;CRS
TN7097040;OSM;3749263908
TN7097040;UIC;7097040
TN7097040;WIKIDATA;Q657363
TN7097050;CRS;MEY
TN7097050;OSM;2977094544
TN7097050;UIC;7097050
TN7097050;WIKIDATA;Q2050287
TN7097070;CRS;CTE
TN7097070;OSM;240976280
TN7097070;UIC;7097070
TN7097070;WIKIDATA;Q1902589
TN7097091;CRS;LPY
TN7097091;OSM;7140201331
TN7097091;UIC;7097091
TN7097091;WIKIDATA;Q2653302
TN7097100;CRS;LNK
TN7097100;OSM;7172254590
TN7097100;UIC;7097100
TN7097100;WIKIDATA;Q3095663
TN7097140;CRS;BLH
TN7097140;OSM;2958494672
TN7097140;UIC;7097140
TN7097140;WIKIDATA;Q2349644
TN7097160;CRS;BLT
TN7097160;OSM;30562715
TN7097160;UIC;7097160
TN7097160;WIKIDATA;Q528532
TN7097180;CRS;CEA
TN7097180;OSM;2958410357
TN7097180;UIC;7097180
TN7097180;WIKIDATA;Q2163934
TN7097210;CRS;CUB
TN7097210;OSM;3727609004
TN7097210;UIC;7097210
TN7097210;WIKIDATA;Q2347472
TN7097230;CRS;GRH
TN7097230;OSM;7209241887
TN7097230;UIC;7097230
TN7097230;WIKIDATA;Q2770943
TN7097250;CRS;GRL
TN7097250;OSM;4293990193
TN7097250;UIC;7097250
TN7097250;WIKIDATA;Q4989890
TN7097260;CRS;HNC
TN7097260;OSM;3727609005
TN7097260;UIC;7097260
TN7097260;WIKIDATA;Q2672822
TN7097270;CRS;HNW
TN7097270;OSM;30562570
TN7097270;UIC;7097270
TN7097270;WIKIDATA;Q2722118
TN7097280;CRS;LRH
TN7097280;OSM;240976503
TN7097280;UIC;7097280
TN7097280;WIKIDATA;Q3241373
TN7097380;CRS;HLY
TN7097380;OSM;30744102
TN7097380;UIC;7097380
TN7097380;WIKIDATA;Q2159699
TN7097390;CRS;SHS
TN7097390;OSM;30744619
TN7097390;UIC;7097390
TN7097390;WIKIDATA;Q2256624
TN7097470;CRS;CBC
TN7097470;OSM;3739082342
TN7097470;UIC;7097470
TN7097470;WIKIDATA;Q2781887
TN7097520;CRS;CBS
TN7097520;OSM;3727609003
TN7097520;UIC;7097520
TN7097520;WIKIDATA;Q1964455
TN7097530;CRS;WFF
TN7097530;OSM;538514759
TN7097530;UIC;7097530
TN7097530;WIKIDATA;Q2565103
TN7097570;CRS;DRU
TN7097570;OSM;7209211338
TN7097570;UIC;7097570
TN7097570;WIKIDATA;Q5309156
TN7097590;CRS;ADR
TN7097590;OSM;4293914995
TN7097590;UIC;7097590
TN7097590;WIKIDATA;Q3404337
TN7097600;CRS;BAI
TN7097600;OSM;3727609001
TN7097600;UIC;7097600
TN7097600;WIKIDATA;Q517064
TN7097620;CRS;COA
TN7097620;OSM;7209246178
TN7097620;UIC;7097620
TN7097620;WIKIDATA;Q584977
TN7097630;CRS;BIO
TN7097630;OSM;30737102
TN7097630;UIC;7097630
TN7097630;WIKIDATA;Q1878833
TN7097640;CRS;BGI
TN7097640;OSM;30736994
TN7097640;UIC;7097640
TN7097640;WIKIDATA;Q1812187
TN7097660;CRS;KWD
TN7097660;OSM;150749619
TN7097660;UIC;7097660
TN7097660;WIKIDATA;Q2713470
TN7097670;CRS;BUI
TN7097670;OSM;30564102
TN7097670;UIC;7097670
TN7097670;WIKIDATA;Q5000163
TN7097680;CRS;CBL
TN7097680;OSM;30558629
TN7097680;UIC;7097680
TN7097680;WIKIDATA;Q2282954
TN7097690;CRS;CML
TN7097690;OSM;2979083135
TN7097690;UIC;7097690
TN7097690;WIKIDATA;Q2709507
TN7097710;CRS;KKH
TN7097710;OSM;10189182795
TN7097710;UIC;7097710
TN7097710;WIKIDATA;Q641964
TN7097730;CRS;NEI
TN7097730;OSM;29081540
TN7097730;UIC;7097730
TN7097730;WIKIDATA;Q2158891
TN7097740;CRS;NTN
TN7097740;OSM;10288558
TN7097740;UIC;7097740
TN7097740;WIKIDATA;Q2725598
TN7097750;CRS;PTT
TN7097750;OSM;29081468
TN7097750;UIC;7097750
TN7097750;WIKIDATA;Q2185506
TN7097760;CRS;UDD
TN7097760;OSM;30558472
TN7097760;UIC;7097760
TN7097760;WIKIDATA;Q2519439
TN7097770;CRS;WCR
TN7097770;OSM;168325631
TN7097770;UIC;7097770
TN7097770;WIKIDATA;Q2450424
TN7097780;CRS;CFF
TN7097780;OSM;30564107
TN7097780;UIC;7097780
TN7097780;WIKIDATA;Q5149191
TN7097790;CRS;MTV
TN7097790;OSM;30736985
TN7097790;UIC;7097790
TN7097790;WIKIDATA;Q4470479
TN7097810;CRS;WLM
TN7097810;OSM;29078146
TN7097810;UIC;7097810
TN7097810;WIKIDATA;Q1890117
TN7097870;CRS;RUT
TN7097870;OSM;254354507
TN7097870;UIC;7097870
TN7097870;WIKIDATA;Q950714
TN7097890;CRS;BDG
TN7097890;OSM;7149950857
TN7097890;UIC;7097890
TN7097890;WIKIDATA;Q1878623
TN7097900;CRS;DAK
TN7097900;OSM;1662148585
TN7097900;UIC;7097900
TN7097900;WIKIDATA;Q2174513
TN7097910;CRS;BUS
TN7097910;OSM;4016197294
TN7097910;UIC;7097910
TN7097910;WIKIDATA;Q2492034
TN7097920;CRS;CKS
TN7097920;OSM;5149769842
TN7097920;UIC;7097920
TN7097920;WIKIDATA;Q2869792
TN7097930;CRS;EKL
TN7097930;OSM;3979339627
TN7097930;UIC;7097930
TN7097930;WIKIDATA;Q2275211
TN7097940;CRS;GFN
TN7097940;OSM;28843455
TN7097940;UIC;7097940
TN7097940;WIKIDATA;Q2231362
TN7097950;CRS;CCT
TN7097950;OSM;29079310
TN7097950;UIC;7097950
TN7097950;WIKIDATA;Q2209530
TN7097960;CRS;CMY
TN7097960;OSM;28783707
TN7097960;UIC;7097960
TN7097960;WIKIDATA;Q3044898
TN7098020;CRS;MAX
TN7098020;OSM;29108487
TN7098020;UIC;7098020
TN7098020;WIKIDATA;Q2482069
TN7098040;CRS;PWW
TN7098040;OSM;3727609007
TN7098040;UIC;7098040
TN7098040;WIKIDATA;Q7225728
TN7098080;CRS;PTL
TN7098080;OSM;165098109
TN7098080;UIC;7098080
TN7098080;WIKIDATA;Q7242899
TN7098100;CRS;HMY
TN7098100;OSM;3979616711
TN7098100;UIC;7098100
TN7098100;WIKIDATA;Q2325828
TN7098120;CRS;THB
TN7098120;OSM;28843468
TN7098120;UIC;7098120
TN7098120;WIKIDATA;Q2004756
TN7098130;CRS;GLC
TN7098130;OSM;6099806145
TN7098130;UIC;7098130
TN7098130;WIKIDATA;Q800825
TN7098140;CRS;COI
TN7098140;OSM;30669981
TN7098140;UIC;7098140
TN7098140;WIKIDATA;Q3898599
TN7098160;CRS;KNS
TN7098160;OSM;30619273
TN7098160;UIC;7098160
TN7098160;WIKIDATA;Q2582678
TN7098170;CRS;KGP
TN7098170;OSM;30564108
TN7098170;UIC;7098170
TN7098170;WIKIDATA;Q2464694
TN7098180;CRS;LGS
TN7098180;OSM;30669973
TN7098180;UIC;7098180
TN7098180;WIKIDATA;Q1815565
TN7098190;CRS;MFL
TN7098190;OSM;29264597
TN7098190;UIC;7098190
TN7098190;WIKIDATA;Q2633187
TN7098200;CRS;PWE
TN7098200;OSM;30669961
TN7098200;UIC;7098200
TN7098200;WIKIDATA;Q2766367
TN7098210;CRS;PLE
TN7098210;OSM;507661386
TN7098210;UIC;7098210
TN7098210;WIKIDATA;Q2144734
TN7098220;CRS;QPK
TN7098220;UIC;7098220
TN7098230;CRS;SHL
TN7098230;OSM;28783722
TN7098230;UIC;7098230
TN7098230;WIKIDATA;Q2261019
TN7098250;CRS;THT
TN7098250;OSM;28843197
TN7098250;UIC;7098250
TN7098250;WIKIDATA;Q2144407
TN7098420;CRS;SPS
TN7098420;OSM;7209246552
TN7098420;UIC;7098420
TN7098420;WIKIDATA;Q2442114
TN7098450;CRS;HYN
TN7098450;OSM;4293930821
TN7098450;UIC;7098450
TN7098450;WIKIDATA;Q2616555
TN7098461;CRS;HWV
TN7098461;UIC;7098461
TN7098500;CRS;CBK
TN7098500;OSM;6013523212
TN7098500;UIC;7098500
TN7098500;WIKIDATA;Q16988214
TN7098550;CRS;CYK
TN7098550;OSM;4293930832
TN7098550;UIC;7098550
TN7098550;WIKIDATA;Q2616848
TN7098610;CRS;ALX
TN7098610;OSM;7197528337
TN7098610;UIC;7098610
TN7098610;WIKIDATA;Q2344225
TN7098620;CRS;BHC
TN7098620;UIC;7098620
TN7098640;CRS;DLR
TN7098640;OSM;4293905618
TN7098640;UIC;7098640
TN7098640;WIKIDATA;Q3054683
TN7098660;CRS;DBC
TN7098660;OSM;4293905615
TN7098660;UIC;7098660
TN7098660;WIKIDATA;Q2125422
TN7098670;CRS;RTN
TN7098670;OSM;7197538318
TN7098670;UIC;7098670
TN7098670;WIKIDATA;Q2231907
TN7098680;CRS;DBE
TN7098680;OSM;7616964594
TN7098680;UIC;7098680
TN7098680;WIKIDATA;Q2250265
TN7098760;CRS;LBT
TN7098760;OSM;7209211335
TN7098760;UIC;7098760
TN7098760;WIKIDATA;Q1967127
TN7098770;CRS;CRF
TN7098770;OSM;3727609002
TN7098770;UIC;7098770
TN7098770;WIKIDATA;Q2714703
TN7098780;CRS;CMO
TN7098780;OSM;7209310134
TN7098780;UIC;7098780
TN7098780;WIKIDATA;Q2364853
TN7098820;CRS;CEH
TN7098820;OSM;6644096982
TN7098820;UIC;7098820
TN7098820;WIKIDATA;Q5144669
TN7098830;CRS;ALO
TN7098830;OSM;3747563125
TN7098830;UIC;7098830
TN7098830;WIKIDATA;Q1956124
TN7098880;CRS;STG
TN7098880;OSM;4289876464
TN7098880;UIC;7098880
TN7098880;WIKIDATA;Q975320
TN7098890;CRS;BEA
TN7098890;OSM;7209264178
TN7098890;UIC;7098890
TN7098890;WIKIDATA;Q3007486
TN7098940;CRS;EST
TN7098940;OSM;3068279620
TN7098940;UIC;7098940
TN7098940;WIKIDATA;Q2177083
TN7098950;CRS;BLG
TN7098950;OSM;27424641
TN7098950;UIC;7098950
TN7098950;WIKIDATA;Q2224878
TN7098970;CRS;CAY
TN7098970;OSM;7198943824
TN7098970;UIC;7098970
TN7098970;WIKIDATA;Q2981348
TN7099022;CRS;CKY
TN7099022;OSM;9448626339
TN7099022;UIC;7099022
TN7099022;WIKIDATA;Q5188704
TN7099030;CRS;SLS
TN7099030;OSM;7209211339
TN7099030;UIC;7099030
TN7099030;WIKIDATA;Q1873094
TN7099040;CRS;GAR
TN7099040;OSM;7209208674
TN7099040;UIC;7099040
TN7099040;WIKIDATA;Q2779968
TN7099050;CRS;AXP
TN7099050;OSM;3727609000
TN7099050;UIC;7099050
TN7099050;WIKIDATA;Q2371477
TN7099060;CRS;DST
TN7099060;OSM;27424649
TN7099060;UIC;7099060
TN7099060;WIKIDATA;Q2208373
TN7099090;CRS;HST
TN7099090;OSM;3735864350
TN7099090;UIC;7099090
TN7099090;WIKIDATA;Q742289
TN7099110;CRS;CHC
TN7099110;OSM;7149943412
TN7099110;UIC;7099110
TN7099110;WIKIDATA;Q2592095
TN7099140;CRS;EXG
TN7099140;OSM;254278052
TN7099140;UIC;7099140
TN7099140;WIKIDATA;Q2304376
TN7099151;CRS;EBV
TN7099151;OSM;166139879
TN7099151;UIC;7099151
TN7099151;WIKIDATA;Q5331566
TN7099161;CRS;LTH
TN7099161;OSM;12258003994
TN7099161;UIC;7099161
TN7099161;WIKIDATA;Q2433782
TN7099170;CRS;PTK
TN7099170;OSM;7209379991
TN7099170;UIC;7099170
TN7099170;WIKIDATA;Q2546530
TN7099191;CRS;NBE
TN7099191;OSM;166140022
TN7099191;UIC;7099191
TN7099191;WIKIDATA;Q11192966
TN7099201;CRS;RCA
TN7099201;OSM;256695073
TN7099201;UIC;7099201
TN7099201;WIKIDATA;Q7335839
TN7099212;CRS;ROR
TN7099212;OSM;123360628
TN7099212;UIC;7099212
TN7099212;WIKIDATA;Q7359370
TN7099251;CRS;LLR
TN7099251;OSM;20926741
TN7099251;UIC;7099251
TN7099251;WIKIDATA;Q2567576
TN7099300;CRS;FKG
TN7099300;OSM;7209363759
TN7099300;UIC;7099300
TN7099300;WIKIDATA;Q2042826
TN7099310;CRS;FKK
TN7099310;OSM;3196683945
TN7099310;UIC;7099310
TN7099310;WIKIDATA;Q2189322
TN7099360;CRS;PMT
TN7099360;OSM;26516634
TN7099360;UIC;7099360
TN7099360;WIKIDATA;Q2585349
TN7099380;CRS;BCN
TN7099380;OSM;22256294
TN7099380;UIC;7099380
TN7099380;WIKIDATA;Q4956451
TN7099400;CRS;BBG
TN7099400;OSM;3049056215
TN7099400;UIC;7099400
TN7099400;WIKIDATA;Q1856000
TN7099430;CRS;CRO
TN7099430;OSM;3747498132
TN7099430;UIC;7099430
TN7099430;WIKIDATA;Q2832500
TN7099500;CRS;GLQ
TN7099500;OSM;6100307820
TN7099500;UIC;7099500
TN7099500;WIKIDATA;Q800823
TN7099530;CRS;ASF
TN7099530;OSM;7287514085
TN7099530;UIC;7099530
TN7099530;WIKIDATA;Q2800303
TN7099550;CRS;LNZ
TN7099550;OSM;3747498133
TN7099550;UIC;7099550
TN7099550;WIKIDATA;Q1893288
TN7099560;CRS;GSC
TN7099560;OSM;8443444417
TN7099560;UIC;7099560
TN7099560;WIKIDATA;Q1841206
TN7099570;CRS;MYH
TN7099570;OSM;30618416
TN7099570;UIC;7099570
TN7099570;WIKIDATA;Q2400468
TN7099580;CRS;PPK
TN7099580;OSM;7287514086
TN7099580;UIC;7099580
TN7099580;WIKIDATA;Q1895384
TN7099590;CRS;SUM
TN7099590;OSM;165122033
TN7099590;UIC;7099590
TN7099590;WIKIDATA;Q1934089
TN7099600;CRS;KPT
TN7099600;OSM;4293903974
TN7099600;UIC;7099600
TN7099600;WIKIDATA;Q2501176
TN7099610;CRS;AGS
TN7099610;OSM;28449296
TN7099610;UIC;7099610
TN7099610;WIKIDATA;Q1892512
TN7099620;CRS;AUI
TN7099620;OSM;6753042405
TN7099620;UIC;7099620
TN7099620;WIKIDATA;Q2483752
TN7099630;CRS;ART
TN7099630;OSM;6753052777
TN7099630;UIC;7099630
TN7099630;WIKIDATA;Q3251649
TN7099650;CRS;AND
TN7099650;OSM;28449298
TN7099650;UIC;7099650
TN7099650;WIKIDATA;Q2226187
TN7099660;CRS;BRN
TN7099660;OSM;26583490
TN7099660;UIC;7099660
TN7099660;WIKIDATA;Q2795645
TN7099670;CRS;DFR
TN7099670;OSM;534936720
TN7099670;UIC;7099670
TN7099670;WIKIDATA;Q2143794
TN7099680;CRS;BWG
TN7099680;OSM;26972488
TN7099680;UIC;7099680
TN7099680;WIKIDATA;Q2970429
TN7099690;CRS;CDR
TN7099690;OSM;26585675
TN7099690;UIC;7099690
TN7099690;WIKIDATA;Q5038794
TN7099700;CRS;CGD
TN7099700;OSM;26585717
TN7099700;UIC;7099700
TN7099700;WIKIDATA;Q2793953
TN7099710;CRS;GCH
TN7099710;OSM;6753042826
TN7099710;UIC;7099710
TN7099710;WIKIDATA;Q2189205
TN7099720;CRS;ANL
TN7099720;OSM;4293930829
TN7099720;UIC;7099720
TN7099720;WIKIDATA;Q3405429
TN7099730;CRS;BNL
TN7099730;OSM;7197562013
TN7099730;UIC;7099730
TN7099730;WIKIDATA;Q2123229
TN7099790;CRS;GRS
TN7099790;OSM;4293930830
TN7099790;UIC;7099790
TN7099790;WIKIDATA;Q2226802
TN7099810;CRS;HLC
TN7099810;OSM;26973276
TN7099810;UIC;7099810
TN7099810;WIKIDATA;Q4302282
TN7099820;CRS;HLU
TN7099820;OSM;4297124307
TN7099820;UIC;7099820
TN7099820;WIKIDATA;Q1897324
TN7099830;CRS;HLF
TN7099830;OSM;26583489
TN7099830;UIC;7099830
TN7099830;WIKIDATA;Q13528323
TN7099850;CRS;MLN
TN7099850;OSM;26583488
TN7099850;UIC;7099850
TN7099850;WIKIDATA;Q2122717
TN7099880;CRS;SIN
TN7099880;OSM;7149922954
TN7099880;UIC;7099880
TN7099880;WIKIDATA;Q3405356
TN7099900;CRS;YOK
TN7099900;OSM;4293930831
TN7099900;UIC;7099900
TN7099900;WIKIDATA;Q2727592
TN7099920;CRS;DMR
TN7099920;OSM;4289986038
TN7099920;UIC;7099920
TN7099920;WIKIDATA;Q2152934
TN7099930;CRS;DMY
TN7099930;OSM;7149976322
TN7099930;UIC;7099930
TN7099930;WIKIDATA;Q4522105
TN7099940;CRS;DMC
TN7099940;OSM;4293903981
TN7099940;UIC;7099940
TN7099940;WIKIDATA;Q2137571
TN7099950;CRS;JOR
TN7099950;OSM;4293930822
TN7099950;UIC;7099950
TN7099950;WIKIDATA;Q28620
TN7099960;CRS;SCH
TN7099960;OSM;4293930833
TN7099960;UIC;7099960
TN7099960;WIKIDATA;Q4679381
TN7099970;CRS;SPR
TN7099970;OSM;4293943757
TN7099970;UIC;7099970
TN7099970;WIKIDATA;Q2854677
TN7099980;CRS;WES
TN7099980;OSM;4293903976
TN7099980;UIC;7099980
TN7099980;WIKIDATA;Q1845238
TNNATIONAL_RAIL-abf;CRS;ABF
TNNATIONAL_RAIL-aer;CRS;AER
TNNATIONAL_RAIL-apn;CRS;APN
TNNATIONAL_RAIL-ara;CRS;ARA
TNNATIONAL_RAIL-arp;CRS;ARP
TNNATIONAL_RAIL-bdf;CRS;BDF
TNNATIONAL_RAIL-bfa;CRS;BFA
TNNATIONAL_RAIL-bpl;CRS;BPL
TNNATIONAL_RAIL-bst;CRS;BST
TNNATIONAL_RAIL-bua;CRS;BUA
TNNATIONAL_RAIL-bwe;CRS;BWE
TNNATIONAL_RAIL-bwr;CRS;BWR
TNNATIONAL_RAIL-bxx;CRS;BXX
TNNATIONAL_RAIL-cfs;CRS;CFS
TNNATIONAL_RAIL-cgt;CRS;CGT
TNNATIONAL_RAIL-coc;CRS;COC
TNNATIONAL_RAIL-cpg;CRS;CPG
TNNATIONAL_RAIL-crp;CRS;CRP
TNNATIONAL_RAIL-cru;CRS;CRU
TNNATIONAL_RAIL-ctb;CRS;CTB
TNNATIONAL_RAIL-cul;CRS;CUL
TNNATIONAL_RAIL-deb;CRS;DEB
TNNATIONAL_RAIL-dfp;CRS;DFP
TNNATIONAL_RAIL-dps;CRS;DPS
TNNATIONAL_RAIL-duo;CRS;DUO
TNNATIONAL_RAIL-duu;CRS;DUU
TNNATIONAL_RAIL-eas;CRS;EAS
TNNATIONAL_RAIL-eda;CRS;EDA
TNNATIONAL_RAIL-ema;CRS;EMA
TNNATIONAL_RAIL-erb;CRS;ERB
TNNATIONAL_RAIL-gxx;CRS;GXX
TNNATIONAL_RAIL-hbf;CRS;HBF
TNNATIONAL_RAIL-hny;CRS;HNY
TNNATIONAL_RAIL-huu;CRS;HUU
TNNATIONAL_RAIL-hvh;CRS;HVH
TNNATIONAL_RAIL-hwx;CRS;HWX
TNNATIONAL_RAIL-keb;CRS;KEB
TNNATIONAL_RAIL-klb;CRS;KLB
TNNATIONAL_RAIL-kls;CRS;KLS
TNNATIONAL_RAIL-kwk;CRS;KWK
TNNATIONAL_RAIL-lcb;CRS;LCB
TNNATIONAL_RAIL-lfl;CRS;LFL
TNNATIONAL_RAIL-lrr;CRS;LRR
TNNATIONAL_RAIL-mls;CRS;MLS
TNNATIONAL_RAIL-ncz;CRS;NCZ
TNNATIONAL_RAIL-pdt;CRS;PDT
TNNATIONAL_RAIL-pgr;CRS;PGR
TNNATIONAL_RAIL-piz;CRS;PIZ
TNNATIONAL_RAIL-pnq;CRS;PNQ
TNNATIONAL_RAIL-ppr;CRS;PPR
TNNATIONAL_RAIL-qmm;CRS;QMM
TNNATIONAL_RAIL-qta;CRS;QTA
TNNATIONAL_RAIL-rbu;CRS;RBU
TNNATIONAL_RAIL-rmk;CRS;RMK
TNNATIONAL_RAIL-rsb;CRS;RSB
TNNATIONAL_RAIL-rty;CRS;RTY
TNNATIONAL_RAIL-sao;CRS;SAO
TNNATIONAL_RAIL-scn;CRS;SCN
TNNATIONAL_RAIL-sgq;CRS;SGQ
TNNATIONAL_RAIL-smq;CRS;SMQ
TNNATIONAL_RAIL-soy;CRS;SOY
TNNATIONAL_RAIL-swb;CRS;SWB
TNNATIONAL_RAIL-sww;CRS;SWW
TNNATIONAL_RAIL-trw;CRS;TRW
TNNATIONAL_RAIL-tta;CRS;TTA
TNNATIONAL_RAIL-uig;CRS;UIG
TNNATIONAL_RAIL-ulp;CRS;ULP
TNNATIONAL_RAIL-wbe;CRS;WBE
TNNATIONAL_RAIL-wct;CRS;WCT
TNNATIONAL_RAIL-weo;CRS;WEO
TNNATIONAL_RAIL-wer;CRS;WER
TNNATIONAL_RAIL-wni;CRS;WNI
TNNATIONAL_RAIL-wtz;CRS;WTZ
TNNATIONAL_RAIL-xaa;CRS;XAA
TNNATIONAL_RAIL-xav;CRS;XAV
TNNATIONAL_RAIL-xaz;CRS;XAZ
TNNATIONAL_RAIL-xbv;CRS;XBV
TNNATIONAL_RAIL-xcf;CRS;XCF
TNNATIONAL_RAIL-xcg;CRS;XCG
TNNATIONAL_RAIL-xcv;CRS;XCV
TNNATIONAL_RAIL-xdy;CRS;XDY
TNNATIONAL_RAIL-xea;CRS;XEA
TNNATIONAL_RAIL-xee;CRS;XEE
TNNATIONAL_RAIL-xet;CRS;XET
TNNATIONAL_RAIL-xlb;CRS;XLB
TNNATIONAL_RAIL-xsc;CRS;XSC
TNNATIONAL_RAIL-yst;CRS;YST
TNNATIONAL_RAIL-zck;CRS;ZCK
TNNATIONAL_RAIL-zdb;CRS;ZDB
TNNATIONAL_RAIL-zeh;CRS;ZEH
TNNATIONAL_RAIL-zeo;CRS;ZEO
TNNATIONAL_RAIL-zhd;CRS;ZHD
TNNATIONAL_RAIL-znp;CRS;ZNP
TNOSM11336907005;CRS;CMS
TNOSM11336907005;OSM;11336907005
TNOSM11336907005;WIKIDATA;Q39048637
TNOSM11824533457;CRS;ASD
TNOSM11824533457;OSM;11824533457
TNOSM11824533457;WIKIDATA;Q119199401
TNOSM1236127056;CRS;GBG
TNOSM1236127056;OSM;1236127056
TNOSM1236127056;WIKIDATA;Q5586139
TNOSM1974988736;CRS;SFI
TNOSM1974988736;OSM;1974988736
TNOSM1974988736;WIKIDATA;Q7491242
TNOSM1975027093;CRS;EKB
TNOSM1975027093;OSM;1975027093
TNOSM1975027093;WIKIDATA;Q5398041
TNOSM1985616072;CRS;NEG
TNOSM1985616072;OSM;1985616072
TNOSM1985616072;WIKIDATA;Q15262206
TNOSM1985622395;CRS;SOI
TNOSM1985622395;OSM;1985622395
TNOSM1985622395;WIKIDATA;Q16900766
TNOSM1997286727;CRS;SOJ
TNOSM1997286727;OSM;1997286727
TNOSM1997286727;WIKIDATA;Q7554647
TNOSM2426825788;CRS;ZLW
TNOSM2426825788;OSM;2426825788
TNOSM2426825788;WIKIDATA;Q605723
TNOSM26087536;CRS;CDN
TNOSM26087536;OSM;26087536
TNOSM26087536;WIKIDATA;Q2136840
TNOSM2816304313;CRS;EBB
TNOSM2816304313;OSM;2816304313
TNOSM2816304313;WIKIDATA;Q5331569
TNOSM30691980;CRS;HHB
TNOSM30691980;OSM;30691980
TNOSM30691980;WIKIDATA;Q1964347
TNOSM3482519062;CRS;NCO
TNOSM3482519062;OSM;3482519062
TNOSM3482519062;WIKIDATA;Q15262145
TNOSM3592758751;CRS;TWB
TNOSM3592758751;OSM;3592758751
TNOSM3592758751;WIKIDATA;Q7857482
TNOSM3623809200;CRS;GAL
TNOSM3623809200;OSM;3623809200
TNOSM3623809200;WIKIDATA;Q5517997
TNOSM3890669432;CRS;APY
TNOSM3890669432;OSM;3890669432
TNOSM3890669432;WIKIDATA;Q4781035
TNOSM4492377643;CRS;STI
TNOSM4492377643;OSM;4492377643
TNOSM4492377643;WIKIDATA;Q7596509
TNOSM4769856447;CRS;LMR
TNOSM4769856447;OSM;4769856447
TNOSM4769856447;WIKIDATA;Q6692924
TNOSM5063875166;CRS;KLF
TNOSM5063875166;OSM;5063875166
TNOSM5063875166;WIKIDATA;Q6415822
TNOSM5353113956;CRS;EGY
TNOSM5353113956;OSM;5353113956
TNOSM5353113956;WIKIDATA;Q5577322
TNOSM5387829085;CRS;JCH
TNOSM5387829085;OSM;5387829085
TNOSM5387829085;WIKIDATA;Q6131684
TNOSM5705904208;CRS;KTR
TNOSM5705904208;OSM;5705904208
TNOSM5705904208;WIKIDATA;Q6414402
TNOSM6083152748;CRS;KNW
TNOSM6083152748;OSM;6083152748
TNOSM6083152748;WIKIDATA;Q6389304
TNOSM6677056493;CRS;EBD
TNOSM6677056493;IBNR;7004419
TNOSM6677056493;OSM;6677056493
TNOSM6677056493;WIKIDATA;Q800703
TNOSM6758674587;CRS;SFA
TNOSM6758674587;OSM;6758674587
TNOSM6758674587;WIKIDATA;Q801472
TNOSM7172230784;CRS;SHO
TNOSM7172230784;OSM;7172230784
TNOSM7172230784;WIKIDATA;Q7500232
TNOSM8757895760;CRS;RGP
TNOSM8757895760;OSM;8757895760
TNOSM8757895760;WIKIDATA;Q7300513
TNOSM9377381079;CRS;PRI
TNOSM9377381079;OSM;9377381079
TNOSM9377381079;WIKIDATA;Q39058374
