id;type;nom_fr;nom_en;nom_local;uic;uic8;lat;lon;pays;fuseau;ville_id;trains;cars;statut;osm_id;wikidata;ifopt;code_db;cle;nom_gtfs
TN7001060;arret_car;Capel Curig Bryn-Llys;Capel Curig Bryn-Llys;Capel Curig Bryn-Llys;7001060;;53.102165;-3.902861;GB;Europe/London;VGB-pont-cyfyng;;BUS;gtfs;;;;;CAP;Capel Curig Bryn-Llys
TN7002440;gare;Cameron Bridge;Cameron Bridge;Cameron Bridge;7002440;;56.190029;-3.045724;GB;Europe/London;Q1016877;ScotRail;BUS;code;1466902184;Q54869762;;;CBX;Cameron Bridge
TN7002470;arret_car;Inverness Airport Bus Stance;Inverness Airport Bus Stance;Inverness Airport Bus Stance;7002470;;57.539414;-4.064716;GB;Europe/London;Q7826059;;BUS;gtfs;;;;;INB;Inverness Airport Bus Stance
TN7002730;arret_car;Inverness Bus;Inverness Bus;Inverness Bus;7002730;;57.480056;-4.226508;GB;Europe/London;Q160493;;BUS;gtfs;;;;;IBS;Inverness Bus
TN7002810;arret_car;Brecon Bus Interchange;Brecon Bus Interchange;Brecon Bus Interchange;7002810;;51.945922;-3.386465;GB;Europe/London;Q904472;;BUS;gtfs;;;;;BEO;Brecon Bus Interchange
TN7002940;arret_car;Kingsbridge Bus;Kingsbridge Bus;Kingsbridge Bus;7002940;;50.283269;-3.77691;GB;Europe/London;Q774099;;BUS;gtfs;;;;;KBS;Kingsbridge Bus
TN7002950;arret_car;Lampeter The Black Lion;Lampeter The Black Lion;Lampeter The Black Lion;7002950;;52.112835;-4.080971;GB;Europe/London;Q728477;;BUS;gtfs;;;;;LTR;Lampeter The Black Lion
TN7003010;arret_car;Lifton (Bus);Lifton (Bus);Lifton (Bus);7003010;;50.643149;-4.285504;GB;Europe/London;Q1887949;;BUS;gtfs;;;;;LAA;Lifton (Bus)
TN7003250;arret_car;Ilfracombe (Bus);Ilfracombe (Bus);Ilfracombe (Bus);7003250;;51.207402;-4.124353;GB;Europe/London;Q1018429;;BUS;gtfs;;;;;IHS;Ilfracombe (Bus)
TN7003541;arret_car;Portree Bus;Portree Bus;Portree Bus;7003541;;57.412854;-6.192958;GB;Europe/London;Q1010998;;BUS;gtfs;;;;;PEE;Portree Bus
TN7003651;gare;East Linton;East Linton;East Linton;7003651;;55.987149;-2.662825;GB;Europe/London;Q1009895;ScotRail|TransPennine Express;BUS;code;11359134916;Q5328845;;;ELT;East Linton
TN7003750;gare;Energlyn & Churchill Park;Energlyn & Churchill Park;Energlyn & Churchill Park;7003750;;51.584548;-3.229077;GB;Europe/London;Q909119;Transport for Wales;BUS;code;2265968250;Q15216643;;;ECP;Energlyn & Churchill Park
TN7004250;gare;Headbolt Lane;Headbolt Lane;Headbolt Lane;7004250;;53.491583;-2.883713;GB;Europe/London;Q2235181;Merseyrail|Northern;BUS;code;8749762196;Q5689516;;;HBL;Headbolt Lane
TN7004420;gare;Leven;Leven;Leven;7004420;;56.19246;-3.00225;GB;Europe/London;Q672948;ScotRail;BUS;code;11136418502;Q68377707;;;LEV;Leven
TN7004541;gare;Darlaston;Darlaston;Darlaston;7004541;;52.575758;-2.020417;GB;Europe/London;Q2571235;West Midlands Trains;;code;11197468109;;;;DAS;Darlaston
TN7004550;gare;Inverness Airport;Inverness Airport;Inverness Airport;7004550;;57.533364;-4.055475;GB;Europe/London;Q7826059;ScotRail;BUS;code;7814214089;Q116275407;;;IVA;Inverness Airport
TN7004950;arret_car;Combe Martin Bus;Combe Martin Bus;Combe Martin Bus;7004950;;51.206208;-4.039832;GB;Europe/London;Q1225823;;BUS;gtfs;;;;;CMA;Combe Martin Bus
TN7005060;gare;Amersham;Amersham;Amersham;7005060;;51.674087;-0.607364;GB;Europe/London;Q470188;Chiltern Railways;BUS;code;3501388948;Q800384;;;AMR;Amersham
TN7005260;arret_car;Boston Manor Und;Boston Manor Und;Boston Manor Und;7005260;;51.495289;-0.326076;GB;Europe/London;Q84;;BUS;gtfs;;;;;ZBM;Boston Manor Und
TN7005390;gare;Chalfont & Latimer;Chalfont & Latimer;Chalfont & Latimer;7005390;;51.668102;-0.561167;GB;Europe/London;Q3915288;Chiltern Railways;;code;3517235821;Q800618;;;CFO;Chalfont & Latimer
TN7005460;gare;Chorleywood;Chorleywood;Chorleywood;7005460;;51.654219;-0.518391;GB;Europe/London;Q2335129;Chiltern Railways;;code;5182456570;Q800623;;;CLW;Chorleywood
TN7005620;gare;Earl’s Court L.T.;Earl’s Court L.T.;Earl’s Court L.T.;7005620;;51.49138;-0.1936;GB;Europe/London;Q84;London Underground;BUS;gtfs;;;;;ZET;Earl’s Court L.T.
TN7005770;gare;Farringdon;Farringdon;Farringdon;7005770;;51.519964;-0.104555;GB;Europe/London;Q84;Elizabeth line|Thameslink;;code;3284103165;Q800754;;;ZFD;Farringdon
TN7005980;gare;Harrow-on-the-Hill;Harrow-on-the-Hill;Harrow-on-the-Hill;7005980;;51.579138;-0.336092;GB;Europe/London;Q84;Chiltern Railways;;code;5183810356;Q654577;;;HOH;Harrow-On-The-Hill
TN7006871;gare;Rickmansworth;Rickmansworth;Rickmansworth;7006871;;51.640227;-0.473631;GB;Europe/London;Q9611;Chiltern Railways;;code;5183350491;Q801365;;;RIC;Rickmansworth
TN7009900;gare;Armadale;Armadale;Armadale;7009900;;55.88653;-3.692962;GB;Europe/London;Q2008314;ScotRail;;code;7209346141;Q4792532;;;ARM;Armadale
TN7009910;gare;Blackridge;Blackridge;Blackridge;7009910;;55.884382;-3.75028;GB;Europe/London;VGB-westrigg;ScotRail;;code;1035485495;Q4923300;;;BKR;Blackridge
TN7009920;gare;Caldercruix;Caldercruix;Caldercruix;7009920;;55.888048;-3.888718;GB;Europe/London;Q1009805;ScotRail;;code;7209346571;Q5019037;;;CAC;Caldercruix
TN7010030;gare;Bescot Stadium;Bescot Stadium;Bescot Stadium;7010030;;52.563032;-1.99108;GB;Europe/London;Q2571235;West Midlands Trains;BUS;code;21257422;Q4896204;;;BSC;Bescot Stadium
TN7010040;gare;Aston;Aston;Aston;7010040;;52.50442;-1.872038;GB;Europe/London;Q20986424;West Midlands Trains;BUS;code;5920221964;Q1978485;;;AST;Aston
TN7010060;gare;Birmingham Snow Hill;Birmingham Snow Hill;Birmingham Snow Hill;7010060;;52.483798;-1.899659;GB;Europe/London;Q20986424;Chiltern Railways|West Midlands Trains;;code;20984433;Q3280363;;;BSW;Birmingham Snow Hill
TN7010100;gare;Tame Bridge Parkway;Tame Bridge Parkway;Tame Bridge Parkway;7010100;;52.552285;-1.976025;GB;Europe/London;Q212826;West Midlands Trains;BUS;code;21257431;Q1881868;;;TAB;Tame Bridge Parkway
TN7010110;gare;Witton;Witton;Witton;7010110;;52.512194;-1.883933;GB;Europe/London;Q20986424;West Midlands Trains;BUS;code;7790315845;Q2791793;;;WTT;Witton
TN7010160;gare;Cannock;Cannock;Cannock;7010160;;52.686097;-2.022351;GB;Europe/London;Q992665;West Midlands Trains;BUS;code;7656865229;Q4016379;;;CAO;Cannock
TN7010170;gare;Landywood;Landywood;Landywood;7010170;;52.656721;-2.020724;GB;Europe/London;Q3497842;West Midlands Trains;BUS;code;3727341274;Q628960;;;LAW;Landywood
TN7010180;gare;Bloxwich North;Bloxwich North;Bloxwich North;7010180;;52.625323;-2.017538;GB;Europe/London;Q2571140;West Midlands Trains;BUS;code;339871670;Q2570127;;;BWN;Bloxwich North
TN7010220;gare;Haggerston;Haggerston;Haggerston;7010220;;51.538657;-0.075583;GB;Europe/London;Q84;London Overground;BUS;code;2438234411;Q1842102;;;HGG;Haggerston
TN7010230;gare;Hoxton;Hoxton;Hoxton;7010230;;51.531592;-0.075654;GB;Europe/London;Q84;London Overground;BUS;code;2441957067;Q1851584;;;HOX;Hoxton
TN7010240;gare;Shoreditch High Street;Shoreditch High Street;Shoreditch High Street;7010240;;51.523253;-0.074467;GB;Europe/London;Q84;London Overground;BUS;code;6991130547;Q801441;;;SDC;Shoreditch High Street
TN7010300;gare;Coventry;Coventry;Coventry;7010300;;52.400739;-1.513547;GB;Europe/London;Q6225;Avanti West Coast|CrossCountry|West Midlands Trains;BUS;code;6673779824;Q2058701;;;COV;Coventry
TN7010330;gare;Hampton-in-Arden;Hampton-in-Arden;Hampton-in-Arden;7010330;;52.428636;-1.699723;GB;Europe/London;Q1612062;West Midlands Trains;BUS;code;25524281;Q2728174;;;HIA;Hampton-In-Arden
TN7010340;gare;Marston Green;Marston Green;Marston Green;7010340;;52.466881;-1.755095;GB;Europe/London;Q1622488;West Midlands Trains;BUS;code;8398595521;Q2856492;;;MGN;Marston Green
TN7010350;gare;Tile Hill;Tile Hill;Tile Hill;7010350;;52.395191;-1.597282;GB;Europe/London;Q6225;West Midlands Trains;BUS;code;7209297336;Q5493001;;;THL;Tile Hill
TN7010360;gare;Adderley Park;Adderley Park;Adderley Park;7010360;;52.483064;-1.855415;GB;Europe/London;Q20986424;West Midlands Trains;BUS;code;8321736512;Q2914146;;;ADD;Adderley Park
TN7010390;gare;Rotherhithe;Rotherhithe;Rotherhithe;7010390;;51.500824;-0.051967;GB;Europe/London;Q84;London Overground;;code;2438248384;Q175256;;;ROE;Rotherhithe
TN7010400;gare;Duddeston;Duddeston;Duddeston;7010400;;52.488489;-1.871281;GB;Europe/London;Q20986424;West Midlands Trains;BUS;code;7312287360;Q3100763;;;DUD;Duddeston
TN7010410;gare;Erdington;Erdington;Erdington;7010410;;52.528383;-1.839444;GB;Europe/London;Q20986424;West Midlands Trains;BUS;code;653032;Q2415516;;;ERD;Erdington
TN7010420;gare;Four Oaks;Four Oaks;Four Oaks;7010420;;52.579545;-1.828031;GB;Europe/London;Q868196;West Midlands Trains;BUS;code;8437795006;Q2230176;;;FOK;Four Oaks
TN7010430;gare;Stechford;Stechford;Stechford;7010430;;52.485156;-1.811035;GB;Europe/London;Q20986424;West Midlands Trains;BUS;code;25479889;Q2419238;;;SCF;Stechford
TN7010440;gare;Sutton Coldfield;Sutton Coldfield;Sutton Coldfield;7010440;;52.564801;-1.825177;GB;Europe/London;Q868196;West Midlands Trains;BUS;code;653041;Q525739;;;SUT;Sutton Coldfield
TN7010450;gare;Berkswell;Berkswell;Berkswell;7010450;;52.396084;-1.64179;GB;Europe/London;Q734313;West Midlands Trains;BUS;code;7170567334;Q964933;;;BKW;Berkswell
TN7010560;gare;Wilnecote;Wilnecote;Wilnecote;7010560;;52.610623;-1.679701;GB;Europe/London;Q704864;CrossCountry;BUS;code;252862890;Q2247229;;;WNE;Wilnecote
TN7010670;gare;Long Buckby;Long Buckby;Long Buckby;7010670;;52.294414;-1.086056;GB;Europe/London;VGB-long-buckby-wharf;West Midlands Trains;BUS;code;5716171575;Q2213582;;;LBK;Long Buckby
TN7010690;gare;Northampton;Northampton;Northampton;7010690;;52.237372;-0.90697;GB;Europe/London;Q192240;Avanti West Coast|West Midlands Trains;BUS;code;7633574843;Q2055618;;;NMP;Northampton
TN7010740;gare;Atherstone;Atherstone;Atherstone;7010740;;52.57852;-1.552366;GB;Europe/London;Q747778;West Midlands Trains;BUS;code;2952383804;Q604337;;;ATH;Atherstone
TN7010770;gare;Nuneaton;Nuneaton;Nuneaton;7010770;;52.52676;-1.464184;GB;Europe/London;Q175632;Avanti West Coast|CrossCountry|Lumo|West Midlands Trains;BUS;code;6758601085;Q2018434;;;NUN;Nuneaton
TN7010780;gare;Polesworth;Polesworth;Polesworth;7010780;;52.625835;-1.610705;GB;Europe/London;Q3025422;West Midlands Trains;BUS;code;2598492716;Q2749317;;;PSW;Polesworth
TN7010820;gare;Shadwell;Shadwell;Shadwell;7010820;;51.511289;-0.056919;GB;Europe/London;Q84;London Overground;;code;3729401291;Q4115037;;;SDE;Shadwell
TN7010830;gare;Surrey Quays;Surrey Quays;Surrey Quays;7010830;;51.49279;0.048114;GB;Europe/London;Q84;London Overground;BUS;gtfs;;;;;SQE;Surrey Quays
TN7010840;gare;Rugeley Trent Valley;Rugeley Trent Valley;Rugeley Trent Valley;7010840;;52.769679;-1.929928;GB;Europe/London;Q207371;West Midlands Trains;BUS;code;6758594886;Q2066965;;;RGL;Rugeley Trent Valley
TN7010850;gare;Wapping;Wapping;Wapping;7010850;;51.504434;-0.056021;GB;Europe/London;Q84;London Overground;;code;2438276350;Q801580;;;WPE;Wapping
TN7010870;gare;Rugby;Rugby;Rugby;7010870;;52.379035;-1.250274;GB;Europe/London;Q623765;Avanti West Coast|West Midlands Trains;BUS;code;20985079;Q3250380;;;RUG;Rugby
TN7010901;gare;Aylesbury Vale Parkway;Aylesbury Vale Parkway;Aylesbury Vale Parkway;7010901;;51.831278;-0.859831;GB;Europe/London;Q4843871;Chiltern Railways;BUS;code;3464902054;Q4831380;;;AVP;Aylesbury Vale Parkway
TN7010960;gare;Barnt Green;Barnt Green;Barnt Green;7010960;;52.36097;-1.9925;GB;Europe/London;Q1190876;West Midlands Trains;BUS;code;21227431;Q2658226;;;BTG;Barnt Green
TN7010970;gare;Jewellery Quarter;Jewellery Quarter;Jewellery Quarter;7010970;;52.489667;-1.913675;GB;Europe/London;Q20986424;Chiltern Railways|West Midlands Trains;;code;249663867;Q1893132;;;JEQ;Jewellery Quarter
TN7011050;gare;Selly Oak;Selly Oak;Selly Oak;7011050;;52.441862;-1.935591;GB;Europe/London;Q20986424;West Midlands Trains;BUS;code;7272527492;Q2655588;;;SLY;Selly Oak
TN7011090;gare;Kings Norton;Kings Norton;Kings Norton;7011090;;52.414241;-1.932615;GB;Europe/London;Q20986424;West Midlands Trains;BUS;code;6135345656;Q2192189;;;KNN;Kings Norton
TN7011101;gare;Longbridge;Longbridge;Longbridge;7011101;;52.397011;-1.980761;GB;Europe/London;Q20986424;West Midlands Trains;BUS;code;7170590955;Q2257761;;;LOB;Longbridge
TN7011110;gare;Northfield;Northfield;Northfield;7011110;;52.408295;-1.965125;GB;Europe/London;Q20986424;West Midlands Trains;BUS;code;6673742001;Q2297133;;;NFD;Northfield
TN7011120;gare;Bournville;Bournville;Bournville;7011120;;52.427389;-1.926668;GB;Europe/London;Q20986424;West Midlands Trains;BUS;code;7272746867;Q2072620;;;BRV;Bournville
TN7011140;gare;Smethwick Galton Bridge Low Level;Smethwick Galton Bridge Low Level;Smethwick Galton Bridge Low Level;7011140;;52.501826;-1.980632;GB;Europe/London;Q1018565;Chiltern Railways|West Midlands Trains;BUS;gtfs;;;;;SGB;Smethwick Galton Bridge Low Level
TN7011210;gare;Water Orton;Water Orton;Water Orton;7011210;;52.518531;-1.743655;GB;Europe/London;Q1858244;CrossCountry;BUS;code;13766474;Q2674112;;;WTO;Water Orton
TN7011270;gare;Birmingham New Street;Birmingham New Street;Birmingham New Street;7011270;;52.477646;-1.898694;GB;Europe/London;Q20986424;Avanti West Coast|CrossCountry|Transport for Wales|West Midlands Trains;BUS;code;6765532062;Q683063;;;BHM;Birmingham New Street
TN7011280;gare;Perry Barr;Perry Barr;Perry Barr;7011280;;52.516406;-1.902351;GB;Europe/London;Q20986424;West Midlands Trains;BUS;code;21257480;Q2113907;;;PRY;Perry Barr
TN7011290;gare;Canley;Canley;Canley;7011290;;52.399381;-1.547533;GB;Europe/London;Q6225;West Midlands Trains;BUS;code;304651;Q2317360;;;CNL;Canley
TN7011301;gare;Chester Road;Chester Road;Chester Road;7011301;;52.53595;-1.832412;GB;Europe/London;Q868196;West Midlands Trains;BUS;code;653033;Q2405727;;;CRD;Chester Road
TN7011320;gare;Gravelly Hill;Gravelly Hill;Gravelly Hill;7011320;;52.515388;-1.852744;GB;Europe/London;Q20986424;West Midlands Trains;BUS;code;653044;Q2098592;;;GVH;Gravelly Hill
TN7011330;gare;Lea Hall;Lea Hall;Lea Hall;7011330;;52.480522;-1.786031;GB;Europe/London;Q20986424;West Midlands Trains;BUS;code;25522884;Q2499943;;;LEH;Lea Hall
TN7011350;gare;Rugeley Town;Rugeley Town;Rugeley Town;7011350;;52.75466;-1.93691;GB;Europe/London;Q1816620;West Midlands Trains;BUS;code;21141609;Q2649169;;;RGT;Rugeley Town
TN7011380;gare;Wylde Green;Wylde Green;Wylde Green;7011380;;52.545637;-1.831451;GB;Europe/London;Q868196;West Midlands Trains;BUS;code;27181044;Q1840659;;;WYL;Wylde Green
TN7011412;gare;Bloxwich;Bloxwich;Bloxwich;7011412;;52.618423;-2.011675;GB;Europe/London;Q2571140;West Midlands Trains;BUS;code;3168694076;Q1993493;;;BLX;Bloxwich
TN7011430;gare;Coseley;Coseley;Coseley;7011430;;52.545319;-2.08581;GB;Europe/London;Q3695060;West Midlands Trains;;code;8183358952;Q2239840;;;CSY;Coseley
TN7011450;gare;Hamstead;Hamstead;Hamstead;7011450;;52.530994;-1.928869;GB;Europe/London;Q20986424;West Midlands Trains;BUS;code;7285282240;Q2382124;;;HSD;Hamstead
TN7011480;gare;Hednesford;Hednesford;Hednesford;7011480;;52.709943;-2.001976;GB;Europe/London;Q2132464;West Midlands Trains;BUS;code;3727341272;Q2128872;;;HNF;Hednesford
TN7011490;gare;Sandwell & Dudley;Sandwell and Dudley;Sandwell and Dudley;7011490;;52.508635;-2.011769;GB;Europe/London;Q1857563;Avanti West Coast|Transport for Wales|West Midlands Trains;BUS;code;290235759;Q3404216;;;SAD;Sandwell & Dudley
TN7011500;gare;Smethwick Rolfe Street;Smethwick Rolfe Street;Smethwick Rolfe Street;7011500;;52.496273;-1.96937;GB;Europe/London;Q1018565;West Midlands Trains;BUS;code;21140726;Q2274385;;;SMR;Smethwick Rolfe Street
TN7011590;gare;Tipton;Tipton;Tipton;7011590;;52.530527;-2.065731;GB;Europe/London;Q1684337;West Midlands Trains;;code;21137911;Q2660685;;;TIP;Tipton
TN7011650;gare;Bedworth;Bedworth;Bedworth;7011650;;52.479484;-1.467516;GB;Europe/London;Q813962;West Midlands Trains;BUS;code;1635229925;Q2201463;;;BEH;Bedworth
TN7011760;gare;Blake Street;Blake Street;Blake Street;7011760;;52.604378;-1.84466;GB;Europe/London;Q868196;West Midlands Trains;BUS;code;7916457716;Q2454578;;;BKT;Blake Street
TN7011770;gare;Lichfield City;Lichfield City;Lichfield City;7011770;;52.68022;-1.825125;GB;Europe/London;Q207371;West Midlands Trains;BUS;code;21141605;Q1924638;;;LIC;Lichfield City
TN7011780;gare;Shenstone;Shenstone;Shenstone;7011780;;52.639233;-1.844343;GB;Europe/London;Q207371;West Midlands Trains;BUS;code;99391472;Q2469188;;;SEN;Shenstone
TN7011790;gare;Butlers Lane;Butlers Lane;Butlers Lane;7011790;;52.592621;-1.838393;GB;Europe/London;Q868196;West Midlands Trains;BUS;code;2502617;Q5002705;;;BUL;Butlers Lane
TN7011950;gare;Penkridge;Penkridge;Penkridge;7011950;;52.723703;-2.119421;GB;Europe/London;Q2194250;West Midlands Trains;;code;21256638;Q2547278;;;PKG;Penkridge
TN7011980;gare;Alvechurch;Alvechurch;Alvechurch;7011980;;52.346833;-1.967968;GB;Europe/London;Q1190876;West Midlands Trains;;code;9290941286;Q4355883;;;ALV;Alvechurch
TN7012080;gare;Redditch;Redditch;Redditch;7012080;;52.306318;-1.945567;GB;Europe/London;Q865716;West Midlands Trains;BUS;code;335714346;Q2253146;;;RDC;Redditch
TN7012120;gare;Dudley Port;Dudley Port;Dudley Port;7012120;;52.524461;-2.049254;GB;Europe/London;Q7810419;West Midlands Trains;;code;36959293;Q1980286;;;DDP;Dudley Port
TN7012150;gare;Birmingham International;Birmingham International;Birmingham International;7012150;;52.450776;-1.725318;GB;Europe/London;Q1612248;Avanti West Coast|Caledonian Sleeper|CrossCountry|Transport for Wales|West Midlands Trains;BUS;code;6715981413;Q579308;;;BHI;Birmingham International
TN7012160;gare;Walsall;Walsall;Walsall;7012160;;52.584136;-1.985268;GB;Europe/London;Q2571140;West Midlands Trains;BUS;code;29283560;Q2586719;;;WSL;Walsall
TN7012180;gare;Wolverhampton;Wolverhampton;Wolverhampton;7012180;;52.587988;-2.120242;GB;Europe/London;Q126269;Avanti West Coast|CrossCountry|Transport for Wales|West Midlands Trains;BUS;code;6634567442;Q2361188;;;WVH;Wolverhampton
TN7012200;gare;Goostrey;Goostrey;Goostrey;7012200;;53.22257;-2.326339;GB;Europe/London;VGB-twemlow-green;Northern;BUS;code;3754534934;Q4839186;;;GTR;Goostrey
TN7012210;gare;Holmes Chapel;Holmes Chapel;Holmes Chapel;7012210;;53.199275;-2.3511;GB;Europe/London;Q1010169;Northern;BUS;code;6416944407;Q2736448;;;HCH;Holmes Chapel
TN7012230;gare;Alsager;Alsager;Alsager;7012230;;53.093025;-2.298843;GB;Europe/London;Q134902;East Midlands Railway|West Midlands Trains;;code;21183239;Q2505295;;;ASG;Alsager
TN7012270;gare;Congleton;Congleton;Congleton;7012270;;53.157798;-2.192459;GB;Europe/London;Q1125738;Northern;BUS;code;6408750140;Q2034460;;;CNG;Congleton
TN7012290;gare;Kidsgrove;Kidsgrove;Kidsgrove;7012290;;53.086421;-2.244923;GB;Europe/London;Q612117;East Midlands Railway|Northern|West Midlands Trains;BUS;code;7153786343;Q2539760;;;KDG;Kidsgrove
TN7012430;gare;Crewe;Crewe;Crewe;7012430;;53.088963;-2.432636;GB;Europe/London;Q648810;Avanti West Coast|Caledonian Sleeper|CrossCountry|East Midlands Railway|Lumo|Northern|Transport for Wales|West Midlands Trains;BUS;code;6004512801;Q3397336;;;CRE;Crewe
TN7012470;gare;Nantwich;Nantwich;Nantwich;7012470;;53.063548;-2.518731;GB;Europe/London;Q1077003;Transport for Wales;BUS;code;1080583474;Q2082695;;;NAN;Nantwich
TN7012610;gare;Sandbach;Sandbach;Sandbach;7012610;;53.150245;-2.393714;GB;Europe/London;Q2321266;Northern;BUS;code;6416944409;Q1829957;;;SDB;Sandbach
TN7012683;gare;Stafford;Stafford;Stafford;7012683;;52.803581;-2.122626;GB;Europe/London;Q826782;Avanti West Coast|CrossCountry|West Midlands Trains;BUS;code;7140221666;Q2393603;;;STA;Stafford
TN7012820;gare;Blythe Bridge;Blythe Bridge;Blythe Bridge;7012820;;52.96783;-2.066925;GB;Europe/London;Q5470588;East Midlands Railway;;code;58978505;Q2525068;;;BYB;Blythe Bridge
TN7012910;gare;Lichfield Trent Valley;Lichfield Trent Valley;Lichfield Trent Valley;7012910;;52.686826;-1.799826;GB;Europe/London;Q207371;Avanti West Coast|West Midlands Trains;BUS;code;6082898473;Q2633539;;;LTV;Lichfield Trent Valley
TN7013050;gare;Longport;Longport;Longport;7013050;;53.042091;-2.216712;GB;Europe/London;Q868642;East Midlands Railway|Northern|West Midlands Trains;;code;1092770818;Q2375819;;;LPT;Longport
TN7013060;gare;Longton;Longton;Longton;7013060;;52.990042;-2.137297;GB;Europe/London;Q1609815;East Midlands Railway;;code;58978526;Q2096431;;;LGN;Longton
TN7013140;gare;Stoke-on-Trent;Stoke-on-Trent;Stoke-on-Trent;7013140;;53.007989;-2.181078;GB;Europe/London;Q134902;Avanti West Coast|CrossCountry|East Midlands Railway|Northern|West Midlands Trains;BUS;code;7154266416;Q2686932;;;SOT;Stoke-On-Trent
TN7013160;gare;Stone;Stone;Stone;7013160;;52.90847;-2.155472;GB;Europe/London;Q2449737;West Midlands Trains;;code;1126273414;Q2749551;;;SNE;Stone
TN7013220;gare;Tamworth;Tamworth;Tamworth;7013220;;52.637468;-1.686589;GB;Europe/London;Q704864;Avanti West Coast|CrossCountry|West Midlands Trains;BUS;code;7153786344;Q768018;;;TAM;Tamworth
TN7013351;gare;Barking Riverside;Barking Riverside;Barking Riverside;7013351;;51.519558;0.116013;GB;Europe/London;Q84;London Overground;;code;9280240600;Q22329619;;;BGV;Barking Riverside
TN7013420;gare;Uttoxeter;Uttoxeter;Uttoxeter;7013420;;52.89681;-1.856515;GB;Europe/London;Q2086137;East Midlands Railway;;code;58975491;Q2429181;;;UTT;Uttoxeter
TN7013460;gare;Prees;Prees;Prees;7013460;;52.899461;-2.689557;GB;Europe/London;Q578185;Transport for Wales;BUS;code;1080583496;Q2717690;;;PRS;Prees
TN7013470;gare;Wem;Wem;Wem;7013470;;52.856111;-2.718265;GB;Europe/London;Q301082;Transport for Wales;BUS;code;1080583465;Q2557796;;;WEM;Wem
TN7013480;gare;Whitchurch (Shrops);Whitchurch;Whitchurch;7013480;;52.968222;-2.671657;GB;Europe/London;Q636627;Transport for Wales;BUS;code;1080583473;Q1963093;;;WTC;Whitchurch (Shrops)
TN7013500;gare;Wrenbury;Wrenbury;Wrenbury;7013500;;53.019595;-2.595611;GB;Europe/London;Q1412238;Transport for Wales;BUS;code;1080583548;Q2669037;;;WRE;Wrenbury
TN7013510;gare;Yorton;Yorton;Yorton;7013510;;52.809088;-2.736369;GB;Europe/London;Q3876531;Transport for Wales;BUS;code;7138068385;Q2709911;;;YRT;Yorton
TN7013600;gare;Bletchley;Bletchley;Bletchley;7013600;;51.995453;-0.7363;GB;Europe/London;Q127159;West Midlands Trains;BUS;code;7140178717;Q4869827;;;BLY;Bletchley
TN7013640;gare;Wolverton;Wolverton;Wolverton;7013640;;52.065978;-0.80476;GB;Europe/London;Q276274;West Midlands Trains;BUS;code;7154297455;Q1824147;;;WOL;Wolverton
TN7013720;gare;Cheddington;Cheddington;Cheddington;7013720;;51.85829;-0.661981;GB;Europe/London;Q548588;West Midlands Trains;BUS;code;3956467759;Q1885115;;;CED;Cheddington
TN7013730;gare;Leighton Buzzard;Leighton Buzzard;Leighton Buzzard;7013730;;51.916199;-0.677345;GB;Europe/London;Q2462645;West Midlands Trains;BUS;code;6666423298;Q658331;;;LBZ;Leighton Buzzard
TN7013770;gare;Fenny Stratford;Fenny Stratford;Fenny Stratford;7013770;;51.99998;-0.717983;GB;Europe/London;Q2569319;West Midlands Trains;;code;20992683;Q2277649;;;FEN;Fenny Stratford
TN7013780;gare;Milton Keynes Central;Milton Keynes Central;Milton Keynes Central;7013780;;52.034201;-0.774826;GB;Europe/London;Q276274;Avanti West Coast|Lumo|West Midlands Trains;BUS;code;7159380475;Q2747135;;;MKC;Milton Keynes Central
TN7013800;gare;Aspley Guise;Aspley Guise;Aspley Guise;7013800;;52.021205;-0.632693;GB;Europe/London;Q731209;West Midlands Trains;;code;27457437;Q3043426;;;APG;Aspley Guise
TN7013810;gare;Bow Brickhill;Bow Brickhill;Bow Brickhill;7013810;;52.004216;-0.696218;GB;Europe/London;Q2569319;West Midlands Trains;;code;40859300;Q2144435;;;BWB;Bow Brickhill
TN7013840;gare;Kempston Hardwick;Kempston Hardwick;Kempston Hardwick;7013840;;52.091955;-0.503994;GB;Europe/London;Q1522913;West Midlands Trains;;code;76890118;Q2903851;;;KMH;Kempston Hardwick
TN7013860;gare;Stewartby;Stewartby;Stewartby;7013860;;52.069035;-0.520757;GB;Europe/London;Q1522913;West Midlands Trains;;code;27457645;Q2379914;;;SWR;Stewartby
TN7013900;gare;Berkhamsted;Berkhamsted;Berkhamsted;7013900;;51.763646;-0.563083;GB;Europe/London;Q3915288;West Midlands Trains;BUS;code;3956474228;Q19955;;;BKM;Berkhamsted
TN7013910;gare;Hemel Hempstead;Hemel Hempstead;Hemel Hempstead;7013910;;51.742271;-0.491121;GB;Europe/London;Q3532;West Midlands Trains;BUS;code;7158905928;Q19965;;;HML;Hemel Hempstead
TN7013920;gare;Kings Langley;Kings Langley;Kings Langley;7013920;;51.706301;-0.437916;GB;Europe/London;Q19777;West Midlands Trains;BUS;code;20455872;Q2206088;;;KGL;Kings Langley
TN7013930;gare;Tring;Tring;Tring;7013930;;51.800672;-0.622458;GB;Europe/London;Q546163;West Midlands Trains;BUS;code;4375290005;Q2620068;;;TRI;Tring
TN7013950;gare;Bushey;Bushey;Bushey;7013950;;51.645531;-0.385007;GB;Europe/London;Q2598;London Overground|West Midlands Trains;BUS;code;1104903773;Q19817;;;BSH;Bushey
TN7013970;gare;Harrow & Wealdstone;Harrow & Wealdstone;Harrow & Wealdstone;7013970;;51.592218;-0.334875;GB;Europe/London;Q84;London Overground|London Underground|Southern|West Midlands Trains;BUS;code;20455533;Q800896;;;HRW;Harrow & Wealdstone
TN7013980;gare;Hatch End;Hatch End;Hatch End;7013980;;51.609578;-0.368784;GB;Europe/London;Q84;London Overground;BUS;code;6543594084;Q2676712;;;HTE;Hatch End
TN7013990;gare;Kenton;Kenton;Kenton;7013990;;51.581525;-0.316638;GB;Europe/London;Q84;London Overground|London Underground;BUS;code;89137908;Q801001;;;KNT;Kenton
TN7014020;gare;Watford Junction;Watford Junction;Watford Junction;7014020;;51.663945;-0.396111;GB;Europe/London;Q2598;Avanti West Coast|Caledonian Sleeper|London Overground|Southern|West Midlands Trains;BUS;code;3139881254;Q10698;;;WFJ;Watford Junction
TN7014030;gare;Watford North;Watford North;Watford North;7014030;;51.675042;-0.390288;GB;Europe/London;Q2598;West Midlands Trains;BUS;code;20795433;Q19902;;;WFN;Watford North
TN7014040;gare;Acton Central;Acton Central;Acton Central;7014040;;51.508716;-0.262807;GB;Europe/London;Q84;London Overground;BUS;code;2266399032;Q2640985;;;ACC;Acton Central
TN7014090;gare;Gospel Oak;Gospel Oak;Gospel Oak;7014090;;51.555486;-0.151577;GB;Europe/London;Q84;London Overground;BUS;code;6753787771;Q800829;;;GPO;Gospel Oak
TN7014130;gare;Hampstead Heath;Hampstead Heath;Hampstead Heath;7014130;;51.55524;-0.165391;GB;Europe/London;Q84;London Overground;BUS;code;6991113888;Q2829947;;;HDH;Hampstead Heath
TN7014150;gare;Kilburn High Road;Kilburn High Road;Kilburn High Road;7014150;;51.537747;-0.191353;GB;Europe/London;Q84;London Overground;;code;6993429382;Q1800430;;;KBN;Kilburn High Road
TN7014190;gare;Queens Park London;Queens Park London;Queens Park London;7014190;;51.533916;-0.204966;GB;Europe/London;Q84;London Overground|London Underground;BUS;gtfs;;;;;QPW;Queens Park London
TN7014210;gare;West Hampstead;West Hampstead;West Hampstead;7014210;;51.547301;-0.192013;GB;Europe/London;Q84;London Overground;BUS;code;6514252665;Q2045067;;;WHD;West Hampstead
TN7014220;gare;North Wembley;North Wembley;North Wembley;7014220;;51.562402;-0.30387;GB;Europe/London;Q84;London Overground|London Underground;BUS;code;21141346;Q730267;;;NWB;North Wembley
TN7014230;gare;Wembley Central;Wembley Central;Wembley Central;7014230;;51.552328;-0.296675;GB;Europe/London;Q146858;London Overground|London Underground|Southern;BUS;code;7175566127;Q801594;;;WMB;Wembley Central
TN7014290;gare;Dalston Kingsland;Dalston Kingsland;Dalston Kingsland;7014290;;51.548191;-0.076053;GB;Europe/London;Q84;London Overground;BUS;code;6991113897;Q1924477;;;DLK;Dalston Kingsland
TN7014300;gare;Apsley;Apsley;Apsley;7014300;;51.732365;-0.462989;GB;Europe/London;VGB-corner-hall;West Midlands Trains;BUS;code;5520070965;Q19950;;;APS;Apsley
TN7014340;gare;Headstone Lane;Headstone Lane;Headstone Lane;7014340;;51.602553;-0.356952;GB;Europe/London;Q84;London Overground;BUS;code;6543594083;Q1824003;;;HDL;Headstone Lane
TN7014370;gare;Brondesbury;Brondesbury;Brondesbury;7014370;;51.545049;-0.202596;GB;Europe/London;Q84;London Overground;BUS;code;7147478680;Q4973856;;;BSY;Brondesbury
TN7014380;gare;Brondesbury Park;Brondesbury Park;Brondesbury Park;7014380;;51.540514;-0.210336;GB;Europe/London;Q84;London Overground;;code;7147511743;Q2691877;;;BSP;Brondesbury Park
TN7014390;gare;Caledonian Road & Barnsbury;Caledonian Road & Barnsbury;Caledonian Road & Barnsbury;7014390;;51.543546;-0.114886;GB;Europe/London;Q84;London Overground;;code;6993522055;Q5019457;;;CIR;Caledonian Road & Barnsbury
TN7014400;gare;Camden Road;Camden Road;Camden Road;7014400;;51.54195;-0.139528;GB;Europe/London;Q84;London Overground;BUS;code;6474389245;Q3146235;;;CMD;Camden Road
TN7014410;gare;Canonbury;Canonbury;Canonbury;7014410;;51.548563;-0.093024;GB;Europe/London;Q84;London Overground;BUS;code;7147509511;Q800611;;;CNN;Canonbury
TN7014420;gare;Carpenders Park;Carpenders Park;Carpenders Park;7014420;;51.627913;-0.385511;GB;Europe/London;Q2598;London Overground;BUS;code;6661446188;Q5045650;;;CPK;Carpenders Park
TN7014430;gare;Dalston Junction;Dalston Junction;Dalston Junction;7014430;;51.545284;-0.074968;GB;Europe/London;Q84;London Overground;BUS;code;21596119;Q800651;;;DLJ;Dalston Junction
TN7014440;gare;London Euston;London Euston;London Euston;7014440;;51.528853;-0.134191;GB;Europe/London;Q84;Avanti West Coast|Caledonian Sleeper|Great Western Railway|London Overground|Lumo|West Midlands Trains;BUS;code;3663368460;Q800751;;;EUS;London Euston
TN7014450;gare;Finchley Road & Frognal;Finchley Road & Frognal;Finchley Road & Frognal;7014450;;51.550113;-0.183584;GB;Europe/London;Q84;London Overground;BUS;code;6878672847;Q5449845;;;FNY;Finchley Road & Frognal
TN7014470;gare;Kensal Green;Kensal Green;Kensal Green;7014470;;51.530606;-0.224445;GB;Europe/London;Q84;London Overground|London Underground;BUS;code;6403994178;Q800999;;;KNL;Kensal Green
TN7014480;gare;Kensal Rise;Kensal Rise;Kensal Rise;7014480;;51.534447;-0.220224;GB;Europe/London;Q84;London Overground;BUS;code;7147498859;Q2473076;;;KNR;Kensal Rise
TN7014490;gare;Kentish Town West;Kentish Town West;Kentish Town West;7014490;;51.546994;-0.146755;GB;Europe/London;Q84;London Overground;BUS;code;6993498103;Q928181;;;KTW;Kentish Town West
TN7014510;gare;South Hampstead;South Hampstead;South Hampstead;7014510;;51.541434;-0.178801;GB;Europe/London;Q84;London Overground;;code;7147537626;Q2587081;;;SOH;South Hampstead
TN7014520;gare;South Acton;South Acton;South Acton;7014520;;51.499722;-0.269898;GB;Europe/London;Q84;London Overground;BUS;code;6441033567;Q451653;;;SAT;South Acton
TN7014530;gare;South Kenton;South Kenton;South Kenton;7014530;;51.57008;-0.308367;GB;Europe/London;Q84;London Overground|London Underground;;code;21141345;Q801454;;;SOK;South Kenton
TN7014540;gare;Stonebridge Park;Stonebridge Park;Stonebridge Park;7014540;;51.54411;-0.276228;GB;Europe/London;Q84;London Overground|London Underground;BUS;code;6438945825;Q801474;;;SBP;Stonebridge Park
TN7014550;gare;Watford High Street;Watford High Street;Watford High Street;7014550;;51.65223;-0.392498;GB;Europe/London;Q2598;London Overground;BUS;code;20992532;Q19898;;;WFH;Watford High Street
TN7014570;gare;Willesden Junction;Willesden Junction;Willesden Junction;7014570;;51.532196;-0.243504;GB;Europe/London;Q84;London Overground|London Underground;BUS;code;6438961931;Q801623;;;WIJ;Willesden Junction
TN7014630;gare;Great Missenden;Great Missenden;Great Missenden;7014630;;51.70339;-0.709246;GB;Europe/London;Q1817504;Chiltern Railways;BUS;code;21137988;Q1843842;;;GMN;Great Missenden
TN7014660;gare;Wendover;Wendover;Wendover;7014660;;51.761817;-0.74769;GB;Europe/London;Q2569184;Chiltern Railways;BUS;code;21137939;Q2751439;;;WND;Wendover
TN7014670;gare;Stoke Mandeville;Stoke Mandeville;Stoke Mandeville;7014670;;51.787885;-0.784342;GB;Europe/London;Q1027124;Chiltern Railways;BUS;code;3724898182;Q2244698;;;SKM;Stoke Mandeville
TN7014700;gare;Balgray;Balgray;Balgray;7014700;;55.787198;-4.381217;GB;Europe/London;Q2598252;ScotRail;;code;13502391588;;;;BGY;Balgray
TN7014750;gare;London Marylebone;London Marylebone;London Marylebone;7014750;;51.524371;-0.163592;GB;Europe/London;Q179351;Chiltern Railways;;code;5766054217;Q649419;;;MYB;London Marylebone
TN7014780;gare;Northolt Park;Northolt Park;Northolt Park;7014780;;51.557478;-0.359418;GB;Europe/London;Q84;Chiltern Railways;;code;19134896;Q2799274;;;NLT;Northolt Park
TN7014830;gare;Sudbury & Harrow Road;Sudbury & Harrow Road;Sudbury & Harrow Road;7014830;;51.554335;-0.31606;GB;Europe/London;Q84;Chiltern Railways;;code;7170585072;Q7633492;;;SUD;Sudbury & Harrow Road
TN7014840;gare;Sudbury Hill Harrow;Sudbury Hill Harrow;Sudbury Hill Harrow;7014840;;51.558552;-0.336182;GB;Europe/London;Q84;Chiltern Railways;;code;21362517;Q941324;;;SDH;Sudbury Hill Harrow
TN7014920;gare;Aylesbury;Aylesbury;Aylesbury;7014920;;51.813429;-0.814315;GB;Europe/London;Q213474;Chiltern Railways;BUS;code;7153884935;Q2338815;;;AYS;Aylesbury
TN7015090;gare;Wembley Stadium;Wembley Stadium;Wembley Stadium;7015090;;51.554249;-0.284766;GB;Europe/London;Q84;Chiltern Railways;;code;7170577519;Q2587124;;;WCX;Wembley Stadium
TN7015100;gare;Bedford St Johns;Bedford St Johns;Bedford St Johns;7015100;;52.129367;-0.467635;GB;Europe/London;Q208257;West Midlands Trains;;code;26237649;Q2567167;;;BSJ;Bedford St Johns
TN7015120;gare;Bedford;Bedford;Bedford;7015120;;52.136183;-0.479729;GB;Europe/London;Q208257;East Midlands Railway|LNER|Thameslink|West Midlands Trains;BUS;code;4292877922;Q2290621;;;BDM;Bedford
TN7015190;gare;Cricklewood;Cricklewood;Cricklewood;7015190;;51.558755;-0.212975;GB;Europe/London;Q84;Thameslink;BUS;code;7158881499;Q2794823;;;CRI;Cricklewood
TN7015212;gare;Harlesden;Harlesden;Harlesden;7015212;;51.536357;-0.257833;GB;Europe/London;Q84;London Overground|London Underground;BUS;code;6404013964;Q800892;;;HDN;Harlesden
TN7015220;gare;Hendon;Hendon;Hendon;7015220;;51.580217;-0.238881;GB;Europe/London;Q84;Thameslink;BUS;code;43450256;Q2047351;;;HEN;Hendon
TN7015240;gare;Upper Holloway;Upper Holloway;Upper Holloway;7015240;;51.563474;-0.129647;GB;Europe/London;Q84;London Overground;BUS;code;6724844050;Q2362457;;;UHL;Upper Holloway
TN7015250;gare;West Hampstead Thameslink;West Hampstead Thameslink;West Hampstead Thameslink;7015250;;51.548424;-0.192322;GB;Europe/London;Q84;Thameslink;BUS;code;6522206880;Q658445;;;WHP;West Hampstead Thameslink
TN7015270;gare;Mill Hill Broadway;Mill Hill Broadway;Mill Hill Broadway;7015270;;51.612669;-0.2488;GB;Europe/London;Q84;Thameslink;BUS;code;13884199;Q2396825;;;MIL;Mill Hill Broadway
TN7015320;gare;Flitwick;Flitwick;Flitwick;7015320;;52.003791;-0.494982;GB;Europe/London;Q2568532;Thameslink;BUS;code;3956507570;Q2047756;;;FLT;Flitwick
TN7015330;gare;Harlington;Harlington;Harlington;7015330;;51.961407;-0.49534;GB;Europe/London;Q975042;Thameslink;BUS;code;3956533165;Q2107782;;;HLN;Harlington
TN7015340;gare;Leagrave;Leagrave;Leagrave;7015340;;51.905474;-0.458599;GB;Europe/London;Q203889;Thameslink;BUS;code;21285573;Q12061118;;;LEA;Leagrave
TN7015360;gare;Luton;Luton;Luton;7015360;;51.882527;-0.414085;GB;Europe/London;Q203889;East Midlands Railway|Thameslink;BUS;code;8399259717;Q1809595;;;LUT;Luton
TN7015370;gare;Millbrook (Bedfordshire);Millbrook;Millbrook;7015370;;52.054236;-0.532358;GB;Europe/London;Q1522886;West Midlands Trains;;code;76892789;Q777709;;;MLB;Millbrook (Bedfordshire)
TN7015380;gare;Ridgmont;Ridgmont;Ridgmont;7015380;;52.026389;-0.594849;GB;Europe/London;Q1519726;West Midlands Trains;;code;27457444;Q7332882;;;RID;Ridgmont
TN7015390;gare;Woburn Sands;Woburn Sands;Woburn Sands;7015390;;52.018109;-0.654557;GB;Europe/London;Q6861276;West Midlands Trains;;code;40857759;Q2253624;;;WOB;Woburn Sands
TN7015420;gare;Elstree & Borehamwood;Elstree & Borehamwood;Elstree & Borehamwood;7015420;;51.652819;-0.279882;GB;Europe/London;Q19773;Thameslink;BUS;code;7170486628;Q5367763;;;ELS;Elstree & Borehamwood
TN7015430;gare;Harpenden;Harpenden;Harpenden;7015430;;51.814818;-0.351557;GB;Europe/London;Q19785;Thameslink;BUS;code;6825844805;Q2278802;;;HPD;Harpenden
TN7015460;gare;Radlett;Radlett;Radlett;7015460;;51.685325;-0.317089;GB;Europe/London;Q19923;Thameslink;BUS;code;45080823;Q1834590;;;RDT;Radlett
TN7015480;gare;St Albans;St Albans City;St Albans City;7015480;;51.750497;-0.327669;GB;Europe/London;Q6226;Thameslink;BUS;code;6751679833;Q19986;;;SAC;St Albans
TN7015530;gare;Kentish Town;Kentish Town;Kentish Town;7015530;;51.550173;-0.138865;GB;Europe/London;Q84;Thameslink;;code;5359714471;Q636614;;;KTN;Kentish Town
TN7015550;gare;London St. Pancras International;London St. Pancras International;London St. Pancras International;7015550;;51.53272;-0.127003;GB;Europe/London;Q84;East Midlands Railway|Hull Trains|Southeastern|Thameslink;BUS;code;3662847634;Q720102;;XKLP;STP;London St Pancras International
TN7015590;gare;Garston (Hertfordshire);Garston;Garston;7015590;;51.686523;-0.381812;GB;Europe/London;Q2598;West Midlands Trains;BUS;code;20795429;Q19895;;;GSN;Garston (Hertfordshire)
TN7015600;gare;Bricket Wood;Bricket Wood;Bricket Wood;7015600;;51.705566;-0.359118;GB;Europe/London;Q6226;West Midlands Trains;BUS;code;20794793;Q2407794;;;BWO;Bricket Wood
TN7015610;gare;Park Street;Park Street;Park Street;7015610;;51.725664;-0.340069;GB;Europe/London;Q6226;West Midlands Trains;BUS;code;20792900;Q2162503;;;PKT;Park Street
TN7015620;gare;St Albans Abbey;St Albans Abbey;St Albans Abbey;7015620;;51.744658;-0.342528;GB;Europe/London;Q6226;West Midlands Trains;BUS;code;20792890;Q2693952;;;SAA;St Albans Abbey
TN7015630;gare;How Wood;How Wood;How Wood;7015630;;51.717366;-0.344943;GB;Europe/London;Q6226;West Midlands Trains;BUS;code;20798190;Q2664311;;;HWW;How Wood
TN7015790;gare;Lidlington;Lidlington;Lidlington;7015790;;52.041584;-0.558997;GB;Europe/London;Q1520191;West Midlands Trains;;code;674935458;Q2323668;;;LID;Lidlington
TN7015810;gare;Matlock;Matlock;Matlock;7015810;;53.138114;-1.558551;GB;Europe/London;Q1337703;East Midlands Railway;BUS;code;6415346593;Q4591297;;;MAT;Matlock
TN7015820;gare;Matlock Bath;Matlock Bath;Matlock Bath;7015820;;53.122553;-1.556872;GB;Europe/London;Q1337703;East Midlands Railway;BUS;code;6415346594;Q2537583;;;MTB;Matlock Bath
TN7015850;gare;Whatstandwell;Whatstandwell;Whatstandwell;7015850;;53.083469;-1.504294;GB;Europe/London;Q2377854;East Midlands Railway;BUS;code;6415346591;Q2313025;;;WTS;Whatstandwell
TN7015950;gare;Shirebrook;Shirebrook;Shirebrook;7015950;;53.204121;-1.202593;GB;Europe/London;Q2345424;East Midlands Railway;BUS;code;3170173968;Q2412758;;;SHB;Shirebrook
TN7016240;gare;Attenborough;Attenborough;Attenborough;7016240;;52.906413;-1.231152;GB;Europe/London;Q3296578;CrossCountry|East Midlands Railway;BUS;code;6415345182;Q2098552;;;ATB;Attenborough
TN7016250;gare;Beeston;Beeston;Beeston;7016250;;52.920794;-1.207507;GB;Europe/London;Q1791022;CrossCountry|East Midlands Railway;BUS;code;4292892169;Q3299120;;;BEE;Beeston
TN7016550;gare;Kelvindale;Kelvindale;Kelvindale;7016550;;55.893482;-4.31008;GB;Europe/London;Q4093;ScotRail;;code;7209254484;Q2382085;;;KVD;Kelvindale
TN7016580;gare;Burton-on-Trent;Burton-on-Trent;Burton-on-Trent;7016580;;52.805873;-1.642499;GB;Europe/London;Q1000597;CrossCountry;;code;6646199708;Q2011595;;;BUT;Burton-On-Trent
TN7016590;gare;Canada Water;Canada Water;Canada Water;7016590;;51.49793;-0.04984;GB;Europe/London;Q84;London Overground;BUS;code;5700149213;Q800610;;;ZCW;Canada Water
TN7016631;gare;Pye Corner;Pye Corner;Pye Corner;7016631;;51.581304;-3.041223;GB;Europe/London;Q101254;Transport for Wales;BUS;code;8493342417;Q7262951;;;PYE;Pye Corner
TN7016780;gare;Ambergate;Ambergate;Ambergate;7016780;;53.060419;-1.480865;GB;Europe/London;Q2067964;East Midlands Railway;BUS;code;2126330319;Q2100978;;;AMB;Ambergate
TN7016790;gare;Belper;Belper;Belper;7016790;;53.024273;-1.482563;GB;Europe/London;Q2080375;East Midlands Railway;BUS;code;6415346590;Q3148981;;;BLP;Belper
TN7016870;gare;Peartree;Peartree;Peartree;7016870;;52.897602;-1.472291;GB;Europe/London;Q43475;East Midlands Railway;;code;252838671;Q7158389;;;PEA;Peartree
TN7016910;gare;Duffield;Duffield;Duffield;7016910;;52.988228;-1.485858;GB;Europe/London;Q2749481;East Midlands Railway;BUS;code;6415346589;Q4027193;;;DFI;Duffield
TN7016990;gare;Spondon;Spondon;Spondon;7016990;;52.912095;-1.410817;GB;Europe/London;Q43475;CrossCountry|East Midlands Railway;BUS;code;2132540013;Q7578950;;;SPO;Spondon
TN7017270;gare;Mansfield;Mansfield;Mansfield;7017270;;53.142079;-1.198501;GB;Europe/London;Q841979;East Midlands Railway;;code;7147298084;Q13528239;;;MFT;Mansfield
TN7017280;gare;Mansfield Woodhouse;Mansfield Woodhouse;Mansfield Woodhouse;7017280;;53.163463;-1.201752;GB;Europe/London;Q2737424;East Midlands Railway;BUS;code;146409118;Q2656994;;;MSW;Mansfield Woodhouse
TN7017340;gare;Howwood;Howwood;Howwood;7017340;;55.810572;-4.562509;GB;Europe/London;Q974134;ScotRail;BUS;code;30565731;Q2342200;;;HOZ;Howwood
TN7017610;gare;Langley Mill;Langley Mill;Langley Mill;7017610;;53.018474;-1.331197;GB;Europe/London;Q6486274;East Midlands Railway|Northern;BUS;code;3727407363;Q2145892;;;LGM;Langley Mill
TN7017830;gare;Tutbury & Hatton;Tutbury and Hatton;Tutbury and Hatton;7017830;;52.86412;-1.682118;GB;Europe/London;Q1807530;East Midlands Railway;;code;100878319;Q2564949;;;TUT;Tutbury & Hatton
TN7018050;gare;Alfreton;Alfreton;Alfreton;7018050;;53.101058;-1.36984;GB;Europe/London;Q2462661;East Midlands Railway|Northern;BUS;code;7147304696;Q1872948;;;ALF;Alfreton
TN7018220;gare;Cromford;Cromford;Cromford;7018220;;53.112911;-1.549066;GB;Europe/London;Q1337703;East Midlands Railway;BUS;code;6415346592;Q2079568;;;CMF;Cromford
TN7018230;gare;Derby;Derby;Derby;7018230;;52.916524;-1.462612;GB;Europe/London;Q43475;CrossCountry|East Midlands Railway;BUS;code;5871807868;Q3398679;;;DBY;Derby
TN7018260;gare;Nottingham;Nottingham;Nottingham;7018260;;52.947304;-1.144956;GB;Europe/London;Q21885994;CrossCountry|East Midlands Railway|Northern;BUS;code;324650068;Q1988621;;;NOT;Nottingham
TN7018290;gare;Long Eaton;Long Eaton;Long Eaton;7018290;;52.88497;-1.287282;GB;Europe/London;Q2342439;CrossCountry|East Midlands Railway;BUS;code;1587569090;Q2357399;;;LGE;Long Eaton
TN7018472;gare;Corby;Corby;Corby;7018472;;52.488849;-0.688383;GB;Europe/London;Q994925;East Midlands Railway;BUS;code;7156655363;Q5169828;;;COR;Corby
TN7018510;gare;Melton Mowbray;Melton Mowbray;Melton Mowbray;7018510;;52.761023;-0.885787;GB;Europe/London;Q1018423;CrossCountry|East Midlands Railway;;code;5591126797;Q3296233;;;MMO;Melton Mowbray
TN7018570;gare;Kettering;Kettering;Kettering;7018570;;52.393487;-0.732045;GB;Europe/London;Q984613;East Midlands Railway;BUS;code;3469981;Q2284587;;;KET;Kettering
TN7018610;gare;Sutton Parkway;Sutton Parkway;Sutton Parkway;7018610;;53.114141;-1.245548;GB;Europe/London;Q2119187;East Midlands Railway;;code;3170173970;Q1984369;;;SPK;Sutton Parkway
TN7018620;gare;Hucknall;Hucknall;Hucknall;7018620;;53.038498;-1.19595;GB;Europe/London;Q1633759;East Midlands Railway;;code;135459446;Q2393008;;;HKN;Hucknall
TN7018630;gare;Newstead;Newstead;Newstead;7018630;;53.069977;-1.221822;GB;Europe/London;Q7019849;East Midlands Railway;;code;49183356;Q2700960;;;NSD;Newstead
TN7018650;gare;Bulwell;Bulwell;Bulwell;7018650;;52.999344;-1.195396;GB;Europe/London;Q4383991;East Midlands Railway;;code;7172258460;Q1828548;;;BLW;Bulwell
TN7018670;gare;Kirkby-in-Ashfield;Kirkby-in-Ashfield;Kirkby-in-Ashfield;7018670;;53.10002;-1.253268;GB;Europe/London;Q738869;East Midlands Railway;;code;3170172465;Q6415580;;;KKB;Kirkby in Ashfield
TN7018700;gare;Hinckley;Hinckley;Hinckley;7018700;;52.535173;-1.371106;GB;Europe/London;Q1020362;CrossCountry;;code;21618327;Q2733409;;;HNK;Hinckley
TN7018710;gare;Langwith-Whaley Thorns;Langwith-Whaley Thorns;Langwith-Whaley Thorns;7018710;;53.232737;-1.20928;GB;Europe/London;Q7990556;East Midlands Railway;BUS;code;3170172466;Q2400406;;;LAG;Langwith - Whaley Thorns
TN7018740;gare;Creswell (Derbys);Creswell;Creswell;7018740;;53.263919;-1.216411;GB;Europe/London;Q5184679;East Midlands Railway;BUS;code;3170172463;Q1967041;;;CWD;Creswell (Derbys)
TN7018810;gare;Narborough;Narborough;Narborough;7018810;;52.571375;-1.202809;GB;Europe/London;Q1612187;CrossCountry;;code;18668223;Q1823442;;;NBR;Narborough
TN7018970;gare;Loughborough;Loughborough;Loughborough;7018970;;52.779576;-1.196513;GB;Europe/London;Q537323;East Midlands Railway;BUS;code;3222306000;Q1912686;;;LBO;Loughborough
TN7019000;gare;Syston;Syston;Syston;7019000;;52.694089;-1.082525;GB;Europe/London;Q2361606;East Midlands Railway;BUS;code;6415345154;Q2466439;;;SYS;Syston
TN7019010;gare;East Midlands Parkway;East Midlands Parkway;East Midlands Parkway;7019010;;52.862275;-1.262883;GB;Europe/London;Q21885994;East Midlands Railway;BUS;code;2136826434;Q5328988;;;EMD;East Midlands Parkway
TN7019020;gare;Sileby;Sileby;Sileby;7019020;;52.731126;-1.109438;GB;Europe/London;Q2361606;East Midlands Railway;BUS;code;7170503782;Q3023682;;;SIL;Sileby
TN7019030;gare;Barrow-upon-Soar;Barrow-upon-Soar;Barrow-upon-Soar;7019030;;52.749431;-1.145491;GB;Europe/London;Q808993;East Midlands Railway;;code;6415345153;Q2146431;;;BWS;Barrow Upon Soar
TN7019040;gare;Oakham;Oakham;Oakham;7019040;;52.67229;-0.734345;GB;Europe/London;Q2207274;CrossCountry|East Midlands Railway;;code;6644096983;Q580151;;;OKM;Oakham
TN7019050;gare;Willington;Willington;Willington;7019050;;52.853379;-1.564104;GB;Europe/London;Q2168916;CrossCountry;;code;6646199703;Q746608;;;WIL;Willington
TN7019090;gare;Market Harborough;Market Harborough;Market Harborough;7019090;;52.480241;-0.909134;GB;Europe/London;Q6649241;East Midlands Railway;BUS;code;7153736020;Q2682713;;;MHR;Market Harborough
TN7019400;gare;Wellingborough;Wellingborough;Wellingborough;7019400;;52.303783;-0.676281;GB;Europe/London;Q913499;East Midlands Railway;BUS;code;417225;Q2562129;;;WEL;Wellingborough
TN7019470;gare;Leicester;Leicester;Leicester;7019470;;52.632109;-1.123606;GB;Europe/London;Q83065;CrossCountry|East Midlands Railway;BUS;code;4292139459;Q3399620;;;LEI;Leicester
TN7019490;gare;South Wigston;South Wigston;South Wigston;7019490;;52.582392;-1.13403;GB;Europe/London;Q2223506;CrossCountry;;code;2136829095;Q2096724;;;SWS;South Wigston
TN7019530;gare;Askam;Askam;Askam;7019530;;54.189125;-3.204561;GB;Europe/London;Q23309970;Northern;BUS;code;6080982976;Q2501136;;;ASK;Askam
TN7019540;gare;Barrow-in-Furness;Barrow-in-Furness;Barrow-in-Furness;7019540;;54.11912;-3.226026;GB;Europe/London;Q671892;Northern;BUS;code;5065927285;Q1814436;;;BIF;Barrow-In-Furness
TN7019570;gare;Dalton;Dalton;Dalton;7019570;;54.154237;-3.178842;GB;Europe/London;Q1158089;Northern;BUS;code;48393605;Q3152097;;;DLT;Dalton
TN7019590;gare;Kirkby-in-Furness;Kirkby-in-Furness;Kirkby-in-Furness;7019590;;54.232903;-3.187217;GB;Europe/London;Q2229694;Northern;BUS;code;3220142858;Q4614344;;;KBF;Kirkby-In-Furness
TN7019620;gare;Roose;Roose;Roose;7019620;;54.115059;-3.194383;GB;Europe/London;Q671892;Northern;BUS;code;8447567917;Q3394586;;;ROO;Roose
TN7019630;gare;Arnside;Arnside;Arnside;7019630;;54.202601;-2.828067;GB;Europe/London;Q697494;Northern;BUS;code;7172216103;Q4776543;;;ARN;Arnside
TN7019640;gare;Cark;Cark and Cartmel;Cark and Cartmel;7019640;;54.177968;-2.974002;GB;Europe/London;Q662167;Northern;BUS;code;48393249;Q2229171;;;CAK;Cark
TN7019650;gare;Grange-over-Sands;Grange-over-Sands;Grange-over-Sands;7019650;;54.195693;-2.902804;GB;Europe/London;Q1477163;Northern;BUS;code;3426364086;Q2404532;;;GOS;Grange-Over-Sands
TN7019660;gare;Kents Bank;Kents Bank;Kents Bank;7019660;;54.172875;-2.925205;GB;Europe/London;Q1477163;Northern;BUS;code;5454626221;Q2552522;;;KBK;Kents Bank
TN7019680;gare;Silverdale;Silverdale;Silverdale;7019680;;54.169343;-2.803798;GB;Europe/London;Q205905;Northern;BUS;code;29490739;Q4799401;;;SVR;Silverdale
TN7019750;gare;Burneside;Burneside;Burneside;7019750;;54.355518;-2.767351;GB;Europe/London;Q4999653;Northern;BUS;code;5416730728;Q2520439;;;BUD;Burneside
TN7019760;gare;Kendal;Kendal;Kendal;7019760;;54.332247;-2.740145;GB;Europe/London;Q994575;Northern;BUS;code;7167833766;Q1916006;;;KEN;Kendal
TN7019770;gare;Staveley;Staveley;Staveley;7019770;;54.375618;-2.819072;GB;Europe/London;Q2793287;Northern;BUS;code;21042440;Q2032914;;;SVL;Staveley
TN7019780;gare;Windermere;Windermere;Windermere;7019780;;54.37949;-2.903305;GB;Europe/London;Q119936;Northern;BUS;code;7156655364;Q2530403;;;WDM;Windermere
TN7019880;gare;Maryport;Maryport;Maryport;7019880;;54.711299;-3.494087;GB;Europe/London;Q640981;Northern;BUS;code;2118763055;Q2326887;;;MRY;Maryport
TN7019930;gare;Bootle (Cumbria);Bootle;Bootle;7019930;;54.291181;-3.393836;GB;Europe/London;Q893159;Northern;BUS;code;6080992439;Q1975978;;;BOC;Bootle (Cumbria)
TN7019940;gare;Drigg;Drigg;Drigg;7019940;;54.376858;-3.443581;GB;Europe/London;Q5307512;Northern;BUS;code;6080996614;Q2345937;;;DRI;Drigg
TN7019960;gare;Green Road;Green Road;Green Road;7019960;;54.244425;-3.245408;GB;Europe/London;VGB-the-green;Northern;BUS;code;6080982977;Q4825330;;;GNR;Green Road
TN7019970;gare;Millom;Millom;Millom;7019970;;54.211022;-3.270613;GB;Europe/London;Q368740;Northern;BUS;code;6080991390;Q2250935;;;MLM;Millom
TN7019990;gare;Ravenglass for Eskdale;Ravenglass;Ravenglass;7019990;;54.35566;-3.408879;GB;Europe/London;Q173933;Northern;BUS;code;5068585461;Q2401288;;;RAV;Ravenglass for Eskdale
TN7020000;gare;Silecroft;Silecroft;Silecroft;7020000;;54.226089;-3.334682;GB;Europe/London;Q7514340;Northern;BUS;code;48394585;Q2587065;;;SIC;Silecroft
TN7020020;gare;St Bees;St Bees;St Bees;7020020;;54.492353;-3.59124;GB;Europe/London;Q1017068;Northern;BUS;code;3648649638;Q2545047;;;SBS;St Bees
TN7020030;gare;Seascale;Seascale;Seascale;7020030;;54.396288;-3.485171;GB;Europe/London;Q2049615;Northern;BUS;code;48827409;Q2605327;;;SSC;Seascale
TN7020040;gare;Sellafield;Sellafield;Sellafield;7020040;;54.416645;-3.510454;GB;Europe/London;Q4878675;Northern;BUS;code;6080996613;Q5371765;;;SEL;Sellafield
TN7020100;gare;Ulverston;Ulverston;Ulverston;7020100;;54.191715;-3.097933;GB;Europe/London;Q979357;Northern;BUS;code;5456272347;Q2055056;;;ULV;Ulverston
TN7020260;gare;Flimby;Flimby;Flimby;7020260;;54.689987;-3.520531;GB;Europe/London;Q640981;Northern;BUS;code;48882173;Q2075537;;;FLM;Flimby
TN7020270;gare;Harrington;Harrington;Harrington;7020270;;54.61352;-3.56555;GB;Europe/London;Q1538358;Northern;BUS;code;48881812;Q5427385;;;HRR;Harrington
TN7020322;gare;Parton;Parton;Parton;7020322;;54.570423;-3.58078;GB;Europe/London;Q2405351;Northern;BUS;code;9324344703;Q5086006;;;PRN;Parton
TN7020390;arret_car;Lynton Bus;Lynton Bus;Lynton Bus;7020390;;51.228515;-3.833135;GB;Europe/London;Q1234827;;BUS;gtfs;;;;;LCP;Lynton Bus
TN7020400;gare;Workington;Workington;Workington;7020400;;54.644964;-3.558903;GB;Europe/London;Q1538358;Northern;BUS;code;7156690642;Q2345398;;;WKG;Workington
TN7020410;gare;Thanet Parkway;Thanet Parkway;Thanet Parkway;7020410;;51.330784;1.361456;GB;Europe/London;Q2287962;Southeastern;BUS;code;3730461563;Q17018937;;;THP;Thanet Parkway
TN7020450;gare;Braystones;Braystones;Braystones;7020450;;54.439508;-3.541971;GB;Europe/London;Q4878675;Northern;;code;6080996615;Q2299653;;;BYS;Braystones
TN7020460;gare;Foxfield;Foxfield;Foxfield;7020460;;54.258596;-3.215935;GB;Europe/London;Q431994;Northern;BUS;code;48394378;Q2206984;;;FOX;Foxfield
TN7020470;gare;Nethertown;Nethertown;Nethertown;7020470;;54.456227;-3.565624;GB;Europe/London;Q6999681;Northern;;code;48827461;Q1901274;;;NRT;Nethertown
TN7020480;gare;Whitehaven;Whitehaven;Whitehaven;7020480;;54.55322;-3.587179;GB;Europe/London;Q1012481;Northern;BUS;code;5068848674;Q2194627;;;WTH;Whitehaven
TN7020490;gare;Corkickle;Corkickle;Corkickle;7020490;;54.541669;-3.58213;GB;Europe/London;Q1012481;Northern;BUS;code;9324344692;Q4394993;;;CKL;Corkickle
TN7020520;gare;Appleby;Appleby;Appleby;7020520;;54.58041;-2.486536;GB;Europe/London;Q621540;Northern;;code;1388665716;Q2169384;;;APP;Appleby
TN7020530;gare;Braintree Freeport;Braintree Freeport;Braintree Freeport;7020530;;51.869294;0.568196;GB;Europe/London;Q676067;Greater Anglia;BUS;code;55420882;Q2540597;;;BTP;Braintree Freeport
TN7020540;gare;Armathwaite;Armathwaite;Armathwaite;7020540;;54.809435;-2.77208;GB;Europe/London;Q4792901;Northern;;code;20971090;Q2444747;;;AWT;Armathwaite
TN7020570;gare;Kirkby Stephen;Kirkby Stephen;Kirkby Stephen;7020570;;54.454908;-2.368703;GB;Europe/London;Q2779500;Northern;;code;6697681932;Q2238374;;;KSW;Kirkby Stephen
TN7020580;gare;Langwathby;Langwathby;Langwathby;7020580;;54.694363;-2.663557;GB;Europe/London;Q2021055;Northern;;code;20971095;Q2035773;;;LGW;Langwathby
TN7020590;gare;Lazonby & Kirkoswald;Lazonby and Kirkoswald;Lazonby and Kirkoswald;7020590;;54.750815;-2.703691;GB;Europe/London;Q1893645;Northern;;code;20971092;Q1973653;;;LZB;Lazonby & Kirkoswald
TN7020680;arret_car;Lynmouth Bus;Lynmouth Bus;Lynmouth Bus;7020680;;51.229481;-3.828876;GB;Europe/London;Q1234805;;BUS;gtfs;;;;;LLP;Lynmouth Bus
TN7020770;gare;Dalston (Cumbria);Dalston;Dalston;7020770;;54.846165;-2.988576;GB;Europe/London;Q2499366;Northern;BUS;code;49023154;Q5211644;;;DLS;Dalston (Cumbria)
TN7020800;gare;Euxton Balshaw Lane;Euxton Balshaw Lane;Euxton Balshaw Lane;7020800;;53.659824;-2.671681;GB;Europe/London;Q2078535;Northern;BUS;code;29554054;Q3961715;;;EBA;Euxton Balshaw Lane
TN7020903;gare;Oxenholme Lake District;Oxenholme Lake District;Oxenholme Lake District;7020903;;54.30506;-2.721777;GB;Europe/London;Q994575;Avanti West Coast|Northern|TransPennine Express;BUS;code;7170564251;Q2104076;;;OXN;Oxenholme Lake District
TN7020950;gare;Aspatria;Aspatria;Aspatria;7020950;;54.758954;-3.331881;GB;Europe/London;Q1857198;Northern;BUS;code;9324252266;Q3364830;;;ASP;Aspatria
TN7020980;gare;Wigton;Wigton;Wigton;7020980;;54.829123;-3.164289;GB;Europe/London;Q2227457;Northern;BUS;code;486585551;Q2251503;;;WGT;Wigton
TN7021020;gare;Penrith;Penrith (North Lakes);Penrith (North Lakes);7021020;;54.661997;-2.758803;GB;Europe/London;Q798906;Avanti West Coast|TransPennine Express;BUS;code;6451802276;Q2362780;;;PNR;Penrith
TN7021030;gare;Dent;Dent;Dent;7021030;;54.282566;-2.363634;GB;Europe/London;Q130411;Northern;;code;20975586;Q2319302;;;DNT;Dent
TN7021040;gare;Garsdale;Garsdale;Garsdale;7021040;;54.321462;-2.326368;GB;Europe/London;Q110536353;Northern;;code;20972511;Q2145153;;;GSD;Garsdale
TN7021050;gare;Horton-in-Ribblesdale;Horton-in-Ribblesdale;Horton-in-Ribblesdale;7021050;;54.149217;-2.302098;GB;Europe/London;Q748761;Northern;;code;20975875;Q5906817;;;HIR;Horton in Ribblesdale
TN7021060;gare;Ribblehead;Ribblehead;Ribblehead;7021060;;54.205639;-2.36073;GB;Europe/London;Q985313;Northern;;code;20975595;Q2801135;;;RHD;Ribblehead
TN7021070;gare;Settle;Settle;Settle;7021070;;54.066955;-2.280834;GB;Europe/London;Q1779508;Northern;;code;12858702;Q2210148;;;SET;Settle
TN7021180;gare;Carlisle;Carlisle;Carlisle;7021180;;54.890257;-2.933047;GB;Europe/London;Q192896;Avanti West Coast|Caledonian Sleeper|LNER|Lumo|Northern|ScotRail|TransPennine Express;BUS;code;10288172;Q2792535;;;CAR;Carlisle
TN7021210;gare;Ellesmere Port;Ellesmere Port;Ellesmere Port;7021210;;53.282111;-2.896046;GB;Europe/London;Q1011600;Merseyrail|Northern;BUS;code;14188019;Q5365264;;;ELP;Ellesmere Port
TN7021220;gare;Ince & Elton;Ince and Elton;Ince and Elton;7021220;;53.276601;-2.816683;GB;Europe/London;Q2020505;Northern;;code;3695343701;Q2676232;;;INE;Ince & Elton
TN7021230;gare;Blundellsands & Crosby;Blundellsands & Crosby;Blundellsands & Crosby;7021230;;53.487726;-3.040435;GB;Europe/London;Q5188019;Merseyrail;BUS;code;4824860651;Q2342705;;;BLN;Blundellsands & Crosby
TN7021240;gare;Kirkby;Kirkby;Kirkby;7021240;;53.48639;-2.902805;GB;Europe/London;Q2235181;Merseyrail;BUS;code;30639884;Q2638933;;;KIR;Kirkby
TN7021250;gare;Aintree;Aintree;Aintree;7021250;;53.473815;-2.956331;GB;Europe/London;Q6647845;Merseyrail;BUS;code;30644154;Q2184297;;;AIN;Aintree
TN7021260;gare;Fazakerley;Fazakerley;Fazakerley;7021260;;53.468984;-2.93697;GB;Europe/London;Q21665571;Merseyrail;BUS;code;3773250539;Q4837976;;;FAZ;Fazakerley
TN7021280;gare;Eastham Rake;Eastham Rake;Eastham Rake;7021280;;53.307572;-2.981272;GB;Europe/London;Q2338272;Merseyrail;BUS;code;10056858277;Q2043331;;;ERA;Eastham Rake
TN7021310;gare;Rice Lane;Rice Lane;Rice Lane;7021310;;53.457506;-2.963095;GB;Europe/London;Q21665571;Merseyrail;BUS;code;3773154592;Q2419192;;;RIL;Rice Lane
TN7021330;gare;Waterloo (Merseyside);Waterloo;Waterloo;7021330;;53.474659;-3.025192;GB;Europe/London;Q5188019;Merseyrail;BUS;code;30644355;Q2305041;;;WLO;Waterloo (Merseyside)
TN7021360;gare;Bidston;Bidston;Bidston;7021360;;53.409358;-3.078782;GB;Europe/London;Q7240575;Merseyrail|Transport for Wales;BUS;code;10055803289;Q2592219;;;BID;Bidston
TN7021380;gare;Heswall;Heswall;Heswall;7021380;;53.329667;-3.073354;GB;Europe/London;Q674669;Transport for Wales;;code;80043957;Q3418506;;;HSW;Heswall
TN7021390;gare;Neston;Neston;Neston;7021390;;53.291747;-3.062996;GB;Europe/London;Q925760;Transport for Wales;;code;27072504;Q2540573;;;NES;Neston
TN7021410;gare;Upton;Upton;Upton;7021410;;53.386445;-3.084131;GB;Europe/London;Q7240575;Transport for Wales;;code;31072179;Q2736977;;;UPT;Upton
TN7021450;gare;Birkenhead North;Birkenhead North;Birkenhead North;7021450;;53.404707;-3.057927;GB;Europe/London;Q746718;Merseyrail;BUS;code;10055803287;Q2583306;;;BKN;Birkenhead North
TN7021460;gare;Hawarden Bridge;Hawarden Bridge;Hawarden Bridge;7021460;;53.218186;-3.032286;GB;Europe/London;Q2355142;Transport for Wales;;code;29034891;Q519727;;;HWB;Hawarden Bridge
TN7021480;port;Liverpool Lnd Sg;Liverpool Lnd Sg;Liverpool Lnd Sg;7021480;;53.447486;-3.010269;GB;Europe/London;Q893159;;FERRY;gtfs;;;;;LVS;Liverpool Lnd Sg
TN7021490;gare;Helsby;Helsby;Helsby;7021490;;53.275289;-2.771148;GB;Europe/London;Q2073045;Northern|Transport for Wales;BUS;code;16265186;Q3401861;;;HSB;Helsby
TN7021510;gare;Moreton (Merseyside);Moreton;Moreton;7021510;;53.407278;-3.11321;GB;Europe/London;Q2836339;Merseyrail;BUS;code;31072160;Q2556146;;;MRT;Moreton (Merseyside)
TN7021520;gare;New Brighton;New Brighton;New Brighton;7021520;;53.437388;-3.048046;GB;Europe/London;Q780923;Merseyrail;BUS;code;1669450062;Q2194863;;;NBN;New Brighton
TN7021540;gare;Wallasey Grove Road;Wallasey Grove Road;Wallasey Grove Road;7021540;;53.428443;-3.069735;GB;Europe/London;Q780923;Merseyrail;BUS;code;10056068812;Q2633126;;;WLG;Wallasey Grove Road
TN7021550;gare;Maghull;Maghull;Maghull;7021550;;53.50647;-2.931025;GB;Europe/London;Q1951431;Merseyrail;BUS;code;49351567;Q2683134;;;MAG;Maghull
TN7021560;gare;Little Sutton;Little Sutton;Little Sutton;7021560;;53.285351;-2.943127;GB;Europe/London;Q1011600;Merseyrail;BUS;code;10056858288;Q2676958;;;LTT;Little Sutton
TN7021570;gare;Overpool;Overpool;Overpool;7021570;;53.284087;-2.924926;GB;Europe/London;Q1011600;Merseyrail;BUS;code;10056858302;Q603781;;;OVE;Overpool
TN7021580;gare;Mouldsworth;Mouldsworth;Mouldsworth;7021580;;53.231815;-2.73221;GB;Europe/London;Q2464851;Northern;BUS;code;6334988561;Q4499800;;;MLD;Mouldsworth
TN7021600;gare;Huyton;Huyton;Huyton;7021600;;53.409627;-2.84322;GB;Europe/London;Q1639484;Northern;BUS;code;255276373;Q946322;;;HUY;Huyton
TN7021610;gare;Whiston;Whiston;Whiston;7021610;;53.413914;-2.79652;GB;Europe/London;Q1830491;Northern;BUS;code;255278185;Q2459451;;;WHN;Whiston
TN7021690;gare;Edge Hill;Edge Hill;Edge Hill;7021690;;53.402493;-2.946655;GB;Europe/London;Q21665571;Northern;BUS;code;6414583115;Q1814188;;;EDG;Edge Hill
TN7021710;gare;Mossley Hill;Mossley Hill;Mossley Hill;7021710;;53.378557;-2.914829;GB;Europe/London;Q21665571;Northern|West Midlands Trains;BUS;code;6414583116;Q1998870;;;MSH;Mossley Hill
TN7021860;gare;Capenhurst;Capenhurst;Capenhurst;7021860;;53.260233;-2.9426;GB;Europe/London;Q2285773;Merseyrail;BUS;code;10056956275;Q137076;;;CPU;Capenhurst
TN7021870;gare;Bache;Bache;Bache;7021870;;53.208262;-2.891395;GB;Europe/London;Q170263;Merseyrail;BUS;code;10056956277;Q139580;;;BAC;Bache
TN7021880;gare;Bebington;Bebington;Bebington;7021880;;53.357661;-3.003066;GB;Europe/London;Q20709709;Merseyrail;BUS;code;10056858272;Q2192728;;;BEB;Bebington
TN7021890;gare;Rock Ferry;Rock Ferry;Rock Ferry;7021890;;53.3728;-3.010821;GB;Europe/London;Q3875229;Merseyrail;BUS;code;10056858271;Q1812654;;;RFY;Rock Ferry
TN7021900;gare;Bromborough;Bromborough;Bromborough;7021900;;53.321858;-2.986888;GB;Europe/London;Q2338272;Merseyrail;BUS;code;10056858276;Q2223694;;;BOM;Bromborough
TN7021910;gare;Bromborough Rake;Bromborough Rake;Bromborough Rake;7021910;;53.330277;-2.990223;GB;Europe/London;Q2338272;Merseyrail;BUS;code;3773032616;Q2270263;;;BMR;Bromborough Rake
TN7021930;gare;Hooton;Hooton;Hooton;7021930;;53.296994;-2.977318;GB;Europe/London;Q2530172;Merseyrail;BUS;code;10056858279;Q2291942;;;HOO;Hooton
TN7021940;gare;Hoylake;Hoylake;Hoylake;7021940;;53.389902;-3.178823;GB;Europe/London;Q2024069;Merseyrail;BUS;code;10055803296;Q2196603;;;HYK;Hoylake
TN7021950;gare;Bootle New Strand;Bootle New Strand;Bootle New Strand;7021950;;53.452785;-2.994616;GB;Europe/London;Q893159;Merseyrail;BUS;code;30655315;Q2183294;;;BNW;Bootle New Strand
TN7021980;gare;Port Sunlight;Port Sunlight;Port Sunlight;7021980;;53.348481;-2.99825;GB;Europe/London;Q2756002;Merseyrail;BUS;code;7154300770;Q2421117;;;PSL;Port Sunlight
TN7021990;gare;Spital;Spital;Spital;7021990;;53.339869;-2.993903;GB;Europe/London;Q20709709;Merseyrail;BUS;gtfs;;;;;SPI;Spital
TN7022010;gare;West Kirby;West Kirby;West Kirby;7022010;;53.373419;-3.183789;GB;Europe/London;Q633627;Merseyrail;BUS;code;10055803298;Q515270;;;WKI;West Kirby
TN7022150;gare;Aughton Park;Aughton Park;Aughton Park;7022150;;53.554164;-2.8953;GB;Europe/London;Q613226;Merseyrail;BUS;code;3773093432;Q4032363;;;AUG;Aughton Park
TN7022170;gare;Birkenhead Central;Birkenhead Central;Birkenhead Central;7022170;;53.388197;-3.020883;GB;Europe/London;Q746718;Merseyrail;BUS;code;110099217;Q599794;;;BKC;Birkenhead Central
TN7022180;gare;Green Lane;Green Lane;Green Lane;7022180;;53.383304;-3.016276;GB;Europe/London;Q746718;Merseyrail;BUS;code;110101910;Q2253816;;;GNL;Green Lane
TN7022190;gare;Birkenhead Hamilton Square;Hamilton Square;Hamilton Square;7022190;;53.394324;-3.014076;GB;Europe/London;Q746718;Merseyrail;BUS;code;10055803283;Q305403;;;BKQ;Birkenhead Hamilton Square
TN7022200;gare;Birkenhead Park;Birkenhead Park;Birkenhead Park;7022200;;53.397595;-3.039817;GB;Europe/London;Q746718;Merseyrail;BUS;code;10055803285;Q2592796;;;BKP;Birkenhead Park
TN7022220;gare;Bryn;Bryn;Bryn;7022220;;53.499725;-2.647616;GB;Europe/London;Q208143;Northern;BUS;code;24832755;Q2273170;;;BYN;Bryn
TN7022250;gare;Cressington;Cressington;Cressington;7022250;;53.358693;-2.912095;GB;Europe/London;Q21665571;Merseyrail;BUS;code;26866476;Q2465226;;;CSG;Cressington
TN7022260;gare;Moorfields;Moorfields;Moorfields;7022260;;53.408549;-2.989236;GB;Europe/London;Q21665571;Merseyrail;BUS;code;7153736019;Q2261745;;;MRF;Moorfields
TN7022270;gare;Eccleston Park;Eccleston Park;Eccleston Park;7022270;;53.430735;-2.780335;GB;Europe/London;Q153647;Northern;BUS;code;3773234334;Q1974795;;;ECL;Eccleston Park
TN7022290;gare;Hall Road;Hall Road;Hall Road;7022290;;53.49762;-3.049737;GB;Europe/London;Q6649692;Merseyrail;BUS;code;3773194172;Q2233289;;;HLR;Hall Road
TN7022300;gare;Hartford;Hartford;Hartford;7022300;;53.241569;-2.553519;GB;Europe/London;Q2009813;Avanti West Coast|West Midlands Trains;;code;6677260350;Q3166004;;;HTF;Hartford
TN7022310;gare;Hillside;Hillside;Hillside;7022310;;53.621545;-3.025431;GB;Europe/London;Q868647;Merseyrail;BUS;code;3773194174;Q2398739;;;HIL;Hillside
TN7022350;gare;Hunts Cross;Hunts Cross;Hunts Cross;7022350;;53.360733;-2.855409;GB;Europe/London;Q21665571;East Midlands Railway|Merseyrail|Northern;BUS;code;4796770277;Q1867593;;;HNX;Hunts Cross
TN7022360;gare;Ince;Ince;Ince;7022360;;53.539096;-2.612743;GB;Europe/London;Q208143;Northern;BUS;code;9777001562;Q3342847;;;INC;Ince
TN7022370;gare;Leasowe;Leasowe;Leasowe;7022370;;53.408071;-3.099984;GB;Europe/London;Q2836339;Merseyrail;BUS;code;31072159;Q3441748;;;LSW;Leasowe
TN7022380;gare;Bank Hall;Bank Hall;Bank Hall;7022380;;53.437896;-2.987805;GB;Europe/London;Q21665571;Merseyrail;BUS;code;255357280;Q2777932;;;BAH;Bank Hall
TN7022390;gare;Bootle Oriel Road;Bootle Oriel Road;Bootle Oriel Road;7022390;;53.4467;-2.995668;GB;Europe/London;Q893159;Merseyrail;BUS;code;30655318;Q2149213;;;BOT;Bootle Oriel Road
TN7022400;gare;Broad Green;Broad Green;Broad Green;7022400;;53.406508;-2.893389;GB;Europe/London;Q21665571;Northern;BUS;code;152294619;Q2629741;;;BGE;Broad Green
TN7022420;gare;Liverpool Central;Liverpool Central;Liverpool Central;7022420;;53.404221;-2.979509;GB;Europe/London;Q21665571;Merseyrail;;code;7154329895;Q2519286;;;LVC;Liverpool Central
TN7022440;gare;James Street;Liverpool James Street;Liverpool James Street;7022440;;53.405003;-2.99221;GB;Europe/London;Q21665571;Merseyrail;;code;7147294467;Q1928945;;;LVJ;James Street
TN7022450;gare;Kirkdale;Kirkdale;Kirkdale;7022450;;53.440785;-2.981166;GB;Europe/London;Q21665571;Merseyrail;BUS;code;255281968;Q1853000;;;KKD;Kirkdale
TN7022460;gare;Liverpool Lime Street;Liverpool Lime Street;Liverpool Lime Street;7022460;;53.407608;-2.977585;GB;Europe/London;Q21665571;Avanti West Coast|East Midlands Railway|Merseyrail|Northern|TransPennine Express|Transport for Wales|West Midlands Trains;BUS;code;6960405293;Q801113;;;LIV;Liverpool Lime Street
TN7022470;gare;Orrell Park;Orrell Park;Orrell Park;7022470;;53.461705;-2.962882;GB;Europe/London;Q21665571;Merseyrail;BUS;code;3773093434;Q2054566;;;OPK;Orrell Park
TN7022480;gare;St Michaels;St Michaels;St Michaels;7022480;;53.375938;-2.95353;GB;Europe/London;Q21665571;Merseyrail;BUS;code;252502212;Q1817693;;;STM;St Michaels
TN7022490;gare;Sandhills;Sandhills;Sandhills;7022490;;53.429537;-2.992002;GB;Europe/London;Q21665571;Merseyrail;BUS;code;7154330909;Q2463350;;;SDL;Sandhills
TN7022500;gare;Seaforth & Litherland;Seaforth & Litherland;Seaforth & Litherland;7022500;;53.465576;-3.004796;GB;Europe/London;Q6647845;Merseyrail;BUS;code;30655305;Q7440410;;;SFL;Seaforth & Litherland
TN7022510;gare;Walton (Merseyside);Walton;Walton;7022510;;53.45639;-2.966057;GB;Europe/London;Q21665571;Merseyrail;BUS;code;3773105066;Q2346937;;;WAO;Walton (Merseyside)
TN7022530;gare;Manor Road;Manor Road;Manor Road;7022530;;53.394957;-3.170049;GB;Europe/London;Q2024069;Merseyrail;BUS;code;10055803295;Q2216543;;;MNR;Manor Road
TN7022540;gare;Meols;Meols;Meols;7022540;;53.399438;-3.153925;GB;Europe/London;VGB-great-meols;Merseyrail;BUS;code;10055803294;Q2574955;;;MEO;Meols
TN7022550;gare;Aigburth;Aigburth;Aigburth;7022550;;53.364512;-2.92661;GB;Europe/London;Q21665571;Merseyrail;BUS;code;27208512;Q2677471;;;AIG;Aigburth
TN7022570;gare;Newton-le-Willows;Newton-le-Willows;Newton-le-Willows;7022570;;53.453145;-2.612885;GB;Europe/London;Q11790932;Northern|TransPennine Express|Transport for Wales;BUS;code;6003537487;Q2115791;;;NLW;Newton-Le-Willows
TN7022580;gare;Old Roan;Old Roan;Old Roan;7022580;;53.486919;-2.950676;GB;Europe/London;Q6389759;Merseyrail;BUS;code;3773093433;Q7084858;;;ORN;Old Roan
TN7022590;gare;Orrell;Orrell;Orrell;7022590;;53.53016;-2.709114;GB;Europe/London;Q208143;Northern;;code;30581712;Q2939923;;;ORR;Orrell
TN7022610;gare;Roby;Roby;Roby;7022610;;53.410059;-2.855504;GB;Europe/London;Q1639484;Northern;BUS;code;3680050751;Q3063201;;;ROB;Roby
TN7022620;gare;Southport;Southport;Southport;7022620;;53.646865;-3.002828;GB;Europe/London;Q868647;Merseyrail|Northern;BUS;code;29974833;Q650633;;;SOP;Southport
TN7022640;gare;Thatto Heath;Thatto Heath;Thatto Heath;7022640;;53.43669;-2.75947;GB;Europe/London;Q153647;Northern;BUS;code;24829877;Q1960597;;;THH;Thatto Heath
TN7022650;gare;Wallasey Village;Wallasey Village;Wallasey Village;7022650;;53.42298;-3.069161;GB;Europe/London;Q780923;Merseyrail;BUS;code;10056068810;Q508070;;;WLV;Wallasey Village
TN7022660;gare;West Allerton;West Allerton;West Allerton;7022660;;53.369325;-2.907194;GB;Europe/London;Q21665571;Northern;BUS;code;6414583117;Q2787611;;;WSA;West Allerton
TN7022690;gare;Winsford;Winsford;Winsford;7022690;;53.190416;-2.494309;GB;Europe/London;Q2011679;West Midlands Trains;;code;7170544377;Q5290727;;;WSF;Winsford
TN7022790;gare;Burscough Bridge;Burscough Bridge;Burscough Bridge;7022790;;53.605424;-2.841652;GB;Europe/London;Q2390371;Northern;BUS;code;3713687526;Q4327046;;;BCB;Burscough Bridge
TN7022800;gare;Burscough Junction;Burscough Junction;Burscough Junction;7022800;;53.597551;-2.840532;GB;Europe/London;Q2390371;Northern;;code;29393747;Q2676129;;;BCJ;Burscough Junction
TN7022810;gare;Ormskirk;Ormskirk;Ormskirk;7022810;;53.569584;-2.880905;GB;Europe/London;Q1020958;Merseyrail|Northern;BUS;code;7149987543;Q516260;;;OMS;Ormskirk
TN7022830;gare;Town Green;Town Green;Town Green;7022830;;53.543021;-2.90443;GB;Europe/London;Q613226;Merseyrail;BUS;code;3773105065;Q1879069;;;TWN;Town Green
TN7022840;gare;Frodsham;Frodsham;Frodsham;7022840;;53.29578;-2.723734;GB;Europe/London;Q2464851;Northern|Transport for Wales;BUS;code;510553823;Q2471361;;;FRD;Frodsham
TN7022870;gare;Acton Bridge;Acton Bridge;Acton Bridge;7022870;;53.266313;-2.602754;GB;Europe/London;Q4677666;West Midlands Trains;;code;10287644;Q2097961;;;ACB;Acton Bridge
TN7022910;gare;Runcorn;Runcorn;Runcorn;7022910;;53.33856;-2.739387;GB;Europe/London;Q1009316;Avanti West Coast|Transport for Wales|West Midlands Trains;BUS;code;6004512794;Q4455872;;;RUN;Runcorn
TN7022920;gare;Earlestown;Earlestown;Earlestown;7022920;;53.451218;-2.637615;GB;Europe/London;Q1748301;Northern|Transport for Wales;BUS;code;6003537488;Q2752285;;;ERL;Earlestown
TN7022940;gare;Runcorn East;Runcorn East;Runcorn East;7022940;;53.32794;-2.665496;GB;Europe/London;Q1009316;Northern|Transport for Wales;BUS;code;3711783203;Q2275868;;;RUE;Runcorn East
TN7022950;gare;Halewood;Halewood;Halewood;7022950;;53.364495;-2.830106;GB;Europe/London;Q2198178;Northern;BUS;code;6414583133;Q2395635;;;HED;Halewood
TN7022960;gare;Rainhill;Rainhill;Rainhill;7022960;;53.417207;-2.766293;GB;Europe/London;Q153647;Northern;BUS;code;30581638;Q2634815;;;RNH;Rainhill
TN7023010;gare;Glazebrook;Glazebrook;Glazebrook;7023010;;53.428291;-2.459992;GB;Europe/London;Q5567344;Northern;BUS;code;7154310096;Q1888823;;;GLZ;Glazebrook
TN7023030;gare;Hough Green;Hough Green;Hough Green;7023030;;53.372579;-2.77527;GB;Europe/London;Q1022741;Northern;BUS;code;6414583134;Q2048141;;;HGN;Hough Green
TN7023040;gare;Birchwood;Birchwood;Birchwood;7023040;;53.412782;-2.525139;GB;Europe/London;Q894095;East Midlands Railway|Northern|TransPennine Express;BUS;code;6414583148;Q1846262;;;BWD;Birchwood
TN7023050;gare;Cuddington;Cuddington;Cuddington;7023050;;53.239922;-2.599539;GB;Europe/London;Q7416391;Northern;BUS;code;6334988563;Q2832836;;;CUD;Cuddington
TN7023060;gare;Delamere;Delamere;Delamere;7023060;;53.228834;-2.66653;GB;Europe/London;Q3784226;Northern;BUS;code;6334988562;Q1931482;;;DLM;Delamere
TN7023070;gare;Lostock Gralam;Lostock Gralam;Lostock Gralam;7023070;;53.267749;-2.464777;GB;Europe/London;Q4640202;Northern;BUS;code;3724898177;Q5296744;;;LTG;Lostock Gralam
TN7023080;gare;Plumley;Plumley;Plumley;7023080;;53.274882;-2.419672;GB;Europe/London;Q7205433;Northern;BUS;code;6334988566;Q2528454;;;PLM;Plumley
TN7023130;gare;Croston;Croston;Croston;7023130;;53.667457;-2.777989;GB;Europe/London;Q2078535;Northern;;code;29390839;Q2369308;;;CSO;Croston
TN7023150;gare;Rufford;Rufford;Rufford;7023150;;53.634374;-2.807952;GB;Europe/London;Q2330263;Northern;;code;7209348825;Q2653620;;;RUF;Rufford
TN7023250;gare;Greenbank;Greenbank;Greenbank;7023250;;53.25142;-2.534459;GB;Europe/London;Q2009813;Northern;BUS;code;6334988564;Q2494658;;;GBK;Greenbank
TN7023260;gare;Northwich;Northwich;Northwich;7023260;;53.261365;-2.496848;GB;Europe/London;Q2009813;Northern;BUS;code;6334988565;Q1914443;;;NWI;Northwich
TN7023350;gare;Garswood;Garswood;Garswood;7023350;;53.488048;-2.671993;GB;Europe/London;Q153647;Northern;BUS;code;24832738;Q2493140;;;GSW;Garswood
TN7023370;gare;Prescot;Prescot;Prescot;7023370;;53.423527;-2.798987;GB;Europe/London;Q1976655;Northern;BUS;code;3773234337;Q1938051;;;PSC;Prescot
TN7023390;gare;Lea Green;Lea Green;Lea Green;7023390;;53.426714;-2.72512;GB;Europe/London;Q153647;Northern|TransPennine Express;BUS;code;24829827;Q2797507;;;LEG;Lea Green
TN7023400;gare;St Helens Junction;St Helens Junction;St Helens Junction;7023400;;53.433783;-2.700087;GB;Europe/London;Q1748301;Northern;BUS;code;3680050752;Q2497628;;;SHJ;St Helens Junction
TN7023410;gare;St Helens Central;St Helens Central;St Helens Central;7023410;;53.452661;-2.729978;GB;Europe/London;Q153647;Northern|TransPennine Express;BUS;code;10235723972;Q4371105;;;SNH;St Helens Central
TN7023500;gare;Ainsdale;Ainsdale;Ainsdale;7023500;;53.601857;-3.04264;GB;Europe/London;Q1546645;Merseyrail;BUS;code;30646002;Q958339;;;ANS;Ainsdale
TN7023510;gare;Bescar Lane;Bescar Lane;Bescar Lane;7023510;;53.623846;-2.914552;GB;Europe/London;Q2007629;Northern;;code;3713687525;Q2625226;;;BES;Bescar Lane
TN7023520;gare;Birkdale;Birkdale;Birkdale;7023520;;53.633889;-3.014616;GB;Europe/London;Q868647;Merseyrail;BUS;code;3773194170;Q2470223;;;BDL;Birkdale
TN7023540;gare;Formby;Formby;Formby;7023540;;53.554315;-3.070918;GB;Europe/London;Q2569221;Merseyrail;BUS;code;30645999;Q2740647;;;FBY;Formby
TN7023550;gare;Freshfield;Freshfield;Freshfield;7023550;;53.566211;-3.071891;GB;Europe/London;Q2569221;Merseyrail;BUS;code;3773194171;Q1860501;;;FRE;Freshfield
TN7023560;gare;Hightown;Hightown;Hightown;7023560;;53.525385;-3.057184;GB;Europe/London;Q107033333;Merseyrail;BUS;code;3773194173;Q2275625;;;HTO;Hightown
TN7023570;gare;Meols Cop;Meols Cop;Meols Cop;7023570;;53.64607;-2.975381;GB;Europe/London;Q868647;Northern;BUS;code;8476787417;Q3247481;;;MEC;Meols Cop
TN7023580;gare;New Lane;New Lane;New Lane;7023580;;53.611688;-2.867744;GB;Europe/London;Q2390371;Northern;;code;3713687527;Q2207175;;;NLN;New Lane
TN7023630;gare;Wigan North Western;Wigan North Western;Wigan North Western;7023630;;53.5434;-2.632996;GB;Europe/London;Q208143;Avanti West Coast|Northern|TransPennine Express;BUS;code;1305070561;Q2186551;;;WGN;Wigan North Western
TN7023640;gare;Upholland;Upholland;Upholland;7023640;;53.52841;-2.741048;GB;Europe/London;Q2341564;Northern;;code;30581723;Q2511501;;;UPL;Upholland
TN7023840;gare;Warrington Bank Quay;Warrington Bank Quay;Warrington Bank Quay;7023840;;53.385937;-2.603178;GB;Europe/London;Q215733;Avanti West Coast|Northern|Transport for Wales;BUS;code;25422812;Q2641986;;;WBQ;Warrington Bank Quay
TN7023870;gare;Padgate;Padgate;Padgate;7023870;;53.405619;-2.55693;GB;Europe/London;Q894095;Northern;BUS;code;6414583149;Q7123720;;;PDG;Padgate
TN7023880;gare;Sankey for Penketh;Sankey for Penketh;Sankey for Penketh;7023880;;53.392345;-2.650587;GB;Europe/London;Q894095;Northern;;code;6414583136;Q2489669;;;SNK;Sankey for Penketh
TN7023900;gare;Warrington Central;Warrington Central;Warrington Central;7023900;;53.39194;-2.592417;GB;Europe/London;Q215733;East Midlands Railway|Northern|TransPennine Express;BUS;code;6414583152;Q2746238;;;WAC;Warrington Central
TN7023910;gare;Widnes;Widnes;Widnes;7023910;;53.378615;-2.7342;GB;Europe/London;Q1022741;East Midlands Railway|Northern;BUS;code;5348921775;Q1499079;;;WID;Widnes
TN7023960;gare;Appley Bridge;Appley Bridge;Appley Bridge;7023960;;53.578708;-2.719579;GB;Europe/London;VGB-appley-bridge;Northern;BUS;code;3713687531;Q4781444;;;APB;Appley Bridge
TN7023970;gare;Gathurst;Gathurst;Gathurst;7023970;;53.559382;-2.693815;GB;Europe/London;Q208143;Northern;BUS;code;3713687530;Q2311154;;;GST;Gathurst
TN7023980;gare;Hindley;Hindley;Hindley;7023980;;53.542452;-2.574565;GB;Europe/London;Q3785707;Northern;BUS;code;9777001563;Q2147566;;;HIN;Hindley
TN7023990;gare;Hoscar;Hoscar;Hoscar;7023990;;53.597769;-2.804608;GB;Europe/London;Q2666702;Northern;;code;3713687529;Q4391703;;;HSC;Hoscar
TN7024020;gare;Parbold;Parbold;Parbold;7024020;;53.590855;-2.771137;GB;Europe/London;Q2779533;Northern;BUS;code;3713687528;Q2024428;;;PBL;Parbold
TN7024030;gare;Pemberton;Pemberton;Pemberton;7024030;;53.530526;-2.669516;GB;Europe/London;Q208143;Northern;;code;30416929;Q2729763;;;PEM;Pemberton
TN7024040;gare;Rainford;Rainford;Rainford;7024040;;53.517109;-2.788578;GB;Europe/London;Q153647;Northern;;code;30581728;Q2420844;;;RNF;Rainford
TN7024060;gare;Wigan Wallgate;Wigan Wallgate;Wigan Wallgate;7024060;;53.545058;-2.634235;GB;Europe/London;Q208143;Northern;BUS;code;30416942;Q7999554;;;WGW;Wigan Wallgate
TN7024120;gare;Chester;Chester;Chester;7024120;;53.196749;-2.87953;GB;Europe/London;Q170263;Avanti West Coast|Merseyrail|Northern|Transport for Wales;BUS;code;5028607042;Q2478175;;;CTR;Chester
TN7024200;gare;Bearley;Bearley;Bearley;7024200;;52.244974;-1.749763;GB;Europe/London;Q2734845;Chiltern Railways|West Midlands Trains;;code;58986812;Q2235875;;;BER;Bearley
TN7024220;gare;Buckley;Buckley;Buckley;7024220;;53.162535;-3.055185;GB;Europe/London;Q107032618;Transport for Wales;;code;207291800;Q3401896;;;BCK;Buckley
TN7024250;gare;Cefn-y-Bedd;Cefn-y-Bedd;Cefn-y-Bedd;7024250;;53.098838;-3.03085;GB;Europe/London;Q5057245;Transport for Wales;;code;26722295;Q2623509;;;CYB;Cefn-Y-Bedd
TN7024280;gare;Hawarden;Hawarden;Hawarden;7024280;;53.184847;-3.032072;GB;Europe/London;Q2398901;Transport for Wales;;code;7636853116;Q1880646;;;HWD;Hawarden
TN7024320;gare;Hope (Clwyd);Hope (Flintshire);Hope (Flintshire);7024320;;53.116859;-3.037247;GB;Europe/London;Q2121162;Transport for Wales;;code;26722291;Q2357931;;;HPE;Hope (Clwyd)
TN7024330;gare;Penyffordd;Penyffordd;Penyffordd;7024330;;53.1426;-3.054836;GB;Europe/London;Q2752670;Transport for Wales;;code;60141214;Q3401808;;;PNF;Penyffordd
TN7024350;gare;Bodorgan;Bodorgan;Bodorgan;7024350;;53.204189;-4.416291;GB;Europe/London;Q6661405;Transport for Wales;BUS;code;27287883;Q3085974;;;BOR;Bodorgan
TN7024370;gare;Holyhead;Holyhead;Holyhead;7024370;;53.307374;-4.631215;GB;Europe/London;Q257446;Avanti West Coast|Transport for Wales;BUS|FERRY;code;7154209250;Q2398052;;;HHD;Holyhead
TN7024390;gare;Ty Croes;Tŷ Croes;Ty Croes;7024390;;53.222543;-4.473962;GB;Europe/London;Q42617191;Transport for Wales;BUS;code;27287893;Q3400226;;;TYC;Ty Croes
TN7024400;gare;Valley;Valley;Valley;7024400;;53.28154;-4.563431;GB;Europe/London;Q3400948;Transport for Wales;BUS;code;27287918;Q2682339;;;VAL;Valley
TN7024440;gare;Roman Bridge;Roman Bridge;Roman Bridge;7024440;;53.044397;-3.921523;GB;Europe/London;VGB-blaenau-dolwyddelan;Transport for Wales;BUS;code;255133585;Q2608823;;;RMB;Roman Bridge
TN7024480;gare;Abergele & Pensarn;Abergele and Pensarn;Abergele and Pensarn;7024480;;53.294587;-3.582653;GB;Europe/London;Q2771917;Transport for Wales;BUS;code;206134283;Q2835419;;;AGL;Abergele & Pensarn
TN7024490;gare;Betws-y-Coed;Betws-y-Coed;Betws-y-Coed;7024490;;53.092687;-3.800542;GB;Europe/London;Q203387;Transport for Wales;BUS;code;3510166604;Q2708194;;;BYC;Betws-Y-Coed
TN7024500;gare;Blaenau Ffestiniog;Blaenau Ffestiniog;Blaenau Ffestiniog;7024500;;52.99469;-3.938464;GB;Europe/London;Q881062;Transport for Wales;BUS;code;256557677;Q2375970;;;BFF;Blaenau Ffestiniog
TN7024510;gare;Colwyn Bay;Colwyn Bay;Colwyn Bay;7024510;;53.296824;-3.725893;GB;Europe/London;Q527467;Avanti West Coast|Transport for Wales;BUS;code;306136995;Q1856448;;;CWB;Colwyn Bay
TN7024520;gare;Dolwyddelan;Dolwyddelan;Dolwyddelan;7024520;;53.05157;-3.884551;GB;Europe/London;VGB-dolwyddelan;Transport for Wales;BUS;code;255134714;Q2490766;;;DWD;Dolwyddelan
TN7024540;gare;Glan Conwy;Glan Conwy;Glan Conwy;7024540;;53.268622;-3.797592;GB;Europe/London;Q13130720;Transport for Wales;BUS;code;210961505;Q1946445;;;GCW;Glan Conwy
TN7024550;gare;North Llanrwst;North Llanrwst;Gogledd Llanrwst / North Llanrwst;7024550;;53.144122;-3.802822;GB;Europe/London;Q2233618;Transport for Wales;BUS;code;36165477;Q1931678;;;NLR;North Llanrwst
TN7024570;gare;Llanrwst;Llanrwst;Llanrwst;7024570;;53.139054;-3.794664;GB;Europe/London;Q2233618;Transport for Wales;BUS;code;36165464;Q2190436;;;LWR;Llanrwst
TN7024590;gare;Pont-y-Pant;Pont-y-Pant;Pont-y-Pant;7024590;;53.065111;-3.862714;GB;Europe/London;VGB-dolwyddelan;Transport for Wales;BUS;code;255166300;Q2244914;;;PYP;Pont-Y-Pant
TN7024610;gare;Rhyl;Rhyl;Rhyl;7024610;;53.318198;-3.488792;GB;Europe/London;Q2020203;Avanti West Coast|Transport for Wales;BUS;code;387754;Q2043736;;;RHL;Rhyl
TN7024630;gare;Tal-y-Cafn;Tal-y-Cafn;Tal-y-Cafn;7024630;;53.228507;-3.818211;GB;Europe/London;Q20601502;Transport for Wales;BUS;code;36165737;Q2647911;;;TLC;Tal-Y-Cafn
TN7024670;gare;Llanfairpwll;Llanfairpwll;Llanfairpwll;7024670;;53.220865;-4.209357;GB;Europe/London;Q322;Transport for Wales;BUS;code;27287843;Q2528020;;;LPG;Llanfairpwll
TN7024710;gare;Bangor (Gwynedd);Bangor;Bangor;7024710;;53.222645;-4.135518;GB;Europe/London;Q234178;Avanti West Coast|Transport for Wales;BUS;code;4461326005;Q1902478;;;BNG;Bangor (Gwynedd)
TN7024800;gare;Deganwy;Deganwy;Deganwy;7024800;;53.294574;-3.833254;GB;Europe/London;Q634054;Transport for Wales;BUS;code;21590944;Q2178092;;;DGY;Deganwy
TN7024840;gare;Llandudno;Llandudno;Llandudno;7024840;;53.320283;-3.827823;GB;Europe/London;Q996492;Transport for Wales;BUS;code;21590953;Q2415206;;;LLD;Llandudno
TN7024850;gare;Llandudno Junction;Llandudno Junction;Llandudno Junction;7024850;;53.283862;-3.808629;GB;Europe/London;Q3401123;Avanti West Coast|Transport for Wales;BUS;code;10280994;Q2344848;;;LLJ;Llandudno Junction
TN7024860;gare;Conwy;Conwy;Conwy;7024860;;53.280092;-3.830703;GB;Europe/London;Q634054;Transport for Wales;BUS;code;206161994;Q1991921;;;CNW;Conwy
TN7024880;gare;Llanfairfechan;Llanfairfechan;Llanfairfechan;7024880;;53.256975;-3.983123;GB;Europe/London;Q787395;Transport for Wales;BUS;code;27287790;Q2840781;;;LLF;Llanfairfechan
TN7024940;gare;Penmaenmawr;Penmaenmawr;Penmaenmawr;7024940;;53.270547;-3.923506;GB;Europe/London;Q2653611;Transport for Wales;BUS;code;27287773;Q2441170;;;PMW;Penmaenmawr
TN7025130;gare;Flint;Flint;Flint;7025130;;53.249683;-3.132487;GB;Europe/London;Q1428848;Avanti West Coast|Transport for Wales;BUS;code;10281125;Q2110992;;;FLN;Flint
TN7025210;gare;Prestatyn;Prestatyn;Prestatyn;7025210;;53.336167;-3.407349;GB;Europe/London;Q1813948;Avanti West Coast|Transport for Wales;BUS;code;105712447;Q2284492;;;PRT;Prestatyn
TN7025360;gare;Caergwrle;Caergwrle;Caergwrle;7025360;;53.108076;-3.03321;GB;Europe/London;Q4667133;Transport for Wales;;code;26722292;Q2684872;;;CGW;Caergwrle
TN7025380;gare;Dolgarrog;Dolgarrog;Dolgarrog;7025380;;53.185935;-3.823137;GB;Europe/London;Q1883614;Transport for Wales;BUS;code;36165504;Q960654;;;DLG;Dolgarrog
TN7025440;gare;Rhosneigr;Rhosneigr;Rhosneigr;7025440;;53.234679;-4.505845;GB;Europe/London;Q7321494;Transport for Wales;BUS;code;27287902;Q3400589;;;RHO;Rhosneigr
TN7025460;gare;Shotton;Shotton;Shotton;7025460;;53.213689;-3.037182;GB;Europe/London;Q2355142;Transport for Wales;BUS;code;10281147;Q2913893;;;SHT;Shotton
TN7025490;gare;Burnley Manchester Road;Burnley Manchester Road;Burnley Manchester Road;7025490;;53.785171;-2.249317;GB;Europe/London;Q209096;Northern;BUS;code;3715250480;Q4539321;;;BYM;Burnley Manchester Road
TN7025500;gare;Burnley Central;Burnley Central;Burnley Central;7025500;;53.793552;-2.24479;GB;Europe/London;Q209096;Northern;BUS;code;29768942;Q2664533;;;BNC;Burnley Central
TN7025520;gare;Accrington;Accrington;Accrington;7025520;;53.752798;-2.37012;GB;Europe/London;Q1622949;Northern;BUS;code;3715250477;Q1811969;;;ACR;Accrington
TN7025540;gare;Brierfield;Brierfield;Brierfield;7025540;;53.824367;-2.236243;GB;Europe/London;Q523025;Northern;BUS;code;29768959;Q4367050;;;BRF;Brierfield
TN7025560;gare;Church & Oswaldtwistle;Church & Oswaldtwistle;Church & Oswaldtwistle;7025560;;53.750431;-2.391216;GB;Europe/London;Q2427568;Northern;BUS;gtfs;;;;;CTW;Church & Oswaldtwistle
TN7025570;gare;Hapton;Hapton;Hapton;7025570;;53.781575;-2.31732;GB;Europe/London;Q209096;Northern;BUS;code;3715250486;Q2211158;;;HPN;Hapton
TN7025580;gare;Huncoat;Huncoat;Huncoat;7025580;;53.772243;-2.347047;GB;Europe/London;VGB-huncoat;Northern;BUS;code;3715250492;Q2023601;;;HCT;Huncoat
TN7025610;gare;Bamber Bridge;Bamber Bridge;Bamber Bridge;7025610;;53.726909;-2.66142;GB;Europe/London;VGB-bamber-bridge;Northern;BUS;code;3711617680;Q2870083;;;BMB;Bamber Bridge
TN7025620;gare;Colne;Colne;Colne;7025620;;53.854914;-2.181886;GB;Europe/London;Q2374484;Northern;BUS;code;5063928413;Q2800574;;;CNE;Colne
TN7025650;gare;Nelson;Nelson;Nelson;7025650;;53.834716;-2.214264;GB;Europe/London;Q1857774;Northern;BUS;code;29768958;Q1943735;;;NEL;Nelson
TN7025720;gare;Hall i' th' Wood;Hall i' th' Wood;Hall i' th' Wood;7025720;;53.597446;-2.413076;GB;Europe/London;Q184579;Northern;BUS;code;255951095;Q2311804;;;HID;Hall i’ th’ Wood
TN7025730;gare;Cherry Tree;Cherry Tree;Cherry Tree;7025730;;53.733182;-2.51864;GB;Europe/London;Q188313;Northern;BUS;code;4978846098;Q2389820;;;CYT;Cherry Tree
TN7025740;gare;Clitheroe;Clitheroe;Clitheroe;7025740;;53.873562;-2.394432;GB;Europe/London;Q1008765;Northern;BUS;code;5063950017;Q2195813;;;CLH;Clitheroe
TN7025760;gare;Darwen;Darwen;Darwen;7025760;;53.697935;-2.464269;GB;Europe/London;Q1166842;Northern;BUS;code;21665807;Q2248104;;;DWN;Darwen
TN7025800;gare;Rishton;Rishton;Rishton;7025800;;53.763829;-2.420186;GB;Europe/London;Q2300574;Northern;BUS;code;3715250500;Q2286734;;;RIS;Rishton
TN7025840;gare;Atherton;Atherton;Atherton;7025840;;53.529076;-2.477834;GB;Europe/London;Q208143;Northern;BUS;code;6581364399;Q2474672;;;ATN;Atherton
TN7025850;gare;Hag Fold;Hag Fold;Hag Fold;7025850;;53.533528;-2.49383;GB;Europe/London;Q208143;Northern;BUS;code;8257336106;Q2022284;;;HGF;Hag Fold
TN7025980;gare;Lostock;Lostock;Lostock;7025980;;53.572792;-2.494764;GB;Europe/London;Q1630298;Northern;BUS;code;5392831639;Q6684520;;;LOT;Lostock
TN7025990;gare;Bolton;Bolton;Bolton;7025990;;53.573516;-2.425126;GB;Europe/London;Q184579;Northern|TransPennine Express;BUS;code;2412405110;Q112080782;;;BON;Bolton
TN7026030;gare;Brinnington;Brinnington;Brinnington;7026030;;53.431963;-2.134123;GB;Europe/London;Q18655;Northern;BUS;code;3715250479;Q945601;;;BNT;Brinnington
TN7026040;gare;Hattersley;Hattersley;Hattersley;7026040;;53.444938;-2.039436;GB;Europe/London;VGB-hattersley;Northern;BUS;code;35347920;Q2196766;;;HTY;Hattersley
TN7026050;gare;Kearsley;Kearsley;Kearsley;7026050;;53.544524;-2.37549;GB;Europe/London;Q3814209;Northern;BUS;code;21668335;Q3464698;;;KSL;Kearsley
TN7026060;gare;Moses Gate;Moses Gate;Moses Gate;7026060;;53.556267;-2.401557;GB;Europe/London;Q1397011;Northern;BUS;code;6283856444;Q2682095;;;MSS;Moses Gate
TN7026120;gare;Walkden;Walkden;Walkden;7026120;;53.519786;-2.395748;GB;Europe/London;Q4017800;Northern;BUS;code;6581364398;Q2491736;;;WKD;Walkden
TN7026190;gare;Westhoughton;Westhoughton;Westhoughton;7026190;;53.555885;-2.523221;GB;Europe/London;Q686319;Northern;BUS;code;6178577209;Q2751556;;;WHG;Westhoughton
TN7026400;gare;Carnforth;Carnforth;Carnforth;7026400;;54.129624;-2.771489;GB;Europe/London;Q578024;Northern;BUS;code;29496107;Q2576627;;;CNF;Carnforth
TN7026410;gare;Adlington (Lancashire);Adlington;Adlington;7026410;;53.613072;-2.60286;GB;Europe/London;Q2078535;Northern;BUS;code;5392834870;Q4683321;;;ADL;Adlington (Lancashire)
TN7026530;gare;Clapham (Nth Yorkshire);Clapham;Clapham;7026530;;54.105416;-2.410451;GB;Europe/London;Q146659;Northern;;code;3754534931;Q5125882;;;CPY;Clapham (Nth Yorkshire)
TN7026540;gare;Gargrave;Gargrave;Gargrave;7026540;;53.978254;-2.105069;GB;Europe/London;Q2250483;Northern;;code;3754534933;Q2007532;;;GGV;Gargrave
TN7026550;gare;Giggleswick;Giggleswick;Giggleswick;7026550;;54.061771;-2.302846;GB;Europe/London;Q1779508;Northern;;code;1569467343;Q2802459;;;GIG;Giggleswick
TN7026560;gare;Hellifield;Hellifield;Hellifield;7026560;;54.010482;-2.226949;GB;Europe/London;Q600342;Northern;;code;7172650205;Q1859183;;;HLD;Hellifield
TN7026570;gare;Long Preston;Long Preston;Long Preston;7026570;;54.016726;-2.255301;GB;Europe/London;Q9298767;Northern;;code;21664014;Q2197021;;;LPR;Long Preston
TN7026600;gare;Smithy Bridge;Smithy Bridge;Smithy Bridge;7026600;;53.632846;-2.114061;GB;Europe/London;Q474605;Northern;BUS;code;3713659400;Q2490973;;;SMB;Smithy Bridge
TN7026610;gare;Littleborough;Littleborough;Littleborough;7026610;;53.642754;-2.095011;GB;Europe/London;Q3835082;Northern;BUS;code;3713652217;Q2111684;;;LTL;Littleborough
TN7026620;gare;Ansdell & Fairhaven;Ansdell and Fairhaven;Ansdell and Fairhaven;7026620;;53.741637;-2.993513;GB;Europe/London;Q1757473;Northern;BUS;code;50166218;Q108325603;;;AFV;Ansdell & Fairhaven
TN7026650;gare;Walsden;Walsden;Walsden;7026650;;53.69653;-2.104767;GB;Europe/London;Q1327770;Northern;;code;3713665111;Q7963803;;;WDN;Walsden
TN7026660;gare;Squires Gate;Squires Gate;Squires Gate;7026660;;53.77699;-3.050171;GB;Europe/London;Q1757473;Northern;BUS;code;50166239;Q2238694;;;SQU;Squires Gate
TN7026680;gare;Kirkham & Wesham;Kirkham and Wesham;Kirkham and Wesham;7026680;;53.786905;-2.88338;GB;Europe/London;Q665034;Avanti West Coast|Northern;BUS;code;29408109;Q2226133;;;KKM;Kirkham & Wesham
TN7026690;gare;Layton;Layton;Layton;7026690;;53.835346;-3.029919;GB;Europe/London;Q170377;Northern;BUS;code;29498456;Q2117163;;;LAY;Layton
TN7026700;gare;Lytham;Lytham;Lytham;7026700;;53.739322;-2.964188;GB;Europe/London;Q66004881;Northern;BUS;code;50166206;Q2334442;;;LTM;Lytham
TN7026710;gare;Poulton-le-Fylde;Poulton-le-Fylde;Poulton-le-Fylde;7026710;;53.848292;-2.989679;GB;Europe/London;Q2321329;Avanti West Coast|Northern;BUS;code;7209211337;Q7235582;;;PFY;Poulton-Le-Fylde
TN7026720;gare;St Annes-on-the-Sea;St Annes-on-the-Sea;St Annes-on-the-Sea;7026720;;53.753181;-3.02895;GB;Europe/London;Q1757473;Northern;BUS;code;7167850032;Q2482766;;;SAS;St Annes-On-The-Sea
TN7026730;gare;Salwick;Salwick;Salwick;7026730;;53.781754;-2.818238;GB;Europe/London;Q2376216;Northern;;code;29408099;Q2915837;;;SLW;Salwick
TN7026750;gare;Moss Side;Moss Side;Moss Side;7026750;;53.764753;-2.942962;GB;Europe/London;VGB-wrea-green;Northern;BUS;code;29408128;Q1845935;;;MOS;Moss Side
TN7026760;gare;Bentham;Bentham;Bentham;7026760;;54.115492;-2.510619;GB;Europe/London;Q26774476;Northern;;code;3754534930;Q4890388;;;BEN;Bentham
TN7026770;gare;Todmorden;Todmorden;Todmorden;7026770;;53.713858;-2.099757;GB;Europe/London;Q1327770;Northern|TransPennine Express;BUS;code;4977730954;Q2014508;;;TOD;Todmorden
TN7026810;gare;Wennington;Wennington;Wennington;7026810;;54.123693;-2.587421;GB;Europe/London;Q205905;Northern;;code;3715250508;Q1900362;;;WNN;Wennington
TN7026850;gare;Lancaster;Lancaster;Lancaster;7026850;;54.048836;-2.807799;GB;Europe/London;Q205905;Avanti West Coast|Northern|TransPennine Express;BUS;code;7167841964;Q763073;;;LAN;Lancaster
TN7026890;gare;Lostock Hall;Lostock Hall;Lostock Hall;7026890;;53.72435;-2.687001;GB;Europe/London;VGB-lostock-hall;Northern;BUS;code;4978846066;Q2308921;;;LOH;Lostock Hall
TN7026900;gare;Bare Lane;Bare Lane;Bare Lane;7026900;;54.074657;-2.834966;GB;Europe/London;Q985279;Northern;BUS;code;30691920;Q2533607;;;BAR;Bare Lane
TN7026950;gare;Morecambe;Morecambe;Morecambe;7026950;;54.070328;-2.868548;GB;Europe/London;Q985279;Northern;BUS;code;30691936;Q6911230;;;MCM;Morecambe
TN7026970;gare;Bromley Cross;Bromley Cross;Bromley Cross;7026970;;53.613954;-2.410835;GB;Europe/London;Q184579;Northern;BUS;code;255947227;Q3921315;;;BMC;Bromley Cross
TN7027100;gare;Leyland;Leyland;Leyland;7027100;;53.698564;-2.686555;GB;Europe/London;Q2569138;Northern;BUS;code;6451802274;Q2618332;;;LEY;Leyland
TN7027220;gare;Rose Grove;Rose Grove;Rose Grove;7027220;;53.786265;-2.282316;GB;Europe/London;Q209096;Northern;BUS;code;4977730976;Q2696848;;;RSG;Rose Grove
TN7027280;gare;Skipton;Skipton;Skipton;7027280;;53.958431;-2.026031;GB;Europe/London;Q516131;LNER|Northern;;code;5061764050;Q2477336;;;SKI;Skipton
TN7027320;gare;Blackrod;Blackrod;Blackrod;7027320;;53.591215;-2.569867;GB;Europe/London;Q1630298;Northern;BUS;code;22404971;Q1820371;;;BLK;Blackrod
TN7027340;gare;Ramsgreave & Wilpshire;Ramsgreave and Wilpshire;Ramsgreave and Wilpshire;7027340;;53.779994;-2.478061;GB;Europe/London;Q2116317;Northern;BUS;code;2185022486;Q3983378;;;RGW;Ramsgreave & Wilpshire
TN7027350;gare;Langho;Langho;Langho;7027350;;53.804811;-2.448824;GB;Europe/London;Q4911980;Northern;BUS;code;21664753;Q2519968;;;LHO;Langho
TN7027360;gare;Whalley;Whalley;Whalley;7027360;;53.824487;-2.411894;GB;Europe/London;Q1009524;Northern;BUS;code;5063999843;Q3453912;;;WHE;Whalley
TN7027370;gare;Blackburn;Blackburn;Blackburn;7027370;;53.746535;-2.478857;GB;Europe/London;Q188313;Northern;BUS;code;4977730957;Q2726049;;;BBN;Blackburn
TN7027380;gare;Blackpool Pleasure Beach;Blackpool Pleasure Beach;Blackpool Pleasure Beach;7027380;;53.787882;-3.053883;GB;Europe/London;Q170377;Northern;BUS;code;252717146;Q2149557;;;BPB;Blackpool Pleasure Beach
TN7027390;gare;Blackpool North;Blackpool North;Blackpool North;7027390;;53.822937;-3.048373;GB;Europe/London;Q170377;Avanti West Coast|Northern;BUS;code;6089919907;Q2351722;;;BPN;Blackpool North
TN7027400;gare;Blackpool South;Blackpool South;Blackpool South;7027400;;53.798441;-3.04882;GB;Europe/London;Q170377;Northern;BUS;code;7298143086;Q4923280;;;BPS;Blackpool South
TN7027430;gare;Burnley Barracks;Burnley Barracks;Burnley Barracks;7027430;;53.790928;-2.257953;GB;Europe/London;Q209096;Northern;BUS;code;29768945;Q2180048;;;BUB;Burnley Barracks
TN7027450;gare;Chorley;Chorley;Chorley;7027450;;53.652984;-2.626934;GB;Europe/London;Q2078535;Northern;BUS;code;5066220924;Q2315269;;;CRL;Chorley
TN7027470;gare;Entwistle;Entwistle;Entwistle;7027470;;53.65598;-2.414053;GB;Europe/London;Q184579;Northern;;code;21665839;Q2933251;;;ENT;Entwistle
TN7027500;gare;Mill Hill (Lancashire);Mill Hill;Mill Hill;7027500;;53.735339;-2.50194;GB;Europe/London;Q188313;Northern;BUS;code;4978846110;Q654882;;;MLH;Mill Hill (Lancashire)
TN7027520;gare;Pleasington;Pleasington;Pleasington;7027520;;53.731049;-2.54401;GB;Europe/London;Q2342447;Northern;BUS;code;3711617684;Q3306245;;;PLS;Pleasington
TN7027530;gare;Preston;Preston;Preston;7027530;;53.75529;-2.707157;GB;Europe/London;Q184090;Avanti West Coast|Caledonian Sleeper|Lumo|Northern|TransPennine Express;BUS;code;6677208684;Q2441793;;;PRE;Preston
TN7027600;gare;Alderley Edge;Alderley Edge;Alderley Edge;7027600;;53.303862;-2.236623;GB;Europe/London;Q986046;Northern|Transport for Wales;BUS;code;3754534929;Q137118;;;ALD;Alderley Edge
TN7027620;gare;Chapel-en-le-Frith;Chapel-en-le-Frith;Chapel-en-le-Frith;7027620;;53.312057;-1.918373;GB;Europe/London;Q2361780;Northern;BUS;code;6439021768;Q1839026;;;CEF;Chapel-En-Le-Frith
TN7027640;gare;Chelford;Chelford;Chelford;7027640;;53.270422;-2.280439;GB;Europe/London;Q2357393;Northern;BUS;code;6416944406;Q255631;;;CEL;Chelford
TN7027650;gare;Disley;Disley;Disley;7027650;;53.358243;-2.042619;GB;Europe/London;Q23063;Northern;BUS;code;6439021765;Q2188223;;;DSL;Disley
TN7027660;gare;Dove Holes;Dove Holes;Dove Holes;7027660;;53.300137;-1.889712;GB;Europe/London;Q2361780;Northern;BUS;code;6439021769;Q2280131;;;DVH;Dove Holes
TN7027670;gare;Handforth;Handforth;Handforth;7027670;;53.346446;-2.213674;GB;Europe/London;VGB-dean-row;Northern;BUS;code;6416944405;Q2123156;;;HTH;Handforth
TN7027680;gare;Hazel Grove;Hazel Grove;Hazel Grove;7027680;;53.377467;-2.122151;GB;Europe/London;Q18636;East Midlands Railway|Northern;BUS;code;6439021764;Q1960019;;;HAZ;Hazel Grove
TN7027690;gare;New Mills Newtown;New Mills Newtown;New Mills Newtown;7027690;;53.359464;-2.008203;GB;Europe/London;Q2569086;Northern;BUS;code;6439021766;Q2144777;;;NMN;New Mills Newtown
TN7027700;gare;Davenport;Davenport;Davenport;7027700;;53.390734;-2.152159;GB;Europe/London;Q18655;Northern;BUS;code;6439021762;Q2360226;;;DVN;Davenport
TN7027710;gare;Stockport;Stockport;Stockport;7027710;;53.40545;-2.163044;GB;Europe/London;Q18655;Avanti West Coast|CrossCountry|East Midlands Railway|Northern|TransPennine Express|Transport for Wales;BUS;code;5356293946;Q4399720;;;SPT;Stockport
TN7027720;gare;Whaley Bridge;Whaley Bridge;Whaley Bridge;7027720;;53.330265;-1.984738;GB;Europe/London;Q652597;Northern;BUS;code;7154317764;Q2111822;;;WBR;Whaley Bridge
TN7027730;gare;Woodsmoor;Woodsmoor;Woodsmoor;7027730;;53.386141;-2.141243;GB;Europe/London;Q2161108;Northern;BUS;code;6439021763;Q2604107;;;WSR;Woodsmoor
TN7027740;gare;Wilmslow;Wilmslow;Wilmslow;7027740;;53.327099;-2.226009;GB;Europe/London;Q2011497;Avanti West Coast|CrossCountry|Northern|Transport for Wales;BUS;code;446375378;Q2212934;;;WML;Wilmslow
TN7027770;gare;Daisy Hill;Daisy Hill;Daisy Hill;7027770;;53.539359;-2.515178;GB;Europe/London;Q686319;Northern;BUS;code;6569339484;Q1822126;;;DSY;Daisy Hill
TN7027790;gare;Bredbury;Bredbury;Bredbury;7027790;;53.423038;-2.110492;GB;Europe/London;Q6772452;Northern;BUS;code;6331331034;Q2018710;;;BDY;Bredbury
TN7027800;gare;Fairfield;Fairfield;Fairfield;7027800;;53.471323;-2.144923;GB;Europe/London;Q305076;Northern;;code;6367868938;Q3190561;;;FRF;Fairfield
TN7027850;gare;Belle Vue;Belle Vue;Belle Vue;7027850;;53.461473;-2.180073;GB;Europe/London;Q21525592;Northern;BUS;code;6331418876;Q4367472;;;BLV;Belle Vue
TN7027860;gare;Flowery Field;Flowery Field;Flowery Field;7027860;;53.46139;-2.080114;GB;Europe/London;Q2080165;Northern;BUS;code;3696875552;Q2858764;;;FLF;Flowery Field
TN7027890;gare;Newton for Hyde;Newton for Hyde;Newton for Hyde;7027890;;53.4567;-2.067531;GB;Europe/London;VGB-newtonmoor;Northern;BUS;code;5383083087;Q2138827;;;NWN;Newton for Hyde
TN7027900;gare;Ashton-under-Lyne;Ashton-under-Lyne;Ashton-under-Lyne;7027900;;53.491216;-2.093702;GB;Europe/London;Q659803;Northern;BUS;code;910940825;Q2093891;;;AHN;Ashton-Under-Lyne
TN7027940;gare;Salford Crescent;Salford Crescent;Salford Crescent;7027940;;53.486231;-2.275711;GB;Europe/London;Q47952;Northern;BUS;code;7156706375;Q2084487;;;SLD;Salford Crescent
TN7027950;gare;Clifton;Clifton;Clifton;7027950;;53.522503;-2.314811;GB;Europe/London;Q3899034;Northern;;gtfs;;;;;CLI;Clifton
TN7027980;gare;Salford Central;Salford Central;Salford Central;7027980;;53.482877;-2.255516;GB;Europe/London;Q47952;Northern;BUS;code;5064022723;Q2194900;;;SFD;Salford Central
TN7027990;gare;Moorside;Moorside;Moorside;7027990;;53.516363;-2.352749;GB;Europe/London;Q2379443;Northern;BUS;code;6581364396;Q3466304;;;MSD;Moorside
TN7028000;gare;Swinton (Manchester);Swinton (Manchester);Swinton (Manchester);7028000;;53.514808;-2.336998;GB;Europe/London;Q3899034;Northern;BUS;code;465239559;Q2685761;;;SNN;Swinton (Manchester)
TN7028060;gare;Altrincham;Altrincham;Altrincham;7028060;;53.387656;-2.347082;GB;Europe/London;Q445058;Northern;BUS;code;6334988573;Q1921455;;;ALT;Altrincham
TN7028110;gare;Farnworth;Farnworth;Farnworth;7028110;;53.55046;-2.388533;GB;Europe/London;Q1397011;Northern;BUS;code;6284257125;Q2043682;;;FNW;Farnworth
TN7028170;gare;Irlam;Irlam;Irlam;7028170;;53.434204;-2.432845;GB;Europe/London;Q47952;Northern|TransPennine Express;BUS;code;6414583147;Q2539964;;;IRL;Irlam
TN7028200;gare;Bamford;Bamford;Bamford;7028200;;53.339129;-1.689402;GB;Europe/London;Q1797598;East Midlands Railway|Northern;BUS;code;6331419600;Q3955872;;;BAM;Bamford
TN7028230;gare;Chinley;Chinley;Chinley;7028230;;53.340116;-1.944516;GB;Europe/London;Q20888015;East Midlands Railway|Northern;BUS;code;4379505827;Q2343783;;;CLY;Chinley
TN7028240;gare;Edale;Edale;Edale;7028240;;53.364818;-1.817246;GB;Europe/London;Q796625;East Midlands Railway|Northern;;code;6331419601;Q2859134;;;EDL;Edale
TN7028250;gare;Grindleford;Grindleford;Grindleford;7028250;;53.305562;-1.626029;GB;Europe/London;Q749246;East Midlands Railway|Northern;BUS;code;6331419599;Q4994209;;;GRN;Grindleford
TN7028260;gare;Hathersage;Hathersage;Hathersage;7028260;;53.325921;-1.652135;GB;Europe/London;Q667364;East Midlands Railway|Northern;BUS;code;5595776547;Q2375578;;;HSG;Hathersage
TN7028280;gare;Hope (Derbyshire);Hope;Hope;7028280;;53.345983;-1.729628;GB;Europe/London;Q2121162;East Midlands Railway|Northern;BUS;code;5424125561;Q2611272;;;HOP;Hope (Derbyshire)
TN7028290;gare;Hyde Central;Hyde Central;Hyde Central;7028290;;53.451338;-2.085077;GB;Europe/London;Q2080165;Northern;;code;35486041;Q2623426;;;HYC;Hyde Central
TN7028300;gare;Marple;Marple;Marple;7028300;;53.400647;-2.0572;GB;Europe/London;Q18655;Northern;BUS;code;6331419609;Q2488664;;;MPL;Marple
TN7028330;gare;Romiley;Romiley;Romiley;7028330;;53.414009;-2.08932;GB;Europe/London;Q6772452;Northern;BUS;code;6331331026;Q2600055;;;RML;Romiley
TN7028340;gare;Strines;Strines;Strines;7028340;;53.374569;-2.033306;GB;Europe/London;Q18655;Northern;BUS;code;6331419604;Q2551282;;;SRN;Strines
TN7028350;gare;Woodley;Woodley;Woodley;7028350;;53.4292;-2.092868;GB;Europe/London;Q6772452;Northern;;code;35481662;Q8033064;;;WLY;Woodley
TN7028450;gare;Hale;Hale;Hale;7028450;;53.378522;-2.347497;GB;Europe/London;Q445058;Northern;BUS;code;6334988574;Q5641446;;;HAL;Hale
TN7028480;gare;Knutsford;Knutsford;Knutsford;7028480;;53.301596;-2.372176;GB;Europe/London;Q1470791;Northern;BUS;code;6334988569;Q2065050;;;KNF;Knutsford
TN7028490;gare;Mobberley;Mobberley;Mobberley;7028490;;53.329567;-2.333601;GB;Europe/London;Q6886651;Northern;BUS;code;5326967494;Q2671262;;;MOB;Mobberley
TN7028500;gare;Ashley;Ashley;Ashley;7028500;;53.355722;-2.341439;GB;Europe/London;Q2708018;Northern;BUS;code;4338622515;Q4805654;;;ASY;Ashley
TN7028550;gare;Denton;Denton;Denton;7028550;;53.457402;-2.130942;GB;Europe/London;Q2575099;Northern;;code;29927228;Q5259635;;;DTN;Denton
TN7028570;gare;Reddish South;Reddish South;Reddish South;7028570;;53.435964;-2.158684;GB;Europe/London;Q18655;Northern;;code;29927246;Q7305639;;;RDS;Reddish South
TN7028600;gare;Heald Green;Heald Green;Heald Green;7028600;;53.369413;-2.23668;GB;Europe/London;Q18655;Northern;BUS;code;9794768857;Q2194508;;;HDG;Heald Green
TN7028610;gare;Heaton Chapel;Heaton Chapel;Heaton Chapel;7028610;;53.425993;-2.179289;GB;Europe/London;Q18655;Northern;BUS;code;6408750135;Q2056826;;;HTC;Heaton Chapel
TN7028620;gare;Levenshulme;Levenshulme;Levenshulme;7028620;;53.444904;-2.192957;GB;Europe/London;Q21525592;Northern;BUS;code;6416944403;Q1995485;;;LVM;Levenshulme
TN7028670;gare;Mauldeth Road;Mauldeth Road;Mauldeth Road;7028670;;53.433661;-2.208947;GB;Europe/London;Q21525592;Northern;BUS;code;9794768858;Q5133815;;;MAU;Mauldeth Road
TN7028680;gare;Styal;Styal;Styal;7028680;;53.348246;-2.240208;GB;Europe/London;Q7629294;Northern;BUS;code;20012021;Q2632841;;;SYA;Styal
TN7028700;gare;Cheadle Hulme;Cheadle Hulme;Cheadle Hulme;7028700;;53.376026;-2.18835;GB;Europe/London;Q2597496;Northern;BUS;code;446424282;Q5088802;;;CHU;Cheadle Hulme
TN7028710;gare;Macclesfield;Macclesfield;Macclesfield;7028710;;53.259366;-2.121937;GB;Europe/London;Q868637;Avanti West Coast|CrossCountry|Northern;BUS;code;7154282782;Q2635922;;;MAC;Macclesfield
TN7028730;gare;Rose Hill Marple;Rose Hill Marple;Rose Hill Marple;7028730;;53.396043;-2.076509;GB;Europe/London;Q6772452;Northern;;code;35484410;Q5449343;;;RSH;Rose Hill Marple
TN7028740;gare;Poynton;Poynton;Poynton;7028740;;53.350551;-2.134793;GB;Europe/London;Q18632;Northern;BUS;code;7153892445;Q4342836;;;PYT;Poynton
TN7028750;gare;Prestbury;Prestbury;Prestbury;7028750;;53.293111;-2.145316;GB;Europe/London;Q2715192;Northern;BUS;code;6408750143;Q2640670;;;PRB;Prestbury
TN7028920;gare;Broadbottom;Broadbottom;Broadbottom;7028920;;53.44079;-2.016004;GB;Europe/London;Q4972048;Northern;BUS;code;35347919;Q2634328;;;BDB;Broadbottom
TN7028930;gare;Dinting;Dinting;Dinting;7028930;;53.449324;-1.970597;GB;Europe/London;Q4355527;Northern;BUS;code;35347909;Q2470567;;;DTG;Dinting
TN7028950;gare;Glossop;Glossop;Glossop;7028950;;53.444811;-1.950017;GB;Europe/London;Q383912;Northern;BUS;code;35347898;Q2189195;;;GLO;Glossop
TN7028960;gare;Hadfield;Hadfield;Hadfield;7028960;;53.460846;-1.965383;GB;Europe/London;Q1612071;Northern;BUS;code;55321421;Q1926252;;;HDF;Hadfield
TN7029000;gare;Greenfield;Greenfield;Greenfield;7029000;;53.538749;-2.014236;GB;Europe/London;Q202628;TransPennine Express;BUS;code;6367868939;Q1954239;;;GNF;Greenfield
TN7029030;gare;Mossley (Grtr Manchester);Mossley;Mossley;7029030;;53.515039;-2.041538;GB;Europe/London;Q613847;TransPennine Express;BUS;code;2891607595;Q1986726;;;MSL;Mossley (Grtr Manchester)
TN7029160;gare;Patricroft;Patricroft;Patricroft;7029160;;53.484823;-2.357345;GB;Europe/London;Q2342197;Northern;BUS;code;9777750797;Q2317165;;;PAT;Patricroft
TN7029190;gare;Castleton;Castleton;Castleton;7029190;;53.592744;-2.177723;GB;Europe/London;Q474605;Northern|TransPennine Express;BUS;code;4978929124;Q3341196;;;CAS;Castleton
TN7029200;gare;Mills Hill;Mills Hill;Mills Hill;7029200;;53.550856;-2.171473;GB;Europe/London;Q2264759;Northern;BUS;code;1843114721;Q2085063;;;MIH;Mills Hill
TN7029240;gare;Rochdale;Rochdale;Rochdale;7029240;;53.610573;-2.152835;GB;Europe/London;Q474605;Northern;BUS;code;5348955658;Q6746193;;;RCD;Rochdale
TN7029350;gare;Flixton;Flixton;Flixton;7029350;;53.443708;-2.383955;GB;Europe/London;Q607312;Northern;BUS;code;6414583140;Q2623299;;;FLI;Flixton
TN7029370;gare;Humphrey Park;Humphrey Park;Humphrey Park;7029370;;53.452334;-2.327261;GB;Europe/London;Q374458;Northern;BUS;code;6414583139;Q1957035;;;HUP;Humphrey Park
TN7029380;gare;Urmston;Urmston;Urmston;7029380;;53.448321;-2.353656;GB;Europe/London;Q4006479;Northern|TransPennine Express;BUS;code;6414583142;Q2753494;;;URM;Urmston
TN7029390;gare;Adlington (Cheshire);Adlington (Cheshire);Adlington (Cheshire);7029390;;53.319724;-2.133644;GB;Europe/London;Q2479247;Northern;BUS;code;6408750145;Q2780857;;;ADC;Adlington (Cheshire)
TN7029400;gare;Navigation Road;Navigation Road;Navigation Road;7029400;;53.395745;-2.343269;GB;Europe/London;VGB-west-timperley;Northern;BUS;code;292004869;Q1998240;;;NVR;Navigation Road
TN7029410;gare;Ashburys;Ashburys;Ashburys;7029410;;53.471844;-2.195231;GB;Europe/London;Q21525592;Northern;BUS;code;6331418874;Q1940660;;;ABY;Ashburys
TN7029440;gare;Bramhall;Bramhall;Bramhall;7029440;;53.360172;-2.162312;GB;Europe/London;Q2161108;Northern;BUS;code;29689132;Q2352421;;;BML;Bramhall
TN7029450;gare;Burnage;Burnage;Burnage;7029450;;53.422126;-2.215158;GB;Europe/London;Q21525592;Northern;BUS;code;92882952;Q4999606;;;BNA;Burnage
TN7029460;gare;Buxton;Buxton;Buxton;7029460;;53.260785;-1.913102;GB;Europe/London;Q971223;Northern;BUS;code;5060042354;Q2932479;;;BUX;Buxton
TN7029470;gare;Chassen Road;Chassen Road;Chassen Road;7029470;;53.446165;-2.367833;GB;Europe/London;Q4006479;Northern;BUS;code;6414583141;Q2312347;;;CSR;Chassen Road
TN7029480;gare;Godley;Godley;Godley;7029480;;53.452249;-2.055636;GB;Europe/London;VGB-newtonmoor;Northern;BUS;code;35347926;Q2288400;;;GDL;Godley
TN7029490;gare;East Didsbury;East Didsbury;East Didsbury;7029490;;53.409315;-2.221998;GB;Europe/London;Q3570246;Northern|Transport for Wales;BUS;code;21551301;Q2517222;;;EDY;East Didsbury
TN7029500;gare;Eccles;Eccles;Eccles;7029500;;53.485527;-2.334052;GB;Europe/London;Q2342197;Northern;BUS;code;25422814;Q2890052;;;ECC;Eccles
TN7029520;gare;Furness Vale;Furness Vale;Furness Vale;7029520;;53.348808;-1.988867;GB;Europe/London;Q652597;Northern;BUS;code;6439021767;Q3182275;;;FNV;Furness Vale
TN7029530;gare;Gatley;Gatley;Gatley;7029530;;53.393239;-2.230662;GB;Europe/London;Q18655;Northern|TransPennine Express;BUS;code;25295170;Q5527447;;;GTY;Gatley
TN7029550;gare;Guide Bridge;Guide Bridge;Guide Bridge;7029550;;53.474564;-2.11324;GB;Europe/London;Q2575099;Northern;BUS;code;5374842618;Q1854597;;;GUI;Guide Bridge
TN7029590;gare;Hyde North;Hyde North;Hyde North;7029590;;53.464464;-2.085034;GB;Europe/London;Q1976179;Northern;;code;253890162;Q13528479;;;HYT;Hyde North
TN7029600;gare;Ardwick;Ardwick;Ardwick;7029600;;53.471161;-2.213209;GB;Europe/London;Q21525592;Northern;;code;673959;Q4788330;;;ADK;Ardwick
TN7029610;gare;Manchester Airport;Manchester Airport;Manchester Airport;7029610;;53.365183;-2.272038;GB;Europe/London;Q3570246;Northern|TransPennine Express|Transport for Wales;BUS;code;6661444856;Q2453867;;;MIA;Manchester Airport
TN7029620;gare;Gorton;Gorton;Gorton;7029620;;53.468932;-2.167749;GB;Europe/London;Q21525592;Northern;BUS;code;6367868937;Q2444053;;;GTO;Gorton
TN7029630;gare;Deansgate;Deansgate;Deansgate;7029630;;53.474096;-2.251063;GB;Europe/London;Q21525592;Northern;BUS;code;5064014760;Q1620954;;;DGT;Deansgate
TN7029660;gare;Manchester Oxford Road;Manchester Oxford Road;Manchester Oxford Road;7029660;;53.473778;-2.242276;GB;Europe/London;Q21525592;East Midlands Railway|Northern|TransPennine Express|Transport for Wales;BUS;code;5064011790;Q1859538;;;MCO;Manchester Oxford Road
TN7029680;gare;Manchester Piccadilly;Manchester Piccadilly;Manchester Piccadilly;7029680;;53.47722;-2.23014;GB;Europe/London;Q21525592;Avanti West Coast|CrossCountry|East Midlands Railway|Northern|TransPennine Express|Transport for Wales;BUS;code;5064005964;Q600367;;;MAN;Manchester Piccadilly
TN7029691;gare;Trafford Park;Trafford Park;Trafford Park;7029691;;53.454777;-2.311696;GB;Europe/London;Q374458;Northern;BUS;code;6414583138;Q3932222;;;TRA;Trafford Park
TN7029700;gare;Manchester Victoria;Manchester Victoria;Manchester Victoria;7029700;;53.487975;-2.242485;GB;Europe/London;Q21525592;Northern|TransPennine Express;BUS;code;5064029501;Q1859573;;;MCV;Manchester Victoria
TN7029710;gare;Middlewood;Middlewood;Middlewood;7029710;;53.360056;-2.083528;GB;Europe/London;Q18655;Northern;BUS;code;29947059;Q1922273;;;MDL;Middlewood
TN7029730;gare;Moston;Moston;Moston;7029730;;53.523252;-2.171027;GB;Europe/London;Q21525592;Northern;BUS;code;3713655104;Q6916992;;;MSO;Moston
TN7029740;gare;New Mills Central;New Mills Central;New Mills Central;7029740;;53.364864;-2.005569;GB;Europe/London;Q2569086;Northern;BUS;code;6331419603;Q2022018;;;NMC;New Mills Central
TN7029770;gare;Ryder Brow;Ryder Brow;Ryder Brow;7029770;;53.456954;-2.173955;GB;Europe/London;Q21525592;Northern;BUS;code;3754534935;Q2212798;;;RRB;Ryder Brow
TN7029790;gare;Reddish North;Reddish North;Reddish North;7029790;;53.449743;-2.156756;GB;Europe/London;Q18655;Northern;BUS;code;3715250498;Q4412893;;;RDN;Reddish North
TN7029830;gare;Stalybridge;Stalybridge;Stalybridge;7029830;;53.484139;-2.064223;GB;Europe/London;Q1398653;Northern|TransPennine Express;BUS;code;6012937549;Q2078930;;;SYB;Stalybridge
TN7030000;gare;Acton Main Line;Acton Main Line;Acton Main Line;7030000;;51.516979;-0.267982;GB;Europe/London;Q84;Elizabeth line;;code;7147473514;Q1858427;;;AML;Acton Main Line
TN7030030;gare;Ascott-under-Wychwood;Ascott-under-Wychwood;Ascott-under-Wychwood;7030030;;51.867458;-1.563969;GB;Europe/London;Q4323896;Great Western Railway;;code;15724225;Q4804064;;;AUW;Ascott-Under-Wychwood
TN7030040;gare;Charlbury;Charlbury;Charlbury;7030040;;51.872327;-1.489769;GB;Europe/London;Q1063300;Great Western Railway;BUS;code;6609023827;Q2779541;;;CBY;Charlbury
TN7030050;gare;Combe;Combe;Combe;7030050;;51.832625;-1.393998;GB;Europe/London;Q6672591;Great Western Railway;;code;10455863;Q2751535;;;CME;Combe
TN7030070;gare;Hanborough;Hanborough;Hanborough;7030070;;51.824708;-1.372632;GB;Europe/London;Q5116605;Great Western Railway;BUS;code;6609023835;Q2582643;;;HND;Hanborough
TN7030080;gare;Kingham;Kingham;Kingham;7030080;;51.902412;-1.628532;GB;Europe/London;Q2217594;Great Western Railway;BUS;code;6609023834;Q2183686;;;KGM;Kingham
TN7030090;gare;Shipton;Shipton;Shipton;7030090;;51.865983;-1.592648;GB;Europe/London;Q2111981;Great Western Railway;BUS;code;10606783;Q2202267;;;SIP;Shipton
TN7030120;gare;Finstock;Finstock;Finstock;7030120;;51.852818;-1.469604;GB;Europe/London;Q1776955;Great Western Railway;;code;10913764;Q2368596;;;FIN;Finstock
TN7030180;gare;Bourne End;Bourne End;Bourne End;7030180;;51.576914;-0.710798;GB;Europe/London;Q2059003;Great Western Railway;BUS;code;20450597;Q2018754;;;BNE;Bourne End
TN7030190;gare;Cookham;Cookham;Cookham;7030190;;51.557368;-0.72225;GB;Europe/London;Q112175395;Great Western Railway;BUS;code;4297152406;Q2694705;;;COO;Cookham
TN7030210;gare;Marlow;Marlow;Marlow;7030210;;51.571086;-0.766403;GB;Europe/London;Q508998;Great Western Railway;BUS;code;7159380269;Q2171438;;;MLW;Marlow
TN7030300;gare;Didcot Parkway;Didcot Parkway;Didcot Parkway;7030300;;51.61122;-1.242517;GB;Europe/London;Q1009242;Great Western Railway;BUS;code;6605149662;Q1929166;;;DID;Didcot Parkway
TN7030310;gare;Cholsey;Cholsey;Cholsey;7030310;;51.570408;-1.158698;GB;Europe/London;Q5049410;Great Western Railway;BUS;code;5558907218;Q4693813;;;CHO;Cholsey
TN7030330;gare;Goring & Streatley;Goring & Streatley;Goring & Streatley;7030330;;51.521188;-1.13312;GB;Europe/London;Q2319224;Great Western Railway;BUS;code;1722353573;Q5586504;;;GOR;Goring & Streatley
TN7030360;gare;Pangbourne;Pangbourne;Pangbourne;7030360;;51.485355;-1.090432;GB;Europe/London;Q3036324;Great Western Railway;BUS;code;1801843439;Q1959230;;;PAN;Pangbourne
TN7030470;gare;Beaconsfield;Beaconsfield;Beaconsfield;7030470;;51.611361;-0.643604;GB;Europe/London;Q812906;Chiltern Railways;BUS;code;2500579632;Q4876042;;;BCF;Beaconsfield
TN7030480;gare;Bicester North;Bicester North;Bicester North;7030480;;51.903291;-1.149781;GB;Europe/London;Q251903;Chiltern Railways;BUS;code;17577157;Q2184930;;;BCS;Bicester North
TN7030510;gare;Gerrards Cross;Gerrards Cross;Gerrards Cross;7030510;;51.588785;-0.554926;GB;Europe/London;Q1854684;Chiltern Railways;;code;21122970;Q2412080;;;GER;Gerrards Cross
TN7030520;gare;Denham;Denham;Denham;7030520;;51.578724;-0.497524;GB;Europe/London;Q988761;Chiltern Railways;;code;21123075;Q2780894;;;DNM;Denham
TN7030530;gare;Haddenham & Thame Parkway;Haddenham and Thame Parkway;Haddenham and Thame Parkway;7030530;;51.770926;-0.942074;GB;Europe/London;Q2537605;Chiltern Railways;;code;21117238;Q2848978;;;HDM;Haddenham & Thame Parkway
TN7030540;gare;High Wycombe;High Wycombe;High Wycombe;7030540;;51.629373;-0.744577;GB;Europe/London;Q64116;Chiltern Railways;BUS;code;7158630076;Q1851135;;;HWY;High Wycombe
TN7030550;gare;Princes Risborough;Princes Risborough;Princes Risborough;7030550;;51.718045;-0.844086;GB;Europe/London;Q2568545;Chiltern Railways;BUS;code;7153843917;Q2000163;;;PRR;Princes Risborough
TN7030560;gare;Saunderton;Saunderton;Saunderton;7030560;;51.675897;-0.825367;GB;Europe/London;Q4925858;Chiltern Railways;BUS;code;21118203;Q2740928;;;SDR;Saunderton
TN7030570;gare;South Ruislip;South Ruislip;South Ruislip;7030570;;51.556991;-0.399064;GB;Europe/London;Q84;Chiltern Railways;;code;6095751323;Q801459;;;SRU;South Ruislip
TN7030590;gare;West Ruislip;West Ruislip;West Ruislip;7030590;;51.569505;-0.437045;GB;Europe/London;Q84;Chiltern Railways;BUS;code;4866262553;Q801602;;;WRU;West Ruislip
TN7030600;gare;Denham Golf Club;Denham Golf Club;Denham Golf Club;7030600;;51.580617;-0.518194;GB;Europe/London;Q988761;Chiltern Railways;;code;21123065;Q2521362;;;DGC;Denham Golf Club
TN7030610;gare;Seer Green & Jordans;Seer Green and Jordans;Seer Green and Jordans;7030610;;51.609835;-0.607701;GB;Europe/London;Q2390066;Chiltern Railways;;code;3694946763;Q7445936;;;SRG;Seer Green & Jordans
TN7030620;gare;Pewsey;Pewsey;Pewsey;7030620;;51.342235;-1.770691;GB;Europe/London;Q639675;Great Western Railway;BUS;code;6606028830;Q2028949;;;PEW;Pewsey
TN7030660;gare;Little Kimble;Little Kimble;Little Kimble;7030660;;51.752242;-0.808511;GB;Europe/London;Q4807182;Chiltern Railways;BUS;code;5777593692;Q2116125;;;LTK;Little Kimble
TN7030670;gare;Monks Risborough;Monks Risborough;Monks Risborough;7030670;;51.735819;-0.829318;GB;Europe/London;Q2568545;Chiltern Railways;;code;21113583;Q925646;;;MRS;Monks Risborough
TN7030700;gare;Bedwyn;Bedwyn;Bedwyn;7030700;;51.379545;-1.598864;GB;Europe/London;Q995623;Great Western Railway;BUS;code;6605264910;Q2453952;;;BDW;Bedwyn
TN7030710;gare;Newbury Racecourse;Newbury Racecourse;Newbury Racecourse;7030710;;51.398654;-1.306971;GB;Europe/London;Q2725983;Great Western Railway;BUS;code;35526147;Q2460953;;;NRC;Newbury Racecourse
TN7030720;gare;Hungerford;Hungerford;Hungerford;7030720;;51.414714;-1.511429;GB;Europe/London;Q1637841;Great Western Railway;BUS;code;6605264909;Q2180574;;;HGD;Hungerford
TN7030730;gare;Kintbury;Kintbury;Kintbury;7030730;;51.402613;-1.445705;GB;Europe/London;Q2749964;Great Western Railway;BUS;code;6606087123;Q2474287;;;KIT;Kintbury
TN7030740;gare;Newbury;Newbury;Newbury;7030740;;51.397532;-1.322751;GB;Europe/London;Q655874;Great Western Railway;BUS;code;4830862174;Q2206584;;;NBY;Newbury
TN7030870;gare;London Paddington;London Paddington;London Paddington;7030870;;51.517095;-0.177317;GB;Europe/London;Q179351;Elizabeth line|Great Western Railway|Heathrow Express;;code;7132105210;Q214788;;;PAD;London Paddington
TN7030920;gare;Kensington (Olympia);Kensington (Olympia);Kensington (Olympia);7030920;;51.497437;-0.209495;GB;Europe/London;Q84;London Overground|Southern;;code;6091112768;Q801002;;;KPA;Kensington Olympia
TN7030980;gare;Castle Bar Park;Castle Bar Park;Castle Bar Park;7030980;;51.522867;-0.331502;GB;Europe/London;Q84;Great Western Railway;;code;7862969806;Q5049994;;;CBP;Castle Bar Park
TN7030990;gare;Drayton Green;Drayton Green;Drayton Green;7030990;;51.516385;-0.330194;GB;Europe/London;Q84;Great Western Railway;;code;7862969807;Q4947698;;;DRG;Drayton Green
TN7031040;gare;Bicester Village;Bicester Village;Bicester Village;7031040;;51.892413;-1.149376;GB;Europe/London;Q1070481;Chiltern Railways;BUS;code;14731037;Q1873632;;;BIT;Bicester Village
TN7031070;gare;Culham;Culham;Culham;7031070;;51.653892;-1.236576;GB;Europe/London;Q2682566;Great Western Railway;BUS;code;9768081;Q2740729;;;CUM;Culham
TN7031090;gare;Appleford;Appleford;Appleford;7031090;;51.639488;-1.242474;GB;Europe/London;Q321381;Great Western Railway;BUS;code;9768084;Q2550440;;;APF;Appleford
TN7031100;gare;Islip;Islip;Islip;7031100;;51.826163;-1.237647;GB;Europe/London;Q1070481;Chiltern Railways;;code;14724359;Q1847555;;;ISP;Islip
TN7031150;gare;Oxford;Oxford;Oxford;7031150;;51.753451;-1.269954;GB;Europe/London;Q34217;Chiltern Railways|CrossCountry|Great Western Railway;BUS;code;6481707942;Q1880536;;;OXF;Oxford
TN7031180;gare;Radley;Radley;Radley;7031180;;51.685623;-1.240257;GB;Europe/London;Q321381;Great Western Railway;BUS;code;21623338;Q4386081;;;RAD;Radley
TN7031210;gare;Oxford Parkway;Oxford Parkway;Oxford Parkway;7031210;;51.803747;-1.275093;GB;Europe/London;Q5646278;Chiltern Railways;BUS;code;3824689657;Q7973289;;;OXP;Oxford Parkway
TN7031360;gare;Greenford;Greenford;Greenford;7031360;;51.542118;-0.3448;GB;Europe/London;Q84;Great Western Railway;;code;1736548313;Q800841;;;GFD;Greenford
TN7031380;gare;South Greenford;South Greenford;South Greenford;7031380;;51.533203;-0.336438;GB;Europe/London;Q84;Great Western Railway;;code;7862969803;Q2612956;;;SGN;South Greenford
TN7031440;gare;Furze Platt;Furze Platt;Furze Platt;7031440;;51.533154;-0.728415;GB;Europe/London;Q238803;Great Western Railway;BUS;code;44902932;Q2099123;;;FZP;Furze Platt
TN7031450;gare;Aldermaston;Aldermaston;Aldermaston;7031450;;51.40221;-1.136702;GB;Europe/London;Q4713704;Great Western Railway;BUS;code;35514903;Q2148392;;;AMT;Aldermaston
TN7031460;gare;Henley-on-Thames;Henley-on-Thames;Henley-on-Thames;7031460;;51.533845;-0.899422;GB;Europe/London;Q990253;Great Western Railway;;code;7154314008;Q5714576;;;HOT;Henley-On-Thames
TN7031470;gare;Maidenhead;Maidenhead;Maidenhead;7031470;;51.518353;-0.722846;GB;Europe/London;Q238803;Elizabeth line|Great Western Railway;BUS;code;1234712;Q1801859;;;MAI;Maidenhead
TN7031490;gare;Reading;Reading;Reading;7031490;;51.45922;-0.972318;GB;Europe/London;Q161491;CrossCountry|Elizabeth line|Great Western Railway|South Western Railway;BUS;code;6605149663;Q801355;;;RDG;Reading
TN7031500;gare;Shiplake;Shiplake;Shiplake;7031500;;51.511165;-0.882414;GB;Europe/London;Q2303243;Great Western Railway;;code;5550610405;Q2313479;;;SHI;Shiplake
TN7031510;gare;Taplow;Taplow;Taplow;7031510;;51.523443;-0.68173;GB;Europe/London;Q238803;Elizabeth line|Great Western Railway;BUS;code;30078608;Q4330307;;;TAP;Taplow
TN7031520;gare;Thatcham;Thatcham;Thatcham;7031520;;51.393859;-1.242742;GB;Europe/London;Q1026304;Great Western Railway;BUS;code;6606087122;Q2605037;;;THA;Thatcham
TN7031530;gare;Theale;Theale;Theale;7031530;;51.433363;-1.074364;GB;Europe/London;Q2519746;Great Western Railway;BUS;code;6605264908;Q2338556;;;THE;Theale
TN7031540;gare;Tilehurst;Tilehurst;Tilehurst;7031540;;51.471651;-1.029665;GB;Europe/London;Q161491;Great Western Railway;BUS;code;4563663535;Q2285322;;;TLH;Tilehurst
TN7031550;gare;Twyford;Twyford;Twyford;7031550;;51.47539;-0.863139;GB;Europe/London;Q1994936;Elizabeth line|Great Western Railway;;code;5555929104;Q512845;;;TWY;Twyford
TN7031580;gare;Wargrave;Wargrave;Wargrave;7031580;;51.498555;-0.876656;GB;Europe/London;Q598948;Great Western Railway;;code;97985906;Q2081278;;;WGV;Wargrave
TN7031590;gare;Midgham;Midgham;Midgham;7031590;;51.396066;-1.178291;GB;Europe/London;Q7899020;Great Western Railway;BUS;code;35521520;Q1984950;;;MDG;Midgham
TN7031600;gare;Reading West;Reading West;Reading West;7031600;;51.454648;-0.990717;GB;Europe/London;Q161491;Great Western Railway;BUS;code;6606087119;Q2474528;;;RDW;Reading West
TN7031700;gare;Iver;Iver;Iver;7031700;;51.508609;-0.506811;GB;Europe/London;Q26346809;Elizabeth line|Great Western Railway;;code;25532362;Q6098724;;;IVR;Iver
TN7031710;gare;Langley;Langley;Langley;7031710;;51.507818;-0.540905;GB;Europe/London;Q211907;Elizabeth line|Great Western Railway;BUS;code;5319948896;Q2790476;;;LNY;Langley
TN7031720;gare;Slough;Slough;Slough;7031720;;51.512103;-0.591276;GB;Europe/London;Q211907;Elizabeth line|Great Western Railway;BUS;code;7060654067;Q71950;;;SLO;Slough
TN7031740;gare;West Drayton;West Drayton;West Drayton;7031740;;51.509736;-0.471829;GB;Europe/London;Q84;Elizabeth line|Great Western Railway;BUS;code;1256794;Q2033143;;;WDT;West Drayton
TN7031750;gare;Windsor & Eton Central;Windsor and Eton Central;Windsor and Eton Central;7031750;;51.483274;-0.610564;GB;Europe/London;Q464955;Great Western Railway;BUS;code;7862969810;Q3098091;;;WNC;Windsor & Eton Central
TN7031760;gare;Burnham;Burnham;Burnham;7031760;;51.523393;-0.647084;GB;Europe/London;Q211907;Elizabeth line|Great Western Railway;BUS;code;27712384;Q1999740;;;BNM;Burnham
TN7031790;arret_car;Heathrow Terminal 2 Bus;Heathrow Terminal 2 Bus;Heathrow Terminal 2 Bus;7031790;;51.470926;-0.450793;GB;Europe/London;Q84;;BUS;gtfs;;;;;HWA;Heathrow Terminal 2 Bus
TN7031800;arret_car;Heathrow Terminal 3 Bus;Heathrow Terminal 3 Bus;Heathrow Terminal 3 Bus;7031800;;51.469109;-0.449414;GB;Europe/London;Q84;;BUS;gtfs;;;;;HWE;Heathrow Terminal 3 Bus
TN7031860;gare;Hayes & Harlington;Hayes and Harlington;Hayes and Harlington;7031860;;51.502925;-0.419156;GB;Europe/London;Q84;Elizabeth line|Great Western Railway;BUS;code;7147460528;Q1622594;;;HAY;Hayes & Harlington
TN7031870;gare;Southall;Southall;Southall;7031870;;51.50602;-0.377501;GB;Europe/London;Q83434;Elizabeth line|Great Western Railway;BUS;code;7147463821;Q5283892;;;STL;Southall
TN7031880;gare;West Ealing;West Ealing;West Ealing;7031880;;51.513536;-0.320689;GB;Europe/London;Q84;Elizabeth line|Great Western Railway;BUS;code;7147452464;Q7985007;;;WEA;West Ealing
TN7031900;gare;Ealing Broadway;Ealing Broadway;Ealing Broadway;7031900;;51.51498;-0.300407;GB;Europe/London;Q84;Elizabeth line|Great Western Railway;BUS;code;5585821560;Q800705;;;EAL;Ealing Broadway
TN7031910;gare;Hanwell;Hanwell;Hanwell;7031910;;51.511825;-0.338151;GB;Europe/London;Q84;Elizabeth line;BUS;code;7147467270;Q2784392;;;HAN;Hanwell
TN7031940;gare;Heyford;Heyford;Heyford;7031940;;51.918585;-1.299447;GB;Europe/London;Q1070481;Chiltern Railways|Great Western Railway;BUS;code;1494376631;Q2075758;;;HYD;Heyford
TN7031950;gare;Tackley;Tackley;Tackley;7031950;;51.881455;-1.297508;GB;Europe/London;Q1776955;Chiltern Railways|Great Western Railway;BUS;code;4490148480;Q2457327;;;TAC;Tackley
TN7032008;gare;Avonmouth;Avonmouth;Avonmouth;7032008;;51.499722;-2.698862;GB;Europe/London;Q23154;Great Western Railway;;code;7167219009;Q2198007;;;AVN;Avonmouth
TN7032020;gare;Clifton Down;Clifton Down;Clifton Down;7032020;;51.464431;-2.611436;GB;Europe/London;Q23154;Great Western Railway;;code;26200582;Q2462275;;;CFN;Clifton Down
TN7032030;gare;Montpelier;Montpelier;Montpelier;7032030;;51.468336;-2.588116;GB;Europe/London;Q23154;Great Western Railway;;code;21659771;Q962430;;;MTP;Montpelier
TN7032050;gare;Severn Beach;Severn Beach;Severn Beach;7032050;;51.559676;-2.664539;GB;Europe/London;Q7457920;Great Western Railway;;code;27536595;Q2224831;;;SVB;Severn Beach
TN7032060;gare;Shirehampton;Shirehampton;Shirehampton;7032060;;51.484277;-2.678932;GB;Europe/London;Q23154;Great Western Railway;;code;30351396;Q2346420;;;SHH;Shirehampton
TN7032130;gare;Patchway;Patchway;Patchway;7032130;;51.525827;-2.562345;GB;Europe/London;VGB-harry-stoke;Great Western Railway;;code;16902284;Q2385086;;;PWY;Patchway
TN7032140;gare;Pilning;Pilning;Pilning;7032140;;51.556377;-2.626728;GB;Europe/London;Q7194241;Great Western Railway;;code;40773624;Q7194244;;;PIL;Pilning
TN7032190;gare;Oldfield Park;Oldfield Park;Oldfield Park;7032190;;51.379209;-2.380154;GB;Europe/London;Q22889;Great Western Railway;BUS;code;26512125;Q2275914;;;OLF;Oldfield Park
TN7032250;gare;Lawrence Hill;Lawrence Hill;Lawrence Hill;7032250;;51.45858;-2.56417;GB;Europe/London;Q23154;Great Western Railway;BUS;code;21671934;Q4785868;;;LWH;Lawrence Hill
TN7032300;gare;Bristol Parkway;Bristol Parkway;Bristol Parkway;7032300;;51.513881;-2.542979;GB;Europe/London;Q23154;CrossCountry|Great Western Railway|Transport for Wales;BUS;code;6605149667;Q800574;;;BPW;Bristol Parkway
TN7032310;gare;Bristol Temple Meads;Bristol Temple Meads;Bristol Temple Meads;7032310;;51.449099;-2.580403;GB;Europe/London;Q23154;CrossCountry|Great Western Railway|Transport for Wales;BUS;code;7167271113;Q800579;;;BRI;Bristol Temple Meads
TN7032350;gare;Filton Abbey Wood;Filton Abbey Wood;Filton Abbey Wood;7032350;;51.503393;-2.563826;GB;Europe/London;Q537692;Great Western Railway|Transport for Wales;BUS;code;278435766;Q2311503;;;FIT;Filton Abbey Wood
TN7032370;gare;Keynsham;Keynsham;Keynsham;7032370;;51.418071;-2.49588;GB;Europe/London;Q691761;Great Western Railway;BUS;code;26152727;Q2658052;;;KYN;Keynsham
TN7032380;gare;Cam & Dursley;Cam and Dursley;Cam and Dursley;7032380;;51.71764;-2.35917;GB;Europe/London;Q281749;Great Western Railway;BUS;code;253872552;Q2359933;;;CDU;Cam & Dursley
TN7032450;gare;Bedminster;Bedminster;Bedminster;7032450;;51.440606;-2.593629;GB;Europe/London;Q23154;Great Western Railway;BUS;code;27225052;Q4879315;;;BMT;Bedminster
TN7032460;gare;Parson Street;Parson Street;Parson Street;7032460;;51.432994;-2.608537;GB;Europe/London;Q23154;Great Western Railway;BUS;code;27225053;Q2492432;;;PSN;Parson Street
TN7032470;gare;Redland;Redland;Redland;7032470;;51.468378;-2.598909;GB;Europe/London;Q23154;Great Western Railway;;code;40683212;Q603576;;;RDA;Redland
TN7032500;gare;Stapleton Road;Stapleton Road;Stapleton Road;7032500;;51.467446;-2.566318;GB;Europe/London;Q23154;Great Western Railway|Transport for Wales;BUS;code;21671870;Q2537961;;;SRD;Stapleton Road
TN7032520;gare;St Andrews Road (Bristol);St Andrews Road;St Andrews Road;7032520;;51.512448;-2.696441;GB;Europe/London;Q23154;Great Western Railway;;code;30336696;Q1922079;;;SAR;St Andrews Road (Bristol)
TN7032540;gare;Sea Mills;Sea Mills;Sea Mills;7032540;;51.479501;-2.649651;GB;Europe/London;Q23154;Great Western Railway;;code;7167219010;Q2672919;;;SML;Sea Mills
TN7032650;gare;Avoncliff;Avoncliff;Avoncliff;7032650;;51.339562;-2.281837;GB;Europe/London;Q1865037;Great Western Railway;BUS;code;433869896;Q2877190;;;AVF;Avoncliff
TN7032670;gare;Chippenham;Chippenham;Chippenham;7032670;;51.462368;-2.11588;GB;Europe/London;Q775299;Great Western Railway;BUS;code;7140214785;Q2178517;;;CPM;Chippenham
TN7032710;gare;Bath Spa;Bath Spa;Bath Spa;7032710;;51.377602;-2.356719;GB;Europe/London;Q22889;Great Western Railway;BUS;code;6605149668;Q637185;;;BTH;Bath Spa
TN7033140;gare;Highbridge & Burnham;Highbridge and Burnham;Highbridge and Burnham;7033140;;51.218313;-2.972004;GB;Europe/London;VGB-highbridge;Great Western Railway;BUS;code;474564204;Q2508684;;;HIG;Highbridge & Burnham
TN7033250;gare;Kemble;Kemble;Kemble;7033250;;51.676795;-2.023075;GB;Europe/London;Q257034;Great Western Railway;BUS;code;21362353;Q1877761;;;KEM;Kemble
TN7033290;gare;Bristol Brabazon;Bristol Brabazon;Bristol Brabazon;7033290;;51.517474;-2.582185;GB;Europe/London;Q23154;Great Western Railway;;gtfs;;;;;BBZ;Bristol Brabazon
TN7033330;gare;Swindon;Swindon;Swindon;7033330;;51.5657;-1.785284;GB;Europe/London;Q200942;Great Western Railway;BUS;code;104734;Q3244572;;;SWI;Swindon
TN7033410;gare;Bradford-on-Avon;Bradford-on-Avon;Bradford-on-Avon;7033410;;51.344789;-2.252755;GB;Europe/London;Q896940;Great Western Railway;BUS;code;3195751158;Q4954566;;;BOA;Bradford-On-Avon
TN7033440;gare;Freshford;Freshford;Freshford;7033440;;51.34177;-2.300589;GB;Europe/London;Q2042618;Great Western Railway;BUS;code;26949699;Q1915042;;;FFD;Freshford
TN7033460;gare;Melksham;Melksham;Melksham;7033460;;51.380172;-2.144607;GB;Europe/London;Q1235894;Great Western Railway;BUS;code;35714035;Q2264906;;;MKM;Melksham
TN7033480;gare;Trowbridge;Trowbridge;Trowbridge;7033480;;51.320005;-2.214331;GB;Europe/London;Q265647;Great Western Railway;BUS;code;17773687;Q2974092;;;TRO;Trowbridge
TN7033800;gare;Yate;Yate;Yate;7033800;;51.541399;-2.432173;GB;Europe/London;Q1025095;Great Western Railway;BUS;code;17207692;Q3900748;;;YAE;Yate
TN7033880;gare;Weston Milton;Weston Milton;Weston Milton;7033880;;51.348402;-2.942888;GB;Europe/London;Q845623;Great Western Railway;BUS;code;21277557;Q2432877;;;WNM;Weston Milton
TN7033890;gare;Nailsea & Backwell;Nailsea and Backwell;Nailsea and Backwell;7033890;;51.419672;-2.74969;GB;Europe/London;Q2269865;Great Western Railway;BUS;code;492098581;Q6959642;;;NLS;Nailsea & Backwell
TN7033900;gare;Worle;Worle;Worle;7033900;;51.35785;-2.909323;GB;Europe/London;Q845623;Great Western Railway;BUS;code;253893851;Q2416797;;;WOR;Worle
TN7033910;gare;Weston-super-Mare;Weston-super-Mare;Weston-super-Mare;7033910;;51.344496;-2.97183;GB;Europe/London;Q845623;CrossCountry|Great Western Railway;BUS;code;21277582;Q2335883;;;WSM;Weston-Super-Mare
TN7033920;gare;Yatton;Yatton;Yatton;7033920;;51.390883;-2.827705;GB;Europe/London;Q24665473;Great Western Railway;BUS;code;21277558;Q1957149;;;YAT;Yatton
TN7034080;gare;Dawlish;Dawlish;Dawlish;7034080;;50.58061;-3.464448;GB;Europe/London;Q1248368;CrossCountry|Great Western Railway;;code;6076782660;Q593607;;;DWL;Dawlish
TN7034090;gare;Dawlish Warren;Dawlish Warren;Dawlish Warren;7034090;;50.598647;-3.443716;GB;Europe/London;Q1248368;Great Western Railway;;code;386775449;Q649862;;;DWW;Dawlish Warren
TN7034100;gare;Exeter St Davids;Exeter St Davids;Exeter St Davids;7034100;;50.729215;-3.54357;GB;Europe/London;Q134672;CrossCountry|Great Western Railway|South Western Railway;BUS;code;6013523209;Q3244559;;;EXD;Exeter St Davids
TN7034130;gare;Starcross;Starcross;Starcross;7034130;;50.627588;-3.447637;GB;Europe/London;Q2685521;Great Western Railway;;code;1654248337;Q2308834;;;SCS;Starcross
TN7034140;gare;Exeter St Thomas;Exeter St Thomas;Exeter St Thomas;7034140;;50.717201;-3.538821;GB;Europe/London;Q134672;Great Western Railway;;code;26448893;Q1928272;;;EXT;Exeter St Thomas
TN7034220;gare;Polsloe Bridge;Polsloe Bridge;Polsloe Bridge;7034220;;50.731301;-3.502163;GB;Europe/London;Q134672;Great Western Railway;BUS;code;21278108;Q2782711;;;POL;Polsloe Bridge
TN7034262;gare;Newton Abbot;Newton Abbot;Newton Abbot;7034262;;50.530151;-3.599226;GB;Europe/London;Q660484;CrossCountry|Great Western Railway;;code;6605728698;Q2182739;;;NTA;Newton Abbot
TN7034270;gare;Paignton;Paignton;Paignton;7034270;;50.434598;-3.564913;GB;Europe/London;Q776662;CrossCountry|Great Western Railway;;code;246663389;Q2049642;;;PGN;Paignton
TN7034300;gare;Teignmouth;Teignmouth;Teignmouth;7034300;;50.548157;-3.49468;GB;Europe/London;Q531311;CrossCountry|Great Western Railway;;code;26067992;Q2369625;;;TGM;Teignmouth
TN7034320;gare;Torre;Torre;Torre;7034320;;50.472746;-3.546215;GB;Europe/London;Q209055;Great Western Railway;;code;29272388;Q2985310;;;TRR;Torre
TN7034340;gare;Torquay;Torquay;Torquay;7034340;;50.461051;-3.54303;GB;Europe/London;Q209055;CrossCountry|Great Western Railway;;code;29272140;Q763074;;;TQY;Torquay
TN7034470;gare;Kings Heath;Kings Heath;Kings Heath;7034470;;52.43886;-1.893667;GB;Europe/London;Q20986424;West Midlands Trains;BUS;code;12521783877;;;;KIH;Kings Heath
TN7034490;gare;Bridgwater;Bridgwater;Bridgwater;7034490;;51.127844;-2.990248;GB;Europe/London;Q914015;Great Western Railway;BUS;code;1502257982;Q643448;;;BWT;Bridgwater
TN7034710;gare;Taunton;Taunton;Taunton;7034710;;51.023294;-3.102674;GB;Europe/London;Q845619;CrossCountry|Great Western Railway;BUS;code;3777268518;Q7688820;;;TAU;Taunton
TN7034740;gare;Tiverton Parkway;Tiverton Parkway;Tiverton Parkway;7034740;;50.917075;-3.359743;GB;Europe/London;Q662238;CrossCountry|Great Western Railway;BUS;code;6605728699;Q2463093;;;TVP;Tiverton Parkway
TN7034980;gare;Lelant Saltings;Lelant Saltings;Lelant Saltings;7034980;;50.178586;-5.441159;GB;Europe/London;Q724182;Great Western Railway;;code;262345559;Q2741296;;;LTS;Lelant Saltings
TN7034990;gare;Penmere;Penmere;Penmere;7034990;;50.15038;-5.083259;GB;Europe/London;Q478029;Great Western Railway;;code;30742878;Q2675101;;;PNM;Penmere
TN7035010;gare;Bodmin Parkway;Bodmin Parkway;Bodmin Parkway;7035010;;50.446005;-4.662759;GB;Europe/London;Q22338583;CrossCountry|Great Western Railway;BUS;code;6605728692;Q2838818;;;BOD;Bodmin Parkway
TN7035020;gare;Bugle;Bugle;Bugle;7035020;;50.400242;-4.791914;GB;Europe/London;Q4986208;Great Western Railway;;code;84492504;Q2294931;;;BGL;Bugle
TN7035040;gare;Camborne;Camborne;Camborne;7035040;;50.210243;-5.297725;GB;Europe/London;Q1774403;CrossCountry|Great Western Railway;;code;6605728687;Q2018211;;;CBN;Camborne
TN7035080;gare;Falmouth Docks;Falmouth Docks;Falmouth Docks;7035080;;50.150832;-5.055607;GB;Europe/London;Q478029;Great Western Railway;;code;30742864;Q2296272;;;FAL;Falmouth Docks
TN7035130;gare;Hayle;Hayle;Hayle;7035130;;50.185543;-5.419928;GB;Europe/London;Q1010221;CrossCountry|Great Western Railway;;code;5157241087;Q2061860;;;HYL;Hayle
TN7035170;gare;Lostwithiel;Lostwithiel;Lostwithiel;7035170;;50.407131;-4.666061;GB;Europe/London;Q723517;CrossCountry|Great Western Railway;;code;6605728691;Q2268341;;;LOS;Lostwithiel
TN7035180;gare;Luxulyan;Luxulyan;Luxulyan;7035180;;50.390374;-4.748335;GB;Europe/London;Q1913013;Great Western Railway;;code;84492509;Q647554;;;LUX;Luxulyan
TN7035230;gare;Newquay;Newquay;Newquay;7035230;;50.414442;-5.075129;GB;Europe/London;Q943517;Great Western Railway;;code;1203560060;Q616016;;;NQY;Newquay
TN7035240;gare;Par;Par;Par;7035240;;50.355715;-4.704613;GB;Europe/London;Q2618791;CrossCountry|Great Western Railway;;code;6605728690;Q1920269;;;PAR;Par
TN7035250;gare;Penryn;Penryn;Penryn;7035250;;50.17058;-5.11151;GB;Europe/London;Q1025788;Great Western Railway;;code;30742904;Q2804226;;;PYN;Penryn
TN7035260;gare;Penzance;Penzance;Penzance;7035260;;50.12244;-5.532028;GB;Europe/London;Q208209;CrossCountry|Great Western Railway;;code;6900327462;Q2100103;;;PNZ;Penzance
TN7035280;gare;Perranwell;Perranwell;Perranwell;7035280;;50.216607;-5.111998;GB;Europe/London;Q4918477;Great Western Railway;;code;30742951;Q7169596;;;PRW;Perranwell
TN7035300;gare;Redruth;Redruth;Redruth;7035300;;50.233129;-5.2259;GB;Europe/London;Q1010210;CrossCountry|Great Western Railway;BUS;code;6605728688;Q2708874;;;RED;Redruth
TN7035310;gare;Quintrell Downs;Quintrell Downs;Quintrell Downs;7035310;;50.404123;-5.028848;GB;Europe/London;Q6395231;Great Western Railway;;code;262451572;Q2380141;;;QUI;Quintrell Downs
TN7035320;gare;Roche;Roche;Roche;7035320;;50.41865;-4.830769;GB;Europe/London;Q2160232;Great Western Railway;;code;84492485;Q1832838;;;ROC;Roche
TN7035340;gare;St Austell;St Austell;St Austell;7035340;;50.339598;-4.789331;GB;Europe/London;Q772614;CrossCountry|Great Western Railway;;code;6605728689;Q2743990;;;SAU;St Austell
TN7035360;gare;St. Columb Road;St. Columb Road;St. Columb Road;7035360;;50.398746;-4.941332;GB;Europe/London;Q6021308;Great Western Railway;;code;84494872;Q2117314;;;SCR;St Columb Road
TN7035370;gare;St Erth;St Erth;St Erth;7035370;;50.170572;-5.443921;GB;Europe/London;Q1002835;CrossCountry|Great Western Railway;;code;6605728686;Q3301786;;;SER;St Erth
TN7035380;gare;St Ives;St Ives;St Ives;7035380;;50.208846;-5.477767;GB;Europe/London;Q724182;Great Western Railway;;code;687954286;Q2150660;;;SIV;St Ives
TN7035390;gare;Lelant;Lelant;Lelant;7035390;;50.183992;-5.436555;GB;Europe/London;Q724182;Great Western Railway;;code;262345551;Q1924157;;;LEL;Lelant
TN7035400;gare;Truro;Truro;Truro;7035400;;50.263986;-5.064203;GB;Europe/London;Q180803;CrossCountry|Great Western Railway;;code;4098456698;Q647459;;;TRU;Truro
TN7035420;gare;Carbis Bay;Carbis Bay;Carbis Bay;7035420;;50.197081;-5.463703;GB;Europe/London;Q724182;Great Western Railway;;code;262345520;Q2652764;;;CBB;Carbis Bay
TN7035490;gare;Bere Alston;Bere Alston;Bere Alston;7035490;;50.485608;-4.200319;GB;Europe/London;Q1241007;Great Western Railway;;code;32038014;Q1967233;;;BAS;Bere Alston
TN7035500;gare;Bere Ferrers;Bere Ferrers;Bere Ferrers;7035500;;50.451087;-4.181455;GB;Europe/London;Q1996192;Great Western Railway;;code;32037969;Q2550845;;;BFE;Bere Ferrers
TN7035550;gare;Ivybridge;Ivybridge;Ivybridge;7035550;;50.393507;-3.905178;GB;Europe/London;Q41159552;Great Western Railway;;code;29264839;Q2781536;;;IVY;Ivybridge
TN7035580;gare;Totnes;Totnes;Totnes;7035580;;50.435914;-3.688748;GB;Europe/London;Q1007106;CrossCountry|Great Western Railway;BUS;code;6605728697;Q1979913;;;TOT;Totnes
TN7035620;gare;Calstock;Calstock;Calstock;7035620;;50.497994;-4.208583;GB;Europe/London;Q5305665;Great Western Railway;;code;32038073;Q2615167;;;CSK;Calstock
TN7035630;gare;Gunnislake;Gunnislake;Gunnislake;7035630;;50.516628;-4.219523;GB;Europe/London;Q5305665;Great Western Railway;;code;47891203;Q2734942;;;GSL;Gunnislake
TN7035680;gare;Causeland;Causeland;Causeland;7035680;;50.405689;-4.466415;GB;Europe/London;VGB-tredinnick;Great Western Railway;;code;32039721;Q2024573;;;CAU;Causeland
TN7035700;gare;Coombe;Coombe Junction Halt;Coombe Junction Halt;7035700;;50.445158;-4.481353;GB;Europe/London;Q2019908;Great Western Railway;;code;32039285;Q2587767;;;COE;Coombe
TN7035710;gare;Keyham;Keyham;Keyham;7035710;;50.389965;-4.179892;GB;Europe/London;Q43382;Great Western Railway;;code;30744047;Q2296539;;;KEY;Keyham
TN7035720;gare;St Keyne;St Keyne Wishing Well Halt;St Keyne Wishing Well Halt;7035720;;50.422821;-4.463348;GB;Europe/London;Q748532;Great Western Railway;;code;32039663;Q7593897;;;SKN;St Keyne
TN7035730;gare;Liskeard;Liskeard;Liskeard;7035730;;50.446819;-4.469529;GB;Europe/London;Q2019908;CrossCountry|Great Western Railway;;code;6605728693;Q2501606;;;LSK;Liskeard
TN7035740;gare;Looe;Looe;Looe;7035740;;50.359561;-4.456391;GB;Europe/London;Q1024896;Great Western Railway;;code;32039894;Q9298791;;;LOO;Looe
TN7035760;gare;Menheniot;Menheniot;Menheniot;7035760;;50.426602;-4.409533;GB;Europe/London;Q1953000;Great Western Railway;;code;30743899;Q1851249;;;MEN;Menheniot
TN7035790;gare;Devonport;Devonport;Devonport;7035790;;50.378521;-4.170101;GB;Europe/London;Q43382;Great Western Railway;;code;33345209;Q1970495;;;DPT;Devonport
TN7035800;gare;Plymouth;Plymouth;Plymouth;7035800;;50.378097;-4.143393;GB;Europe/London;Q43382;CrossCountry|Great Western Railway;;code;4098520591;Q956813;;;PLY;Plymouth
TN7035840;gare;Sandplace;Sandplace;Sandplace;7035840;;50.387596;-4.464799;GB;Europe/London;VGB-tredinnick;Great Western Railway;;code;715876342;Q577887;;;SDP;Sandplace
TN7035860;gare;St Germans;St Germans;St Germans;7035860;;50.394199;-4.308471;GB;Europe/London;Q1322462;Great Western Railway;;code;30743976;Q2411195;;;SGM;St Germans
TN7035870;gare;Saltash;Saltash;Saltash;7035870;;50.407201;-4.209155;GB;Europe/London;Q1994597;Great Western Railway;;code;30744028;Q2607990;;;STS;Saltash
TN7035880;gare;Dockyard;Dockyard;Dockyard;7035880;;50.38237;-4.176032;GB;Europe/London;Q43382;Great Western Railway;;code;33345216;Q2705589;;;DOC;Dockyard
TN7035900;gare;St Budeaux Ferry Road;St Budeaux Ferry Road;St Budeaux Ferry Road;7035900;;50.401582;-4.187103;GB;Europe/London;Q43382;Great Western Railway;;code;181883189;Q960725;;;SBF;St Budeaux Ferry Road
TN7035910;gare;Falmouth Town;Falmouth Town;Falmouth Town;7035910;;50.148352;-5.064853;GB;Europe/London;Q478029;Great Western Railway;;code;30742869;Q5432605;;;FMT;Falmouth Town
TN7035920;gare;St Budeaux Victoria Road;St Budeaux Victoria Road;St Budeaux Victoria Road;7035920;;50.402196;-4.187751;GB;Europe/London;Q43382;Great Western Railway;;code;174185959;Q2524155;;;SBV;St Budeaux Victoria Road
TN7036020;gare;Abergavenny;Abergavenny;Abergavenny;7036020;;51.817435;-3.009013;GB;Europe/London;Q609161;Transport for Wales;BUS;code;7154271435;Q1964010;;;AGV;Abergavenny
TN7036070;gare;Hereford;Hereford;Hereford;7036070;;52.061199;-2.708122;GB;Europe/London;Q204720;Great Western Railway|Transport for Wales|West Midlands Trains;BUS;code;6694971382;Q3397348;;;HFD;Hereford
TN7036200;gare;Leominster;Leominster;Leominster;7036200;;52.225809;-2.730445;GB;Europe/London;Q550424;Transport for Wales;BUS;code;7154294295;Q2109443;;;LEO;Leominster
TN7036230;gare;Brunswick;Brunswick;Brunswick;7036230;;53.383218;-2.976016;GB;Europe/London;Q21665571;Merseyrail;BUS;code;28100066;Q2471511;;;BRW;Brunswick
TN7036240;gare;Conway Park;Conway Park;Conway Park;7036240;;53.393525;-3.023088;GB;Europe/London;Q746718;Merseyrail;BUS;code;10055803284;Q2881512;;;CNP;Conway Park
TN7036340;gare;Craven Arms;Craven Arms;Craven Arms;7036340;;52.44242;-2.837628;GB;Europe/London;Q869556;Transport for Wales;BUS;code;6923758088;Q2209474;;;CRV;Craven Arms
TN7036350;gare;Ludlow;Ludlow;Ludlow;7036350;;52.371101;-2.71598;GB;Europe/London;Q839811;Transport for Wales;BUS;code;252860639;Q2237004;;;LUD;Ludlow
TN7036450;gare;Luton Airport Parkway;Luton Airport Parkway;Luton Airport Parkway;7036450;;51.872845;-0.396124;GB;Europe/London;Q203889;East Midlands Railway|Thameslink;BUS;code;6750291608;Q801135;;;LTN;Luton Airport Parkway
TN7036740;gare;Newport Gwent;Newport Gwent;Newport Gwent;7036740;;51.590145;-2.998873;GB;Europe/London;Q101254;CrossCountry|Great Western Railway|Transport for Wales;BUS;gtfs;;;;;NWP;Newport Gwent
TN7036790;gare;Severn Tunnel Junction;Severn Tunnel Junction;Severn Tunnel Junction;7036790;;51.584253;-2.777297;GB;Europe/London;Q7359416;CrossCountry|Great Western Railway|Transport for Wales;BUS;code;1069493538;Q2496470;;;STJ;Severn Tunnel Junction
TN7036800;gare;Caldicot;Caldicot;Caldicot;7036800;;51.584506;-2.759768;GB;Europe/London;Q722585;CrossCountry|Transport for Wales;BUS;code;18154990;Q2431706;;;CDT;Caldicot
TN7037380;gare;Cwmbran;Cwmbran;Cwmbran;7037380;;51.657089;-3.016011;GB;Europe/London;Q990153;Transport for Wales;BUS;code;67073064;;;;CWM;Cwmbran
TN7037440;gare;Pontypool and New Inn;Pontypool and New Inn;Pontypool and New Inn;7037440;;51.697327;-3.01355;GB;Europe/London;Q1009261;Transport for Wales;BUS;code;67073125;Q1835617;;;PPL;Pontypool and New Inn
TN7037740;gare;Chepstow;Chepstow;Chepstow;7037740;;51.639969;-2.671076;GB;Europe/London;Q771986;CrossCountry|Transport for Wales;BUS;code;5904209646;Q2074597;;;CPW;Chepstow
TN7037850;gare;Cilmeri;Cilmeri;Cilmeri;7037850;;52.150416;-3.456732;GB;Europe/London;Q3395330;Transport for Wales;BUS;code;6923755695;Q2495949;;;CIM;Cilmeri
TN7037950;gare;Eastbrook;Eastbrook;Eastbrook;7037950;;51.437836;-3.206259;GB;Europe/London;Q3403308;Transport for Wales;BUS;code;30942503;Q3401825;;;EBK;Eastbrook
TN7037960;gare;Waun-gron Park;Waun-gron Park;Waun-gron Park;7037960;;51.488302;-3.22969;GB;Europe/London;Q10690;Transport for Wales;BUS;code;1327562038;Q2312031;;;WNG;Waun-Gron Park
TN7037970;gare;Danescourt;Danescourt;Danescourt;7037970;;51.500401;-3.233946;GB;Europe/London;Q10690;Transport for Wales;BUS;code;253311327;Q2691871;;;DCT;Danescourt
TN7038010;gare;Abercynon;Abercynon;Abercynon;7038010;;51.643041;-3.329538;GB;Europe/London;Q3404663;Transport for Wales;;code;122123719;Q2628183;;;ACY;Abercynon
TN7038050;gare;Barry;Barry;Barry;7038050;;51.396904;-3.284869;GB;Europe/London;Q809009;Transport for Wales;BUS;code;244321639;Q4864935;;;BRY;Barry
TN7038060;gare;Barry Docks;Barry Docks;Barry Docks;7038060;;51.402604;-3.261156;GB;Europe/London;Q809009;Transport for Wales;BUS;code;2881819755;Q2608749;;;BYD;Barry Docks
TN7038070;gare;Barry Island;Barry Island;Barry Island;7038070;;51.392312;-3.274211;GB;Europe/London;Q809009;Transport for Wales;BUS;code;246683913;Q3401801;;;BYI;Barry Island
TN7038080;gare;Butetown;Butetown;Butetown;7038080;;51.4726;-3.171928;GB;Europe/London;Q10690;Transport for Wales;;gtfs;;;;;BUN;Butetown
TN7038090;gare;Bridgend;Bridgend;Bridgend;7038090;;51.50711;-3.575259;GB;Europe/London;Q6497774;Great Western Railway|Transport for Wales;BUS;code;20925299;Q2221390;;;BGN;Bridgend
TN7038110;gare;Cadoxton;Cadoxton;Cadoxton;7038110;;51.412181;-3.248765;GB;Europe/London;Q809009;Transport for Wales;BUS;code;244321649;Q1917677;;;CAD;Cadoxton
TN7038120;gare;Caerphilly;Caerphilly;Caerphilly;7038120;;51.571544;-3.218822;GB;Europe/London;Q909119;Transport for Wales;BUS;code;137734387;Q2226626;;;CPH;Caerphilly
TN7038130;gare;Aber;Aber;Aber;7038130;;51.574866;-3.22981;GB;Europe/London;Q909119;Transport for Wales;BUS;code;90455818;Q2713263;;;ABE;Aber
TN7038150;gare;Cardiff Bay;Cardiff Bay;Cardiff Bay;7038150;;51.467641;-3.166782;GB;Europe/London;Q10690;Transport for Wales;BUS;code;30946404;Q2665080;;;CDB;Cardiff Bay
TN7038170;gare;Tŷ Glas;Tŷ Glas;Tŷ Glas;7038170;;51.521736;-3.197102;GB;Europe/London;Q10690;Transport for Wales;;code;256696262;Q2742543;;;TGS;Ty Glas
TN7038180;gare;Ynyswen;Ynyswen;Ynyswen;7038180;;51.664951;-3.521487;GB;Europe/London;Q302872;Transport for Wales;;code;175407974;Q1915303;;;YNW;Ynyswen
TN7038200;gare;Cathays;Cathays;Cathays;7038200;;51.488896;-3.178927;GB;Europe/London;Q10690;Transport for Wales;BUS;code;21415074;Q2300730;;;CYS;Cathays
TN7038280;gare;Cogan;Cogan;Cogan;7038280;;51.446164;-3.189048;GB;Europe/London;Q427792;Transport for Wales;BUS;code;30942157;Q2470011;;;CGN;Cogan
TN7038300;gare;Dinas Powys;Dinas Powys;Dinas Powys;7038300;;51.431271;-3.219067;GB;Europe/London;Q3403308;Transport for Wales;BUS;code;30942508;Q2433033;;;DNS;Dinas Powys
TN7038390;gare;Grangetown;Grangetown;Grangetown;7038390;;51.467252;-3.18956;GB;Europe/London;Q10690;Transport for Wales;BUS;code;1597729335;Q3460666;;;GTN;Grangetown
TN7038440;gare;Llandaf;Llandaf;Llandaf;7038440;;51.508498;-3.229247;GB;Europe/London;Q10690;Transport for Wales;BUS;code;21415085;Q2253187;;;LLN;Llandaf
TN7038450;gare;Heath High Level;Heath High Level;Heath High Level;7038450;;51.516819;-3.181568;GB;Europe/London;Q10690;Transport for Wales;BUS;code;90454459;Q2735955;;;HHL;Heath High Level
TN7038470;gare;Llanishen;Llanishen;Llanishen;7038470;;51.532996;-3.181843;GB;Europe/London;Q10690;Transport for Wales;BUS;code;244010099;Q2660714;;;LLS;Llanishen
TN7038500;gare;Pontyclun;Pontyclun;Pontyclun;7038500;;51.523839;-3.392055;GB;Europe/London;Q3404556;Transport for Wales;BUS;code;20926867;Q2203127;;;PYC;Pontyclun
TN7038510;gare;Pencoed;Pencoed;Pencoed;7038510;;51.523904;-3.501372;GB;Europe/London;Q2567716;Transport for Wales;BUS;code;1969702032;Q2788634;;;PCD;Pencoed
TN7038520;gare;Llwynypia;Llwynypia;Llwynypia;7038520;;51.633417;-3.45331;GB;Europe/London;Q6662915;Transport for Wales;;code;114072903;Q3400217;;;LLY;Llwynypia
TN7038530;gare;Lisvane & Thornhill;Lisvane and Thornhill;Lisvane and Thornhill;7038530;;51.544415;-3.185569;GB;Europe/London;Q10690;Transport for Wales;BUS;code;253324518;Q2024089;;;LVT;Lisvane & Thornhill
TN7038550;gare;Merthyr Tydfil;Merthyr Tydfil;Merthyr Tydfil;7038550;;51.744479;-3.377356;GB;Europe/London;Q752762;Transport for Wales;;code;6900345599;Q305134;;;MER;Merthyr Tydfil
TN7038570;gare;Merthyr Vale;Merthyr Vale;Merthyr Vale;7038570;;51.686908;-3.337104;GB;Europe/London;Q6820697;Transport for Wales;;code;122098365;Q3400233;;;MEV;Merthyr Vale
TN7038590;gare;Mountain Ash;Mountain Ash;Mountain Ash;7038590;;51.681762;-3.376667;GB;Europe/London;Q2469852;Transport for Wales;;code;536612238;Q1978271;;;MTA;Mountain Ash
TN7038610;gare;Dingle Road;Dingle Road;Dingle Road;7038610;;51.439923;-3.179816;GB;Europe/London;Q427792;Transport for Wales;BUS;code;30942049;Q2724332;;;DGL;Dingle Road
TN7038620;gare;Fernhill;Fernhill;Fernhill;7038620;;51.686606;-3.395889;GB;Europe/London;Q5445092;Transport for Wales;;code;122234667;Q2705311;;;FER;Fernhill
TN7038630;gare;Penarth;Penarth;Penarth;7038630;;51.435849;-3.174678;GB;Europe/London;Q427792;Transport for Wales;BUS;code;255383858;Q3298476;;;PEN;Penarth
TN7038700;gare;Porth;Porth;Porth;7038700;;51.612473;-3.407632;GB;Europe/London;Q2610915;Transport for Wales;;code;114065930;Q2238105;;;POR;Porth
TN7038710;gare;Ystrad Rhondda;Ystrad Rhondda;Ystrad Rhondda;7038710;;51.643619;-3.466943;GB;Europe/London;Q8059804;Transport for Wales;;code;114072914;Q2797749;;;YSR;Ystrad Rhondda
TN7038730;gare;Fairwater;Fairwater;Fairwater;7038730;;51.493886;-3.233804;GB;Europe/London;Q10690;Transport for Wales;BUS;code;246527118;Q2482278;;;FRW;Fairwater
TN7038740;gare;Radyr;Radyr;Radyr;7038740;;51.51659;-3.249026;GB;Europe/London;Q10690;Transport for Wales;BUS;code;31563410;Q2433998;;;RDR;Radyr
TN7038761;gare;Rhoose Cardiff Airport;Rhoose Cardiff Airport;Rhoose Cardiff Airport;7038761;;51.387454;-3.347599;GB;Europe/London;VGB-rhoose;Transport for Wales;BUS;gtfs;;;;;RIA;Rhoose Cardiff Airport
TN7038800;gare;Taffs Well;Taffs Well;Taffs Well;7038800;;51.541246;-3.263882;GB;Europe/London;VGB-taffs-well;Transport for Wales;BUS;code;31098192;Q2090331;;;TAF;Taffs Well
TN7038820;gare;Tonypandy;Tonypandy;Tonypandy;7038820;;51.619832;-3.449041;GB;Europe/London;Q1537181;Transport for Wales;;code;114072896;Q2889489;;;TNP;Tonypandy
TN7038860;gare;Trefforest Estate;Trefforest Estate;Trefforest Estate;7038860;;51.568417;-3.2913;GB;Europe/London;Q7898503;Transport for Wales;;gtfs;;;;;TRE;Trefforest Estate
TN7038870;gare;Trefforest;Treforest;Trefforest;7038870;;51.591903;-3.324964;GB;Europe/London;Q1024900;Transport for Wales;;code;31098261;Q3400263;;;TRF;Trefforest
TN7038880;gare;Trehafod;Trehafod;Trehafod;7038880;;51.610097;-3.3807;GB;Europe/London;VGB-pantygraigwen;Transport for Wales;;code;114061125;Q2288046;;;TRH;Trehafod
TN7038890;gare;Treherbert;Treherbert;Treherbert;7038890;;51.671619;-3.535093;GB;Europe/London;Q7837902;Transport for Wales;;code;114081256;Q2161926;;;TRB;Treherbert
TN7038910;gare;Treorchy;Treorchy;Treorchy;7038910;;51.657437;-3.506037;GB;Europe/London;Q302872;Transport for Wales;;code;114081247;Q3400283;;;TRY;Treorchy
TN7038950;gare;Ninian Park;Ninian Park;Ninian Park;7038950;;51.476523;-3.201387;GB;Europe/London;Q10690;Transport for Wales;BUS;code;246527344;Q2615178;;;NNP;Ninian Park
TN7038960;gare;Whitchurch (Glamorgan);Whitchurch;Whitchurch;7038960;;51.520829;-3.222165;GB;Europe/London;Q10690;Transport for Wales;;code;252858122;Q2534431;;;WHT;Whitchurch (Glamorgan)
TN7038970;gare;Ton Pentre;Ton Pentre;Ton Pentre;7038970;;51.647711;-3.486145;GB;Europe/London;Q5530463;Transport for Wales;;code;114072925;Q2670470;;;TPN;Ton Pentre
TN7038990;gare;Cardiff Central;Cardiff Central;Cardiff Central;7038990;;51.475549;-3.179706;GB;Europe/London;Q10690;CrossCountry|Great Western Railway|Transport for Wales;BUS;code;6605149666;Q2292817;;;CDF;Cardiff Central
TN7039000;gare;Cardiff Queen Street;Cardiff Queen Street;Cardiff Queen Street;7039000;;51.482002;-3.170293;GB;Europe/London;Q10690;Transport for Wales;BUS;code;10188726088;Q2937934;;;CDQ;Cardiff Queen Street
TN7039010;gare;Dinas Rhondda;Dinas Rhondda;Dinas Rhondda;7039010;;51.61737;-3.437102;GB;Europe/London;Q5277964;Transport for Wales;;code;114072884;Q1981112;;;DMG;Dinas Rhondda
TN7039040;gare;Pontypridd;Pontypridd;Pontypridd;7039040;;51.599296;-3.341837;GB;Europe/London;Q1024900;Transport for Wales;;code;6900362404;Q2627385;;;PPD;Pontypridd
TN7039050;gare;Coryton;Coryton;Coryton;7039050;;51.520444;-3.231477;GB;Europe/London;Q10690;Transport for Wales;;code;252858121;Q2759251;;;COY;Coryton
TN7039060;gare;Rhiwbina;Rhiwbina;Rhiwbina;7039060;;51.521084;-3.214483;GB;Europe/London;Q10690;Transport for Wales;;code;252858123;Q2715473;;;RHI;Rhiwbina
TN7039070;gare;Birchgrove;Birchgrove;Birchgrove;7039070;;51.521535;-3.20246;GB;Europe/London;Q10690;Transport for Wales;;code;252858124;Q2131603;;;BCG;Birchgrove
TN7039080;gare;Heath Low Level;Heath Low Level;Heath Low Level;7039080;;51.515767;-3.182208;GB;Europe/London;Q10690;Transport for Wales;;code;252858131;Q2965292;;;HLL;Heath Low Level
TN7039440;gare;Pentre-bach;Pentre-bach;Pentre-bach;7039440;;51.724861;-3.362339;GB;Europe/London;Q7165293;Transport for Wales;;code;122077041;Q2499847;;;PTB;Pentre-Bach
TN7039610;gare;Garth (Mid Glamorgan);Garth (Bridgend);Garth (Bridgend);7039610;;51.596707;-3.642815;GB;Europe/London;Q5197244;Transport for Wales;BUS;code;32547323;Q2677249;;;GMG;Garth (Mid Glamorgan)
TN7039620;gare;Maesteg Ewenny Road;Maesteg Ewenny Road;Maesteg Ewenny Road;7039620;;51.605267;-3.648253;GB;Europe/London;Q2243637;Transport for Wales;BUS;code;256427348;Q2481634;;;MEW;Maesteg (Ewenny Road)
TN7039630;gare;Maesteg;Maesteg;Maesteg;7039630;;51.609681;-3.654967;GB;Europe/London;Q2243637;Transport for Wales;BUS;code;32547313;Q2711298;;;MST;Maesteg
TN7039650;gare;Wildmill;Wildmill;Wildmill;7039650;;51.519805;-3.580272;GB;Europe/London;Q6497774;Transport for Wales;BUS;code;5005824986;Q2668682;;;WMI;Wildmill
TN7039810;gare;Cwmbach;Cwmbach;Cwmbach;7039810;;51.701485;-3.414769;GB;Europe/London;Q5197228;Transport for Wales;;code;122362903;Q2424192;;;CMH;Cwmbach
TN7039820;gare;Aberdare;Aberdare;Aberdare;7039820;;51.713751;-3.439503;GB;Europe/London;Q319369;Transport for Wales;;code;122362926;Q3023701;;;ABA;Aberdare
TN7039920;gare;Penrhiwceiber;Penrhiwceiber;Penrhiwceiber;7039920;;51.670189;-3.360143;GB;Europe/London;Q7164562;Transport for Wales;;code;122137367;Q2207619;;;PER;Penrhiwceiber
TN7039940;gare;Quakers Yard;Quakers Yard;Quakers Yard;7039940;;51.660364;-3.322931;GB;Europe/London;VGB-edwardsville;Transport for Wales;;code;122098437;Q2412055;;;QYD;Quakers Yard
TN7040110;gare;Bargoed;Bargoed;Bargoed;7040110;;51.692748;-3.229824;GB;Europe/London;Q2664179;Transport for Wales;;code;178645110;Q1808106;;;BGD;Bargoed
TN7040120;gare;Brithdir;Brithdir;Brithdir;7040120;;51.709801;-3.228129;GB;Europe/London;Q3402398;Transport for Wales;;code;178645145;Q2185916;;;BHD;Brithdir
TN7040180;gare;Llanbradach;Llanbradach;Llanbradach;7040180;;51.604107;-3.233052;GB;Europe/London;Q24343260;Transport for Wales;BUS;code;90455839;Q2610280;;;LNB;Llanbradach
TN7040210;gare;Pengam;Pengam;Pengam;7040210;;51.670208;-3.229974;GB;Europe/London;Q5561755;Transport for Wales;;code;178636554;Q3401833;;;PGM;Pengam
TN7040220;gare;Gilfach Fargoed;Gilfach Fargoed;Gilfach Fargoed;7040220;;51.684146;-3.227393;GB;Europe/London;Q2664179;Transport for Wales;;code;178645095;Q2191702;;;GFF;Gilfach Fargoed
TN7040230;gare;Pontlottyn;Pontlottyn;Pontlottyn;7040230;;51.746527;-3.279359;GB;Europe/London;Q7228312;Transport for Wales;;code;178645212;Q1865655;;;PLT;Pontlottyn
TN7040250;gare;Tir-Phil;Tir-Phil;Tir-Phil;7040250;;51.721017;-3.245953;GB;Europe/London;Q3402398;Transport for Wales;;code;178645168;Q2070775;;;TIR;Tir-Phil
TN7040260;gare;Ystrad Mynach;Ystrad Mynach;Ystrad Mynach;7040260;;51.640485;-3.241838;GB;Europe/London;Q1774850;Transport for Wales;BUS;code;178636447;Q302331;;;YSM;Ystrad Mynach
TN7040270;gare;Rhymney;Rhymney;Rhymney;7040270;;51.758834;-3.289521;GB;Europe/London;Q3401116;Transport for Wales;;code;178645233;Q2232300;;;RHY;Rhymney
TN7040280;gare;Hengoed;Hengoed;Hengoed;7040280;;51.646997;-3.225557;GB;Europe/London;Q3401108;Transport for Wales;;code;178636518;Q2441704;;;HNG;Hengoed
TN7040590;gare;Llandovery;Llandovery;Llandovery;7040590;;51.99536;-3.802924;GB;Europe/London;Q651733;Transport for Wales;BUS;code;6923758085;Q2276109;;;LLV;Llandovery
TN7040600;gare;Llangadog;Llangadog;Llangadog;7040600;;51.940268;-3.893198;GB;Europe/London;Q3401549;Transport for Wales;BUS;code;6923757985;Q3405362;;;LLG;Llangadog
TN7040610;gare;Llanwrda;Llanwrda;Llanwrda;7040610;;51.962651;-3.87212;GB;Europe/London;Q6661893;Transport for Wales;BUS;code;6923755689;Q2305711;;;LNR;Llanwrda
TN7040660;gare;Ffairfach;Ffairfach;Ffairfach;7040660;;51.873008;-3.992779;GB;Europe/London;Q5446198;Transport for Wales;BUS;code;6923755686;Q2933445;;;FFA;Ffairfach
TN7040680;gare;Carmarthen;Carmarthen;Carmarthen;7040680;;51.853306;-4.305765;GB;Europe/London;Q835835;Great Western Railway|Transport for Wales;BUS;code;20849786;Q2234479;;;CMN;Carmarthen
TN7040690;gare;Clarbeston Road;Clarbeston Road;Clarbeston Road;7040690;;51.851741;-4.882156;GB;Europe/London;VGB-clarbeston-road;Transport for Wales;BUS;code;20455337;Q2137827;;;CLR;Clarbeston Road
TN7040700;gare;Clunderwen;Clunderwen;Clunderwen;7040700;;51.840105;-4.73102;GB;Europe/London;Q5137116;Transport for Wales;BUS;code;20466178;Q3400242;;;CUW;Clunderwen
TN7040740;gare;Ferryside;Ferryside;Ferryside;7040740;;51.768246;-4.369596;GB;Europe/London;Q5445551;Great Western Railway|Transport for Wales;BUS;code;20925061;Q3400321;;;FYS;Ferryside
TN7040760;gare;Fishguard Harbour;Fishguard Harbour;Fishguard Harbour;7040760;;52.010692;-4.986173;GB;Europe/London;VGB-harbour-village;Transport for Wales;BUS|FERRY;code;19862316;Q2602643;;;FGH;Fishguard Harbour
TN7040790;gare;Haverfordwest;Haverfordwest;Haverfordwest;7040790;;51.802679;-4.960232;GB;Europe/London;Q990103;Transport for Wales;BUS;code;19840285;Q1931357;;;HVF;Haverfordwest
TN7040810;gare;Johnston;Johnston;Johnston;7040810;;51.756276;-4.996719;GB;Europe/London;Q519215;Transport for Wales;BUS;code;19840233;Q1812881;;;JOH;Johnston
TN7040830;gare;Kilgetty;Kilgetty;Kilgetty;7040830;;51.732201;-4.714386;GB;Europe/London;VGB-kilgetty;Transport for Wales;BUS;code;20694942;Q2927580;;;KGT;Kilgetty
TN7040840;gare;Lamphey;Lamphey;Lamphey;7040840;;51.667123;-4.872881;GB;Europe/London;Q1762242;Transport for Wales;BUS;code;20695038;Q1986174;;;LAM;Lamphey
TN7040940;gare;Manorbier;Manorbier;Manorbier;7040940;;51.660251;-4.792758;GB;Europe/London;Q3402241;Transport for Wales;BUS;code;20695011;Q1832240;;;MRB;Manorbier
TN7040950;gare;Milford Haven;Milford Haven;Milford Haven;7040950;;51.71577;-5.041447;GB;Europe/London;Q991055;Transport for Wales;BUS;code;19840190;Q3400252;;;MFH;Milford Haven
TN7040980;gare;Narberth;Narberth;Narberth;7040980;;51.799482;-4.727072;GB;Europe/London;Q177165;Transport for Wales;BUS;code;6049272877;Q2258074;;;NAR;Narberth
TN7041010;gare;Pembroke;Pembroke;Pembroke;7041010;;51.673061;-4.906445;GB;Europe/London;Q1762242;Transport for Wales;BUS;code;20695042;Q2688589;;;PMB;Pembroke
TN7041020;gare;Pembroke Dock;Pembroke Dock;Pembroke Dock;7041020;;51.693883;-4.937596;GB;Europe/London;Q784824;Transport for Wales;BUS;code;29533758;Q2454049;;;PMD;Pembroke Dock
TN7041080;gare;Saundersfoot;Saundersfoot;Saundersfoot;7041080;;51.722004;-4.718053;GB;Europe/London;Q3405190;Transport for Wales;BUS;code;3736709023;Q281324;;;SDF;Saundersfoot
TN7041100;gare;Tenby;Tenby;Tenby;7041100;;51.672971;-4.70674;GB;Europe/London;Q558878;Transport for Wales;BUS;code;20694978;Q2570866;;;TEN;Tenby
TN7041110;gare;Whitland;Whitland;Whitland;7041110;;51.818025;-4.614989;GB;Europe/London;VGB-whitland;Transport for Wales;BUS;code;20468177;Q2129176;;;WTL;Whitland
TN7041240;gare;Bynea;Bynea;Bynea;7041240;;51.67228;-4.098716;GB;Europe/London;Q217840;Transport for Wales;BUS;code;6923755693;Q3405374;;;BYE;Bynea
TN7041290;gare;Penally;Penally;Penally;7041290;;51.658942;-4.721999;GB;Europe/London;Q7162166;Transport for Wales;BUS;code;20694982;Q2430381;;;PNA;Penally
TN7041310;gare;Gowerton;Gowerton;Gowerton;7041310;;51.648926;-4.035666;GB;Europe/London;Q3401198;Transport for Wales;BUS;code;6923755698;Q2319258;;;GWN;Gowerton
TN7041320;gare;Kidwelly;Kidwelly;Kidwelly;7041320;;51.734399;-4.317654;GB;Europe/London;Q3395358;Great Western Railway|Transport for Wales;BUS;code;20925014;Q2093451;;;KWL;Kidwelly
TN7041330;gare;Llanelli;Llanelli;Llanelli;7041330;;51.67378;-4.161073;GB;Europe/London;Q990125;Great Western Railway|Transport for Wales;BUS;code;20925023;Q2480904;;;LLE;Llanelli
TN7041380;gare;Llangennech;Llangennech;Llangennech;7041380;;51.691347;-4.07874;GB;Europe/London;Q13644933;Transport for Wales;BUS;code;6923758186;Q2020482;;;LLH;Llangennech
TN7041400;gare;Pembrey & Burry Port;Pembrey and Burry Port;Pembrey and Burry Port;7041400;;51.684059;-4.248962;GB;Europe/London;Q2253279;Great Western Railway|Transport for Wales;BUS;code;20924997;Q516272;;;PBY;Pembrey & Burry Port
TN7041470;gare;Cynghordy;Cynghordy;Cynghordy;7041470;;52.05148;-3.748412;GB;Europe/London;Q5199946;Transport for Wales;BUS;code;9368076174;Q2140425;;;CYN;Cynghordy
TN7041480;gare;Garth;Garth;Garth;7041480;;52.133388;-3.530187;GB;Europe/London;Q5524325;Transport for Wales;BUS;code;6923757986;Q3406482;;;GTH;Garth
TN7041570;gare;Sugar Loaf;Sugar Loaf;Sugar Loaf;7041570;;52.082071;-3.685776;GB;Europe/London;Q5199946;Transport for Wales;BUS;code;6923758185;Q1887398;;;SUG;Sugar Loaf
TN7041620;gare;Llangammarch;Llangammarch;Llangammarch;7041620;;52.114207;-3.555118;GB;Europe/London;Q6661425;Transport for Wales;BUS;code;6923755694;Q2162558;;;LLM;Llangammarch
TN7041630;gare;Llanwrtyd;Llanwrtyd;Llanwrtyd;7041630;;52.104608;-3.632225;GB;Europe/London;Q2214089;Transport for Wales;BUS;code;29133477;Q673005;;;LNW;Llanwrtyd
TN7041750;gare;Broome;Broome;Broome;7041750;;52.423152;-2.884482;GB;Europe/London;Q3811353;Transport for Wales;BUS;code;6923755699;Q1965763;;;BME;Broome
TN7041810;gare;Port Talbot Parkway;Port Talbot Parkway;Port Talbot Parkway;7041810;;51.592439;-3.781716;GB;Europe/London;Q1072019;Great Western Railway|Transport for Wales;BUS;code;20925148;Q1945743;;;PTA;Port Talbot Parkway
TN7041820;gare;Bucknell;Bucknell;Bucknell;7041820;;52.357277;-2.947694;GB;Europe/London;Q2134613;Transport for Wales;BUS;code;6923758087;Q1936871;;;BUK;Bucknell
TN7041850;gare;Pyle;Pyle;Pyle;7041850;;51.52536;-3.697661;GB;Europe/London;Q3400823;Transport for Wales;BUS;code;20925325;Q1869277;;;PYL;Pyle
TN7041860;gare;Baglan;Baglan;Baglan;7041860;;51.614316;-3.809365;GB;Europe/London;Q1858117;Transport for Wales;BUS;code;113520884;Q3401891;;;BAJ;Baglan
TN7041870;gare;Briton Ferry;Briton Ferry;Briton Ferry;7041870;;51.638122;-3.819984;GB;Europe/London;Q1858117;Transport for Wales;BUS;code;20925280;Q3401816;;;BNF;Briton Ferry
TN7041880;gare;Dolau;Dolau;Dolau;7041880;;52.294997;-3.263332;GB;Europe/London;Q10989318;Transport for Wales;BUS;code;6923755697;Q3401836;;;DOL;Dolau
TN7041890;gare;Hopton Heath;Hopton Heath;Hopton Heath;7041890;;52.391361;-2.912028;GB;Europe/London;Q3811448;Transport for Wales;BUS;code;6923757990;Q2858875;;;HPT;Hopton Heath
TN7042060;gare;Knighton;Knighton;Knighton;7042060;;52.345016;-3.042337;GB;Europe/London;Q1003761;Transport for Wales;BUS;code;3711947073;Q2049884;;;KNI;Knighton
TN7042070;gare;Llangynllo;Llangynllo;Llangynllo;7042070;;52.350145;-3.161544;GB;Europe/London;Q6661564;Transport for Wales;BUS;code;6923757989;Q2959622;;;LGO;Llangynllo
TN7042160;gare;Neath;Neath;Neath;7042160;;51.66203;-3.807397;GB;Europe/London;Q2003342;Great Western Railway|Transport for Wales;BUS;code;3023229779;Q3059430;;;NTH;Neath
TN7042170;gare;Skewen;Skewen;Skewen;7042170;;51.661469;-3.846775;GB;Europe/London;Q3396741;Transport for Wales;BUS;code;3023231564;Q2410667;;;SKE;Skewen
TN7042190;gare;Bow Street;Bow Street;Bow Street;7042190;;52.439914;-4.03036;GB;Europe/London;Q3401604;Transport for Wales;BUS;code;7455088478;Q28195279;;;BOW;Bow Street
TN7042220;gare;Swansea;Swansea;Swansea;7042220;;51.625679;-3.940373;GB;Europe/London;Q23051;Great Western Railway|Transport for Wales;BUS;code;6900337987;Q1949311;;;SWA;Swansea
TN7042230;gare;Llansamlet;Llansamlet;Llansamlet;7042230;;51.661507;-3.885462;GB;Europe/London;VGB-tregof;Transport for Wales;BUS;code;7172235185;Q2518846;;;LAS;Llansamlet
TN7042260;gare;Llanbister Road;Llanbister Road;Llanbister Road;7042260;;52.336319;-3.213187;GB;Europe/London;Q156150;Transport for Wales;BUS;code;6923758086;Q2328623;;;LLT;Llanbister Road
TN7042270;gare;Llandrindod;Llandrindod;Llandrindod;7042270;;52.242258;-3.379436;GB;Europe/London;Q1024885;Transport for Wales;BUS;code;6923755696;Q2625065;;;LLO;Llandrindod
TN7042280;gare;Knucklas;Knucklas;Knucklas;7042280;;52.359757;-3.096523;GB;Europe/London;Q6423716;Transport for Wales;BUS;code;297511174;Q2479359;;;KNU;Knucklas
TN7042360;gare;Ammanford;Ammanford;Ammanford;7042360;;51.795551;-3.996828;GB;Europe/London;Q2472406;Transport for Wales;BUS;code;6923755690;Q2213067;;;AMF;Ammanford
TN7042470;gare;Llandybie;Llandybie;Llandybie;7042470;;51.820933;-4.003738;GB;Europe/London;Q6661267;Transport for Wales;BUS;code;6923755687;Q2425553;;;LLI;Llandybie
TN7042480;gare;Llandeilo;Llandeilo;Llandeilo;7042480;;51.885172;-3.986839;GB;Europe/London;Q2204179;Transport for Wales;BUS;code;6923755688;Q2063981;;;LLL;Llandeilo
TN7042500;gare;Pantyffynnon;Pantyffynnon;Pantyffynnon;7042500;;51.778664;-3.997538;GB;Europe/London;Q7131949;Transport for Wales;BUS;code;6923755691;Q2264567;;;PTF;Pantyffynnon
TN7042510;gare;Pontarddulais;Pontarddulais;Pontarddulais;7042510;;51.717045;-4.045435;GB;Europe/London;Q3397684;Transport for Wales;BUS;code;6923755692;Q2584427;;;PTD;Pontarddulais
TN7042540;gare;Pen-y-bont;Pen-y-bont;Pen-y-bont;7042540;;52.274342;-3.32158;GB;Europe/London;Q5188616;Transport for Wales;BUS;code;6923757988;Q2804118;;;PNY;Pen-Y-Bont
TN7042700;gare;Sarn;Sarn;Sarn;7042700;;51.538511;-3.58953;GB;Europe/London;Q7424319;Transport for Wales;BUS;code;256427347;Q2387989;;;SRR;Sarn
TN7042710;gare;Tondu;Tondu;Tondu;7042710;;51.547466;-3.595178;GB;Europe/London;Q3404696;Transport for Wales;BUS;code;264051391;Q1821277;;;TDU;Tondu
TN7042760;gare;Troed-y-rhiw;Troed-y-rhiw;Troed-y-rhiw;7042760;;51.712043;-3.346398;GB;Europe/London;Q7844936;Transport for Wales;;code;122080936;Q2964594;;;TRD;Troed-Y-Rhiw
TN7043000;gare;Gwersyllt;Gwersyllt;Gwersyllt;7043000;;53.072788;-3.017617;GB;Europe/London;Q7637597;Transport for Wales;;code;26722300;Q2243062;;;GWE;Gwersyllt
TN7043030;gare;Aberystwyth;Aberystwyth;Aberystwyth;7043030;;52.413894;-4.081547;GB;Europe/London;Q213154;Transport for Wales;BUS;code;20946980;Q2220586;;;AYW;Aberystwyth
TN7043040;gare;Borth;Borth;Borth;7043040;;52.490983;-4.049666;GB;Europe/London;Q894252;Transport for Wales;BUS;code;20947034;Q2032227;;;BRH;Borth
TN7043120;gare;Criccieth;Criccieth;Criccieth;7043120;;52.918378;-4.237296;GB;Europe/London;Q1139893;Transport for Wales;;code;25438775;Q2432481;;;CCC;Criccieth
TN7043130;gare;Porthmadog;Porthmadog;Porthmadog;7043130;;52.930988;-4.135307;GB;Europe/London;Q950671;Transport for Wales;BUS;code;1842732758;Q3400575;;;PTM;Porthmadog
TN7043140;gare;Pwllheli;Pwllheli;Pwllheli;7043140;;52.888195;-4.416156;GB;Europe/London;Q1025821;Transport for Wales;;code;5077066091;Q1854042;;;PWL;Pwllheli
TN7043170;gare;Builth Road;Builth Road;Builth Road;7043170;;52.16911;-3.427144;GB;Europe/London;Q1003123;Transport for Wales;BUS;code;6923757987;Q2680383;;;BHR;Builth Road
TN7043270;gare;Llanaber;Llanaber;Llanaber;7043270;;52.741398;-4.077165;GB;Europe/London;Q6661063;Transport for Wales;;code;49424317;Q3404326;;;LLA;Llanaber
TN7043340;gare;Llandecwyn;Llandecwyn;Llandecwyn;7043340;;52.921019;-4.056556;GB;Europe/London;Q7680325;Transport for Wales;;code;1844258710;Q2194269;;;LLC;Llandecwyn
TN7043350;gare;Penhelig;Penhelig;Penhelyg;7043350;;52.545692;-4.035203;GB;Europe/London;Q319536;Transport for Wales;;code;21182711;Q2221860;;;PHG;Penhelig
TN7043550;gare;Talybont;Talybont;Talybont;7043550;;52.7729;-4.097088;GB;Europe/London;Q3398810;Transport for Wales;;code;49425502;Q3404306;;;TLB;Talybont
TN7043560;gare;Llanbedr;Llanbedr;Llanbedr;7043560;;52.82036;-4.109602;GB;Europe/London;Q728477;Transport for Wales;;code;49427573;Q1899979;;;LBR;Llanbedr
TN7043570;gare;Tygwyn;Tygwyn;Tygwyn;7043570;;52.893747;-4.078596;GB;Europe/London;Q107033449;Transport for Wales;;code;30014276;Q2902299;;;TYG;Tygwyn
TN7043650;gare;Church Stretton;Church Stretton;Church Stretton;7043650;;52.537303;-2.803684;GB;Europe/London;Q867120;Transport for Wales;BUS;code;3711947071;Q2857475;;;CTT;Church Stretton
TN7043870;gare;Shrewsbury;Shrewsbury;Shrewsbury;7043870;;52.711851;-2.749404;GB;Europe/London;Q201970;Transport for Wales|West Midlands Trains;BUS;code;5071836748;Q1911181;;;SHR;Shrewsbury
TN7044090;gare;Penychain;Penychain;Penychain;7044090;;52.902918;-4.338436;GB;Europe/London;Q3405649;Transport for Wales;;code;49320107;Q2213270;;;PNC;Penychain
TN7044120;gare;Caersws;Caersws;Caersws;7044120;;52.516139;-3.432595;GB;Europe/London;Q635169;Transport for Wales;BUS;code;20955965;Q3282207;;;CWS;Caersws
TN7044160;gare;Fairbourne;Fairbourne;Fairbourne;7044160;;52.69598;-4.049034;GB;Europe/London;Q3402580;Transport for Wales;;code;21181684;Q2323324;;;FRB;Fairbourne
TN7044210;gare;Llwyngwril;Llwyngwril;Llwyngwril;7044210;;52.666772;-4.087801;GB;Europe/London;Q6662914;Transport for Wales;;code;21181715;Q2621105;;;LLW;Llwyngwril
TN7044220;gare;Machynlleth;Machynlleth;Machynlleth;7044220;;52.59518;-3.854813;GB;Europe/London;Q675460;Transport for Wales;BUS;code;20947133;Q3215054;;;MCN;Machynlleth
TN7044260;gare;Newtown (Powys);Newtown;Newtown;7044260;;52.512238;-3.311483;GB;Europe/London;Q669171;Transport for Wales;BUS;code;20956351;Q1965570;;;NWT;Newtown (Powys)
TN7044320;gare;Tonfanau;Tonfanau;Tonfanau;7044320;;52.613628;-4.123538;GB;Europe/London;Q20595246;Transport for Wales;;code;252847843;Q3071598;;;TNF;Tonfanau
TN7044330;gare;Tywyn;Tywyn;Tywyn;7044330;;52.585379;-4.093365;GB;Europe/London;Q2272941;Transport for Wales;;code;5076959512;Q2717514;;;TYW;Tywyn
TN7044340;gare;Welshpool;Welshpool;Welshpool;7044340;;52.658032;-3.139442;GB;Europe/London;Q1024911;Transport for Wales;BUS;code;20956670;Q2379615;;;WLP;Welshpool
TN7044350;gare;Aberdovey;Aberdovey;Aberdyfi;7044350;;52.544349;-4.056316;GB;Europe/London;Q319536;Transport for Wales;;code;21182707;Q129688;;;AVY;Aberdovey
TN7044360;gare;Dovey Junction;Dovey Junction;Dovey Junction;7044360;;52.564764;-3.923792;GB;Europe/London;Q15921374;Transport for Wales;BUS;code;20947084;Q2161353;;;DVY;Dovey Junction
TN7044400;gare;Abererch;Abererch;Abererch;7044400;;52.898392;-4.374907;GB;Europe/London;Q319538;Transport for Wales;;code;49319414;Q3400293;;;ABH;Abererch
TN7044450;gare;Barmouth;Barmouth;Barmouth;7044450;;52.722443;-4.056793;GB;Europe/London;Q672545;Transport for Wales;;code;5077071884;Q1947916;;;BRM;Barmouth
TN7044490;gare;Chirk;Chirk;Chirk;7044490;;52.933247;-3.06615;GB;Europe/London;Q2316216;Transport for Wales;BUS;code;20068020;Q2004430;;;CRK;Chirk
TN7044550;gare;Dyffryn Ardudwy;Dyffryn Ardudwy;Dyffryn Ardudwy;7044550;;52.788434;-4.10473;GB;Europe/London;Q13129621;Transport for Wales;;code;21181632;Q2543511;;;DYF;Dyffryn Ardudwy
TN7044570;gare;Gobowen;Gobowen;Gobowen;7044570;;52.893322;-3.036885;GB;Europe/London;Q7137756;Transport for Wales;BUS;code;3711947072;Q2929352;;;GOB;Gobowen
TN7044580;gare;Harlech;Harlech;Harlech;7044580;;52.861755;-4.109265;GB;Europe/London;Q1024935;Transport for Wales;;code;29218263;Q1855684;;;HRL;Harlech
TN7044600;gare;Llandanwg;Llandanwg;Llandanwg;7044600;;52.836232;-4.123615;GB;Europe/London;Q3402179;Transport for Wales;;code;2419923013;Q2154789;;;LDN;Llandanwg
TN7044630;gare;Pensarn;Pensarn;Pensarn;7044630;;52.830456;-4.111272;GB;Europe/London;Q3402179;Transport for Wales;;code;21181621;Q3388264;;;PES;Pensarn
TN7044690;gare;Minffordd;Minffordd;Minffordd;7044690;;52.926029;-4.084903;GB;Europe/London;Q6864597;Transport for Wales;;code;21181468;Q2599266;;;MFF;Minffordd
TN7044700;gare;Morfa Mawddach;Morfa Mawddach;Morfa Mawddach;7044700;;52.707719;-4.031588;GB;Europe/London;Q672545;Transport for Wales;;code;21181679;Q3404231;;;MFA;Morfa Mawddach
TN7044730;gare;Penrhyndeudraeth;Penrhyndeudraeth;Penrhyndeudraeth;7044730;;52.92878;-4.064506;GB;Europe/London;Q1071035;Transport for Wales;;code;29217248;Q2646723;;;PRH;Penrhyndeudraeth
TN7044770;gare;Ruabon;Ruabon;Ruabon;7044770;;52.98724;-3.043341;GB;Europe/London;Q1770481;Transport for Wales;BUS;code;20069422;Q2334676;;;RUA;Ruabon
TN7044790;gare;Talsarnau;Talsarnau;Talsarnau;7044790;;52.9044;-4.068266;GB;Europe/London;Q3402491;Transport for Wales;;code;21181586;Q3400336;;;TAL;Talsarnau
TN7044860;gare;Wrexham Central;Wrexham Central;Wrexham Central;7044860;;53.046336;-2.999625;GB;Europe/London;Q496368;Transport for Wales;;code;7154315139;Q2433081;;;WXC;Wrexham Central
TN7044870;gare;Wrexham General;Wrexham General;Wrexham General;7044870;;53.05057;-3.001516;GB;Europe/London;Q496368;Avanti West Coast|Transport for Wales;BUS;code;7989407332;Q2531369;;;WRX;Wrexham General
TN7045020;gare;Banbury;Banbury;Banbury;7045020;;52.060571;-1.327756;GB;Europe/London;Q1070481;Chiltern Railways|CrossCountry|Great Western Railway;BUS;code;6634463841;Q2092204;;;BAN;Banbury
TN7045030;gare;Five Ways;Five Ways;Five Ways;7045030;;52.471094;-1.913071;GB;Europe/London;Q20986424;West Midlands Trains;BUS;code;7272746869;Q2209211;;;FWY;Five Ways
TN7045040;gare;University (Birmingham);University;University;7045040;;52.451592;-1.936227;GB;Europe/London;Q20986424;CrossCountry|West Midlands Trains;BUS;code;6646199706;Q2158861;;;UNI;University (Birmingham)
TN7045080;gare;Kings Sutton;Kings Sutton;Kings Sutton;7045080;;52.020184;-1.280066;GB;Europe/London;Q6411116;Chiltern Railways|Great Western Railway;BUS;gtfs;;;;;KGS;Kings Sutton
TN7045130;gare;Bordesley;Bordesley;Bordesley;7045130;;52.472213;-1.877661;GB;Europe/London;Q20986424;West Midlands Trains;;code;20984401;Q3333114;;;BBS;Bordesley
TN7045150;gare;Birmingham Moor Street;Birmingham Moor Street;Birmingham Moor Street;7045150;;52.478936;-1.891952;GB;Europe/London;Q20986424;Chiltern Railways|West Midlands Trains;;code;8389630718;Q800533;;;BMO;Birmingham Moor Street
TN7045180;gare;Tyseley;Tyseley;Tyseley;7045180;;52.453924;-1.83856;GB;Europe/London;Q20986424;West Midlands Trains;;code;7272762973;Q7861740;;;TYS;Tyseley
TN7045190;gare;Danzey;Danzey;Danzey;7045190;;52.324754;-1.82084;GB;Europe/London;Q189288;West Midlands Trains;;code;7373572907;Q941715;;;DZY;Danzey
TN7045200;gare;Earlswood (West Midlands);Earlswood;Earlswood;7045200;;52.366599;-1.861403;GB;Europe/London;Q7800812;West Midlands Trains;;code;7805862401;Q2243841;;;EWD;Earlswood (West Midlands)
TN7045210;gare;Hall Green;Hall Green;Hall Green;7045210;;52.436984;-1.84557;GB;Europe/London;Q20986424;West Midlands Trains;;code;8367463939;Q3543527;;;HLG;Hall Green
TN7045230;gare;The Hawthorns;The Hawthorns;The Hawthorns;7045230;;52.505672;-1.965042;GB;Europe/London;Q1018565;Chiltern Railways|West Midlands Trains;;code;295718082;Q2130925;;;THW;The Hawthorns
TN7045240;gare;Henley-in-Arden;Henley-in-Arden;Henley-in-Arden;7045240;;52.291455;-1.783999;GB;Europe/London;Q2734845;West Midlands Trains;;code;31554771;Q2185706;;;HNL;Henley-In-Arden
TN7045250;gare;Dorridge;Dorridge;Dorridge;7045250;;52.371854;-1.752856;GB;Europe/London;Q3714394;Chiltern Railways|West Midlands Trains;;code;20983011;Q2512506;;;DDG;Dorridge
TN7045260;gare;Shirley;Shirley;Shirley;7045260;;52.403574;-1.845196;GB;Europe/London;VGB-haslucks-green;West Midlands Trains;;code;8485791831;Q1815915;;;SRL;Shirley
TN7045270;gare;Solihull;Solihull;Solihull;7045270;;52.414629;-1.788867;GB;Europe/London;Q397343;Chiltern Railways|West Midlands Trains;;code;20984161;Q7558107;;;SOL;Solihull
TN7045280;gare;Widney Manor;Widney Manor;Widney Manor;7045280;;52.396028;-1.774243;GB;Europe/London;Q397343;West Midlands Trains;;code;20983015;Q2079928;;;WMR;Widney Manor
TN7045290;gare;Acocks Green;Acocks Green;Acocks Green;7045290;;52.449547;-1.81922;GB;Europe/London;Q20986424;West Midlands Trains;;code;7272762974;Q2136949;;;ACG;Acocks Green
TN7045300;gare;Small Heath;Small Heath;Small Heath;7045300;;52.463681;-1.859319;GB;Europe/London;Q20986424;West Midlands Trains;;code;7272762972;Q1986238;;;SMA;Small Heath
TN7045320;gare;Wythall;Wythall;Wythall;7045320;;52.380125;-1.865456;GB;Europe/London;Q1190876;West Midlands Trains;;code;31554765;Q2171448;;;WYT;Wythall
TN7045330;gare;Olton;Olton;Olton;7045330;;52.438417;-1.804385;GB;Europe/London;Q7088768;West Midlands Trains;;code;8375479369;Q4314461;;;OLT;Olton
TN7045350;gare;Spring Road;Spring Road;Spring Road;7045350;;52.444262;-1.836259;GB;Europe/London;Q20986424;West Midlands Trains;;code;8205906583;Q2358217;;;SRI;Spring Road
TN7045360;gare;Wood End;Wood End;Wood End;7045360;;52.344276;-1.844423;GB;Europe/London;Q189288;West Midlands Trains;;code;31554729;Q2519103;;;WDE;Wood End
TN7045370;gare;Yardley Wood;Yardley Wood;Yardley Wood;7045370;;52.421023;-1.85456;GB;Europe/London;Q20986424;West Midlands Trains;;code;9529770468;Q2248035;;;YRD;Yardley Wood
TN7045380;gare;The Lakes;The Lakes;The Lakes;7045380;;52.359097;-1.844654;GB;Europe/London;Q189288;West Midlands Trains;;code;7805862446;Q2683977;;;TLK;The Lakes
TN7045390;gare;Whitlocks End;Whitlocks End;Whitlocks End;7045390;;52.391906;-1.851436;GB;Europe/London;Q7800812;West Midlands Trains;;code;31554745;Q2133242;;;WTE;Whitlocks End
TN7045400;gare;Wootton Wawen;Wootton Wawen;Wootton Wawen;7045400;;52.265837;-1.7846;GB;Europe/London;Q2734845;West Midlands Trains;;code;8362730190;Q4350946;;;WWW;Wootton Wawen
TN7045580;gare;Stratford-upon-Avon;Stratford-upon-Avon;Stratford-upon-Avon;7045580;;52.194945;-1.716304;GB;Europe/London;Q189288;Chiltern Railways|West Midlands Trains;BUS;code;31554736;Q1941516;;;SAV;Stratford-Upon-Avon
TN7045680;gare;Wilmcote;Wilmcote;Wilmcote;7045680;;52.222564;-1.755791;GB;Europe/London;Q189288;Chiltern Railways|West Midlands Trains;;code;9221660483;Q1966621;;;WMC;Wilmcote
TN7045720;gare;Bewdley S.V.R;Bewdley S.V.R;Bewdley S.V.R;7045720;;52.375341;-2.306962;GB;Europe/London;Q766594;West Midlands Trains;;gtfs;;;;;BEW;Bewdley S.V.R
TN7045740;gare;Blakedown;Blakedown;Blakedown;7045740;;52.406791;-2.176394;GB;Europe/London;Q4924567;West Midlands Trains;;code;21281145;Q2171050;;;BKD;Blakedown
TN7045770;gare;Hagley;Hagley;Hagley;7045770;;52.422427;-2.146536;GB;Europe/London;Q1009859;West Midlands Trains;;code;21281240;Q2763246;;;HAG;Hagley
TN7045790;gare;Hartlebury;Hartlebury;Hartlebury;7045790;;52.334441;-2.221085;GB;Europe/London;Q2256121;West Midlands Trains;BUS;code;7209342329;Q3403532;;;HBY;Hartlebury
TN7045810;gare;Kidderminster;Kidderminster;Kidderminster;7045810;;52.384359;-2.238479;GB;Europe/London;Q844062;West Midlands Trains;BUS;code;5784087832;Q2616617;;;KID;Kidderminster
TN7045930;gare;Claverdon;Claverdon;Claverdon;7045930;;52.277194;-1.6964;GB;Europe/London;Q189288;Chiltern Railways|West Midlands Trains;;code;58986839;Q4349134;;;CLV;Claverdon
TN7045940;gare;Hatton;Hatton;Hatton;7045940;;52.295198;-1.672905;GB;Europe/London;Q549761;Chiltern Railways|West Midlands Trains;;code;20982857;Q13528205;;;HTN;Hatton
TN7045950;gare;Lapworth;Lapworth;Lapworth;7045950;;52.341803;-1.725814;GB;Europe/London;Q549761;Chiltern Railways|West Midlands Trains;;code;20983005;Q1904720;;;LPW;Lapworth
TN7045970;gare;Leamington Spa;Leamington Spa;Leamington Spa;7045970;;52.28461;-1.535803;GB;Europe/London;Q546635;Chiltern Railways|CrossCountry|West Midlands Trains;BUS;code;6634463842;Q1971430;;;LMS;Leamington Spa
TN7046000;gare;Warwick;Warwick;Warwick;7046000;;52.28662;-1.581711;GB;Europe/London;Q546635;Chiltern Railways|West Midlands Trains;;code;7209248357;Q2693935;;;WRW;Warwick
TN7046060;gare;Rowley Regis;Rowley Regis;Rowley Regis;7046060;;52.47742;-2.030822;GB;Europe/London;Q880861;Chiltern Railways|West Midlands Trains;;code;21281483;Q2497234;;;ROW;Rowley Regis
TN7046070;gare;Langley Green;Langley Green;Langley Green;7046070;;52.493486;-2.005431;GB;Europe/London;Q6486251;Chiltern Railways|West Midlands Trains;;code;21281486;Q2390772;;;LGG;Langley Green
TN7046140;gare;Albrighton;Albrighton;Albrighton;7046140;;52.638235;-2.269214;GB;Europe/London;Q728994;Transport for Wales|West Midlands Trains;;code;3711941416;Q2943712;;;ALB;Albrighton
TN7046160;gare;Codsall;Codsall;Codsall;7046160;;52.627437;-2.201816;GB;Europe/London;Q2313618;Transport for Wales|West Midlands Trains;;code;3711941418;Q2455479;;;CSL;Codsall
TN7046170;gare;Cosford;Cosford;Cosford;7046170;;52.644846;-2.300693;GB;Europe/London;Q5173891;Transport for Wales|West Midlands Trains;;code;3711941419;Q1945497;;;COS;Cosford
TN7046180;gare;Bilbrook;Bilbrook;Bilbrook;7046180;;52.623964;-2.187305;GB;Europe/London;Q2313618;Transport for Wales|West Midlands Trains;;code;3711941417;Q2786231;;;BBK;Bilbrook
TN7046190;gare;Shifnal;Shifnal;Shifnal;7046190;;52.666007;-2.371689;GB;Europe/London;Q2569297;Transport for Wales|West Midlands Trains;;code;3711941421;Q1891199;;;SFN;Shifnal
TN7046390;gare;Cradley Heath;Cradley Heath;Cradley Heath;7046390;;52.469443;-2.090705;GB;Europe/London;Q3001983;Chiltern Railways|West Midlands Trains;;code;21281285;Q1924927;;;CRA;Cradley Heath
TN7046400;gare;Lye;Lye;Lye;7046400;;52.459942;-2.11605;GB;Europe/London;Q213832;Chiltern Railways|West Midlands Trains;;code;21281283;Q2044178;;;LYE;Lye
TN7046410;gare;Old Hill;Old Hill;Old Hill;7046410;;52.470794;-2.056181;GB;Europe/London;VGB-old-hill;Chiltern Railways|West Midlands Trains;;code;8154227916;Q280399;;;OHL;Old Hill
TN7046430;gare;Stourbridge Town;Stourbridge Town;Stourbridge Town;7046430;;52.455592;-2.141892;GB;Europe/London;Q661707;West Midlands Trains;;code;21281267;Q2746016;;;SBT;Stourbridge Town
TN7046460;gare;Stourbridge Junction;Stourbridge Junction;Stourbridge Junction;7046460;;52.447616;-2.134031;GB;Europe/London;Q661707;Chiltern Railways|West Midlands Trains;;code;21281257;Q2045806;;;SBJ;Stourbridge Junction
TN7046890;gare;Oakengates;Oakengates;Oakengates;7046890;;52.693091;-2.450188;GB;Europe/London;Q2183778;Transport for Wales|West Midlands Trains;;code;3711941420;Q2384836;;;OKN;Oakengates
TN7046900;gare;Wellington (Shropshire);Wellington;Wellington;7046900;;52.701436;-2.516719;GB;Europe/London;Q1026685;Transport for Wales|West Midlands Trains;;code;3711424258;Q1851350;;;WLN;Wellington (Shropshire)
TN7046910;gare;Telford Central;Telford Central;Telford Central;7046910;;52.681113;-2.441178;GB;Europe/London;Q576938;Transport for Wales|West Midlands Trains;;code;3711941422;Q3401880;;;TFC;Telford Central
TN7047000;gare;Ashchurch for Tewkesbury;Ashchurch for Tewkesbury;Ashchurch for Tewkesbury;7047000;;51.999025;-2.10873;GB;Europe/London;Q1000717;CrossCountry|Great Western Railway;BUS;code;5520072621;Q1886947;;;ASC;Ashchurch for Tewkesbury
TN7047150;gare;Bromsgrove;Bromsgrove;Bromsgrove;7047150;;52.320158;-2.049979;GB;Europe/London;Q1190876;CrossCountry|West Midlands Trains;BUS;code;1523190627;Q1978141;;;BMV;Bromsgrove
TN7047310;gare;Cheltenham Spa;Cheltenham Spa;Cheltenham Spa;7047310;;51.896988;-2.100122;GB;Europe/London;Q206988;CrossCountry|Great Western Railway|Transport for Wales;BUS;code;7154294070;Q1845519;;;CNM;Cheltenham Spa
TN7047400;gare;Evesham;Evesham;Evesham;7047400;;52.098497;-1.947286;GB;Europe/London;Q585963;Great Western Railway;BUS;code;6609023832;Q2416634;;;EVE;Evesham
TN7047600;gare;Gloucester;Gloucester;Gloucester;7047600;;51.865501;-2.238291;GB;Europe/London;Q170497;CrossCountry|Great Western Railway|Transport for Wales;BUS;code;6646199707;Q2499557;;;GCR;Gloucester
TN7047700;gare;Stonehouse;Stonehouse;Stonehouse;7047700;;51.745934;-2.279421;GB;Europe/London;Q669805;Great Western Railway;BUS;code;21369323;Q1992485;;;SHU;Stonehouse
TN7047710;gare;Stroud;Stroud;Stroud;7047710;;51.744474;-2.219176;GB;Europe/London;Q281749;Great Western Railway;BUS;code;21369322;Q3079073;;;STD;Stroud
TN7047840;gare;Ledbury;Ledbury;Ledbury;7047840;;52.045253;-2.425611;GB;Europe/London;Q665330;Great Western Railway|West Midlands Trains;BUS;code;6609023812;Q2775593;;;LED;Ledbury
TN7047871;gare;Southend Airport;Southend Airport;Southend Airport;7047871;;51.569945;0.705347;GB;Europe/London;Q1926981;Greater Anglia;BUS;code;6083524594;Q7569535;;;SIA;Southend Airport
TN7047940;gare;Honeybourne;Honeybourne;Honeybourne;7047940;;52.101641;-1.833682;GB;Europe/London;Q303559;Great Western Railway;BUS;code;6609023833;Q5373459;;;HYB;Honeybourne
TN7048140;gare;Moreton-in-Marsh;Moreton-in-Marsh;Moreton-in-Marsh;7048140;;51.992182;-1.700266;GB;Europe/London;Q734743;Great Western Railway;BUS;code;6609023831;Q2369749;;;MIM;Moreton-In-Marsh
TN7048260;gare;Lydney;Lydney;Lydney;7048260;;51.714281;-2.530482;GB;Europe/London;Q540012;CrossCountry|Transport for Wales;BUS;code;8427086;Q3460591;;;LYD;Lydney
TN7048760;gare;Colwall;Colwall;Colwall;7048760;;52.079843;-2.356799;GB;Europe/London;VGB-colwall-stone;Great Western Railway|West Midlands Trains;BUS;code;6609023811;Q2647190;;;CWL;Colwall
TN7048782;gare;Droitwich Spa;Droitwich Spa;Droitwich Spa;7048782;;52.26838;-2.158339;GB;Europe/London;Q1260116;West Midlands Trains;BUS;code;21227482;Q2360854;;;DTW;Droitwich Spa
TN7048840;gare;Malvern Link;Malvern Link;Malvern Link;7048840;;52.125809;-2.319568;GB;Europe/London;Q623323;Great Western Railway|West Midlands Trains;BUS;code;21279791;Q2657768;;;MVL;Malvern Link
TN7048870;gare;Pershore;Pershore;Pershore;7048870;;52.13074;-2.072399;GB;Europe/London;Q767858;Great Western Railway;BUS;code;6609023816;Q2185064;;;PSH;Pershore
TN7048910;gare;Worcester Shrub Hill;Worcester Shrub Hill;Worcester Shrub Hill;7048910;;52.195031;-2.209328;GB;Europe/London;Q20986481;Great Western Railway|West Midlands Trains;BUS;code;6609023830;Q1974749;;;WOS;Worcester Shrub Hill
TN7048920;gare;Great Malvern;Great Malvern;Great Malvern;7048920;;52.109304;-2.318131;GB;Europe/London;Q623323;Great Western Railway|West Midlands Trains;BUS;code;6609023828;Q2959698;;;GMV;Great Malvern
TN7048930;gare;Worcester Foregate Street;Worcester Foregate Street;Worcester Foregate Street;7048930;;52.195312;-2.220777;GB;Europe/London;Q20986481;Great Western Railway|West Midlands Trains;BUS;code;7209335261;Q1873465;;;WOF;Worcester Foregate Street
TN7050030;gare;Appledore (Kent);Appledore;Appledore;7050030;;51.033287;0.816576;GB;Europe/London;Q725261;Southern;BUS;code;6745645274;Q2414753;;;APD;Appledore (Kent)
TN7050040;gare;Ashford International;Ashford International;Ashford International;7050040;;51.143379;0.875232;GB;Europe/London;Q725261;Southeastern|Southern;BUS;code;7998566986;Q800406;;;AFK;Ashford International
TN7050060;gare;Broadstairs;Broadstairs;Broadstairs;7050060;;51.360737;1.433412;GB;Europe/London;Q922739;Southeastern;BUS;code;6743987556;Q2912867;;;BSR;Broadstairs
TN7050070;gare;Canterbury West;Canterbury West;Canterbury West;7050070;;51.284224;1.075309;GB;Europe/London;Q29303;Southeastern;BUS;code;3453612249;Q671106;;;CBW;Canterbury West
TN7050080;gare;Chartham;Chartham;Chartham;7050080;;51.257175;1.017905;GB;Europe/London;Q29303;Southeastern;BUS;code;6688385698;Q2774125;;;CRT;Chartham
TN7050090;gare;Chilham;Chilham;Chilham;7050090;;51.244424;0.976056;GB;Europe/London;Q725261;Southeastern;BUS;code;6688385699;Q3333628;;;CIL;Chilham
TN7050110;gare;Deal;Deal;Deal;7050110;;51.223107;1.398646;GB;Europe/London;Q1011096;Southeastern;BUS;code;6691194315;Q2281278;;;DEA;Deal
TN7050180;gare;Margate;Margate;Margate;7050180;;51.385164;1.371952;GB;Europe/London;Q618045;Southeastern;BUS;code;7159042685;Q4296894;;;MAR;Margate
TN7050190;gare;Minster;Minster;Minster;7050190;;51.329167;1.317106;GB;Europe/London;Q9033431;Southeastern;BUS;code;6083524943;Q2451565;;;MSR;Minster
TN7050210;gare;Ore;Ore;Ore;7050210;;50.866864;0.591633;GB;Europe/London;Q3495335;Southeastern|Southern;BUS;code;6745645277;Q1818015;;;ORE;Ore
TN7050230;gare;Ramsgate;Ramsgate;Ramsgate;7050230;;51.341076;1.405226;GB;Europe/London;Q736439;Southeastern;BUS;code;7172235186;Q1897319;;;RAM;Ramsgate
TN7050240;gare;Rye;Rye;Rye;7050240;;50.952632;0.731021;GB;Europe/London;Q1020800;Southern;BUS;code;7158677903;Q7384993;;;RYE;Rye
TN7050250;gare;Sandling;Sandling;Sandling;7050250;;51.0905;1.066003;GB;Europe/London;Q2621103;Southeastern;BUS;code;6688385707;Q1863660;;;SDG;Sandling
TN7050260;gare;Sandwich;Sandwich;Sandwich;7050260;;51.269973;1.34223;GB;Europe/London;Q26163;Southeastern;BUS;code;6691194316;Q1977660;;;SDW;Sandwich
TN7050270;gare;Folkestone West;Folkestone West;Folkestone West;7050270;;51.084718;1.153782;GB;Europe/London;Q375314;Southeastern;BUS;code;6688385709;Q2313864;;;FKW;Folkestone West
TN7050280;gare;Three Oaks;Three Oaks;Three Oaks;7050280;;50.900962;0.613218;GB;Europe/London;VGB-three-oaks;Southern;;code;6745645276;Q2798366;;;TOK;Three Oaks
TN7050290;gare;Sturry;Sturry;Sturry;7050290;;51.300986;1.122264;GB;Europe/London;Q29303;Southeastern;BUS;code;6688385697;Q2519465;;;STU;Sturry
TN7050300;gare;Westenhanger;Westenhanger;Westenhanger;7050300;;51.094922;1.038204;GB;Europe/London;Q1518891;Southeastern;BUS;code;6688385706;Q2548598;;;WHA;Westenhanger
TN7050310;gare;Wye;Wye;Wye;7050310;;51.18559;0.92967;GB;Europe/London;Q725261;Southeastern;BUS;code;3518996541;Q2011884;;;WYE;Wye
TN7050330;gare;Dover Priory;Dover Priory;Dover Priory;7050330;;51.125936;1.304869;GB;Europe/London;Q179224;Southeastern;BUS;code;6688385690;Q2666521;;;DVP;Dover Priory
TN7050340;gare;Dumpton Park;Dumpton Park;Dumpton Park;7050340;;51.345854;1.425275;GB;Europe/London;Q736439;Southeastern;BUS;code;6743987555;Q5313984;;;DMP;Dumpton Park
TN7050350;gare;Folkestone Central;Folkestone Central;Folkestone Central;7050350;;51.082812;1.168385;GB;Europe/London;Q375314;Southeastern;BUS;code;6688385708;Q2081146;;;FKC;Folkestone Central
TN7050360;gare;Doleham;Doleham;Doleham;7050360;;50.918625;0.610012;GB;Europe/London;VGB-three-oaks;Southern;;code;21275340;Q2174016;;;DLH;Doleham
TN7050370;gare;Ham Street;Ham Street;Ham Street;7050370;;51.068199;0.854585;GB;Europe/London;Q725261;Southern;BUS;code;7158803343;Q2453414;;;HMT;Ham Street
TN7050380;gare;Kearsney;Kearsney;Kearsney;7050380;;51.149309;1.271913;GB;Europe/London;Q179224;Southeastern;BUS;code;6744055524;Q2358908;;;KSN;Kearsney
TN7050400;gare;Martin Mill;Martin Mill;Martin Mill;7050400;;51.170642;1.347988;GB;Europe/London;Q179224;Southeastern;BUS;code;6691194314;Q2900908;;;MTM;Martin Mill
TN7050410;gare;Walmer;Walmer;Walmer;7050410;;51.203223;1.382548;GB;Europe/London;Q179224;Southeastern;BUS;code;3727341281;Q3502336;;;WAM;Walmer
TN7050420;gare;Winchelsea;Winchelsea;Winchelsea;7050420;;50.933913;0.702519;GB;Europe/London;Q1026871;Southern;;code;6745645275;Q2692300;;;WSE;Winchelsea
TN7050460;gare;Beckenham Junction;Beckenham Junction;Beckenham Junction;7050460;;51.411062;-0.025987;GB;Europe/London;Q84;Southeastern|Southern|Thameslink;BUS;code;6689800290;Q2189753;;;BKJ;Beckenham Junction
TN7050470;gare;Catford Bridge;Catford Bridge;Catford Bridge;7050470;;51.444591;-0.024923;GB;Europe/London;Q84;Southeastern;BUS;code;5883033866;Q2624460;;;CFB;Catford Bridge
TN7050480;gare;Clock House;Clock House;Clock House;7050480;;51.408345;-0.040818;GB;Europe/London;Q84;Southeastern;BUS;code;5883033869;Q1978582;;;CLK;Clock House
TN7050490;gare;Elmers End;Elmers End;Elmers End;7050490;;51.398012;-0.049702;GB;Europe/London;Q84;Southeastern;BUS;code;5883033872;Q2420368;;;ELE;Elmers End
TN7050500;gare;Hayes (Kent);Hayes;Hayes;7050500;;51.376596;0.009507;GB;Europe/London;Q84;Southeastern;BUS;code;7159246417;Q2479740;;;HYS;Hayes (Kent)
TN7050510;gare;Lewisham;Lewisham;Lewisham;7050510;;51.465644;-0.013956;GB;Europe/London;Q84;Southeastern|Thameslink;BUS;code;6516411104;Q801096;;;LEW;Lewisham
TN7050530;gare;Lower Sydenham;Lower Sydenham;Lower Sydenham;7050530;;51.424745;-0.0333;GB;Europe/London;Q84;Southeastern;BUS;code;5883033867;Q2444364;;;LSY;Lower Sydenham
TN7050540;gare;West Wickham;West Wickham;West Wickham;7050540;;51.381514;-0.014733;GB;Europe/London;Q84;Southeastern;BUS;code;5883033870;Q2253171;;;WWI;West Wickham
TN7050560;gare;Eden Park;Eden Park;Eden Park;7050560;;51.39018;-0.026369;GB;Europe/London;Q84;Southeastern;BUS;code;5883033871;Q2323478;;;EDN;Eden Park
TN7050570;gare;Ladywell;Ladywell;Ladywell;7050570;;51.456026;-0.019192;GB;Europe/London;Q84;Southeastern;BUS;code;5883033865;Q2703794;;;LAD;Ladywell
TN7050580;gare;New Beckenham;New Beckenham;New Beckenham;7050580;;51.416939;-0.035207;GB;Europe/London;Q84;Southeastern;BUS;code;5883033868;Q2173160;;;NBC;New Beckenham
TN7050590;gare;St Johns;St Johns;St Johns;7050590;;51.46909;-0.022185;GB;Europe/London;Q84;Southeastern;BUS;code;5871218011;Q7593815;;;SAJ;St Johns
TN7050620;gare;Bellingham;Bellingham;Bellingham;7050620;;51.432831;-0.019519;GB;Europe/London;Q84;Southeastern|Thameslink;BUS;code;6694775795;Q2796094;;;BGM;Bellingham
TN7050630;gare;Bickley;Bickley;Bickley;7050630;;51.400064;0.044337;GB;Europe/London;Q84;Southeastern|Thameslink;BUS;code;6689800291;Q2245384;;;BKL;Bickley
TN7050640;gare;Bromley South;Bromley South;Bromley South;7050640;;51.40004;0.018277;GB;Europe/London;Q84;Southeastern|Thameslink;BUS;code;6689800292;Q2200768;;;BMS;Bromley South
TN7050650;gare;Eynsford;Eynsford;Eynsford;7050650;;51.362329;0.204215;GB;Europe/London;Q939838;Thameslink;BUS;code;4337914383;Q2324147;;;EYN;Eynsford
TN7050660;gare;Herne Hill;Herne Hill;Herne Hill;7050660;;51.453469;-0.102283;GB;Europe/London;Q84;Southeastern|Thameslink;BUS;code;3831844357;Q2794382;;;HNH;Herne Hill
TN7050680;gare;Nunhead;Nunhead;Nunhead;7050680;;51.466835;-0.052375;GB;Europe/London;Q84;Southeastern|Thameslink;;code;6694775793;Q1907609;;;NHD;Nunhead
TN7050690;gare;Mitcham Eastfields;Mitcham Eastfields;Mitcham Eastfields;7050690;;51.407395;-0.154872;GB;Europe/London;Q84;Southern|Thameslink;BUS;code;5564994509;Q6881038;;;MTC;Mitcham Eastfields
TN7050710;gare;Otford;Otford;Otford;7050710;;51.312932;0.197176;GB;Europe/London;Q939838;Southeastern|Thameslink;BUS;code;3727341276;Q2023511;;;OTF;Otford
TN7050720;gare;Penge East;Penge East;Penge East;7050720;;51.419315;-0.054136;GB;Europe/London;Q84;Southeastern;BUS;code;6689800288;Q2483411;;;PNE;Penge East
TN7050730;gare;St Mary Cray;St Mary Cray;St Mary Cray;7050730;;51.394738;0.105719;GB;Europe/London;Q84;Southeastern|Thameslink;BUS;code;9780241;Q2349500;;;SMY;St Mary Cray
TN7050740;gare;Shoreham (Kent);Shoreham;Shoreham;7050740;;51.332124;0.188777;GB;Europe/London;Q939838;Thameslink;BUS;code;6692612522;Q2128972;;;SEH;Shoreham (Kent)
TN7050750;gare;Swanley;Swanley;Swanley;7050750;;51.393096;0.167872;GB;Europe/London;Q1020364;Southeastern|Thameslink;BUS;code;6689773479;Q946238;;;SAY;Swanley
TN7050760;gare;Beckenham Hill;Beckenham Hill;Beckenham Hill;7050760;;51.424522;-0.01591;GB;Europe/London;Q84;Thameslink;BUS;code;6694775796;Q2278948;;;BEC;Beckenham Hill
TN7050770;gare;Catford;Catford;Catford;7050770;;51.44447;-0.026152;GB;Europe/London;Q84;Thameslink;BUS;code;13893359;Q2401174;;;CTF;Catford
TN7050780;gare;Crofton Park;Crofton Park;Crofton Park;7050780;;51.455215;-0.03663;GB;Europe/London;Q84;Southeastern|Thameslink;BUS;code;6694775794;Q2122032;;;CFT;Crofton Park
TN7050790;gare;Kemsing;Kemsing;Kemsing;7050790;;51.297254;0.247422;GB;Europe/London;Q939838;Southeastern;BUS;code;6692612523;Q2870503;;;KMS;Kemsing
TN7050800;gare;Kent House;Kent House;Kent House;7050800;;51.412274;-0.045213;GB;Europe/London;Q84;Southeastern;BUS;code;6689800289;Q2054189;;;KTH;Kent House
TN7050810;gare;Brixton;Brixton;Brixton;7050810;;51.462895;-0.113347;GB;Europe/London;Q84;Southeastern;;code;2961311554;Q2212863;;;BRX;Brixton
TN7050820;gare;Loughborough Junction;Loughborough Junction;Loughborough Junction;7050820;;51.466255;-0.102161;GB;Europe/London;Q84;Southeastern|Thameslink;;code;6695079961;Q2099753;;;LGJ;Loughborough Junction
TN7050830;gare;Ravensbourne;Ravensbourne;Ravensbourne;7050830;;51.414313;-0.007629;GB;Europe/London;Q84;Thameslink;;code;6695079960;Q1861913;;;RVB;Ravensbourne
TN7050840;gare;Shortlands;Shortlands;Shortlands;7050840;;51.405905;0.002168;GB;Europe/London;Q84;Southeastern|Thameslink;BUS;code;6677340894;Q1819241;;;SRT;Shortlands
TN7050850;gare;Sydenham Hill;Sydenham Hill;Sydenham Hill;7050850;;51.43261;-0.08015;GB;Europe/London;Q84;Southeastern;BUS;code;6689800287;Q3090498;;;SYH;Sydenham Hill
TN7050860;gare;West Dulwich;West Dulwich;West Dulwich;7050860;;51.440285;-0.090891;GB;Europe/London;Q84;Southeastern;BUS;code;6689800286;Q2242126;;;WDU;West Dulwich
TN7050890;gare;Barnehurst;Barnehurst;Barnehurst;7050890;;51.465021;0.159647;GB;Europe/London;Q84;Southeastern|Thameslink;BUS;code;3627121536;Q2152688;;;BNH;Barnehurst
TN7050900;gare;Bat & Ball;Bat & Ball;Bat & Ball;7050900;;51.290113;0.194181;GB;Europe/London;Q939838;Thameslink;BUS;code;4337914382;Q4868455;;;BBL;Bat & Ball
TN7050910;gare;Bearsted;Bearsted;Bearsted;7050910;;51.275915;0.577672;GB;Europe/London;Q213180;Southeastern;BUS;code;6692612517;Q2513832;;;BSD;Bearsted
TN7050920;gare;Belvedere;Belvedere;Belvedere;7050920;;51.491936;0.152088;GB;Europe/London;Q84;Southeastern;BUS;gtfs;;;;;BVD;Belvedere
TN7050930;gare;Bexley;Bexley;Bexley;7050930;;51.440237;0.147949;GB;Europe/London;Q84;Southeastern;BUS;code;3875853157;Q2346075;;;BXY;Bexley
TN7050940;gare;Bexleyheath;Bexleyheath;Bexleyheath;7050940;;51.463565;0.132945;GB;Europe/London;Q146732;Southeastern|Thameslink;BUS;code;7159309580;Q3262067;;;BXH;Bexleyheath
TN7050950;gare;Blackheath;Blackheath;Blackheath;7050950;;51.465799;0.008922;GB;Europe/London;Q84;Southeastern|Thameslink;BUS;code;5574104460;Q4923002;;;BKH;Blackheath
TN7050960;gare;Bromley North;Bromley North;Bromley North;7050960;;51.409198;0.017798;GB;Europe/London;Q84;Southeastern;BUS;code;82620018;Q2367801;;;BMN;Bromley North
TN7050970;gare;Charing;Charing;Charing;7050970;;51.208202;0.789869;GB;Europe/London;Q725261;Southeastern;BUS;code;6692612521;Q2199062;;;CHG;Charing
TN7050980;gare;Chelsfield;Chelsfield;Chelsfield;7050980;;51.356611;0.108328;GB;Europe/London;Q84;Southeastern;BUS;code;5872906109;Q1846494;;;CLD;Chelsfield
TN7050990;gare;Chislehurst;Chislehurst;Chislehurst;7050990;;51.405163;0.057867;GB;Europe/London;Q84;Southeastern;BUS;code;5872906107;Q2273007;;;CIT;Chislehurst
TN7051000;gare;Crayford;Crayford;Crayford;7051000;;51.448177;0.178389;GB;Europe/London;Q84;Southeastern;BUS;code;6778324444;Q2755666;;;CRY;Crayford
TN7051010;gare;Dartford;Dartford;Dartford;7051010;;51.44742;0.219116;GB;Europe/London;Q858775;Southeastern|Thameslink;BUS;code;5871218019;Q2380329;;;DFD;Dartford
TN7051020;gare;Dunton Green;Dunton Green;Dunton Green;7051020;;51.296617;0.171318;GB;Europe/London;Q939838;Southeastern;BUS;code;5872906110;Q2090452;;;DNG;Dunton Green
TN7051030;gare;Eltham;Eltham;Eltham;7051030;;51.455594;0.052269;GB;Europe/London;Q84;Southeastern|Thameslink;BUS;code;3627131075;Q2448983;;;ELW;Eltham
TN7051040;gare;Erith;Erith;Erith;7051040;;51.481578;0.175195;GB;Europe/London;Q84;Southeastern;BUS;code;3627157761;Q5389579;;;ERH;Erith
TN7051050;gare;Farningham Road;Farningham Road;Farningham Road;7051050;;51.40168;0.235341;GB;Europe/London;Q858775;Southeastern;BUS;code;6693424790;Q2599575;;;FNR;Farningham Road
TN7051070;gare;Hither Green;Hither Green;Hither Green;7051070;;51.451587;-0.000647;GB;Europe/London;Q84;Southeastern;BUS;code;5872906105;Q2182758;;;HGR;Hither Green
TN7051080;gare;Kidbrooke;Kidbrooke;Kidbrooke;7051080;;51.462032;0.0279;GB;Europe/London;Q84;Southeastern;BUS;code;2397308060;Q2570789;;;KDB;Kidbrooke
TN7051090;gare;Knockholt;Knockholt;Knockholt;7051090;;51.345769;0.130829;GB;Europe/London;Q939838;Southeastern;BUS;code;5475849013;Q1908399;;;KCK;Knockholt
TN7051100;gare;Lee;Lee;Lee;7051100;;51.449432;0.013364;GB;Europe/London;Q84;Southeastern;BUS;gtfs;;;;;LEE;Lee
TN7051110;gare;Lenham;Lenham;Lenham;7051110;;51.234462;0.707241;GB;Europe/London;Q213180;Southeastern;BUS;code;6692612520;Q1825914;;;LEN;Lenham
TN7051120;gare;London Blackfriars;London Blackfriars;London Blackfriars;7051120;;51.510487;-0.103242;GB;Europe/London;Q23311;Southeastern|Thameslink;BUS;code;7159509695;Q284195;;;BFR;London Blackfriars
TN7051140;gare;Longfield;Longfield;Longfield;7051140;;51.39621;0.300103;GB;Europe/London;Q858775;Southeastern;BUS;code;6689800285;Q6673815;;;LGF;Longfield
TN7051150;gare;Maidstone East;Maidstone East;Maidstone East;7051150;;51.277626;0.519901;GB;Europe/London;Q213180;Southeastern;BUS;code;6692612534;Q952299;;;MDE;Maidstone East
TN7051160;gare;Meopham;Meopham;Meopham;7051160;;51.386453;0.356622;GB;Europe/London;Q3133261;Southeastern;BUS;code;6689773484;Q2119853;;;MEP;Meopham
TN7051180;gare;Mottingham;Mottingham;Mottingham;7051180;;51.440251;0.049962;GB;Europe/London;Q84;Southeastern;BUS;code;6778324441;Q2433460;;;MTG;Mottingham
TN7051190;gare;New Eltham;New Eltham;New Eltham;7051190;;51.438014;0.070947;GB;Europe/London;Q84;Southeastern;BUS;code;6778324442;Q2019025;;;NEH;New Eltham
TN7051200;gare;Northfleet - Cooper Arms;Northfleet;Northfleet;7051200;;51.445945;0.323967;GB;Europe/London;Q2087380;Southeastern|Thameslink;BUS;code;6779166271;Q2545395;;;NFL;Northfleet - Cooper Arms
TN7051210;gare;City Thameslink;City Thameslink;City Thameslink;7051210;;51.515126;-0.103564;GB;Europe/London;Q23311;Thameslink;;code;3637195703;Q800630;;;CTK;City Thameslink
TN7051220;gare;Orpington;Orpington;Orpington;7051220;;51.373604;0.088719;GB;Europe/London;Q84;Southeastern|Thameslink;BUS;code;3825936573;Q1956050;;;ORP;Orpington
TN7051230;gare;Petts Wood;Petts Wood;Petts Wood;7051230;;51.388626;0.074561;GB;Europe/London;Q84;Southeastern|Thameslink;BUS;code;5872906108;Q2381365;;;PET;Petts Wood
TN7051240;gare;Sevenoaks;Sevenoaks;Sevenoaks;7051240;;51.276412;0.181944;GB;Europe/London;Q939838;Southeastern|Thameslink;BUS;code;3414222865;;;;SEV;Sevenoaks
TN7051250;gare;Sidcup;Sidcup;Sidcup;7051250;;51.434021;0.10343;GB;Europe/London;Q84;Southeastern;BUS;code;6778324443;Q2068572;;;SID;Sidcup
TN7051260;gare;Sole Street;Sole Street;Sole Street;7051260;;51.383247;0.378169;GB;Europe/London;Q32859397;Southeastern;BUS;code;6689773483;Q2434718;;;SOR;Sole Street
TN7051280;gare;Welling;Welling;Welling;7051280;;51.464821;0.101629;GB;Europe/London;Q84;Southeastern;BUS;code;3627101102;Q2347379;;;WLI;Welling
TN7051290;gare;West Malling;West Malling;West Malling;7051290;;51.292096;0.418687;GB;Europe/London;Q1356429;Southeastern;BUS;code;6855385779;Q2053919;;;WMA;West Malling
TN7051300;gare;Borough Green & Wrotham;Borough Green & Wrotham;Borough Green & Wrotham;7051300;;51.293142;0.306194;GB;Europe/London;Q2001391;Southeastern;BUS;code;6692612524;Q4946312;;;BRG;Borough Green & Wrotham
TN7051310;gare;Abbey Wood;Abbey Wood;Abbey Wood;7051310;;51.491078;0.120406;GB;Europe/London;Q84;Elizabeth line|Southeastern|Thameslink;BUS;code;5871218017;Q2087079;;;ABW;Abbey Wood
TN7051320;gare;Albany Park;Albany Park;Albany Park;7051320;;51.435384;0.125965;GB;Europe/London;Q84;Southeastern;BUS;code;6779166227;Q2656573;;;AYP;Albany Park
TN7051330;gare;Barming;Barming;Barming;7051330;;51.284854;0.479293;GB;Europe/London;Q2609579;Southeastern;BUS;code;6692612526;Q4861272;;;BMG;Barming
TN7051340;gare;East Malling;East Malling;East Malling;7051340;;51.285671;0.440359;GB;Europe/London;VGB-east-malling;Southeastern;BUS;code;6692612525;Q2184113;;;EML;East Malling
TN7051350;gare;Elmstead Woods;Elmstead Woods;Elmstead Woods;7051350;;51.416798;0.044657;GB;Europe/London;Q84;Southeastern;BUS;code;5872906106;Q2261123;;;ESD;Elmstead Woods
TN7051370;gare;Falconwood;Falconwood;Falconwood;7051370;;51.45923;0.079304;GB;Europe/London;Q84;Southeastern;BUS;code;7159366405;Q2569749;;;FCN;Falconwood
TN7051380;gare;Greenhithe for Bluewater;Greenhithe for Bluewater;Greenhithe for Bluewater;7051380;;51.450855;0.279694;GB;Europe/London;Q858775;Southeastern|Thameslink;BUS;gtfs;;;;;GNH;Greenhithe for Bluewater
TN7051390;gare;Grove Park;Grove Park;Grove Park;7051390;;51.430764;0.022024;GB;Europe/London;Q5611425;Southeastern;BUS;code;5872906104;Q2252599;;;GRP;Grove Park
TN7051400;gare;Harrietsham;Harrietsham;Harrietsham;7051400;;51.244935;0.672655;GB;Europe/London;Q213180;Southeastern;BUS;code;6692612519;Q2683079;;;HRM;Harrietsham
TN7051410;gare;Hollingbourne;Hollingbourne;Hollingbourne;7051410;;51.26538;0.627818;GB;Europe/London;Q213180;Southeastern;BUS;code;6692612518;Q1815605;;;HBN;Hollingbourne
TN7051420;gare;London Cannon Street;London Cannon Street;London Cannon Street;7051420;;51.510668;-0.090605;GB;Europe/London;Q23311;Southeastern;;code;3637449660;Q800615;;;CST;London Cannon Street
TN7051430;gare;London Charing Cross;Charing Cross;Charing Cross;7051430;;51.507497;-0.123689;GB;Europe/London;Q179351;Southeastern;;code;7140186755;Q801128;;XKLC;CHX;London Charing Cross
TN7051440;gare;Charlton;Charlton;Charlton;7051440;;51.48676;0.030809;GB;Europe/London;Q84;Southeastern|Thameslink;BUS;code;7159380474;Q2216265;;;CTN;Charlton
TN7051450;gare;Deptford;Deptford;Deptford;7051450;;51.478982;-0.026635;GB;Europe/London;Q84;Southeastern|Thameslink;BUS;code;5575342411;Q2170868;;;DEP;Deptford
TN7051460;gare;Greenwich;Greenwich;Greenwich;7051460;;51.478109;-0.015415;GB;Europe/London;Q84;Southeastern|Thameslink;BUS;code;5469512667;Q800840;;;GNW;Greenwich
TN7051480;gare;London Bridge;London Bridge;London Bridge;7051480;;51.504876;-0.085147;GB;Europe/London;Q84;Southeastern|Southern|Thameslink;BUS;code;4290857012;Q801125;;XKLLB;LBG;London Bridge
TN7051490;gare;Maze Hill;Maze Hill;Maze Hill;7051490;;51.482648;0.00375;GB;Europe/London;Q84;Southeastern|Thameslink;BUS;code;7159280033;Q6798399;;;MZH;Maze Hill
TN7051500;gare;New Cross;New Cross;New Cross;7051500;;51.476371;-0.032624;GB;Europe/London;Q84;London Overground|Southeastern;BUS;code;5871218010;Q801253;;;NWX;New Cross
TN7051510;gare;Westcombe Park;Westcombe Park;Westcombe Park;7051510;;51.48424;0.01862;GB;Europe/London;Q84;Southeastern|Thameslink;BUS;code;5871218012;Q2522084;;;WCB;Westcombe Park
TN7051520;gare;Woolwich Arsenal;Woolwich Arsenal;Woolwich Arsenal;7051520;;51.489618;0.070378;GB;Europe/London;Q84;Southeastern|Thameslink;BUS;code;5871218015;Q801639;;;WWA;Woolwich Arsenal
TN7051530;gare;Woolwich Dockyard;Woolwich Dockyard;Woolwich Dockyard;7051530;;51.491092;0.054882;GB;Europe/London;Q84;Southeastern;BUS;code;5871218014;Q2201803;;;WWD;Woolwich Dockyard
TN7051540;gare;Slade Green;Slade Green;Slade Green;7051540;;51.467673;0.19031;GB;Europe/London;Q84;Southeastern|Thameslink;BUS;code;5871218018;Q2155070;;;SGR;Slade Green
TN7051550;gare;Sundridge Park;Sundridge Park;Sundridge Park;7051550;;51.413957;0.021475;GB;Europe/London;Q84;Southeastern;BUS;code;7860900545;Q3070740;;;SUP;Sundridge Park
TN7051560;gare;Swanscombe- George & Dragon;Swanscombe;Swanscombe;7051560;;51.448983;0.311584;GB;Europe/London;Q858775;Southeastern|Thameslink;BUS;code;6779166272;Q2298428;;;SWM;Swanscombe- George & Dragon
TN7051580;gare;London Waterloo (East);London Waterloo (East);London Waterloo (East);7051580;;51.504513;-0.10814;GB;Europe/London;Q84;Southeastern;;gtfs;;;;;WAE;London Waterloo (East)
TN7051600;gare;Adisham;Adisham;Adisham;7051600;;51.241342;1.198729;GB;Europe/London;Q29303;Southeastern;BUS;code;6689773480;Q1996073;;;ADM;Adisham
TN7051620;gare;Aylesford;Aylesford;Aylesford;7051620;;51.301533;0.465767;GB;Europe/London;Q793057;Southeastern;BUS;code;6688355482;Q2578339;;;AYL;Aylesford
TN7051630;gare;Birchington-on-Sea;Birchington-on-Sea;Birchington-on-Sea;7051630;;51.377502;1.300904;GB;Europe/London;Q865021;Southeastern;BUS;code;6743987557;Q1892812;;;BCH;Birchington-On-Sea
TN7051640;gare;Canterbury East;Canterbury East;Canterbury East;7051640;;51.274185;1.07582;GB;Europe/London;Q29303;Southeastern;BUS;code;6689773482;Q4381574;;;CBE;Canterbury East
TN7051670;gare;Faversham;Faversham;Faversham;7051670;;51.311652;0.890664;GB;Europe/London;Q1000115;Southeastern;BUS;code;27454741;Q4753369;;;FAV;Faversham
TN7051690;gare;Gillingham (Kent);Gillingham;Gillingham;7051690;;51.386847;0.551447;GB;Europe/London;Q610238;Southeastern|Thameslink;BUS;code;6677241028;;;;GLM;Gillingham (Kent)
TN7051720;gare;Gravesend;Gravesend;Gravesend;7051720;;51.441363;0.366831;GB;Europe/London;Q676689;Southeastern|Thameslink;BUS;code;6691194325;Q2615632;;;GRV;Gravesend
TN7051730;gare;Halling;Halling;Halling;7051730;;51.352374;0.445122;GB;Europe/London;Q2227727;Southeastern;BUS;code;6688385685;Q2122913;;;HAI;Halling
TN7051740;gare;Herne Bay;Herne Bay;Herne Bay;7051740;;51.364437;1.118307;GB;Europe/London;Q29303;Southeastern;BUS;code;6743987558;Q2294609;;;HNB;Herne Bay
TN7051750;gare;Newington;Newington;Newington;7051750;;51.353567;0.666785;GB;Europe/London;Q2211727;Southeastern;BUS;code;6689800303;Q7018278;;;NGT;Newington
TN7051760;gare;Queenborough;Queenborough;Queenborough;7051760;;51.415948;0.749774;GB;Europe/London;Q15270475;Southeastern;BUS;code;29704570;Q2323119;;;QBR;Queenborough
TN7051770;gare;Rainham (Kent);Rainham;Rainham;7051770;;51.366666;0.611036;GB;Europe/London;Q2576971;Southeastern|Thameslink;BUS;code;6689800304;Q1865266;;;RAI;Rainham (Kent)
TN7051790;gare;Selling;Selling;Selling;7051790;;51.277285;0.941145;GB;Europe/London;Q2495374;Southeastern;BUS;code;6689800301;Q509141;;;SEG;Selling
TN7051840;gare;Sheerness-on-Sea;Sheerness-on-Sea;Sheerness-on-Sea;7051840;;51.440714;0.758316;GB;Europe/London;Q1003196;Southeastern;BUS;code;29704589;Q7492505;;;SSS;Sheerness-On-Sea
TN7051850;gare;Snowdown;Snowdown;Snowdown;7051850;;51.21515;1.213737;GB;Europe/London;Q179224;Southeastern;BUS;code;6744055522;Q2605621;;;SWO;Snowdown
TN7051860;gare;Shepherdswell;Shepherdswell;Shepherdswell;7051860;;51.188038;1.229786;GB;Europe/London;Q179224;Southeastern;BUS;code;6744055523;Q2953875;;;SPH;Shepherds Well
TN7051870;gare;Sittingbourne;Sittingbourne;Sittingbourne;7051870;;51.342078;0.735146;GB;Europe/London;Q1626044;Southeastern;BUS;code;3726061852;Q1919614;;;SIT;Sittingbourne
TN7051890;gare;Snodland;Snodland;Snodland;7051890;;51.330223;0.44844;GB;Europe/London;Q2462696;Southeastern;BUS;code;6688355484;Q1899707;;;SDA;Snodland
TN7051910;gare;Strood;Strood;Strood;7051910;;51.396597;0.500269;GB;Europe/London;Q7960185;Southeastern|Thameslink;BUS;code;6688385687;Q2111455;;;SOO;Strood
TN7051930;gare;Teynham;Teynham;Teynham;7051930;;51.333604;0.807051;GB;Europe/London;Q1865570;Southeastern;BUS;code;6689800302;Q1865163;;;TEY;Teynham
TN7051950;gare;Westgate-on-Sea;Westgate-on-Sea;Westgate-on-Sea;7051950;;51.381284;1.338231;GB;Europe/London;Q1812807;Southeastern;BUS;code;6083526675;Q2515203;;;WGA;Westgate-On-Sea
TN7051960;gare;Whitstable;Whitstable;Whitstable;7051960;;51.357686;1.034365;GB;Europe/London;Q29303;Southeastern;BUS;code;3726214975;Q2555569;;;WHI;Whitstable
TN7051970;gare;Aylesham;Aylesham;Aylesham;7051970;;51.227423;1.20959;GB;Europe/London;Q179224;Southeastern;BUS;code;6744055521;Q4831400;;;AYH;Aylesham
TN7051980;gare;Bekesbourne;Bekesbourne;Bekesbourne;7051980;;51.261403;1.13723;GB;Europe/London;Q29303;Southeastern;BUS;code;6689773481;Q4881599;;;BKS;Bekesbourne
TN7051990;gare;Chatham;Chatham;Chatham;7051990;;51.380309;0.521208;GB;Europe/London;Q729006;Southeastern|Thameslink;BUS;code;6689800305;Q2636404;;;CTM;Chatham
TN7052000;gare;Chestfield & Swalecliffe;Chestfield & Swalecliffe;Chestfield & Swalecliffe;7052000;;51.360283;1.067441;GB;Europe/London;Q29303;Southeastern;BUS;code;3727341271;Q5093891;;;CSW;Chestfield & Swalecliffe
TN7052010;gare;Cuxton;Cuxton;Cuxton;7052010;;51.373911;0.461982;GB;Europe/London;Q4946691;Southeastern;BUS;code;6688385686;Q2456141;;;CUX;Cuxton
TN7052020;gare;Higham;Higham;Higham;7052020;;51.426953;0.466018;GB;Europe/London;VGB-lower-higham;Southeastern|Thameslink;BUS;code;30091651;Q1883622;;;HGM;Higham
TN7052030;gare;Rochester;Rochester;Rochester;7052030;;51.389207;0.507294;GB;Europe/London;Q507517;Southeastern|Thameslink;BUS;code;6689800306;Q2106217;;;RTR;Rochester
TN7052050;gare;Kemsley;Kemsley;Kemsley;7052050;;51.361738;0.73496;GB;Europe/London;Q6387177;Southeastern;BUS;code;29704959;Q2625213;;;KML;Kemsley
TN7052080;gare;Plumstead;Plumstead;Plumstead;7052080;;51.489768;0.084018;GB;Europe/London;Q84;Southeastern|Thameslink;BUS;code;5871218016;Q4403657;;;PLU;Plumstead
TN7052110;gare;Bexhill;Bexhill;Bexhill;7052110;;50.840942;0.47573;GB;Europe/London;Q853012;Southern;BUS;code;6745645279;Q2063602;;;BEX;Bexhill
TN7052150;gare;Battle;Battle;Battle;7052150;;50.912887;0.494923;GB;Europe/London;Q737593;Southeastern;BUS;code;3157623531;Q4873077;;;BAT;Battle
TN7052170;gare;Etchingham;Etchingham;Etchingham;7052170;;51.010656;0.442384;GB;Europe/London;Q1863826;Southeastern;BUS;code;3157657524;Q2498415;;;ETC;Etchingham
TN7052180;gare;Frant;Frant;Frant;7052180;;51.10409;0.294337;GB;Europe/London;VGB-bells-yew-green;Southeastern;BUS;code;4855869700;Q1913083;;;FRT;Frant
TN7052190;gare;Hastings;Hastings;Hastings;7052190;;50.858303;0.576825;GB;Europe/London;Q3495335;Southeastern|Southern;BUS;code;21275502;Q2556633;;;HGS;Hastings
TN7052200;gare;Headcorn;Headcorn;Headcorn;7052200;;51.165629;0.627367;GB;Europe/London;Q213180;Southeastern;BUS;code;6688385724;Q2482799;;;HCN;Headcorn
TN7052220;gare;Maidstone West;Maidstone West;Maidstone West;7052220;;51.270309;0.515756;GB;Europe/London;Q213180;Southeastern;BUS;code;6688355480;;;;MDW;Maidstone West
TN7052230;gare;Marden;Marden;Marden;7052230;;51.175441;0.492988;GB;Europe/London;Q213180;Southeastern;BUS;code;6688385726;Q2666551;;;MRN;Marden
TN7052240;gare;Paddock Wood;Paddock Wood;Paddock Wood;7052240;;51.182358;0.389494;GB;Europe/London;Q2152461;Southeastern;BUS;code;6688385722;Q2063096;;;PDW;Paddock Wood
TN7052250;gare;Pluckley;Pluckley;Pluckley;7052250;;51.156485;0.746582;GB;Europe/London;Q725261;Southeastern;BUS;code;6688385723;Q2346536;;;PLC;Pluckley
TN7052260;gare;Robertsbridge;Robertsbridge;Robertsbridge;7052260;;50.985529;0.468734;GB;Europe/London;Q7352064;Southeastern;BUS;code;3157658023;Q2012525;;;RBR;Robertsbridge
TN7052270;gare;Beltring;Beltring;Beltring;7052270;;51.204489;0.403344;GB;Europe/London;Q213180;Southeastern;BUS;code;6688355476;Q2680767;;;BEG;Beltring
TN7052280;gare;Staplehurst;Staplehurst;Staplehurst;7052280;;51.171526;0.550499;GB;Europe/London;Q213180;Southeastern;BUS;code;6688385725;Q2076171;;;SPU;Staplehurst
TN7052290;gare;Tonbridge;Tonbridge;Tonbridge;7052290;;51.191509;0.269997;GB;Europe/London;Q936183;Southeastern|Southern;BUS;code;6688385727;Q2127426;;;TON;Tonbridge
TN7052300;gare;Tunbridge Wells;Tunbridge Wells;Tunbridge Wells;7052300;;51.130096;0.263028;GB;Europe/London;Q665489;Southeastern;BUS;code;3157682910;Q3381300;;;TBW;Tunbridge Wells
TN7052310;gare;Wadhurst;Wadhurst;Wadhurst;7052310;;51.073388;0.313041;GB;Europe/London;VGB-durgates;Southeastern;BUS;code;4855838440;Q2235931;;;WAD;Wadhurst
TN7052320;gare;Yalding;Yalding;Yalding;7052320;;51.226665;0.412162;GB;Europe/London;Q213180;Southeastern;BUS;code;6688355477;Q2109915;;;YAL;Yalding
TN7052330;gare;Crowhurst;Crowhurst;Crowhurst;7052330;;50.888662;0.50148;GB;Europe/London;Q5189246;Southeastern;BUS;code;3157623532;Q2323354;;;CWU;Crowhurst
TN7052340;gare;East Farleigh;East Farleigh;East Farleigh;7052340;;51.255251;0.484478;GB;Europe/London;Q213180;Southeastern;BUS;code;6688355479;Q3065808;;;EFL;East Farleigh
TN7052350;gare;High Brooms;High Brooms;High Brooms;7052350;;51.149779;0.277962;GB;Europe/London;Q665489;Southeastern;BUS;code;4350841607;Q2289866;;;HIB;High Brooms
TN7052360;gare;Hildenborough;Hildenborough;Hildenborough;7052360;;51.214581;0.227882;GB;Europe/London;Q2220232;Southeastern;BUS;code;3749263910;Q1946568;;;HLB;Hildenborough
TN7052370;gare;Maidstone Barracks;Maidstone Barracks;Maidstone Barracks;7052370;;51.277043;0.514173;GB;Europe/London;Q213180;Southeastern;BUS;code;6688355481;Q2913119;;;MDB;Maidstone Barracks
TN7052380;gare;New Hythe;New Hythe;New Hythe;7052380;;51.312839;0.455139;GB;Europe/London;Q2609579;Southeastern;BUS;code;6688355483;Q2244436;;;NHE;New Hythe
TN7052390;gare;St Leonards Warrior Square;St Leonards Warrior Square;St Leonards Warrior Square;7052390;;50.855758;0.560598;GB;Europe/London;Q3495335;Southeastern|Southern;BUS;code;6745645278;Q3047264;;;SLQ;St Leonards Warrior Square
TN7052400;gare;Stonegate;Stonegate;Stonegate;7052400;;51.02014;0.363387;GB;Europe/London;VGB-stonegate;Southeastern;BUS;code;112074261;Q2192587;;;SOG;Stonegate
TN7052410;gare;Wateringbury;Wateringbury;Wateringbury;7052410;;51.24966;0.422299;GB;Europe/London;Q5376100;Southeastern;BUS;code;6688355478;;;;WTR;Wateringbury
TN7052420;gare;West St Leonards;West St Leonards;West St Leonards;7052420;;50.853206;0.539964;GB;Europe/London;Q3495335;Southeastern;BUS;code;3157623929;Q2335526;;;WLD;West St Leonards
TN7052460;gare;Elephant & Castle;Elephant & Castle;Elephant & Castle;7052460;;51.494043;-0.098717;GB;Europe/London;Q84;Southeastern|Thameslink;BUS;code;3660623412;Q13583357;;;EPH;Elephant & Castle
TN7052480;gare;Stone Crossing-Horns Cross;Stone Crossing;Stone Crossing;7052480;;51.451416;0.263442;GB;Europe/London;Q858775;Southeastern|Thameslink;BUS;code;6779166274;Q3341228;;;SCG;Stone Crossing-Horns Cross
TN7052490;gare;Swale;Swale;Swale;7052490;;51.388965;0.746849;GB;Europe/London;Q7380805;Southeastern;BUS;code;855651597;Q2191551;;;SWL;Swale
TN7052500;gare;Amberley;Amberley;Amberley;7052500;;50.896416;-0.54203;GB;Europe/London;Q177544;Southern;BUS;code;5870536785;Q2173107;;;AMY;Amberley
TN7052510;gare;Arundel;Arundel;Arundel;7052510;;50.848012;-0.546266;GB;Europe/London;Q2490472;Southern;BUS;code;5870535784;Q2052983;;;ARU;Arundel
TN7052520;gare;Barnham;Barnham;Barnham;7052520;;50.830745;-0.640204;GB;Europe/London;Q2729767;Southern;BUS;code;5870767820;Q2059728;;;BAA;Barnham
TN7052530;gare;Bognor Regis;Bognor Regis;Bognor Regis;7052530;;50.787689;-0.675748;GB;Europe/London;Q890621;Southern;BUS;code;4907830232;Q2278205;;;BOG;Bognor Regis
TN7052540;gare;Bosham;Bosham;Bosham;7052540;;50.842856;-0.847168;GB;Europe/London;Q207639;Southern;BUS;code;112574808;Q2591345;;;BOH;Bosham
TN7052550;gare;Chichester;Chichester;Chichester;7052550;;50.83188;-0.781845;GB;Europe/London;Q207639;Southern;BUS;code;5498467907;Q2187759;;;CCH;Chichester
TN7052570;gare;Emsworth;Emsworth;Emsworth;7052570;;50.851654;-0.938508;GB;Europe/London;Q1219676;Southern;BUS;code;28409831;Q1991227;;;EMS;Emsworth
TN7052580;gare;Ford;Ford;Ford;7052580;;50.829364;-0.578301;GB;Europe/London;Q5467600;Southern;BUS;code;5870767815;Q921886;;;FOD;Ford
TN7052600;gare;Littlehampton;Littlehampton;Littlehampton;7052600;;50.810175;-0.546257;GB;Europe/London;Q990112;Southern;BUS;code;5003723811;Q2780143;;;LIT;Littlehampton
TN7052610;gare;Fishbourne (Sussex);Fishbourne;Fishbourne;7052610;;50.839103;-0.815514;GB;Europe/London;Q207639;Southern;BUS;code;34143532;Q3245103;;;FSB;Fishbourne (Sussex)
TN7052620;gare;Nutbourne;Nutbourne;Nutbourne;7052620;;50.84615;-0.883919;GB;Europe/London;Q207639;Southern;BUS;code;113379094;Q4404768;;;NUT;Nutbourne
TN7052630;gare;Southbourne;Southbourne;Southbourne;7052630;;50.848198;-0.907179;GB;Europe/London;Q207639;Southern;BUS;code;28409829;Q2075322;;;SOB;Southbourne
TN7052640;gare;Warblington;Warblington;Warblington;7052640;;50.853502;-0.967121;GB;Europe/London;Q1234712;Southern;BUS;code;32343344;Q129721;;;WBL;Warblington
TN7052670;gare;Angmering;Angmering;Angmering;7052670;;50.816515;-0.488127;GB;Europe/London;Q1610804;Southern;BUS;code;31075499;Q1932910;;;ANG;Angmering
TN7052680;gare;Brighton;Brighton;Brighton;7052680;;50.82886;-0.140739;GB;Europe/London;Q131491;Gatwick Express|Southern|Thameslink;BUS;code;20947173;Q800573;;;BTN;Brighton
TN7052720;gare;Goring-by-Sea;Goring-by-Sea;Goring-by-Sea;7052720;;50.817693;-0.433181;GB;Europe/London;Q671348;Southern;BUS;code;50099895;Q2789351;;;GBS;Goring-By-Sea
TN7052730;gare;Hove;Hove;Hove;7052730;;50.835206;-0.17018;GB;Europe/London;Q2277250;Southern;BUS;code;1322286515;Q2426316;;;HOV;Hove
TN7052750;gare;Lancing;Lancing;Lancing;7052750;;50.827018;-0.323204;GB;Europe/London;Q770599;Southern;BUS;code;50485546;Q2308589;;;LAC;Lancing
TN7052760;gare;Portslade;Portslade;Portslade;7052760;;50.835746;-0.205296;GB;Europe/London;Q2277250;Southern;BUS;code;8787418205;Q2795710;;;PLD;Portslade
TN7052770;gare;Shoreham-by-Sea;Shoreham-by-Sea;Shoreham-by-Sea;7052770;;50.834376;-0.271445;GB;Europe/London;Q770599;Southern;BUS;code;50489284;Q2674041;;;SSE;Shoreham-By-Sea
TN7052780;gare;West Worthing;West Worthing;West Worthing;7052780;;50.818373;-0.393352;GB;Europe/London;Q671348;Southern;BUS;code;30105446;Q2982338;;;WWO;West Worthing
TN7052790;gare;Worthing;Worthing;Worthing;7052790;;50.818642;-0.376177;GB;Europe/London;Q671348;Southern;BUS;code;29806160;Q2161323;;;WRH;Worthing
TN7052800;gare;Aldrington;Aldrington;Aldrington;7052800;;50.836356;-0.181742;GB;Europe/London;Q2277250;Southern;BUS;code;25331153;Q2802053;;;AGT;Aldrington
TN7052810;gare;London Road (Brighton);London Road (Brighton);London Road (Brighton);7052810;;50.83681;-0.136263;GB;Europe/London;Q131491;Southern;;code;6745675389;Q1820227;;;LRB;London Road (Brighton)
TN7052820;gare;Durrington-on-Sea;Durrington-on-Sea;Durrington-on-Sea;7052820;;50.817442;-0.411479;GB;Europe/London;Q671348;Southern;BUS;code;46527768;Q2654300;;;DUR;Durrington-On-Sea
TN7052830;gare;East Worthing;East Worthing;East Worthing;7052830;;50.821592;-0.355108;GB;Europe/London;Q671348;Southern;BUS;code;50452554;Q2716006;;;EWR;East Worthing
TN7052840;gare;Fishersgate;Fishersgate;Fishersgate;7052840;;50.83428;-0.219574;GB;Europe/London;Q2135985;Southern;BUS;code;50495669;Q2193586;;;FSG;Fishersgate
TN7052852;gare;Preston Park;Preston Park;Preston Park;7052852;;50.846009;-0.155344;GB;Europe/London;Q2277250;Gatwick Express|Southern|Thameslink;BUS;code;20979539;Q2337400;;;PRP;Preston Park
TN7052860;gare;Southwick;Southwick;Southwick;7052860;;50.832471;-0.237142;GB;Europe/London;Q2135985;Southern;BUS;code;31107479;Q2497816;;;SWK;Southwick
TN7052890;gare;Haydons Road;Haydons Road;Haydons Road;7052890;;51.425363;-0.188342;GB;Europe/London;Q84;Thameslink;;code;3752975780;Q1909042;;;HYR;Haydons Road
TN7052900;gare;St. Helier;St. Helier;St. Helier;7052900;;51.389451;-0.19886;GB;Europe/London;Q84;Thameslink;;code;27020525;Q2217526;;;SIH;St Helier
TN7052910;gare;Morden South;Morden South;Morden South;7052910;;51.395678;-0.19924;GB;Europe/London;Q84;Thameslink;;code;5571737425;Q3921420;;;MDS;Morden South
TN7052920;gare;South Merton;South Merton;South Merton;7052920;;51.403326;-0.205518;GB;Europe/London;Q84;Thameslink;;code;37984741;Q3951461;;;SMO;South Merton
TN7052930;gare;West Sutton;West Sutton;West Sutton;7052930;;51.366261;-0.204483;GB;Europe/London;Q84;Thameslink;;code;4337677777;Q2544455;;;WSU;West Sutton
TN7052940;gare;Leigh (Kent);Leigh;Leigh;7052940;;51.193993;0.211259;GB;Europe/London;Q939838;Southern;;code;6774062198;Q2218963;;;LIH;Leigh (Kent)
TN7052960;gare;Chilworth;Chilworth;Chilworth;7052960;;51.215119;-0.525013;GB;Europe/London;Q213465;Great Western Railway;BUS;code;3673824828;Q2295135;;;CHL;Chilworth
TN7052970;gare;Dorking West;Dorking West;Dorking West;7052970;;51.236355;-0.33985;GB;Europe/London;Q540333;Great Western Railway;BUS;code;3600088829;Q2456082;;;DKT;Dorking West
TN7052980;gare;Gomshall;Gomshall;Gomshall;7052980;;51.219242;-0.442249;GB;Europe/London;Q213465;Great Western Railway;BUS;code;17770687;Q3199982;;;GOM;Gomshall
TN7053010;gare;Clapham High Street;Clapham High Street;Clapham High Street;7053010;;51.465485;-0.132314;GB;Europe/London;Q84;London Overground;BUS;code;2438288086;Q2381798;;;CLP;Clapham High Street
TN7053080;gare;Holmwood;Holmwood;Holmwood;7053080;;51.181128;-0.320874;GB;Europe/London;VGB-beare-green;Southern;BUS;code;5863723752;Q2049680;;;HLM;Holmwood
TN7053090;gare;Horsham;Horsham;Horsham;7053090;;51.065984;-0.318921;GB;Europe/London;Q177544;Southern|Thameslink;BUS;code;5863723755;Q2431903;;;HRH;Horsham
TN7053100;gare;Ockley;Ockley;Ockley;7053100;;51.151569;-0.336169;GB;Europe/London;Q4025825;Southern;BUS;code;5863723753;Q4490156;;;OLY;Ockley
TN7053120;gare;Moulsecoomb;Moulsecoomb;Moulsecoomb;7053120;;50.846538;-0.119065;GB;Europe/London;Q131491;Southern;BUS;code;6745675390;Q2437531;;;MCB;Moulsecoomb
TN7053160;gare;Warnham;Warnham;Warnham;7053160;;51.093039;-0.329607;GB;Europe/London;Q177544;Southern;BUS;code;5863723754;Q2699878;;;WNH;Warnham
TN7053190;gare;Christs Hospital;Christs Hospital;Christs Hospital;7053190;;51.050629;-0.363538;GB;Europe/London;Q177544;Southern;BUS;gtfs;;;;;CHH;Christs Hospital
TN7053230;gare;Berwick (Sussex);Berwick;Berwick;7053230;;50.840486;0.165724;GB;Europe/London;Q504678;Southern;BUS;code;6745675393;Q4895976;;;BRK;Berwick (Sussex)
TN7053240;gare;Buxted;Buxted;Buxted;7053240;;50.990118;0.131378;GB;Europe/London;Q2596952;Southern;BUS;code;5882032219;Q1997262;;;BXD;Buxted
TN7053250;gare;Crowborough;Crowborough;Crowborough;7053250;;51.046237;0.188039;GB;Europe/London;Q179259;Southern;BUS;code;5882032218;Q2537407;;;COH;Crowborough
TN7053290;gare;Lewes;Lewes;Lewes;7053290;;50.870636;0.012296;GB;Europe/London;Q246884;Southern;BUS;code;628827296;Q933911;;;LWS;Lewes
TN7053300;gare;Newhaven Harbour;Newhaven Harbour;Newhaven Harbour;7053300;;50.7898;0.055162;GB;Europe/London;Q15262151;Southern;BUS;code;6745675387;Q2413496;;;NVH;Newhaven Harbour
TN7053310;gare;Newhaven Town;Newhaven Town;Newhaven Town;7053310;;50.794916;0.055124;GB;Europe/London;Q15262151;Southern;BUS;code;6745675388;Q2293851;;;NVN;Newhaven Town
TN7053320;gare;Plumpton;Plumpton;Plumpton;7053320;;50.928463;-0.05981;GB;Europe/London;Q246884;Southern;BUS;code;6745947210;Q7205476;;;PMP;Plumpton
TN7053330;gare;Seaford;Seaford;Seaford;7053330;;50.772924;0.099946;GB;Europe/London;Q1640242;Southern;BUS;code;4726762555;Q1877282;;;SEF;Seaford
TN7053340;gare;Uckfield;Uckfield;Uckfield;7053340;;50.968738;0.09663;GB;Europe/London;Q1018490;Southern;BUS;code;5882031666;Q2209876;;;UCK;Uckfield
TN7053360;gare;Cooksbridge;Cooksbridge;Cooksbridge;7053360;;50.903713;-0.009309;GB;Europe/London;Q246884;Southern;BUS;code;6745947211;Q3341575;;;CBR;Cooksbridge
TN7053370;gare;Falmer;Falmer;Falmer;7053370;;50.861941;-0.08729;GB;Europe/London;Q131491;Southern;BUS;code;6745675391;Q2435208;;;FMR;Falmer
TN7053380;gare;Glynde;Glynde;Glynde;7053380;;50.859118;0.070348;GB;Europe/London;Q246884;Southern;BUS;code;6745675392;Q2540646;;;GLY;Glynde
TN7053390;gare;Southease;Southease;Southease;7053390;;50.83111;0.030673;GB;Europe/London;Q246884;Southern;;code;6745675385;Q5830819;;;SEE;Southease
TN7053410;gare;Wivelsfield;Wivelsfield;Wivelsfield;7053410;;50.964361;-0.120721;GB;Europe/London;Q1014934;Southern|Thameslink;BUS;code;6745947212;Q517098;;;WVF;Wivelsfield
TN7053450;gare;New Cross Gate;New Cross Gate;New Cross Gate;7053450;;51.475298;-0.040429;GB;Europe/London;Q84;London Overground|Southern;BUS;code;5871218009;Q648558;;;NXG;New Cross Gate
TN7053470;gare;Ashtead;Ashtead;Ashtead;7053470;;51.317922;-0.307391;GB;Europe/London;Q2220778;South Western Railway|Southern;BUS;code;3815631286;Q4805961;;;AHD;Ashtead
TN7053480;gare;Banstead;Banstead;Banstead;7053480;;51.329432;-0.21372;GB;Europe/London;Q2280322;Southern;BUS;code;7170550850;Q4857160;;;BAD;Banstead
TN7053500;gare;Belmont;Belmont;Belmont;7053500;;51.343896;-0.198785;GB;Europe/London;Q84;Southern;BUS;code;6774476167;Q2799373;;;BLM;Belmont
TN7053510;gare;Caterham;Caterham;Caterham;7053510;;51.282206;-0.078388;GB;Europe/London;Q1996975;Southern;BUS;code;5233720883;Q2581686;;;CAT;Caterham
TN7053520;gare;Cheam;Cheam;Cheam;7053520;;51.355661;-0.214513;GB;Europe/London;Q84;Southern;BUS;code;3691424209;Q1813087;;;CHE;Cheam
TN7053530;gare;Chipstead;Chipstead;Chipstead;7053530;;51.309336;-0.169331;GB;Europe/London;Q5101746;Southern;BUS;code;3166455702;Q2033523;;;CHP;Chipstead
TN7053550;gare;East Croydon;East Croydon;East Croydon;7053550;;51.375845;-0.092732;GB;Europe/London;Q84;Southern|Thameslink;BUS;code;302042289;Q800699;;;ECR;East Croydon
TN7053560;gare;Crystal Palace;Crystal Palace;Crystal Palace;7053560;;51.417659;-0.071267;GB;Europe/London;Q84;London Overground|Southern;BUS;code;5790633431;Q676281;;;CYP;Crystal Palace
TN7053570;gare;Dorking;Dorking;Dorking;7053570;;51.241165;-0.324136;GB;Europe/London;Q540333;South Western Railway|Southern;BUS;code;3782983829;Q1914125;;;DKG;Dorking
TN7053580;gare;East Dulwich;East Dulwich;East Dulwich;7053580;;51.461037;-0.080798;GB;Europe/London;Q84;Southern;BUS;code;7860903110;Q5328256;;;EDW;East Dulwich
TN7053590;gare;Edenbridge Town;Edenbridge Town;Edenbridge Town;7053590;;51.200137;0.067215;GB;Europe/London;Q947442;Southern;BUS;code;5882032119;;;;EBT;Edenbridge Town
TN7053600;gare;Epsom;Epsom;Epsom;7053600;;51.334353;-0.269549;GB;Europe/London;Q993164;South Western Railway|Southern;BUS;code;6610824937;Q1907314;;;EPS;Epsom
TN7053610;gare;Epsom Downs;Epsom Downs;Epsom Downs;7053610;;51.324251;-0.238435;GB;Europe/London;Q7688391;Southern;BUS;code;3858632552;Q2576134;;;EPD;Epsom Downs
TN7053620;gare;Forest Hill;Forest Hill;Forest Hill;7053620;;51.439242;-0.05309;GB;Europe/London;Q84;London Overground|Southern;BUS;code;5871218007;Q2342584;;;FOH;Forest Hill
TN7053630;gare;Gipsy Hill;Gipsy Hill;Gipsy Hill;7053630;;51.424533;-0.084042;GB;Europe/London;Q84;Southern;BUS;code;7860903089;Q2206539;;;GIP;Gipsy Hill
TN7053640;gare;Hackbridge;Hackbridge;Hackbridge;7053640;;51.378028;-0.15372;GB;Europe/London;Q84;Southern|Thameslink;BUS;code;6090336257;Q2409962;;;HCB;Hackbridge
TN7053650;gare;Horley;Horley;Horley;7053650;;51.168791;-0.160952;GB;Europe/London;Q2280939;Gatwick Express|Southern|Thameslink;BUS;code;2053160023;Q673580;;;HOR;Horley
TN7053660;gare;Kingswood;Kingswood;Kingswood;7053660;;51.29473;-0.211054;GB;Europe/London;Q1247835;Southern;BUS;code;26087545;Q2192379;;;KND;Kingswood
TN7053680;gare;Leatherhead;Leatherhead;Leatherhead;7053680;;51.299114;-0.333041;GB;Europe/London;Q1810766;South Western Railway|Southern;BUS;code;5863634794;Q2309556;;;LHD;Leatherhead
TN7053690;gare;Lingfield;Lingfield;Lingfield;7053690;;51.1761;-0.006803;GB;Europe/London;Q736186;Southern|Thameslink;BUS;code;3727341275;Q743644;;;LFD;Lingfield
TN7053720;gare;Wandsworth Road;Wandsworth Road;Wandsworth Road;7053720;;51.46996;-0.138435;GB;Europe/London;Q84;London Overground;BUS;code;2438286491;Q2472566;;;WWR;Wandsworth Road
TN7053760;gare;Norwood Junction;Norwood Junction;Norwood Junction;7053760;;51.397169;-0.074699;GB;Europe/London;Q84;London Overground|Southern|Thameslink;BUS;code;5882165493;Q2835440;;;NWD;Norwood Junction
TN7053770;gare;Oxted;Oxted;Oxted;7053770;;51.257843;-0.004558;GB;Europe/London;Q2189348;Southern|Thameslink;BUS;code;5882058967;Q2601068;;;OXT;Oxted
TN7053780;gare;Penge West;Penge West;Penge West;7053780;;51.417503;-0.060661;GB;Europe/London;Q84;London Overground|Southern;BUS;code;3572247866;Q2389053;;;PNW;Penge West
TN7053790;gare;Purley;Purley;Purley;7053790;;51.33748;-0.113913;GB;Europe/London;Q84;Gatwick Express|Southern|Thameslink;BUS;code;5293818504;Q2180994;;;PUR;Purley
TN7053800;gare;Salfords;Salfords;Salfords;7053800;;51.201786;-0.162284;GB;Europe/London;Q7404397;Southern|Thameslink;BUS;code;2526292310;Q2282929;;;SAF;Salfords
TN7053830;gare;Streatham;Streatham;Streatham;7053830;;51.425961;-0.131313;GB;Europe/London;Q84;Southern|Thameslink;BUS;code;3655237096;Q368336;;;STE;Streatham
TN7053840;gare;Streatham Common;Streatham Common;Streatham Common;7053840;;51.418566;-0.135926;GB;Europe/London;Q84;Southern;BUS;code;6774489101;Q7622732;;;SRC;Streatham Common
TN7053850;gare;Sutton (Surrey);Sutton;Sutton;7053850;;51.359677;-0.190886;GB;Europe/London;Q84;Southern|Thameslink;BUS;code;3661349170;Q4437087;;;SUO;Sutton (Surrey)
TN7053860;gare;Tadworth;Tadworth;Tadworth;7053860;;51.291424;-0.235863;GB;Europe/London;Q11836773;Southern;;code;4919245752;Q2516420;;;TAD;Tadworth
TN7053870;gare;Tattenham Corner;Tattenham Corner;Tattenham Corner;7053870;;51.308624;-0.242186;GB;Europe/London;Q7688391;Southern;BUS;code;6658470683;Q2918948;;;TAT;Tattenham Corner
TN7053880;gare;Thornton Heath;Thornton Heath;Thornton Heath;7053880;;51.398944;-0.100516;GB;Europe/London;Q84;Southern;BUS;code;6774489103;Q2187219;;;TTH;Thornton Heath
TN7053890;gare;Tooting;Tooting;Tooting;7053890;;51.419846;-0.161323;GB;Europe/London;Q84;Thameslink;;code;3752975773;Q2181903;;;TOO;Tooting
TN7053900;gare;Tulse Hill;Tulse Hill;Tulse Hill;7053900;;51.439927;-0.104847;GB;Europe/London;Q84;Southern|Thameslink;BUS;code;8724517978;Q2851519;;;TUH;Tulse Hill
TN7053910;gare;Upper Warlingham;Upper Warlingham;Upper Warlingham;7053910;;51.308551;-0.077834;GB;Europe/London;Q1996975;Southern|Thameslink;BUS;code;5294256951;Q2326673;;;UWL;Upper Warlingham
TN7053920;gare;Waddon;Waddon;Waddon;7053920;;51.367334;-0.117435;GB;Europe/London;Q84;Southern;BUS;code;154555335;Q2120787;;;WDO;Waddon
TN7053940;gare;Wallington;Wallington;Wallington;7053940;;51.360235;-0.15059;GB;Europe/London;Q84;Southern;BUS;code;6774062196;Q2447377;;;WLT;Wallington
TN7053950;gare;Wandsworth Common;Wandsworth Common;Wandsworth Common;7053950;;51.446124;-0.163517;GB;Europe/London;Q84;Southern;BUS;code;3757075887;Q2398577;;;WSW;Wandsworth Common
TN7053960;gare;Whyteleafe;Whyteleafe;Whyteleafe;7053960;;51.309921;-0.081016;GB;Europe/London;Q1996975;Southern;BUS;code;5294256369;Q2790454;;;WHY;Whyteleafe
TN7053970;gare;Anerley;Anerley;Anerley;7053970;;51.412577;-0.065494;GB;Europe/London;Q84;London Overground|Southern;BUS;code;6391499992;Q2012789;;;ANZ;Anerley
TN7053980;gare;Ashurst Kent;Ashurst Kent;Ashurst Kent;7053980;;51.128601;0.152298;GB;Europe/London;Q665489;Southern;;gtfs;;;;;AHS;Ashurst Kent
TN7053990;gare;Balham;Balham;Balham;7053990;;51.442828;-0.151443;GB;Europe/London;Q84;Southern;BUS;code;3941256583;Q579345;;;BAL;Balham
TN7054010;gare;Birkbeck;Birkbeck;Birkbeck;7054010;;51.403456;-0.056539;GB;Europe/London;Q84;Southern;BUS;code;7860903096;Q2207882;;;BIK;Birkbeck
TN7054020;gare;Bishopstone (Hill Rise);Bishopstone;Bishopstone;7054020;;50.779986;0.08262;GB;Europe/London;Q1640242;Southern;;code;6745675386;Q2330749;;;BIP;Bishopstone (Hill Rise)
TN7054030;gare;Box Hill & Westhumble;Box Hill & Westhumble;Box Hill & Westhumble;7054030;;51.253987;-0.328672;GB;Europe/London;Q7988910;South Western Railway|Southern;BUS;code;4871665581;Q4951526;;;BXW;Box Hill & Westhumble
TN7054040;gare;Brockley;Brockley;Brockley;7054040;;51.464229;-0.037612;GB;Europe/London;Q84;London Overground|Southern;BUS;code;6585461978;Q2736276;;;BCY;Brockley
TN7054050;gare;Carshalton;Carshalton;Carshalton;7054050;;51.368577;-0.166381;GB;Europe/London;Q84;Southern|Thameslink;BUS;code;5863723750;Q3317733;;;CSH;Carshalton
TN7054060;gare;Carshalton Beeches;Carshalton Beeches;Carshalton Beeches;7054060;;51.357196;-0.169351;GB;Europe/London;Q84;Southern;BUS;code;6774062195;Q2372214;;;CSB;Carshalton Beeches
TN7054080;gare;Coulsdon South;Coulsdon South;Coulsdon South;7054080;;51.315543;-0.137974;GB;Europe/London;Q84;Southern|Thameslink;BUS;code;7159314259;Q2514119;;;CDS;Coulsdon South
TN7054090;gare;Cowden;Cowden;Cowden;7054090;;51.155629;0.109898;GB;Europe/London;Q939838;Southern;;code;5882032163;Q2374789;;;CWN;Cowden
TN7054100;gare;South Croydon;South Croydon;South Croydon;7054100;;51.362917;-0.093356;GB;Europe/London;Q84;Southern|Thameslink;BUS;code;5882282269;Q7566932;;;SCY;South Croydon
TN7054110;gare;West Croydon;West Croydon;West Croydon;7054110;;51.378808;-0.102039;GB;Europe/London;Q84;London Overground|Southern;BUS;code;270091541;Q801592;;;WCY;West Croydon
TN7054120;gare;Dorking Deepdene;Dorking Deepdene;Dorking Deepdene;7054120;;51.238815;-0.32398;GB;Europe/London;Q540333;Great Western Railway;;code;3854035767;Q2343042;;;DPD;Dorking Deepdene
TN7054130;gare;Dormans;Dormans;Dormans;7054130;;51.155867;-0.004227;GB;Europe/London;Q2304321;Southern|Thameslink;BUS;code;5882263331;Q2626558;;;DMS;Dormans
TN7054140;gare;Earlswood (Surrey);Earlswood;Earlswood;7054140;;51.227482;-0.170908;GB;Europe/London;Q1851095;Southern|Thameslink;BUS;code;2526308931;Q772070;;;ELD;Earlswood (Surrey)
TN7054150;gare;Ewell East;Ewell East;Ewell East;7054150;;51.345293;-0.241288;GB;Europe/London;Q963723;Southern;BUS;code;5863723751;Q2618113;;;EWE;Ewell East
TN7054160;gare;Gatwick Airport;Gatwick Airport;Gatwick Airport;7054160;;51.156735;-0.160922;GB;Europe/London;Q844908;Gatwick Express|Great Western Railway|Southern|Thameslink;BUS;code;14606892;Q1495884;;;GTW;Gatwick Airport
TN7054170;gare;Hever;Hever;Hever;7054170;;51.181385;0.09481;GB;Europe/London;Q939838;Southern;;code;5882032162;Q13528783;;;HEV;Hever
TN7054180;gare;Honor Oak Park;Honor Oak Park;Honor Oak Park;7054180;;51.45046;-0.04502;GB;Europe/London;Q84;London Overground|Southern;BUS;code;5871218008;Q5896843;;;HPA;Honor Oak Park
TN7054190;gare;Kenley;Kenley;Kenley;7054190;;51.324776;-0.100844;GB;Europe/London;Q84;Southern;;code;5293817931;Q2393108;;;KLY;Kenley
TN7054200;gare;Battersea Park;Battersea Park;Battersea Park;7054200;;51.47761;-0.147585;GB;Europe/London;Q84;London Overground|Southern;BUS;code;2324453845;Q2241899;;;BAK;Battersea Park
TN7054210;gare;Denmark Hill;Denmark Hill;Denmark Hill;7054210;;51.468043;-0.089603;GB;Europe/London;Q84;London Overground|Southeastern|Thameslink;BUS;code;2438280276;Q1981385;;;DMK;Denmark Hill
TN7054230;gare;Peckham Rye;Peckham Rye;Peckham Rye;7054230;;51.470006;-0.069413;GB;Europe/London;Q84;London Overground|Southeastern|Southern|Thameslink;BUS;code;6991125522;Q2154508;;;PMR;Peckham Rye
TN7054240;gare;Queens Road Peckham;Queens Road Peckham;Queens Road Peckham;7054240;;51.474112;-0.057053;GB;Europe/London;Q84;London Overground|Southern;BUS;code;2446751285;Q1897912;;;QRP;Queens Road Peckham
TN7054250;gare;South Bermondsey;South Bermondsey;South Bermondsey;7054250;;51.487951;-0.054456;GB;Europe/London;Q84;Southern;BUS;code;6476798601;Q2470635;;;SBM;South Bermondsey
TN7054260;gare;London Victoria;London Victoria;London Victoria;7054260;;51.494733;-0.14458;GB;Europe/London;Q179351;Gatwick Express|Southeastern|Southern|Thameslink;BUS;code;3768010552;Q985210;;XKLV;VIC;London Victoria
TN7054270;gare;Mitcham Junction;Mitcham Junction;Mitcham Junction;7054270;;51.392945;-0.157777;GB;Europe/London;Q84;Southern|Thameslink;BUS;code;6207523037;Q3280024;;;MIJ;Mitcham Junction
TN7054280;gare;Norbury;Norbury;Norbury;7054280;;51.41137;-0.121802;GB;Europe/London;Q84;Southern;BUS;code;6774489102;Q1932430;;;NRB;Norbury
TN7054290;gare;North Dulwich;North Dulwich;North Dulwich;7054290;;51.454178;-0.088329;GB;Europe/London;Q84;Southern;BUS;code;21669593;Q2105973;;;NDL;North Dulwich
TN7054300;gare;Purley Oaks;Purley Oaks;Purley Oaks;7054300;;51.347035;-0.098711;GB;Europe/London;Q84;Southern;BUS;code;6774062197;Q2001741;;;PUO;Purley Oaks
TN7054310;gare;Reedham (London);Reedham;Reedham;7054310;;51.331129;-0.123421;GB;Europe/London;Q84;Southern;BUS;code;26087557;Q1972220;;;RHM;Reedham (London)
TN7054320;gare;Riddlesdown;Riddlesdown;Riddlesdown;7054320;;51.332935;-0.099704;GB;Europe/London;Q84;Southern|Thameslink;BUS;code;5882282271;Q5004660;;;RDD;Riddlesdown
TN7054330;gare;Sanderstead;Sanderstead;Sanderstead;7054330;;51.348394;-0.093459;GB;Europe/London;Q84;Southern|Thameslink;BUS;code;5882282270;Q1816144;;;SNR;Sanderstead
TN7054340;gare;Selhurst;Selhurst;Selhurst;7054340;;51.392214;-0.088654;GB;Europe/London;Q84;Southern;BUS;code;6539839675;Q2365023;;;SRS;Selhurst
TN7054350;gare;Streatham Hill;Streatham Hill;Streatham Hill;7054350;;51.438328;-0.127785;GB;Europe/London;Q84;Southern;BUS;code;1583662829;Q1986365;;;SRH;Streatham Hill
TN7054360;gare;Sutton Common;Sutton Common;Sutton Common;7054360;;51.375431;-0.196105;GB;Europe/London;Q84;Thameslink;;code;27021082;Q2482182;;;SUC;Sutton Common
TN7054370;gare;Sydenham;Sydenham;Sydenham;7054370;;51.427742;-0.054221;GB;Europe/London;Q84;London Overground|Southern;BUS;code;5871218006;Q2064910;;;SYD;Sydenham
TN7054380;gare;West Norwood;West Norwood;West Norwood;7054380;;51.431627;-0.103491;GB;Europe/London;Q84;Southern;BUS;code;7860903088;Q2958963;;;WNW;West Norwood
TN7054390;gare;Whyteleafe South;Whyteleafe South;Whyteleafe South;7054390;;51.303751;-0.077231;GB;Europe/London;Q5051911;Southern;BUS;code;5294170209;Q2674703;;;WHS;Whyteleafe South
TN7054400;gare;Woldingham;Woldingham;Woldingham;7054400;;51.289697;-0.051667;GB;Europe/London;Q2679683;Southern|Thameslink;BUS;code;5294290087;Q2043333;;;WOH;Woldingham
TN7054410;gare;Woodmansterne;Woodmansterne;Woodmansterne;7054410;;51.319051;-0.153882;GB;Europe/London;Q84;Southern;BUS;code;26087544;Q2737664;;;WME;Woodmansterne
TN7054480;gare;Eastbourne;Eastbourne;Eastbourne;7054480;;50.769443;0.281197;GB;Europe/London;Q208262;Southern;BUS;code;6745675395;Q800700;;;EBN;Eastbourne
TN7054500;gare;Hampden Park;Hampden Park;Hampden Park;7054500;;50.795925;0.27968;GB;Europe/London;Q208262;Southern;BUS;code;6745675396;Q2163730;;;HMD;Hampden Park
TN7054550;gare;Polegate;Polegate;Polegate;7054550;;50.821128;0.246748;GB;Europe/London;Q1963910;Southern;BUS;code;6745675394;Q1928088;;;PLG;Polegate
TN7054570;gare;Collington;Collington;Collington;7054570;;50.839288;0.457184;GB;Europe/London;Q853012;Southern;BUS;code;6745645280;Q5147285;;;CLL;Collington
TN7054580;gare;Cooden Beach;Cooden Beach;Cooden Beach;7054580;;50.833371;0.426703;GB;Europe/London;Q853012;Southern;BUS;code;6745645281;Q5166835;;;COB;Cooden Beach
TN7054590;gare;Eridge;Eridge;Eridge;7054590;;51.089239;0.200955;GB;Europe/London;Q1547379;Southern;;code;5882031667;Q2564605;;;ERI;Eridge
TN7054600;gare;Normans Bay;Normans Bay;Normans Bay;7054600;;50.82605;0.389576;GB;Europe/London;Q1811605;Southern;BUS;code;6745645282;Q2324161;;;NSB;Normans Bay
TN7054610;gare;Pevensey & Westham;Pevensey and Westham;Pevensey and Westham;7054610;;50.81577;0.325378;GB;Europe/London;Q1610331;Southern;BUS;code;6745645284;Q2280818;;;PEV;Pevensey & Westham
TN7054620;gare;Pevensey Bay;Pevensey Bay;Pevensey Bay;7054620;;50.81767;0.343199;GB;Europe/London;Q734453;Southern;;code;6745645283;Q2721185;;;PEB;Pevensey Bay
TN7054630;gare;Hurst Green;Hurst Green;Hurst Green;7054630;;51.244282;0.004232;GB;Europe/London;Q2189348;Southern|Thameslink;BUS;code;5882031668;Q2798051;;;HUR;Hurst Green
TN7054640;gare;Billingshurst;Billingshurst;Billingshurst;7054640;;51.015133;-0.449506;GB;Europe/London;Q24667609;Southern;BUS;code;3658682890;Q2365559;;;BIG;Billingshurst
TN7054680;gare;Pulborough;Pulborough;Pulborough;7054680;;50.95759;-0.516471;GB;Europe/London;Q177544;Southern;BUS;code;5870536786;Q4759900;;;PUL;Pulborough
TN7054720;gare;Betchworth;Betchworth;Betchworth;7054720;;51.247941;-0.267472;GB;Europe/London;Q635838;Great Western Railway;BUS;code;3749354474;Q2041117;;;BTO;Betchworth
TN7054730;gare;Edenbridge;Edenbridge;Edenbridge;7054730;;51.208366;0.059864;GB;Europe/London;Q947442;Southern;BUS;code;6774062200;Q3117816;;;EBR;Edenbridge
TN7054740;gare;Godstone;Godstone;Godstone;7054740;;51.218185;-0.051436;GB;Europe/London;VGB-south-godstone;Southern;BUS;code;6774062201;Q2744322;;;GDN;Godstone
TN7054750;gare;Merstham;Merstham;Merstham;7054750;;51.264169;-0.150065;GB;Europe/London;Q6820621;Southern|Thameslink;BUS;code;3631670349;Q369575;;;MHM;Merstham
TN7054760;gare;Nutfield;Nutfield;Nutfield;7054760;;51.226744;-0.132264;GB;Europe/London;VGB-south-nutfield;Southern;BUS;code;6774062202;Q2671420;;;NUF;Nutfield
TN7054770;gare;Penshurst;Penshurst;Penshurst;7054770;;51.197273;0.173181;GB;Europe/London;Q939838;Southern;BUS;code;19241063;Q2675582;;;PHR;Penshurst
TN7054782;gare;Redhill;Redhill;Redhill;7054782;;51.240055;-0.165577;GB;Europe/London;Q1851095;Great Western Railway|Southern|Thameslink;BUS;code;3854099069;Q2383756;;;RDH;Redhill
TN7054800;gare;Reigate;Reigate;Reigate;7054800;;51.241881;-0.203837;GB;Europe/London;Q1018418;Great Western Railway|Southern;BUS;code;20596476;Q628747;;;REI;Reigate
TN7054830;gare;Burgess Hill;Burgess Hill;Burgess Hill;7054830;;50.953608;-0.12743;GB;Europe/London;Q1014934;Gatwick Express|Southern|Thameslink;BUS;code;6076965734;Q2690165;;;BUG;Burgess Hill
TN7054840;gare;Crawley;Crawley;Crawley;7054840;;51.112034;-0.186524;GB;Europe/London;Q844908;Southern|Thameslink;BUS;code;5870767825;Q3405380;;;CRW;Crawley
TN7054860;gare;East Grinstead;East Grinstead;East Grinstead;7054860;;51.126403;-0.017858;GB;Europe/London;Q1277887;Southern|Thameslink;BUS;code;5882263332;Q1912304;;;EGR;East Grinstead
TN7054890;gare;Hassocks;Hassocks;Hassocks;7054890;;50.924718;-0.145717;GB;Europe/London;Q1869251;Gatwick Express|Southern|Thameslink;BUS;code;14607028;Q2831648;;;HSK;Hassocks
TN7054900;gare;Haywards Heath;Haywards Heath;Haywards Heath;7054900;;51.004904;-0.105399;GB;Europe/London;Q920646;Gatwick Express|Southern|Thameslink;BUS;code;6745947230;Q5687410;;;HHE;Haywards Heath
TN7054910;gare;Three Bridges;Three Bridges;Three Bridges;7054910;;51.117471;-0.161065;GB;Europe/London;Q844908;Southern|Thameslink;BUS;code;5870767821;Q2699563;;;TBD;Three Bridges
TN7054920;gare;Balcombe;Balcombe;Balcombe;7054920;;51.055596;-0.137032;GB;Europe/London;Q2880645;Southern|Thameslink;BUS;code;5611485211;Q2864622;;;BAB;Balcombe
TN7054930;gare;Faygate;Faygate;Faygate;7054930;;51.095946;-0.263007;GB;Europe/London;Q177544;Southern|Thameslink;;code;14606756;Q2337132;;;FGT;Faygate
TN7054940;gare;Smallbrook Junction;Smallbrook Junction;Smallbrook Junction;7054940;;50.711465;-1.154998;GB;Europe/London;Q776556;Island Line;;code;7144107;Q1868757;;;SAB;Smallbrook Junction
TN7054950;gare;Ifield;Ifield;Ifield;7054950;;51.115538;-0.214465;GB;Europe/London;Q844908;Southern|Thameslink;BUS;code;14606771;Q4933252;;;IFI;Ifield
TN7054980;gare;Littlehaven;Littlehaven;Littlehaven;7054980;;51.079336;-0.308603;GB;Europe/London;Q177544;Southern|Thameslink;BUS;code;14606742;Q2327144;;;LVN;Littlehaven
TN7055000;gare;Bramley (Hants);Bramley;Bramley;7055000;;51.329979;-1.060837;GB;Europe/London;Q1776917;Great Western Railway;BUS;code;7524351936;Q2550329;;;BMY;Bramley (Hants)
TN7055010;gare;Mortimer;Mortimer;Mortimer;7055010;;51.372059;-1.035644;GB;Europe/London;Q2034290;Great Western Railway;BUS;code;7524351935;Q2105261;;;MOR;Mortimer
TN7055020;gare;Dilton Marsh;Dilton Marsh;Dilton Marsh;7055020;;51.24888;-2.207819;GB;Europe/London;Q2248169;Great Western Railway;BUS;code;5232609898;Q2303611;;;DMH;Dilton Marsh
TN7055040;gare;Lake;Lake;Lake;7055040;;50.646183;-1.16647;GB;Europe/London;Q1939072;Island Line;BUS;code;1305249778;Q2126164;;;LKE;Lake
TN7055050;gare;Warminster;Warminster;Warminster;7055050;;51.206972;-2.176902;GB;Europe/London;Q732745;Great Western Railway|South Western Railway;BUS;code;7154293857;Q2383286;;;WMN;Warminster
TN7055090;gare;Fratton;Fratton;Fratton;7055090;;50.796446;-1.073256;GB;Europe/London;Q72259;Great Western Railway|South Western Railway|Southern;BUS;code;17479415;Q2618118;;;FTN;Fratton
TN7055100;gare;Andover;Andover;Andover;7055100;;51.211559;-1.492777;GB;Europe/London;Q492805;South Western Railway;BUS;code;6011146543;Q2003702;;;ADV;Andover
TN7055140;gare;Grateley;Grateley;Grateley;7055140;;51.170196;-1.620444;GB;Europe/London;Q5597671;South Western Railway;BUS;code;45118184;Q13590986;;;GRT;Grateley
TN7055200;gare;Basingstoke;Basingstoke;Basingstoke;7055200;;51.268424;-1.088559;GB;Europe/London;Q810196;CrossCountry|Great Western Railway|South Western Railway;BUS;code;344525373;Q2421375;;;BSK;Basingstoke
TN7055210;gare;Farnborough (Main);Farnborough (Main);Farnborough (Main);7055210;;51.296819;-0.755516;GB;Europe/London;Q547071;South Western Railway;BUS;code;3509618076;Q1941502;;;FNB;Farnborough Main
TN7055220;gare;Fleet;Fleet;Fleet;7055220;;51.290616;-0.831379;GB;Europe/London;Q734696;South Western Railway;BUS;code;5863634786;Q2626406;;;FLE;Fleet
TN7055230;gare;Hook;Hook;Hook;7055230;;51.279879;-0.961416;GB;Europe/London;Q15224991;South Western Railway;BUS;code;5863634184;Q2717068;;;HOK;Hook
TN7055250;gare;Sandown;Sandown;Sandown;7055250;;50.657027;-1.162246;GB;Europe/London;Q516605;Island Line;BUS;code;7140203834;Q2685831;;;SAN;Sandown
TN7055260;gare;Overton;Overton;Overton;7055260;;51.254137;-1.259975;GB;Europe/London;Q2307322;South Western Railway;BUS;code;113419698;Q2197986;;;OVR;Overton
TN7055270;gare;Whitchurch (Hants);Whitchurch;Whitchurch;7055270;;51.237646;-1.338742;GB;Europe/London;Q636627;South Western Railway;BUS;code;1136502525;Q1865326;;;WCH;Whitchurch (Hants)
TN7055280;gare;Winchfield;Winchfield;Winchfield;7055280;;51.284734;-0.907016;GB;Europe/London;Q8023883;South Western Railway;BUS;code;5863634785;Q2206274;;;WNF;Winchfield
TN7055290;gare;Shanklin;Shanklin;Shanklin;7055290;;50.633879;-1.17992;GB;Europe/London;Q588146;Island Line;BUS;code;7140196818;Q2680445;;;SHN;Shanklin
TN7055300;gare;Brading;Brading;Brading;7055300;;50.678305;-1.138603;GB;Europe/London;Q738184;Island Line;BUS;code;7138905;Q2274755;;;BDN;Brading
TN7055320;gare;Havant;Havant;Havant;7055320;;50.854441;-0.981562;GB;Europe/London;Q1234712;South Western Railway|Southern;BUS;code;6010790013;Q2136408;;;HAV;Havant
TN7055370;gare;Portsmouth & Southsea;Portsmouth and Southsea;Portsmouth and Southsea;7055370;;50.798201;-1.090679;GB;Europe/London;Q72259;Great Western Railway|South Western Railway|Southern;BUS;code;6010790017;Q3305372;;;PMS;Portsmouth & Southsea
TN7055380;gare;Bedhampton;Bedhampton;Bedhampton;7055380;;50.853985;-0.996272;GB;Europe/London;Q1234712;South Western Railway|Southern;BUS;code;6010790010;Q1816808;;;BDH;Bedhampton
TN7055390;gare;Hilsea;Hilsea;Hilsea;7055390;;50.82839;-1.058643;GB;Europe/London;Q72259;South Western Railway|Southern;BUS;code;28971477;Q5391111;;;HLS;Hilsea
TN7055400;gare;Portsmouth Harbour;Portsmouth Harbour;Portsmouth Harbour;7055400;;50.796703;-1.108781;GB;Europe/London;Q72259;Great Western Railway|South Western Railway|Southern;BUS|FERRY;code;6010353229;Q2228512;;;PMH;Portsmouth Harbour
TN7055410;gare;Ryde Pier Head;Ryde Pier Head;Ryde Pier Head;7055410;;50.738994;-1.160409;GB;Europe/London;Q776556;Island Line;BUS|FERRY;code;2513777459;Q4679855;;;RYP;Ryde Pier Head
TN7055420;gare;Ryde Esplanade;Ryde Esplanade;Ryde Esplanade;7055420;;50.73305;-1.159602;GB;Europe/London;Q776556;Island Line;BUS;code;2513777384;Q2174613;;;RYD;Ryde Esplanade
TN7055430;gare;Ryde St Johns Road;Ryde St Johns Road;Ryde St Johns Road;7055430;;50.72361;-1.157028;GB;Europe/London;Q776556;Island Line;BUS;gtfs;;;;;RYR;Ryde St Johns Road
TN7055440;gare;Alton;Alton;Alton;7055440;;51.151897;-0.96713;GB;Europe/London;Q443840;South Western Railway;BUS;code;2755047275;Q2694837;;;AON;Alton
TN7055450;gare;Farnham;Farnham;Farnham;7055450;;51.211809;-0.792422;GB;Europe/London;Q643160;South Western Railway;BUS;code;3689292913;Q2178927;;;FNH;Farnham
TN7055470;gare;Ash Vale;Ash Vale;Ash Vale;7055470;;51.272534;-0.721457;GB;Europe/London;Q213465;South Western Railway;BUS;code;5967525975;Q4774283;;;AHV;Ash Vale
TN7055500;gare;Addlestone;Addlestone;Addlestone;7055500;;51.373113;-0.484508;GB;Europe/London;Q353307;South Western Railway;BUS;code;6023274488;Q2064098;;;ASN;Addlestone
TN7055510;gare;Barnes;Barnes;Barnes;7055510;;51.466783;-0.241182;GB;Europe/London;Q84;South Western Railway;BUS;code;3671417635;Q1973974;;;BNS;Barnes
TN7055520;gare;Brentford;Brentford;Brentford;7055520;;51.48765;-0.309681;GB;Europe/London;Q84;South Western Railway;BUS;code;6023272583;Q2804531;;;BFD;Brentford
TN7055530;gare;Chertsey;Chertsey;Chertsey;7055530;;51.387131;-0.509464;GB;Europe/London;Q1070428;South Western Railway;BUS;code;6023274487;Q3538832;;;CHY;Chertsey
TN7055540;gare;Chessington South;Chessington South;Chessington South;7055540;;51.35675;-0.308097;GB;Europe/London;Q84;South Western Railway;BUS;code;3220011612;Q1812549;;;CSS;Chessington South
TN7055550;gare;Clandon;Clandon;Clandon;7055550;;51.264035;-0.502863;GB;Europe/London;Q213465;South Western Railway;BUS;code;5863634796;Q2930928;;;CLA;Clandon
TN7055560;gare;Claygate;Claygate;Claygate;7055560;;51.361058;-0.348411;GB;Europe/London;Q777475;South Western Railway;BUS;code;4832847994;Q1937264;;;CLG;Claygate
TN7055570;gare;Cobham & Stoke d'Abernon;Cobham & Stoke d'Abernon;Cobham & Stoke d'Abernon;7055570;;51.317918;-0.389413;GB;Europe/London;Q7618506;South Western Railway;BUS;code;3846904832;Q5138880;;;CSD;Cobham & Stoke Dabernon
TN7055580;gare;Esher;Esher;Esher;7055580;;51.380053;-0.353204;GB;Europe/London;Q637482;South Western Railway;BUS;code;3673904883;Q1876878;;;ESH;Esher
TN7055590;gare;Feltham;Feltham;Feltham;7055590;;51.447838;-0.410283;GB;Europe/London;Q84;South Western Railway;BUS;code;4816726094;Q969784;;;FEL;Feltham
TN7055600;gare;Hampton;Hampton;Hampton;7055600;;51.415908;-0.372155;GB;Europe/London;Q84;South Western Railway;BUS;code;3393783868;Q2323143;;;HMP;Hampton
TN7055610;gare;Hampton Court;Hampton Court;Hampton Court;7055610;;51.402016;-0.34252;GB;Europe/London;Q954764;South Western Railway;BUS;code;4871686908;Q2313444;;;HMC;Hampton Court
TN7055620;gare;Horsley;Horsley;Horsley;7055620;;51.279515;-0.435297;GB;Europe/London;Q213465;South Western Railway;BUS;code;5863634795;Q2069708;;;HSY;Horsley
TN7055630;gare;Hounslow;Hounslow;Hounslow;7055630;;51.462278;-0.361486;GB;Europe/London;Q84;South Western Railway;BUS;code;6023274486;Q2131128;;;HOU;Hounslow
TN7055650;gare;Kingston;Kingston;Kingston;7055650;;51.412933;-0.30182;GB;Europe/London;Q2321706;South Western Railway;BUS;code;7170486869;Q1916904;;;KNG;Kingston
TN7055670;gare;New Malden;New Malden;New Malden;7055670;;51.403961;-0.255759;GB;Europe/London;Q84;South Western Railway;BUS;code;3632471059;Q1870734;;;NEM;New Malden
TN7055680;gare;Norbiton;Norbiton;Norbiton;7055680;;51.412311;-0.284084;GB;Europe/London;Q84;South Western Railway;BUS;code;6023649380;Q2360178;;;NBT;Norbiton
TN7055690;gare;Raynes Park;Raynes Park;Raynes Park;7055690;;51.408966;-0.23054;GB;Europe/London;Q84;South Western Railway;BUS;code;5863634789;Q2804062;;;RAY;Raynes Park
TN7055700;gare;Richmond;Richmond;Richmond;7055700;;51.463207;-0.300413;GB;Europe/London;Q84;London Overground|London Underground|South Western Railway;BUS;code;6438780655;Q801366;;;RMD;Richmond
TN7055710;gare;Surbiton;Surbiton;Surbiton;7055710;;51.392411;-0.303999;GB;Europe/London;Q84;South Western Railway;BUS;code;35499361;Q2526353;;;SUR;Surbiton
TN7055720;gare;Teddington;Teddington;Teddington;7055720;;51.424466;-0.332573;GB;Europe/London;Q84;South Western Railway;BUS;code;6023649381;Q2130623;;;TED;Teddington
TN7055730;gare;Tolworth;Tolworth;Tolworth;7055730;;51.376875;-0.279442;GB;Europe/London;Q84;South Western Railway;BUS;code;3655209291;Q3921078;;;TOL;Tolworth
TN7055740;gare;Twickenham;Twickenham;Twickenham;7055740;;51.450579;-0.32884;GB;Europe/London;Q84;South Western Railway;BUS;code;6022637124;Q2286388;;;TWI;Twickenham
TN7055750;gare;Walton-on-Thames;Walton-on-Thames;Walton-on-Thames;7055750;;51.372876;-0.414308;GB;Europe/London;Q1292592;South Western Railway;BUS;code;638645;Q2183741;;;WAL;Walton-On-Thames
TN7055760;gare;Wandsworth Town;Wandsworth Town;Wandsworth Town;7055760;;51.460963;-0.188251;GB;Europe/London;Q84;South Western Railway;BUS;code;3627170668;Q2834607;;;WNT;Wandsworth Town
TN7055770;gare;Weybridge;Weybridge;Weybridge;7055770;;51.361438;-0.458084;GB;Europe/London;Q1754096;South Western Railway;BUS;code;3878898983;Q2842764;;;WYB;Weybridge
TN7055780;gare;Wimbledon;Wimbledon;Wimbledon;7055780;;51.422025;-0.205211;GB;Europe/London;Q84;South Western Railway|Thameslink;BUS;code;18089211;Q801616;;;WIM;Wimbledon
TN7055790;gare;Worcester Park;Worcester Park;Worcester Park;7055790;;51.381427;-0.244964;GB;Europe/London;Q84;South Western Railway;BUS;code;5863634790;Q2234958;;;WCP;Worcester Park
TN7055800;gare;Barnes Bridge;Barnes Bridge;Barnes Bridge;7055800;;51.472012;-0.252633;GB;Europe/London;Q84;South Western Railway;BUS;code;6023272580;Q1834855;;;BNI;Barnes Bridge
TN7055810;gare;Berrylands;Berrylands;Berrylands;7055810;;51.399008;-0.280911;GB;Europe/London;Q84;South Western Railway;BUS;code;3632469240;Q2649746;;;BRS;Berrylands
TN7055820;gare;Chessington North;Chessington North;Chessington North;7055820;;51.363982;-0.300732;GB;Europe/London;Q84;South Western Railway;BUS;code;3655209318;Q1934700;;;CSN;Chessington North
TN7055830;gare;Chiswick;Chiswick;Chiswick;7055830;;51.481146;-0.268175;GB;Europe/London;Q84;South Western Railway;BUS;code;6023272581;Q2135035;;;CHK;Chiswick
TN7055840;gare;Earlsfield;Earlsfield;Earlsfield;7055840;;51.442403;-0.187694;GB;Europe/London;Q84;South Western Railway;BUS;code;3749254091;Q742411;;;EAD;Earlsfield
TN7055860;gare;Ewell West;Ewell West;Ewell West;7055860;;51.350111;-0.257131;GB;Europe/London;Q963723;South Western Railway;BUS;code;6658618592;Q676680;;;EWW;Ewell West
TN7055870;gare;Fulwell;Fulwell;Fulwell;7055870;;51.433905;-0.349057;GB;Europe/London;Q84;South Western Railway;BUS;code;3393783822;Q3021339;;;FLW;Fulwell
TN7055880;gare;Gunnersbury;Gunnersbury;Gunnersbury;7055880;;51.491376;-0.275524;GB;Europe/London;Q84;London Overground|London Underground;BUS;code;6438904139;Q800858;;;GUN;Gunnersbury
TN7055890;gare;Hampton Wick;Hampton Wick;Hampton Wick;7055890;;51.414558;-0.31235;GB;Europe/London;Q84;South Western Railway;BUS;code;3683559902;Q969228;;;HMW;Hampton Wick
TN7055900;gare;Hersham;Hersham;Hersham;7055900;;51.376906;-0.38958;GB;Europe/London;Q460735;South Western Railway;BUS;code;5863634788;Q13528629;;;HER;Hersham
TN7055910;gare;Hinchley Wood;Hinchley Wood;Hinchley Wood;7055910;;51.375043;-0.340617;GB;Europe/London;Q777475;South Western Railway;BUS;code;3490928893;Q2065274;;;HYW;Hinchley Wood
TN7055920;gare;Isleworth;Isleworth;Isleworth;7055920;;51.474706;-0.337203;GB;Europe/London;Q84;South Western Railway;BUS;code;6023274485;Q2485750;;;ISL;Isleworth
TN7055930;gare;Kew Bridge;Kew Bridge;Kew Bridge;7055930;;51.489722;-0.28834;GB;Europe/London;Q84;South Western Railway;BUS;code;6023272582;Q2851105;;;KWB;Kew Bridge
TN7055940;gare;Kew Gardens;Kew Gardens;Kew Gardens;7055940;;51.477134;-0.284962;GB;Europe/London;Q84;London Overground|London Underground;BUS;code;6448645467;Q801000;;;KWG;Kew Gardens
TN7055950;gare;Clapham Junction;Clapham Junction;Clapham Junction;7055950;;51.464459;-0.170518;GB;Europe/London;Q84;London Overground|South Western Railway|Southern;BUS;code;5735001231;Q719530;;;CLJ;Clapham Junction
TN7055960;gare;Queenstown Road (Battersea);Queenstown Road;Queenstown Road;7055960;;51.475216;-0.146293;GB;Europe/London;Q84;South Western Railway;BUS;code;3446641270;Q2685594;;;QRB;Queenstown Road (Battersea)
TN7055970;gare;Vauxhall;Vauxhall;Vauxhall;7055970;;51.485848;-0.12275;GB;Europe/London;Q84;South Western Railway;BUS;code;3446663141;Q86666660;;;VXH;Vauxhall
TN7055980;gare;London Waterloo;London Waterloo;London Waterloo;7055980;;51.502838;-0.112801;GB;Europe/London;Q84;South Western Railway;BUS;code;3638795617;Q795691;;XKLW;WAT;London Waterloo
TN7055990;gare;Malden Manor;Malden Manor;Malden Manor;7055990;;51.384725;-0.261245;GB;Europe/London;Q84;South Western Railway;BUS;code;3655209248;Q1907224;;;MAL;Malden Manor
TN7056000;gare;Mortlake;Mortlake;Mortlake;7056000;;51.468064;-0.267371;GB;Europe/London;Q84;South Western Railway;BUS;code;3942249071;Q3401843;;;MTL;Mortlake
TN7056010;gare;North Sheen;North Sheen;North Sheen;7056010;;51.465325;-0.286582;GB;Europe/London;Q84;South Western Railway;BUS;code;3737726469;Q2797378;;;NSH;North Sheen
TN7056020;gare;Oxshott;Oxshott;Oxshott;7056020;;51.3361;-0.362542;GB;Europe/London;Q11801326;South Western Railway;BUS;code;4832838578;Q1924201;;;OXS;Oxshott
TN7056030;gare;Putney;Putney;Putney;7056030;;51.460934;-0.215348;GB;Europe/London;Q84;South Western Railway;BUS;code;7158651920;Q2494925;;;PUT;Putney
TN7056040;gare;St Margarets;St Margarets;St Margarets;7056040;;51.455153;-0.320219;GB;Europe/London;Q84;South Western Railway;BUS;code;4820677220;Q1845639;;;SMG;St Margarets
TN7056050;gare;Shepperton;Shepperton;Shepperton;7056050;;51.396897;-0.446913;GB;Europe/London;Q1234166;South Western Railway;BUS;code;3397249904;Q3246626;;;SHP;Shepperton
TN7056060;gare;Stoneleigh;Stoneleigh;Stoneleigh;7056060;;51.363899;-0.247964;GB;Europe/London;Q963723;South Western Railway;BUS;code;5863634791;Q4596714;;;SNL;Stoneleigh
TN7056070;gare;Strawberry Hill;Strawberry Hill;Strawberry Hill;7056070;;51.439192;-0.339331;GB;Europe/London;Q84;South Western Railway;BUS;code;1591017141;Q2561677;;;STW;Strawberry Hill
TN7056080;gare;Sunbury;Sunbury;Sunbury;7056080;;51.418324;-0.417352;GB;Europe/London;VGB-kempton-park;South Western Railway;BUS;code;3397248562;Q2266833;;;SUU;Sunbury
TN7056090;gare;Syon Lane;Syon Lane;Syon Lane;7056090;;51.48164;-0.325075;GB;Europe/London;Q84;South Western Railway;BUS;code;6023272584;Q3226814;;;SYL;Syon Lane
TN7056100;gare;Thames Ditton;Thames Ditton;Thames Ditton;7056100;;51.389055;-0.339152;GB;Europe/London;Q954764;South Western Railway;BUS;code;26025532;Q2476102;;;THD;Thames Ditton
TN7056110;gare;Whitton;Whitton;Whitton;7056110;;51.449498;-0.357782;GB;Europe/London;Q84;South Western Railway;BUS;code;6022902649;Q3198886;;;WTN;Whitton
TN7056120;gare;Wimbledon Chase;Wimbledon Chase;Wimbledon Chase;7056120;;51.410247;-0.214788;GB;Europe/London;Q84;Thameslink;;code;3735044726;Q2351064;;;WBO;Wimbledon Chase
TN7056130;gare;Upper Halliford;Upper Halliford;Upper Halliford;7056130;;51.413208;-0.430797;GB;Europe/London;Q2194010;South Western Railway;BUS;code;3397248578;Q2164311;;;UPH;Upper Halliford
TN7056230;gare;Aldershot;Aldershot;Aldershot;7056230;;51.246283;-0.759909;GB;Europe/London;Q646980;South Western Railway;BUS;code;5967525974;Q4502625;;;AHT;Aldershot
TN7056240;gare;Bentley;Bentley;Bentley;7056240;;51.181225;-0.868198;GB;Europe/London;Q3457852;South Western Railway;BUS;code;2458373284;Q1883564;;;BTY;Bentley
TN7056250;gare;Blackwater;Blackwater;Blackwater;7056250;;51.331566;-0.776776;GB;Europe/London;Q4923512;Great Western Railway;BUS;code;15721201;Q2760814;;;BAW;Blackwater
TN7056260;gare;Bookham;Bookham;Bookham;7056260;;51.288835;-0.383875;GB;Europe/London;Q2652265;South Western Railway;BUS;code;5861872017;Q2833951;;;BKA;Bookham
TN7056280;gare;Crowthorne;Crowthorne;Crowthorne;7056280;;51.366488;-0.819259;GB;Europe/London;Q1833112;Great Western Railway;BUS;code;1622191469;Q4371483;;;CRN;Crowthorne
TN7056290;gare;Godalming;Godalming;Godalming;7056290;;51.186522;-0.618956;GB;Europe/London;Q909146;South Western Railway;BUS;code;4804045261;Q3053175;;;GOD;Godalming
TN7056310;gare;Guildford;Guildford;Guildford;7056310;;51.2372;-0.581139;GB;Europe/London;Q213465;CrossCountry|Great Western Railway|South Western Railway;BUS;code;5863634798;Q604078;;;GLD;Guildford
TN7056320;gare;London Road (Guildford);London Road (Guildford);London Road (Guildford);7056320;;51.240738;-0.565161;GB;Europe/London;Q213465;South Western Railway;BUS;code;5863634797;Q1831712;;;LRD;London Road (Guildford)
TN7056330;gare;Haslemere;Haslemere;Haslemere;7056330;;51.088776;-0.719487;GB;Europe/London;Q2449644;South Western Railway;BUS;code;6010627221;Q1985461;;;HSL;Haslemere
TN7056340;gare;Liphook;Liphook;Liphook;7056340;;51.071222;-0.800126;GB;Europe/London;Q6556312;South Western Railway;BUS;code;6010627222;Q3368717;;;LIP;Liphook
TN7056350;gare;Liss;Liss;Liss;7056350;;51.043927;-0.892623;GB;Europe/London;Q2681239;South Western Railway;BUS;code;6010627227;Q1884678;;;LIS;Liss
TN7056360;gare;North Camp;North Camp;North Camp;7056360;;51.275395;-0.730733;GB;Europe/London;Q213465;Great Western Railway;BUS;code;7159068185;Q2297819;;;NCM;North Camp
TN7056380;gare;Shalford;Shalford;Shalford;7056380;;51.21436;-0.566879;GB;Europe/London;Q213465;Great Western Railway;BUS;code;3673830139;Q2476216;;;SFR;Shalford
TN7056390;gare;Wanborough;Wanborough;Wanborough;7056390;;51.244622;-0.667608;GB;Europe/London;Q213465;Great Western Railway|South Western Railway;BUS;code;1651566954;Q372011;;;WAN;Wanborough
TN7056400;gare;Witley;Witley;Witley;7056400;;51.133101;-0.645979;GB;Europe/London;Q8036878;South Western Railway;BUS;code;6010627215;Q1882728;;;WTY;Witley
TN7056410;gare;Ash;Ash;Ash;7056410;;51.24973;-0.712915;GB;Europe/London;Q213465;Great Western Railway|South Western Railway;BUS;code;1651566953;Q2102056;;;ASH;Ash
TN7056420;gare;Effingham Junction;Effingham Junction;Effingham Junction;7056420;;51.291297;-0.420062;GB;Europe/London;Q213465;South Western Railway;BUS;code;3727407362;Q2164410;;;EFF;Effingham Junction
TN7056430;gare;Farncombe;Farncombe;Farncombe;7056430;;51.197145;-0.604374;GB;Europe/London;Q909146;South Western Railway;BUS;code;4803308340;Q5435985;;;FNC;Farncombe
TN7056440;gare;Milford (Surrey);Milford;Milford;7056440;;51.163179;-0.636894;GB;Europe/London;VGB-enton-green;South Western Railway;BUS;code;6010627213;Q4708340;;;MLF;Milford (Surrey)
TN7056450;gare;Motspur Park;Motspur Park;Motspur Park;7056450;;51.394875;-0.239608;GB;Europe/London;Q84;South Western Railway;BUS;code;36931223;Q2303311;;;MOT;Motspur Park
TN7056460;gare;Sandhurst;Sandhurst;Sandhurst;7056460;;51.346543;-0.803807;GB;Europe/London;Q995488;Great Western Railway;BUS;code;1622191508;Q2848846;;;SND;Sandhurst
TN7056570;gare;Petersfield;Petersfield;Petersfield;7056570;;51.006524;-0.941721;GB;Europe/London;Q1247815;South Western Railway;BUS;code;6010790006;Q2322998;;;PTR;Petersfield
TN7056580;gare;Rowlands Castle;Rowlands Castle;Rowlands Castle;7056580;;50.89247;-0.957274;GB;Europe/London;Q7372088;South Western Railway;BUS;code;6010790008;Q2213503;;;RLN;Rowlands Castle
TN7056630;gare;Salisbury;Salisbury;Salisbury;7056630;;51.070571;-1.806414;GB;Europe/London;Q160642;Great Western Railway|South Western Railway;BUS;code;6011304341;Q1976733;;;SAL;Salisbury
TN7056660;gare;Ascot;Ascot;Ascot;7056660;;51.406246;-0.676778;GB;Europe/London;Q723329;South Western Railway;BUS;code;7158680303;Q2750890;;;ACT;Ascot
TN7056670;gare;Ashford Surrey;Ashford Surrey;Ashford Surrey;7056670;;51.436047;-0.469229;GB;Europe/London;Q725261;South Western Railway;BUS;gtfs;;;;;AFS;Ashford Surrey
TN7056680;gare;Datchet;Datchet;Datchet;7056680;;51.482897;-0.579386;GB;Europe/London;Q285778;South Western Railway;BUS;code;6022661197;Q2796746;;;DAT;Datchet
TN7056690;gare;Egham;Egham;Egham;7056690;;51.429406;-0.546578;GB;Europe/London;Q746681;South Western Railway;BUS;code;6022637122;Q5347948;;;EGH;Egham
TN7056700;gare;Staines;Staines;Staines;7056700;;51.432328;-0.502909;GB;Europe/London;Q285323;South Western Railway;BUS;code;6022637123;Q2106145;;;SNS;Staines
TN7056710;gare;Sunningdale;Sunningdale;Sunningdale;7056710;;51.392146;-0.633243;GB;Europe/London;Q1780998;South Western Railway;BUS;code;6022636079;Q2537626;;;SNG;Sunningdale
TN7056720;gare;Windsor & Eton Riverside;Windsor & Eton Riverside;Windsor & Eton Riverside;7056720;;51.486309;-0.605804;GB;Europe/London;Q464955;South Western Railway;BUS;gtfs;;;;;WNR;Windsor & Eton Riverside
TN7056730;gare;Wraysbury;Wraysbury;Wraysbury;7056730;;51.457928;-0.541994;GB;Europe/London;Q13129212;South Western Railway;BUS;code;6022661199;Q2308555;;;WRY;Wraysbury
TN7056740;gare;Longcross;Longcross;Longcross;7056740;;51.385277;-0.595084;GB;Europe/London;Q1986679;South Western Railway;BUS;code;3711871943;Q1925371;;;LNG;Longcross
TN7056750;gare;Sunnymeads;Sunnymeads;Sunnymeads;7056750;;51.469949;-0.558857;GB;Europe/London;Q20599218;South Western Railway;BUS;code;6022661198;Q2406647;;;SNY;Sunnymeads
TN7056760;gare;Virginia Water;Virginia Water;Virginia Water;7056760;;51.401523;-0.562083;GB;Europe/London;Q1911414;South Western Railway;BUS;code;1785378837;Q976686;;;VIR;Virginia Water
TN7056780;gare;Kempton Park;Kempton Park;Kempton Park;7056780;;51.421004;-0.409487;GB;Europe/London;VGB-kempton-park;South Western Railway;BUS;code;3397248556;Q2297981;;;KMP;Kempton Park
TN7056810;gare;Bagshot;Bagshot;Bagshot;7056810;;51.364334;-0.688504;GB;Europe/London;Q4842133;South Western Railway;BUS;code;5967525977;Q2480873;;;BAG;Bagshot
TN7056820;gare;Camberley;Camberley;Camberley;7056820;;51.336336;-0.743886;GB;Europe/London;Q741400;South Western Railway;BUS;code;5967525976;Q5025046;;;CAM;Camberley
TN7056830;gare;Frimley;Frimley;Frimley;7056830;;51.311784;-0.747085;GB;Europe/London;Q1424548;South Western Railway;BUS;code;7158641470;Q2593341;;;FML;Frimley
TN7056840;gare;West Byfleet;West Byfleet;West Byfleet;7056840;;51.339619;-0.505218;GB;Europe/London;Q646225;South Western Railway;BUS;code;3752486428;Q13528644;;;WBY;West Byfleet
TN7056850;gare;Woking (Main);Woking;Woking;7056850;;51.318449;-0.557308;GB;Europe/London;Q646225;South Western Railway;BUS;code;3752485552;Q2119774;;;WOK;Woking (Main)
TN7056860;gare;Worplesdon;Worplesdon;Worplesdon;7056860;;51.287885;-0.582421;GB;Europe/London;Q646225;South Western Railway;BUS;code;6010659384;Q2232031;;;WPL;Worplesdon
TN7056870;gare;Brookwood;Brookwood;Brookwood;7056870;;51.303582;-0.635992;GB;Europe/London;Q646225;South Western Railway;BUS;code;5863634787;Q2184630;;;BKO;Brookwood
TN7056880;gare;Farnborough North;Farnborough North;Farnborough North;7056880;;51.302404;-0.743047;GB;Europe/London;Q547071;Great Western Railway;BUS;code;1682237600;Q2498080;;;FNN;Farnborough North
TN7056890;gare;Byfleet & New Haw;Byfleet and New Haw;Byfleet and New Haw;7056890;;51.349681;-0.48122;GB;Europe/London;Q9324032;South Western Railway;BUS;code;3872579384;Q2718174;;;BFN;Byfleet & New Haw
TN7056920;gare;Martins Heron;Martins Heron;Martins Heron;7056920;;51.407654;-0.725417;GB;Europe/London;Q13583536;South Western Railway;BUS;code;628886227;Q2744100;;;MAO;Martins Heron
TN7056930;gare;Bracknell;Bracknell;Bracknell;7056930;;51.413005;-0.752257;GB;Europe/London;Q783210;South Western Railway;BUS;code;3711689765;Q1970873;;;BCE;Bracknell
TN7056940;gare;Earley;Earley;Earley;7056940;;51.44103;-0.917711;GB;Europe/London;Q161491;South Western Railway;BUS;code;7153786342;Q2345955;;;EAR;Earley
TN7056960;gare;Wokingham;Wokingham;Wokingham;7056960;;51.411904;-0.842981;GB;Europe/London;Q1000679;Great Western Railway|South Western Railway;BUS;code;15721189;Q2588372;;;WKM;Wokingham
TN7056970;gare;Winnersh;Winnersh;Winnersh;7056970;;51.430753;-0.87792;GB;Europe/London;Q12069146;Great Western Railway|South Western Railway;BUS;code;6022636082;Q3543567;;;WNS;Winnersh
TN7056980;gare;Winnersh Triangle;Winnersh Triangle;Winnersh Triangle;7056980;;51.436767;-0.89183;GB;Europe/London;Q12069146;South Western Railway;BUS;code;6022636081;Q2506711;;;WTI;Winnersh Triangle
TN7057020;gare;Bruton;Bruton;Bruton;7057020;;51.111689;-2.447152;GB;Europe/London;Q741415;Great Western Railway|South Western Railway;BUS;code;35675687;Q585326;;;BRU;Bruton
TN7057030;gare;Castle Cary;Castle Cary;Castle Cary;7057030;;51.099857;-2.522423;GB;Europe/London;Q1235842;Great Western Railway|South Western Railway;BUS;code;35675906;Q922144;;;CLC;Castle Cary
TN7057070;gare;Frome;Frome;Frome;7057070;;51.227233;-2.310029;GB;Europe/London;Q1242441;Great Western Railway|South Western Railway;BUS;code;6605809089;Q1982991;;;FRO;Frome
TN7057120;gare;Westbury;Westbury;Westbury;7057120;;51.266328;-2.19973;GB;Europe/London;Q1234797;Great Western Railway|South Western Railway;BUS;code;6606028831;Q1980683;;;WSB;Westbury
TN7057140;gare;Axminster;Axminster;Axminster;7057140;;50.779007;-3.004945;GB;Europe/London;Q792596;Great Western Railway|South Western Railway;BUS;code;6013523216;Q3431382;;;AXM;Axminster
TN7057170;gare;Honiton;Honiton;Honiton;7057170;;50.796729;-3.186923;GB;Europe/London;Q647123;Great Western Railway|South Western Railway;BUS;code;6013523215;Q924899;;;HON;Honiton
TN7057250;gare;Barnstaple;Barnstaple;Barnstaple;7057250;;51.073609;-4.063024;GB;Europe/London;Q808532;Great Western Railway;BUS;code;6900362324;Q800448;;;BNP;Barnstaple
TN7057510;gare;St James' Park;St James' Park;St James' Park;7057510;;50.730967;-3.522572;GB;Europe/London;Q134672;Great Western Railway;BUS;code;35306418;Q1102571;;;SJP;St James’ Park
TN7057530;gare;Digby & Sowton;Digby and Sowton;Digby and Sowton;7057530;;50.714181;-3.473603;GB;Europe/London;Q127095;Great Western Railway;BUS;code;317735181;Q735385;;;DIG;Digby & Sowton
TN7057540;gare;Crediton;Crediton;Crediton;7057540;;50.783319;-3.646742;GB;Europe/London;Q1139440;Great Western Railway;BUS;code;32034643;Q5183802;;;CDI;Crediton
TN7057550;gare;Exeter Central;Exeter Central;Exeter Central;7057550;;50.72691;-3.532283;GB;Europe/London;Q134672;Great Western Railway|South Western Railway;BUS;code;6013523210;Q3189858;;;EXC;Exeter Central
TN7057560;gare;Exmouth;Exmouth;Exmouth;7057560;;50.621588;-3.414972;GB;Europe/London;Q1007093;Great Western Railway;BUS;code;21278292;Q2681544;;;EXM;Exmouth
TN7057570;gare;Pinhoe;Pinhoe;Pinhoe;7057570;;50.737788;-3.47008;GB;Europe/London;Q134672;Great Western Railway|South Western Railway;BUS;code;6013523211;Q7195885;;;PIN;Pinhoe
TN7057580;gare;Topsham;Topsham;Topsham;7057580;;50.685645;-3.463788;GB;Europe/London;Q127095;Great Western Railway;BUS;code;21278140;Q1990205;;;TOP;Topsham
TN7057590;gare;Whimple;Whimple;Whimple;7057590;;50.767928;-3.354279;GB;Europe/London;Q2458749;South Western Railway;BUS;code;6013523213;Q666548;;;WHM;Whimple
TN7057600;gare;Exton;Exton;Exton;7057600;;50.668032;-3.444069;GB;Europe/London;Q1612911;Great Western Railway;BUS;code;21278163;Q4553827;;;EXN;Exton
TN7057610;gare;Lympstone Village;Lympstone Village;Lympstone Village;7057610;;50.64842;-3.431097;GB;Europe/London;Q2986492;Great Western Railway;BUS;code;36720743;Q3090642;;;LYM;Lympstone Village
TN7057620;gare;Lympstone Commando;Lympstone Commando;Lympstone Commando;7057620;;50.662594;-3.44098;GB;Europe/London;Q1612911;Great Western Railway;BUS;code;21278169;Q1977209;;;LYC;Lympstone Commando
TN7057860;gare;Okehampton;Okehampton;Okehampton;7057860;;50.732333;-3.996422;GB;Europe/London;Q1234883;Great Western Railway;BUS;code;32037892;Q7081920;;;OKE;Okehampton
TN7057960;gare;Gillingham (Dorset);Gillingham;Gillingham;7057960;;51.034088;-2.272076;GB;Europe/London;Q610238;South Western Railway;BUS;code;6011304342;Q2731470;;;GIL;Gillingham (Dorset)
TN7057980;gare;Tisbury;Tisbury;Tisbury;7057980;;51.061005;-2.078788;GB;Europe/London;Q1223152;South Western Railway;BUS;code;6011146538;Q1878187;;;TIS;Tisbury
TN7058080;gare;Feniton;Feniton;Feniton;7058080;;50.78662;-3.285461;GB;Europe/London;Q2747261;Great Western Railway|South Western Railway;BUS;code;6013523214;Q2596435;;;FNT;Feniton
TN7058200;gare;Chapleton;Chapleton;Chapleton;7058200;;51.01577;-4.024398;GB;Europe/London;Q2487574;Great Western Railway;;gtfs;;;;;CPN;Chapleton
TN7058210;gare;Copplestone;Copplestone;Copplestone;7058210;;50.814267;-3.751298;GB;Europe/London;Q3542966;Great Western Railway;BUS;code;32035306;Q3045063;;;COP;Copplestone
TN7058220;gare;Eggesford;Eggesford;Eggesford;7058220;;50.88769;-3.875109;GB;Europe/London;Q14518217;Great Western Railway;BUS;code;32036272;Q2626978;;;EGG;Eggesford
TN7058230;gare;Kings Nympton;Kings Nympton;Kings Nympton;7058230;;50.936302;-3.905467;GB;Europe/London;Q1218627;Great Western Railway;BUS;code;32037230;Q1890866;;;KGN;Kings Nympton
TN7058240;gare;Lapford;Lapford;Lapford;7058240;;50.857075;-3.810746;GB;Europe/London;Q2450973;Great Western Railway;BUS;code;32036051;Q2708582;;;LAP;Lapford
TN7058250;gare;Morchard Road;Morchard Road;Morchard Road;7058250;;50.831689;-3.776141;GB;Europe/London;Q2632344;Great Western Railway;BUS;code;32035643;Q2019504;;;MRD;Morchard Road
TN7058260;gare;Umberleigh;Umberleigh;Umberleigh;7058260;;50.996551;-3.98279;GB;Europe/London;Q7881251;Great Western Railway;BUS;code;32037566;Q2207387;;;UMB;Umberleigh
TN7058270;gare;Yeoford;Yeoford;Yeoford;7058270;;50.776782;-3.726692;GB;Europe/London;Q2600109;Great Western Railway;BUS;code;32034769;Q2754205;;;YEO;Yeoford
TN7058280;gare;Newton St Cyres;Newton St Cyres;Newton St Cyres;7058280;;50.778768;-3.588823;GB;Europe/London;Q3023805;Great Western Railway;BUS;code;32034517;Q7020367;;;NTC;Newton St Cyres
TN7058290;gare;Portsmouth Arms;Portsmouth Arms;Portsmouth Arms;7058290;;50.956979;-3.95128;GB;Europe/London;Q2656344;Great Western Railway;;code;1961614771;Q2659294;;;PMA;Portsmouth Arms
TN7058320;gare;Crewkerne;Crewkerne;Crewkerne;7058320;;50.873613;-2.77849;GB;Europe/London;Q2096670;South Western Railway;BUS;code;6013523224;Q2260029;;;CKN;Crewkerne
TN7058350;gare;Sherborne;Sherborne;Sherborne;7058350;;50.943979;-2.51297;GB;Europe/London;Q586895;South Western Railway;BUS;code;6013523221;Q2407888;;;SHE;Sherborne
TN7058360;gare;Chandlers Ford;Chandlers Ford;Chandlers Ford;7058360;;50.983;-1.3845;GB;Europe/London;Q3190049;Great Western Railway|South Western Railway;BUS;gtfs;;;;;CFR;Chandlers Ford
TN7058370;gare;Templecombe;Templecombe;Templecombe;7058370;;51.001594;-2.417285;GB;Europe/London;VGB-abbas-combe;South Western Railway;BUS;code;6011304340;Q1901020;;;TMC;Templecombe
TN7058380;gare;Yeovil Junction;Yeovil Junction;Yeovil Junction;7058380;;50.924814;-2.612245;GB;Europe/London;VGB-stoford;South Western Railway;BUS;code;6013523222;Q801650;;;YVJ;Yeovil Junction
TN7058400;gare;Chetnole;Chetnole;Chetnole;7058400;;50.866344;-2.572962;GB;Europe/London;Q2867311;Great Western Railway;BUS;code;42254444;Q2793642;;;CNO;Chetnole
TN7058490;gare;Thornford;Thornford;Thornford;7058490;;50.910678;-2.57914;GB;Europe/London;Q1770455;Great Western Railway;BUS;code;42254516;Q2365529;;;THO;Thornford
TN7058530;gare;Maiden Newton;Maiden Newton;Maiden Newton;7058530;;50.780225;-2.569663;GB;Europe/London;Q739250;Great Western Railway;BUS;code;41954850;Q2466692;;;MDN;Maiden Newton
TN7058560;gare;Yeovil Pen Mill;Yeovil Pen Mill;Yeovil Pen Mill;7058560;;50.944687;-2.61304;GB;Europe/London;Q550110;Great Western Railway|South Western Railway;BUS;code;42267217;Q2213897;;;YVP;Yeovil Pen Mill
TN7058570;gare;Yetminster;Yetminster;Yetminster;7058570;;50.895702;-2.573802;GB;Europe/London;Q1213862;Great Western Railway;BUS;code;42254487;Q1870455;;;YET;Yetminster
TN7058750;gare;Branksome;Branksome;Branksome;7058750;;50.727033;-1.919372;GB;Europe/London;Q170478;South Western Railway;BUS;code;19404891;Q4957509;;;BSM;Branksome
TN7058760;gare;Bournemouth;Bournemouth;Bournemouth;7058760;;50.727209;-1.864194;GB;Europe/London;Q170478;CrossCountry|South Western Railway;BUS;code;6634567434;Q4950306;;;BMH;Bournemouth
TN7058790;gare;Christchurch;Christchurch;Christchurch;7058790;;50.738371;-1.784731;GB;Europe/London;Q925424;South Western Railway;BUS;code;45131803;Q5109112;;;CHR;Christchurch
TN7058800;gare;Hinton Admiral;Hinton Admiral;Hinton Admiral;7058800;;50.752603;-1.713626;GB;Europe/London;Q18161573;South Western Railway;BUS;code;16998611;Q1968589;;;HNA;Hinton Admiral
TN7058810;gare;New Milton;New Milton;New Milton;7058810;;50.755762;-1.65767;GB;Europe/London;Q1235919;South Western Railway;BUS;code;271372;Q1913828;;;NWM;New Milton
TN7058820;gare;Parkstone (Dorset);Parkstone;Parkstone;7058820;;50.722961;-1.947848;GB;Europe/London;Q203349;South Western Railway;BUS;code;19404890;Q7138723;;;PKS;Parkstone (Dorset)
TN7058830;gare;Poole;Poole;Poole;7058830;;50.719321;-1.98364;GB;Europe/London;Q203349;South Western Railway;BUS;code;19425303;Q7228632;;;POO;Poole
TN7058840;gare;Sway;Sway;Sway;7058840;;50.784713;-1.60995;GB;Europe/London;Q7654068;South Western Railway;BUS;code;271323;Q2441290;;;SWY;Sway
TN7058850;gare;Pokesdown;Pokesdown;Pokesdown;7058850;;50.731187;-1.826733;GB;Europe/London;Q170478;South Western Railway;BUS;code;19404192;Q12066077;;;POK;Pokesdown
TN7058860;gare;Brockenhurst;Brockenhurst;Brockenhurst;7058860;;50.816746;-1.573409;GB;Europe/London;Q1612283;CrossCountry|South Western Railway;BUS;code;6076836207;Q3057561;;;BCU;Brockenhurst
TN7058870;gare;Lymington Town;Lymington Town;Lymington Town;7058870;;50.761085;-1.537086;GB;Europe/London;Q1018133;South Western Railway;BUS;code;1658898736;Q1898375;;;LYT;Lymington Town
TN7058900;gare;Beaulieu Road;Beaulieu Road;Beaulieu Road;7058900;;50.855048;-1.504971;GB;Europe/London;Q18161573;South Western Railway;;code;271281;Q3095938;;;BEU;Beaulieu Road
TN7058920;gare;Lymington Pier;Lymington Pier;Lymington Pier;7058920;;50.757692;-1.529323;GB;Europe/London;VGB-walhampton;South Western Railway;BUS|FERRY;code;1658898735;Q2165461;;;LYP;Lymington Pier
TN7058930;gare;Hedge End;Hedge End;Hedge End;7058930;;50.932399;-1.294493;GB;Europe/London;Q2972103;Great Western Railway|South Western Railway;BUS;code;2430249;Q2686491;;;HDE;Hedge End
TN7058940;gare;Botley;Botley;Botley;7058940;;50.916361;-1.259053;GB;Europe/London;Q731069;Great Western Railway|South Western Railway;BUS;code;9509195;Q2041220;;;BOE;Botley
TN7058960;gare;Cosham;Cosham;Cosham;7058960;;50.841885;-1.067387;GB;Europe/London;Q72259;Great Western Railway|South Western Railway|Southern;BUS;code;13973356;Q5172759;;;CSA;Cosham
TN7058990;gare;Eastleigh;Eastleigh;Eastleigh;7058990;;50.968792;-1.349961;GB;Europe/London;Q731069;CrossCountry|Great Western Railway|South Western Railway|Southern;BUS;code;252714273;Q2285305;;;ESL;Eastleigh
TN7059000;gare;Fareham;Fareham;Fareham;7059000;;50.853406;-1.192343;GB;Europe/London;Q1017943;Great Western Railway|South Western Railway|Southern;BUS;code;6076815417;Q3126481;;;FRM;Fareham
TN7059060;gare;Ashurst New Forest;Ashurst New Forest;Ashurst New Forest;7059060;;50.889846;-1.526457;GB;Europe/London;Q79848;South Western Railway;BUS;code;1241413252;Q2909800;;;ANF;Ashurst New Forest
TN7059080;gare;Micheldever;Micheldever;Micheldever;7059080;;51.182511;-1.260385;GB;Europe/London;Q172157;South Western Railway;BUS;code;113409558;Q633826;;;MIC;Micheldever
TN7059090;gare;Millbrook (Hants);Millbrook;Millbrook;7059090;;50.911428;-1.433698;GB;Europe/London;Q79848;South Western Railway;BUS;code;6076829682;Q21286760;;;MBK;Millbrook (Hants)
TN7059110;gare;Netley;Netley;Netley;7059110;;50.875002;-1.341791;GB;Europe/London;Q731069;South Western Railway|Southern;BUS;code;15837641;Q2555327;;;NTL;Netley
TN7059120;gare;Redbridge;Redbridge;Redbridge;7059120;;50.919537;-1.469603;GB;Europe/London;Q79848;South Western Railway;BUS;code;7170492253;Q7305512;;;RDB;Redbridge
TN7059140;gare;St Denys;St Denys;St Denys;7059140;;50.92227;-1.387859;GB;Europe/London;Q79848;South Western Railway|Southern;BUS;code;6076822597;Q3372457;;;SDN;St Denys
TN7059200;gare;Swanwick;Swanwick;Swanwick;7059200;;50.875723;-1.26578;GB;Europe/London;Q79848;South Western Railway|Southern;BUS;code;21310084;Q2765966;;;SNW;Swanwick
TN7059210;gare;Totton;Totton;Totton;7059210;;50.917666;-1.483069;GB;Europe/London;Q1233089;South Western Railway;BUS;code;21379085;Q2008136;;;TTN;Totton
TN7059220;gare;Southampton Airport Parkway;Southampton Airport Parkway;Southampton Airport Parkway;7059220;;50.9507;-1.362947;GB;Europe/London;Q731069;CrossCountry|Great Western Railway|South Western Railway|Southern;BUS;code;6634567431;Q4047567;;;SOA;Southampton Airport Parkway
TN7059240;gare;Winchester;Winchester;Winchester;7059240;;51.067254;-1.320009;GB;Europe/London;Q172157;CrossCountry|South Western Railway;BUS;code;6634567429;Q2698494;;;WIN;Winchester
TN7059250;gare;Woolston;Woolston;Woolston;7059250;;50.899042;-1.376647;GB;Europe/London;Q79848;South Western Railway|Southern;BUS;code;7172235187;Q2632304;;;WLS;Woolston
TN7059270;gare;Bursledon;Bursledon;Bursledon;7059270;;50.883573;-1.305111;GB;Europe/London;Q731069;South Western Railway;BUS;code;596457;Q2219439;;;BUO;Bursledon
TN7059280;gare;Portchester;Portchester;Portchester;7059280;;50.84885;-1.125024;GB;Europe/London;Q1017943;Great Western Railway|South Western Railway|Southern;BUS;code;11014513;Q1951021;;;PTC;Portchester
TN7059290;gare;Shawford;Shawford;Shawford;7059290;;51.022162;-1.327722;GB;Europe/London;Q172157;South Western Railway;BUS;code;21280748;Q3295440;;;SHW;Shawford
TN7059320;gare;Southampton Central;Southampton Central;Southampton Central;7059320;;50.907498;-1.414229;GB;Europe/London;Q79848;CrossCountry|Great Western Railway|South Western Railway|Southern;BUS;code;638908005;Q2396008;;;SOU;Southampton Central
TN7059330;gare;Swaythling;Swaythling;Swaythling;7059330;;50.941124;-1.376467;GB;Europe/London;Q79848;South Western Railway;BUS;code;7172241114;Q12070392;;;SWG;Swaythling
TN7059400;gare;Hamworthy;Hamworthy;Hamworthy;7059400;;50.725369;-2.019051;GB;Europe/London;Q203349;South Western Railway;BUS;code;2295234839;Q5646482;;;HAM;Hamworthy
TN7059410;gare;Holton Heath;Holton Heath;Holton Heath;7059410;;50.711568;-2.07762;GB;Europe/London;Q5884719;South Western Railway;;code;19427958;Q2271679;;;HOL;Holton Heath
TN7059420;gare;Dean;Dean;Dean;7059420;;51.042368;-1.633916;GB;Europe/London;Q7986723;South Western Railway;BUS;code;8089621;Q671580;;;DEN;Dean
TN7059430;gare;Romsey;Romsey;Romsey;7059430;;50.992704;-1.493251;GB;Europe/London;Q1234718;Great Western Railway|South Western Railway;BUS;code;686399;Q1872195;;;ROM;Romsey
TN7059440;gare;Mottisfont & Dunbridge;Mottisfont & Dunbridge;Mottisfont & Dunbridge;7059440;;51.033815;-1.546678;GB;Europe/London;Q1242661;South Western Railway;BUS;code;696725;Q6918669;;;DBG;Mottisfont & Dunbridge
TN7059450;gare;Bitterne;Bitterne;Bitterne;7059450;;50.918149;-1.376939;GB;Europe/London;Q79848;South Western Railway;BUS;code;7172241115;Q4919061;;;BTE;Bitterne
TN7059470;gare;Hamble;Hamble;Hamble;7059470;;50.871242;-1.328994;GB;Europe/London;Q731069;South Western Railway;BUS;code;9838822;Q927502;;;HME;Hamble
TN7059521;port;Yarmouth (Isle of Wight);Yarmouth (Isle of Wight);Yarmouth (Isle of Wight);7059521;;50.70765;-1.50002;GB;Europe/London;Q237253;;FERRY;gtfs;;;;;YMH;Yarmouth (Isle of Wight)
TN7059570;gare;Moreton (Dorset);Moreton;Moreton;7059570;;50.701184;-2.31414;GB;Europe/London;Q1924190;South Western Railway;BUS;code;23041058;Q2165170;;;MTN;Moreton (Dorset)
TN7059590;gare;Wareham;Wareham;Wareham;7059590;;50.692878;-2.115328;GB;Europe/London;Q387419;South Western Railway;BUS;code;75347421;Q2754705;;;WRM;Wareham
TN7059600;gare;Wool;Wool;Wool;7059600;;50.681661;-2.221312;GB;Europe/London;Q1218503;South Western Railway;BUS;code;23041138;Q2547367;;;WOO;Wool
TN7059612;gare;Dorchester South;Dorchester South;Dorchester South;7059612;;50.709137;-2.43745;GB;Europe/London;Q503331;South Western Railway;BUS;code;7170562214;Q5297623;;;DCH;Dorchester South
TN7059620;gare;Dorchester West;Dorchester West;Dorchester West;7059620;;50.710932;-2.442648;GB;Europe/London;Q503331;Great Western Railway;BUS;code;7170519757;Q5297625;;;DCW;Dorchester West
TN7059650;gare;Weymouth;Weymouth;Weymouth;7059650;;50.615927;-2.45491;GB;Europe/London;Q661619;Great Western Railway|South Western Railway;BUS;code;3018682209;Q2573733;;;WEY;Weymouth
TN7059670;gare;Upwey;Upwey;Upwey;7059670;;50.648449;-2.466082;GB;Europe/London;Q661619;Great Western Railway|South Western Railway;BUS;code;41818597;Q2522736;;;UPW;Upwey
TN7060000;gare;Drayton Park;Drayton Park;Drayton Park;7060000;;51.553106;-0.10577;GB;Europe/London;Q84;Great Northern;;code;6419682398;Q682110;;;DYP;Drayton Park
TN7060030;gare;Old Street;Old Street;Old Street;7060030;;51.525628;-0.087609;GB;Europe/London;Q84;Great Northern;;code;70804547;Q801299;;;OLD;Old Street
TN7060040;gare;Essex Road;Essex Road;Essex Road;7060040;;51.540733;-0.096186;GB;Europe/London;Q84;Great Northern;;code;7158669749;Q682124;;;EXR;Essex Road
TN7060050;gare;Moorgate;Moorgate;Moorgate;7060050;;51.518252;-0.089062;GB;Europe/London;Q23311;Great Northern;;code;5702714876;Q801210;;;MOG;Moorgate
TN7060060;gare;Bayford;Bayford;Bayford;7060060;;51.757901;-0.095727;GB;Europe/London;Q4874515;Great Northern;BUS;code;6291570883;Q2733560;;;BAY;Bayford
TN7060070;gare;Crews Hill;Crews Hill;Crews Hill;7060070;;51.684755;-0.107221;GB;Europe/London;Q84;Great Northern;BUS;code;6291571385;Q2514883;;;CWH;Crews Hill
TN7060080;gare;Cuffley;Cuffley;Cuffley;7060080;;51.709146;-0.109798;GB;Europe/London;Q1968915;Great Northern;BUS;code;6291570884;Q2033388;;;CUF;Cuffley
TN7060090;gare;Highbury & Islington;Highbury & Islington;Highbury & Islington;7060090;;51.546368;-0.103654;GB;Europe/London;Q84;Great Northern|London Overground;BUS;code;6414163635;Q800922;;;HHY;Highbury & Islington
TN7060100;gare;Enfield Chase;Enfield Chase;Enfield Chase;7060100;;51.652638;-0.090864;GB;Europe/London;Q84;Great Northern;BUS;code;6736447751;Q3056996;;;ENC;Enfield Chase
TN7060120;gare;Harringay;Harringay;Harringay;7060120;;51.577558;-0.10527;GB;Europe/London;Q84;Great Northern;;code;1261934034;Q2241512;;;HGY;Harringay
TN7060150;gare;Hornsey;Hornsey;Hornsey;7060150;;51.586321;-0.111683;GB;Europe/London;Q84;Great Northern;;code;6291571390;Q600848;;;HRN;Hornsey
TN7060180;gare;New Barnet;New Barnet;New Barnet;7060180;;51.648278;-0.172624;GB;Europe/London;Q84;Great Northern|Thameslink;BUS;code;7851898378;Q1217434;;;NBA;New Barnet
TN7060190;gare;New Southgate;New Southgate;New Southgate;7060190;;51.613804;-0.142809;GB;Europe/London;Q84;Great Northern|Thameslink;BUS;code;7851898376;Q2526904;;;NSG;New Southgate
TN7060200;gare;Oakleigh Park;Oakleigh Park;Oakleigh Park;7060200;;51.637667;-0.166225;GB;Europe/London;Q84;Great Northern|Thameslink;BUS;code;7851898377;Q1222897;;;OKL;Oakleigh Park
TN7060210;gare;Palmers Green;Palmers Green;Palmers Green;7060210;;51.618661;-0.110169;GB;Europe/London;Q84;Great Northern;BUS;code;6291571389;Q7128305;;;PAL;Palmers Green
TN7060220;gare;Potters Bar;Potters Bar;Potters Bar;7060220;;51.697554;-0.193118;GB;Europe/London;Q19775;Great Northern|Thameslink;BUS;code;7140227886;Q19960;;;PBR;Potters Bar
TN7060240;gare;Winchmore Hill;Winchmore Hill;Winchmore Hill;7060240;;51.634067;-0.100941;GB;Europe/London;Q84;Great Northern;BUS;code;7147315248;Q1923168;;;WIH;Winchmore Hill
TN7060250;gare;Alexandra Palace;Alexandra Palace;Alexandra Palace;7060250;;51.598202;-0.120663;GB;Europe/London;Q84;Great Northern|Thameslink;BUS;code;7851898375;Q2300483;;;AAP;Alexandra Palace
TN7060270;gare;Bowes Park;Bowes Park;Bowes Park;7060270;;51.607186;-0.120485;GB;Europe/London;Q84;Great Northern;BUS;code;6291571394;Q2600064;;;BOP;Bowes Park
TN7060280;gare;Gordon Hill;Gordon Hill;Gordon Hill;7060280;;51.662951;-0.09422;GB;Europe/London;Q84;Great Northern;BUS;code;6291571386;Q1871311;;;GDH;Gordon Hill
TN7060290;gare;Grange Park;Grange Park;Grange Park;7060290;;51.643329;-0.096939;GB;Europe/London;Q84;Great Northern;BUS;code;6291571388;Q3125716;;;GPK;Grange Park
TN7060700;gare;Hatfield;Hatfield;Hatfield;7060700;;51.765155;-0.2158;GB;Europe/London;Q19788;Great Northern|Thameslink;BUS;code;1641343847;Q19956;;;HAT;Hatfield
TN7060730;gare;Welham Green;Welham Green;Welham Green;7060730;;51.736419;-0.210545;GB;Europe/London;Q642500;Great Northern;BUS;code;5520232756;Q2509071;;;WMG;Welham Green
TN7060740;gare;Brookmans Park;Brookmans Park;Brookmans Park;7060740;;51.721157;-0.204836;GB;Europe/London;Q9180055;Great Northern;BUS;code;3956496247;Q2510114;;;BPK;Brookmans Park
TN7060750;gare;Hadley Wood;Hadley Wood;Hadley Wood;7060750;;51.668629;-0.176138;GB;Europe/London;Q84;Great Northern|Thameslink;BUS;code;5520180858;Q5637997;;;HDW;Hadley Wood
TN7060830;gare;Ashwell & Morden;Ashwell & Morden;Ashwell & Morden;7060830;;52.030626;-0.109921;GB;Europe/London;Q1926477;Great Northern|Thameslink;BUS;code;7198867544;Q2361700;;;AWM;Ashwell & Morden
TN7060840;gare;Baldock;Baldock;Baldock;7060840;;51.992971;-0.187562;GB;Europe/London;Q789348;Great Northern|Thameslink;BUS;code;20981580;Q19953;;;BDK;Baldock
TN7060850;gare;Hertford North;Hertford North;Hertford North;7060850;;51.79868;-0.092238;GB;Europe/London;Q9681;Great Northern;BUS;code;6291571393;Q2203044;;;HFN;Hertford North
TN7060860;gare;Hitchin;Hitchin;Hitchin;7060860;;51.953175;-0.263013;GB;Europe/London;Q19798;Great Northern|Thameslink;BUS;code;3956538310;Q2469591;;;HIT;Hitchin
TN7060880;gare;Knebworth;Knebworth;Knebworth;7060880;;51.867042;-0.187051;GB;Europe/London;Q386419;Great Northern|Thameslink;BUS;code;3959363978;Q2538068;;;KBW;Knebworth
TN7060890;gare;Letchworth Garden City;Letchworth Garden City;Letchworth Garden City;7060890;;51.980354;-0.228906;GB;Europe/London;Q2054729;Great Northern|Thameslink;BUS;code;2089152132;Q2582397;;;LET;Letchworth Garden City
TN7060900;gare;Royston;Royston;Royston;7060900;;52.053209;-0.026975;GB;Europe/London;Q19804;Great Northern|Thameslink;BUS;code;105105;Q2034540;;;RYS;Royston
TN7060920;gare;Stevenage;Stevenage;Stevenage;7060920;;51.901836;-0.207144;GB;Europe/London;Q19795;Great Northern|Hull Trains|LNER|Lumo|Thameslink;BUS;code;7140195250;Q19970;;;SVG;Stevenage
TN7060950;gare;Watton-at-Stone;Watton-at-Stone;Watton-at-Stone;7060950;;51.856469;-0.11939;GB;Europe/London;Q1016956;Great Northern;BUS;code;1639968823;Q2678656;;;WAS;Watton-At-Stone
TN7060960;gare;Welwyn North;Welwyn North;Welwyn North;7060960;;51.823772;-0.192134;GB;Europe/London;Q1972764;Great Northern|Thameslink;BUS;code;6751829050;Q2345556;;;WLW;Welwyn North
TN7061080;gare;Huntingdon;Huntingdon;Huntingdon;7061080;;52.328809;-0.192471;GB;Europe/London;Q685640;Great Northern|Thameslink;BUS;code;1645059627;Q5945150;;;HUN;Huntingdon
TN7061100;gare;St Neots;St Neots;St Neots;7061100;;52.231627;-0.247065;GB;Europe/London;Q1018225;Great Northern|Thameslink;BUS;code;345591774;Q3072111;;;SNO;St Neots
TN7061190;gare;Finsbury Park;Finsbury Park;Finsbury Park;7061190;;51.564834;-0.106414;GB;Europe/London;Q84;Great Northern|Thameslink;BUS;code;561297695;Q536796;;;FPK;Finsbury Park
TN7061210;gare;London King's Cross;London King's Cross;London King's Cross;7061210;;51.532395;-0.123022;GB;Europe/London;Q84;Grand Central|Great Northern|Hull Trains|LNER|Lumo|Thameslink;BUS;code;7159162454;Q219867;;;KGX;London Kings Cross
TN7061330;gare;Peterborough;Peterborough;Peterborough;7061330;;52.574604;-0.250316;GB;Europe/London;Q172438;CrossCountry|East Midlands Railway|Grand Central|Great Northern|Greater Anglia|LNER|Thameslink;BUS;code;2612643529;Q2206677;;;PBO;Peterborough
TN7061400;gare;Stamford;Stamford;Stamford;7061400;;52.647832;-0.480087;GB;Europe/London;Q1000662;CrossCountry|East Midlands Railway;;code;18308531;Q2661650;;;SMD;Stamford
TN7061700;gare;Biggleswade;Biggleswade;Biggleswade;7061700;;52.085034;-0.260819;GB;Europe/London;Q2224167;Great Northern|Thameslink;BUS;code;1015760022;Q2751241;;;BIW;Biggleswade
TN7061710;gare;Arlesey;Arlesey;Arlesey;7061710;;52.025816;-0.266429;GB;Europe/London;Q777460;Thameslink;BUS;code;21264536;Q4567224;;;ARL;Arlesey
TN7061720;gare;Sandy;Sandy;Sandy;7061720;;52.124911;-0.280948;GB;Europe/London;Q1750378;Thameslink;BUS;code;7209357138;Q3151015;;;SDY;Sandy
TN7061830;gare;Welwyn Garden City;Welwyn Garden City;Welwyn Garden City;7061830;;51.800851;-0.203843;GB;Europe/London;Q19789;Great Northern|Thameslink;BUS;code;2137118353;Q2723798;;;WGC;Welwyn Garden City
TN7062000;gare;Burton Joyce;Burton Joyce;Burton Joyce;7062000;;52.983294;-1.041213;GB;Europe/London;Q596268;East Midlands Railway;BUS;code;6415345179;Q2608297;;;BUJ;Burton Joyce
TN7062010;gare;Carlton;Carlton;Carlton;7062010;;52.965052;-1.078767;GB;Europe/London;Q596268;East Midlands Railway;BUS;code;6415345178;Q2051170;;;CTO;Carlton
TN7062020;gare;Lowdham;Lowdham;Lowdham;7062020;;53.006433;-0.998225;GB;Europe/London;Q6693101;East Midlands Railway;BUS;code;6415345177;Q6693095;;;LOW;Lowdham
TN7062030;gare;Thurgarton;Thurgarton;Thurgarton;7062030;;53.028972;-0.962259;GB;Europe/London;Q2208569;East Midlands Railway;BUS;code;6415345175;Q2333610;;;THU;Thurgarton
TN7062040;gare;Bleasby;Bleasby;Bleasby;7062040;;53.04148;-0.943561;GB;Europe/London;Q4925757;East Midlands Railway;BUS;code;6415345172;Q2460860;;;BSB;Bleasby
TN7062060;gare;Goxhill;Goxhill;Goxhill;7062060;;53.676671;-0.337407;GB;Europe/London;Q2738948;East Midlands Railway;BUS;code;3152616506;Q2573248;;;GOX;Goxhill
TN7062070;gare;Barton-on-Humber;Barton-on-Humber;Barton-on-Humber;7062070;;53.688996;-0.443051;GB;Europe/London;Q24306292;East Midlands Railway;BUS;code;3139247438;Q2889992;;;BAU;Barton-On-Humber
TN7062090;gare;New Holland;New Holland;New Holland;7062090;;53.701985;-0.360153;GB;Europe/London;Q4314637;East Midlands Railway;BUS;code;3152616512;Q13528509;;;NHL;New Holland
TN7062100;gare;Thornton Abbey;Thornton Abbey;Thornton Abbey;7062100;;53.654316;-0.323024;GB;Europe/London;Q7796521;East Midlands Railway;;code;3152616514;Q2277067;;;TNA;Thornton Abbey
TN7062110;gare;Ulceby;Ulceby;Ulceby;7062110;;53.619345;-0.300805;GB;Europe/London;Q175945;East Midlands Railway;BUS;code;3139247410;Q2553110;;;ULC;Ulceby
TN7062120;gare;Barrow Haven;Barrow Haven;Barrow Haven;7062120;;53.697455;-0.392889;GB;Europe/London;Q24306292;East Midlands Railway;BUS;code;3152616505;Q4863876;;;BAV;Barrow Haven
TN7062160;gare;Boston;Boston;Boston;7062160;;52.978108;-0.03132;GB;Europe/London;Q311975;East Midlands Railway;BUS;code;20473093;Q1812453;;;BSN;Boston
TN7062200;gare;Heckington;Heckington;Heckington;7062200;;52.977207;-0.293808;GB;Europe/London;Q751602;East Midlands Railway;BUS;code;27409154;Q1998480;;;HEC;Heckington
TN7062210;gare;Hubberts Bridge;Hubberts Bridge;Hubberts Bridge;7062210;;52.975325;-0.109855;GB;Europe/London;Q311975;East Midlands Railway;BUS;code;154539634;Q2354815;;;HBB;Hubberts Bridge
TN7062280;gare;Swineshead;Swineshead;Swineshead;7062280;;52.96973;-0.186706;GB;Europe/London;Q311975;East Midlands Railway;BUS;code;7156671023;Q1834818;;;SWE;Swineshead
TN7062330;gare;Aslockton;Aslockton;Aslockton;7062330;;52.951552;-0.898419;GB;Europe/London;Q1957196;East Midlands Railway;BUS;code;3170037835;Q2261645;;;ALK;Aslockton
TN7062350;gare;Bingham;Bingham;Bingham;7062350;;52.954219;-0.951285;GB;Europe/London;Q783269;East Midlands Railway;BUS;code;3170037836;Q4914224;;;BIN;Bingham
TN7062370;gare;Bottesford;Bottesford;Bottesford;7062370;;52.944687;-0.794966;GB;Europe/London;Q4379775;East Midlands Railway;BUS;code;152441568;Q3985747;;;BTF;Bottesford
TN7062380;gare;Elton & Orston;Elton and Orston;Elton and Orston;7062380;;52.952153;-0.855405;GB;Europe/London;Q7104190;East Midlands Railway;;code;27410438;Q2585835;;;ELO;Elton & Orston
TN7062410;gare;Netherfield;Netherfield;Netherfield;7062410;;52.961406;-1.07936;GB;Europe/London;Q596268;East Midlands Railway;BUS;code;6414872012;Q3308001;;;NET;Netherfield
TN7062420;gare;Radcliffe (Notts);Radcliffe;Radcliffe;7062420;;52.94879;-1.036972;GB;Europe/London;Q2648766;East Midlands Railway;BUS;code;7026744678;Q1882427;;;RDF;Radcliffe (Notts)
TN7062600;gare;Havenhouse;Havenhouse;Havenhouse;7062600;;53.114616;0.272991;GB;Europe/London;Q5187471;East Midlands Railway;;code;20471713;Q2676343;;;HVN;Havenhouse
TN7062650;gare;Skegness;Skegness;Skegness;7062650;;53.143187;0.334521;GB;Europe/London;Q977991;East Midlands Railway;BUS;code;20471338;Q2186387;;;SKG;Skegness
TN7062670;gare;Thorpe Culvert;Thorpe Culvert;Thorpe Culvert;7062670;;53.123033;0.199516;GB;Europe/London;Q82181;East Midlands Railway;;code;199220212;Q7796688;;;TPC;Thorpe Culvert
TN7062680;gare;Wainfleet;Wainfleet;Wainfleet;7062680;;53.105157;0.23458;GB;Europe/London;Q4017677;East Midlands Railway;BUS;code;20471718;Q2031838;;;WFL;Wainfleet
TN7062740;gare;Cleethorpes;Cleethorpes;Cleethorpes;7062740;;53.562825;-0.030097;GB;Europe/London;Q587765;East Midlands Railway|Northern|TransPennine Express;BUS;code;7156679945;Q1959432;;;CLE;Cleethorpes
TN7062750;gare;Great Coates;Great Coates;Great Coates;7062750;;53.575722;-0.129833;GB;Europe/London;Q179406;East Midlands Railway;BUS;code;3152616507;Q2397218;;;GCT;Great Coates
TN7062760;gare;Grimsby Docks;Grimsby Docks;Grimsby Docks;7062760;;53.574142;-0.075832;GB;Europe/London;Q179406;East Midlands Railway;BUS;code;3152616508;Q2323942;;;GMD;Grimsby Docks
TN7062800;gare;Grimsby Town;Grimsby Town;Grimsby Town;7062800;;53.563457;-0.086851;GB;Europe/London;Q179406;East Midlands Railway|Northern|TransPennine Express;BUS;code;7156689696;Q5609334;;;GMB;Grimsby Town
TN7062810;gare;Habrough;Habrough;Habrough;7062810;;53.6061;-0.269354;GB;Europe/London;Q5636970;East Midlands Railway|TransPennine Express;BUS;code;3152616509;Q3243269;;;HAB;Habrough
TN7062830;gare;Healing;Healing;Healing;7062830;;53.581838;-0.160618;GB;Europe/London;Q5690269;East Midlands Railway;BUS;code;3152616510;Q2627123;;;HLI;Healing
TN7062870;gare;Stallingborough;Stallingborough;Stallingborough;7062870;;53.587167;-0.183436;GB;Europe/London;Q9341379;East Midlands Railway;BUS;code;3152616513;Q2320451;;;SLL;Stallingborough
TN7062890;gare;New Clee;New Clee;New Clee;7062890;;53.574307;-0.060465;GB;Europe/London;Q179406;East Midlands Railway;BUS;code;3152616511;Q4877746;;;NCE;New Clee
TN7062970;gare;Metheringham;Metheringham;Metheringham;7062970;;53.138929;-0.391062;GB;Europe/London;Q1990910;East Midlands Railway;BUS;code;152410624;Q2228454;;;MGM;Metheringham
TN7063100;gare;Hykeham;Hykeham;Hykeham;7063100;;53.195065;-0.600075;GB;Europe/London;Q1612100;East Midlands Railway;BUS;code;3152675224;Q2129974;;;HKM;Hykeham
TN7063180;gare;Market Rasen;Market Rasen;Market Rasen;7063180;;53.384011;-0.336845;GB;Europe/London;Q779603;East Midlands Railway;BUS;code;7156698401;Q4422790;;;MKR;Market Rasen
TN7063270;gare;Ruskington;Ruskington;Ruskington;7063270;;53.041387;-0.380474;GB;Europe/London;Q1882468;East Midlands Railway;BUS;code;111777233;Q7380966;;;RKT;Ruskington
TN7063280;gare;Saxilby;Saxilby;Saxilby;7063280;;53.267314;-0.664584;GB;Europe/London;VGB-saxilby;East Midlands Railway|Northern;BUS;code;7156700454;Q2732092;;;SXY;Saxilby
TN7063340;gare;Beaulieu Park;Beaulieu Park;Beaulieu Park;7063340;;51.757694;0.519496;GB;Europe/London;Q210985;Greater Anglia;BUS;code;12232496700;Q24993352;;;BPA;Beaulieu Park
TN7063400;gare;Lincoln Central;Lincoln;Lincoln;7063400;;53.226107;-0.539845;GB;Europe/London;Q180057;East Midlands Railway|LNER|Northern;BUS;code;4974927958;Q3427836;;;LCN;Lincoln Central
TN7063490;gare;Collingham;Collingham;Collingham;7063490;;53.143983;-0.750266;GB;Europe/London;Q2983467;East Midlands Railway;BUS;code;3152675223;Q2369236;;;CLM;Collingham
TN7063510;gare;Fiskerton;Fiskerton;Fiskerton;7063510;;53.0606;-0.911837;GB;Europe/London;Q3448389;East Midlands Railway;BUS;code;6415345168;Q606903;;;FSK;Fiskerton
TN7063530;gare;Rolleston;Rolleston;Rolleston;7063530;;53.065144;-0.900123;GB;Europe/London;Q7361106;East Midlands Railway;;code;6415345159;Q2704279;;;ROL;Rolleston
TN7063550;gare;Swinderby;Swinderby;Swinderby;7063550;;53.169348;-0.702661;GB;Europe/London;Q7658401;East Midlands Railway;BUS;code;3152675225;Q2015746;;;SWD;Swinderby
TN7063580;gare;Ancaster;Ancaster;Ancaster;7063580;;52.987708;-0.535353;GB;Europe/London;Q2636096;East Midlands Railway;BUS;code;5520056018;Q2861300;;;ANC;Ancaster
TN7063610;gare;Rauceby;Rauceby;Rauceby;7063610;;52.985278;-0.455969;GB;Europe/London;Q1891939;East Midlands Railway;BUS;code;27409531;Q2146289;;;RAU;Rauceby
TN7063620;gare;Sleaford;Sleaford;Sleaford;7063620;;52.995516;-0.410159;GB;Europe/London;Q1891939;East Midlands Railway;BUS;code;27409523;Q2661734;;;SLR;Sleaford
TN7063880;gare;Spalding;Spalding;Spalding;7063880;;52.788765;-0.157173;GB;Europe/London;Q1185203;East Midlands Railway;BUS;code;7156695895;Q2097124;;;SPA;Spalding
TN7063900;arret_car;Bishops Lydeard Bus;Bishops Lydeard Bus;Bishops Lydeard Bus;7063900;;51.053337;-3.194126;GB;Europe/London;Q845619;;BUS;gtfs;;;;;BLS;Bishops Lydeard Bus
TN7063930;gare;Conon Bridge;Conon Bridge;Conon Bridge;7063930;;57.561629;-4.440384;GB;Europe/London;Q1013733;ScotRail;BUS;code;2077842373;Q5162154;;;CBD;Conon Bridge
TN7064010;gare;Kiveton Bridge;Kiveton Bridge;Kiveton Bridge;7064010;;53.340936;-1.267081;GB;Europe/London;Q1878732;Northern;;code;3157350618;Q3448631;;;KIV;Kiveton Bridge
TN7064060;gare;Barnetby;Barnetby;Barnetby;7064060;;53.575013;-0.409761;GB;Europe/London;Q602355;East Midlands Railway|Northern|TransPennine Express;BUS;code;21639731;Q1861647;;;BTB;Barnetby
TN7064170;gare;Doncaster;Doncaster;Doncaster;7064170;;53.521954;-1.139915;GB;Europe/London;Q1925846;CrossCountry|East Midlands Railway|Grand Central|Hull Trains|LNER|Northern|TransPennine Express;BUS;code;7156679946;Q2565782;;;DON;Doncaster
TN7064240;gare;Gainsborough Lea Road;Gainsborough Lea Road;Gainsborough Lea Road;7064240;;53.386087;-0.769378;GB;Europe/London;Q288082;East Midlands Railway|Northern;BUS;code;3152826985;Q5517296;;;GBL;Gainsborough Lea Road
TN7064560;gare;Scunthorpe;Scunthorpe;Scunthorpe;7064560;;53.586101;-0.651568;GB;Europe/London;Q913386;Northern|TransPennine Express;BUS;code;7156714401;Q7439507;;;SCU;Scunthorpe
TN7064640;gare;Brigg;Brigg;Brigg;7064640;;53.549052;-0.485758;GB;Europe/London;Q2058702;Northern;;code;21640807;Q2549335;;;BGG;Brigg
TN7064650;gare;Gainsborough Central;Gainsborough Central;Gainsborough Central;7064650;;53.398987;-0.769507;GB;Europe/London;Q288082;Northern;;code;3152573143;Q1841218;;;GNB;Gainsborough Central
TN7064660;gare;Kirton Lindsey;Kirton Lindsey;Kirton Lindsey;7064660;;53.485262;-0.593551;GB;Europe/London;Q2338783;Northern;;code;21640818;Q3060156;;;KTL;Kirton Lindsey
TN7064690;gare;Grantham;Grantham;Grantham;7064690;;52.906522;-0.643007;GB;Europe/London;Q846683;East Midlands Railway|Hull Trains|LNER;BUS;code;6414872009;Q4496900;;;GRA;Grantham
TN7064880;gare;Conisbrough;Conisbrough;Conisbrough;7064880;;53.489526;-1.23461;GB;Europe/London;Q2734822;Northern;BUS;code;3198812486;Q5161108;;;CNS;Conisbrough
TN7064980;gare;Newark Castle;Newark Castle;Newark Castle;7064980;;53.080255;-0.813175;GB;Europe/London;Q49940;East Midlands Railway;BUS;code;6415345164;Q4800289;;;NCT;Newark Castle
TN7064990;gare;Newark Northgate;Newark Northgate;Newark Northgate;7064990;;53.081374;-0.799494;GB;Europe/London;Q49940;East Midlands Railway|LNER;BUS;code;3752912434;Q3246476;;;NNG;Newark Northgate
TN7065110;gare;Retford;Retford;Retford;7065110;;53.313994;-0.945985;GB;Europe/London;Q2462685;Hull Trains|LNER|Northern;BUS;code;6109588130;Q5259666;;;RET;Retford
TN7065240;gare;Crowle;Crowle;Crowle;7065240;;53.589821;-0.817351;GB;Europe/London;Q5325447;Northern|TransPennine Express;BUS;code;21633651;Q961797;;;CWE;Crowle
TN7065270;gare;Kirk Sandall;Kirk Sandall;Kirk Sandall;7065270;;53.563607;-1.074537;GB;Europe/London;Q1925846;Northern|TransPennine Express;BUS;code;254506703;Q2060574;;;KKS;Kirk Sandall
TN7065280;gare;Hatfield & Stainforth;Hatfield & Stainforth;Hatfield & Stainforth;7065280;;53.58887;-1.023263;GB;Europe/London;Q1941870;Northern|TransPennine Express;BUS;code;254505461;Q2113263;;;HFS;Hatfield & Stainforth
TN7065300;gare;Thorne North;Thorne North;Thorne North;7065300;;53.616186;-0.972446;GB;Europe/London;Q643716;Northern;BUS;code;7452935122;Q3069257;;;TNN;Thorne North
TN7065310;gare;Thorne South;Thorne South;Thorne South;7065310;;53.603345;-0.955256;GB;Europe/London;Q643716;Northern|TransPennine Express;BUS;code;254507165;Q7796381;;;TNS;Thorne South
TN7065320;gare;Althorpe;Althorpe;Althorpe;7065320;;53.585546;-0.732955;GB;Europe/London;Q4736674;Northern|TransPennine Express;BUS;code;21633674;Q4736675;;;ALP;Althorpe
TN7065430;gare;Bermuda Park;Bermuda Park;Bermuda Park;7065430;;52.503342;-1.472599;GB;Europe/London;Q175632;West Midlands Trains;BUS;code;3708019864;Q4892644;;;BEP;Bermuda Park
TN7065510;gare;Whitwell;Whitwell;Whitwell;7065510;;53.279966;-1.200236;GB;Europe/London;Q2193158;East Midlands Railway;BUS;code;5592966950;Q1945536;;;WWL;Whitwell
TN7065530;gare;Bond Street El;Bond Street El;Bond Street El;7065530;;51.51332;-0.14959;GB;Europe/London;Q179351;Elizabeth line;;gtfs;;;;;BDS;Bond Street El
TN7065560;gare;Tottenham Court Road El;Tottenham Court Road El;Tottenham Court Road El;7065560;;51.515742;-0.132196;GB;Europe/London;Q179351;Elizabeth line;;gtfs;;;;;TCR;Tottenham Court Road El
TN7065600;gare;Canary Wharf El;Canary Wharf El;Canary Wharf El;7065600;;51.505812;-0.020206;GB;Europe/London;Q84;Elizabeth line;;gtfs;;;;;CWX;Canary Wharf El
TN7065610;gare;Custom House El;Custom House El;Custom House El;7065610;;51.509543;0.024631;GB;Europe/London;Q84;Elizabeth line;;gtfs;;;;;CUS;Custom House El
TN7065620;gare;Woolwich El;Woolwich El;Woolwich El;7065620;;51.491666;0.069936;GB;Europe/London;Q84;Elizabeth line;;gtfs;;;;;WWC;Woolwich El
TN7065650;gare;Kiveton Park;Kiveton Park;Kiveton Park;7065650;;53.336764;-1.239568;GB;Europe/London;Q1878732;Northern;;code;7170486847;Q2323319;;;KVP;Kiveton Park
TN7065700;gare;Shireoaks;Shireoaks;Shireoaks;7065700;;53.324864;-1.168322;GB;Europe/London;Q2281091;Northern;;code;3157348801;Q2358910;;;SRO;Shireoaks
TN7065740;gare;Worksop;Worksop;Worksop;7065740;;53.311597;-1.122858;GB;Europe/London;Q2281091;East Midlands Railway|Northern;BUS;code;3157348214;Q2958045;;;WRK;Worksop
TN7065761;gare;Maghull North;Maghull North;Maghull North;7065761;;53.516741;-2.921234;GB;Europe/London;Q1951431;Merseyrail;BUS;code;5701443389;Q6730453;;;MNS;Maghull North
TN7065800;gare;Worcestershire Parkway;Worcestershire Parkway;Worcestershire Parkway;7065800;;52.156177;-2.160034;GB;Europe/London;Q940394;CrossCountry|Great Western Railway;BUS;code;7216839133;Q8034253;;;WOP;Worcestershire Parkway
TN7065831;gare;Warrington West;Warrington West;Warrington West;7065831;;53.393744;-2.636929;GB;Europe/London;Q894095;Northern|TransPennine Express;BUS;code;6414583135;Q16257709;;;WAW;Warrington West
TN7065990;gare;Meridian Water;Meridian Water;Meridian Water;7065990;;51.610003;-0.050085;GB;Europe/London;Q84;Greater Anglia;;code;6475280937;Q56273891;;;MRW;Meridian Water
TN7066041;gare;Horden;Horden;Horden;7066041;;54.763787;-1.307199;GB;Europe/London;Q2471323;Northern;BUS;code;7455014396;Q38250965;;;HRE;Horden
TN7066150;gare;Chesterfield;Chesterfield;Chesterfield;7066150;;53.238224;-1.419728;GB;Europe/London;Q823600;CrossCountry|East Midlands Railway|Northern;BUS;code;7154300845;Q2645921;;;CHD;Chesterfield
TN7066160;gare;Dronfield;Dronfield;Dronfield;7066160;;53.3014;-1.469253;GB;Europe/London;Q2499345;East Midlands Railway|Northern;BUS;code;370186628;Q2161199;;;DRO;Dronfield
TN7066340;gare;Penistone;Penistone;Penistone;7066340;;53.525632;-1.622676;GB;Europe/London;Q2010576;Northern;BUS;code;21625499;Q2001260;;;PNS;Penistone
TN7066630;gare;Meadowhall;Meadowhall Interchange;Meadowhall Interchange;7066630;;53.417112;-1.41413;GB;Europe/London;Q42448;Northern|TransPennine Express;BUS;code;7149987542;Q2467647;;;MHS;Meadowhall
TN7066640;gare;Chapeltown;Chapeltown;Chapeltown;7066640;;53.462501;-1.466438;GB;Europe/London;Q42448;Northern;;code;246698205;Q2967180;;;CLN;Chapeltown
TN7066670;gare;Elsecar;Elsecar;Elsecar;7066670;;53.498683;-1.427499;GB;Europe/London;Q1857382;Northern;;code;419191;Q3287228;;;ELR;Elsecar
TN7066760;gare;Rotherham Central;Rotherham Central;Rotherham Central;7066760;;53.431699;-1.361046;GB;Europe/London;Q3930610;Northern|TransPennine Express;BUS;code;3204155746;Q2025773;;;RMC;Rotherham Central
TN7066800;gare;Fishguard & Goodwick;Fishguard and Goodwick;Fishguard and Goodwick;7066800;;52.003969;-4.995073;GB;Europe/London;Q1770495;Transport for Wales;BUS;code;1752948061;Q5454980;;;FGW;Fishguard & Goodwick
TN7066850;gare;Callerton Parkway;Callerton Parkway;Callerton Parkway;7066850;;55.027706;-1.703411;GB;Europe/London;Q1425428;Tyne and Wear Metro;;nom;4523848880;Q5021911;;;CEP;Callerton Parkway
TN7066860;gare;Swinton (South Yorkshire);Swinton (South Yorkshire);Swinton (South Yorkshire);7066860;;53.485598;-1.305621;GB;Europe/London;Q2379443;Northern;BUS;code;3204141646;Q2253025;;;SWN;Swinton (South Yorkshire)
TN7066880;gare;Wombwell;Wombwell;Wombwell;7066880;;53.517447;-1.416302;GB;Europe/London;Q1857382;Northern;;code;7252312656;Q2701036;;;WOM;Wombwell
TN7066900;gare;Dore & Totley;Dore and Totley;Dore and Totley;7066900;;53.327571;-1.515316;GB;Europe/London;Q42448;East Midlands Railway|Northern|TransPennine Express;BUS;code;4195983684;Q2552687;;;DOR;Dore & Totley
TN7066910;gare;Sheffield;Sheffield;Sheffield;7066910;;53.378371;-1.462138;GB;Europe/London;Q42448;CrossCountry|East Midlands Railway|Northern|TransPennine Express;BUS;code;5784212748;Q1862179;;XKSH;SHF;Sheffield
TN7067070;gare;Mexborough;Mexborough;Mexborough;7067070;;53.490831;-1.288525;GB;Europe/London;Q284348;Northern;BUS;code;3198828652;Q3983146;;;MEX;Mexborough
TN7067290;gare;Darnall;Darnall;Darnall;7067290;;53.384545;-1.412357;GB;Europe/London;Q42448;Northern;;code;3157354104;Q2975270;;;DAN;Darnall
TN7067320;gare;Woodhouse;Woodhouse;Woodhouse;7067320;;53.363796;-1.357369;GB;Europe/London;Q42448;Northern;;code;3157353528;Q2497249;;;WDH;Woodhouse
TN7067740;gare;Barnsley;Barnsley Interchange;Barnsley Interchange;7067740;;53.55443;-1.47726;GB;Europe/London;Q954528;Northern;BUS;code;254510740;Q2711384;;;BNY;Barnsley
TN7067810;gare;Dodworth;Dodworth;Dodworth;7067810;;53.544206;-1.532035;GB;Europe/London;Q1857382;Northern;BUS;code;419936;Q1996156;;;DOD;Dodworth
TN7067820;gare;Silkstone Common;Silkstone Common;Silkstone Common;7067820;;53.535351;-1.563029;GB;Europe/London;Q1857382;Northern;BUS;code;21625873;Q1882359;;;SLK;Silkstone Common
TN7067940;gare;Stratford-upon-Avon Parkway;Stratford-upon-Avon Parkway;Stratford-upon-Avon Parkway;7067940;;52.206554;-1.73045;GB;Europe/London;Q189288;Chiltern Railways|West Midlands Trains;BUS;code;31554780;Q7621977;;;STY;Stratford-Upon-Avon Parkway
TN7068000;gare;Bishops Stortford;Bishops Stortford;Bishops Stortford;7068000;;51.866692;0.16557;GB;Europe/London;Q19797;Greater Anglia;BUS;gtfs;;;;;BIS;Bishops Stortford
TN7068010;gare;Braintree;Braintree;Braintree;7068010;;51.87531;0.55673;GB;Europe/London;Q676067;Greater Anglia;BUS;code;1997260503;Q2716690;;;BTR;Braintree
TN7068040;gare;Harlow Mill;Harlow Mill;Harlow Mill;7068040;;51.790482;0.132318;GB;Europe/London;Q852729;Greater Anglia;BUS;code;6137852395;Q2738839;;;HWM;Harlow Mill
TN7068060;gare;Sawbridgeworth;Sawbridgeworth;Sawbridgeworth;7068060;;51.81462;0.16054;GB;Europe/London;Q6693802;Greater Anglia;BUS;code;6137852396;Q2046252;;;SAW;Sawbridgeworth
TN7068100;gare;Brimsdown;Brimsdown;Brimsdown;7068100;;51.655571;-0.030791;GB;Europe/London;Q84;Greater Anglia;;code;6137852389;Q2440318;;;BMD;Brimsdown
TN7068120;gare;Broxbourne;Broxbourne;Broxbourne;7068120;;51.746826;-0.010626;GB;Europe/London;Q19791;Greater Anglia;BUS;code;6137852392;Q2968226;;;BXB;Broxbourne
TN7068140;gare;Cheshunt;Cheshunt;Cheshunt;7068140;;51.702864;-0.02378;GB;Europe/London;Q19790;Greater Anglia|London Overground;BUS;code;3749263909;Q3303565;;;CHN;Cheshunt
TN7068150;gare;Enfield Lock;Enfield Lock;Enfield Lock;7068150;;51.670611;-0.028569;GB;Europe/London;Q84;Greater Anglia;;code;6137852390;Q3296969;;;ENL;Enfield Lock
TN7068180;gare;Hertford East;Hertford East;Hertford East;7068180;;51.799396;-0.07175;GB;Europe/London;Q9681;Greater Anglia;BUS;code;6137915985;Q2472778;;;HFE;Hertford East
TN7068190;gare;Ponders End;Ponders End;Ponders End;7068190;;51.642847;-0.034786;GB;Europe/London;Q544939;Greater Anglia;;code;7167219011;Q2469907;;;PON;Ponders End
TN7068200;gare;Rye House;Rye House;Rye House;7068200;;51.769361;0.005522;GB;Europe/London;Q1477061;Greater Anglia;BUS;code;6137915990;Q1976943;;;RYH;Rye House
TN7068210;gare;St Margarets (Herts);St Margarets;St Margarets;7068210;;51.788197;0.000933;GB;Europe/London;Q2347568;Greater Anglia;BUS;code;6137915989;Q2047890;;;SMT;St Margarets (Herts)
TN7068230;gare;Waltham Cross;Waltham Cross;Waltham Cross;7068230;;51.684764;-0.026475;GB;Europe/London;Q968959;Greater Anglia;BUS;code;6137852391;Q2948632;;;WLC;Waltham Cross
TN7068240;gare;Ware;Ware;Ware;7068240;;51.807981;-0.02876;GB;Europe/London;Q19792;Greater Anglia;BUS;code;6137915988;Q2084928;;;WAR;Ware
TN7068270;gare;Harlow Town;Harlow Town;Harlow Town;7068270;;51.781293;0.095057;GB;Europe/London;Q852729;Greater Anglia;BUS;code;6137852394;Q1988068;;;HWN;Harlow Town
TN7068290;gare;Roydon;Roydon;Roydon;7068290;;51.775439;0.036514;GB;Europe/London;Q2151264;Greater Anglia;;code;6137852393;Q2039157;;;RYN;Roydon
TN7068320;gare;Elsenham;Elsenham;Elsenham;7068320;;51.920695;0.227799;GB;Europe/London;Q1836076;Greater Anglia;BUS;code;6137852398;Q2805863;;;ESM;Elsenham
TN7068330;gare;Stansted Mountfitchet;Stansted Mountfitchet;Stansted Mountfitchet;7068330;;51.901265;0.199248;GB;Europe/London;Q126579;Greater Anglia;BUS;code;6137852397;Q2078357;;;SST;Stansted Mountfitchet
TN7068340;gare;Stansted Airport;Stansted Airport;Stansted Airport;7068340;;51.88926;0.262154;GB;Europe/London;VGB-molehill-green;CrossCountry|Greater Anglia;BUS;code;6137852415;Q2652717;;;SSD;Stansted Airport
TN7068360;gare;Chelmsford;Chelmsford;Chelmsford;7068360;;51.736512;0.468652;GB;Europe/London;Q210985;Greater Anglia;BUS;code;3894532923;Q2668271;;;CHM;Chelmsford
TN7068370;gare;Cressing;Cressing;Cressing;7068370;;51.851949;0.578324;GB;Europe/London;Q676067;Greater Anglia;BUS;code;55420748;Q1886114;;;CES;Cressing
TN7068380;gare;Kelvedon;Kelvedon;Kelvedon;7068380;;51.84099;0.702693;GB;Europe/London;Q676067;Greater Anglia;BUS;code;2941524951;Q2540528;;;KEL;Kelvedon
TN7068440;gare;Witham;Witham;Witham;7068440;;51.805924;0.639427;GB;Europe/London;Q1861278;Greater Anglia;BUS;code;6501381678;Q2369354;;;WTM;Witham
TN7068450;gare;Hatfield Peverel;Hatfield Peverel;Hatfield Peverel;7068450;;51.780314;0.592772;GB;Europe/London;Q676067;Greater Anglia;BUS;code;253011535;Q5576323;;;HAP;Hatfield Peverel
TN7068460;gare;White Notley;White Notley;White Notley;7068460;;51.839268;0.595265;GB;Europe/London;Q676067;Greater Anglia;BUS;code;55419570;Q1817277;;;WNY;White Notley
TN7068470;gare;Alresford;Alresford;Alresford;7068470;;51.853998;0.997037;GB;Europe/London;Q1227651;Greater Anglia;BUS;code;3308241319;Q2063973;;;ALR;Alresford
TN7068500;gare;Clacton-on-Sea;Clacton-on-Sea;Clacton-on-Sea;7068500;;51.794532;1.154327;GB;Europe/London;Q985833;Greater Anglia;BUS;code;687485406;Q5124903;;;CLT;Clacton-On-Sea
TN7068510;gare;Hythe;Hythe (Colchester);Hythe (Colchester);7068510;;51.885813;0.927528;GB;Europe/London;Q184163;Greater Anglia;BUS;code;1643615541;Q2552020;;;HYH;Hythe
TN7068530;gare;Colchester Town;Colchester Town;Colchester Town;7068530;;51.886509;0.905428;GB;Europe/London;Q184163;Greater Anglia;;code;26579230;Q4489756;;;CET;Colchester Town
TN7068540;gare;Frinton-on-Sea;Frinton-on-Sea;Frinton-on-Sea;7068540;;51.837761;1.243322;GB;Europe/London;Q1464942;Greater Anglia;BUS;code;260098196;Q5504626;;;FRI;Frinton-On-Sea
TN7068550;gare;Great Bentley;Great Bentley;Great Bentley;7068550;;51.851799;1.065461;GB;Europe/London;Q2351369;Greater Anglia;BUS;code;3308245669;Q2557949;;;GRB;Great Bentley
TN7068560;gare;Manningtree;Manningtree;Manningtree;7068560;;51.949143;1.044928;GB;Europe/London;Q3356676;Greater Anglia;BUS;code;2006158761;Q1938819;;;MNG;Manningtree
TN7068570;gare;Thorpe-le-Soken;Thorpe-le-Soken;Thorpe-le-Soken;7068570;;51.847861;1.160402;GB;Europe/London;Q2368943;Greater Anglia;BUS;code;259809083;Q2802841;;;TLS;Thorpe-Le-Soken
TN7068580;gare;Walton-on-the-Naze;Walton-on-the-Naze;Walton-on-the-Naze;7068580;;51.846216;1.267863;GB;Europe/London;Q1818988;Greater Anglia;BUS;code;264890185;Q2359051;;;WON;Walton-On-The-Naze
TN7068590;gare;Weeley;Weeley;Weeley;7068590;;51.852978;1.115191;GB;Europe/London;Q2210157;Greater Anglia;;code;3308270061;Q2157638;;;WEE;Weeley
TN7068600;gare;Wivenhoe;Wivenhoe;Wivenhoe;7068600;;51.856598;0.956241;GB;Europe/London;Q1757774;Greater Anglia;BUS;code;3308219688;Q2873893;;;WIV;Wivenhoe
TN7068610;gare;Colchester;Colchester;Colchester;7068610;;51.900579;0.892455;GB;Europe/London;Q184163;Greater Anglia;BUS;code;8061429385;Q2750618;;;COL;Colchester
TN7068620;gare;Kirby Cross;Kirby Cross;Kirby Cross;7068620;;51.841507;1.213797;GB;Europe/London;Q6414911;Greater Anglia;BUS;code;260098190;Q2205087;;;KBX;Kirby Cross
TN7068630;gare;Marks Tey;Marks Tey;Marks Tey;7068630;;51.880809;0.782551;GB;Europe/London;Q184163;Greater Anglia;BUS;code;2013212330;Q2025932;;;MKT;Marks Tey
TN7068670;gare;Hackney Downs;Hackney Downs;Hackney Downs;7068670;;51.548645;-0.060686;GB;Europe/London;Q84;Greater Anglia|London Overground;BUS;code;7147507684;Q2572236;;;HAC;Hackney Downs
TN7068690;gare;Althorne;Althorne;Althorne;7068690;;51.647785;0.751797;GB;Europe/London;Q653906;Greater Anglia;BUS;code;7209302509;Q3384051;;;ALN;Althorne
TN7068700;gare;Battlesbridge;Battlesbridge;Battlesbridge;7068700;;51.624931;0.565629;GB;Europe/London;Q210985;Greater Anglia;;code;7209260407;Q4873219;;;BLB;Battlesbridge
TN7068710;gare;Billericay;Billericay;Billericay;7068710;;51.628843;0.418127;GB;Europe/London;Q862832;Greater Anglia;BUS;code;2940652513;Q1971153;;;BIC;Billericay
TN7068720;gare;Brentwood;Brentwood;Brentwood;7068720;;51.613523;0.30061;GB;Europe/London;Q909993;Elizabeth line;BUS;code;7132008570;Q2322282;;;BRE;Brentwood
TN7068730;gare;Burnham-on-Crouch;Burnham-on-Crouch;Burnham-on-Crouch;7068730;;51.633603;0.813658;GB;Europe/London;Q2454022;Greater Anglia;BUS;code;7209246439;Q2376429;;;BUU;Burnham-On-Crouch
TN7068740;gare;Chadwell Heath;Chadwell Heath;Chadwell Heath;7068740;;51.567986;0.127994;GB;Europe/London;Q84;Elizabeth line;BUS;code;7147451328;Q2468519;;;CTH;Chadwell Heath
TN7068750;gare;North Fambridge;North Fambridge;North Fambridge;7068750;;51.64864;0.68187;GB;Europe/London;Q26272025;Greater Anglia;BUS;code;49523577;Q2611356;;;NFA;North Fambridge
TN7068760;gare;Forest Gate;Forest Gate;Forest Gate;7068760;;51.549251;0.023281;GB;Europe/London;Q84;Elizabeth line;BUS;code;6593924753;Q2439437;;;FOG;Forest Gate
TN7068770;gare;Gidea Park;Gidea Park;Gidea Park;7068770;;51.581785;0.205728;GB;Europe/London;Q84;Elizabeth line;BUS;code;6905996300;Q4997460;;;GDP;Gidea Park
TN7068780;gare;Goodmayes;Goodmayes;Goodmayes;7068780;;51.565803;0.111931;GB;Europe/London;Q2297044;Elizabeth line;BUS;code;7147468108;Q2975461;;;GMY;Goodmayes
TN7068790;gare;Harold Wood;Harold Wood;Harold Wood;7068790;;51.593217;0.2342;GB;Europe/London;Q84;Elizabeth line;BUS;code;7132052169;Q4787233;;;HRO;Harold Wood
TN7068800;gare;Hockley;Hockley;Hockley;7068800;;51.603651;0.659101;GB;Europe/London;Q1926981;Greater Anglia;BUS;code;29715686;Q2288120;;;HOC;Hockley
TN7068810;gare;Ilford;Ilford;Ilford;7068810;;51.558937;0.068911;GB;Europe/London;Q84;Elizabeth line;BUS;code;1981724789;Q587700;;;IFD;Ilford
TN7068820;gare;Ingatestone;Ingatestone;Ingatestone;7068820;;51.667;0.384265;GB;Europe/London;Q478532;Greater Anglia;BUS;code;7158836031;Q2651495;;;INT;Ingatestone
TN7068830;gare;Manor Park;Manor Park;Manor Park;7068830;;51.5522;0.045035;GB;Europe/London;Q84;Elizabeth line;BUS;code;6593922082;Q1848488;;;MNP;Manor Park
TN7068840;gare;Rayleigh;Rayleigh;Rayleigh;7068840;;51.589487;0.600248;GB;Europe/London;Q2117331;Greater Anglia;BUS;code;56151624;Q2290604;;;RLG;Rayleigh
TN7068850;gare;Rochford;Rochford;Rochford;7068850;;51.581675;0.702142;GB;Europe/London;Q1926981;Greater Anglia;BUS;code;58560571;Q2859251;;;RFD;Rochford
TN7068860;gare;Romford;Romford;Romford;7068860;;51.574727;0.182611;GB;Europe/London;Q84;Elizabeth line|Greater Anglia|London Overground;BUS;code;31072288;Q2299776;;;RMF;Romford
TN7068880;gare;Shenfield;Shenfield;Shenfield;7068880;;51.63064;0.330019;GB;Europe/London;Q909993;Elizabeth line|Greater Anglia;BUS;code;1981717136;Q3461338;;;SNF;Shenfield
TN7068900;gare;Southminster;Southminster;Southminster;7068900;;51.660642;0.835372;GB;Europe/London;Q1856936;Greater Anglia;BUS;code;7209248944;Q2501276;;;SMN;Southminster
TN7068910;gare;Wickford;Wickford;Wickford;7068910;;51.614828;0.519409;GB;Europe/London;Q932841;Greater Anglia;BUS;code;2940653375;Q1857839;;;WIC;Wickford
TN7068920;gare;South Woodham Ferrers;South Woodham Ferrers;South Woodham Ferrers;7068920;;51.649408;0.606055;GB;Europe/London;Q2338468;Greater Anglia;BUS;code;7209390517;Q7568963;;;SOF;South Woodham Ferrers
TN7068930;gare;Seven Kings;Seven Kings;Seven Kings;7068930;;51.56394;0.096871;GB;Europe/London;Q84;Elizabeth line|Greater Anglia;BUS;code;1981729187;Q2527615;;;SVK;Seven Kings
TN7069010;gare;Dovercourt;Dovercourt;Dovercourt;7069010;;51.938805;1.280513;GB;Europe/London;Q990616;Greater Anglia;BUS;code;160442631;Q2135790;;;DVC;Dovercourt
TN7069020;gare;Harwich International;Harwich International;Harwich International;7069020;;51.947225;1.256039;GB;Europe/London;Q3896128;Greater Anglia;BUS|FERRY;code;2393259364;Q2058152;;;HPQ;Harwich International
TN7069050;gare;Harwich Town;Harwich Town;Harwich Town;7069050;;51.944158;1.286627;GB;Europe/London;Q990616;Greater Anglia;BUS;code;7209241889;Q4654950;;;HWC;Harwich Town
TN7069060;gare;Mistley;Mistley;Mistley;7069060;;51.943586;1.081649;GB;Europe/London;Q994703;Greater Anglia;BUS;code;253012048;Q2053659;;;MIS;Mistley
TN7069070;gare;Wrabness;Wrabness;Wrabness;7069070;;51.939528;1.171689;GB;Europe/London;Q2086635;Greater Anglia;BUS;code;2393234119;Q3284262;;;WRB;Wrabness
TN7069130;gare;Bush Hill Park;Bush Hill Park;Bush Hill Park;7069130;;51.641707;-0.069394;GB;Europe/London;Q84;London Overground;BUS;code;7147523091;Q962907;;;BHK;Bush Hill Park
TN7069140;gare;Chingford;Chingford;Chingford;7069140;;51.632534;0.009471;GB;Europe/London;Q84;London Overground;BUS;code;6997675368;Q2250130;;;CHI;Chingford
TN7069190;gare;Highams Park;Highams Park;Highams Park;7069190;;51.608893;-0.00013;GB;Europe/London;Q84;London Overground;BUS;code;6997680159;Q2040725;;;HIP;Highams Park
TN7069260;gare;Clapton;Clapton;Clapton;7069260;;51.561652;-0.056865;GB;Europe/London;Q84;London Overground;BUS;code;6137852387;Q2639486;;;CPT;Clapton
TN7069270;gare;Lea Bridge;Lea Bridge;Lea Bridge;7069270;;51.566751;-0.037122;GB;Europe/London;Q84;Greater Anglia;;code;7167219012;Q6508178;;;LEB;Lea Bridge
TN7069310;gare;Seven Sisters;Seven Sisters;Seven Sisters;7069310;;51.582474;-0.074932;GB;Europe/London;Q84;Greater Anglia|London Overground;BUS;code;3803245041;Q801433;;;SVS;Seven Sisters
TN7069340;gare;Stoke Newington;Stoke Newington;Stoke Newington;7069340;;51.565039;-0.072548;GB;Europe/London;Q84;London Overground;BUS;code;6135938654;Q2041054;;;SKW;Stoke Newington
TN7069410;gare;Edmonton Green;Edmonton Green;Edmonton Green;7069410;;51.6245;-0.061402;GB;Europe/London;Q84;London Overground;BUS;code;2459211077;Q2410534;;;EDR;Edmonton Green
TN7069470;gare;Southbury;Southbury;Southbury;7069470;;51.648031;-0.05263;GB;Europe/London;Q84;London Overground;BUS;code;7147509522;Q301987;;;SBU;Southbury
TN7069490;gare;Theobalds Grove;Theobalds Grove;Theobalds Grove;7069490;;51.692233;-0.035009;GB;Europe/London;Q968959;London Overground;BUS;code;6135938648;Q2104388;;;TEO;Theobalds Grove
TN7069510;gare;Tottenham Hale;Tottenham Hale;Tottenham Hale;7069510;;51.588123;-0.059944;GB;Europe/London;Q84;Greater Anglia;;code;6468432388;Q801529;;;TOM;Tottenham Hale
TN7069520;gare;Turkey Street;Turkey Street;Turkey Street;7069520;;51.673233;-0.046969;GB;Europe/London;Q84;London Overground;BUS;code;6135938647;Q2632197;;;TUR;Turkey Street
TN7069530;gare;Walthamstow Central;Walthamstow Central;Walthamstow Central;7069530;;51.582893;-0.019994;GB;Europe/London;Q84;London Overground;BUS;code;6391246144;Q801582;;;WHC;Walthamstow Central
TN7069540;gare;Wood Street;Wood Street;Wood Street;7069540;;51.587041;-0.001679;GB;Europe/London;Q84;London Overground;BUS;code;6543594082;Q2457986;;;WST;Wood Street
TN7069560;gare;White Hart Lane;White Hart Lane;White Hart Lane;7069560;;51.604533;-0.070915;GB;Europe/London;Q84;London Overground;BUS;code;6135489704;Q2775608;;;WHL;White Hart Lane
TN7069580;gare;Bruce Grove;Bruce Grove;Bruce Grove;7069580;;51.593711;-0.070005;GB;Europe/London;Q84;London Overground;BUS;code;6135938660;Q1867544;;;BCV;Bruce Grove
TN7069590;gare;Enfield Town;Enfield Town;Enfield Town;7069590;;51.651721;-0.078673;GB;Europe/London;Q84;London Overground;BUS;code;6831378185;Q2385571;;;ENF;Enfield Town
TN7069610;gare;Bethnal Green;Bethnal Green;Bethnal Green;7069610;;51.523887;-0.059592;GB;Europe/London;Q84;London Overground;BUS;code;6831303077;Q2700931;;;BET;Bethnal Green
TN7069620;gare;Cambridge Heath;Cambridge Heath;Cambridge Heath;7069620;;51.531954;-0.057421;GB;Europe/London;Q84;London Overground;BUS;code;6997686912;Q2428591;;;CBH;Cambridge Heath
TN7069650;gare;London Liverpool Street;London Liverpool Street;London Liverpool Street;7069650;;51.51821;-0.081427;GB;Europe/London;Q23311;Elizabeth line|Greater Anglia|London Overground|c2c;BUS;code;3637436408;Q801124;;XKLL;LST;London Liverpool Street
TN7069660;gare;London Fields;London Fields;London Fields;7069660;;51.541052;-0.057774;GB;Europe/London;Q84;London Overground;BUS;code;7147535476;Q2434508;;;LOF;London Fields
TN7069670;gare;Rectory Road;Rectory Road;Rectory Road;7069670;;51.559112;-0.068617;GB;Europe/London;Q84;London Overground;BUS;code;6135938661;Q3246655;;;REC;Rectory Road
TN7069680;gare;Stamford Hill;Stamford Hill;Stamford Hill;7069680;;51.574883;-0.076279;GB;Europe/London;Q84;London Overground;BUS;code;6135938653;Q2179250;;;SMH;Stamford Hill
TN7069690;gare;Stratford London;Stratford London;Stratford London;7069690;;51.542358;-0.004175;GB;Europe/London;Q84;Elizabeth line|Greater Anglia|London Overground|c2c;BUS;gtfs;;;;;SRA;Stratford London
TN7069700;gare;Maryland;Maryland;Maryland;7069700;;51.546124;0.006378;GB;Europe/London;Q84;Elizabeth line;;code;6503115198;Q2208884;;;MYL;Maryland
TN7069710;gare;Northumberland Park;Northumberland Park;Northumberland Park;7069710;;51.601908;-0.053865;GB;Europe/London;Q84;Greater Anglia;;code;6137252710;Q2424431;;;NUM;Northumberland Park
TN7069720;gare;Silver Street;Silver Street;Silver Street;7069720;;51.615278;-0.066901;GB;Europe/London;Q84;London Overground;BUS;code;6993506571;Q1953734;;;SLV;Silver Street
TN7069730;gare;St James Street;St James Street;St James Street;7069730;;51.581172;-0.032205;GB;Europe/London;Q84;London Overground;BUS;code;7147521584;Q2084371;;;SJS;St James Street
TN7069770;gare;Hackney Central;Hackney Central;Hackney Central;7069770;;51.54706;-0.056875;GB;Europe/London;Q84;London Overground;BUS;code;6997712296;Q2220302;;;HKC;Hackney Central
TN7069780;gare;Hackney Wick;Hackney Wick;Hackney Wick;7069780;;51.543438;-0.024154;GB;Europe/London;Q84;London Overground;BUS;code;7147521855;Q2003534;;;HKW;Hackney Wick
TN7069790;gare;Homerton;Homerton;Homerton;7069790;;51.547079;-0.043121;GB;Europe/London;Q84;London Overground;BUS;code;7147509462;Q2451415;;;HMN;Homerton
TN7070060;gare;Brundall Gardens;Brundall Gardens;Brundall Gardens;7070060;;52.623399;1.418524;GB;Europe/London;Q2926580;Greater Anglia;BUS;code;26114838;Q2262602;;;BGA;Brundall Gardens
TN7070080;gare;Bury St Edmunds;Bury St Edmunds;Bury St Edmunds;7070080;;52.253635;0.712589;GB;Europe/London;Q764754;Greater Anglia;BUS;code;3788778657;Q3243921;;;BSE;Bury St Edmunds
TN7070110;gare;Kennett;Kennett;Kennett;7070110;;52.277251;0.490093;GB;Europe/London;Q2580055;Greater Anglia;;code;3724898176;Q3926161;;;KNE;Kennett
TN7070170;gare;Audley End;Audley End;Audley End;7070170;;52.004455;0.207151;GB;Europe/London;Q2495560;CrossCountry|Greater Anglia;BUS;code;6137852400;Q2574881;;;AUD;Audley End
TN7070220;gare;Cambridge;Cambridge;Cambridge;7070220;;52.194109;0.137715;GB;Europe/London;Q21713103;CrossCountry|Great Northern|Greater Anglia|Thameslink;BUS;code;573566827;Q3088356;;;CBG;Cambridge
TN7070270;gare;Dullingham;Dullingham;Dullingham;7070270;;52.201514;0.365879;GB;Europe/London;Q2144078;Greater Anglia;BUS;code;20960271;Q3353344;;;DUL;Dullingham
TN7070290;gare;Foxton;Foxton;Foxton;7070290;;52.119357;0.056977;GB;Europe/London;Q11698548;Great Northern;BUS;code;7209225046;Q2951467;;;FXN;Foxton
TN7070320;gare;Great Chesterford;Great Chesterford;Great Chesterford;7070320;;52.059928;0.193229;GB;Europe/London;Q1020030;Greater Anglia;BUS;code;3726214973;Q2765395;;;GRC;Great Chesterford
TN7070360;gare;Meldreth;Meldreth;Meldreth;7070360;;52.090832;0.009142;GB;Europe/London;Q2201156;Great Northern;BUS;code;21281518;Q2915277;;;MEL;Meldreth
TN7070380;gare;Newmarket;Newmarket;Newmarket;7070380;;52.238341;0.407349;GB;Europe/London;Q1382713;Greater Anglia;BUS;code;242588253;Q2320175;;;NMK;Newmarket
TN7070390;gare;Newport (Essex);Newport;Newport;7070390;;51.979863;0.215334;GB;Europe/London;Q101254;Greater Anglia;BUS;code;6137852399;Q2342586;;;NWE;Newport (Essex)
TN7070430;gare;Shelford;Shelford;Shelford;7070430;;52.149435;0.139845;GB;Europe/London;Q2375704;Greater Anglia;BUS;code;6137852402;Q4387174;;;SED;Shelford
TN7070440;gare;Shepreth;Shepreth;Shepreth;7070440;;52.114457;0.031648;GB;Europe/London;Q2174477;Great Northern;BUS;code;7209252034;Q4762519;;;STH;Shepreth
TN7070470;gare;Whittlesford Parkway;Whittlesford Parkway;Whittlesford Parkway;7070470;;52.103574;0.165736;GB;Europe/London;Q2238306;Greater Anglia;BUS;code;6137852401;Q1985489;;;WLF;Whittlesford Parkway
TN7070510;gare;Chappel & Wakes Colne;Chappel and Wakes Colne;Chappel and Wakes Colne;7070510;;51.925676;0.7585;GB;Europe/London;Q184163;Greater Anglia;BUS;code;181313427;Q2666580;;;CWC;Chappel & Wakes Colne
TN7070550;gare;Downham Market;Downham Market;Downham Market;7070550;;52.60416;0.365609;GB;Europe/London;Q1253266;Great Northern;BUS;code;71948729;Q980263;;;DOW;Downham Market
TN7070570;gare;Watlington;Watlington;Watlington;7070570;;52.672874;0.383129;GB;Europe/London;Q2334989;Great Northern;BUS;code;6960692712;Q1839322;;;WTG;Watlington
TN7070680;gare;Ely;Ely;Ely;7070680;;52.390688;0.266499;GB;Europe/London;Q209176;CrossCountry|East Midlands Railway|Great Northern|Greater Anglia;BUS;code;6415013198;Q2324504;;;ELY;Ely
TN7070720;gare;Littleport;Littleport;Littleport;7070720;;52.462334;0.316381;GB;Europe/London;Q1997485;Great Northern;BUS;code;1593444411;Q2173947;;;LTP;Littleport
TN7070730;gare;Shippea Hill;Shippea Hill;Shippea Hill;7070730;;52.430253;0.412756;GB;Europe/London;Q209176;Greater Anglia;;code;3055000539;Q1822505;;;SPP;Shippea Hill
TN7070790;gare;Waterbeach;Waterbeach;Waterbeach;7070790;;52.262282;0.196765;GB;Europe/London;Q686675;Great Northern|Greater Anglia;BUS;code;2530120482;Q2620884;;;WBC;Waterbeach
TN7070850;gare;Bures;Bures;Bures;7070850;;51.971203;0.769163;GB;Europe/London;Q676067;Greater Anglia;BUS;code;181313439;Q2069489;;;BUE;Bures
TN7070900;gare;Heathrow Terminals 1-2-3 Rail;Heathrow Terminals 2 & 3;Heathrow Terminals 2 & 3;7070900;;51.471928;-0.454312;GB;Europe/London;Q84;Elizabeth line|Heathrow Express;;code;6652280936;Q5694342;;;HXX;Heathrow Terminals 1-2-3 Rail
TN7070910;gare;Heathrow Terminal 4 Rail;Heathrow Terminal 4 Rail;Heathrow Terminal 4 Rail;7070910;;51.458214;-0.445447;GB;Europe/London;Q84;Elizabeth line;;gtfs;;;;;HAF;Heathrow Terminal 4 Rail
TN7070980;gare;Sudbury Suffolk;Sudbury Suffolk;Sudbury Suffolk;7070980;;52.035591;0.735111;GB;Europe/London;Q1021319;Greater Anglia;BUS;gtfs;;;;;SUY;Sudbury Suffolk
TN7071140;arret_car;Hunstanton Bus;Hunstanton Bus;Hunstanton Bus;7071140;;52.936756;0.486477;GB;Europe/London;Q617188;;BUS;gtfs;;;;;HUS;Hunstanton Bus
TN7071150;gare;Kings Lynn;Kings Lynn;Kings Lynn;7071150;;52.754108;0.403475;GB;Europe/London;Q157341;Great Northern;BUS;gtfs;;;;;KLN;Kings Lynn
TN7071650;gare;Manea;Manea;Manea;7071650;;52.497813;0.177806;GB;Europe/London;Q2292266;CrossCountry|Greater Anglia;BUS;code;43401074;Q2486636;;;MNE;Manea
TN7071660;gare;March;March;March;7071660;;52.560085;0.091319;GB;Europe/London;Q2569076;CrossCountry|East Midlands Railway|Greater Anglia;BUS;code;6900241774;Q2023178;;;MCH;March
TN7071870;gare;Whittlesea;Whittlesea;Whittlesea;7071870;;52.549577;-0.118087;GB;Europe/London;Q2335054;CrossCountry|East Midlands Railway|Greater Anglia;BUS;code;98001419;Q2123705;;;WLE;Whittlesea
TN7071880;arret_car;Wisbech (Coach);Wisbech (Coach);Wisbech (Coach);7071880;;52.665332;0.158978;GB;Europe/London;Q1012031;;BUS;gtfs;;;;;WIS;Wisbech (Coach)
TN7072000;gare;Brandon;Brandon;Brandon;7072000;;52.453878;0.624439;GB;Europe/London;Q2335721;East Midlands Railway|Greater Anglia;BUS;code;6723726878;Q2501282;;;BND;Brandon
TN7072010;gare;Lakenheath;Lakenheath;Lakenheath;7072010;;52.447433;0.534438;GB;Europe/London;Q1828371;Greater Anglia;;code;49247569;Q2579323;;;LAK;Lakenheath
TN7072030;gare;Thetford;Thetford;Thetford;7072030;;52.419156;0.745283;GB;Europe/London;Q237250;East Midlands Railway|Greater Anglia;BUS;code;6723726879;Q2691707;;;TTF;Thetford
TN7072110;gare;Darsham;Darsham;Darsham;7072110;;52.273207;1.523599;GB;Europe/London;Q2281750;Greater Anglia;BUS;code;252754155;Q2998721;;;DSM;Darsham
TN7072120;gare;Derby Road;Derby Road;Derby Road;7072120;;52.050518;1.182695;GB;Europe/London;Q184775;Greater Anglia;BUS;code;25685792;Q2353885;;;DBR;Derby Road
TN7072140;gare;Felixstowe;Felixstowe;Felixstowe;7072140;;51.967017;1.349814;GB;Europe/London;Q1000656;Greater Anglia;BUS;code;25685821;Q3247616;;;FLX;Felixstowe
TN7072170;gare;Ipswich;Ipswich;Ipswich;7072170;;52.050419;1.144788;GB;Europe/London;Q184775;Greater Anglia;BUS;code;2370148643;Q2003305;;;IPS;Ipswich
TN7072210;gare;Melton;Melton;Melton;7072210;;52.104351;1.338153;GB;Europe/London;Q1853349;Greater Anglia;BUS;code;256876989;Q3246752;;;MES;Melton
TN7072240;gare;Saxmundham;Saxmundham;Saxmundham;7072240;;52.215224;1.490272;GB;Europe/London;Q2450421;Greater Anglia;BUS;code;310588000;Q763638;;;SAX;Saxmundham
TN7072250;gare;Trimley;Trimley;Trimley;7072250;;51.976652;1.319415;GB;Europe/London;Q2176949;Greater Anglia;BUS;code;30132562;Q2889017;;;TRM;Trimley
TN7072260;gare;Westerfield;Westerfield;Westerfield;7072260;;52.081097;1.166243;GB;Europe/London;Q2232624;Greater Anglia;;code;25685939;Q1815407;;;WFI;Westerfield
TN7072270;gare;Wickham Market;Wickham Market;Wickham Market;7072270;;52.151034;1.398627;GB;Europe/London;Q1878048;Greater Anglia;BUS;code;7829844207;Q3043489;;;WCM;Wickham Market
TN7072280;gare;Woodbridge;Woodbridge;Woodbridge;7072280;;52.090296;1.317886;GB;Europe/London;Q1021350;Greater Anglia;BUS;code;8070385747;Q3246749;;;WDB;Woodbridge
TN7072580;gare;Beccles;Beccles;Beccles;7072580;;52.458826;1.569631;GB;Europe/London;Q813574;Greater Anglia;BUS;code;252746160;Q2659206;;;BCC;Beccles
TN7072590;gare;Brampton (Suffolk);Brampton;Brampton;7072590;;52.395508;1.543821;GB;Europe/London;Q54554266;Greater Anglia;;code;256709377;Q2599812;;;BRP;Brampton (Suffolk)
TN7072660;gare;Halesworth;Halesworth;Halesworth;7072660;;52.346959;1.505745;GB;Europe/London;Q1570884;Greater Anglia;BUS;code;1080701323;Q2406246;;;HAS;Halesworth
TN7072680;gare;Lowestoft;Lowestoft;Lowestoft;7072680;;52.47424;1.749987;GB;Europe/London;Q986007;Greater Anglia;BUS;code;252753813;Q2008297;;;LWT;Lowestoft
TN7072730;gare;Oulton Broad North;Oulton Broad North;Oulton Broad North;7072730;;52.477729;1.716176;GB;Europe/London;Q7110475;Greater Anglia;BUS;code;252745593;Q2854239;;;OUN;Oulton Broad North
TN7072740;gare;Oulton Broad South;Oulton Broad South;Oulton Broad South;7072740;;52.469587;1.707489;GB;Europe/London;Q7110475;Greater Anglia;BUS;code;263373872;Q1870239;;;OUS;Oulton Broad South
TN7072860;gare;Acle;Acle;Acle;7072860;;52.634676;1.543977;GB;Europe/London;Q341938;Greater Anglia;BUS;code;253006518;Q281169;;;ACL;Acle
TN7072890;gare;Brundall;Brundall;Brundall;7072890;;52.619537;1.438957;GB;Europe/London;Q2926580;Greater Anglia;BUS;code;26524106;Q282288;;;BDA;Brundall
TN7072900;gare;Buckenham;Buckenham;Buckenham;7072900;;52.597696;1.47021;GB;Europe/London;Q2908915;Greater Anglia;;code;253006650;Q2064742;;;BUC;Buckenham
TN7072920;gare;Cantley;Cantley;Cantley;7072920;;52.578721;1.513627;GB;Europe/London;Q927910;Greater Anglia;BUS;code;283317149;Q2149282;;;CNY;Cantley
TN7072950;gare;Cromer;Cromer;Cromer;7072950;;52.930054;1.291648;GB;Europe/London;Q208296;Greater Anglia;BUS;code;82605869;Q1950073;;;CMR;Cromer
TN7072970;gare;Roughton Road;Roughton Road;Roughton Road;7072970;;52.91792;1.299785;GB;Europe/London;Q208296;Greater Anglia;BUS;code;248924981;Q217695;;;RNR;Roughton Road
TN7072990;gare;Gunton;Gunton;Gunton;7072990;;52.866075;1.349369;GB;Europe/London;Q2357929;Greater Anglia;;code;248923922;Q217665;;;GNT;Gunton
TN7073000;gare;Haddiscoe;Haddiscoe;Haddiscoe;7073000;;52.529025;1.62299;GB;Europe/London;Q1869035;Greater Anglia;BUS;code;253007096;Q2754722;;;HAD;Haddiscoe
TN7073050;gare;Lingwood;Lingwood;Lingwood;7073050;;52.62205;1.489691;GB;Europe/London;Q16572187;Greater Anglia;BUS;code;253007463;Q281164;;;LGD;Lingwood
TN7073080;gare;North Walsham;North Walsham;North Walsham;7073080;;52.816864;1.38457;GB;Europe/London;Q327168;Greater Anglia;BUS;code;114975239;Q217655;;;NWA;North Walsham
TN7073090;gare;Norwich;Norwich;Norwich;7073090;;52.626307;1.307688;GB;Europe/London;Q130191;East Midlands Railway|Greater Anglia;BUS;code;7158616254;Q389902;;;NRW;Norwich
TN7073160;gare;Reedham (Norfolk);Reedham;Reedham;7073160;;52.564446;1.559524;GB;Europe/London;Q2645701;Greater Anglia;BUS;code;2940664240;Q1960288;;;REE;Reedham (Norfolk)
TN7073180;gare;Salhouse;Salhouse;Salhouse;7073180;;52.675582;1.391367;GB;Europe/London;Q266515;Greater Anglia;BUS;code;204065608;Q248738;;;SAH;Salhouse
TN7073190;gare;Sheringham;Sheringham;Sheringham;7073190;;52.941367;1.21079;GB;Europe/London;Q239496;Greater Anglia;BUS;code;82605817;;;;SHM;Sheringham
TN7073200;gare;Somerleyton;Somerleyton;Somerleyton;7073200;;52.510152;1.652251;GB;Europe/London;Q2322168;Greater Anglia;BUS;code;263373156;Q1920909;;;SYT;Somerleyton
TN7073260;gare;Worstead;Worstead;Worstead;7073260;;52.777353;1.404073;GB;Europe/London;Q2227805;Greater Anglia;BUS;code;36150862;Q248736;;;WRT;Worstead
TN7073270;gare;Hoveton & Wroxham;Hoveton and Wroxham;Hoveton and Wroxham;7073270;;52.715535;1.408079;GB;Europe/London;Q2548710;Greater Anglia;BUS;code;204069482;Q281183;;;HXM;Hoveton & Wroxham
TN7073280;gare;Great Yarmouth;Great Yarmouth;Great Yarmouth;7073280;;52.611921;1.720688;GB;Europe/London;Q237253;Greater Anglia;BUS;code;1699243929;Q280999;;;GYM;Great Yarmouth
TN7073290;gare;West Runton;West Runton;West Runton;7073290;;52.935549;1.245795;GB;Europe/London;Q2748757;Greater Anglia;BUS;code;82605847;Q217353;;;WRN;West Runton
TN7073300;gare;Berney Arms;Berney Arms;Berney Arms;7073300;;52.590258;1.631071;GB;Europe/London;Q1780228;Greater Anglia;;code;253006594;Q281175;;;BYA;Berney Arms
TN7073480;gare;Diss;Diss;Diss;7073480;;52.373616;1.123541;GB;Europe/London;Q1229288;Greater Anglia;BUS;code;7362947493;Q2716714;;;DIS;Diss
TN7073490;gare;Elmswell;Elmswell;Elmswell;7073490;;52.23815;0.912534;GB;Europe/London;Q1950182;Greater Anglia;BUS;code;3788853257;Q2980360;;;ESW;Elmswell
TN7073540;gare;Needham Market;Needham Market;Needham Market;7073540;;52.152627;1.055546;GB;Europe/London;Q2321381;Greater Anglia;BUS;code;3788869872;Q2526515;;;NMT;Needham Market
TN7073550;gare;Stowmarket;Stowmarket;Stowmarket;7073550;;52.189799;1.000257;GB;Europe/London;Q2454255;Greater Anglia;BUS;code;3788871517;Q2618103;;;SMK;Stowmarket
TN7073560;gare;Thurston;Thurston;Thurston;7073560;;52.249911;0.808691;GB;Europe/London;Q2751552;Greater Anglia;BUS;code;3788853380;Q2384368;;;TRS;Thurston
TN7073670;gare;Attleborough;Attleborough;Attleborough;7073670;;52.51443;1.022207;GB;Europe/London;Q1975526;East Midlands Railway|Greater Anglia;BUS;code;6723726881;Q2093675;;;ATL;Attleborough
TN7073700;gare;Eccles Road;Eccles Road;Eccles Road;7073700;;52.471295;0.969994;GB;Europe/London;Q488142;Greater Anglia;;code;6723726880;Q2037638;;;ECS;Eccles Road
TN7073740;gare;Harling Road;Harling Road;Harling Road;7073740;;52.453858;0.909311;GB;Europe/London;Q2687567;Greater Anglia;;code;3727506861;Q2746601;;;HRD;Harling Road
TN7073790;gare;Spooner Row;Spooner Row;Spooner Row;7073790;;52.534921;1.086;GB;Europe/London;Q7579168;Greater Anglia;;code;3727506862;Q2476140;;;SPN;Spooner Row
TN7073830;gare;Wymondham;Wymondham;Wymondham;7073830;;52.565351;1.118135;GB;Europe/London;Q1787230;East Midlands Railway|Greater Anglia;BUS;code;6723726882;Q2411114;;;WMD;Wymondham
TN7074000;gare;Blackhorse Road;Blackhorse Road;Blackhorse Road;7074000;;51.586717;-0.041645;GB;Europe/London;Q84;London Overground;;code;29859288;Q800541;;;BHO;Blackhorse Road
TN7074010;gare;Harringay Green Lanes;Harringay Green Lanes;Harringay Green Lanes;7074010;;51.57724;-0.097888;GB;Europe/London;Q84;London Overground;BUS;code;6993490520;Q9286575;;;HRY;Harringay Green Lanes
TN7074020;gare;Leyton Midland Road;Leyton Midland Road;Leyton Midland Road;7074020;;51.569452;-0.007088;GB;Europe/London;Q84;London Overground;;code;6997668561;Q2217020;;;LEM;Leyton Midland Road
TN7074030;gare;Leytonstone High Road;Leytonstone High Road;Leytonstone High Road;7074030;;51.563682;0.008201;GB;Europe/London;Q84;London Overground;;code;1742846162;Q3500636;;;LER;Leytonstone High Road
TN7074040;gare;South Tottenham;South Tottenham;South Tottenham;7074040;;51.580443;-0.071717;GB;Europe/London;Q84;London Overground;;code;7147518905;Q686458;;;STO;South Tottenham
TN7074060;gare;Crouch Hill;Crouch Hill;Crouch Hill;7074060;;51.571431;-0.116874;GB;Europe/London;Q84;London Overground;BUS;code;6724844051;Q2683950;;;CRH;Crouch Hill
TN7074070;gare;Walthamstow Queens Road;Walthamstow Queens Road;Walthamstow Queens Road;7074070;;51.581367;-0.024113;GB;Europe/London;Q84;London Overground;;gtfs;;;;;WMW;Walthamstow Queens Road
TN7074080;gare;Wanstead Park;Wanstead Park;Wanstead Park;7074080;;51.55176;0.026073;GB;Europe/London;Q84;London Overground;;code;1742840596;Q641970;;;WNP;Wanstead Park
TN7074160;gare;Coventry Arena;Coventry Arena;Coventry Arena;7074160;;52.446956;-1.494799;GB;Europe/London;Q6225;West Midlands Trains;BUS;code;2003007164;Q5179044;;;CAA;Coventry Arena
TN7074190;gare;Prittlewell;Prittlewell;Prittlewell;7074190;;51.550593;0.710649;GB;Europe/London;Q203995;Greater Anglia;BUS;code;314994462;Q1880808;;;PRL;Prittlewell
TN7074200;gare;Southend Victoria;Southend Victoria;Southend Victoria;7074200;;51.542936;0.711481;GB;Europe/London;Q203995;Greater Anglia;BUS;code;7140234411;Q3254036;;;SOV;Southend Victoria
TN7074390;gare;Benfleet;Benfleet;Benfleet;7074390;;51.5441;0.561624;GB;Europe/London;Q2347600;c2c;BUS;code;6733461087;Q2561112;;;BEF;Benfleet
TN7074400;gare;Dagenham Dock;Dagenham Dock;Dagenham Dock;7074400;;51.526193;0.145432;GB;Europe/London;Q84;c2c;;code;6735092352;Q800643;;;DDK;Dagenham Dock
TN7074430;gare;Grays;Grays;Grays;7074430;;51.476374;0.321892;GB;Europe/London;Q991532;c2c;BUS;code;6734932969;Q4844809;;;GRY;Grays
TN7074450;gare;Laindon;Laindon;Laindon;7074450;;51.567595;0.423716;GB;Europe/London;Q216649;c2c;BUS;code;6733268329;Q2801845;;;LAI;Laindon
TN7074460;gare;Leigh-on-Sea;Leigh-on-Sea;Leigh-on-Sea;7074460;;51.541211;0.639457;GB;Europe/London;Q541590;c2c;BUS;code;6733461095;Q2396445;;;LES;Leigh-On-Sea
TN7074470;gare;Chafford Hundred;Chafford Hundred Lakeside;Chafford Hundred Lakeside;7074470;;51.485596;0.287468;GB;Europe/London;Q747456;c2c;BUS;code;6735092354;Q2385653;;;CFH;Chafford Hundred
TN7074510;gare;Ockendon;Ockendon;Ockendon;7074510;;51.521446;0.290239;GB;Europe/London;Q747456;c2c;BUS;code;6735129485;Q2099828;;;OCK;Ockendon
TN7074520;gare;Pitsea;Pitsea;Pitsea;7074520;;51.56024;0.507976;GB;Europe/London;Q216649;c2c;BUS;code;6733461096;Q2982936;;;PSE;Pitsea
TN7074530;gare;Purfleet;Purfleet;Purfleet;7074530;;51.481086;0.236995;GB;Europe/London;Q1972020;c2c;BUS;code;6912381662;Q2506816;;;PFL;Purfleet
TN7074540;gare;Rainham (Essex);Rainham;Rainham;7074540;;51.51672;0.190622;GB;Europe/London;Q84;c2c;BUS;code;6735092353;Q2221209;;;RNM;Rainham (Essex)
TN7074550;gare;Shoeburyness;Shoeburyness;Shoeburyness;7074550;;51.531446;0.794567;GB;Europe/London;Q593890;c2c;BUS;code;6503115197;Q2267686;;;SRY;Shoeburyness
TN7074560;gare;Southend Central;Southend Central;Southend Central;7074560;;51.537359;0.71165;GB;Europe/London;Q203995;c2c;BUS;code;6733461093;Q593051;;;SOC;Southend Central
TN7074570;gare;Southend East;Southend East;Southend East;7074570;;51.538906;0.73149;GB;Europe/London;Q203995;c2c;BUS;code;6733461091;Q2311959;;;SOE;Southend East
TN7074580;gare;Stanford-le-Hope;Stanford-le-Hope;Stanford-le-Hope;7074580;;51.514193;0.422909;GB;Europe/London;Q2574529;c2c;BUS;code;6735092344;Q2062756;;;SFO;Stanford-Le-Hope
TN7074600;gare;Thorpe Bay;Thorpe Bay;Thorpe Bay;7074600;;51.53766;0.761936;GB;Europe/London;Q593890;c2c;BUS;code;6733461092;Q7796686;;;TPB;Thorpe Bay
TN7074610;arret_car;Tilbury Riverside;Tilbury Riverside;Tilbury Riverside;7074610;;51.451862;0.36467;GB;Europe/London;Q648432;;BUS;gtfs;;;;;TBR;Tilbury Riverside
TN7074620;gare;Tilbury Town;Tilbury Town;Tilbury Town;7074620;;51.46246;0.353829;GB;Europe/London;Q648432;c2c;BUS;code;4081999141;Q3295563;;;TIL;Tilbury Town
TN7074640;gare;Upminster;Upminster;Upminster;7074640;;51.558971;0.251682;GB;Europe/London;Q84;London Overground|c2c;BUS;code;443640800;Q801547;;;UPM;Upminster
TN7074660;gare;West Horndon;West Horndon;West Horndon;7074660;;51.567854;0.34068;GB;Europe/London;Q909993;c2c;BUS;code;2008923738;Q1808174;;;WHR;West Horndon
TN7074670;gare;Woodgrange Park;Woodgrange Park;Woodgrange Park;7074670;;51.549168;0.044728;GB;Europe/London;Q84;London Overground;BUS;code;6753887325;Q2733963;;;WGR;Woodgrange Park
TN7074690;gare;Chalkwell;Chalkwell;Chalkwell;7074690;;51.538612;0.669842;GB;Europe/London;Q541590;c2c;BUS;code;6733461094;Q744484;;;CHW;Chalkwell
TN7074710;gare;East Tilbury;East Tilbury;East Tilbury;7074710;;51.484491;0.412733;GB;Europe/London;Q2135238;c2c;BUS;code;6735092345;Q2487544;;;ETL;East Tilbury
TN7074730;gare;Emerson Park;Emerson Park;Emerson Park;7074730;;51.568601;0.220238;GB;Europe/London;Q84;London Overground;;code;6906130548;Q2177253;;;EMP;Emerson Park
TN7074741;gare;West Ham;West Ham;West Ham;7074741;;51.528097;0.004568;GB;Europe/London;Q84;c2c;;code;5252083983;Q801601;;;WEH;West Ham
TN7074760;gare;Westcliff;Westcliff;Westcliff;7074760;;51.537445;0.691516;GB;Europe/London;Q541590;c2c;BUS;code;7140234412;Q2319277;;;WCF;Westcliff
TN7074900;gare;London Fenchurch Street;London Fenchurch Street;London Fenchurch Street;7074900;;51.511328;-0.077419;GB;Europe/London;Q23311;c2c;;code;5114697934;Q800753;;;FST;London Fenchurch Street
TN7074910;gare;Limehouse;Limehouse;Limehouse;7074910;;51.51287;-0.039046;GB;Europe/London;Q84;c2c;;code;5469622521;Q801102;;;LHS;Limehouse
TN7074920;gare;Barking;Barking;Barking;7074920;;51.540268;0.079324;GB;Europe/London;Q377720;London Overground|c2c;BUS;code;6452489646;Q800451;;;BKG;Barking
TN7074940;gare;Basildon;Basildon;Basildon;7074940;;51.568142;0.456796;GB;Europe/London;Q216649;c2c;BUS;code;2008917061;Q2752701;;;BSO;Basildon
TN7075010;gare;Buckshaw Parkway;Buckshaw Parkway;Buckshaw Parkway;7075010;;53.672955;-2.658985;GB;Europe/London;Q2078535;Northern;BUS;code;7209304873;Q4983494;;;BSV;Buckshaw Parkway
TN7075030;gare;Blaydon;Blaydon;Blaydon;7075030;;54.965963;-1.712881;GB;Europe/London;Q933113;Northern;;code;5018402678;Q2155219;;;BLO;Blaydon
TN7075040;gare;Corbridge;Corbridge;Corbridge;7075040;;54.966265;-2.019029;GB;Europe/London;Q122953;Northern;;code;3715250483;Q1883670;;;CRB;Corbridge
TN7075060;gare;Hexham;Hexham;Hexham;7075060;;54.973533;-2.094793;GB;Europe/London;Q947400;Northern;;code;5693024822;Q2462338;;;HEX;Hexham
TN7075090;gare;Prudhoe;Prudhoe;Prudhoe;7075090;;54.965871;-1.864737;GB;Europe/London;Q2672173;Northern;;code;3715250497;Q2298662;;;PRU;Prudhoe
TN7075100;gare;Riding Mill;Riding Mill;Riding Mill;7075100;;54.948933;-1.971954;GB;Europe/London;Q7332950;Northern;;code;3715250499;Q2365388;;;RDM;Riding Mill
TN7075130;gare;Stocksfield;Stocksfield;Stocksfield;7075130;;54.946811;-1.917189;GB;Europe/London;Q7618200;Northern;;code;3715250506;Q2371813;;;SKS;Stocksfield
TN7075140;gare;Wylam;Wylam;Wylam;7075140;;54.974873;-1.814368;GB;Europe/London;Q1025063;Northern;;code;3715250510;Q2536803;;;WYM;Wylam
TN7075150;gare;Commondale;Commondale;Commondale;7075150;;54.48123;-0.974922;GB;Europe/London;Q2104723;Northern;;code;1202940916;Q1943197;;;COM;Commondale
TN7075160;gare;Kildale;Kildale;Kildale;7075160;;54.477751;-1.068327;GB;Europe/London;Q6406698;Northern;;code;1431155653;Q6406700;;;KLD;Kildale
TN7075200;gare;Allens West;Allens West;Allens West;7075200;;54.524557;-1.361652;GB;Europe/London;Q1612793;Northern;;code;4563657321;Q2184547;;;ALW;Allens West
TN7075620;gare;Kingston Park;Kingston Park;Kingston Park;7075620;;55.014424;-1.665917;GB;Europe/London;Q1425428;Tyne and Wear Metro;;nom;4524822530;Q6413575;;;KIP;Kingston Park
TN7075630;gare;Bardon Mill;Bardon Mill;Bardon Mill;7075630;;54.974544;-2.345071;GB;Europe/London;Q1858460;Northern;;code;3715250478;Q2052953;;;BLL;Bardon Mill
TN7075650;gare;Brampton (Cumbria);Brampton;Brampton;7075650;;54.932154;-2.70385;GB;Europe/London;Q2491525;Northern;;code;5459736194;Q2631617;;;BMP;Brampton (Cumbria)
TN7075680;gare;Haltwhistle;Haltwhistle;Haltwhistle;7075680;;54.96799;-2.462764;GB;Europe/London;Q748591;Northern;;code;3715250484;Q13528467;;;HWH;Haltwhistle
TN7075690;gare;Haydon Bridge;Haydon Bridge;Haydon Bridge;7075690;;54.97529;-2.247206;GB;Europe/London;Q947400;Northern;;code;3715250487;Q2003647;;;HDB;Haydon Bridge
TN7075720;gare;Wetheral;Wetheral;Wetheral;7075720;;54.883738;-2.831992;GB;Europe/London;Q2391907;Northern;;code;3715250509;Q2573396;;;WRL;Wetheral
TN7075790;gare;Cramlington;Cramlington;Cramlington;7075790;;55.087763;-1.598683;GB;Europe/London;Q918787;Northern|TransPennine Express;BUS;code;8068832751;Q2007937;;;CRM;Cramlington
TN7076030;gare;Manors;Manors;Manors;7076030;;54.972671;-1.605632;GB;Europe/London;Q1425428;Northern;;code;4524022602;Q2772409;;;MAS;Manors
TN7076080;gare;Ashington;Ashington;Ashington;7076080;;55.18212;-1.572598;GB;Europe/London;Q202348;Northern;BUS;code;12424571567;Q4805108;;;ASL;Ashington
TN7076320;gare;St Peters;St Peters;St Peters;7076320;;54.91066;-1.38387;GB;Europe/London;Q188304;Tyne and Wear Metro;;gtfs;;;;;STZ;St Peters
TN7076400;gare;Sunderland;Sunderland;Sunderland;7076400;;54.906111;-1.38244;GB;Europe/London;Q188304;Grand Central|Northern|Tyne and Wear Metro;BUS;code;4492377645;Q2669414;;;SUN;Sunderland
TN7076410;gare;Seaburn;Seaburn;Seaburn;7076410;;54.929562;-1.386504;GB;Europe/London;Q188304;Tyne and Wear Metro;;code;4524000784;Q7440231;;;SEB;Seaburn
TN7076620;gare;Acklington;Acklington;Acklington;7076620;;55.307217;-1.651769;GB;Europe/London;Q675592;Northern;BUS;code;5520053927;Q3517520;;;ACK;Acklington
TN7076660;gare;Bedlington;Bedlington;Bedlington;7076660;;55.140758;-1.569415;GB;Europe/London;Q659062;Northern;BUS;code;12487450707;;;;BEJ;Bedlington
TN7076680;gare;Newsham;Newsham;Newsham;7076680;;55.102754;-1.523982;GB;Europe/London;Q2871782;Northern;BUS;code;12383144343;;;;NWH;Newsham
TN7076690;gare;Blyth Bebside;Blyth Bebside;Blyth Bebside;7076690;;55.125099;-1.557111;GB;Europe/London;Q886899;Northern;BUS;code;12487500809;;;;BLI;Blyth Bebside
TN7076800;gare;Morpeth;Morpeth;Morpeth;7076800;;55.162362;-1.683148;GB;Europe/London;Q736785;CrossCountry|LNER|Lumo|Northern|TransPennine Express;BUS;code;7209360087;Q2534198;;;MPT;Morpeth
TN7076850;gare;Pegswood;Pegswood;Pegswood;7076850;;55.178323;-1.64372;GB;Europe/London;Q2339370;Northern;BUS;code;6738885509;Q2495528;;;PEG;Pegswood
TN7076950;gare;Widdrington;Widdrington;Widdrington;7076950;;55.241144;-1.616219;GB;Europe/London;VGB-widdrington-station;Northern;BUS;code;46985645;Q2572775;;;WDD;Widdrington
TN7077250;gare;MetroCentre;MetroCentre;MetroCentre;7077250;;54.958889;-1.664932;GB;Europe/London;Q2573389;Northern;;code;20966905;Q2781169;;;MCE;Metrocentre
TN7077280;gare;Newcastle;Newcastle;Newcastle;7077280;;54.968336;-1.616046;GB;Europe/London;Q1425428;CrossCountry|LNER|Lumo|Northern|TransPennine Express;BUS;code;195885858;Q2047417;;;NCL;Newcastle
TN7077360;gare;Chester-le-Street;Chester-le-Street;Chester-le-Street;7077360;;54.854535;-1.578254;GB;Europe/London;Q2570025;Northern|TransPennine Express;;code;7167787645;Q2642125;;;CLS;Chester-Le-Street
TN7077400;gare;Brockley Whins;Brockley Whins;Brockley Whins;7077400;;54.959519;-1.460684;GB;Europe/London;VGB-west-boldon;Tyne and Wear Metro;;code;4523999956;Q4972838;;;BNR;Brockley Whins
TN7077440;gare;Dunston;Dunston;Dunston;7077440;;54.949998;-1.641441;GB;Europe/London;Q216372;Northern;;code;502599476;Q678990;;;DOT;Dunston
TN7077450;gare;Durham;Durham;Durham;7077450;;54.779749;-1.581512;GB;Europe/London;Q179815;CrossCountry|LNER|Northern|TransPennine Express;BUS;code;7167810363;Q2407800;;;DHM;Durham
TN7077460;gare;East Boldon;East Boldon;East Boldon;7077460;;54.946345;-1.420154;GB;Europe/London;VGB-east-boldon;Tyne and Wear Metro;;code;4523978182;Q5327886;;;EBL;East Boldon
TN7077660;gare;Heworth;Heworth;Heworth;7077660;;54.951594;-1.55758;GB;Europe/London;VGB-pelaw;Northern|Tyne and Wear Metro;BUS;code;4492377629;Q2367499;;;HEW;Heworth
TN7077770;gare;Brent Cross West;Brent Cross West;Brent Cross West;7077770;;51.568819;-0.226544;GB;Europe/London;Q84;Thameslink;BUS;code;8907391302;Q4961357;;;BCZ;Brent Cross West
TN7077791;gare;Marsh Barton;Marsh Barton;Marsh Barton;7077791;;50.70439;-3.521486;GB;Europe/London;Q127095;Great Western Railway;;code;8324082437;Q16977866;;;MBT;Marsh Barton
TN7077800;gare;Robroyston;Robroyston;Robroyston;7077800;;55.886885;-4.174391;GB;Europe/London;Q4093;ScotRail;;code;7057902640;Q56755068;;;RRN;Robroyston
TN7077830;gare;Ilkeston;Ilkeston;Ilkeston;7077830;;52.979098;-1.29504;GB;Europe/London;Q2061067;East Midlands Railway|Northern;BUS;code;7170589239;Q15228309;;;ILN;Ilkeston
TN7077870;gare;Alnmouth;Alnmouth;Alnmouth;7077870;;55.392793;-1.636772;GB;Europe/London;Q45117536;CrossCountry|LNER|Northern|TransPennine Express;BUS;code;20913787;Q4734063;;;ALM;Alnmouth
TN7077910;gare;Berwick-upon-Tweed;Berwick-upon-Tweed;Berwick-upon-Tweed;7077910;;55.774555;-2.010542;GB;Europe/London;Q504678;CrossCountry|LNER|TransPennine Express;BUS;code;20913981;Q2232337;;;BWK;Berwick-Upon-Tweed
TN7077920;gare;Chathill;Chathill;Chathill;7077920;;55.536726;-1.706652;GB;Europe/London;Q2315450;Northern;BUS;code;20914841;Q5087731;;;CHT;Chathill
TN7078140;gare;Seaham;Seaham;Seaham;7078140;;54.839091;-1.346378;GB;Europe/London;Q2345990;Grand Central|Northern;BUS;code;3696748721;Q1977110;;;SEA;Seaham
TN7078150;gare;Bank Foot;Bank Foot;Bank Foot;7078150;;55.013918;-1.678073;GB;Europe/London;Q1425428;Tyne and Wear Metro;;nom;4523848873;Q4855918;;;BAF;Bank Foot
TN7078340;gare;Newton Aycliffe;Newton Aycliffe;Newton Aycliffe;7078340;;54.613739;-1.58971;GB;Europe/London;Q339608;Northern;;code;695343411;Q2609531;;;NAY;Newton Aycliffe
TN7078350;gare;Bishop Auckland;Bishop Auckland;Bishop Auckland;7078350;;54.657221;-1.677953;GB;Europe/London;Q866339;Northern;;code;102208484;Q2347286;;;BIA;Bishop Auckland
TN7078770;gare;Darlington;Darlington;Darlington;7078770;;54.520662;-1.546691;GB;Europe/London;Q213181;CrossCountry|LNER|Northern|TransPennine Express;BUS;code;7149979928;Q2286393;;;DAR;Darlington
TN7078870;gare;Heighington;Heighington;Heighington;7078870;;54.597132;-1.581771;GB;Europe/London;Q4831050;Northern;;code;3696655200;Q934808;;;HEI;Heighington
TN7078930;gare;Shildon;Shildon;Shildon;7078930;;54.626193;-1.63671;GB;Europe/London;Q2575415;Northern;;code;102208486;Q2203193;;;SHD;Shildon
TN7078950;gare;North Road;North Road;North Road;7078950;;54.53573;-1.553929;GB;Europe/London;Q213181;Northern;;code;5857021903;Q2432748;;;NRD;North Road
TN7078970;gare;Dinsdale;Dinsdale;Dinsdale;7078970;;54.514996;-1.467122;GB;Europe/London;Q6842040;Northern;;code;102223697;Q1868098;;;DND;Dinsdale
TN7079090;gare;Battersby;Battersby;Battersby;7079090;;54.457555;-1.093357;GB;Europe/London;Q2736813;Northern;;code;27647529;Q367057;;;BTT;Battersby
TN7079100;gare;Billingham;Billingham;Billingham;7079100;;54.605715;-1.279537;GB;Europe/London;Q862891;Northern;;code;1320101388;Q3488349;;;BIL;Billingham
TN7079140;gare;Castleton Moor;Castleton Moor;Castleton Moor;7079140;;54.467148;-0.946726;GB;Europe/London;Q2103060;Northern;;code;1245407063;Q2181881;;;CSM;Castleton Moor
TN7079150;gare;Danby;Danby;Danby;7079150;;54.466175;-0.910998;GB;Europe/London;Q2611576;Northern;;code;1408427539;Q2012537;;;DNY;Danby
TN7079160;gare;Eaglescliffe;Eaglescliffe;Eaglescliffe;7079160;;54.530089;-1.34972;GB;Europe/London;Q1612793;Grand Central|Northern|TransPennine Express;BUS;code;762005129;Q2239157;;;EAG;Eaglescliffe
TN7079170;gare;Yarm;Yarm;Yarm;7079170;;54.493763;-1.351467;GB;Europe/London;Q2462654;TransPennine Express;BUS;code;3711868143;Q2733475;;;YRM;Yarm
TN7079180;gare;Egton;Egton;Egton;7079180;;54.437531;-0.76175;GB;Europe/London;Q852778;Northern;;code;1239254402;Q2437498;;;EGT;Egton
TN7079210;gare;Glaisdale;Glaisdale;Glaisdale;7079210;;54.439506;-0.793929;GB;Europe/London;Q5566495;Northern;;code;1191247145;Q2357575;;;GLS;Glaisdale
TN7079220;gare;Great Ayton;Great Ayton;Great Ayton;7079220;;54.489497;-1.115235;GB;Europe/London;Q1616712;Northern;;code;1549414100;Q3377096;;;GTA;Great Ayton
TN7079250;gare;Lealholm;Lealholm;Lealholm;7079250;;54.460459;-0.825511;GB;Europe/London;Q6509370;Northern;;code;1408427542;Q2377733;;;LHM;Lealholm
TN7079280;gare;Marske;Marske;Marske;7079280;;54.587381;-1.019516;GB;Europe/London;Q1655185;Northern;BUS;code;21484381;Q951534;;;MSK;Marske
TN7079290;gare;Middlesbrough;Middlesbrough;Middlesbrough;7079290;;54.579146;-1.234509;GB;Europe/London;Q171866;LNER|Northern|TransPennine Express;BUS;code;6661361840;Q2102917;;;MBR;Middlesbrough
TN7079300;gare;Gypsy Lane;Gypsy Lane;Gypsy Lane;7079300;;54.533329;-1.180312;GB;Europe/London;Q171866;Northern;;code;7209308687;Q2431199;;;GYP;Gypsy Lane
TN7079460;gare;Nunthorpe;Nunthorpe;Nunthorpe;7079460;;54.528039;-1.16979;GB;Europe/London;Q171866;Northern;;code;5074208787;Q2200991;;;NNT;Nunthorpe
TN7079470;gare;Marton;Marton;Marton;7079470;;54.544225;-1.198361;GB;Europe/London;Q171866;Northern;;code;7198940520;Q6777308;;;MTO;Marton
TN7079500;gare;Redcar Central;Redcar Central;Redcar Central;7079500;;54.615986;-1.070322;GB;Europe/London;Q1193749;Northern|TransPennine Express;BUS;code;3711820598;Q2317607;;;RCC;Redcar Central
TN7079510;gare;Saltburn;Saltburn;Saltburn;7079510;;54.583418;-0.975223;GB;Europe/London;Q2332298;Northern|TransPennine Express;BUS;code;1572979129;Q2033443;;;SLB;Saltburn
TN7079530;gare;South Bank;South Bank;South Bank;7079530;;54.584011;-1.176271;GB;Europe/London;Q1434448;Northern;BUS;code;3711820600;Q1898560;;;SBK;South Bank
TN7079740;gare;Redcar East;Redcar East;Redcar East;7079740;;54.609055;-1.051925;GB;Europe/London;Q1193749;Northern;BUS;code;29792846;Q4318568;;;RCE;Redcar East
TN7079750;gare;Stockton;Stockton;Stockton;7079750;;54.569883;-1.318223;GB;Europe/London;Q989418;Northern;;code;253065571;Q2749128;;;STK;Stockton
TN7079760;gare;Thornaby;Thornaby;Thornaby;7079760;;54.559189;-1.301696;GB;Europe/London;Q652078;LNER|Northern|TransPennine Express;BUS;code;7170524815;Q2795880;;;TBY;Thornaby
TN7079780;gare;Longbeck;Longbeck;Longbeck;7079780;;54.589337;-1.030993;GB;Europe/London;Q1655185;Northern;BUS;code;1582447288;Q2337724;;;LGK;Longbeck
TN7079790;gare;Fawdon;Fawdon;Fawdon;7079790;;55.013597;-1.644302;GB;Europe/London;Q1425428;Tyne and Wear Metro;;nom;3814734849;Q5438738;;;FAW;Fawdon
TN7079960;gare;Northallerton;Northallerton;Northallerton;7079960;;54.332473;-1.441378;GB;Europe/London;Q21241814;Grand Central|LNER|TransPennine Express;BUS;code;6760741486;Q2537832;;;NTR;Northallerton
TN7080010;gare;Cambridge North;Cambridge North;Cambridge North;7080010;;52.224651;0.15877;GB;Europe/London;Q605450;Great Northern|Greater Anglia;BUS;code;1993437425;Q5025527;;;CMB;Cambridge North
TN7080070;gare;Seaton Carew;Seaton Carew;Seaton Carew;7080070;;54.658207;-1.200477;GB;Europe/London;Q7442007;Northern;;code;3696748722;Q2068534;;;SEC;Seaton Carew
TN7080090;gare;Hartlepool;Hartlepool;Hartlepool;7080090;;54.686826;-1.207832;GB;Europe/London;Q215752;Grand Central|Northern;BUS;code;6661375389;Q4046880;;;HPL;Hartlepool
TN7080250;gare;Goole;Goole;Goole;7080250;;53.704968;-0.874258;GB;Europe/London;Q1000740;Northern;BUS;code;7452935121;Q2354168;;;GOO;Goole
TN7080310;gare;Rawcliffe;Rawcliffe;Rawcliffe;7080310;;53.688943;-0.961271;GB;Europe/London;Q2339390;Northern;;code;157599125;Q2080885;;;RWC;Rawcliffe
TN7080330;gare;Saltmarshe;Saltmarshe;Saltmarshe;7080330;;53.722066;-0.809166;GB;Europe/London;Q2777788;Northern;;code;3711902058;Q2553697;;;SAM;Saltmarshe
TN7080360;gare;Snaith;Snaith;Snaith;7080360;;53.693167;-1.02794;GB;Europe/London;Q681806;Northern;;code;7452565703;Q2522426;;;SNI;Snaith
TN7080450;gare;Arram;Arram;Arram;7080450;;53.88433;-0.426545;GB;Europe/London;Q851718;Northern;;code;3711894538;Q662135;;;ARR;Arram
TN7080470;gare;Bempton;Bempton;Bempton;7080470;;54.127791;-0.180715;GB;Europe/London;Q527391;Northern;;code;2520782503;Q2653960;;;BEM;Bempton
TN7080480;gare;Beverley;Beverley;Beverley;7080480;;53.842161;-0.422899;GB;Europe/London;Q851718;Hull Trains|Northern;;code;3711894539;Q522656;;;BEV;Beverley
TN7080490;gare;Bridlington;Bridlington;Bridlington;7080490;;54.084065;-0.200369;GB;Europe/London;Q527391;Northern;;code;3711894540;Q2684620;;;BDT;Bridlington
TN7080500;gare;Broomfleet;Broomfleet;Broomfleet;7080500;;53.740367;-0.673009;GB;Europe/London;Q2762400;Northern;;code;6012608672;Q2675002;;;BMF;Broomfleet
TN7080510;gare;Brough;Brough;Brough;7080510;;53.726933;-0.578149;GB;Europe/London;Q2926314;Hull Trains|LNER|Northern|TransPennine Express;BUS;code;4267662228;Q1827064;;;BUH;Brough
TN7080560;gare;Cottingham;Cottingham;Cottingham;7080560;;53.781315;-0.406219;GB;Europe/London;Q1003286;Hull Trains|Northern;;code;3711894541;Q5175629;;;CGM;Cottingham
TN7080570;gare;Driffield;Driffield;Driffield;7080570;;54.001451;-0.43456;GB;Europe/London;Q611046;Northern;;code;3711894542;Q2183871;;;DRF;Driffield
TN7080610;gare;Ferriby;Ferriby;Ferriby;7080610;;53.717051;-0.507729;GB;Europe/London;Q2160639;Northern;BUS;code;6012608673;Q2342222;;;FRY;Ferriby
TN7080620;gare;Filey;Filey;Filey;7080620;;54.209808;-0.29386;GB;Europe/London;Q82334;Northern;BUS;code;3711894543;Q2297337;;;FIL;Filey
TN7080670;gare;Hessle;Hessle;Hessle;7080670;;53.717369;-0.442101;GB;Europe/London;Q1616042;Northern;BUS;code;6012608674;Q2498524;;;HES;Hessle
TN7080710;gare;Howden;Howden;Howden;7080710;;53.764757;-0.860641;GB;Europe/London;Q1365059;Hull Trains|Northern|TransPennine Express;;code;6012608659;Q978543;;;HOW;Howden
TN7080980;gare;Hunmanby;Hunmanby;Hunmanby;7080980;;54.173988;-0.314574;GB;Europe/London;Q82334;Northern;;code;34179099;Q4722128;;;HUB;Hunmanby
TN7080990;gare;Hutton Cranswick;Hutton Cranswick;Hutton Cranswick;7080990;;53.956185;-0.433838;GB;Europe/London;Q960950;Northern;;code;3711894544;Q2118467;;;HUT;Hutton Cranswick
TN7081070;gare;Nafferton;Nafferton;Nafferton;7081070;;54.011343;-0.385624;GB;Europe/London;Q611046;Northern;;code;3711894545;Q2149712;;;NFN;Nafferton
TN7081140;gare;Eastrington;Eastrington;Eastrington;7081140;;53.755235;-0.787077;GB;Europe/London;Q2141941;Northern;;code;6012826245;Q2094123;;;EGN;Eastrington
TN7081170;gare;Gilberdyke;Gilberdyke;Gilberdyke;7081170;;53.748023;-0.73161;GB;Europe/London;Q2200856;Northern|TransPennine Express;BUS;code;3711902057;Q2370908;;;GBD;Gilberdyke
TN7081230;gare;Wressle;Wressle;Wressle;7081230;;53.772826;-0.923672;GB;Europe/London;Q2648868;Northern;;code;6012608657;Q2057572;;;WRS;Wressle
TN7081260;gare;Hull;Hull Paragon Interchange;Hull Paragon Interchange;7081260;;53.743835;-0.347598;GB;Europe/London;Q128147;Hull Trains|LNER|Northern|TransPennine Express;BUS;code;6012826246;Q9294886;;;HUL;Hull
TN7081290;gare;Hensall;Hensall;Hensall;7081290;;53.698487;-1.114662;GB;Europe/London;Q2484893;Northern;;code;157586175;Q2785836;;;HEL;Hensall
TN7081300;gare;Whitley Bridge;Whitley Bridge;Whitley Bridge;7081300;;53.699129;-1.15889;GB;Europe/London;Q2627257;Northern;;code;7452565704;Q2379493;;;WBD;Whitley Bridge
TN7081420;gare;South Milford;South Milford;South Milford;7081420;;53.782382;-1.251129;GB;Europe/London;Q761259;Northern|TransPennine Express;BUS;code;5320865996;Q2408723;;;SOM;South Milford
TN7081550;gare;Grosmont;Grosmont;Grosmont;7081550;;54.436456;-0.725357;GB;Europe/London;Q5610458;Northern;;code;2246553747;Q5610456;;;GMT;Grosmont
TN7081640;gare;Malton;Malton;Malton;7081640;;54.131857;-0.797729;GB;Europe/London;Q2054729;TransPennine Express;BUS;code;7209217468;Q2065298;;;MLT;Malton
TN7081740;gare;Ruswarp;Ruswarp;Ruswarp;7081740;;54.46994;-0.627775;GB;Europe/London;Q852778;Northern;;code;3720121641;Q7382694;;;RUS;Ruswarp
TN7081780;gare;Seamer;Seamer;Seamer;7081780;;54.240658;-0.416994;GB;Europe/London;Q5188616;Northern|TransPennine Express;BUS;code;3711894546;Q2612874;;;SEM;Seamer
TN7081790;gare;Sleights;Sleights;Sleights;7081790;;54.461113;-0.662759;GB;Europe/London;Q7540032;Northern;;code;1239278035;Q2658220;;;SLH;Sleights
TN7081840;gare;Whitby;Whitby;Whitby;7081840;;54.484324;-0.614535;GB;Europe/London;Q852778;Northern;;code;3720115321;Q2225295;;;WTB;Whitby
TN7081850;gare;Scarborough;Scarborough;Scarborough;7081850;;54.279148;-0.406235;GB;Europe/London;Q743521;Northern|TransPennine Express;BUS;code;73054111;Q2394227;;;SCA;Scarborough
TN7081910;gare;Thirsk;Thirsk;Thirsk;7081910;;54.228647;-1.373262;GB;Europe/London;Q641274;Grand Central|TransPennine Express;BUS;code;5528072893;Q2424788;;;THI;Thirsk
TN7082010;gare;Selby;Selby;Selby;7082010;;53.782915;-1.063423;GB;Europe/London;Q527846;Hull Trains|LNER|Northern|TransPennine Express;BUS;code;6012608656;Q2253957;;;SBY;Selby
TN7082120;gare;Hornbeam Park;Hornbeam Park;Hornbeam Park;7082120;;53.980359;-1.527676;GB;Europe/London;Q215829;Northern;BUS;code;3715250490;Q4342481;;;HBP;Hornbeam Park
TN7082130;gare;Harrogate;Harrogate;Harrogate;7082130;;53.993404;-1.53743;GB;Europe/London;Q215829;LNER|Northern;BUS;code;3773023172;Q2698559;;;HGT;Harrogate
TN7082140;gare;Knaresborough;Knaresborough;Knaresborough;7082140;;54.009026;-1.470317;GB;Europe/London;Q535902;Northern;BUS;code;3715250493;Q2848537;;;KNA;Knaresborough
TN7082210;gare;Starbeck;Starbeck;Starbeck;7082210;;53.998881;-1.500476;GB;Europe/London;Q215829;Northern;BUS;code;3715250504;Q2187296;;;SBE;Starbeck
TN7082320;gare;Cattal;Cattal;Cattal;7082320;;53.997418;-1.320196;GB;Europe/London;Q5054049;Northern;BUS;code;3715250481;Q2087472;;;CTL;Cattal
TN7082330;gare;Church Fenton;Church Fenton;Church Fenton;7082330;;53.82701;-1.227213;GB;Europe/London;Q4412125;Northern|TransPennine Express;BUS;code;21390340;Q3489838;;;CHF;Church Fenton
TN7082410;gare;Hammerton;Hammerton;Hammerton;7082410;;53.996331;-1.284069;GB;Europe/London;Q2298016;Northern;BUS;code;3715250485;Q2660162;;;HMM;Hammerton
TN7082540;gare;Poppleton;Poppleton;Poppleton;7082540;;53.97596;-1.148407;GB;Europe/London;Q7898869;Northern;BUS;code;3715250496;Q7229551;;;POP;Poppleton
TN7082570;gare;Sherburn-in-Elmet;Sherburn-in-Elmet;Sherburn-in-Elmet;7082570;;53.797509;-1.232902;GB;Europe/London;Q761259;Northern;BUS;code;83595559;Q1881964;;;SIE;Sherburn-In-Elmet
TN7082610;gare;Ulleskelf;Ulleskelf;Ulleskelf;7082610;;53.853331;-1.214378;GB;Europe/London;Q5175043;Northern;BUS;code;417521;Q951589;;;ULL;Ulleskelf
TN7082630;gare;York;York;York;7082630;;53.957704;-1.09373;GB;Europe/London;Q42462;CrossCountry|Grand Central|LNER|Northern|TransPennine Express;BUS;code;5758644802;Q2269429;;;YRK;York
TN7082820;gare;Thurnscoe;Thurnscoe;Thurnscoe;7082820;;53.545537;-1.308386;GB;Europe/London;Q1618033;Northern;;code;7452565687;Q2012147;;;THC;Thurnscoe
TN7082840;gare;Goldthorpe;Goldthorpe;Goldthorpe;7082840;;53.533828;-1.312897;GB;Europe/London;Q1857382;Northern;;code;7452565686;Q2537483;;;GOE;Goldthorpe
TN7083090;gare;Outwood;Outwood;Outwood;7083090;;53.715296;-1.510427;GB;Europe/London;Q763171;Northern;;code;7090863291;Q2482077;;;OUT;Outwood
TN7083260;gare;Dewsbury;Dewsbury;Dewsbury;7083260;;53.692016;-1.633274;GB;Europe/London;Q525508;Northern|TransPennine Express;BUS;code;6012937554;Q2038243;;;DEW;Dewsbury
TN7083450;gare;Bradford Interchange;Bradford Interchange;Bradford Interchange;7083450;;53.790494;-1.749125;GB;Europe/London;Q22905;Grand Central|Northern;BUS;code;7209380367;Q2191497;;;BDI;Bradford Interchange
TN7083460;gare;Bradford Forster Square;Bradford Forster Square;Bradford Forster Square;7083460;;53.797473;-1.753215;GB;Europe/London;Q22905;LNER|Northern;;code;5063926917;Q2604550;;;BDQ;Bradford Forster Square
TN7083470;gare;Shipley;Shipley;Shipley;7083470;;53.833513;-1.773611;GB;Europe/London;Q1421532;LNER|Northern;;code;538084632;Q4762414;;;SHY;Shipley
TN7083520;gare;Bentley (South Yorkshire);Bentley (South Yorkshire);Bentley (South Yorkshire);7083520;;53.54371;-1.150718;GB;Europe/London;Q1925846;Northern;BUS;code;264907689;Q2347117;;;BYK;Bentley (South Yorkshire)
TN7083530;gare;Adwick;Adwick;Adwick;7083530;;53.571932;-1.17989;GB;Europe/London;Q1925846;Northern;BUS;code;418565;Q2325641;;;AWK;Adwick
TN7083550;gare;South Elmsall;South Elmsall;South Elmsall;7083550;;53.594846;-1.285351;GB;Europe/London;Q953645;Northern;BUS;code;158952033;Q2431458;;;SES;South Elmsall
TN7083580;gare;Sandal & Agbrigg;Sandal and Agbrigg;Sandal and Agbrigg;7083580;;53.662811;-1.480623;GB;Europe/London;Q763171;Northern;BUS;code;415732;Q2018294;;;SNA;Sandal & Agbrigg
TN7083590;gare;Castleford;Castleford;Castleford;7083590;;53.724075;-1.355101;GB;Europe/London;Q546485;Northern|TransPennine Express;BUS;code;7452565710;Q2482490;;;CFD;Castleford
TN7083600;gare;Glasshoughton;Glasshoughton;Glasshoughton;7083600;;53.709057;-1.342048;GB;Europe/London;Q546485;Northern;BUS;code;7452565706;Q4318900;;;GLH;Glasshoughton
TN7084110;gare;Halifax;Halifax;Halifax;7084110;;53.72084;-1.853628;GB;Europe/London;Q826561;Grand Central|Northern;BUS;code;4281475085;Q2703979;;;HFX;Halifax
TN7084130;gare;Willenhall;Willenhall;Willenhall;7084130;;52.581945;-2.055182;GB;Europe/London;Q617799;West Midlands Trains;;code;11197468096;Q8003662;;;WIA;Willenhall
TN7084200;gare;Darton;Darton;Darton;7084200;;53.588003;-1.530794;GB;Europe/London;Q1857382;Northern;BUS;code;3680549066;Q1894541;;;DRT;Darton
TN7084290;gare;Brockholes;Brockholes;Brockholes;7084290;;53.597026;-1.769827;GB;Europe/London;Q4972804;Northern;BUS;code;21625423;Q2198836;;;BHS;Brockholes
TN7084310;gare;Berry Brow;Berry Brow;Berry Brow;7084310;;53.621057;-1.793569;GB;Europe/London;Q4793625;Northern;BUS;code;21625404;Q4894769;;;BBW;Berry Brow
TN7084320;gare;Denby Dale;Denby Dale;Denby Dale;7084320;;53.572739;-1.663075;GB;Europe/London;Q3022297;Northern;BUS;code;21625459;Q3020499;;;DBD;Denby Dale
TN7084360;gare;Honley;Honley;Honley;7084360;;53.608241;-1.780852;GB;Europe/London;Q11710053;Northern;BUS;code;21625413;Q2691216;;;HOY;Honley
TN7084370;gare;Huddersfield;Huddersfield;Huddersfield;7084370;;53.64849;-1.784751;GB;Europe/London;Q201812;Northern|TransPennine Express;BUS;code;6012937553;Q2565331;;;HUD;Huddersfield
TN7084410;arret_car;Deighton;Deighton;Deighton;7084410;;53.669018;-1.751739;GB;Europe/London;Q6415680;;BUS;gtfs;;;;;DHN;Deighton
TN7084430;gare;Lockwood;Lockwood;Lockwood;7084430;;53.634805;-1.800788;GB;Europe/London;Q4793625;Northern;BUS;code;21625394;Q6665908;;;LCK;Lockwood
TN7084450;gare;Marsden;Marsden;Marsden;7084450;;53.60324;-1.930212;GB;Europe/London;Q1760747;TransPennine Express;BUS;code;6367868936;Q1915469;;;MSN;Marsden
TN7084480;gare;Shepley;Shepley;Shepley;7084480;;53.588753;-1.704825;GB;Europe/London;Q3152568;Northern;BUS;code;3711588219;Q2243316;;;SPY;Shepley
TN7084500;gare;Slaithwaite;Slaithwaite;Slaithwaite;7084500;;53.624158;-1.880603;GB;Europe/London;Q2067089;TransPennine Express;BUS;code;6012937552;Q3015321;;;SWT;Slaithwaite
TN7084510;gare;Stocksmoor;Stocksmoor;Stocksmoor;7084510;;53.594149;-1.723266;GB;Europe/London;Q3152568;Northern;BUS;code;3711588220;Q2109920;;;SSM;Stocksmoor
TN7084680;gare;Keighley;Keighley;Keighley;7084680;;53.867932;-1.901363;GB;Europe/London;Q990168;LNER|Northern;;code;3713706488;Q518724;;;KEI;Keighley
TN7084690;gare;Steeton & Silsden;Steeton and Silsden;Steeton and Silsden;7084690;;53.900052;-1.944808;GB;Europe/London;Q22905;Northern;;code;3715250505;Q2199805;;;SON;Steeton & Silsden
TN7084700;gare;Cononley;Cononley;Cononley;7084700;;53.917161;-2.011803;GB;Europe/London;Q2745384;Northern;;code;3754534932;Q3295297;;;CEY;Cononley
TN7084720;gare;East Garforth;East Garforth;East Garforth;7084720;;53.792238;-1.371594;GB;Europe/London;Q2559795;Northern;BUS;code;6012608609;Q2537875;;;EGF;East Garforth
TN7084730;gare;Cross Gates;Cross Gates;Cross Gates;7084730;;53.80506;-1.450353;GB;Europe/London;Q39121;Northern|TransPennine Express;BUS;code;6012826244;Q1857460;;;CRG;Cross Gates
TN7084740;gare;Garforth;Garforth;Garforth;7084740;;53.796574;-1.382282;GB;Europe/London;Q2559795;Northern|TransPennine Express;BUS;code;559899668;Q2324929;;;GRF;Garforth
TN7084770;gare;Micklefield;Micklefield;Micklefield;7084770;;53.788792;-1.326116;GB;Europe/London;Q39121;Northern;BUS;code;5520189176;Q3169687;;;MIK;Micklefield
TN7084790;gare;Pannal;Pannal;Pannal;7084790;;53.95851;-1.532787;GB;Europe/London;Q2273404;Northern;BUS;code;3715250495;Q2602787;;;PNL;Pannal
TN7084840;gare;Batley;Batley;Batley;7084840;;53.710208;-1.623011;GB;Europe/London;Q810847;Northern|TransPennine Express;BUS;code;6012937555;Q2442694;;;BTL;Batley
TN7084870;gare;Leeds;Leeds;Leeds;7084870;;53.794414;-1.548621;GB;Europe/London;Q39121;CrossCountry|LNER|Northern|TransPennine Express;BUS;code;7156706693;Q1466941;;;LDS;Leeds
TN7084960;gare;Bramley (W Yorks);Bramley;Bramley;7084960;;53.805352;-1.637222;GB;Europe/London;Q1009290;Northern;;code;3071637620;Q2142080;;;BLE;Bramley (W Yorks)
TN7084980;gare;Headingley;Headingley;Headingley;7084980;;53.818037;-1.594483;GB;Europe/London;Q39121;Northern;BUS;code;3715250488;Q2802879;;;HDY;Headingley
TN7084990;gare;Horsforth;Horsforth;Horsforth;7084990;;53.847752;-1.630217;GB;Europe/London;Q747807;LNER|Northern;BUS;code;3715250491;Q2989114;;;HRS;Horsforth
TN7085000;gare;Burley Park;Burley Park;Burley Park;7085000;;53.81206;-1.577847;GB;Europe/London;Q39121;Northern;BUS;code;21468573;Q3298380;;;BUY;Burley Park
TN7085040;gare;Morley;Morley;Morley;7085040;;53.75059;-1.589163;GB;Europe/London;Q1021179;Northern|TransPennine Express;BUS;code;26683864;Q2079875;;;MLY;Morley
TN7085050;gare;Cottingley;Cottingley;Cottingley;7085050;;53.768034;-1.587773;GB;Europe/London;Q1021179;Northern|TransPennine Express;BUS;code;207388316;Q3033284;;;COT;Cottingley
TN7085060;gare;New Pudsey;New Pudsey;New Pudsey;7085060;;53.804671;-1.680536;GB;Europe/London;Q5436438;Northern;BUS;code;5383448078;Q2197812;;;NPD;New Pudsey
TN7085090;gare;Weeton;Weeton;Weeton;7085090;;53.923285;-1.581299;GB;Europe/London;Q1943257;Northern;BUS;code;3715250507;Q3015678;;;WET;Weeton
TN7085140;gare;Brighouse;Brighouse;Brighouse;7085140;;53.698165;-1.779336;GB;Europe/London;Q183296;Grand Central|Northern|TransPennine Express;BUS;code;3711588159;Q2368938;;;BGH;Brighouse
TN7085160;gare;Moseley Village;Moseley Village;Moseley Village;7085160;;52.447651;-1.884842;GB;Europe/London;Q20986424;West Midlands Trains;BUS;code;1494736906;Q6915623;;;MOV;Moseley Village
TN7085180;gare;Mirfield;Mirfield;Mirfield;7085180;;53.671391;-1.692247;GB;Europe/London;Q1301336;Grand Central|Northern|TransPennine Express;BUS;code;252822812;Q2227447;;;MIR;Mirfield
TN7085240;gare;Hebden Bridge;Hebden Bridge;Hebden Bridge;7085240;;53.73764;-2.008881;GB;Europe/London;Q1023948;Northern|TransPennine Express;BUS;code;3715250489;Q3273315;;;HBD;Hebden Bridge
TN7085260;gare;Mytholmroyd;Mytholmroyd;Mytholmroyd;7085260;;53.729084;-1.981823;GB;Europe/London;Q2342234;Northern|TransPennine Express;BUS;code;3715250494;Q2080472;;;MYT;Mytholmroyd
TN7085270;gare;Sowerby Bridge;Sowerby Bridge;Sowerby Bridge;7085270;;53.707848;-1.907227;GB;Europe/London;Q2097530;Northern|TransPennine Express;BUS;code;3715250503;Q3303469;;;SOW;Sowerby Bridge
TN7085280;gare;Normanton;Normanton;Normanton;7085280;;53.7004;-1.423507;GB;Europe/London;Q1027131;Northern|TransPennine Express;BUS;code;7452565689;Q2384576;;;NOR;Normanton
TN7085300;gare;Warwick Parkway;Warwick Parkway;Warwick Parkway;7085300;;52.286014;-1.612273;GB;Europe/London;Q549761;Chiltern Railways|West Midlands Trains;;code;6129181314;Q372014;;;WRP;Warwick Parkway
TN7085360;gare;Bolton-On-Dearne;Bolton-upon-Dearne;Bolton-upon-Dearne;7085360;;53.518815;-1.311486;GB;Europe/London;Q1857382;Northern;;code;7452565685;Q2001245;;;BTD;Bolton-On-Dearne
TN7085390;gare;Moorthorpe;Moorthorpe;Moorthorpe;7085390;;53.594894;-1.304812;GB;Europe/London;Q763171;Northern;BUS;code;7452565688;Q2386115;;;MRP;Moorthorpe
TN7085400;gare;Pontefract Baghill;Pontefract Baghill;Pontefract Baghill;7085400;;53.691736;-1.303403;GB;Europe/London;Q1009235;Northern;BUS;code;5383468496;Q4301181;;;PFR;Pontefract Baghill
TN7085410;gare;Pontefract Tanshelf;Pontefract Tanshelf;Pontefract Tanshelf;7085410;;53.694003;-1.318904;GB;Europe/London;Q1009235;Northern;BUS;code;158530806;Q3043294;;;POT;Pontefract Tanshelf
TN7085430;gare;Streethouse;Streethouse;Streethouse;7085430;;53.676189;-1.399474;GB;Europe/London;Q2125254;Northern;BUS;code;443775670;Q2065164;;;SHC;Streethouse
TN7085440;gare;Featherstone;Featherstone;Featherstone;7085440;;53.679099;-1.358285;GB;Europe/London;Q2125254;Northern;BUS;code;764706200;Q5439656;;;FEA;Featherstone
TN7085460;gare;Knottingley;Knottingley;Knottingley;7085460;;53.706445;-1.259254;GB;Europe/London;Q763171;Northern;BUS;code;7452565705;Q2426364;;;KNO;Knottingley
TN7085480;gare;Pontefract Monkhill;Pontefract Monkhill;Pontefract Monkhill;7085480;;53.6988;-1.304138;GB;Europe/London;Q1009235;Grand Central|Northern;BUS;code;7452565707;Q2212501;;;PFM;Pontefract Monkhill
TN7085520;gare;Baildon;Baildon;Baildon;7085520;;53.850202;-1.753703;GB;Europe/London;Q2575062;Northern;;code;21653647;Q4475770;;;BLD;Baildon
TN7085530;gare;Bingley;Bingley;Bingley;7085530;;53.848715;-1.837164;GB;Europe/London;Q863832;Northern;;code;3713696172;Q672653;;;BIY;Bingley
TN7085540;gare;Crossflatts;Crossflatts;Crossflatts;7085540;;53.858299;-1.844476;GB;Europe/London;Q863832;Northern;;code;3713696173;Q1856288;;;CFL;Crossflatts
TN7085560;gare;Frizinghall;Frizinghall;Frizinghall;7085560;;53.820381;-1.768854;GB;Europe/London;Q22905;Northern;;code;3711578226;Q2568587;;;FZH;Frizinghall
TN7085610;gare;Saltaire;Saltaire;Saltaire;7085610;;53.83856;-1.790797;GB;Europe/London;Q1421532;Northern;;code;3715250502;Q3117450;;;SAE;Saltaire
TN7085640;gare;Ben Rhydding;Ben Rhydding;Ben Rhydding;7085640;;53.925744;-1.797471;GB;Europe/London;Q1020951;Northern;BUS;code;3711563943;Q4886351;;;BEY;Ben Rhydding
TN7085650;gare;Burley-in-Wharfedale;Burley-in-Wharfedale;Burley-in-Wharfedale;7085650;;53.907976;-1.753187;GB;Europe/London;Q22905;Northern;BUS;code;3711563944;Q2144142;;;BUW;Burley-In-Wharfedale
TN7085670;gare;Guiseley;Guiseley;Guiseley;7085670;;53.876066;-1.715118;GB;Europe/London;Q2342139;Northern;BUS;code;3711563945;Q2407772;;;GSY;Guiseley
TN7085680;gare;Ilkley;Ilkley;Ilkley;7085680;;53.924793;-1.821288;GB;Europe/London;Q1020951;Northern;BUS;code;5063882254;Q2295224;;;ILK;Ilkley
TN7085740;gare;Menston;Menston;Menston;7085740;;53.892363;-1.735451;GB;Europe/London;Q22905;Northern;BUS;code;3711563946;Q2092823;;;MNN;Menston
TN7085780;gare;Woodlesford;Woodlesford;Woodlesford;7085780;;53.757064;-1.443565;GB;Europe/London;Q39121;Northern;BUS;code;3070021776;Q2432424;;;WDS;Woodlesford
TN7085830;gare;Fitzwilliam;Fitzwilliam;Fitzwilliam;7085830;;53.632609;-1.374636;GB;Europe/London;Q2556975;Northern;BUS;code;254512348;Q2666065;;;FZW;Fitzwilliam
TN7085840;gare;Wakefield Kirkgate;Wakefield Kirkgate;Wakefield Kirkgate;7085840;;53.678581;-1.488994;GB;Europe/London;Q216638;Grand Central|Northern|TransPennine Express;BUS;code;5356649224;Q2279070;;;WKK;Wakefield Kirkgate
TN7085890;gare;Wavertree Technology Park;Wavertree Technology Park;Wavertree Technology Park;7085890;;53.405217;-2.922815;GB;Europe/London;Q21665571;Northern;BUS;code;24825515;Q2969859;;;WAV;Wavertree Technology Park
TN7085910;gare;Wakefield Westgate;Wakefield Westgate;Wakefield Westgate;7085910;;53.682212;-1.50558;GB;Europe/London;Q216638;CrossCountry|Grand Central|LNER|Northern;BUS;code;7156725056;Q3907323;;;WKF;Wakefield Westgate
TN7086000;gare;Achanalt;Achanalt;Achanalt;7086000;;57.609603;-4.913845;GB;Europe/London;Q208279;ScotRail;BUS;code;7195743781;Q3404222;;;AAT;Achanalt
TN7086010;gare;Achnasheen;Achnasheen;Achnasheen;7086010;;57.57932;-5.072199;GB;Europe/London;Q2193195;ScotRail;BUS;code;26486454;Q2148366;;;ACN;Achnasheen
TN7086020;gare;Achnashellach;Achnashellach;Achnashellach;7086020;;57.482028;-5.333322;GB;Europe/London;Q208279;ScotRail;BUS;code;7195735365;Q2530277;;;ACH;Achnashellach
TN7086050;gare;Alness;Alness;Alness;7086050;;57.694425;-4.249945;GB;Europe/London;Q582452;ScotRail;;code;26480789;Q2635560;;;ASS;Alness
TN7086060;gare;Altnabreac;Altnabreac;Altnabreac;7086060;;58.388125;-3.706149;GB;Europe/London;Q864668;ScotRail;;code;25254705;Q3094412;;;ABC;Altnabreac
TN7086080;gare;Attadale;Attadale;Attadale;7086080;;57.394479;-5.455396;GB;Europe/London;Q3777370;ScotRail;BUS;code;7188033651;Q2225746;;;ATT;Attadale
TN7086100;gare;Aviemore;Aviemore;Aviemore;7086100;;57.188278;-3.82888;GB;Europe/London;Q790938;Caledonian Sleeper|LNER|ScotRail;BUS;code;6768829608;Q2482607;;;AVM;Aviemore
TN7086130;gare;Ardgay;Ardgay;Ardgay;7086130;;57.88157;-4.362216;GB;Europe/London;Q2423015;ScotRail;;code;26482578;Q3400257;;;ARD;Ardgay
TN7086140;gare;Invershin;Invershin;Invershin;7086140;;57.924852;-4.399583;GB;Europe/London;Q2301207;ScotRail;;code;7195699512;Q3404238;;;INH;Invershin
TN7086180;gare;Brora;Brora;Brora;7086180;;58.013143;-3.852342;GB;Europe/London;Q990677;ScotRail;;code;26484123;Q3362239;;;BRA;Brora
TN7086210;gare;Carrbridge;Carrbridge;Carrbridge;7086210;;57.279486;-3.828218;GB;Europe/London;Q1992282;Caledonian Sleeper|LNER|ScotRail;BUS;code;26509704;Q2483623;;;CAG;Carrbridge
TN7086250;gare;Culrain;Culrain;Culrain;7086250;;57.919594;-4.404528;GB;Europe/London;Q2301207;ScotRail;;code;7195733793;Q2586105;;;CUA;Culrain
TN7086280;gare;Dalwhinnie;Dalwhinnie;Dalwhinnie;7086280;;56.935153;-4.246233;GB;Europe/London;Q1026785;Caledonian Sleeper|ScotRail;BUS;code;6768779398;Q2075328;;;DLW;Dalwhinnie
TN7086320;gare;Dingwall;Dingwall;Dingwall;7086320;;57.594197;-4.422199;GB;Europe/London;Q1011416;ScotRail;BUS;code;26479890;Q2290669;;;DIN;Dingwall
TN7086340;gare;Reston;Reston;Reston;7086340;;55.849914;-2.192602;GB;Europe/London;Q7316180;LNER|TransPennine Express;BUS;code;9677821936;Q7316189;;;RSN;Reston
TN7086370;gare;Fearn;Fearn;Fearn;7086370;;57.778092;-3.993934;GB;Europe/London;Q2098000;ScotRail;;code;26482155;Q2243538;;;FRN;Fearn
TN7086380;gare;Forres;Forres;Forres;7086380;;57.611109;-3.624325;GB;Europe/London;Q1010531;ScotRail;;code;5167529782;Q1887536;;;FOR;Forres
TN7086390;gare;Forsinard;Forsinard;Forsinard;7086390;;58.356856;-3.896959;GB;Europe/London;Q6410426;ScotRail;;code;27004435;Q2136732;;;FRS;Forsinard
TN7086400;gare;Garve;Garve;Garve;7086400;;57.613106;-4.688375;GB;Europe/London;Q2619833;ScotRail;BUS;code;26485630;Q3260754;;;GVE;Garve
TN7086410;gare;Georgemas Junction;Georgemas Junction;Georgemas Junction;7086410;;58.51355;-3.451399;GB;Europe/London;Q864668;ScotRail;;code;25254477;Q2560752;;;GGJ;Georgemas Junction
TN7086420;gare;Dunrobin Castle;Dunrobin Castle;Dunrobin Castle;7086420;;57.985782;-3.947369;GB;Europe/London;Q1020232;ScotRail;;code;26483622;Q2541637;;;DNO;Dunrobin Castle
TN7086430;gare;Golspie;Golspie;Golspie;7086430;;57.971278;-3.98726;GB;Europe/London;Q1020232;ScotRail;;code;26483619;Q2107999;;;GOL;Golspie
TN7086470;gare;Helmsdale;Helmsdale;Helmsdale;7086470;;58.117729;-3.659146;GB;Europe/London;Q188281;ScotRail;;code;26484424;Q2412149;;;HMS;Helmsdale
TN7086480;gare;Invergordon;Invergordon;Invergordon;7086480;;57.689083;-4.17426;GB;Europe/London;Q1011677;ScotRail;;code;26481506;Q605581;;;IGD;Invergordon
TN7086490;gare;Inverness;Inverness;Inverness;7086490;;57.480233;-4.222714;GB;Europe/London;Q160493;Caledonian Sleeper|LNER|ScotRail;BUS;code;21301584;Q800959;;;INV;Inverness
TN7086520;gare;Kildonan;Kildonan;Kildonan;7086520;;58.170775;-3.869093;GB;Europe/London;Q6406783;ScotRail;;code;7195733644;Q2067305;;;KIL;Kildonan
TN7086530;gare;Kinbrace;Kinbrace;Kinbrace;7086530;;58.258583;-3.941152;GB;Europe/London;Q6410426;ScotRail;;code;7187975743;Q2569346;;;KBC;Kinbrace
TN7086550;gare;Kingussie;Kingussie;Kingussie;7086550;;57.07779;-4.053181;GB;Europe/London;Q1016904;Caledonian Sleeper|LNER|ScotRail;BUS;code;3726214974;Q3997450;;;KIN;Kingussie
TN7086570;gare;Kyle of Lochalsh;Kyle of Lochalsh;Kyle of Lochalsh;7086570;;57.280207;-5.713868;GB;Europe/London;Q939913;ScotRail;BUS;code;26494598;Q2468479;;;KYL;Kyle of Lochalsh
TN7086580;gare;Lairg;Lairg;Lairg;7086580;;58.00189;-4.399868;GB;Europe/London;Q208279;ScotRail;;code;26483108;Q2223691;;;LRG;Lairg
TN7086600;gare;Lochluichart;Lochluichart;Lochluichart;7086600;;57.621802;-4.808991;GB;Europe/London;Q208279;ScotRail;BUS;code;7195733645;Q6665145;;;LCC;Lochluichart
TN7086650;gare;Muir of Ord;Muir of Ord;Muir of Ord;7086650;;57.517668;-4.460219;GB;Europe/London;Q1011555;ScotRail;BUS;code;26479544;Q2201073;;;MOO;Muir of Ord
TN7086660;gare;Nairn;Nairn;Nairn;7086660;;57.580245;-3.87183;GB;Europe/London;Q980084;ScotRail;;code;6081007119;Q2755243;;;NRN;Nairn
TN7086680;gare;Newtonmore;Newtonmore;Newtonmore;7086680;;57.059133;-4.118947;GB;Europe/London;Q1010363;Caledonian Sleeper|LNER|ScotRail;BUS;code;7209270260;Q3997286;;;NWR;Newtonmore
TN7086700;gare;Plockton;Plockton;Plockton;7086700;;57.333591;-5.665892;GB;Europe/London;Q3997466;ScotRail;BUS;code;26493469;Q2226574;;;PLK;Plockton
TN7086710;gare;Rogart;Rogart;Rogart;7086710;;57.988631;-4.158287;GB;Europe/London;Q2147557;ScotRail;;code;7195738598;Q2042614;;;ROG;Rogart
TN7086720;gare;Scotscalder;Scotscalder;Scotscalder;7086720;;58.48285;-3.55207;GB;Europe/London;Q864668;ScotRail;;code;7195735169;Q2321098;;;SCT;Scotscalder
TN7086730;gare;Strathcarron;Strathcarron;Strathcarron;7086730;;57.42275;-5.428564;GB;Europe/London;Q3777370;ScotRail;BUS;code;8444432917;Q1909339;;;STC;Strathcarron
TN7086740;gare;Stromeferry;Stromeferry;Stromeferry;7086740;;57.3522;-5.55077;GB;Europe/London;VGB-stromeferry;ScotRail;BUS;code;26489050;Q2166100;;;STF;Stromeferry
TN7086760;gare;Tain;Tain;Tain;7086760;;57.814489;-4.052129;GB;Europe/London;Q1020220;ScotRail;;code;26482233;Q2498057;;;TAI;Tain
TN7086770;gare;Thurso;Thurso;Thurso;7086770;;58.589736;-3.527869;GB;Europe/London;Q526576;ScotRail;;code;25254573;Q2551015;;;THS;Thurso
TN7086801;gare;Wick;Wick;Wick;7086801;;58.44174;-3.098527;GB;Europe/London;Q1012502;ScotRail;;code;25254319;Q2784062;;;WCK;Wick
TN7086810;gare;Duirinish;Duirinish;Duirinish;7086810;;57.319833;-5.691617;GB;Europe/London;Q5385175;ScotRail;BUS;code;7197380571;Q2655019;;;DRN;Duirinish
TN7086820;gare;Duncraig;Duncraig;Duncraig;7086820;;57.336937;-5.637114;GB;Europe/London;Q3997466;ScotRail;BUS;code;7188030514;Q1853306;;;DCG;Duncraig
TN7086830;gare;Fellgate;Fellgate;Fellgate;7086830;;54.957505;-1.485235;GB;Europe/London;Q782155;Tyne and Wear Metro;;code;1819791492;Q5442459;;;FEG;Fellgate
TN7087080;gare;Connel Ferry;Connel Ferry;Connel Ferry;7087080;;56.452472;-5.383292;GB;Europe/London;Q5161721;ScotRail;BUS;code;7197486220;Q1984827;;;CON;Connel Ferry
TN7087110;gare;Dalmally;Dalmally;Dalmally;7087110;;56.400978;-4.98256;GB;Europe/London;Q1109293;ScotRail;BUS;code;3280375234;Q2316273;;;DAL;Dalmally
TN7087120;gare;Loch Awe;Loch Awe;Loch Awe;7087120;;56.401822;-5.041685;GB;Europe/London;Q1867311;ScotRail;BUS;code;7197531029;Q2134781;;;LHA;Loch Awe
TN7087130;gare;Dunblane;Dunblane;Dunblane;7087130;;56.185837;-3.965708;GB;Europe/London;Q614314;Caledonian Sleeper|LNER|ScotRail;;code;59743257;Q2319601;;;DBL;Dunblane
TN7087150;gare;Gleneagles;Gleneagles;Gleneagles;7087150;;56.27491;-3.730962;GB;Europe/London;Q3640796;Caledonian Sleeper|LNER|ScotRail;;code;254349504;Q2201588;;;GLE;Gleneagles
TN7087200;gare;Horwich Parkway;Horwich Parkway;Horwich Parkway;7087200;;53.577983;-2.539732;GB;Europe/London;Q1630298;Northern;BUS;code;6212935276;Q2707094;;;HWI;Horwich Parkway
TN7087250;gare;Oban;Oban;Oban;7087250;;56.412207;-5.474578;GB;Europe/London;Q935702;ScotRail;BUS|FERRY;code;6749038720;Q3404245;;;OBN;Oban
TN7087260;gare;Falls of Cruachan;Falls of Cruachan;Falls of Cruachan;7087260;;56.394017;-5.112726;GB;Europe/London;Q1867311;ScotRail;;code;7197531031;Q5432514;;;FOC;Falls of Cruachan
TN7087270;gare;Taynuilt;Taynuilt;Taynuilt;7087270;;56.430852;-5.239816;GB;Europe/London;Q499886;ScotRail;BUS;code;6749038715;Q2249938;;;TAY;Taynuilt
TN7087280;gare;Tyndrum Lower;Tyndrum Lower;Tyndrum Lower;7087280;;56.433604;-4.713444;GB;Europe/London;Q3250464;ScotRail;BUS;code;7197486218;Q1991054;;;TYL;Tyndrum Lower
TN7087500;gare;Blair Atholl;Blair Atholl;Blair Atholl;7087500;;56.765271;-3.849705;GB;Europe/London;Q881156;Caledonian Sleeper|LNER|ScotRail;BUS;code;6768769947;Q2689427;;;BLA;Blair Atholl
TN7087630;gare;Dunkeld & Birnam;Dunkeld and Birnam;Dunkeld and Birnam;7087630;;56.556577;-3.577515;GB;Europe/London;Q4087058;Caledonian Sleeper|LNER|ScotRail;BUS;code;6768774851;Q2316920;;;DKD;Dunkeld & Birnam
TN7087780;gare;Invergowrie;Invergowrie;Invergowrie;7087780;;56.45625;-3.057829;GB;Europe/London;Q653438;ScotRail;;code;254351205;Q2442906;;;ING;Invergowrie
TN7088010;gare;Pitlochry;Pitlochry;Pitlochry;7088010;;56.702364;-3.73564;GB;Europe/London;Q1011665;Caledonian Sleeper|LNER|ScotRail;BUS;code;6768796291;Q2215314;;;PIT;Pitlochry
TN7088050;gare;Perth;Perth;Perth;7088050;;56.391475;-3.438396;GB;Europe/London;Q203000;Caledonian Sleeper|LNER|ScotRail;BUS;code;6960414984;Q302555;;;PTH;Perth
TN7088070;gare;Brunstane;Brunstane;Brunstane;7088070;;55.941999;-3.10087;GB;Europe/London;Q23436;ScotRail;;code;5240090773;Q2320157;;;BSU;Brunstane
TN7088080;gare;Newcraighall;Newcraighall;Newcraighall;7088080;;55.932975;-3.09067;GB;Europe/London;Q23436;ScotRail;;code;21568010;Q2669021;;;NEW;Newcraighall
TN7088210;gare;Arisaig;Arisaig;Arisaig;7088210;;56.912962;-5.839634;GB;Europe/London;Q2206041;ScotRail;BUS;code;7197531030;Q1819152;;;ARG;Arisaig
TN7088220;gare;Beasdale;Beasdale;Beasdale;7088220;;56.900074;-5.763922;GB;Europe/London;Q208279;ScotRail;BUS;code;7209299488;Q2524645;;;BSL;Beasdale
TN7088230;gare;Bridge of Orchy;Bridge of Orchy;Bridge of Orchy;7088230;;56.516395;-4.764319;GB;Europe/London;Q913663;Caledonian Sleeper|ScotRail;BUS;code;6750131461;Q2005664;;;BRO;Bridge of Orchy
TN7088240;gare;Corpach;Corpach;Corpach;7088240;;56.842766;-5.122118;GB;Europe/London;Q2409970;ScotRail;BUS;code;7197486219;Q2534881;;;CPA;Corpach
TN7088250;gare;Corrour;Corrour;Corrour;7088250;;56.760277;-4.690768;GB;Europe/London;Q208279;Caledonian Sleeper|ScotRail;;code;6750131460;Q1900452;;;CRR;Corrour
TN7088260;gare;Crianlarich;Crianlarich;Crianlarich;7088260;;56.390333;-4.618445;GB;Europe/London;Q965305;Caledonian Sleeper|ScotRail;BUS;code;6749038713;Q747677;;;CNR;Crianlarich
TN7088270;gare;Fort William;Fort William;Fort William;7088270;;56.820558;-5.105313;GB;Europe/London;Q848909;Caledonian Sleeper|ScotRail;BUS;code;26530357;Q2264654;;;FTW;Fort William
TN7088280;gare;Glenfinnan;Glenfinnan;Glenfinnan;7088280;;56.872438;-5.449309;GB;Europe/London;Q1530983;ScotRail;BUS;code;6746638804;Q2508592;;;GLF;Glenfinnan
TN7088290;gare;Lochailort;Lochailort;Lochailort;7088290;;56.881438;-5.663296;GB;Europe/London;Q6665057;ScotRail;BUS;code;26543523;Q1871932;;;LCL;Lochailort
TN7088300;gare;Locheilside;Locheilside;Locheilside;7088300;;56.855984;-5.290352;GB;Europe/London;VGB-blaich;ScotRail;BUS;code;26555628;Q2488475;;;LCS;Locheilside
TN7088310;gare;Mallaig;Mallaig;Mallaig;7088310;;57.005542;-5.83023;GB;Europe/London;Q1010557;ScotRail;BUS|FERRY;code;7149927234;Q3967326;;;MLG;Mallaig
TN7088330;gare;Morar;Morar;Morar;7088330;;56.968956;-5.822089;GB;Europe/London;Q1947185;ScotRail;BUS;code;7149921984;Q6909276;;;MRR;Morar
TN7088340;gare;Rannoch;Rannoch;Rannoch;7088340;;56.68615;-4.576951;GB;Europe/London;Q207679;Caledonian Sleeper|ScotRail;;code;4934159784;Q2586687;;;RAN;Rannoch
TN7088350;gare;Roy Bridge;Roy Bridge;Roy Bridge;7088350;;56.888337;-4.837111;GB;Europe/London;Q7375151;Caledonian Sleeper|ScotRail;BUS;code;7197562014;Q2438365;;;RYB;Roy Bridge
TN7088360;gare;Spean Bridge;Spean Bridge;Spean Bridge;7088360;;56.889872;-4.921623;GB;Europe/London;Q1026775;Caledonian Sleeper|ScotRail;BUS;code;27034858;Q2696739;;;SBR;Spean Bridge
TN7088370;gare;Tulloch;Tulloch;Tulloch;7088370;;56.884099;-4.701135;GB;Europe/London;Q208279;Caledonian Sleeper|ScotRail;BUS;code;4297364009;Q2684706;;;TUL;Tulloch
TN7088380;gare;Upper Tyndrum;Upper Tyndrum;Upper Tyndrum;7088380;;56.434807;-4.703939;GB;Europe/London;Q3250464;Caledonian Sleeper|ScotRail;BUS;code;6749417266;Q2550770;;;UTY;Upper Tyndrum
TN7088390;gare;Banavie;Banavie;Banavie;7088390;;56.843845;-5.095898;GB;Europe/London;Q1967984;ScotRail;BUS;code;26530416;Q1839037;;;BNV;Banavie
TN7088460;gare;Loch Eil Outward Bound;Loch Eil Outward Bound;Loch Eil Outward Bound;7088460;;56.855404;-5.192921;GB;Europe/London;VGB-blaich;ScotRail;BUS;code;26559752;Q2065104;;;LHE;Loch Eil Outward Bound
TN7088600;gare;Portlethen;Portlethen;Portlethen;7088600;;57.061333;-2.12808;GB;Europe/London;Q1020236;ScotRail;BUS;code;3197009928;Q3400311;;;PLN;Portlethen
TN7088750;gare;West Brompton;West Brompton;West Brompton;7088750;;51.486976;-0.195185;GB;Europe/London;Q84;London Overground|Southern;;code;5182384969;Q801595;;;WBP;West Brompton
TN7088770;gare;Beauly;Beauly;Beauly;7088770;;57.478302;-4.469935;GB;Europe/London;Q523335;ScotRail;BUS;code;21302317;Q2190506;;;BEL;Beauly
TN7089050;gare;Dyce;Dyce;Dyce;7089050;;57.205707;-2.192692;GB;Europe/London;Q36405;ScotRail;;code;21499747;Q2647470;;;DYC;Dyce
TN7089210;gare;Huntly;Huntly;Huntly;7089210;;57.444508;-2.775731;GB;Europe/London;Q1016931;Caledonian Sleeper|ScotRail;;code;21532918;Q2432464;;;HNT;Huntly
TN7089220;gare;Insch;Insch;Insch;7089220;;57.337374;-2.616918;GB;Europe/London;Q987782;ScotRail;;code;21532915;Q2023520;;;INS;Insch
TN7089240;gare;Inverurie;Inverurie;Inverurie;7089240;;57.286407;-2.373485;GB;Europe/London;Q1017537;ScotRail;;code;21531324;Q2171269;;;INR;Inverurie
TN7089250;gare;Keith;Keith;Keith;7089250;;57.551381;-2.954006;GB;Europe/London;Q1235112;ScotRail;;code;21532919;Q1961219;;;KEH;Keith
TN7089313;gare;Laurencekirk;Laurencekirk;Laurencekirk;7089313;;56.837101;-2.464781;GB;Europe/London;Q987775;ScotRail;BUS;code;3196927064;Q6500951;;;LAU;Laurencekirk
TN7089640;gare;Stonehaven;Stonehaven;Stonehaven;7089640;;56.966862;-2.225283;GB;Europe/London;Q1002177;Caledonian Sleeper|CrossCountry|LNER|ScotRail;BUS;code;7209363760;Q3526618;;;STN;Stonehaven
TN7089760;gare;Aberdeen;Aberdeen;Aberdeen;7089760;;57.142649;-2.097635;GB;Europe/London;Q36405;Caledonian Sleeper|CrossCountry|LNER|ScotRail;BUS;code;7149963979;Q2665551;;;ABD;Aberdeen
TN7089770;gare;Elgin;Elgin;Elgin;7089770;;57.642791;-3.311136;GB;Europe/London;Q841074;ScotRail;;code;26513869;Q2396399;;;ELG;Elgin
TN7090130;gare;Balmossie;Balmossie;Balmossie;7090130;;56.474733;-2.838347;GB;Europe/London;Q3179174;ScotRail;;code;3196787310;Q2944519;;;BSI;Balmossie
TN7090200;gare;Barry Links;Barry Links;Barry Links;7090200;;56.49311;-2.746153;GB;Europe/London;Q809009;ScotRail;;code;3196787311;Q743618;;;BYL;Barry Links
TN7090230;gare;Broughty Ferry;Broughty Ferry;Broughty Ferry;7090230;;56.467643;-2.873986;GB;Europe/London;Q123709;ScotRail;;code;3196787312;Q2765820;;;BYF;Broughty Ferry
TN7090280;gare;Carnoustie;Carnoustie;Carnoustie;7090280;;56.500678;-2.705347;GB;Europe/London;Q1012395;Caledonian Sleeper|ScotRail;;code;7183114246;Q2079866;;;CAN;Carnoustie
TN7090390;gare;Dundee;Dundee;Dundee;7090390;;56.456615;-2.970897;GB;Europe/London;Q123709;Caledonian Sleeper|CrossCountry|LNER|ScotRail;BUS;code;3648408660;Q3096420;;;DEE;Dundee
TN7090600;gare;Monifieth;Monifieth;Monifieth;7090600;;56.479738;-2.818356;GB;Europe/London;Q3179174;ScotRail;;code;3196787315;Q2425536;;;MON;Monifieth
TN7090790;gare;Arbroath;Arbroath;Arbroath;7090790;;56.559338;-2.589274;GB;Europe/London;Q630668;Caledonian Sleeper|CrossCountry|LNER|ScotRail;BUS;code;7209359518;Q2641966;;;ARB;Arbroath
TN7090800;gare;Montrose;Montrose;Montrose;7090800;;56.71283;-2.472217;GB;Europe/London;Q420303;Caledonian Sleeper|CrossCountry|LNER|ScotRail;BUS;code;7197531028;Q3405417;;;MTS;Montrose
TN7090900;gare;Aberdour;Aberdour;Aberdour;7090900;;56.054755;-3.300976;GB;Europe/London;Q2014221;ScotRail;BUS;code;26403582;Q3177311;;;AUR;Aberdour
TN7090910;port;Douglas Iom;Douglas Iom;Douglas Iom;7090910;;54.148093;-4.472702;IM;;Q9676;;FERRY;gtfs;;;;;DGS;Douglas Iom
TN7090960;gare;Golf Street;Golf Street;Golf Street;7090960;;56.497946;-2.720123;GB;Europe/London;Q1012395;ScotRail;;code;7209380294;Q2138920;;;GOF;Golf Street
TN7091070;gare;Burntisland;Burntisland;Burntisland;7091070;;56.057349;-3.233829;GB;Europe/London;Q1011521;ScotRail;BUS;code;26403893;Q2099320;;;BTS;Burntisland
TN7091120;gare;Cardenden;Cardenden;Cardenden;7091120;;56.141062;-3.260981;GB;Europe/London;Q1014545;ScotRail;BUS;code;26404849;Q2044752;;;CDD;Cardenden
TN7091210;gare;Cupar;Cupar;Cupar;7091210;;56.317202;-3.008964;GB;Europe/London;Q1012047;CrossCountry|ScotRail;BUS;code;21517294;Q1879607;;;CUP;Cupar
TN7091350;gare;Dalgety Bay;Dalgety Bay;Dalgety Bay;7091350;;56.042273;-3.367249;GB;Europe/London;Q376329;ScotRail;BUS;code;26403512;Q2198824;;;DAG;Dalgety Bay
TN7091360;gare;Inverkeithing;Inverkeithing;Inverkeithing;7091360;;56.035239;-3.395417;GB;Europe/London;Q1010422;Caledonian Sleeper|CrossCountry|LNER|ScotRail;BUS;code;7209365297;Q3135635;;;INK;Inverkeithing
TN7091420;gare;Kinghorn;Kinghorn;Kinghorn;7091420;;56.069094;-3.17449;GB;Europe/London;Q1010266;ScotRail;BUS;code;26403993;Q1985428;;;KGH;Kinghorn
TN7091450;gare;Kirkcaldy;Kirkcaldy;Kirkcaldy;7091450;;56.112042;-3.167018;GB;Europe/London;Q691685;Caledonian Sleeper|CrossCountry|LNER|ScotRail;BUS;code;7183114247;Q2070358;;;KDY;Kirkcaldy
TN7091490;gare;Ladybank;Ladybank;Ladybank;7091490;;56.274246;-3.121595;GB;Europe/London;Q659588;CrossCountry|ScotRail;BUS;code;21517380;Q980212;;;LDY;Ladybank
TN7091560;gare;Lochgelly;Lochgelly;Lochgelly;7091560;;56.1349;-3.313475;GB;Europe/London;Q3835992;ScotRail;BUS;code;26404870;Q5145648;;;LCG;Lochgelly
TN7091600;gare;Markinch;Markinch;Markinch;7091600;;56.200413;-3.130802;GB;Europe/London;Q3849623;CrossCountry|ScotRail;BUS;code;3182697216;Q2572429;;;MNC;Markinch
TN7091750;gare;Springfield;Springfield;Springfield;7091750;;56.294936;-3.052887;GB;Europe/London;Q2369961;ScotRail;;code;21517341;Q2254054;;;SPF;Springfield
TN7091850;gare;Cowdenbeath;Cowdenbeath;Cowdenbeath;7091850;;56.111653;-3.343286;GB;Europe/London;Q1010263;ScotRail;BUS;code;26405270;Q2677829;;;COW;Cowdenbeath
TN7091860;gare;Dunfermline Town;Dunfermline Town;Dunfermline Town;7091860;;56.068233;-3.452033;GB;Europe/London;Q211950;ScotRail;BUS;gtfs;;;;;DFE;Dunfermline Town
TN7091870;gare;Dunfermline Queen Margaret;Dunfermline Queen Margaret;Dunfermline Queen Margaret;7091870;;56.080166;-3.421771;GB;Europe/London;Q211950;ScotRail;BUS;code;26405295;Q2675988;;;DFL;Dunfermline Queen Margaret
TN7091880;gare;Leuchars;Leuchars;Leuchars;7091880;;56.374796;-2.893854;GB;Europe/London;Q1011960;Caledonian Sleeper|CrossCountry|LNER|ScotRail;BUS;code;21511529;Q2653290;;;LEU;Leuchars
TN7091890;gare;North Queensferry;North Queensferry;North Queensferry;7091890;;56.012448;-3.394656;GB;Europe/London;Q1009725;ScotRail;;code;3182697217;Q2109115;;;NQU;North Queensferry
TN7091900;gare;Rosyth;Rosyth;Rosyth;7091900;;56.045376;-3.426329;GB;Europe/London;Q376329;ScotRail;BUS;code;26405516;Q2218049;;;ROS;Rosyth
TN7092170;gare;Kingsknowe;Kingsknowe;Kingsknowe;7092170;;55.918909;-3.264857;GB;Europe/London;Q23436;ScotRail;;code;4305266448;Q1819668;;;KGE;Kingsknowe
TN7092180;gare;Curriehill;Curriehill;Curriehill;7092180;;55.900628;-3.318418;GB;Europe/London;Q23436;ScotRail;;code;2958271254;Q2495359;;;CUH;Curriehill
TN7092280;gare;Pineapple Road;Pineapple Road;Pineapple Road;7092280;;52.430307;-1.907794;GB;Europe/London;Q20986424;West Midlands Trains;BUS;code;1494749297;Q117075248;;;PIR;Pineapple Road
TN7092300;gare;Kirknewton;Kirknewton;Kirknewton;7092300;;55.888933;-3.433516;GB;Europe/London;Q2456978;ScotRail;;code;3727341273;Q2475701;;;KKN;Kirknewton
TN7092310;gare;Wester Hailes;Wester Hailes;Wester Hailes;7092310;;55.914371;-3.28382;GB;Europe/London;Q23436;ScotRail;;code;4305266451;Q2334628;;;WTA;Wester Hailes
TN7092340;gare;Northumberland Park (T&W);Northumberland Park;Northumberland Park;7092340;;55.032914;-1.520601;GB;Europe/London;Q11710013;Northern;BUS;code;12517647184;Q7059817;;;NOP;Northumberland Park (T&W)
TN7092350;gare;Seaton Delaval;Seaton Delaval;Seaton Delaval;7092350;;55.074728;-1.538377;GB;Europe/London;Q1734413;Northern;BUS;code;210801667;Q28970501;;;SEJ;Seaton Delaval
TN7092360;gare;Slateford;Slateford;Slateford;7092360;;55.926616;-3.243746;GB;Europe/London;Q23436;ScotRail;;code;4305266450;Q2027629;;;SLA;Slateford
TN7092380;gare;Okehampton Interchange;Okehampton Interchange;Okehampton Interchange;7092380;;50.743312;-3.976218;GB;Europe/London;Q370814;Great Western Railway;BUS;code;13431454654;;;;OKI;Okehampton Interchange
TN7092450;gare;Fauldhouse;Fauldhouse;Fauldhouse;7092450;;55.822445;-3.719248;GB;Europe/London;Q1009114;ScotRail;;code;30745986;Q1998846;;;FLD;Fauldhouse
TN7092460;gare;Hartwood;Hartwood;Hartwood;7092460;;55.811182;-3.839023;GB;Europe/London;Q15059270;ScotRail;;code;3727609006;Q2417054;;;HTW;Hartwood
TN7092500;gare;West Calder;West Calder;West Calder;7092500;;55.853771;-3.566816;GB;Europe/London;Q1011751;ScotRail;;code;2958369107;Q3246677;;;WCL;West Calder
TN7092510;gare;Breich;Breich;Breich;7092510;;55.827546;-3.66726;GB;Europe/London;Q4960409;ScotRail;;code;30746072;Q2506070;;;BRC;Breich
TN7093010;gare;Glenrothes with Thornton;Glenrothes with Thornton;Glenrothes with Thornton;7093010;;56.162291;-3.142935;GB;Europe/London;Q2551138;ScotRail;BUS;code;26404123;Q1971591;;;GLT;Glenrothes With Thornton
TN7093040;gare;Musselburgh;Musselburgh;Musselburgh;7093040;;55.933457;-3.072486;GB;Europe/London;Q37718;ScotRail;;code;7209253488;Q2686048;;;MUB;Musselburgh
TN7093100;gare;Addiewell;Addiewell;Addiewell;7093100;;55.843449;-3.606305;GB;Europe/London;Q3372854;ScotRail;;code;30745503;Q2135613;;;ADW;Addiewell
TN7093110;gare;Bathgate;Bathgate;Bathgate;7093110;;55.897105;-3.636274;GB;Europe/London;Q810794;ScotRail;;code;7209309360;Q4869021;;;BHG;Bathgate
TN7093170;gare;Drem;Drem;Drem;7093170;;56.005134;-2.785302;GB;Europe/London;Q5306907;ScotRail;;code;20695221;Q2164645;;;DRM;Drem
TN7093180;gare;South Gyle;South Gyle;South Gyle;7093180;;55.936508;-3.299366;GB;Europe/London;Q23436;ScotRail;;code;27453533;Q1825568;;;SGL;South Gyle
TN7093280;gare;Edinburgh Waverley;Edinburgh Waverley;Edinburgh Waverley;7093280;;55.951902;-3.19042;GB;Europe/London;Q23436;Avanti West Coast|Caledonian Sleeper|CrossCountry|LNER|Lumo|ScotRail|TransPennine Express;BUS;code;7149998196;Q800716;;;EDB;Edinburgh Waverley
TN7093540;gare;Longniddry;Longniddry;Longniddry;7093540;;55.976236;-2.888647;GB;Europe/London;Q1016963;ScotRail;;code;20695192;Q2182720;;;LND;Longniddry
TN7093580;gare;North Berwick;North Berwick;North Berwick;7093580;;56.05664;-2.730971;GB;Europe/London;Q1012054;ScotRail;;code;7209313407;Q2192212;;;NBW;North Berwick
TN7093650;gare;Wallyford;Wallyford;Wallyford;7093650;;55.940459;-3.014788;GB;Europe/London;Q37718;ScotRail;;code;20695159;Q2880755;;;WAF;Wallyford
TN7093660;gare;Prestonpans;Prestonpans;Prestonpans;7093660;;55.952776;-2.975452;GB;Europe/London;Q7242055;ScotRail;;code;7209211336;Q2076386;;;PST;Prestonpans
TN7093710;gare;Livingston North;Livingston North;Livingston North;7093710;;55.901508;-3.543608;GB;Europe/London;Q848287;ScotRail;;code;7209241888;Q2214356;;;LSN;Livingston North
TN7093720;gare;Livingston South;Livingston South;Livingston South;7093720;;55.871604;-3.501489;GB;Europe/London;Q848287;ScotRail;;code;244116428;Q4451346;;;LVG;Livingston South
TN7093730;gare;Uphall;Uphall;Uphall;7093730;;55.919038;-3.501903;GB;Europe/London;Q7898289;ScotRail;;code;7209253175;Q2337335;;;UHA;Uphall
TN7093950;gare;Edinburgh Park;Edinburgh Park;Edinburgh Park;7093950;;55.927582;-3.307568;GB;Europe/London;Q23436;ScotRail;;code;21559341;Q5008328;;;EDP;Edinburgh Park
TN7093970;gare;Dunbar;Dunbar;Dunbar;7093970;;55.998211;-2.513684;GB;Europe/London;Q1002133;CrossCountry|LNER|ScotRail|TransPennine Express;BUS;code;20695347;Q5257092;;;DUN;Dunbar
TN7094150;gare;Dalmeny;Dalmeny;Dalmeny;7094150;;55.98625;-3.381503;GB;Europe/London;Q23436;ScotRail;;code;3182697213;Q5211557;;;DAM;Dalmeny
TN7094190;gare;Haymarket (Edinburgh);Haymarket;Haymarket;7094190;;55.945184;-3.219374;GB;Europe/London;Q23436;Avanti West Coast|CrossCountry|LNER|Lumo|ScotRail|TransPennine Express;BUS;code;6451802275;Q800709;;;HYM;Haymarket (Edinburgh)
TN7094240;arret_car;Southease A26;Southease A26;Southease A26;7094240;;50.830405;0.033444;GB;Europe/London;Q246884;;BUS;gtfs;;;;;SSA;Southease A26
TN7094380;gare;Linlithgow;Linlithgow;Linlithgow;7094380;;55.976394;-3.595787;GB;Europe/London;Q1016911;ScotRail;;code;26517083;Q3244484;;;LIN;Linlithgow
TN7094510;gare;Annan;Annan;Annan;7094510;;54.983512;-3.26281;GB;Europe/London;Q564495;ScotRail;;code;26747495;Q4767915;;;ANN;Annan
TN7094520;gare;Fairlie;Fairlie;Fairlie;7094520;;55.751893;-4.853186;GB;Europe/London;Q5430546;ScotRail;BUS;code;30616252;Q1902162;;;FRL;Fairlie
TN7094530;gare;Ardrossan Harbour;Ardrossan Harbour;Ardrossan Harbour;7094530;;55.639509;-4.820251;GB;Europe/London;Q640073;ScotRail;BUS;code;30615844;Q2420789;;;ADS;Ardrossan Harbour
TN7094550;gare;Ardrossan Town;Ardrossan Town;Ardrossan Town;7094550;;55.640213;-4.812076;GB;Europe/London;Q640073;ScotRail;BUS;code;30615839;Q2166354;;;ADN;Ardrossan Town
TN7094570;gare;Auchinleck;Auchinleck;Auchinleck;7094570;;55.469874;-4.295961;GB;Europe/London;Q1013757;ScotRail;BUS;code;26768502;Q2129004;;;AUK;Auchinleck
TN7094630;gare;Ayr;Ayr;Ayr;7094630;;55.458267;-4.625827;GB;Europe/London;Q654216;ScotRail;BUS;code;11016135855;Q2633154;;;AYR;Ayr
TN7094660;gare;Barassie;Barassie;Barassie;7094660;;55.561603;-4.651455;GB;Europe/London;Q1021167;ScotRail;;code;11015773274;Q2023730;;;BSS;Barassie
TN7094670;gare;Barrhill;Barrhill;Barrhill;7094670;;55.097528;-4.782139;GB;Europe/London;Q4863470;ScotRail;;code;30670482;Q2845001;;;BRL;Barrhill
TN7094830;gare;Dalry;Dalry;Dalry;7094830;;55.70599;-4.711135;GB;Europe/London;Q5211609;ScotRail;BUS;code;30565774;Q2419872;;;DLY;Dalry
TN7094900;gare;Dumfries;Dumfries;Dumfries;7094900;;55.072704;-3.604446;GB;Europe/London;Q652035;ScotRail;BUS;code;26755092;Q597956;;;DMF;Dumfries
TN7094920;gare;Dunlop;Dunlop;Dunlop;7094920;;55.711914;-4.5324;GB;Europe/London;Q3041358;ScotRail;BUS;code;30670181;Q523713;;;DNL;Dunlop
TN7095010;gare;Girvan;Girvan;Girvan;7095010;;55.246278;-4.848084;GB;Europe/London;Q1011787;ScotRail;;code;30670391;Q4284591;;;GIR;Girvan
TN7095030;gare;Glengarnock;Glengarnock;Glengarnock;7095030;;55.738984;-4.674897;GB;Europe/London;Q3776624;ScotRail;BUS;code;30565773;Q2157398;;;GLG;Glengarnock
TN7095060;arret_car;Corwen Bus;Corwen Bus;Corwen Bus;7095060;;52.979985;-3.374665;GB;Europe/London;Q2311675;;BUS;gtfs;;;;;CEN;Corwen Bus
TN7095080;gare;Irvine;Irvine;Irvine;7095080;;55.611194;-4.674782;GB;Europe/London;Q1774629;ScotRail;BUS;code;30614977;Q3405347;;;IRV;Irvine
TN7095120;gare;Kilmarnock;Kilmarnock;Kilmarnock;7095120;;55.612559;-4.499409;GB;Europe/London;Q576562;ScotRail;BUS;code;26778986;Q2191486;;;KMK;Kilmarnock
TN7095160;gare;Kilmaurs;Kilmaurs;Kilmaurs;7095160;;55.637103;-4.53055;GB;Europe/London;Q205448;ScotRail;BUS;code;30670208;Q1849147;;;KLM;Kilmaurs
TN7095170;gare;Kilwinning;Kilwinning;Kilwinning;7095170;;55.656184;-4.709539;GB;Europe/London;Q1013827;ScotRail;BUS;code;2987567860;Q2439622;;;KWN;Kilwinning
TN7095180;gare;Kirkconnel;Kirkconnel;Kirkconnel;7095180;;55.387509;-3.99881;GB;Europe/London;VGB-kirkconnel;ScotRail;BUS;code;26767786;Q2042130;;;KRK;Kirkconnel
TN7095210;gare;Largs;Largs;Largs;7095210;;55.792497;-4.867033;GB;Europe/London;Q1016169;ScotRail;BUS|FERRY;code;30616264;Q1840382;;;LAR;Largs
TN7095290;gare;Maybole;Maybole;Maybole;7095290;;55.354649;-4.685378;GB;Europe/London;Q603616;ScotRail;;code;30670387;Q1926869;;;MAY;Maybole
TN7095330;gare;New Cumnock;New Cumnock;New Cumnock;7095330;;55.402236;-4.183355;GB;Europe/London;Q1011095;ScotRail;BUS;code;26768266;Q2538289;;;NCK;New Cumnock
TN7095420;arret_car;Dolgellau Eldon Square;Dolgellau Eldon Square;Dolgellau Eldon Square;7095420;;52.741892;-3.887123;GB;Europe/London;Q1235510;;BUS;gtfs;;;;;DOG;Dolgellau Eldon Square
TN7095430;gare;Prestwick Town;Prestwick Town;Prestwick Town;7095430;;55.501773;-4.614319;GB;Europe/London;Q939049;ScotRail;BUS;code;593978905;Q1923972;;;PTW;Prestwick Town
TN7095440;gare;Prestwick International Airport;Prestwick International Airport;Prestwick International Airport;7095440;;55.509023;-4.61414;GB;Europe/London;Q939049;ScotRail;BUS;code;277572107;Q2188909;;;PRA;Prestwick International Airport
TN7095470;gare;Saltcoats;Saltcoats;Saltcoats;7095470;;55.633912;-4.784568;GB;Europe/London;Q1018756;ScotRail;BUS;code;1800902628;Q2903471;;;SLT;Saltcoats
TN7095480;gare;Wansbeck Road;Wansbeck Road;Wansbeck Road;7095480;;55.014291;-1.635689;GB;Europe/London;Q1425428;Tyne and Wear Metro;;nom;3814734850;Q7968068;;;WRD;Wansbeck Road
TN7095490;gare;Sanquhar;Sanquhar;Sanquhar;7095490;;55.370964;-3.924699;GB;Europe/London;Q996600;ScotRail;BUS;code;26767310;Q736849;;;SQH;Sanquhar
TN7095510;gare;Ilford Road;Ilford Road;Ilford Road;7095510;;55.000011;-1.610863;GB;Europe/London;Q1425428;Tyne and Wear Metro;;nom;4492377630;Q5997749;;;IFR;Ilford Road
TN7095520;gare;Shieldmuir;Shieldmuir;Shieldmuir;7095520;;55.777435;-3.957851;GB;Europe/London;Q737547;ScotRail;;code;3737502162;Q3439804;;;SDM;Shieldmuir
TN7095530;gare;Stevenston;Stevenston;Stevenston;7095530;;55.634249;-4.750107;GB;Europe/London;Q2376078;ScotRail;BUS;code;30615536;Q3207367;;;STV;Stevenston
TN7095540;gare;Stewarton;Stewarton;Stewarton;7095540;;55.68208;-4.518166;GB;Europe/London;Q1011948;ScotRail;BUS;code;30670196;Q2674920;;;STT;Stewarton
TN7095550;gare;Stranraer;Stranraer;Stranraer;7095550;;54.909278;-5.024688;GB;Europe/London;Q1001935;ScotRail;;code;30670603;Q3282831;;;STR;Stranraer
TN7095600;gare;West Jesmond;West Jesmond;West Jesmond;7095600;;54.993435;-1.609803;GB;Europe/London;Q1425428;Tyne and Wear Metro;;nom;4492377647;Q7985584;;;WEJ;West Jesmond
TN7095610;gare;Jesmond;Jesmond;Jesmond;7095610;;54.983064;-1.605578;GB;Europe/London;Q1425428;Tyne and Wear Metro;;nom;4492377631;Q12060867;;;JES;Jesmond
TN7095620;gare;Troon;Troon;Troon;7095620;;55.542742;-4.655523;GB;Europe/London;Q1021167;ScotRail;BUS;code;26778829;Q2063531;;;TRN;Troon
TN7095630;gare;Haymarket (Newcastle);Haymarket;Haymarket;7095630;;54.977503;-1.613928;GB;Europe/London;Q1425428;Tyne and Wear Metro;;nom;4492377627;Q5686995;;;HMA;Haymarket (Newcastle)
TN7095640;gare;West Kilbride;West Kilbride;West Kilbride;7095640;;55.696434;-4.851378;GB;Europe/London;Q1010320;ScotRail;BUS;code;30616232;Q7985626;;;WKB;West Kilbride
TN7095650;gare;Monument South;Monument South;Monument South;7095650;;54.973602;-1.614106;GB;Europe/London;Q1425428;Tyne and Wear Metro;;gtfs;;;;;MMS;Monument South
TN7095660;gare;Gateshead;Gateshead;Gateshead;7095660;;54.961722;-1.604407;GB;Europe/London;Q216372;Tyne and Wear Metro;;nom;4523836161;Q5527160;;;GAT;Gateshead
TN7095670;gare;Gateshead Stadium;Gateshead Stadium;Gateshead Stadium;7095670;;54.957669;-1.588159;GB;Europe/London;Q216372;Tyne and Wear Metro;;nom;4492377626;Q5527162;;;GAS;Gateshead Stadium
TN7095680;gare;Felling;Felling;Felling;7095680;;54.953146;-1.571771;GB;Europe/London;VGB-pelaw;Tyne and Wear Metro;;nom;4492377625;Q5442471;;;FLG;Felling
TN7095690;gare;Ardrossan South Beach;Ardrossan South Beach;Ardrossan South Beach;7095690;;55.64111;-4.800534;GB;Europe/London;Q640073;ScotRail;BUS;code;30615673;Q2234490;;;ASB;Ardrossan South Beach
TN7095700;gare;Monument North;Monument North;Monument North;7095700;;54.973602;-1.614106;GB;Europe/London;Q1425428;Tyne and Wear Metro;;gtfs;;;;;MNH;Monument North
TN7095710;gare;Newton-on-Ayr;Newton-on-Ayr;Newton-on-Ayr;7095710;;55.473966;-4.625979;GB;Europe/London;Q654216;ScotRail;;code;703342188;Q2009461;;;NOA;Newton-On-Ayr
TN7095730;gare;Kidderminster S.V.R.;Kidderminster S.V.R.;Kidderminster S.V.R.;7095730;;52.388063;-2.249745;GB;Europe/London;Q844062;West Midlands Trains;;gtfs;;;;;KDM;Kidderminster S.V.R.
TN7095861;gare;Imperial Wharf;Imperial Wharf;Imperial Wharf;7095861;;51.475103;-0.182927;GB;Europe/London;Q84;London Overground|Southern;;code;3749159483;Q800954;;;IMW;Imperial Wharf
TN7095871;gare;Shepherds Bush;Shepherds Bush;Shepherds Bush;7095871;;51.506;-0.218;GB;Europe/London;Q84;London Overground|Southern;;gtfs;;;;;SPB;Shepherds Bush
TN7096080;gare;Muirend;Muirend;Muirend;7096080;;55.810113;-4.273811;GB;Europe/London;Q4093;ScotRail;;code;7147294461;Q2477580;;;MUI;Muirend
TN7096090;gare;Nitshill;Nitshill;Nitshill;7096090;;55.811893;-4.360436;GB;Europe/London;Q4093;ScotRail;;code;30619281;Q3012358;;;NIT;Nitshill
TN7096100;gare;Gretna Green;Gretna Green;Gretna Green;7096100;;55.000736;-3.066695;GB;Europe/London;Q2282115;ScotRail;;code;26747371;Q1881671;;;GEA;Gretna Green
TN7096140;gare;Lockerbie;Lockerbie;Lockerbie;7096140;;55.122406;-3.353789;GB;Europe/London;Q216045;Avanti West Coast|Lumo|TransPennine Express;;code;6451802277;Q2792708;;;LOC;Lockerbie
TN7096200;gare;Bishopton;Bishopton;Bishopton;7096200;;55.902358;-4.5008;GB;Europe/London;Q4918118;ScotRail;;code;22265358;Q3076007;;;BPT;Bishopton
TN7096220;gare;Dumbreck;Dumbreck;Dumbreck;7096220;;55.844951;-4.300799;GB;Europe/London;Q4093;ScotRail;;code;30671368;Q2783418;;;DUM;Dumbreck
TN7096230;gare;Pollokshields West;Pollokshields West;Pollokshields West;7096230;;55.83764;-4.276154;GB;Europe/London;Q4093;ScotRail;;code;29108492;Q4697612;;;PLW;Pollokshields West
TN7096240;gare;Cardonald;Cardonald;Cardonald;7096240;;55.852756;-4.34037;GB;Europe/London;Q4093;ScotRail;BUS;code;22256341;Q2162235;;;CDO;Cardonald
TN7096270;gare;Corkerhill;Corkerhill;Corkerhill;7096270;;55.83747;-4.334328;GB;Europe/London;Q4093;ScotRail;;code;30004722;Q2408971;;;CKH;Corkerhill
TN7096280;gare;Crookston;Crookston;Crookston;7096280;;55.842233;-4.365101;GB;Europe/London;Q4093;ScotRail;;code;29152311;Q1973110;;;CKT;Crookston
TN7096300;gare;Hillington West;Hillington West;Hillington West;7096300;;55.855862;-4.371094;GB;Europe/London;Q4093;ScotRail;BUS;code;27423935;Q2511692;;;HLW;Hillington West
TN7096320;gare;Mosspark;Mosspark;Mosspark;7096320;;55.84067;-4.347188;GB;Europe/London;Q4093;ScotRail;;code;30004721;Q1941822;;;MPK;Mosspark
TN7096340;gare;Hawkhead;Hawkhead;Hawkhead;7096340;;55.842102;-4.399536;GB;Europe/London;Q211870;ScotRail;;code;29264486;Q2659628;;;HKH;Hawkhead
TN7096350;gare;Gourock;Gourock;Gourock;7096350;;55.961616;-4.815668;GB;Europe/London;Q2469984;ScotRail;;code;1304152167;Q1831055;;;GRK;Gourock
TN7096390;gare;Woodhall;Woodhall;Woodhall;7096390;;55.931438;-4.656635;GB;Europe/London;Q1786145;ScotRail;;code;27418573;Q2308844;;;WDL;Woodhall
TN7096460;gare;Inverkip;Inverkip;Inverkip;7096460;;55.906073;-4.872369;GB;Europe/London;Q1020950;ScotRail;;code;30733555;Q3934383;;;INP;Inverkip
TN7096480;gare;Johnstone;Johnstone;Johnstone;7096480;;55.834281;-4.503086;GB;Europe/London;Q2240072;ScotRail;BUS;code;30565719;Q2608940;;;JHN;Johnstone
TN7096520;gare;Langbank;Langbank;Langbank;7096520;;55.924575;-4.586128;GB;Europe/London;Q1010044;ScotRail;;code;27418574;Q1818441;;;LGB;Langbank
TN7096550;gare;Lochwinnoch;Lochwinnoch;Lochwinnoch;7096550;;55.787174;-4.615722;GB;Europe/London;Q1010180;ScotRail;;code;27004683;Q2689659;;;LHW;Lochwinnoch
TN7096570;gare;Paisley Canal;Paisley Canal;Paisley Canal;7096570;;55.840182;-4.422759;GB;Europe/London;Q211870;ScotRail;;code;27482876;Q2454734;;;PCN;Paisley Canal
TN7096580;gare;Milliken Park;Milliken Park;Milliken Park;7096580;;55.824831;-4.534208;GB;Europe/London;Q2240072;ScotRail;BUS;code;2984303419;Q2919624;;;MIN;Milliken Park
TN7096640;gare;Paisley St James;Paisley St James;Paisley St James;7096640;;55.85212;-4.442461;GB;Europe/London;Q211870;ScotRail;;code;27423742;Q2579633;;;PYJ;Paisley St James
TN7096650;gare;Whinhill;Whinhill;Whinhill;7096650;;55.938377;-4.746686;GB;Europe/London;Q217831;ScotRail;;code;28341300;Q2492489;;;WNL;Whinhill
TN7096670;gare;Port Glasgow;Port Glasgow;Port Glasgow;7096670;;55.933532;-4.690478;GB;Europe/London;Q1786145;ScotRail;;code;22256241;Q2749824;;;PTG;Port Glasgow
TN7096680;gare;Bogston;Bogston;Bogston;7096680;;55.937185;-4.712276;GB;Europe/London;Q1786145;ScotRail;;code;27418572;Q607173;;;BGS;Bogston
TN7096730;gare;Wemyss Bay;Wemyss Bay;Wemyss Bay;7096730;;55.876256;-4.889314;GB;Europe/London;Q1011545;ScotRail;FERRY;code;30733566;Q2120161;;;WMS;Wemyss Bay
TN7096740;gare;Barrhead;Barrhead;Barrhead;7096740;;55.803986;-4.397109;GB;Europe/London;Q2598252;ScotRail;BUS;code;10189109401;Q1808222;;;BRR;Barrhead
TN7096750;gare;Fort Matilda;Fort Matilda;Fort Matilda;7096750;;55.958919;-4.795209;GB;Europe/London;Q2469984;ScotRail;;code;31248198;Q5471606;;;FTM;Fort Matilda
TN7096760;gare;Hillington East;Hillington East;Hillington East;7096760;;55.85423;-4.354904;GB;Europe/London;Q4093;ScotRail;BUS;code;27423937;Q2748339;;;HLE;Hillington East
TN7096800;gare;Cartsdyke;Cartsdyke;Cartsdyke;7096800;;55.942212;-4.732362;GB;Europe/London;Q217831;ScotRail;;code;27418571;Q2466928;;;CDY;Cartsdyke
TN7096810;gare;Greenock Central;Greenock Central;Greenock Central;7096810;;55.94521;-4.751876;GB;Europe/London;Q217831;ScotRail;;code;28341200;Q545693;;;GKC;Greenock Central
TN7096820;gare;Greenock West;Greenock West;Greenock West;7096820;;55.9472;-4.767762;GB;Europe/London;Q217831;ScotRail;;code;30733446;Q2914329;;;GKW;Greenock West
TN7096830;gare;Paisley Gilmour Street;Paisley Gilmour Street;Paisley Gilmour Street;7096830;;55.847387;-4.424282;GB;Europe/London;Q211870;ScotRail;BUS;code;22256316;Q2549824;;;PYG;Paisley Gilmour Street
TN7096910;gare;Motherwell;Motherwell;Motherwell;7096910;;55.79189;-3.994666;GB;Europe/London;Q737547;Avanti West Coast|Caledonian Sleeper|CrossCountry|Lumo|ScotRail|TransPennine Express;BUS;code;3716453786;Q2161315;;;MTH;Motherwell
TN7096940;gare;Wishaw;Wishaw;Wishaw;7096940;;55.772201;-3.926309;GB;Europe/London;Q2305226;ScotRail;;code;30557825;Q1998970;;;WSH;Wishaw
TN7096950;gare;Airbles;Airbles;Airbles;7096950;;55.782066;-3.9947;GB;Europe/London;Q737547;ScotRail;;code;30562471;Q3404263;;;AIR;Airbles
TN7096991;gare;Llantwit Major;Llantwit Major;Llantwit Major;7096991;;51.40965;-3.481428;GB;Europe/London;Q2347528;Transport for Wales;BUS;code;244325805;Q2425684;;;LWM;Llantwit Major
TN7097020;gare;Carluke;Carluke;Carluke;7097020;;55.731117;-3.848934;GB;Europe/London;Q1011389;ScotRail;;code;10288496;Q1961509;;;CLU;Carluke
TN7097040;gare;Carstairs;Carstairs;Carstairs;7097040;;55.691366;-3.669368;GB;Europe/London;Q50607256;Caledonian Sleeper|ScotRail|TransPennine Express;;code;3749263908;Q657363;;;CRS;Carstairs
TN7097050;gare;Merryton;Merryton;Merryton;7097050;;55.749008;-3.977516;GB;Europe/London;Q1012019;ScotRail;;code;2977094544;Q2050287;;;MEY;Merryton
TN7097070;gare;Chatelherault;Chatelherault;Chatelherault;7097070;;55.765118;-4.004437;GB;Europe/London;Q4731115;ScotRail;;code;240976280;Q1902589;;;CTE;Chatelherault
TN7097091;gare;Liverpool South Parkway;Liverpool South Parkway;Liverpool South Parkway;7097091;;53.357618;-2.8892;GB;Europe/London;Q21665571;Avanti West Coast|East Midlands Railway|Merseyrail|Northern|TransPennine Express|Transport for Wales|West Midlands Trains;BUS;code;7140201331;Q2653302;;;LPY;Liverpool South Parkway
TN7097100;gare;Lanark;Lanark;Lanark;7097100;;55.673503;-3.772423;GB;Europe/London;Q1002124;ScotRail;;code;7172254590;Q3095663;;;LNK;Lanark
TN7097140;gare;Bellshill;Bellshill;Bellshill;7097140;;55.81706;-4.02433;GB;Europe/London;Q680984;ScotRail;;code;2958494672;Q2349644;;;BLH;Bellshill
TN7097160;gare;Blantyre;Blantyre;Blantyre;7097160;;55.797299;-4.086879;GB;Europe/London;Q881708;ScotRail;;code;30562715;Q528532;;;BLT;Blantyre
TN7097180;gare;Cleland;Cleland;Cleland;7097180;;55.80443;-3.910727;GB;Europe/London;VGB-cleland;ScotRail;;code;2958410357;Q2163934;;;CEA;Cleland
TN7097210;gare;Cumbernauld;Cumbernauld;Cumbernauld;7097210;;55.941902;-3.980305;GB;Europe/London;Q996616;ScotRail;;code;3727609004;Q2347472;;;CUB;Cumbernauld
TN7097230;gare;Gartcosh;Gartcosh;Gartcosh;7097230;;55.885621;-4.079383;GB;Europe/London;Q1009722;ScotRail;;code;7209241887;Q2770943;;;GRH;Gartcosh
TN7097250;gare;Greenfaulds;Greenfaulds;Greenfaulds;7097250;;55.934965;-3.99351;GB;Europe/London;Q996616;Lumo|ScotRail;;code;4293990193;Q4989890;;;GRL;Greenfaulds
TN7097260;gare;Hamilton Central;Hamilton Central;Hamilton Central;7097260;;55.773146;-4.038824;GB;Europe/London;Q4131;ScotRail;;code;3727609005;Q2672822;;;HNC;Hamilton Central
TN7097270;gare;Hamilton West;Hamilton West;Hamilton West;7097270;;55.779357;-4.055493;GB;Europe/London;Q4131;ScotRail;;code;30562570;Q2722118;;;HNW;Hamilton West
TN7097280;gare;Larkhall;Larkhall;Larkhall;7097280;;55.738609;-3.975012;GB;Europe/London;Q1012019;ScotRail;;code;240976503;Q3241373;;;LRH;Larkhall
TN7097380;gare;Holytown;Holytown;Holytown;7097380;;55.812564;-3.973488;GB;Europe/London;Q7011958;ScotRail;;code;30744102;Q2159699;;;HLY;Holytown
TN7097390;gare;Shotts;Shotts;Shotts;7097390;;55.818565;-3.799078;GB;Europe/London;Q1009915;ScotRail;;code;30744619;Q2256624;;;SHS;Shotts
TN7097470;gare;Coatbridge Central;Coatbridge Central;Coatbridge Central;7097470;;55.862669;-4.032078;GB;Europe/London;Q1018723;ScotRail;;code;3739082342;Q2781887;;;CBC;Coatbridge Central
TN7097520;gare;Coatbridge Sunnyside;Coatbridge Sunnyside;Coatbridge Sunnyside;7097520;;55.866905;-4.027957;GB;Europe/London;Q1018723;ScotRail;;code;3727609003;Q1964455;;;CBS;Coatbridge Sunnyside
TN7097530;gare;Whifflet;Whifflet;Whifflet;7097530;;55.85383;-4.018595;GB;Europe/London;Q1018723;Lumo|ScotRail;BUS;code;538514759;Q2565103;;;WFF;Whifflet
TN7097570;gare;Drumgelloch;Drumgelloch;Drumgelloch;7097570;;55.867676;-3.948315;GB;Europe/London;Q5073132;ScotRail;;code;7209211338;Q5309156;;;DRU;Drumgelloch
TN7097590;gare;Airdrie;Airdrie;Airdrie;7097590;;55.864084;-3.982255;GB;Europe/London;Q408536;ScotRail;;code;4293914995;Q3404337;;;ADR;Airdrie
TN7097600;gare;Blairhill;Blairhill;Blairhill;7097600;;55.866516;-4.042719;GB;Europe/London;Q1018723;ScotRail;;code;3727609001;Q517064;;;BAI;Blairhill
TN7097620;gare;Coatdyke;Coatdyke;Coatdyke;7097620;;55.864404;-4.005;GB;Europe/London;Q1018723;ScotRail;;code;7209246178;Q584977;;;COA;Coatdyke
TN7097630;gare;Baillieston;Baillieston;Baillieston;7097630;;55.844513;-4.113717;GB;Europe/London;Q4093;ScotRail;BUS;code;30737102;Q1878833;;;BIO;Baillieston
TN7097640;gare;Bargeddie;Bargeddie;Bargeddie;7097640;;55.8513;-4.073752;GB;Europe/London;Q4860564;ScotRail;BUS;code;30736994;Q1812187;;;BGI;Bargeddie
TN7097660;gare;Kirkwood;Kirkwood;Kirkwood;7097660;;55.854174;-4.048299;GB;Europe/London;Q1018723;ScotRail;BUS;code;150749619;Q2713470;;;KWD;Kirkwood
TN7097670;gare;Burnside;Burnside;Burnside;7097670;;55.816939;-4.203124;GB;Europe/London;Q2287588;ScotRail;;code;30564102;Q5000163;;;BUI;Burnside
TN7097680;gare;Cambuslang;Cambuslang;Cambuslang;7097680;;55.819453;-4.173018;GB;Europe/London;Q1018505;ScotRail;;code;30558629;Q2282954;;;CBL;Cambuslang
TN7097690;gare;Carmyle;Carmyle;Carmyle;7097690;;55.834264;-4.158073;GB;Europe/London;Q4093;ScotRail;BUS;code;2979083135;Q2709507;;;CML;Carmyle
TN7097710;gare;Kirkhill;Kirkhill;Kirkhill;7097710;;55.81415;-4.16797;GB;Europe/London;Q1018505;ScotRail;;code;10189182795;Q641964;;;KKH;Kirkhill
TN7097730;gare;Neilston;Neilston;Neilston;7097730;;55.782815;-4.427202;GB;Europe/London;Q747777;ScotRail;;code;29081540;Q2158891;;;NEI;Neilston
TN7097740;gare;Newton;Newton;Newton;7097740;;55.818841;-4.133577;GB;Europe/London;Q1018505;ScotRail;;code;10288558;Q2725598;;;NTN;Newton
TN7097750;gare;Patterton;Patterton;Patterton;7097750;;55.790584;-4.335279;GB;Europe/London;Q1018543;ScotRail;;code;29081468;Q2185506;;;PTT;Patterton
TN7097760;gare;Uddingston;Uddingston;Uddingston;7097760;;55.823561;-4.087022;GB;Europe/London;Q3091189;ScotRail;;code;30558472;Q2519439;;;UDD;Uddingston
TN7097770;gare;Whitecraigs;Whitecraigs;Whitecraigs;7097770;;55.790282;-4.310309;GB;Europe/London;Q7796469;ScotRail;;code;168325631;Q2450424;;;WCR;Whitecraigs
TN7097780;gare;Croftfoot;Croftfoot;Croftfoot;7097780;;55.818247;-4.228242;GB;Europe/London;Q4093;ScotRail;;code;30564107;Q5149191;;;CFF;Croftfoot
TN7097790;gare;Mount Vernon;Mount Vernon;Mount Vernon;7097790;;55.840465;-4.132684;GB;Europe/London;Q4093;ScotRail;BUS;code;30736985;Q4470479;;;MTV;Mount Vernon
TN7097810;gare;Williamwood;Williamwood;Williamwood;7097810;;55.794011;-4.289923;GB;Europe/London;Q1016935;ScotRail;;code;29078146;Q1890117;;;WLM;Williamwood
TN7097870;gare;Rutherglen;Rutherglen;Rutherglen;7097870;;55.830751;-4.213037;GB;Europe/London;Q2287588;ScotRail;BUS;code;254354507;Q950714;;;RUT;Rutherglen
TN7097890;gare;Bridgeton;Bridgeton;Bridgeton;7097890;;55.848326;-4.224818;GB;Europe/London;Q4093;ScotRail;;code;7149950857;Q1878623;;;BDG;Bridgeton
TN7097900;gare;Dalmarnock;Dalmarnock;Dalmarnock;7097900;;55.842185;-4.217471;GB;Europe/London;Q4093;ScotRail;BUS;code;1662148585;Q2174513;;;DAK;Dalmarnock
TN7097910;gare;Busby;Busby;Busby;7097910;;55.780393;-4.262228;GB;Europe/London;Q5001296;ScotRail;;code;4016197294;Q2492034;;;BUS;Busby
TN7097920;gare;Clarkston;Clarkston;Clarkston;7097920;;55.789492;-4.27566;GB;Europe/London;Q1446963;ScotRail;;code;5149769842;Q2869792;;;CKS;Clarkston
TN7097930;gare;East Kilbride;East Kilbride;East Kilbride;7097930;;55.766097;-4.179716;GB;Europe/London;Q654226;ScotRail;;code;3979339627;Q2275211;;;EKL;East Kilbride
TN7097940;gare;Giffnock;Giffnock;Giffnock;7097940;;55.803936;-4.292961;GB;Europe/London;Q1016935;ScotRail;;code;28843455;Q2231362;;;GFN;Giffnock
TN7097950;gare;Cathcart;Cathcart;Cathcart;7097950;;55.817795;-4.26039;GB;Europe/London;Q4093;ScotRail;;code;29079310;Q2209530;;;CCT;Cathcart
TN7097960;gare;Crossmyloof;Crossmyloof;Crossmyloof;7097960;;55.833725;-4.284793;GB;Europe/London;Q4093;ScotRail;;code;28783707;Q3044898;;;CMY;Crossmyloof
TN7098020;gare;Maxwell Park;Maxwell Park;Maxwell Park;7098020;;55.837664;-4.288521;GB;Europe/London;Q4093;ScotRail;;code;29108487;Q2482069;;;MAX;Maxwell Park
TN7098040;gare;Pollokshaws West;Pollokshaws West;Pollokshaws West;7098040;;55.823854;-4.301414;GB;Europe/London;Q4093;ScotRail;;code;3727609007;Q7225728;;;PWW;Pollokshaws West
TN7098080;gare;Priesthill & Darnley;Priesthill & Darnley;Priesthill & Darnley;7098080;;55.812035;-4.342964;GB;Europe/London;Q4093;ScotRail;;code;165098109;Q7242899;;;PTL;Priesthill & Darnley
TN7098100;gare;Hairmyres;Hairmyres;Hairmyres;7098100;;55.761825;-4.229895;GB;Europe/London;Q654226;ScotRail;;code;3979616711;Q2325828;;;HMY;Hairmyres
TN7098120;gare;Thornliebank;Thornliebank;Thornliebank;7098120;;55.811093;-4.311706;GB;Europe/London;Q7796469;ScotRail;;code;28843468;Q2004756;;;THB;Thornliebank
TN7098130;gare;Glasgow Central;Glasgow Central;Glasgow Central;7098130;;55.858313;-4.258436;GB;Europe/London;Q4093;Avanti West Coast|Caledonian Sleeper|CrossCountry|ScotRail|TransPennine Express;BUS;code;6099806145;Q800825;;;GLC;Glasgow Central
TN7098140;gare;Crosshill;Crosshill;Crosshill;7098140;;55.833259;-4.25666;GB;Europe/London;Q4093;ScotRail;;code;30669981;Q3898599;;;COI;Crosshill
TN7098160;gare;Kennishead;Kennishead;Kennishead;7098160;;55.813458;-4.324607;GB;Europe/London;Q4093;ScotRail;;code;30619273;Q2582678;;;KNS;Kennishead
TN7098170;gare;Kings Park;Kings Park;Kings Park;7098170;;55.819512;-4.246282;GB;Europe/London;Q4093;ScotRail;;code;30564108;Q2464694;;;KGP;Kings Park
TN7098180;gare;Langside;Langside;Langside;7098180;;55.820959;-4.276303;GB;Europe/London;Q4093;ScotRail;;code;30669973;Q1815565;;;LGS;Langside
TN7098190;gare;Mount Florida;Mount Florida;Mount Florida;7098190;;55.826803;-4.261105;GB;Europe/London;Q4093;ScotRail;;code;29264597;Q2633187;;;MFL;Mount Florida
TN7098200;gare;Pollokshaws East;Pollokshaws East;Pollokshaws East;7098200;;55.824803;-4.287146;GB;Europe/London;Q4093;ScotRail;;code;30669961;Q2766367;;;PWE;Pollokshaws East
TN7098210;gare;Pollokshields East;Pollokshields East;Pollokshields East;7098210;;55.840728;-4.26898;GB;Europe/London;Q4093;ScotRail;;code;507661386;Q2144734;;;PLE;Pollokshields East
TN7098220;gare;Queens Park Glasgow;Queens Park Glasgow;Queens Park Glasgow;7098220;;55.835747;-4.267368;GB;Europe/London;Q4093;ScotRail;;gtfs;;;;;QPK;Queens Park Glasgow
TN7098230;gare;Shawlands;Shawlands;Shawlands;7098230;;55.829299;-4.29232;GB;Europe/London;Q4093;ScotRail;;code;28783722;Q2261019;;;SHL;Shawlands
TN7098250;gare;Thorntonhall;Thorntonhall;Thorntonhall;7098250;;55.76831;-4.250592;GB;Europe/London;Q7796582;ScotRail;;code;28843197;Q2144407;;;THT;Thorntonhall
TN7098420;gare;Stepps;Stepps;Stepps;7098420;;55.890127;-4.140438;GB;Europe/London;Q7611149;ScotRail;;code;7209246552;Q2442114;;;SPS;Stepps
TN7098450;gare;Hyndland;Hyndland;Hyndland;7098450;;55.879612;-4.314485;GB;Europe/London;Q4093;ScotRail;;code;4293930821;Q2616555;;;HYN;Hyndland
TN7098461;gare;Heathrow Terminal 5 Rail;Heathrow Terminal 5 Rail;Heathrow Terminal 5 Rail;7098461;;51.47;-0.48;GB;Europe/London;Q84;Elizabeth line|Heathrow Express;;gtfs;;;;;HWV;Heathrow Terminal 5 Rail
TN7098500;gare;Cranbrook (Devon);Cranbrook;Cranbrook;7098500;;50.75002;-3.42098;GB;Europe/London;Q2160826;Great Western Railway|South Western Railway;BUS;code;6013523212;Q16988214;;;CBK;Cranbrook (Devon)
TN7098550;gare;Clydebank;Clydebank;Clydebank;7098550;;55.900567;-4.404155;GB;Europe/London;Q996502;ScotRail;BUS;code;4293930832;Q2616848;;;CYK;Clydebank
TN7098610;gare;Alexandria;Alexandria;Alexandria;7098610;;55.985272;-4.577324;GB;Europe/London;Q4093370;ScotRail;BUS;code;7197528337;Q2344225;;;ALX;Alexandria
TN7098620;gare;Balloch Central;Balloch Central;Balloch Central;7098620;;56.002983;-4.583539;GB;Europe/London;Q2197148;ScotRail;BUS;gtfs;;;;;BHC;Balloch Central
TN7098640;gare;Dalreoch;Dalreoch;Dalreoch;7098640;;55.94728;-4.577251;GB;Europe/London;Q34779;ScotRail;BUS;code;4293905618;Q3054683;;;DLR;Dalreoch
TN7098660;gare;Dumbarton Central;Dumbarton Central;Dumbarton Central;7098660;;55.946525;-4.56761;GB;Europe/London;Q34779;Caledonian Sleeper|ScotRail;BUS;code;4293905615;Q2125422;;;DBC;Dumbarton Central
TN7098670;gare;Renton;Renton;Renton;7098670;;55.970312;-4.586354;GB;Europe/London;Q7313552;ScotRail;BUS;code;7197538318;Q2231907;;;RTN;Renton
TN7098680;gare;Dumbarton East;Dumbarton East;Dumbarton East;7098680;;55.942348;-4.554041;GB;Europe/London;Q34779;ScotRail;BUS;code;7616964594;Q2250265;;;DBE;Dumbarton East
TN7098760;gare;Larbert;Larbert;Larbert;7098760;;56.022135;-3.829793;GB;Europe/London;Q1389537;Lumo|ScotRail;;code;7209211335;Q1967127;;;LBT;Larbert
TN7098770;gare;Carfin;Carfin;Carfin;7098770;;55.807682;-3.956036;GB;Europe/London;Q5039238;ScotRail;;code;3727609002;Q2714703;;;CRF;Carfin
TN7098780;gare;Camelon;Camelon;Camelon;7098780;;56.006233;-3.818392;GB;Europe/London;Q623687;ScotRail;;code;7209310134;Q2364853;;;CMO;Camelon
TN7098820;gare;Coleshill Parkway;Coleshill Parkway;Coleshill Parkway;7098820;;52.516515;-1.707772;GB;Europe/London;Q1108196;CrossCountry;BUS;code;6644096982;Q5144669;;;CEH;Coleshill Parkway
TN7098830;gare;Alloa;Alloa;Alloa;7098830;;56.117939;-3.788325;GB;Europe/London;Q1009331;ScotRail;;code;3747563125;Q1956124;;;ALO;Alloa
TN7098880;gare;Stirling;Stirling;Stirling;7098880;;56.119651;-3.934296;GB;Europe/London;Q182923;Caledonian Sleeper|LNER|Lumo|ScotRail;BUS;code;4289876464;Q975320;;;STG;Stirling
TN7098890;gare;Bridge of Allan;Bridge of Allan;Bridge of Allan;7098890;;56.156746;-3.957286;GB;Europe/London;Q187892;ScotRail;;code;7209264178;Q3007486;;;BEA;Bridge of Allan
TN7098940;gare;Easterhouse;Easterhouse;Easterhouse;7098940;;55.859847;-4.106875;GB;Europe/London;Q4093;ScotRail;;code;3068279620;Q2177083;;;EST;Easterhouse
TN7098950;gare;Bellgrove;Bellgrove;Bellgrove;7098950;;55.856703;-4.224336;GB;Europe/London;Q4093;ScotRail;;code;27424641;Q2224878;;;BLG;Bellgrove
TN7098970;gare;Carntyne;Carntyne;Carntyne;7098970;;55.8549;-4.179175;GB;Europe/London;Q4093;ScotRail;;code;7198943824;Q2981348;;;CAY;Carntyne
TN7099022;gare;Crosskeys;Crosskeys;Crosskeys;7099022;;51.620757;-3.125837;GB;Europe/London;VGB-pont-y-waun;Transport for Wales;BUS;code;9448626339;Q5188704;;;CKY;Crosskeys
TN7099030;gare;Shettleston;Shettleston;Shettleston;7099030;;55.853644;-4.159585;GB;Europe/London;Q4093;ScotRail;;code;7209211339;Q1873094;;;SLS;Shettleston
TN7099040;gare;Garrowhill;Garrowhill;Garrowhill;7099040;;55.855046;-4.129839;GB;Europe/London;Q4093;ScotRail;;code;7209208674;Q2779968;;;GAR;Garrowhill
TN7099050;gare;Alexandra Parade;Alexandra Parade;Alexandra Parade;7099050;;55.863615;-4.210669;GB;Europe/London;Q4093;ScotRail;;code;3727609000;Q2371477;;;AXP;Alexandra Parade
TN7099060;gare;Duke Street;Duke Street;Duke Street;7099060;;55.858661;-4.212598;GB;Europe/London;Q4093;ScotRail;;code;27424649;Q2208373;;;DST;Duke Street
TN7099090;gare;High Street;High Street;High Street;7099090;;55.859346;-4.239926;GB;Europe/London;Q4093;ScotRail;;code;3735864350;Q742289;;;HST;High Street
TN7099110;gare;Charing Cross (Glasgow);Charing Cross (Glasgow);Charing Cross (Glasgow);7099110;;55.86464;-4.269578;GB;Europe/London;Q4093;ScotRail;;code;7149943412;Q2592095;;;CHC;Charing Cross Glasgow
TN7099140;gare;Exhibition Centre;Exhibition Centre;Exhibition Centre;7099140;;55.861395;-4.283197;GB;Europe/London;Q4093;ScotRail;;code;254278052;Q2304376;;;EXG;Exhibition Centre
TN7099151;gare;Ebbw Vale Parkway;Ebbw Vale Parkway;Ebbw Vale Parkway;7099151;;51.756506;-3.196055;GB;Europe/London;Q20602262;Transport for Wales;BUS;code;166139879;Q5331566;;;EBV;Ebbw Vale Parkway
TN7099161;gare;Llanhilleth;Llanhilleth;Llanhilleth;7099161;;51.700038;-3.134211;GB;Europe/London;Q6661603;Transport for Wales;BUS;code;12258003994;Q2433782;;;LTH;Llanhilleth
TN7099170;gare;Partick;Partick (Rail);Partick (Rail);7099170;;55.869921;-4.309437;GB;Europe/London;Q4093;ScotRail;BUS;code;7209379991;Q2546530;;;PTK;Partick
TN7099191;gare;Newbridge;Newbridge;Newbridge;7099191;;51.66539;-3.143185;GB;Europe/London;Q3401149;Transport for Wales;BUS;code;166140022;Q11192966;;;NBE;Newbridge
TN7099201;gare;Risca & Pontymister;Risca and Pontymister;Risca and Pontymister;7099201;;51.605804;-3.092041;GB;Europe/London;Q1814569;Transport for Wales;BUS;code;256695073;Q7335839;;;RCA;Risca & Pontymister
TN7099212;gare;Rogerstone;Rogerstone;Rogerstone;7099212;;51.595442;-3.066242;GB;Europe/London;Q101254;Transport for Wales;BUS;code;123360628;Q7359370;;;ROR;Rogerstone
TN7099251;gare;Llanharan;Llanharan;Llanharan;7099251;;51.53763;-3.441655;GB;Europe/London;VGB-llanharan;Transport for Wales;BUS;code;20926741;Q2567576;;;LLR;Llanharan
TN7099300;gare;Falkirk Grahamston;Falkirk Grahamston;Falkirk Grahamston;7099300;;56.002368;-3.785474;GB;Europe/London;Q623687;Caledonian Sleeper|LNER|ScotRail;;code;7209363759;Q2042826;;;FKG;Falkirk Grahamston
TN7099310;gare;Falkirk High;Falkirk High;Falkirk High;7099310;;55.991725;-3.792533;GB;Europe/London;Q623687;Lumo|ScotRail;;code;3196683945;Q2189322;;;FKK;Falkirk High
TN7099360;gare;Polmont;Polmont;Polmont;7099360;;55.984479;-3.714473;GB;Europe/London;Q972353;ScotRail;;code;26516634;Q2585349;;;PMT;Polmont
TN7099380;gare;Branchton;Branchton;Branchton;7099380;;55.940548;-4.803645;GB;Europe/London;Q2469984;ScotRail;;code;22256294;Q4956451;;;BCN;Branchton
TN7099400;gare;Bishopbriggs;Bishopbriggs;Bishopbriggs;7099400;;55.903967;-4.224523;GB;Europe/London;Q866347;ScotRail;;code;3049056215;Q1856000;;;BBG;Bishopbriggs
TN7099430;gare;Croy;Croy;Croy;7099430;;55.955632;-4.036257;GB;Europe/London;Q2011685;ScotRail;;code;3747498132;Q2832500;;;CRO;Croy
TN7099500;gare;Glasgow Queen Street;Glasgow Queen Street;Glasgow Queen Street;7099500;;55.862559;-4.251117;GB;Europe/London;Q4093;Caledonian Sleeper|Lumo|ScotRail;BUS;code;6100307820;Q800823;;;GLQ;Glasgow Queen Street
TN7099530;gare;Ashfield;Ashfield;Ashfield;7099530;;55.88884;-4.248459;GB;Europe/London;Q4093;ScotRail;;code;7287514085;Q2800303;;;ASF;Ashfield
TN7099550;gare;Lenzie;Lenzie;Lenzie;7099550;;55.921342;-4.153926;GB;Europe/London;Q2967298;ScotRail;;code;3747498133;Q1893288;;;LNZ;Lenzie
TN7099560;gare;Gilshochill;Gilshochill;Gilshochill;7099560;;55.897288;-4.282464;GB;Europe/London;Q4093;ScotRail;;code;8443444417;Q1841206;;;GSC;Gilshochill
TN7099570;gare;Maryhill;Maryhill;Maryhill;7099570;;55.897503;-4.301149;GB;Europe/London;Q4093;ScotRail;;code;30618416;Q2400468;;;MYH;Maryhill
TN7099580;gare;Possilpark & Parkhouse;Possilpark and Parkhouse;Possilpark and Parkhouse;7099580;;55.890141;-4.258353;GB;Europe/London;Q4093;ScotRail;;code;7287514086;Q1895384;;;PPK;Possilpark & Parkhouse
TN7099590;gare;Summerston;Summerston;Summerston;7099590;;55.898841;-4.292188;GB;Europe/London;Q4093;ScotRail;;code;165122033;Q1934089;;;SUM;Summerston
TN7099600;gare;Kilpatrick;Kilpatrick;Kilpatrick;7099600;;55.92411;-4.452836;GB;Europe/London;Q2064938;ScotRail;BUS;code;4293903974;Q2501176;;;KPT;Kilpatrick
TN7099610;gare;Argyle Street;Argyle Street;Argyle Street;7099610;;55.857625;-4.250584;GB;Europe/London;Q4093;ScotRail;;code;28449296;Q1892512;;;AGS;Argyle Street
TN7099620;gare;Ardlui;Ardlui;Ardlui;7099620;;56.301844;-4.721605;GB;Europe/London;Q202174;Caledonian Sleeper|ScotRail;BUS;code;6753042405;Q2483752;;;AUI;Ardlui
TN7099630;gare;Arrochar & Tarbet;Arrochar and Tarbet;Arrochar and Tarbet;7099630;;56.203303;-4.723117;GB;Europe/London;Q596798;Caledonian Sleeper|ScotRail;BUS;code;6753052777;Q3251649;;;ART;Arrochar & Tarbet
TN7099650;gare;Anderston;Anderston;Anderston;7099650;;55.859774;-4.270259;GB;Europe/London;Q4093;ScotRail;;code;28449298;Q2226187;;;AND;Anderston
TN7099660;gare;Bearsden;Bearsden;Bearsden;7099660;;55.916943;-4.332604;GB;Europe/London;Q1908426;ScotRail;;code;26583490;Q2795645;;;BRN;Bearsden
TN7099670;gare;Drumfrochar;Drumfrochar;Drumfrochar;7099670;;55.941293;-4.771506;GB;Europe/London;Q217831;ScotRail;;code;534936720;Q2143794;;;DFR;Drumfrochar
TN7099680;gare;Bowling;Bowling;Bowling;7099680;;55.931054;-4.492918;GB;Europe/London;Q895452;ScotRail;BUS;code;26972488;Q2970429;;;BWG;Bowling
TN7099690;gare;Cardross;Cardross;Cardross;7099690;;55.960238;-4.652967;GB;Europe/London;Q212088;ScotRail;BUS;code;26585675;Q5038794;;;CDR;Cardross
TN7099700;gare;Craigendoran;Craigendoran;Craigendoran;7099700;;55.994843;-4.71192;GB;Europe/London;Q1007088;ScotRail;BUS;code;26585717;Q2793953;;;CGD;Craigendoran
TN7099710;gare;Garelochhead;Garelochhead;Garelochhead;7099710;;56.080234;-4.825359;GB;Europe/London;Q1020239;Caledonian Sleeper|ScotRail;BUS;code;6753042826;Q2189205;;;GCH;Garelochhead
TN7099720;gare;Anniesland;Anniesland;Anniesland;7099720;;55.889945;-4.32157;GB;Europe/London;Q4093;ScotRail;;code;4293930829;Q3405429;;;ANL;Anniesland
TN7099730;gare;Barnhill;Barnhill;Barnhill;7099730;;55.87774;-4.223332;GB;Europe/London;Q4093;ScotRail;;code;7197562013;Q2123229;;;BNL;Barnhill
TN7099790;gare;Garscadden;Garscadden;Garscadden;7099790;;55.887515;-4.364405;GB;Europe/London;Q4093;ScotRail;;code;4293930830;Q2226802;;;GRS;Garscadden
TN7099810;gare;Helensburgh Central;Helensburgh Central;Helensburgh Central;7099810;;56.003846;-4.73157;GB;Europe/London;Q1007088;ScotRail;BUS;code;26973276;Q4302282;;;HLC;Helensburgh Central
TN7099820;gare;Helensburgh Upper;Helensburgh Upper;Helensburgh Upper;7099820;;56.012441;-4.730772;GB;Europe/London;Q1007088;Caledonian Sleeper|ScotRail;BUS;code;4297124307;Q1897324;;;HLU;Helensburgh Upper
TN7099830;gare;Hillfoot;Hillfoot;Hillfoot;7099830;;55.920333;-4.319724;GB;Europe/London;Q1908426;ScotRail;;code;26583489;Q13528323;;;HLF;Hillfoot
TN7099850;gare;Milngavie;Milngavie;Milngavie;7099850;;55.940874;-4.314283;GB;Europe/London;Q1438673;ScotRail;;code;26583488;Q2122717;;;MLN;Milngavie
TN7099880;gare;Singer;Singer;Singer;7099880;;55.907485;-4.4055;GB;Europe/London;Q996502;ScotRail;;code;7149922954;Q3405356;;;SIN;Singer
TN7099900;gare;Yoker;Yoker;Yoker;7099900;;55.892755;-4.38685;GB;Europe/London;Q996502;ScotRail;BUS;code;4293930831;Q2727592;;;YOK;Yoker
TN7099920;gare;Dalmuir;Dalmuir;Dalmuir;7099920;;55.912007;-4.426853;GB;Europe/London;Q996502;Caledonian Sleeper|ScotRail;BUS;code;4289986038;Q2152934;;;DMR;Dalmuir
TN7099930;gare;Drumry;Drumry;Drumry;7099930;;55.904597;-4.385483;GB;Europe/London;Q996502;ScotRail;;code;7149976322;Q4522105;;;DMY;Drumry
TN7099940;gare;Drumchapel;Drumchapel;Drumchapel;7099940;;55.904734;-4.363032;GB;Europe/London;Q4093;ScotRail;;code;4293903981;Q2137571;;;DMC;Drumchapel
TN7099950;gare;Jordanhill;Jordanhill;Jordanhill;7099950;;55.882654;-4.324637;GB;Europe/London;Q4093;ScotRail;;code;4293930822;Q28620;;;JOR;Jordanhill
TN7099960;gare;Scotstounhill;Scotstounhill;Scotstounhill;7099960;;55.885013;-4.352955;GB;Europe/London;Q4093;ScotRail;;code;4293930833;Q4679381;;;SCH;Scotstounhill
TN7099970;gare;Springburn;Springburn;Springburn;7099970;;55.881853;-4.230165;GB;Europe/London;Q4093;ScotRail;;code;4293943757;Q2854677;;;SPR;Springburn
TN7099980;gare;Westerton;Westerton;Westerton;7099980;;55.904826;-4.335133;GB;Europe/London;Q4093;ScotRail;;code;4293903976;Q1845238;;;WES;Westerton
TNNATIONAL_RAIL-abf;arret_car;Ashurst Bald Faced Stag;Ashurst Bald Faced Stag;Ashurst Bald Faced Stag;;;51.129557;0.152322;GB;Europe/London;Q665489;;BUS;gtfs;;;;;ABF;Ashurst Bald Faced Stag
TNNATIONAL_RAIL-aer;arret_car;Aberaeron Alban Square;Aberaeron Alban Square;Aberaeron Alban Square;;;52.242652;-4.258424;GB;Europe/London;Q1765460;;BUS;gtfs;;;;;AER;Aberaeron Alban Square
TNNATIONAL_RAIL-apn;gare;Newcastle Airport;Newcastle Airport;Newcastle Airport;;;55.03588;-1.71209;GB;Europe/London;Q1425428;Tyne and Wear Metro;;gtfs;;;;;APN;Newcastle Airport
TNNATIONAL_RAIL-ara;port;Skye (Armadale);Skye (Armadale);Skye (Armadale);;;57.0619;-5.894114;GB;Europe/London;Q957272;;FERRY;gtfs;;;;;ARA;Skye (Armadale)
TNNATIONAL_RAIL-arp;arret_car;Alvechurch Red Lion;Alvechurch Red Lion;Alvechurch Red Lion;;;52.35236;-1.961783;GB;Europe/London;Q1190876;;BUS;gtfs;;;;;ARP;Alvechurch Red Lion
TNNATIONAL_RAIL-bdf;arret_car;BODMIN MOUNT FOLLY (Bus);BODMIN MOUNT FOLLY (Bus);BODMIN MOUNT FOLLY (Bus);;;50.461994;-4.720623;GB;Europe/London;Q889888;;BUS;gtfs;;;;;BDF;BODMIN MOUNT FOLLY (Bus)
TNNATIONAL_RAIL-bfa;port;Belfast Port;Belfast Port;Belfast Port;;;54.606159;-5.917654;GB;Europe/London;Q10686;;FERRY;gtfs;;;;;BFA;Belfast Port
TNNATIONAL_RAIL-bpl;arret_car;Barlaston Orchard Place;Barlaston Orchard Place;Barlaston Orchard Place;;;52.941969;-2.169596;GB;Europe/London;Q826782;;BUS;gtfs;;;;;BPL;Barlaston Orchard Place
TNNATIONAL_RAIL-bst;arret_car;Bishopstone Hill Rise;Bishopstone Hill Rise;Bishopstone Hill Rise;;;50.78185;0.083826;GB;Europe/London;Q1640242;;BUS;gtfs;;;;;BST;Bishopstone Hill Rise
TNNATIONAL_RAIL-bua;arret_car;Bude Bus;Bude Bus;Bude Bus;;;50.828398;-4.547321;GB;Europe/London;Q984974;;BUS;gtfs;;;;;BUA;Bude Bus
TNNATIONAL_RAIL-bwe;arret_car;Bristol Airport (A3 Weston);Bristol Airport (A3 Weston);Bristol Airport (A3 Weston);;;51.383668;-2.714124;GB;Europe/London;Q2269865;;BUS;gtfs;;;;;BWE;Bristol Airport (A3 Weston)
TNNATIONAL_RAIL-bwr;arret_car;Bourton On The Water;Bourton On The Water;Bourton On The Water;;;51.884613;-1.758775;GB;Europe/London;Q895264;;BUS;gtfs;;;;;BWR;Bourton On The Water
TNNATIONAL_RAIL-bxx;arret_car;Boxhill Burfd Br;Boxhill Burfd Br;Boxhill Burfd Br;;;51.254252;-0.32338;GB;Europe/London;Q7988910;;BUS;gtfs;;;;;BXX;Boxhill Burfd Br
TNNATIONAL_RAIL-cfs;arret_car;Caernarfon Bus;Caernarfon Bus;Caernarfon Bus;;;53.139709;-4.273821;GB;Europe/London;Q428829;;BUS;gtfs;;;;;CFS;Caernarfon Bus
TNNATIONAL_RAIL-cgt;arret_car;Catterick Garrison Bus;Catterick Garrison Bus;Catterick Garrison Bus;;;54.374491;-1.724419;GB;Europe/London;Q386087;;BUS;gtfs;;;;;CGT;Catterick Garrison Bus
TNNATIONAL_RAIL-coc;arret_car;Cowden Crosroads;Cowden Crosroads;Cowden Crosroads;;;51.150287;0.10038;GB;Europe/London;Q939838;;BUS;gtfs;;;;;COC;Cowden Crosroads
TNNATIONAL_RAIL-cpg;arret_car;Chipping Norton Bus;Chipping Norton Bus;Chipping Norton Bus;;;51.939729;-1.546099;GB;Europe/London;Q1065474;;BUS;gtfs;;;;;CPG;Chipping Norton Bus
TNNATIONAL_RAIL-crp;arret_car;Cairnryan;Cairnryan;Cairnryan;;;54.962856;-5.016241;GB;Europe/London;Q126514;;BUS|FERRY;gtfs;;;;;CRP;Cairnryan
TNNATIONAL_RAIL-cru;port;Craignure;Craignure;Craignure;;;56.471437;-5.70828;GB;Europe/London;Q2920373;;FERRY;gtfs;;;;;CRU;Craignure
TNNATIONAL_RAIL-ctb;port;Castlebay;Castlebay;Castlebay;;;56.95443;-7.486427;GB;Europe/London;Q1049581;;FERRY;gtfs;;;;;CTB;Castlebay
TNNATIONAL_RAIL-cul;port;Cumbrae;Cumbrae;Cumbrae;;;55.780962;-4.90372;GB;Europe/London;Q391948;;FERRY;gtfs;;;;;CUL;Cumbrae
TNNATIONAL_RAIL-deb;arret_car;Dereham Market Place;Dereham Market Place;Dereham Market Place;;;52.684896;0.945983;GB;Europe/London;Q302893;;BUS;gtfs;;;;;DEB;Dereham Market Place
TNNATIONAL_RAIL-dfp;port;Dublin Fypt I.F;Dublin Fypt I.F;Dublin Fypt I.F;;;53.330478;-6.266935;IE;Europe/Dublin;Q1761;;FERRY;gtfs;;;;;DFP;Dublin Fypt I.F
TNNATIONAL_RAIL-dps;port;Dublin Port Stena;Dublin Port Stena;Dublin Port Stena;;;53.332556;-6.208534;IE;Europe/Dublin;Q27;;FERRY;gtfs;;;;;DPS;Dublin Port Stena
TNNATIONAL_RAIL-duo;port;Dunoon;Dunoon;Dunoon;;;55.94681;-4.92252;GB;Europe/London;Q1020251;;FERRY;gtfs;;;;;DUO;Dunoon
TNNATIONAL_RAIL-duu;arret_car;Duns;Duns;Duns;;;55.778865;-2.342808;GB;Europe/London;Q425611;;BUS;gtfs;;;;;DUU;Duns
TNNATIONAL_RAIL-eas;arret_car;Earlston;Earlston;Earlston;;;55.639072;-2.68;GB;Europe/London;Q1010108;;BUS;gtfs;;;;;EAS;Earlston
TNNATIONAL_RAIL-eda;arret_car;Edinburgh Airport;Edinburgh Airport;Edinburgh Airport;;;55.95;-3.3725;GB;Europe/London;Q23436;;BUS;gtfs;;;;;EDA;Edinburgh Airport
TNNATIONAL_RAIL-ema;arret_car;East Mids Airport via DBY Bus;East Mids Airport via DBY Bus;East Mids Airport via DBY Bus;;;52.828737;-1.330592;GB;Europe/London;Q5282164;;BUS;gtfs;;;;;EMA;East Mids Airport via DBY Bus
TNNATIONAL_RAIL-erb;arret_car;Eridge A26 Bus S;Eridge A26 Bus S;Eridge A26 Bus S;;;51.087294;0.200339;GB;Europe/London;Q1575946;;BUS;gtfs;;;;;ERB;Eridge A26 Bus S
TNNATIONAL_RAIL-gxx;port;Gourock Pier;Gourock Pier;Gourock Pier;;;55.9628;-4.81475;GB;Europe/London;Q2469984;;FERRY;gtfs;;;;;GXX;Gourock Pier
TNNATIONAL_RAIL-hbf;arret_car;Hever Brocasfarm;Hever Brocasfarm;Hever Brocasfarm;;;51.185358;0.100543;GB;Europe/London;Q939838;;BUS;gtfs;;;;;HBF;Hever Brocasfarm
TNNATIONAL_RAIL-hny;arret_car;Hanley Bus Stn;Hanley Bus Stn;Hanley Bus Stn;;;53.023766;-2.172898;GB;Europe/London;Q1575653;;BUS;gtfs;;;;;HNY;Hanley Bus Stn
TNNATIONAL_RAIL-huu;arret_car;Hull Bus Stn;Hull Bus Stn;Hull Bus Stn;;;53.74417;-0.347196;GB;Europe/London;Q128147;;BUS;gtfs;;;;;HUU;Hull Bus Stn
TNNATIONAL_RAIL-hvh;port;Hoek Van Holland;Hoek Van Holland;Hoek Van Holland;;;51.997799;4.126165;NL;Europe/Amsterdam;Q990130;;FERRY;gtfs;;;;;HVH;Hoek Van Holland
TNNATIONAL_RAIL-hwx;arret_car;Heathrow Terminal 5 Bus;Heathrow Terminal 5 Bus;Heathrow Terminal 5 Bus;;;51.47;-0.48;GB;Europe/London;Q84;;BUS;gtfs;;;;;HWX;Heathrow Terminal 5 Bus
TNNATIONAL_RAIL-keb;arret_car;Kenley (A22);Kenley (A22);Kenley (A22);;;51.325476;-0.099748;GB;Europe/London;Q84;;BUS;gtfs;;;;;KEB;Kenley (A22)
TNNATIONAL_RAIL-klb;arret_car;Kings Lynn Coach;Kings Lynn Coach;Kings Lynn Coach;;;52.754228;0.399003;GB;Europe/London;Q157341;;BUS;gtfs;;;;;KLB;Kings Lynn Coach
TNNATIONAL_RAIL-kls;arret_car;Kings Lynn Busgn;Kings Lynn Busgn;Kings Lynn Busgn;;;52.754198;0.400483;GB;Europe/London;Q157341;;BUS;gtfs;;;;;KLS;Kings Lynn Busgn
TNNATIONAL_RAIL-kwk;arret_car;Keswick Bus;Keswick Bus;Keswick Bus;;;54.601275;-3.14235;GB;Europe/London;Q1025076;;BUS;gtfs;;;;;KWK;Keswick Bus
TNNATIONAL_RAIL-lcb;port;Lochboisdale;Lochboisdale;Lochboisdale;;;57.153102;-7.303933;GB;Europe/London;Q1016308;;FERRY;gtfs;;;;;LCB;Lochboisdale
TNNATIONAL_RAIL-lfl;arret_car;Leigh (Fleur Delis Pub)(Bus);Leigh (Fleur Delis Pub)(Bus);Leigh (Fleur Delis Pub)(Bus);;;51.195909;0.211235;GB;Europe/London;Q939838;;BUS;gtfs;;;;;LFL;Leigh (Fleur Delis Pub)(Bus)
TNNATIONAL_RAIL-lrr;arret_car;London Road D R;London Road D R;London Road D R;;;50.835968;-0.138163;GB;Europe/London;Q131491;;BUS;gtfs;;;;;LRR;London Road D R
TNNATIONAL_RAIL-mls;arret_car;Melrose;Melrose;Melrose;;;55.59753;-2.715786;GB;Europe/London;Q632993;;BUS;gtfs;;;;;MLS;Melrose
TNNATIONAL_RAIL-ncz;gare;Newcastle Central (Metro);Newcastle Central (Metro);Newcastle Central (Metro);;;54.96823;-1.61729;GB;Europe/London;Q1425428;Tyne and Wear Metro;;gtfs;;;;;NCZ;Newcastle Central (Metro)
TNNATIONAL_RAIL-pdt;arret_car;Padstow Bus;Padstow Bus;Padstow Bus;;;50.538593;-4.936749;GB;Europe/London;Q943931;;BUS;gtfs;;;;;PDT;Padstow Bus
TNNATIONAL_RAIL-pgr;arret_car;Penygroes Co-Op;Penygroes Co-Op;Penygroes Co-Op;;;53.050502;-4.284041;GB;Europe/London;Q3399272;;BUS;gtfs;;;;;PGR;Penygroes Co-Op
TNNATIONAL_RAIL-piz;arret_car;Pickering Eastgate;Pickering Eastgate;Pickering Eastgate;;;54.24349;-0.77435;GB;Europe/London;Q2092325;;BUS;gtfs;;;;;PIZ;Pickering Eastgate
TNNATIONAL_RAIL-pnq;port;Penzance Quay;Penzance Quay;Penzance Quay;;;50.117283;-5.529275;GB;Europe/London;Q208209;;FERRY;gtfs;;;;;PNQ;Penzance Quay
TNNATIONAL_RAIL-ppr;arret_car;Preston Prk Ldnr;Preston Prk Ldnr;Preston Prk Ldnr;;;50.84608;-0.151966;GB;Europe/London;Q2277250;;BUS;gtfs;;;;;PPR;Preston Prk Ldnr
TNNATIONAL_RAIL-qmm;arret_car;Marsden Bus A62;Marsden Bus A62;Marsden Bus A62;;;53.600047;-1.928942;GB;Europe/London;Q1760747;;BUS;gtfs;;;;;QMM;Marsden Bus A62
TNNATIONAL_RAIL-qta;arret_car;Three Oaks - Maxfield Lane;Three Oaks - Maxfield Lane;Three Oaks - Maxfield Lane;;;50.900721;0.612531;GB;Europe/London;VGB-three-oaks;;BUS;gtfs;;;;;QTA;Three Oaks - Maxfield Lane
TNNATIONAL_RAIL-rbu;arret_car;Reading Bus;Reading Bus;Reading Bus;;;51.457772;-0.972289;GB;Europe/London;Q161491;;BUS;gtfs;;;;;RBU;Reading Bus
TNNATIONAL_RAIL-rmk;arret_car;Richmond Yks Bus;Richmond Yks Bus;Richmond Yks Bus;;;54.402381;-1.738096;GB;Europe/London;Q32515;;BUS;gtfs;;;;;RMK;Richmond Yks Bus
TNNATIONAL_RAIL-rsb;port;Rosslare Harbour;Rosslare Harbour;Rosslare Harbour;;;52.254575;-6.333994;IE;Europe/Dublin;Q54377031;;FERRY;gtfs;;;;;RSB;Rosslare Harbour
TNNATIONAL_RAIL-rty;port;Rothesay;Rothesay;Rothesay;;;55.838502;-5.051785;GB;Europe/London;Q1818828;;FERRY;gtfs;;;;;RTY;Rothesay
TNNATIONAL_RAIL-sao;arret_car;St Andrews Bus;St Andrews Bus;St Andrews Bus;;;56.340946;-2.803942;GB;Europe/London;Q207736;;BUS;gtfs;;;;;SAO;St Andrews Bus
TNNATIONAL_RAIL-scn;arret_car;Stone Crown St;Stone Crown St;Stone Crown St;;;52.900649;-2.147135;GB;Europe/London;Q2449737;;BUS;gtfs;;;;;SCN;Stone Crown St
TNNATIONAL_RAIL-sgq;arret_car;Stone Grnvle Sq;Stone Grnvle Sq;Stone Grnvle Sq;;;52.905143;-2.14715;GB;Europe/London;Q2449737;;BUS;gtfs;;;;;SGQ;Stone Grnvle Sq
TNNATIONAL_RAIL-smq;port;St Mary'S Quay;St Mary'S Quay;St Mary'S Quay;;;49.916;-6.318554;GB;Europe/London;Q917474;;FERRY;gtfs;;;;;SMQ;St Mary'S Quay
TNNATIONAL_RAIL-soy;port;Stornoway;Stornoway;Stornoway;;;58.207499;-6.388595;GB;Europe/London;Q165845;;FERRY;gtfs;;;;;SOY;Stornoway
TNNATIONAL_RAIL-swb;arret_car;Swaffham (Coach);Swaffham (Coach);Swaffham (Coach);;;52.648194;0.68888;GB;Europe/London;Q1527491;;BUS;gtfs;;;;;SWB;Swaffham (Coach)
TNNATIONAL_RAIL-sww;arret_car;Stow On Wold Bus;Stow On Wold Bus;Stow On Wold Bus;;;51.92949;-1.723631;GB;Europe/London;Q1026648;;BUS;gtfs;;;;;SWW;Stow On Wold Bus
TNNATIONAL_RAIL-trw;arret_car;Trawsfynydd;Trawsfynydd;Trawsfynydd;;;52.901339;-3.923784;GB;Europe/London;Q3398853;;BUS;gtfs;;;;;TRW;Trawsfynydd
TNNATIONAL_RAIL-tta;arret_car;Tadworth (Avenue;Tadworth (Avenue;Tadworth (Avenue;;;51.291679;-0.238831;GB;Europe/London;Q11836773;;BUS;gtfs;;;;;TTA;Tadworth (Avenue
TNNATIONAL_RAIL-uig;arret_car;Uig Bus;Uig Bus;Uig Bus;;;57.584952;-6.368493;GB;Europe/London;Q515476;;BUS;gtfs;;;;;UIG;Uig Bus
TNNATIONAL_RAIL-ulp;arret_car;Ullapool;Ullapool;Ullapool;;;57.895128;-5.16007;GB;Europe/London;Q996526;;BUS|FERRY;gtfs;;;;;ULP;Ullapool
TNNATIONAL_RAIL-wbe;arret_car;Wadebridge Bus;Wadebridge Bus;Wadebridge Bus;;;50.515548;-4.850671;GB;Europe/London;Q4936589;;BUS;gtfs;;;;;WBE;Wadebridge Bus
TNNATIONAL_RAIL-wct;arret_car;Watchet Bus;Watchet Bus;Watchet Bus;;;51.181373;-3.32906;GB;Europe/London;Q641921;;BUS;gtfs;;;;;WCT;Watchet Bus
TNNATIONAL_RAIL-weo;arret_car;Wedgwood Old Rd;Wedgwood Old Rd;Wedgwood Old Rd;;;52.95095;-2.175584;GB;Europe/London;Q134902;;BUS;gtfs;;;;;WEO;Wedgwood Old Rd
TNNATIONAL_RAIL-wer;arret_car;Wedgwood Lane;Wedgwood Lane;Wedgwood Lane;;;52.95097;-2.17558;GB;Europe/London;Q134902;;BUS;gtfs;;;;;WER;Wedgwood Lane
TNNATIONAL_RAIL-wni;arret_car;Winchelsea New I;Winchelsea New I;Winchelsea New I;;;50.923734;0.707743;GB;Europe/London;Q1026871;;BUS;gtfs;;;;;WNI;Winchelsea New I
TNNATIONAL_RAIL-wtz;arret_car;Whitby Bus;Whitby Bus;Whitby Bus;;;54.48378;-0.621605;GB;Europe/London;Q852778;;BUS;gtfs;;;;;WTZ;Whitby Bus
TNNATIONAL_RAIL-xaa;arret_car;Galashiels V Bwk;Galashiels V Bwk;Galashiels V Bwk;;;55.616724;-2.808106;GB;Europe/London;Q1016925;;BUS;gtfs;;;;;XAA;Galashiels V Bwk
TNNATIONAL_RAIL-xav;arret_car;Helston Bus;Helston Bus;Helston Bus;;;50.100495;-5.273485;GB;Europe/London;Q1012535;;BUS;gtfs;;;;;XAV;Helston Bus
TNNATIONAL_RAIL-xaz;arret_car;Launceston Bus;Launceston Bus;Launceston Bus;;;50.635308;-4.362907;GB;Europe/London;Q287590;;BUS;gtfs;;;;;XAZ;Launceston Bus
TNNATIONAL_RAIL-xbv;arret_car;Minehead Butlins Bus;Minehead Butlins Bus;Minehead Butlins Bus;;;51.205656;-3.478636;GB;Europe/London;Q1020217;;BUS;gtfs;;;;;XBV;Minehead Butlins Bus
TNNATIONAL_RAIL-xcf;arret_car;Cardiff International Airport;Cardiff International Airport;Cardiff International Airport;;;51.396667;-3.343333;GB;Europe/London;VGB-rhoose;;BUS;gtfs;;;;;XCF;Cardiff International Airport
TNNATIONAL_RAIL-xcg;arret_car;Okehampton Bus;Okehampton Bus;Okehampton Bus;;;50.739318;-3.995376;GB;Europe/London;Q1234883;;BUS;gtfs;;;;;XCG;Okehampton Bus
TNNATIONAL_RAIL-xcv;arret_car;Tavistock Bus;Tavistock Bus;Tavistock Bus;;;50.548652;-4.146825;GB;Europe/London;Q668262;;BUS;gtfs;;;;;XCV;Tavistock Bus
TNNATIONAL_RAIL-xdy;arret_car;Dunster Bus;Dunster Bus;Dunster Bus;;;51.182678;-3.446423;GB;Europe/London;Q1229166;;BUS;gtfs;;;;;XDY;Dunster Bus
TNNATIONAL_RAIL-xea;arret_car;Glastonbury Bus;Glastonbury Bus;Glastonbury Bus;;;51.148528;-2.714062;GB;Europe/London;Q210891;;BUS;gtfs;;;;;XEA;Glastonbury Bus
TNNATIONAL_RAIL-xee;arret_car;Holsworthy Bus;Holsworthy Bus;Holsworthy Bus;;;50.810889;-4.353306;GB;Europe/London;Q1234271;;BUS;gtfs;;;;;XEE;Holsworthy Bus
TNNATIONAL_RAIL-xet;arret_car;Nutfield Memorial Hall;Nutfield Memorial Hall;Nutfield Memorial Hall;;;51.238764;-0.131976;GB;Europe/London;Q7070441;;BUS;gtfs;;;;;XET;Nutfield Memorial Hall
TNNATIONAL_RAIL-xlb;arret_car;Leeds Brd Airbus;Leeds Brd Airbus;Leeds Brd Airbus;;;53.869226;-1.659313;GB;Europe/London;Q2281068;;BUS;gtfs;;;;;XLB;Leeds Brd Airbus
TNNATIONAL_RAIL-xsc;arret_car;Salcombe Bus;Salcombe Bus;Salcombe Bus;;;50.712093;-3.78883;GB;Europe/London;Q691588;;BUS;gtfs;;;;;XSC;Salcombe Bus
TNNATIONAL_RAIL-yst;arret_car;Ystradgynlais Bus;Ystradgynlais Bus;Ystradgynlais Bus;;;51.777304;-3.758174;GB;Europe/London;Q2720261;;BUS;gtfs;;;;;YST;Ystradgynlais Bus
TNNATIONAL_RAIL-zck;arret_car;Cockfosters Und;Cockfosters Und;Cockfosters Und;;;51.650907;-0.149774;GB;Europe/London;Q84;;BUS;gtfs;;;;;ZCK;Cockfosters Und
TNNATIONAL_RAIL-zdb;arret_car;Deptford Bridge Dlr;Deptford Bridge Dlr;Deptford Bridge Dlr;;;51.474385;-0.023007;GB;Europe/London;Q84;;BUS;gtfs;;;;;ZDB;Deptford Bridge Dlr
TNNATIONAL_RAIL-zeh;gare;East Ham Und;East Ham Und;East Ham Und;;;51.53877;0.050442;GB;Europe/London;Q84;London Underground;BUS;gtfs;;;;;ZEH;East Ham Und
TNNATIONAL_RAIL-zeo;arret_car;Bermondsey Lrt;Bermondsey Lrt;Bermondsey Lrt;;;51.497547;-0.063786;GB;Europe/London;Q84;;BUS;gtfs;;;;;ZEO;Bermondsey Lrt
TNNATIONAL_RAIL-zhd;arret_car;Hillingdon Und;Hillingdon Und;Hillingdon Und;;;51.555414;-0.447924;GB;Europe/London;Q84;;BUS;gtfs;;;;;ZHD;Hillingdon Und
TNNATIONAL_RAIL-znp;arret_car;Newbury Park;Newbury Park;Newbury Park;;;51.57582;0.08971;GB;Europe/London;Q84;;BUS;gtfs;;;;;ZNP;Newbury Park
TNOSM11336907005;gare;Cambridge South;Cambridge South;Cambridge South;;;52.174032;0.131274;GB;Europe/London;Q21713103;CrossCountry|Great Northern|Greater Anglia|Thameslink;;code;11336907005;Q39048637;;;CMS;Cambridge South
TNOSM11824533457;gare;Ashley Down;Ashley Down;Ashley Down;;;51.478131;-2.576651;GB;Europe/London;Q23154;Great Western Railway;;code;11824533457;Q119199401;;;ASD;Ashley Down
TNOSM1236127056;gare;Gorebridge;Gorebridge;Gorebridge;;;55.83996;-3.046111;GB;Europe/London;Q1009833;ScotRail;;code;1236127056;Q5586139;;;GBG;Gorebridge
TNOSM1974988736;gare;Shawfair;Shawfair;Shawfair;;;55.917697;-3.090224;GB;Europe/London;VGB-newton-village;ScotRail;;code;1974988736;Q7491242;;;SFI;Shawfair
TNOSM1975027093;gare;Eskbank;Eskbank;Eskbank;;;55.881205;-3.082795;GB;Europe/London;Q727520;ScotRail;;code;1975027093;Q5398041;;;EKB;Eskbank
TNOSM1985616072;gare;Newtongrange;Newtongrange;Newtongrange;;;55.864668;-3.068882;GB;Europe/London;Q7020516;ScotRail;;code;1985616072;Q15262206;;;NEG;Newtongrange
TNOSM1985622395;gare;Stow;Stow;Stow;;;55.691857;-2.866821;GB;Europe/London;Q7620672;ScotRail;;code;1985622395;Q16900766;;;SOI;Stow
TNOSM1997286727;gare;Soham;Soham;Soham;;;52.334953;0.328096;GB;Europe/London;Q2148571;Greater Anglia;BUS;code;1997286727;Q7554647;;;SOJ;Soham
TNOSM2426825788;gare;Whitechapel;Whitechapel;Whitechapel;;;51.519761;-0.060087;GB;Europe/London;Q84;Elizabeth line|London Overground;BUS;code;2426825788;Q605723;;;ZLW;Whitechapel
TNOSM26087536;gare;Coulsdon Town;Coulsdon Town;Coulsdon Town;;;51.322064;-0.134245;GB;Europe/London;Q84;Southern;BUS;code;26087536;Q2136840;;;CDN;Coulsdon Town
TNOSM2816304313;gare;Ebbw Vale Town;Ebbw Vale Town;Ebbw Vale Town;;;51.776627;-3.202422;GB;Europe/London;Q2297559;Transport for Wales;BUS;code;2816304313;Q5331569;;;EBB;Ebbw Vale Town
TNOSM30691980;gare;Heysham Port;Heysham Port;Heysham Port;;;54.033327;-2.912999;GB;Europe/London;Q205905;Northern;BUS|FERRY;code;30691980;Q1964347;;;HHB;Heysham Port
TNOSM3482519062;gare;Newcourt;Newcourt;Newcourt;;;50.702654;-3.472573;GB;Europe/London;Q127095;Great Western Railway;BUS;code;3482519062;Q15262145;;;NCO;Newcourt
TNOSM3592758751;gare;Tweedbank;Tweedbank;Tweedbank;;;55.605858;-2.758996;GB;Europe/London;Q1016925;ScotRail;;code;3592758751;Q7857482;;;TWB;Tweedbank
TNOSM3623809200;gare;Galashiels;Galashiels;Galashiels;;;55.617848;-2.805719;GB;Europe/London;Q1016925;ScotRail;;code;3623809200;Q5517997;;;GAL;Galashiels
TNOSM3890669432;gare;Apperley Bridge;Apperley Bridge;Apperley Bridge;;;53.842044;-1.707071;GB;Europe/London;Q22905;Northern;;code;3890669432;Q4781035;;;APY;Apperley Bridge
TNOSM4492377643;gare;Stadium of Light;Stadium of Light;Stadium of Light;;;54.918137;-1.382952;GB;Europe/London;Q188304;Tyne and Wear Metro;;code;4492377643;Q7596509;;;STI;Stadium of Light
TNOSM4769856447;gare;Low Moor;Low Moor;Low Moor;;;53.750137;-1.752384;GB;Europe/London;Q22905;Grand Central|Northern;BUS;code;4769856447;Q6692924;;;LMR;Low Moor
TNOSM5063875166;gare;Kirkstall Forge;Kirkstall Forge;Kirkstall Forge;;;53.825301;-1.627075;GB;Europe/London;Q5436438;Northern;;code;5063875166;Q6415822;;;KLF;Kirkstall Forge
TNOSM5353113956;gare;Edinburgh Gateway;Edinburgh Gateway;Edinburgh Gateway;;;55.940939;-3.320133;GB;Europe/London;Q23436;ScotRail;;code;5353113956;Q5577322;;;EGY;Edinburgh Gateway
TNOSM5387829085;gare;James Cook University Hospital;James Cook;James Cook;;;54.552;-1.208525;GB;Europe/London;Q171866;Northern;;code;5387829085;Q6131684;;;JCH;James Cook University Hospital
TNOSM5705904208;gare;Kintore;Kintore;Kintore;;;57.243357;-2.350209;GB;Europe/London;Q407193;ScotRail;;code;5705904208;Q6414402;;;KTR;Kintore
TNOSM6083152748;gare;Kenilworth;Kenilworth;Kenilworth;;;52.342843;-1.572458;GB;Europe/London;Q2281103;West Midlands Trains;BUS;code;6083152748;Q6389304;;;KNW;Kenilworth
TNOSM6677056493;gare;Ebbsfleet International;Ebbsfleet International;Ebbsfleet International;;;51.443525;0.321375;GB;Europe/London;Q858775;Southeastern;BUS;code;6677056493;Q800703;;;EBD;Ebbsfleet International
TNOSM6758674587;gare;Stratford International;Stratford International;Stratford International;;;51.544795;-0.008749;GB;Europe/London;Q84;Southeastern;BUS;code;6758674587;Q801472;;;SFA;Stratford International
TNOSM7172230784;gare;Sholing;Sholing;Sholing;;;50.896449;-1.364194;GB;Europe/London;Q79848;South Western Railway;BUS;code;7172230784;Q7500232;;;SHO;Sholing
TNOSM8757895760;gare;Reading Green Park;Reading Green Park;Reading Green Park;;;51.426594;-1.001364;GB;Europe/London;Q1473780;Great Western Railway;BUS;code;8757895760;Q7300513;;;RGP;Reading Green Park
TNOSM9377381079;gare;Portway Park & Ride;Portway Park and Ride;Portway Park and Ride;;;51.488108;-2.687559;GB;Europe/London;Q23154;Great Western Railway;;code;9377381079;Q39058374;;;PRI;Portway Park & Ride
