id;nom_fr;nom_en;pays;lat;lon;ville_parent
Q1000115;Faversham;Faversham;GB;51.3177;0.8928;
Q1000360;Foug;Foug;FR;48.684166666667;5.7863888888889;
Q100040;Camposanto;Camposanto;IT;44.79891705;11.15443575;
Q100041;Carpi;Carpi;IT;44.783333333333;10.885;
Q100043;Castelfranco Emilia;Castelfranco Emilia;IT;44.596666666667;11.052777777778;
Q1000597;Burton upon Trent;Burton upon Trent;GB;52.801944444444;-1.6366666666667;
Q100065;Mirandola;Mirandola;IT;44.88727;11.06603;
Q1000656;Felixstowe;Felixstowe;GB;51.96388888888889;1.3513888888888888;
Q1000662;Stamford;Stamford;GB;52.6556;-0.4837;
Q1000679;Wokingham;Wokingham;GB;51.41;-0.84;
Q1000717;Tewkesbury;Tewkesbury;GB;51.986;-2.136;
Q1000740;Goole;Goole;GB;53.699216666667;-0.86917222222222;
Q100076;Fauquemont;Valkenburg;NL;50.86523;5.83205;
Q100094;San Felice sul Panaro;San Felice sul Panaro;IT;44.839337738;11.141311662;
Q1000966;Barisey-au-Plain;Barisey-au-Plain;FR;48.525;5.8438888888889;
Q1001582;Batz-sur-Mer;Batz-sur-Mer;FR;47.277222222222;-2.4802777777778;
Q1001591;La Bernerie-en-Retz;La Bernerie-en-Retz;FR;47.081388888889;-2.0375;
Q1001935;Stranraer;Stranraer;GB;54.901388888889;-5.035;
Q1001990;Abbaretz;Abbaretz;FR;47.5525;-1.5316666666667;
Q1002059;L'Escarène;L'Escarène;FR;43.834444444444;7.3566666666667;
Q1002124;Lanark;Lanark;GB;55.6749;-3.77702;
Q1002133;Dunbar;Dunbar;GB;55.998333333333;-2.5227777777778;
Q1002177;Stonehaven;Stonehaven;GB;56.96;-2.21;
Q1002751;La Verpillière;La Verpillière;FR;45.636944444444;5.1427777777778;
Q1002835;St Erth;St Erth;GB;50.166;-5.437;
Q1002896;Goncelin;Goncelin;FR;45.342777777778;5.9791666666667;
Q1002906;Rives;Rives;FR;45.350833333333;5.5022222222222;
Q1002973;Cessieu;Cessieu;FR;45.566666666667;5.3766666666667;
Q1002981;Châbons;Châbons;FR;45.443888888889;5.4308333333333;
Q1003123;Builth Wells;Builth Wells;GB;52.14;-3.41;
Q1003157;Constância;Constância;PT;39.483333333333;-8.3333333333333;
Q1003196;Sheerness;Sheerness;GB;51.441111111111;0.76083333333333;
Q1003286;Cottingham;Cottingham;GB;53.7822;-0.413629;
Q1003761;Stowe;Stowe;GB;52.018;-1.017;
Q1004073;Sainte-Mère;Sainte-Mère;FR;44.004722222222;0.66972222222222;
Q1004486;Macau;Macau;FR;45.008333333333;-0.61388888888889;
Q1004626;Saint-Seurin-sur-l'Isle;Saint-Seurin-sur-l'Isle;FR;45.014166666667;-0.0016666666666667;
Q1004685;Saint-Yzan-de-Soudiac;Saint-Yzan-de-Soudiac;FR;45.140277777778;-0.41055555555556;
Q1004792;Saint-Sauvy;Saint-Sauvy;FR;43.694166666667;0.82027777777778;
Q1004995;Solomiac;Solomiac;FR;43.805277777778;0.8975;
Q1005090;Gavião;Gavião;PT;39.466666666667;-7.9333333333333;
Q1005105;Sobral de Monte Agraço;Sobral de Monte Agraço;PT;39.01666667;-9.15;
Q1005138;Crato;Crato;PT;39.283333333333;-7.65;
Q1006217;Preignan;Preignan;FR;43.7125;0.62972222222222;
Q1006333;Montestruc-sur-Gers;Montestruc-sur-Gers;FR;43.792777777778;0.62888888888889;
Q1006385;Mesão Frio;Mesão Frio;PT;41.166666666667;-7.8833333333333;
Q1006389;Sabrosa;Sabrosa;PT;41.265101944444446;-7.575051666666667;
Q1007088;Helensburgh;Helensburgh;GB;56.00701;-4.7318;
Q1007093;Exmouth;Exmouth;GB;50.62;-3.413;
Q1007106;Totnes;Totnes;GB;50.43216;-3.68391;
Q1007134;Eijsden;Eijsden;NL;50.77777778;5.71083333;
Q1007402;Saint-Pierre-d'Aurillac;Saint-Pierre-d'Aurillac;FR;44.571944444444;-0.19166666666667;
Q1007571;Vayres;Vayres;FR;44.897222222222;-0.31444444444444;
Q100761;Berceto;Berceto;IT;44.510608;9.989655;
Q100767;Borgo Val di Taro;Borgo Val di Taro;IT;44.48802777777778;9.767277777777778;
Q100779;Collecchio;Collecchio;IT;44.752694444444;10.215694444444;
Q100811;Fidenza;Fidenza;IT;44.86636111111111;10.061111111111112;
Q100826;Fornoue;Fornovo di Taro;IT;44.683333333333;10.1;
Q100837;Medesano;Medesano;IT;44.756777777778;10.140305555556;
Q1008765;Clitheroe;Clitheroe;GB;53.8711;-2.3916;
Q1009114;Fauldhouse;Fauldhouse;GB;55.8272;-3.70907;
Q1009235;Pontefract;Pontefract;GB;53.691;-1.312;
Q1009242;Didcot;Didcot;GB;51.606111111111;-1.2411111111111;
Q100926;Solignano;Solignano;IT;44.616666666667;9.9833333333333;
Q1009261;Caerleon;Caerleon;GB;51.610277777777775;-2.9558333333333335;
Q1009290;Pudsey;Pudsey;GB;53.797;-1.663;
Q1009316;Runcorn;Runcorn;GB;53.341944444444444;-2.733611111111111;
Q1009331;Alloa;Alloa;GB;56.1155;-3.7912;
Q1009356;Fons;Fons;FR;43.907777777778;4.1944444444444;
Q1009524;Whalley;Whalley;GB;53.824088888889;-2.40405;
Q1009722;Gartcosh;Gartcosh;GB;55.8881;-4.08222;
Q1009725;North Queensferry;North Queensferry;GB;56.01111111111111;-3.3941666666666666;
Q1009805;Caldercruix;Caldercruix;GB;55.89;-3.88;
Q1009833;Gorebridge;Gorebridge;GB;55.8436;-3.05;
Q1009834;Bueil;Bueil;FR;48.93;1.4413888888889;
Q1009859;Hagley;Hagley;GB;52.43;-2.12;
Q1009895;East Linton;East Linton;GB;55.9833;-2.65;
Q1009915;Shotts;Shotts;GB;55.8224;-3.80393;
Q1010044;Langbank;Langbank;GB;55.9241;-4.58634;
Q1010108;Earlston;Earlston;GB;55.6382675;-2.6769733;
Q1010169;Holmes Chapel;Holmes Chapel;GB;53.204;-2.353;
Q1010180;Lochwinnoch;Lochwinnoch;GB;55.7925;-4.62856;
Q1010210;Redruth;Redruth;GB;50.233;-5.224;
Q1010221;Hayle;Hayle;GB;50.183;-5.416;
Q1010263;Cowdenbeath;Cowdenbeath;GB;56.11;-3.35;
Q1010266;Kinghorn;Kinghorn;GB;56.07;-3.17;
Q1010320;West Kilbride;West Kilbride;GB;55.6966;-4.8576;
Q1010363;Newtonmore;Newtonmore;GB;57.0692;-4.1188;
Q1010422;Inverkeithing;Inverkeithing;GB;56.033333333333;-3.3833333333333;
Q1010466;São João da Pesqueira;São João da Pesqueira;PT;41.133333333333;-7.4;
Q1010531;Forres;Forres;GB;57.60859;-3.6157;
Q1010557;Mallaig;Mallaig;GB;57.0045;-5.8293;
Q1010998;Portree;Portree;GB;57.413055555556;-6.1936111111111;
Q1011038;Corps-Nuds;Corps-Nuds;FR;47.978055555556;-1.5863888888889;
Q1011045;Chevaigné;Chevaigné;FR;48.211944444444;-1.6297222222222;
Q1011095;New Cumnock;New Cumnock;GB;55.3968;-4.1839;
Q1011096;Deal;Deal;GB;51.2226;1.4006;
Q1011170;Saint-Sébastien;Saint-Sébastien;FR;46.391111111111;1.5313888888889;
Q1011295;Pléchâtel;Pléchâtel;FR;47.894444444444;-1.7486111111111;
Q1011380;Saint-Pierre-de-Chignac;Saint-Pierre-de-Chignac;FR;45.124444444444;0.85666666666667;
Q1011389;Carluke;Carluke;GB;55.7337;-3.83427;
Q1011416;Dingwall;Dingwall;GB;57.597222222222;-4.4277777777778;
Q1011521;Burntisland;Burntisland;GB;56.059444444444445;-3.2325;
Q1011535;Clelles;Clelles;FR;44.827222222222;5.6230555555556;
Q1011543;Neuvic;Neuvic;FR;45.100555555556;0.46888888888889;
Q1011545;Wemyss Bay;Wemyss Bay;GB;55.884;-4.887;
Q1011555;Muir of Ord;Muir of Ord;GB;57.52;-4.46;
Q1011600;Ellesmere Port;Ellesmere Port;GB;53.279;-2.897;
Q1011665;Pitlochry;Pitlochry;GB;56.7033;-3.7332;
Q1011677;Invergordon;Invergordon;GB;57.68833333333333;-4.168888888888889;
Q1011751;West Calder;West Calder;GB;55.852;-3.56854;
Q1011787;Girvan;Girvan;GB;55.2382;-4.85614;
Q1011948;Stewarton;Stewarton;GB;55.68;-4.515;
Q1011960;Leuchars;Leuchars;GB;56.3814;-2.8835;
Q1012019;Larkhall;Larkhall;GB;55.737;-3.972;
Q1012031;Wisbech;Wisbech;GB;52.664161111111;0.16031111111111;
Q1012047;Cupar;Cupar;GB;56.3194;-3.01155;
Q1012054;North Berwick;North Berwick;GB;56.058;-2.717;
Q1012110;Mourioux-Vieilleville;Mourioux-Vieilleville;FR;46.077222222222;1.6452777777778;
Q1012395;Carnoustie;Carnoustie;GB;56.5005;-2.71472;
Q1012412;Saint-Samson-sur-Rance;Saint-Samson-sur-Rance;FR;48.491388888889;-2.0308333333333;
Q1012481;Whitehaven;Whitehaven;GB;54.548;-3.5855;
Q1012502;Wick;Wick;GB;58.44317;-3.09171;
Q1012522;Golegã;Golegã;PT;39.4;-8.4833333333333;
Q1012535;Helston;Helston;GB;50.1;-5.27;
Q101254;Newport;Newport;GB;51.58861111111111;-2.997777777777778;
Q1012633;Monestier-de-Clermont;Monestier-de-Clermont;FR;44.916944444444;5.6352777777778;
Q1012723;Mação;Mação;PT;39.55;-8.0;
Q1013086;Pont-Melvez;Pont-Melvez;FR;48.460277777778;-3.3061111111111;
Q1013118;La Méaugon;La Méaugon;FR;48.498611111111;-2.8383333333333;
Q1013275;Château-l'Évêque;Château-l'Évêque;FR;45.245277777778;0.68555555555556;
Q1013483;Plounérin;Plounérin;FR;48.566666666667;-3.5411111111111;
Q1013635;Frénouville;Frénouville;FR;49.136944444444;-0.24416666666667;
Q1013733;Conon Bridge;Conon Bridge;GB;57.5667;-4.43333;
Q1013757;Auchinleck;Auchinleck;GB;55.468317;-4.292727;
Q1013827;Kilwinning;Kilwinning;GB;55.65;-4.7;
Q1014545;Cardenden;Cardenden;GB;56.133;-3.25;
Q1014709;Cieza;Cieza;ES;38.2391225;-1.4189731;
Q1014743;Louargat;Louargat;FR;48.565555555556;-3.3388888888889;
Q1014758;Plénée-Jugon;Plénée-Jugon;FR;48.364166666667;-2.4005555555556;
Q1014934;Burgess Hill;Burgess Hill;GB;50.9535;-0.1262;
Q1016121;Montaigut-le-Blanc;Montaigut-le-Blanc;FR;46.121111111111;1.735;
Q1016169;Largs;Largs;GB;55.793888888889;-4.8636111111111;
Q1016282;Allassac;Allassac;FR;45.258333333333;1.4755555555556;
Q1016308;Lochboisdale;Lochboisdale;GB;57.15;-7.31;
Q101685;Treviglio;Treviglio;IT;45.521388888889;9.5927777777778;
Q1016877;Buckhaven;Buckhaven;GB;56.1776;-3.0303;
Q1016904;Kingussie;Kingussie;GB;57.08;-4.05;
Q1016911;Linlithgow;Linlithgow;GB;55.975277777778;-3.6105555555556;
Q1016925;Galashiels;Galashiels;GB;55.620555555556;-2.8188888888889;
Q1016931;Huntly;Huntly;GB;57.45;-2.78333;
Q1016935;Giffnock;Giffnock;GB;55.798333333333;-4.2905555555556;
Q1016956;Watton at Stone;Watton at Stone;GB;51.858;-0.113;
Q1016963;Longniddry;Longniddry;GB;55.9667;-2.88333;
Q1017;Aix-la-Chapelle;Aachen;DE;50.776207;6.083788;
Q1017068;St Bees;St Bees;GB;54.491686111111;-3.5898555555556;
Q101724;Verdellino;Verdellino;IT;45.601944444444;9.6088888888889;
Q1017537;Inverurie;Inverurie;GB;57.284166666666664;-2.374722222222222;
Q1017943;Fareham;Fareham;GB;50.85;-1.18;
Q1018133;Lymington;Lymington;GB;50.75;-1.55;
Q1018181;Campagne-sur-Aude;Campagne-sur-Aude;FR;42.916666666666664;2.2069444444444444;
Q1018225;St Neots;St Neots;GB;52.227777777777774;-0.26666666666666666;
Q1018418;Reigate;Reigate;GB;51.237644444444;-0.20583333333333;
Q1018423;Melton Mowbray;Melton Mowbray;GB;52.7661;-0.886;
Q1018429;Ilfracombe;Ilfracombe;GB;51.208;-4.12;
Q1018490;Uckfield;Uckfield;GB;50.97;0.1;
Q1018505;Cambuslang;Cambuslang;GB;55.81;-4.16;
Q1018522;Aiguilhe;Aiguilhe;FR;45.050833333333;3.8847222222222;
Q1018525;L'Hospitalet-près-l'Andorre;L'Hospitalet-près-l'Andorre;FR;42.590833333333;1.8030555555556;
Q1018543;Newton Mearns;Newton Mearns;GB;55.7716;-4.3347;
Q1018565;Smethwick;Smethwick;GB;52.49305555555556;-1.968611111111111;
Q1018723;Coatbridge;Coatbridge;GB;55.8625;-4.0266666666667;
Q1018756;Saltcoats;Saltcoats;GB;55.6352;-4.7896;
Q10192;Piscina;Piscina;IT;44.919442;7.426212;
Q1019312;Eygelshoven;Eygelshoven;NL;50.8925;6.0592;
Q1020030;Great Chesterford;Great Chesterford;GB;52.066;0.203;
Q1020075;Bosmie-l'Aiguille;Bosmie-l'Aiguille;FR;45.767777777778;1.2158333333333;
Q1020217;Minehead;Minehead;GB;51.2038;-3.4738;
Q1020220;Tain;Tain;GB;57.8118;-4.0567;
Q1020232;Golspie;Golspie;GB;57.973331;-3.975074;
Q1020236;Portlethen;Portlethen;GB;57.061;-2.13;
Q1020239;Garelochhead;Garelochhead;GB;56.081;-4.83;
Q1020251;Dunoon;Dunoon;GB;55.947;-4.923;
Q1020362;Hinckley;Hinckley;GB;52.5413;-1.3725;
Q1020364;Swanley;Swanley;GB;51.4;0.18;
Q1020436;Calamonte;Calamonte;ES;38.89;-6.385;
Q1020449;Anchamps;Anchamps;FR;49.931388888889;4.6752777777778;
Q1020455;Bertholène;Bertholène;FR;44.394444444444;2.7786111111111;
Q1020600;Auvillers-les-Forges;Auvillers-les-Forges;FR;49.863055555556;4.3580555555556;
Q1020800;Rye;Rye;GB;50.95;0.73333333333333;
Q1020801;Baraqueville;Baraqueville;FR;44.276944444444;2.4327777777778;
Q1020845;Vigeois;Vigeois;FR;45.379444444444;1.5172222222222;
Q1020876;Laragne-Montéglin;Laragne-Montéglin;FR;44.315;5.8216666666667;
Q1020950;Inverkip;Inverkip;GB;55.912;-4.8735;
Q1020951;Ilkley;Ilkley;GB;53.925;-1.822;
Q1020958;Ormskirk;Ormskirk;GB;53.5665;-2.8869;
Q1021167;Troon;Troon;GB;55.54;-4.66;
Q1021179;Morley;Morley;GB;53.749166666667;-1.6022638888889;
Q1021319;Sudbury;Sudbury;GB;52.0417;0.72815;
Q1021350;Woodbridge;Woodbridge;GB;52.09388888888889;1.32;
Q1021363;Grâces;Grâces;FR;48.555833333333;-3.185;
Q1021823;Bütschwil-Ganterschwil;Bütschwil-Ganterschwil;CH;47.35;9.0666666666667;
Q1022;Stuttgart;Stuttgart;DE;48.7775;9.18;
Q10226;Rivarolo Canavese;Rivarolo Canavese;IT;45.331216;7.717134;
Q1022741;Widnes;Widnes;GB;53.363;-2.728;
Q1022797;Savy-Berlette;Savy-Berlette;FR;50.3525;2.5647222222222;
Q1022917;Rinxent;Rinxent;FR;50.805;1.7380555555556;
Q1023496;Plouëc-du-Trieux;Plouëc-du-Trieux;FR;48.673888888889;-3.1919444444444;
Q10235;Beynost;Beynost;FR;45.840277777778;5.0013888888889;
Q1023948;Hebden Bridge;Hebden Bridge;GB;53.742;-2.009;
Q10243;Rosta;Rosta;IT;45.067945;7.465117;
Q1024519;Rœux;Rœux;FR;50.2975;2.8963888888889;
Q1024885;Llandrindod Wells;Llandrindod Wells;GB;52.243538888889;-3.3854694444444;
Q1024896;Looe;Looe;GB;50.3535;-4.454;
Q1024900;Pontypridd;Pontypridd;GB;51.59672;-3.33682;
Q1024911;Welshpool;Welshpool;GB;52.659661111111;-3.14725;
Q1024927;Fundão;Fundão;PT;40.133333333333;-7.5;
Q1024935;Harlech;Harlech;GB;52.860438888889;-4.1054888888889;
Q10250;Salbertrand;Salbertrand;IT;45.07204;6.883205;
Q1025063;Wylam;Wylam;GB;54.974;-1.821;
Q1025076;Keswick;Keswick;GB;54.600833333333334;-3.1375;
Q1025095;Yate;Yate;GB;51.540833333333;-2.4186111111111;
Q1025125;Meurchin;Meurchin;FR;50.497222222222;2.8897222222222;
Q1025285;Neufchâtel-Hardelot;Neufchâtel-Hardelot;FR;50.618611111111;1.6408333333333;
Q10256;San Benigno Canavese;San Benigno Canavese;IT;45.227052;7.785021;
Q102566;Buggiano;Buggiano;IT;43.876388888889;10.734444444444;
Q1025788;Penryn;Penryn;GB;50.169;-5.107;
Q1025821;Pwllheli;Pwllheli;GB;52.883333333333;-4.4166666666667;
Q1026304;Thatcham;Thatcham;GB;51.405;-1.2645;
Q1026441;Cons-la-Grandville;Cons-la-Grandville;FR;49.484166666667;5.7011111111111;
Q102652;Montale;Montale;IT;43.933333333333;11.016666666667;
Q102661;Pescia;Pescia;IT;43.90171;10.6897811;
Q1026648;Stow-on-the-Wold;Stow-on-the-Wold;GB;51.928;-1.718;
Q1026685;Wellington;Wellington;GB;50.9755;-3.2243;
Q1026764;Maresquel-Ecquemicourt;Maresquel-Ecquemicourt;FR;50.410277777778;1.9269444444444;
Q1026775;Spean Bridge;Spean Bridge;GB;56.8912;-4.92154;
Q1026785;Dalwhinnie;Dalwhinnie;GB;56.9348;-4.2417;
Q1026871;Winchelsea;Winchelsea;GB;50.925;0.7083333333333334;
Q1027124;Stoke Mandeville;Stoke Mandeville;GB;51.7861;-0.7914;
Q1027131;Normanton;Normanton;GB;53.697;-1.416;
Q102728;Ypres;Ypres;BE;50.850833333333334;2.885;
Q1027419;Pihen-lès-Guînes;Pihen-lès-Guînes;FR;50.871388888889;1.7866666666667;
Q10275;San Maurizio Canavese;San Maurizio Canavese;IT;45.21705;7.63052;
Q102767;Fiorenzuola d'Arda;Fiorenzuola d'Arda;IT;44.933333333333;9.9;
Q102780;Serravalle Pistoiese;Serravalle Pistoiese;IT;43.9;10.833333333333;
Q10282;Pampelune;Pamplona;ES;42.816666666667;-1.65;
Q102878;Massanassa;Massanassa;ES;39.408333333333;-0.39888888888889;
Q10291;Saint-Ambroise;Sant'Ambrogio di Torino;IT;45.1;7.3666666666667;
Q10292;Saint-Antonin;Sant'Antonino di Susa;IT;45.107069444444;7.2722666666667;
Q1029544;Caminha;Caminha;PT;41.833333333333;-8.8333333333333;
Q1029808;Hesdigneul-lès-Boulogne;Hesdigneul-lès-Boulogne;FR;50.659166666667;1.6694444444444;
Q10304;Settimo Torinese;Settimo Torinese;IT;45.133333333333;7.7666666666667;
Q103049;Cascina;Cascina;IT;43.68;10.500277777778;
Q10305;Saragosse;Zaragoza;ES;41.65;-0.88333333333333;
Q103058;Castellina Marittima;Castellina Marittima;IT;43.412777777778;10.577222222222;
Q103090;Fauglia;Fauglia;IT;43.566666666667;10.516666666667;
Q103095;Guardistallo;Guardistallo;IT;43.313611111111;10.633333333333;
Q10310;Strambino;Strambino;IT;45.383333333333;7.8833333333333;
Q10311;Suse;Susa;IT;45.133333;7.05;
Q103127;montecatini Val di Cecina;Montecatini Val di Cecina;IT;43.393611111111;10.749722222222;
Q1031286;Lena;Lena;ES;43.0830515;-5.79222323497;
Q10313;Saint-Sébastien;San Sebastián;ES;43.32;-1.98;
Q10314;Torrazza Piemonte;Torrazza Piemonte;IT;45.216666666667;7.9666666666667;
Q1031443;Fréthun;Fréthun;FR;50.916944444444;1.8247222222222;
Q103161;Montopoli in Val d'Arno;Montopoli in Val d'Arno;IT;43.674444444444;10.750277777778;
Q10317;Fraubrunnen;Fraubrunnen;CH;47.085;7.5269444444444;
Q103170;Orciano Pisano;Orciano Pisano;IT;43.5;10.516666666667;
Q103219;Pontedera;Pontedera;IT;43.6625;10.632777777778;
Q103228;Riparbella;Riparbella;IT;43.366666666667;10.6;
Q103239;San Giuliano Terme;San Giuliano Terme;IT;43.7625;10.441388888889;
Q10324;Traves;Traves;IT;45.266666666667;7.4333333333333;
Q103244;San Miniato;San Miniato;IT;43.683333333333;10.85;
Q10325;Trofarello;Trofarello;IT;44.9771252;7.7438032;
Q103262;Santa Luce;Santa Luce;IT;43.47143;10.56269;
Q103305;Volterra;Volterra;IT;43.4;10.866666666667;
Q10339;Venaria Reale;Venaria Reale;IT;45.116666666667;7.6333333333333;
Q1034;Bienne;Biel/Bienne;CH;47.137222222222;7.2472222222222;
Q10341;Jegenstorf;Jegenstorf;CH;47.049722222222;7.5069444444444;
Q10343;Verolengo;Verolengo;IT;45.183333333333;7.9666666666667;
Q10352;Villanova Canavese;Villanova Canavese;IT;45.2351822;7.5475211;
Q10360;Villastellone;Villastellone;IT;44.916666666667;7.75;
Q10370;Volpiano;Volpiano;IT;45.2;7.7833333333333;
Q103709;Calcinato;Calcinato;IT;45.4581;10.4146;
Q1040;Karlsruhe;Karlsruhe;DE;49.016666666667;8.4;
Q10400;Almería;Almería;ES;36.84166666666667;-2.463888888888889;
Q1044397;Dompierre-sur-Helpe;Dompierre-sur-Helpe;FR;50.144722222222;3.8663888888889;
Q104577;Desenzano del Garda;Desenzano del Garda;IT;45.468888888889;10.535;
Q1046194;Bertry;Bertry;FR;50.0875;3.4425;
Q1046929;Bavinchove;Bavinchove;FR;50.788055555556;2.4569444444444;
Q1047198;Le Breuil-sur-Couze;Le Breuil-sur-Couze;FR;45.468611111111;3.2630555555556;
Q104776479;Tresa;Tresa;CH;45.999;8.817;
Q104776665;Hautemorges;Hautemorges;CH;46.56605;6.42507;
Q1047781;Celles-sur-Durolle;Celles-sur-Durolle;FR;45.858333333333;3.6352777777778;
Q1048050;Buzy-Darmont;Buzy-Darmont;FR;49.169444444444;5.7102777777778;
Q1048554;Aubrives;Aubrives;FR;50.103611111111;4.7619444444444;
Q1049581;Castlebay;Castlebay;GB;56.95487;-7.48658;
Q1049800;Pont-Saint-Vincent;Pont-Saint-Vincent;FR;48.605;6.0972222222222;
Q1049851;Viviers-sur-Chiers;Viviers-sur-Chiers;FR;49.473055555556;5.6336111111111;
Q105039;Lonato del Garda;Lonato del Garda;IT;45.46111111111111;10.484444444444444;
Q10509;Elche;Elche;ES;38.266944444444;-0.69833333333333;
Q1053472;Cenon;Cenon;FR;44.856944444444;-0.53277777777778;
Q1055;Hambourg;Hamburg;DE;53.55;10.0;
Q105582817;Misiliscemi;Misiliscemi;IT;37.885151;12.635307;
Q1057646;Clères;Clères;FR;49.599444444444;1.1102777777778;
Q1058186;Saint-Étienne-du-Rouvray;Saint-Étienne-du-Rouvray;FR;49.377777777778;1.1041666666667;
Q1058535;Beauvoir-sur-Niort;Beauvoir-sur-Niort;FR;46.179444444444;-0.47388888888889;
Q1059614;Gerzat;Gerzat;FR;45.825833333333;3.1447222222222;
Q1060182;Belleville;Belleville;FR;48.818333333333;6.0977777777778;
Q1060518;Einvaux;Einvaux;FR;48.489722222222;6.3963888888889;
Q1060826;Le Vigen;Le Vigen;FR;45.751388888889;1.2888888888889;
Q1061297;Les Cabannes;Les Cabannes;FR;42.785555555556;1.6872222222222;
Q1061877;Montmélian;Montmélian;FR;45.502777777778;6.0536111111111;
Q1062639;La Jonchère-Saint-Maurice;La Jonchère-Saint-Maurice;FR;45.999166666667;1.4677777777778;
Q1062910;Biffontaine;Biffontaine;FR;48.211111111111;6.8047222222222;
Q1063300;Charlbury;Charlbury;GB;51.872;-1.482;
Q1063335;Folligny;Folligny;FR;48.823888888889;-1.4113888888889;
Q1063614;Rousies;Rousies;FR;50.271666666667;4.0058333333333;
Q1064007;Bagnac-sur-Célé;Bagnac-sur-Célé;FR;44.666388888889;2.1583333333333;
Q1064012;Lexy;Lexy;FR;49.501111111111;5.7322222222222;
Q1064427;Cattenières;Cattenières;FR;50.137222222222;3.3327777777778;
Q1064508;Boussay;Boussay;FR;47.044166666667;-1.1863888888889;
Q1064546;Saint-Gildas-des-Bois;Saint-Gildas-des-Bois;FR;47.516388888889;-2.0383333333333;
Q1064552;Borne;Borne;FR;45.1;3.7988888888889;
Q1065312;Voiteur;Voiteur;FR;46.754166666667;5.6116666666667;
Q1065350;Massérac;Massérac;FR;47.672777777778;-1.9147222222222;
Q1065377;Saint-Étienne-de-Montluc;Saint-Étienne-de-Montluc;FR;47.276388888889;-1.7802777777778;
Q1065409;Montoir-de-Bretagne;Montoir-de-Bretagne;FR;47.328333333333;-2.1491666666667;
Q1065474;Chipping Norton;Chipping Norton;GB;51.94;-1.55;
Q1065731;Homécourt;Homécourt;FR;49.223055555556;5.9927777777778;
Q1065733;Chamalières-sur-Loire;Chamalières-sur-Loire;FR;45.201111111111;3.9855555555556;
Q1065741;Bournoncle-Saint-Pierre;Bournoncle-Saint-Pierre;FR;45.343611111111;3.3183333333333;
Q1065773;Bas-en-Basset;Bas-en-Basset;FR;45.306111111111;4.1091666666667;
Q1065814;Onville;Onville;FR;49.016944444444;5.97;
Q1065825;La Chomette;La Chomette;FR;45.229722222222;3.4744444444444;
Q1066057;La Fouillouse;La Fouillouse;FR;45.503888888889;4.3136111111111;
Q1066090;Fraisses;Fraisses;FR;45.387777777778;4.2661111111111;
Q1066223;Andrézieux-Bouthéon;Andrézieux-Bouthéon;FR;45.526111111111;4.2602777777778;
Q1066255;Bonson;Bonson;FR;45.523333333333;4.2158333333333;
Q1068157;Saint-André-le-Gaz;Saint-André-le-Gaz;FR;45.548888888889;5.5341666666667;
Q1068169;Saint-Clair-du-Rhône;Saint-Clair-du-Rhône;FR;45.44;4.7730555555556;
Q1068355;Brunémont;Brunémont;FR;50.273055555556;3.1391666666667;
Q1068581;Le Péage-de-Roussillon;Le Péage-de-Roussillon;FR;45.373055555556;4.7975;
Q1068594;Sains-du-Nord;Sains-du-Nord;FR;50.093611111111;4.01;
Q10686;Belfast;Belfast;GB;54.596666666666664;-5.93;
Q1068905;Chantonnay;Chantonnay;FR;46.686944444444;-1.0505555555556;
Q10690;Cardiff;Cardiff;GB;51.48166666666667;-3.1791666666666667;
Q1069234;Bournezeau;Bournezeau;FR;46.635555555556;-1.1719444444444;
Q1069540;Saint-Hilaire-de-Chaléons;Saint-Hilaire-de-Chaléons;FR;47.103055555556;-1.865;
Q1069745;Saint-Égrève;Saint-Égrève;FR;45.231666666667;5.6830555555556;
Q1070001;Tonneins;Tonneins;FR;44.389722222222;0.30833333333333;
Q107032618;Little Mountain;Little Mountain;GB;53.163317;-3.053465;
Q107033333;Hightown;Hightown;GB;53.03949;-2.98279;
Q107033449;Ynys;Ynys;GB;52.896245;-4.086994;
Q1070428;Chertsey;Chertsey;GB;51.3902;-0.5074;
Q1070460;Servon-sur-Vilaine;Servon-sur-Vilaine;FR;48.121388888889;-1.4605555555556;
Q1070481;Cherwell;Cherwell;GB;51.95;-1.25;
Q1070579;Esvres;Esvres;FR;47.284444444444;0.78611111111111;
Q1070614;Laroque-Timbaut;Laroque-Timbaut;FR;44.283055555556;0.76194444444444;
Q1070808;Saint-Senoux;Saint-Senoux;FR;47.905833333333;-1.7877777777778;
Q1071035;Penrhyndeudraeth;Penrhyndeudraeth;GB;52.929811111111;-4.0663027777778;
Q1071159;Blangy-sur-Bresle;Blangy-sur-Bresle;FR;49.931944444444;1.6286111111111;
Q1072019;Port Talbot;Port Talbot;GB;51.5980898;-3.7648354;
Q1072118;Le Pont-de-Beauvoisin;Le Pont-de-Beauvoisin;FR;45.534444444444;5.6663888888889;
Q1072145;Neuillé-Pont-Pierre;Neuillé-Pont-Pierre;FR;47.547222222222;0.54777777777778;
Q1072289;Lucé;Lucé;FR;48.438333333333;1.465;
Q1072386;Courville-sur-Eure;Courville-sur-Eure;FR;48.45;1.2402777777778;
Q1072947;Romilly-la-Puthenaye;Romilly-la-Puthenaye;FR;49.002222222222;0.8475;
Q1073102;Baillargues;Baillargues;FR;43.661111111111;4.0127777777778;
Q1073113;Alizay;Alizay;FR;49.320833333333;1.1755555555556;
Q107342348;Schwende-Rüte;Schwende-Rüte;CH;47.321;9.43;
Q1074547;Martigné-Ferchaud;Martigné-Ferchaud;FR;47.827777777778;-1.3183333333333;
Q1074627;Quédillac;Quédillac;FR;48.249444444444;-2.1425;
Q1075121;Saint-Priest-Taurion;Saint-Priest-Taurion;FR;45.886666666667;1.4;
Q1075279;Bailleau-le-Pin;Bailleau-le-Pin;FR;48.366944444444;1.33;
Q1075377;Amilly;Amilly;FR;48.441944444444;1.3922222222222;
Q1075490;Saint-Brice-sur-Vienne;Saint-Brice-sur-Vienne;FR;45.879722222222;0.95305555555556;
Q1075900;Neuvic-Entier;Neuvic-Entier;FR;45.721666666667;1.6113888888889;
Q1076330;Nieul;Nieul;FR;45.924444444444;1.1713888888889;
Q1076338;Chessy;Chessy;FR;48.880277777778;2.7633333333333;
Q1076670;Marsac-sur-l'Isle;Marsac-sur-l'Isle;FR;45.183058333333335;0.6562222222222223;
Q1076734;Razac-sur-l'Isle;Razac-sur-l'Isle;FR;45.163888888889;0.59972222222222;
Q1076761;Loubejac;Loubejac;FR;44.592777777778;1.0875;
Q1077003;Nantwich;Nantwich;GB;53.067;-2.522;
Q1077096;Mauzac-et-Grand-Castang;Mauzac-et-Grand-Castang;FR;44.864444444444;0.79722222222222;
Q1077728;Saint-Léon-sur-l'Isle;Saint-Léon-sur-l'Isle;FR;45.114722222222;0.50444444444444;
Q1078534;Bords;Bords;FR;45.896944444444;-0.79444444444444;
Q1078880;Lamonzie-Saint-Martin;Lamonzie-Saint-Martin;FR;44.8425;0.38388888888889;
Q1078906;Lamothe-Montravel;Lamothe-Montravel;FR;44.851388888889;0.025277777777778;
Q1078919;Gardonne;Gardonne;FR;44.836388888889;0.33222222222222;
Q1078961;Eymoutiers;Eymoutiers;FR;45.738888888889;1.7425;
Q1079098;Lavaufranche;Lavaufranche;FR;46.320555555556;2.2713888888889;
Q1079436;Lalinde;Lalinde;FR;44.836944444444;0.73805555555556;
Q1079725;Cazères;Cazères;FR;43.206388888889;1.0858333333333;
Q1080911;Chabris;Chabris;FR;47.255;1.6533333333333;
Q1081886;Bachos;Bachos;FR;42.897777777778;0.6175;
Q1081996;Brou;Brou;FR;48.210277777778;1.1672222222222;
Q1082230;Aguessac;Aguessac;FR;44.156666666667;3.0983333333333;
Q1082355;Mansac;Mansac;FR;45.168333333333;1.3833333333333;
Q1082376;La Fouillade;La Fouillade;FR;44.231111111111;2.0419444444444;
Q108247;Dinant;Dinant;BE;50.256388888889;4.9136111111111;
Q1082532;Crampagna;Crampagna;FR;43.028888888889;1.6066666666667;
Q1083;Salerne;Salerno;IT;40.68055555555556;14.759444444444444;
Q10843;Silla;Silla;ES;39.3617839;-0.4103493;
Q1084861;Nouvion-sur-Meuse;Nouvion-sur-Meuse;FR;49.7;4.795;
Q1085;Prague;Prague;CZ;50.0875;14.421388888888888;
Q1085418;Auxon;Auxon;FR;48.103888888889;3.9191666666667;
Q1086297;Fromy;Fromy;FR;49.597222222222;5.2505555555556;
Q1086391;Remilly-Aillicourt;Remilly-Aillicourt;FR;49.651666666667;4.9944444444444;
Q1086559;Leuc;Leuc;FR;43.146666666667;2.3233333333333;
Q10866;Narni;Narni;IT;42.51929776;12.51513759;
Q1086955;Montazels;Montazels;FR;42.945;2.246111111111111;
Q1087168;Allamps;Allamps;FR;48.547222222222;5.8094444444444;
Q1087294;Varilhes;Varilhes;FR;43.045555555556;1.6283333333333;
Q1087326;Bouilly;Bouilly;FR;48.196111111111;3.9994444444444;
Q1087868;Saint-Denis-des-Murs;Saint-Denis-des-Murs;FR;45.785277777778;1.5444444444444;
Q1088246;Saint-Sulpice-Laurière;Saint-Sulpice-Laurière;FR;46.052777777778;1.4705555555556;
Q1088565;Lucquy;Lucquy;FR;49.532777777778;4.4777777777778;
Q1088660;Antignac;Antignac;FR;42.826111111111;0.6;
Q1088687;Fépin;Fépin;FR;50.019444444444;4.7291666666667;
Q1088733;La Ferté-sur-Chiers;La Ferté-sur-Chiers;FR;49.575;5.2419444444444;
Q1088735;Carbonne;Carbonne;FR;43.297222222222;1.2191666666667;
Q1089170;Joigny-sur-Meuse;Joigny-sur-Meuse;FR;49.837777777778;4.7608333333333;
Q1089758;Drap;Drap;FR;43.755;7.3213888888889;
Q109012648;Montaignac-sur-Doustre;Montaignac-sur-Doustre;FR;45.35388888888889;1.978888888888889;
Q1090210;Buire-sur-l'Ancre;Buire-sur-l'Ancre;FR;49.965;2.5922222222222;
Q109211862;Val Mara;Val Mara;CH;45.916666666666664;8.983333333333333;
Q1092907;Bertren;Bertren;FR;43.000277777778;0.61805555555556;
Q1093130;Fontpédrouse;Fontpédrouse;FR;42.511666666667;2.18;
Q109382616;cemetery of Istrana;cemetery of Istrana;IT;45.67553;12.10684;
Q1094333;Saint-Cassien;Saint-Cassien;FR;45.36;5.5533333333333;
Q1094400;Capvern;Capvern;FR;43.101666666667;0.31666666666667;
Q1095000;Saint-Sever-de-Saintonge;Saint-Sever-de-Saintonge;FR;45.693888888889;-0.50833333333333;
Q1096136;Estrées-Saint-Denis;Estrées-Saint-Denis;FR;49.425555555556;2.6427777777778;
Q1096183;Le Château-d'Almenêches;Le Château-d'Almenêches;FR;48.679166666667;0.12194444444444;
Q1096963;Cires-lès-Mello;Cires-lès-Mello;FR;49.273055555556;2.3566666666667;
Q1097637;Étigny;Étigny;FR;48.138611111111;3.2916666666667;
Q1098068;La Celle-Saint-Avant;La Celle-Saint-Avant;FR;47.021666666667;0.60416666666667;
Q1098360;Parent;Parent;FR;45.623888888889;3.2302777777778;
Q1098506;Peschadoires;Peschadoires;FR;45.826111111111;3.4925;
Q1098591;Berthecourt;Berthecourt;FR;49.350555555556;2.2247222222222;
Q1098685;Valleroy;Valleroy;FR;49.211944444444;5.9355555555556;
Q1098716;Guareña;Guareña;ES;38.8600762;-6.10178618857;
Q1098767;Abancourt;Abancourt;FR;49.696944444444;1.765;
Q1098928;Saint-Hilaire-sur-Helpe;Saint-Hilaire-sur-Helpe;FR;50.131666666667;3.9036111111111;
Q10989318;Llanfihangel Rhydithon;Llanfihangel Rhydithon;GB;52.291379;-3.24538;
Q1098975;Balagny-sur-Thérain;Balagny-sur-Thérain;FR;49.295277777778;2.3363888888889;
Q1099000;Locquignol;Locquignol;FR;50.198611111111;3.7161111111111;
Q1099027;La Croix-en-Touraine;La Croix-en-Touraine;FR;47.336666666667;0.99055555555556;
Q1099874;Tournay;Tournay;FR;43.184166666667;0.24555555555556;
Q1100144;Voutré;Voutré;FR;48.136388888889;-0.29083333333333;
Q1100433;Cabeza del Buey;Cabeza del Buey;ES;38.721111111111;-5.2194444444444;
Q1100692;Neau;Neau;FR;48.156111111111;-0.47555555555556;
Q1100744;Wambaix;Wambaix;FR;50.128888888889;3.305;
Q1100865;Eurville-Bienville;Eurville-Bienville;FR;48.585;5.0366666666667;
Q1101255;Trith-Saint-Léger;Trith-Saint-Léger;FR;50.325555555556;3.4858333333333;
Q1101363;Laneuveville-devant-Nancy;Laneuveville-devant-Nancy;FR;48.655277777778;6.2313888888889;
Q1101374;Flin;Flin;FR;48.4975;6.655;
Q1101484;Leval;Leval;FR;50.188611111111;3.8383333333333;
Q1101571;Curel;Curel;FR;48.491666666667;5.1366666666667;
Q1101648;Donjeux;Donjeux;FR;48.363888888889;5.1555555555556;
Q1101891;Bolquère;Bolquère;FR;42.503055555556;2.0775;
Q1101976;Culmont;Culmont;FR;47.821111111111;5.4402777777778;
Q1102150;Sainghin-en-Weppes;Sainghin-en-Weppes;FR;50.5625;2.9005555555556;
Q1102819;Lusse;Lusse;FR;48.292222222222;7.1030555555556;
Q1103472;Mourmelon-le-Petit;Mourmelon-le-Petit;FR;49.129722222222;4.3094444444444;
Q1103524;Muizon;Muizon;FR;49.273888888889;3.8908333333333;
Q1104167;La Chaize-le-Vicomte;La Chaize-le-Vicomte;FR;46.672222222222;-1.2925;
Q1104341;Layrac;Layrac;FR;44.134166666667;0.66166666666667;
Q1104396;L'Herbergement;L'Herbergement;FR;46.909166666667;-1.3769444444444;
Q1104900;Villery;Villery;FR;48.170833333333;4.0188888888889;
Q110536353;Westmorland and Furness;Westmorland and Furness;GB;54.5;-2.75;
Q1105639;Honnechy;Honnechy;FR;50.068611111111;3.4713888888889;
Q1105828;Aubigny-au-Bac;Aubigny-au-Bac;FR;50.2625;3.1644444444444;
Q1106334;Saint-Victor-sur-Rhins;Saint-Victor-sur-Rhins;FR;46.004166666667;4.2816666666667;
Q1106403;Saint-Romain-le-Puy;Saint-Romain-le-Puy;FR;45.555555555556;4.1230555555556;
Q1106562;Avrechy;Avrechy;FR;49.446944444444;2.4261111111111;
Q1106651;Bacouël;Bacouël;FR;49.618888888889;2.3858333333333;
Q1106991;L'Isle-d'Abeau;L'Isle-d'Abeau;FR;45.619444444444;5.2330555555556;
Q1107311;Régny;Régny;FR;45.990833333333;4.2147222222222;
Q1107626;Fougeré;Fougeré;FR;46.658333333333;-1.2325;
Q1108196;Coleshill;Coleshill;GB;52.499;-1.708;
Q1109293;Dalmally;Dalmally;GB;56.4042;-4.97417;
Q1109554;Lavoûte-sur-Loire;Lavoûte-sur-Loire;FR;45.118333333333;3.9058333333333;
Q1109595;Mazeyrat-d'Allier;Mazeyrat-d'Allier;FR;45.120833333333;3.5280555555556;
Q1110763;Goderville;Goderville;FR;49.646111111111;0.36555555555556;
Q1110772;Jimera de Líbar;Jimera de Líbar;ES;36.6507259;-5.2748958;
Q1111013;Xove;Xove;ES;43.685833;-7.508889;
Q1111084;La Crèche;La Crèche;FR;46.360833333333;-0.3;
Q1111383;Fix-Saint-Geneys;Fix-Saint-Geneys;FR;45.142777777778;3.6675;
Q1111541;Costaros;Costaros;FR;44.895;3.8502777777778;
Q1111803;Villiers-sur-Loir;Villiers-sur-Loir;FR;47.806666666667;0.99416666666667;
Q1112178;Saint-Geours-de-Maremne;Saint-Geours-de-Maremne;FR;43.687222222222;-1.2291666666667;
Q11125;Lugo;Lugo;ES;43.011666666667;-7.5572222222222;
Q11131;Hazebrouck;Hazebrouck;FR;50.724444444444;2.5383333333333;
Q1113375;Cambre;Cambre;ES;43.283333333333;-8.3333333333333;
Q1113400;Jiloca;Jiloca;ES;40.85;-1.3;
Q1113450;Culleredo;Culleredo;ES;43.27768315;-8.41186113155;
Q1113716;Legazpi;Legazpi;ES;43.055;-2.335;
Q1113972;Vinça;Vinça;FR;42.645;2.5286111111111;
Q1114119;Ondres;Ondres;FR;43.560833333333;-1.4494444444444;
Q1114265;Labenne;Labenne;FR;43.592777777778;-1.4266666666667;
Q1115233;Garchizy;Garchizy;FR;47.047222222222;3.0952777777778;
Q1116148;Castellnou de Seana;Castellnou de Seana;ES;41.649722222222;0.97166666666667;
Q1116307;Montrond-les-Bains;Montrond-les-Bains;FR;45.643611111111;4.2305555555556;
Q111800;Cattolica;Cattolica;IT;43.958444444444;12.738611111111;
Q111818;Misano Adriatico;Misano Adriatico;IT;43.966666666667;12.7;
Q111888;Riccione;Riccione;IT;44.0;12.65;
Q1119428;Dehesa de Montejo;Dehesa de Montejo;ES;42.816666666667;-4.5166666666667;
Q112175395;Cookham Rise;Cookham Rise;GB;51.55813888888889;-0.7252777777777778;
Q1125738;Congleton;Congleton;GB;53.162;-2.217;
Q11296;Colera;Colera;ES;42.406388888889;3.1544444444444;
Q11339;Llançà;Llançà;ES;42.366666666667;3.1525;
Q1134235;Ostricourt;Ostricourt;FR;50.454444444444;3.0308333333333;
Q113535598;Basse-Vendline;Basse-Vendline;CH;47.486848;7.141384;
Q1135829;Courçay;Courçay;FR;47.250555555556;0.87583333333333;
Q1135988;Cormery;Cormery;FR;47.267222222222;0.83666666666667;
Q1136652;Sainte-Lizaigne;Sainte-Lizaigne;FR;47.006944444444;2.0227777777778;
Q1137201;Reuilly;Reuilly;FR;47.083888888889;2.0441666666667;
Q1137524;Luant;Luant;FR;46.733055555556;1.5586111111111;
Q1137585;Luçay-le-Mâle;Luçay-le-Mâle;FR;47.13;1.4413888888889;
Q1138709;Chambourg-sur-Indre;Chambourg-sur-Indre;FR;47.181388888889;0.96722222222222;
Q1139270;Bengy-sur-Craon;Bengy-sur-Craon;FR;47.000277777778;2.7477777777778;
Q1139366;Saint-Aubin-des-Bois;Saint-Aubin-des-Bois;FR;48.468055555556;1.3625;
Q1139440;Crediton;Crediton;GB;50.7924;-3.6514;
Q1139444;Pontgouin;Pontgouin;FR;48.480277777778;1.1611111111111;
Q1139893;Criccieth;Criccieth;GB;52.916969444444;-4.2362611111111;
Q1140091;Magny;Magny;FR;48.349722222222;1.2630555555556;
Q1140773;Champigny;Champigny;FR;48.319444444444;3.1275;
Q1141332;Saint-Pierre-des-Corps;Saint-Pierre-des-Corps;FR;47.390833333333;0.72805555555556;
Q1141361;Nérondes;Nérondes;FR;46.9975;2.8194444444444;
Q1141399;Naucelle;Naucelle;FR;44.198333333333;2.3419444444444;
Q1142001;Salles-Courbatiès;Salles-Courbatiès;FR;44.471388888889;2.0775;
Q1142113;Orval;Orval;FR;46.725555555556;2.4816666666667;
Q1142316;Garanou;Garanou;FR;42.766388888889;1.7513888888889;
Q1142509;Ornolac-Ussat-les-Bains;Ornolac-Ussat-les-Bains;FR;42.819444444444;1.6316666666667;
Q1143375;Roinville;Roinville;FR;48.445277777778;1.7483333333333;
Q1143441;Aubiet;Aubiet;FR;43.646111111111;0.78361111111111;
Q1143525;Villeneuve-de-Rivière;Villeneuve-de-Rivière;FR;43.120833333333;0.66666666666667;
Q1143742;Kiischpelt;Kiischpelt;LU;49.991944444444;6.0061111111111;
Q1144031;Le Vernet;Le Vernet;FR;43.185;1.6022222222222;
Q1144420;Villeneuve-la-Comtesse;Villeneuve-la-Comtesse;FR;46.098333333333;-0.50416666666667;
Q1144557;Saint-Laurent-de-la-Prée;Saint-Laurent-de-la-Prée;FR;45.981111111111;-1.0411111111111;
Q1146338;Cerizay;Cerizay;FR;46.821388888889;-0.66472222222222;
Q1146421;Brion-près-Thouet;Brion-près-Thouet;FR;47.051388888889;-0.18583333333333;
Q1146931;Wadelincourt;Wadelincourt;FR;49.685277777778;4.9408333333333;
Q1147040;Dangé-Saint-Romain;Dangé-Saint-Romain;FR;46.936388888889;0.60583333333333;
Q1147090;Vrigne-Meuse;Vrigne-Meuse;FR;49.702777777778;4.8458333333333;
Q1148546;Ausson;Ausson;FR;43.081666666667;0.59583333333333;
Q1148868;Prin-Deyrançon;Prin-Deyrançon;FR;46.221666666667;-0.63638888888889;
Q1149118;Mauzé-sur-le-Mignon;Mauzé-sur-le-Mignon;FR;46.195277777778;-0.67111111111111;
Q1149298;Magalas;Magalas;FR;43.471111111111;3.2219444444444;
Q1149969;Épierre;Épierre;FR;45.453888888889;6.2947222222222;
Q1150691;Saint-Hilaire-du-Rosier;Saint-Hilaire-du-Rosier;FR;45.100833333333;5.2480555555556;
Q1151404;Neulise;Neulise;FR;45.902222222222;4.18;
Q1151735;Chaponost;Chaponost;FR;45.710277777778;4.7422222222222;
Q1152930;Cintegabelle;Cintegabelle;FR;43.312777777778;1.5305555555556;
Q1152945;Campagnac;Campagnac;FR;44.417222222222;3.0872222222222;
Q1152948;Chalais;Chalais;FR;45.273055555556;0.039166666666667;
Q1152950;Villeneuve;Villeneuve;FR;44.437222222222;2.0319444444444;
Q1153151;Pins-Justaret;Pins-Justaret;FR;43.47972222222222;1.3833333333333333;
Q1153349;Gaillac-d'Aveyron;Gaillac-d'Aveyron;FR;44.355555555556;2.9286111111111;
Q115359;Rosières-en-Santerre;Rosières-en-Santerre;FR;49.814166666667;2.7027777777778;
Q1153919;Domessin;Domessin;FR;45.540277777778;5.7091666666667;
Q115426;Moreuil;Moreuil;FR;49.774444444444;2.4830555555556;
Q1154587;Moirans;Moirans;FR;45.325;5.5644444444444;
Q1155;Busto Arsizio;Busto Arsizio;IT;45.611958333333;8.8518;
Q1155235;Sury-le-Comtal;Sury-le-Comtal;FR;45.5375;4.1830555555556;
Q1156771;Muille-Villette;Muille-Villette;FR;49.7275;3.0666666666667;
Q1156776;Ribécourt-Dreslincourt;Ribécourt-Dreslincourt;FR;49.51;2.9225;
Q115727934;Culoz-Béon;Culoz-Béon;FR;45.8476;5.781;
Q1157405;Martigny-les-Bains;Martigny-les-Bains;FR;48.106111111111;5.8230555555556;
Q1157547;La Chapelle-de-Guinchay;La Chapelle-de-Guinchay;FR;46.210555555556;4.7547222222222;
Q1157701;La Chapelle-Saint-Mesmin;La Chapelle-Saint-Mesmin;FR;47.88722222222222;1.8405555555555555;
Q1157780;Mattaincourt;Mattaincourt;FR;48.278888888889;6.1330555555556;
Q1157834;Bembibre;Bembibre;ES;42.615398;-6.416971;
Q1157964;Fiñana;Fiñana;ES;37.1709721;-2.8397107;
Q1157988;Saint-Étienne-de-Cuines;Saint-Étienne-de-Cuines;FR;45.342222222222;6.2916666666667;
Q1158046;Martigny-les-Gerbonvaux;Martigny-les-Gerbonvaux;FR;48.445555555556;5.7944444444444;
Q1158089;Dalton-in-Furness;Dalton-in-Furness;GB;54.1544;-3.1814;
Q1158103;Saint-Léonard;Saint-Léonard;FR;48.216388888889;6.9438888888889;
Q1158244;Margut;Margut;FR;49.584166666667;5.2608333333333;
Q1159425;Revigny-sur-Ornain;Revigny-sur-Ornain;FR;48.828055555556;4.9872222222222;
Q1159564;Lérouville;Lérouville;FR;48.791666666667;5.5441666666667;
Q1159666;Les Martres-de-Veyre;Les Martres-de-Veyre;FR;45.684166666667;3.19;
Q1160322;Salomé;Salomé;FR;50.531944444444;2.8427777777778;
Q1160662;Templeuve-en-Pévèle;Templeuve-en-Pévèle;FR;50.526666666667;3.175;
Q1160742;Strazeele;Strazeele;FR;50.726944444444;2.6308333333333;
Q1161173;Rosult;Rosult;FR;50.447777777778;3.3638888888889;
Q1161395;Lora del Río;Lora del Río;ES;37.657222222222;-5.5266666666667;
Q1161421;Steenbecque;Steenbecque;FR;50.674444444444;2.485;
Q116192;La Chaumusse;La Chaumusse;FR;46.593611111111;5.9561111111111;
Q1161950;La Ferté-Imbault;La Ferté-Imbault;FR;47.385833333333;1.9555555555556;
Q1162289;Saint-Michel-sur-Meurthe;Saint-Michel-sur-Meurthe;FR;48.3175;6.8866666666667;
Q1163139;Le Soler;Le Soler;FR;42.681944444444;2.7933333333333;
Q1163750;La Guerche-sur-l'Aubois;La Guerche-sur-l'Aubois;FR;46.951111111111;2.9475;
Q116404;Anagni;Anagni;IT;41.75;13.15;
Q1164132;Port-Sainte-Marie;Port-Sainte-Marie;FR;44.250555555556;0.39722222222222;
Q116423;Arce;Arce;IT;41.583333333333;13.583333333333;
Q1164307;Saint-Maclou-de-Folleville;Saint-Maclou-de-Folleville;FR;49.680555555556;1.1066666666667;
Q116440;Arpino;Arpino;IT;41.64705;13.61155;
Q1164461;Le Coteau;Le Coteau;FR;46.027222222222;4.0866666666667;
Q1164492;Les Chavannes-en-Maurienne;Les Chavannes-en-Maurienne;FR;45.391388888889;6.2819444444444;
Q1164666;Saint-Laurent-de-Brèvedent;Saint-Laurent-de-Brèvedent;FR;49.526111111111;0.25638888888889;
Q1164786;Ebblinghem;Ebblinghem;FR;50.732222222222;2.4097222222222;
Q1165029;Le Pouliguen;Le Pouliguen;FR;47.276944444444;-2.4302777777778;
Q1165041;Fretin;Fretin;FR;50.5575;3.1341666666667;
Q1165063;Prouvy;Prouvy;FR;50.320555555556;3.4505555555556;
Q1165075;Sainte-Pazanne;Sainte-Pazanne;FR;47.103055555556;-1.8108333333333;
Q1165100;Thouaré-sur-Loire;Thouaré-sur-Loire;FR;47.2675;-1.4405555555556;
Q1165120;Les Moutiers-en-Retz;Les Moutiers-en-Retz;FR;47.063333333333;-2.0016666666667;
Q116592;Cassino;Cassino;IT;41.491666666667;13.833333333333;
Q116660;Castro dei Volsci;Castro dei Volsci;IT;41.516666666667;13.4;
Q1166810;Eslettes;Eslettes;FR;49.546111111111;1.0525;
Q1166842;Darwen;Darwen;GB;53.698;-2.461;
Q1166899;Cercottes;Cercottes;FR;47.985277777778;1.8827777777778;
Q116706;Ceccano;Ceccano;IT;41.566666666667;13.333333333333;
Q116716;Ceprano;Ceprano;IT;41.55;13.516666666667;
Q116731;Colfelice;Colfelice;IT;41.55;13.6;
Q1167478;Boisseaux;Boisseaux;FR;48.256666666667;1.9877777777778;
Q1168346;Saint-Lothain;Saint-Lothain;FR;46.825555555556;5.6444444444444;
Q116844;Fontana Liri;Fontana Liri;IT;41.616666666667;13.55;
Q116948;Isola del Liri;Isola del Liri;IT;41.683333333333;13.566666666667;
Q116956;Morolo;Morolo;IT;41.633333333333;13.2;
Q1169595;Chaingy;Chaingy;FR;47.883611111111;1.7730555555556;
Q1169770;Suèvres;Suèvres;FR;47.666666666667;1.4608333333333;
Q11698548;Foxton;Foxton;GB;52.115;0.0586;
Q1169891;Theillay;Theillay;FR;47.313888888889;2.0402777777778;
Q1169902;Selles-Saint-Denis;Selles-Saint-Denis;FR;47.385833333333;1.9225;
Q1169994;Noyers-sur-Cher;Noyers-sur-Cher;FR;47.276666666667;1.3997222222222;
Q1170112;Nouan-le-Fuzelier;Nouan-le-Fuzelier;FR;47.536944444444;2.0380555555556;
Q1170191;Mennetou-sur-Cher;Mennetou-sur-Cher;FR;47.269444444444;1.8658333333333;
Q1170291;Pezou;Pezou;FR;47.866111111111;1.1427777777778;
Q1170302;Villeperdue;Villeperdue;FR;47.200833333333;0.63222222222222;
Q1170597;Villeherviers;Villeherviers;FR;47.366111111111;1.7980555555556;
Q1170702;Veigné;Veigné;FR;47.2875;0.7375;
Q1170798;Saint-Antoine-du-Rocher;Saint-Antoine-du-Rocher;FR;47.496111111111;0.63;
Q1170894;Monts;Monts;FR;47.274722222222;0.64277777777778;
Q1170908;Maillé;Maillé;FR;47.052777777778;0.58138888888889;
Q11710013;Holystone;Holystone;GB;55.317;-2.072;
Q11710053;Honley;Honley;GB;53.6027;-1.7921;
Q117119;Piedimonte San Germano;Piedimonte San Germano;IT;41.5;13.733333333333;
Q1171292;Druye;Druye;FR;47.309166666667;0.53805555555556;
Q1171493;Aubigné-Racan;Aubigné-Racan;FR;47.690833333333;0.26777777777778;
Q1171927;Saint-Martin-le-Beau;Saint-Martin-le-Beau;FR;47.355833333333;0.90972222222222;
Q1171941;Limeray;Limeray;FR;47.459444444444;1.0413888888889;
Q1171980;Saint-Genouph;Saint-Genouph;FR;47.378333333333;0.59861111111111;
Q1171988;Saint-Paterne-Racan;Saint-Paterne-Racan;FR;47.601944444444;0.48222222222222;
Q1172014;Monnaie;Monnaie;FR;47.500555555556;0.78527777777778;
Q117211;Roccasecca;Roccasecca;IT;41.55;13.666666666667;
Q1172299;Saint-Florent-sur-Cher;Saint-Florent-sur-Cher;FR;46.995555555556;2.2516666666667;
Q1172536;Marmagne;Marmagne;FR;47.101388888889;2.2836111111111;
Q1172598;Gièvres;Gièvres;FR;47.276388888889;1.6688888888889;
Q117303;San Vittore del Lazio;San Vittore del Lazio;IT;41.466666666667;13.933333333333;
Q1173440;Neuvy-Sautour;Neuvy-Sautour;FR;48.041944444444;3.7938888888889;
Q1173494;Lunery;Lunery;FR;46.935277777778;2.2711111111111;
Q1173543;Foëcy;Foëcy;FR;47.176944444444;2.1616666666667;
Q117368;Sgurgola;Sgurgola;IT;41.67075;13.149333333333333;
Q117382;Sora;Sora;IT;41.716666666667;13.616666666667;
Q1174262;Le Meux;Le Meux;FR;49.367777777778;2.7444444444444;
Q1174480;Gilly-sur-Loire;Gilly-sur-Loire;FR;46.538055555556;3.7788888888889;
Q117551;Champs-sur-Yonne;Champs-sur-Yonne;FR;47.737222222222;3.6011111111111;
Q11790932;Newton-le-Willows;Newton-le-Willows;GB;54.3019;-1.67078;
Q11801326;Oxshott;Oxshott;GB;51.332;-0.356;
Q118085;Colli sul Velino;Colli sul Velino;IT;42.5;12.783333333333;
Q11836773;Tadworth;Tadworth;GB;51.294;-0.242;
Q11837;Sant Miquel de Fluvià;Sant Miquel de Fluvià;ES;42.177222222222;2.9927777777778;
Q1185203;Spalding;Spalding;GB;52.7858;-0.1529;
Q118642;Termoli;Termoli;IT;42.002777777778;14.994722222222;
Q11865;Saus, Camallera i Llampaies;Saus, Camallera i Llampaies;ES;42.1318736;2.9808946;
Q118958;Louvain;Leuven;BE;50.8775;4.704444;
Q1190876;Bromsgrove;Bromsgrove;GB;52.3353;-2.0579;
Q11935;Locarno;Locarno;CH;46.166388888889;8.7997222222222;
Q1193749;Redcar;Redcar;GB;54.618561111111;-1.0685611111111;
Q11939;Stein am Rhein;Stein am Rhein;CH;47.659444444444;8.8591666666667;
Q11953;Guadalajara;Guadalajara;ES;40.633333333333;-3.1666666666667;
Q11959;Alicante;Alicante;ES;38.345277777778;-0.48305555555556;
Q11967;Huesca;Huesca;ES;42.1401;-0.40889722222222;
Q11981;Saint-Maurice-de-Beynost;Saint-Maurice-de-Beynost;FR;45.830277777778;4.9752777777778;
Q119936;Windermere;Windermere;GB;54.379444444444445;-2.906111111111111;
Q11994;Miranda de Ebro;Miranda de Ebro;ES;42.683333333333;-2.9333333333333;
Q12069146;Sindlesham;Sindlesham;GB;51.42;-0.887;
Q1213862;Yetminster;Yetminster;GB;50.895;-2.578;
Q1214970;Fismes;Fismes;FR;49.307222222222;3.6805555555556;
Q1215048;Vertaizon;Vertaizon;FR;45.769722222222;3.2863888888889;
Q1215116;Lapeyrouse;Lapeyrouse;FR;46.224166666667;2.8722222222222;
Q121523;Diano San Pietro;Diano San Pietro;IT;43.93095;8.0686916666667;
Q12153;Vilafant;Vilafant;ES;42.246755;2.937935;
Q12155;Soria;Soria;ES;41.766666666667;-2.4666666666667;
Q12159;Vilajuïga;Vilajuïga;ES;42.328055555556;3.0952777777778;
Q12163;Vilamalla;Vilamalla;ES;42.2165982;2.9708293;
Q12164;Ponferrada;Ponferrada;ES;42.54611111111111;-6.590833333333333;
Q121642;Metzeral;Metzeral;FR;48.012222222222;7.0702777777778;
Q1216917;Grésy-sur-Isère;Grésy-sur-Isère;FR;45.601111111111;6.2536111111111;
Q1217859;Bourret;Bourret;FR;43.943611111111;1.1680555555556;
Q1218370;Saint-Béron;Saint-Béron;FR;45.501388888889;5.7291666666667;
Q1218503;Wool;Wool;GB;50.68;-2.223;
Q1218627;Chulmleigh;Chulmleigh;GB;50.912777777778;-3.8691666666667;
Q12191;Nantes;Nantes;FR;47.217222222222;-1.5538888888889;
Q12193;Brest;Brest;FR;48.39055555555556;-4.486111111111111;
Q1219578;Loivre;Loivre;FR;49.346111111111;3.9797222222222;
Q1219676;Emsworth;Emsworth;GB;50.849;-0.938;
Q1219882;Sommesous;Sommesous;FR;48.738333333333;4.1966666666667;
Q1219955;Sept-Saulx;Sept-Saulx;FR;49.149166666667;4.2533333333333;
Q1221301;Germaine;Germaine;FR;49.114444444444;4.0302777777778;
Q1221375;Lezoux;Lezoux;FR;45.8275;3.38;
Q1221970;Prunay;Prunay;FR;49.196944444444;4.1838888888889;
Q1222442;Saint-Avre;Saint-Avre;FR;45.3525;6.31;
Q12225;Murcie;Murcia;ES;37.983333333333334;-1.1302777777777777;
Q1222773;Mouchard;Mouchard;FR;46.973333333333;5.7972222222222;
Q1222904;Vaas;Vaas;FR;47.669166666667;0.31222222222222;
Q1222934;Beillé;Beillé;FR;48.083055555556;0.51;
Q122306;Vieux-Thann;Vieux-Thann;FR;47.801944444444;7.1208333333333;
Q1223152;Tisbury;Tisbury;GB;51.0668;-2.0803;
Q12233;Santander;Santander;ES;43.466666666667;-3.8;
Q1224297;Mayet;Mayet;FR;47.758888888889;0.27472222222222;
Q12246;Huelva;Huelva;ES;37.25;-6.95;
Q1224851;Rilly-la-Montagne;Rilly-la-Montagne;FR;49.165277777778;4.0455555555556;
Q1225823;Combe Martin;Combe Martin;GB;51.19;-4.02;
Q1226578;Teillé;Teillé;FR;48.181666666667;0.18805555555556;
Q1226649;Issé;Issé;FR;47.623888888889;-1.4511111111111;
Q1227053;Passenans;Passenans;FR;46.798055555556;5.6188888888889;
Q12273;Gijón;Gijón;ES;43.52931;-5.67732;
Q1227651;New Alresford;New Alresford;GB;51.0907;-1.1612;
Q122812;La Faloise;La Faloise;FR;49.699166666667;2.3411111111111;
Q1228266;Domfront-en-Champagne;Domfront-en-Champagne;FR;48.104722222222;0.028055555555556;
Q1229166;Dunster;Dunster;GB;51.1825;-3.4459;
Q12292;Villarreal;Villarreal;ES;39.937777777778;-0.10138888888889;
Q1229283;L'Espluga de Francolí;L'Espluga de Francolí;ES;41.3972;1.1029;
Q1229288;Diss;Diss;GB;52.3812;1.1079;
Q1229298;Camarles;Camarles;ES;40.773611111111;0.6725;
Q122953;Corbridge;Corbridge;GB;54.975;-2.017;
Q1229607;Riba-roja d'Ebre;Riba-roja d'Ebre;ES;41.251446;0.485558;
Q1229622;Roda de Berà;Roda de Berà;ES;41.18565;1.45682;
Q1230093;La Secuita;La Secuita;ES;41.203226;1.279376;
Q1230100;La Selva del Camp;La Selva del Camp;ES;41.215501;1.137309;
Q1230160;Les Borges del Camp;Les Borges del Camp;ES;41.17215;1.02044;
Q12303;Jerez de la Frontera;Jerez de la Frontera;ES;36.7;-6.1166666666667;
Q1231003;Cocentaina;Cocentaina;ES;38.744194444444446;-0.4400277777777778;
Q1231302;Chamousset;Chamousset;FR;45.555833333333;6.1991666666667;
Q1231311;l'Argentera;L'Argentera;ES;41.13793;0.90916;
Q123191;Kruth;Kruth;FR;47.930833333333;6.9638888888889;
Q123269717;Val-de-Comporté;Val-de-Comporté;FR;46.1333;0.2432;
Q1233089;Totton and Eling;Totton and Eling;GB;50.92;-1.49;
Q1233450;Pradell de la Teixeta;Pradell de la Teixeta;ES;41.15658;0.87561;
Q1233513;La Pobla de Massaluca;La Pobla de Massaluca;ES;41.18054;0.35364;
Q1233555;Móra la Nova;Móra la Nova;ES;41.100277777778;0.65083333333333;
Q1233987;Jacob-Bellecombette;Jacob-Bellecombette;FR;45.555555555556;5.9136111111111;
Q1234008;Vivoin;Vivoin;FR;48.233611111111;0.15583333333333;
Q1234103;Sillé-le-Guillaume;Sillé-le-Guillaume;FR;48.183333333333;-0.12916666666667;
Q1234166;Spelthorne;Spelthorne;GB;51.433333333333;-0.5;
Q1234271;Holsworthy;Holsworthy;GB;50.8167;-4.35;
Q1234712;Havant;Havant;GB;50.85;-0.98;
Q1234718;Romsey;Romsey;GB;50.989;-1.4966;
Q123475717;Ingrandes-le-Fresne-sur-Loire;Ingrandes-le-Fresne-sur-Loire;FR;47.403888888888886;-0.9194444444444444;
Q1234773;Voivres-lès-le-Mans;Voivres-lès-le-Mans;FR;47.929722222222;0.072222222222222;
Q1234797;Westbury;Westbury;GB;51.26;-2.191;
Q1234805;Lynmouth;Lynmouth;GB;51.229444444444;-3.8294444444444;
Q1234827;Lynton;Lynton;GB;51.230397222222;-3.8363611111111;
Q1234883;Okehampton;Okehampton;GB;50.7388;-4.0041;
Q1235112;Keith;Keith;GB;57.5428;-2.9555;
Q1235510;Dolgellau;Dolgellau;GB;52.74305555555556;-3.8855555555555554;
Q1235842;Castle Cary;Castle Cary;GB;51.087980555556;-2.51395;
Q1235894;Melksham;Melksham;GB;51.373552777778;-2.1378972222222;
Q1235919;New Milton;New Milton;GB;50.758619444444;-1.6682;
Q123632;Camerano;Camerano;IT;43.52774;13.55257;
Q123667;Malmerspach;Malmerspach;FR;47.863888888889;7.0344444444444;
Q123691;Merxheim;Merxheim;FR;47.910833333333;7.2925;
Q123709;Dundee;Dundee;GB;56.46055555555556;-2.97;
Q123790;Castelbellino;Castelbellino;IT;43.487777777778;13.145833333333;
Q123848537;Pajottegem;Pajottegem;BE;50.7355;4.0202;
Q123852858;Oullins-Pierre-Bénite;Oullins-Pierre-Bénite;FR;45.714166666666664;4.8075;
Q123893;Castelplanio;Castelplanio;IT;43.494480555556;13.080938888889;
Q123914;Cerreto d'Esi;Cerreto d'Esi;IT;43.319738888889;12.984769444444;
Q123941;Chiaravalle;Chiaravalle;IT;43.599669444444;13.325680555556;
Q123995545;Laténa;Laténa;CH;47.01111111111111;7.0055555555555555;
Q124005;Falconara Marittima;Falconara Marittima;IT;43.6296;13.3968;
Q124052546;Bazeilles;Bazeilles;FR;49.677222222222;4.9763888888889;
Q124067;Genga;Genga;IT;43.430480555556;12.935561111111;
Q1241007;Bere Alston;Bere Alston;GB;50.4833;-4.2;
Q124107;Lièpvre;Lièpvre;FR;48.272222222222;7.2825;
Q12411;Pontevedra;Pontevedra;ES;42.433611111111;-8.6475;
Q124110;Lorette;Loreto;IT;43.4403;13.607430555556;
Q124160;Luttenbach-près-Munster;Luttenbach-près-Munster;FR;48.032222222222;7.1191666666667;
Q124172;Lutterbach;Lutterbach;FR;47.759722222222;7.2805555555556;
Q1242257;Aiguebelette-le-Lac;Aiguebelette-le-Lac;FR;45.537777777778;5.815;
Q1242441;Frome;Frome;GB;51.2279;-2.3215;
Q1242661;Mottisfont;Mottisfont;GB;51.039552777778;-1.5371111111111;
Q124332592;Setteville;Setteville;IT;45.92125;11.93109;
Q124342;Montemarciano;Montemarciano;IT;43.639927777778;13.310380555556;
Q12440;Eeklo;Eeklo;BE;51.1858;3.5639;
Q124477893;Merelbeke-Melle;Merelbeke-Melle;BE;50.987712459853846;3.778866480117033;
Q124554;Osimo;Osimo;IT;43.486080555556;13.4821;
Q12460;Lierre;Lier;BE;51.13111111111111;4.5697222222222225;
Q1247815;Petersfield;Petersfield;GB;51.003769444444;-0.93453055555556;
Q1247835;Kingswood;Kingswood;GB;51.46;-2.505;
Q1248368;Dawlish;Dawlish;GB;50.581;-3.466;
Q124925;Senigallia;Senigallia;IT;43.713055555556;13.218333333333;
Q124979;Serra San Quirico;Serra San Quirico;IT;43.44765;13.015211111111;
Q1251125;Baule;Baule;FR;47.810833333333;1.6708333333333;
Q1253266;Downham Market;Downham Market;GB;52.6;0.39;
Q125378487;Tongres-Looz;Tongeren-Borgloon;BE;50.79374470441921;5.404460843241908;
Q125522830;Bilzen-Hoeselt;Bilzen-Hoeselt;BE;50.86054566697205;5.50157070465196;
Q125550409;Nazareth-La Pinte;Nazareth-De Pinte;BE;50.983965076358984;3.6321763212605225;
Q1260116;Droitwich Spa;Droitwich Spa;GB;52.267;-2.153;
Q126094;Thésée;Thésée;FR;47.326111111111;1.3038888888889;
Q126269;Wolverhampton;Wolverhampton;GB;52.58416666666667;-2.125277777777778;
Q126283;Saint-Hippolyte;Saint-Hippolyte;FR;48.231944444444;7.3716666666667;
Q126514;Dumfries and Galloway;Dumfries and Galloway;GB;55.07;-3.6030555555555557;
Q126579;Stansted Mountfitchet;Stansted Mountfitchet;GB;51.898;0.198;
Q126675;Chantilly;Chantilly;FR;49.186944444444;2.4608333333333;
Q126898;Antibes;Antibes;FR;43.58;7.1230555555556;
Q127095;Topsham;Topsham;GB;50.686;-3.4651;
Q127159;Bletchley;Bletchley;GB;51.994;-0.732;
Q1277887;East Grinstead;East Grinstead;GB;51.12861111111111;-0.014444444444444446;
Q127808;Questembert;Questembert;FR;47.661388888889;-2.4530555555556;
Q128052;Aprilia;Aprilia;IT;41.583333333333;12.65;
Q128065;Cisterna di Latina;Cisterna di Latina;IT;41.58888888888889;12.830555555555556;
Q128084;Fondi;Fondi;IT;41.35;13.416666666667;
Q128086;Formia;Formia;IT;41.256388888889;13.606944444444;
Q128092;Itri;Itri;IT;41.283333333333;13.533333333333;
Q128105;Minturno;Minturno;IT;41.266666666667;13.75;
Q128107;monte San Biagio;Monte San Biagio;IT;41.35;13.35;
Q12812;Tortose;Tortosa;ES;40.8125;0.52111111111111;
Q128139;Priverno;Priverno;IT;41.466666666667;13.183333333333;
Q128147;Kingston-upon-Hull;Kingston upon Hull;GB;53.74444444444445;-0.33249999999999996;
Q128202;Sermoneta;Sermoneta;IT;41.55;12.983333333333;
Q128206;Sezze;Sezze;IT;41.5;13.066666666667;
Q128211;Sonnino;Sonnino;IT;41.414458333333336;13.241397222222222;
Q128226;Terracine;Terracina;IT;41.283333333333;13.25;
Q1289;Grenoble;Grenoble;FR;45.186944444444;5.7263888888889;
Q12892;Anvers;Antwerp;BE;51.221111111111114;4.3997222222222225;
Q128997;Pluneret;Pluneret;FR;47.675555555556;-2.9575;
Q12910;Lokeren;Lokeren;BE;51.1;3.9833333333333;
Q1292592;Elmbridge;Elmbridge;GB;51.37;-0.3618;
Q1295;Dortmund;Dortmund;DE;51.513888888889;7.4652777777778;
Q1296;Gand;Ghent;BE;51.05361111111111;3.725277777777778;
Q12988;Knocke-Heyst;Knokke-Heist;BE;51.341388888889;3.2869444444444;
Q12992;Audenarde;Oudenaarde;BE;50.85;3.6;
Q12994;Bruges;Bruges;BE;51.208888888888886;3.2241666666666666;
Q12995;Courtrai;Kortrijk;BE;50.8275;3.265833333333333;
Q12996;Ostende;Ostend;BE;51.225833333333334;2.9194444444444443;
Q12997;Everghem;Evergem;BE;51.1086;3.7075;
Q129998;Mailly-la-Ville;Mailly-la-Ville;FR;47.599166666667;3.6811111111111;
Q130128;Vincelles;Vincelles;FR;47.704166666667;3.6316666666667;
Q1301336;Mirfield;Mirfield;GB;53.6807;-1.6888;
Q130191;Norwich;Norwich;GB;52.62861111111111;1.2927777777777778;
Q130239;Givry;Givry;FR;47.519722222222;3.795;
Q130272;Chartres;Chartres;FR;48.446666666667;1.4883333333333;
Q130298413;Beveren-Kruibeke-Zwijndrecht;Beveren-Kruibeke-Zwijndrecht;BE;51.19744842814523;4.286735559760554;
Q130411;Garsdale;Garsdale;GB;54.301;-2.391;
Q13050;Sils;Sils;ES;41.809423;2.743542;
Q130550851;Laigné-Saint-Gervais;Laigné-Saint-Gervais;FR;47.878055555;0.229722222;
Q130550854;Cugand-la-Bernardière;Cugand-la-Bernardière;FR;47.0625;-1.254444444;
Q130559071;Hesdin-la-Forêt;Hesdin-la-Forêt;FR;50.37416666666667;2.0366666666666666;
Q13064;Caldes de Malavella;Caldes de Malavella;ES;41.838747;2.808905;
Q13073;Riells i Viabrea;Riells i Viabrea;ES;41.725013;2.558212;
Q1308;Côme;Como;IT;45.81025;9.0861388888889;
Q1309;Maastricht;Maastricht;NL;50.866666666667;5.6833333333333;
Q130936105;Parsac;Parsac;FR;46.2025;2.152222222222222;
Q130994;Colmar;Colmar;FR;48.081111111111;7.355;
Q1310;Arnhem;Arnhem;NL;51.983333333333;5.9166666666667;
Q13121;Alost;Aalst;BE;50.93833333333333;4.039166666666667;
Q13122;Termonde;Dendermonde;BE;51.03123;4.0981;
Q13127;Saint-Nicolas;Sint-Niklaas;BE;51.164444444444;4.1391666666667;
Q13129212;Hythe End;Hythe End;GB;51.44444444444444;-0.5402777777777777;
Q13129621;Llanenddwyn;Llanenddwyn;GB;52.789486;-4.104229;
Q13130720;Pentrefelin;Pentrefelin;GB;53.406045;-4.35571;
Q131329;Arras;Arras;FR;50.289166666667;2.78;
Q13134;Pesaro;Pesaro;IT;43.91015;12.9133;
Q13135;Macerata;Macerata;IT;43.30027777777778;13.453333333333333;
Q13137;Teramo;Teramo;IT;42.658852777778;13.703911111111;
Q13138;Chieti;Chieti;IT;42.351113888889;14.167427777778;
Q13140;San Benedetto del Tronto;San Benedetto del Tronto;IT;42.943780555556;13.883330555556;
Q13142;Fano;Fano;IT;43.8425;13.01361111111111;
Q13144;Jesi;Jesi;IT;43.523775;13.246197;
Q13145;Fabriano;Fabriano;IT;43.338561111111;12.908519444444;
Q13146;Civitanova Marche;Civitanova Marche;IT;43.30675;13.7286;
Q131491;Brighton;Brighton;GB;50.82083333333333;-0.1375;
Q13153;Ronda;Ronda;ES;36.737222222222;-5.1647222222222;
Q131573878;Lunas-les-Châteaux;Lunas-les-Châteaux;FR;43.7075;3.194166666666667;
Q131581675;Neufchâteau;Neufchâteau;FR;48.355555555;5.696111111;
Q131581676;Saillans;Saillans;FR;44.696388888;5.1975;
Q131581677;Poligny;Poligny;FR;46.836111111;5.707777777;
Q131581678;Mamirolle;Mamirolle;FR;47.196944444;6.161666666;
Q131594083;Neussargues-Moissac;Neussargues-Moissac;FR;45.128333333;2.976111111;
Q131605;Mérano;Merano;IT;46.669555;11.159419;
Q131612;Wiener Neustadt;Wiener Neustadt;AT;47.816666666667;16.25;
Q131957;Chevilly;Chevilly;FR;48.028888888889;1.8736111111111;
Q132067;Chaux-des-Crotenay;Chaux-des-Crotenay;FR;46.6575;5.9672222222222;
Q1321472;Puybrun;Puybrun;FR;44.918611111111;1.7869444444444;
Q1322462;St Germans;St Germans;GB;50.396;-4.31;
Q132247;Zarzalejo;Zarzalejo;ES;40.548277777778;-4.1826388888889;
Q13225053;Espinho;Espinho;PT;41.01;-8.64;
Q1322789;Saint-Vincent;Saint-Vincent;FR;45.144166666667;3.9094444444444;
Q1323062;Sainte-Eugénie-de-Villeneuve;Sainte-Eugénie-de-Villeneuve;FR;45.139166666667;3.6233333333333;
Q1323192;Saléchan;Saléchan;FR;42.955833333333;0.63111111111111;
Q1323215;Saint-Pé-de-Bigorre;Saint-Pé-de-Bigorre;FR;43.101944444444;-0.15916666666667;
Q132404;Bourges;Bourges;FR;47.07944444444445;2.3958333333333335;
Q1325099;Loures-Barousse;Loures-Barousse;FR;43.024444444444;0.60527777777778;
Q1325599;Gudmont-Villiers;Gudmont-Villiers;FR;48.343888888889;5.1372222222222;
Q132671;Pau;Pau;FR;43.300833333333;-0.37;
Q1326736;Gignac;Gignac;FR;45.005277777778;1.4577777777778;
Q1327605;Biars-sur-Cère;Biars-sur-Cère;FR;44.928055555556;1.8472222222222;
Q1327770;Todmorden;Todmorden;GB;53.713;-2.096;
Q132790;Biarritz;Biarritz;FR;43.480555555556;-1.5572222222222;
Q132801;Albi;Albi;FR;43.928055555556;2.1458333333333;
Q1329186;Rouvroy-sur-Marne;Rouvroy-sur-Marne;FR;48.3575;5.1469444444444;
Q1329250;Rachecourt-sur-Marne;Rachecourt-sur-Marne;FR;48.525833333333;5.1011111111111;
Q1329383;Viéville;Viéville;FR;48.238888888889;5.1341666666667;
Q1329471;Vouécourt;Vouécourt;FR;48.267222222222;5.1363888888889;
Q1329526;Rupt;Rupt;FR;48.423888888889;5.1402777777778;
Q13298;Graz;Graz;AT;47.07083333333333;15.438611111111111;
Q133069;Bourg-en-Bresse;Bourg-en-Bresse;FR;46.204722222222;5.2280555555556;
Q1330796;Alegría/Dulantzi;Alegría/Dulantzi;ES;42.844166666667;-2.5119444444444;
Q1331651;Froncles;Froncles;FR;48.299166666667;5.1461111111111;
Q13318;Imperia;Imperia;IT;43.886466666667;8.0296527777778;
Q1331982;Rantigny;Rantigny;FR;49.329722222222;2.4413888888889;
Q13320;Savone;Savona;IT;44.308055555555555;8.481111111111112;
Q1332754;Bétaille;Bétaille;FR;44.943888888889;1.7338888888889;
Q13329;Plaisance;Piacenza;IT;45.05;9.7;
Q1333482;Vernassal;Vernassal;FR;45.149166666667;3.7027777777778;
Q1335015;Wacquemoulin;Wacquemoulin;FR;49.502777777778;2.6166666666667;
Q1335027;Villers-Saint-Sépulcre;Villers-Saint-Sépulcre;FR;49.365555555556;2.2158333333333;
Q1335163;Rochy-Condé;Rochy-Condé;FR;49.400555555556;2.1838888888889;
Q13360;Reggio d'Émilie;Reggio Emilia;IT;44.7;10.633333333333;
Q13362;Ferrare;Ferrara;IT;44.839166666666664;11.6175;
Q1336373;Montreuil-sur-Thérain;Montreuil-sur-Thérain;FR;49.380555555556;2.1933333333333;
Q13364;Ravenne;Ravenna;IT;44.416111111111114;12.201666666666666;
Q13367;Forlì;Forlì;IT;44.22277777777778;12.04138888888889;
Q1336775;Pont-Sainte-Maxence;Pont-Sainte-Maxence;FR;49.301111111111;2.6036111111111;
Q13369;Rimini;Rimini;IT;44.059444444444;12.568333333333;
Q1336931;Tricot;Tricot;FR;49.561111111111;2.5888888888889;
Q13370;Massa;Massa;IT;44.033333333333;10.133333333333;
Q13372;Carrare;Carrara;IT;44.083333333333;10.1;
Q13373;Lucques;Lucca;IT;43.85;10.516666666667;
Q1337308;Laigneville;Laigneville;FR;49.296111111111;2.4455555555556;
Q13375;Pise;Pisa;IT;43.716666666667;10.4;
Q1337566;Jaux;Jaux;FR;49.389444444444;2.7761111111111;
Q13376;Pistoia;Pistoia;IT;43.933333333333;10.916666666667;
Q13377;Prato;Prato;IT;43.880813888889;11.096561111111;
Q1337703;Matlock;Matlock;GB;53.14;-1.55;
Q1337769;Pimprez;Pimprez;FR;49.514444444444;2.9519444444444;
Q13378;Arezzo;Arezzo;IT;43.463055555556;11.878055555556;
Q133824;Issoire;Issoire;FR;45.544166666667;3.2488888888889;
Q13386;Lecce;Lecce;IT;40.352011111111;18.169138888889;
Q1338650;Longueil-Annel;Longueil-Annel;FR;49.467777777778;2.8636111111111;
Q1338762;Margny-lès-Compiègne;Margny-lès-Compiègne;FR;49.426111111111;2.8208333333333;
Q1339256;Vraincourt;Vraincourt;FR;48.241388888889;5.1247222222222;
Q1339412;Bury;Bury;FR;49.313888888889;2.3433333333333;
Q1339421;Chevrières;Chevrières;FR;49.344722222222;2.6825;
Q1339478;Jarrie;Jarrie;FR;45.096944444444;5.7425;
Q13395;Viterbe;Viterbo;IT;42.418611111111;12.104166666667;
Q13396;Rieti;Rieti;IT;42.40443;12.856702;
Q1340820;Mercus-Garrabet;Mercus-Garrabet;FR;42.879722222222;1.6302777777778;
Q1340927;Cierp-Gaud;Cierp-Gaud;FR;42.915555555556;0.63861111111111;
Q1341025;Cier-de-Luchon;Cier-de-Luchon;FR;42.858333333333;0.60111111111111;
Q134121;Namur;Namur;BE;50.466666666667;4.8666666666667;
Q13413;Frosinone;Frosinone;IT;41.633333333333;13.35;
Q13423086;Oza Cesuras;Oza Cesuras;ES;43.166667;-8.2;
Q13426;Celrà;Celrà;ES;42.024722222222;2.8788888888889;
Q13430;Flaçà;Flaçà;ES;42.050555555556;2.9555555555556;
Q13431;Fornells de la Selva;Fornells de la Selva;ES;41.936111111111;2.8130555555556;
Q13432;Juià;Juià;ES;42.017529;2.90749;
Q134328;Blaisy-Bas;Blaisy-Bas;FR;47.372777777778;4.7402777777778;
Q13433;Avellino;Avellino;IT;40.915277777778;14.789722222222;
Q134346;Angoulême;Angoulême;FR;45.649444444444;0.15944444444444;
Q13437;Bénévent;Benevento;IT;41.133333333333;14.783333333333;
Q134404;Mâlain;Mâlain;FR;47.325833333333;4.7947222222222;
Q1344773;Cazaux-Layrisse;Cazaux-Layrisse;FR;42.868333333333;0.6075;
Q1344893;Buzet-sur-Tarn;Buzet-sur-Tarn;FR;43.778888888889;1.6330555555556;
Q13450;Isernia;Isernia;IT;41.602777777777774;14.239722222222222;
Q1345116;Jouy;Jouy;FR;48.511944444444;1.55;
Q13454;Sant Jordi Desvalls;Sant Jordi Desvalls;ES;42.073055555556;2.9547222222222;
Q1345723;Esténos;Esténos;FR;42.947222222222;0.64083333333333;
Q1345742;Castelnau-d'Estrétefonds;Castelnau-d'Estrétefonds;FR;43.782222222222;1.3583333333333;
Q13464;Foggia;Foggia;IT;41.45845;15.55188;
Q134672;Exeter;Exeter;GB;50.72555555555556;-3.526944444444444;
Q134674;Bayonne;Bayonne;FR;43.4925;-1.4763888888889;
Q1346868;Gannes;Gannes;FR;49.568888888889;2.4216666666667;
Q1346879;Herchies;Herchies;FR;49.487777777778;2.0113888888889;
Q13470;Barletta;Barletta;IT;41.316666666667;16.283333333333;
Q1348756;Sainte-Gemme;Sainte-Gemme;FR;46.900555555556;-0.28777777777778;
Q134902;Stoke-on-Trent;Stoke-on-Trent;GB;53.0;-2.1833333333333;
Q13495;Trani;Trani;IT;41.266666666667;16.416666666667;
Q13496;Brindisi;Brindisi;IT;40.638333333333;17.945833333333;
Q1349685;Bussac-Forêt;Bussac-Forêt;FR;45.2125;-0.36972222222222;
Q13498;Tarente;Taranto;IT;40.471111111111114;17.243055555555557;
Q1350296;Saint-Aigulin;Saint-Aigulin;FR;45.156944444444;-0.010277777777778;
Q1350627;Thuès-Entre-Valls;Thuès-Entre-Valls;FR;42.524166666667;2.2233333333333;
Q1353991;Dissay;Dissay;FR;46.700833333333;0.43166666666667;
Q1356429;West Malling;West Malling;GB;51.2917;0.41521111111111;
Q1356522;Anché;Anché;FR;46.344166666667;0.26444444444444;
Q1358171;Gérgal;Gérgal;ES;37.118565;-2.5395634;
Q13583536;Chavey Down;Chavey Down;GB;51.4182;-0.709245;
Q1359632;Gimat;Gimat;FR;43.851944444444;0.9425;
Q13598;Vénissieux;Vénissieux;FR;45.696944444444;4.8858333333333;
Q13600;Feyzin;Feyzin;FR;45.672777777778;4.8588888888889;
Q1360137;Blanzay;Blanzay;FR;46.202222222222;0.25527777777778;
Q1361040;Saint-Denis-lès-Martel;Saint-Denis-lès-Martel;FR;44.940833333333;1.6616666666667;
Q13619;Cosenza;Cosenza;IT;39.3;16.25;
Q1362102;Saint-Prest;Saint-Prest;FR;48.492222222222;1.5311111111111;
Q13625;Vibo Valentia;Vibo Valentia;IT;38.675277777778;16.0959;
Q13629;Sassari;Sassari;IT;40.726666666667;8.5591666666667;
Q13630;Olbia;Olbia;IT;40.916666666667;9.5;
Q13634;Maçanet de la Selva;Maçanet de la Selva;ES;41.777445;2.730826;
Q13635;Riudellots de la Selva;Riudellots de la Selva;ES;41.895555555556;2.8063888888889;
Q1363949;Civrieux-d'Azergues;Civrieux-d'Azergues;FR;45.858055555556;4.7130555555556;
Q1364250;Irigny;Irigny;FR;45.673055555556;4.8225;
Q13643;Hostalric;Hostalric;ES;41.748055555556;2.6361111111111;
Q13644933;Llangennech;Llangennech;GB;51.693;-4.092;
Q1364510;Le Breuil;Le Breuil;FR;45.894166666667;4.5875;
Q1364733;Dommartin;Dommartin;FR;45.835;4.7113888888889;
Q1365059;Howden;Howden;GB;53.744111111111;-0.86341666666667;
Q13652;Oristano;Oristano;IT;39.9058188;8.591609;
Q1365239;Saint-Remy-en-l'Eau;Saint-Remy-en-l'Eau;FR;49.471666666667;2.4311111111111;
Q1365428;Saint-Omer-en-Chaussée;Saint-Omer-en-Chaussée;FR;49.531944444444;2.0022222222222;
Q1365776;Blanzy;Blanzy;FR;46.703888888889;4.3902777777778;
Q13660;Carbonia;Carbonia;IT;39.1668029;8.5219574;
Q13661;Iglesias;Iglesias;IT;39.3102613;8.5372353;
Q1366344;Saint-Christophe-Vallon;Saint-Christophe-Vallon;FR;44.470833333333;2.4119444444444;
Q13664;Trapani;Trapani;IT;38.0175;12.515;
Q1366500;Pont-Sainte-Marie;Pont-Sainte-Marie;FR;48.320555555556;4.1013888888889;
Q13666;Messine;Messina;IT;38.19361111111111;15.554166666666667;
Q13670;Syracuse;Syracuse;IT;37.069166666667;15.2875;
Q13674;Raguse;Ragusa;IT;36.925;14.730555555556;
Q13678;Agrigente;Agrigento;IT;37.3125;13.575;
Q13680;Caltanissetta;Caltanissetta;IT;37.491472222222;14.062444444444;
Q13687;Enna;Enna;IT;37.566666666667;14.266666666667;
Q1368896;Narón;Narón;ES;43.5010716;-8.1925768;
Q1369070;Cerceda;Cerceda;ES;43.188611111111;-8.4702777777778;
Q1369210;Millas;Millas;FR;42.691666666667;2.6955555555556;
Q1369252;Err;Err;FR;42.44;2.0333333333333;
Q1369638;Nyer;Nyer;FR;42.533611111111;2.2758333333333;
Q1369688;Sainte-Léocadie;Sainte-Léocadie;FR;42.436666666667;2.0033333333333;
Q1369732;Osséja;Osséja;FR;42.416111111111;1.9808333333333;
Q1371171;Portet-sur-Garonne;Portet-sur-Garonne;FR;43.521944444444;1.4061111111111;
Q137157;Garrafe de Torío;Garrafe de Torío;ES;42.73277777777778;-5.523888888888889;
Q1372146;Crain;Crain;FR;47.53;3.5538888888889;
Q1372555;Los Santos de Maimona;Los Santos de Maimona;ES;38.448888888889;-6.3838888888889;
Q1372697;Manzanares;Manzanares;ES;38.996058333333;-3.3723666666667;
Q1372714;Palma del Río;Palma del Río;ES;37.6949622;-5.2804262;
Q1373341;Saint-Julien-du-Sault;Saint-Julien-du-Sault;FR;48.031944444444;3.295;
Q1373919;Almazora;Almassora;ES;39.9435743;-0.0634783;
Q1373939;Curtis;Curtis;ES;43.13916666666667;-8.035555555555556;
Q1374013;Fondamente;Fondamente;FR;43.876111111111;3.1236111111111;
Q1374025;Fene;Fene;ES;43.466666666667;-8.1666666666667;
Q1374736;Lalín;Lalín;ES;42.6614127;-8.1109759;
Q1375842;Ortigueira;Ortigueira;ES;43.683055555556;-7.85;
Q1375877;Voutenay-sur-Cure;Voutenay-sur-Cure;FR;47.561944444444;3.7847222222222;
Q1376006;Saint-Paul-de-Jarrat;Saint-Paul-de-Jarrat;FR;42.913333333333;1.6605555555556;
Q1376582;Bazarnes;Bazarnes;FR;47.660833333333;3.6627777777778;
Q1376848;Nuits;Nuits;FR;47.731111111111;4.2133333333333;
Q137698;Grajal de Campos;Grajal de Campos;ES;42.320277777778;-5.0205555555556;
Q1377324;Le Houlme;Le Houlme;FR;49.508055555556;1.0361111111111;
Q1377718;Souilly;Souilly;FR;49.027777777778;5.2863888888889;
Q1379684;Dégagnac;Dégagnac;FR;44.665;1.3158333333333;
Q1382293;Iruña Oka;Iruña de Oca/Iruña Oka;ES;42.819166666667;-2.8127777777778;
Q138239;Santa Marina del Rey;Santa Marina del Rey;ES;42.513333333333;-5.8583333333333;
Q138245;Cebanico;Cebanico;ES;42.725277777778;-5.0252777777778;
Q1382486;Loreux;Loreux;FR;47.398888888889;1.8308333333333;
Q138268;Prado de la Guzpeña;Prado de la Guzpeña;ES;42.783611111111;-5.0263888888889;
Q1382713;Newmarket;Newmarket;GB;52.2459;0.4105;
Q1382861;Trélazé;Trélazé;FR;47.446111111111;-0.46638888888889;
Q1382948;Lamotte-Beuvron;Lamotte-Beuvron;FR;47.602222222222;2.0247222222222;
Q1383550;Tiercé;Tiercé;FR;47.615;-0.4675;
Q1384646;La Possonnière;La Possonnière;FR;47.375277777778;-0.68638888888889;
Q1384871;La Ménitré;La Ménitré;FR;47.4025;-0.26833333333333;
Q1385066;Tronville-en-Barrois;Tronville-en-Barrois;FR;48.720277777778;5.2783333333333;
Q1385134;Montigny-sur-Chiers;Montigny-sur-Chiers;FR;49.479722222222;5.6691666666667;
Q1385472;Vernaison;Vernaison;FR;45.647777777778;4.8113888888889;
Q1385704;Vayrac;Vayrac;FR;44.953055555556;1.7041666666667;
Q138648;Maubeuge;Maubeuge;FR;50.276944444444;3.9725;
Q1386588;Mesvres;Mesvres;FR;46.8625;4.2419444444444;
Q1386960;Remy;Remy;FR;49.438055555556;2.7077777777778;
Q1387091;Montijo;Montijo;ES;38.91;-6.6175;
Q1388426;Boën-sur-Lignon;Boën-sur-Lignon;FR;45.745833333333;4.0044444444444;
Q1388495;Le Chambon-Feugerolles;Le Chambon-Feugerolles;FR;45.396111111111;4.325;
Q1388779;Fleurieux-sur-l'Arbresle;Fleurieux-sur-l'Arbresle;FR;45.836388888889;4.6525;
Q1388866;Sain-Bel;Sain-Bel;FR;45.810277777778;4.5980555555556;
Q1388895;Grigny-sur-Rhône;Grigny-sur-Rhône;FR;45.608333333333;4.7897222222222;
Q1388914;Saint-Nizier-d'Azergues;Saint-Nizier-d'Azergues;FR;46.0875;4.4658333333333;
Q1388941;Marcilly-d'Azergues;Marcilly-d'Azergues;FR;45.871666666667;4.7294444444444;
Q1388948;Lissieu;Lissieu;FR;45.865;4.7422222222222;
Q1388987;Poule-les-Écharmeaux;Poule-les-Écharmeaux;FR;46.148888888889;4.4572222222222;
Q1389265;Villers-Saint-Paul;Villers-Saint-Paul;FR;49.288888888889;2.4872222222222;
Q1389537;Larbert;Larbert;GB;56.021417;-3.8306342;
Q1390519;Vindrac-Alayrac;Vindrac-Alayrac;FR;44.065277777778;1.9127777777778;
Q1390632;Communay;Communay;FR;45.604444444444;4.835;
Q1390976;Tanus;Tanus;FR;44.102222222222;2.3175;
Q1391463;Ampuero;Ampuero;ES;43.344722222222;-3.4144444444444;
Q1391501;Briviesca;Briviesca;ES;42.549057;-3.323901;
Q1391514;Nogent-sur-Vernisson;Nogent-sur-Vernisson;FR;47.846388888889;2.7422222222222;
Q13930;Almansa;Almansa;ES;38.8682065;-1.0978627;
Q13939;Terrassa;Terrassa;ES;41.561111111111;2.0080555555556;
Q1397011;Farnworth;Farnworth;GB;53.5452;-2.3999;
Q139826;Rometta;Rometta;IT;38.1725;15.413888888889;
Q1398653;Stalybridge;Stalybridge;GB;53.4834;-2.04;
Q140203;Zafra;Zafra;ES;38.4258642;-6.4162027;
Q140255;Zagarolo;Zagarolo;IT;41.833333333333;12.833333333333;
Q1408460;Fontanes;Fontanes;FR;44.311666666667;1.4977777777778;
Q1410265;Rozières-sur-Mouzon;Rozières-sur-Mouzon;FR;48.12;5.7058333333333;
Q1410495;Sainte-Gauburge-Sainte-Colombe;Sainte-Gauburge-Sainte-Colombe;FR;48.714444444444;0.43027777777778;
Q1410499;La Perche;La Perche;FR;46.644722222222;2.5736111111111;
Q1410782;Iznalloz;Iznalloz;ES;37.3925;-3.5225;
Q1411218;Étang-sur-Arroux;Étang-sur-Arroux;FR;46.866111111111;4.1894444444444;
Q1412238;Wrenbury-cum-Frith;Wrenbury-cum-Frith;GB;53.024;-2.603;
Q141235;Magaz de Cepeda;Magaz de Cepeda;ES;42.538888888889;-6.0730555555556;
Q1416583;Vieux-Manoir;Vieux-Manoir;FR;49.566944444444;1.2977777777778;
Q1419129;Le Fauga;Le Fauga;FR;43.396388888889;1.2941666666667;
Q1421532;Shipley;Shipley;GB;53.833;-1.777;
Q1421948;Saint-Hilaire-de-Riez;Saint-Hilaire-de-Riez;FR;46.721111111111;-1.9455555555556;
Q1422438;Tourville-la-Rivière;Tourville-la-Rivière;FR;49.328611111111;1.1052777777778;
Q1422816;Saint-Ay;Saint-Ay;FR;47.858055555556;1.7538888888889;
Q1423324;Crêches-sur-Saône;Crêches-sur-Saône;FR;46.246666666667;4.7863888888889;
Q1423486;Baudemont;Baudemont;FR;46.287222222222;4.2852777777778;
Q1423781;Saint-Cyr-en-Val;Saint-Cyr-en-Val;FR;47.83;1.9694444444444;
Q142410;Dreux;Dreux;FR;48.736388888889;1.3655555555556;
Q1424548;Frimley;Frimley;GB;51.3143;-0.7387;
Q1424723;Saint-Amand-Longpré;Saint-Amand-Longpré;FR;47.69;1.0163888888889;
Q1425428;Newcastle upon Tyne;Newcastle upon Tyne;GB;54.977777777778;-1.6133333333333;
Q1425635;Lamagistère;Lamagistère;FR;44.125;0.82333333333333;
Q14274;Aarau;Aarau;CH;47.3923;8.0446;
Q1428363;Lège;Lège;FR;42.876944444444;0.61083333333333;
Q1428657;Montrabé;Montrabé;FR;43.6425;1.525;
Q1428824;Escalquens;Escalquens;FR;43.517777777778;1.5608333333333;
Q1428848;Flint;Flint;GB;53.244;-3.132;
Q1429096;Saint-Jory;Saint-Jory;FR;43.742222222222;1.3697222222222;
Q1429155;Vernet;Vernet;FR;43.432777777778;1.4316666666667;
Q1429355;Viviez;Viviez;FR;44.556388888889;2.2158333333333;
Q1429779;Moustajon;Moustajon;FR;42.814444444444;0.5975;
Q14314;Saint-Jacques-de-Compostelle;Santiago de Compostela;ES;42.883333333333;-8.5333333333333;
Q1431501;Longages;Longages;FR;43.355;1.24;
Q1431509;Gragnague;Gragnague;FR;43.6825;1.5830555555556;
Q14317;Oviedo;Oviedo;ES;43.3625;-5.8502777777778;
Q14318;Vitoria-Gasteiz;Vitoria-Gasteiz;ES;42.846666666667;-2.6730555555556;
Q1432112;Dieupentale;Dieupentale;FR;43.8625;1.2694444444444;
Q14323;Mérida;Mérida;ES;38.91583333333333;-6.333333333333333;
Q14325;Logroño;Logroño;ES;42.47;-2.4455555555556;
Q1433391;Mervans;Mervans;FR;46.798055555556;5.1866666666667;
Q14336;Teruel;Teruel;ES;40.343611111111;-1.1072222222222;
Q1433843;Navilly;Navilly;FR;46.936111111111;5.145;
Q1433896;Fontaines;Fontaines;FR;46.850277777778;4.7722222222222;
Q1434448;Redcar et Cleveland;Redcar and Cleveland;GB;54.579230555556;-1.0340888888889;
Q1436018;Mignaloux-Beauvoir;Mignaloux-Beauvoir;FR;46.543333333333;0.41611111111111;
Q1436695;Villeneuve-au-Chemin;Villeneuve-au-Chemin;FR;48.089444444444;3.8502777777778;
Q1437611;Rouillé;Rouillé;FR;46.420555555556;0.039722222222222;
Q1438673;Milngavie;Milngavie;GB;55.94166667;-4.31944444;
Q1441329;Hernani;Hernani;ES;43.2661645;-1.9749167;
Q1442183;Sober;Sober;ES;42.4618099;-7.5870302;
Q1442479;San Vicente de Alcántara;San Vicente de Alcántara;ES;39.360277777778;-7.1369444444444;
Q1442511;San Sadurniño;San Sadurniño;ES;43.532721;-8.0726724;
Q1442637;Vilagarcía de Arousa;Vilagarcía de Arousa;ES;42.5950581;-8.74306467245;
Q1442661;Ordes;Ordes;ES;43.076666666667;-8.4072222222222;
Q1442682;Moeche;Moeche;ES;43.5636689;-8.0109356;
Q1442707;Carracedelo;Carracedelo;ES;42.554722222222;-6.7338888888889;
Q1443842;Bárcena de Cicero;Bárcena de Cicero;ES;43.425;-3.5211111111111;
Q1443867;Los Corrales de Buelna;Los Corrales de Buelna;ES;43.261666666667;-4.0652777777778;
Q1443915;El Astillero;El Astillero;ES;43.401666666667;-3.8194444444444;
Q1444174;San Juan del Puerto;San Juan del Puerto;ES;37.3142155;-6.8407764;
Q1444243;Rábade;Rábade;ES;43.122;-7.623;
Q1444320;Hazas de Cesto;Hazas de Cesto;ES;43.396944444444;-3.5897222222222;
Q1444999;Couzon-au-Mont-d'Or;Couzon-au-Mont-d'Or;FR;45.844444444444;4.8288888888889;
Q1445012;Lamure-sur-Azergues;Lamure-sur-Azergues;FR;46.0625;4.4919444444444;
Q1445127;Quincieux;Quincieux;FR;45.913611111111;4.7769444444444;
Q1445256;Ribera Baja-Erribera Beitia;Ribera Baja/Erribera Beitia;ES;42.7397636;-2.8912758;
Q1445283;Cazalla de la Sierra;Cazalla de la Sierra;ES;37.932017;-5.759627;
Q1445311;El Pedroso;El Pedroso;ES;37.842222222222;-5.7636111111111;
Q1445364;El Cerro de Andévalo;El Cerro de Andévalo;ES;37.7345723;-6.9375794;
Q1445541;Sauto;Sauto;FR;42.5125;2.1511111111111;
Q1446963;Clarkston;Clarkston;GB;55.781;-4.28759;
Q1447344;Carrión de los Céspedes;Carrión de los Céspedes;ES;37.368131;-6.32942;
Q1447446;Pantón;Pantón;ES;42.5088198;-7.64245524387;
Q1449;Gênes;Genoa;IT;44.407222222222224;8.93388888888889;
Q14518217;Wembworthy;Wembworthy;GB;50.8725;-3.90167;
Q1453000;Cortes de la Frontera;Cortes de la Frontera;ES;36.616944444444;-5.3427777777778;
Q1454091;Lussac-les-Châteaux;Lussac-les-Châteaux;FR;46.402777777778;0.72666666666667;
Q14547;Entlebuch;Entlebuch;CH;46.992777777778;8.0630555555556;
Q1454782;Écuisses;Écuisses;FR;46.759722222222;4.5147222222222;
Q14550;Escholzmatt-Marbach;Escholzmatt-Marbach;CH;46.916666666667;7.9333333333333;
Q14555;Hasle;Hasle;CH;46.978333333333;8.0466666666667;
Q1455570;Remoncourt;Remoncourt;FR;48.229444444444;6.0516666666667;
Q14559;Schüpfheim;Schüpfheim;CH;46.95;8.015;
Q14562;Werthenstein;Werthenstein;CH;47.056111111111;8.1016666666667;
Q14566;Ebikon;Ebikon;CH;47.083888888889;8.3430555555556;
Q14570;Horw;Horw;CH;47.016388888889;8.3111111111111;
Q14571;Kriens;Kriens;CH;47.034444444444;8.28;
Q14572;Malters;Malters;CH;47.036944444444;8.1830555555556;
Q14573;Meggen;Meggen;CH;47.046388888889;8.3744444444444;
Q14575;Root;Root;CH;47.115833333333;8.3913888888889;
Q14587;Dagmersellen;Dagmersellen;CH;47.213055555556;7.9894444444444;
Q145921;La Haie-Fouassière;La Haie-Fouassière;FR;47.155555555556;-1.3991666666667;
Q1460613;Longueville;Longueville;FR;48.514444444444;3.2469444444444;
Q14607;Menznau;Menznau;CH;47.083055555556;8.0391666666667;
Q14610;Nebikon;Nebikon;CH;47.1925;7.9780555555556;
Q1461290;Rosny-sur-Seine;Rosny-sur-Seine;FR;48.999722222222;1.6316666666667;
Q14614;Reiden;Reiden;CH;47.243055555556;7.9683333333333;
Q14623;Wauwil;Wauwil;CH;47.183055555556;8.0166666666667;
Q14625;Wikon;Wikon;CH;47.262777777778;7.9658333333333;
Q14627;Willisau;Willisau;CH;47.120555555556;7.9927777777778;
Q14628;Zell;Zell;CH;47.13573;7.92628;
Q146307;Děčín;Děčín;CZ;50.773611111111;14.196111111111;
Q1463820;Damblain;Damblain;FR;48.096388888889;5.6538888888889;
Q1464535;Rully;Rully;FR;46.875277777778;4.7402777777778;
Q14649;Avilés;Avilés;ES;43.556111111111;-5.9222222222222;
Q1464942;Frinton-on-Sea;Frinton-on-Sea;GB;51.8327;1.2452;
Q1465;Feltre;Feltre;IT;46.016666666667;11.9;
Q1465460;Marmagne;Marmagne;FR;46.8375;4.3580555555556;
Q1465484;Montchanin;Montchanin;FR;46.748055555556;4.4688888888889;
Q146659;Clapham;Clapham;GB;51.463230555556;-0.13393888888889;
Q1467149;Labège;Labège;FR;43.529166666667;1.53;
Q146732;Bexleyheath;Bexleyheath;GB;51.4589;0.1384;
Q1467684;Laizy;Laizy;FR;46.908055555556;4.2005555555556;
Q1467944;Valence;Valence;FR;44.110277777778;0.88944444444444;
Q146858;Wembley;Wembley;GB;51.556;-0.3042;
Q1469437;L'Arbresle;L'Arbresle;FR;45.835555555556;4.6169444444444;
Q1469657;Collonges-au-Mont-d'Or;Collonges-au-Mont-d'Or;FR;45.823888888889;4.8402777777778;
Q1469814;Les Ormes;Les Ormes;FR;46.972222222222;0.60611111111111;
Q1470237;Létra;Létra;FR;45.9625;4.5244444444444;
Q1470355;Légny;Légny;FR;45.908333333333;4.5836111111111;
Q1470456;La Chaussée-Saint-Victor;La Chaussée-Saint-Victor;FR;47.613888888889;1.3652777777778;
Q1470791;Knutsford;Knutsford;GB;53.3025;-2.3708333333333336;
Q1471226;Ligugé;Ligugé;FR;46.518055555556;0.32972222222222;
Q1473780;West Berkshire;West Berkshire;GB;51.4009;-1.3235;
Q1476;Le Mans;Le Mans;FR;48.004166666667;0.19694444444444;
Q1477061;Hoddesdon;Hoddesdon;GB;51.759;-0.015;
Q1477163;Grange-over-Sands;Grange-over-Sands;GB;54.19;-2.915;
Q1479;Bordeaux;Bordeaux;FR;44.837777777778;-0.57944444444444;
Q148035;Raedersheim;Raedersheim;FR;47.888333333333;7.2813888888889;
Q148038;Montreux-Vieux;Montreux-Vieux;FR;47.619722222222;7.0225;
Q148086;Oderen;Oderen;FR;47.909166666667;6.9752777777778;
Q148483;Ribeauvillé;Ribeauvillé;FR;48.195277777778;7.3183333333333;
Q148548;Rorschwihr;Rorschwihr;FR;48.217222222222;7.3627777777778;
Q148586;Rombach-le-Franc;Rombach-le-Franc;FR;48.284166666667;7.2605555555556;
Q148698;Moosch;Moosch;FR;47.86;7.05;
Q14870;Siegburg;Siegburg;DE;50.801388888889;7.2044444444444;
Q148746;Muhlbach-sur-Munster;Muhlbach-sur-Munster;FR;48.025555555556;7.0836111111111;
Q148765;Ranspach;Ranspach;FR;47.885555555556;7.0088888888889;
Q148887;Rixheim;Rixheim;FR;47.748611111111;7.4044444444444;
Q148959;Riquewihr;Riquewihr;FR;48.166388888889;7.2969444444444;
Q149080;Saint-Amarin;Saint-Amarin;FR;47.872222222222;7.0308333333333;
Q149087;Rouffach;Rouffach;FR;47.957777777778;7.2977777777778;
Q1492;Barcelone;Barcelona;ES;41.3825;2.1769444444444;
Q149419;Munster;Munster;FR;48.041388888889;7.1341666666667;
Q15056824;Ilanz/Glion;Ilanz/Glion;CH;46.775;9.206;
Q15059270;Hartwood;Hartwood;GB;55.8113;-3.8387;
Q15059724;Sauge;Sauge;CH;47.187224;7.300007;
Q15088;Tarragone;Tarragona;ES;41.1175;1.2527777777777778;
Q15090;Lérida;Lleida;ES;41.616666666667;0.63333333333333;
Q15092;Castelló de la Plana;Castellón de la Plana;ES;39.98598055555556;-0.03743888888888889;
Q15093;Ciudad Real;Ciudad Real;ES;38.983333333333;-3.9166666666667;
Q15095;Albacete;Albacete;ES;38.995555555556;-1.8558333333333;
Q15098;Cuenca;Cuenca;ES;40.071666666667;-2.135;
Q151831;Eupen;Eupen;BE;50.633333333333;6.0333333333333;
Q1518891;Stanford;Stanford;GB;52.0549;-0.30359;
Q1519726;Brogborough;Brogborough;GB;52.0365;-0.5946;
Q1520191;Lidlington;Lidlington;GB;52.040588888889;-0.55948055555556;
Q152027;Saint-Nazaire;Saint-Nazaire;FR;47.27361111111111;-2.213888888888889;
Q15224991;Hook;Hook;GB;51.36803;-0.3065;
Q1522886;Marston Moretaine;Marston Moretaine;GB;52.062730555556;-0.54781111111111;
Q1522913;Stewartby;Stewartby;GB;52.0691;-0.5139;
Q15262151;Newhaven;Newhaven;GB;55.979525;-3.19320556;
Q15270475;Queenborough-in-Sheppey;Queenborough-in-Sheppey;GB;51.41;0.74;
Q152743;Welkenraedt;Welkenraedt;BE;50.6606;5.9714;
Q1527491;Swaffham;Swaffham;GB;52.652894444444;0.68428611111111;
Q1530983;Glenfinnan;Glenfinnan;GB;56.87083333333333;-5.4463888888888885;
Q153647;St Helens;St Helens;GB;53.4541;-2.7461;
Q1537181;Tonypandy;Tonypandy;GB;51.622325;-3.4512027777778;
Q1538358;Workington;Workington;GB;54.6365;-3.5549;
Q15420;Granollers;Granollers;ES;41.608333;2.288889;
Q15421;Gualba;Gualba;ES;41.732222222222;2.5047222222222;
Q15441;Sant Celoni;Sant Celoni;ES;41.689515;2.489678;
Q1546645;Sefton;Sefton;GB;53.445;-2.998;
Q154715;Montbéliard;Montbéliard;FR;47.509722222222;6.7983333333333;
Q154728;Toul;Toul;FR;48.67611111111111;5.894444444444444;
Q1547379;Groombridge;Groombridge;GB;51.115;0.185;
Q154748;Verdun;Verdun;FR;49.159722222222;5.3827777777778;
Q1549;Amplepuis;Amplepuis;FR;45.9725;4.3302777777778;
Q15515531;Montoro;Montoro;IT;40.82416667;14.76138889;
Q15527241;Figline e Incisa Valdarno;Figline e Incisa Valdarno;IT;43.6307949;11.4629459;
Q15527609;Scarperia e San Piero;Scarperia e San Piero;IT;44.0109647;11.3313495;
Q1552975;Sabiñánigo;Sabiñánigo;ES;42.5185826;-0.3643361;
Q1553092;Épila;Épila;ES;41.5984995;-1.2796166;
Q1553513;Sax;Sax;ES;38.539444444444;-0.81611111111111;
Q15553;Vilanova i la Geltrú;Vilanova i la Geltrú;ES;41.224277;1.725905;
Q15583;Brigue-Glis;Brig-Glis;CH;46.315916666667;7.9876194444444;
Q156150;Powys;Powys;GB;52.3;-3.4166666666667;
Q15678;Cáceres;Cáceres;ES;39.473055555556;-6.3711111111111;
Q15679;Badajoz;Badajoz;ES;38.87789;-6.970609;
Q15681;Jaén;Jaén;ES;37.769722222222;-3.7888888888889;
Q15682;Cadix;Cádiz;ES;36.535;-6.2975;
Q15684;Ségovie;Segovia;ES;40.948055555556;-4.1183333333333;
Q15688;Ávila;Ávila;ES;40.654347222222;-4.6962222222222;
Q15695;Salamanque;Salamanca;ES;40.965;-5.664166666666667;
Q15696;Zamora;Zamora;ES;41.503333333333;-5.7555555555556;
Q156974;Ústí nad Labem;Ústí nad Labem;CZ;50.659166666667;14.041666666667;
Q15699;León;León;ES;42.598888888889;-5.5669444444444;
Q1570884;Halesworth;Halesworth;GB;52.342;1.506;
Q15711728;Maccagno con Pino e Veddasca;Maccagno con Pino e Veddasca;IT;46.068229;8.776016;
Q157341;King's Lynn;King's Lynn;GB;52.7543;0.3976;
Q1575653;Hanley;Hanley;GB;53.0246;-2.1729;
Q1575946;Wealden;Wealden;GB;50.999;0.212;
Q157673;Bibbona;Bibbona;IT;43.269444444444;10.594444444444;
Q157686;Campiglia Marittima;Campiglia Marittima;IT;43.066666666667;10.616666666667;
Q157713;Tulle;Tulle;FR;45.26777777777778;1.7705555555555557;
Q157729;Turckheim;Turckheim;FR;48.086388888889;7.2805555555556;
Q157745;Castagneto Carducci;Castagneto Carducci;IT;43.166666666667;10.6;
Q157762;Cecina;Cecina;IT;43.313888888889;10.525;
Q157773;Collesalvetti;Collesalvetti;IT;43.6;10.483333333333;
Q157824;Piombino;Piombino;IT;42.934824;10.52212;
Q157871;Rosignano Marittimo;Rosignano Marittimo;IT;43.4;10.466666666667;
Q157876;San Vincenzo;San Vincenzo;IT;43.1006951;10.5387914;
Q15890943;Albula/Alvra;Albula/Alvra;CH;46.665;9.572;
Q15921374;Eglwys Fach;Eglwys Fach;GB;52.545815;-3.936173;
Q15940;Calaf;Calaf;ES;41.7326746;1.5148194;
Q159457;Faro;Faro;PT;37.01611111111111;-7.9350000000000005;
Q159469;Albertville;Albertville;FR;45.675833333333;6.3925;
Q159605;Tivoli;Tivoli;IT;41.966666666667;12.8;
Q15962;Pujalt;Pujalt;ES;41.718333333333;1.4216666666667;
Q1596349;Orpesa;Oropesa;ES;40.092222222222;0.13388888888889;
Q15967;Sant Pere Sallavinera;Sant Pere Sallavinera;ES;41.738333333333;1.5755555555556;
Q1597204;Val-de-Vesle;Val-de-Vesle;FR;49.175;4.2222222222222;
Q15979;Kehl;Kehl;DE;48.571111111111;7.8088888888889;
Q1598530;Damiatte;Damiatte;FR;43.653055555556;1.9758333333333;
Q159864;La Calamine;Kelmis;BE;50.7;6.0;
Q1598976;Andoain;Andoain;ES;43.2183341;-2.019888;
Q1602418;Ribamontán al Monte;Ribamontán al Monte;ES;43.408055555556;-3.6613888888889;
Q1602429;Medio Cudeyo;Medio Cudeyo;ES;43.381388888889;-3.7316666666667;
Q160253;Capranica;Capranica;IT;42.25849;12.17278;
Q16026;Limbourg-sur-la-Lahn;Limburg an der Lahn;DE;50.38333333333333;8.066666666666666;
Q160262;Caprarola;Caprarola;IT;42.3275;12.236666666667;
Q1602947;Saint-Vallier;Saint-Vallier;FR;46.641944444444;4.3711111111111;
Q1602975;Guitiriz;Guitiriz;ES;43.181944444444;-7.8952777777778;
Q1603048;Valdeolea;Valdeolea;ES;42.877777777778;-4.1622222222222;
Q1603795;A Peroxa;A Peroxa;ES;42.438888888889;-7.7933333333333;
Q160493;Inverness;Inverness;GB;57.483888888889;-4.2258333333333;
Q1605474;Coles;Coles;ES;42.412222222222;-7.8397222222222;
Q1605484;Maside;Maside;ES;42.413055555556;-8.0241666666667;
Q1605901;Fuente del Arco;Fuente del Arco;ES;38.1525;-5.8966666666667;
Q1605919;Santovenia de la Valdoncina;Santovenia de la Valdoncina;ES;42.543055555556;-5.6216666666667;
Q1605928;La Pola de Gordón;La Pola de Gordón;ES;42.854722222222;-5.67;
Q1605945;Torre del Bierzo;Torre del Bierzo;ES;42.594444444444;-6.3247222222222;
Q1605982;Campanario;Campanario;ES;38.8637261;-5.6173532;
Q1605993;Cistierna;Cistierna;ES;42.802777777778;-5.1252777777778;
Q1606055;Caudete;Caudete;ES;38.7;-0.98305555555556;
Q1606273;Marina de Cudeyo;Marina de Cudeyo;ES;43.420555555556;-3.7541666666667;
Q160628;Sarzana;Sarzana;IT;44.113608333333;9.9599583333333;
Q160642;Salisbury;Salisbury;GB;51.074;-1.7936;
Q1606474;Illescas;Illescas;ES;40.122777777778;-3.8455555555556;
Q1606550;Bárcena de Pie de Concha;Bárcena de Pie de Concha;ES;43.126666666667;-4.0547222222222;
Q1606563;Babilafuente;Babilafuente;ES;40.977222222222;-5.4255555555556;
Q1606725;Agoncillo;Agoncillo;ES;42.446388888889;-2.2905555555556;
Q160709;Hotton;Hotton;BE;50.268333333333;5.4466666666667;
Q1607428;O Barco de Valdeorras;O Barco de Valdeorras;ES;42.416666666667;-6.9830555555556;
Q1607558;O Carballiño;O Carballiño;ES;42.429638;-8.077466;
Q1607619;A Rúa;A Rúa de Valdeorras;ES;42.393814;-7.114302;
Q1607709;Carballeda de Valdeorras;Carballeda de Valdeorras;ES;42.376111111111;-6.8775;
Q1607762;Cenlle;Cenlle;ES;42.3425;-8.0877777777778;
Q160927;Blois;Blois;FR;47.593055555556;1.3272222222222;
Q160954;Civita Castellana;Civita Castellana;IT;42.296111111111;12.41;
Q160963;Corchiano;Corchiano;IT;42.345833333333;12.356388888889;
Q160967;Fabrica di Roma;Fabrica di Roma;IT;42.334722222222;12.300277777778;
Q1609815;Longton;Longton;GB;52.9877;-2.1327;
Q1610090;Villasequilla;Villasequilla;ES;39.877222222222;-3.7294444444444;
Q1610266;Castellar de la Frontera;Castellar de la Frontera;ES;36.30679815;-5.44757136523;
Q1610331;Westham;Westham;GB;50.82;0.32;
Q1610804;East Preston;East Preston;GB;50.80979;-0.48111;
Q16113;Radolfzell am Bodensee;Radolfzell am Bodensee;DE;47.736944444444;8.9697222222222;
Q1612062;Hampton in Arden;Hampton in Arden;GB;52.4311;-1.6999194444444;
Q1612071;Hadfield;Hadfield;GB;53.46;-1.97;
Q16121;Beaune;Beaune;FR;47.024166666667;4.8388888888889;
Q1612100;North Hykeham;North Hykeham;GB;53.1819;-0.5849;
Q1612187;Narborough;Narborough;GB;52.5727;-1.2023;
Q1612248;Bickenhill;Bickenhill;GB;52.439;-1.725;
Q1612283;Brockenhurst;Brockenhurst;GB;50.82;-1.58;
Q1612793;Eaglescliffe;Eaglescliffe;GB;54.52;-1.35;
Q1612911;Exton;Exton;GB;50.984161111111;-1.1287472222222;
Q1613150;Vivonne;Vivonne;FR;46.430277777778;0.265;
Q1613382;Casatejada;Casatejada;ES;39.8855268;-5.6814046;
Q1613421;Valencia de Alcántara;Valencia de Alcántara;ES;39.4132551;-7.2435909;
Q1613587;Fregenal de la Sierra;Fregenal de la Sierra;ES;38.166666666667;-6.65;
Q16140;Meursault;Meursault;FR;46.978055555556;4.7705555555556;
Q1614035;Montbartier;Montbartier;FR;43.912777777778;1.2727777777778;
Q1614349;Coufouleux;Coufouleux;FR;43.817777777778;1.7308333333333;
Q1614556;Socuéllamos;Socuéllamos;ES;39.293333333333;-2.7941666666667;
Q1614683;La Gineta;La Gineta;ES;39.1152257;-1.9962065;
Q1614774;Valle de Mena;Valle de Mena;ES;43.1;-3.283333333333333;
Q1614800;Val de San Vicente;Val de San Vicente;ES;43.3775;-4.4836111111111;
Q161491;Reading;Reading;GB;51.454166666667;-0.97305555555556;
Q1615043;Cortegana;Cortegana;ES;37.9093023;-6.8196169;
Q1615072;Cumbres Mayores;Cumbres Mayores;ES;38.062343;-6.6465903;
Q1615406;Valderrueda;Valderrueda;ES;42.815277777778;-4.9344444444444;
Q1615462;Villarejo de Órbigo;Villarejo de Órbigo;ES;42.445;-5.9036111111111;
Q1615474;La Vecilla;La Vecilla;ES;42.84872222222222;-5.405744444444444;
Q1615953;Galapagar;Galapagar;ES;40.576388888888886;-4.001944444444445;
Q1616042;Hessle;Hessle;GB;53.7239;-0.4319;
Q1616072;San Millán-Donemiliaga;San Millán-Donemiliaga;ES;42.874722222222;-2.3761111111111;
Q1616112;Miño;Miño;ES;43.3475;-8.206389;
Q1616267;Villenouvelle;Villenouvelle;FR;43.435555555556;1.6630555555556;
Q1616392;O Porriño;O Porriño;ES;42.1618689;-8.6201899;
Q1616394;Brax;Brax;FR;43.613611111111;1.2391666666667;
Q1616409;Guran;Guran;FR;42.89;0.61611111111111;
Q1616611;Crevillent;Crevillent;ES;38.248611111111;-0.80888888888889;
Q1616622;Cervo;Cervo;ES;43.6696938;-7.4095392;
Q1616712;Great Ayton;Great Ayton;GB;54.495688888889;-1.1291888888889;
Q161685;Gallese;Gallese;IT;42.374444444444;12.399722222222;
Q161698;Graffignano;Graffignano;IT;42.573333333333;12.2025;
Q1617103;Anse;Anse;FR;45.935555555556;4.7194444444444;
Q1617219;Toussieu;Toussieu;FR;45.654444444444;4.985;
Q1617488;Sérézin-du-Rhône;Sérézin-du-Rhône;FR;45.628611111111;4.8238888888889;
Q1617494;La Tour-de-Salvagny;La Tour-de-Salvagny;FR;45.813611111111;4.7166666666667;
Q1617721;Saint-Germain-au-Mont-d'Or;Saint-Germain-au-Mont-d'Or;FR;45.881666666667;4.8019444444444;
Q1618033;Thurnscoe;Thurnscoe;GB;53.545980555556;-1.3163111111111;
Q1618166;Villarrasa;Villarrasa;ES;37.3880086;-6.6054262;
Q1618272;Vilamartín de Valdeorras;Vilamartín de Valdeorras;ES;42.415555555556;-7.0591666666667;
Q1618316;Zizurkil;Zizurkil;ES;43.2;-2.077222;
Q1618497;Vielmur-sur-Agout;Vielmur-sur-Agout;FR;43.620555555556;2.0894444444444;
Q1619456;Burela;Burela;ES;43.6604617;-7.3582092;
Q161950;Nœux-les-Mines;Nœux-les-Mines;FR;50.479722222222;2.6647222222222;
Q1620117;Labruguière;Labruguière;FR;43.539166666667;2.2633333333333;
Q162022;Malines;Mechelen;BE;51.028055555555554;4.480277777777777;
Q1622304;Villagatón;Villagatón;ES;42.634722222222;-6.1619444444444;
Q1622488;Marston Green;Marston Green;GB;52.465;-1.74;
Q1622845;Marssac-sur-Tarn;Marssac-sur-Tarn;FR;43.9175;2.0280555555556;
Q1622949;Accrington;Accrington;GB;53.75337;-2.36384;
Q1623000;Piélagos;Piélagos;ES;43.357777777778;-3.9580555555556;
Q1623013;Reocín;Reocín;ES;43.3598835;-4.0876115;
Q1623158;Arija;Arija;ES;42.994166666667;-3.9444444444444;
Q1624154;Arriate;Arriate;ES;36.7991421;-5.1407457;
Q1624284;La Ville-Dieu-du-Temple;La Ville-Dieu-du-Temple;FR;44.034722222222;1.2169444444444;
Q162569;Montauban-de-Bretagne;Montauban-de-Bretagne;FR;48.199166666667;-2.0480555555556;
Q1626044;Sittingbourne;Sittingbourne;GB;51.34;0.74;
Q1626071;Saint-Julien-de-Civry;Saint-Julien-de-Civry;FR;46.365555555556;4.2327777777778;
Q162615;Carthagène;Cartagena;ES;37.60194444444444;-0.9841666666666666;
Q1626159;Saint-Agnan;Saint-Agnan;FR;46.504722222222;3.88;
Q1626198;Saint-Symphorien-des-Bois;Saint-Symphorien-des-Bois;FR;46.333888888889;4.2836111111111;
Q1626394;Luxé;Luxé;FR;45.892777777778;0.11611111111111;
Q1626397;Varen;Varen;FR;44.158055555556;1.8941666666667;
Q1626558;Saint-Symphorien-de-Marmagne;Saint-Symphorien-de-Marmagne;FR;46.84;4.3302777777778;
Q1626789;Laguépie;Laguépie;FR;44.144444444444;1.97;
Q1626867;Cañaveral;Cañaveral;ES;39.7900292;-6.394143;
Q16269754;Péry-La Heutte;Péry-La Heutte;CH;47.194169;7.250004;
Q1627584;Pontecesures;Pontecesures;ES;42.7207856;-8.652991;
Q1627605;Crecente;Crecente;ES;42.1525;-8.2225;
Q1628271;Soutomaior;Soutomaior;ES;42.33863915;-8.57271862631;
Q1628338;Pedrera;Pedrera;ES;37.223055555556;-4.8966666666667;
Q1628394;Benacazón;Benacazón;ES;37.352599;-6.1966887;
Q1628416;Nonaspe;Nonaspe;ES;41.2090772;0.2474535;
Q1628439;Ateca;Ateca;ES;41.3308294;-1.7929078;
Q1628716;Cantalapiedra;Cantalapiedra;ES;41.125277777778;-5.1833333333333;
Q1629539;Salvaterra de Miño;Salvaterra de Miño;ES;42.083055555556;-8.4980555555556;
Q1630298;Horwich;Horwich;GB;53.592;-2.54;
Q1630340;Almargen;Almargen;ES;37.0021136;-5.0211392;
Q1630369;San Pedro del Arroyo;San Pedro del Arroyo;ES;40.8023476;-4.8708817;
Q1630933;Valdetorres;Valdetorres;ES;38.916111111111;-6.0686111111111;
Q163108;Saint-Malo;Saint-Malo;FR;48.64944444444444;-2.026111111111111;
Q1631248;Merindad de Montija;Merindad de Montija;ES;43.065556;-3.473889;
Q1631261;Daimiel;Daimiel;ES;39.072196;-3.6143611;
Q1631272;Pancorbo;Pancorbo;ES;42.635;-3.1105555555556;
Q1631975;Brazatortas;Brazatortas;ES;38.660833333333;-4.2961111111111;
Q16325;Santenay;Santenay;FR;46.912777777778;4.6975;
Q1632554;Almuradiel;Almuradiel;ES;38.51305555555555;-3.4969444444444444;
Q1632650;Narros del Castillo;Narros del Castillo;ES;40.858611111111;-5.0586111111111;
Q16333;Casale Monferrato;Casale Monferrato;IT;45.134166666667;8.4583333333333;
Q1633632;Crespos;Crespos;ES;40.8709;-4.9702;
Q16337;Novi Ligure;Novi Ligure;IT;44.759166666667;8.7855555555556;
Q1633759;Hucknall;Hucknall;GB;53.0339;-1.2013;
Q1634743;La Puebla de Arganzón;La Puebla de Arganzón;ES;42.766111111111;-2.8313888888889;
Q1634820;Barreiros;Barreiros;ES;43.534444444444;-7.2397222222222;
Q1634850;As Neves;As Neves;ES;42.088055555556;-8.415;
Q1635185;Camargo;Real Valle de Camargo;ES;43.426666666667;-3.8552777777778;
Q1635204;Alcalá de Chivert;Alcalà de Xivert;ES;40.304184;0.2250867;
Q1635228;Valderrey;Valderrey;ES;42.394722222222;-6.0186111111111;
Q1635290;Santas Martas;Santas Martas;ES;42.4325;-5.3719444444444;
Q1635372;Torreblanca;Torreblanca;ES;40.220555555555556;0.19527777777777777;
Q1635642;Teo;Teo, A Coruña;ES;42.79489625;-8.56210147115;
Q1635664;Neda;Neda;ES;43.5000016;-8.1585283;
Q1635681;Altsasu-Alsasua;Altsasu – Alsasua;ES;42.89999;-2.16516;
Q1636217;Marcilla;Marcilla;ES;42.35141885;-1.728124312;
Q1637031;Cortes;Cortes;ES;41.922777777778;-1.4219444444444;
Q1637315;Alagón;Alagón;ES;41.7711121;-1.1188807;
Q1637576;Peñaflor;Peñaflor;ES;37.707222222222;-5.3469444444444;
Q1637841;Hungerford;Hungerford;GB;51.4144;-1.5146;
Q163789;Docelles;Docelles;FR;48.145555555556;6.6177777777778;
Q163795;Valenciennes;Valenciennes;FR;50.35805555555555;3.5233333333333334;
Q1639187;Fuentes de Ebro;Fuentes de Ebro;ES;41.5113792;-0.6286648;
Q1639196;Villadoz;Villadoz;ES;41.1626146;-1.2872251;
Q1639259;Villanueva de Gállego;Villanueva de Gállego;ES;41.7682637;-0.826416;
Q1639484;Huyton;Huyton;GB;53.41;-2.843;
Q1639646;Badules;Badules;ES;41.1380273;-1.2517957;
Q1640165;Ariza;Ariza;ES;41.3104852;-2.0552546;
Q1640166;Villanueva de las Manzanas;Villanueva de las Manzanas;ES;42.470555555556;-5.4794444444444;
Q1640242;Seaford;Seaford;GB;50.77;0.1;
Q1640400;Grisén;Grisén;ES;41.7443055;-1.1641743;
Q1640915;Nava del Rey;Nava del Rey;ES;41.3304513;-5.0813732;
Q1640925;Yunquera de Henares;Yunquera de Henares;ES;40.754166666667;-3.1666666666667;
Q1640944;María de Huerva;María de Huerva;ES;41.5411825;-0.9947302;
Q1640997;Salillas de Jalón;Salillas de Jalón;ES;41.5669874;-1.3242889;
Q1641141;Samper de Calanda;Samper de Calanda;ES;41.1890842;-0.3879281;
Q1641165;Las Rozas de Valdearroyo;Las Rozas de Valdearroyo;ES;42.973888888889;-4.0269444444444;
Q1641172;Valdeprado del Río;Valdeprado del Río;ES;42.910555555556;-4.0755555555556;
Q1641360;Montearagón;Montearagón;ES;39.964166666667;-4.6341666666667;
Q1641454;Calatorao;Calatorao;ES;41.5221751;-1.3465769;
Q1641505;Voto;Voto;ES;43.355833333333;-3.4955555555556;
Q1641739;Bubierca;Bubierca;ES;41.3143237;-1.8538247;
Q164197;Coslada;Coslada;ES;40.42611111111111;-3.565;
Q1642171;Alhama de Aragón;Alhama de Aragón;ES;41.2965036;-1.8949513;
Q164339;La Roche-sur-Foron;La Roche-sur-Foron;FR;46.066944444444;6.3119444444444;
Q1643692;Malpartida de Plasencia;Malpartida de Plasencia;ES;39.9811621;-6.0437752;
Q1643782;Merindad de Sotoscueva;Merindad de Sotoscueva;ES;43.058611111111;-3.6419444444444;
Q164434;Vila Nova de Cerveira;Vila Nova de Cerveira;PT;41.933333333333;-8.7333333333333;
Q1644852;La Puebla de Híjar;La Puebla de Híjar;ES;41.2132393;-0.4456249;
Q1644863;Almadenejos;Almadenejos;ES;38.7378377;-4.7102688;
Q1645010;Barro;Barro;ES;42.525;-8.6472222222222;
Q1645553;Mengíbar;Mengíbar;ES;37.968333333333;-3.8088888888889;
Q1646180;Morata de Jalón;Morata de Jalón;ES;41.4733125;-1.4748743;
Q1646210;Meco;Meco;ES;40.55388888888889;-3.326111111111111;
Q1646215;Cercedilla;Cercedilla;ES;40.7375;-4.063055555555556;
Q1646385;Puebla de Sanabria;Puebla de Sanabria;ES;42.055277777778;-6.6336111111111;
Q1646560;Puigverd de Lleida;Puigverd de Lleida;ES;41.545555555556;0.73472222222222;
Q1647506;Tassin-la-Demi-Lune;Tassin-la-Demi-Lune;FR;45.763333333333;4.78;
Q1647888;Uharte Arakil;Uharte Arakil;ES;42.92093712;-1.96906303;
Q1647994;Ribaforada;Ribaforada;ES;41.997222222222;-1.5108333333333;
Q1648046;Etxarri Aranatz;Etxarri Aranatz;ES;42.90726;-2.06495;
Q1648779;Castejón;Castejón;ES;42.167777777778;-1.6905555555556;
Q1648851;Alfafar;Alfafar;ES;39.422222222222;-0.38972222222222;
Q1649476;Algemesí;Algemesí;ES;39.189722222222;-0.43777777777778;
Q1649596;Caldearenas;Caldearenas;ES;42.3968705;-0.4987215;
Q1649625;Lezo;Lezo;ES;43.321111111111;-1.8988888888889;
Q1650371;Encinacorba;Encinacorba;ES;41.284532;-1.275358;
Q1650377;La Zaida;La Zaida;ES;41.3223126;-0.4252249;
Q1650438;Carbajales de Alba;Carbajales de Alba;ES;41.654444444444;-5.9969444444444;
Q1650559;Plasencia de Jalón;Plasencia de Jalón;ES;41.6811352;-1.2297309;
Q1650608;Cabezón de Pisuerga;Cabezón de Pisuerga;ES;41.7339524;-4.6458137;
Q1650630;Sabiñán;Sabiñán;ES;41.4485677;-1.56092883707;
Q1650635;Monreal de Ariza;Monreal de Ariza;ES;41.2909408;-2.1051064;
Q1650679;Paracuellos de la Ribera;Paracuellos de la Ribera;ES;41.423056;-1.5628852;
Q1650702;Longares;Longares;ES;41.401944444444;-1.1677777777778;
Q1650828;Torrijo del Campo;Torrijo del Campo;ES;40.8249512;-1.3376973;
Q1650854;Cabañas de Ebro;Cabañas de Ebro;ES;41.7945931;-1.1624759;
Q165090;Chambéry;Chambéry;FR;45.566388888889;5.9208333333333;
Q1650905;Sarrión;Sarrión;ES;40.1415107;-0.8142512;
Q1651638;Cella;Cella;ES;40.45;-1.2833333333333;
Q1651689;Matapozuelos;Matapozuelos;ES;41.4140831;-4.790388;
Q1651769;Gomecello;Gomecello;ES;41.043055555556;-5.5344444444444;
Q165271;Lens;Lens;FR;50.431388888889;2.8325;
Q1653184;Riofrío de Aliste;Riofrío de Aliste;ES;41.815277777778;-6.1772222222222;
Q1653275;Caminreal;Caminreal;ES;40.8386362;-1.3207586;
Q1653493;Albentosa;Albentosa;ES;40.102222222222;-0.76861111111111;
Q1653873;Jadraque;Jadraque;ES;40.926666666667;-2.9236111111111;
Q1654677;Humanes;Humanes;ES;40.827222222222;-3.1552777777778;
Q1655185;Marske-by-the-Sea;Marske-by-the-Sea;GB;54.591;-1.019;
Q1656613;El Romeral;El Romeral;ES;39.706111111111;-3.4325;
Q1656733;Villaquirán de los Infantes;Villaquirán de los Infantes;ES;42.226944444444;-4.0083333333333;
Q1657014;Dueñas;Dueñas;ES;41.876944444444;-4.5469444444444;
Q1657059;Osorno la Mayor;Osorno la Mayor;ES;42.41;-4.3613888888889;
Q1657213;Venta de Baños;Venta de Baños;ES;41.9213806;-4.49454;
Q16572187;Lingwood;Lingwood;GB;52.621916666667;1.488;
Q165845;Stornoway;Stornoway;GB;58.209;-6.387;
Q1658755;Casas de Millán;Casas de Millán;ES;39.8175504;-6.3290452;
Q16602;Corgoloin;Corgoloin;FR;47.083888888889;4.9144444444444;
Q16618;Gilly-lès-Cîteaux;Gilly-lès-Cîteaux;FR;47.172777777778;4.9802777777778;
Q16622;Nuits-Saint-Georges;Nuits-Saint-Georges;FR;47.1375;4.9502777777778;
Q16675;Aguilar de Segarra;Aguilar de Segarra;ES;41.740833333333;1.6319444444444;
Q16697;Manrèse;Manresa;ES;41.726388888889;1.8291666666667;
Q166997;Nevers;Nevers;FR;46.9925;3.1566666666667;
Q167141;Laon;Laon;FR;49.56444444444445;3.6205555555555557;
Q167152;Soissons;Soissons;FR;49.381111111111;3.3225;
Q16727;Rajadell;Rajadell;ES;41.7291916;1.7056275;
Q16734;Sant Vicenç de Castellet;Sant Vicenç de Castellet;ES;41.66549;1.864089;
Q167600;Auxerre;Auxerre;FR;47.7975;3.5669444444444;
Q16771;Losne;Losne;FR;47.098333333333;5.2630555555556;
Q16777;Brazey-en-Plaine;Brazey-en-Plaine;FR;47.135;5.2172222222222;
Q1684337;Tipton;Tipton;GB;52.5259;-2.0751;
Q16896;Seurre;Seurre;FR;46.998611111111;5.1466666666667;
Q16934;Duino-Aurisina;Duino-Aurisina;IT;45.77037125;13.64862805;
Q170263;Chester;Chester;GB;53.2;-2.8833333333333;
Q170377;Blackpool;Blackpool;GB;53.816666666667;-3.05;
Q170478;Bournemouth;Bournemouth;GB;50.72;-1.88;
Q170497;Gloucester;Gloucester;GB;51.86527777777778;-2.245833333333333;
Q170903;Guimarães;Guimarães;PT;41.445;-8.2908333333333;
Q1711;Potsdam;Potsdam;DE;52.4009309;13.0591397;
Q171219;Dornbirn;Dornbirn;AT;47.416666666667;9.75;
Q1715;Hanovre;Hanover;DE;52.374444444444;9.7386111111111;
Q171545;Belfort;Belfort;FR;47.6375;6.8627777777778;
Q1718;Düsseldorf;Düsseldorf;DE;51.22555555555556;6.776666666666666;
Q171800;Évreux;Évreux;FR;49.023333333333;1.1525;
Q171866;Middlesbrough;Middlesbrough;GB;54.573888888889;-1.2333333333333;
Q1720;Mayence;Mainz;DE;49.99944444444444;8.27361111111111;
Q172157;Winchester;Winchester;GB;51.063333333333;-1.3086111111111;
Q1724;Sarrebruck;Saarbrücken;DE;49.233333333333;7.0;
Q172438;Peterborough;Peterborough;GB;52.5725;-0.24305555555555555;
Q17244;Acqui Terme;Acqui Terme;IT;44.676111111111;8.4686111111111;
Q17249;Alice Bel Colle;Alice Bel Colle;IT;44.726944444444;8.4516666666667;
Q17257;Arquata Scrivia;Arquata Scrivia;IT;44.6925;8.8816666666667;
Q172593;Montauban;Montauban;FR;44.017222222222;1.355;
Q1726;Munich;Munich;DE;48.1375;11.575;
Q17261;Balzola;Balzola;IT;45.184444444444;8.4044444444444;
Q17275;Bistagno;Bistagno;IT;44.661111111111;8.3713888888889;
Q17280;Borgo San Martino;Borgo San Martino;IT;45.09259;8.52373;
Q17281;Borgoratto Alessandrino;Borgoratto Alessandrino;IT;44.837222222222;8.5397222222222;
Q1729;Erfurt;Erfurt;DE;50.97805555555556;11.028888888888888;
Q1731;Dresde;Dresden;DE;51.0493286;13.7381437;
Q17310488;Belmont-Broye;Belmont-Broye;CH;46.866665;7.011674;
Q17321;Cassine;Cassine;IT;44.750833333333;8.5288888888889;
Q173219;Tournai;Tournai;BE;50.605555555555554;3.388055555555556;
Q17326749;Valbirse;Valbirse;CH;47.238887;7.270845;
Q1734413;Seaton Delaval;Seaton Delaval;GB;55.0826;-1.4778;
Q173507;Valergues;Valergues;FR;43.6675;4.0616666666667;
Q17355;Felizzano;Felizzano;IT;44.900277777778;8.4369444444444;
Q17362;Frugarolo;Frugarolo;IT;44.838055555556;8.6825;
Q17369;Giarole;Giarole;IT;45.061388888889;8.5675;
Q173695;Épinal;Épinal;FR;48.173611111111;6.4516666666667;
Q173699;Setúbal;Setúbal;PT;38.52430555555556;-8.892611111111112;
Q1737;Brégence;Bregenz;AT;47.505;9.7491666666667;
Q173705;Grasse;Grasse;FR;43.658055555556;6.9252777777778;
Q173787;Alet-les-Bains;Alet-les-Bains;FR;42.996388888889;2.2563888888889;
Q17382;Merana;Merana;IT;44.519722222222;8.2991666666667;
Q173933;Ravenglass;Ravenglass;GB;54.354;-3.411;
Q174019;Béziers;Béziers;FR;43.343333333333;3.2161111111111;
Q17402;Montechiaro d'Acqui;Montechiaro d'Acqui;IT;44.595277777778;8.3797222222222;
Q17405;Morano sul Po;Morano sul Po;IT;45.168333333333;8.3672222222222;
Q1741;Vienne;Vienna;AT;48.208333333333336;16.3725;
Q174234;Aurillac;Aurillac;FR;44.925277777778;2.4397222222222;
Q174247;Mâcon;Mâcon;FR;46.306666666667;4.8319444444444;
Q174251;Châteauroux;Châteauroux;FR;46.809722222222;1.6902777777778;
Q174257;Beauvais;Beauvais;FR;49.434166666667;2.0875;
Q174462;Coarraze;Coarraze;FR;43.17;-0.23;
Q174508;Puyoô;Puyoô;FR;43.525833333333;-0.91194444444444;
Q1748301;Earlestown;Earlestown;GB;53.45;-2.65;
Q174833;Sarria;Sarria;ES;42.777778;-7.414444;
Q174902;Siorac-en-Périgord;Siorac-en-Périgord;FR;44.821388888889;0.98694444444444;
Q174909;Le Teich;Le Teich;FR;44.633888888889;-1.0236111111111;
Q1750378;Sandy;Sandy;GB;52.131;-0.297;
Q175081;Gap;Gap;FR;44.558611111111;6.0777777777778;
Q1750915;Callosa de Segura;Callosa de Segura;ES;38.1225;-0.87972222222222;
Q1751903;Collado Mediano;Collado Mediano;ES;40.693888888888885;-4.023333333333333;
Q1751978;Yebes;Yebes;ES;40.534722222222;-3.1097222222222;
Q1752280;Quinto;Quinto;ES;41.4248112;-0.4975155;
Q1752883;Las Navas del Marqués;Las Navas del Marqués;ES;40.6038003;-4.3278957;
Q175322;Flémalle;Flémalle;BE;50.6011;5.4628;
Q1753479;Agres;Agres;ES;38.779722222222;-0.51611111111111;
Q1754096;Weybridge;Weybridge;GB;51.366666666667;-0.46666666666667;
Q175512;Ludon-Médoc;Ludon-Médoc;FR;44.982222222222;-0.60388888888889;
Q175525;Gourdon;Gourdon;FR;44.737222222222;1.3827777777778;
Q175625;Montpon-Ménestérol;Montpon-Ménestérol;FR;45.009166666667;0.15916666666667;
Q175632;Nuneaton;Nuneaton;GB;52.523;-1.4683;
Q175668;Bersac-sur-Rivalier;Bersac-sur-Rivalier;FR;46.080555555556;1.4266666666667;
Q1756703;Espeluy;Espeluy;ES;38.0322769;-3.8623596;
Q1757473;Lytham St Annes;Lytham St Annes;GB;53.7426;-2.997;
Q175770;Nexon;Nexon;FR;45.678333333333;1.1872222222222;
Q1757774;Wivenhoe;Wivenhoe;GB;51.866666666667;0.9625;
Q175945;North Lincolnshire;North Lincolnshire;GB;53.6;-0.65;
Q175956;Montalto di Castro;Montalto di Castro;IT;42.351388888889;11.607777777778;
Q1760747;Marsden;Marsden;GB;53.6011;-1.9267;
Q1761;Dublin;Dublin;IE;53.34972222222222;-6.260277777777778;
Q176142;Montefiascone;Montefiascone;IT;42.533333333333;12.033333333333;
Q176171;Oriolo Romano;Oriolo Romano;IT;42.1578;12.1378;
Q176180;Orte;Orte;IT;42.460277777778;12.386111111111;
Q1762242;Pembroke;Pembroke;GB;51.676038888889;-4.9158;
Q17629;Ovada;Ovada;IT;44.639166666667;8.6463888888889;
Q176334;Thenon;Thenon;FR;45.137222222222;1.0705555555556;
Q176341;Lézignan-Corbières;Lézignan-Corbières;FR;43.200555555556;2.7577777777778;
Q17640;Pontecurone;Pontecurone;IT;44.961111111111;8.935;
Q17642;Ponti;Ponti;IT;44.628888888889;8.3663888888889;
Q1764584;Mirabel;Mirabel;ES;39.8616602;-6.2337011;
Q17647;Prasco;Prasco;IT;44.640277777778;8.5530555555556;
Q1765460;Aberaeron;Aberaeron;GB;52.24245;-4.25939;
Q1765482;Santa Eulalia del Campo;Santa Eulalia del Campo;ES;40.568765;-1.314525;
Q1766448;Santibáñez de la Peña;Santibáñez de la Peña;ES;42.81;-4.7291666666667;
Q1766589;Pitiegua;Pitiegua;ES;41.0625;-5.4661111111111;
Q1766650;Sant Guim de Freixenet;Sant Guim de Freixenet;ES;41.655597222222;1.4193777777778;
Q1766688;Valdestillas;Valdestillas;ES;41.4768774;-4.7707764;
Q1766715;Viana de Cega;Viana de Cega;ES;41.528;-4.7504;
Q17669;Serravalle Scrivia;Serravalle Scrivia;IT;44.7225;8.8602777777778;
Q17673;Solero;Solero;IT;44.919166666667;8.5086111111111;
Q1767414;Vinaixa;Vinaixa;ES;41.430277777778;0.97611111111111;
Q17675;Spigno Monferrato;Spigno Monferrato;IT;44.544166666667;8.335;
Q17679;Strevi;Strevi;IT;44.699166666667;8.5227777777778;
Q1768261;El Pedroso de la Armuña;El Pedroso de la Armuña;ES;41.080277777778;-5.3997222222222;
Q17684;Terzo;Terzo;IT;44.671388888889;8.4227777777778;
Q1768510;Ferreruela de Huerva;Ferreruela de Huerva;ES;41.0626412;-1.2331083;
Q17686;Tortone;Tortona;IT;44.894166666667;8.8655555555556;
Q1768703;Nules;Nules;ES;39.85325;-0.155;
Q1768727;Xilxes;Xilxes;ES;39.782385;-0.1878358;
Q1768883;Las Peñas de Riglos;Las Peñas de Riglos;ES;42.348888888889;-0.72666666666667;
Q17689;Valenza;Valenza;IT;45.0140247;8.6458214;
Q1769120;Palacios de Sanabria;Palacios de Sanabria;ES;42.055;-6.5269444444444;
Q1769405;Santa María de la Alameda;Santa María de la Alameda;ES;40.598333333333336;-4.2588888888888885;
Q1769410;Quero;Quero;ES;39.508055555556;-3.2469444444444;
Q1769576;Juneda;Juneda;ES;41.549157;0.825071;
Q1769957;Benigànim;Benigànim;ES;38.943611111111;-0.44388888888889;
Q1770455;Beer Hackett;Beer Hackett;GB;50.904;-2.572;
Q1770481;Ruabon;Ruabon;GB;52.986980555556;-3.0397111111111;
Q1770483;Alcanadre;Alcanadre;ES;42.405555555556;-2.1183333333333;
Q1770495;Goodwick;Goodwick;GB;52.003;-4.992;
Q1771104;Guardo;Guardo;ES;42.7895455;-4.846288;
Q1771128;Carcaixent;Carcaixent;ES;39.12272222222222;-0.45116666666666666;
Q1771131;Catarroja;Catarroja;ES;39.4033747;-0.4028759;
Q1771153;Albuixech;Albuixec;ES;39.5449181;-0.3241614;
Q1771168;Grijota;Grijota;ES;42.0524901;-4.5822734;
Q177165;Narberth;Narberth;GB;51.7989;-4.7423;
Q17741;Agliano Terme;Agliano Terme;IT;44.791111111111;8.2513888888889;
Q1774403;Camborne;Camborne;GB;50.213;-5.3;
Q1774629;Irvine;Irvine;GB;55.619444444444;-4.6611111111111;
Q1774850;Ystrad Mynach;Ystrad Mynach;GB;51.6419;-3.2405;
Q177544;Horsham;Horsham;GB;51.062;-0.325;
Q1776891;Barruelo de Santullán;Barruelo de Santullán;ES;42.9075;-4.2833333333333;
Q1776917;Bramley;Bramley;GB;51.1934;-0.5576;
Q177695;Ronciglione;Ronciglione;IT;42.289444444444;12.214722222222;
Q1776955;West Oxfordshire;West Oxfordshire;GB;51.793333333333;-1.4791666666667;
Q17774;Castagnole delle Lanze;Castagnole delle Lanze;IT;44.752222222222;8.1513888888889;
Q1777979;Manzanal de Arriba;Manzanal de Arriba;ES;41.9914505;-6.4397691;
Q17781;Castello di Annone;Castello di Annone;IT;44.878888888889;8.3183333333333;
Q1778135;Amusco;Amusco;ES;42.175555555556;-4.4669444444444;
Q1778184;Anglesola;Anglesola;ES;41.658977;1.081367;
Q1779508;Settle;Settle;GB;54.072130555556;-2.2818888888889;
Q1780228;Halvergate;Halvergate;GB;52.606688888889;1.57865;
Q17806;Costigliole d'Asti;Costigliole d'Asti;IT;44.785;8.1819444444444;
Q1780998;Sunningdale;Sunningdale;GB;51.398;-0.626;
Q17816;Isola d'Asti;Isola d'Asti;IT;44.834166666667;8.1813888888889;
Q17821;Mombaldone;Mombaldone;IT;44.571944444444;8.3358333333333;
Q17822;Mombaruzzo;Mombaruzzo;IT;44.7725;8.4491666666667;
Q17829;Mongardino;Mongardino;IT;44.848055555556;8.215;
Q17834;Rebstein;Rebstein;CH;47.399722222222;9.5833333333333;
Q17835;Montegrosso d'Asti;Montegrosso d'Asti;IT;44.821666666667;8.2386111111111;
Q17839;Nizza Monferrato;Nizza Monferrato;IT;44.774722222222;8.355;
Q178452;Saint-Antoine-de-Breuilh;Saint-Antoine-de-Breuilh;FR;44.844166666667;0.15472222222222;
Q1786145;Port Glasgow;Port Glasgow;GB;55.94;-4.69;
Q17863;San Paolo Solbrito;San Paolo Solbrito;IT;44.951666666667;7.9716666666667;
Q17870;Tigliole;Tigliole;IT;44.887222222222;8.0777777777778;
Q1787230;Wymondham;Wymondham;GB;52.57;1.116;
Q17880;Vigliano d'Asti;Vigliano d'Asti;IT;44.835;8.2302777777778;
Q178822;Nulles;Nulles;ES;41.249369;1.295206;
Q17883;Villafranca d'Asti;Villafranca d'Asti;IT;44.912777777778;8.0327777777778;
Q17885;Villanova d'Asti;Villanova d'Asti;IT;44.942777777778;7.9383333333333;
Q179034;Waterloo;Waterloo;BE;50.716666666667;4.3833333333333;
Q1791022;Beeston;Beeston;GB;53.116666666667;-2.6833333333333;
Q179186;Le Dorat;Le Dorat;FR;46.215277777778;1.0813888888889;
Q179224;Douvres;Dover;GB;51.1275;1.3122222222222;
Q179249;Zemst;Zemst;BE;50.9828;4.4611;
Q179259;Crowborough;Crowborough;GB;51.06;0.16;
Q179285;La Meyze;La Meyze;FR;45.616944444444;1.2141666666667;
Q179351;Westminster;Westminster;GB;51.4975;-0.13722222222222;
Q1794;Francfort-sur-le-Main;Frankfurt;DE;50.11055555555556;8.682222222222222;
Q179406;Grimsby;Grimsby;GB;53.5675;-0.08;
Q1797598;Bamford;Bamford;GB;53.3485;-1.6894;
Q179787;Assat;Assat;FR;43.249166666667;-0.30027777777778;
Q179815;Durham;Durham;GB;54.783333333333;-1.5666666666667;
Q179948;Évora;Évora;PT;38.5725;-7.9072222222222;
Q179999;Tarquinia;Tarquinia;IT;42.249166666667;11.756111111111;
Q180000;Vidauban;Vidauban;FR;43.427222222222;6.4319444444444;
Q180057;Lincoln;Lincoln;GB;53.25;-0.55;
Q180067;Le Quesnoy;Le Quesnoy;FR;50.248888888889;3.6375;
Q180083;Menton;Menton;FR;43.774722222222;7.4997222222222;
Q18021;Bielle;Biella;IT;45.566388888889;8.0533333333333;
Q180220;Buzy;Buzy;FR;43.133611111111;-0.45888888888889;
Q180271;Vetralla;Vetralla;IT;42.310555555556;12.079166666667;
Q18040;Candelo;Candelo;IT;45.547777777778;8.1069444444444;
Q180500;Cornil;Cornil;FR;45.210555555556;1.6916666666667;
Q18055;Cossato;Cossato;IT;45.5603813;8.1851531;
Q1807530;Hatton;Hatton;GB;52.867;-1.68;
Q180803;Truro;Truro;GB;50.26;-5.051;
Q18101;Ussel;Ussel;FR;45.548055555556;2.3091666666667;
Q18104;Villars-les-Dombes;Villars-les-Dombes;FR;46.0025;5.0297222222222;
Q18105;Bernay;Bernay;FR;49.088611111111;0.59833333333333;
Q1810766;Leatherhead;Leatherhead;GB;51.2951;-0.3289;
Q1811605;Rother;Rother;GB;50.95;0.5333333333333333;
Q181269;Alençon;Alençon;FR;48.429722222222;0.091944444444444;
Q1812807;Westgate-on-Sea;Westgate-on-Sea;GB;51.381388888888885;1.3380555555555556;
Q181285;Cambrai;Cambrai;FR;50.175833333333;3.2347222222222;
Q181314;Wavre;Wavre;BE;50.716666666667;4.6;
Q181356;La Ferté-Saint-Aubin;La Ferté-Saint-Aubin;FR;47.717222222222;1.9413888888889;
Q181359;Talavera de la Reina;Talavera de la Reina;ES;39.966666666667;-4.8333333333333;
Q181389;Jestetten;Jestetten;DE;47.652222222222;8.5708333333333;
Q1813948;Prestatyn;Prestatyn;GB;53.331;-3.405;
Q1814569;Risca;Risca;GB;51.608;-3.091;
Q18159;Salussola;Salussola;IT;45.45;8.1166666666667;
Q18161573;New Forest;New Forest;GB;54.443;-1.902;
Q1816620;Rugeley;Rugeley;GB;52.7599;-1.9388;
Q181704;Saint-Lô;Saint-Lô;FR;49.114444444444;-1.0916666666667;
Q181725;Auch;Auch;FR;43.645277777778;0.58861111111111;
Q1817504;Great Missenden;Great Missenden;GB;51.704;-0.708;
Q1818828;Rothesay;Rothesay;GB;55.83638888888889;-5.055;
Q181886;Châteaudun;Châteaudun;FR;48.070833333333;1.3377777777778;
Q1818988;Walton-on-the-Naze;Walton-on-the-Naze;GB;51.848;1.268;
Q181955;Aix-les-Bains;Aix-les-Bains;FR;45.688611111111;5.915;
Q18215109;Les Auxons;Les Auxons;FR;47.301388888889;5.9730555555556;
Q182287;Crépy-en-Valois;Crépy-en-Valois;FR;49.234444444444;2.8875;
Q182481;Tourcoing;Tourcoing;FR;50.7225;3.1602777777778;
Q182744;Saint-Quentin;Saint-Quentin;FR;49.847777777778;3.2855555555556;
Q1828371;Lakenheath;Lakenheath;GB;52.4136;0.5226;
Q182923;Stirling;Stirling;GB;56.1166;-3.9369;
Q1830491;Whiston;Whiston;GB;53.413;-2.798;
Q183104;Feldkirch;Feldkirch;AT;47.238055555556;9.5983333333333;
Q1832944;Cuadrilla de Ayala-Aiarako eskualdea;Cuadrilla de Ayala / Aiarako eskualdea;ES;43.082832;-3.04105;
Q183296;Brighouse;Brighouse;GB;53.707;-1.794;
Q1833112;Crowthorne;Crowthorne;GB;51.37;-0.792;
Q18341;Alba;Alba;IT;44.691542;8.025636;
Q183557;Dieppe;Dieppe;FR;49.925;1.075;
Q1836076;Elsenham;Elsenham;GB;51.9204;0.226;
Q18372;Borgo San Dalmazzo;Borgo San Dalmazzo;IT;44.333333333333;7.4833333333333;
Q18382;Bra;Bra;IT;44.7;7.85;
Q183910;Bayeux;Bayeux;FR;49.278611111111;-0.70388888888889;
Q184023;Tarbes;Tarbes;FR;43.232777777778;0.074444444444444;
Q184047;Aubagne;Aubagne;FR;43.290833333333;5.5708333333333;
Q184090;Preston;Preston;GB;53.759444444444;-2.6980555555556;
Q184154;Laval;Laval;FR;48.072777777778;-0.77;
Q184159;Niort;Niort;FR;46.325;-0.46222222222222;
Q184163;Colchester;Colchester;GB;51.888611;0.903611;
Q1842;Luxembourg;Luxembourg;LU;49.61138888888889;6.13;
Q184287;Zedelghem;Zedelgem;BE;51.1431;3.1361;
Q184359;Le Puy-en-Velay;Le Puy-en-Velay;FR;45.043333333333;3.885;
Q184371;Sedan;Sedan;FR;49.701944444444;4.9402777777778;
Q184392;Foix;Foix;FR;42.965277777778;1.6069444444444;
Q184579;Bolton;Bolton;GB;53.57833333333333;-2.43;
Q184775;Ipswich;Ipswich;GB;52.059444444444;1.1555555555556;
Q184883;Moulins;Moulins;FR;46.564722222222;3.3325;
Q185066;Cholet;Cholet;FR;47.058888888889;-0.87972222222222;
Q1851095;Redhill;Redhill;GB;51.2393;-0.1726;
Q1853349;Melton;Melton;GB;52.8;-0.8;
Q185352;Luçon;Luçon;FR;46.454722222222;-1.1658333333333;
Q1854684;Gerrards Cross;Gerrards Cross;GB;51.5882;-0.553;
Q185541;Bressanone;Brixen;IT;46.716549;11.657851;
Q1856936;Southminster;Southminster;GB;51.6598;0.831;
Q1857198;Aspatria;Aspatria;GB;54.7633;-3.3281;
Q185721;Bar-le-Duc;Bar-le-Duc;FR;48.771666666667;5.1672222222222;
Q1857382;Barnsley;Barnsley;GB;53.55;-1.4666666666667;
Q1857563;Oldbury;Oldbury;GB;52.505;-2.0159;
Q1857774;Nelson;Nelson;GB;53.8346;-2.218;
Q1858117;Briton Ferry;Briton Ferry;GB;51.64;-3.83;
Q1858244;Water Orton;Water Orton;GB;52.517;-1.736;
Q1858460;Bardon Mill;Bardon Mill;GB;54.975;-2.337;
Q1861278;Witham;Witham;GB;51.7978;0.6373;
Q18632;Poynton;Poynton;GB;53.34916666666667;-2.1222222222222222;
Q186324;Le Verdon-sur-Mer;Le Verdon-sur-Mer;FR;45.546388888889;-1.0616666666667;
Q18636;Hazel Grove;Hazel Grove;GB;53.3754;-2.1119;
Q1863826;Etchingham;Etchingham;GB;51.0;0.43;
Q1865037;Winsley;Winsley;GB;51.348;-2.286;
Q18655;Stockport;Stockport;GB;53.408333333333;-2.1494444444444;
Q1865570;Teynham;Teynham;GB;51.33;0.8;
Q1867311;Lochawe;Lochawe;GB;56.39833333;-5.04916667;
Q186880;Saint-Nabord;Saint-Nabord;FR;48.049444444444;6.5797222222222;
Q1869035;Haddiscoe;Haddiscoe;GB;52.515138888889;1.6006194444444;
Q1869251;Hassocks;Hassocks;GB;50.923302777778;-0.15086388888889;
Q187030;Saint-Aunès;Saint-Aunès;FR;43.64;3.9652777777778;
Q187714;Zellenberg;Zellenberg;FR;48.170833333333;7.3197222222222;
Q187796;Orange;Orange;FR;44.1375;4.8088888888889;
Q1878048;Campsea Ashe;Campsea Ashe;GB;52.153;1.406;
Q1878732;Rotherham;Rotherham;GB;53.430833333333;-1.3547222222222;
Q187892;Bridge of Allan;Bridge of Allan;GB;56.1549;-3.94152;
Q187911;Bergerac;Bergerac;FR;44.853611111111114;0.4875;
Q18801;Tarvisio;Tarvisio;IT;46.505262;13.578373;
Q188033;Mont-de-Marsan;Mont-de-Marsan;FR;43.890277777778;-0.50055555555556;
Q188050;Marco de Canaveses;Marco de Canaveses;PT;41.183333333333;-8.15;
Q1882468;Ruskington;Ruskington;GB;53.0444;-0.3875;
Q188281;Helmsdale;Helmsdale;GB;58.12;-3.66;
Q188304;Sunderland;Sunderland;GB;54.904444444444444;-1.3811111111111112;
Q188313;Blackburn;Blackburn;GB;53.7449;-2.4769;
Q1883614;Maenan;Maenan;GB;53.182;-3.805;
Q188490;Capalbio;Capalbio;IT;42.454166666667;11.4225;
Q188511;Guéret;Guéret;FR;46.170555555556;1.8683333333333;
Q188516;Couiza;Couiza;FR;42.942777777778;2.2561111111111;
Q188573;Civitella Paganico;Civitella Paganico;IT;42.995;11.281666666667;
Q188587;Follonica;Follonica;IT;42.918888888889;10.761388888889;
Q188595;Bedous;Bedous;FR;43.0;-0.60027777777778;
Q188598;Gavorrano;Gavorrano;IT;42.925;10.908333333333;
Q188600;Bidos;Bidos;FR;43.178333333333;-0.60583333333333;
Q188743;Lisieux;Lisieux;FR;49.145555555556;0.22555555555556;
Q188776;Castres;Castres;FR;43.605833333333;2.24;
Q188780;Rodez;Rodez;FR;44.35;2.5741666666667;
Q1887949;Lifton;Lifton;GB;50.6431;-4.2821;
Q188878;Dax;Dax;FR;43.706944444444;-1.0513888888889;
Q1891;Bologne;Bologna;IT;44.493888888889;11.342777777778;
Q189166;Amadora;Amadora;PT;38.75;-9.2333333333333;
Q1891939;Sleaford;Sleaford;GB;52.996;-0.413;
Q189236;Velletri;Velletri;IT;41.666666666667;12.783333333333;
Q189288;Stratford-upon-Avon;Stratford-upon-Avon;GB;52.19277777777778;-1.7063888888888887;
Q1893645;Lazonby;Lazonby;GB;54.750111111111;-2.7033305555556;
Q189692;Genk;Genk;BE;50.966249172476715;5.502096313591978;
Q1897;Cagliari;Cagliari;IT;39.216666666667;9.1166666666667;
Q189749;Ayerbe;Ayerbe;ES;42.276666666667;-0.68916666666667;
Q1900688;La Llosa;La Llosa;ES;39.768333333333;-0.205;
Q190118;La Roche-sur-Yon;La Roche-sur-Yon;FR;46.669722222222;-1.4277777777778;
Q190144;La Cabanasse;La Cabanasse;FR;42.501111111111;2.115;
Q190187;Sintra;Sintra;PT;38.797361111111;-9.3904166666667;
Q1902343;Bell-lloc d'Urgell;Bell-lloc d'Urgell;ES;41.632777777778;0.78138888888889;
Q1903;Catane;Catania;IT;37.502669444444;15.087269444444;
Q190407;Estavar;Estavar;FR;42.470555555556;1.9972222222222;
Q1904286;Rasines;Rasines;ES;43.308055555556;-3.4247222222222;
Q1905253;San Morales;San Morales;ES;40.993055555556;-5.5027777777778;
Q1906;Caserte;Caserta;IT;41.066667;14.333333;
Q1906940;Becerril de Campos;Becerril de Campos;ES;42.108333333333;-4.6416666666667;
Q1907342;Pomar de Valdivia;Pomar de Valdivia;ES;42.773888888889;-4.1694444444444;
Q1907379;Pozáldez;Pozaldez;ES;41.3721132;-4.8446431;
Q190775;Peyrilhac;Peyrilhac;FR;45.949722222222;1.1358333333333;
Q190827;Autun;Autun;FR;46.951111111111;4.2986111111111;
Q1908426;Bearsden;Bearsden;GB;55.919238;-4.333202;
Q190963;Frascati;Frascati;IT;41.816666666667;12.683333333333;
Q191008;Saint-Féliu-d'Avall;Saint-Féliu-d'Avall;FR;42.681388888889;2.7386111111111;
Q191115;Albano Laziale;Albano Laziale;IT;41.733333333333;12.666666666667;
Q191119;Rambouillet;Rambouillet;FR;48.643611111111;1.83;
Q191126;Saintes;Saintes;FR;45.745277777778;-0.63444444444444;
Q191135;Vila Nova de Gaia;Vila Nova de Gaia;PT;41.133333333333;-8.6166666666667;
Q191141;Sète;Sète;FR;43.404444444444;3.6966666666667;
Q1911414;Virginia Water;Virginia Water;GB;51.402222222222;-0.58888888888889;
Q1912688;Villafranca;Villafranca;ES;42.27386491;-1.725587482;
Q191294;La Douze;La Douze;FR;45.061388888889;0.86361111111111;
Q1913013;Luxulyan;Luxulyan;GB;50.39;-4.744;
Q191396;Agde;Agde;FR;43.31;3.4752777777778;
Q191460;Arcachon;Arcachon;FR;44.658611111111;-1.1688888888889;
Q191520;La Coquille;La Coquille;FR;45.542222222222;0.97638888888889;
Q1917433;Almenara;Almenara;ES;39.753333333333;-0.22555555555556;
Q191754;Hendaye;Hendaye;FR;43.358611111111;-1.7744444444444;
Q191759;Vintimille;Ventimiglia;IT;43.790277777778;7.6083333333333;
Q191770;Villada;Villada;ES;42.248888888889;-4.9677777777778;
Q191772;Mende;Mende;FR;44.518333333333;3.5005555555556;
Q1917834;Albaida;Albaida;ES;38.836944444444;-0.51555555555556;
Q191784;Meymac;Meymac;FR;45.535833333333;2.1469444444444;
Q191800;Négrondes;Négrondes;FR;45.344444444444;0.86416666666667;
Q191846;Saint-Aulaire;Saint-Aulaire;FR;45.237777777778;1.3852777777778;
Q1918470;Salinas de Pisuerga;Salinas de Pisuerga;ES;42.848611111111;-4.3780555555556;
Q191856;Oyonnax;Oyonnax;FR;46.255555555556;5.655;
Q1918806;Piña de Campos;Piña de Campos;ES;42.213611111111;-4.4369444444444;
Q1919317;Benifaió;Benifaió;ES;39.2854089;-0.426264;
Q1919373;Monzón de Campos;Monzón de Campos;ES;42.116666666667;-4.4944444444444;
Q1919402;Quintana del Puente;Quintana del Puente;ES;42.083611111111;-4.2063888888889;
Q1919693;Otero de Herreros;Otero de Herreros;ES;40.819722222222;-4.2091666666667;
Q1920017;Morés;Morés;ES;41.4733364;-1.5652749;
Q192166;Ambérieu-en-Bugey;Ambérieu-en-Bugey;FR;45.958055555556;5.3577777777778;
Q1922162;Ferreruela;Ferreruela;ES;41.765833333333;-6.0719444444444;
Q192240;Northampton;Northampton;GB;52.233333333333;-0.9;
Q1922891;Cubillas de Santa Marta;Cubillas de Santa Marta;ES;41.831666666667;-4.5991666666667;
Q192323;Pomas;Pomas;FR;43.111666666666665;2.292222222222222;
Q192363;Balsièges;Balsièges;FR;44.480555555556;3.4577777777778;
Q1923896;Espinosa de Villagonzalo;Espinosa de Villagonzalo;ES;42.483055555556;-4.3666666666667;
Q1923902;Cisneros;Cisneros;ES;42.220277777778;-4.8569444444444;
Q1924190;Crossways;Crossways;GB;50.695;-2.328;
Q192438;Bègles;Bègles;FR;44.807777777778;-0.54888888888889;
Q192461;Le Bouscat;Le Bouscat;FR;44.864722222222;-0.59861111111111;
Q192481;Talence;Talence;FR;44.808598;-0.588308;
Q192548;Saint-Émilion;Saint-Émilion;FR;44.894333333333336;-0.15572222222222223;
Q192574;Hyères;Hyères;FR;43.118888888889;6.1286111111111;
Q1925846;Doncaster;Doncaster;GB;53.5225;-1.1286111111111;
Q1926477;Steeple Morden;Steeple Morden;GB;52.066;-0.125;
Q1926981;Rochford;Rochford;GB;51.5821;0.7065;
Q19272;Cava de' Tirreni;Cava de' Tirreni;IT;40.700833333333;14.705555555556;
Q192744;Limoux;Limoux;FR;43.056944444444;2.2186111111111;
Q19275;San Severo;San Severo;IT;41.695111111111;15.379277777778;
Q19277;Cerignola;Cerignola;IT;41.266666666667;15.9;
Q19279;Aversa;Aversa;IT;40.9730341;14.2064748;
Q192896;Carlisle;Carlisle;GB;54.89472222222222;-2.9363888888888887;
Q1929204;Castrejón de la Peña;Castrejón de la Peña;ES;42.808333333333;-4.6030555555556;
Q19300;Molfetta;Molfetta;IT;41.2;16.6;
Q193046;Saint-Usage;Saint-Usage;FR;47.109166666667;5.2616666666667;
Q19306;Altamura;Altamura;IT;40.816666666667;16.55;
Q193060;Privas;Privas;FR;44.735;4.5991666666667;
Q193133;Ahun;Ahun;FR;46.086388888889;2.045;
Q193183;Alès;Alès;FR;44.127222222222;4.0808333333333;
Q19319;Acireale;Acireale;IT;37.6125;15.165555555556;
Q193256;Montluçon;Montluçon;FR;46.34;2.6025;
Q19326;Fiumicino;Fiumicino;IT;41.766666666667;12.233333333333;
Q193298;Saillat-sur-Vienne;Saillat-sur-Vienne;FR;45.871944444444;0.81583333333333;
Q193339;Barisey-la-Côte;Barisey-la-Côte;FR;48.543333333333;5.8425;
Q193349;La Souterraine;La Souterraine;FR;46.238055555556;1.4855555555556;
Q193467;Languenan;Languenan;FR;48.510555555556;-2.1272222222222;
Q193533;Ambronay;Ambronay;FR;46.005555555556;5.3605555555556;
Q193671;Saint-Germain-sur-Ille;Saint-Germain-sur-Ille;FR;48.248888888889;-1.6591666666667;
Q193708;Pierrefitte-sur-Aire;Pierrefitte-sur-Aire;FR;48.899166666667;5.3297222222222;
Q193808;Guingamp;Guingamp;FR;48.5625;-3.1511111111111;
Q193809;Aigues-Mortes;Aigues-Mortes;FR;43.566666666667;4.1925;
Q193821;Saumur;Saumur;FR;47.259166666667;-0.078055555555556;
Q193826;Douai;Douai;FR;50.370833333333;3.0791666666667;
Q193832;Cagnes-sur-Mer;Cagnes-sur-Mer;FR;43.663611111111;7.1483333333333;
Q193861;Castelnaudary;Castelnaudary;FR;43.318055555556;1.9538888888889;
Q193865;Réhon;Réhon;FR;49.501666666667;5.755;
Q193880;Chaumont;Chaumont;FR;48.110833333333;5.1386111111111;
Q1939072;Lake;Lake;GB;50.649938888889;-1.1678138888889;
Q193925;Armentières;Armentières;FR;50.687222222222;2.8802777777778;
Q194005;Augusta;Augusta;IT;37.230277777778;15.219444444444;
Q194037;Seraing;Seraing;BE;50.5986;5.5122;
Q194081;Sestri Levante;Sestri Levante;IT;44.273333333333;9.3932388888889;
Q194138;Chinon;Chinon;FR;47.166944444444;0.24277777777778;
Q194145;Château-Thierry;Château-Thierry;FR;49.046388888889;3.4030555555556;
Q1941870;Stainforth;Stainforth;GB;54.101969444444;-2.2746194444444;
Q194288;Marcheprime;Marcheprime;FR;44.692222222222;-0.855;
Q194315;Podensac;Podensac;FR;44.651111111111;-0.35527777777778;
Q1943257;Huby;Huby;GB;54.082;-1.135;
Q194366;Lommel;Lommel;BE;51.233333333333;5.3166666666667;
Q194569;Turenne;Turenne;FR;45.054166666667;1.5825;
Q1947185;Mòrar;Mòrar;GB;56.9695;-5.82157;
Q1948905;Ortigosa del Monte;Ortigosa del Monte;ES;40.843055555556;-4.1763888888889;
Q194920;Preignac;Preignac;FR;44.585;-0.29527777777778;
Q194932;Saint-Mihiel;Saint-Mihiel;FR;48.889444444444;5.54;
Q1950182;Elmswell;Elmswell;GB;52.237238888889;0.91131944444444;
Q195098;Frouard;Frouard;FR;48.760555555556;6.1288888888889;
Q195102;Moulis-en-Médoc;Moulis-en-Médoc;FR;45.059444444444;-0.77027777777778;
Q1951431;Maghull;Maghull;GB;53.5174;-2.9449;
Q1953000;Menheniot;Menheniot;GB;50.44;-4.412;
Q1957196;Aslockton;Aslockton;GB;52.952777777777776;-0.8969444444444445;
Q195938;Le Bousquet-d'Orb;Le Bousquet-d'Orb;FR;43.692777777778;3.1663888888889;
Q1961;Lozanne;Lozanne;FR;45.857222222222;4.6808333333333;
Q196340;Avricourt;Avricourt;FR;48.644722222222;6.8058333333333;
Q1963910;Polegate;Polegate;GB;50.8216;0.2442;
Q196505;Plerguer;Plerguer;FR;48.526666666667;-1.8472222222222;
Q1967;Chamelet;Chamelet;FR;45.983611111111;4.5097222222222;
Q1967984;Banavie;Banavie;GB;56.846;-5.098;
Q1968915;Cuffley;Cuffley;GB;51.7109;-0.1134;
Q1969;Ternand;Ternand;FR;45.944722222222;4.5347222222222;
Q196980;Halsou;Halsou;FR;43.374444444444;-1.4225;
Q197014;Cambo-les-Bains;Cambo-les-Bains;FR;43.357777777778;-1.4016666666667;
Q1972020;Purfleet;Purfleet-on-Thames;GB;51.48;0.25;
Q1972764;Welwyn;Welwyn;GB;51.831;-0.215;
Q1975;Grandris;Grandris;FR;46.037777777778;4.4752777777778;
Q1975526;Attleborough;Attleborough;GB;52.518261111111;1.0191611111111;
Q1976;Givors;Givors;FR;45.590555555556;4.7688888888889;
Q1976179;Dukinfield;Dukinfield;GB;53.4739;-2.0828;
Q1976655;Prescot;Prescot;GB;53.422;-2.814;
Q19773;Borehamwood;Borehamwood;GB;51.6578;-0.2723;
Q19775;Potters Bar;Potters Bar;GB;51.698;-0.183;
Q19777;Abbots Langley;Abbots Langley;GB;51.701;-0.416;
Q19785;Harpenden;Harpenden;GB;51.8175;-0.3524;
Q19788;Hatfield;Hatfield;GB;51.76361111111111;-0.22583333333333336;
Q19789;Welwyn Garden City;Welwyn Garden City;GB;51.8062;-0.1932;
Q19790;Cheshunt;Cheshunt;GB;51.702;-0.035;
Q19791;Broxbourne;Broxbourne;GB;51.7495;-0.0216;
Q19792;Ware;Ware;GB;51.817;-0.0292;
Q19795;Stevenage;Stevenage;GB;51.901666666666664;-0.20194444444444445;
Q19797;Bishop’s Stortford;Bishop's Stortford;GB;51.872;0.1725;
Q19798;Hitchin;Hitchin;GB;51.947;-0.283;
Q19804;Royston;Royston;GB;52.0471;-0.0202;
Q198196;Porta;Porta;FR;42.526388888889;1.8258333333333;
Q19843359;Mont-Vully;Mont-Vully;CH;46.961941666667;7.1125055555556;
Q1986679;Chobham;Chobham;GB;51.3481;-0.6038;
Q198864;Roqueredonde;Roqueredonde;FR;43.800277777778;3.2122222222222;
Q1989342;Massalfassar;Massalfassar;ES;39.55;-0.31666666666667;
Q1989408;Beniel;Beniel;ES;38.046388888889;-1.0013888888889;
Q1990910;Metheringham;Metheringham;GB;53.1391;-0.4034;
Q1992282;Carrbridge;Carrbridge;GB;57.282;-3.816;
Q19923;Aldenham;Aldenham;GB;51.6723;-0.3546;
Q19927;Cavallermaggiore;Cavallermaggiore;IT;44.716666666667;7.6833333333333;
Q1992977;La Pobla del Duc;La Pobla del Duc;ES;38.903333333333;-0.41722222222222;
Q1993019;Meliana;Meliana;ES;39.527222222222;-0.34916666666667;
Q1993034;Montaverner;Montaverner;ES;38.888333333333;-0.49611111111111;
Q19933;Centallo;Centallo;IT;44.5;7.5833333333333;
Q1993407;Genovés;Genovés;ES;38.988474;-0.4702724;
Q19944;Ceva;Ceva;IT;44.383333333333;8.0333333333333;
Q199449;Arbanats;Arbanats;FR;44.675277777778;-0.39555555555556;
Q1994597;Saltash;Saltash;GB;50.408;-4.212;
Q199478;Bram;Bram;FR;43.242777777778;2.1147222222222;
Q1994936;Twyford;Twyford;GB;51.932;-1.035;
Q199511;Les Églisottes-et-Chalaures;Les Églisottes-et-Chalaures;FR;45.099722222222;-0.0375;
Q1995232;Barracas;Barracas;ES;40.0162238;-0.6975982;
Q199549;Langogne;Langogne;FR;44.726666666667;3.855;
Q1996192;Bere Ferrers;Bere Ferrers;GB;50.450969444444;-4.1762111111111;
Q1996975;Caterham;Caterham;GB;51.2803;-0.0816;
Q199726;Jurançon;Jurançon;FR;43.287222222222;-0.38805555555556;
Q199734;Marquixanes;Marquixanes;FR;42.641666666667;2.4855555555556;
Q1997485;Littleport;Littleport;GB;52.4568;0.3046;
Q199952;Taormine;Taormina;IT;37.85179;15.28565;
Q2000446;Carpio;Carpio;ES;41.2126514;-5.10906;
Q20012496;Grolley-Ponthaux;Grolley-Ponthaux;CH;46.833333333333336;7.066666666666666;
Q2001391;Borough Green;Borough Green;GB;51.2913;0.3062;
Q200152;Laveline-devant-Bruyères;Laveline-devant-Bruyères;FR;48.183888888889;6.7597222222222;
Q200201;Irun;Irun;ES;43.337806;-1.788806;
Q200202;Saint-Léonard-de-Noblat;Saint-Léonard-de-Noblat;FR;45.8375;1.4905555555556;
Q2003342;Neath;Neath;GB;51.66;-3.81;
Q20050;Fossano;Fossano;IT;44.55;7.7333333333333;
Q200575;Bruyères;Bruyères;FR;48.208333333333;6.7186111111111;
Q2007629;Scarisbrick;Scarisbrick;GB;53.6134;-2.9435;
Q2008314;Armadale;Armadale;GB;58.5499;-4.0895;
Q200832;Morteau;Morteau;FR;47.058055555556;6.6061111111111;
Q200936;Bénesse-Maremne;Bénesse-Maremne;FR;43.634166666667;-1.36;
Q200942;Swindon;Swindon;GB;51.558333333333;-1.7811111111111;
Q2009813;Northwich;Northwich;GB;53.259;-2.518;
Q20103;Assise;Assisi;IT;43.07081201;12.61499803;
Q2010576;Penistone;Penistone;GB;53.525;-1.629;
Q201113;Cavignac;Cavignac;FR;45.100555555556;-0.39;
Q2011497;Wilmslow;Wilmslow;GB;53.325;-2.239;
Q20115;Lesegno;Lesegno;IT;44.403055555556;7.9716666666667;
Q2011679;Winsford;Winsford;GB;53.194;-2.52;
Q2011685;Croy;Croy;GB;55.9585;-4.04183;
Q20120;Limone Piemonte;Limone Piemonte;IT;44.2;7.5666666666667;
Q20126;Bastia Umbra;Bastia Umbra;IT;43.06668771;12.5488998;
Q20128;Magliano Alpi;Magliano Alpi;IT;44.45;7.8;
Q201311;Dinan;Dinan;FR;48.455555555556;-2.0502777777778;
Q2014221;Aberdour;Aberdour;GB;56.0528;-3.3021;
Q201443;Saint-Cyprien;Saint-Cyprien;FR;44.869722222222;1.0436111111111;
Q20146;Campello sul Clitunno;Campello sul Clitunno;IT;42.82007258;12.77692185;
Q20173;Tillenay;Tillenay;FR;47.180833333333;5.3522222222222;
Q20175;Villers-les-Pots;Villers-les-Pots;FR;47.210833333333;5.3538888888889;
Q201758;Pouxeux;Pouxeux;FR;48.107777777778;6.5663888888889;
Q201760;Saint-Médard-de-Guizières;Saint-Médard-de-Guizières;FR;45.015277777778;-0.058888888888889;
Q201784;Saint-Loubès;Saint-Loubès;FR;44.917222222222;-0.42805555555556;
Q201812;Huddersfield;Huddersfield;GB;53.645;-1.7797222222222;
Q20188;Mondovi;Mondovì;IT;44.383333333333;7.8166666666667;
Q201906;Uzerche;Uzerche;FR;45.424722222222;1.5633333333333;
Q201970;Shrewsbury;Shrewsbury;GB;52.708055555556;-2.7544444444444;
Q2019908;Liskeard;Liskeard;GB;50.4536;-4.4651;
Q2020203;Rhyl;Rhyl;GB;53.321230555556;-3.4801888888889;
Q2020505;Elton;Elton;GB;53.276558333333;-2.8168222222222;
Q2021055;Langwathby;Langwathby;GB;54.695938888889;-2.6700722222222;
Q202157;Fromental;Fromental;FR;46.159166666667;1.3963888888889;
Q202174;Argyll and Bute;Argyll and Bute;GB;55.98333333;-5.45;
Q20226;Monticello d'Alba;Monticello d'Alba;IT;44.716666666667;7.95;
Q202309;Buggenhout;Buggenhout;BE;51.01526;4.20226;
Q202348;Ashington;Ashington;GB;55.181;-1.568;
Q202368;Morlaix;Morlaix;FR;48.5775;-3.8277777777778;
Q202374;Châteaulin;Châteaulin;FR;48.196666666667;-4.09;
Q2024069;Hoylake;Hoylake;GB;53.39;-3.18;
Q202436;Royères;Royères;FR;45.848611111111;1.4302777777778;
Q20251;Neive;Neive;IT;44.716666666667;8.1166666666667;
Q202560;Carpentras;Carpentras;FR;44.055;5.0480555555556;
Q202565;Coutances;Coutances;FR;49.045277777778;-1.4452777777778;
Q2026;Chambost-Allières;Chambost-Allières;FR;46.018333333333;4.4986111111111;
Q202628;Oldham;Oldham;GB;53.544722222222;-2.1183333333333;
Q2028;Vérone;Verona;IT;45.43861111111111;10.992777777777778;
Q202947;Eyrein;Eyrein;FR;45.335;1.9441666666667;
Q202954;Verviers;Verviers;BE;50.583333333333;5.85;
Q203000;Perth;Perth;GB;56.395833333333336;-3.4333333333333336;
Q203040;El Puerto de Santa María;El Puerto de Santa María;ES;36.601468;-6.2381494;
Q203182;Bort-les-Orgues;Bort-les-Orgues;FR;45.399722222222;2.4958333333333;
Q203238;Zillisheim;Zillisheim;FR;47.695277777778;7.2955555555556;
Q20326;Ouges;Ouges;FR;47.261388888889;5.0752777777778;
Q203278;Millau;Millau;FR;44.097777777778;3.0777777777778;
Q203293;Langres;Langres;FR;47.8625;5.3330555555556;
Q203298;Briançon;Briançon;FR;44.895833333333;6.635;
Q203303;Brioude;Brioude;FR;45.294166666667;3.3841666666667;
Q203309;Vesoul;Vesoul;FR;47.622222222222;6.1552777777778;
Q203349;Poole;Poole;GB;50.716666666667;-1.9833333333333;
Q203387;Betws-y-coed;Betws-y-coed;GB;53.092;-3.792;
Q2034290;Mortimer Common;Mortimer Common;GB;51.377;-1.063;
Q203529;Lons-le-Saunier;Lons-le-Saunier;FR;46.674444444444;5.5538888888889;
Q20356;Pocapaglia;Pocapaglia;IT;44.7;7.8833333333333;
Q203645;Chalon-sur-Saône;Chalon-sur-Saône;FR;46.781111111111;4.8538888888889;
Q20365;Saint-Julien;Saint-Julien;FR;47.400833333333;5.1433333333333;
Q20367;Ruffey-lès-Echirey;Ruffey-lès-Echirey;FR;47.366388888889;5.0808333333333;
Q20371;Bretigny;Bretigny;FR;47.398611111111;5.1025;
Q203759;Istres;Istres;FR;43.514166666667;4.9888888888889;
Q20376;Racconigi;Racconigi;IT;44.766666666667;7.6833333333333;
Q203889;Luton;Luton;GB;51.87833333333333;-0.4147222222222222;
Q20390;Castiglione del Lago;Castiglione del Lago;IT;43.12763989;12.05346204;
Q20392;Vaiano;Vaiano;IT;43.966666666667;11.116666666667;
Q20397;Vernio;Vernio;IT;44.05;11.15;
Q203995;Southend-on-Sea;Southend-on-Sea;GB;51.53789;0.71377;
Q2040100;el Puig de Santa Maria;El Puig de Santa Maria;ES;39.589514;-0.3057922;
Q20407;Robilante;Robilante;IT;44.3;7.5166666666667;
Q204142;Saint-Piat;Saint-Piat;FR;48.547777777778;1.5844444444444;
Q20422;Roccavione;Roccavione;IT;44.316666666667;7.4833333333333;
Q2042618;Freshford;Freshford;GB;51.3418;-2.3093;
Q20435;Sale delle Langhe;Sale delle Langhe;IT;44.4;8.0833333333333;
Q20436;Foligno;Foligno;IT;42.95576094;12.70328134;
Q20437;Saliceto;Saliceto;IT;44.416666666667;8.1666666666667;
Q20439;Fossato di Vico;Fossato di Vico;IT;43.29470018;12.76131772;
Q2044;Florence;Florence;IT;43.771388888889;11.254166666667;
Q204430;Avranches;Avranches;FR;48.684444444444;-1.3569444444444;
Q204451;Dannemarie-sur-Crète;Dannemarie-sur-Crète;FR;47.206111111111;5.8655555555556;
Q204505;Lunel-Viel;Lunel-Viel;FR;43.677777777778;4.0916666666667;
Q204547;Waregem;Waregem;BE;50.881078333333335;3.4000994444444443;
Q20457;Gualdo Tadino;Gualdo Tadino;IT;43.23092885;12.78480147;
Q20462;Magione;Magione;IT;43.14276375;12.20527329;
Q204648;Port-Vendres;Port-Vendres;FR;42.518055555556;3.105;
Q2046733;El Campillo;El Campillo;ES;41.257777777778;-5.0141666666667;
Q204720;Hereford;Hereford;GB;52.056388888889;-2.7161111111111;
Q204736;Saint-Médard-de-Mussidan;Saint-Médard-de-Mussidan;FR;45.043888888889;0.34694444444444;
Q20480;Sanfrè;Sanfrè;IT;44.75;7.8;
Q20485;Santa Vittoria d'Alba;Santa Vittoria d'Alba;IT;44.7;7.9333333333333;
Q20489;Savillan;Savigliano;IT;44.65;7.6333333333333;
Q20491;Nocera Umbra;Nocera Umbra;IT;43.11128406;12.79009171;
Q2049615;Seascale;Seascale;GB;54.396388888888886;-3.479722222222222;
Q20503;Sommariva del Bosco;Sommariva del Bosco;IT;44.766666666667;7.7833333333333;
Q20504;Passignano sul Trasimeno;Passignano sul Trasimeno;IT;43.18484164;12.13663294;
Q205116;Amboise;Amboise;FR;47.411388888889;0.9825;
Q20520;Trinità;Trinità;IT;44.5082766;7.7578969;
Q20535;Vernante;Vernante;IT;44.25;7.5333333333333;
Q205448;Kilmaurs;Kilmaurs;GB;55.6394;-4.53028;
Q2054729;Norton-on-Derwent;Norton-on-Derwent;GB;54.132;-0.783;
Q205537;Épernay;Épernay;FR;49.04;3.9591666666667;
Q20555;Vicoforte;Vicoforte;IT;44.366666666667;7.85;
Q205551;Mérignac;Mérignac;FR;44.8425;-0.645;
Q205576;Châtellerault;Châtellerault;FR;46.816944444444;0.54527777777778;
Q205584;Étampes;Étampes;FR;48.435;2.1622222222222;
Q205586;Dole;Dole;FR;47.092222222222;5.4897222222222;
Q20559;Spello;Spello;IT;42.99211207;12.67106348;
Q205709;Vitrolles;Vitrolles;FR;43.448055555556;5.2497222222222;
Q20571;Spolète;Spoleto;IT;42.73440954;12.73846229;
Q2058702;Brigg;Brigg;GB;53.5529;-0.485;
Q2059003;Bourne End;Bourne End;GB;51.581736111111;-0.71338055555556;
Q205905;Lancastre;Lancaster;GB;54.04888888888889;-2.801388888888889;
Q20595246;Rhoslefain;Rhoslefain;GB;52.628497;-4.106837;
Q20599218;Sunnymeads;Sunnymeads;GB;51.467777777778;-0.55972222222222;
Q20601502;Tyn-y-groes;Tyn-y-groes;GB;53.2343;-3.83481509;
Q20602262;Waun-Lwyd;Waun-Lwyd;GB;51.754409;-3.192481;
Q20604;Trevi;Trevi;IT;42.87745337;12.74775108;
Q2061067;Ilkeston;Ilkeston;GB;52.971111111111114;-1.3091666666666666;
Q206165;Thonon-les-Bains;Thonon-les-Bains;FR;46.370555555556;6.4797222222222;
Q20623;Tuoro sul Trasimeno;Tuoro sul Trasimeno;IT;43.20877935;12.07163545;
Q2064938;Old Kilpatrick;Old Kilpatrick;GB;55.925;-4.4593;
Q206523;Charmes;Charmes;FR;48.371666666667;6.2925;
Q2066;Essen;Essen;DE;51.450833333333;7.0130555555556;
Q20669771;Guipry-Messac;Guipry-Messac;FR;47.8256;-1.84139;
Q2067089;Slaithwaite;Slaithwaite;GB;53.62;-1.88;
Q2067964;Ripley;Ripley;GB;54.041;-1.568;
Q206837;Redon;Redon;FR;47.651388888889;-2.0847222222222;
Q206933;Leiria;Leiria;PT;39.743055555556;-8.8069444444444;
Q206988;Cheltenham;Cheltenham;GB;51.896519444444;-2.0784277777778;
Q207080;Villefranche-sur-Mer;Villefranche-sur-Mer;FR;43.704166666667;7.3116666666667;
Q207095;Huy;Huy;BE;50.516666666667;5.2333333333333;
Q20709709;Bebington;Bebington;GB;53.35;-3.003;
Q207145;Béthune;Béthune;FR;50.53095;2.639326;
Q207154;Langon;Langon;FR;44.553055555556;-0.24944444444444;
Q207156;Pessac;Pessac;FR;44.805833333333;-0.63222222222222;
Q207185;Mondolfo;Mondolfo;IT;43.7517;13.095569444444;
Q2073045;Helsby;Helsby;GB;53.273;-2.773;
Q207371;Lichfield;Lichfield;GB;52.6835;-1.82653;
Q207570;Thann;Thann;FR;47.806666666667;7.1044444444444;
Q207572;Avallon;Avallon;FR;47.49;3.9083333333333;
Q207575;Riom;Riom;FR;45.893611111111;3.1125;
Q207581;Lannion;Lannion;FR;48.7325;-3.4552777777778;
Q207587;Rochefort;Rochefort;FR;45.941944444444;-0.96694444444444;
Q207593;Muret;Muret;FR;43.460277777778;1.3258333333333;
Q207610;Embrun;Embrun;FR;44.565;6.4952777777778;
Q207614;Figeac;Figeac;FR;44.608611111111;2.0316666666667;
Q207622;Argentan;Argentan;FR;48.744444444444;-0.020277777777778;
Q207639;Chichester;Chichester;GB;50.8365;-0.7792;
Q207679;Perth-et-Kinross;Perth and Kinross;GB;56.41666667;-3.48333333;
Q207736;St Andrews;St Andrews;GB;56.338888888889;-2.7988888888889;
Q2078535;Chorley;Chorley;GB;53.653;-2.632;
Q207878;Fresnes-au-Mont;Fresnes-au-Mont;FR;48.896944444444;5.4413888888889;
Q2079;Leipzig;Leipzig;DE;51.3406321;12.3747329;
Q2080165;Hyde;Hyde;GB;53.4474;-2.082;
Q2080375;Belper;Belper;GB;53.029;-1.475;
Q2081;Roseto degli Abruzzi;Roseto degli Abruzzi;IT;42.683333333333;14.016666666667;
Q208119;Altkirch;Altkirch;FR;47.623055555556;7.2394444444444;
Q208143;Wigan;Wigan;GB;53.544722222222;-2.6316666666667;
Q208158;Viana do Castelo;Viana do Castelo;PT;41.7;-8.8333333333333;
Q208209;Penzance;Penzance;GB;50.12139;-5.53685;
Q208226;Carhaix-Plouguer;Carhaix-Plouguer;FR;48.275833333333;-3.5744444444444;
Q208257;Bedford;Bedford;GB;52.134444444444;-0.46305555555556;
Q208262;Eastbourne;Eastbourne;GB;50.76638888888889;0.28611111111111115;
Q208272;La Roche-Maurice;La Roche-Maurice;FR;48.472222222222;-4.2033333333333;
Q208276;Mont-sur-Meurthe;Mont-sur-Meurthe;FR;48.555;6.4427777777778;
Q208279;Highland;Highland;GB;57.5;-5.0;
Q208296;Cromer;Cromer;GB;52.931;1.302;
Q208310;Saint-Dizier;Saint-Dizier;FR;48.637777777778;4.9488888888889;
Q208407;Oloron-Sainte-Marie;Oloron-Sainte-Marie;FR;43.194166666667;-0.60666666666667;
Q208538;Vierzon;Vierzon;FR;47.221944444444;2.0683333333333;
Q2086137;Uttoxeter;Uttoxeter;GB;52.898;-1.86;
Q2086635;Wrabness;Wrabness;GB;51.9396;1.1673;
Q208666;Marbache;Marbache;FR;48.797222222222;6.1022222222222;
Q208728;Azerailles;Azerailles;FR;48.488055555556;6.6944444444444;
Q2087380;Northfleet;Northfleet;GB;51.447588888889;0.32478333333333;
Q208768;Lamarche;Lamarche;FR;48.068611111111;5.7816666666667;
Q208770;Villefranche-sur-Saône;Villefranche-sur-Saône;FR;45.989444444444;4.7197222222222;
Q208793;Saint-Omer;Saint-Omer;FR;50.748333333333;2.2608333333333;
Q208794;Lunéville;Lunéville;FR;48.589444444444;6.5016666666667;
Q208798;Cavaillon;Cavaillon;FR;43.836666666667;5.0372222222222;
Q208860;Saint-Jean-de-Maurienne;Saint-Jean-de-Maurienne;FR;45.276666666667;6.345;
Q208866;La Seyne-sur-Mer;La Seyne-sur-Mer;FR;43.103055555556;5.8783333333333;
Q20888015;Chinley, Buxworth and Brownside;Chinley, Buxworth and Brownside;GB;53.34425;-1.92775;
Q208893;Bourgoin-Jallieu;Bourgoin-Jallieu;FR;45.590833333333;5.2791666666667;
Q209021;Deauville;Deauville;FR;49.359166666667;0.074444444444444;
Q209055;Torquay;Torquay;GB;50.4625;-3.5280555555556;
Q209093;Bar-sur-Aube;Bar-sur-Aube;FR;48.233055555556;4.7063888888889;
Q209096;Burnley;Burnley;GB;53.788888888889;-2.2480555555556;
Q209176;Ely;Ely;GB;52.398055555556;0.26222222222222;
Q2092325;Pickering;Pickering;GB;54.2439;-0.776;
Q2096670;Misterton;Misterton;GB;50.8708;-2.7764;
Q2097530;Sowerby Bridge;Sowerby Bridge;GB;53.7;-1.91;
Q209773;Die;Die;FR;44.753611111111;5.3702777777778;
Q209777;Saint-Gaudens;Saint-Gaudens;FR;43.108055555556;0.72333333333333;
Q209790;Rethel;Rethel;FR;49.509722222222;4.3675;
Q209795;Lesparre-Médoc;Lesparre-Médoc;FR;45.30586666666667;-0.9357000000000001;
Q2098000;Fearn (Écosse);Hill of Fearn;GB;57.7749;-3.9647;
Q209834;Pamiers;Pamiers;FR;43.116388888889;1.6108333333333;
Q209838;Montbard;Montbard;FR;47.623055555556;4.3369444444444;
Q209840;Vervins;Vervins;FR;49.835;3.9091666666667;
Q20986424;Birmingham;Birmingham;GB;52.48048;-1.89823;
Q20986481;Worcester;Worcester;GB;52.19612;-2.20886;
Q209943;Saint-Clément;Saint-Clément;FR;48.531388888889;6.6025;
Q209949;Fontenoy-sur-Moselle;Fontenoy-sur-Moselle;FR;48.711111111111;5.9811111111111;
Q2100;Duisbourg;Duisburg;DE;51.432222222222;6.7611111111111;
Q210003;Hal;Halle;BE;50.736111111111114;4.237222222222222;
Q21008210;Cherbourg-en-Cotentin;Cherbourg-en-Cotentin;FR;49.638889;-1.625;
Q210098;Rapallo;Rapallo;IT;44.35;9.2333333333333;
Q210104;Ceyzériat;Ceyzériat;FR;46.178333333333;5.3238888888889;
Q21027217;Chemillé-en-Anjou;Chemillé-en-Anjou;FR;47.21;-0.7286;
Q21027263;Sèvremoine;Sèvremoine;FR;47.1231;-0.9911;
Q21027266;Villeneuve-en-Retz;Villeneuve-en-Retz;FR;47.0303545;-1.8985748;
Q2103;Bochum;Bochum;DE;51.483333333333;7.2166666666667;
Q2103060;Castleton;Castleton;GB;53.344;-1.775;
Q210441;Changy;Changy;FR;46.402222222222;4.2522222222222;
Q2104723;Commondale;Commondale;GB;54.4857;-0.9804;
Q210664;Breteil;Breteil;FR;48.145277777778;-1.8986111111111;
Q210742;Marmande;Marmande;FR;44.5;0.16527777777778;
Q210760;Bressuire;Bressuire;FR;46.84;-0.48861111111111;
Q210763;Saint-Flour;Saint-Flour;FR;45.033611111111;3.0927777777778;
Q210772;Issoudun;Issoudun;FR;46.948055555556;1.9933333333333;
Q210891;Glastonbury;Glastonbury;GB;51.1475;-2.7175;
Q210917;Bellignat;Bellignat;FR;46.244722222222;5.6327777777778;
Q210985;Chelmsford;Chelmsford;GB;51.7361;0.4798;
Q21099825;Torigny-les-Villes;Torigny-les-Villes;FR;49.035556;-0.979444;
Q211033;Herstal;Herstal;BE;50.6644;5.63;
Q211037;Roulers;Roeselare;BE;50.944722222222;3.1233333333333;
Q211116;Béligneux;Béligneux;FR;45.852222222222;5.1288888888889;
Q211121;Aubenas;Aubenas;FR;44.619722222222;4.3902777777778;
Q211134;Échirolles;Échirolles;FR;45.142777777778;5.7177777777778;
Q211187;Châteaubriant;Châteaubriant;FR;47.716944444444;-1.3761111111111;
Q2111981;Shipton-under-Wychwood;Shipton-under-Wychwood;GB;51.86;-1.596;
Q2112;Bielefeld;Bielefeld;DE;52.016666666667;8.5333333333333;
Q211572;La Louvière;La Louvière;BE;50.477777777778;4.1880555555556;
Q211593;Eu;Eu;FR;50.047222222222;1.4197222222222;
Q211622;Beaulieu-sur-Mer;Beaulieu-sur-Mer;FR;43.706944444444;7.3313888888889;
Q2116317;Ribble Valley;Ribble Valley;GB;53.883333333333;-2.4;
Q211647;Beaucaire;Beaucaire;FR;43.807222222222;4.6433333333333;
Q2117331;Rayleigh;Rayleigh;GB;51.5864;0.6049;
Q211843;Étival-Clairefontaine;Étival-Clairefontaine;FR;48.363888888889;6.8580555555556;
Q211870;Paisley;Paisley;GB;55.845555555555556;-4.4238888888888885;
Q2119;Mannheim;Mannheim;DE;49.48777777777778;8.466111111111111;
Q211907;Slough;Slough;GB;51.509722222222;-0.59305555555556;
Q2119187;Sutton in Ashfield;Sutton in Ashfield;GB;53.1233;-1.2669;
Q211950;Dunfermline;Dunfermline;GB;56.071388888889;-3.4616666666667;
Q212088;Cardross;Cardross;GB;55.9667;-4.63333;
Q21211;Beinheim;Beinheim;FR;48.863055555556;8.0838888888889;
Q2121162;Hope;Hope;GB;53.347;-1.744;
Q21234;Dauendorf;Dauendorf;FR;48.830277777778;7.6552777777778;
Q21235;Domfessel;Domfessel;FR;48.951111111111;7.1536111111111;
Q212352;Montargis;Montargis;FR;47.996944444444;2.7325;
Q21239;Diedendorf;Diedendorf;FR;48.879444444444;7.045;
Q21241;Dossenheim-sur-Zinsel;Dossenheim-sur-Zinsel;FR;48.804722222222;7.4027777777778;
Q21241814;Yorkshire du Nord;North Yorkshire;GB;54.2;-1.3;
Q212420;Sens;Sens;FR;48.197222222222;3.2833333333333;
Q212444;Saint-Claude;Saint-Claude;FR;46.387222222222;5.8633333333333;
Q212450;Prades;Prades;FR;42.617222222222;2.4219444444444;
Q212456;Commercy;Commercy;FR;48.764166666667;5.5916666666667;
Q21246;Buswiller;Buswiller;FR;48.819722222222;7.5591666666667;
Q2125254;Featherstone;Featherstone;GB;53.7;-1.37;
Q21253;Bourg-Bruche;Bourg-Bruche;FR;48.355833333333;7.1380555555556;
Q21268;Ettendorf;Ettendorf;FR;48.812777777778;7.5822222222222;
Q21280;Gertwiller;Gertwiller;FR;48.410833333333;7.4677777777778;
Q212826;West Bromwich;West Bromwich;GB;52.516666666667;-1.9833333333333;
Q21285;Keskastel;Keskastel;FR;48.971388888889;7.0438888888889;
Q21287;Fouday;Fouday;FR;48.420833333333;7.1861111111111;
Q21290;Riedseltz;Riedseltz;FR;48.993333333333;7.9530555555556;
Q212901;Annemasse;Annemasse;FR;46.195;6.2355555555556;
Q21294399;Les Villages Vovéens;Les Villages Vovéens;FR;48.2719;1.6286;
Q21294402;Machecoul-Saint-Même;Machecoul-Saint-Même;FR;47.0078846;-1.8069077;
Q21294460;Villedieu-les-Poêles-Rouffigny;Villedieu-les-Poêles-Rouffigny;FR;48.83861;-1.2225;
Q21295;Schwindratzheim;Schwindratzheim;FR;48.756944444444;7.6016666666667;
Q212959;Denain;Denain;FR;50.328611111111;3.395;
Q21296;Wilwisheim;Wilwisheim;FR;48.748333333333;7.5075;
Q212966;Pompey;Pompey;FR;48.768055555556;6.1275;
Q21298;Reichshoffen;Reichshoffen;FR;48.934444444444;7.6661111111111;
Q21302;Mothern;Mothern;FR;48.932222222222;8.1541666666667;
Q21305;Sessenheim;Sessenheim;FR;48.796944444444;7.9863888888889;
Q21312;Mommenheim;Mommenheim;FR;48.7575;7.6441666666667;
Q213154;Aberystwyth;Aberystwyth;GB;52.414262;-4.081528;
Q213155;Tournon-sur-Rhône;Tournon-sur-Rhône;FR;45.067222222222;4.8327777777778;
Q21317;Herrlisheim;Herrlisheim;FR;48.730277777778;7.9075;
Q213180;Maidstone;Maidstone;GB;51.271666666667;0.52944444444444;
Q213181;Darlington;Darlington;GB;54.522777777778;-1.5572222222222;
Q21320;Epfig;Epfig;FR;48.358888888889;7.4633333333333;
Q213224;Menin;Menen;BE;50.795555555556;3.1216666666667;
Q213242;Barcelos;Barcelos;PT;41.533333333333;-8.6166666666667;
Q2132464;Hednesford;Hednesford;GB;52.7115;-2.0006;
Q213251;Beja;Beja;PT;38.01555555555556;-7.865277777777778;
Q213285;Castelsarrasin;Castelsarrasin;FR;44.04;1.1069444444444;
Q213288;Montbrison;Montbrison;FR;45.6075;4.0652777777778;
Q213294;Clamecy;Clamecy;FR;47.46;3.5194444444444;
Q213295;Thiaville-sur-Meurthe;Thiaville-sur-Meurthe;FR;48.4125;6.8083333333333;
Q213299;Jonzac;Jonzac;FR;45.446666666667;-0.43361111111111;
Q213305;Houdemont;Houdemont;FR;48.646111111111;6.1747222222222;
Q213344;Montreuil-sur-Mer;Montreuil-sur-Mer;FR;50.463611111111;1.7633333333333;
Q213349;Loches;Loches;FR;47.128611111111;0.99527777777778;
Q213404;Bolozon;Bolozon;FR;46.192777777778;5.4744444444444;
Q21341;Wisches;Wisches;FR;48.508888888889;7.2686111111111;
Q21342;Herbitzheim;Herbitzheim;FR;49.014722222222;7.0841666666667;
Q21345;Sarrewerden;Sarrewerden;FR;48.922777777778;7.0836111111111;
Q2134613;Bucknell;Bucknell;GB;52.36;-2.95;
Q213465;Guildford;Guildford;GB;51.2354;-0.5746;
Q213474;Aylesbury;Aylesbury;GB;51.8168;-0.8124;
Q213481;La Baule-Escoublac;La Baule-Escoublac;FR;47.285833333333;-2.3922222222222;
Q213501;Villefranche-de-Rouergue;Villefranche-de-Rouergue;FR;44.3525;2.0341666666667;
Q213509;Charolles;Charolles;FR;46.434444444444;4.2752777777778;
Q2135238;East Tilbury;East Tilbury;GB;51.4657;0.4294;
Q2135985;Southwick;Southwick;GB;51.296;-2.235;
Q21365;Oermingen;Oermingen;FR;48.999166666667;7.1286111111111;
Q213656;Le Theil-de-Bretagne;Le Theil-de-Bretagne;FR;47.919444444444;-1.4297222222222;
Q21368;Matzenheim;Matzenheim;FR;48.395;7.6227777777778;
Q21382;Reipertswiller;Reipertswiller;FR;48.931944444444;7.4647222222222;
Q213832;Dudley;Dudley;GB;52.516666666667;-2.1;
Q21387;Niederbronn-les-Bains;Niederbronn-les-Bains;FR;48.95;7.6438888888889;
Q21388;Lingolsheim;Lingolsheim;FR;48.5575;7.6830555555556;
Q213883;Villers-Cotterêts;Villers-Cotterêts;FR;49.253055555556;3.0902777777778;
Q21397;Saint-Blaise-la-Roche;Saint-Blaise-la-Roche;FR;48.403888888889;7.1616666666667;
Q21407;Mollkirch;Mollkirch;FR;48.506388888889;7.3852777777778;
Q21410;Wimmenau;Wimmenau;FR;48.912222222222;7.4230555555556;
Q21413;Kaltenhouse;Kaltenhouse;FR;48.790833333333;7.8319444444444;
Q21417;Neuwiller-lès-Saverne;Neuwiller-lès-Saverne;FR;48.823055555556;7.4011111111111;
Q2141941;Eastrington;Eastrington;GB;53.759966666667;-0.79361944444444;
Q21421;Hipsheim;Hipsheim;FR;48.466388888889;7.6761111111111;
Q21422;Niedermodern;Niedermodern;FR;48.845277777778;7.6261111111111;
Q21426956;Banassac-Canilhac;Banassac-Canilhac;FR;44.43694;3.20083;
Q21427211;Entrelacs;Entrelacs;FR;45.7872222222;5.94583333333;
Q21428;Gambsheim;Gambsheim;FR;48.692222222222;7.8833333333333;
Q21429;Eichhoffen;Eichhoffen;FR;48.383611111111;7.4416666666667;
Q21430;Seltz;Seltz;FR;48.894166666667;8.1069444444444;
Q21432;Kintzheim;Kintzheim;FR;48.254444444444;7.3966666666667;
Q21434;Scherwiller;Scherwiller;FR;48.2875;7.4177777777778;
Q21438;Orschwiller;Orschwiller;FR;48.241388888889;7.3825;
Q214396;Broons;Broons;FR;48.317222222222;-2.2608333333333;
Q21440;Châtenois;Châtenois;FR;48.271944444444;7.4008333333333;
Q2144078;Dullingham;Dullingham;GB;52.1952;0.3838;
Q21442;Mertzwiller;Mertzwiller;FR;48.863055555556;7.6797222222222;
Q21443;Schopperten;Schopperten;FR;48.946944444444;7.0508333333333;
Q214432;Nogent-le-Rotrou;Nogent-le-Rotrou;FR;48.321666666667;0.82166666666667;
Q21446;Muhlbach-sur-Bruche;Muhlbach-sur-Bruche;FR;48.516111111111;7.2977777777778;
Q21452;Steinbourg;Steinbourg;FR;48.769722222222;7.4133333333333;
Q214540;Pontarlier;Pontarlier;FR;46.906111111111;6.3547222222222;
Q21455;Rothau;Rothau;FR;48.454722222222;7.2086111111111;
Q214575;Vendôme;Vendôme;FR;47.792777777778;1.0655555555556;
Q214597;Bellac;Bellac;FR;46.121944444444;1.0494444444444;
Q214600;Romorantin-Lanthenay;Romorantin-Lanthenay;FR;47.358333333333;1.7427777777778;
Q21467;Rosteig;Rosteig;FR;48.933055555556;7.3402777777778;
Q21470;Puberg;Puberg;FR;48.911666666667;7.3152777777778;
Q2147557;Pittentrail;Pittentrail;GB;57.9894;-4.15711;
Q214849;Orbetello;Orbetello;IT;42.439444444444;11.2125;
Q2148571;Soham;Soham;GB;52.333830555556;0.33606388888889;
Q21498;Surbourg;Surbourg;FR;48.908888888889;7.8477777777778;
Q214997;Roccastrada;Roccastrada;IT;43.009722222222;11.168333333333;
Q21510;Obermodern-Zutzendorf;Obermodern-Zutzendorf;FR;48.844722222222;7.5402777777778;
Q215123;Scarlino;Scarlino;IT;42.908055555556;10.850833333333;
Q2151264;Roydon;Roydon;GB;51.773;0.0396;
Q215155;Fréjus;Fréjus;FR;43.433055555556;6.7355555555556;
Q21519;Tieffenbach;Tieffenbach;FR;48.904722222222;7.25;
Q215244;Dixmude;Diksmuide;BE;51.03333333333333;2.865;
Q2152461;Paddock Wood;Paddock Wood;GB;51.1756;0.3955;
Q21525592;Manchester;Manchester;GB;53.41667;-2.25;
Q21526;Wolfskirchen;Wolfskirchen;FR;48.88;7.0744444444444;
Q21536;Lutzelhouse;Lutzelhouse;FR;48.52;7.2883333333333;
Q21545;Kogenheim;Kogenheim;FR;48.337222222222;7.5413888888889;
Q21547;Kurtzenhouse;Kurtzenhouse;FR;48.74;7.8069444444444;
Q21555;Kilstett;Kilstett;FR;48.675555555556;7.8561111111111;
Q21568;Lichtenberg;Lichtenberg;FR;48.920833333333;7.4805555555556;
Q21569;Sarre-Union;Sarre-Union;FR;48.940833333333;7.0886111111111;
Q215733;Warrington;Warrington;GB;53.38732;-2.60288;
Q21575;Schœnenbourg;Schœnenbourg;FR;48.951666666667;7.9130555555556;
Q215752;Hartlepool;Hartlepool;GB;54.683333333333;-1.2166666666667;
Q215822;Puertollano;Puertollano;ES;38.6852167;-4.111178;
Q215829;Harrogate;Harrogate;GB;53.991944444444;-1.5377777777778;
Q21583;Chenois;Chenois;FR;48.959166666667;6.4975;
Q21587;Rœschwoog;Rœschwoog;FR;48.828611111111;8.0341666666667;
Q21592;Uttwiller;Uttwiller;FR;48.847222222222;7.4886111111111;
Q21597;Urmatt;Urmatt;FR;48.526944444444;7.325;
Q2160232;Roche;Roche;GB;50.4;-4.83333;
Q21604;Vendenheim;Vendenheim;FR;48.6675;7.7130555555556;
Q216045;Lockerbie;Lockerbie;GB;55.121944444444445;-3.355277777777778;
Q2160639;North Ferriby;North Ferriby;GB;53.720027777778;-0.50780555555556;
Q21608;Walbourg;Walbourg;FR;48.886666666667;7.7894444444444;
Q2160826;Cranbrook;Cranbrook;GB;51.096666666666664;0.5355555555555556;
Q21610;Han-sur-Nied;Han-sur-Nied;FR;48.990277777778;6.4375;
Q2161108;Bramhall;Bramhall;GB;53.35745;-2.1645416666667;
Q21612;Arraincourt;Arraincourt;FR;48.973055555556;6.5327777777778;
Q21619405;Bellevigny;Bellevigny;FR;46.7833;-1.4308;
Q21619546;Sablons sur Huisne;Sablons-sur-Huisne;FR;48.380556;0.850278;
Q21619554;Sévérac d'Aveyron;Sévérac-d'Aveyron;FR;44.3219444444;3.07138888889;
Q21622;Weyersheim;Weyersheim;FR;48.716388888889;7.8038888888889;
Q21624;Baudrecourt;Baudrecourt;FR;48.963333333333;6.4516666666667;
Q216280;Frontignan;Frontignan;FR;43.447222222222;3.7555555555556;
Q21629;Bermering;Bermering;FR;48.931666666667;6.7091666666667;
Q21630;Bassing;Bassing;FR;48.868888888889;6.8016666666667;
Q21631;Bénestroff;Bénestroff;FR;48.904444444444;6.7594444444444;
Q21634354;Val-au-Perche;Val-au-Perche;FR;48.263889;0.688056;
Q216372;Gateshead;Gateshead;GB;54.95;-1.6;
Q216385;Altopascio;Altopascio;IT;43.816666666667;10.674722222222;
Q216399;Bagni di Lucca;Bagni di Lucca;IT;44.009444444444;10.579444444444;
Q21647;Domnom-lès-Dieuze;Domnom-lès-Dieuze;FR;48.860555555556;6.8225;
Q216479;Barga;Barga;IT;44.075;10.481666666667;
Q21649;Diebling;Diebling;FR;49.108611111111;6.9402777777778;
Q216492;Borgo a Mozzano;Borgo a Mozzano;IT;43.979722222222;10.546666666667;
Q21653;Nébing;Nébing;FR;48.904444444444;6.8105555555556;
Q216638;Wakefield;Wakefield;GB;53.6825;-1.4975;
Q216649;Basildon;Basildon;GB;51.5761;0.4886;
Q21665;Metzing;Metzing;FR;49.106944444444;6.9591666666667;
Q21665571;Liverpool;Liverpool;GB;53.41667;-2.91667;
Q21670;Kalhausen;Kalhausen;FR;49.021111111111;7.1547222222222;
Q21671;Cutting;Cutting;FR;48.848888888889;6.8344444444444;
Q21678;Basse-Ham;Basse-Ham;FR;49.385833333333;6.2430555555556;
Q216837;Bruz;Bruz;FR;48.024722222222;-1.7458333333333;
Q216853;Camaiore;Camaiore;IT;43.933333333333;10.3;
Q216859;camporgiano;Camporgiano;IT;44.160833333333;10.334444444444;
Q21687;Gondrexange;Gondrexange;FR;48.684444444444;6.9277777777778;
Q216881;Capannori;Capannori;IT;43.875555555556;10.573611111111;
Q2168916;Willington;Willington;GB;52.854;-1.565;
Q21690;Baronville;Baronville;FR;48.933888888889;6.6086111111111;
Q216903;Castelnuovo di Garfagnana;Castelnuovo di Garfagnana;IT;44.121944444444;10.405555555556;
Q21692;Kédange-sur-Canner;Kédange-sur-Canner;FR;49.308333333333;6.34;
Q21693;Loudrefing;Loudrefing;FR;48.851944444444;6.8791666666667;
Q21696;Gosselming;Gosselming;FR;48.791944444444;7.0027777777778;
Q216977;Coreglia Antelminelli;Coreglia Antelminelli;IT;44.064444444444;10.526388888889;
Q21713103;Cambridge;Cambridge;GB;52.19714;0.12823;
Q217174;Thiers;Thiers;FR;45.856388888889;3.5475;
Q217178;Avesnes-sur-Helpe;Avesnes-sur-Helpe;FR;50.122394;3.932676;
Q217180;Decize;Decize;FR;46.829166666667;3.4613888888889;
Q217183;Lure;Lure;FR;47.683055555556;6.4966666666667;
Q21721;Anzeling;Anzeling;FR;49.262777777778;6.4661111111111;
Q217251;Fosciandora;Fosciandora;IT;44.115833333333;10.459444444444;
Q21726;Vahl-lès-Bénestroff;Vahl-lès-Bénestroff;FR;48.913055555556;6.7861111111111;
Q21732;Lucy;Lucy;FR;48.941666666667;6.47;
Q217394;Barreiro;Barreiro;PT;38.660888888889;-9.0732777777778;
Q21743;Merten;Merten;FR;49.248888888889;6.6669444444444;
Q2174477;Shepreth;Shepreth;GB;52.1122;0.0325;
Q217489;Massarosa;Massarosa;IT;43.866666666667;10.333333333333;
Q217520;Minucciano;Minucciano;IT;44.166666666667;10.216666666667;
Q21753;Courcelles-sur-Nied;Courcelles-sur-Nied;FR;49.066111111111;6.3077777777778;
Q217591;La Tour-du-Pin;La Tour-du-Pin;FR;45.565833333333;5.445;
Q21760;Hargarten-aux-Mines;Hargarten-aux-Mines;FR;49.224722222222;6.6086111111111;
Q217615;Montecarlo;Montecarlo;IT;43.8504;10.6686;
Q21763;Creutzwald;Creutzwald;FR;49.205277777778;6.6958333333333;
Q2176949;Trimley St Mary;Trimley St Mary;GB;51.978;1.323;
Q21772;Holacourt;Holacourt;FR;48.972222222222;6.5133333333333;
Q21773;Bébing;Bébing;FR;48.712222222222;6.9963888888889;
Q217755;Saint-Laurent-du-Var;Saint-Laurent-du-Var;FR;43.673333333333;7.19;
Q21776;Ébersviller;Ébersviller;FR;49.276666666667;6.4027777777778;
Q21781;Aboncourt;Aboncourt;FR;49.260555555556;6.3469444444444;
Q217831;Greenock;Greenock;GB;55.95;-4.7666666666667;
Q217840;Carmarthenshire;Carmarthenshire;GB;51.856111111111;-4.3105555555556;
Q217841;Liévin;Liévin;FR;50.421944444444;2.7777777777778;
Q218027;Zoagli;Zoagli;IT;44.336969444444;9.2670916666667;
Q21804;La Wantzenau;La Wantzenau;FR;48.658055555556;7.8283333333333;
Q21810;Dolving;Dolving;FR;48.775277777778;7.0205555555556;
Q21813;Distroff;Distroff;FR;49.331944444444;6.2666666666667;
Q21816;Alzing;Alzing;FR;49.279444444444;6.5544444444444;
Q21833;Ars-sur-Moselle;Ars-sur-Moselle;FR;49.078055555556;6.0741666666667;
Q21835;Vatimont;Vatimont;FR;48.98;6.4663888888889;
Q21836;Téterchen;Téterchen;FR;49.231944444444;6.5605555555556;
Q2183778;Oakengates;Oakengates;GB;52.695;-2.451;
Q21843;Maizières-lès-Metz;Maizières-lès-Metz;FR;49.212222222222;6.1611111111111;
Q21845;Teting-sur-Nied;Teting-sur-Nied;FR;49.057222222222;6.6636111111111;
Q21853;Tenteling;Tenteling;FR;49.125277777778;6.9386111111111;
Q21856;Freistroff;Freistroff;FR;49.281666666667;6.4911111111111;
Q21864;Berthelming;Berthelming;FR;48.816111111111;7.0058333333333;
Q21869;Kuntzig;Kuntzig;FR;49.346388888889;6.2405555555556;
Q218691;Zollikon;Zollikon;CH;47.342222222222;8.5783333333333;
Q21872;Hayange;Hayange;FR;49.329722222222;6.0619444444444;
Q21877;Destry;Destry;FR;48.943888888889;6.585;
Q21885994;Nottingham;Nottingham;GB;52.955;-1.1491666666667;
Q2189348;Oxted;Oxted;GB;51.257380555556;-0.0065305555555556;
Q218939;Piazza al Serchio;Piazza al Serchio;IT;44.183333333333;10.3;
Q21896;Faulquemont;Faulquemont;FR;49.041111111111;6.5991666666667;
Q21898;Brettnach;Brettnach;FR;49.2575;6.5625;
Q21907046;Aÿ-Champagne;Aÿ-Champagne;FR;49.056111;4.004444;
Q21913;Hagondange;Hagondange;FR;49.254166666667;6.1680555555556;
Q21925;Uckange;Uckange;FR;49.3025;6.1552777777778;
Q219310;Saint-Rambert-d'Albon;Saint-Rambert-d'Albon;FR;45.293888888889;4.8169444444444;
Q2193158;Whitwell;Whitwell;GB;54.387780555556;-1.5661611111111;
Q2193195;Achnasheen;Achnasheen;GB;57.579666;-5.073197;
Q219321;Saint-Vallier;Saint-Vallier;FR;45.178611111111;4.8152777777778;
Q219330;Pietrasanta;Pietrasanta;IT;43.94519;10.21827;
Q21933434;Alto Reno Terme;Alto Reno Terme;IT;44.160277777778;10.973333333333;
Q21934;Hertzing;Hertzing;FR;48.6875;6.9519444444444;
Q21935401;Loireauxence;Loireauxence;FR;47.439444444444;-1.0247222222222;
Q21936;Louvigny;Louvigny;FR;48.961666666667;6.1844444444444;
Q2194010;Sunbury-on-Thames;Sunbury-on-Thames;GB;51.425;-0.42;
Q2194250;Penkridge;Penkridge;GB;52.7252;-2.1164;
Q219444;Porcari;Porcari;IT;43.84152;10.61632;
Q21945;Loupershouse;Loupershouse;FR;49.081111111111;6.9136111111111;
Q21947;Marimont-lès-Bénestroff;Marimont-lès-Bénestroff;FR;48.889166666667;6.7833333333333;
Q21948460;Saint-Thégonnec Loc-Eguiner;Saint-Thégonnec-Loc-Eguiner;FR;48.5212;-3.9463;
Q219641;San Romano in Garfagnana;San Romano in Garfagnana;IT;44.166666666667;10.35;
Q219670;Sauveterre-la-Lémance;Sauveterre-la-Lémance;FR;44.589444444444;1.0147222222222;
Q21970572;Castel Ivano;Castel Ivano;IT;46.06636;11.52357;
Q21971;Herny;Herny;FR;48.999166666667;6.4816666666667;
Q2197148;Balloch;Balloch;GB;57.495029;-4.115023;
Q21979;Sarralbe;Sarralbe;FR;48.996111111111;7.0277777777778;
Q21979618;Ancy-Dornot;Ancy-Dornot;FR;49.0575;6.0589;
Q21979620;Val-de-Moder;Val-de-Moder;FR;48.845277;7.611666;
Q21979637;Provenchères-et-Colroy;Provenchères-et-Colroy;FR;48.3077777778;7.07944444444;
Q21979638;Thaon-les-Vosges;Thaon-les-Vosges;FR;48.250507;6.419456;
Q21979649;Pays de Belvès;Pays-de-Belvès;FR;44.776962;1.005596;
Q21979655;Val de Virvée;Val de Virvée;FR;45.02;-0.40555555555555556;
Q21979660;Le Rouget-Pers;Le Rouget-Pers;FR;44.8552777778;2.2325;
Q21979666;Les Abrets en Dauphiné;Les Abrets-en-Dauphiné;FR;45.5375;5.58583333333;
Q21979671;Chambaron sur Morge;Chambaron sur Morge;FR;45.9681;3.1614;
Q21979674;Aime-la-Plagne;Aime-la-Plagne;FR;45.559739;6.651616;
Q21979682;Hauts de Bienne;Hauts-de-Bienne;FR;46.5227777778;6.02305555556;
Q21979695;Val-Fouzon;Val-Fouzon;FR;47.2138888889;1.60666666667;
Q21979697;Montrichard Val de Cher;Montrichard Val de Cher;FR;47.3436111111;1.18416666667;
Q21979702;Laissac-Sévérac l'Église;Laissac-Sévérac l'Église;FR;44.3817;2.8233;
Q21979707;Bourgs sur Colagne;Bourgs-sur-Colagne;FR;44.52472;3.26611;
Q21979810;Vire Normandie;Vire Normandie;FR;48.838611;-0.889167;
Q21979837;Grand Bourgtheroulde;Grand Bourgtheroulde;FR;49.2991666667;0.874444444444;
Q21979856;Le Val d'Hazey;Le Val-d'Hazey;FR;49.1744444444;1.33527777778;
Q21979914;Loire-Authion;Loire-Authion;FR;47.4138888889;-0.317777777778;
Q21981;Rombas;Rombas;FR;49.249444444444;6.0947222222222;
Q2198178;Halewood;Halewood;GB;53.3599;-2.84;
Q21982;Sanry-sur-Nied;Sanry-sur-Nied;FR;49.052777777778;6.3438888888889;
Q21983;Yutz;Yutz;FR;49.358888888889;6.1886111111111;
Q21984;Metzeresche;Metzeresche;FR;49.298055555556;6.3080555555556;
Q220;Rome;Rome;IT;41.893055555556;12.482777777778;
Q220073;Utebo;Utebo;ES;41.7140829;-0.9943593;
Q2200856;Gilberdyke;Gilberdyke;GB;53.751955555556;-0.73606666666667;
Q2201156;Meldreth;Meldreth;GB;52.1;0.0;
Q22013;Enchenberg;Enchenberg;FR;49.013611111111;7.3386111111111;
Q220145;Mouscron;Mouscron;BE;50.7444;3.2156;
Q22015;Hestroff;Hestroff;FR;49.262222222222;6.4347222222222;
Q22020;Moyeuvre-Grande;Moyeuvre-Grande;FR;49.252777777778;6.0458333333333;
Q22023;Romelfing;Romelfing;FR;48.830277777778;7.025;
Q22025;Éguelshardt;Éguelshardt;FR;49.018888888889;7.4919444444444;
Q22026;Valmont;Valmont;FR;49.085;6.6991666666667;
Q22027;Zetting;Zetting;FR;49.080555555556;7.1302777777778;
Q22028;Rohrbach-lès-Bitche;Rohrbach-lès-Bitche;FR;49.045277777778;7.265;
Q220307;Saubusse;Saubusse;FR;43.657222222222;-1.1866666666667;
Q22038;Réchicourt-le-Château;Réchicourt-le-Château;FR;48.665;6.8405555555556;
Q2204179;Llandeilo;Llandeilo;GB;51.8841;-3.99918;
Q22042;Sarraltroff;Sarraltroff;FR;48.773888888889;7.0627777777778;
Q22044;Sarreinsming;Sarreinsming;FR;49.088888888889;7.1086111111111;
Q22046;Metzervisse;Metzervisse;FR;49.315;6.2858333333333;
Q22052;Arona;Arona;IT;45.756944444444;8.56;
Q22057;Malling;Malling;FR;49.422777777778;6.2963888888889;
Q220592;Blanquefort;Blanquefort;FR;44.910555555556;-0.6375;
Q22060;Niederstinzel;Niederstinzel;FR;48.8625;7.0313888888889;
Q2206041;Arisaig;Arisaig;GB;56.911;-5.84252;
Q220668;Roquebrune-Cap-Martin;Roquebrune-Cap-Martin;FR;43.757222222222;7.4741666666667;
Q22067;Mittersheim;Mittersheim;FR;48.861111111111;6.9419444444444;
Q220673;Mougins;Mougins;FR;43.6;6.9947222222222;
Q22070;Bellinzago Novarese;Bellinzago Novarese;IT;45.55073705;8.6497705;
Q2207274;Barleythorpe;Barleythorpe;GB;52.68;-0.74;
Q2208569;Thurgarton;Thurgarton;GB;53.04;-0.97;
Q22095;Bolzano Novarese;Bolzano Novarese;IT;45.7649;8.446;
Q22098;Borgo Ticino;Borgo Ticino;IT;45.683333333333;8.6;
Q221011;Ripabottoni;Ripabottoni;IT;41.683333333333;14.816666666667;
Q2210157;Weeley;Weeley;GB;51.85;1.1166666666667;
Q22105;Borgolavezzaro;Borgolavezzaro;IT;45.316666666667;8.7;
Q22108;Amnéville;Amnéville;FR;49.260833333333;6.1419444444444;
Q22110;Avricourt;Avricourt;FR;48.650833333333;6.8063888888889;
Q22111;Borgomanero;Borgomanero;IT;45.7;8.4666666666667;
Q2211727;Newington;Newington;GB;51.092;1.1144;
Q221193;Seravezza;Seravezza;IT;44.0;10.233333333333;
Q22125;Caltignaga;Caltignaga;IT;45.516666666667;8.5833333333333;
Q22135;Carpignano Sesia;Carpignano Sesia;IT;45.533333333333;8.4333333333333;
Q221377;Viareggio;Viareggio;IT;43.8672392;10.2506055;
Q221408;Plougonver;Plougonver;FR;48.484722222222;-3.3786111111111;
Q2214089;Llanwrtyd Wells;Llanwrtyd Wells;GB;52.1054;-3.6411;
Q22144;Petit-Réderching;Petit-Réderching;FR;49.054444444444;7.3041666666667;
Q22145;Casaleggio Novara;Casaleggio Novara;IT;45.483333333333;8.5;
Q22146;Réding;Réding;FR;48.751388888889;7.1069444444444;
Q22147;Kœnigsmacker;Kœnigsmacker;FR;49.393333333333;6.2769444444444;
Q22150;Béning-lès-Saint-Avold;Béning-lès-Saint-Avold;FR;49.131944444444;6.8391666666667;
Q221517;Pont-l'Évêque;Pont-l'Évêque;FR;49.285555555556;0.18388888888889;
Q22152;Hombourg-Budange;Hombourg-Budange;FR;49.296111111111;6.3455555555556;
Q2217594;Churchill;Churchill;GB;52.415297222222;-2.1731472222222;
Q22179;Farébersviller;Farébersviller;FR;49.114722222222;6.8636111111111;
Q221831;Cubzac-les-Ponts;Cubzac-les-Ponts;FR;44.970555555556;-0.45416666666667;
Q22190;Rémelfing;Rémelfing;FR;49.091666666667;7.0922222222222;
Q22191;Cressa;Cressa;IT;45.65;8.5166666666667;
Q22199;Hundling;Hundling;FR;49.106944444444;6.9813888888889;
Q2220232;Hildenborough;Hildenborough;GB;51.214;0.242;
Q2220778;Ashtead;Ashtead;GB;51.3101;-0.2986;
Q22214;Novéant-sur-Moselle;Novéant-sur-Moselle;FR;49.021666666667;6.0463888888889;
Q22216;Dormelletto;Dormelletto;IT;45.733333333333;8.5666666666667;
Q22230;Héming;Héming;FR;48.694166666667;6.9666666666667;
Q2223506;Wigston Magna;Wigston Magna;GB;52.585666666667;-1.1065;
Q2224167;Biggleswade;Biggleswade;GB;52.0855;-0.2557;
Q22249;Wœlfling-lès-Sarreguemines;Wœlfling-lès-Sarreguemines;FR;49.085277777778;7.1741666666667;
Q22262;Ippling;Ippling;FR;49.106111111111;7.0044444444444;
Q22267;Wittring;Wittring;FR;49.054444444444;7.1461111111111;
Q2227457;Wigton;Wigton;GB;54.823;-3.159;
Q22276;Saint-Jean-de-Bassel;Saint-Jean-de-Bassel;FR;48.803611111111;6.9905555555556;
Q2227727;Halling;Halling;GB;51.351419444444;0.44133055555556;
Q2227805;Worstead;Worstead;GB;52.783091666667;1.4131166666667;
Q222962;Saint-Aubin-des-Landes;Saint-Aubin-des-Landes;FR;48.094166666667;-1.2952777777778;
Q2229694;Kirkby-in-Furness;Kirkby-in-Furness;GB;54.231;-3.187;
Q22299;Sierck-les-Bains;Sierck-les-Bains;FR;49.4425;6.3602777777778;
Q22300;Woippy;Woippy;FR;49.151111111111;6.1513888888889;
Q22305;Oberstinzel;Oberstinzel;FR;48.794166666667;7.0341666666667;
Q22312;Peltre;Peltre;FR;49.075;6.2238888888889;
Q223157;Plestan;Plestan;FR;48.423888888889;-2.4469444444444;
Q223162;Monéteau;Monéteau;FR;47.85;3.5783333333333;
Q223257;Lucy-sur-Cure;Lucy-sur-Cure;FR;47.628611111111;3.7430555555556;
Q2232624;Westerfield;Westerfield;GB;52.083;1.172;
Q22330;Fénétrange;Fénétrange;FR;48.845555555556;7.0197222222222;
Q22336;Philippsbourg;Philippsbourg;FR;48.983333333333;7.5672222222222;
Q2233618;Llanrwst;Llanrwst;GB;53.1371;-3.79378;
Q22338583;Cornouailles;Cornwall;GB;50.416669444444;-4.75;
Q223434;Antrodoco;Antrodoco;IT;42.416666666667;13.083333333333;
Q22346;Falck;Falck;FR;49.224166666667;6.6377777777778;
Q223505;La Houssière;La Houssière;FR;48.195277777778;6.8538888888889;
Q223509;Castel Sant’Angelo;Castel Sant'Angelo;IT;42.4;13.016666666667;
Q2235181;Kirkby;Kirkby;GB;54.446011111111;-1.1704888888889;
Q22353;Morhange;Morhange;FR;48.923611111111;6.6358333333333;
Q22356;Lesse;Lesse;FR;48.963611111111;6.5047222222222;
Q22362;Farschviller;Farschviller;FR;49.093333333333;6.8941666666667;
Q22365;Rémelfang;Rémelfang;FR;49.270555555556;6.5097222222222;
Q223699;Callac;Callac;FR;48.404166666667;-3.4277777777778;
Q22377;Vaudreching;Vaudreching;FR;49.284444444444;6.5247222222222;
Q22381;Théding;Théding;FR;49.128333333333;6.8930555555556;
Q2238306;Whittlesford;Whittlesford;GB;52.113380555556;0.15118888888889;
Q22386;Lutzelbourg;Lutzelbourg;FR;48.734444444444;7.2513888888889;
Q22387;Lipsheim;Lipsheim;FR;48.491388888889;7.6658333333333;
Q22390;Mutzig;Mutzig;FR;48.538611111111;7.4541666666667;
Q22392;Diemeringen;Diemeringen;FR;48.941666666667;7.1866666666667;
Q223927;Gembloux;Gembloux;BE;50.5594;4.6922;
Q22394;Lemberg;Lemberg;FR;49.004166666667;7.3794444444444;
Q2240072;Johnstone;Johnstone;GB;55.833333333333;-4.5;
Q224012;Saint-Méloir-des-Ondes;Saint-Méloir-des-Ondes;FR;48.6375;-1.9030555555556;
Q22402;Gros-Réderching;Gros-Réderching;FR;49.067777777778;7.2186111111111;
Q224039;Cittaducale;Cittaducale;IT;42.383333333333;12.95;
Q22407;Racrange;Racrange;FR;48.922777777778;6.6733333333333;
Q224073;Collevecchio;Collevecchio;IT;42.33368;12.55329;
Q224109;Contigliano;Contigliano;IT;42.416666666667;12.766666666667;
Q224131;Fara in Sabina;Fara in Sabina;IT;42.19022815;12.6962106;
Q224136;Forano;Forano;IT;42.3;12.6;
Q22414;Gundershoffen;Gundershoffen;FR;48.905555555556;7.6630555555556;
Q224144;Greccio;Greccio;IT;42.45;12.75;
Q22416;La Vancelle;La Vancelle;FR;48.286111111111;7.3038888888889;
Q22418;Schweighouse-sur-Moder;Schweighouse-sur-Moder;FR;48.819166666667;7.7280555555556;
Q22421;Saales;Saales;FR;48.348333333333;7.1058333333333;
Q22422;Hœnheim;Hoenheim;FR;48.624166666667;7.7547222222222;
Q22427;Cocheren;Cocheren;FR;49.143333333333;6.8563888888889;
Q224274;Poussay;Poussay;FR;48.320555555556;6.1238888888889;
Q22431;Bischwiller;Bischwiller;FR;48.766388888889;7.8569444444444;
Q224316;Poggio Mirteto;Poggio Mirteto;IT;42.267222222222;12.688611111111;
Q22435;Lauterbourg;Lauterbourg;FR;48.975277777778;8.1738888888889;
Q224357;Saxon-Sion;Saxon-Sion;FR;48.425833333333;6.0788888888889;
Q2243637;Maesteg;Maesteg;GB;51.61;-3.65;
Q22438;Entzheim;Entzheim;FR;48.534722222222;7.6372222222222;
Q22445;Brulange;Brulange;FR;48.970277777778;6.5497222222222;
Q22446;Garbagna Novarese;Garbagna Novarese;IT;45.4;8.6666666666667;
Q224460;Venarey-les-Laumes;Venarey-les-Laumes;FR;47.541944444444;4.4452777777778;
Q224587;Stimigliano;Stimigliano;IT;42.3;12.566666666667;
Q22462;Gozzano;Gozzano;IT;45.75;8.4333333333333;
Q22465879;Bergün Filisur;Bergün Filisur;CH;46.65145;9.71847;
Q22479;Lesa;Lesa;IT;45.833333333333;8.5666666666667;
Q2248169;Dilton Marsh;Dilton Marsh;GB;51.249;-2.214;
Q22483;Ebersheim;Ebersheim;FR;48.303333333333;7.5;
Q22490;Marano Ticino;Marano Ticino;IT;45.633333333333;8.6333333333333;
Q22490623;Cheyres-Châbles;Cheyres-Châbles;CH;46.81063;6.78809;
Q2249269;Corcos;Corcos del Valle;ES;41.810277777778;-4.6927777777778;
Q22496;Goxwiller;Goxwiller;FR;48.432777777778;7.4847222222222;
Q22497;Meina;Meina;IT;45.788773;8.538827;
Q2250483;Gargrave;Gargrave;GB;53.984;-2.105;
Q22507;Ingwiller;Ingwiller;FR;48.873055555556;7.4769444444444;
Q22508;Momo;Momo;IT;45.583333;8.55;
Q22509;Schirmeck;Schirmeck;FR;48.478611111111;7.2191666666667;
Q22514;Menchhoffen;Menchhoffen;FR;48.859444444444;7.4983333333333;
Q22515;Gresswiller;Gresswiller;FR;48.535277777778;7.4305555555556;
Q22517;Erstein;Erstein;FR;48.421944444444;7.6611111111111;
Q22519;Minversheim;Minversheim;FR;48.785277777778;7.6222222222222;
Q22529;Oleggio;Oleggio;IT;45.6;8.6333333333333;
Q2253279;Burry Port;Burry Port;GB;51.69;-4.25;
Q22536;Orta San Giulio;Orta San Giulio;IT;45.8;8.4;
Q22544;Sarrebourg;Sarrebourg;FR;48.734722222222;7.0538888888889;
Q22554;Pettenasco;Pettenasco;IT;45.8308955;8.40629865;
Q225606;Marignier;Marignier;FR;46.090277777778;6.4997222222222;
Q2256121;Hartlebury;Hartlebury;GB;52.333333333333;-2.2333333333333;
Q225616;Plouaret;Plouaret;FR;48.611944444444;-3.4725;
Q225751;Penne-d'Agenais;Penne-d'Agenais;FR;44.388611111111;0.81888888888889;
Q225755;Audun-le-Roman;Audun-le-Roman;FR;49.370277777778;5.8958333333333;
Q22618;San Pietro Mosezzo;San Pietro Mosezzo;IT;45.45;8.55;
Q22634;Suno;Suno;IT;45.633333333333;8.5333333333333;
Q22636;Wissembourg;Wissembourg;FR;49.0375;7.9461111111111;
Q22637;Brumath;Brumath;FR;48.731944444444;7.7083333333333;
Q22639;Schiltigheim;Schiltigheim;FR;48.606944444444;7.7491666666667;
Q22640;Thionville;Thionville;FR;49.35805555555555;6.168333333333333;
Q22641;Trecate;Trecate;IT;45.433333333333;8.7333333333333;
Q226419;Ugny;Ugny;FR;49.471388888889;5.6986111111111;
Q22642;Sarreguemines;Sarreguemines;FR;49.110555555556;7.0672222222222;
Q22643;Geispolsheim;Geispolsheim;FR;48.515;7.6463888888889;
Q22644;Vaprio d'Agogna;Vaprio d'Agogna;IT;45.6;8.55;
Q22646;Varallo Pombia;Varallo Pombia;IT;45.666666666667;8.6333333333333;
Q2264712;L'Ènova;L'Ènova;ES;39.044444;-0.482222;
Q2264759;Middleton;Middleton;GB;54.258469444444;-0.7999;
Q226476;Pontrieux;Pontrieux;FR;48.698333333333;-3.1594444444444;
Q22650;Vespolate;Vespolate;IT;45.35;8.6666666666667;
Q2265463;San Isidro;San Isidro;ES;38.166944444444;-0.84;
Q22659;Apach;Apach;FR;49.458888888889;6.3747222222222;
Q2267945;Moriscos;Moriscos;ES;41.008333333333;-5.5833333333333;
Q22690;Metz;Metz;FR;49.119722222222;6.1769444444444;
Q226941;Zottegem;Zottegem;BE;50.866666666667;3.8166666666667;
Q22697;Molsheim;Molsheim;FR;48.542777777778;7.4922222222222;
Q2269865;Backwell;Backwell;GB;51.4131;-2.7398;
Q22700;Hoffen;Hoffen;FR;48.929722222222;7.9422222222222;
Q22703;Forbach;Forbach;FR;49.188055555556;6.9;
Q22727;Obernai;Obernai;FR;48.462222222222;7.4819444444444;
Q2272941;Tywyn;Tywyn;GB;52.58694444444444;-4.0872222222222225;
Q22730;Haguenau;Haguenau;FR;48.816666666667;7.7877777777778;
Q2273404;Pannal;Pannal;GB;53.960938888889;-1.5362305555556;
Q22737;Sélestat;Sélestat;FR;48.259444444444;7.4541666666667;
Q22739;Hettange-Grande;Hettange-Grande;FR;49.405833333333;6.1530555555556;
Q22740;Bouxwiller;Bouxwiller;FR;48.825277777778;7.4827777777778;
Q22741;Saverne;Saverne;FR;48.741388888889;7.3619444444444;
Q22749;Lorentzen;Lorentzen;FR;48.9525;7.1747222222222;
Q22754;Bitche;Bitche;FR;49.051666666667;7.4252777777778;
Q22758;Barr;Barr;FR;48.408055555556;7.4497222222222;
Q22764;Bischoffsheim;Bischoffsheim;FR;48.486944444444;7.4894444444444;
Q22769;Adamswiller;Adamswiller;FR;48.904722222222;7.2027777777778;
Q2277250;Portslade;Portslade;GB;50.844;-0.216;
Q22775;Dachstein;Dachstein;FR;48.560833333333;7.5319444444444;
Q22776;Benfeld;Benfeld;FR;48.370555555556;7.5922222222222;
Q22778;Drusenheim;Drusenheim;FR;48.761944444444;7.9516666666667;
Q227783;Bulligny;Bulligny;FR;48.576944444444;5.8502777777778;
Q22779;Duppigheim;Duppigheim;FR;48.528611111111;7.5936111111111;
Q227795;Cesson-Sévigné;Cesson-Sévigné;FR;48.120833333333;-1.6036111111111;
Q22802;Alteckendorf;Alteckendorf;FR;48.792777777778;7.5944444444444;
Q2280322;Banstead;Banstead;GB;51.322;-0.204;
Q2280939;Horley;Horley;GB;51.1736;-0.1721;
Q22810;Dorlisheim;Dorlisheim;FR;48.525;7.4858333333333;
Q2281068;Yeadon;Yeadon;GB;53.869;-1.688;
Q2281091;Worksop;Worksop;GB;53.309722222222;-1.1227777777778;
Q2281103;Kenilworth;Kenilworth;GB;52.341;-1.566;
Q22813;Dettwiller;Dettwiller;FR;48.753888888889;7.4666666666667;
Q2281750;Darsham;Darsham;GB;52.274847222222;1.5423694444444;
Q2282115;Gretna;Gretna;GB;54.994;-3.062;
Q2285773;Capenhurst;Capenhurst;GB;53.258;-2.95;
Q22870;Mundolsheim;Mundolsheim;FR;48.643611111111;7.7141666666667;
Q22875;Wingen-sur-Moder;Wingen-sur-Moder;FR;48.920277777778;7.3761111111111;
Q2287588;Rutherglen;Rutherglen;GB;55.828;-4.224;
Q228782;Ceintrey;Ceintrey;FR;48.525;6.165;
Q2287962;Cliffsend;Cliffsend;GB;51.328969444444;1.3659111111111;
Q22889;Bath;Bath;GB;51.381388888888885;-2.359722222222222;
Q22892;Frohmuhl;Frohmuhl;FR;48.909444444444;7.2816666666667;
Q22894;Munchhausen;Munchhausen;FR;48.921111111111;8.1463888888889;
Q22902;Hœrdt;Hœrdt;FR;48.696388888889;7.7838888888889;
Q22905;Bradford;Bradford;GB;53.794444444444444;-1.7519444444444443;
Q22912;Rémilly;Rémilly;FR;49.013611111111;6.3933333333333;
Q22916;Plaine;Plaine;FR;48.418333333333;7.1455555555556;
Q22918;Reyersviller;Reyersviller;FR;49.041388888889;7.395;
Q2292266;Manea;Manea;GB;52.48;0.17;
Q22926;Hombourg-Haut;Hombourg-Haut;FR;49.125833333333;6.7780555555556;
Q22933;Bouzonville;Bouzonville;FR;49.291944444444;6.5344444444444;
Q229339;Champigneulles;Champigneulles;FR;48.733611111111;6.1644444444444;
Q229688;Migennes;Migennes;FR;47.964722222222;3.5166666666667;
Q2297044;Ilford;Ilford;GB;51.5575;0.08583333333333334;
Q2297559;Ebbw Vale;Ebbw Vale;GB;51.7779;-3.2117;
Q229792;Montmédy;Montmédy;FR;49.519444444444;5.3658333333333;
Q2298016;Kirk Hammerton;Kirk Hammerton;GB;53.9946;-1.2903;
Q22990;Rosheim;Rosheim;FR;48.496666666667;7.4694444444444;
Q2300574;Rishton;Rishton;GB;53.770111111111;-2.4187027777778;
Q2301207;Invershin;Invershin;GB;57.9242;-4.40007;
Q23018530;Alpago;Alpago;IT;46.1263;12.3525;
Q23022;Edesheim;Edesheim;DE;49.264166666667;8.1344444444444;
Q2302200;La Floresta;La Floresta;ES;41.511666666667;0.92083333333333;
Q23028;Puçol;Puçol;ES;39.616667;-0.301111;
Q2303243;Shiplake;Shiplake;GB;51.503;-0.899;
Q2304321;Dormansland;Dormansland;GB;51.1656;0.008;
Q23047;Cahors;Cahors;FR;44.4475;1.4405555555556;
Q23051;Swansea;Swansea;GB;51.616666666667;-3.95;
Q2305226;Wishaw;Wishaw;GB;55.774166666666666;-3.9183333333333334;
Q23063;Disley;Disley;GB;53.357;-2.043;
Q23073;Elne;Elne;FR;42.600277777778;2.9711111111111;
Q2307322;Overton;Overton;GB;53.994377777778;-1.1565666666667;
Q2311675;Corwen;Corwen;GB;52.98;-3.379;
Q2313618;Codsall;Codsall;GB;52.626711111111;-2.1923694444444;
Q23154;Bristol;Bristol;GB;51.45361111111111;-2.5975;
Q2315450;Ellingham;Ellingham;GB;52.478811111111;1.4748305555556;
Q231554;La Ciotat;La Ciotat;FR;43.176111111111;5.6080555555556;
Q231568;Zwalin;Zwalm;BE;50.8769;3.7256;
Q2316216;Chirk;Chirk;GB;52.930261111111;-3.05025;
Q231720;Honfleur;Honfleur;FR;49.418888888889;0.23305555555556;
Q231771;Montfort-sur-Meu;Montfort-sur-Meu;FR;48.138055555556;-1.9558333333333;
Q23178;Bisceglie;Bisceglie;IT;41.240933333333;16.502061111111;
Q23187;Canosa di Puglia;Canosa di Puglia;IT;41.216666666667;16.066666666667;
Q231904;Diarville;Diarville;FR;48.395277777778;6.1325;
Q2319224;Goring-on-Thames;Goring-on-Thames;GB;51.523;-1.135;
Q23203;Minervino Murge;Minervino Murge;IT;41.1;16.083333333333;
Q2321266;Sandbach;Sandbach;GB;53.146;-2.367;
Q2321329;Poulton-le-Fylde;Poulton-le-Fylde;GB;53.847;-2.995;
Q232135;Saint-Jean-de-Luz;Saint-Jean-de-Luz;FR;43.390277777778;-1.6597222222222;
Q2321381;Needham Market;Needham Market;GB;52.1518;1.0561;
Q2321706;Kingston upon Thames;Kingston upon Thames;GB;51.4103;-0.2995;
Q2322168;Somerleyton;Somerleyton;GB;52.5178;1.6614;
Q23238;Baveno;Baveno;IT;45.9;8.5;
Q23247;Belgirate;Belgirate;IT;45.8444288;8.57785295;
Q23253;Spinazzola;Spinazzola;IT;40.966666666667;16.083333333333;
Q232567;Salon-de-Provence;Salon-de-Provence;FR;43.640555555556;5.0972222222222;
Q23269;Trinitapoli;Trinitapoli;IT;41.35;16.1;
Q2330263;Rufford;Rufford;GB;53.633;-2.819;
Q23309970;Askam in Furness;Askam in Furness;GB;54.18333;-3.21667;
Q23311;Londres;London;GB;51.51555555555556;-0.09305555555555554;
Q233133;La Teste-de-Buch;La Teste-de-Buch;FR;44.630995;-1.14823;
Q23314;Craveggia;Craveggia;IT;46.14055555555556;8.489722222222222;
Q23316;Crevoladossola;Crevoladossola;IT;46.1475;8.296111111111111;
Q2332298;Saltburn-by-the-Sea;Saltburn-by-the-Sea;GB;54.5828;-0.9732;
Q23325;Domodossola;Domodossola;IT;46.11611111111111;8.29111111111111;
Q23328;Druogno;Druogno;IT;46.13472222222222;8.433055555555555;
Q2334989;Watlington;Watlington;GB;51.645;-1.008;
Q2335054;Whittlesey;Whittlesey;GB;52.556680555556;-0.13071944444444;
Q2335129;Chorleywood;Chorleywood;GB;51.65;-0.51;
Q2335721;Brandon;Brandon;GB;52.4474;0.6242;
Q2338272;Bromborough;Bromborough;GB;53.336;-2.978;
Q2338468;South Woodham Ferrers;South Woodham Ferrers;GB;51.651;0.6124;
Q2338783;Kirton in Lindsey;Kirton in Lindsey;GB;53.4759;-0.5887;
Q2339370;Pegswood;Pegswood;GB;55.1798;-1.6442;
Q2339390;Rawcliffe;Rawcliffe;GB;53.980838888889;-1.1133888888889;
Q2341564;Up Holland;Up Holland;GB;53.541;-2.728;
Q234178;Bangor;Bangor;GB;53.228;-4.128;
Q234205;Vallauris;Vallauris;FR;43.579722222222;7.0533333333333;
Q2342139;Guiseley;Guiseley;GB;53.875;-1.706;
Q2342197;Eccles;Eccles;GB;53.4824;-2.339;
Q2342234;Mytholmroyd;Mytholmroyd;GB;53.73;-1.981;
Q2342439;Sawley;Sawley;GB;54.105088888889;-1.6219;
Q2342447;Pleasington;Pleasington;GB;53.7338;-2.544;
Q234270;Montélimar;Montélimar;FR;44.558611111111;4.7508333333333;
Q234274;Manosque;Manosque;FR;43.833333333333;5.7830555555556;
Q234281;Saint-Raphaël;Saint-Raphaël;FR;43.424722222222;6.7677777777778;
Q23436;Édimbourg;Edinburgh;GB;55.95333333333333;-3.1891666666666665;
Q2345424;Shirebrook;Shirebrook;GB;53.2048;-1.2197;
Q2345990;Seaham;Seaham;GB;54.84;-1.34;
Q234704;Vitré;Vitré;FR;48.123333333333;-1.2094444444444;
Q2347528;Llantwit Major;Llantwit Major;GB;51.4062;-3.47503;
Q2347568;Stanstead St Margarets;Stanstead St Margarets;GB;51.79;0.0;
Q2347600;South Benfleet;South Benfleet;GB;51.5455;0.5686;
Q23482;Marseille;Marseille;FR;43.296666666667;5.3763888888889;
Q234924;Tarascon;Tarascon;FR;43.805;4.6594444444444;
Q2351369;Great Bentley;Great Bentley;GB;51.8521;1.0648;
Q235163;Cefalù;Cefalù;IT;38.039480555556;14.022061111111;
Q235382;Quimperlé;Quimperlé;FR;47.872777777778;-3.5497222222222;
Q2355142;Shotton;Shotton;GB;53.209;-3.042;
Q235733;Villenave-d'Ornon;Villenave-d'Ornon;FR;44.779444444444;-0.56694444444444;
Q235739;Saint-Chamond;Saint-Chamond;FR;45.476388888889;4.5147222222222;
Q2357393;Chelford;Chelford;GB;53.27;-2.279;
Q2357929;Antingham;Antingham;GB;52.8525;1.3518805555556;
Q235865;Miramas;Miramas;FR;43.581388888889;5.0013888888889;
Q23590;Gravellona Toce;Gravellona Toce;IT;45.933333333333;8.4333333333333;
Q2361606;Syston;Syston;GB;52.7;-1.08;
Q23617;Malesco;Malesco;IT;46.126666666666665;8.500555555555556;
Q2361780;Chapel-en-le-Frith;Chapel-en-le-Frith;GB;53.322;-1.917;
Q23627;Masera;Masera;IT;46.13666666666666;8.32638888888889;
Q23636;Mergozzo;Mergozzo;IT;45.966666666667;8.4333333333333;
Q2363869;Turtmann-Unterems;Turtmann-Unterems;CH;46.301943;7.703883;
Q236570;Barsac;Barsac;FR;44.609166666667;-0.31416666666667;
Q236609;Tende;Tende;FR;44.087777777778;7.5936111111111;
Q23662;Omegna;Omegna;IT;45.878055555555555;8.406944444444445;
Q23665;Ornavasso;Ornavasso;IT;45.966666666667;8.4;
Q23669;Pallanzeno;Pallanzeno;IT;46.041666666667;8.2586111111111;
Q23671;Piedimulera;Piedimulera;IT;46.02361111111111;8.259166666666667;
Q236736;Vernon;Vernon;FR;49.091666666667;1.485;
Q23674;Pieve Vergonte;Pieve Vergonte;IT;46.005833333333;8.2691666666667;
Q23683;Premosello-Chiovenda;Premosello-Chiovenda;IT;46.0;8.3333333333333;
Q2368943;Thorpe-le-Soken;Thorpe-le-Soken;GB;51.857;1.164;
Q23690;Re;Re;IT;46.13055555555555;8.544166666666667;
Q23695;Santa Maria Maggiore;Santa Maria Maggiore;IT;46.133333333333;8.4666666666667;
Q2369961;Springfield;Springfield;GB;51.747;0.509;
Q23700;Stresa;Stresa;IT;45.88361111111111;8.539444444444445;
Q23706;Trasquera;Trasquera;IT;46.21277777777778;8.214166666666667;
Q23707;Trontano;Trontano;IT;46.12222222222222;8.333333333333334;
Q23713;Varzo;Varzo;IT;46.2075;8.2533333333333;
Q237250;Thetford;Thetford;GB;52.41;0.74;
Q237253;Great Yarmouth;Great Yarmouth;GB;52.60777777777778;1.7330555555555556;
Q23726;Villadossola;Villadossola;IT;46.073611111111;8.2669444444444;
Q23735;Vogogna;Vogogna;IT;46.007777777777775;8.293611111111112;
Q237432;Corbonod;Corbonod;FR;45.969722222222;5.8102777777778;
Q2374484;Colne;Colne;GB;53.8554;-2.1756;
Q237516;Martigues;Martigues;FR;43.405277777778;5.0475;
Q2375704;Great Shelford;Great Shelford;GB;52.150380555556;0.13575;
Q2376078;Stevenston;Stevenston;GB;55.633333333333;-4.7666666666667;
Q2376216;Clifton;Clifton;GB;51.46;-2.62;
Q2377854;Crich;Crich;GB;53.084;-1.479;
Q2379443;Swinton;Swinton;GB;54.149538888889;-0.83936111111111;
Q238039;Bourg-Saint-Maurice;Bourg-Saint-Maurice;FR;45.616666666667;6.7686111111111;
Q238205;Voiron;Voiron;FR;45.363333333333;5.59;
Q238366;Annonay;Annonay;FR;45.24;4.6708333333333;
Q238393;Bagnères-de-Luchon;Bagnères-de-Luchon;FR;42.790555555556;0.59388888888889;
Q238469;Beautiran;Beautiran;FR;44.703611111111;-0.45222222222222;
Q238803;Maidenhead;Maidenhead;GB;51.516666666667;-0.71666666666667;
Q239;Bruxelles;Brussels;BE;50.846666666666664;4.351666666666667;
Q2390066;Seer Green;Seer Green;GB;51.618;-0.605;
Q2390371;Burscough;Burscough;GB;53.6001;-2.8446;
Q239078;Romans-sur-Isère;Romans-sur-Isère;FR;45.045555555556;5.0508333333333;
Q239091;Croix;Croix;FR;50.674722222222;3.1538888888889;
Q2391907;Wetheral;Wetheral;GB;54.880833333333335;-2.833611111111111;
Q23930;Lantenay;Lantenay;FR;47.342222222222;4.8666666666667;
Q239317;Mandelieu-la-Napoule;Mandelieu-la-Napoule;FR;43.545555555556;6.9375;
Q23935;Velars-sur-Ouche;Velars-sur-Ouche;FR;47.320555555556;4.9047222222222;
Q239496;Sheringham;Sheringham;GB;52.933333333333;1.2166666666667;
Q239631;Carry-le-Rouet;Carry-le-Rouet;FR;43.331944444444;5.1519444444444;
Q239858;Montluel;Montluel;FR;45.851666666667;5.0563888888889;
Q239863;Virieu-le-Grand;Virieu-le-Grand;FR;45.849166666667;5.6516666666667;
Q2398901;Hawarden;Hawarden;GB;53.182;-3.02;
Q239957;Sainte-Cécile-d'Andorge;Sainte-Cécile-d'Andorge;FR;44.251944444444;3.9761111111111;
Q239967;La Grand-Combe;La Grand-Combe;FR;44.211111111111;4.0294444444444;
Q2405262;Terre di Pedemonte;Terre di Pedemonte;CH;46.183327;8.733332;
Q2405351;Parton;Parton;GB;54.569722222222225;-3.5791666666666666;
Q240798;Montigny-le-Bretonneux;Montigny-le-Bretonneux;FR;48.770555555556;2.0325;
Q240858;Hénin-Beaumont;Hénin-Beaumont;FR;50.421111111111;2.95;
Q2409970;Corpach;Corpach;GB;56.843;-5.123;
Q241069;Gedinne;Gedinne;BE;49.980555555555554;4.936944444444444;
Q24117;Flaviac;Flaviac;FR;44.7475;4.6738888888889;
Q241298;Albenga;Albenga;IT;44.049113888889;8.2130166666667;
Q241490;Laroquebrou;Laroquebrou;FR;44.968611111111;2.1916666666667;
Q241533;Brion;Brion;FR;46.172777777778;5.5525;
Q241693;Anguillara Sabazia;Anguillara Sabazia;IT;42.088333333333;12.2775;
Q241717;Anzio;Anzio;IT;41.44722222;12.62833333;
Q241744;Ariccia;Ariccia;IT;41.716666666667;12.666666666667;
Q241758;Arsoli;Arsoli;IT;42.04046;13.01781;
Q241767;Plasence;Plasencia;ES;40.0275;-6.0908333333333;
Q241791;Bracciano;Bracciano;IT;42.1;12.183333;
Q241940;Givet;Givet;FR;50.138055555556;4.8241666666667;
Q242105;Castel Gandolfo;Castel Gandolfo;IT;41.746944444444445;12.651944444444444;
Q242191;Montereau-Fault-Yonne;Montereau-Fault-Yonne;FR;48.383055555556;2.9480555555556;
Q2423015;Ardgay;Ardgay;GB;57.8811;-4.36288;
Q24233;Coux;Coux;FR;44.733888888889;4.6202777777778;
Q242497;Tremblay-en-France;Tremblay-en-France;FR;48.956111111111;2.5763888888889;
Q242505;Cerveteri;Cerveteri;IT;42.0075;12.105;
Q242513;Ciampino;Ciampino;IT;41.8;12.6;
Q242533;Civitavecchia;Civitavecchia;IT;42.1;11.8;
Q242553;Colleferro;Colleferro;IT;41.72868;13.00314;
Q242558;Colonna;Colonna;IT;41.833333;12.75;
Q242617;Èze;Èze;FR;43.727777777778;7.3611111111111;
Q242683;Genzano di Roma;Genzano di Roma;IT;41.702222222222;12.6925;
Q242710;Guidonia Montecelio;Guidonia Montecelio;IT;41.99682;12.72614;
Q2427568;Church;Church;GB;53.755288888889;-2.38665;
Q242779;Labico;Labico;IT;41.783333333333;12.883333333333;
Q242784;Ladispoli;Ladispoli;IT;41.954444444444;12.074166666667;
Q242793;Lanuvio;Lanuvio;IT;41.683333333333;12.7;
Q242893;Manziana;Manziana;IT;42.133333333333;12.133333333333;
Q242917;Marcellina;Marcellina;IT;42.023611111111;12.806944444444;
Q242926;Marino;Marino;IT;41.766666666667;12.666666666667;
Q242990;Montelibretti;Montelibretti;IT;42.133333333333;12.733333333333;
Q242998;Monterotondo;Monterotondo;IT;42.05;12.616666666667;
Q243002;Cassis;Cassis;FR;43.215555555556;5.5372222222222;
Q243032;Azay-le-Rideau;Azay-le-Rideau;FR;47.261388888889;0.46611111111111;
Q24306292;Barton;Barton;GB;53.685;-0.441;
Q243074;Pont-Saint-Esprit;Pont-Saint-Esprit;FR;44.256388888889;4.6483333333333;
Q243104;Vonnas;Vonnas;FR;46.219166666667;4.9908333333333;
Q243116;Nettuno;Nettuno;IT;41.466667;12.666667;
Q243172;Pomezia;Pomezia;IT;41.669305555556;12.502083333333;
Q243271;Roviano;Roviano;IT;42.02575;12.99436;
Q243317;Marignane;Marignane;FR;43.416944444444;5.2147222222222;
Q243402;Saint-Mard;Saint-Mard;FR;49.038333333333;2.6952777777778;
Q243425;Santa Marinella;Santa Marinella;IT;42.033333333333;11.85;
Q24343260;Llanbradach and Pwllypant;Llanbradach and Pwllypant;GB;51.60965;-3.24035;
Q243514;Valmontone;Valmontone;IT;41.783333333333;12.916666666667;
Q243521;Vicovaro;Vicovaro;IT;42.01782;12.89691;
Q243579;Meximieux;Meximieux;FR;45.904444444444;5.1944444444444;
Q243586;Ambarès-et-Lagrave;Ambarès-et-Lagrave;FR;44.924722222222;-0.48666666666667;
Q243644;Ala;Ala;IT;45.76072;11.00458;
Q243682;Bassens;Bassens;FR;44.903333333333;-0.51694444444444;
Q243724;Dompierre-sur-Besbre;Dompierre-sur-Besbre;FR;46.522222222222;3.6811111111111;
Q243849;Elvas;Elvas;PT;38.88;-7.1627777777778;
Q243851;Coudekerque-Branche;Coudekerque-Branche;FR;51.024722222222;2.3908333333333;
Q243868;Saint-Martin-d'Hères;Saint-Martin-d'Hères;FR;45.183611111111;5.7552777777778;
Q243898;Coutras;Coutras;FR;45.040833333333;-0.12888888888889;
Q243915;Aimargues;Aimargues;FR;43.684722222222;4.2086111111111;
Q243944;Avio;Avio;IT;45.73396;10.93938;
Q243963;Uchaud;Uchaud;FR;43.756944444444;4.2694444444444;
Q244248;Orthez;Orthez;FR;43.488055555556;-0.77083333333333;
Q244249;Manduel;Manduel;FR;43.818333333333;4.4733333333333;
Q244316;Carimate;Carimate;IT;45.7;9.1166666666667;
Q244324;Guadix;Guadix;ES;37.300555555555555;-3.135;
Q244508;Bréval;Bréval;FR;48.944166666667;1.5336111111111;
Q24454;Troisvierges;Troisvierges;LU;50.116666666667;6.0;
Q244607;Laives;Laives;IT;46.422819;11.334771;
Q244718;La Garde;La Garde;FR;43.124722222222;6.0105555555556;
Q244747;Tudela;Tudela;ES;42.065277777778;-1.6066666666667;
Q244934;Bergues;Bergues;FR;50.968611111111;2.4341666666667;
Q2449644;Haslemere;Haslemere;GB;51.0899;-0.7117;
Q2449737;Stone;Stone;GB;52.9;-2.15;
Q2450421;Saxmundham;Saxmundham;GB;52.215;1.487;
Q2450973;Lapford;Lapford;GB;50.866666666667;-3.8;
Q245195;Saint-Péray;Saint-Péray;FR;44.948611111111;4.845;
Q2452442;Meerssen;Meerssen;NL;50.8858;5.7508;
Q2454022;Burnham-on-Crouch;Burnham-on-Crouch;GB;51.6284;0.8145;
Q2454255;Stowmarket;Stowmarket;GB;52.19;1.0;
Q245497;Lacapelle-Viescamp;Lacapelle-Viescamp;FR;44.922777777778;2.2627777777778;
Q2456978;Kirknewton;Kirknewton;GB;55.567;-2.14;
Q245721;Saint-Geniès-de-Malgoirès;Saint-Geniès-de-Malgoirès;FR;43.945555555556;4.2166666666667;
Q2458749;Whimple;Whimple;GB;50.766538888889;-3.3568388888889;
Q24599;Loulay;Loulay;FR;46.046944444444;-0.51222222222222;
Q2462645;Leighton Buzzard;Leighton Buzzard;GB;51.9165;-0.6617;
Q2462654;Yarm;Yarm;GB;54.505;-1.348;
Q2462661;Alfreton;Alfreton;GB;53.1;-1.383333;
Q2462685;Retford;Retford;GB;53.3169;-0.9408;
Q2462696;Snodland;Snodland;GB;51.328;0.4467;
Q246326;Gazeran;Gazeran;FR;48.633888888889;1.7736111111111;
Q2464851;Frodsham;Frodsham;GB;53.295;-2.725;
Q246524;Borgo Valsugana;Borgo Valsugana;IT;46.05;11.45;
Q24665473;Yatton;Yatton;GB;51.97326;-2.53491;
Q24667609;Billingshurst;Billingshurst;GB;51.02129;-0.45977;
Q246884;Lewes;Lewes;GB;50.874722222222225;0.011666666666666665;
Q2469852;Mountain Ash;Mountain Ash;GB;51.6814;-3.37916;
Q2469984;Gourock;Gourock;GB;55.95;-4.82;
Q2471323;Horden;Horden;GB;54.7651;-1.3139;
Q2472406;Ammanford;Ammanford;GB;51.8;-3.993;
Q2479247;Adlington;Adlington;GB;53.319;-2.133;
Q2484893;Hensall;Hensall;GB;53.7039;-1.1059;
Q24873;Bianzè;Bianzè;IT;45.3;8.1166666666667;
Q2487574;Atherington;Atherington;GB;50.99;-4.0091666666667;
Q24879;Brême;Bremen;DE;53.075833333333335;8.807222222222222;
Q24883;Borgo Vercelli;Borgo Vercelli;IT;45.366666666667;8.4666666666667;
Q2490472;Lyminster and Crossbush;Lyminster and Crossbush;GB;50.84199;-0.5478;
Q2491525;Brampton;Brampton;GB;54.9409;-2.7329;
Q24938064;Mont Lozère et Goulet;Mont Lozère et Goulet;FR;44.48722;3.73583;
Q24938139;Cloyes-les-Trois-Rivières;Cloyes-les-Trois-Rivières;FR;47.9978;1.2358;
Q24939857;Valloire-sur-Cisse;Valloire-sur-Cisse;FR;47.5261111111;1.24805555556;
Q2495374;Selling;Selling;GB;51.2711;0.9218;
Q2495560;Wendens Ambo;Wendens Ambo;GB;52.005;0.20388888888889;
Q249906;Águeda;Águeda;PT;40.58051944444444;-8.441666666666666;
Q2499345;Dronfield;Dronfield;GB;53.3024;-1.4664;
Q2499366;Dalston;Dalston;GB;51.545;-0.07;
Q249941;Águilas;Águilas;ES;37.404166666667;-1.5819444444444;
Q25036;Crescentino;Crescentino;IT;45.20567575;8.1098647;
Q250555;Aurec-sur-Loire;Aurec-sur-Loire;FR;45.369166666667;4.2016666666667;
Q25066;Fontanetto Po;Fontanetto Po;IT;45.2;8.1833333333333;
Q250679;Pougny;Pougny;FR;46.139722222222;5.9494444444444;
Q250746;Álora;Álora;ES;36.8232264;-4.7020115;
Q2507659;Val-de-Ruz;Val-de-Ruz;CH;47.061947777778;6.9118311111111;
Q25136;Livorno Ferraris;Livorno Ferraris;IT;45.283333333333;8.0833333333333;
Q251414;Beauzac;Beauzac;FR;45.259166666667;4.0986111111111;
Q25166;Palazzolo Vercellese;Palazzolo Vercellese;IT;45.183333333333;8.2333333333333;
Q251727;Milvignes;Milvignes;CH;46.966666666667;6.8666666666667;
Q251903;Bicester;Bicester;GB;51.9;-1.15;
Q25196;Rovasenda;Rovasenda;IT;45.533333333333;8.3166666666667;
Q2519746;Theale;Theale;GB;51.437;-1.077;
Q25203;Saluggia;Saluggia;IT;45.233333333333;8.0166666666667;
Q25204;San Germano Vercellese;San Germano Vercellese;IT;45.35;8.25;
Q25206;Santhià;Santhià;IT;45.366666666667;8.1666666666667;
Q25213;Trino;Trino;IT;45.195277777778;8.2961111111111;
Q25214;Tronzano Vercellese;Tronzano Vercellese;IT;45.35;8.1666666666667;
Q252974;Le Bourget-du-Lac;Le Bourget-du-Lac;FR;45.648333333333;5.8597222222222;
Q2530172;Willaston;Willaston;GB;53.082;-2.479;
Q253179;Schwarzach im Pongau;Schwarzach im Pongau;AT;47.322222222222;13.15;
Q25333;Alle;Alle;CH;47.4257;7.1291;
Q2537605;Haddenham;Haddenham;GB;52.358;0.149;
Q25396680;Deux Rivières;Deux Rivières;FR;47.68388888888889;3.6916666666666664;
Q254139;Levanto;Levanto;IT;44.169683333333;9.6122333333333;
Q254829;Collioure;Collioure;FR;42.525555555556;3.0808333333333;
Q2548710;Hoveton;Hoveton;GB;52.713269444444;1.4096;
Q2551138;Thornton;Thornton;GB;51.997;-0.918;
Q2556975;Hemsworth;Hemsworth;GB;53.61;-1.35;
Q2559795;Garforth;Garforth;GB;53.792;-1.388;
Q25607;Saint-Gall;St. Gallen;CH;47.423333333333;9.3772222222222;
Q256765;Brunico;Bruneck;IT;46.796319;11.935512;
Q2567716;Pencoed;Pencoed;GB;51.5228;-3.50474;
Q2568532;Flitwick;Flitwick;GB;52.003838888889;-0.49656111111111;
Q2568545;Princes Risborough;Princes Risborough;GB;51.723977777778;-0.83441944444444;
Q2569076;March;March;GB;52.54;0.07;
Q2569086;New Mills;New Mills;GB;53.367;-2.007;
Q2569138;Leyland;Leyland;GB;53.69027777777778;-2.6991666666666667;
Q2569184;Wendover;Wendover;GB;51.7675;-0.745;
Q2569221;Formby;Formby;GB;53.5586;-3.0666;
Q2569297;Shifnal;Shifnal;GB;52.665;-2.373;
Q2569319;Fenny Stratford;Fenny Stratford;GB;51.998;-0.715;
Q2570025;Chester-le-Street;Chester-le-Street;GB;54.8594;-1.5699;
Q257034;Kemble;Kemble;GB;51.67667;-2.01806;
Q257081;Calceranica al Lago;Calceranica al Lago;IT;46.00361111111111;11.2425;
Q2571140;Bloxwich;Bloxwich;GB;52.6158;-2.0162;
Q2571235;Darlaston;Darlaston;GB;52.5708;-2.0457;
Q2573389;Whickham;Whickham;GB;54.945580555556;-1.6726194444444;
Q257357;Caldonazzo;Caldonazzo;IT;46.0;11.266666666667;
Q257446;Holyhead;Holyhead;GB;53.316666666667;-4.6333333333333;
Q2574529;Stanford-le-Hope;Stanford-le-Hope;GB;51.514;0.4244;
Q2575062;Baildon;Baildon;GB;53.851;-1.763;
Q2575099;Audenshaw;Audenshaw;GB;53.4743;-2.1122;
Q2575415;Shildon;Shildon;GB;54.63;-1.65;
Q257694;Calliano;Calliano;IT;45.9391024;11.1154043;
Q2576971;Rainham;Rainham;GB;51.359463888889;0.60794722222222;
Q257979;Heist-op-den-Berg;Heist-op-den-Berg;BE;51.075833333333335;4.728611111111111;
Q2580055;Kennett;Kennett;GB;52.2879;0.4843;
Q25843;Remaufens;Remaufens;CH;46.516666666667;6.8666666666667;
Q258810;Salorno sulla Strada del Vino;Salorno sulla Strada del Vino;IT;46.23916666666667;11.212222222222222;
Q259263;Luc-la-Primaube;Luc-la-Primaube;FR;44.313888888889;2.535;
Q259283;Megève;Megève;FR;45.856944444444;6.6175;
Q2596952;Buxted;Buxted;GB;50.99;0.13;
Q2597496;Cheadle Hulme;Cheadle Hulme;GB;53.3761;-2.1897;
Q2598;Watford;Watford;GB;51.655277777777776;-0.3958333333333333;
Q2598252;Barrhead;Barrhead;GB;55.800144;-4.391272;
Q2600109;Yeoford;Yeoford;GB;50.7735;-3.7281;
Q2609579;Ditton;Ditton;GB;51.29485;0.4519;
Q261085;Lebrija;Lebrija;ES;36.919444444444;-6.0780555555556;
Q2610915;Par;Par;GB;50.3505;-4.7111;
Q2611576;Danby;Danby;GB;54.4677;-0.9097;
Q261404;Villeneuve-sur-Allier;Villeneuve-sur-Allier;FR;46.660277777778;3.2486111111111;
Q26163;Sandwich;Sandwich;GB;51.274722222222;1.3388888888889;
Q2618791;St Blazey;St Blazey;GB;50.3611;-4.7162;
Q2619833;Garve;Garve;GB;57.6143;-4.68481;
Q2621103;Saltwood;Saltwood;GB;51.0806;1.0776;
Q262456;Ardres;Ardres;FR;50.854722222222;1.9775;
Q26272025;Maldon;Maldon;GB;51.732;0.677;
Q2627257;Kellington;Kellington;GB;53.7182;-1.166;
Q26276612;Verneuil d'Avre et d'Iton;Verneuil d'Avre et d'Iton;FR;48.7394444444;0.928611111111;
Q262885;Louroux-de-Bouble;Louroux-de-Bouble;FR;46.225833333333;2.9777777777778;
Q26296883;Deventer;Deventer;NL;52.251111111111;6.16;
Q2632344;Down St Mary;Down St Mary;GB;50.825;-3.7833333333333;
Q2634;Naples;Naples;IT;40.83583333333333;14.248611111111112;
Q263456;La Réole;La Réole;FR;44.581066666667;-0.041219444444444;
Q26346809;Richings Park;Richings Park;GB;51.50051;-0.517491;
Q263473;Guillerval;Guillerval;FR;48.364722222222;2.1016666666667;
Q2636096;Ancaster;Ancaster;GB;52.97;-0.54;
Q263971;Bellenaves;Bellenaves;FR;46.200555555556;3.08;
Q263998;Diou;Diou;FR;46.534444444444;3.7444444444444;
Q26413668;Jaunay-Marigny;Jaunay-Marigny;FR;46.6863888889;0.370833333333;
Q264270;Retournac;Retournac;FR;45.203888888889;4.0333333333333;
Q264379;Saint-Georges-d'Aurac;Saint-Georges-d'Aurac;FR;45.156388888889;3.5408333333333;
Q264386;Salzuit;Salzuit;FR;45.21;3.4836111111111;
Q264416;Chalonnes-sur-Loire;Chalonnes-sur-Loire;FR;47.350555555556;-0.76388888888889;
Q2645701;Reedham;Reedham;GB;52.560180555556;1.5688888888889;
Q264583;Airole;Airole;IT;43.871883333333;7.5533777777778;
Q264778;Loudes;Loudes;FR;45.088055555556;3.7486111111111;
Q2648766;Radcliffe on Trent;Radcliffe-on-Trent;GB;52.95;-1.04;
Q2648868;Wressle;Wressle;GB;53.775680555556;-0.92443055555556;
Q2652265;Little Bookham;Little Bookham;GB;51.280369444444;-0.38974166666667;
Q265257;Arenzano;Arenzano;IT;44.403527777778;8.6827111111111;
Q265271;Cogoleto;Cogoleto;IT;44.389566666667;8.6461833333333;
Q265284;Mele;Mele;IT;44.445497222222;8.7479416666667;
Q265298;campo Ligure;Campo Ligure;IT;44.538088888889;8.6977916666667;
Q265325;Rossiglione;Rossiglione;IT;44.566667;8.666667;
Q2653611;Penmaenmawr;Penmaenmawr;GB;53.27;-3.928;
Q265528;Serra Riccò;Serra Riccò;IT;44.507758333333;8.93595;
Q265551;Busalla;Busalla;IT;44.571044444444;8.9453444444444;
Q2656;Palerme;Palermo;IT;38.115658055555556;13.361261944444445;
Q265605;Isola del Cantone;Isola del Cantone;IT;44.646141666667;8.9568611111111;
Q265626;Ronco Scrivia;Ronco Scrivia;IT;44.608205555556;8.9551666666667;
Q2656344;Chittlehamholt;Chittlehamholt;GB;50.97444;-3.925085;
Q265647;Trowbridge;Trowbridge;GB;51.32;-2.207;
Q26585;El Burgo Ranero;El Burgo Ranero;ES;42.422777777778;-5.2213888888889;
Q26602;Boñar;Boñar;ES;42.866666666667;-5.3227777777778;
Q2664179;Bargoed;Bargoed;GB;51.6851018;-3.2296591;
Q266515;Salhouse;Salhouse;GB;52.6708;1.3965694444444;
Q266592;Bogliasco;Bogliasco;IT;44.378241666667;9.0697888888889;
Q266604;Camogli;Camogli;IT;44.348397222222;9.1557583333333;
Q266620;Pieve Ligure;Pieve Ligure;IT;44.374808333333;9.0865972222222;
Q266630;Sori;Sori;IT;44.372686111111;9.1042333333333;
Q266648;Recco;Recco;IT;44.362088888889;9.143475;
Q2666702;Lathom;Lathom;GB;53.59;-2.82;
Q266707;Monnerville;Monnerville;FR;48.346944444444;2.0444444444444;
Q266794;Lavagna;Lavagna;IT;44.3121536;9.3417059;
Q266941;Chiavari;Chiavari;IT;44.316411111111;9.3237361111111;
Q266975;Santa Margherita Ligure;Santa Margherita Ligure;IT;44.334933333333;9.2101222222222;
Q267005;Moneglia;Moneglia;IT;44.238619444444;9.490275;
Q2672173;Ovingham;Ovingham;GB;54.966;-1.865;
Q26774476;High Bentham;High Bentham;GB;54.117777777777775;-2.51;
Q2679683;Woldingham;Woldingham;GB;51.286688888889;-0.03825;
Q2680071;Safiental;Safiental;CH;46.682492;9.315826;
Q268025;Vauvert;Vauvert;FR;43.693333333333;4.2761111111111;
Q2681239;Liss;Liss;GB;51.042777777778;-0.89194444444444;
Q268214;Bordighera;Bordighera;IT;43.778897222222;7.6721277777778;
Q268219;Renaix;Ronse;BE;50.75;3.6;
Q2682566;Clifton Hampden;Clifton Hampden;GB;51.667;-1.21;
Q268268;Camporosso;Camporosso;IT;43.815127777778;7.6284333333333;
Q2683;Parme;Parma;IT;44.801472222222;10.328;
Q26832610;Les Achards;Les Achards;FR;46.6194444444;-1.65777777778;
Q26836831;Goms;Goms;CH;46.483326;8.249993;
Q26849;Vienne;Vienne;FR;45.525555555556;4.8747222222222;
Q2685521;Starcross;Starcross;GB;50.6267;-3.4474;
Q2687567;East Harling;East Harling;GB;52.440111111111;0.93076111111111;
Q269225;Vergèze;Vergèze;FR;43.743333333333;4.22;
Q269268;Orgon;Orgon;FR;43.791388888889;5.0388888888889;
Q269346;Castillon-la-Bataille;Castillon-la-Bataille;FR;44.853333333333;-0.044444444444444;
Q269364;Joué-lès-Tours;Joué-lès-Tours;FR;47.350555555556;0.66166666666667;
Q269401;Arcis-sur-Aube;Arcis-sur-Aube;FR;48.53638888888889;4.141944444444444;
Q269440;Olivetta San Michele;Olivetta San Michele;IT;43.879727777778;7.5155583333333;
Q269667;Rheinfelden;Rheinfelden;CH;47.553888888889;7.7958333333333;
Q269706;Pont-d'Ain;Pont-d'Ain;FR;46.048333333333;5.3363888888889;
Q269732;Fécamp;Fécamp;FR;49.7575;0.37916666666667;
Q269823;Taggia;Taggia;IT;43.843858333333;7.8509277777778;
Q269833;Chauny;Chauny;FR;49.615555555556;3.2191666666667;
Q269874;Ustaritz;Ustaritz;FR;43.399444444444;-1.4563888888889;
Q269908;Marche-en-Famenne;Marche-en-Famenne;BE;50.2275;5.3444444444444;
Q269947;Arcola;Arcola;IT;44.114552777778;9.9058638888889;
Q27;Irlande;Ireland;IE;53.0;-8.0;
Q27000;Bagheria;Bagheria;IT;38.083333333333;13.5;
Q270032;Bonassola;Bonassola;IT;44.183436111111;9.5840916666667;
Q270151;Deiva Marina;Deiva Marina;IT;44.216667;9.516667;
Q270164;Framura;Framura;IT;44.208661111111;9.5544222222222;
Q270217;Monterosso al Mare;Monterosso al Mare;IT;44.146286111111;9.65555;
Q270220;Ortonovo;Luni;IT;44.084841666667;10.042027777778;
Q270294;Saint-Jean-Pied-de-Port;Saint-Jean-Pied-de-Port;FR;43.163222222222224;-1.2381111111111112;
Q270295;Riomaggiore;Riomaggiore;IT;44.099286111111;9.73745;
Q270307;Santo Stefano di Magra;Santo Stefano di Magra;IT;44.162480555556;9.9151333333333;
Q27031429;Thue et Mue;Thue et Mue;FR;49.211388888889;-0.51388888888889;
Q270328;Vernazza;Vernazza;IT;44.135161111111;9.6838527777778;
Q270362;Vezzano Ligure;Vezzano Ligure;IT;44.141186111111;9.8849222222222;
Q2704;Pescara;Pescara;IT;42.464277777778;14.214188888889;
Q27044250;Montval-sur-Loir;Montval-sur-Loir;FR;47.6953;0.4178;
Q270482;Alassio;Alassio;IT;44.007916666667;8.1730444444444;
Q270492;Albisola Superiore;Albisola Superiore;IT;44.339502777778;8.5101333333333;
Q270504;Altare;Altare;IT;44.3362;8.344;
Q270508;Andora;Andora;IT;43.958555555556;8.1394583333333;
Q270542;Borghetto Santo Spirito;Borghetto Santo Spirito;IT;44.109052777778;8.2413583333333;
Q270548;Borgio Verezzi;Borgio Verezzi;IT;44.160002777778;8.3046333333333;
Q270564;Cairo Montenotte;Cairo Montenotte;IT;44.397891666667;8.2777888888889;
Q270613;Celle Ligure;Celle Ligure;IT;44.3421;8.545575;
Q27061597;Morannes sur Sarthe-Daumeray;Morannes sur Sarthe-Daumeray;FR;47.7463888889;-0.415555555556;
Q270619;Cengio;Cengio;IT;44.38775;8.2084583333333;
Q27062359;Moult-Chicheboville;Moult-Chicheboville;FR;49.115278;-0.165;
Q270633;Thourout;Torhout;BE;51.06612448136476;3.10136976770668;
Q270708;Ceriale;Ceriale;IT;44.096575;8.2321027777778;
Q270723;Dego;Dego;IT;44.449319444444;8.3109833333333;
Q270737;Finale Ligure;Finale Ligure;IT;44.169072222222;8.3435361111111;
Q270761;Laigueglia;Laigueglia;IT;43.974511111111;8.1583111111111;
Q270768;Paulhaguet;Paulhaguet;FR;45.208055555556;3.5133333333333;
Q270782;Loano;Loano;IT;44.129002777778;8.2598222222222;
Q2708018;Ashley;Ashley;GB;52.22;0.47;
Q27098436;Peyre en Aubrac;Peyre en Aubrac;FR;44.72361;3.28472;
Q27098487;Saint Bonnet-Laval;Saint Bonnet-Laval;FR;44.81639;3.72083;
Q27098506;Saint-Pierre-en-Auge;Saint-Pierre-en-Auge;FR;49.018889;-0.0325;
Q271085;Sisteron;Sisteron;FR;44.19;5.9463888888889;
Q271090;Hirson;Hirson;FR;49.921666666667;4.0838888888889;
Q271133;Piana Crixia;Piana Crixia;IT;44.485372222222;8.3075305555556;
Q271152;Pietra Ligure;Pietra Ligure;IT;44.148747222222;8.2828166666667;
Q271174;Quiliano;Quiliano;IT;44.293113888889;8.4103083333333;
Q271236;Spotorno;Spotorno;IT;44.227108333333;8.4192027777778;
Q271322;Nurieux-Volognat;Nurieux-Volognat;FR;46.180277777778;5.5219444444444;
Q271329;Bohain-en-Vermandois;Bohain-en-Vermandois;FR;49.986388888889;3.4547222222222;
Q271358;Varazze;Varazze;IT;44.360005555556;8.5766361111111;
Q27139740;Mézidon Vallée d'Auge;Mézidon Vallée d'Auge;FR;49.07361111111111;-0.07;
Q2715192;Prestbury;Prestbury;GB;53.292841666667;-2.1451805555556;
Q271542;Jumeaux;Jumeaux;FR;45.431111111111;3.34;
Q271783;Turnhout;Turnhout;BE;51.316666666667;4.9333333333333;
Q272016;Champagne-sur-Seine;Champagne-sur-Seine;FR;48.397222222222;2.8011111111111;
Q2720261;Ystradgynlais;Ystradgynlais;GB;51.781011111111;-3.7510694444444;
Q27225787;Pays-de-Clerval;Pays-de-Clerval;FR;47.3930555556;6.49833333333;
Q27225805;Veuzain-sur-Loire;Veuzain-sur-Loire;FR;47.500277777777775;1.175;
Q272347;Gannat;Gannat;FR;46.1;3.1983333333333;
Q272440;Reugny;Reugny;FR;46.461944444444;2.6147222222222;
Q272528;Pauillac;Pauillac;FR;45.2;-0.74861111111111;
Q2725983;Greenham;Greenham;GB;51.383333333333;-1.3;
Q2729767;Eastergate;Eastergate;GB;50.841661111111;-0.65791944444444;
Q273015;Huriel;Huriel;FR;46.373055555556;2.4766666666667;
Q273017;Évian-les-Bains;Évian-les-Bains;FR;46.400555555556;6.59;
Q273021;Alba-la-Romaine;Alba-la-Romaine;FR;44.555;4.5980555555556;
Q273059;Cascais;Cascais;PT;38.696944444444;-9.4205555555556;
Q273145;Vieille-Brioude;Vieille-Brioude;FR;45.264722222222;3.4047222222222;
Q273295;Vorey;Vorey;FR;45.186388888889;3.91;
Q273316;Écaussinnes;Écaussinnes;BE;50.566666666667;4.1833333333333;
Q27343364;Montmoreau;Montmoreau;FR;45.4;0.1317;
Q273442;Aerschot;Aarschot;BE;50.9842;4.8333;
Q273445;École-Valentin;École-Valentin;FR;47.272222222222;5.9847222222222;
Q2734822;Conisbrough;Conisbrough;GB;53.479;-1.227;
Q2734845;Henley-in-Arden;Henley-in-Arden;GB;52.291;-1.778;
Q273522;Étaples;Étaples;FR;50.517777777778;1.6405555555556;
Q273670;Écommoy;Écommoy;FR;47.828333333333;0.27305555555556;
Q2736813;Ingleby Greenhow;Ingleby Greenhow;GB;54.449311111111;-1.1045805555556;
Q2737424;Mansfield Woodhouse;Mansfield Woodhouse;GB;53.16;-1.19;
Q273767;Thiel-sur-Acolin;Thiel-sur-Acolin;FR;46.523333333333;3.5816666666667;
Q273877;Santarém;Santarém;PT;39.23916666666667;-8.686944444444444;
Q273888;Génolhac;Génolhac;FR;44.349722222222;3.9494444444444;
Q2738948;Goxhill;Goxhill;GB;53.677497222222;-0.33292777777778;
Q273922;Saint-Herblain;Saint-Herblain;FR;47.211388888889;-1.6511111111111;
Q274183;Bagnols-sur-Cèze;Bagnols-sur-Cèze;FR;44.1625;4.62;
Q274193;Cap-d'Ail;Cap-d'Ail;FR;43.721111111111;7.4055555555556;
Q2742;Münster;Münster;DE;51.9625;7.6255555555556;
Q274245;Aixe-sur-Vienne;Aixe-sur-Vienne;FR;45.796388888889;1.1361111111111;
Q274249;Massy;Massy;FR;48.730555555556;2.2763888888889;
Q274325;Loos;Loos;FR;50.612222222222;3.0136111111111;
Q274333;Beauvoisin;Beauvoisin;FR;43.718333333333;4.3236111111111;
Q274412;Bédarieux;Bédarieux;FR;43.615930555556;3.1588055555556;
Q274525;Égletons;Égletons;FR;45.406388888889;2.0452777777778;
Q2745384;Cononley;Cononley;GB;53.918;-2.018;
Q274555;Éguzon-Chantôme;Éguzon-Chantôme;FR;46.442222222222;1.5825;
Q274589;Cernay;Cernay;FR;47.806666666667;7.1758333333333;
Q274619;Chenonceaux;Chenonceaux;FR;47.331944444444;1.0683333333333;
Q274703;Mionnay;Mionnay;FR;45.895;4.9297222222222;
Q274716;Saint-Paul-de-Varax;Saint-Paul-de-Varax;FR;46.098888888889;5.1283333333333;
Q2747261;Feniton;Feniton;GB;50.786611111111;-3.2825694444444;
Q274801;Éloyes;Éloyes;FR;48.095833333333;6.6094444444444;
Q2748757;West Runton;West Runton;GB;52.9377;1.24405;
Q2749;Augsbourg;Augsburg;DE;48.36888888888889;10.897777777777778;
Q27494;Zermatt;Zermatt;CH;46.0193;7.7461;
Q2749481;Duffield;Duffield;GB;52.9891;-1.4889;
Q2749964;Kintbury;Kintbury;GB;51.399;-1.449;
Q2751;Sienne;Siena;IT;43.318333333333;11.331388888889;
Q2751552;Thurston;Thurston;GB;52.249938888889;0.8259;
Q2752670;Penyffordd;Penyffordd;GB;53.149;-3.03;
Q275438;Argenton-sur-Creuse;Argenton-sur-Creuse;FR;46.588888888889;1.5191666666667;
Q2756002;Port Sunlight;Port Sunlight;GB;53.355;-2.994;
Q275609;Biganos;Biganos;FR;44.644166666667;-0.97833333333333;
Q275689;Caldas da Rainha;Caldas da Rainha;PT;39.406916666667;-9.13625;
Q27576;Wettingen;Wettingen;CH;47.46586;8.32666;
Q275824;Sainte-Florine;Sainte-Florine;FR;45.405277777778;3.3172222222222;
Q275862;Óbidos;Óbidos;PT;39.361952;-9.157131;
Q27619;Varennes-Vauzelles;Varennes-Vauzelles;FR;47.012222222222;3.1463888888889;
Q2762400;Broomfleet;Broomfleet;GB;53.734688888889;-0.66457222222222;
Q27625;Tronsanges;Tronsanges;FR;47.112777777778;3.0530555555556;
Q276274;Wolverton;Wolverton;GB;52.0625;-0.8166666666666667;
Q27647;Tracy-sur-Loire;Tracy-sur-Loire;FR;47.319444444444;2.9105555555556;
Q2765;Gelsenkirchen;Gelsenkirchen;DE;51.51027777777778;7.094166666666666;
Q27664;Verneuil;Verneuil;FR;46.866944444444;3.5697222222222;
Q2771917;Abergele;Abergele;GB;53.28;-3.58;
Q277374;Bojano;Bojano;IT;41.483333333333;14.466666666667;
Q277413;campolieto;Campolieto;IT;41.633333333333;14.766666666667;
Q277418;campomarino;Campomarino;IT;41.956666666667;15.034444444444;
Q277423;Casacalenda;Casacalenda;IT;41.741388888889;14.848888888889;
Q277643;Larino;Larino;IT;41.8;14.916666666667;
Q2777788;Laxton (Northamptonshire);Laxton;GB;52.5564;-0.5996;
Q277853;Petacciato;Petacciato;IT;42.016666666667;14.866666666667;
Q277893;Luc;Luc;FR;44.650277777778;3.8908333333333;
Q2779500;Nateby;Nateby;GB;54.455419444444;-2.3494;
Q2779533;Parbold;Parbold;GB;53.5934;-2.7649;
Q278271;Vinchiaturo;Vinchiaturo;IT;41.5;14.583333333333;
Q278352;Freilassing;Freilassing;DE;47.833333333333;12.966666666667;
Q27838602;Val d'Oingt;Val d'Oingt;FR;45.9211111111;4.58611111111;
Q278931;Carpinone;Carpinone;IT;41.6;14.316666666667;
Q279;Modène;Modena;IT;44.64582;10.92572;
Q2790;Udine;Udine;IT;46.066666666667;13.233333333333;
Q27922737;Margaux-Cantenac;Margaux-Cantenac;FR;45.0419444444;-0.675555555556;
Q279294;Montaquila;Montaquila;IT;41.566666666667;14.116666666667;
Q2793287;Staveley;Staveley;GB;54.059580555556;-1.44105;
Q279373;Rovereto;Rovereto;IT;45.883333333333;11.034166666667;
Q279681;Thouars;Thouars;FR;46.975;-0.21527777777778;
Q279682;Sesto Campano;Sesto Campano;IT;41.416666666667;14.083333333333;
Q279711;Venafro;Venafro;IT;41.483333333333;14.05;
Q28001362;Meaulne-Vitray;Meaulne-Vitray;FR;46.598333333333;2.615;
Q28009455;Coteaux-sur-Loire;Coteaux-sur-Loire;FR;47.2872222222;0.3075;
Q280296;Tain-l'Hermitage;Tain-l'Hermitage;FR;45.070555555556;4.8425;
Q28035756;Estavayer;Estavayer;CH;46.850002777778;6.8472277777778;
Q28039988;Beaumont Saint-Cyr;Beaumont Saint-Cyr;FR;46.7383333333;0.429444444444;
Q2807;Madrid;Madrid;ES;40.41694444444445;-3.703333333333333;
Q280721;La Riba;La Riba;ES;41.318716;1.178104;
Q281272;Linares;Linares;ES;38.1;-3.633333;
Q2814;Halle-sur-Saale;Halle (Saale);DE;51.48277777777778;11.969722222222222;
Q281632;Humanes de Madrid;Humanes de Madrid;ES;40.25388888888889;-3.8277777777777775;
Q281749;Stroud;Stroud;GB;51.744166666667;-2.215;
Q282382;Vandoies;Vintl;IT;46.81518;11.720782;
Q283163;La Pobla Llarga;La Pobla Llarga;ES;39.0854584;-0.4772459;
Q2833;Fribourg-en-Brisgau;Freiburg im Breisgau;DE;47.995;7.85;
Q283318;Navalperal de Pinares;Navalperal de Pinares;ES;40.594444444444;-4.4108333333333;
Q28335194;Vald'Yerre;Vald'Yerre;FR;48.100555555556;1.1230555555556;
Q28335204;Douzy;Douzy;FR;49.671388888889;5.0408333333333;
Q28335208;Étalans;Étalans;FR;47.151388888889;6.2683333333333;
Q28335215;Langeais;Langeais;FR;47.325555555556;0.40611111111111;
Q283609;Assemini;Assemini;IT;39.2896713;9.0048409;
Q2836339;Moreton;Moreton;GB;50.7033;-2.2793;
Q28381883;Quillan;Quillan;FR;42.875277777778;2.1819444444444;
Q283844;Decimomannu;Decimomannu;IT;39.311191;8.9703369;
Q283906;Elmas;Elmas;IT;39.2678792;9.0499878;
Q284348;Mexborough;Mexborough;GB;53.494166666666665;-1.2833333333333332;
Q284515;Métabief;Métabief;FR;46.773055555556;6.3516666666667;
Q28464310;Pontorson;Pontorson;FR;48.553333333333;-1.5072222222222;
Q28464551;Bornel;Bornel;FR;49.198333333333;2.2091666666667;
Q284855;Mersch;Mersch;LU;49.75;6.1;
Q285;Cognac;Cognac;FR;45.695833333333;-0.32916666666667;
Q285124;Siliqua;Siliqua;IT;39.3010962;8.8079453;
Q28520;Abbeville;Abbeville;FR;50.105277777778;1.8352777777778;
Q285323;Staines-upon-Thames;Staines-upon-Thames;GB;51.434;-0.511;
Q285411;Cardeñosa;Cardeñosa;ES;40.741666666667;-4.7452777777778;
Q285617;Villasor;Villasor;IT;39.3808853;8.9413261;
Q285695;Laifour;Laifour;FR;49.9125;4.6927777777778;
Q285778;Datchet;Datchet;GB;51.4841;-0.5762;
Q2865;Cassel;Kassel;DE;51.315777777778;9.4979166666667;
Q2867311;Chetnole;Chetnole;GB;50.869;-2.567;
Q286768;Villamassargia;Villamassargia;IT;39.2757199;8.6405754;
Q28681217;Murat;Murat;FR;45.11;2.8686111111111;
Q287123;Éperlecques;Éperlecques;FR;50.806388888889;2.1516666666667;
Q287148;Épernon;Épernon;FR;48.610833333333;1.6741666666667;
Q2871782;Newsham;Newsham;GB;54.485555555556;-1.8369444444444;
Q28723557;Carentan-les-Marais;Carentan-les-Marais;FR;49.303333333333;-1.2483333333333;
Q28726656;Hochfelden;Hochfelden;FR;48.759444444444;7.57;
Q28732226;Vermenton;Vermenton;FR;47.665;3.7352777777778;
Q287590;Launceston;Launceston;GB;50.635;-4.354;
Q287938;Samassi;Samassi;IT;39.4815205;8.9052773;
Q287986;San Gavino Monreale;San Gavino Monreale;IT;39.5498534;8.7916374;
Q288;Tours;Tours;FR;47.392777777778;0.68833333333333;
Q2880;Hamm;Hamm;DE;51.68138888888889;7.819166666666667;
Q2880645;Balcombe;Balcombe;GB;51.0567;-0.1371;
Q288082;Gainsborough;Gainsborough;GB;53.4016;-0.7732;
Q288201;Serramanna;Serramanna;IT;39.422777777778;8.9216666666667;
Q28898;Zaventem;Zaventem;BE;50.883333333333;4.4666666666667;
Q289852;Marinha Grande;Marinha Grande;PT;39.75;-8.9333333333333;
Q290077;Grigno;Grigno;IT;46.01601;11.63379;
Q29080;Ozzano dell'Emilia;Ozzano dell'Emilia;IT;44.45;11.483333333333;
Q2908915;Strumpshaw;Strumpshaw;GB;52.6171;1.4702;
Q290936;Étretat;Étretat;FR;49.706388888889;0.20666666666667;
Q2910;Ludwigshafen-sur-le-Rhin;Ludwigshafen;DE;49.481111111111;8.4352777777778;
Q291404;Évette-Salbert;Évette-Salbert;FR;47.675;6.7983333333333;
Q2916;Osnabrück;Osnabrück;DE;52.278888888889;8.0430555555556;
Q291902;Lavis;Lavis;IT;46.13901;11.11226;
Q2920373;Craignure;Craignure;GB;56.46;-5.71;
Q29234;Saint-Brieuc;Saint-Brieuc;FR;48.513611111111;-2.7602777777778;
Q2926314;Brough;Brough;GB;54.525611111111;-2.31875;
Q2926580;Brundall;Brundall;GB;52.624438888889;1.4337194444444;
Q29303;Canterbury;Canterbury;GB;51.278333333333;1.0775;
Q29352;Castelfranco Veneto;Castelfranco Veneto;IT;45.666666666667;11.933333333333;
Q29374;Castello di Godego;Castello di Godego;IT;45.7;11.883333333333;
Q294678;Levico Terme;Levico Terme;IT;46.016666666667;11.3;
Q294752;Borore;Borore;IT;40.2151936;8.8031387;
Q295248;Macomer;Macomer;IT;40.2643571;8.7750614;
Q295562;Mezzocorona;Mezzocorona;IT;46.216666666667;11.116666666667;
Q29650249;Montaigu-Vendée;Montaigu-Vendée;FR;46.97416667;-1.31361111;
Q2966;Heidelberg;Heidelberg;DE;49.4093582;8.694724;
Q2967298;Lenzie;Lenzie;GB;55.923;-4.153;
Q2972103;Hedge End;Hedge End;GB;50.9135;-1.3041;
Q2973;Darmstadt;Darmstadt;DE;49.866666666667;8.65;
Q2983467;Collingham;Collingham;GB;53.147777777778;-0.75916666666667;
Q298424;Pergine Valsugana;Pergine Valsugana;IT;46.066666666667;11.233333333333;
Q2986492;Lympstone;Lympstone;GB;50.646;-3.4298;
Q3001983;Cradley Heath;Cradley Heath;GB;52.473;-2.07908;
Q30041807;Boulazac Isle Manoire;Boulazac Isle Manoire;FR;45.182002777778;0.76284722222222;
Q300962;Roncegno;Roncegno Terme;IT;46.050833333333;11.41;
Q300970;Aalter;Aalter;BE;51.083333333333;3.45;
Q301082;Wem;Wem;GB;52.8555;-2.725;
Q3012;Ulm;Ulm;DE;48.39861111111111;9.991111111111111;
Q301556;Retiers;Retiers;FR;47.913333333333;-1.3819444444444;
Q302099;Requena;Requena;ES;39.488538;-1.1023083;
Q3022297;Denby Dale;Denby Dale;GB;53.572;-1.655;
Q3023805;Newton St Cyres;Newton St Cyres;GB;50.768;-3.592;
Q302444;Laboissière-en-Thelle;Laboissière-en-Thelle;FR;49.289722222222;2.1583333333333;
Q3025422;Polesworth;Polesworth;GB;52.615161111111;-1.6174305555556;
Q302872;Treorchy;Treorchy;GB;51.6594;-3.5055;
Q302893;Dereham;Dereham;GB;52.682197222222;0.94044444444444;
Q303559;Honeybourne;Honeybourne;GB;52.095;-1.831;
Q3036324;Pangbourne;Pangbourne;GB;51.4839;-1.0869111111111;
Q3041358;Dunlop;Dunlop;GB;55.7;-4.54;
Q305007;Fourmies;Fourmies;FR;50.017222222222;4.0533333333333;
Q305076;Droylsden;Droylsden;GB;53.4828;-2.1582;
Q305306;Torpes;Torpes;FR;47.169166666667;5.8905555555556;
Q30565;Melfi;Melfi;IT;40.996388888889;15.655833333333;
Q305994;Abbasanta;Abbasanta;IT;40.125833333333;8.8194444444444;
Q30712;Ailly-sur-Somme;Ailly-sur-Somme;FR;49.926666666667;2.1938888888889;
Q30743849;La Grande Béroche;La Grande Béroche;CH;46.90675;6.7633055555556;
Q30759;Ailly-sur-Noye;Ailly-sur-Noye;FR;49.756388888889;2.3633333333333;
Q3091189;Uddingston;Uddingston;GB;55.8183;-4.08275;
Q30940;Albert;Albert;FR;50.001944444444;2.6522222222222;
Q30974;Rouen;Rouen;FR;49.443055555556;1.1025;
Q3104;Coblence;Koblenz;DE;50.359722222222;7.5977777777778;
Q311975;Boston;Boston;GB;52.9746;-0.0214;
Q31201;Ygos-Saint-Saturnin;Ygos-Saint-Saturnin;FR;43.976111111111;-0.73666666666667;
Q3133261;Meopham;Meopham;GB;51.364;0.36;
Q3138;Trèves;Trier;DE;49.75565;6.63935;
Q314589;Longpré-les-Corps-Saints;Longpré-les-Corps-Saints;FR;50.0125;1.9952777777778;
Q314922;Fleurus;Fleurus;BE;50.483333333333;4.5333333333333;
Q3152568;Kirkburton;Kirkburton;GB;53.61;-1.703;
Q317082;Sotteville-lès-Rouen;Sotteville-lès-Rouen;FR;49.408611111111;1.0891666666667;
Q317287;Dambach-la-Ville;Dambach-la-Ville;FR;48.323888888889;7.4275;
Q317433;Les Mureaux;Les Mureaux;FR;48.993055555556;1.9083333333333;
Q317452;Bitschwiller-lès-Thann;Bitschwiller-lès-Thann;FR;47.830277777778;7.0802777777778;
Q3179174;Monifieth;Monifieth;GB;56.481;-2.82;
Q318071;Colomiers;Colomiers;FR;43.612777777778;1.3358333333333;
Q318082;Lunel;Lunel;FR;43.676944444444;4.1352777777778;
Q318085;Gardanne;Gardanne;FR;43.454444444444;5.4761111111111;
Q318168;Bergheim;Bergheim;FR;48.205277777778;7.3616666666667;
Q318227;Bannalec;Bannalec;FR;47.9325;-3.6969444444444;
Q318418;Vilvorde;Vilvoorde;BE;50.928138888889;4.4244888888889;
Q318432;Dol-de-Bretagne;Dol-de-Bretagne;FR;48.549722222222;-1.7508333333333;
Q318532;Wervicq;Wervik;BE;50.7797;3.04;
Q318535;Longwy;Longwy;FR;49.519722222222;5.7605555555556;
Q318759;Vimy;Vimy;FR;50.3725;2.8105555555556;
Q3190049;Chandler's Ford;Chandler's Ford;GB;50.984;-1.3792;
Q319282;Baccarat;Baccarat;FR;48.448611111111;6.7380555555556;
Q319369;Aberdare;Aberdare;GB;51.713055555556;-3.445;
Q319463;Nivelles;Nivelles;BE;50.5964;4.3236;
Q319536;Aberdyfi;Aberdyfi;GB;52.544380555556;-4.0444;
Q319538;Abererch;Abererch;GB;52.902;-4.386;
Q319792;Heusden-Zolder;Heusden-Zolder;BE;51.05;5.2833333333333;
Q319992;Abfaltersbach;Abfaltersbach;AT;46.756028;12.529;
Q320197;Villeneuve-Loubet;Villeneuve-Loubet;FR;43.658055555556;7.1213888888889;
Q320205;Château-Arnoux-Saint-Auban;Château-Arnoux-Saint-Auban;FR;44.093333333333;6.0083333333333;
Q320220;Cadaujac;Cadaujac;FR;44.755555555556;-0.53;
Q320271;Bantzenheim;Bantzenheim;FR;47.824722222222;7.5155555555556;
Q320282;Boucau;Boucau;FR;43.523611111111;-1.4866666666667;
Q320293;Bartenheim;Bartenheim;FR;47.634722222222;7.4758333333333;
Q320629;Fumay;Fumay;FR;49.993611111111;4.7069444444444;
Q321111;Breil-sur-Roya;Breil-sur-Roya;FR;43.937222222222;7.5144444444444;
Q321204;Ax-les-Thermes;Ax-les-Thermes;FR;42.719444444444;1.8388888888889;
Q321381;Abingdon-on-Thames;Abingdon-on-Thames;GB;51.67166666666667;-1.2783333333333333;
Q322;Llanfairpwllgwyngyll;Llanfairpwllgwyngyll;GB;53.223333;-4.199444;
Q322395;Bugeat;Bugeat;FR;45.598055555556;1.9272222222222;
Q322406;Gimont;Gimont;FR;43.626388888889;0.87666666666667;
Q322453;Paimpol;Paimpol;FR;48.777777777778;-3.0463888888889;
Q322723;Mouans-Sartoux;Mouans-Sartoux;FR;43.62;6.9719444444444;
Q322959;Chorges;Chorges;FR;44.545555555556;6.2763888888889;
Q322980;Brimeux;Brimeux;FR;50.444444444444;1.8338888888889;
Q323231;Aragona;Aragona;IT;37.407383333333;13.618944444444;
Q323399;Gravelines;Gravelines;FR;50.986388888889;2.1275;
Q323593;Vitry-en-Artois;Vitry-en-Artois;FR;50.325833333333;2.9830555555556;
Q323743;Charmes-sur-Rhône;Charmes-sur-Rhône;FR;44.863611111111;4.8352777777778;
Q324027;Pierrelatte;Pierrelatte;FR;44.3775;4.6961111111111;
Q324045;Chamborigaud;Chamborigaud;FR;44.301388888889;3.9777777777778;
Q324105;Nonancourt;Nonancourt;FR;48.776388888889;1.1930555555556;
Q324273;Combourg;Combourg;FR;48.408611111111;-1.7516666666667;
Q324488;Frasne;Frasne;FR;46.855555555556;6.1597222222222;
Q325043;Habsheim;Habsheim;FR;47.729444444444;7.4188888888889;
Q3250464;Tyndrum;Tyndrum;GB;56.4352;-4.71009;
Q32515;Richmond upon Thames;Richmond upon Thames;GB;51.447777777778;-0.32416666666667;
Q325169;Villeneuve-de-Berg;Villeneuve-de-Berg;FR;44.556944444444;4.5022222222222;
Q325192;La Voulte-sur-Rhône;La Voulte-sur-Rhône;FR;44.799444444444;4.7791666666667;
Q325426;Pinon;Pinon;FR;49.488333333333;3.4463888888889;
Q325587;Flavy-le-Martel;Flavy-le-Martel;FR;49.713333333333;3.1930555555556;
Q325894;Aubigny-en-Artois;Aubigny-en-Artois;FR;50.350833333333;2.5905555555556;
Q325946;Landerneau;Landerneau;FR;48.450833333333;-4.2494444444444;
Q326352;Bollwiller;Bollwiller;FR;47.857222222222;7.2619444444444;
Q326369;Conches-en-Ouche;Conches-en-Ouche;FR;48.960555555556;0.9425;
Q326398;Beaumont-le-Roger;Beaumont-le-Roger;FR;49.08;0.77722222222222;
Q326453;Rezé;Rezé;FR;47.181388888889;-1.5497222222222;
Q326520;Cestas;Cestas;FR;44.744444444444;-0.68222222222222;
Q326586;Marle;Marle;FR;49.74;3.7713888888889;
Q326771;Couvin;Couvin;BE;50.0519;4.4961;
Q326786;Alixan;Alixan;FR;44.975;5.0275;
Q326879;Valognes;Valognes;FR;49.509166666667;-1.4691666666667;
Q327025;Bruges;Bruges;FR;44.882777777778;-0.6125;
Q327168;North Walsham;North Walsham;GB;52.82138888888889;1.386111111111111;
Q327259;Crest;Crest;FR;44.728333333333;5.0222222222222;
Q327267;Cérons;Cérons;FR;44.631388888889;-0.33638888888889;
Q327669;Peillon;Peillon;FR;43.768611111111;7.3672222222222;
Q328015;Almada;Almada;PT;38.68027778;-9.15833333;
Q328077;Vertou;Vertou;FR;47.168055555556;-1.4713888888889;
Q328104;Blanckenberghe;Blankenberge;BE;51.3112;3.1324;
Q32839;Corcy;Corcy;FR;49.253888888889;3.2116666666667;
Q328427;Le Grau-du-Roi;Le Grau-du-Roi;FR;43.537222222222;4.1366666666667;
Q32859397;Sole Street;Sole Street;GB;51.385111111111;0.381;
Q328771;Rosporden;Rosporden;FR;47.960555555556;-3.8347222222222;
Q329103;Le Cateau-Cambrésis;Le Cateau-Cambrésis;FR;50.105277777778;3.5411111111111;
Q329276;Bourg-Madame;Bourg-Madame;FR;42.434166666667;1.9438888888889;
Q329621;Beauraing;Beauraing;BE;50.1089;4.9561;
Q329642;Ottignies-Louvain-la-Neuve;Ottignies-Louvain-la-Neuve;BE;50.666961111111;4.5892472222222;
Q329653;Landivisiau;Landivisiau;FR;48.509166666667;-4.0683333333333;
Q3296578;Attenborough;Attenborough;GB;52.905;-1.23;
Q329664;Le Creusot;Le Creusot;FR;46.800555555556;4.4402777777778;
Q329984;Úbeda;Úbeda;ES;38.011666666667;-3.3716666666667;
Q3306597;Meroux-Moval;Meroux-Moval;FR;47.595983333333;6.8971555555556;
Q330888;Arbois;Arbois;FR;46.902777777778;5.7738888888889;
Q331083;Saint-Priest;Saint-Priest;FR;45.696388888889;4.9438888888889;
Q331087;Creil;Creil;FR;49.257777777778;2.4827777777778;
Q331191;Abrantes;Abrantes;PT;39.464444444444;-8.1978194444444;
Q331579;Bollène;Bollène;FR;44.280277777778;4.7488888888889;
Q331624;Avion;Avion;FR;50.409722222222;2.8327777777778;
Q332034;La Fère;La Fère;FR;49.661666666667;3.3655555555556;
Q332310;Bailleul;Bailleul;FR;50.7375;2.7338888888889;
Q3327;Lourdes;Lourdes;FR;43.094166666666666;-0.04694444444444444;
Q332989;Loja;Loja;ES;37.166666666667;-4.15;
Q3332541;Toral de los Vados;Toral de los Vados;ES;42.54277777777778;-6.776111111111112;
Q333447;Aigueperse;Aigueperse;FR;46.0225;3.2022222222222;
Q333466;Andenne;Andenne;BE;50.483333333333;5.1;
Q333559;Granville;Granville;FR;48.838055555556;-1.5869444444444;
Q33421377;Amersfoort;Amersfoort;NL;52.155;5.3875;
Q334249;Beuvry;Beuvry;FR;50.519722222222;2.6794444444444;
Q33444227;Heerlen;Heerlen;NL;50.88365;5.98154;
Q3356676;Lawford;Lawford;GB;51.94;1.045;
Q336250;Lienz;Lienz;AT;46.829722222222;12.769722222222;
Q3367;Aoste;Aosta;IT;45.737222222222;7.3205555555556;
Q3372854;Addiewell;Addiewell;GB;55.847193;-3.609138;
Q3376;Trente;Trento;IT;46.06666667;11.11666667;
Q337636;Saint-Sébastien-sur-Loire;Saint-Sébastien-sur-Loire;FR;47.207222222222;-1.5025;
Q337804;Sainte-Marguerite;Sainte-Marguerite;FR;48.269166666667;6.9763888888889;
Q338174;Totana;Totana;ES;37.7710024;-1.5001618;
Q33843;Tannay;Tannay;FR;47.367777777778;3.5916666666667;
Q3395330;Cilmeri;Cilmeri;GB;52.1506;-3.45706;
Q3395358;Kidwelly;Kidwelly;GB;51.736;-4.307;
Q33959;Nice;Nice;FR;43.701944444444;7.2683333333333;
Q339608;Newton Aycliffe;Newton Aycliffe;GB;54.62;-1.58;
Q33962;Sanremo;Sanremo;IT;43.8175;7.775;
Q3396741;Skewen;Skewen;GB;51.65817;-3.84674;
Q3397684;Pontarddulais;Pontarddulais;GB;51.71;-4.04;
Q3398810;Tal-y-bont;Tal-y-bont;GB;52.4803;-3.97943;
Q3398853;Trawsfynydd;Trawsfynydd;GB;52.902238888889;-3.9238194444444;
Q3399272;Pen-y-groes;Pen-y-groes;GB;53.053;-4.283;
Q34001;Roubaix;Roubaix;FR;50.69;3.1816666666667;
Q3400823;Pyle;Pyle;GB;51.528888888888886;-3.6933333333333334;
Q3400948;Valley;Valley;GB;53.284;-4.56203;
Q3401108;Hengoed;Hengoed;GB;51.65;-3.23;
Q3401116;Rhymney;Rhymney;GB;51.759;-3.283;
Q3401123;Llandudno Junction;Llandudno Junction;GB;53.28;-3.8;
Q3401149;Newbridge;Newbridge;GB;51.67;-3.136;
Q3401198;Gowerton;Gowerton;GB;51.6496;-4.0322;
Q3401549;Llangadog;Llangadog;GB;51.94;-3.88528;
Q3401604;Bow Street;Bow Street;GB;52.4419;-4.02861;
Q3402179;Llanfair;Llanfair;GB;52.8399;-4.1133;
Q3402241;Manorbier;Manorbier;GB;51.6444;-4.79806;
Q3402398;New Tredegar;New Tredegar;GB;51.718333333333;-3.2369444444444;
Q3402491;Soar;Soar;GB;52.898;-4.057;
Q3402580;Fairbourne;Fairbourne;GB;52.696888888889;-4.0524111111111;
Q3403308;Dinas Powys;Dinas Powys;GB;51.43486;-3.21398;
Q3404556;Pontyclun;Pontyclun;GB;51.5216;-3.39126;
Q3404663;Abercynon;Abercynon;GB;51.6445;-3.32666;
Q3404696;Tondu;Tondu;GB;51.5467;-3.5978305555556;
Q3405190;Saundersfoot;Saundersfoot;GB;51.711388888889;-4.7;
Q3405649;Chwilog;Chwilog;GB;52.919722222222;-4.3302777777778;
Q34058;Acate;Acate;IT;37.025286111111;14.492463888889;
Q340658;Berchidda;Berchidda;IT;40.7858056;9.1657734;
Q34072;Comiso;Comiso;IT;36.95;14.6;
Q340731;Golfo Aranci;Golfo Aranci;IT;41.0038362;9.6148825;
Q34092;Ispica;Ispica;IT;36.785277777778;14.906944444444;
Q340920;Monti;Monti;IT;40.8069213;9.3266349;
Q340961;Oschiri;Oschiri;IT;40.7190301;9.1014862;
Q34102;Modica;Modica;IT;36.867222222222;14.761388888889;
Q34111;Pozzallo;Pozzallo;IT;36.73028;14.84672;
Q34123;Scicli;Scicli;IT;36.791377777778;14.702486111111;
Q341293;Aci Castello;Aci Castello;IT;37.555277777777775;15.145277777777778;
Q34130;Vittoria;Vittoria;IT;36.95;14.533333333333;
Q3415;Ancône;Ancona;IT;43.616666666667;13.516666666667;
Q341938;Acle;Acle;GB;52.638;1.555;
Q342;Quimper;Quimper;FR;47.995833333333;-4.0977777777778;
Q34217;Oxford;Oxford;GB;51.751944444444;-1.2577777777778;
Q342479;Acquaviva Platani;Acquaviva Platani;IT;37.566666666667;13.7;
Q342514;Acquedolci;Acquedolci;IT;38.05;14.583333333333;
Q34314;Ospedaletto Euganeo;Ospedaletto Euganeo;IT;45.223055555556;11.611111111111;
Q34348;Fontaniva;Fontaniva;IT;45.6376293;11.7521976;
Q3435478;Nova Gorica;City Municipality of Nova Gorica;SI;45.9548;13.6492;
Q343613;Gaillac;Gaillac;FR;43.900555555556;1.8983333333333;
Q34364;Stanghella;Stanghella;IT;45.133333333333;11.75;
Q34365;San Martino di Lupari;San Martino di Lupari;IT;45.6557;11.8594;
Q3437;Pérouse;Perugia;IT;43.11191816;12.38854847;
Q34370;Rotterdam;Rotterdam;NL;51.92;4.48;
Q34377;Loreo;Loreo;IT;45.066666666667;12.2;
Q34378;Rosolina;Rosolina;IT;45.066666666667;12.233333333333;
Q34382;Polesella;Polesella;IT;44.966666666667;11.75;
Q34386;Trebaseleghe;Trebaseleghe;IT;45.583333333333;12.05;
Q34390;Lendinara;Lendinara;IT;45.085;11.600555555556;
Q34399;San Giorgio delle Pertiche;San Giorgio delle Pertiche;IT;45.5419;11.895;
Q34425;Vigodarzere;Vigodarzere;IT;45.4813792;11.8737721;
Q34427;Saint-Dié-des-Vosges;Saint-Dié-des-Vosges;FR;48.284166666667;6.9491666666667;
Q34432;San Pietro in Gu;San Pietro in Gu;IT;45.6102;11.6779;
Q34434;Montegrotto Terme;Montegrotto Terme;IT;45.333333333333;11.783333333333;
Q34440;Villafranca Padovana;Villafranca Padovana;IT;45.4842517;11.7939907;
Q3448389;Morton;Morton;GB;53.137;-1.392;
Q34496;Tombolo;Tombolo;IT;45.646944444444;11.828055555556;
Q3457852;Binsted;Binsted;GB;51.16405;-0.89866111111111;
Q34590;Vigonza;Vigonza;IT;45.45;11.983333333333;
Q34592;Occhiobello;Occhiobello;IT;44.9216;11.5812;
Q34602;Monselice;Monselice;IT;45.233333333333;11.75;
Q34603;Abano Terme;Abano Terme;IT;45.3619;11.7924;
Q34605;montagnana;Montagnana;IT;45.2333207;11.4657779;
Q34607;Este;Este;IT;45.233333;11.666667;
Q34611;Piombino Dese;Piombino Dese;IT;45.606700000000004;11.9979;
Q34615;Adria;Adria;IT;45.05;12.05;
Q34621;campodarsego;Campodarsego;IT;45.5;11.916666666667;
Q34672;Badia Polesine;Badia Polesine;IT;45.09404;11.49344;
Q34683;Carmignano di Brenta;Carmignano di Brenta;IT;45.633333333333;11.7;
Q34684;Battaglia Terme;Battaglia Terme;IT;45.28937;11.77959;
Q34688;Costa di Rovigo;Costa di Rovigo;IT;45.05;11.7;
Q34693;Santa Giustina in Colle;Santa Giustina in Colle;IT;45.566666666667;11.9;
Q34695;villa del Conte;Villa del Conte;IT;45.583333333333;11.866666666667;
Q34697;Camposampiero;Camposampiero;IT;45.566666666667;11.933333333333;
Q34699;Canaro;Canaro;IT;44.933333333333;11.666666666667;
Q34713;Salzbourg;Salzburg;AT;47.8;13.045;
Q34724;Ceregnano;Ceregnano;IT;45.04356175;11.90659995;
Q34742;Arquà Polesine;Arquà Polesine;IT;45.016666666667;11.733333333333;
Q3476;L'Aquila;L'Aquila;IT;42.354008333333;13.391991666667;
Q34779;Dumbarton;Dumbarton;GB;55.948611111111;-4.5472222222222;
Q348807;Saint-Jean-d'Angély;Saint-Jean-d'Angély;FR;45.944166666667;-0.52111111111111;
Q3495335;St Leonards;St Leonards;GB;50.855555555555554;0.5525;
Q34966;Châtillon;Châtillon;IT;45.75;7.6166666666667;
Q3497;Campobasso;Campobasso;IT;41.561;14.6684;
Q3497842;Great Wyrley;Great Wyrley;GB;52.6593;-2.0102;
Q34998;Donnas;Donnas;IT;45.6;7.7666666666667;
Q35090;Hône;Hône;IT;45.616666666667;7.7333333333333;
Q3519;Bari;Bari;IT;41.125277777778;16.866666666667;
Q35231;Nus;Nus;IT;45.80723225;7.4879115;
Q35279;Pont-Saint-Martin;Pont-Saint-Martin;IT;45.6;7.8;
Q3532;Hemel Hempstead;Hemel Hempstead;GB;51.753333;-0.448611;
Q353307;Addlestone;Addlestone;GB;51.3695;-0.4901;
Q3542966;Copplestone;Copplestone;GB;50.80872;-3.74142;
Q3543;Potenza;Potenza;IT;40.633333333333;15.8;
Q35550;Verrès;Verrès;IT;45.66656;7.68911;
Q3570246;Wythenshawe;Wythenshawe;GB;53.3923;-2.264;
Q3581;Roanne;Roanne;FR;46.036111111111;4.0680555555556;
Q36295;Cantù;Cantù;IT;45.733333333333;9.1333333333333;
Q363100;Miribel;Miribel;FR;45.824444444444;4.9530555555556;
Q36378;Fribourg;Fribourg;CH;46.8;7.15;
Q3639;Verbania;Verbania;IT;45.922777777777775;8.551944444444445;
Q36405;Aberdeen;Aberdeen;GB;57.15;-2.1;
Q3640796;Blackford;Blackford;GB;55.9264;-3.18637;
Q36433;Porto;Porto;PT;41.15;-8.610833333333334;
Q36471;Pompéi;Pompei;IT;40.75;14.5;
Q365;Cologne;Cologne;DE;50.942222222222;6.9577777777778;
Q36600;La Haye;The Hague;NL;52.08;4.31;
Q367794;Breitenbach-Haut-Rhin;Breitenbach-Haut-Rhin;FR;48.023333333333;7.1008333333333;
Q368160;Saint-Julien-en-Genevois;Saint-Julien-en-Genevois;FR;46.144166666667;6.0841666666667;
Q368725;Fronville;Fronville;FR;48.403888888889;5.1527777777778;
Q368740;Millom;Millom;GB;54.209638888889;-3.2701888888889;
Q368973;Sommery;Sommery;FR;49.634444444444;1.44;
Q3695060;Coseley;Coseley;GB;52.55;-2.083;
Q369759;Navas de Riofrío;Navas de Riofrío;ES;40.864166666667;-4.1377777777778;
Q370814;West Devon;West Devon;GB;50.633333333333;-4.1;
Q371084;Saint-Erme-Outre-et-Ramecourt;Saint-Erme-Outre-et-Ramecourt;FR;49.515;3.8394444444444;
Q371412;Blagny;Blagny;FR;49.621111111111;5.1911111111111;
Q3714394;Dorridge;Dorridge;GB;52.372;-1.75541;
Q37171;Saint-Léger-des-Vignes;Saint-Léger-des-Vignes;FR;46.84;3.4547222222222;
Q37176;Saint-Pierre-le-Moûtier;Saint-Pierre-le-Moûtier;FR;46.790833333333;3.1180555555556;
Q37182;Saint-Ouen-sur-Loire;Saint-Ouen-sur-Loire;FR;46.891666666667;3.3027777777778;
Q372290;Roccalumera;Roccalumera;IT;37.970555555556;15.39;
Q372840;Tavira;Tavira;PT;37.13085;-7.6506;
Q373720;Castelo Branco;Castelo Branco;PT;39.82277777777778;-7.493055555555555;
Q373813;Albufeira;Albufeira;PT;37.0897;-8.24583;
Q374458;Stretford;Stretford;GB;53.446666666667;-2.3086111111111;
Q374510;Esclanèdes;Esclanèdes;FR;44.481666666667;3.3613888888889;
Q375314;Folkestone;Folkestone;GB;51.079166666666666;1.1794444444444445;
Q375535;Pont-du-Château;Pont-du-Château;FR;45.798333333333;3.2483333333333;
Q375723;Villefort;Villefort;FR;44.439444444444;3.9319444444444;
Q375769;Brennero;Brenner;IT;46.938906;11.445172;
Q375776;La Bassée;La Bassée;FR;50.533611111111;2.8072222222222;
Q3758;Kaiserslautern;Kaiserslautern;DE;49.444722222222;7.7688888888889;
Q376275;Bronzolo;Bronzolo;IT;46.40446;11.31951;
Q376329;Rosyth;Rosyth;GB;56.03388;-3.43226;
Q376620;Saint-Julien-en-Saint-Alban;Saint-Julien-en-Saint-Alban;FR;44.754444444444;4.6975;
Q377057;Campo di Trens;Freienfeld;IT;46.876138;11.485606;
Q3771;Gütersloh;Gütersloh;DE;51.9;8.3833333333333;
Q377152;Jurbise;Jurbise;BE;50.533333333333;3.9333333333333;
Q37718;Musselburgh;Musselburgh;GB;55.941944444444445;-3.0541666666666667;
Q37719;Beaurainville;Beaurainville;FR;50.424722222222;1.8980555555556;
Q377244;Catoira;Catoira;ES;42.6611376;-8.7149306;
Q377384;Bédarrides;Bédarrides;FR;44.040555555556;4.8980555555556;
Q377533;Cercy-la-Tour;Cercy-la-Tour;FR;46.868611111111;3.645;
Q377554;Santilly;Santilly;FR;48.146388888889;1.8719444444444;
Q3776624;Glengarnock;Glengarnock;GB;55.739;-4.677;
Q377720;Barking;Barking;GB;51.54;0.08;
Q3777370;Strathcarron;Strathcarron;GB;57.4238;-5.42754;
Q377751;Chienes;Kiens;IT;46.809381;11.840872;
Q37776;Besançon;Besançon;FR;47.242222222222;6.0213888888889;
Q377797;Châteauneuf-de-Gadagne;Châteauneuf-de-Gadagne;FR;43.9275;4.9463888888889;
Q37792;Saint-Trond;Sint-Truiden;BE;50.816666666667;5.1833333333333;
Q377943;Courthézon;Courthézon;FR;44.0875;4.8841666666667;
Q378095;Chiusa;Klausen;IT;46.639924;11.56635;
Q378172;Heilles;Heilles;FR;49.334166666667;2.2619444444444;
Q3784226;Tedstone Delamere;Tedstone Delamere;GB;52.225;-2.449;
Q378496;Haybes;Haybes;FR;50.009722222222;4.7058333333333;
Q378559;Donchery;Donchery;FR;49.696388888889;4.8744444444444;
Q3785707;Hindley;Hindley;GB;53.5355;-2.5658;
Q378641;Méricourt-l'Abbé;Méricourt-l'Abbé;FR;49.951944444444;2.5652777777778;
Q378966;Saint-Pierre-lès-Nemours;Saint-Pierre-lès-Nemours;FR;48.265277777778;2.6797222222222;
Q378973;Tergnier;Tergnier;FR;49.655833333333;3.2872222222222;
Q379113;Fexhe-le-Haut-Clocher;Fexhe-le-Haut-Clocher;BE;50.666666666667;5.4;
Q379127;Nouzonville;Nouzonville;FR;49.815;4.745;
Q379163;Crépy;Crépy;FR;49.604166666667;3.5138888888889;
Q379442;Fuilla;Fuilla;FR;42.561944444444;2.3627777777778;
Q379490;Coursan;Coursan;FR;43.2325;3.0588888888889;
Q379674;Portets;Portets;FR;44.696944444444;-0.42416666666667;
Q379985;Aspres-sur-Buëch;Aspres-sur-Buëch;FR;44.523611111111;5.7497222222222;
Q380029;Caulnes;Caulnes;FR;48.288888888889;-2.1547222222222;
Q380189;Dobbiaco;Toblach;IT;46.735425;12.22428;
Q380211;Saint-Jean-le-Centenier;Saint-Jean-le-Centenier;FR;44.591111111111;4.535;
Q380236;Ambazac;Ambazac;FR;45.957777777778;1.4;
Q380444;Illiers-Combray;Illiers-Combray;FR;48.300555555556;1.2475;
Q380495;Mauvezin;Mauvezin;FR;43.730555555556;0.87805555555556;
Q380689;L'Argentière-la-Bessée;L'Argentière-la-Bessée;FR;44.794444444444;6.5591666666667;
Q380735;Miraumont;Miraumont;FR;50.094444444444;2.7294444444444;
Q3811353;Aston on Clun;Aston on Clun;GB;52.4301;-2.8947;
Q3811448;Clungunford;Clungunford;GB;52.403;-2.887;
Q381311;Barjac;Barjac;FR;44.504444444444;3.4105555555556;
Q381337;Estarreja;Estarreja;PT;40.75;-8.5666666666667;
Q381340;Mealhada;Mealhada;PT;40.383333333333;-8.45;
Q3814209;Kearsley;Kearsley;GB;53.53;-2.37;
Q381476;Mazingarbe;Mazingarbe;FR;50.473055555556;2.7180555555556;
Q381499;Fortezza;Franzensfeste;IT;46.786847;11.61245;
Q381549;Herrlisheim-près-Colmar;Herrlisheim-près-Colmar;FR;48.018888888889;7.3261111111111;
Q381596;Griesbach-au-Val;Griesbach-au-Val;FR;48.035833333333;7.1730555555556;
Q381598;Guémar;Guémar;FR;48.188611111111;7.3969444444444;
Q381659;Soultz-sous-Forêts;Soultz-sous-Forêts;FR;48.938611111111;7.8805555555556;
Q3822025;Guadiana;Guadiana;ES;38.930277777778;-6.6908333333333;
Q382327;La Bastide-Puylaurent;La Bastide-Puylaurent;FR;44.5925;3.9052777777778;
Q382438;Dannemarie;Dannemarie;FR;47.63;7.1191666666667;
Q382628;Rocamadour;Rocamadour;FR;44.799444444444;1.6177777777778;
Q383089;Moissac;Moissac;FR;44.104722222222;1.0852777777778;
Q383288;Pleudihen-sur-Rance;Pleudihen-sur-Rance;FR;48.510833333333;-1.9519444444444;
Q383345;La Forest-Landerneau;La Forest-Landerneau;FR;48.4275;-4.315;
Q383388;Lillers;Lillers;FR;50.563611111111;2.4819444444444;
Q3834;Constance;Constance;DE;47.663333333333;9.1752777777778;
Q383402;Lannemezan;Lannemezan;FR;43.123888888889;0.38472222222222;
Q383409;Bogny-sur-Meuse;Bogny-sur-Meuse;FR;49.855277777778;4.7658333333333;
Q383472;Clisson;Clisson;FR;47.086944444444;-1.2836111111111;
Q383475;La Trinité;La Trinité;FR;43.740833333333;7.3141666666667;
Q3835082;Littleborough;Littleborough;GB;53.644;-2.098;
Q3835992;Lochgelly;Lochgelly;GB;56.1282;-3.31109;
Q383723;Herentals;Herentals;BE;51.17666666666667;4.836388888888889;
Q38380;Angers;Angers;FR;47.472777777778;-0.55555555555556;
Q383912;Glossop;Glossop;GB;53.4435;-1.9489;
Q384396;Willer-sur-Thur;Willer-sur-Thur;FR;47.843611111111;7.0730555555556;
Q384423;Le Teil;Le Teil;FR;44.545277777778;4.6822222222222;
Q384471;Guimiliau;Guimiliau;FR;48.487777777778;-3.9988888888889;
Q384516;Saint-Louis;Saint-Louis;FR;47.585277777778;7.565;
Q384817;San Vicente de la Barquera;San Vicente de la Barquera;ES;43.38318;-4.40027;
Q384945;Knöringen;Knöringen;DE;49.238055555556;8.1444444444444;
Q3849623;Markinch;Markinch;GB;56.2026;-3.13504;
Q385026;Ninove;Ninove;BE;50.833333333333;4.0166666666667;
Q385070;Borriana;Burriana;ES;39.88961111111111;-0.08388888888888889;
Q3852;Worms;Worms;DE;49.6302618;8.3620898;
Q385527;Saint-Pol-sur-Ternoise;Saint-Pol-sur-Ternoise;FR;50.379166666667;2.3347222222222;
Q385717;Chocques;Chocques;FR;50.541944444444;2.5730555555556;
Q386087;Catterick Garrison;Catterick Garrison;GB;54.3774;-1.722;
Q386122;Rillieux-la-Pape;Rillieux-la-Pape;FR;45.820555555556;4.8975;
Q386323;Marrubiu;Marrubiu;IT;39.7510175;8.6383438;
Q386419;Knebworth;Knebworth;GB;51.866;-0.184;
Q3865;Villingen-Schwenningen;Villingen-Schwenningen;DE;48.063152;8.4929618;
Q386778;Pertuis;Pertuis;FR;43.694166666667;5.5030555555556;
Q387222;Paulilatino;Paulilatino;IT;40.083333333333;8.7666666666667;
Q387232;Savennières;Savennières;FR;47.383055555556;-0.6575;
Q387385;Ribas de Sil;Ribas de Sil;ES;42.42939165;-7.26457007183;
Q387419;Wareham;Wareham;GB;50.685;-2.108;
Q387498;La Brigue;La Brigue;FR;44.0625;7.6163888888889;
Q3875229;New Ferry;New Ferry;GB;53.36;-2.997;
Q387642;Firminy;Firminy;FR;45.388055555556;4.2872222222222;
Q387650;Polliat;Polliat;FR;46.248888888889;5.1258333333333;
Q3876531;Yorton;Yorton;GB;52.8;-2.73333;
Q387815;Plourivo;Plourivo;FR;48.743888888889;-3.0727777777778;
Q387821;Dombasle-sur-Meurthe;Dombasle-sur-Meurthe;FR;48.625;6.3497222222222;
Q388016;Colombey-les-Belles;Colombey-les-Belles;FR;48.5275;5.8972222222222;
Q388115;Zele;Zele;BE;51.066666666667;4.0333333333333;
Q388229;Cinisi;Cinisi;IT;38.166666666667;13.1;
Q3883;Catanzaro;Catanzaro;IT;38.91;16.5875;
Q388616;Solarussa;Solarussa;IT;39.954444444444;8.6716666666667;
Q388949;Passy;Passy;FR;45.923611111111;6.6863888888889;
Q389077;Saint-Just-en-Chaussée;Saint-Just-en-Chaussée;FR;49.506111111111;2.4308333333333;
Q389339;Uras;Uras;IT;39.6982058;8.7015152;
Q389357;Imphy;Imphy;FR;46.928333333333;3.2611111111111;
Q389455;La Penne-sur-Huveaune;La Penne-sur-Huveaune;FR;43.280555555556;5.5158333333333;
Q389500;Cransac-les-Thermes;Cransac-les-Thermes;FR;44.525;2.2847222222222;
Q389524;Orchies;Orchies;FR;50.474722222222;3.2441666666667;
Q3896128;Parkeston;Parkeston;GB;51.9407;1.2531;
Q3899034;Pendlebury;Pendlebury;GB;53.5075;-2.3154;
Q390280;Bonorva;Bonorva;IT;40.416666666667;8.7666666666667;
Q390837;Giave;Giave;IT;40.451944444444;8.7522222222222;
Q390905;Tonnay-Charente;Tonnay-Charente;FR;45.943611111111;-0.89138888888889;
Q390964;Auterive;Auterive;FR;43.350277777778;1.4747222222222;
Q3909967;Pratovecchio-Stia;Pratovecchio Stia;IT;43.801537;11.7067347;
Q39105;Mornago;Mornago;IT;45.75;8.75;
Q391167;Ozieri;Ozieri;IT;40.5848706;9.0032852;
Q39117;Olevano di Lomellina;Olevano di Lomellina;IT;45.2125;8.7166666666667;
Q39121;Leeds;Leeds;GB;53.7975;-1.5436111111111113;
Q391247;Ploaghe;Ploaghe;IT;40.664444444444;8.7452777777778;
Q391316;Porto Torres;Porto Torres;IT;40.836944444444;8.4013888888889;
Q3915288;Little Chalfont;Little Chalfont;GB;51.667;-0.56;
Q391948;Millport;Millport;GB;55.753721;-4.928076;
Q392034;Gunsbach;Gunsbach;FR;48.0475;7.1758333333333;
Q392337;Iseghem;Izegem;BE;50.9172;3.215;
Q392343;Wevelgem;Wevelgem;BE;50.8081;3.1839;
Q39297398;Utrecht;Utrecht;NL;52.09083;5.12222;
Q3930610;Rawmarsh;Rawmarsh;GB;53.4636;-1.3439;
Q39361;Besnate;Besnate;IT;45.7;8.7666666666667;
Q39432;Lonate Pozzolo;Lonate Pozzolo;IT;45.6;8.75;
Q39462;Candia Lomellina;Candia Lomellina;IT;45.183333333333;8.6;
Q39489;Arcisate;Arcisate;IT;45.8552706;8.86758365;
Q39493;Cantello;Cantello;IT;45.81965;8.89467;
Q39516;Perarolo di Cadore;Perarolo di Cadore;IT;46.395555555556;12.356388888889;
Q39550;Laveno-Mombello;Laveno-Mombello;IT;45.90888;8.62036;
Q395919;Anadia;Anadia;PT;40.433333333333;-8.4333333333333;
Q3963;Fulda;Fulda;DE;50.552777777778;9.6775;
Q39630;Ferno;Ferno;IT;45.620277777778;8.7636111111111;
Q396860;Marcelcave;Marcelcave;FR;49.85;2.5744444444444;
Q397343;Solihull;Solihull;GB;52.413;-1.772;
Q39762;Lentate sul Seveso;Lentate sul Seveso;IT;45.678444444444445;9.121888888888888;
Q39790;Sangiano;Sangiano;IT;45.8748;8.6334;
Q398349;Aguilar de Campoo;Aguilar de Campoo;ES;42.7925;-4.2602777777778;
Q39860;Porto Valtravaglia;Porto Valtravaglia;IT;45.9613;8.6815;
Q39865;Spa;Spa;BE;50.492277196772356;5.862210536826656;
Q39868;Albonese;Albonese;IT;45.2919932;8.70642795;
Q398698;Salvatierra-Agurain;Agurain/Salvatierra;ES;42.8492849;-2.3890554;
Q3992;Liège;Liège;BE;50.639722222222225;5.570555555555556;
Q39922;Besozzo;Besozzo;IT;45.85;8.6666666666667;
Q399509;Bonnières-sur-Seine;Bonnières-sur-Seine;FR;49.035277777778;1.5797222222222;
Q39971;Géla;Gela;IT;37.066666666667;14.25;
Q3997466;Plockton;Plockton;GB;57.338;-5.65231;
Q39981;Voghera;Voghera;IT;44.9925;9.0091666666667;
Q39984;Cannes;Cannes;FR;43.5525;7.0213888888889;
Q40033;Cesiomaggiore;Cesiomaggiore;IT;46.083333333333;11.983333333333;
Q4006479;Urmston;Urmston;GB;53.4487;-2.3747;
Q40065;Sartirana Lomellina;Sartirana Lomellina;IT;45.115555555556;8.6652777777778;
Q4007;Rosenheim;Rosenheim;DE;47.856111111111;12.128888888889;
Q40120;Luino;Luino;IT;46.0;8.75;
Q40161;Longarone;Longarone;IT;46.266666666667;12.3;
Q4017677;Wainfleet All Saints;Wainfleet All Saints;GB;53.1079;0.2373;
Q4017800;Walkden;Walkden;GB;53.5239;-2.3991;
Q40229;Induno Olona;Induno Olona;IT;45.85;8.8333333333333;
Q4025825;Capel;Capel;GB;51.1763;0.3376;
Q40303;Vergiate;Vergiate;IT;45.716666666667;8.7;
Q40316;Sedico;Sedico;IT;46.116666666667;12.1;
Q40416;Desio;Desio;IT;45.616666666667;9.2166666666667;
Q404261;Ovar;Ovar;PT;40.866666666667;-8.6333333333333;
Q4044;Offenbourg;Offenburg;DE;48.470833333333;7.9408333333333;
Q40452;Ternate;Ternate;IT;45.783333333333;8.7;
Q404783;Aiguillon;Aiguillon;FR;44.300555555556;0.3375;
Q405241;Oliveira do Bairro;Oliveira do Bairro;PT;40.516666666667;-8.5;
Q405252;Oliveira de Azeméis;Oliveira de Azeméis;PT;40.833333333333;-8.4833333333333;
Q405292;Haro;Haro;ES;42.576944444444;-2.8461111111111;
Q4054;Francheville;Francheville;FR;45.736388888889;4.7636111111111;
Q405455;Montain;Montain;FR;46.72;5.5791666666667;
Q405488;Orchamps;Orchamps;FR;47.148333333333;5.6575;
Q40583;Lissone;Lissone;IT;45.616666666667;9.25;
Q40588;Somma Lombardo;Somma Lombardo;IT;45.683333333333;8.7;
Q40644;Morazzone;Morazzone;IT;45.766666666667;8.8333333333333;
Q40699;Sesto Calende;Sesto Calende;IT;45.733333333333;8.6333333333333;
Q407193;Kintore;Kintore;GB;57.236;-2.34621;
Q40786;Gazzada Schianno;Gazzada Schianno;IT;45.7810359;8.83217725;
Q40813;Seregno;Seregno;IT;45.65;9.2;
Q40834;Mortara;Mortara;IT;45.25;8.75;
Q40844;Bréda;Breda;NL;51.58888888888889;4.775833333333333;
Q408536;Airdrie;Airdrie;GB;55.866;-3.98;
Q40854;Gallarate;Gallarate;IT;45.6649;8.7914;
Q40863;Biandronno;Biandronno;IT;45.816666666667;8.7166666666667;
Q40868;Tirano;Tirano;IT;46.216388888889;10.168888888889;
Q4087058;Birnam;Birnam;GB;56.5573;-3.57646;
Q40875;Saint-Martin-d'Oney;Saint-Martin-d'Oney;FR;43.928611111111;-0.64083333333333;
Q40884;Casorate Sempione;Casorate Sempione;IT;45.666666666667;8.7333333333333;
Q40898;Nancy;Nancy;FR;48.692777777778;6.1836111111111;
Q40903;Castelveccana;Castelveccana;IT;45.95;8.6666666666667;
Q40923;Torre Beretti e Castellaro;Torre Beretti e Castellaro;IT;45.059956;8.670943;
Q4093;Glasgow;Glasgow;GB;55.861111111111114;-4.25;
Q4093370;Bonhill;Bonhill;GB;55.982801;-4.570452;
Q40950;Valle Lomellina;Valle Lomellina;IT;45.15;8.6666666666667;
Q40962;Albizzate;Albizzate;IT;45.716666666667;8.8;
Q4100;Baden-Baden;Baden-Baden;DE;48.761944444444;8.2408333333333;
Q41013;Ponte nelle Alpi;Ponte nelle Alpi;IT;46.183;12.2791;
Q41021;Calalzo di Cadore;Calalzo di Cadore;IT;46.446715;12.380385;
Q41023;Santa Giustina;Santa Giustina;IT;46.0838843;12.0432384;
Q41024;San Vito di Cadore;San Vito di Cadore;IT;46.458966;12.205742;
Q41065;Pieve di Cadore;Pieve di Cadore;IT;46.428709;12.375297;
Q410809;Aiton;Aiton;FR;45.561111111111;6.2586111111111;
Q41109;Vic-le-Comte;Vic-le-Comte;FR;45.643055555556;3.2461111111111;
Q41158;Cortina d'Ampezzo;Cortina d'Ampezzo;IT;46.538333;12.137351;
Q41159552;Bittaford;Bittaford;GB;50.3975;-3.8778888888889;
Q41185;Caen;Caen;FR;49.18138888888889;-0.3636111111111111;
Q4131;Hamilton;Hamilton;GB;55.777;-4.039;
Q41329;Linz;Linz;AT;48.30583333333333;14.286388888888888;
Q4149;Neustadt an der Weinstraße;Neustadt an der Weinstraße;DE;49.353621;8.13607;
Q41604;Amiens;Amiens;FR;49.891944444444;2.2977777777778;
Q41724;Saincaize-Meauce;Saincaize-Meauce;FR;46.9275;3.0725;
Q41730;Rémilly;Rémilly;FR;46.819166666667;3.8147222222222;
Q41753;Klagenfurt;Klagenfurt am Wörthersee;AT;46.616666666667;14.3;
Q41812;Saint-Éloi;Saint-Éloi;FR;46.980833333333;3.22;
Q41876;Reims;Reims;FR;49.265277777778;4.0286111111111;
Q4191;Lucerne;Lucerne;CH;47.0523;8.3059;
Q419249;Gargazzone;Gargazon;IT;46.584781;11.20273;
Q420006;Laion;Lajen;IT;46.609229;11.564263;
Q420303;Montrose;Montrose;GB;56.708;-2.467;
Q420734;Magrè sulla Strada del Vino;Margreid an der Weinstraße;IT;46.28791;11.21068;
Q42168;Clermont-Ferrand;Clermont-Ferrand;FR;45.779722222222;3.0869444444444;
Q42212;Porto Mantovano;Porto Mantovano;IT;45.196666666667;10.793888888889;
Q4225;Emmen;Emmen;CH;47.077222222222;8.3;
Q42254;Poggio Rusco;Poggio Rusco;IT;44.9775;11.119166666667;
Q42294;Casalpusterlengo;Casalpusterlengo;IT;45.177777777778;9.65;
Q42298;Codogno;Codogno;IT;45.16;9.705;
Q42319;Roverbella;Roverbella;IT;45.266666666667;10.766666666667;
Q42338;Castel d'Ario;Castel d'Ario;IT;45.188888888889;10.975555555556;
Q42357;San Giorgio Bigarello;San Giorgio Bigarello;IT;45.18476875;10.85399725;
Q42446;Scafati;Scafati;IT;40.75361111111111;14.525277777777777;
Q42448;Sheffield;Sheffield;GB;53.380833333333335;-1.4702777777777778;
Q42462;York;York;GB;53.95;-1.0833333333333;
Q42495;Barcellona Pozzo di Gotto;Barcellona Pozzo di Gotto;IT;38.15;15.216666666667;
Q425611;Duns;Duns;GB;55.7784;-2.3426;
Q42595;Magenta;Magenta;IT;45.46025;8.876611111111112;
Q425957;Étriché;Étriché;FR;47.650833333333;-0.445;
Q42597;Ostiglia;Ostiglia;IT;45.0703901;11.13641;
Q42617191;Île-d'Anglesey;Isle of Anglesey;GB;53.25;-4.33333;
Q426469;Saint-Hilaire-les-Places;Saint-Hilaire-les-Places;FR;45.645;1.1591666666667;
Q426998;Dippach;Dippach;LU;49.5875;5.9833333333333;
Q42716;Saint-Étienne;Saint-Étienne;FR;45.433888888889;4.3897222222222;
Q427475;Perca;Percha;IT;46.794307;11.982383;
Q427790;Alcover;Alcover;ES;41.2620504;1.1711248;
Q427792;Penarth;Penarth;GB;51.435833333333335;-3.175;
Q42782;Legnano;Legnano;IT;45.5958095;8.90598185;
Q42784;Rho;Rho;IT;45.533333333333;9.0333333333333;
Q42791;Vittuone;Vittuone;IT;45.483333333333;8.95;
Q42807;Nîmes;Nîmes;FR;43.83833333333333;4.3597222222222225;
Q42810;Le Havre;Le Havre;FR;49.494166666667;0.10805555555556;
Q428459;Figueira da Foz;Figueira da Foz;PT;40.15085;-8.86179;
Q42878311;Pelt;Pelt;BE;51.21666667;5.41666667;
Q428829;Caernarfon;Caernarfon;GB;53.14;-4.27;
Q42932;Melegnano;Melegnano;IT;45.35875;9.32377;
Q429794;Nassogne;Nassogne;BE;50.128611111111;5.3419444444444;
Q429910;Beaugency;Beaugency;FR;47.778333333333;1.6316666666667;
Q429989;Reignac-sur-Indre;Reignac-sur-Indre;FR;47.232222222222;0.91666666666667;
Q43005;Sesto San Giovanni;Sesto San Giovanni;IT;45.533333333333;9.2333333333333;
Q430205;Nances;Nances;FR;45.590277777778;5.7966666666667;
Q43043;Vanzago;Vanzago;IT;45.526802777777775;8.994722222222222;
Q43045;Santo Stefano Ticino;Santo Stefano Ticino;IT;45.483333333333;8.9166666666667;
Q430656;Namps-Maisnil;Namps-Maisnil;FR;49.802777777778;2.1069444444444;
Q430834;Gramat;Gramat;FR;44.778888888889;1.725;
Q431065;Rœulx;Rœulx;FR;50.309444444444;3.335;
Q431276;Cammarata;Cammarata;IT;37.631111111111;13.632222222222;
Q431300;campobello di Licata;Campobello di Licata;IT;37.259444444444;13.919166666667;
Q431389;Monguelfo-Tesido;Welsberg-Taisten;IT;46.756898;12.104353;
Q431418;Canicattì;Canicattì;IT;37.36;13.851111111111;
Q431446;Casteltermini;Casteltermini;IT;37.541666666667;13.645277777778;
Q4314637;New Holland;New Holland;GB;53.7;-0.36;
Q431568;Grotte;Grotte;IT;37.405833333333;13.701111111111;
Q431760;Licata;Licata;IT;37.108333333333;13.946944444444;
Q43195;Aigle;Aigle;CH;46.3173;6.9646;
Q431994;Foxfield;Foxfield;GB;54.2667;-3.21667;
Q43201;Allaman;Allaman;CH;46.466666666667;6.4;
Q43212;Arnex-sur-Orbe;Arnex-sur-Orbe;CH;46.7;6.5166666666667;
Q43225;Assens;Assens;CH;46.61778;6.62738;
Q432337;Racalmuto;Racalmuto;IT;37.408333333333;13.734722222222;
Q43236;Avenches;Avenches;CH;46.88;7.0398;
Q4323896;Ascott-under-Wychwood;Ascott-under-Wychwood;GB;51.872;-1.565;
Q43240;Ballens;Ballens;CH;46.55;6.3666666666667;
Q43245;Baulmes;Baulmes;CH;46.783333333333;6.5166666666667;
Q43248;Bavois;Bavois;CH;46.683333333333;6.5666666666667;
Q432610;Begijnendijk;Begijnendijk;BE;51.0186;4.785;
Q43295;Villeneuve-d'Ascq;Villeneuve-d'Ascq;FR;50.622777777778;3.1441666666667;
Q433413;Ora;Auer;IT;46.34687;11.29747;
Q43382;Plymouth;Plymouth;GB;50.37138888888889;-4.142222222222222;
Q43411;Aulnoye-Aymeries;Aulnoye-Aymeries;FR;50.204722222222;3.8355555555556;
Q43475;Derby;Derby;GB;52.92166666666667;-1.4766666666666666;
Q434792;Altavilla Milicia;Altavilla Milicia;IT;38.042222222222;13.550277777778;
Q4355527;Woolley;Woolley;GB;53.614283333333;-1.5162722222222;
Q4379775;Bottesford;Bottesford;GB;53.55206;-0.67143;
Q438263;Alter do Chão;Alter do Chão;PT;39.2;-7.6666666666667;
Q4383991;Bulwell;Bulwell;GB;53.0005;-1.19723;
Q44012281;Plaine-d'Argenson;Plaine-d'Argenson;FR;46.1533;-0.483055555556;
Q4412125;Church Fenton;Church Fenton;GB;53.825102777778;-1.2210222222222;
Q44160;Toulon;Toulon;FR;43.125;5.9305555555556;
Q443840;Alton;Alton;GB;51.1498;-0.9769;
Q445058;Altrincham;Altrincham;GB;53.383372222222;-2.3556694444444;
Q4476;Zalla;Zalla;ES;43.2140298;-3.1310266;
Q4480;Balmaseda;Balmaseda;ES;43.19138888888889;-3.193611111111111;
Q44901;Congosto;San Román de Bembibre;ES;42.617777777778;-6.52;
Q449526;Alvito;Alvito;PT;38.25;-7.9833333333333;
Q451022;Alì Terme;Alì Terme;IT;38.007222222222;15.426388888889;
Q45117536;Hipsburn;Hipsburn;GB;55.392583333333;-1.6313611111111;
Q45202943;Puers-Saint-Amand;Puurs-Sint-Amands;BE;51.07612713233284;4.277620654984189;
Q453309;Vittel;Vittel;FR;48.201666666667;5.9494444444444;
Q453411;Jœuf;Jœuf;FR;49.229722222222;6.0088888888889;
Q453498;Bonneval;Bonneval;FR;48.181388888889;1.3880555555556;
Q453707;Sallaumines;Sallaumines;FR;50.419722222222;2.8622222222222;
Q45374336;Gennes-Val-de-Loire;Gennes-Val-de-Loire;FR;47.351388888889;-0.22527777777778;
Q45412;Coimbra;Coimbra;PT;40.21111111111111;-8.428888888888888;
Q454435;Châteauneuf-de-Randon;Châteauneuf-de-Randon;FR;44.640555555556;3.6752777777778;
Q454875;Amarante;Amarante;PT;41.26902777777778;-8.07836111111111;
Q455969;Amay;Amay;BE;50.5478;5.3192;
Q456;Lyon;Lyon;FR;45.7675;4.835;
Q456490;Ciney;Ciney;BE;50.2964;5.1003;
Q456495;Virton;Virton;BE;49.5675;5.5325;
Q456550;Tirlemont;Tienen;BE;50.80748;4.93717;
Q45656;Limoges;Limoges;FR;45.834444444444;1.2616666666667;
Q456809;Châteaubourg;Châteaubourg;FR;48.111111111111;-1.4033333333333;
Q45720;Aubigny;Aubigny;FR;49.900555555556;2.4822222222222;
Q457631;Marvejols;Marvejols;FR;44.553333333333;3.29;
Q457662;Saint-Médard-d'Eyrans;Saint-Médard-d'Eyrans;FR;44.719166666667;-0.51027777777778;
Q457728;Montceau-les-Mines;Montceau-les-Mines;FR;46.666944444444;4.3688888888889;
Q45797;Dunkerque;Dunkirk;FR;51.037777777778;2.3763888888889;
Q45815;Montemor-o-Velho;Montemor-o-Velho;PT;40.166666666667;-8.6833333333333;
Q458715;Font-Romeu-Odeillo-Via;Font-Romeu-Odeillo-Via;FR;42.497777777778;2.0338888888889;
Q458741;Revin;Revin;FR;49.9425;4.6386111111111;
Q459673;Leucate;Leucate;FR;42.909444444444;3.0288888888889;
Q46007;Berlaimont;Berlaimont;FR;50.202222222222;3.8113888888889;
Q460735;West End;West End;GB;51.513333333333;-0.12861111111111;
Q460787;Louhans-Châteaurenaud;Louhans-Châteaurenaud;FR;46.626388888889;5.2247222222222;
Q460795;Bonneville;Bonneville;FR;46.078888888889;6.4008333333333;
Q461413;Pont-à-Mousson;Pont-à-Mousson;FR;48.904444444444;6.0541666666667;
Q46173;Montebello Vicentino;Montebello Vicentino;IT;45.45;11.383333333333;
Q46189;Meduna di Livenza;Meduna di Livenza;IT;45.8;12.616666666667;
Q46215;Grisignano di Zocco;Grisignano di Zocco;IT;45.483333333333;11.7;
Q46235;Trevignano;Trevignano;IT;45.733501;12.0940161;
Q46250;Boschi Sant'Anna;Boschi Sant'Anna;IT;45.216666666667;11.366666666667;
Q462534;Clermont;Clermont;FR;49.378888888889;2.4125;
Q462647;Saint-Germain-des-Fossés;Saint-Germain-des-Fossés;FR;46.206944444444;3.4336111111111;
Q46286;Godega di Sant'Urbano;Godega di Sant'Urbano;IT;45.92859;12.39687;
Q462985;Soignies;Soignies;BE;50.566666666667;4.0666666666667;
Q46343;Montecchio Precalcino;Montecchio Precalcino;IT;45.665781;11.563302;
Q463510;Fellering;Fellering;FR;47.896111111111;6.9863888888889;
Q4640202;Lostock Gralam;Lostock Gralam;GB;53.2667;-2.4667;
Q46440;Preganziol;Preganziol;IT;45.6;12.233333333333;
Q46494;Resana;Resana;IT;45.633333333333;11.95;
Q464955;Windsor;Windsor;GB;51.483333333333;-0.6;
Q46503;Ponte di Piave;Ponte di Piave;IT;45.716666666667;12.466666666667;
Q465078;Astorga;Astorga;ES;42.4575;-6.0569444444444;
Q46510;Orsago;Orsago;IT;45.933333333333;12.416666666667;
Q46529;Pouilly-sur-Loire;Pouilly-sur-Loire;FR;47.282777777778;2.9577777777778;
Q465710;Mol;Mol;BE;51.18416666666667;5.115555555555556;
Q46575;Pougues-les-Eaux;Pougues-les-Eaux;FR;47.074444444444;3.1013888888889;
Q46589;Rosà;Rosà;IT;45.716666666667;11.766666666667;
Q46593;Pederobba;Pederobba;IT;45.873888888889;11.9475;
Q46625;Caldiero;Caldiero;IT;45.40367095;11.17545935;
Q46651;Castagnaro;Castagnaro;IT;45.1207552;11.4107501;
Q46661;Vedelago;Vedelago;IT;45.683333333333;12.016666666667;
Q46665;Villorba;Villorba;IT;45.733333333333;12.233333333333;
Q4667133;Abermorddu;Abermorddu;GB;53.1042;-3.03389;
Q46673;Spresiano;Spresiano;IT;45.783333333333;12.25;
Q467020;Sospel;Sospel;FR;43.876944444444;7.4483333333333;
Q46722;Castelnuovo del Garda;Castelnuovo del Garda;IT;45.433333333333;10.766666666667;
Q46727;Cassola;Cassola;IT;45.733333333333;11.783333333333;
Q46731;Buttapietra;Buttapietra;IT;45.34209;10.99859;
Q467338;Bandol;Bandol;FR;43.136388888889;5.7533333333333;
Q46746;Susegana;Susegana;IT;45.85;12.25;
Q46759;Musile di Piave;Musile di Piave;IT;45.6178;12.565;
Q46771;Quarto d'Altino;Quarto d'Altino;IT;45.5786;12.3727;
Q4677666;Acton Bridge;Acton Bridge;GB;53.2833;-2.61667;
Q46793;Marano Vicentino;Marano Vicentino;IT;45.7;11.433333333333;
Q46797;Mirano;Mirano;IT;45.49275;12.10988;
Q46806;Montebelluna;Montebelluna;IT;45.775277777778;12.038888888889;
Q46813;Gorgo al Monticano;Gorgo al Monticano;IT;45.7836682;12.56690685;
Q468227;Livron-sur-Drôme;Livron-sur-Drôme;FR;44.772777777778;4.8430555555556;
Q468568;Lus-la-Croix-Haute;Lus-la-Croix-Haute;FR;44.665277777778;5.7055555555556;
Q46865167;Lievegem;Lievegem;BE;51.130352777778;3.5932527777778;
Q46865464;Kruisem;Kruisem;BE;50.90855;3.56489;
Q468666;Iwuy;Iwuy;FR;50.233055555556;3.3222222222222;
Q46867;Altavilla Vicentina;Altavilla Vicentina;IT;45.5164;11.4597;
Q46888;Mesves-sur-Loire;Mesves-sur-Loire;FR;47.243333333333;2.9930555555556;
Q468920;Stavelot;Stavelot;BE;50.394444444444446;5.931111111111111;
Q46940;Alcalá de Henares;Alcalá de Henares;ES;40.481815;-3.364305;
Q46948;Spinea;Spinea;IT;45.49306;12.16056;
Q46956;Meolo;Meolo;IT;45.6203;12.4559;
Q46968;Noale;Noale;IT;45.55012;12.0709;
Q46986;Aiserey;Aiserey;FR;47.172222222222;5.1622222222222;
Q46998;Salzano;Salzano;IT;45.533333333333;12.116666666667;
Q47007998;Laterina Pergine Valdarno;Laterina Pergine Valdarno;IT;43.478584;11.68499;
Q470188;Amersham;Amersham;GB;51.666666666667;-0.63333333333333;
Q47046;Silea;Silea;IT;45.654722222222;12.296666666667;
Q47049;Torri di Quartesolo;Torri di Quartesolo;IT;45.516666666667;11.616666666667;
Q470668;Serres;Serres;FR;44.428611111111;5.715;
Q470679;Veynes;Veynes;FR;44.534166666667;5.8236111111111;
Q470686;Massiac;Massiac;FR;45.251388888889;3.1972222222222;
Q47070;Acciano;Acciano;IT;42.17677;13.71783;
Q47074;Aielli;Aielli;IT;42.08146;13.59113;
Q470740;Tullins;Tullins;FR;45.2975;5.4833333333333;
Q47077;Alfedena;Alfedena;IT;41.73545;14.035;
Q47094;Bassano del Grappa;Bassano del Grappa;IT;45.766666666666666;11.734166666666667;
Q471100;Libercourt;Libercourt;FR;50.483888888889;3.0138888888889;
Q47125;Avezzano;Avezzano;IT;42.030975;13.426372222222222;
Q471321;Morières-lès-Avignon;Morières-lès-Avignon;FR;43.941666666667;4.9047222222222;
Q47135;Châlons-en-Champagne;Châlons-en-Champagne;FR;48.956666666667;4.3644444444444;
Q4713704;Aldermaston Wharf;Aldermaston Wharf;GB;51.4;-1.136;
Q47143;Portogruaro;Portogruaro;IT;45.783333333333;12.833333333333;
Q47147;Pramaggiore;Pramaggiore;IT;45.816666666667;12.733333333333;
Q471530;Théoule-sur-Mer;Théoule-sur-Mer;FR;43.506944444444;6.94;
Q47186;Annone Veneto;Annone Veneto;IT;45.76362375;12.7017198;
Q471984;Saint-Macaire;Saint-Macaire;FR;44.56523888888889;-0.22631666666666667;
Q472132;Le Bugue;Le Bugue;FR;44.92;0.92722222222222;
Q47215;Santo Stino di Livenza;San Stino di Livenza;IT;45.733333333333;12.683333333333;
Q472184;Pontcharra;Pontcharra;FR;45.433055555556;6.0152777777778;
Q47224;Conegliano;Conegliano;IT;45.887222222222;12.296944444444;
Q472331;Monteux;Monteux;FR;44.035555555556;4.9972222222222;
Q472426;Saint-Saturnin-lès-Avignon;Saint-Saturnin-lès-Avignon;FR;43.956666666667;4.9302777777778;
Q47262;Schio;Schio;IT;45.711111111111;11.355555555556;
Q472922;Saint-Junien;Saint-Junien;FR;45.887222222222;0.90111111111111;
Q4731115;Allanton;Allanton;GB;55.7816;-2.21538;
Q47312;San Biagio di Callalta;San Biagio di Callalta;IT;45.6867;12.3815;
Q473158;Auboué;Auboué;FR;49.211944444444;5.9769444444444;
Q473417;Wallers;Wallers;FR;50.375277777778;3.3919444444444;
Q473587;Cuinchy;Cuinchy;FR;50.519444444444;2.7486111111111;
Q4736674;Althorpe;Althorpe;GB;53.5775;-0.7407;
Q47381;Teglio Veneto;Teglio Veneto;IT;45.816666666667;12.883333333333;
Q47382;Bovolone;Bovolone;IT;45.25;11.133333333333;
Q47383;Charleville-Mézières;Charleville-Mézières;FR;49.76;4.7194444444444;
Q47385;Lonigo;Lonigo;IT;45.383333333333;11.383333333333;
Q473875;Le Tréport;Le Tréport;FR;50.060555555556;1.3711111111111;
Q473892;Haubourdin;Haubourdin;FR;50.609166666667;2.9869444444444;
Q473919;Lectoure;Lectoure;FR;43.934444444444;0.62111111111111;
Q473923;Fleurance;Fleurance;FR;43.849444444444;0.66361111111111;
Q473977;Longpont;Longpont;FR;49.272777777778;3.2205555555556;
Q474165;Postal;Burgstall;IT;46.607583;11.193324;
Q474291;Xertigny;Xertigny;FR;48.045555555556;6.4061111111111;
Q47438;Solagna;Solagna;IT;45.8167214;11.7181699;
Q474476;Vic-sur-Cère;Vic-sur-Cère;FR;44.98;2.625;
Q47449;Marcon;Marcon;IT;45.5543277;12.2993821;
Q474498;Brionne;Brionne;FR;49.194722222222;0.72027777777778;
Q474503;Valençay;Valençay;FR;47.160555555556;1.5661111111111;
Q47460;Fino Mornasco;Fino Mornasco;IT;45.74212565;9.0555181;
Q474605;Rochdale;Rochdale;GB;53.6136;-2.161;
Q47465;Aix-en-Provence;Aix-en-Provence;FR;43.527777777778;5.4455555555556;
Q474670;Rio di Pusteria;Mühlbach;IT;46.795946;11.666827;
Q47475;Sigüenza;Sigüenza;ES;41.069166666667;-2.6391666666667;
Q474782;San Candido;Innichen;IT;46.732872;12.279167;
Q47479;Bevilacqua;Bevilacqua;IT;45.233333333333;11.4;
Q47483;Sagonte;Sagunto;ES;39.68;-0.2783333333333333;
Q47491;Cornuda;Cornuda;IT;45.832222222222;12.008055555556;
Q47500;Dolcè;Dolcè;IT;45.6;10.85;
Q47513;Sant'Ambrogio di Valpolicella;Sant'Ambrogio di Valpolicella;IT;45.52089;10.83618;
Q47540;Sorgà;Sorgà;IT;45.216666666667;10.983333333333;
Q475418;Digoin;Digoin;FR;46.481944444444;3.9805555555556;
Q475463;Montreuil-sur-Ille;Montreuil-sur-Ille;FR;48.307222222222;-1.6691666666667;
Q475519;Le Relecq-Kerhuon;Le Relecq-Kerhuon;FR;48.408611111111;-4.3969444444444;
Q47557;San Donà di Piave;San Donà di Piave;IT;45.629758;12.564142;
Q475599;Gien;Gien;FR;47.698055555556;2.625;
Q47571;Lorca;Lorca;ES;37.683333333333;-1.7;
Q475738;Langon;Langon;FR;47.719722222222;-1.8480555555556;
Q47578;Vittorio Veneto;Vittorio Veneto;IT;45.983333333333;12.3;
Q475828;Pleyber-Christ;Pleyber-Christ;FR;48.504722222222;-3.8752777777778;
Q476016;Caudry;Caudry;FR;50.125;3.4116666666667;
Q47614;Villafranca di Verona;Villafranca di Verona;IT;45.35;10.85;
Q476242;Montmorillon;Montmorillon;FR;46.426111111111;0.87083333333333;
Q476253;Cosne-Cours-sur-Loire;Cosne-Cours-sur-Loire;FR;47.410277777778;2.925;
Q47649;Peschiera del Garda;Peschiera del Garda;IT;45.438611111111;10.688611111111;
Q476584;Joigny;Joigny;FR;47.982222222222;3.3972222222222;
Q476793;Arévalo;Arévalo;ES;41.066666666667;-4.7166666666667;
Q47687;Paese;Paese;IT;45.666666666667;12.15;
Q476895;Nogent-sur-Seine;Nogent-sur-Seine;FR;48.493611111111;3.5025;
Q476900;Château-Renault;Château-Renault;FR;47.591388888889;0.90944444444444;
Q476907;Brassac-les-Mines;Brassac-les-Mines;FR;45.414166666667;3.3288888888889;
Q477013;Champagnole;Champagnole;FR;46.747222222222;5.9072222222222;
Q477031;Damelevières;Damelevières;FR;48.556944444444;6.3880555555556;
Q47704;Longecourt-en-Plaine;Longecourt-en-Plaine;FR;47.198333333333;5.1494444444444;
Q47711;Genlis;Genlis;FR;47.240833333333;5.2230555555556;
Q47745;Nogara;Nogara;IT;45.17903;11.06377;
Q477609;Niscemi;Niscemi;IT;37.15;14.383333333333;
Q477767;Gilley;Gilley;FR;47.0475;6.4844444444444;
Q477780;Générac;Générac;FR;43.728333333333;4.3486111111111;
Q477800;Vallelunga Pratameno;Vallelunga Pratameno;IT;37.683333333333;13.816666666667;
Q477808;Villalba;Villalba;IT;37.65;13.833333333333;
Q478029;Falmouth;Falmouth;GB;50.15;-5.0666666666667;
Q478178;Sariñena;Sariñena;ES;41.7933952;-0.1574134;
Q478237;Soulac-sur-Mer;Soulac-sur-Mer;FR;45.511111111111;-1.1247222222222;
Q478246;Calatabiano;Calatabiano;IT;37.822777777778;15.227777777778;
Q478258;Caltagirone;Caltagirone;IT;37.233333333333;14.516666666667;
Q478314;Fiumefreddo di Sicilia;Fiumefreddo di Sicilia;IT;37.79146;15.20919;
Q478322;Giarre;Giarre;IT;37.72638888888889;15.1875;
Q478330;Grammichele;Grammichele;IT;37.216666666667;14.633333333333;
Q478378;Mascali;Mascali;IT;37.757777777778;15.195833333333;
Q478417;Militello in Val di Catania;Militello in Val di Catania;IT;37.274234;14.793333;
Q478532;Ingatestone and Fryerning;Ingatestone and Fryerning;GB;51.676388888889;0.36472222222222;
Q478559;Cuers;Cuers;FR;43.2375;6.0708333333333;
Q478560;Vicq-sur-Breuilh;Vicq-sur-Breuilh;FR;45.646111111111;1.3813888888889;
Q47869;Mozzecane;Mozzecane;IT;45.30955;10.81792;
Q47874;Isola della Scala;Isola della Scala;IT;45.2692;11.0107;
Q478782;Riposto;Riposto;IT;37.731830555555554;15.20576111111111;
Q478797;Harelbeke;Harelbeke;BE;50.8567;3.3131;
Q47882;San Bonifacio;San Bonifacio;IT;45.4;11.283333333333;
Q478916;Scordia;Scordia;IT;37.3;14.85;
Q478965;Vizzini;Vizzini;IT;37.166666666667;14.75;
Q4792901;Armathwaite;Armathwaite;GB;54.807;-2.771;
Q4793625;Armitage Bridge;Armitage Bridge;GB;53.6185;-1.7968;
Q47952;Salford;Salford;GB;53.482777777778;-2.2930555555556;
Q47998;San Martino Buon Albergo;San Martino Buon Albergo;IT;45.416666666667;11.1;
Q48027;Legnago;Legnago;IT;45.19287;11.31148;
Q48030;Cerea;Cerea;IT;45.18936;11.21661;
Q48039;Mogliano Veneto;Mogliano Veneto;IT;45.561944444444;12.236388888889;
Q48065;Motta di Livenza;Motta di Livenza;IT;45.779722222222;12.608611111111;
Q4807182;Askett;Askett;GB;51.74;-0.821;
Q48087;Oderzo;Oderzo;IT;45.780833333333;12.492777777778;
Q48114;Thiene;Thiene;IT;45.707222222222;11.478611111111;
Q48144;Mira;Mira;IT;45.43751;12.1329;
Q481514;Marsala;Marsala;IT;37.79805555555556;12.434166666666666;
Q481544;Alcamo;Alcamo;IT;37.966666666667;12.966666666667;
Q481594;Calatafimi-Segesta;Calatafimi-Segesta;IT;37.9;12.85;
Q481613;campobello di Mazara;Campobello di Mazara;IT;37.633333333333;12.75;
Q481674;Castelvetrano;Castelvetrano;IT;37.678611111111;12.791666666667;
Q481730;Mazara del Vallo;Mazara del Vallo;IT;37.651660833333;12.587509833333;
Q481744;Paceco;Paceco;IT;37.9787569;12.5602798;
Q481879;Salemi;Salemi;IT;37.816666666667;12.8;
Q48234;Monticello Conte Otto;Monticello Conte Otto;IT;45.6;11.583333333333;
Q48241;Ceggia;Ceggia;IT;45.683333333333;12.633333333333;
Q48250;Dueville;Dueville;IT;45.633333333333;11.55;
Q48292;Arles;Arles;FR;43.676944444444;4.6286111111111;
Q4831050;Aycliffe Village;Aycliffe Village;GB;54.5972;-1.5648;
Q483522;Villach;Villach;AT;46.616666666667;13.833333333333;
Q4842133;Bagshot;Bagshot;GB;51.3607;-0.6982;
Q4843871;Fairford Leys;Fairford Leys;GB;51.8152;-0.8379;
Q484552;Algésiras;Algeciras;ES;36.1275;-5.4538888888889;
Q484628;Medinaceli;Medinaceli;ES;41.172222222222224;-2.435277777777778;
Q485329;Ferrol;Ferrol;ES;43.48444444444444;-8.232777777777779;
Q48543;Sin-le-Noble;Sin-le-Noble;FR;50.363055555556;3.1130555555556;
Q485581;Aveiro;Aveiro;PT;40.638888888889;-8.6552777777778;
Q4860564;Bargeddie;Bargeddie;GB;55.8526;-4.07659;
Q4863470;Barrhill;Barrhill;GB;55.1032;-4.77013;
Q486792;Aranjuez;Aranjuez;ES;40.033333333333;-3.6027777777778;
Q487096;Reus;Reus;ES;41.15487;1.10871;
Q487174;Noto;Noto;IT;36.883333333333;15.083333333333;
Q4874515;Bayford;Bayford;GB;51.7583;-0.102778;
Q487786;Orihuela;Orihuela;ES;38.08555555555556;-0.9469444444444445;
Q4878675;Beckermet;Beckermet;GB;54.446;-3.516;
Q487929;Milazzo;Milazzo;IT;38.217;15.237;
Q488142;Breckland;Breckland;GB;52.633333333333;0.98333333333333;
Q488240;Lentini;Lentini;IT;37.283333333333;15.0;
Q488315;Lustenau;Lustenau;AT;47.4271;9.67114;
Q489205;Dos Hermanas;Dos Hermanas;ES;37.283611111111;-5.9222222222222;
Q48923;Genthod;Genthod;CH;46.266666666667;6.15;
Q489451;Noyelles-sur-Mer;Noyelles-sur-Mer;FR;50.183611111111;1.7088888888889;
Q489839;Torrejón de Ardoz;Torrejón de Ardoz;ES;40.45;-3.4830555555556;
Q489859;Sclafani Bagni;Sclafani Bagni;IT;37.816666666667;13.85;
Q489865;Isola delle Femmine;Isola delle Femmine;IT;38.2;13.25;
Q489872;Rosolini;Rosolini;IT;36.816666666667;14.95;
Q489929;Avola;Avola;IT;36.916666666667;15.133333333333;
Q489948;Patti;Patti;IT;38.1389;14.96481;
Q490;Milan;Milan;IT;45.466944444444;9.19;
Q490191;Andelot-en-Montagne;Andelot-en-Montagne;FR;46.852777777778;5.9336111111111;
Q490412;Priolo Gargallo;Priolo Gargallo;IT;37.166666666667;15.183333333333;
Q490422;Giardini-Naxos;Giardini Naxos;IT;37.833333333333;15.266666666667;
Q490638;Almendralejo;Almendralejo;ES;38.683055555555555;-6.409166666666667;
Q490793;Carini;Carini;IT;38.133333333333;13.183333333333;
Q490801;Santa Flavia;Santa Flavia;IT;38.083333333333;13.533333333333;
Q490851;Termini Imerese;Termini Imerese;IT;37.983333333333;13.7;
Q490857;Trabia;Trabia;IT;38.0;13.65;
Q490863;Partinico;Partinico;IT;38.05;13.116666666667;
Q490974;Caccamo;Caccamo;IT;37.933333333333;13.666666666667;
Q4911980;Billington and Langho;Billington and Langho;GB;53.81;-2.43;
Q491410;Lascari;Lascari;IT;38.0;13.933333333333;
Q491434;Trappeto;Trappeto;IT;38.066666666667;13.033333333333;
Q491667;Sant Vicent del Raspeig;San Vicente del Raspeig;ES;38.396388888889;-0.52527777777778;
Q491719;Sant'Alessio Siculo;Sant'Alessio Siculo;IT;37.921666666667;15.346944444444;
Q491724;Sant'Agata di Militello;Sant'Agata di Militello;IT;38.06805;14.63332;
Q4918118;Bishopton;Bishopton;GB;54.5853;-1.43722;
Q491821;Saponara;Saponara;IT;38.2;15.433333333333;
Q4918477;Bissoe;Bissoe;GB;50.2305;-5.1199;
Q491867;Terme Vigliatore;Terme Vigliatore;IT;38.13674;15.16268;
Q4923512;Blackwater;Blackwater;GB;50.2699;-5.1799;
Q4924567;Blakedown;Blakedown;GB;52.4036;-2.17856;
Q492475;Valença;Valença;PT;42.02821;-8.63388;
Q4925757;Bleasby;Bleasby;GB;53.039880555556;-0.9367;
Q4925858;Bledlow Ridge;Bledlow Ridge;GB;51.67;-0.846;
Q492805;Andover;Andover;GB;51.2167;-1.4667;
Q492966;Gioiosa Marea;Gioiosa Marea;IT;38.166666666667;14.9;
Q493433;Torrenova;Torrenova;IT;38.09246;14.67917;
Q493451;Spadafora;Spadafora;IT;38.22376;15.37928;
Q493457;Scaletta Zanclea;Scaletta Zanclea;IT;38.044722222222;15.462777777778;
Q493486;Tusa;Tusa;IT;37.983333333333;14.233333333333;
Q4936589;Bodieve;Bodieve;GB;50.5257;-4.8328;
Q493802;Valdaora;Olang;IT;46.761183;12.030411;
Q49390676;Corigliano-Rossano;Corigliano-Rossano;IT;39.583796;16.576481;
Q494521;Emmendingen;Emmendingen;DE;48.121388888889;7.8491666666667;
Q4946691;Borstal;Borstal;GB;51.374097222222;0.48630277777778;
Q494693;Torrelavega;Torrelavega;ES;43.35055555555556;-4.049166666666666;
Q494777;Alcoy;Alcoy;ES;38.698333333333;-0.47361111111111;
Q494798;Torregrotta;Torregrotta;IT;38.2;15.35;
Q494802;Nizza di Sicilia;Nizza di Sicilia;IT;37.994722222222;15.412777777778;
Q494809;Santo Stefano di Camastra;Santo Stefano di Camastra;IT;38.016666666667;14.35;
Q494814;Terlano;Terlan;IT;46.529301;11.248678;
Q495;Turin;Turin;IT;45.079166666666666;7.676111111111111;
Q495481;Wintzenheim;Wintzenheim;FR;48.073055555556;7.29;
Q495490;Ingersheim;Ingersheim;FR;48.094722222222;7.3063888888889;
Q495647;Loperhet;Loperhet;FR;48.374722222222;-4.3052777777778;
Q495689;Trémolat;Trémolat;FR;44.875833333333;0.83055555555556;
Q495798;Brolo;Brolo;IT;38.15623;14.82799;
Q49581;Jaca;Jaca;ES;42.55;-0.55;
Q495936;Caronia;Caronia;IT;38.016666666667;14.433333333333;
Q496026;Falcone;Falcone;IT;38.116666666667;15.083333333333;
Q4960409;Breich;Breich;GB;55.8299;-3.65523;
Q49605;Montecatini Terme;Montecatini Terme;IT;43.882777777778;10.771111111111;
Q496185;Furci Siculo;Furci Siculo;IT;37.961388888889;15.381944444444;
Q496268;Anor;Anor;FR;49.989444444444;4.0986111111111;
Q496343;Letojanni;Letojanni;IT;37.883333333333;15.3;
Q496368;Wrexham;Wrexham;GB;53.04666666666667;-2.993611111111111;
Q496424;Calatayud;Calatayud;ES;41.35;-1.633333;
Q496823;campofelice di Roccella;Campofelice di Roccella;IT;37.9894307;13.87114075;
Q496859;Casteldaccia;Casteldaccia;IT;38.05;13.533333333333;
Q496878;Capaci;Capaci;IT;38.166666666667;13.233333333333;
Q496890;Balestrate;Balestrate;IT;38.05125;13.00724;
Q496920;Pollina;Pollina;IT;38.0;14.15;
Q496978;Roccapalumba;Roccapalumba;IT;37.8;13.633333333333;
Q497078;Ficarazzi;Ficarazzi;IT;38.09229;13.4639;
Q497168;Oliveri;Oliveri;IT;38.12348;15.06085;
Q497179;Nazaré;Nazaré;PT;39.6;-9.0666666666667;
Q4972048;Broadbottom;Broadbottom;GB;53.44;-2.03;
Q4972804;Brockholes;Brockholes;GB;53.597;-1.7698;
Q497371;Pace del Mela;Pace del Mela;IT;38.17962;15.30534;
Q49743;Visé;Visé;BE;50.733333333333;5.6833333333333;
Q497549;Tubize;Tubize;BE;50.69283333333333;4.205;
Q497565;Walcourt;Walcourt;BE;50.2519;4.4322;
Q497572;Braine-l'Alleud;Braine-l'Alleud;BE;50.6806;4.3717;
Q497697;Durbuy;Durbuy;BE;50.3522;5.4564;
Q497764;Rochefort;Rochefort;BE;50.159044;5.22185;
Q497801;Tolosa;Tolosa;ES;43.1386097;-2.0723558;
Q498204;Sausset-les-Pins;Sausset-les-Pins;FR;43.332222222222;5.1138888888889;
Q498224;Ensuès-la-Redonne;Ensuès-la-Redonne;FR;43.355833333333;5.2041666666667;
Q49831;Noyon;Noyon;FR;49.581111111111;2.9988888888889;
Q4986208;Bugle;Bugle;GB;50.396;-4.793;
Q49878;Balsorano;Balsorano;IT;41.80982;13.5598;
Q498854;Tonnerre;Tonnerre;FR;47.855277777778;3.9733333333333;
Q498865;Hautmont;Hautmont;FR;50.248055555556;3.9244444444444;
Q498938;Santa Teresa di Riva;Santa Teresa di Riva;IT;37.94;15.3625;
Q499114;Termeno sulla Strada del Vino;Tramin an der Weinstraße;IT;46.34151;11.24228;
Q499139;villa Literno;Villa Literno;IT;41.0095855;14.0740848;
Q499313;Deinze;Deinze;BE;50.983333333333;3.5272222222222;
Q49940;Newark-on-Trent;Newark-on-Trent;GB;53.0765;-0.81;
Q499532;Grammont;Geraardsbergen;BE;50.766666666667;3.8666666666667;
Q499588;Poperinge;Poperinge;BE;50.8547;2.7256;
Q499594;Ans;Ans;BE;50.6625;5.52;
Q499599;Hamont-Achel;Hamont-Achel;BE;51.25;5.5333333333333;
Q499604;Alken;Alken;BE;50.876111111111;5.3077777777778;
Q499886;Taynuilt;Taynuilt;GB;56.433055555556;-5.2325;
Q4999653;Burneside;Burneside;GB;54.3556;-2.7628;
Q5001296;Busby;Busby;GB;55.77992;-4.26227;
Q500400;Sainte-Marie-aux-Mines;Sainte-Marie-aux-Mines;FR;48.246666666667;7.1838888888889;
Q500485;Visone;Visone;IT;44.662777777778;8.5016666666667;
Q500494;Padrón;Padrón;ES;42.7390228;-8.6602504;
Q500588;L'Aigle;L'Aigle;FR;48.765;0.6283333333333334;
Q50061;Canistro;Canistro;IT;41.941666666667;13.413333333333;
Q50064;Capistrello;Capistrello;IT;41.973611111111;13.4;
Q50070;Carsoli;Carsoli;IT;42.09882;13.08856;
Q50073;Castel di Sangro;Castel di Sangro;IT;41.784222222222;14.108523888889;
Q50079;Celano;Celano;IT;42.084305555556;13.54775;
Q50080;Cerchio;Cerchio;IT;42.061944444444;13.6025;
Q50082;Civita d'Antino;Civita d'Antino;IT;41.886666666667;13.4725;
Q50084;Civitella Roveto;Civitella Roveto;IT;41.916944444444;13.427777777778;
Q50085;Cocullo;Cocullo;IT;42.033888888889;13.775833333333;
Q50086;Collarmele;Collarmele;IT;42.06;13.626666666667;
Q50091;Fagnano Alto;Fagnano Alto;IT;42.254444444444;13.575277777778;
Q50092;Fontecchio;Fontecchio;IT;42.230555555556;13.606666666667;
Q50097;Goriano Sicoli;Goriano Sicoli;IT;42.081666666667;13.775833333333;
Q50108;Molina Aterno;Molina Aterno;IT;42.15;13.736388888889;
Q50115;Oricola;Oricola;IT;42.050277777778;13.039527777778;
Q50116;Ortona dei Marsi;Ortona dei Marsi;IT;41.998333333333;13.728888888889;
Q50122;Pescina;Pescina;IT;42.026388888889;13.658888888889;
Q50129;Pratola Peligna;Pratola Peligna;IT;42.099166666667;13.874722222222;
Q50131;Raiano;Raiano;IT;42.103333333333;13.815555555556;
Q50138;Roccaraso;Roccaraso;IT;41.846647222222;14.078527777778;
Q50141;San Demetrio ne' Vestini;San Demetrio ne' Vestini;IT;42.290555555556;13.556111111111;
Q50143;San Vincenzo Valle Roveto;San Vincenzo Valle Roveto;IT;41.84452;13.53566;
Q50146;Sante Marie;Sante Marie;IT;42.104444444444;13.201388888889;
Q50151;Scoppito;Scoppito;IT;42.373888888889;13.255833333333;
Q50155;Scurcola Marsicana;Scurcola Marsicana;IT;42.064166666667;13.34;
Q50157;Sulmona;Sulmona;IT;42.048025;13.926198;
Q50159;Tagliacozzo;Tagliacozzo;IT;42.069444444444;13.254722222222;
Q50161;Tione degli Abruzzi;Tione degli Abruzzi;IT;42.205;13.636666666667;
Q501807;Saint-Sulpice-et-Cameyrac;Saint-Sulpice-et-Cameyrac;FR;44.91;-0.39055555555556;
Q50189;Annecy;Annecy;FR;45.899166666667;6.1294444444444;
Q501900;Tournus;Tournus;FR;46.561666666667;4.9122222222222;
Q50195;Imola;Imola;IT;44.353055555556;11.714722222222;
Q50197;Ferentino;Ferentino;IT;41.683333333333;13.25;
Q502249;Villena;Villena;ES;38.635;-0.86583333333333;
Q503094;Llanes;Llanes;ES;43.4211205;-4.7530835;
Q503185;Konz;Konz;DE;49.702777777778;6.5794444444444;
Q50323339;Borgo Veneto;Borgo Veneto;IT;45.22910833;11.538425;
Q503331;Dorchester;Dorchester;GB;50.710833333333;-2.4397222222222;
Q503363;Chaudfontaine;Chaudfontaine;BE;50.583333333333;5.6333333333333;
Q5039238;Carfin;Carfin;GB;55.8009;-3.96483;
Q504178;San Lorenzo di Sebato;San Lorenzo di Sebato;IT;46.783454;11.903071;
Q504204;L'Isle-sur-la-Sorgue;L'Isle-sur-la-Sorgue;FR;43.919444444444;5.0513888888889;
Q504607;Val di Vizze;Pfitsch;IT;46.899995;11.459301;
Q504653;Lebbeke;Lebbeke;BE;51.0;4.1166666666667;
Q504678;Berwick-upon-Tweed;Berwick-upon-Tweed;GB;55.76916666666666;-2.0025;
Q504724;Villabassa;Niederdorf;IT;46.737901388888886;12.169185;
Q504853;Remiremont;Remiremont;FR;48.016944444444;6.59;
Q504883;La Charité-sur-Loire;La Charité-sur-Loire;FR;47.176944444444;3.0188888888889;
Q504919;Feurs;Feurs;FR;45.740833333333;4.2258333333333;
Q5049410;Cholsey;Cholsey;GB;51.574;-1.151;
Q5051911;Caterham-on-the-Hill;Caterham-on-the-Hill;GB;51.284;-0.086;
Q5054049;Cattal;Cattal;GB;53.9844;-1.32131;
Q505433;Waldshut-Tiengen;Waldshut-Tiengen;DE;47.623055555556;8.2144444444444;
Q505468;Müllheim;Müllheim im Markgräflerland;DE;47.808333333333;7.6308333333333;
Q5057245;Cefn-y-bedd;Cefn-y-bedd;GB;53.0994;-3.03196;
Q50607256;Carstairs Junction;Carstairs Junction;GB;55.68861111111111;-3.664722222222222;
Q506707;Furnes;Veurne;BE;51.0722;2.6622;
Q506739;Limbourg;Limbourg;BE;50.6122;5.9403;
Q506831;Magland;Magland;FR;46.021944444444;6.6197222222222;
Q506856;Hausach;Hausach;DE;48.285277777778;8.1797222222222;
Q506864;Herbolzheim;Herbolzheim;DE;48.221944444444;7.7775;
Q506948;Dingé;Dingé;FR;48.3575;-1.7161111111111;
Q507149;Espinosa de los Monteros;Espinosa de los Monteros;ES;43.066666666667;-3.5333333333333;
Q5073132;Chapelhall;Chapelhall;GB;55.845;-3.9472;
Q507517;Rochester;Rochester;GB;51.38764;0.50546;
Q507569;Saint-Aubin-sur-Scie;Saint-Aubin-sur-Scie;FR;49.871388888889;1.0702777777778;
Q507581;Hornberg;Hornberg;DE;48.213333333333;8.2308333333333;
Q507822;Achiet-le-Grand;Achiet-le-Grand;FR;50.130555555556;2.7825;
Q50810269;Les Sables-d'Olonne;Les Sables-d'Olonne;FR;46.496388888889;-1.7847222222222;
Q508546;Montréjeau;Montréjeau;FR;43.084722222222;0.56888888888889;
Q508754;Vila-seca;Vila-seca;ES;41.11098;1.144988;
Q508836;Nantiat;Nantiat;FR;46.009166666667;1.1733333333333;
Q508998;Marlow;Marlow;GB;51.566666666667;-0.76666666666667;
Q509226;Capçanes;Capçanes;ES;41.10063;0.78138;
Q509783;Neuenburg am Rhein;Neuenburg am Rhein;DE;47.814722222222;7.5619444444444;
Q510013;Commentry;Commentry;FR;46.288888888889;2.7416666666667;
Q5101746;Chipstead;Chipstead;GB;51.3147;-0.1626;
Q511643;Argentine;Argentine;FR;45.493888888889;6.3127777777778;
Q5116605;Church Hanborough;Church Hanborough;GB;51.8;-1.383;
Q51176;Capo d'Orlando;Capo d'Orlando;IT;38.15;14.733333333333;
Q511910;Esches;Esches;FR;49.218611111111;2.1652777777778;
Q51196;Casalbordino;Casalbordino;IT;42.15;14.583333333333;
Q51223;Fossacesia;Fossacesia;IT;42.25;14.483333333333;
Q51225;Francavilla al Mare;Francavilla al Mare;IT;42.418058333333;14.291908333333;
Q5123;Monzón;Monzón;ES;41.9;0.18333333333333332;
Q512351;Varennes-sur-Allier;Varennes-sur-Allier;FR;46.313055555556;3.4013888888889;
Q51256;Ortona;Ortona;IT;42.355658333333;14.403594444444;
Q51289;San Vito Chietino;San Vito Chietino;IT;42.3;14.45;
Q51313;Vasto;Vasto;IT;42.111588888889;14.708219444444;
Q51346;Alanno;Alanno;IT;42.3;13.966666666667;
Q51348;Bussi sul Tirino;Bussi sul Tirino;IT;42.216666666667;13.816666666667;
Q51370;Manoppello;Manoppello;IT;42.257777777778;14.059722222222;
Q5137116;Clynderwen;Clynderwen;GB;51.8455;-4.71181;
Q51372;Montesilvano;Montesilvano;IT;42.51185;14.13729;
Q51384;Popoli Terme;Popoli Terme;IT;42.170833333333;13.831666666667;
Q513918;La Puebla de Valverde;La Puebla de Valverde;ES;40.224544;-0.9301721;
Q51397;Scafa;Scafa;IT;42.26575;13.99665;
Q513988;Audrieu;Audrieu;FR;49.209166666667;-0.59333333333333;
Q51407;Torre de' Passeri;Torre de' Passeri;IT;42.2536627;13.9334945;
Q51417;Alba Adriatica;Alba Adriatica;IT;42.833333333333;13.916666666667;
Q514185;La Loupe;La Loupe;FR;48.471666666667;1.0152777777778;
Q51423;Bellante;Bellante;IT;42.75;13.8;
Q51450;Giulianova;Giulianova;IT;42.752516666667;13.956686111111;
Q51452;Martinsicuro;Martinsicuro;IT;42.885133333333;13.915991666667;
Q51456;Mosciano Sant'Angelo;Mosciano Sant'Angelo;IT;42.75;13.883333333333;
Q51462;Pineto;Pineto;IT;42.616666666667;14.066666666667;
Q514622;Astaffort;Astaffort;FR;44.063888888889;0.65138888888889;
Q51467;Silvi;Silvi;IT;42.55;14.116666666667;
Q51470;Tortoreto;Tortoreto;IT;42.8;13.916666666667;
Q514994;Lavaur;Lavaur;FR;43.698888888889;1.8188888888889;
Q515016;Castuera;Castuera;ES;38.7229615;-5.5443352;
Q515476;Uig;Uig;GB;57.58;-6.36;
Q515527;Engen;Engen;DE;47.852777777778;8.7713888888889;
Q515710;Asse;Asse;BE;50.9;4.2;
Q516131;Skipton;Skipton;GB;53.962;-2.017;
Q5161721;Connel;Connel;GB;56.4544;-5.386;
Q516605;Sandown;Sandown;GB;50.6551;-1.1541;
Q516631;Rubiá;Rubiá;ES;42.449722222222;-6.9488888888889;
Q5173891;Cosford (Warwickshire);Cosford;GB;52.408;-1.265;
Q517450;Guadarrama;Guadarrama;ES;40.672777777777775;-4.088888888888889;
Q5175043;Ulleskelf;Ulleskelf;GB;53.854880555556;-1.2126694444444;
Q517870;Renan;Renan;CH;47.1261;6.9259;
Q51810;Acquaviva delle Fonti;Acquaviva delle Fonti;IT;40.9;16.85;
Q51815;Bitetto;Bitetto;IT;41.033333333333;16.75;
Q51816;Bitritto;Bitritto;IT;41.05;16.833333333333;
Q51827;Gioia del Colle;Gioia del Colle;IT;40.8;16.933333333333;
Q51828;Giovinazzo;Giovinazzo;IT;41.183333333333;16.666666666667;
Q51829;Gravina in Puglia;Gravina in Puglia;IT;40.820555555556;16.423333333333;
Q51830;Grumo Appula;Grumo Appula;IT;41.016666666667;16.7;
Q51833;Modugno;Modugno;IT;41.083333333333;16.783333333333;
Q51834;Mola di Bari;Mola di Bari;IT;41.066666666667;17.083333333333;
Q51835;Monopoli;Monopoli;IT;40.95;17.3;
Q51840;Poggiorsini;Poggiorsini;IT;40.916666666667;16.25;
Q51842;Polignano a Mare;Polignano a Mare;IT;40.996111111111;17.220277777778;
Q5184679;Creswell;Creswell;GB;53.264;-1.212;
Q51851;Santeramo in Colle;Santeramo in Colle;IT;40.8;16.766666666667;
Q51860;Carovigno;Carovigno;IT;40.707222222222;17.659444444444;
Q51865;Fasano;Fasano;IT;40.833333333333;17.366666666667;
Q51866;Francavilla Fontana;Francavilla Fontana;IT;40.531388888889;17.585833333333;
Q51867;Latiano;Latiano;IT;40.57390555;17.7144836;
Q51868;Mesagne;Mesagne;IT;40.566666666667;17.8;
Q51871;Oria;Oria;IT;40.5;17.633333333333;
Q51872;Ostuni;Ostuni;IT;40.732222222222;17.577777777778;
Q5187471;Croft;Croft;GB;53.1296;0.254115;
Q51877;San Pietro Vernotico;San Pietro Vernotico;IT;40.5115548;18.01434415;
Q5188019;Crosby;Crosby;GB;54.313;-1.372;
Q5188616;Crossgates;Crossgates;GB;52.2748;-3.33732;
Q51891;Apricena;Apricena;IT;41.784585;15.443579;
Q51892;Ascoli Satriano;Ascoli Satriano;IT;41.215555555556;15.557777777778;
Q5189246;Crowhurst;Crowhurst;GB;50.89;0.5;
Q51895;Bovino;Bovino;IT;41.25;15.35;
Q51897;Candela;Candela;IT;41.133333333333;15.516666666667;
Q519052;Ourique;Ourique;PT;37.65;-8.225;
Q519215;Johnston;Johnston;GB;51.754;-4.9976;
Q51924;Chieuti;Chieuti;IT;41.85;15.15;
Q51938;Ordona;Ordona;IT;41.316666666667;15.633333333333;
Q51940;Orta Nova;Orta Nova;IT;41.330833333333;15.711388888889;
Q51948;rocchetta Sant'Antonio;Rocchetta Sant'Antonio;IT;41.1;15.466666666667;
Q519495;Saint-Pierre-en-Faucigny;Saint-Pierre-en-Faucigny;FR;46.059722222222;6.3725;
Q5197228;Cwmbach;Cwmbach;GB;51.7072;-3.41278;
Q5197244;Cwmfelin;Cwmfelin;GB;51.595558333333;-3.6540361111111;
Q5199946;Cynghordy;Cynghordy;GB;52.05;-3.75;
Q52009;Castellaneta;Castellaneta;IT;40.633333333333;16.933333333333;
Q52013;Ginosa;Ginosa;IT;40.5;16.75;
Q52014;Grottaglie;Grottaglie;IT;40.533333333333;17.433333333333;
Q5202;Almazán;Almazán;ES;41.48583333333333;-2.5330555555555554;
Q52024;Massafra;Massafra;IT;40.583333333333;17.116666666667;
Q52031;Palagianello;Palagianello;IT;40.616666666667;16.966666666667;
Q52032;Palagiano;Palagiano;IT;40.583333333333;17.05;
Q520440;Lottstetten;Lottstetten;DE;47.628888888889;8.5722222222222;
Q52066;Bibbiena;Bibbiena;IT;43.6975;11.814444444444;
Q52067;Bucine;Bucine;IT;43.4775;11.615833333333;
Q52068;Capolona;Capolona;IT;43.567777777778;11.864722222222;
Q520698;Deville;Deville;FR;49.880833333333;4.7055555555556;
Q52070;Castel Focognano;Castel Focognano;IT;43.653361111111;11.788;
Q52074;Castiglion Fiorentino;Castiglion Fiorentino;IT;43.343888888889;11.918888888889;
Q52080;Cortone;Cortona;IT;43.275555555556;11.988055555556;
Q52089;Montevarchi;Montevarchi;IT;43.523397222222;11.567866666667;
Q52095;Poppi;Poppi;IT;43.735833333333;11.761666666667;
Q52097;San Giovanni Valdarno;San Giovanni Valdarno;IT;43.564444444444;11.532777777778;
Q52102;Subbiano;Subbiano;IT;43.58;11.872222222222;
Q5211609;Dalry;Dalry;GB;55.9436;-3.21959;
Q521432;Saint-Marcellin;Saint-Marcellin;FR;45.151666666667;5.3197222222222;
Q52200;Squinzano;Squinzano;IT;40.433333333333;18.05;
Q52213;Trepuzzi;Trepuzzi;IT;40.4;18.066666666667;
Q522165;Wörth am Rhein;Wörth am Rhein;DE;49.051666666667;8.2602777777778;
Q52227;Aulla;Aulla;IT;44.216666666667;9.9666666666667;
Q52232;Filattiera;Filattiera;IT;44.333333333333;9.9333333333333;
Q52233;Fivizzano;Fivizzano;IT;44.233333333333;10.116666666667;
Q52240;Pontremoli;Pontremoli;IT;44.376111111111;9.8799;
Q52243;Villafranca in Lunigiana;Villafranca in Lunigiana;IT;44.295555555556;9.95;
Q52256;Bercher;Bercher;CH;46.69163;6.70623;
Q52261;Bex;Bex;CH;46.25;7.0166666666667;
Q52262;Bière;Bière;CH;46.533333333333;6.3333333333333;
Q52274;Bourg-en-Lavaux;Bourg-en-Lavaux;CH;46.5;6.7166666666667;
Q52279;Bernalda;Bernalda;IT;40.416666666667;16.683333333333;
Q522853;La Ricamarie;La Ricamarie;FR;45.403055555556;4.3644444444444;
Q52286;Ferrandina;Ferrandina;IT;40.5;16.45;
Q52288;Garaguso;Garaguso;IT;40.55;16.233333333333;
Q52289;Bretonnières;Bretonnières;CH;46.716666666667;6.4666666666667;
Q52300;Bussigny;Bussigny;CH;46.55;6.55;
Q523015;Saint-Yrieix-la-Perche;Saint-Yrieix-la-Perche;FR;45.514444444444;1.2033333333333;
Q523025;Brierfield;Brierfield;GB;53.821;-2.229;
Q52323;Nova Siri;Nova Siri;IT;40.15;16.533333333333;
Q52326;Pisticci;Pisticci;IT;40.383333333333;16.55;
Q52327;Policoro;Policoro;IT;40.2;16.666666666667;
Q52330;Salandra;Salandra;IT;40.533333333333;16.316666666667;
Q523335;Beauly;Beauly;GB;57.4847;-4.46204;
Q52334;Scanzano Jonico;Scanzano Jonico;IT;40.25;16.7;
Q523596;Celorico da Beira;Celorico da Beira;PT;40.633333333333;-7.4;
Q524705;Planès;Planès;FR;42.491944444444;2.1397222222222;
Q524836;Varangéville;Varangéville;FR;48.6338888889;6.31361111111;
Q52512;Albano di Lucania;Albano di Lucania;IT;40.583333333333;16.033333333333;
Q52519;Avigliano;Avigliano;IT;40.733333333333;15.716666666667;
Q52526;Balvano;Balvano;IT;40.65;15.516666666667;
Q52528;Baragiano;Baragiano;IT;40.679763888889;15.593819444444;
Q52530;Barile;Barile;IT;40.95;15.666666666667;
Q52533;Bella;Bella;IT;40.766666666667;15.533333333333;
Q525508;Dewsbury;Dewsbury;GB;53.683333333333;-1.6333333333333;
Q52569;Filiano;Filiano;IT;40.816666666667;15.7;
Q52586;Lagonegro;Lagonegro;IT;40.133333333333;15.766666666667;
Q52597;Maratea;Maratea;IT;39.992777777778;15.716666666667;
Q5262;Riehen;Riehen;CH;47.580555555555556;7.649166666666667;
Q52634;Picerno;Picerno;IT;40.633333333333;15.633333333333;
Q52635;Pietragalla;Pietragalla;IT;40.75;15.883333333333;
Q52646;Rionero in Vulture;Rionero in Vulture;IT;40.916666666667;15.666666666667;
Q526576;Thurso;Thurso;GB;58.596111111111;-3.5211111111111;
Q52683;Tito;Tito;IT;40.583333333333;15.683333333333;
Q52688;Trivigno;Trivigno;IT;40.583333333333;15.983333333333;
Q52694;Champvent;Champvent;CH;46.78302;6.57186;
Q52699;Château-d’Oex;Château-d’Oex;CH;46.466666666667;7.1166666666667;
Q52726;Chavornay;Chavornay;CH;46.70654;6.56898;
Q527391;Bridlington;Bridlington;GB;54.088;-0.2004;
Q52743;Le Chenit;Le Chenit;CH;46.6;6.2333333333333;
Q527467;Colwyn Bay;Colwyn Bay;GB;53.29;-3.7;
Q527676;Fondettes;Fondettes;FR;47.404166666667;0.59888888888889;
Q5277;Huércal de Almería;Huércal de Almería;ES;36.8823693;-2.4407545;
Q52773;Cheseaux-sur-Lausanne;Cheseaux-sur-Lausanne;CH;46.583333333333;6.6;
Q527749;Appenweier;Appenweier;DE;48.539722222222;7.98;
Q5277964;Dinas Cross;Dinas Cross;GB;52.0109;-4.90978;
Q527846;Selby;Selby;GB;53.781789;-1.070309;
Q52818;Chexbres;Chexbres;CH;46.48432;6.78008;
Q5282164;Diseworth;Diseworth;GB;52.8153;-1.33377;
Q528530;Andújar;Andújar;ES;38.0392362;-4.0505603;
Q52871;Gevrey-Chambertin;Gevrey-Chambertin;FR;47.226666666667;4.9677777777778;
Q52882;Saulon-la-Chapelle;Saulon-la-Chapelle;FR;47.215;5.0886111111111;
Q52962;Brisighella;Brisighella;IT;44.216666666667;11.766666666667;
Q52970;Castel Bolognese;Castel Bolognese;IT;44.316666666667;11.8;
Q52981;Faenza;Faenza;IT;44.285555555556;11.883333333333;
Q52988;Russi;Russi;IT;44.37645;12.03335;
Q5305665;Drakewalls;Drakewalls;GB;50.515;-4.225;
Q5306907;Drem;Drem;GB;56.0059;-2.78735;
Q5307512;Drigg;Drigg;GB;54.37888888888889;-3.441388888888889;
Q53124;Cormons;Cormons;IT;45.95;13.466666666667;
Q531311;Teignmouth;Teignmouth;GB;50.5491;-3.4948;
Q53133;Monfalcone;Monfalcone;IT;45.8;13.533333333333;
Q53137;Ronchi dei Legionari;Ronchi dei Legionari;IT;45.833333333333;13.5;
Q53138;Sagrado;Sagrado;IT;45.87963155;13.5144395;
Q53151;Aviano;Aviano;IT;46.066666666667;12.583333333333;
Q53155;Budoia;Budoia;IT;46.05;12.533333333333;
Q531557;Béard;Béard;FR;46.8625;3.3275;
Q53157;Casarsa della Delizia;Casarsa della Delizia;IT;45.95;12.85;
Q53159;Cavasso Nuovo;Cavasso Nuovo;IT;46.2;12.766666666667;
Q53172;Fontanafredda;Fontanafredda;IT;45.966666666667;12.566666666667;
Q53174;Maniago;Maniago;IT;46.166666666667;12.716666666667;
Q53175;Meduno;Meduno;IT;46.216666666667;12.8;
Q53177;Montereale Valcellina;Montereale Valcellina;IT;46.166666666667;12.666666666667;
Q53190;Sacile;Sacile;IT;45.95412;12.50274;
Q53194;San Vito al Tagliamento;San Vito al Tagliamento;IT;45.915277777778;12.855555555556;
Q53196;Sesto al Reghena;Sesto al Reghena;IT;45.85;12.816666666667;
Q53206;Zoppola;Zoppola;IT;45.966666666667;12.766666666667;
Q53220;Artegna;Artegna;IT;46.233333333333;13.15;
Q53224;Basiliano;Basiliano;IT;46.016666666667;13.1;
Q53230;Buttrio;Buttrio;IT;46.016666666667;13.333333333333;
Q53241;Cervignano del Friuli;Cervignano del Friuli;IT;45.823055555556;13.335;
Q53246;Codroipo;Codroipo;IT;45.961425;12.977386111111;
Q5325447;Ealand;Ealand;GB;53.5924;-0.818965;
Q53265;Gemona del Friuli;Gemona del Friuli;IT;46.283333333333;13.133333333333;
Q532667;Larrazet;Larrazet;FR;43.930833333333;1.0825;
Q53269;Latisana;Latisana;IT;45.783333333333;13.0;
Q53279;Manzano;Manzano;IT;45.983333333333;13.383333333333;
Q53302;Palmanova;Palmanova;IT;45.9;13.316667;
Q53309;Pontebba;Pontebba;IT;46.506531;13.306426;
Q533277;Almonaster la Real;Almonaster la Real;ES;37.8732724;-6.7861298;
Q53355;San Giorgio di Nogaro;San Giorgio di Nogaro;IT;45.833333333333;13.2;
Q53356;San Giovanni al Natisone;San Giovanni al Natisone;IT;45.983333333333;13.4;
Q53376;Tarcento;Tarcento;IT;46.216666666667;13.216666666667;
Q53387;Tricesimo;Tricesimo;IT;46.1605;13.2128;
Q53391;Venzone;Venzone;IT;46.33031;13.13825;
Q533911;Marquillies;Marquillies;FR;50.556111111111;2.8705555555556;
Q534206;Saint-Gervais-les-Bains;Saint-Gervais-les-Bains;FR;45.8925;6.7136111111111;
Q534664;Châtillon;Châtillon;FR;45.877222222222;4.6458333333333;
Q534812;Flers;Flers;FR;48.748333333333;-0.56944444444444;
Q53495;Badolato;Badolato;IT;38.566666666667;16.533333333333;
Q53499;Botricello;Botricello;IT;38.933333333333;16.85;
Q53513;Cropani;Cropani;IT;38.966666666667;16.783333333333;
Q53531;Guardavalle;Guardavalle;IT;38.5;16.5;
Q535371;Saint-Jacques-de-la-Lande;Saint-Jacques-de-la-Lande;FR;48.090277777778;-1.6955555555556;
Q535902;Knaresborough;Knaresborough;GB;54.0084;-1.467;
Q536061;La Bâthie;La Bâthie;FR;45.626944444444;6.4494444444444;
Q53643;Lamezia Terme;Lamezia Terme;IT;38.966666666667;16.3;
Q53657;Montepaone;Montepaone;IT;38.716666666667;16.5;
Q53693;Santa Caterina dello Ionio;Santa Caterina dello Ionio;IT;38.533333333333;16.516666666667;
Q537113;Modane;Modane;FR;45.201388888889;6.6733333333333;
Q53723;Soverato;Soverato;IT;38.683333333333;16.55;
Q537323;Loughborough;Loughborough;GB;52.7705;-1.2046;
Q537471;Vila Nova de Foz Côa;Vila Nova de Foz Côa;PT;41.083333333333;-7.1333333333333;
Q537535;Le Molay-Littry;Le Molay-Littry;FR;49.2425;-0.87305555555556;
Q5376100;Wateringbury;Wateringbury;GB;51.255461111111;0.42316111111111;
Q537692;Filton;Filton;GB;51.5293;-2.5692;
Q537985;Edenkoben;Edenkoben;DE;49.283888888889;8.1272222222222;
Q537987;Bazancourt;Bazancourt;FR;49.363333333333;4.1702777777778;
Q53818;Acquappesa;Acquappesa;IT;39.493425;15.954122222222;
Q53827;Amantea;Amantea;IT;39.1332;16.0745;
Q53828;Amendolara;Amendolara;IT;39.95;16.583333333333;
Q53838;Belvedere Marittimo;Belvedere Marittimo;IT;39.616666666667;15.866666666667;
Q538407;Montemor-o-Novo;Montemor-o-Novo;PT;38.65;-8.2166666666667;
Q53843;Bonifati;Bonifati;IT;39.583333333333;15.9;
Q53846;Calopezzati;Calopezzati;IT;39.566666666667;16.8;
Q53850;Cariati;Cariati;IT;39.49627;16.95495;
Q5385175;Erbusaig;Erbusaig;GB;57.3001;-5.71451;
Q53853;Cassano allo Ionio;Cassano allo Ionio;IT;39.783888888889;16.318888888889;
Q538536;Angerville;Angerville;FR;48.310277777778;1.9983333333333;
Q53866;Cetraro;Cetraro;IT;39.5;15.95;
Q53872;Crosia;Crosia;IT;39.566666666667;16.766666666667;
Q53873;Diamante;Diamante;IT;39.683333333333;15.816666666667;
Q538735;Quaregnon;Quaregnon;BE;50.433333333333;3.8666666666667;
Q53884;Fuscaldo;Fuscaldo;IT;39.416666666667;16.033333333333;
Q53885;Grisolia;Grisolia;IT;39.7137507;15.89758705;
Q53888;Guardia Piemontese;Guardia Piemontese;IT;39.466666666667;16.0;
Q538880;Sorgues;Sorgues;FR;44.008333333333;4.8725;
Q53906;Mandatoriccio;Mandatoriccio;IT;39.466666666667;16.833333333333;
Q53918;Montegiordano;Montegiordano;IT;40.05;16.533333333333;
Q53928;Paola;Paola;IT;39.366666666667;16.033333333333;
Q53938;Praia a Mare;Praia a Mare;IT;39.8979626;15.80841575;
Q53946;Rende;Rende;IT;39.333333333333;16.183333333333;
Q53947;Rocca Imperiale;Rocca Imperiale;IT;40.10640833984138;16.59489850103709;
Q539487;La Bonneville-sur-Iton;La Bonneville-sur-Iton;FR;48.992777777778;1.0358333333333;
Q53951;Roseto Capo Spulico;Roseto Capo Spulico;IT;39.983333333333;16.6;
Q539534;Gouzon;Gouzon;FR;46.191666666667;2.2386111111111;
Q539629;Domblans;Domblans;FR;46.763888888889;5.5972222222222;
Q539699;Wavrin;Wavrin;FR;50.573888888889;2.9388888888889;
Q53973;San Lucido;San Lucido;IT;39.316666666667;16.05;
Q53974;San Marco Argentano;San Marco Argentano;IT;39.55;16.116666666667;
Q539839;Klettgau;Klettgau;DE;47.658333333333;8.4227777777778;
Q53990;Santa Maria del Cedro;Santa Maria del Cedro;IT;39.75;15.833333333333;
Q54000;Scalea;Scalea;IT;39.804858715884784;15.796859569541043;
Q540012;Lydney;Lydney;GB;51.7286;-2.5285;
Q540085;Aubin-Saint-Vaast;Aubin-Saint-Vaast;FR;50.395555555556;1.9736111111111;
Q54027;Torano Castello;Torano Castello;IT;39.5;16.15;
Q54032;Trebisacce;Trebisacce;IT;39.866666666667;16.533333333333;
Q540333;Dorking;Dorking;GB;51.2325;-0.33055555555555555;
Q54037;Villapiana;Villapiana;IT;39.85;16.45;
Q541;Orvieto;Orvieto;IT;42.71820031;12.10826941;
Q541590;Leigh-on-Sea;Leigh-on-Sea;GB;51.55;0.65;
Q541669;Hagenbach;Hagenbach;DE;49.020555555556;8.2483333333333;
Q542686;Matillas;Matillas;ES;40.952222222222;-2.8430555555556;
Q542958;Torrelodones;Torrelodones;ES;40.576388888888886;-3.9299999999999997;
Q5430546;Fairlie;Fairlie;GB;55.7604;-4.8541;
Q543542;Portimão;Portimão;PT;37.133333333333;-8.5333333333333;
Q5436438;Farsley;Farsley;GB;53.8116;-1.6718;
Q54377031;Wexford;Wexford;IE;52.254575;-6.333994;
Q543993;Soure;Soure;PT;40.05;-8.6333333333333;
Q5445092;Fernhill;Fernhill;GB;51.6908;-3.41055;
Q5445551;Ferryside;Ferryside;GB;51.766666666667;-4.3666666666667;
Q5446198;Ffairfach;Ffairfach;GB;51.871567;-3.994301;
Q544939;Enfield;Enfield;GB;51.65222222222222;-0.08083333333333333;
Q544967;Saint-Pierre-la-Cour;Saint-Pierre-la-Cour;FR;48.115;-1.0263888888889;
Q54502;Cirò Marina;Cirò Marina;IT;39.366666666667;17.116666666667;
Q54506;Crucoli;Crucoli;IT;39.423611111111;17.003333333333;
Q54508;Cutro;Cutro;IT;39.034166666667;16.981944444444;
Q54510;Melissa;Melissa;IT;39.3;17.016666666667;
Q54522;Strongoli;Strongoli;IT;39.266666666667;17.066666666667;
Q54554266;East Suffolk;East Suffolk;GB;52.2;1.5;
Q54556;Africo;Africo;IT;38.05067;16.1332;
Q54562;Ardore;Ardore;IT;38.183333333333;16.166666666667;
Q54565;Bagnara Calabra;Bagnara Calabra;IT;38.283333333333;15.816666666667;
Q54568;Bianco;Bianco;IT;38.0917;16.15159;
Q54573;Bova Marina;Bova Marina;IT;37.933333333333;15.916666666667;
Q54575;Bovalino;Bovalino;IT;38.15;16.166666666667;
Q54578;Brancaleone;Brancaleone;IT;37.963888888889;16.101111111111;
Q545801;Noyal-sur-Vilaine;Noyal-sur-Vilaine;FR;48.111666666667;-1.5244444444444;
Q54597;Caulonia;Caulonia;IT;38.383333333333;16.416666666667;
Q546;Trieste;Trieste;IT;45.65027777777778;13.770277777777778;
Q54604;Condofuri;Condofuri;IT;38.0;15.866666666667;
Q54609;Ferruzzano;Ferruzzano;IT;38.033333333333;16.083333333333;
Q54614;Gioia Tauro;Gioia Tauro;IT;38.433333333333;15.9;
Q546163;Aldbury;Aldbury;GB;51.8;-0.6;
Q54619;Locri;Locri;IT;38.233333333333;16.266666666667;
Q54621;Marina di Gioiosa Ionica;Marina di Gioiosa Ionica;IT;38.3;16.333333333333;
Q54626;Melito di Porto Salvo;Melito di Porto Salvo;IT;37.916666666667;15.783333333333;
Q54628;Monasterace;Monasterace;IT;38.45361111111111;16.553055555555556;
Q54629;Montebello Ionico;Montebello Ionico;IT;37.983333333333;15.766666666667;
Q54630;Motta San Giovanni;Motta San Giovanni;IT;38.0;15.7;
Q54632;Palizzi;Palizzi;IT;37.966666666667;15.983333333333;
Q54633;Palmi;Palmi;IT;38.366666666667;15.85;
Q54642;Roccella Ionica;Roccella Ionica;IT;38.316666666667;16.4;
Q54644;Rosarno;Rosarno;IT;38.485;15.979722222222;
Q546485;Castleford;Castleford;GB;53.716;-1.356;
Q54649;San Lorenzo;San Lorenzo;IT;38.016666666667;15.833333333333;
Q546635;Royal Leamington Spa;Leamington Spa;GB;52.29194444444445;-1.5358333333333332;
Q54666;Scilla;Scilla;IT;38.25067;15.71899;
Q54672;Siderno;Siderno;IT;38.266666666667;16.3;
Q5467600;Ford;Ford;GB;51.777;-0.872;
Q54689;villa San Giovanni;Villa San Giovanni;IT;38.216666666667;15.633333333333;
Q54698;Briatico;Briatico;IT;38.72598;16.03289;
Q5470588;Forsbrook;Forsbrook;GB;52.970838888889;-2.05505;
Q547071;Farnborough;Farnborough;GB;51.29;-0.75;
Q54715;Joppolo;Joppolo;IT;38.583333333333;15.9;
Q54720;Mileto;Mileto;IT;38.6078;16.06751;
Q54724;Nicotera;Nicotera;IT;38.55;15.933333333333;
Q54726;Parghelia;Parghelia;IT;38.683333333333;15.916666666667;
Q54727;Pizzo;Pizzo;IT;38.733333333333;16.166666666667;
Q54731;Ricadi;Ricadi;IT;38.626111111111;15.865555555556;
Q54747;Tropea;Tropea;IT;38.67538;15.89479;
Q5475;Trévise;Treviso;IT;45.66583333333333;12.245555555555555;
Q54753;Zambrone;Zambrone;IT;38.7;15.983333333333;
Q54780;L'Ametlla de Mar;L'Ametlla de Mar;ES;40.8838957;0.8024645;
Q548045;Flix;Flix;ES;41.231043;0.550137;
Q548069;Recquignies;Recquignies;FR;50.280833333333;4.0408333333333;
Q548559;Linay;Linay;FR;49.615277777778;5.2238888888889;
Q548574;Ronchin;Ronchin;FR;50.604722222222;3.0877777777778;
Q548588;Cheddington;Cheddington;GB;51.847;-0.664;
Q548637;Durtol;Durtol;FR;45.796111111111;3.0516666666667;
Q5489;Troyes;Troyes;FR;48.298888888889;4.0780555555556;
Q54902;Fuenlabrada;Fuenlabrada;ES;40.283333333333;-3.8;
Q549150;Saint-Savinien;Saint-Savinien;FR;45.877777777778;-0.68055555555556;
Q549492;Viviers-du-Lac;Viviers-du-Lac;FR;45.648055555556;5.9058333333333;
Q549761;Warwick;Warwick;GB;52.28;-1.59;
Q549825;Crottet;Crottet;FR;46.277222222222;4.8922222222222;
Q54996;Altavilla Irpina;Altavilla Irpina;IT;41.008055555556;14.782222222222;
Q55000;Ariano Irpino;Ariano Irpino;IT;41.15277777777778;15.088888888888889;
Q550076;Perrigny-sur-Loire;Perrigny-sur-Loire;FR;46.539444444444;3.8372222222222;
Q550110;Yeovil;Yeovil;GB;50.9452;-2.637;
Q55022;Cassano Irpino;Cassano Irpino;IT;40.871388888889;15.026666666667;
Q55028;Chianche;Chianche;IT;41.047222222222;14.79;
Q550424;Leominster;Leominster;GB;52.233333333333;-2.7333333333333;
Q55048;Lioni;Lioni;IT;40.8775;15.188611111111;
Q55055;Montaguto;Montaguto;IT;41.249722222222;15.249166666667;
Q55056;Montecalvo Irpino;Montecalvo Irpino;IT;41.196666666667;15.034166666667;
Q55061;Montella;Montella;IT;40.85;15.016666666667;
Q55062;Montemarano;Montemarano;IT;40.916111111111;14.998333333333;
Q550656;Willstätt;Willstätt;DE;48.541666666667;7.8963888888889;
Q55073;Nusco;Nusco;IT;40.886944444444;15.083888888889;
Q55081;Prata di Principato Ultra;Prata di Principato Ultra;IT;40.983333333333;14.833333333333;
Q55109;Savignano Irpino;Savignano Irpino;IT;41.233333333333;15.183333333333;
Q55113;Serino;Serino;IT;40.85;14.875;
Q55115;Monaco-Ville;Monaco-Ville;MC;43.73097;7.424815;
Q55117;Solofra;Solofra;IT;40.833333333333;14.85;
Q55134;Tufo;Tufo;IT;41.01262;14.81784;
Q551658;Vila Nova de Famalicão;Vila Nova de Famalicão;PT;41.416666666667;-8.5166666666667;
Q551666;Carrazeda de Ansiães;Carrazeda de Ansiães;PT;41.25;-7.3;
Q551669;Odemira;Odemira;PT;37.583333333333;-8.6333333333333;
Q551955;Vizela;Vizela;PT;41.383333333333;-8.3;
Q5524325;Garth;Garth;GB;52.1342;-3.53459;
Q552580;Cuba;Cuba;PT;38.15;-7.8833333333333;
Q5530463;Gelli;Gelli;GB;51.6434;-3.47874;
Q55343;Marcilly-sur-Tille;Marcilly-sur-Tille;FR;47.519166666667;5.1319444444444;
Q55346;Gemeaux;Gemeaux;FR;47.477777777778;5.1366666666667;
Q553885;Benalúa;Benalúa;ES;37.349722222222;-3.1686111111111;
Q55416;Chioggia;Chioggia;IT;45.21891;12.27854;
Q5561755;Gilfach;Gilfach;GB;51.678888888889;-3.2327777777778;
Q5566495;Glaisdale;Glaisdale;GB;54.4385;-0.8058;
Q5567344;Glazebrook;Glazebrook;GB;53.4292;-2.46146;
Q557798;Ringsheim;Ringsheim;DE;48.2475;7.7788888888889;
Q55847;Amorosi;Amorosi;IT;41.2;14.466666666667;
Q558878;Tenby;Tenby;GB;51.671388888889;-4.6994444444444;
Q55901;Dugenta;Dugenta;IT;41.133333333333;14.45;
Q55908;Fragneto Monforte;Fragneto Monforte;IT;41.246666666667;14.763333333333;
Q55926;Morcone;Morcone;IT;41.34269;14.66889;
Q55947;Sanguinetto;Sanguinetto;IT;45.182944444444;11.151527777778;
Q55950;Ponte;Ponte;IT;41.216666666667;14.7;
Q55951;Pontelandolfo;Pontelandolfo;IT;41.283333333333;14.683333333333;
Q55962;villa Bartolomea;Villa Bartolomea;IT;45.15834;11.35311;
Q5597671;Grateley;Grateley;GB;51.1755;-1.60451;
Q55984;Solopaca;Solopaca;IT;41.183333333333;14.55;
Q55985;Telese Terme;Telese Terme;IT;41.216666666667;14.533333333333;
Q56049;Colli del Tronto;Colli del Tronto;IT;42.87805;13.7482;
Q56055;Cupra Marittima;Cupra Marittima;IT;43.024919444444;13.858888888889;
Q56071;Grottammare;Grottammare;IT;42.9891;13.868069444444;
Q56075;Monsampolo del Tronto;Monsampolo del Tronto;IT;42.897869444444;13.793980555556;
Q56083;Monteprandone;Monteprandone;IT;42.920255555556;13.835519444444;
Q56090;Spinetoli;Spinetoli;IT;42.888658333333;13.773069444444;
Q5610458;Grosmont;Grosmont;GB;54.435919444444;-0.72453333333333;
Q5611425;Grove Park;Grove Park;GB;51.4313;0.021;
Q56197;Assoro;Assoro;IT;37.633333333333;14.416666666667;
Q56201;Catenanuova;Catenanuova;IT;37.566666666667;14.683333333333;
Q56205;Leonforte;Leonforte;IT;37.65;14.4;
Q56214;Villarosa;Villarosa;IT;37.583333333333;14.166666666667;
Q5636970;Habrough;Habrough;GB;53.6079;-0.264914;
Q564476;Kapsweyer;Kapsweyer;DE;49.046388888889;8.0219444444444;
Q564495;Annan (Écosse);Annan;GB;54.983;-3.266;
Q5646278;Hampton Poyle;Hampton Poyle;GB;51.836;-1.272;
Q564813;Santa Maria da Feira;Santa Maria da Feira;PT;40.933333333333;-8.5333333333333;
Q565287;São João da Madeira;São João da Madeira;PT;40.9;-8.5;
Q567563;Herrera de Pisuerga;Herrera de Pisuerga;ES;42.593055555556;-4.3322222222222;
Q567863;Reignier-Ésery;Reignier-Esery;FR;46.134444444444;6.2683333333333;
Q567870;Haréville;Haréville;FR;48.205833333333;6.0002777777778;
Q568008;Montbarrey;Montbarrey;FR;47.019722222222;5.6411111111111;
Q5682949;Haute-Sorne;Haute-Sorne;CH;47.338894444444;7.2458388888889;
Q568564;Anras;Anras;AT;46.773888888889;12.560833333333;
Q568910;Foucart;Foucart;FR;49.613888888889;0.59527777777778;
Q5690269;Healing;Healing;GB;53.5739;-0.164021;
Q569100;Insheim;Insheim;DE;49.165277777778;8.1472222222222;
Q569135;Touët-de-l'Escarène;Touët-de-l'Escarène;FR;43.8475;7.365;
Q569262;Jonchery-sur-Vesle;Jonchery-sur-Vesle;FR;49.286388888889;3.8147222222222;
Q57086;Chigny;Chigny;CH;46.519733333333;6.4772166666667;
Q570888;Neuburg am Rhein;Neuburg am Rhein;DE;48.988055555556;8.2497222222222;
Q57096;Concise;Concise;CH;46.851;6.7205;
Q570969;Hergiswil;Hergiswil;CH;46.984444444444;8.3125;
Q57097;Coppet;Coppet;CH;46.32135;6.18907;
Q57104;Corcelles-près-Payerne;Corcelles-près-Payerne;CH;46.833333333333336;6.966666666666667;
Q57108;Corseaux;Corseaux;CH;46.466666666667;6.8333333333333;
Q572041;Antequera;Antequera;ES;37.0183652;-4.5596649;
Q57208924;Ancenis-Saint-Géréon;Ancenis-Saint-Géréon;FR;47.3656;-1.1772;
Q572336;Alar del Rey;Alar del Rey;ES;42.660277777778;-4.3086111111111;
Q572414;Marignac;Marignac;FR;42.914166666667;0.65833333333333;
Q572760;Calamocha;Calamocha;ES;40.92;-1.3008333333333;
Q572779;Gallur;Gallur;ES;41.869166666667;-1.3161111111111;
Q574869;Pedrola;Pedrola;ES;41.7874421;-1.2142283;
Q57506528;Les Eyzies;Les Eyzies;FR;44.9366666667;1.01805555556;
Q576562;Kilmarnock;Kilmarnock;GB;55.611666666667;-4.4944444444444;
Q576938;Telford;Telford;GB;52.679166666667;-2.4475;
Q57695189;Val-de-Virieu;Val-de-Virieu;FR;45.4863888889;5.47611111111;
Q57741710;Valserhône;Valserhône;FR;46.1083;5.8266;
Q578024;Carnforth;Carnforth;GB;54.123;-2.766;
Q578185;Prees;Prees;GB;52.897;-2.666;
Q578583;Floreffe;Floreffe;BE;50.43666666666667;4.76;
Q578638;Barentin;Barentin;FR;49.544444444444;0.95361111111111;
Q579445;Le Lardin-Saint-Lazare;Le Lardin-Saint-Lazare;FR;45.129722222222;1.2269444444444;
Q579654;Salbris;Salbris;FR;47.425277777778;2.0519444444444;
Q58038;Vendlincourt;Vendlincourt;CH;47.45;7.15;
Q58064;Camblain-Châtelain;Camblain-Châtelain;FR;50.482222222222;2.4630555555556;
Q580919;Sachy;Sachy;FR;49.668333333333;5.1330555555556;
Q581305;Lépanges-sur-Vologne;Lépanges-sur-Vologne;FR;48.172222222222;6.6711111111111;
Q5818;Cordoue;Córdoba;ES;37.89;-4.78;
Q58183261;Belleville-en-Beaujolais;Belleville-en-Beaujolais;FR;46.1089;4.7491;
Q582184;Brignais;Brignais;FR;45.673888888889;4.7541666666667;
Q582452;Alness;Alness;GB;57.695;-4.258;
Q582724;Saillagouse;Saillagouse;FR;42.46;2.0397222222222;
Q582832;Minaya;Minaya;ES;39.270519444444;-2.3217611111111;
Q58341;La Ercina;La Ercina;ES;42.812222222222;-5.2180555555556;
Q5836;Tolède;Toledo;ES;39.866666666667;-4.0333333333333;
Q583819;Audes;Audes;FR;46.457777777778;2.5580555555556;
Q58454;Caianello;Caianello;IT;41.3;14.083333333333;
Q58463;Cancello ed Arnone;Cancello e Arnone;IT;41.0734;14.02542;
Q58477;Capoue;Capua;IT;41.105555555556;14.213888888889;
Q58565141;Grand-Aigueblanche;Grand-Aigueblanche;FR;45.5016666667;6.51027777778;
Q58568776;La Tour-en-Maurienne;La Tour-en-Maurienne;FR;45.2991666667;6.36305555556;
Q58585;Falciano del Massico;Falciano del Massico;IT;41.166666666667;13.95;
Q585873;Nesle;Nesle;FR;49.758055555556;2.91;
Q585963;Evesham;Evesham;GB;52.09;-1.95;
Q586;Bonn;Bonn;DE;50.735277777777775;7.102222222222222;
Q586018;Osuna;Osuna;ES;37.237222222222;-5.1030555555556;
Q58637;Gricignano di Aversa;Gricignano di Aversa;IT;40.983333333333;14.233333333333;
Q586445;Poix-de-Picardie;Poix-de-Picardie;FR;49.775833333333;1.9841666666667;
Q586722;Loulé;Loulé;PT;37.14399;-8.02345;
Q586895;Sherborne;Sherborne;GB;50.9491;-2.5183;
Q58693;Maddaloni;Maddaloni;IT;41.033333333333;14.383333333333;
Q58706;Marcianise;Marcianise;IT;41.033333333333;14.3;
Q587061;Picquigny;Picquigny;FR;49.944166666667;2.1436111111111;
Q587063;La Garrovilla;La Garrovilla;ES;38.921111111111;-6.4758333333333;
Q58714;Mignano Monte Lungo;Mignano Monte Lungo;IT;41.4;13.983333333333;
Q587192;Ferques;Ferques;FR;50.829166666667;1.76;
Q5875007;Gama;Gama (Bárcena de Cicero);ES;43.42461111;-3.522916667;
Q58766;Pignataro Maggiore;Pignataro Maggiore;IT;41.2;14.166666666667;
Q587765;Cleethorpes;Cleethorpes;GB;53.5533;-0.02155;
Q587819;Londerzeel;Londerzeel;BE;51.0;4.3;
Q587979;Herzele;Herzele;BE;50.883333333333;3.8833333333333;
Q58802;Recale;Recale;IT;41.05;14.3;
Q58807;Riardo;Riardo;IT;41.266666666667;14.15;
Q588146;Shanklin;Shanklin;GB;50.631;-1.1734;
Q588228;Guadalmez;Guadalmez;ES;38.727222222222;-4.9708333333333;
Q58839;San Cipriano d'Aversa;San Cipriano d'Aversa;IT;41.0010447;14.1317353;
Q58840683;Châtelaudren-Plouagat;Châtelaudren-Plouagat;FR;48.5375;-2.9975;
Q58841;San Felice a Cancello;San Felice a Cancello;IT;41.016667;14.483333;
Q58841416;Lamballe-Armor;Lamballe-Armor;FR;48.4694444444;-2.51666666667;
Q58846;San Marcellino;San Marcellino;IT;40.9876063;14.1737954;
Q5884719;Holton Heath;Holton Heath;GB;50.717;-2.074;
Q58892;Chaulnes;Chaulnes;FR;49.815555555556;2.8041666666667;
Q58894;Santa Maria Capua Vetere;Santa Maria Capua Vetere;IT;41.083333333333;14.25;
Q58898;Sessa Aurunca;Sessa Aurunca;IT;41.233333333333;13.933333333333;
Q58901;Sparanise;Sparanise;IT;41.183333333333;14.1;
Q58905;Teano;Teano;IT;41.25;14.066666666667;
Q589053;Puente Genil;Puente Genil;ES;37.3886368;-4.7698498;
Q58909;Tora e Piccilli;Tora e Piccilli;IT;41.333333333333;14.016666666667;
Q589126;Saint-Rambert-en-Bugey;Saint-Rambert-en-Bugey;FR;45.948611111111;5.4380555555556;
Q58925;Valle di Maddaloni;Valle di Maddaloni;IT;41.07888888888889;14.414722222222222;
Q589265;Remomeix;Remomeix;FR;48.268888888889;7.0011111111111;
Q589845;Le Genest-Saint-Isle;Le Genest-Saint-Isle;FR;48.098333333333;-0.88888888888889;
Q590929;Merindad de Valdeporres;Merindad de Valdeporres;ES;43.010555555556;-3.7405555555556;
Q591535;Bufalí;Bufali;ES;38.867777777778;-0.51444444444444;
Q591580;Ribadesella;Ribadesella;ES;43.44592675;-5.08345144591;
Q591641;Aldealengua;Aldealengua;ES;40.982222222222;-5.55;
Q591860;Landry;Landry;FR;45.571111111111;6.7405555555556;
Q59230;Dommary-Baroncourt;Dommary-Baroncourt;FR;49.285833333333;5.7033333333333;
Q592356;Mailly-le-Camp;Mailly-le-Camp;FR;48.667777777778;4.2069444444444;
Q592747;Las Rozas de Madrid;Las Rozas de Madrid;ES;40.49166666666667;-3.873333333333333;
Q59278;Pedaso;Pedaso;IT;43.097369444444;13.840930555556;
Q59289;Porto San Giorgio;Porto San Giorgio;IT;43.18485;13.795488888889;
Q59293;Porto Sant'Elpidio;Porto Sant'Elpidio;IT;43.258638888889;13.758530555556;
Q59342721;Morcenx-la-Nouvelle;Morcenx-la-Nouvelle;FR;44.0339;-0.913055555556;
Q593653;Étainhus;Étainhus;FR;49.567222222222;0.3125;
Q593725;Morelábor;Morelábor;ES;37.439722222222;-3.3319444444444;
Q593831;Cabezón de la Sal;Cabezón de la Sal;ES;43.3075;-4.2325;
Q593890;Shoeburyness;Shoeburyness;GB;51.5316;0.7978;
Q59433050;Mainxe-Gondeville;Mainxe-Gondeville;FR;45.616;-0.1483;
Q59488802;Rountzenheim-Auenheim;Rountzenheim-Auenheim;FR;48.7652;8.0063;
Q59503875;Val-de-Scie;Val-de-Scie;FR;49.71861111111111;1.1011111111111112;
Q59505144;Trois-Rivières;Trois-Rivières;FR;49.713055555555556;2.5430555555555556;
Q59533578;Villeneuve-sur-Aisne;Villeneuve-sur-Aisne;FR;49.3842;3.9661;
Q596268;Netherfield;Netherfield;GB;52.96361111111111;-1.0780555555555555;
Q596305;Güeñes;Güeñes;ES;43.213888888889;-3.0941666666667;
Q596798;Tarbet;Tarbet;GB;56.203;-4.717;
Q5968;Coni;Cuneo;IT;44.383333333333;7.55;
Q596966;Fors;Fors;FR;46.236388888889;-0.40916666666667;
Q597;Lisbonne;Lisbon;PT;38.708042;-9.139016;
Q59724;Étain;Étain;FR;49.212777777778;5.6363888888889;
Q59734242;Chassal-Molinges;Chassal-Molinges;FR;46.3569;5.7658;
Q597565;Le Thou;Le Thou;FR;46.083611111111;-0.91666666666667;
Q597789;Mangualde;Mangualde;PT;40.6;-7.7666666666667;
Q597800;Pagny-sur-Moselle;Pagny-sur-Moselle;FR;48.983333333333;6.0213888888889;
Q598283;Arnèke;Arnèke;FR;50.8325;2.4105555555556;
Q59863711;Val-d'Arc;Val-d'Arc;FR;45.545;6.310833333333333;
Q598948;Wargrave;Wargrave;GB;51.499;-0.867;
Q5990;Verceil;Vercelli;IT;45.32615;8.42341;
Q599075;Saujon;Saujon;FR;45.671388888889;-0.92777777777778;
Q59925980;Villaz;Villaz;CH;46.719998;6.956669;
Q600164;Jeumont;Jeumont;FR;50.294444444444;4.1013888888889;
Q60029747;Vindry-sur-Turdine;Vindry-sur-Turdine;FR;45.875;4.49055555556;
Q60032414;Le Vignon-en-Quercy;Le Vignon-en-Quercy;FR;44.9980555556;1.64611111111;
Q600342;Hellifield;Hellifield;GB;54.0045;-2.2215;
Q601029;Baides;Baides;ES;41.006944444444;-2.7761111111111;
Q6021308;Indian Queens;Indian Queens;GB;50.3924;-4.9317;
Q602355;Barnetby le Wold;Barnetby le Wold;GB;53.5779;-0.4071;
Q602441;Pétange;Pétange;LU;49.556388888889;5.8769444444444;
Q602550;Pont-de-Buis-lès-Quimerch;Pont-de-Buis-lès-Quimerch;FR;48.254444444444;-4.09;
Q60287354;Barberino Tavarnelle;Barberino Tavarnelle;IT;43.552013888889;11.173097222222;
Q60322693;Stammheim;Stammheim;CH;47.635777777778;8.7920833333333;
Q603453;Ychoux;Ychoux;FR;44.3275;-0.95805555555556;
Q603616;Maybole;Maybole;GB;55.3545;-4.68149;
Q604262;Valongo;Valongo;PT;41.183333333333;-8.5;
Q604447;Auchy-lès-Hesdin;Auchy-lès-Hesdin;FR;50.3975;2.1022222222222;
Q6046;Novare;Novara;IT;45.45;8.62;
Q6052;Allerona;Allerona;IT;42.81151804;11.97379968;
Q605369;Notre-Dame-de-Bondeville;Notre-Dame-de-Bondeville;FR;49.488333333333;1.0483333333333;
Q605450;Milton;Milton;GB;52.243469444444;0.16146944444444;
Q60585340;Saint-Hilaire-de-Villefranche;Saint-Hilaire-de-Villefranche;FR;45.850833333333;-0.52972222222222;
Q60589068;Fresnay-sur-Sarthe;Fresnay-sur-Sarthe;FR;48.281666666667;0.021111111111111;
Q606296;Le Pallet;Le Pallet;FR;47.138333333333;-1.3358333333333;
Q606352;Mehun-sur-Yèvre;Mehun-sur-Yèvre;FR;47.145277777778;2.2158333333333;
Q60649712;Plouigneau;Plouigneau;FR;48.5675;-3.7013888888889;
Q6067;Alviano;Alviano;IT;42.58789958;12.29558686;
Q607025;Vandières;Vandières;FR;48.954166666667;6.0363888888889;
Q607182;Pont-à-Celles;Pont-à-Celles;BE;50.51;4.363333333333333;
Q607312;Flixton;Flixton;GB;52.431;1.398;
Q607550;Leforest;Leforest;FR;50.437222222222;3.0641666666667;
Q607642;Gières;Gières;FR;45.181944444444;5.7919444444444;
Q607766;Varetz;Varetz;FR;45.193888888889;1.4505555555556;
Q607905;Saint-Germain-les-Belles;Saint-Germain-les-Belles;FR;45.615;1.4947222222222;
Q6088;Alexandrie;Alessandria;IT;44.913330555556;8.62;
Q608985;Elda;Elda;ES;38.481276111111114;-0.7903288888888889;
Q609161;Abergavenny;Abergavenny;GB;51.833055555556;-3.0172222222222;
Q609373;Le Grand-Lemps;Le Grand-Lemps;FR;45.398333333333;5.4197222222222;
Q609690;Espéraza;Espéraza;FR;42.93527777777778;2.2205555555555554;
Q60979;La Robla;La Robla;ES;42.801388888889;-5.6288888888889;
Q610238;Gillingham;Gillingham;GB;51.3792;0.5498;
Q61058282;Évron;Évron;FR;48.155555555556;-0.4025;
Q610712;Coursan-en-Othe;Coursan-en-Othe;FR;48.071666666667;3.8388888888889;
Q610856;Saint-Georges-sur-Eure;Saint-Georges-sur-Eure;FR;48.4175;1.3586111111111;
Q610860;Assier;Assier;FR;44.675277777778;1.8766666666667;
Q611046;Driffield;Driffield;GB;54.005;-0.438;
Q61157972;Formerie;Formerie;FR;49.650555555556;1.7297222222222;
Q612117;Kidsgrove;Kidsgrove;GB;53.0874;-2.2478;
Q6122;Asti;Asti;IT;44.9;8.2069444444444;
Q612267;Libramont-Chevigny;Libramont-Chevigny;BE;49.918055555556;5.3761111111111;
Q612401;Gonfaron;Gonfaron;FR;43.320555555556;6.2891666666667;
Q612573;Siradan;Siradan;FR;42.97;0.61222222222222;
Q61289323;Valbrenta;Valbrenta;IT;45.860361111111;11.660666666667;
Q613137;Corbehem;Corbehem;FR;50.335555555556;3.0491666666667;
Q613226;Aughton;Aughton;GB;53.542;-2.912;
Q613832;Mañón;Mañón;ES;43.736111111111;-7.7055555555556;
Q613847;Mossley;Mossley;GB;53.5147;-2.0387;
Q613908;Villafranca de los Barros;Villafranca de los Barros;ES;38.5613358;-6.3392419;
Q614274;Anseghem;Anzegem;BE;50.8336;3.4783;
Q614314;Dunblane;Dunblane;GB;56.18833333333333;-3.964166666666667;
Q615109;Duffel;Duffel;BE;51.09583333333333;4.506111111111111;
Q61573;Arleux;Arleux;FR;50.280277777778;3.1063888888889;
Q61618;Zell im Wiesental;Zell im Wiesental;DE;47.706944444444;7.8513888888889;
Q617;Padoue;Padua;IT;45.40777777777778;11.873333333333333;
Q61712068;Neuilly-Crimolois;Neuilly-Crimolois;FR;47.279444444444;5.1075;
Q617188;Hunstanton;Hunstanton;GB;52.93;0.48;
Q61734;Schopfheim;Schopfheim;DE;47.649444444444;7.8247222222222;
Q61742765;Collonges-et-Premières;Collonges-et-Premières;FR;47.224722222222;5.2683333333333;
Q617580;Grado;Grado;ES;43.3894263;-6.0686955;
Q617799;Willenhall;Willenhall;GB;52.5798;-2.06046;
Q617889;Almeida;Almeida;PT;40.725916666667;-6.9055833333333;
Q618045;Margate;Margate;GB;51.385;1.3838;
Q618054;Chastre;Chastre;BE;50.6;4.6333333333333;
Q61909;Weil-am-Rhein;Weil am Rhein;DE;47.594722222222;7.6108333333333;
Q61939;Allensbach;Allensbach;DE;47.715277777778;9.0713888888889;
Q61989;Maulburg;Maulburg;DE;47.645;7.7794444444444;
Q61999;Gottmadingen;Gottmadingen;DE;47.735555555556;8.7766666666667;
Q62014;Steinen;Steinen;DE;47.645277777778;7.7402777777778;
Q621;Versailles;Versailles;FR;48.805;2.135;
Q621065;Appilly;Appilly;FR;49.583333333333;3.1155555555556;
Q62125;Mühlhausen-Ehingen;Mühlhausen-Ehingen;DE;47.810555555556;8.8111111111111;
Q621540;Appleby-in-Westmorland;Appleby-in-Westmorland;GB;54.577;-2.485;
Q6221;Brescia;Brescia;IT;45.538888888889;10.220280555556;
Q6225;Coventry;Coventry;GB;52.416666666667;-1.5166666666667;
Q6226;St Albans;St Albans;GB;51.755;-0.336;
Q622738;Farbus;Farbus;FR;50.356944444444;2.8241666666667;
Q622817;Tomar;Tomar;PT;39.6;-8.4166666666667;
Q622819;Portalegre;Portalegre;PT;39.316666666667;-7.4166666666667;
Q623323;Malvern;Malvern;GB;52.108;-2.325;
Q623363;Harfleur;Harfleur;FR;49.506666666667;0.19805555555556;
Q623374;Vitry-le-François;Vitry-le-François;FR;48.724722222222;4.5844444444444;
Q623376;Volvic;Volvic;FR;45.870277777778;3.0369444444444;
Q623481;Gujan-Mestras;Gujan-Mestras;FR;44.635277777778;-1.0677777777778;
Q623487;Chamalières;Chamalières;FR;45.773611111111;3.0669444444444;
Q623687;Falkirk;Falkirk;GB;55.99944444444444;-3.7847222222222223;
Q623765;Rugby;Rugby;GB;52.37;-1.26;
Q624052;Courcy;Courcy;FR;49.323333333333;4.0025;
Q624148;Alleyras;Alleyras;FR;44.906388888889;3.6825;
Q624274;Wittelsheim;Wittelsheim;FR;47.805277777778;7.2375;
Q624330;Carignan;Carignan;FR;49.6325;5.1680555555556;
Q6244;Lodi;Lodi;IT;45.316666666667;9.5;
Q624461;Pérols-sur-Vézère;Pérols-sur-Vézère;FR;45.586111111111;1.9797222222222;
Q6247;Mantoue;Mantua;IT;45.156388888889;10.791111111111;
Q624890;Esquelbecq;Esquelbecq;FR;50.886944444444;2.4313888888889;
Q6252;Monza;Monza;IT;45.58361111111111;9.27361111111111;
Q625486;Brée;Brée;FR;48.150555555556;-0.51916666666667;
Q625492;Le Pouzin;Le Pouzin;FR;44.753333333333;4.7477777777778;
Q625570;Langeac;Langeac;FR;45.100277777778;3.4941666666667;
Q6259;Pavie;Pavia;IT;45.185280555556;9.155;
Q626081;Maussac;Maussac;FR;45.472222222222;2.1430555555556;
Q626116;Saint-Angel;Saint-Angel;FR;45.503611111111;2.2316666666667;
Q626124;La Porcherie;La Porcherie;FR;45.580833333333;1.5441666666667;
Q626156;Pierre-Buffière;Pierre-Buffière;FR;45.694722222222;1.3591666666667;
Q626282;Port-la-Nouvelle;Port-la-Nouvelle;FR;43.02;3.046111111111111;
Q626309;Saint-Amand-les-Eaux;Saint-Amand-les-Eaux;FR;50.448055555556;3.4269444444444;
Q626382;Somain;Somain;FR;50.3575;3.2802777777778;
Q6265;Attigliano;Attigliano;IT;42.5149188;12.28939493;
Q627024;Virecourt;Virecourt;FR;48.462222222222;6.3197222222222;
Q62717;Arahal;Arahal;ES;37.2625;-5.5452777777778;
Q627200;Terrasson-Lavilledieu;Terrasson-Lavilledieu;FR;45.13;1.3013888888889;
Q627217;Boé;Boé;FR;44.159722222222;0.62861111111111;
Q627247;Neuves-Maisons;Neuves-Maisons;FR;48.616111111111;6.1036111111111;
Q627292;Dieulouard;Dieulouard;FR;48.839722222222;6.0697222222222;
Q628;Bergame;Bergamo;IT;45.695;9.67;
Q628226;Lusignan;Lusignan;FR;46.434722222222;0.12277777777778;
Q628295;Vireux-Molhain;Vireux-Molhain;FR;50.083333333333;4.7241666666667;
Q6285;Varèse;Varese;IT;45.816666666667;8.8333333333333;
Q62863;Brandérion;Brandérion;FR;47.793611111111;-3.1947222222222;
Q629405;Rue;Rue;FR;50.272222222222;1.6677777777778;
Q62958;Auray;Auray;FR;47.667777777778;-2.9825;
Q629705;Thiviers;Thiviers;FR;45.4175;0.92138888888889;
Q629887;Moon-sur-Elle;Moon-sur-Elle;FR;49.208888888889;-1.0444444444444;
Q629890;Grisolles;Grisolles;FR;43.828055555556;1.2958333333333;
Q629891;Le Plessis-Belleville;Le Plessis-Belleville;FR;49.096666666667;2.7530555555556;
Q630031;Arbo;Arbo;ES;42.1122944;-8.3123868;
Q63004;Tocina;Tocina;ES;37.609722222222;-5.7333333333333;
Q63041;Villanueva del Río y Minas;Villanueva del Río y Minas;ES;37.66;-5.7138888888889;
Q630478;Rixensart;Rixensart;BE;50.716666666667;4.5333333333333;
Q63052;Las Cabezas de San Juan;Las Cabezas de San Juan;ES;36.9800177;-5.9367057;
Q630627;Seclin;Seclin;FR;50.548333333333;3.0294444444444;
Q630668;Arbroath;Arbroath;GB;56.561386111111;-2.5857055555556;
Q630706;La Roda;La Roda;ES;39.206959;-2.16038;
Q630749;Escaudœuvres;Escaudœuvres;FR;50.192777777778;3.265;
Q630849;Saint-Georges-de-Luzençon;Saint-Georges-de-Luzençon;FR;44.064444444444;2.9855555555556;
Q630871;Bauvin;Bauvin;FR;50.514166666667;2.8980555555556;
Q630932;Arc-et-Senans;Arc-et-Senans;FR;47.032222222222;5.7783333333333;
Q631274;Couëron;Couëron;FR;47.214722222222;-1.7238888888889;
Q631603;Golmés;Golmés;ES;41.635833333333;0.93194444444444;
Q631639;Linkebeek;Linkebeek;BE;50.766666666667;4.3333333333333;
Q631788;Paredes;Paredes;PT;41.2;-8.3333333333333;
Q631977;Mazamet;Mazamet;FR;43.491666666667;2.3733333333333;
Q632044;Ur;Ur;FR;42.461944444444;1.9375;
Q632269;Aumale;Aumale;FR;49.770833333333;1.7519444444444;
Q632281;Vinay;Vinay;FR;45.21;5.4036111111111;
Q632348;Bouchain;Bouchain;FR;50.284166666667;3.3169444444444;
Q632428;Ballan-Miré;Ballan-Miré;FR;47.341666666667;0.61305555555556;
Q632443;Châteauneuf-sur-Cher;Châteauneuf-sur-Cher;FR;46.8575;2.3163888888889;
Q632452;Le Cendre;Le Cendre;FR;45.7225;3.1872222222222;
Q632808;Landrecies;Landrecies;FR;50.125555555556;3.69;
Q632822;Bourbourg;Bourbourg;FR;50.946388888889;2.1977777777778;
Q632848;Arches;Arches;FR;48.118333333333;6.5275;
Q632880;Reichenau;Reichenau;DE;47.698888888889;9.0616666666667;
Q632991;Montabaur;Montabaur;DE;50.4375;7.8258333333333;
Q632993;Melrose;Melrose;GB;55.583333333333;-2.7166666666667;
Q633111;Arcy-sur-Cure;Arcy-sur-Cure;FR;47.603055555556;3.7605555555556;
Q633254;Morbier;Morbier;FR;46.536944444444;6.0166666666667;
Q633420;Messein;Messein;FR;48.611666666667;6.1386111111111;
Q633627;West Kirby;West Kirby;GB;53.373;-3.184;
Q633628;Contrexéville;Contrexéville;FR;48.184444444444;5.8955555555556;
Q633653;Najac;Najac;FR;44.22;1.9791666666667;
Q633861;Betton;Betton;FR;48.1825;-1.6438888888889;
Q633884;Longueil-Sainte-Marie;Longueil-Sainte-Marie;FR;49.356666666667;2.7177777777778;
Q633990;Ranchot;Ranchot;FR;47.150277777778;5.7225;
Q634054;Conwy;Conwy;GB;53.28;-3.83;
Q634086;Le Buisson-de-Cadouin;Le Buisson-de-Cadouin;FR;44.845277777778;0.90972222222222;
Q634124;Luxeuil-les-Bains;Luxeuil-les-Bains;FR;47.816111111111;6.3808333333333;
Q634164;Azambuja;Azambuja;PT;39.066666666667;-8.8666666666667;
Q635163;Igney;Igney;FR;48.633888888889;6.8138888888889;
Q635169;Caersws;Caersws;GB;52.5215;-3.42243;
Q635223;Sierentz;Sierentz;FR;47.655555555556;7.4558333333333;
Q635301;Wihr-au-Val;Wihr-au-Val;FR;48.053333333333;7.2055555555556;
Q635411;Walheim;Walheim;FR;47.641944444444;7.2663888888889;
Q635442;Staffelfelden;Staffelfelden;FR;47.826666666667;7.2530555555556;
Q635838;Betchworth;Betchworth;GB;51.2335;-0.2665;
Q636054;Lurbe-Saint-Christau;Lurbe-Saint-Christau;FR;43.113888888889;-0.60722222222222;
Q636120;Don Benito;Don Benito;ES;38.95;-5.85;
Q636250;Saint-Quentin-Fallavier;Saint Quentin-Fallavier;FR;45.632222222222;5.1105555555556;
Q636467;Benicàssim;Benicàssim;ES;40.055277777778;0.064166666666667;
Q636558;Thenissey;Thenissey;FR;47.495833333333;4.6238888888889;
Q636592;Balbigny;Balbigny;FR;45.818055555556;4.1872222222222;
Q636627;Whitchurch;Whitchurch;GB;52.969;-2.6827;
Q636699;Champagné;Champagné;FR;48.022777777778;0.33277777777778;
Q636734;Les Arcs;Les Arcs;FR;43.463333333333;6.4788888888889;
Q636753;Boucoiran-et-Nozières;Boucoiran-et-Nozières;FR;43.995277777778;4.1855555555556;
Q636893;La Crau;La Crau;FR;43.149722222222;6.0741666666667;
Q637241;Vern-sur-Seiche;Vern-sur-Seiche;FR;48.044722222222;-1.6002777777778;
Q637366;Tenay;Tenay;FR;45.92;5.5083333333333;
Q637482;Esher;Esher;GB;51.3691;-0.365;
Q637499;Carmaux;Carmaux;FR;44.049166666667;2.1580555555556;
Q637656;Verneuil-sur-Serre;Verneuil-sur-Serre;FR;49.650833333333;3.6736111111111;
Q637947;Saint-Romain-de-Popey;Saint-Romain-de-Popey;FR;45.847222222222;4.5311111111111;
Q6381;Sarlat-la-Canéda;Sarlat-la-Canéda;FR;44.89;1.2166666666667;
Q638239;Pradelles;Pradelles;FR;44.769444444444;3.8822222222222;
Q638573;Pérenchies;Pérenchies;FR;50.668055555556;2.9725;
Q638643;La Jarrie;La Jarrie;FR;46.128611111111;-1.0097222222222;
Q638668;Montlouis-sur-Loire;Montlouis-sur-Loire;FR;47.388333333333;0.82722222222222;
Q638680;Saint-Maixent-l'École;Saint-Maixent-l'École;FR;46.412777777778;-0.20805555555556;
Q6387177;Kemsley;Kemsley;GB;51.36;0.74;
Q638782;La Meilleraie-Tillay;La Meilleraie-Tillay;FR;46.741111111111;-0.84638888888889;
Q63896;Delémont;Delémont;CH;47.365277777778;7.3472222222222;
Q6389759;Kennessee Green;Kennessee Green;GB;53.5065;-2.93121;
Q638992;Onet-le-Château;Onet-le-Château;FR;44.365555555556;2.5936111111111;
Q63905;Kreuzlingen;Kreuzlingen;CH;47.645833333333;9.1783333333333;
Q63912;Glaris;Glarus;CH;47.033055555556;9.0663888888889;
Q63922;Vernier;Vernier;CH;46.2;6.1;
Q6393;Brive-la-Gaillarde;Brive-la-Gaillarde;FR;45.158888888889;1.5330555555556;
Q63931;Stans;Stans;CH;46.959444444444;8.3666666666667;
Q63939;Baden;Baden;CH;47.47291;8.30799;
Q639422;Pozuelo de Alarcón;Pozuelo de Alarcón;ES;40.44083333333333;-3.814722222222222;
Q63946;Yverdon-les-Bains;Yverdon-les-Bains;CH;46.7785;6.6408333333333;
Q6395231;Kestle;Kestle;GB;50.394017;-5.0193939;
Q63954;Arosa;Arosa;CH;46.783055555556;9.6830555555556;
Q639618;Cordemais;Cordemais;FR;47.290277777778;-1.8788888888889;
Q63964;Sarnen;Sarnen;CH;46.896944444444;8.2469444444444;
Q639675;Pewsey;Pewsey;GB;51.343;-1.764;
Q6397;Avignon;Avignon;FR;43.948611111111;4.8083333333333;
Q63970;Herisau;Herisau;CH;47.3851;9.2786;
Q639784;Jarny;Jarny;FR;49.158888888889;5.8772222222222;
Q63979;Versoix;Versoix;CH;46.283333333333;6.1666666666667;
Q63986;Zofingue;Zofingen;CH;47.28836;7.94754;
Q64;Berlin;Berlin;DE;52.516666666667;13.383333333333;
Q64004;Grindelwald;Grindelwald;CH;46.625555555556;8.0333333333333;
Q640042;Flers-en-Escrebieux;Flers-en-Escrebieux;FR;50.397777777778;3.0625;
Q640073;Ardrossan;Ardrossan;GB;55.6432;-4.8097;
Q64010;Caspe;Caspe;ES;41.2366709;-0.0395734;
Q64011;Lauterbrunnen;Lauterbrunnen;CH;46.599722222222;7.9086111111111;
Q64019;Andermatt;Andermatt;CH;46.62049;8.6314;
Q64027;Nyon;Nyon;CH;46.38196166666667;6.23888;
Q64032;Uster;Uster;CH;47.349166666667;8.7191666666667;
Q64044;Bellinzone;Bellinzona;CH;46.195555;9.023809;
Q64051;Monthey;Monthey;CH;46.25;6.95;
Q64058;Köniz;Köniz;CH;46.925;7.4152777777778;
Q6406;Bad Schandau;Bad Schandau;DE;50.916666666667;14.15;
Q64065;Lancy;Lancy;CH;46.18969;6.11578;
Q6406698;Kildale;Kildale;GB;54.4789;-1.03193;
Q6406783;Kildonan;Kildonan;GB;55.4419;-5.1109;
Q640681;Sénas;Sénas;FR;43.744444444444;5.0786111111111;
Q64070;Dietikon;Dietikon;CH;47.405555555556;8.4038888888889;
Q640723;Squiffiec;Squiffiec;FR;48.627222222222;-3.1541666666667;
Q640736;Le Rove;Le Rove;FR;43.369166666667;5.2502777777778;
Q64077;Wil;Wil;CH;47.466388888889;9.0497222222222;
Q640794;Noyen-sur-Sarthe;Noyen-sur-Sarthe;FR;47.873055555556;-0.098888888888889;
Q64082;Dübendorf;Dübendorf;CH;47.398055555556;8.6194444444444;
Q640829;Saint-Chamas;Saint-Chamas;FR;43.550277777778;5.0347222222222;
Q64087;Baar;Baar;CH;47.195555555556;8.5263888888889;
Q64093;Le Locle;Le Locle;CH;47.05317;6.74816;
Q640934;Simiane-Collongue;Simiane-Collongue;FR;43.431111111111;5.4325;
Q640981;Maryport;Maryport;GB;54.7128;-3.4926;
Q64099;Brugg;Brugg;CH;47.486388888889;8.2083333333333;
Q641;Venise;Venice;IT;45.439722222222;12.331944444444;
Q6410426;Kinbrace;Kinbrace;GB;58.2601;-3.94085;
Q64108;Engelberg;Engelberg;CH;46.820555555556;8.4027777777778;
Q6411116;Kings Sutton;Kings Sutton;GB;52.023;-1.276;
Q64113;Aarberg;Aarberg;CH;47.045833333333;7.2763888888889;
Q641134;Dilbeek;Dilbeek;BE;50.845;4.265;
Q64116;High Wycombe;High Wycombe;GB;51.621666666667;-0.75166666666667;
Q641221;Viveiro;Viveiro;ES;43.648055555556;-7.59;
Q64123;Meiringen;Meiringen;CH;46.7275;8.187222222222223;
Q641274;Thirsk;Thirsk;GB;54.232730555556;-1.34205;
Q641278;Hoeilaert;Hoeilaart;BE;50.766666666667;4.4666666666667;
Q641381;Bourscheid;Bourscheid;LU;49.909167;6.062778;
Q64147;Viège;Visp;CH;46.292222222222;7.8827777777778;
Q6414911;Kirby Cross;Kirby Cross;GB;51.841;1.219;
Q64156;Arbon;Arbon;CH;47.516666666667;9.4333333333333;
Q6415680;Kirkheaton;Kirkheaton;GB;55.092;-1.978;
Q64165;Aarburg;Aarburg;CH;47.320555555556;7.9013888888889;
Q64171;Uzwil;Uzwil;CH;47.45;9.1333333333333;
Q641715;Fornos de Algodres;Fornos de Algodres;PT;40.616666666667;-7.5333333333333;
Q64178;Maienfeld;Maienfeld;CH;47.007777777778;9.5308333333333;
Q64183;Küssnacht;Küssnacht;CH;47.082777777778;8.4408333333333;
Q64191;Walenstadt;Walenstadt;CH;47.1234;9.315;
Q641921;Watchet;Watchet;GB;51.1795;-3.3242;
Q642046;Calahorra;Calahorra;ES;42.303333333333;-1.9647222222222;
Q64205;Regensdorf;Regensdorf;CH;47.438333333333;8.4744444444444;
Q64216;Mellingen;Mellingen;CH;47.419166666667;8.2763888888889;
Q64219;Würenlingen;Würenlingen;CH;47.5322;8.2566;
Q64224;Opfikon;Opfikon;CH;47.433055555556;8.5719444444444;
Q64232;Villmergen;Villmergen;CH;47.348333333333;8.2455555555556;
Q6423716;Knucklas;Knucklas;GB;52.361;-3.1;
Q642500;Welham Green;Welham Green;GB;51.7347;-0.21732;
Q64258;Würenlos;Würenlos;CH;47.44184;8.36467;
Q64275;Egerkingen;Egerkingen;CH;47.321944444444;7.7944444444444;
Q64280;Tujetsch;Tujetsch;CH;46.683055555556;8.7666666666667;
Q64285;Stansstad;Stansstad;CH;46.980277777778;8.3388888888889;
Q64292;Lungern;Lungern;CH;46.787222222222;8.1597222222222;
Q643160;Farnham;Farnham;GB;51.214;-0.799;
Q643463;Schweighofen;Schweighofen;DE;49.040833333333;7.9958333333333;
Q64351;Wolfenschiessen;Wolfenschiessen;CH;46.909444444444;8.3972222222222;
Q643716;Thorne;Thorne;GB;53.6083;-0.9583;
Q64372;Sins;Sins;CH;47.191388888889;8.3969444444444;
Q643980;Wetteren;Wetteren;BE;51.0;3.8833333333333;
Q644025;Corbigny;Corbigny;FR;47.256666666667;3.6836111111111;
Q6441;Montpellier;Montpellier;FR;43.610919444444;3.8772305555556;
Q64411;Birr;Birr;CH;47.435833333333;8.2027777777778;
Q64443;Cazis;Cazis;CH;46.73716;9.42665;
Q64448;Safenwil;Safenwil;CH;47.319166666667;7.9833333333333;
Q64461;Neuenhof;Neuenhof;CH;47.446944444444;8.3291666666667;
Q644728;Argelès-sur-Mer;Argelès-sur-Mer;FR;42.546111111111;3.0238888888889;
Q64473;Bonaduz;Bonaduz;CH;46.816388888889;9.4;
Q64478;Murgenthal;Murgenthal;CH;47.266388888889;7.8333333333333;
Q644807;Boëssé-le-Sec;Boëssé-le-Sec;FR;48.135;0.56388888888889;
Q64482;Rothrist;Rothrist;CH;47.302777777778;7.8833333333333;
Q64516;Mühlau;Mühlau;CH;47.230277777778;8.3916666666667;
Q64529;Boniswil;Boniswil;CH;47.317777777778;8.1858333333333;
Q6454;Calais;Calais;FR;50.9475;1.8555555555556;
Q64547;Killwangen;Killwangen;CH;47.4316;8.34605;
Q64551;Mägenwil;Mägenwil;CH;47.413611111111;8.2333333333333;
Q64555;Jenaz;Jenaz;CH;46.916388888889;9.7163888888889;
Q64563;Seon;Seon;CH;47.345833333333;8.1597222222222;
Q64571;Sargans;Sargans;CH;47.0481;9.4398;
Q64575;Dallenwil;Dallenwil;CH;46.934444444444;8.3916666666667;
Q64580;Brusio;Brusio;CH;46.25545;10.11898;
Q64594;Walzenhausen;Walzenhausen;CH;47.451111111111;9.6013888888889;
Q64604;Gonten;Gonten;CH;47.328333333333;9.3466666666667;
Q64609;Zernez;Zernez;CH;46.699722222222;10.099722222222;
Q64614;Sachseln;Sachseln;CH;46.867777777778;8.2386111111111;
Q646225;Woking;Woking;GB;51.316111111111;-0.56111111111111;
Q64627;Männedorf;Männedorf;CH;47.255277777778;8.6916666666667;
Q64635;Grüsch;Grüsch;CH;46.966388888889;9.6330555555556;
Q64639;Küblis;Küblis;CH;46.914688888889;9.7742583333333;
Q64643;Fideris;Fideris;CH;46.88658;9.73945;
Q646454;Lathus-Saint-Rémy;Lathus-Saint-Rémy;FR;46.333611111111;0.95861111111111;
Q646609;Dourdan;Dourdan;FR;48.528888888889;2.0108333333333;
Q64673;Birrwil;Birrwil;CH;47.29024;8.19622;
Q64679;Pratteln;Pratteln;CH;47.5185;7.69275;
Q646796;Vilabella;Vilabella;ES;41.248439;1.330786;
Q64694;Dornach;Dornach;CH;47.47888888888889;7.618055555555555;
Q646980;Aldershot;Aldershot;GB;51.248333333333335;-0.7613888888888888;
Q647;Rennes;Rennes;FR;48.114166666667;-1.6808333333333;
Q647123;Honiton;Honiton;GB;50.8;-3.19;
Q64719;Läufelfingen;Läufelfingen;CH;47.395038888889;7.85585;
Q64748;Seewis im Prättigau;Seewis im Prättigau;CH;46.990277777778;9.6375;
Q64755;Merenschwand;Merenschwand;CH;47.262222222222;8.3775;
Q64771;Oberrüti;Oberrüti;CH;47.1661;8.39481;
Q64787;Döttingen;Döttingen;CH;47.570555555556;8.2597222222222;
Q648;Lille;Lille;FR;50.631944444444;3.0575;
Q648105;Montbeugny;Montbeugny;FR;46.528888888889;3.4888888888889;
Q64832;Elsau;Elsau;CH;47.506111111111;8.8027777777778;
Q64837;Felben-Wellhausen;Felben-Wellhausen;CH;47.576944444444;8.9427777777778;
Q64840;Gachnang;Gachnang;CH;47.533055555556;8.85;
Q648432;Tilbury;Tilbury;GB;51.4606;0.3582;
Q648509;Lierde;Lierde;BE;50.816666666667;3.85;
Q64853;Wiesendangen;Wiesendangen;CH;47.522222222222;8.7911111111111;
Q648547;Bagiry;Bagiry;FR;42.977777777778;0.62583333333333;
Q64860;Kirchberg;Kirchberg;CH;47.4;9.0333333333333;
Q6486251;Langley Green;Langley Green;GB;51.1317;-0.1911;
Q6486274;Langley Mill;Langley Mill;GB;53.018;-1.339;
Q64865;Bischofszell;Bischofszell;CH;47.499722222222;9.2333333333333;
Q64873;Illnau-Effretikon;Illnau-Effretikon;CH;47.415833333333;8.7197222222222;
Q648810;Crewe;Crewe;GB;53.099;-2.44;
Q649169;Lumes;Lumes;FR;49.735277777778;4.7838888888889;
Q64920;Breil/Brigels;Breil/Brigels;CH;46.766388888889;9.0497222222222;
Q64942;Sumvitg;Sumvitg;CH;46.716388888889;8.9330555555556;
Q64951;Trun;Trun;CH;46.74332;8.9831;
Q64964;Celerina/Schlarigna;Celerina/Schlarigna;CH;46.51213888888889;9.859055555555555;
Q64967;Hettlingen;Hettlingen;CH;47.547777777778;8.7097222222222;
Q64974;Degersheim;Degersheim;CH;47.366666666667;9.1997222222222;
Q6497774;Bridgend;Bridgend;GB;51.5072;-3.5784;
Q64990;Oberentfelden;Oberentfelden;CH;47.359722222222;8.0486111111111;
Q64992;Märstetten;Märstetten;CH;47.6;9.0663888888889;
Q64994;Matzingen;Matzingen;CH;47.519722222222;8.9325;
Q649982;Hove;Hove;BE;51.14861111111111;4.4775;
Q65000;Beinwil am See;Beinwil am See;CH;47.267777777778;8.2025;
Q650135;Neufchâteau;Neufchâteau;BE;49.841111111111;5.4352777777778;
Q650152;Mont-Saint-Guibert;Mont-Saint-Guibert;BE;50.633333333333;4.6166666666667;
Q650163;Yvoir;Yvoir;BE;50.3258;4.8779;
Q650172;Vielsalm;Vielsalm;BE;50.286111111111;5.9180555555556;
Q650185;Sambreville;Sambreville;BE;50.45;4.6;
Q650226;Sombreffe;Sombreffe;BE;50.516666666667;4.6;
Q650239;Philippeville;Philippeville;BE;50.1958;4.5431;
Q65026;Eschlikon;Eschlikon;CH;47.461;8.959;
Q65029;Egnach;Egnach;CH;47.526787;9.36488;
Q65037;Trimbach;Trimbach;CH;47.363611111111;7.9;
Q650520;Port-Saint-Père;Port-Saint-Père;FR;47.133055555556;-1.7483333333333;
Q65080;Eschenz;Eschenz;CH;47.65;8.8663888888889;
Q6509370;Lealholm;Lealholm;GB;54.4589;-0.825069;
Q65119;Pfungen;Pfungen;CH;47.515555555556;8.6469444444444;
Q65124;Othmarsingen;Othmarsingen;CH;47.40115;8.21528;
Q65125;Romanshorn;Romanshorn;CH;47.56354;9.35639;
Q65127;Ermatingen;Ermatingen;CH;47.669166666667;9.0797222222222;
Q65129;Hedingen;Hedingen;CH;47.298611111111;8.4494444444444;
Q651369;Boves;Boves;FR;49.845555555556;2.3908333333333;
Q65152;Lenk;Lenk;CH;46.449722222222;7.4330555555556;
Q65164;Dietlikon;Dietlikon;CH;47.42;8.6191666666667;
Q651733;Llandovery;Llandovery;GB;51.995;-3.795;
Q651811;Tielt;Tielt;BE;50.9989;3.3258;
Q651826;Diepenbeek;Diepenbeek;BE;50.9072;5.4175;
Q65195;Suhr;Suhr;CH;47.374722222222;8.0805555555556;
Q651997;Alcobaça;Alcobaça;PT;39.55;-8.975;
Q652035;Dumfries;Dumfries;GB;55.066666666667;-3.6166666666667;
Q65206;Heimberg;Heimberg;CH;46.783055555556;7.5997222222222;
Q652078;Thornaby-on-Tees;Thornaby-on-Tees;GB;54.5556;-1.3049;
Q65211;Brienzwiler;Brienzwiler;CH;46.751388888889;8.1022222222222;
Q65222;Boswil;Boswil;CH;47.301111111111;8.3138888888889;
Q65227;Möriken-Wildegg;Möriken-Wildegg;CH;47.416388888889;8.1830555555556;
Q652312;Arengosse;Arengosse;FR;44.002222222222;-0.78611111111111;
Q65244;Schiers;Schiers;CH;46.966388888889;9.6833333333333;
Q65246908;Zurzach;Zurzach;CH;47.58771111111111;8.29331111111111;
Q652597;Whaley Bridge;Whaley Bridge;GB;53.3304;-1.9838;
Q6526;Bolzano;Bolzano;IT;46.498113;11.35478;
Q65263;Oberriet;Oberriet;CH;47.316388888889;9.5663888888889;
Q65268;Brienz;Brienz;CH;46.749722222222;8.0333333333333;
Q65282;Birmensdorf;Birmensdorf;CH;47.354166666667;8.4377777777778;
Q65291;Hallwil;Hallwil;CH;47.330277777778;8.1786111111111;
Q65306;Rupperswil;Rupperswil;CH;47.4025;8.1277777777778;
Q65319;Hendschiken;Hendschiken;CH;47.387222222222;8.2194444444444;
Q65336;Lupfig;Lupfig;CH;47.441388888889;8.2;
Q653438;Invergowrie;Invergowrie;GB;56.4603;-3.06124;
Q65347;Langnau am Albis;Langnau am Albis;CH;47.289444444444;8.5413888888889;
Q653559;Maintenon;Maintenon;FR;48.5865;1.57712;
Q6537;Vicence;Vicenza;IT;45.55;11.55;
Q653766;Pagny-sur-Meuse;Pagny-sur-Meuse;FR;48.6875;5.7175;
Q653906;Althorne;Althorne;GB;51.6546;0.7634;
Q65399;Schmitten;Schmitten;CH;46.6871;9.6723;
Q654122;Kirrweiler;Kirrweiler;DE;49.303888888889;8.1638888888889;
Q654146;Winden;Winden;DE;49.099444444444;8.1138888888889;
Q654153;Cluses;Cluses;FR;46.060277777778;6.5786111111111;
Q654216;Ayr;Ayr;GB;55.463888888889;-4.6277777777778;
Q654226;East Kilbride;East Kilbride;GB;55.76667;-4.18333;
Q654255;Paray-le-Monial;Paray-le-Monial;FR;46.451111111111;4.1194444444444;
Q654273;Lentilly;Lentilly;FR;45.818611111111;4.6630555555556;
Q65439;Erlen;Erlen;CH;47.549722222222;9.2330555555556;
Q6544;Libourne;Libourne;FR;44.915277777778;-0.24388888888889;
Q65443;Zihlschlacht-Sitterdorf;Zihlschlacht-Sitterdorf;CH;47.516666666667;9.2663888888889;
Q65446;Schänis;Schänis;CH;47.1588;9.0466;
Q65455;Balsthal;Balsthal;CH;47.316388888889;7.6944444444444;
Q65463;Berlingen;Berlingen;CH;47.666388888889;9.0163888888889;
Q65465;Sattel;Sattel;CH;47.080833333333;8.6338888888889;
Q654663;Labouheyre;Labouheyre;FR;44.2125;-0.91916666666667;
Q6548;Orléans;Orléans;FR;47.902222222222;1.9041666666667;
Q654918;L'Hermitage;L'Hermitage;FR;48.125833333333;-1.8158333333333;
Q65506;Flawil;Flawil;CH;47.40532;9.19771;
Q655066;Vèbre;Vèbre;FR;42.775555555556;1.7219444444444;
Q65510;Bonstetten;Bonstetten;CH;47.315555555556;8.4691666666667;
Q65519;Wagenhausen;Wagenhausen;CH;47.659722222222;8.8486111111111;
Q65528;Oberrieden;Oberrieden;CH;47.277777777778;8.5780555555556;
Q65543;Thal;Thal;CH;47.466388888889;9.5666666666667;
Q65547;Mettmenstetten;Mettmenstetten;CH;47.244722222222;8.4644444444444;
Q655496;Allenc;Allenc;FR;44.541111111111;3.6611111111111;
Q6555;Narbonne;Narbonne;FR;43.184722222222;3.0036111111111;
Q65552;S-chanf;S-chanf;CH;46.616388888889;9.9833333333333;
Q65560;Gündlischwand;Gündlischwand;CH;46.616388888889;7.8997222222222;
Q6556312;Liphook;Liphook;GB;51.0764;-0.8031;
Q65564;Trin;Trin;CH;46.86243;9.32992;
Q655680;Cevins;Cevins;FR;45.591388888889;6.4563888888889;
Q65577;Roggwil;Roggwil;CH;47.499444444444;9.395;
Q6558;Belluno;Belluno;IT;46.140830555556;12.215561111111;
Q65586;Däniken;Däniken;CH;47.356666666667;7.9819444444444;
Q655874;Newbury;Newbury;GB;51.4009;-1.3235;
Q65599;Bürglen;Bürglen;CH;47.549722222222;9.1497222222222;
Q65623;Schübelbach;Schübelbach;CH;47.173333333333;8.9263888888889;
Q65627;Holderbank;Holderbank;CH;47.433055555556;8.1680555555556;
Q65629;Gerlafingen;Gerlafingen;CH;47.172222222222;7.5738888888889;
Q65634;Uttwil;Uttwil;CH;47.5844;9.34101;
Q65637;La Punt Chamues-ch;La Punt Chamues-ch;CH;46.566388888889;9.9163888888889;
Q656436;Avenay-Val-d'Or;Avenay-Val-d'Or;FR;49.069166666667;4.0458333333333;
Q656483;Pornichet;Pornichet;FR;47.265833333333;-2.34;
Q65649;Courtelary;Courtelary;CH;47.179166666667;7.0722222222222;
Q656494;Saint-Cyr-sur-Loire;Saint-Cyr-sur-Loire;FR;47.402777777778;0.67805555555556;
Q65681;Hospental;Hospental;CH;46.620555555556;8.57;
Q65696;Hunzenschwil;Hunzenschwil;CH;47.385833333333;8.1263888888889;
Q6572;Rovigo;Rovigo;IT;45.0809;11.794;
Q65721;Därstetten;Därstetten;CH;46.67202;7.48831;
Q65738;Gsteigwiler;Gsteigwiler;CH;46.65222;7.88894;
Q65759;Lindau;Lindau;CH;47.443055555556;8.6719444444444;
Q657628;Urçay;Urçay;FR;46.624722222222;2.5891666666667;
Q65777;Kemmental;Kemmental;CH;47.616388888889;9.1663888888889;
Q657841;Laveissière;Laveissière;FR;45.116111111111;2.8061111111111;
Q65795;Dinhard;Dinhard;CH;47.5575;8.7697222222222;
Q65797;Sirnach;Sirnach;CH;47.466388888889;8.9997222222222;
Q65800;Affeltrangen;Affeltrangen;CH;47.516388888889;9.0166666666667;
Q65802;Hüttlingen;Hüttlingen;CH;47.583055555556;8.9833333333333;
Q65805;Seuzach;Seuzach;CH;47.535833333333;8.7294444444444;
Q65818;Tobel-Tägerschen;Tobel-Tägerschen;CH;47.516666666667;9.0330555555556;
Q6582;Carcassonne;Carcassonne;FR;43.215833333333;2.3513888888889;
Q65823;Bettwiesen;Bettwiesen;CH;47.5;9.0333333333333;
Q65830;Kradolf-Schönenberg;Kradolf-Schönenberg;CH;47.516388888889;9.1830555555556;
Q65834;Wigoltingen;Wigoltingen;CH;47.5958;9.0329;
Q65844;Thalheim an der Thur;Thalheim an der Thur;CH;47.580555555556;8.7541666666667;
Q65846;Oensingen;Oensingen;CH;47.288611111111;7.7138888888889;
Q65854;Fischenthal;Fischenthal;CH;47.332222222222;8.9211111111111;
Q65858;Turbenthal;Turbenthal;CH;47.438333333333;8.8441666666667;
Q65862;Reichenburg;Reichenburg;CH;47.169444444444;8.9744444444444;
Q658713;Breuil-sur-Vesle;Breuil-sur-Vesle;FR;49.310555555556;3.7666666666667;
Q65875;Biglen;Biglen;CH;46.92781;7.62667;
Q65877;Embrach;Embrach;CH;47.510277777778;8.5933333333333;
Q658776;Meung-sur-Loire;Meung-sur-Loire;FR;47.828611111111;1.6983333333333;
Q6588;Périgueux;Périgueux;FR;45.184166666667;0.71805555555556;
Q65880;Belfaux;Belfaux;CH;46.82873;7.09504;
Q658838;Grañén;Grañén;ES;41.941666666667;-0.36972222222222;
Q65886;Ferenbalm;Ferenbalm;CH;46.94868;7.21146;
Q659062;Bebside;Bebside;GB;55.1236;-1.57973;
Q65914;Stein;Stein;CH;47.544166666667;7.9513888888889;
Q65921;Grossaffoltern;Grossaffoltern;CH;47.066666666667;7.3597222222222;
Q659298;Rive-de-Gier;Rive-de-Gier;FR;45.529444444444;4.6169444444444;
Q6593;Vannes;Vannes;FR;47.655;-2.7616666666667;
Q659335;Saint-Cyr-sur-Mer;Saint-Cyr-sur-Mer;FR;43.183611111111;5.7086111111111;
Q659351;Ettelbruck;Ettelbruck;LU;49.846388888889;6.0991666666667;
Q65936;Gelterkinden;Gelterkinden;CH;47.465277777778;7.8527777777778;
Q65939;Boltigen;Boltigen;CH;46.6291;7.3911;
Q659416;Villacañas;Villacañas;ES;39.615833333333;-3.3397222222222;
Q65945;Wichtrach;Wichtrach;CH;46.842777777778;7.5763888888889;
Q65949;Wimmis;Wimmis;CH;46.6752;7.6376;
Q65957;Diemtigen;Diemtigen;CH;46.6494;7.5651;
Q659588;Ladybank;Ladybank;GB;56.2744;-3.122;
Q6596;Gorizia;Gorizia;IT;45.9352;13.6193;
Q65962;Bottighofen;Bottighofen;CH;47.639722222222;9.2013888888889;
Q65971;Sulgen;Sulgen;CH;47.54235;9.19313;
Q65978;Dulliken;Dulliken;CH;47.3525;7.9458333333333;
Q659790;Villars-les-Moines;Münchenwiler;CH;46.913055555556;7.1252777777778;
Q659803;Ashton-under-Lyne;Ashton-under-Lyne;GB;53.48722222222222;-2.0975;
Q65983;Bussnang;Bussnang;CH;47.558333333333;9.0838888888889;
Q659931;Longuyon;Longuyon;FR;49.446944444444;5.6005555555556;
Q659969;Mirecourt;Mirecourt;FR;48.298611111111;6.1302777777778;
Q66000;Oberried am Brienzersee;Oberried am Brienzersee;CH;46.735;7.955;
Q660002;Briouze;Briouze;FR;48.698888888889;-0.36694444444444;
Q66004881;Lytham;Lytham;GB;53.7368257;-2.9631857;
Q660118;Beaumont-de-Lomagne;Beaumont-de-Lomagne;FR;43.883055555556;0.98833333333333;
Q66017;Lütschental;Lütschental;CH;46.633055555556;7.9497222222222;
Q6602;Strasbourg;Strasbourg;FR;48.573333333333;7.7522222222222;
Q66020;Bas-Intyamon;Bas-Intyamon;CH;46.566666666667;7.0833333333333;
Q660256;Magaz de Pisuerga;Magaz de Pisuerga;ES;41.981944444444;-4.4294444444444;
Q66030;Rhäzüns;Rhäzüns;CH;46.799722222222;9.3997222222222;
Q660415;Steinfeld;Steinfeld;DE;49.050277777778;8.0380555555556;
Q66047;Mellikon;Mellikon;CH;47.569166666667;8.3541666666667;
Q660484;Newton Abbot;Newton Abbot;GB;50.5403;-3.6087;
Q660487;La Guierche;La Guierche;FR;48.114166666667;0.19444444444444;
Q66056;Wittenbach;Wittenbach;CH;47.46665;9.37954;
Q6606;Pordenone;Pordenone;IT;45.9626;12.6563;
Q66062;Stallikon;Stallikon;CH;47.327222222222;8.4908333333333;
Q660899;Busigny;Busigny;FR;50.033611111111;3.4672222222222;
Q660904;Bonnevaux;Bonnevaux;FR;46.808333333333;6.1852777777778;
Q66114;Uetendorf;Uetendorf;CH;46.766388888889;7.5666666666667;
Q66120;Uttigen;Uttigen;CH;46.793919444444;7.5763083333333;
Q66125;Neuenegg;Neuenegg;CH;46.9;7.2997222222222;
Q66132;Erlenbach im Simmental;Erlenbach im Simmental;CH;46.6608;7.5529;
Q66134;Niederried bei Interlaken;Niederried bei Interlaken;CH;46.716388888889;7.9163888888889;
Q66142;Deitingen;Deitingen;CH;47.215833333333;7.6236111111111;
Q66146;Brenzikofen;Brenzikofen;CH;46.817222222222;7.6133333333333;
Q66156;Otelfingen;Otelfingen;CH;47.460833333333;8.3911111111111;
Q6616;Poitiers;Poitiers;FR;46.581111111111;0.33527777777778;
Q661619;Weymouth;Weymouth;GB;50.609722222222224;-2.4547222222222222;
Q661707;Stourbridge;Stourbridge;GB;52.458;-2.148;
Q66171;Thusis;Thusis;CH;46.69611111111111;9.439444444444444;
Q661710;Noirétable;Noirétable;FR;45.817222222222;3.765;
Q66184;Zuoz;Zuoz;CH;46.602;9.9598;
Q66188;Tägerwilen;Tägerwilen;CH;47.655555555556;9.1311111111111;
Q66191;Muttenz;Muttenz;CH;47.52275;7.6451888888889;
Q66195;Horn;Horn;CH;47.495305555555554;9.463027777777778;
Q66208;Frutigen;Frutigen;CH;46.583055555556;7.6497222222222;
Q66211;Konolfingen;Konolfingen;CH;46.883333333333;7.6166666666667;
Q662167;Flookburgh;Flookburgh;GB;54.174;-2.972;
Q66218;Kandersteg;Kandersteg;CH;46.496388888889;7.6744444444444;
Q662238;Mid Devon;Mid Devon;GB;50.9;-3.49;
Q662265;Janzé;Janzé;FR;47.960555555556;-1.4991666666667;
Q66228;Quarten;Quarten;CH;47.099722222222;9.2333333333333;
Q662289;Mérens-les-Vals;Mérens-les-Vals;FR;42.658055555555556;1.836111111111111;
Q662337;Toury;Toury;FR;48.194166666667;1.9355555555556;
Q66237;Ebnat-Kappel;Ebnat-Kappel;CH;47.2632;9.1234;
Q6624;Ascoli Piceno;Ascoli Piceno;IT;42.854722222222;13.575277777778;
Q66243;St. Margrethen;St. Margrethen;CH;47.449722222222;9.6330555555556;
Q6625;Agen;Agen;FR;44.203055555556;0.61861111111111;
Q662505;Perl;Perl;DE;49.47361111111111;6.385;
Q66254;Au;Au;CH;47.433055555556;9.6333333333333;
Q66256;Hünenberg;Hünenberg;CH;47.176111111111;8.4263888888889;
Q662596;Neuvy-Pailloux;Neuvy-Pailloux;FR;46.886111111111;1.8602777777778;
Q662658;Serquigny;Serquigny;FR;49.109722222222;0.71222222222222;
Q66269;Rorschacherberg;Rorschacherberg;CH;47.466388888889;9.5;
Q662789;Salou;Salou;ES;41.07964;1.13163;
Q66283;Feuerthalen;Feuerthalen;CH;47.692222222222;8.6452777777778;
Q66289;Lengwil;Lengwil;CH;47.616388888889;9.1830555555556;
Q66293;Mumpf;Mumpf;CH;47.547222222222;7.9194444444444;
Q66298;Walchwil;Walchwil;CH;47.099722222222;8.5163888888889;
Q66300;Langnau im Emmental;Langnau im Emmental;CH;46.943333333333;7.7852777777778;
Q66307;Hauptwil-Gottshaus;Hauptwil-Gottshaus;CH;47.466388888889;9.2830555555556;
Q663077;O Irixo;O Irixo;ES;42.511944444444;-8.1183333333333;
Q66317;Güttingen;Güttingen;CH;47.59645;9.28637;
Q66328;Knonau;Knonau;CH;47.224722222222;8.4613888888889;
Q66330;Ingenbohl;Ingenbohl;CH;47.002777777778;8.6116666666667;
Q66334;Mörschwil;Mörschwil;CH;47.46758;9.42615;
Q66336;Laufen-Uhwiesen;Laufen-Uhwiesen;CH;47.670833333333;8.6366666666667;
Q663387;Aubiat;Aubiat;FR;45.977777777778;3.1675;
Q66360;Büren an der Aare;Büren an der Aare;CH;47.140277777778;7.3722222222222;
Q66378;Reichenbach im Kandertal;Reichenbach im Kandertal;CH;46.57532;7.73708;
Q66381;Kiesen;Kiesen;CH;46.819444444444;7.5858333333333;
Q66384;Tramelan;Tramelan;CH;47.223333333333;7.1013888888889;
Q66390;Saint-Imier;Saint-Imier;CH;47.152777777778;7.0;
Q663915;Maurs;Maurs;FR;44.710555555556;2.1980555555556;
Q66393;Burgistein;Burgistein;CH;46.79207;7.50323;
Q663950;Sougy-sur-Loire;Sougy-sur-Loire;FR;46.856388888889;3.3905555555556;
Q663951;Bezannes;Bezannes;FR;49.223333333333;3.9886111111111;
Q66403;Bellach;Bellach;CH;47.215;7.5;
Q66411;Niederweningen;Niederweningen;CH;47.5075;8.3788888888889;
Q664178;Herradón de Pinares;Herradón de Pinares;ES;40.563333333333;-4.5583333333333;
Q66425;Cormoret;Cormoret;CH;47.175;7.0555555555556;
Q66433;Eiken;Eiken;CH;47.533055555556;7.9902777777778;
Q66438;Bargen;Bargen;CH;47.040277777778;7.2638888888889;
Q66444;Vaulruz;Vaulruz;CH;46.616666666667;6.9833333333333;
Q66457;Rafz;Rafz;CH;47.612222222222;8.5408333333333;
Q66461;Givisiez;Givisiez;CH;46.816666666667;7.1333333333333;
Q66466;Neyruz;Neyruz;CH;46.766666666667;7.0666666666667;
Q664678;Le Cellier;Le Cellier;FR;47.319444444444;-1.3463888888889;
Q66471;Sonvilier;Sonvilier;CH;47.139444444444;6.9652777777778;
Q66473;Longeau;Lengnau;CH;47.181666666667;7.3666666666667;
Q6647845;Litherland;Litherland;GB;53.4727;-2.999;
Q66482;Kallnach;Kallnach;CH;47.022222222222;7.2361111111111;
Q6649241;Little Bowden;Little Bowden;GB;52.475;-0.911;
Q664928;Peyrehorade;Peyrehorade;FR;43.545;-1.1;
Q664934;Raismes;Raismes;FR;50.389166666667;3.4858333333333;
Q6649692;Little Crosby;Little Crosby;GB;53.5058;-3.0239;
Q665034;Medlar-with-Wesham;Medlar-with-Wesham;GB;53.7902;-2.8857;
Q665107;Santes;Santes;FR;50.593333333333;2.9622222222222;
Q66520;Vuadens;Vuadens;CH;46.616666666667;7.0166666666667;
Q665330;Ledbury;Ledbury;GB;52.0339;-2.4235;
Q66537;Itingen;Itingen;CH;47.46482;7.78478;
Q665414;Landas;Landas;FR;50.473611111111;3.3013888888889;
Q665489;Royal Tunbridge Wells;Royal Tunbridge Wells;GB;51.132;0.263;
Q665525;Montigny-en-Ostrevent;Montigny-en-Ostrevent;FR;50.366666666667;3.1869444444444;
Q66554;Sissach;Sissach;CH;47.464361111111;7.8106194444444;
Q665667;Bréauté;Bréauté;FR;49.628888888889;0.39944444444444;
Q665680;Briollay;Briollay;FR;47.564166666667;-0.50833333333333;
Q66570;Buckten;Buckten;CH;47.409722222222;7.8447222222222;
Q665760;Bologne;Bologne;FR;48.201944444444;5.1408333333333;
Q665761;Comines-Warneton;Comines-Warneton;BE;50.766666666667;3.0;
Q66582;Ringgenberg;Ringgenberg;CH;46.7029;7.8951;
Q665860;Courcelles;Courcelles;BE;50.4578;4.37562;
Q66593;Frenkendorf;Frenkendorf;CH;47.503055555556;7.7144444444444;
Q66601;Wattwil;Wattwil;CH;47.29572;9.08303;
Q66604;Risch;Risch;CH;47.141111111111;8.4313888888889;
Q6661063;Llanaber;Llanaber;GB;52.74;-4.075;
Q6661267;Llandybie;Llandybie;GB;51.82;-4.001;
Q6661405;Llangadwaladr;Llangadwaladr;GB;53.1956;-4.4219;
Q6661425;Llangammarch Wells;Llangammarch Wells;GB;52.1137;-3.55816;
Q6661564;Llangunllo;Llangunllo;GB;52.3346;-3.1585;
Q6661603;Llanhilleth;Llanhilleth;GB;51.6973;-3.13595;
Q66617;Frick;Frick;CH;47.508055555556;8.0222222222222;
Q6661893;Llanwrda;Llanwrda;GB;51.968;-3.874;
Q6662;Cesena;Cesena;IT;44.133333333333;12.233333333333;
Q666238;Enghien;Enghien;BE;50.69555555555556;4.041111111111111;
Q66629;Saanen;Saanen;CH;46.483055555556;7.2663888888889;
Q6662914;Llwyngwril;Llwyngwril;GB;52.666;-4.084;
Q6662915;Llwynypia;Llwynypia;GB;51.6351;-3.44856;
Q66633;Kilchberg;Kilchberg;CH;47.324722222222;8.5491666666667;
Q666335;Erquelinnes;Erquelinnes;BE;50.3101002;4.1218718;
Q66638;Madulain;Madulain;CH;46.583055555556;9.9330555555556;
Q66644;Salenstein;Salenstein;CH;47.673611111111;9.0497222222222;
Q666503;Farciennes;Farciennes;BE;50.43138888888889;4.5475;
Q6665057;Lochailort;Lochailort;GB;56.8741;-5.65564;
Q666532;Le Pont-Chrétien-Chabenet;Le Pont-Chrétien-Chabenet;FR;46.628888888889;1.4802777777778;
Q66655;Kaufdorf;Kaufdorf;CH;46.833055555556;7.4830555555556;
Q666696;Fontaine-l'Évêque;Fontaine-l'Évêque;BE;50.416666666667;4.3166666666667;
Q6667;Cerbère;Cerbère;FR;42.443333333333;3.1647222222222;
Q666751;Frameries;Frameries;BE;50.4087571;3.8905656;
Q666779;Masseret;Masseret;FR;45.545555555556;1.5205555555556;
Q66678;Uitikon;Uitikon;CH;47.371944444444;8.4530555555556;
Q666806;Lacelle;Lacelle;FR;45.641111111111;1.8258333333333;
Q66684;Schmerikon;Schmerikon;CH;47.225277777778;8.95;
Q66692;Toffen;Toffen;CH;46.85884;7.49239;
Q666952;Ham-sur-Heure-Nalinnes;Ham-sur-Heure-Nalinnes;BE;50.3171621;4.3803219;
Q66697;Steinhausen;Steinhausen;CH;47.196944444444;8.4861111111111;
Q666979;Frontenex;Frontenex;FR;45.636666666667;6.3088888888889;
Q666983;Hensies;Hensies;BE;50.4328388;3.6847215;
Q66702;Zwingen;Zwingen;CH;47.433055555556;7.5333333333333;
Q66707;Wangen;Wangen;CH;47.190833333333;8.8955555555556;
Q6671;Cittadella;Cittadella;IT;45.648611111111;11.783611111111;
Q66711;Basadingen-Schlattingen;Basadingen-Schlattingen;CH;47.666666666667;8.7497222222222;
Q667158;Lens;Lens;BE;50.55;3.9;
Q66723;Biberist;Biberist;CH;47.182777777778;7.5586111111111;
Q6672591;Long Hanborough;Long Hanborough;GB;51.822;-1.393;
Q66733;Lausen;Lausen;CH;47.4725;7.7597222222222;
Q66736;Duggingen;Duggingen;CH;47.45;7.6;
Q667364;Hathersage;Hathersage;GB;53.33;-1.658;
Q66752;Wila;Wila;CH;47.418333333333;8.8491666666667;
Q66778;Oberwil im Simmental;Oberwil im Simmental;CH;46.649722222222;7.4333333333333;
Q667790;Lessines;Lessines;BE;50.7117;3.83;
Q66783;Schüpfen;Schüpfen;CH;47.03577;7.37466;
Q66786;Kaltbrunn;Kaltbrunn;CH;47.216388888889;9.0333333333333;
Q667862;Leuze-en-Hainaut;Leuze-en-Hainaut;BE;50.6;3.6166666666667;
Q667867;Saint-André-de-Cubzac;Saint-André-de-Cubzac;FR;44.994722222222;-0.44583333333333;
Q66790;Goldach;Goldach;CH;47.483055555556;9.4663888888889;
Q667936;Lobbes;Lobbes;BE;50.3460194;4.2654874;
Q66798;St. Stephan;St. Stephan;CH;46.5;7.3830555555556;
Q667987;Manage;Manage;BE;50.5;4.2333333333333;
Q6681;Crotone;Crotone;IT;39.083333333333;17.116666666667;
Q668139;Merbes-le-Château;Merbes-le-Château;BE;50.3234035;4.1644816;
Q66814;Schwerzenbach;Schwerzenbach;CH;47.38182;8.65589;
Q66819;Rüschlikon;Rüschlikon;CH;47.308055555556;8.5541666666667;
Q66821;Grellingen;Grellingen;CH;47.442222222222;7.5897222222222;
Q668253;Saint-Priest-de-Gimel;Saint-Priest-de-Gimel;FR;45.316666666667;1.8888888888889;
Q668262;Tavistock;Tavistock;GB;50.55003;-4.14424;
Q66831;Bâche;Bettlach;CH;47.203888888889;7.425;
Q66839;Luterbach;Luterbach;CH;47.219444444444;7.5861111111111;
Q668437;Montigny-le-Tilleul;Montigny-le-Tilleul;BE;50.38;4.38;
Q66846;Lotzwil;Lotzwil;CH;47.191388888889;7.7930555555556;
Q668466;Pont-Remy;Pont-Remy;FR;50.053611111111;1.9027777777778;
Q668493;Morlanwelz;Morlanwelz;BE;50.45;4.2333333333333;
Q66852;Vechigen;Vechigen;CH;46.946944444444;7.5625;
Q66857;Lütisburg;Lütisburg;CH;47.3947;9.0811;
Q66860;Steinach;Steinach;CH;47.499722222222;9.4333333333333;
Q66862;Sisikon;Sisikon;CH;46.949722222222;8.6211111111111;
Q668630;Péruwelz;Péruwelz;BE;50.5117549;3.5889334;
Q668688;Lamothe-Landerron;Lamothe-Landerron;FR;44.558333333333;0.060833333333333;
Q668702;Quévy;Quévy;BE;50.3667226;3.9439033;
Q66876;Haut-Intyamon;Haut-Intyamon;CH;46.516944444444;7.0561111111111;
Q668795;Navia;Navia;ES;43.53923;-6.7236021;
Q668815;Quiévrain;Quiévrain;BE;50.4048739;3.6829049;
Q66884;Schönenwerd;Schönenwerd;CH;47.371944444444;8.0027777777778;
Q668861;Le Rœulx;Le Rœulx;BE;50.5;4.1;
Q66890;Rüthi;Rüthi;CH;47.2958;9.5373;
Q668950;Saint-Ghislain;Saint-Ghislain;BE;50.45;3.8166666666667;
Q66900;Steinerberg;Steinerberg;CH;47.051944444444;8.585;
Q669051;Seneffe;Seneffe;BE;50.533333333333;4.25;
Q669088;Silly;Silly;BE;50.65;3.9166666666667;
Q66917;Corgémont;Corgémont;CH;47.19107;7.13857;
Q669171;Newtown;Newtown;GB;52.5132;-3.3141;
Q669186;Thuin;Thuin;BE;50.3397445;4.2870475;
Q66924;Zäziwil;Zäziwil;CH;46.9;7.666666666666667;
Q669309;Chambly;Chambly;FR;49.166666666667;2.2480555555556;
Q6693101;Lowdham;Lowdham;GB;53.013;-1.008;
Q669333;Thourotte;Thourotte;FR;49.478611111111;2.8836111111111;
Q6693802;Lower Sheering;Lower Sheering;GB;51.809;0.161;
Q669398;Vic-la-Gardiole;Vic-la-Gardiole;FR;43.489722222222;3.7966666666667;
Q66962;Rothenthurm;Rothenthurm;CH;47.104166666667;8.6744444444444;
Q6697;Empoli;Empoli;IT;43.716666666667;10.95;
Q66971;Lommiswil;Lommiswil;CH;47.221666666667;7.4711111111111;
Q66977;Trasadingen;Trasadingen;CH;47.66979;8.4262;
Q669774;Le Clerjus;Le Clerjus;FR;47.959444444444;6.3213888888889;
Q66980;Boncourt;Boncourt;CH;47.5;7.0166666666667;
Q669805;Stonehouse;Stonehouse;GB;51.74785;-2.2838611111111;
Q66984;Langendorf;Langendorf;CH;47.220555555556;7.5144444444444;
Q669881;Tendu;Tendu;FR;46.644166666667;1.5580555555556;
Q670001;Les Salelles;Les Salelles;FR;44.481388888889;3.2794444444444;
Q670048;Tarascon-sur-Ariège;Tarascon-sur-Ariège;FR;42.8475;1.6061111111111;
Q67006;Lohn-Ammannsegg;Lohn-Ammannsegg;CH;47.169444444444;7.525;
Q67008;Oberbuchsiten;Oberbuchsiten;CH;47.310833333333;7.7666666666667;
Q670129;La Couronne;La Couronne;FR;45.6075;0.1;
Q670210;Court-Saint-Étienne;Court-Saint-Étienne;BE;50.633333333333;4.5666666666667;
Q67027;Mels;Mels;CH;47.049722222222;9.4166666666667;
Q67029;Grandval;Grandval;CH;47.284444444444;7.4263888888889;
Q670310;Grez-Doiceau;Grez-Doiceau;BE;50.733333333333;4.7;
Q670313;Entraigues-sur-la-Sorgue;Antraigues-sur-Volane;FR;44.003055555556;4.9266666666667;
Q670407;La Hulpe;La Hulpe;BE;50.733333333333;4.4833333333333;
Q67042;Niederhasli;Niederhasli;CH;47.482222222222;8.4861111111111;
Q67044;Muolen;Muolen;CH;47.516666666667;9.3163888888889;
Q67058;Uetikon am See;Uetikon am See;CH;47.266944444444;8.6772222222222;
Q67066;Hasle bei Burgdorf;Hasle bei Burgdorf;CH;47.017777777778;7.6555555555556;
Q67068;Bubikon;Bubikon;CH;47.269444444444;8.8202777777778;
Q67073;Avry;Avry;CH;46.783333333333;7.0666666666667;
Q67079;Chénens;Chénens;CH;46.733333333333;7.0;
Q67100;Lachen;Lachen;CH;47.191111111111;8.8566666666667;
Q67103;Romont;Romont;CH;46.70013;6.91814;
Q671046;Avignonet-Lauragais;Avignonet-Lauragais;FR;43.365833333333;1.7888888888889;
Q671059;Villefranche-de-Lauragais;Villefranche-de-Lauragais;FR;43.399722222222;1.7180555555556;
Q67106;Uznach;Uznach;CH;47.224166666667;8.9838888888889;
Q67109;Agno;Agno;CH;46.00017;8.90012;
Q67112;Laupen;Laupen;CH;46.9;7.2330555555556;
Q67114;Neunkirch;Neunkirch;CH;47.69;8.4988888888889;
Q671169;Cinq-Mars-la-Pile;Cinq-Mars-la-Pile;FR;47.3475;0.46166666666667;
Q67123;Steckborn;Steckborn;CH;47.666388888889;8.9830555555556;
Q67125;Appenzell;Appenzell;CH;47.333333333333;9.4166666666667;
Q67128;Diessenhofen;Diessenhofen;CH;47.683333333333;8.7497222222222;
Q671281;Montaut;Montaut;FR;43.13;-0.20027777777778;
Q671326;Reinosa;Reinosa;ES;43.001944444444;-4.1377777777778;
Q671341;Betanzos;Betanzos;ES;43.2791691;-8.2106329;
Q671348;Worthing;Worthing;GB;50.814711111111;-0.37138611111111;
Q67135;Klingnau;Klingnau;CH;47.583055555556;8.25;
Q67137;Elgg;Elgg;CH;47.49138;8.86454;
Q67145;Bauma;Bauma;CH;47.368055555556;8.8777777777778;
Q67148;Speicher;Speicher;CH;47.410555555556;9.4433333333333;
Q67157;Moutier;Moutier;CH;47.280277777778;7.3708333333333;
Q6716;Grosseto;Grosseto;IT;42.772222222222;11.108888888889;
Q67161;Realp;Realp;CH;46.598611111111;8.5030555555556;
Q67165;Berg;Berg;CH;47.566388888889;9.1663888888889;
Q67168;Urnäsch;Urnäsch;CH;47.318055555556;9.2858333333333;
Q67171;Gais;Gais;CH;47.360555555556;9.4511111111111;
Q67178;Lutzenberg;Lutzenberg;CH;47.458055555556;9.5836111111111;
Q67184;Hägendorf;Hägendorf;CH;47.334444444444;7.8444444444444;
Q671892;Barrow-in-Furness;Barrow-in-Furness;GB;54.11083333333333;-3.2263888888888888;
Q67191;Steinen;Steinen;CH;47.048888888889;8.6113888888889;
Q67197;Bühler;Bühler;CH;47.372777777778;9.4211111111111;
Q67203;Tavannes;Tavannes;CH;47.220833333333;7.2013888888889;
Q67209;Teufen;Teufen;CH;47.39;9.39;
Q67211;Zell;Zell;CH;47.448888888889;8.8233333333333;
Q67213;Marthalen;Marthalen;CH;47.626666666667;8.6505555555556;
Q67220;Dürnten;Dürnten;CH;47.278888888889;8.8433333333333;
Q67227;Benken;Benken;CH;47.19241;8.99573;
Q67238;Lauperswil;Lauperswil;CH;46.966111111111;7.7416666666667;
Q672483;Ordizia;Ordizia;ES;43.054722222222;-2.1783333333333;
Q67249;Reconvilier;Reconvilier;CH;47.236111111111;7.2222222222222;
Q672545;Barmouth;Barmouth;GB;52.722;-4.055;
Q672549;Cantin;Cantin;FR;50.309166666667;3.1258333333333;
Q67262;Tecknau;Tecknau;CH;47.449722222222;7.8833333333333;
Q672621;Anvin;Anvin;FR;50.446388888889;2.2552777777778;
Q67270;Caslano;Caslano;CH;45.96989;8.87952;
Q67272;Wald;Wald;CH;47.275277777778;8.9144444444444;
Q672766;Guéthary;Guéthary;FR;43.42411111111111;-1.6086388888888887;
Q67278;Mühleberg;Mühleberg;CH;46.949722222222;7.2666666666667;
Q67280;Diepflingen;Diepflingen;CH;47.446666666667;7.8383333333333;
Q67282;Urtenen-Schönbühl;Urtenen-Schönbühl;CH;47.033333333333;7.5;
Q67289;Signau;Signau;CH;46.921666666667;7.7266666666667;
Q67292;Sonceboz-Sombeval;Sonceboz-Sombeval;CH;47.197222222222;7.1791666666667;
Q672948;Leven;Leven;GB;56.195;-2.99417;
Q6730;Perpignan;Perpignan;FR;42.6975;2.8947222222222;
Q673090;Marœuil;Marœuil;FR;50.323888888889;2.7055555555556;
Q67310;Seegräben;Seegräben;CH;47.343333333333;8.7719444444444;
Q673204;Ajain;Ajain;FR;46.2075;1.9986111111111;
Q67332;Grengiols;Grengiols;CH;46.366666666667;8.1;
Q673409;Louvroil;Louvroil;FR;50.265;3.96;
Q67358;Schlatt;Schlatt;CH;47.649722222222;8.6997222222222;
Q673671;Sévérac;Sévérac;FR;47.55;-2.0766666666667;
Q6737;Castellammare di Stabia;Castellammare di Stabia;IT;40.694722222222225;14.480277777777777;
Q67387;Champion;Gampelen;CH;47.014444444444;7.0580555555556;
Q67396;Wiler bei Utzenstorf;Wiler bei Utzenstorf;CH;47.151388888889;7.5583333333333;
Q67414;Courgenay;Courgenay;CH;47.4;7.1333333333333;
Q67439;Wynigen;Wynigen;CH;47.106666666667;7.6680555555556;
Q67458;Sorvilier;Sorvilier;CH;47.240277777778;7.3055555555556;
Q67460;Walkringen;Walkringen;CH;46.946666666667;7.62;
Q67463;Courtételle;Courtételle;CH;47.33094;7.31764;
Q674669;Heswall;Heswall;GB;53.328;-3.099;
Q674700;Champtocé-sur-Loire;Champtocé-sur-Loire;FR;47.411944444444;-0.86333333333333;
Q674821;Brienon-sur-Armançon;Brienon-sur-Armançon;FR;47.992777777778;3.6163888888889;
Q67486;Eggerberg;Eggerberg;CH;46.3;7.8833333333333;
Q674916;Ramales de la Victoria;Ramales de la Victoria;ES;43.258888888889;-3.4638888888889;
Q674954;La Panne;De Panne;BE;51.1019;2.5917;
Q67499;Herzogenbuchsee;Herzogenbuchsee;CH;47.18838;7.70619;
Q67501;Quinto;Quinto;CH;46.516666666667;8.7;
Q67519;Broc;Broc;CH;46.6;7.1;
Q67523;Biasca;Biasca;CH;46.35;8.9666666666667;
Q6753;Banyuls-sur-Mer;Banyuls-sur-Mer;FR;42.482222222222;3.1275;
Q67536;Wangen an der Aare;Wangen an der Aare;CH;47.2311;7.65018;
Q67539;Buchs;Buchs;CH;47.458888888889;8.4377777777778;
Q675460;Machynlleth;Machynlleth;GB;52.591;-3.849;
Q67552;Moosseedorf;Moosseedorf;CH;47.0175;7.4819444444444;
Q67556;Rüdtligen-Alchenflüh;Rüdtligen-Alchenflüh;CH;47.084444444444;7.5819444444444;
Q675592;Acklington;Acklington;GB;55.311;-1.64;
Q67564;Hindelbank;Hindelbank;CH;47.044166666667;7.5402777777778;
Q67582;Oberdiessbach;Oberdiessbach;CH;46.839444444444;7.6191666666667;
Q675925;Port-de-Bouc;Port-de-Bouc;FR;43.405;4.9886111111111;
Q67593;Lyssach;Lyssach;CH;47.064444444444;7.5794444444444;
Q67596;Bätterkinden;Bätterkinden;CH;47.133333333333;7.5333333333333;
Q675960;Arlon;Arlon;BE;49.683611111111;5.8166666666667;
Q675965;Rognac;Rognac;FR;43.487777777778;5.2322222222222;
Q675980;Lamanon;Lamanon;FR;43.701944444444;5.0863888888889;
Q675992;Meyrargues;Meyrargues;FR;43.635555555556;5.5283333333333;
Q676067;Braintree;Braintree;GB;51.8781;0.5495;
Q6761;Livourne;Livorno;IT;43.55;10.316666666667;
Q67611;Grosshöchstetten;Grosshöchstetten;CH;46.899722222222;7.6333333333333;
Q676132;Mollerussa;Mollerussa;ES;41.631666666667;0.89611111111111;
Q67628;Madiswil;Madiswil;CH;47.166388888889;7.8;
Q676305;Delle;Delle;FR;47.506944444444;6.9980555555556;
Q67644;Rüderswil;Rüderswil;CH;46.984444444444;7.7238888888889;
Q67666;Saignelégier;Saignelégier;CH;47.25;7.0;
Q676689;Gravesend;Gravesend;GB;51.441666666667;0.36861111111111;
Q676695;Longueville-sur-Scie;Longueville-sur-Scie;FR;49.792222222222;1.1094444444444;
Q67673;Sant'Antonino;Sant'Antonino;CH;46.15;8.9833333333333;
Q67683;Montagny;Montagny;CH;46.810556;6.992222;
Q67694;Rossinière;Rossinière;CH;46.466666666667;7.0833333333333;
Q676966;Raon-l'Étape;Raon-l'Étape;FR;48.405833333333;6.8411111111111;
Q67699;Semsales;Semsales;CH;46.566666666667;6.9333333333333;
Q676996;Monistrol-d'Allier;Monistrol-d'Allier;FR;44.968333333333;3.6436111111111;
Q67705;Schmitten;Schmitten;CH;46.85;7.25;
Q67714;Cottens;Cottens;CH;46.75;7.0333333333333;
Q677163;Villers-Bretonneux;Villers-Bretonneux;FR;49.866944444444;2.52;
Q67718;Wünnewil-Flamatt;Wünnewil-Flamatt;CH;46.866666666667;7.2833333333333;
Q67720;Randa;Randa;CH;46.1;7.7833333333333;
Q6772452;Marple;Marple;GB;53.3974;-2.0617;
Q67745;Tenero-Contra;Tenero-Contra;CH;46.183333333333;8.85;
Q677485;A Gudiña;A Gudiña;ES;42.06079444444445;-7.137841666666667;
Q67760;Stabio;Stabio;CH;45.85;8.9333333333333;
Q677615;Artzentales;Artzentales;ES;43.2405209;-3.22800397141;
Q67763;Giornico;Giornico;CH;46.4;8.8666666666667;
Q67778;Utzenstorf;Utzenstorf;CH;47.126944444444;7.5572222222222;
Q67821;Rubigen;Rubigen;CH;46.898611111111;7.5433333333333;
Q67826;Lützelflüh;Lützelflüh;CH;47.0091;7.6892;
Q67849;Perles;Pieterlen;CH;47.175;7.3388888888889;
Q678612;Villers-la-Ville;Villers-la-Ville;BE;50.583333333333;4.5333333333333;
Q67869174;Thurnen;Thurnen;CH;46.813882;7.507505;
Q67887;Steinmaur;Steinmaur;CH;47.494166666667;8.4477777777778;
Q678870;Cerdido;Cerdido;ES;43.6121164;-7.952015;
Q67894;Rümlang;Rümlang;CH;47.453333333333;8.5330555555556;
Q67920;Niederglatt;Niederglatt;CH;47.492222222222;8.5033333333333;
Q679269;Alcázar de San Juan;Alcázar de San Juan;ES;39.3901005;-3.2102351;
Q67935;Selzach;Selzach;CH;47.205555555556;7.4555555555556;
Q67949;Dachsen;Dachsen;CH;47.665555555556;8.6186111111111;
Q67951;Dielsdorf;Dielsdorf;CH;47.483611111111;8.4541666666667;
Q67954;Rümlingen;Rümlingen;CH;47.425277777778;7.8497222222222;
Q679766;Peñaranda de Bracamonte;Peñaranda de Bracamonte;ES;40.9017322;-5.1979686;
Q679850;Chatonrupt-Sommermont;Chatonrupt-Sommermont;FR;48.487777777778;5.125;
Q68001;Torricella-Taverne;Torricella-Taverne;CH;46.066666666667;8.9166666666667;
Q68015;Roggwil;Roggwil;CH;47.241666666667;7.8236111111111;
Q68022;Ausserberg;Ausserberg;CH;46.316666666667;7.85;
Q68026;Embd;Embd;CH;46.216666666667;7.8166666666667;
Q68033;Ferden;Ferden;CH;46.366666666667;7.75;
Q680351;Parempuyre;Parempuyre;FR;44.949166666667;-0.605;
Q680403;Nierstein;Nierstein;DE;49.869444444444;8.3375;
Q68046;Bitsch;Bitsch;CH;46.333333333333;8.0;
Q68051;Fiesch;Fiesch;CH;46.4;8.1333333333333;
Q68063;Saint-Prex;Saint-Prex;CH;46.483611111111;6.4575;
Q68068;Lonay;Lonay;CH;46.533333333333;6.5166666666667;
Q68071;Veytaux;Veytaux;CH;46.42138888888889;6.9275;
Q68081;Montfaucon;Montfaucon;CH;47.283333333333;7.05;
Q68086;Les Breuleux;Les Breuleux;CH;47.20518;7.00254;
Q680918;Bassenge;Bassenge;BE;50.7586;5.6086;
Q68097;Davos;Davos;CH;46.809055555556;9.8398333333333;
Q680984;Bellshill;Bellshill;GB;55.820555555556;-4.0283333333333;
Q68103;Interlaken;Interlaken;CH;46.68715;7.86487;
Q68106;Kölliken;Kölliken;CH;47.3375;8.0236111111111;
Q681063;Berg (Pfalz);Berg (Pfalz);DE;48.983055555556;8.1997222222222;
Q681080;Campo de Criptana;Campo de Criptana;ES;39.406666666667;-3.125;
Q681095;Rohrbach;Rohrbach, Palatinate;DE;49.139166666667;8.1325;
Q68111;Chiasso;Chiasso;CH;45.83535;9.03203;
Q68120;Frauenfeld;Frauenfeld;CH;47.555833333333;8.8963888888889;
Q681237;Luzy;Luzy;FR;46.789444444444;3.97;
Q68124;La Chaux-de-Fonds;La Chaux-de-Fonds;CH;47.099627777778;6.8295583333333;
Q681259;Chouzé-sur-Loire;Chouzé-sur-Loire;FR;47.236388888889;0.12694444444444;
Q68129;Olten;Olten;CH;47.353055555556;7.9077777777778;
Q681308;Fréteval;Fréteval;FR;47.888055555556;1.2097222222222;
Q68136;Sion;Sion;CH;46.23045;7.36606;
Q68144;Zoug;Zug;CH;47.168055555555554;8.516944444444444;
Q681457;Chagny;Chagny;FR;46.910555555556;4.7533333333333;
Q68150;Altdorf;Altdorf;CH;46.880555555556;8.6394444444444;
Q68155;Schwytz;Schwyz;CH;47.020546;8.658332;
Q681563;Wasquehal;Wasquehal;FR;50.668611111111;3.13;
Q68160;Vevey;Vevey;CH;46.466666666667;6.85;
Q681620;Villeneuve-lès-Maguelone;Villeneuve-lès-Maguelone;FR;43.532222222222;3.8608333333333;
Q68165;Kloten;Kloten;CH;47.448055555556;8.5827777777778;
Q68167;Sumiswald;Sumiswald;CH;47.027469444444;7.7452611111111;
Q68177;Wängi;Wängi;CH;47.5;8.9497222222222;
Q681803;Nieppe;Nieppe;FR;50.703055555556;2.8388888888889;
Q681806;Snaith;Snaith;GB;53.691222222222;-1.0282;
Q681819;La Chapelle-sur-Erdre;La Chapelle-sur-Erdre;FR;47.298888888889;-1.5527777777778;
Q68189;Trogen;Trogen;CH;47.4075;9.4647222222222;
Q68205;Paradiso;Paradiso;CH;45.983333333333;8.95;
Q6820621;Merstham;Merstham;GB;51.264;-0.1525;
Q6820697;Merthyr Vale;Merthyr Vale;GB;51.6911;-3.3396;
Q68210;Adliswil;Adliswil;CH;47.312222222222;8.5255555555556;
Q68220;Oftringen;Oftringen;CH;47.315;7.9236111111111;
Q68222;Saint-Léonard;Saint-Léonard;CH;46.25656;7.42695;
Q682223;Engis;Engis;BE;50.583333333333;5.4166666666667;
Q68227;Richterswil;Richterswil;CH;47.208055555556;8.7058333333333;
Q682271;Esneux;Esneux;BE;50.533333333333;5.5666666666667;
Q68230;Meyrin;Meyrin;CH;46.23222;6.07911;
Q68236;Klosters;Klosters;CH;46.883333333333;9.8833388888889;
Q68244;Wohlen;Wohlen;CH;47.350555555556;8.2777777777778;
Q68248;Granges;Grenchen;CH;47.193055555556;7.3958333333333;
Q68250;Rorschach;Rorschach;CH;47.478611111111;9.4936111111111;
Q68256;Porrentruy;Porrentruy;CH;47.416666666667;7.0833333333333;
Q682570;Ferrières;Ferrières;BE;50.40027777777778;5.606944444444444;
Q68258;Weinfelden;Weinfelden;CH;47.5698;9.112;
Q68261;Meilen;Meilen;CH;47.270277777778;8.6411111111111;
Q68266;Domat/Ems;Domat/Ems;CH;46.81981;9.45455;
Q68269;Pfäffikon;Pfäffikon;CH;47.366666666667;8.7822222222222;
Q68274;Kehrsatz;Kehrsatz;CH;46.909444444444;7.4708333333333;
Q68277;Buchs;Buchs;CH;47.16555555555556;9.471111111111112;
Q68281;Altstätten;Altstätten;CH;47.37801;9.54875;
Q68283;Morat;Murten;CH;46.928055555556;7.1169444444444;
Q68286;Horgen;Horgen;CH;47.260833333333;8.5975;
Q68290;Affoltern am Albis;Affoltern am Albis;CH;47.28167;8.45023;
Q68297;Sierre;Sierre;CH;46.2918;7.532;
Q683034;Grâce-Hollogne;Grâce-Hollogne;BE;50.6325;5.476944444444444;
Q683037;Tarare;Tarare;FR;45.896111111111;4.4330555555556;
Q68305;Wetzikon;Wetzikon;CH;47.320833333333;8.7930555555556;
Q68308;Bulle;Bulle;CH;46.616666666667;7.05;
Q683083;Hamoir;Hamoir;BE;50.433333333333;5.5333333333333;
Q68311;Berthoud;Burgdorf;CH;47.056666666667;7.6263888888889;
Q68315;Heiden;Heiden;CH;47.441111111111;9.5311111111111;
Q68347;Disentis/Mustér;Disentis/Mustér;CH;46.699722222222;8.8497222222222;
Q683474;Itxassou;Itxassou;FR;43.329444444444;-1.4055555555556;
Q68363;Laufon;Laufen;CH;47.416666666667;7.5;
Q68367;Aesch;Aesch;CH;47.469444444444;7.5941666666667;
Q68376;Aefligen;Aefligen;CH;47.095555555556;7.5569444444444;
Q68387;L'Isle;L'Isle;CH;46.616666666667;6.4166666666667;
Q6839;Figueres;Figueres;ES;42.266666666667;2.95;
Q68393;Ossingen;Ossingen;CH;47.612777777778;8.7269444444444;
Q68399;Glattfelden;Glattfelden;CH;47.560833333333;8.4994444444444;
Q684013;Sainte-Eanne;Sainte-Eanne;FR;46.398888888889;-0.13611111111111;
Q684071;Vilches;Vilches;ES;38.2107652;-3.5130577;
Q68417;Henggart;Henggart;CH;47.565;8.6855555555556;
Q6842040;Middleton One Row;Middleton One Row;GB;54.505;-1.46;
Q68423;Andelfingen;Andelfingen;CH;47.594722222222;8.6788888888889;
Q68425;Bioggio;Bioggio;CH;46.014312;8.907552;
Q68429;Bossonnens;Bossonnens;CH;46.516666666667;6.85;
Q684302;Tantonville;Tantonville;FR;48.469166666667;6.1388888888889;
Q684476;Perrignier;Perrignier;FR;46.304166666667;6.4427777777778;
Q68457;Rickenbach;Rickenbach;CH;47.5525;8.7958333333333;
Q68460;Stalden;Stalden;CH;46.233333333333;7.8666666666667;
Q68464;Saint-Nicolas;St. Niklaus;CH;46.183333333333;7.8;
Q68466;Bellwald;Bellwald;CH;46.433333333333;8.15;
Q68492;Yvonand;Yvonand;CH;46.8;6.75;
Q68502;Le Bémont;Le Bémont;CH;47.266666666667;7.0166666666667;
Q68504;Riddes;Riddes;CH;46.166666666667;7.2166666666667;
Q68506;Muriaux;Muriaux;CH;47.25;6.9833333333333;
Q68513;Saint-Brais;Saint-Brais;CH;47.3;7.1166666666667;
Q68522;Le Noirmont;Le Noirmont;CH;47.21366;6.94411;
Q68528;Val-d'Illiez;Val-d'Illiez;CH;46.2;6.9;
Q6855;Lörrach;Lörrach;DE;47.615555555556;7.6613888888889;
Q685542;Villar de Gallimazo;Villar de Gallimazo;ES;40.954166666667;-5.2888888888889;
Q68558;Cressier;Cressier;CH;46.9;7.1333333333333;
Q68562;Fräschels;Fräschels;CH;47.0;7.2;
Q685640;Huntingdon;Huntingdon;GB;52.3364;-0.1717;
Q68572;San Justo de la Vega;San Justo de la Vega;ES;42.454166666667;-6.0147222222222;
Q68587;Vallorbe;Vallorbe;CH;46.716666666667;6.3833333333333;
Q68599;Crémines;Crémines;CH;47.283333333333;7.4416666666667;
Q686031;Veauche;Veauche;FR;45.561944444444;4.2780555555556;
Q686097;Saint-Georges-de-Commiers;Saint-Georges-de-Commiers;FR;45.038055555556;5.7036111111111;
Q6861276;Milton Keynes urban area;Milton Keynes urban area;GB;52.047;-0.744;
Q686184;Llerena;Llerena;ES;38.2375;-6.0152777777778;
Q68626;Montricher;Montricher;CH;46.6;6.3666666666667;
Q686319;Westhoughton;Westhoughton;GB;53.548;-2.529;
Q686385;Vatry;Vatry;FR;48.821944444444;4.245;
Q6864;Ruminghem;Ruminghem;FR;50.859444444444;2.1577777777778;
Q68642;Yens;Yens;CH;46.527;6.40671;
Q686452;Gourdan-Polignan;Gourdan-Polignan;FR;43.077777777778;0.57722222222222;
Q6864597;Minffordd;Minffordd;GB;52.926666666667;-4.0811111111111;
Q686591;Le Thor;Le Thor;FR;43.929166666667;4.9944444444444;
Q686675;Waterbeach;Waterbeach;GB;52.266419444444;0.19083888888889;
Q68669;Montagny-près-Yverdon;Montagny-près-Yverdon;CH;46.783333333333;6.6166666666667;
Q68671;Denges;Denges;CH;46.52335;6.53903;
Q686837;Karrantza Harana / Valle de Carranza;Karrantza Harana / Valle de Carranza;ES;43.2057282;-3.36325738397;
Q686868;Trancoso;Trancoso;PT;40.7833;-7.35;
Q68713;Vernayaz;Vernayaz;CH;46.133333333333;7.0333333333333;
Q687344;Sillian;Sillian;AT;46.752777777778;12.421111111111;
Q687369;Strassen;Strassen;AT;46.749444444444;12.488055555556;
Q68739;Etagnières;Etagnières;CH;46.6;6.6166666666667;
Q687790;Nelas;Nelas;PT;40.516666666667;-7.85;
Q687797;Lisle-sur-Tarn;Lisle-sur-Tarn;FR;43.853611111111;1.8111111111111;
Q687921;Beernem;Beernem;BE;51.1428;3.3408;
Q688010;Praz-sur-Arly;Praz-sur-Arly;FR;45.837222222222;6.57;
Q688046;Avord;Avord;FR;47.033055555556;2.6533333333333;
Q688110;Le Cannet-des-Maures;Le Cannet-des-Maures;FR;43.391666666667;6.3408333333333;
Q68823;Troistorrents;Troistorrents;CH;46.233333333333;6.9166666666667;
Q688404;Saint-André-les-Vergers;Saint-André-les-Vergers;FR;48.279722222222;4.0538888888889;
Q688457;Le Pont-de-Claix;Le Pont-de-Claix;FR;45.123055555556;5.6980555555556;
Q68864;Neckertal;Neckertal;CH;47.333333333333336;9.133333333333333;
Q6886651;Mobberley;Mobberley;GB;53.313333333333;-2.3263888888889;
Q68869;Clos du Doubs;Clos du Doubs;CH;47.35;7.15;
Q68873;Henniez;Henniez;CH;46.75;6.8833333333333;
Q68877;Finhaut;Finhaut;CH;46.083;6.9767;
Q688781;Mortsel;Mortsel;BE;51.17027777777778;4.456666666666667;
Q688790;Leeuw-Saint-Pierre;Sint-Pieters-Leeuw;BE;50.783333333333;4.25;
Q68889;Vouvry;Vouvry;CH;46.333333333333;6.8833333333333;
Q68912;Salvan;Salvan;CH;46.116666666667;7.0166666666667;
Q68915;Fey;Fey;CH;46.67289;6.68008;
Q689461;Ille-sur-Têt;Ille-sur-Têt;FR;42.670555555556;2.6205555555556;
Q689466;Rivesaltes;Rivesaltes;FR;42.768888888889;2.8738888888889;
Q68950;Einsiedeln;Einsiedeln;CH;47.127777777778;8.7430555555556;
Q689528;Montastruc-la-Conseillère;Montastruc-la-Conseillère;FR;43.7175;1.5902777777778;
Q68956;Martigny;Martigny;CH;46.1;7.07277777778;
Q68959;Thalwil;Thalwil;CH;47.295277777778;8.5647222222222;
Q68965;Soleure;Solothurn;CH;47.208055555556;7.5375;
Q68972;Liestal;Liestal;CH;47.483888888889;7.735;
Q68974;Dommartin;Dommartin;FR;49.800833333333;2.3911111111111;
Q68978;Thoune;Thun;CH;46.759;7.63;
Q68985;Dreuil-lès-Amiens;Dreuil-lès-Amiens;FR;49.915277777778;2.2294444444444;
Q68986;Saint-Moritz;St. Moritz;CH;46.49722222222222;9.837777777777777;
Q69007;Coire;Chur;CH;46.85212;9.52965;
Q69011;Muri;Muri;CH;47.274722222222;8.3416666666667;
Q69030;Münchenstein;Münchenstein;CH;47.51857;7.61739;
Q6903267;Rosendael;Roosendaal;NL;51.533333333333;4.45;
Q69035;Chêne-Bourg;Chêne-Bourg;CH;46.19737;6.19704;
Q69041;Mendrisio;Mendrisio;CH;45.866666666667;8.9833333333333;
Q69048;Kaiseraugst;Kaiseraugst;CH;47.541388888889;7.7277777777778;
Q6905;Frankenthal;Frankenthal;DE;49.53333333333333;8.35;
Q69053;Malans;Malans;CH;46.981944444444;9.5761111111111;
Q690611;Gavre;Gavere;BE;50.9283;3.6611;
Q69062;Collina d'Oro;Collina d'Oro;CH;45.983333333333;8.9166666666667;
Q69065;Minusio;Minusio;CH;46.183333333333;8.8166666666667;
Q69071;Münchenbuchsee;Münchenbuchsee;CH;47.016388888889;7.45;
Q690788;Bretoncelles;Bretoncelles;FR;48.431666666667;0.8875;
Q69079;Scuol;Scuol;CH;46.797;10.2995;
Q690794;Iteuil;Iteuil;FR;46.488611111111;0.31166666666667;
Q69085;Samedan;Samedan;CH;46.533611111111;9.8719444444444;
Q69099;Trimmis;Trimmis;CH;46.895833333333;9.5641666666667;
Q69109;Urdorf;Urdorf;CH;47.386666666667;8.4277777777778;
Q691124;Heilly;Heilly;FR;49.953888888889;2.5369444444444;
Q69114;Trubschachen;Trubschachen;CH;46.916388888889;7.85;
Q69121;Bever;Bever;CH;46.549722222222;9.8830555555556;
Q69126;Möhlin;Möhlin;CH;47.558333333333;7.8458333333333;
Q691278;Yvetot;Yvetot;FR;49.616944444444;0.75305555555556;
Q69131;Aadorf;Aadorf;CH;47.493888888889;8.8975;
Q691357;Grandvilliers;Grandvilliers;FR;49.666111111111;1.9405555555556;
Q69148;Schlieren;Schlieren;CH;47.398888888889;8.4497222222222;
Q69152;Thayngen;Thayngen;CH;47.733055555556;8.6997222222222;
Q691588;Drewsteignton;Drewsteignton;GB;50.703;-3.789;
Q6916;Rode-le-Duc;Herzogenrath;DE;50.866666666667;6.1;
Q69160;Bolligen;Bolligen;CH;46.976111111111;7.4986111111111;
Q69164;Wilchingen;Wilchingen;CH;47.666388888889;8.4666666666667;
Q69168;Niederbipp;Niederbipp;CH;47.265833333333;7.6958333333333;
Q691685;Kirkcaldy;Kirkcaldy;GB;56.110730555556;-3.1673694444444;
Q69175;Eglisau;Eglisau;CH;47.57335;8.52607;
Q691761;Keynsham;Keynsham;GB;51.4135;-2.4968;
Q69186;Beringen;Beringen;CH;47.69643;8.57543;
Q69188;Hombrechtikon;Hombrechtikon;CH;47.253333333333;8.7702777777778;
Q69191;Laufenburg;Laufenburg;CH;47.560833333333;8.0594444444444;
Q69203;Erlenbach;Erlenbach;CH;47.304444444444;8.5922222222222;
Q69216;Küsnacht;Küsnacht;CH;47.318055555556;8.5825;
Q692168;Beersel;Beersel;BE;50.7631;4.3086;
Q692243;Messancy;Messancy;BE;49.595;5.8183333333333;
Q69231;Innertkirchen;Innertkirchen;CH;46.699722222222;8.2333333333333;
Q69233;Münsterlingen;Münsterlingen;CH;47.6313;9.2337;
Q69235;Cham;Cham;CH;47.180277777778;8.4594444444444;
Q69237;Altnau;Altnau;CH;47.60732;9.26118;
Q69240;Seftigen;Seftigen;CH;46.786666666667;7.5408333333333;
Q69248;Giswil;Giswil;CH;46.833055555556;8.1844444444444;
Q69256;Wilderswil;Wilderswil;CH;46.666388888889;7.8666666666667;
Q69259;Pontresina;Pontresina;CH;46.499722222222;9.8997222222222;
Q69265;Airolo;Airolo;CH;46.533333333333;8.6166666666667;
Q692776;Capdenac-Gare;Capdenac-Gare;FR;44.571666666667;2.0808333333333;
Q692901;La Fresnais;La Fresnais;FR;48.595555555556;-1.8433333333333;
Q69296;Alpnach;Alpnach;CH;46.94;8.2733333333333;
Q69300;Gland;Gland;CH;46.416666666667;6.2666666666667;
Q693048;Donges;Donges;FR;47.323055555556;-2.0761111111111;
Q69305;Täsch;Täsch;CH;46.066666666667;7.7666666666667;
Q69312;Tannay;Tannay;CH;46.3;6.1833333333333;
Q69329;Mies;Mies;CH;46.3;6.1666666666667;
Q69345;Neuchâtel;Neuchâtel;CH;46.990277777778;6.9305555555556;
Q69354;Montreux;Montreux;CH;46.435;6.9125;
Q69367;Hüntwangen;Hüntwangen;CH;47.596111111111;8.4938888888889;
Q69372;Neuhausen am Rheinfall;Neuhausen am Rheinfall;CH;47.683055555556;8.6166666666667;
Q69374;Wallisellen;Wallisellen;CH;47.412222222222;8.5922222222222;
Q69380;Bowil;Bowil;CH;46.8925;7.695;
Q69383;Hinwil;Hinwil;CH;47.303333333333;8.8444444444444;
Q693913;Medina del Campo;Medina del Campo;ES;41.3085254;-4.9150523;
Q69393;Sennwald;Sennwald;CH;47.266388888889;9.5;
Q693973;Saverdun;Saverdun;FR;43.234444444444;1.5744444444444;
Q693996;Montbazon;Montbazon;FR;47.287222222222;0.71361111111111;
Q69401;Morges;Morges;CH;46.509447222222;6.4986111111111;
Q69403;Ependes;Ependes;CH;46.74483;6.60268;
Q69413;Kesswil;Kesswil;CH;47.58756;9.3129;
Q69417;Zweisimmen;Zweisimmen;CH;46.549722222222;7.3663888888889;
Q694217;Assling;Assling;AT;46.786388888889;12.641111111111;
Q69433;Lenzbourg;Lenzburg;CH;47.3875;8.1802777777778;
Q694344;Grandvillars;Grandvillars;FR;47.538888888889;6.9730555555556;
Q69441;Koblenz AG;Koblenz AG;CH;47.609722222222;8.2372222222222;
Q69445;Vufflens-le-Château;Vufflens-le-Château;CH;46.52583;6.46669;
Q69451;Satigny;Satigny;CH;46.21406;6.03683;
Q69455;Brügg;Brügg;CH;47.126388888889;7.2816666666667;
Q69471;Dardagny;Dardagny;CH;46.1952;5.9946;
Q69476;La Neuveville;La Neuveville;CH;47.065277777778;7.0944444444444;
Q694800;Ugine;Ugine;FR;45.752777777778;6.4197222222222;
Q69484;Spiez;Spiez;CH;46.683055555556;7.6663888888889;
Q69487;Anet;Ins;CH;47.0;7.1;
Q694905;Fourchambault;Fourchambault;FR;47.018611111111;3.0847222222222;
Q694955;Marseillan;Marseillan;FR;43.356388888889;3.5277777777778;
Q69503;Poschiavo;Poschiavo;CH;46.333333333333;10.049722222222;
Q69507;Boudry;Boudry;CH;46.95;6.8333333333333;
Q69512;Lyss;Lyss;CH;47.075;7.3069444444444;
Q69517;Châtel-Saint-Denis;Châtel-Saint-Denis;CH;46.526944;6.901111;
Q69520;L'Abbaye;L'Abbaye;CH;46.65;6.3166666666667;
Q69522;Gryon;Gryon;CH;46.2906;7.0975;
Q69525;Payerne;Payerne;CH;46.816666666667;6.9333333333333;
Q695278;Willebroeck;Willebroek;BE;51.0597;4.3581;
Q695380;Villanueva de la Serena;Villanueva de la Serena;ES;38.973888888889;-5.8002777777778;
Q695390;Houyet;Houyet;BE;50.1844;5.0086;
Q695449;Cuaña;Cuaña;ES;43.5144776;-6.7510082;
Q69545;Saint-Maurice;Saint-Maurice;CH;46.219;7.0047;
Q69546;Le Lieu;Le Lieu;CH;46.65;6.2833333333333;
Q695499;Valdés;Valdés;ES;43.48469935;-6.47123070696;
Q69555;Gestel;Gestel;FR;47.803333333333;-3.4441666666667;
Q69556;Ardon;Ardon;CH;46.2;7.25;
Q69563;Conthey;Conthey;CH;46.216666666667;7.3;
Q69570;Rolle;Rolle;CH;46.45755;6.33167;
Q69572;Saxon;Saxon;CH;46.15;7.1666666666667;
Q695889;Alfaro;Alfaro;ES;42.178333333333;-1.7475;
Q69590;Loèche;Leuk;CH;46.316666666667;7.6333333333333;
Q69595;Rheineck;Rheineck;CH;47.47005;9.5834;
Q6960;Pagny-le-Château;Pagny-le-Château;FR;47.047222222222;5.1963888888889;
Q69600;Gruyères;Gruyères;CH;46.583611;7.081944;
Q69610;Leysin;Leysin;CH;46.333333333333;7.0;
Q696110;Sprimont;Sprimont;BE;50.5;5.6666666666667;
Q69612;Sevelen;Sevelen;CH;47.120430555556;9.4856888888889;
Q696127;Paliseul;Paliseul;BE;49.904166666667;5.1355555555556;
Q696133;Hamois;Hamois;BE;50.333333333333;5.1333333333333;
Q69616;Zizers;Zizers;CH;46.936111111111;9.5652777777778;
Q69619;Huttwil;Huttwil;CH;47.116388888889;7.85;
Q69625;Altendorf;Altendorf;CH;47.192222222222;8.83;
Q69639;Göschenen;Göschenen;CH;46.6675;8.5863888888889;
Q69642;Erstfeld;Erstfeld;CH;46.81237;8.59937;
Q69647;Wollerau;Wollerau;CH;47.195555555556;8.7194444444444;
Q69654;Feusisberg;Feusisberg;CH;47.186944444444;8.7472222222222;
Q696578;Wavre-Sainte-Catherine;Sint-Katelijne-Waver;BE;51.066666666667;4.5333333333333;
Q69658;Waldstatt;Waldstatt;CH;47.3575;9.2858333333333;
Q69665;Flüelen;Flüelen;CH;46.91228;8.64318;
Q69668;Steffisburg;Steffisburg;CH;46.783055555556;7.6333333333333;
Q69671;Gordola;Gordola;CH;46.18838;8.86378;
Q69673;Faido;Faido;CH;46.483333333333;8.8;
Q696746;Carnoules;Carnoules;FR;43.301944444444;6.1886111111111;
Q69675;Zollikofen;Zollikofen;CH;46.999722222222;7.4569444444444;
Q69678;Belp;Belp;CH;46.891388888889;7.4972222222222;
Q69682;Ostermundigen;Ostermundigen;CH;46.955277777778;7.4833333333333;
Q696825;Denderleeuw;Denderleeuw;BE;50.883333333333;4.0833333333333;
Q696871;Lichtervelde;Lichtervelde;BE;51.033333333333;3.1333333333333;
Q69690;Ittigen;Ittigen;CH;46.9775;7.4791666666667;
Q696940;Profondeville;Profondeville;BE;50.3769;4.87;
Q69697;Lutry;Lutry;CH;46.51508;6.69902;
Q696996;Lesquin;Lesquin;FR;50.589722222222;3.1111111111111;
Q69704;Münchwilen;Münchwilen;CH;47.48146;8.99239;
Q69714;Grand-Saconnex;Le Grand-Saconnex;CH;46.233333333333;6.1166666666667;
Q69718;Wädenswil;Wädenswil;CH;47.230277777778;8.6722222222222;
Q69721;La Tour-de-Peilz;La Tour-de-Peilz;CH;46.45;6.8666666666667;
Q69726;Langenthal;Langenthal;CH;47.215277777778;7.7888888888889;
Q69729;Rapperswil-Jona;Rapperswil-Jona;CH;47.228611111111;8.8316666666667;
Q69732;Worb;Worb;CH;46.930555555556;7.5644444444444;
Q69734;Bassersdorf;Bassersdorf;CH;47.443055555556;8.6283333333333;
Q69738;Pully;Pully;CH;46.516666666667;6.6666666666667;
Q69742;Arth;Arth;CH;47.064444444444;8.5241666666667;
Q69745;Renens;Renens;CH;46.53528;6.58971;
Q697494;Arnside;Arnside;GB;54.199;-2.832;
Q69752;Rüti;Rüti;CH;47.261388888889;8.8555555555556;
Q69757;Prilly;Prilly;CH;46.533333333333;6.6;
Q69760;Villars-sur-Glâne;Villars-sur-Glâne;CH;46.783333333333;7.1166666666667;
Q69765;Muri bei Bern;Muri bei Bern;CH;46.931944444444;7.4872222222222;
Q69768;Amriswil;Amriswil;CH;47.549722222222;9.3;
Q69774;Stäfa;Stäfa;CH;47.2401;8.7328;
Q69777;Gossau;Gossau;CH;47.416388888889;9.25;
Q69780;Freienbach;Freienbach;CH;47.204722222222;8.7577777777778;
Q69783;Münsingen;Münsingen;CH;46.87298;7.561;
Q69786;Rarogne;Raron;CH;46.31;7.8;
Q69788;Arbedo-Castione;Arbedo-Castione;CH;46.216666666667;9.05;
Q6979;Singen (Hohentwiel);Singen;DE;47.762777777778;8.84;
Q69790;Cadenazzo;Cadenazzo;CH;46.15;8.95;
Q69822;Pregny-Chambésy;Pregny-Chambésy;CH;46.242138888889;6.1434722222222;
Q69826;Russin;Russin;CH;46.19387;6.01397;
Q69836;Bellevue;Bellevue;CH;46.25;6.15;
Q69861;Dotzigen;Dotzigen;CH;47.120555555556;7.3402777777778;
Q69871;Chiètres;Kerzers;CH;46.983333333333;7.2;
Q69879;La Ferrière;La Ferrière;CH;47.14336;6.90027;
Q69897;Court;Court;CH;47.240277777778;7.3375;
Q69908;Studen;Studen;CH;47.11256;7.30281;
Q69918;Le Pâquier;Le Pâquier;CH;46.594277777778;7.0551944444444;
Q69935;Courchavon;Courchavon;CH;47.433333333333;7.05;
Q69945;Müntschemier;Müntschemier;CH;46.99552;7.14596;
Q69954;Flums;Flums;CH;47.0928;9.3439;
Q69956;Mammern;Mammern;CH;47.645277777778;8.9155555555556;
Q69961;Muralto;Muralto;CH;46.166666666667;8.8;
Q69967;Wangen bei Olten;Wangen bei Olten;CH;47.344166666667;7.8694444444444;
Q69972;Villeneuve;Villeneuve;CH;46.396388888888886;6.925;
Q69974;Cortébert;Cortébert;CH;47.183333333333;7.1;
Q69979;Villeret;Villeret;CH;47.159444444444;7.0194444444444;
Q69981;Melide;Melide;CH;45.95;8.95;
Q69995;Sorengo;Sorengo;CH;46.0;8.9333333333333;
Q6999681;Nethertown;Nethertown;GB;54.453;-3.559;
Q70;Berne;Bern;CH;46.94798;7.44743;
Q70000;Rougemont;Rougemont;CH;46.5004;7.20939;
Q70022;Oberglatt;Oberglatt;CH;47.4775;8.52;
Q7003;Dijon;Dijon;FR;47.323055555556;5.0419444444444;
Q70030;Lamone;Lamone;CH;46.05;8.9333333333333;
Q700311;Arronches;Arronches;PT;39.116666666667;-7.2833333333333;
Q70042;Courtepin;Courtepin;CH;46.866666666667;7.1166666666667;
Q70052;Stettlen;Stettlen;CH;46.959444444444;7.5236111111111;
Q70082;Ormont-Dessus;Ormont-Dessus;CH;46.35;7.15;
Q70090;Sainte-Croix;Sainte-Croix;CH;46.82369;6.48894;
Q70099;Champéry;Champéry;CH;46.1750525;6.8713714;
Q70101;Sembrancher;Sembrancher;CH;46.078;7.1512;
Q70108;Guin;Düdingen;CH;46.846105555556;7.1905611111111;
Q70110;Lucens;Lucens;CH;46.70916;6.83732;
Q70115;Ollon;Ollon;CH;46.29731;6.99348;
Q7011958;New Stevenston;New Stevenston;GB;55.8133;-3.97783;
Q70124;Mezzovico-Vira;Mezzovico-Vira;CH;46.1;8.9166666666667;
Q70139;Cressier;Cressier;CH;47.0508;7.0356;
Q70141;Balerna;Balerna;CH;45.85;9.0;
Q70145;Bovernier;Bovernier;CH;46.083333333333;7.0833333333333;
Q70159;Magliaso;Magliaso;CH;45.983333333333;8.8833333333333;
Q70163;Evionnaz;Evionnaz;CH;46.1792;7.0225;
Q70165;Collombey-Muraz;Collombey-Muraz;CH;46.266666666667;6.95;
Q70169;Lalden;Lalden;CH;46.283333333333;7.9;
Q70178;Chamoson;Chamoson;CH;46.2;7.2166666666667;
Q70184;Massongex;Massongex;CH;46.25;6.9833333333333;
Q70188;Rue;Rue;CH;46.616666666667;6.8166666666667;
Q7019849;Newstead;Newstead;GB;53.07;-1.222;
Q70199;Grandson;Grandson;CH;46.8085;6.6443;
Q70202;Moudon;Moudon;CH;46.66871;6.79743;
Q70204;Le Landeron;Le Landeron;CH;47.0554;7.0691;
Q7020516;Newtongrange;Newtongrange;GB;55.8684;-3.0666;
Q70206;Orsières;Orsières;CH;46.033333333333;7.15;
Q70210;La Sarraz;La Sarraz;CH;46.65798;6.50837;
Q70216;Etoy;Etoy;CH;46.483333333333;6.4166666666667;
Q70219;Rochefort;Rochefort;CH;46.983333333333;6.8166666666667;
Q70224;Roche;Roche;CH;46.35;6.9166666666667;
Q70227;Ormont-Dessous;Ormont-Dessous;CH;46.366666666667;7.05;
Q70232;Les Bois;Les Bois;CH;47.183333333333;6.9;
Q70234;Gambarogno;Gambarogno;CH;46.1339;8.8334;
Q70237;Oberdorf;Oberdorf;CH;47.231944444444;7.5041666666667;
Q7024;Lugano;Lugano;CH;46.010277777778;8.9625;
Q70243;Jouxtens-Mézery;Jouxtens-Mézery;CH;46.55;6.6;
Q70254;Romanel-sur-Lausanne;Romanel-sur-Lausanne;CH;46.566666666667;6.6;
Q70268;Rohrbach;Rohrbach;CH;47.137222222222;7.8138888888889;
Q70295;Schöfflisdorf;Schöfflisdorf;CH;47.500833333333;8.4169444444444;
Q70302;Cugy;Cugy;CH;46.814722;6.890833;
Q70317;Salquenen;Salgesch;CH;46.3;7.5666666666667;
Q70363;Lax;Lax;CH;46.383333333333;8.1166666666667;
Q70369;Fehraltorf;Fehraltorf;CH;47.386111111111;8.7547222222222;
Q7038;Gérone;Girona;ES;41.983333333333;2.8166666666667;
Q7039;Lahr/Schwarzwald;Lahr/Schwarzwald;DE;48.339166666667;7.8722222222222;
Q70393;Port-Valais;Port-Valais;CH;46.366666666667;6.8666666666667;
Q70452;Ursy;Ursy;CH;46.633333333333;6.8333333333333;
Q70479;Cornaux;Cornaux;CH;47.038740555556;7.0199461111111;
Q704864;Tamworth;Tamworth;GB;52.63388888888889;-1.695;
Q70498;Vuitebœuf;Vuiteboeuf;CH;46.808066666667;6.549165;
Q70515;Rivaz;Rivaz;CH;46.47638888888889;6.778611111111111;
Q7052;Landau in der Pfalz;Landau in der Pfalz;DE;49.199444444444;8.1230555555556;
Q70525;Eclépens;Eclépens;CH;46.65;6.5333333333333;
Q70526;Val-de-Travers;Val-de-Travers;CH;46.9;6.6;
Q70528;Saint-Gingolph;Saint-Gingolph;CH;46.391671;6.806379;
Q70531;Basse-Allaine;Basse-Allaine;CH;47.45;7.0333333333333;
Q70535;Saint-Saphorin;Saint-Saphorin;CH;46.466666666667;6.8;
Q70540;Vufflens-la-Ville;Vufflens-la-Ville;CH;46.583333333333;6.5333333333333;
Q70545;Puidoux;Puidoux;CH;46.483333333333;6.7666666666667;
Q70559;Faoug;Faoug;CH;46.90243;7.07442;
Q70582;Valeyres-sous-Montagny;Valeyres-sous-Montagny;CH;46.8;6.6;
Q70611;Centovalli;Centovalli;CH;46.15917;8.64596;
Q70614;Obergoms;Obergoms;CH;46.533333333333;8.35;
Q70621;Douanne-Daucher;Twann-Tüscherz;CH;47.1;7.1833333333333;
Q70624;Steg-Hohtenn;Steg-Hohtenn;CH;46.283333333333;7.7833277777778;
Q70631;Landquart;Landquart;CH;46.949722222222;9.5666666666667;
Q70633;Monteceneri;Monteceneri;CH;46.125;8.92;
Q70635;Glaris Nord;Glarus Nord;CH;47.099166666667;9.0630527777778;
Q70643;Mörel-Filet;Mörel-Filet;CH;46.357;8.048;
Q70659;Penthalaz;Penthalaz;CH;46.61277;6.52912;
Q70671;Romainmôtier-Envy;Romainmôtier-Envy;CH;46.7;6.4666666666667;
Q70689;Valbroye;Valbroye;CH;46.76306;6.886943;
Q706912;Artenay;Artenay;FR;48.082222222222;1.8783333333333;
Q70695;Glaris Sud;Glarus Süd;CH;46.994436111111;9.0741638888889;
Q7070441;Nutfield;Nutfield;GB;51.238580555556;-0.13255833333333;
Q70708;Schwarzenburg;Schwarzenburg;CH;46.816666666667;7.3333333333333;
Q70714;Echallens;Echallens;CH;46.633333333333;6.6333333333333;
Q70716;Fieschertal;Fieschertal;CH;46.5;8.1333333333333;
Q70720;Nesslau;Nesslau;CH;47.22957;9.21831;
Q70731;Montilliez;Montilliez;CH;46.65;6.6666666666667;
Q70734;Oron;Oron;CH;46.566666666667;6.8333333333333;
Q70751;Malansac;Malansac;FR;47.677777777778;-2.2947222222222;
Q7083;Rothenburg;Rothenburg;CH;47.093888888889;8.2716666666667;
Q7088768;Olton;Olton;GB;52.4377;-1.8058;
Q7092;Eschenbach;Eschenbach;CH;47.132777777778;8.3197222222222;
Q7096;Ballwil;Ballwil;CH;47.149722222222;8.3163888888889;
Q71;Genève;Geneva;CH;46.2;6.15;
Q7102;Hochdorf;Hochdorf;CH;47.166388888889;8.2888888888889;
Q7104190;Orston;Orston;GB;52.95;-0.866667;
Q71048;Landaul;Landaul;FR;47.7483;-3.0761;
Q710522;Pepinster;Pepinster;BE;50.566666666667;5.8166666666667;
Q710690;Remicourt;Remicourt;BE;50.683333333333;5.3333333333333;
Q7110475;Oulton Broad;Oulton Broad;GB;52.467;1.717;
Q711079;Theux;Theux;BE;50.53494;5.81342;
Q711183;Trois-Ponts;Trois-Ponts;BE;50.3717;5.8706;
Q711205;Trooz;Trooz;BE;50.57361111111111;5.687222222222222;
Q7114;Hitzkirch;Hitzkirch;CH;47.225;8.2622222222222;
Q711443;Wanze;Wanze;BE;50.5353;5.2133;
Q711474;Waremme;Waremme;BE;50.7;5.25;
Q7115;Ermensee;Ermensee;CH;47.233055555556;8.2333333333333;
Q712064;Alijó;Alijó;PT;41.276444;-7.474889;
Q7123;Sursee;Sursee;CH;47.174166666667;8.1080555555556;
Q7124;Ruswil;Ruswil;CH;47.083611111111;8.1261111111111;
Q7125;Wolhusen;Wolhusen;CH;47.061666666667;8.0744444444444;
Q7128;Neuenkirch;Neuenkirch;CH;47.099722222222;8.2025;
Q713088;Aubange;Aubange;BE;49.566666666667;5.805;
Q7131;Nottwil;Nottwil;CH;47.134722222222;8.1369444444444;
Q713135;Bertrix;Bertrix;BE;49.854166666667;5.2533333333333;
Q7131949;Pantyffynnon;Pantyffynnon;GB;51.778173545487356;-3.997816016056634;
Q713300;Florenville;Florenville;BE;49.698333333333;5.31;
Q713319;Gouvy;Gouvy;BE;50.18737;5.94489;
Q713334;Habay;Habay;BE;49.730277777778;5.6463888888889;
Q7135;Oberkirch;Oberkirch;CH;47.156388888889;8.1158333333333;
Q7137;Knutwil;Knutwil;CH;47.199722222222;8.0722222222222;
Q713740;Saint-Hubert;Saint-Hubert;BE;50.025555555556;5.3741666666667;
Q7137756;Park Hall;Park Hall;GB;52.573;-1.9449;
Q713812;Tellin;Tellin;BE;50.081666666667;5.2183333333333;
Q71469;Corbie;Corbie;FR;49.908888888889;2.5072222222222;
Q7148;Challans;Challans;FR;46.845833333333;-1.8791666666667;
Q71503;Hennebont;Hennebont;FR;47.804166666667;-3.2788888888889;
Q715246;Assesse;Assesse;BE;50.3711;5.0231;
Q715371;Bièvre;Bièvre;BE;49.94111111111111;5.016388888888889;
Q715422;La Bruyère;La Bruyère;BE;50.5;4.8;
Q71573;Landévant;Landévant;FR;47.764722222222;-3.1216666666667;
Q71603;Acerra;Acerra;IT;40.95;14.366666666667;
Q71610;Afragola;Afragola;IT;40.916666666667;14.316666666667;
Q7162166;Penally;Penally;GB;51.6597;-4.72278;
Q7164562;Penrhiwceiber;Penrhiwceiber;GB;51.67;-3.361;
Q7165;Portbou;Portbou;ES;42.426666666667;3.1594444444444;
Q7165293;Pentrebach;Pentrebach;GB;51.7256;-3.35667;
Q717130;Gironde-sur-Dropt;Gironde-sur-Dropt;FR;44.583611111111;-0.089444444444444;
Q71724;Lorient;Lorient;FR;47.745833333333;-3.3663888888889;
Q717530;Gauriaguet;Gauriaguet;FR;45.039166666667;-0.39222222222222;
Q7194241;Pilning;Pilning;GB;51.564;-2.6417;
Q72;Zurich;Zurich;CH;47.37444444444444;8.54111111111111;
Q72009;Casoria;Casoria;IT;40.9;14.3;
Q720522;Saint-Chély-d'Apcher;Saint-Chély-d'Apcher;FR;44.803055555556;3.2758333333333;
Q7205433;Plumley;Plumley;GB;53.2761;-2.42472;
Q720555;Saint-Denis-de-Pile;Saint-Denis-de-Pile;FR;44.991666666667;-0.20611111111111;
Q720791;Jemeppe-sur-Sambre;Jemeppe-sur-Sambre;BE;50.466666666667;4.6666666666667;
Q72118;Frattamaggiore;Frattamaggiore;IT;40.941666666667;14.272222222222;
Q72125;Giugliano in Campania;Giugliano in Campania;IT;40.92834559894887;14.201084910972932;
Q72220;Angoulins;Angoulins;FR;46.104166666667;-1.11;
Q722250;Chadenet;Chadenet;FR;44.519722222222;3.6341666666667;
Q72234;Châtelaillon-Plage;Châtelaillon-Plage;FR;46.073055555556;-1.0880555555556;
Q72240;Aytré;Aytré;FR;46.134166666667;-1.1144444444444;
Q722585;Caldicot;Caldicot;GB;51.590833333333;-2.7491666666667;
Q72259;Portsmouth;Portsmouth;GB;50.805833333333;-1.0872222222222;
Q722611;Pouru-Saint-Remy;Pouru-Saint-Remy;FR;49.679166666667;5.0836111111111;
Q7228312;Pontlottyn;Pontlottyn;GB;51.733333333333;-3.3;
Q72288;Nola;Nola;IT;40.933333333333;14.533333333333;
Q723329;Ascot;Ascot;GB;51.4084;-0.6707;
Q723440;Ascó;Ascó;ES;41.18078;0.567236;
Q723517;Lostwithiel;Lostwithiel;GB;50.407411111111;-4.6696388888889;
Q723651;Balen;Balen;BE;51.170833333333334;5.169722222222222;
Q723774;Berlaar;Berlaar;BE;51.117777777777775;4.6575;
Q723822;Boechout;Boechout;BE;51.16361111111111;4.496388888888889;
Q723972;Boom;Boom;BE;51.0875;4.366666666666666;
Q724025;Bornem;Bornem;BE;51.09527777777778;4.234166666666667;
Q7240575;Prenton;Prenton;GB;53.3721;-3.0385;
Q72414;Portici;Portici;IT;40.819722222222;14.341111111111;
Q724182;St Ives;St Ives;GB;50.21;-5.48;
Q7242055;Prestonpans;Prestonpans;GB;55.9597;-2.961;
Q72425;Pouzzoles;Pozzuoli;IT;40.823055555556;14.122222222222;
Q724283;Essen;Essen;BE;51.467777777777776;4.47;
Q724389;Grobbendonk;Grobbendonk;BE;51.191944444444445;4.738611111111111;
Q72443;Quarto;Quarto;IT;40.883333333333;14.133333333333;
Q724448;Hemiksem;Hemiksem;BE;51.143055555555556;4.341111111111111;
Q724777;Kalmthout;Kalmthout;BE;51.38333333333333;4.476388888888889;
Q72490;San Gennaro Vesuviano;San Gennaro Vesuviano;IT;40.866666666667;14.533333333333;
Q724942;Kapellen;Kapellen;BE;51.315;4.429444444444444;
Q725029;Kasterlee;Kasterlee;BE;51.240833333333335;4.967777777777778;
Q725074;Kontich;Kontich;BE;51.13444444444445;4.445555555555556;
Q725122;Laakdal;Laakdal;BE;51.080555555555556;5.02;
Q725261;Ashford;Ashford;GB;51.1465;0.8676;
Q72592;Sant'Antimo;Sant'Antimo;IT;40.943129;14.236799;
Q726680;Souillac;Souillac;FR;44.897777777778;1.4741666666667;
Q727;Amsterdam;Amsterdam;NL;52.36666666666667;4.883333333333333;
Q72712;Torre Annunziata;Torre Annunziata;IT;40.756944444444;14.444444444444;
Q72719;Torre del Greco;Torre del Greco;IT;40.785277777778;14.395277777778;
Q727297;Romilly-sur-Seine;Romilly-sur-Seine;FR;48.515833333333;3.7266666666667;
Q727520;Dalkeith;Dalkeith;GB;55.893642;-3.068332;
Q727728;Cousance;Cousance;FR;46.531944444444;5.3905555555556;
Q728215;Espinosa de Henares;Espinosa de Henares;ES;40.905555555556;-3.0705555555556;
Q728477;Lampeter;Lampeter;GB;52.1202;-4.0821;
Q728517;Saint-André-lez-Lille;Saint-André-lez-Lille;FR;50.660277777778;3.0438888888889;
Q728571;Praye;Praye;FR;48.434444444444;6.1063888888889;
Q728994;Albrighton;Albrighton;GB;52.6344;-2.277;
Q729006;Chatham;Chatham;GB;51.381944444444;0.52333333333333;
Q730659;Ruffec;Ruffec;FR;46.028611111111;0.19916666666667;
Q730801;Wichelen;Wichelen;BE;51.0042;3.9725;
Q731069;Eastleigh;Eastleigh;GB;50.966666666667;-1.35;
Q731209;Aspley Guise;Aspley Guise;GB;52.0126;-0.6285;
Q731210;La Chapelle-sous-Dun;La Chapelle-sous-Dun;FR;46.26;4.2930555555556;
Q7313552;Renton;Renton;GB;55.962;-4.574;
Q731592;Cabra del Santo Cristo;Cabra del Santo Cristo;ES;37.7035387;-3.2870842;
Q731594;Arnage;Arnage;FR;47.926111111111;0.18777777777778;
Q7316180;Reston;Reston;GB;53.3321;0.077595;
Q731685;La Bridoire;La Bridoire;FR;45.526111111111;5.7425;
Q7321494;Rhosneigr;Rhosneigr;GB;53.227777777777774;-4.518888888888889;
Q732548;Lagos;Lagos;PT;37.102777777777774;-8.672777777777778;
Q732674;Vélines;Vélines;FR;44.858888888889;0.10861111111111;
Q732703;Villefranche-sur-Cher;Villefranche-sur-Cher;FR;47.293333333333;1.77;
Q732745;Warminster;Warminster;GB;51.209;-2.18;
Q732788;Martel;Martel;FR;44.936944444444;1.6088888888889;
Q732823;Mer;Mer;FR;47.698611111111;1.5077777777778;
Q732854;Cournon-d'Auvergne;Cournon-d'Auvergne;FR;45.741111111111;3.1963888888889;
Q733184;Vézelise;Vézelise;FR;48.486944444444;6.0877777777778;
Q7332950;Riding Mill;Riding Mill;GB;54.948;-1.978;
Q733301;Saint-Vincent-de-Tyrosse;Saint-Vincent-de-Tyrosse;FR;43.661111111111;-1.3041666666667;
Q733784;Baume-les-Dames;Baume-les-Dames;FR;47.352222222222;6.36;
Q733833;Pibrac;Pibrac;FR;43.616944444444;1.2847222222222;
Q734040;Boisset;Boisset;FR;44.7825;2.2536111111111;
Q734136;Robledo de Chavela;Robledo de Chavela;ES;40.498333333333335;-4.238888888888889;
Q734194;Châtel-Censoir;Châtel-Censoir;FR;47.531666666667;3.6338888888889;
Q734313;Berkswell;Berkswell;GB;52.409;-1.642;
Q734453;Pevensey;Pevensey;GB;50.82055555555556;0.3380555555555556;
Q734696;Fleet;Fleet;GB;51.2834;-0.8456;
Q734743;Moreton-in-Marsh;Moreton-in-Marsh;GB;51.988;-1.701;
Q7352064;Robertsbridge;Robertsbridge;GB;50.99;0.47;
Q735362;Les Houches;Les Houches;FR;45.89;6.7986111111111;
Q73552;Castelraimondo;Castelraimondo;IT;43.2091;13.0546;
Q735759;Collado Villalba;Collado Villalba;ES;40.64527777777778;-3.991388888888889;
Q735777;Fresno el Viejo;Fresno el Viejo;ES;41.19826;-5.14228;
Q735827;Lochristi;Lochristi;BE;51.0953;3.8325;
Q735931;L'Isle-Jourdain;L'Isle-Jourdain;FR;43.613611111111;1.0808333333333;
Q7359416;Rogiet;Rogiet;GB;51.589;-2.787;
Q736022;El Franco;El Franco;ES;43.50932585;-6.834085032;
Q7361106;Rolleston;Rolleston;GB;53.064;-0.891;
Q736117;Baziège;Baziège;FR;43.454444444444;1.615;
Q736186;Lingfield;Lingfield;GB;51.175;-0.0171;
Q736202;Sainte-Eulalie;Sainte-Eulalie;FR;44.908889;-0.471944;
Q736439;Ramsgate;Ramsgate;GB;51.343911111111;1.4040305555556;
Q736785;Morpeth;Morpeth;GB;55.1675;-1.6908333333333;
Q73690;Corridonia;Corridonia;IT;43.248219444444;13.507530555556;
Q737130;Saint-Mars-la-Brière;Saint-Mars-la-Brière;FR;48.029166666667;0.37277777777778;
Q7372088;Rowlands Castle;Rowlands Castle;GB;50.8912;-0.96006;
Q737356;Candamu;Candamu;ES;43.45556575;-6.05670616104;
Q737400;Noizay;Noizay;FR;47.421388888889;0.89166666666667;
Q737461;Notre-Dame-d'Oé;Notre-Dame-d'Oé;FR;47.457777777778;0.70805555555556;
Q7375151;Roybridge;Roybridge;GB;56.891;-4.841;
Q737547;Motherwell;Motherwell;GB;55.789166666667;-3.9955555555556;
Q737593;Battle;Battle;GB;50.916666666667;0.48333333333333;
Q738013;Xàtiva;Xàtiva;ES;38.9887291;-0.5191539;
Q7380805;Rushenden;Rushenden;GB;51.41;0.74;
Q738150;Saint-Pierre-d'Albigny;Saint-Pierre-d'Albigny;FR;45.569722222222;6.1552777777778;
Q738184;Brading;Brading;GB;50.679;-1.14;
Q73863;Gagliole;Gagliole;IT;43.239080555556;13.0678;
Q738869;Kirkby-in-Ashfield;Kirkby-in-Ashfield;GB;53.1;-1.25;
Q739250;Maiden Newton;Maiden Newton;GB;50.776561111111;-2.57435;
Q740154;Cheniménil;Cheniménil;FR;48.138333333333;6.6041666666667;
Q740219;Fours;Fours;FR;46.817222222222;3.7194444444444;
Q7404397;Salfords;Salfords;GB;51.2014;-0.1683;
Q740607;Bayard-sur-Marne;Bayard-sur-Marne;FR;48.554166666667;5.0766666666667;
Q740845;Olhão;Olhão;PT;37.027777777778;-7.8388888888889;
Q741188;Bons-en-Chablais;Bons-en-Chablais;FR;46.264444444444;6.3702777777778;
Q741400;Camberley;Camberley;GB;51.335;-0.742;
Q741415;Bruton;Bruton;GB;51.113411111111;-2.4528027777778;
Q741626;Pons;Pons;FR;45.580277777778;-0.54805555555556;
Q7416391;Sandiway;Sandiway;GB;53.2333;-2.6;
Q741765;San Fernando;San Fernando;ES;36.4666072;-6.2009666;
Q7424319;Sarn;Sarn;GB;52.51;-3.174;
Q742451;Port-Brillet;Port-Brillet;FR;48.112222222222;-0.97166666666667;
Q742892;Oostkamp;Oostkamp;BE;51.1544;3.2353;
Q74308;Montdidier;Montdidier;FR;49.648055555556;2.57;
Q743236;Diest;Diest;BE;50.9847;5.0514;
Q743521;Scarborough;Scarborough;GB;54.2825;-0.4;
Q743849;Valdáliga;Valdáliga;ES;43.329166666667;-4.3491666666667;
Q744058;Objat;Objat;FR;45.263055555556;1.4083333333333;
Q744130;Siero;Siero;ES;43.391469;-5.660866;
Q7442007;Seaton Carew;Seaton Carew;GB;54.6628;-1.18882;
Q744533;Villarreal de Huerva;Villarreal de Huerva;ES;41.1902051;-1.2895264;
Q744639;Renescure;Renescure;FR;50.730555555556;2.3711111111111;
Q745001;Chabreloche;Chabreloche;FR;45.878888888889;3.6966666666667;
Q745616;Phalempin;Phalempin;FR;50.516944444444;3.0163888888889;
Q7457920;Severn Beach;Severn Beach;GB;51.5583;-2.6583;
Q746078;Boortmeerbeek;Boortmeerbeek;BE;50.983333333333;4.5666666666667;
Q746221;Bidarray;Bidarray;FR;43.266666666667;-1.345;
Q746641;Oud-Heverlee;Oud-Heverlee;BE;50.833333333333;4.6666666666667;
Q746681;Egham;Egham;GB;51.4289;-0.5479;
Q746718;Birkenhead;Birkenhead;GB;53.383333333333;-3.0166666666667;
Q747273;Oropesa;Oropesa;ES;39.919166666667;-5.1777777777778;
Q747456;South Ockendon;South Ockendon;GB;51.5207;0.2956;
Q747513;Sainte-Bazeille;Sainte-Bazeille;FR;44.530277777778;0.094166666666667;
Q747774;Mauves-sur-Loire;Mauves-sur-Loire;FR;47.296111111111;-1.3933333333333;
Q747777;Neilston;Neilston;GB;55.7847;-4.4234;
Q747778;Atherstone;Atherstone;GB;52.5787;-1.5462;
Q747807;Horsforth;Horsforth;GB;53.834130555556;-1.6428805555556;
Q747830;Pavilly;Pavilly;FR;49.568333333333;0.95361111111111;
Q748026;Miniac-Morvan;Miniac-Morvan;FR;48.514722222222;-1.9;
Q748532;St Keyne;St Keyne;GB;50.4167;-4.46667;
Q748591;Haltwhistle;Haltwhistle;GB;54.97;-2.458;
Q748682;Menars;Menars;FR;47.6425;1.4086111111111;
Q748742;Savonnières;Savonnières;FR;47.347777777778;0.54833333333333;
Q748761;Horton in Ribblesdale;Horton in Ribblesdale;GB;54.149719444444;-2.2961;
Q748806;Beuvrages;Beuvrages;FR;50.385833333333;3.5055555555556;
Q748919;Feuquières;Feuquières;FR;49.646666666667;1.8466666666667;
Q749059;La Loubière;La Loubière;FR;44.405555555556;2.6302777777778;
Q749180;Silves;Silves;PT;37.183333333333;-8.4333333333333;
Q749246;Grindleford;Grindleford;GB;53.292;-1.638;
Q749356;Malbuisson;Malbuisson;FR;46.798055555556;6.3033333333333;
Q749819;Gorges;Gorges;FR;47.101666666667;-1.3038888888889;
Q749860;La Ferté-Bernard;La Ferté-Bernard;FR;48.186666666667;0.65444444444444;
Q75014;Gallargues-le-Montueux;Gallargues-le-Montueux;FR;43.721111111111;4.1727777777778;
Q750425;Saint-Amour;Saint-Amour;FR;46.435555555556;5.3430555555556;
Q750500;Longroy;Longroy;FR;49.988888888889;1.5366666666667;
Q750544;Montérolier;Montérolier;FR;49.629166666667;1.3461111111111;
Q750549;Chevillon;Chevillon;FR;48.528611111111;5.1313888888889;
Q750578;Vila Real de Santo António;Vila Real de Santo António;PT;37.2;-7.4166666666667;
Q750594;Guarda;Guarda;PT;40.53638888888889;-7.2683333333333335;
Q750676;Milly-sur-Thérain;Milly-sur-Thérain;FR;49.5025;1.9952777777778;
Q750709;Marigny;Marigny;FR;46.1975;-0.41777777777778;
Q750710;Chauffailles;Chauffailles;FR;46.206388888889;4.34;
Q750968;Segorbe;Segorbe;ES;39.8519011;-0.4895537;
Q751295;Verrières;Verrières;FR;44.201388888889;3.0580555555556;
Q751390;Rieux;Rieux;FR;49.299722222222;2.5186111111111;
Q7514340;Silecroft;Silecroft;GB;54.2255;-3.3348;
Q751602;Heckington;Heckington;GB;52.982;-0.304;
Q751793;Serqueux;Serqueux;FR;49.631666666667;1.5380555555556;
Q752004;Villanúa;Villanúa;ES;42.674444444444;-0.53055555555556;
Q752115;Machelen;Machelen;BE;50.9103;4.4367;
Q752117;Ria-Sirach;Ria-Sirach;FR;42.608333333333;2.3997222222222;
Q752137;Tàrrega;Tàrrega;ES;41.646388888889;1.1394444444444;
Q752255;Juvisy-sur-Orge;Juvisy-sur-Orge;FR;48.688333333333;2.3775;
Q752260;Olette;Olette;FR;42.555277777778;2.2697222222222;
Q752263;Enveitg;Enveitg;FR;42.46;1.9147222222222;
Q752280;Almagro;Almagro;ES;38.888238;-3.7118218;
Q752390;Pornic;Pornic;FR;47.115555555556;-2.1033333333333;
Q752405;Nomain;Nomain;FR;50.498888888889;3.2502777777778;
Q752466;Voreppe;Voreppe;FR;45.297777777778;5.6369444444444;
Q752476;Colombier-Saugnieu;Colombier-Saugnieu;FR;45.711388888889;5.1122222222222;
Q752762;Merthyr Tudful;Merthyr Tydfil;GB;51.74722222222222;-3.3780555555555556;
Q752827;Hymont;Hymont;FR;48.265833333333;6.1416666666667;
Q752885;Oissel-sur-Seine;Oissel-sur-Seine;FR;49.341944444444;1.0913888888889;
Q752901;Pruniers-en-Sologne;Pruniers-en-Sologne;FR;47.322777777778;1.6711111111111;
Q752938;Pont-sur-Yonne;Pont-sur-Yonne;FR;48.285833333333;3.2030555555556;
Q753062;Montendre;Montendre;FR;45.284722222222;-0.4075;
Q753258;Nomexy;Nomexy;FR;48.306388888889;6.385;
Q753302;Igney;Igney;FR;48.274722222222;6.3955555555556;
Q753358;Naintré;Naintré;FR;46.763611111111;0.48638888888889;
Q753495;Nanteuil-le-Haudouin;Nanteuil-le-Haudouin;FR;49.141666666667;2.8105555555556;
Q753750;Oudon;Oudon;FR;47.346388888889;-1.2869444444444;
Q753825;Utrera;Utrera;ES;37.1824646;-5.7817506;
Q753846;Septèmes-les-Vallons;Septèmes-les-Vallons;FR;43.398333333333;5.3658333333333;
Q7540032;Sleights;Sleights;GB;54.4503;-0.6624;
Q757858;Peso da Régua;Peso da Régua;PT;41.163176;-7.789014;
Q7579168;Spooner Row;Spooner Row;GB;52.5341;1.08892;
Q760624;Mantes-la-Ville;Mantes-la-Ville;FR;48.974166666667;1.7108333333333;
Q7611149;Stepps;Stepps;GB;55.8908;-4.1522;
Q761259;Sherburn in Elmet;Sherburn in Elmet;GB;53.7973;-1.2331;
Q761735;Montblanc;Montblanc;ES;41.376405555556;1.1638694444444;
Q7618200;Stocksfield;Stocksfield;GB;54.948;-1.914;
Q7618506;Stoke d'Abernon;Stoke d'Abernon;GB;51.3188;-0.384;
Q7620672;Stow;Stow;GB;55.6918;-2.8621;
Q7629294;Styal;Styal;GB;53.3485;-2.2485;
Q763171;Wakefield;Wakefield;GB;53.683055555555555;-1.498888888888889;
Q7637597;Summerhill;Summerhill;GB;53.0697;-3.0264;
Q763901;Templemars;Templemars;FR;50.574166666667;3.0544444444444;
Q764460;Bouaye;Bouaye;FR;47.143611111111;-1.6888888888889;
Q764754;Bury St Edmunds;Bury St Edmunds;GB;52.246667;0.7125;
Q765283;Pontedeume;Pontedeume;ES;43.4072585;-8.1718823;
Q7654068;Sway;Sway;GB;50.783;-1.6;
Q7658401;Swinderby;Swinderby;GB;53.158;-0.702;
Q766139;Pamproux;Pamproux;FR;46.395833333333;-0.055555555555556;
Q766537;Saint-Victurnien;Saint-Victurnien;FR;45.877777777778;1.0133333333333;
Q766594;Bewdley;Bewdley;GB;52.375238888889;-2.3162388888889;
Q766898;Ricla;Ricla;ES;41.503611111111;-1.4027777777778;
Q767478;Sainte-Christie;Sainte-Christie;FR;43.755;0.63305555555556;
Q767858;Pershore;Pershore;GB;52.114;-2.08;
Q7680325;Talsarnau;Talsarnau;GB;52.9035;-4.06461;
Q768094;Vaux-et-Chantegrue;Vaux-et-Chantegrue;FR;46.810833333333;6.2497222222222;
Q768367;Thiennes;Thiennes;FR;50.651666666667;2.4669444444444;
Q7688391;Tattenham Corner;Tattenham Corner;GB;51.309;-0.243;
Q769062;Monforte;Monforte;PT;39.05;-7.4333333333333;
Q769160;Grande-Synthe;Grande-Synthe;FR;51.013055555556;2.3022222222222;
Q770599;Shoreham-by-Sea;Shoreham-by-Sea;GB;50.8329;-0.2682;
Q771336;Rincón de Soto;Rincón de Soto;ES;42.234444444444;-1.8508333333333;
Q771546;Ourém;Ourém;PT;39.65;-8.5833333333333;
Q771753;Baisieux;Baisieux;FR;50.615277777778;3.2408333333333;
Q771986;Chepstow;Chepstow;GB;51.641944444444;-2.675;
Q772614;St Austell;St Austell;GB;50.338;-4.795;
Q772803;Billy-Montigny;Billy-Montigny;FR;50.418055555556;2.9119444444444;
Q774099;Kingsbridge;Kingsbridge;GB;50.2833;-3.7765;
Q77433;Leganés;Leganés;ES;40.32825;-3.7654027777778;
Q774666;Saint-Armel;Saint-Armel;FR;48.011666666667;-1.5905555555556;
Q775014;Groisy;Groisy;FR;46.018333333333;6.1713888888889;
Q775299;Chippenham;Chippenham;GB;51.4585;-2.1158;
Q775445;Aulnat;Aulnat;FR;45.799166666667;3.1675;
Q775782;Marçà;Marçà;ES;41.12666;0.8008;
Q776135;Montbizot;Montbizot;FR;48.147222222222;0.1825;
Q776556;Ryde;Ryde;GB;50.7271;-1.1618;
Q776642;Käerjeng;Käerjeng;LU;49.583611111111;5.9;
Q776662;Paignton;Paignton;GB;50.435277777778;-3.5625;
Q776730;Vimbodí i Poblet;Vimbodí i Poblet;ES;41.40065;1.04988;
Q776889;Luceni;Luceni;ES;41.8285871;-1.2392195;
Q776983;Vif;Vif;FR;45.055277777778;5.67;
Q777460;Arlesey;Arlesey;GB;52.007;-0.2654;
Q777475;Claygate;Claygate;GB;51.3607;-0.3421;
Q777557;Simandre-sur-Suran;Simandre-sur-Suran;FR;46.225277777778;5.4169444444444;
Q777847;Lépin-le-Lac;Lépin-le-Lac;FR;45.535277777778;5.7944444444444;
Q778437;Pineuilh;Pineuilh;FR;44.831111111111;0.2275;
Q778656;Vergigny;Vergigny;FR;47.970277777778;3.7191666666667;
Q779424;Salomó;Salomó;ES;41.23044;1.37529;
Q779603;Market Rasen;Market Rasen;GB;53.387130555556;-0.3355;
Q7796469;Thornliebank;Thornliebank;GB;55.8;-4.31667;
Q7796521;Thornton Curtis;Thornton Curtis;GB;53.6465;-0.356438;
Q7796582;Thorntonhall;Thorntonhall;GB;55.769444444444;-4.2480555555556;
Q779926;Avesnelles;Avesnelles;FR;50.1175;3.9430555555556;
Q779944;Noyers-Pont-Maugis;Noyers-Pont-Maugis;FR;49.662222222222;4.9372222222222;
Q78;Bâle;Basel;CH;47.560555555556;7.5905555555556;
Q7800812;Tidbury Green;Tidbury Green;GB;52.3806;-1.8538;
Q780923;Wallasey;Wallasey;GB;53.423;-3.065;
Q7810419;Tividale;Tividale;GB;52.5124;-2.053;
Q781372;Soulosse-sous-Saint-Élophe;Soulosse-sous-Saint-Élophe;FR;48.409166666667;5.7391666666667;
Q782155;Jarrow;Jarrow;GB;54.98138888888889;-1.49;
Q782469;Luc-en-Diois;Luc-en-Diois;FR;44.615;5.4527777777778;
Q7826059;Tornagrain;Tornagrain;GB;57.5206;-4.06331;
Q783210;Bracknell;Bracknell;GB;51.416;-0.749;
Q783269;Bingham;Bingham;GB;52.95;-0.954;
Q7837902;Treherbert;Treherbert;GB;51.6722;-3.5306;
Q784295;Castiello de Jaca;Castiello de Jaca;ES;42.6306799;-0.5506215;
Q7844936;Troed y Rhiw;Troed y Rhiw;GB;52.15;-4.19;
Q784824;Pembroke Dock;Pembroke Dock;GB;51.69222;-4.9399;
Q787395;Llanfairfechan;Llanfairfechan;GB;53.253;-3.973;
Q7880;Toulouse;Toulouse;FR;43.60444444444445;1.4433333333333334;
Q7881251;Umberleigh;Umberleigh;GB;50.9953;-3.9838;
Q788925;Noyant-de-Touraine;Noyant-de-Touraine;FR;47.109444444444;0.55916666666667;
Q789348;Baldock;Baldock;GB;51.989722222222;-0.18888888888889;
Q789353;Autreville;Autreville;FR;48.484166666667;5.8488888888889;
Q7898289;Uphall Station;Uphall Station;GB;55.9177;-3.5041;
Q7898503;Upper Boat;Upper Boat;GB;51.5736;-3.29444;
Q7898869;Upper Poppleton;Upper Poppleton;GB;53.98;-1.153;
Q7899020;Upper Woolhampton;Upper Woolhampton;GB;51.4035;-1.17112;
Q790938;Aviemore;Aviemore;GB;57.194;-3.823;
Q791323;Avoudrey;Avoudrey;FR;47.136388888889;6.4355555555556;
Q792596;Axminster;Axminster;GB;50.783333;-3.0;
Q793057;Aylesford;Aylesford;GB;51.3033;0.4796;
Q793396;Aywaille;Aywaille;BE;50.4733;5.6739;
Q794315;Azuqueca de Henares;Azuqueca de Henares;ES;40.564722222222;-3.2680555555556;
Q795923;Thézy-Glimont;Thézy-Glimont;FR;49.812777777778;2.4302777777778;
Q7960185;Wainscott;Wainscott;GB;51.4115;0.51143;
Q796625;Edale;Edale;GB;53.366;-1.816;
Q796938;Carregal do Sal;Carregal do Sal;PT;40.433333333333;-8.0;
Q79815;Mulhouse;Mulhouse;FR;47.748611111111;7.3391666666667;
Q79848;Southampton;Southampton;GB;50.906666666666666;-1.4044444444444444;
Q7986723;West Tytherley;West Tytherley;GB;51.0669;-1.60997;
Q7988910;Westhumble;Westhumble;GB;51.2545;-0.3331;
Q798906;Penrith;Penrith;GB;54.6648;-2.7548;
Q7990556;Whaley Thorns;Whaley Thorns;GB;53.234;-1.204;
Q80143;Matallana de Torío;Matallana de Torío;ES;42.86611111111111;-5.52;
Q8023883;Winchfield;Winchfield;GB;51.268288888889;-0.90055;
Q8036878;Wormley (Surrey);Wormley;GB;51.1362;-0.6464;
Q804064;Baião;Baião;PT;41.166666666667;-8.0333333333333;
Q80544;Agropoli;Agropoli;IT;40.3469;14.99655;
Q80568;Angri;Angri;IT;40.743055555556;14.569444444444;
Q80580;Ascea;Ascea;IT;40.15;15.183333333333;
Q80584;Saint-Jodard;Saint-Jodard;FR;45.880555555556;4.1322222222222;
Q80586;Atena Lucana;Atena Lucana;IT;40.45;15.55;
Q8059804;Ystrad Rhondda;Ystrad;GB;51.6428;-3.45385;
Q80647;Baronissi;Baronissi;IT;40.75;14.78;
Q80652;Battipaglia;Battipaglia;IT;40.616666666667;14.983333333333;
Q80655;Bellizzi;Bellizzi;IT;40.616666666667;14.95;
Q80669;Buccino;Buccino;IT;40.633333333333;15.383333333333;
Q807;Lausanne;Lausanne;CH;46.533333333333;6.6333333333333;
Q80734;Campagna;Campagna;IT;40.66661;15.10638;
Q80746;Capaccio Paestum;Capaccio Paestum;IT;40.416666666667;15.083333333333;
Q80750;Casal Velino;Casal Velino;IT;40.183333333333;15.116666666667;
Q80753;Casalbuono;Casalbuono;IT;40.215277777778;15.6888;
Q80773;Castel San Giorgio;Castel San Giorgio;IT;40.783333333333;14.7;
Q80851;Celle di Bulgheria;Celle di Bulgheria;IT;40.1;15.4;
Q808532;Barnstaple;Barnstaple;GB;51.0823;-4.0489;
Q80867;Centola;Centola;IT;40.066666666667;15.316666666667;
Q80887;Contursi Terme;Contursi Terme;IT;40.633333333333;15.233333333333;
Q808993;Barrow upon Soar;Barrow upon Soar;GB;52.7517;-1.15;
Q809009;Barry;Barry;GB;51.4064;-3.2667;
Q80933;Eboli;Eboli;IT;40.616944444444;15.056388888889;
Q80944;Fisciano;Fisciano;IT;40.766666666667;14.8;
Q809603;Bertrange;Bertrange;LU;49.611111111111;6.05;
Q809761;Ytrac;Ytrac;FR;44.911944444444;2.3625;
Q810196;Basingstoke;Basingstoke;GB;51.262826;-1.0861976;
Q81046;Charleroi;Charleroi;BE;50.416666666667;4.4441666666667;
Q81049;Mercato San Severino;Mercato San Severino;IT;40.7831279;14.7347607;
Q810794;Bathgate;Bathgate;GB;55.9024;-3.6431;
Q810847;Batley;Batley;GB;53.71666666666667;-1.6355555555555554;
Q81085;Montesano sulla Marcellana;Montesano sulla Marcellana;IT;40.283333333333;15.7;
Q81138;Nocera Inferiore;Nocera Inferiore;IT;40.75;14.633333333333;
Q81139;Torres Novas;Torres Novas;PT;39.483333333333;-8.5333333333333;
Q81141;Nocera Superiore;Nocera Superiore;IT;40.741666666667;14.672222222222;
Q81161;Omignano;Omignano;IT;40.2505987;15.1020957;
Q81258;Padula;Padula;IT;40.33901;15.65634;
Q81263;Pagani;Pagani;IT;40.741666666667;14.616666666667;
Q81270;Pellezzano;Pellezzano;IT;40.733333333333;14.766666666667;
Q812906;Beaconsfield;Beaconsfield;GB;51.600872222222;-0.63468055555556;
Q81330;Pisciotta;Pisciotta;IT;40.116666666667;15.233333333333;
Q81333;Polla;Polla;IT;40.5171;15.49795;
Q81341;Pontecagnano Faiano;Pontecagnano Faiano;IT;40.65;14.883333333333;
Q813574;Beccles;Beccles;GB;52.4512;1.5744;
Q813962;Bedworth;Bedworth;GB;52.475;-1.477;
Q81458;Romagnano al Monte;Romagnano al Monte;IT;40.628055555556;15.458055555556;
Q81474;Sala Consilina;Sala Consilina;IT;40.4;15.6;
Q815683;Vias;Vias;FR;43.312777777778;3.4186111111111;
Q815764;Saint-Martin-de-Crau;Saint-Martin-de-Crau;FR;43.639722222222;4.8125;
Q816026;La Marche;La Marche;FR;47.140555555556;3.0338888888889;
Q816114;Puget-Ville;Puget-Ville;FR;43.289444444444;6.1361111111111;
Q816115;Belmonte;Belmonte;PT;40.366666666667;-7.35;
Q816227;Méru;Méru;FR;49.235833333333;2.135;
Q816233;Savenay;Savenay;FR;47.361111111111;-1.9419444444444;
Q81628;Santa Marina;Santa Marina;IT;40.0970798;15.5232699;
Q816511;Sampigny;Sampigny;FR;48.825;5.5113888888889;
Q81654;Sapri;Sapri;IT;40.066666666667;15.633333333333;
Q81658;Sarno;Sarno;IT;40.816666666667;14.616666666667;
Q816662;Danjoutin;Danjoutin;FR;47.617777777778;6.8638888888889;
Q816694;Benaoján;Benaoján;ES;36.7196088;-5.2517437;
Q816906;Saint-Martory;Saint-Martory;FR;43.142777777778;0.92944444444444;
Q817018;Champagney;Champagney;FR;47.705833333333;6.6822222222222;
Q81705;Sicignano degli Alburni;Sicignano degli Alburni;IT;40.559666666667;15.307;
Q817302;Benicarló;Benicarló;ES;40.418611111111;0.42305555555556;
Q817418;Joinville;Joinville;FR;48.4425;5.1380555555556;
Q817458;Erpe-Mere;Erpe-Mere;BE;50.933333333333;3.9666666666667;
Q81755;Torre Orsaia;Torre Orsaia;IT;40.133333333333;15.466666666667;
Q817597;Solliès-Pont;Solliès-Pont;FR;43.19;6.0411111111111;
Q817685;Charbonnières-les-Bains;Charbonnières-les-Bains;FR;45.780555555556;4.7463888888889;
Q817843;Donzère;Donzère;FR;44.443611111111;4.71;
Q818032;Moûtiers;Moûtiers;FR;45.485;6.5338888888889;
Q818036;La Chambre;La Chambre;FR;45.359444444444;6.3;
Q818058;Pignans;Pignans;FR;43.300555555556;6.2266666666667;
Q818116;Pontchâteau;Pontchâteau;FR;47.436944444444;-2.0877777777778;
Q81814;Vietri sul Mare;Vietri sul Mare;IT;40.672222222222;14.727777777778;
Q818255;Montataire;Montataire;FR;49.255555555556;2.4383333333333;
Q818300;Saint-Aubin-lès-Elbeuf;Saint-Aubin-lès-Elbeuf;FR;49.300277777778;1.0111111111111;
Q818312;Posadas;Posadas;ES;37.8004251;-5.1071754;
Q818327;Parres;Parres;ES;43.35873125;-5.18461627254;
Q818341;Monforte de Lemos;Monforte de Lemos;ES;42.516388888889;-7.5161111111111;
Q818355;Hangest-sur-Somme;Hangest-sur-Somme;FR;49.980833333333;2.0652777777778;
Q818363;Piloña;Piloña;ES;43.3343273;-5.33077839694;
Q818372;Cudillero;Cudillero;ES;43.5633258;-6.1458061;
Q818376;Mieres;Mieres;ES;43.25;-5.7766666666667;
Q818443;Briare;Briare;FR;47.638055555556;2.7391666666667;
Q818621;Liedekerke;Liedekerke;BE;50.866666666667;4.0833333333333;
Q818702;Saint-Gilles-Croix-de-Vie;Saint-Gilles-Croix-de-Vie;FR;46.6975;-1.9444444444444;
Q818800;Nort-sur-Erdre;Nort-sur-Erdre;FR;47.439444444444;-1.4983333333333;
Q818913;Sées;Sées;FR;48.604722222222;0.17138888888889;
Q819082;Vions;Vions;FR;45.824444444444;5.8069444444444;
Q81909;Royan;Royan;FR;45.623055555556;-1.0430555555556;
Q819507;Cheilly-lès-Maranges;Cheilly-lès-Maranges;FR;46.895555555556;4.6708333333333;
Q819905;Grésy-sur-Aix;Grésy-sur-Aix;FR;45.723055555556;5.9338888888889;
Q81997;Boulogne-sur-Mer;Boulogne-sur-Mer;FR;50.725555555556;1.6138888888889;
Q82003;Estrées-Deniécourt;Estrées-Deniécourt;FR;49.875;2.8236111111111;
Q820059;Saint-Laurent-en-Grandvaux;Saint-Laurent-en-Grandvaux;FR;46.575555555556;5.9561111111111;
Q820224;Tafalla;Tafalla;ES;42.51323936;-1.704656484;
Q82030;Villarrobledo;Villarrobledo;ES;39.266666666667;-2.6;
Q820469;Pravia;Pravia;ES;43.4896744;-6.1138664;
Q821246;Salses-le-Château;Salses-le-Château;FR;42.832777777778;2.9188888888889;
Q82181;East Lindsey;East Lindsey;GB;53.25;-0.05;
Q82185;La Rochelle;La Rochelle;FR;46.159444444444;-1.1513888888889;
Q821860;Sahagún;Sahagún;ES;42.371111111111;-5.0330555555556;
Q822748;Ingelmunster;Ingelmunster;BE;50.9208;3.2533;
Q822763;Kortemark;Kortemark;BE;51.0286;3.0444;
Q82334;Filey;Filey;GB;54.2101;-0.2893;
Q823600;Chesterfield;Chesterfield;GB;53.235833333333;-1.4275;
Q823623;Tamise;Temse;BE;51.126111111111;4.2133333333333;
Q824076;Ribadeo;Ribadeo;ES;43.53722222222222;-7.043055555555555;
Q824122;Tui;Tui;ES;42.048056;-8.644444;
Q82500;Sankt Pölten;St. Pölten;AT;48.2;15.616666666667;
Q825883;Valls;Valls;ES;41.288333;1.250833;
Q82619;Borgo San Lorenzo;Borgo San Lorenzo;IT;43.95548;11.38561;
Q82635;Calenzano;Calenzano;IT;43.856666666667;11.163611111111;
Q82636;Campi Bisenzio;Campi Bisenzio;IT;43.825555555556;11.133333333333;
Q82643;Castelfiorentino;Castelfiorentino;IT;43.610833333333;10.97;
Q82646;Certaldo;Certaldo;IT;43.547777777778;11.041111111111;
Q82647;Dicomano;Dicomano;IT;43.9;11.533333333333;
Q826511;Montijo;Montijo;PT;38.704888888889;-8.9756666666667;
Q826561;Halifax;Halifax;GB;53.725;-1.863;
Q826603;Tapia de Casariego;Tapia de Casariego;ES;43.5692;-6.9437;
Q826607;Castropol;Castropol;ES;43.527705555555556;-7.030102777777778;
Q82670;Fiesole;Fiesole;IT;43.8;11.3;
Q826782;Stafford;Stafford;GB;52.8066;-2.1171;
Q82751;Lastra a Signa;Lastra a Signa;IT;43.766666666667;11.1;
Q82759;Marradi;Marradi;IT;44.083333333333;11.616666666667;
Q82766;Montelupo Fiorentino;Montelupo Fiorentino;IT;43.733333333333;11.016666666667;
Q82789;Pelago;Pelago;IT;43.773888888889;11.504722222222;
Q82791;Pontassieve;Pontassieve;IT;43.775;11.4375;
Q82813;Rignano sull'Arno;Rignano sull'Arno;IT;43.7237;11.4507;
Q82817;Rufina;Rufina;IT;43.816666666667;11.483333333333;
Q828572;Cambrils;Cambrils;ES;41.06699;1.05645;
Q828595;Villeneuve-la-Guyard;Villeneuve-la-Guyard;FR;48.34;3.0644444444444;
Q828635;Sablé-sur-Sarthe;Sablé-sur-Sarthe;FR;47.84;-0.33416666666667;
Q82865;Sesto Fiorentino;Sesto Fiorentino;IT;43.833333333333;11.2;
Q828676;Saint-Fons;Saint-Fons;FR;45.708611111111;4.8533333333333;
Q828682;Vendeuvre-sur-Barse;Vendeuvre-sur-Barse;FR;48.238333333333;4.4677777777778;
Q82869;Signa;Signa;IT;43.783333333333;11.1;
Q828723;Niebla;Niebla;ES;37.3614387;-6.6778698;
Q82876;Vaglia;Vaglia;IT;43.907222222222224;11.281666666666666;
Q828767;Surgères;Surgères;FR;46.108055555556;-0.75166666666667;
Q82880;Vicchio;Vicchio;IT;43.933333333333;11.466666666667;
Q829280;Vignory;Vignory;FR;48.278055555556;5.1030555555556;
Q829373;Sucé-sur-Erdre;Sucé-sur-Erdre;FR;47.344722222222;-1.5294444444444;
Q829400;Machilly;Machilly;FR;46.251666666667;6.3313888888889;
Q829617;Ludres;Ludres;FR;48.621666666667;6.1616666666667;
Q830147;Arcos de Jalón;Arcos de Jalón;ES;41.213888888889;-2.2708333333333;
Q83036;St. Georgen im Schwarzwald;St. Georgen im Schwarzwald;DE;48.124722222222;8.3308333333333;
Q83056;Matelica;Matelica;IT;43.256586111111;13.009594444444;
Q83062;Donaueschingen;Donaueschingen;DE;47.953055555556;8.5033333333333;
Q83065;Leicester;Leicester;GB;52.63611111111111;-1.1330555555555555;
Q831022;Rosiers-d'Égletons;Rosiers-d'Égletons;FR;45.3775;2.0080555555556;
Q83104;Montecosaro;Montecosaro;IT;43.316911111111;13.635369444444;
Q831052;Martres-Tolosane;Martres-Tolosane;FR;43.198611111111;1.0108333333333;
Q831074;Saint-Hilaire-Peyroux;Saint-Hilaire-Peyroux;FR;45.213888888889;1.6486111111111;
Q83128;Morrovalle;Morrovalle;IT;43.3146;13.5806;
Q831307;Vallenay;Vallenay;FR;46.801388888889;2.3711111111111;
Q832238;Tardelcuende;Tardelcuende;ES;41.593611111111;-2.6444444444444;
Q832293;Bettborn;Bettborn;FR;48.800833333333;7.0213888888889;
Q832301;Corcieux;Corcieux;FR;48.172222222222;6.8794444444444;
Q832342;Bettembourg;Bettembourg;LU;49.516666666667;6.1;
Q83236;Chamonix-Mont-Blanc;Chamonix-Mont-Blanc;FR;45.922222222222;6.8688888888889;
Q832386;Selles-sur-Cher;Selles-sur-Cher;FR;47.275555555556;1.5547222222222;
Q83242;Sainte-Croix-aux-Mines;Sainte-Croix-aux-Mines;FR;48.262222222222;7.2252777777778;
Q832455;Corbenay;Corbenay;FR;47.890833333333;6.3252777777778;
Q83247;Braga;Braga;PT;41.533333333333;-8.4166666666667;
Q83271;Triberg im Schwarzwald;Triberg im Schwarzwald;DE;48.130833333333;8.2316666666667;
Q833032;Redondela;Redondela;ES;42.283333;-8.6;
Q833363;Conlie;Conlie;FR;48.123333333333;-0.0175;
Q833380;Dormans;Dormans;FR;49.076388888889;3.6394444444444;
Q83351;Pollenza;Pollenza;IT;43.267775;13.348138888889;
Q83355;Porto Recanati;Porto Recanati;IT;43.429863888889;13.664888888889;
Q83358;Potenza Picena;Potenza Picena;IT;43.36625;13.620338888889;
Q83407;Mons;Mons;BE;50.45472222222222;3.9525;
Q834094;Orry-la-Ville;Orry-la-Ville;FR;49.132222222222;2.5127777777778;
Q83413;Illfurth;Illfurth;FR;47.6725;7.265;
Q834281;Quintana Redonda;Quintana Redonda;ES;41.64;-2.6152777777778;
Q83434;Southall;Southall;GB;51.51111111111111;-0.3755555555555556;
Q83492945;La Léchère;La Léchère;FR;45.533055555555556;6.474166666666667;
Q835546;Boussens;Boussens;FR;43.175833333333;0.97277777777778;
Q8356;Valladolid;Valladolid;ES;41.651980555556;-4.7285611111111;
Q835835;Carmarthen;Carmarthen;GB;51.856944444444;-4.3163888888889;
Q835889;Colombier-Fontaine;Colombier-Fontaine;FR;47.4525;6.6897222222222;
Q836075;Clervaux;Clervaux;LU;50.05;6.0333333333333;
Q836189;Laval-sur-Vologne;Laval-sur-Vologne;FR;48.194722222222;6.7002777777778;
Q836332;Portieux;Portieux;FR;48.343888888889;6.3447222222222;
Q8365;Dardilly;Dardilly;FR;45.805555555556;4.7530555555556;
Q836523;Santa María de Huerta;Santa María de Huerta;ES;41.264722222222;-2.1758333333333;
Q836627;Deluz;Deluz;FR;47.294444444444;6.2008333333333;
Q836948;Toro;Toro;ES;41.52;-5.394722222222223;
Q837062;Olite-Erriberri;Olite/Erriberri;ES;42.44574826;-1.679611308;
Q837375;Byans-sur-Doubs;Byans-sur-Doubs;FR;47.115277777778;5.8552777777778;
Q837386;Franois;Franois;FR;47.2325;5.9255555555556;
Q837510;Châteauneuf-sur-Charente;Châteauneuf-sur-Charente;FR;45.598611111111;-0.053611111111111;
Q8378;Palencia;Palencia;ES;42.016666666667;-4.5333333333333;
Q838334;Pouzauges;Pouzauges;FR;46.782222222222;-0.83722222222222;
Q838356;Saint-Mesmin;Saint-Mesmin;FR;46.793333333333;-0.73416666666667;
Q838870;Montreuil-Bellay;Montreuil-Bellay;FR;47.131388888889;-0.15361111111111;
Q839114;Les Trois-Domaines;Les Trois-Domaines;FR;48.966666666667;5.2866666666667;
Q839543;Ciry-le-Noble;Ciry-le-Noble;FR;46.605277777778;4.3005555555556;
Q839575;Villefranque;Villefranque;FR;43.437222222222;-1.4527777777778;
Q839648;Caussade;Caussade;FR;44.161666666667;1.5369444444444;
Q839811;Ludlow;Ludlow;GB;52.366666666667;-2.7166666666667;
Q839944;Bouverans;Bouverans;FR;46.853333333333;6.2080555555556;
Q84;Londres;London;GB;51.507222222222;-0.1275;
Q840146;Villereversure;Villereversure;FR;46.191944444444;5.3961111111111;
Q840195;Albigny-sur-Saône;Albigny-sur-Saône;FR;45.865277777778;4.8319444444444;
Q840216;Saint-Georges-de-Reneins;Saint-Georges-de-Reneins;FR;46.061944444444;4.7216666666667;
Q840237;Ollioules;Ollioules;FR;43.139444444444;5.8469444444444;
Q840511;Saint-Florentin;Saint-Florentin;FR;48.001944444444;3.725;
Q840597;Le Croisic;Le Croisic;FR;47.293055555556;-2.5105555555556;
Q841074;Elgin;Elgin;GB;57.646388888889;-3.3152777777778;
Q841084;Bourbriac;Bourbriac;FR;48.473055555556;-3.1883333333333;
Q841275;Dourges;Dourges;FR;50.436111111111;2.9866666666667;
Q841299;Matosinhos;Matosinhos;PT;41.18666666666667;-8.684444444444445;
Q841304;Cartaxo;Cartaxo;PT;39.15;-8.7833333333333;
Q841386;Chindrieux;Chindrieux;FR;45.821388888889;5.8522222222222;
Q841518;Rumilly;Rumilly;FR;45.86666666666667;5.944444444444445;
Q841590;Saint-André-de-Corcy;Saint-André-de-Corcy;FR;45.926388888889;4.9522222222222;
Q841597;Rhode-Saint-Genèse;Sint-Genesius-Rode;BE;50.745;4.3464;
Q841608;Marlieux;Marlieux;FR;46.064722222222;5.0727777777778;
Q841979;Mansfield;Mansfield;GB;53.1435;-1.1963;
Q842003;La Madeleine;La Madeleine;FR;50.655277777778;3.0702777777778;
Q842477;Oosterzele;Oosterzele;BE;50.9458;3.8042;
Q842638;Ribadedeva;Ribadedeva;ES;43.37181265;-4.56954197611;
Q842652;Hellín;Hellín;ES;38.512222222222;-1.7033333333333;
Q842695;Artix;Artix;FR;43.39694444444444;-0.5722222222222223;
Q842706;Urt;Urt;FR;43.494166666667;-1.2905555555556;
Q842716;Muros de Nalón;Muros de Nalón;ES;43.5429817;-6.1046323;
Q842791;Mézériat;Mézériat;FR;46.234722222222;5.0472222222222;
Q843415;Saint-Martin-d'Arrossa;Saint-Martin-d'Arrossa;FR;43.238055555556;-1.3133333333333;
Q844062;Kidderminster;Kidderminster;GB;52.3885;-2.249;
Q844243;Druillat;Druillat;FR;46.06;5.3172222222222;
Q844508;Zumarraga;Zumarraga;ES;43.083055555556;-2.3166666666667;
Q844798;Le Cailar;Le Cailar;FR;43.675833333333;4.2361111111111;
Q844908;Crawley;Crawley;GB;51.1157;-0.1937;
Q844979;Héricourt;Héricourt;FR;47.5775;6.7616666666667;
Q845063;Sarrance;Sarrance;FR;43.051111111111;-0.60194444444444;
Q845584;Dompierre-les-Tilleuls;Dompierre-les-Tilleuls;FR;46.871666666667;6.1844444444444;
Q845619;Taunton;Taunton;GB;51.019166666667;-3.1;
Q845623;Weston-super-Mare;Weston-super-Mare;GB;51.34777777777778;-2.9780555555555557;
Q845711;Cantaron;Cantaron;FR;43.761666666667;7.3186111111111;
Q845855;Sallanches;Sallanches;FR;45.936388888889;6.6319444444444;
Q845928;Ronchamp;Ronchamp;FR;47.700277777778;6.6333333333333;
Q845994;Chasseneuil-du-Poitou;Chasseneuil-du-Poitou;FR;46.651111111111;0.37222222222222;
Q846026;La Bouteille;La Bouteille;FR;49.859444444444;3.9719444444444;
Q846153;San Roque;San Roque;ES;36.209722222222;-5.3844444444444;
Q846159;Puerto Real;Puerto Real;ES;36.529166666667;-6.1919444444444;
Q846521;Fontan;Fontan;FR;44.003888888889;7.5536111111111;
Q846683;Grantham;Grantham;GB;52.918055555556;-0.63805555555556;
Q847011;Cervera;Cervera;ES;41.6657;1.271001;
Q8471;Reggio de Calabre;Reggio Calabria;IT;38.114438888889;15.65;
Q847127;Pasaia;Pasaia;ES;43.326388888889;-1.9191666666667;
Q847130;Beasain;Beasain;ES;43.0473269;-2.2032868;
Q847293;Crouy;Crouy;FR;49.4025;3.36;
Q847885;Clacy-et-Thierret;Clacy-et-Thierret;FR;49.544444444444;3.5702777777778;
Q848287;Livingston;Livingston;GB;55.8834;-3.5157;
Q848909;Fort William;Fort William;GB;56.816944444444;-5.1097222222222;
Q849026;Covilhã;Covilhã;PT;40.28333333;-7.5;
Q849165;Saint-Bonnet-de-Rochefort;Saint-Bonnet-de-Rochefort;FR;46.146388888889;3.1383333333333;
Q849618;Coyolles;Coyolles;FR;49.234166666667;3.0436111111111;
Q850668;Biache-Saint-Vaast;Biache-Saint-Vaast;FR;50.311666666667;2.9441666666667;
Q850855;Palmela;Palmela;PT;38.567489;-8.89908;
Q850917;Brebières;Brebières;FR;50.336944444444;3.0227777777778;
Q851718;Beverley;Beverley;GB;53.8425488;-0.4315677;
Q852015;Isbergues;Isbergues;FR;50.623333333333;2.4566666666667;
Q852269;Fouquereuil;Fouquereuil;FR;50.518888888889;2.6011111111111;
Q852562;Vendin-le-Vieil;Vendin-le-Vieil;FR;50.473888888889;2.8661111111111;
Q852729;Harlow;Harlow;GB;51.783333333333;0.11666666666667;
Q852778;Whitby;Whitby;GB;54.4858;-0.6206;
Q852904;Fresnoy-le-Grand;Fresnoy-le-Grand;FR;49.9475;3.4172222222222;
Q853012;Bexhill;Bexhill-on-Sea;GB;50.84166666666667;0.4711111111111111;
Q853128;Margival;Margival;FR;49.434722222222;3.4016666666667;
Q853385;Saint-Jean-sur-Veyle;Saint-Jean-sur-Veyle;FR;46.258055555556;4.9155555555556;
Q853434;Bessay-sur-Allier;Bessay-sur-Allier;FR;46.441944444444;3.3625;
Q853448;Saint-Marcel;Saint-Marcel;FR;45.948611111111;4.9872222222222;
Q853600;Audruicq;Audruicq;FR;50.879166666667;2.0805555555556;
Q854163;Barenton-Bugny;Barenton-Bugny;FR;49.633055555556;3.6513888888889;
Q856488;Calonne-Ricouart;Calonne-Ricouart;FR;50.486944444444;2.4836111111111;
Q857771;Fleury-les-Aubrais;Fleury-les-Aubrais;FR;47.931944444444;1.9211111111111;
Q858775;Dartford;Dartford;GB;51.44444444444444;0.21722222222222223;
Q858915;Ogeu-les-Bains;Ogeu-les-Bains;FR;43.147222222222;-0.50472222222222;
Q859063;Gan;Gan;FR;43.228611111111;-0.3875;
Q859349;Servas;Servas;FR;46.132777777778;5.1655555555556;
Q860003;Saint-Laurent-d'Aigouze;Saint-Laurent-d'Aigouze;FR;43.634444444444;4.1955555555556;
Q860780;Verrey-sous-Salmaise;Verrey-sous-Salmaise;FR;47.438611111111;4.6675;
Q8611;La Spezia;La Spezia;IT;44.108044444444;9.8288805555556;
Q861208;Santa Comba Dão;Santa Comba Dão;PT;40.4;-8.1333333333333;
Q861377;Agonac;Agonac;FR;45.292777777778;0.75027777777778;
Q861592;Mortágua;Mortágua;PT;40.383333333333;-8.2166666666667;
Q861943;Caudrot;Caudrot;FR;44.576666666667;-0.14361111111111;
Q861981;Milhaud;Milhaud;FR;43.789722222222;4.3075;
Q8621;Terni;Terni;IT;42.56077083;12.6467816;
Q862832;Billericay;Billericay;GB;51.628;0.4184;
Q862891;Billingham;Billingham;GB;54.61;-1.27;
Q863832;Bingley;Bingley;GB;53.846;-1.836;
Q864107;Loriol-sur-Drôme;Loriol-sur-Drôme;FR;44.751666666667;4.8225;
Q864120;Guichen;Guichen;FR;47.9675;-1.795;
Q864175;Binéfar;Binéfar;ES;41.85;0.28333333333333;
Q864300;Tossiat;Tossiat;FR;46.141111111111;5.315;
Q864455;Saint-Martin-du-Mont;Saint-Martin-du-Mont;FR;46.101666666667;5.3283333333333;
Q864668;Caithness;Caithness;GB;58.416666666667;-3.5;
Q865021;Birchington;Birchington;GB;51.376944;1.305;
Q865240;Vaux;Vaux;FR;46.426666666667;2.5972222222222;
Q865716;Redditch;Redditch;GB;52.30694444444445;-1.9491666666666667;
Q866339;Bishop Auckland;Bishop Auckland;GB;54.66;-1.68;
Q866347;Bishopbriggs;Bishopbriggs;GB;55.9046;-4.225;
Q866754;Peille;Peille;FR;43.8025;7.4016666666667;
Q867055;Caffiers;Caffiers;FR;50.84;1.8116666666667;
Q867120;Church Stretton;Church Stretton;GB;52.539;-2.808;
Q867323;Viry-Noureuil;Viry-Noureuil;FR;49.631388888889;3.2427777777778;
Q867428;Versigny;Versigny;FR;49.6525;3.4352777777778;
Q867676;Variscourt;Variscourt;FR;49.417777777778;3.9855555555556;
Q868196;Royal Sutton Coldfield;Sutton Coldfield;GB;52.563;-1.822;
Q868218;Vauxaillon;Vauxaillon;FR;49.478888888889;3.4083333333333;
Q868439;Plancoët;Plancoët;FR;48.523055555556;-2.2341666666667;
Q868444;Locarn;Locarn;FR;48.319722222222;-3.4222222222222;
Q868509;Duault;Duault;FR;48.361111111111;-3.4352777777778;
Q868555;Yffiniac;Yffiniac;FR;48.485;-2.6775;
Q868637;Macclesfield;Macclesfield;GB;53.2581;-2.1274;
Q868642;Newcastle-under-Lyme;Newcastle-under-Lyme;GB;53.0109;-2.2278;
Q868647;Southport;Southport;GB;53.646944444444;-3.0080555555556;
Q868809;Voyenne;Voyenne;FR;49.724722222222;3.7308333333333;
Q868917;Vierzy;Vierzy;FR;49.29;3.2852777777778;
Q8692;Bilbao;Bilbao;ES;43.26305555555555;-2.935;
Q869556;Craven Arms;Craven Arms;GB;52.44;-2.835;
Q870835;Origny-en-Thiérache;Origny-en-Thiérache;FR;49.895;4.0183333333333;
Q8711;Fabro;Fabro;IT;42.86335153;12.01297367;
Q8717;Séville;Seville;ES;37.38861111111111;-5.995;
Q871850;Montescourt-Lizerolles;Montescourt-Lizerolles;FR;49.738611111111;3.2575;
Q872458;Mennessis;Mennessis;FR;49.693888888889;3.2727777777778;
Q873844;Bailleul-Sir-Berthoult;Bailleul-Sir-Berthoult;FR;50.338333333333;2.8502777777778;
Q874139;Saint-Étienne-au-Mont;Saint-Étienne-au-Mont;FR;50.681666666667;1.6258333333333;
Q8745;Vigo;Vigo;ES;42.235833333333;-8.7266666666667;
Q874630;Boisleux-au-Mont;Boisleux-au-Mont;FR;50.21;2.7816666666667;
Q874676;Camiers;Camiers;FR;50.566111111111;1.6136111111111;
Q874994;Wimille;Wimille;FR;50.763055555556;1.6325;
Q8757;La Corogne;A Coruña;ES;43.37111111111111;-8.39611111111111;
Q876642;Marles-les-Mines;Marles-les-Mines;FR;50.502222222222;2.5022222222222;
Q876751;Méricourt;Méricourt;FR;50.402222222222;2.8658333333333;
Q877550;Saint-Astier;Saint-Astier;FR;45.145277777778;0.52805555555556;
Q877564;Loison-sous-Lens;Loison-sous-Lens;FR;50.438333333333;2.8683333333333;
Q877726;Rang-du-Fliers;Rang-du-Fliers;FR;50.4175;1.6397222222222;
Q879493;Villanueva de Córdoba;Villanueva de Córdoba;ES;38.3221526;-4.6290212;
Q880861;Blackheath;Blackheath;GB;51.47;0.009;
Q8810;Grenade;Granada;ES;37.175;-3.6;
Q881062;Blaenau Ffestiniog;Blaenau Ffestiniog;GB;52.994444444444;-3.9375;
Q881156;Blair Atholl;Blair Atholl;GB;56.77;-3.84;
Q881708;Blantyre (Écosse);Blantyre;GB;55.79361111111111;-4.091944444444445;
Q8818;Valence;Valencia;ES;39.47;-0.3763888888888889;
Q8848;Valence;Valence;FR;44.9325;4.8908333333333;
Q8851;Malaga;Málaga;ES;36.716666666667;-4.4166666666667;
Q886899;Blyth;Blyth;GB;55.126;-1.514;
Q889888;Bodmin;Bodmin;GB;50.466;-4.718;
Q890000;Coulanges-lès-Nevers;Coulanges-lès-Nevers;FR;47.005277777778;3.1866666666667;
Q890033;Chantenay-Saint-Imbert;Chantenay-Saint-Imbert;FR;46.732777777778;3.1841666666667;
Q890621;Bognor Regis;Bognor Regis;GB;50.782369444444;-0.67638888888889;
Q890728;Avrée;Avrée;FR;46.818611111111;3.8694444444444;
Q891820;Bombarral;Bombarral;PT;39.266666666667;-9.15;
Q893159;Bootle;Bootle;GB;53.45;-2.9941666666667;
Q894095;Warrington;Warrington;GB;53.388888888888886;-2.596111111111111;
Q894252;Borth;Borth;GB;52.485330555556;-4.0510305555556;
Q895264;Bourton-on-the-Water;Bourton-on-the-Water;GB;51.886;-1.759;
Q895293;Boutersem;Boutersem;BE;50.85;4.8333333333333;
Q895452;Bowling;Bowling;GB;55.9333;-4.5;
Q896940;Bradford-on-Avon;Bradford-on-Avon;GB;51.3469;-2.251;
Q8973;Airasca;Airasca;IT;44.917042;7.484321;
Q898114;Villeneuve-sur-Yonne;Villeneuve-sur-Yonne;FR;48.081388888889;3.2966666666667;
Q898563;Valdepeñas;Valdepeñas;ES;38.766389;-3.399722;
Q899735;Flumet;Flumet;FR;45.819444444444;6.5169444444444;
Q90;Paris;Paris;FR;48.85666666666667;2.352222222222222;
Q9000;Alpignano;Alpignano;IT;45.095724;7.525403;
Q900283;Montfort-le-Gesnois;Montfort-le-Gesnois;FR;48.048333333333;0.41833333333333;
Q9008;Veillane;Avigliana;IT;45.077944;7.39839;
Q9009;Schaffhouse;Schaffhausen;CH;47.69653;8.63386;
Q901506;Saint-Loup-sur-Semouse;Saint-Loup-sur-Semouse;FR;47.884722222222;6.2733333333333;
Q9017;Balangero;Balangero;IT;45.275323;7.520282;
Q9033431;Minster;Minster;GB;51.3332;1.3082;
Q903665;Liverdun;Liverdun;FR;48.750277777778;6.0619444444444;
Q903827;La Suze-sur-Sarthe;La Suze-sur-Sarthe;FR;47.889722222222;0.025277777777778;
Q9039;Bardonnèche;Bardonecchia;IT;45.078339;6.703205;
Q904194;Tardienta;Tardienta;ES;41.978888888889;-0.53722222222222;
Q904245;La Palma del Condado;La Palma del Condado;ES;37.3841757;-6.5517596;
Q904472;Brecon;Brecon;GB;51.94677;-3.39086;
Q905143;Voujeaucourt;Voujeaucourt;FR;47.475555555556;6.7744444444444;
Q905271;Laissey;Laissey;FR;47.297777777778;6.2308333333333;
Q905315;Novillars;Novillars;FR;47.285833333333;6.1294444444444;
Q905402;Roche-lez-Beaupré;Roche-lez-Beaupré;FR;47.276111111111;6.1141666666667;
Q9057;Borgaro Torinese;Borgaro Torinese;IT;45.152145;7.657973;
Q906161;Morre;Morre;FR;47.225555555556;6.0652777777778;
Q9062;Borgofranco d'Ivrea;Borgofranco d'Ivrea;IT;45.51286;7.858017;
Q906399;Saint-Vit;Saint-Vit;FR;47.181388888889;5.8108333333333;
Q906617;Montferrand-le-Château;Montferrand-le-Château;FR;47.183055555556;5.9077777777778;
Q906787;Valdahon;Valdahon;FR;47.149722222222;6.3447222222222;
Q9069;Borgone Susa;Borgone Susa;IT;45.122844;7.239712;
Q9073;Bosconero;Bosconero;IT;45.26755;7.7666;
Q907399;L'Hôpital-du-Grosbois;L'Hôpital-du-Grosbois;FR;47.171944444444;6.2163888888889;
Q9076;Brandizzo;Brandizzo;IT;45.176607;7.838004;
Q907721;La Ferté-sous-Jouarre;La Ferté-sous-Jouarre;FR;48.949166666667;3.1294444444444;
Q907739;Dyo;Dyo;FR;46.36;4.2763888888889;
Q909119;Caerphilly;Caerphilly;GB;51.578;-3.218;
Q909127;Sainte-Colombe;Sainte-Colombe;FR;46.878611111111;6.2675;
Q909146;Godalming;Godalming;GB;51.185;-0.61;
Q909163;La Rivière-Drugeon;La Rivière-Drugeon;FR;46.8675;6.2158333333333;
Q909193;Saint-Antoine;Saint-Antoine;FR;46.776944444444;6.3377777777778;
Q9093;Bülach;Bülach;CH;47.518888888889;8.5422222222222;
Q909934;Longevilles-Mont-d'Or;Longevilles-Mont-d'Or;FR;46.753888888889;6.3166666666667;
Q909955;Labergement-Sainte-Marie;Labergement-Sainte-Marie;FR;46.774722222222;6.2805555555556;
Q909977;Granges-Narboz;Granges-Narboz;FR;46.879166666667;6.3105555555556;
Q909993;Brentwood;Brentwood;GB;51.620277777778;0.305;
Q910038;Ternay;Ternay;FR;45.602222222222;4.8105555555556;
Q910079;Saint-Michel-de-Maurienne;Saint-Michel-de-Maurienne;FR;45.218333333333;6.4736111111111;
Q9101;Bruzolo;Bruzolo;IT;45.142226;7.195648;
Q910158;Saint-Pierre-de-Chandieu;Saint-Pierre-de-Chandieu;FR;45.646388888889;5.0147222222222;
Q910805;Ham-en-Artois;Ham-en-Artois;FR;50.588888888889;2.4580555555556;
Q91108;Asciano;Asciano;IT;43.234166666667;11.560833333333;
Q91119;Buonconvento;Buonconvento;IT;43.133333333333;11.483333333333;
Q9116;Bussolin;Bussoleno;IT;45.139271;7.147717;
Q91185;Chiusi;Chiusi;IT;43.016666666667;11.95;
Q911968;Schelle;Schelle;BE;51.133333333333;4.3333333333333;
Q911974;Haaltert;Haaltert;BE;50.9;4.0;
Q911995;Capelle-au-Bois;Kapelle-op-den-Bos;BE;51.016666666667;4.3666666666667;
Q912054;Niel;Niel;BE;51.11;4.330277777777778;
Q912084;Nylen;Nijlen;BE;51.16111111111111;4.670277777777778;
Q912106;Merchtem;Merchtem;BE;50.966666666667;4.2333333333333;
Q912113;Lede;Lede;BE;50.9658;3.9778;
Q91217;Montepulciano;Montepulciano;IT;43.1;11.783333333333;
Q91228;Monteriggioni;Monteriggioni;IT;43.36698535;11.21803615;
Q912354;Vallorcine;Vallorcine;FR;46.034444444444;6.9330555555556;
Q91243;Monteroni d'Arbia;Monteroni d'Arbia;IT;43.233333333333;11.416666666667;
Q9125;Winterthour;Winterthur;CH;47.4992;8.72671;
Q91281;Murlo;Murlo;IT;43.171111111111;11.392222222222;
Q9131;Caluso;Caluso;IT;45.304955;7.895722;
Q913215;Gibraleón;Gibraleón;ES;37.3751414;-6.969363;
Q913249;Calañas;Calañas;ES;37.6536155;-6.8788712;
Q913304;Riudecanyes;Riudecanyes;ES;41.130174;0.960748;
Q913386;Scunthorpe;Scunthorpe;GB;53.5809;-0.6502;
Q913499;Wellingborough;Wellingborough;GB;52.294;-0.6964;
Q91350;Poggibonsi;Poggibonsi;IT;43.466667;11.15;
Q913504;Jabugo;Jabugo;ES;37.9167323;-6.7285322;
Q9136;Cambiano;Cambiano;IT;44.971416;7.778698;
Q913663;Bridge of Orchy;Bridge of Orchy;GB;56.5179;-4.7705;
Q91395;Rapolano Terme;Rapolano Terme;IT;43.283333333333;11.6;
Q914015;Bridgwater;Bridgwater;GB;51.128;-2.993;
Q914290;Montreux-Château;Montreux-Château;FR;47.610277777778;7.0011111111111;
Q914394;Morvillars;Morvillars;FR;47.546944444444;6.9333333333333;
Q9144;Candia Canavese;Candia Canavese;IT;45.327755;7.885121;
Q91464;Sinalunga;Sinalunga;IT;43.216666666667;11.733333333333;
Q91476;Torrita di Siena;Torrita di Siena;IT;43.166666666667;11.766666666667;
Q9148;Candiolo;Candiolo;IT;44.959244;7.601722;
Q914840;Joncherey;Joncherey;FR;47.528888888889;7.0013888888889;
Q916664;Jimena de la Frontera;Jimena de la Frontera;ES;36.433333;-5.45;
Q917180;Ribadavia;Ribadavia;ES;42.28821;-8.14313;
Q917319;Torres Vedras;Torres Vedras;PT;39.083333333333;-9.2666666666667;
Q917326;Vila Franca de Xira;Vila Franca de Xira;PT;38.95;-8.9833333333333;
Q917330;Santo Tirso;Santo Tirso;PT;41.3425;-8.4775;
Q917474;Hugh Town;Hugh Town;GB;49.914611111111114;-6.316;
Q917535;Loures;Loures;PT;38.833333333333;-9.1666666666667;
Q917591;Malle;Malle;BE;51.29888888888889;4.690833333333334;
Q917878;Foz;Foz;ES;43.5688659;-7.2550407;
Q917883;Molina de Segura;Molina de Segura;ES;38.054766666667;-1.2131111111111;
Q917888;Vinaròs;Vinaròs;ES;40.470444444444446;0.4753888888888889;
Q917937;Valleiry;Valleiry;FR;46.108055555556;5.9680555555556;
Q917979;Montech;Montech;FR;43.956944444444;1.2297222222222;
Q9180055;Brookmans Park;Brookmans Park;GB;51.721;-0.203;
Q918115;Saint-Bonnet-en-Bresse;Saint-Bonnet-en-Bresse;FR;46.853888888889;5.1761111111111;
Q918119;Senozan;Senozan;FR;46.394166666667;4.8661111111111;
Q918127;Saint-Léger-sur-Dheune;Saint-Léger-sur-Dheune;FR;46.845833333333;4.6363888888889;
Q918623;Setenil de las Bodegas;Setenil de las Bodegas;ES;36.864166666667;-5.1813888888889;
Q9187;Carmagnole;Carmagnola;IT;44.846947;7.717874;
Q918787;Cramlington;Cramlington;GB;55.082;-1.585;
Q919055;Torrijos;Torrijos;ES;39.983333333333;-4.2813888888889;
Q919438;Dercy;Dercy;FR;49.703611111111;3.685;
Q919652;Paredes de Nava;Paredes de Nava;ES;42.152777777778;-4.6944444444444;
Q919734;Neuville-sur-Sarthe;Neuville-sur-Sarthe;FR;48.075833333333;0.19083333333333;
Q920523;Cramoisy;Cramoisy;FR;49.255277777778;2.4013888888889;
Q920646;Haywards Heath;Haywards Heath;GB;51.0048;-0.0979;
Q920774;A Pobra do Brollón;A Pobra do Brollón;ES;42.557056;-7.391944;
Q9210;Caselle Torinese;Caselle Torinese;IT;45.17749;7.646367;
Q921291;Mamer;Mamer;LU;49.628333333333;6.0261111111111;
Q921321;Hesperange;Hesperange;LU;49.570833333333;6.1513888888889;
Q921780;Val-de-Reuil;Val-de-Reuil;FR;49.274444444444;1.2102777777778;
Q921846;Nortkerque;Nortkerque;FR;50.875;2.025;
Q922571;Hatrize;Hatrize;FR;49.191944444444;5.9077777777778;
Q922699;L'Isle-sur-le-Doubs;L'Isle-sur-le-Doubs;FR;47.447777777778;6.5861111111111;
Q922739;Broadstairs;Broadstairs;GB;51.358880555556;1.4394388888889;
Q922880;Bonnemain;Bonnemain;FR;48.466944444444;-1.7658333333333;
Q923191;Persan;Persan;FR;49.153333333333;2.2711111111111;
Q923382;Guémené-Penfao;Guémené-Penfao;FR;47.63;-1.8325;
Q923421;Jougne;Jougne;FR;46.763611111111;6.3877777777778;
Q923496;Les Hôpitaux-Neufs;Les Hôpitaux-Neufs;FR;46.776388888889;6.3727777777778;
Q923993;Valle de Valdebezana;Valle de Valdebezana;ES;42.97083333333333;-3.761111111111111;
Q924210;Saint-Germain-du-Puy;Saint-Germain-du-Puy;FR;47.099166666667;2.4811111111111;
Q9244;Ceres;Ceres;IT;45.313377;7.389688;
Q924614;Saint-Sulpice;Saint-Sulpice;FR;49.350555555556;2.1241666666667;
Q925331;Montgailhard;Montgailhard;FR;42.934444444444;1.6347222222222;
Q925424;Christchurch;Christchurch;GB;50.73;-1.78;
Q925760;Neston;Neston;GB;53.289722222222224;-3.0641666666666665;
Q925913;Los Barrios;Los Barrios;ES;36.183430555556;-5.4928097222222;
Q926139;Rotselaer;Rotselaar;BE;50.9511;4.7108;
Q926254;Chasse-sur-Rhône;Chasse-sur-Rhône;FR;45.580555555555556;4.8;
Q926467;Bussière-Galant;Bussière-Galant;FR;45.627222222222;1.0369444444444;
Q926700;Oeiras;Oeiras;PT;38.697044444444;-9.3016527777778;
Q9269;Chieri;Chieri;IT;45.013884;7.822354;
Q9273;Chaumont;Chiomonte;IT;45.119542;6.985306;
Q9274;L'Écluse;Chiusa di San Michele;IT;45.103913;7.326972;
Q9275;Chivasso;Chivasso;IT;45.190959;7.887186;
Q927910;Cantley;Cantley;GB;53.51;-1.06;
Q927978;Alonsotegi;Alonsotegi;ES;43.246667;-2.987778;
Q928006;Les Borges Blanques;Les Borges Blanques;ES;41.519444444444;0.86833333333333;
Q9284;Cirié;Cirié;IT;45.235277;7.600308;
Q929474;Cortenbergh;Kortenberg;BE;50.883333333333;4.5333333333333;
Q929481;Marchena;Marchena;ES;37.329722222222;-5.4163888888889;
Q929488;Morgny-la-Pommeraye;Morgny-la-Pommeraye;FR;49.523333333333;1.2480555555556;
Q929575;Chessy;Chessy;FR;45.887222222222;4.6233333333333;
Q929759;El Vendrell;El Vendrell;ES;41.220077;1.534846;
Q929765;Poix-Terron;Poix-Terron;FR;49.648888888889;4.64;
Q9298767;Long Preston;Long Preston;GB;54.0184;-2.2529;
Q930249;Ternat;Ternat;BE;50.866666666667;4.1833333333333;
Q930269;Herent;Herent;BE;50.9081;4.6706;
Q930271;Vissac-Auteyrac;Vissac-Auteyrac;FR;45.121944444444;3.6097222222222;
Q930292;Opwijk;Opwijk;BE;50.966666666667;4.1833333333333;
Q9311;Collegno;Collegno;IT;45.077547;7.572426;
Q931134;Vilaverd;Vilaverd;ES;41.3341;1.17747;
Q931379;Rueda de Jalón;Rueda de Jalón;ES;41.6331026;-1.2747344;
Q931780;Alzira;Alzira;ES;39.15;-0.435;
Q932009;Tournemire;Tournemire;FR;43.969166666667;3.0194444444444;
Q932020;Montaigu-Zichem;Scherpenheuvel-Zichem;BE;50.9802;4.974;
Q9324032;Runnymede;Runnymede;GB;51.395;-0.541;
Q932511;Marsac;Marsac;FR;46.097777777778;1.5897222222222;
Q932526;Saint-Rome-de-Cernon;Saint-Rome-de-Cernon;FR;44.012222222222;2.9658333333333;
Q932808;Ormaiztegi;Ormaiztegi;ES;43.0431256;-2.254814;
Q932841;Wickford;Wickford;GB;51.6114;0.5207;
Q932861;Agullent;Agullent;ES;38.821388888889;-0.54888888888889;
Q933113;Blaydon;Blaydon;GB;54.963;-1.7187;
Q93351;Vichy;Vichy;FR;46.126944444444;3.4258333333333;
Q933912;Moita;Moita;PT;38.65;-8.9833333333333;
Q9341379;Stallingborough;Stallingborough;GB;53.589;-0.1837;
Q9346;Feletto;Feletto;IT;45.303853;7.744719;
Q935702;Oban;Oban;GB;56.409722222222;-5.4725;
Q936183;Tonbridge;Tonbridge;GB;51.195833333333;0.275;
Q937133;Voué;Voué;FR;48.456666666667;4.1225;
Q93793;Chemilly-sur-Yonne;Chemilly-sur-Yonne;FR;47.898611111111;3.5616666666667;
Q9383;Germagnano;Germagnano;IT;45.263872;7.469483;
Q938822;Buvilly;Buvilly;FR;46.868055555556;5.7194444444444;
Q938956;Fouilloy;Fouilloy;FR;49.733055555556;1.8266666666667;
Q939049;Prestwick;Prestwick;GB;55.495551;-4.61416;
Q9398;Grugliasco;Grugliasco;IT;45.068046;7.57762;
Q939838;Sevenoaks;Sevenoaks;GB;51.2781;0.1874;
Q939913;Kyle of Lochalsh;Kyle of Lochalsh;GB;57.281666666667;-5.7133333333333;
Q940394;Littleworth;Littleworth;GB;51.673;-1.55;
Q940842;Gádor;Gádor;ES;36.9530744;-2.491623;
Q9409;Ivrée;Ivrea;IT;45.467379;7.874797;
Q9414;Lans-l'Hermitage;Lanzo Torinese;IT;45.273351;7.477411;
Q942968;Drefféac;Drefféac;FR;47.476388888889;-2.0566666666667;
Q943165;Serdinya;Serdinya;FR;42.568055555556;2.3216666666667;
Q943502;Landen;Landen;BE;50.7547;5.0814;
Q943517;Newquay;Newquay;GB;50.412;-5.0757;
Q943931;Padstow;Padstow;GB;50.538;-4.938;
Q943977;Guadalcanal;Guadalcanal;ES;38.091944444444;-5.8211111111111;
Q944101;Campillos;Campillos;ES;37.0475793;-4.8626422;
Q944524;O Vicedo;O Vicedo;ES;43.7324913;-7.6734368;
Q945006;Monsempron-Libos;Monsempron-Libos;FR;44.490833333333;0.94083333333333;
Q9454;Mathi;Mathi;IT;45.255172;7.541984;
Q9462;Méans;Meana di Susa;IT;45.122043;7.064708;
Q94627;Calderara di Reno;Calderara di Reno;IT;44.563888888889;11.271944444444;
Q946280;Nava;Nava;ES;43.3582216;-5.5056766;
Q946351;Sennecey-le-Grand;Sennecey-le-Grand;FR;46.6425;4.8702777777778;
Q9464;Mercenasco;Mercenasco;IT;45.357182;7.882359;
Q9469;Mezzenile;Mezzenile;IT;45.295129;7.394459;
Q947091;Romanèche-Thorins;Romanèche-Thorins;FR;46.189722222222;4.7361111111111;
Q947113;Fleurville;Fleurville;FR;46.444722222222;4.8805555555556;
Q947141;Saint-Sulpice-la-Pointe;Saint-Sulpice-la-Pointe;FR;43.774166666667;1.6863888888889;
Q9474;Moncalieri;Moncalieri;IT;45.000461;7.684754;
Q947400;Hexham;Hexham;GB;54.966666666667;-2.1;
Q947442;Edenbridge;Edenbridge;GB;51.1993;0.0691;
Q94779;Castel San Pietro Terme;Castel San Pietro Terme;IT;44.397777777778;11.589444444444;
Q947926;Alpedrete;Alpedrete;ES;40.65833333333333;-4.032222222222222;
Q94801;Crevalcore;Crevalcore;IT;44.716666666667;11.15;
Q948345;Saône;Saône;FR;47.224722222222;6.1177777777778;
Q9489;Montanaro;Montanaro;IT;45.233553;7.853323;
Q94898;Grizzana Morandi;Grizzana Morandi;IT;44.25;11.15;
Q948983;Bellpuig;Bellpuig;ES;41.626666666667;1.0133333333333;
Q949109;Laval-de-Cère;Laval-de-Cère;FR;44.9525;1.9341666666667;
Q949538;Génelard;Génelard;FR;46.581944444444;4.2369444444444;
Q94955;San Severino Marche;San Severino Marche;IT;43.228855555556;13.177102777778;
Q94972;Monzuno;Monzuno;IT;44.283333333333;11.266666666667;
Q94978;Tolentino;Tolentino;IT;43.208611111111;13.2841;
Q94979;Pianoro;Pianoro;IT;44.383333333333;11.333333333333;
Q9498;Nichelino;Nichelino;IT;44.995518;7.646618;
Q94985;Sala Bolognese;Sala Bolognese;IT;44.630277777778;11.276111111111;
Q94987;San Benedetto Val di Sambro;San Benedetto Val di Sambro;IT;44.216666666667;11.233333333333;
Q949880;Torre-Pacheco;Torre-Pacheco;ES;37.743133;-0.9539015;
Q94990;San Giovanni in Persiceto;San Giovanni in Persiceto;IT;44.640833333333;11.185;
Q94995;San Pietro in Casale;San Pietro in Casale;IT;44.7;11.4;
Q95004;Aiseau-Presles;Aiseau-Presles;BE;50.416666666667;4.5666666666667;
Q95011;Antoing;Antoing;BE;50.5669;3.4494;
Q950129;Haecht;Haacht;BE;50.9767;4.6372;
Q9505;Nole;Nole;IT;45.243941;7.572993;
Q950671;Porthmadog;Porthmadog;GB;52.928055555556;-4.1333333333333;
Q95096;Ath;Ath;BE;50.631139;3.776941;
Q951068;Eygliers;Eygliers;FR;44.675833333333;6.6338888888889;
Q95112;Bernissart;Bernissart;BE;50.483333333333;3.65;
Q9512;None;None;IT;44.933143;7.540121;
Q95121;Binche;Binche;BE;50.4103004;4.165163;
Q95126;Boussu;Boussu;BE;50.4331253;3.7960902;
Q95129;Braine-le-Comte;Braine-le-Comte;BE;50.609722222222224;4.136111111111111;
Q95130;Brugelette;Brugelette;BE;50.6;3.85;
Q95140;Chapelle-lez-Herlaimont;Chapelle-lez-Herlaimont;BE;50.466666666667;4.2833333333333;
Q95144;Châtelet;Châtelet;BE;50.403888888888886;4.525277777777777;
Q9527;Oulx;Oulx;IT;45.033052;6.83251;
Q952968;Montlaur;Montlaur;FR;43.488333333333;1.5711111111111;
Q953645;South Elmsall;South Elmsall;GB;53.5959;-1.2726027777778;
Q954528;Cudworth;Cudworth;GB;53.5784;-1.4149;
Q954556;Alhama de Murcia;Alhama de Murcia;ES;37.851388888889;-1.4263888888889;
Q954562;Jarville-la-Malgrange;Jarville-la-Malgrange;FR;48.669444444444;6.2061111111111;
Q954622;Rivarennes;Rivarennes;FR;47.266388888889;0.35388888888889;
Q954764;Thames Ditton;Thames Ditton;GB;51.3948;-0.34125;
Q955056;Soncourt-sur-Marne;Soncourt-sur-Marne;FR;48.2525;5.1141666666667;
Q955242;Mérenvielle;Mérenvielle;FR;43.627777777778;1.1563888888889;
Q955993;Tincques;Tincques;FR;50.357777777778;2.4919444444444;
Q9563;Pessinetto;Pessinetto;IT;45.289093;7.404162;
Q956450;Fabara;Fabara;ES;41.1779426;0.1676103;
Q957272;Armadale;Armadale;GB;57.06487;-5.901138;
Q9573;Pignerol;Pinerolo;IT;44.887309;7.331945;
Q95759;Bad Ragaz;Bad Ragaz;CH;46.999722222222;9.5;
Q957856;Lacourt-Saint-Pierre;Lacourt-Saint-Pierre;FR;43.985833333333;1.2641666666667;
Q9580;Burgos;Burgos;ES;42.340833333333;-3.6997222222222;
Q958352;Plouvara;Plouvara;FR;48.506944444444;-2.9152777777778;
Q958475;Albias;Albias;FR;44.09;1.4494444444444;
Q958776;Santa Cruz de Mudela;Santa Cruz de Mudela;ES;38.645277777778;-3.4672222222222;
Q959334;Cetina;Cetina;ES;41.2916171;-1.961786;
Q959803;Begonte;Begonte;ES;43.134444444444;-7.6897222222222;
Q960090;Villafranca del Campo;Villafranca del Campo;ES;40.6942395;-1.3460063;
Q960950;Hutton Cranswick;Hutton Cranswick;GB;53.958613888889;-0.44214166666667;
Q9611;Rickmansworth;Rickmansworth;GB;51.6383;-0.4659;
Q961678;Couffoulens;Couffoulens;FR;43.155277777778;2.3063888888889;
Q963118;Montrozier;Montrozier;FR;44.393055555556;2.7061111111111;
Q963352;Poliénas;Poliénas;FR;45.248888888889;5.4713888888889;
Q963615;Los Molinos;Los Molinos;ES;40.71111111111111;-4.0744444444444445;
Q963723;Ewell;Ewell;GB;51.3502;-0.2486;
Q965163;Chissay-en-Touraine;Chissay-en-Touraine;FR;47.337222222222;1.1330555555556;
Q965305;Crianlarich;Crianlarich;GB;56.3942;-4.61667;
Q965529;Navalmoral de la Mata;Navalmoral de la Mata;ES;39.892777777778;-5.5402777777778;
Q966579;Chenevières;Chenevières;FR;48.518611111111;6.6308333333333;
Q966825;Pombal;Pombal;PT;39.916111111111114;-8.628055555555555;
Q967037;Saint-Médard-sur-Ille;Saint-Médard-sur-Ille;FR;48.272777777778;-1.6597222222222;
Q967136;Muel;Muel, Zaragoza;ES;41.4655156;-1.08578;
Q9676;Île de Man;Isle of Man;IM;54.235;-4.525;
Q9681;Hertford;Hertford;GB;51.795;-0.078;
Q968959;Waltham Cross;Waltham Cross;GB;51.686;-0.0331;
Q969128;Quiroga;Quiroga;ES;42.475833333333;-7.2716666666667;
Q969820;Magneux;Magneux;FR;49.306388888889;3.7211111111111;
Q970693;Escacena del Campo;Escacena del Campo;ES;37.4088438;-6.3896302;
Q970738;villa del Río;Villa del Río;ES;37.9811466;-4.2918207;
Q971223;Buxton;Buxton;GB;53.259;-1.911;
Q971261;Marseille-en-Beauvaisis;Marseille-en-Beauvaisis;FR;49.575555555556;1.9555555555556;
Q971474;Ingrandes;Ingrandes;FR;46.875833333333;0.56694444444444;
Q972353;Polmont;Polmont;GB;55.9908;-3.7064;
Q973641;Ontinyent;Ontinyent;ES;38.822222222222;-0.60722222222222;
Q974129;Cabanas;Cabanas;ES;43.421819;-8.163801;
Q974134;Howwood;Howwood;GB;55.809;-4.558;
Q975042;Harlington;Harlington;GB;51.963355555556;-0.49500555555556;
Q975635;Landébia;Landébia;FR;48.514166666667;-2.3363888888889;
Q976866;Villard-Bonnot;Villard-Bonnot;FR;45.238055555556;5.8883333333333;
Q976956;Motteville;Motteville;FR;49.635277777778;0.85527777777778;
Q977246;Villamanín;Villamanín;ES;42.938333333333;-5.6555555555556;
Q977486;La Chapelle-sur-Loire;La Chapelle-sur-Loire;FR;47.248611111111;0.22388888888889;
Q977991;Skegness;Skegness;GB;53.14361111111111;0.3427777777777778;
Q978973;Labroquère;Labroquère;FR;43.038333333333;0.59194444444444;
Q979314;Terrer;Terrer;ES;41.326666666667;-1.7122222222222;
Q979357;Ulverston;Ulverston;GB;54.193;-3.09;
Q9795;Landgraaf;Landgraaf;NL;50.9083;6.0297;
Q980084;Nairn;Nairn;GB;57.583333333333;-3.8666666666667;
Q980466;La Brillanne;La Brillanne;FR;43.926666666667;5.8911111111111;
Q980501;Vecqueville;Vecqueville;FR;48.458333333333;5.1405555555556;
Q9832;Eindhoven;Eindhoven;NL;51.434444444444;5.4841666666667;
Q983448;Liesle;Liesle;FR;47.061666666667;5.8147222222222;
Q983473;Novelda;Novelda;ES;38.386111111111;-0.76527777777778;
Q983483;Gondomar;Gondomar;PT;41.15;-8.5333333333333;
Q983564;Vandellòs i l'Hospitalet de l'Infant;Vandellòs i l'Hospitalet de l'Infant;ES;41.021388888889;0.83194444444444;
Q983570;Ors;Ors;FR;50.099722222222;3.6338888888889;
Q983572;L'Ampolla;L'Ampolla;ES;40.814166666667;0.71;
Q983575;L'Aldea;L'Aldea;ES;40.741666666667;0.61194444444444;
Q984529;Cariñena;Cariñena;ES;41.3373638;-1.2249058;
Q984613;Kettering;Kettering;GB;52.4;-0.73333333333333;
Q984642;Canfranc;Canfranc;ES;42.716656;-0.525198;
Q984656;Penafiel;Penafiel;PT;41.2;-8.2833333333333;
Q984882;Lodosa;Lodosa;ES;42.424166666667;-2.0783333333333;
Q984974;Bude;Bude;GB;50.824;-4.542;
Q985269;L'Escurial;El Escorial;ES;40.581608;-4.125124;
Q985279;Morecambe;Morecambe;GB;54.066666666667;-2.85;
Q985313;Ingleton;Ingleton;GB;54.1512;-2.4723;
Q985382;Leudelange;Leudelange;LU;49.566666666667;6.0666666666667;
Q985478;Steinfort;Steinfort;LU;49.66;5.9155555555556;
Q985519;Lagoa;Lagoa;PT;37.133333333333;-8.45;
Q985833;Clacton-on-Sea;Clacton-on-Sea;GB;51.7918;1.1457;
Q986007;Lowestoft;Lowestoft;GB;52.48;1.75;
Q986019;Grândola;Grândola;PT;38.176809;-8.568896;
Q986046;Alderley Edge;Alderley Edge;GB;53.303;-2.236;
Q986079;Castro Marim;Castro Marim;PT;37.216666666667;-7.45;
Q986419;Mafra;Mafra;PT;38.933333333333;-9.3333333333333;
Q986735;El Espinar;El Espinar;ES;40.718611111111;-4.2477777777778;
Q986741;Lousada;Lousada;PT;41.283333333333;-8.2833333333333;
Q987775;Laurencekirk;Laurencekirk;GB;56.83216;-2.466523;
Q987782;Insch;Insch;GB;57.341;-2.61302;
Q987964;Trofa;Trofa;PT;41.337388888889;-8.5596111111111;
Q988761;Denham;Denham;GB;51.563;-0.499;
Q988834;Frómista;Frómista;ES;42.267222222222;-4.4066666666667;
Q988900;Lavilledieu;Lavilledieu;FR;44.575555555556;4.4530555555556;
Q989418;Stockton-on-Tees;Stockton-on-Tees;GB;54.57;-1.32;
Q989844;Erlon;Erlon;FR;49.729166666667;3.7138888888889;
Q990103;Haverfordwest;Haverfordwest;GB;51.801111111111;-4.9694444444444;
Q990112;Littlehampton;Littlehampton;GB;50.809380555556;-0.54088888888889;
Q990125;Llanelli;Llanelli;GB;51.683333333333;-4.15;
Q990130;Hoek van Holland;Hook of Holland;NL;51.9763;4.1323;
Q990153;Cwmbran;Cwmbran;GB;51.653;-3.021;
Q990168;Keighley;Keighley;GB;53.866666666667;-1.9166666666667;
Q990253;Henley-on-Thames;Henley-on-Thames;GB;51.536111111111;-0.90277777777778;
Q990365;Ponte de Sor;Ponte de Sor;PT;39.25;-8.0166666666667;
Q990403;Maia;Maia;PT;41.233333333333;-8.6166666666667;
Q990418;Vendas Novas;Vendas Novas;PT;38.678026;-8.455475;
Q990422;Entroncamento;Entroncamento;PT;39.466666666667;-8.4666666666667;
Q990433;Santiago do Cacém;Santiago do Cacém;PT;38.0;-8.6833333333333;
Q990616;Harwich;Harwich;GB;51.94444444444444;1.2883333333333333;
Q990646;Aubin;Aubin;FR;44.527777777778;2.2458333333333;
Q990677;Brora;Brora;GB;58.01;-3.85;
Q990689;Amifontaine;Amifontaine;FR;49.483055555556;3.9183333333333;
Q990790;Blénod-lès-Toul;Blénod-lès-Toul;FR;48.599444444444;5.8333333333333;
Q990896;Bertrichamps;Bertrichamps;FR;48.429166666667;6.7938888888889;
Q991055;Milford Haven;Milford Haven;GB;51.714180555556;-5.0427388888889;
Q991102;Frévin-Capelle;Frévin-Capelle;FR;50.350555555556;2.6344444444444;
Q99151;Ourense;Ourense;ES;42.33556;-7.86406;
Q991532;Grays;Grays;GB;51.4724;0.3247;
Q991750;Coucy-lès-Eppes;Coucy-lès-Eppes;FR;49.5525;3.77;
Q991982;Grenay;Grenay;FR;50.452222222222;2.7430555555556;
Q9924;Haarlemmermeer;Haarlemmermeer;NL;52.3008;4.6653;
Q992612;Blangy-sur-Ternoise;Blangy-sur-Ternoise;FR;50.421666666667;2.1694444444444;
Q992645;Sabugal;Sabugal;PT;40.35;-7.0833333333333;
Q992665;Cannock;Cannock;GB;52.688;-2.029;
Q993164;Epsom;Epsom;GB;51.336111111111;-0.2675;
Q993870;Vallon-en-Sully;Vallon-en-Sully;FR;46.536388888889;2.6080555555556;
Q994575;Kendal;Kendal;GB;54.326;-2.745;
Q994703;Mistley;Mistley;GB;51.944;1.081;
Q994925;Corby;Corby;GB;52.491388888889;-0.69638888888889;
Q995176;Vila Nova da Barquinha;Vila Nova da Barquinha;PT;39.458132834674274;-8.431094609844424;
Q995188;Vila Velha de Ródão;Vila Velha de Ródão;PT;39.65;-7.6666666666667;
Q99519700;Val de Bagnes;Val de Bagnes;CH;46.08027777777778;7.211666666666667;
Q995216;Courcelles-le-Comte;Courcelles-le-Comte;FR;50.1625;2.7747222222222;
Q995488;Sandhurst;Sandhurst;GB;51.349;-0.8;
Q995623;Great Bedwyn;Great Bedwyn;GB;51.379;-1.602;
Q995637;Torredembarra;Torredembarra;ES;41.145668;1.395671;
Q995682;Ulldecona;Ulldecona;ES;40.59805;0.44816;
Q996161;Arteixo;Arteixo;ES;43.3;-8.5;
Q996492;Llandudno;Llandudno;GB;53.3225;-3.825;
Q996502;Clydebank;Clydebank;GB;55.8997;-4.4006;
Q996526;Ullapool;Ullapool;GB;57.897288;-5.161394;
Q996600;Sanquhar;Sanquhar;GB;55.3679;-3.92463;
Q996616;Cumbernauld;Cumbernauld;GB;55.94;-3.98;
Q99940;Forlimpopoli;Forlimpopoli;IT;44.183333333333;12.133333333333;
Q99957;Savignano sul Rubicone;Savignano sul Rubicone;IT;44.088055555556;12.393333333333;
VBE-hainin;Hainin;Hainin;BE;50.42823439935892;3.7675823;
VBE-ougree;Ougrée;Ougrée;BE;50.605369199322894;5.5371046999999995;
VBE-poulseur;Poulseur;Poulseur;BE;50.50923399934225;5.5787582;
VGB-abbas-combe;Abbas Combe;Abbas Combe;GB;51.00159399924917;-2.4172852;
VGB-appley-bridge;Appley Bridge;Appley Bridge;GB;53.57870799912753;-2.7195791;
VGB-bamber-bridge;Bamber Bridge;Bamber Bridge;GB;53.72690929914493;-2.6614197999999996;
VGB-beare-green;Beare Green;Beare Green;GB;51.181128199219316;-0.320874;
VGB-bells-yew-green;Bells Yew Green;Bells Yew Green;GB;51.10408969923182;0.29433739999999997;
VGB-blaenau-dolwyddelan;Blaenau Dolwyddelan;Blaenau Dolwyddelan;GB;53.04439679908934;-3.9215232;
VGB-blaich;Blaich;Blaich;GB;56.855984400185875;-5.2903522;
VGB-clarbeston-road;Clarbeston Road;Clarbeston Road;GB;51.851740999131266;-4.882155899999999;
VGB-cleland;Cleland;Cleland;GB;55.80442969970685;-3.9107267;
VGB-colwall-stone;Colwall Stone;Colwall Stone;GB;52.07984269911096;-2.3567990999999995;
VGB-corner-hall;Corner Hall;Corner Hall;GB;51.732364999143975;-0.46298880000000003;
VGB-dean-row;Dean Row;Dean Row;GB;53.34644599910628;-2.2136737;
VGB-dolwyddelan;Dolwyddelan;Dolwyddelan;GB;53.05157029908961;-3.8845507;
VGB-durgates;Durgates;Durgates;GB;51.07338829923692;0.31304059999999995;
VGB-east-boldon;East Boldon;East Boldon;GB;54.94634499940445;-1.4201544999999998;
VGB-east-malling;East Malling;East Malling;GB;51.285671299203045;0.44035949999999996;
VGB-edwardsville;Edwardsville;Edwardsville;GB;51.66036369915227;-3.3229308000000004;
VGB-enton-green;Enton Green;Enton Green;GB;51.1631789992222;-0.6368938999999999;
VGB-great-meols;Great Meols;Great Meols;GB;53.399438199110456;-3.1539245999999994;
VGB-harbour-village;Harbour Village;Harbour Village;GB;52.01069169911655;-4.986172999999999;
VGB-harry-stoke;Harry Stoke;Harry Stoke;GB;51.52582709916911;-2.5623446999999997;
VGB-haslucks-green;Haslucks Green;Haslucks Green;GB;52.4035741990916;-1.8451962;
VGB-hattersley;Hattersley;Hattersley;GB;53.44493759911439;-2.039436;
VGB-highbridge;Highbridge;Highbridge;GB;51.21831319921343;-2.9720037;
VGB-huncoat;Huncoat;Huncoat;GB;53.77224339915086;-2.3470471999999996;
VGB-kempton-park;Kempton Park;Kempton Park;GB;51.42100389918332;-0.4094874;
VGB-kilgetty;Kilgetty;Kilgetty;GB;51.732200899144;-4.714385799999999;
VGB-kirkconnel;Kirkconnel;Kirkconnel;GB;55.38750919954837;-3.9988105;
VGB-llanharan;Llanharan;Llanharan;GB;51.53762959916756;-3.4416548999999996;
VGB-long-buckby-wharf;Long Buckby Wharf;Long Buckby Wharf;GB;52.29441419909684;-1.0860558;
VGB-lostock-hall;Lostock Hall;Lostock Hall;GB;53.72434969914462;-2.6870007999999994;
VGB-lower-higham;Lower Higham;Lower Higham;GB;51.4269529991825;0.4660183;
VGB-molehill-green;Molehill Green;Molehill Green;GB;51.88925959912758;0.26215369999999993;
VGB-newton-village;Newton Village;Newton Village;GB;55.91769659975335;-3.0902235;
VGB-newtonmoor;Newtonmoor;Newtonmoor;GB;53.45224879911503;-2.0556364;
VGB-old-hill;Old Hill;Old Hill;GB;52.47079389908906;-2.0561814;
VGB-pantygraigwen;Pantygraigwen;Pantygraigwen;GB;51.61009659915837;-3.3807002999999995;
VGB-pelaw;Pelaw;Pelaw;GB;54.95314639940645;-1.571771;
VGB-pont-cyfyng;Pont Cyfyng;Pont Cyfyng;GB;53.102165;-3.902861;
VGB-pont-y-waun;Pont-y-waun;Pont-y-waun;GB;51.620757499157065;-3.1258367;
VGB-rhoose;Rhoose;Rhoose;GB;51.387454;-3.347599;
VGB-saxilby;Saxilby;Saxilby;GB;53.26731399910066;-0.6645836000000002;
VGB-south-godstone;South Godstone;South Godstone;GB;51.21818549921345;-0.05143629999999999;
VGB-south-nutfield;South Nutfield;South Nutfield;GB;51.22674449921212;-0.1322636;
VGB-stoford;Stoford;Stoford;GB;50.92481429926264;-2.6122447;
VGB-stonegate;Stonegate;Stonegate;GB;51.02014039924598;0.36338699999999996;
VGB-stromeferry;Stromeferry;Stromeferry;GB;57.35220030043863;-5.550769599999999;
VGB-taffs-well;Taffs Well;Taffs Well;GB;51.541245999167096;-3.2638821999999994;
VGB-the-green;The Green;The Green;GB;54.2444247992297;-3.2454083;
VGB-three-oaks;Three Oaks;Three Oaks;GB;50.91862549926375;0.6100124;
VGB-tredinnick;Tredinnick;Tredinnick;GB;50.40568949936364;-4.4664151;
VGB-tregof;Tregof;Tregof;GB;51.66150719915214;-3.8854619;
VGB-twemlow-green;Twemlow Green;Twemlow Green;GB;53.22256989909789;-2.3263394;
VGB-walhampton;Walhampton;Walhampton;GB;50.75769209929336;-1.5293234999999998;
VGB-west-boldon;West Boldon;West Boldon;GB;54.95951929940835;-1.4606839999999999;
VGB-west-timperley;West Timperley;West Timperley;GB;53.39574459911016;-2.3432686;
VGB-westrigg;Westrigg;Westrigg;GB;55.88438249973955;-3.7502801000000003;
VGB-whitland;Whitland;Whitland;GB;51.818024999134714;-4.6149893;
VGB-widdrington-station;Widdrington Station;Widdrington Station;GB;55.24114439949783;-1.6162192;
VGB-wrea-green;Wrea Green;Wrea Green;GB;53.764753099149885;-2.9429623999999994;
