gare_id;source;code
TN7944700;OSM;13908278283
TN7944700;TRENITALIA;790044700
TN7944700;UIC;7944700
TN7944700;WIKIDATA;Q3970319
TN8011068;IFOPT;de:6412:10:1
TN8011068;OSM;205364328
TN8011068;TRENITALIA;800011068
TN8011068;UIC;8011068
TN8011068;WIKIDATA;Q165368
TN8014008;IFOPT;de:08222:2417
TN8014008;OSM;25439439
TN8014008;TRENITALIA;800014008
TN8014008;UIC;8014008
TN8014008;WIKIDATA;Q706994
TN8014231;IFOPT;de:08212:90
TN8014231;OSM;2574283615
TN8014231;TRENITALIA;800014231
TN8014231;UIC;8014228
TN8014231;UIC;8014231
TN8014231;WIKIDATA;Q688541
TN8014325;IFOPT;de:08317:16700
TN8014325;OSM;3740588666
TN8014325;TRENITALIA;800014325
TN8014325;UIC;8014325
TN8014325;WIKIDATA;Q110233880
TN8014350;IFOPT;de:08311:6508
TN8014350;OSM;21769883
TN8014350;TRENITALIA;800014350
TN8014350;UIC;8014350
TN8014350;WIKIDATA;Q473572
TN8014431;TRENITALIA;800014431
TN8014431;UIC;8014431
TN8020174;OSM;2578699502
TN8020174;TRENITALIA;800020174
TN8020174;UIC;8000320
TN8020174;UIC;8020174
TN8020174;WIKIDATA;Q473903
TN8020234;TRENITALIA;800020234
TN8020234;UIC;8020234
TN8020347;OSM;2470201868
TN8020347;TRENITALIA;800020347
TN8020347;UIC;8020347
TN8020347;WIKIDATA;Q254647
TN8101003;OSM;1839787470
TN8101003;TRENITALIA;810001003
TN8101003;UIC;8101003
TN8101003;WIKIDATA;Q697300
TN8101114;OSM;302097253
TN8101114;TRENITALIA;810001114
TN8101114;UIC;8101114
TN8101114;WIKIDATA;Q694694
TN8101137;TRENITALIA;810001137
TN8101137;UIC;8101137
TN8103107;OSM;66432827
TN8103107;TRENITALIA;810003107
TN8103107;UIC;8100514
TN8103107;UIC;8103107
TN8103107;WIKIDATA;Q514441
TN8103126;OSM;2874038819
TN8103126;TRENITALIA;810003126
TN8103126;UIC;8100516
TN8103126;UIC;8103126
TN8103126;WIKIDATA;Q663815
TN8103171;OSM;25528260
TN8103171;TRENITALIA;810003171
TN8103171;UIC;8103171
TN8103642;OSM;3225806984
TN8103642;TRENITALIA;810003642
TN8103642;UIC;8103642
TN8103642;WIKIDATA;Q700931
TN8103654;OSM;2507246162
TN8103654;TRENITALIA;810003654
TN8103654;UIC;8103654
TN8103654;WIKIDATA;Q699533
TN8103873;OSM;3020821754
TN8103873;TRENITALIA;810003873
TN8103873;UIC;8100141
TN8103873;UIC;8103873
TN8103873;WIKIDATA;Q801093
TN8103875;OSM;3022799606
TN8103875;TRENITALIA;810003875
TN8103875;UIC;8100324
TN8103875;UIC;8103875
TN8103875;WIKIDATA;Q37944996
TN8103876;TRENITALIA;810003876
TN8103876;UIC;8103876
TN8103877;OSM;2228922435
TN8103877;TRENITALIA;810003877
TN8103877;UIC;8103877
TN8103878;OSM;294651227
TN8103878;TRENITALIA;810003878
TN8103878;UIC;8101646
TN8103878;UIC;8103878
TN8103878;WIKIDATA;Q111044942
TN8103879;OSM;8285605303
TN8103879;TRENITALIA;810003879
TN8103879;UIC;8103879
TN8103880;OSM;294651209
TN8103880;TRENITALIA;810003880
TN8103880;UIC;8101784
TN8103880;UIC;8103880
TN8103880;WIKIDATA;Q18283889
TN8300001;OSM;1079858512
TN8300001;TRENITALIA;830000001
TN8300001;UIC;8300001
TN8300001;WIKIDATA;Q16610064
TN8300002;OSM;1079858573
TN8300002;TRENITALIA;830000002
TN8300002;UIC;8300002
TN8300002;WIKIDATA;Q16609566
TN8300003;OSM;2498549990
TN8300003;TRENITALIA;830000003
TN8300003;UIC;8300003
TN8300003;WIKIDATA;Q16609602
TN8300004;OSM;1640944207
TN8300004;TRENITALIA;830000004
TN8300004;UIC;8300004
TN8300006;OSM;4414664227
TN8300006;TRENITALIA;830000006
TN8300006;UIC;8300006
TN8300006;WIKIDATA;Q17146415
TN8300007;OSM;4414662337
TN8300007;TRENITALIA;830000007
TN8300007;UIC;8300007
TN8300007;WIKIDATA;Q16609273
TN8300008;OSM;3218602865
TN8300008;TRENITALIA;830000008
TN8300008;UIC;8300008
TN8300008;WIKIDATA;Q16609518
TN8300010;OSM;3218602866
TN8300010;TRENITALIA;830000010
TN8300010;UIC;8300010
TN8300010;WIKIDATA;Q16609515
TN8300011;OSM;4414586469
TN8300011;TRENITALIA;830000011
TN8300011;UIC;8300011
TN8300011;WIKIDATA;Q17146417
TN8300012;OSM;820255764
TN8300012;TRENITALIA;830000012
TN8300012;UIC;8300012
TN8300012;WIKIDATA;Q16609532
TN8300014;OSM;4209783310
TN8300014;TRENITALIA;830000014
TN8300014;UIC;8300014
TN8300014;WIKIDATA;Q16608838
TN8300015;OSM;4413423792
TN8300015;TRENITALIA;830000015
TN8300015;UIC;8300015
TN8300015;WIKIDATA;Q16609267
TN8300016;OSM;4411523626
TN8300016;TRENITALIA;830000016
TN8300016;UIC;8300016
TN8300016;WIKIDATA;Q3969093
TN8300017;OSM;5586568655
TN8300017;TRENITALIA;830000017
TN8300017;UIC;8300017
TN8300017;WIKIDATA;Q16609111
TN8300018;OSM;456252025
TN8300018;TRENITALIA;830000018
TN8300018;UIC;8300018
TN8300018;WIKIDATA;Q3971056
TN8300019;OSM;4411332377
TN8300019;TRENITALIA;830000019
TN8300019;UIC;8300019
TN8300019;WIKIDATA;Q3970170
TN8300020;OSM;4411332375
TN8300020;TRENITALIA;830000020
TN8300020;UIC;8300020
TN8300020;WIKIDATA;Q3969164
TN8300021;OSM;4529311672
TN8300021;TRENITALIA;830000021
TN8300021;UIC;8300021
TN8300021;WIKIDATA;Q3971303
TN8300022;OSM;459818820
TN8300022;TRENITALIA;830000022
TN8300022;UIC;8300022
TN8300022;WIKIDATA;Q3971247
TN8300030;OSM;1958586744
TN8300030;TRENITALIA;830000030
TN8300030;UIC;8300030
TN8300030;WIKIDATA;Q21130382
TN8300031;OSM;3285456261
TN8300031;TRENITALIA;830000031
TN8300031;UIC;8300031
TN8300031;WIKIDATA;Q21130386
TN8300032;OSM;1699250873
TN8300032;TRENITALIA;830000032
TN8300032;UIC;8300032
TN8300032;WIKIDATA;Q21130407
TN8300033;OSM;1699222373
TN8300033;TRENITALIA;830000033
TN8300033;UIC;8300033
TN8300033;WIKIDATA;Q21130455
TN8300034;OSM;10743462882
TN8300034;TRENITALIA;830000034
TN8300034;UIC;8300034
TN8300034;WIKIDATA;Q3970235
TN8300036;OSM;433575891
TN8300036;TRENITALIA;830000036
TN8300036;UIC;8300036
TN8300036;WIKIDATA;Q3970338
TN8300037;OSM;433575885
TN8300037;TRENITALIA;830000037
TN8300037;UIC;8300037
TN8300037;WIKIDATA;Q3971234
TN8300038;OSM;377076981
TN8300038;TRENITALIA;830000038
TN8300038;UIC;8300038
TN8300038;WIKIDATA;Q3970905
TN8300039;OSM;3791925628
TN8300039;TRENITALIA;830000039
TN8300039;UIC;8300039
TN8300039;WIKIDATA;Q3971154
TN8300041;OSM;12291596710
TN8300041;TRENITALIA;830000041
TN8300041;UIC;8300041
TN8300041;WIKIDATA;Q3971232
TN8300042;OSM;3296803207
TN8300042;TRENITALIA;830000042
TN8300042;UIC;8300042
TN8300042;WIKIDATA;Q3971237
TN8300053;OSM;4529258232
TN8300053;TRENITALIA;830000053
TN8300053;UIC;8300053
TN8300053;WIKIDATA;Q3970731
TN8300059;OSM;1588214515
TN8300059;TRENITALIA;830000059
TN8300059;UIC;8300059
TN8300059;WIKIDATA;Q3969762
TN8300060;TRENITALIA;830000060
TN8300060;UIC;8300060
TN8300070;TRENITALIA;830000070
TN8300070;UIC;8300070
TN8300071;OSM;473766707
TN8300071;TRENITALIA;830000071
TN8300071;UIC;8300071
TN8300071;WIKIDATA;Q16608927
TN8300074;OSM;800473435
TN8300074;TRENITALIA;830000074
TN8300074;UIC;8300074
TN8300074;WIKIDATA;Q3970770
TN8300075;OSM;10929802131
TN8300075;TRENITALIA;830000075
TN8300075;UIC;8300075
TN8300075;WIKIDATA;Q115120804
TN8300082;OSM;7693044738
TN8300082;TRENITALIA;830000082
TN8300082;UIC;8300082
TN8300082;WIKIDATA;Q15266469
TN8300084;OSM;11453016974
TN8300084;TRENITALIA;830000084
TN8300084;UIC;8300084
TN8300084;WIKIDATA;Q3970666
TN8300085;OSM;636038148
TN8300085;TRENITALIA;830000085
TN8300085;UIC;8300085
TN8300085;WIKIDATA;Q3971253
TN8300086;OSM;3511147159
TN8300086;TRENITALIA;830000086
TN8300086;UIC;8300086
TN8300086;WIKIDATA;Q3969073
TN8300087;OSM;456786908
TN8300087;TRENITALIA;830000087
TN8300087;UIC;8300087
TN8300087;WIKIDATA;Q3969268
TN8300088;OSM;6316199196
TN8300088;TRENITALIA;830000088
TN8300088;UIC;8300088
TN8300088;WIKIDATA;Q3969269
TN8300089;OSM;3511147161
TN8300089;TRENITALIA;830000089
TN8300089;UIC;8300089
TN8300089;WIKIDATA;Q3970832
TN8300090;TRENITALIA;830000090
TN8300090;UIC;8300090
TN8300091;OSM;935587896
TN8300091;TRENITALIA;830000091
TN8300091;UIC;8300091
TN8300091;WIKIDATA;Q3970313
TN8300092;TRENITALIA;830000092
TN8300092;UIC;8300092
TN8300093;OSM;935587876
TN8300093;TRENITALIA;830000093
TN8300093;UIC;8300093
TN8300093;WIKIDATA;Q1116560
TN8300094;OSM;822596562
TN8300094;TRENITALIA;830000094
TN8300094;UIC;8300094
TN8300094;WIKIDATA;Q3968953
TN8300095;OSM;822930555
TN8300095;TRENITALIA;830000095
TN8300095;UIC;8300095
TN8300095;WIKIDATA;Q3969918
TN8300096;OSM;935387092
TN8300096;TRENITALIA;830000096
TN8300096;UIC;8300096
TN8300096;WIKIDATA;Q3969722
TN8300097;OSM;6744459618
TN8300097;TRENITALIA;830000097
TN8300097;UIC;8300097
TN8300097;WIKIDATA;Q110073112
TN8300114;OSM;823489175
TN8300114;TRENITALIA;830000114
TN8300114;UIC;8300114
TN8300114;WIKIDATA;Q3969665
TN8300115;OSM;935587990
TN8300115;TRENITALIA;830000115
TN8300115;UIC;8300115
TN8300115;WIKIDATA;Q3971175
TN8300116;OSM;935587965
TN8300116;TRENITALIA;830000116
TN8300116;UIC;8300116
TN8300116;WIKIDATA;Q3969980
TN8300117;OSM;3694858094
TN8300117;TRENITALIA;830000117
TN8300117;UIC;8300117
TN8300117;WIKIDATA;Q3970456
TN8300118;OSM;935587856
TN8300118;TRENITALIA;830000118
TN8300118;UIC;8300118
TN8300118;WIKIDATA;Q3970097
TN8300119;OSM;935587861
TN8300119;TRENITALIA;830000119
TN8300119;UIC;8300119
TN8300119;WIKIDATA;Q3969368
TN8300137;TRENITALIA;830000137
TN8300137;UIC;8300137
TN8300140;TRENITALIA;830000140
TN8300140;UIC;8300140
TN8300142;TRENITALIA;830000142
TN8300142;UIC;8300142
TN8300145;TRENITALIA;830000145
TN8300145;UIC;8300145
TN8300147;TRENITALIA;830000147
TN8300147;UIC;8300147
TN8300148;TRENITALIA;830000148
TN8300148;UIC;8300148
TN8300149;TRENITALIA;830000149
TN8300149;UIC;8300149
TN8300152;TRENITALIA;830000152
TN8300152;UIC;8300152
TN8300154;OSM;376298278
TN8300154;TRENITALIA;830000154
TN8300154;UIC;8300154
TN8300154;WIKIDATA;Q20972988
TN8300155;OSM;1003476683
TN8300155;TRENITALIA;830000155
TN8300155;UIC;8300155
TN8300155;WIKIDATA;Q20972983
TN8300156;OSM;1630413448
TN8300156;TRENITALIA;830000156
TN8300156;UIC;8300156
TN8300156;WIKIDATA;Q20972977
TN8300157;OSM;1003779346
TN8300157;TRENITALIA;830000157
TN8300157;UIC;8300157
TN8300157;WIKIDATA;Q20972993
TN8300158;OSM;12997961566
TN8300158;TRENITALIA;830000158
TN8300158;UIC;8300158
TN8300158;WIKIDATA;Q20972994
TN8300159;OSM;12997885698
TN8300159;TRENITALIA;830000159
TN8300159;UIC;8300159
TN8300159;WIKIDATA;Q16508071
TN8300160;OSM;12997885697
TN8300160;TRENITALIA;830000160
TN8300160;UIC;8300160
TN8300160;WIKIDATA;Q20973000
TN8300170;OSM;3295050369
TN8300170;TRENITALIA;830000170
TN8300170;UIC;8300170
TN8300170;WIKIDATA;Q20009467
TN8300171;OSM;3295059581
TN8300171;TRENITALIA;830000171
TN8300171;UIC;8300171
TN8300171;WIKIDATA;Q20009382
TN8300172;OSM;3295114158
TN8300172;TRENITALIA;830000172
TN8300172;UIC;8300172
TN8300172;WIKIDATA;Q20009395
TN8300174;OSM;3296246023
TN8300174;TRENITALIA;830000174
TN8300174;UIC;8300174
TN8300174;WIKIDATA;Q20009400
TN8300175;OSM;3296257992
TN8300175;TRENITALIA;830000175
TN8300175;UIC;8300175
TN8300175;WIKIDATA;Q20009427
TN8300176;OSM;3296287503
TN8300176;TRENITALIA;830000176
TN8300176;UIC;8300176
TN8300177;OSM;3296311352
TN8300177;TRENITALIA;830000177
TN8300177;UIC;8300177
TN8300177;WIKIDATA;Q20009420
TN8300178;OSM;3296319861
TN8300178;TRENITALIA;830000178
TN8300178;UIC;8300178
TN8300178;WIKIDATA;Q21184970
TN8300202;OSM;2043486315
TN8300202;TRENITALIA;830000202
TN8300202;UIC;8300202
TN8300202;WIKIDATA;Q2579603
TN8300203;OSM;1640224804
TN8300203;TRENITALIA;830000203
TN8300203;UIC;8300203
TN8300203;WIKIDATA;Q3969007
TN8300204;OSM;256630618
TN8300204;TRENITALIA;830000204
TN8300204;UIC;8300204
TN8300204;WIKIDATA;Q3095843
TN8300205;OSM;3511147160
TN8300205;TRENITALIA;830000205
TN8300205;UIC;8300205
TN8300205;WIKIDATA;Q3970762
TN8300206;OSM;1343615232
TN8300206;TRENITALIA;830000206
TN8300206;UIC;8300206
TN8300206;WIKIDATA;Q3969403
TN8300207;TRENITALIA;830000207
TN8300207;UIC;8300207
TN8300208;OSM;1446542028
TN8300208;TRENITALIA;830000208
TN8300208;UIC;8300208
TN8300208;WIKIDATA;Q3969137
TN8300209;OSM;1598967750
TN8300209;TRENITALIA;830000209
TN8300209;UIC;8300209
TN8300209;WIKIDATA;Q3969130
TN8300210;OSM;1598967749
TN8300210;TRENITALIA;830000210
TN8300210;UIC;8300210
TN8300210;WIKIDATA;Q3969094
TN8300211;OSM;1598967752
TN8300211;TRENITALIA;830000211
TN8300211;UIC;8300211
TN8300211;WIKIDATA;Q3970869
TN8300212;OSM;1598967751
TN8300212;TRENITALIA;830000212
TN8300212;UIC;8300212
TN8300212;WIKIDATA;Q3969468
TN8300213;OSM;1598759139
TN8300213;TRENITALIA;830000213
TN8300213;UIC;8300213
TN8300213;WIKIDATA;Q3970865
TN8300214;OSM;1598967748
TN8300214;TRENITALIA;830000214
TN8300214;UIC;8300214
TN8300214;WIKIDATA;Q3968939
TN8300215;OSM;1594568344
TN8300215;TRENITALIA;830000215
TN8300215;UIC;8300215
TN8300215;WIKIDATA;Q3970725
TN8300216;OSM;1588214497
TN8300216;TRENITALIA;830000216
TN8300216;UIC;8300216
TN8300216;WIKIDATA;Q3968862
TN8300217;OSM;1597711071
TN8300217;TRENITALIA;830000217
TN8300217;UIC;8300217
TN8300217;WIKIDATA;Q3969456
TN8300219;OSM;3395226356
TN8300219;TRENITALIA;830000219
TN8300219;UIC;8300219
TN8300219;WIKIDATA;Q801523
TN8300222;OSM;11592793752
TN8300222;TRENITALIA;830000222
TN8300222;UIC;8300035
TN8300222;UIC;8300222
TN8300222;WIKIDATA;Q782123
TN8300228;OSM;2043486469
TN8300228;TRENITALIA;830000228
TN8300228;UIC;8300228
TN8300228;WIKIDATA;Q3971142
TN8300229;OSM;2043486366
TN8300229;TRENITALIA;830000229
TN8300229;UIC;8300229
TN8300229;WIKIDATA;Q3970963
TN8300231;OSM;2043486321
TN8300231;TRENITALIA;830000231
TN8300231;UIC;8300231
TN8300231;WIKIDATA;Q3969112
TN8300232;OSM;2022745528
TN8300232;TRENITALIA;830000232
TN8300232;UIC;8300232
TN8300232;WIKIDATA;Q3969410
TN8300233;OSM;2054071282
TN8300233;TRENITALIA;830000233
TN8300233;UIC;8300233
TN8300233;WIKIDATA;Q21184997
TN8300234;OSM;3299164159
TN8300234;TRENITALIA;830000234
TN8300234;UIC;8300234
TN8300234;WIKIDATA;Q21185198
TN8300235;OSM;3299140072
TN8300235;TRENITALIA;830000235
TN8300235;UIC;8300235
TN8300235;WIKIDATA;Q21185121
TN8300236;OSM;3299140073
TN8300236;TRENITALIA;830000236
TN8300236;UIC;8300236
TN8300236;WIKIDATA;Q21185141
TN8300237;OSM;3299100561
TN8300237;TRENITALIA;830000237
TN8300237;UIC;8300237
TN8300238;OSM;3298858771
TN8300238;TRENITALIA;830000238
TN8300238;UIC;8300238
TN8300238;WIKIDATA;Q21184976
TN8300239;OSM;3298836609
TN8300239;TRENITALIA;830000239
TN8300239;UIC;8300239
TN8300240;OSM;448862155
TN8300240;TRENITALIA;830000240
TN8300240;UIC;8300240
TN8300240;WIKIDATA;Q3970897
TN8300243;OSM;3297547945
TN8300243;TRENITALIA;830000243
TN8300243;UIC;8300243
TN8300243;WIKIDATA;Q21185123
TN8300245;OSM;8416079151
TN8300245;TRENITALIA;830000245
TN8300245;UIC;8300245
TN8300245;WIKIDATA;Q1458422
TN8300246;OSM;1332091075
TN8300246;TRENITALIA;830000246
TN8300246;UIC;8300246
TN8300246;WIKIDATA;Q18785583
TN8300248;OSM;11802851419
TN8300248;TRENITALIA;830000248
TN8300248;UIC;8300248
TN8300248;WIKIDATA;Q590626
TN8300252;OSM;256639315
TN8300252;TRENITALIA;830000252
TN8300252;UIC;8300252
TN8300252;WIKIDATA;Q3971183
TN8300260;OSM;4183329787
TN8300260;TRENITALIA;830000260
TN8300260;UIC;8300260
TN8300260;WIKIDATA;Q3971058
TN8300314;OSM;8416165631
TN8300314;TRENITALIA;830000314
TN8300314;UIC;8300314
TN8300314;WIKIDATA;Q3969258
TN8300315;TRENITALIA;830000315
TN8300315;UIC;8300315
TN8300316;OSM;3296632272
TN8300316;TRENITALIA;830000316
TN8300316;UIC;8300316
TN8300316;WIKIDATA;Q20009404
TN8300333;OSM;11658407611
TN8300333;TRENITALIA;830000333
TN8300333;UIC;8300333
TN8300333;WIKIDATA;Q3969193
TN8300347;OSM;2469860998
TN8300347;TRENITALIA;830000347
TN8300347;UIC;8300347
TN8300347;WIKIDATA;Q26258098
TN8300348;TRENITALIA;830000348
TN8300348;UIC;8300348
TN8300452;OSM;2043486370
TN8300452;TRENITALIA;830000452
TN8300452;UIC;8300452
TN8300452;WIKIDATA;Q801521
TN8300453;OSM;2043486356
TN8300453;TRENITALIA;830000453
TN8300453;UIC;8300453
TN8300453;WIKIDATA;Q3970172
TN8300455;OSM;7696134788
TN8300455;TRENITALIA;830000455
TN8300455;UIC;8300455
TN8300455;WIKIDATA;Q3971202
TN8300456;OSM;5712163808
TN8300456;TRENITALIA;830000456
TN8300456;UIC;8300456
TN8300456;WIKIDATA;Q3969168
TN8300457;OSM;12291596706
TN8300457;TRENITALIA;830000457
TN8300457;UIC;8300457
TN8300457;WIKIDATA;Q3970457
TN8300458;OSM;12291596705
TN8300458;TRENITALIA;830000458
TN8300458;UIC;8300458
TN8300458;WIKIDATA;Q3971332
TN8300459;OSM;7120231929
TN8300459;TRENITALIA;830000459
TN8300459;UIC;8300459
TN8300459;WIKIDATA;Q3971325
TN8300460;OSM;12401011283
TN8300460;TRENITALIA;830000460
TN8300460;UIC;8300460
TN8300460;WIKIDATA;Q3968954
TN8300461;OSM;4101675016
TN8300461;TRENITALIA;830000461
TN8300461;UIC;8300461
TN8300461;WIKIDATA;Q3970785
TN8300462;OSM;4508874683
TN8300462;TRENITALIA;830000462
TN8300462;UIC;8300462
TN8300462;WIKIDATA;Q743896
TN8300463;OSM;3481887574
TN8300463;TRENITALIA;830000463
TN8300463;UIC;8300463
TN8300463;WIKIDATA;Q3970840
TN8300465;OSM;7089180112
TN8300465;TRENITALIA;830000465
TN8300465;UIC;8300465
TN8300466;OSM;5675754507
TN8300466;TRENITALIA;830000466
TN8300466;UIC;8300466
TN8300468;OSM;12291596707
TN8300468;TRENITALIA;830000468
TN8300468;UIC;8300468
TN8300469;OSM;12291596708
TN8300469;TRENITALIA;830000469
TN8300469;UIC;8300469
TN8300470;OSM;12291596709
TN8300470;TRENITALIA;830000470
TN8300470;UIC;8300470
TN8300470;WIKIDATA;Q3968863
TN8300500;OSM;2043486342
TN8300500;TRENITALIA;830000500
TN8300500;UIC;8300500
TN8300500;WIKIDATA;Q3969398
TN8300510;OSM;4820740890
TN8300510;TRENITALIA;830000510
TN8300510;UIC;8300510
TN8300510;WIKIDATA;Q14943277
TN8300511;OSM;7693044740
TN8300511;TRENITALIA;830000511
TN8300511;UIC;8300511
TN8300511;WIKIDATA;Q14943279
TN8300512;OSM;3573141093
TN8300512;TRENITALIA;830000512
TN8300512;UIC;8300512
TN8300512;WIKIDATA;Q14943291
TN8300513;OSM;1615505884
TN8300513;TRENITALIA;830000513
TN8300513;UIC;8300513
TN8300513;WIKIDATA;Q15262444
TN8300514;OSM;7693044739
TN8300514;TRENITALIA;830000514
TN8300514;UIC;8300514
TN8300514;WIKIDATA;Q15178626
TN8300515;OSM;7693044745
TN8300515;TRENITALIA;830000515
TN8300515;UIC;8300515
TN8300515;WIKIDATA;Q15266808
TN8300517;OSM;7693044748
TN8300517;TRENITALIA;830000517
TN8300517;UIC;8300517
TN8300517;WIKIDATA;Q3970490
TN8300600;OSM;2043486548
TN8300600;TRENITALIA;830000600
TN8300600;UIC;8300600
TN8300600;WIKIDATA;Q15948815
TN8300601;OSM;2043486335
TN8300601;TRENITALIA;830000601
TN8300601;UIC;8300601
TN8300601;WIKIDATA;Q3969228
TN8300602;OSM;2043486359
TN8300602;TRENITALIA;830000602
TN8300602;UIC;8300602
TN8300602;WIKIDATA;Q3970631
TN8300603;OSM;2043486341
TN8300603;TRENITALIA;830000603
TN8300603;UIC;8300603
TN8300603;WIKIDATA;Q3969352
TN8300604;OSM;2043486365
TN8300604;TRENITALIA;830000604
TN8300604;UIC;8300604
TN8300604;WIKIDATA;Q3970917
TN8300606;OSM;3481954067
TN8300606;TRENITALIA;830000606
TN8300606;UIC;8300606
TN8300606;WIKIDATA;Q3969648
TN8300608;OSM;8382378718
TN8300608;TRENITALIA;830000608
TN8300608;UIC;8300608
TN8300608;WIKIDATA;Q22299007
TN8300610;OSM;2052009202
TN8300610;TRENITALIA;830000610
TN8300610;UIC;8300610
TN8300610;WIKIDATA;Q3969509
TN8300613;TRENITALIA;830000613
TN8300613;UIC;8300613
TN8300614;OSM;1446240458
TN8300614;TRENITALIA;830000614
TN8300614;UIC;8300614
TN8300614;WIKIDATA;Q3970692
TN8300615;OSM;2052772776
TN8300615;TRENITALIA;830000615
TN8300615;UIC;8300615
TN8300615;WIKIDATA;Q3970686
TN8300616;OSM;2052772795
TN8300616;TRENITALIA;830000616
TN8300616;UIC;8300616
TN8300616;WIKIDATA;Q3971268
TN8300617;OSM;2052772775
TN8300617;TRENITALIA;830000617
TN8300617;UIC;8300617
TN8300617;WIKIDATA;Q3969963
TN8300730;TRENITALIA;830000730
TN8300730;UIC;8300730
TN8300731;OSM;2043486363
TN8300731;TRENITALIA;830000731
TN8300731;UIC;8300731
TN8300731;WIKIDATA;Q16609838
TN8300732;OSM;5712240888
TN8300732;TRENITALIA;830000732
TN8300732;UIC;8300732
TN8300732;WIKIDATA;Q16608779
TN8300742;OSM;1296742340
TN8300742;TRENITALIA;830000742
TN8300742;UIC;8300742
TN8300742;WIKIDATA;Q3969390
TN8300743;OSM;2052849923
TN8300743;TRENITALIA;830000743
TN8300743;UIC;8300743
TN8300743;WIKIDATA;Q16609770
TN8300744;OSM;2052849930
TN8300744;TRENITALIA;830000744
TN8300744;UIC;8300744
TN8300744;WIKIDATA;Q16609777
TN8300745;OSM;2052772774
TN8300745;TRENITALIA;830000745
TN8300745;UIC;8300745
TN8300745;WIKIDATA;Q15207940
TN8300801;OSM;374566462
TN8300801;TRENITALIA;830000801
TN8300801;UIC;8300801
TN8300801;WIKIDATA;Q3970176
TN8300802;OSM;374566801
TN8300802;TRENITALIA;830000802
TN8300802;UIC;8300802
TN8300802;WIKIDATA;Q3971300
TN8300803;OSM;315386274
TN8300803;TRENITALIA;830000803
TN8300803;UIC;8300803
TN8300803;WIKIDATA;Q3970202
TN8300804;OSM;315144602
TN8300804;TRENITALIA;830000804
TN8300804;UIC;8300804
TN8300804;WIKIDATA;Q3968831
TN8300807;OSM;2864467102
TN8300807;TRENITALIA;830000807
TN8300807;UIC;8300807
TN8300807;WIKIDATA;Q3969006
TN8300808;OSM;315378389
TN8300808;TRENITALIA;830000808
TN8300808;UIC;8300808
TN8300808;WIKIDATA;Q3970169
TN8300809;TRENITALIA;830000809
TN8300809;UIC;8300809
TN8300820;TRENITALIA;830000820
TN8300820;UIC;8300820
TN8300821;OSM;2043486320
TN8300821;TRENITALIA;830000821
TN8300821;UIC;8300821
TN8300822;OSM;2053312536
TN8300822;TRENITALIA;830000822
TN8300822;UIC;8300822
TN8300822;WIKIDATA;Q16609856
TN8300823;OSM;1640443322
TN8300823;TRENITALIA;830000823
TN8300823;UIC;8300823
TN8300823;WIKIDATA;Q16609461
TN8300824;OSM;3481954068
TN8300824;TRENITALIA;830000824
TN8300824;UIC;8300824
TN8300824;WIKIDATA;Q16609481
TN8300825;OSM;11592509781
TN8300825;TRENITALIA;830000825
TN8300825;UIC;8300825
TN8300825;WIKIDATA;Q11705796
TN8300827;OSM;897715686
TN8300827;TRENITALIA;830000827
TN8300827;UIC;8300827
TN8300827;WIKIDATA;Q20009422
TN8300828;OSM;1501192012
TN8300828;TRENITALIA;830000828
TN8300828;UIC;8300828
TN8300828;WIKIDATA;Q3969285
TN8300834;OSM;315145029
TN8300834;TRENITALIA;830000834
TN8300834;UIC;8300834
TN8300834;WIKIDATA;Q3970305
TN8300842;OSM;3744716698
TN8300842;TRENITALIA;830000842
TN8300842;UIC;8300842
TN8300842;WIKIDATA;Q16609623
TN8300860;OSM;1381717095
TN8300860;TRENITALIA;830000860
TN8300860;UIC;8300860
TN8300860;WIKIDATA;Q3969096
TN8300864;OSM;1381717102
TN8300864;TRENITALIA;830000864
TN8300864;UIC;8300864
TN8300864;WIKIDATA;Q3969279
TN8300866;OSM;1381717103
TN8300866;TRENITALIA;830000866
TN8300866;UIC;8300866
TN8300866;WIKIDATA;Q3971051
TN8300867;OSM;1164613215
TN8300867;TRENITALIA;830000867
TN8300867;UIC;8300867
TN8300867;WIKIDATA;Q3968823
TN8300869;OSM;1381717110
TN8300869;TRENITALIA;830000869
TN8300869;UIC;8300869
TN8300869;WIKIDATA;Q3971107
TN8300870;OSM;377644551
TN8300870;TRENITALIA;830000870
TN8300870;UIC;8300870
TN8300871;OSM;1381717111
TN8300871;TRENITALIA;830000871
TN8300871;UIC;8300871
TN8300871;WIKIDATA;Q3970548
TN8300872;TRENITALIA;830000872
TN8300872;UIC;8300872
TN8300873;OSM;920079458
TN8300873;TRENITALIA;830000873
TN8300873;UIC;8300873
TN8300873;WIKIDATA;Q3970168
TN8300874;OSM;377644261
TN8300874;TRENITALIA;830000874
TN8300874;UIC;8300874
TN8300874;WIKIDATA;Q3971030
TN8300875;OSM;1381717124
TN8300875;TRENITALIA;830000875
TN8300875;UIC;8300875
TN8300875;WIKIDATA;Q3970086
TN8300876;OSM;1381717142
TN8300876;TRENITALIA;830000876
TN8300876;UIC;8300876
TN8300876;WIKIDATA;Q3970461
TN8300877;OSM;1381717179
TN8300877;TRENITALIA;830000877
TN8300877;UIC;8300877
TN8300877;WIKIDATA;Q3969518
TN8300878;OSM;1381717180
TN8300878;TRENITALIA;830000878
TN8300878;UIC;8300878
TN8300878;WIKIDATA;Q3970694
TN8300879;OSM;5712239031
TN8300879;TRENITALIA;830000879
TN8300879;UIC;8300879
TN8300879;WIKIDATA;Q3969153
TN8300880;OSM;7696134785
TN8300880;TRENITALIA;830000880
TN8300880;UIC;8300880
TN8300880;WIKIDATA;Q3971352
TN8300881;OSM;7696110584
TN8300881;TRENITALIA;830000881
TN8300881;UIC;8300881
TN8300881;WIKIDATA;Q15274754
TN8300882;OSM;7696110583
TN8300882;TRENITALIA;830000882
TN8300882;UIC;8300882
TN8300882;WIKIDATA;Q22262569
TN8300883;OSM;7696110582
TN8300883;TRENITALIA;830000883
TN8300883;UIC;8300883
TN8300884;OSM;1782576222
TN8300884;TRENITALIA;830000884
TN8300884;UIC;8300884
TN8300884;WIKIDATA;Q3970682
TN8300950;OSM;1640523110
TN8300950;TRENITALIA;830000950
TN8300950;UIC;8300950
TN8300950;WIKIDATA;Q16610002
TN8300951;OSM;8382378719
TN8300951;TRENITALIA;830000951
TN8300951;UIC;8300951
TN8300951;WIKIDATA;Q16609374
TN8300952;OSM;247367163
TN8300952;TRENITALIA;830000952
TN8300952;UIC;8300952
TN8300952;WIKIDATA;Q3970175
TN8300953;TRENITALIA;830000953
TN8300953;UIC;8300953
TN8300954;OSM;1344840004
TN8300954;TRENITALIA;830000954
TN8300954;UIC;8300954
TN8300954;WIKIDATA;Q16609340
TN8300971;OSM;2104372965
TN8300971;TRENITALIA;830000971
TN8300971;UIC;8300971
TN8300971;WIKIDATA;Q16608960
TN8300972;OSM;1639364538
TN8300972;TRENITALIA;830000972
TN8300972;UIC;8300972
TN8300972;WIKIDATA;Q16608966
TN8300973;OSM;1502797359
TN8300973;TRENITALIA;830000973
TN8300973;UIC;8300973
TN8300973;WIKIDATA;Q3969493
TN8300976;OSM;266648931
TN8300976;TRENITALIA;830000976
TN8300976;UIC;8300976
TN8300976;WIKIDATA;Q16609488
TN8300980;OSM;3706521475
TN8300980;TRENITALIA;830000980
TN8300980;UIC;8300980
TN8300980;WIKIDATA;Q3969542
TN8300981;OSM;8365784985
TN8300981;TRENITALIA;830000981
TN8300981;UIC;8300981
TN8300981;WIKIDATA;Q3969087
TN8300982;OSM;2326300814
TN8300982;TRENITALIA;830000982
TN8300982;UIC;8300982
TN8300982;WIKIDATA;Q3971246
TN8300983;OSM;11992328821
TN8300983;TRENITALIA;830000983
TN8300983;UIC;8300983
TN8300983;WIKIDATA;Q3970039
TN8300984;OSM;8365774156
TN8300984;TRENITALIA;830000984
TN8300984;UIC;8300984
TN8300984;WIKIDATA;Q3970337
TN8300985;OSM;2326261018
TN8300985;TRENITALIA;830000985
TN8300985;UIC;8300985
TN8300985;WIKIDATA;Q3969013
TN8301003;OSM;2837216238
TN8301003;TRENITALIA;830001003
TN8301003;UIC;8301003
TN8301003;UIC;8501607
TN8301003;WIKIDATA;Q3969541
TN8301008;OSM;902667361
TN8301008;TRENITALIA;830001008
TN8301008;UIC;8301008
TN8301008;WIKIDATA;Q16610090
TN8301009;OSM;1071824657
TN8301009;TRENITALIA;830001009
TN8301009;UIC;8301009
TN8301010;OSM;1071709975
TN8301010;TRENITALIA;830001010
TN8301010;UIC;8301010
TN8301010;WIKIDATA;Q16609132
TN8301012;OSM;616839998
TN8301012;TRENITALIA;830001012
TN8301012;UIC;8301012
TN8301012;WIKIDATA;Q16609418
TN8301013;OSM;1077876401
TN8301013;TRENITALIA;830001013
TN8301013;UIC;8301013
TN8301013;WIKIDATA;Q3971269
TN8301015;OSM;384801000
TN8301015;TRENITALIA;830001015
TN8301015;UIC;8301015
TN8301015;WIKIDATA;Q16608805
TN8301016;OSM;356708793
TN8301016;TRENITALIA;830001016
TN8301016;UIC;8301016
TN8301016;WIKIDATA;Q3971050
TN8301017;OSM;356705507
TN8301017;TRENITALIA;830001017
TN8301017;UIC;8301017
TN8301017;WIKIDATA;Q16608808
TN8301018;OSM;356705503
TN8301018;TRENITALIA;830001018
TN8301018;UIC;8301018
TN8301018;WIKIDATA;Q16609337
TN8301019;OSM;356705488
TN8301019;TRENITALIA;830001019
TN8301019;UIC;8301019
TN8301019;WIKIDATA;Q16609408
TN8301020;OSM;283154029
TN8301020;TRENITALIA;830001020
TN8301020;UIC;8301020
TN8301020;WIKIDATA;Q3968903
TN8301025;OSM;2326313043
TN8301025;TRENITALIA;830001025
TN8301025;UIC;8301025
TN8301025;WIKIDATA;Q16609149
TN8301026;OSM;2522022643
TN8301026;TRENITALIA;830001026
TN8301026;UIC;8301026
TN8301026;WIKIDATA;Q3970956
TN8301027;OSM;2077466850
TN8301027;TRENITALIA;830001027
TN8301027;UIC;8301027
TN8301028;OSM;288508074
TN8301028;TRENITALIA;830001028
TN8301028;UIC;8301028
TN8301029;OSM;1741693757
TN8301029;TRENITALIA;830001029
TN8301029;UIC;8301029
TN8301030;OSM;251033595
TN8301030;TRENITALIA;830001030
TN8301030;UIC;8301030
TN8301030;WIKIDATA;Q3969679
TN8301031;OSM;7441321210
TN8301031;TRENITALIA;830001031
TN8301031;UIC;8301031
TN8301031;WIKIDATA;Q800599
TN8301033;OSM;251033690
TN8301033;TRENITALIA;830001033
TN8301033;UIC;8301033
TN8301033;WIKIDATA;Q3969940
TN8301036;OSM;793765652
TN8301036;TRENITALIA;830001036
TN8301036;UIC;8301036
TN8301036;WIKIDATA;Q583058
TN8301037;OSM;30064437
TN8301037;TRENITALIA;830001037
TN8301037;UIC;8301037
TN8301037;WIKIDATA;Q3970669
TN8301039;TRENITALIA;830001039
TN8301039;UIC;8301039
TN8301040;OSM;2329302741
TN8301040;TRENITALIA;830001040
TN8301040;UIC;8301040
TN8301040;WIKIDATA;Q3970015
TN8301041;TRENITALIA;830001041
TN8301041;UIC;8301041
TN8301042;OSM;337532584
TN8301042;TRENITALIA;830001042
TN8301042;UIC;8301042
TN8301042;WIKIDATA;Q3971353
TN8301307;OSM;4126950607
TN8301307;TRENITALIA;830001307
TN8301307;UIC;8301307
TN8301307;WIKIDATA;Q260886
TN8301322;OSM;256975055
TN8301322;TRENITALIA;830001322
TN8301322;UIC;8301322
TN8301322;WIKIDATA;Q801199
TN8301326;OSM;30049024
TN8301326;TRENITALIA;830001326
TN8301326;UIC;8301326
TN8301326;WIKIDATA;Q801183
TN8301492;OSM;9635608903
TN8301492;TRENITALIA;830001492
TN8301492;UIC;8301492
TN8301492;WIKIDATA;Q3970116
TN8301529;OSM;8607336257
TN8301529;TRENITALIA;830001529
TN8301529;UIC;8301529
TN8301529;WIKIDATA;Q800465
TN8301600;OSM;9011483886
TN8301600;TRENITALIA;830001600
TN8301600;UIC;8301600
TN8301601;OSM;9626258564
TN8301601;TRENITALIA;830001601
TN8301601;UIC;8301601
TN8301601;WIKIDATA;Q3971193
TN8301645;OSM;11635678177
TN8301645;TRENITALIA;830001645
TN8301645;UIC;8301645
TN8301645;WIKIDATA;Q801187
TN8301700;OSM;6067258870
TN8301700;TRENITALIA;830001700
TN8301700;UIC;8301700
TN8301700;WIKIDATA;Q801193
TN8301701;OSM;169701311
TN8301701;TRENITALIA;830001701
TN8301701;UIC;8301701
TN8301701;WIKIDATA;Q801184
TN8301717;OSM;4553822557
TN8301717;TRENITALIA;830001717
TN8301717;UIC;8301717
TN8301717;WIKIDATA;Q727319
TN8301807;OSM;197428492
TN8301807;TRENITALIA;830001807
TN8301807;UIC;8301807
TN8301807;WIKIDATA;Q801568
TN8301809;OSM;3344424734
TN8301809;TRENITALIA;830001809
TN8301809;UIC;8301809
TN8301810;OSM;1890584863
TN8301810;TRENITALIA;830001810
TN8301810;UIC;8301810
TN8301810;WIKIDATA;Q57247406
TN8301820;OSM;9635608905
TN8301820;TRENITALIA;830001820
TN8301820;UIC;8301820
TN8301820;WIKIDATA;Q801189
TN8301822;OSM;1033165175
TN8301822;TRENITALIA;830001822
TN8301822;UIC;8301822
TN8301822;WIKIDATA;Q3970083
TN8301825;OSM;7785834104
TN8301825;TRENITALIA;830001825
TN8301825;UIC;8301825
TN8301825;WIKIDATA;Q571342
TN8301827;OSM;12351344286
TN8301827;TRENITALIA;830001827
TN8301827;UIC;8301827
TN8301827;WIKIDATA;Q3969264
TN8301828;OSM;1436479313
TN8301828;TRENITALIA;830001828
TN8301828;UIC;8301828
TN8301828;WIKIDATA;Q3969442
TN8301860;OSM;211030020
TN8301860;TRENITALIA;830001860
TN8301860;UIC;8301860
TN8301860;WIKIDATA;Q179302
TN8301940;OSM;2139474783
TN8301940;TRENITALIA;830001940
TN8301940;UIC;8301940
TN8301940;WIKIDATA;Q3971034
TN8301941;OSM;3344422597
TN8301941;TRENITALIA;830001941
TN8301941;UIC;8301941
TN8301941;WIKIDATA;Q3970810
TN8302001;OSM;941776925
TN8302001;TRENITALIA;830002001
TN8302001;UIC;8300092
TN8302001;UIC;8302001
TN8302001;WIKIDATA;Q373503
TN8302003;TRENITALIA;830002003
TN8302003;UIC;8302003
TN8302005;OSM;6770346689
TN8302005;TRENITALIA;830002005
TN8302005;UIC;8300091
TN8302005;UIC;8302005
TN8302005;WIKIDATA;Q16609070
TN8302006;OSM;6770315886
TN8302006;TRENITALIA;830002006
TN8302006;UIC;8302006
TN8302006;WIKIDATA;Q16610079
TN8302007;OSM;2749726850
TN8302007;TRENITALIA;830002007
TN8302007;UIC;8302007
TN8302007;WIKIDATA;Q3969180
TN8302011;OSM;942393825
TN8302011;TRENITALIA;830002011
TN8302011;UIC;8300089
TN8302011;UIC;8302011
TN8302011;WIKIDATA;Q16609207
TN8302013;TRENITALIA;830002013
TN8302013;UIC;8302013
TN8302014;OSM;1455005001
TN8302014;TRENITALIA;830002014
TN8302014;UIC;8302014
TN8302014;WIKIDATA;Q3969119
TN8302016;OSM;6770404379
TN8302016;TRENITALIA;830002016
TN8302016;UIC;8302016
TN8302016;WIKIDATA;Q16609800
TN8302017;OSM;1455005006
TN8302017;TRENITALIA;830002017
TN8302017;UIC;8302017
TN8302017;WIKIDATA;Q3969408
TN8302018;OSM;7435118507
TN8302018;TRENITALIA;830002018
TN8302018;UIC;8302018
TN8302018;WIKIDATA;Q16609580
TN8302020;OSM;1455005014
TN8302020;TRENITALIA;830002020
TN8302020;UIC;8302020
TN8302020;WIKIDATA;Q3970527
TN8302026;OSM;1455004982
TN8302026;TRENITALIA;830002026
TN8302026;UIC;8300084
TN8302026;UIC;8302026
TN8302026;WIKIDATA;Q800560
TN8302029;OSM;1455005010
TN8302029;TRENITALIA;830002029
TN8302029;UIC;8302029
TN8302029;WIKIDATA;Q3969907
TN8302030;OSM;1455004993
TN8302030;TRENITALIA;830002030
TN8302030;UIC;8302030
TN8302030;WIKIDATA;Q3969124
TN8302031;OSM;1764381711
TN8302031;TRENITALIA;830002031
TN8302031;UIC;8302031
TN8302031;WIKIDATA;Q16609527
TN8302032;OSM;1764381721
TN8302032;TRENITALIA;830002032
TN8302032;UIC;8302032
TN8302032;WIKIDATA;Q16609157
TN8302033;OSM;1764381717
TN8302033;TRENITALIA;830002033
TN8302033;UIC;8302033
TN8302033;WIKIDATA;Q3970014
TN8302034;OSM;1764381733
TN8302034;TRENITALIA;830002034
TN8302034;UIC;8302034
TN8302034;WIKIDATA;Q16609780
TN8302035;OSM;1764381719
TN8302035;TRENITALIA;830002035
TN8302035;UIC;8302035
TN8302035;WIKIDATA;Q3970098
TN8302037;OSM;4321052459
TN8302037;TRENITALIA;830002037
TN8302037;UIC;8302037
TN8302037;WIKIDATA;Q3969931
TN8302038;OSM;1764381735
TN8302038;TRENITALIA;830002038
TN8302038;UIC;8302038
TN8302038;WIKIDATA;Q1404881
TN8302044;OSM;1764381725
TN8302044;TRENITALIA;830002044
TN8302044;UIC;8300113
TN8302044;UIC;8302044
TN8302044;WIKIDATA;Q3970745
TN8302046;OSM;1764381720
TN8302046;TRENITALIA;830002046
TN8302046;UIC;8302046
TN8302046;WIKIDATA;Q17146448
TN8302047;OSM;10751488339
TN8302047;TRENITALIA;830002047
TN8302047;UIC;8302047
TN8302047;WIKIDATA;Q24938709
TN8302048;OSM;1764381734
TN8302048;TRENITALIA;830002048
TN8302048;UIC;8302048
TN8302048;WIKIDATA;Q16609899
TN8302049;OSM;2518597829
TN8302049;TRENITALIA;830002049
TN8302049;UIC;8302049
TN8302049;WIKIDATA;Q16608721
TN8302050;OSM;1764381712
TN8302050;TRENITALIA;830002050
TN8302050;UIC;8302050
TN8302050;WIKIDATA;Q16608767
TN8302051;OSM;1764381713
TN8302051;TRENITALIA;830002051
TN8302051;UIC;8302051
TN8302051;WIKIDATA;Q16608848
TN8302052;OSM;1764381723
TN8302052;TRENITALIA;830002052
TN8302052;UIC;8302052
TN8302052;WIKIDATA;Q16609582
TN8302053;TRENITALIA;830002053
TN8302053;UIC;8302053
TN8302055;OSM;1764381715
TN8302055;TRENITALIA;830002055
TN8302055;UIC;8302055
TN8302055;WIKIDATA;Q3969537
TN8302059;TRENITALIA;830002059
TN8302059;UIC;8302059
TN8302060;OSM;7435118508
TN8302060;TRENITALIA;830002060
TN8302060;UIC;8302060
TN8302060;WIKIDATA;Q16608866
TN8302082;TRENITALIA;830002082
TN8302082;UIC;8302082
TN8302083;OSM;3324865280
TN8302083;TRENITALIA;830002083
TN8302083;UIC;8302083
TN8302083;WIKIDATA;Q16609359
TN8302084;OSM;3324839623
TN8302084;TRENITALIA;830002084
TN8302084;UIC;8302084
TN8302084;WIKIDATA;Q3969525
TN8302088;OSM;3324817342
TN8302088;TRENITALIA;830002088
TN8302088;UIC;8302088
TN8302088;WIKIDATA;Q3970454
TN8302093;OSM;6817528980
TN8302093;TRENITALIA;830002093
TN8302093;UIC;8302093
TN8302093;WIKIDATA;Q16608998
TN8302102;OSM;5943496650
TN8302102;TRENITALIA;830002102
TN8302102;UIC;8300428
TN8302102;UIC;8302102
TN8302102;WIKIDATA;Q16609723
TN8302103;OSM;5943496649
TN8302103;TRENITALIA;830002103
TN8302103;UIC;8302103
TN8302103;WIKIDATA;Q3971243
TN8302105;OSM;5943496648
TN8302105;TRENITALIA;830002105
TN8302105;UIC;8300401
TN8302105;UIC;8302105
TN8302105;WIKIDATA;Q3969300
TN8302107;OSM;5943496647
TN8302107;TRENITALIA;830002107
TN8302107;UIC;8302107
TN8302107;WIKIDATA;Q3969127
TN8302110;OSM;6770429167
TN8302110;TRENITALIA;830002110
TN8302110;UIC;8300443
TN8302110;UIC;8302110
TN8302110;WIKIDATA;Q16610011
TN8302111;TRENITALIA;830002111
TN8302111;UIC;8302111
TN8302112;OSM;6775330229
TN8302112;TRENITALIA;830002112
TN8302112;UIC;8302112
TN8302113;OSM;6738731097
TN8302113;TRENITALIA;830002113
TN8302113;UIC;8300104
TN8302113;UIC;8302113
TN8302113;WIKIDATA;Q3969534
TN8302114;OSM;3020749732
TN8302114;TRENITALIA;830002114
TN8302114;UIC;8300114
TN8302114;UIC;8302114
TN8302114;WIKIDATA;Q3970782
TN8302115;OSM;668985092
TN8302115;TRENITALIA;830002115
TN8302115;UIC;8302115
TN8302115;WIKIDATA;Q18785623
TN8302140;OSM;255465171
TN8302140;TRENITALIA;830002140
TN8302140;UIC;8302140
TN8302140;WIKIDATA;Q3970927
TN8302141;OSM;4526450912
TN8302141;TRENITALIA;830002141
TN8302141;UIC;8302141
TN8302141;WIKIDATA;Q3968871
TN8302142;OSM;335597874
TN8302142;TRENITALIA;830002142
TN8302142;UIC;8302142
TN8302142;WIKIDATA;Q17637360
TN8302143;OSM;6813962344
TN8302143;TRENITALIA;830002143
TN8302143;UIC;8302143
TN8302143;WIKIDATA;Q17637595
TN8302145;OSM;4160043633
TN8302145;TRENITALIA;830002145
TN8302145;UIC;8302145
TN8302145;WIKIDATA;Q17637637
TN8302146;OSM;324755429
TN8302146;TRENITALIA;830002146
TN8302146;UIC;8302146
TN8302146;WIKIDATA;Q17637237
TN8302147;OSM;354554984
TN8302147;TRENITALIA;830002147
TN8302147;UIC;8302147
TN8302147;WIKIDATA;Q17637176
TN8302216;OSM;7389876825
TN8302216;TRENITALIA;830002216
TN8302216;UIC;8302216
TN8302216;WIKIDATA;Q3970087
TN8302217;OSM;1455273186
TN8302217;TRENITALIA;830002217
TN8302217;UIC;8302217
TN8302217;WIKIDATA;Q16609413
TN8302219;OSM;1455273167
TN8302219;TRENITALIA;830002219
TN8302219;UIC;8302219
TN8302219;WIKIDATA;Q16609328
TN8302221;OSM;1455273166
TN8302221;TRENITALIA;830002221
TN8302221;UIC;8300536
TN8302221;UIC;8302221
TN8302221;WIKIDATA;Q16609242
TN8302222;OSM;1455273188
TN8302222;TRENITALIA;830002222
TN8302222;UIC;8302222
TN8302222;WIKIDATA;Q16610076
TN8302223;OSM;1455273183
TN8302223;TRENITALIA;830002223
TN8302223;UIC;8302223
TN8302223;WIKIDATA;Q16609950
TN8302224;OSM;1455273180
TN8302224;TRENITALIA;830002224
TN8302224;UIC;8302224
TN8302224;WIKIDATA;Q16609902
TN8302225;OSM;1455273175
TN8302225;TRENITALIA;830002225
TN8302225;UIC;8302225
TN8302225;WIKIDATA;Q17146418
TN8302226;OSM;1455273163
TN8302226;TRENITALIA;830002226
TN8302226;UIC;8302226
TN8302226;WIKIDATA;Q3969068
TN8302300;OSM;457181953
TN8302300;TRENITALIA;830002300
TN8302300;UIC;8302300
TN8302300;WIKIDATA;Q3971337
TN8302302;OSM;4922948640
TN8302302;TRENITALIA;830002302
TN8302302;UIC;8302302
TN8302302;WIKIDATA;Q3970592
TN8302305;OSM;6817033417
TN8302305;TRENITALIA;830002305
TN8302305;UIC;8302305
TN8302305;WIKIDATA;Q3970434
TN8302306;OSM;6817029780
TN8302306;TRENITALIA;830002306
TN8302306;UIC;8302306
TN8302306;WIKIDATA;Q3970784
TN8302307;OSM;330400880
TN8302307;TRENITALIA;830002307
TN8302307;UIC;8302307
TN8302307;WIKIDATA;Q3969157
TN8302308;OSM;330400817
TN8302308;TRENITALIA;830002308
TN8302308;UIC;8302308
TN8302308;WIKIDATA;Q3969159
TN8302309;OSM;598464304
TN8302309;TRENITALIA;830002309
TN8302309;UIC;8302309
TN8302309;WIKIDATA;Q3969953
TN8302312;OSM;4276907416
TN8302312;TRENITALIA;830002312
TN8302312;UIC;8302312
TN8302312;WIKIDATA;Q3970715
TN8302313;OSM;959514411
TN8302313;TRENITALIA;830002313
TN8302313;UIC;8302313
TN8302313;WIKIDATA;Q3969090
TN8302314;OSM;959514403
TN8302314;TRENITALIA;830002314
TN8302314;UIC;8302314
TN8302314;WIKIDATA;Q3969089
TN8302315;OSM;393163600
TN8302315;TRENITALIA;830002315
TN8302315;UIC;8302315
TN8302315;WIKIDATA;Q3971053
TN8302317;OSM;761090461
TN8302317;TRENITALIA;830002317
TN8302317;UIC;8302317
TN8302317;WIKIDATA;Q3969753
TN8302318;OSM;393163669
TN8302318;TRENITALIA;830002318
TN8302318;UIC;8302318
TN8302318;WIKIDATA;Q3971110
TN8302319;OSM;6816983011
TN8302319;TRENITALIA;830002319
TN8302319;UIC;8302319
TN8302319;WIKIDATA;Q3970614
TN8302330;OSM;275239516
TN8302330;TRENITALIA;830002330
TN8302330;UIC;8302330
TN8302330;WIKIDATA;Q3969544
TN8302331;OSM;285958240
TN8302331;TRENITALIA;830002331
TN8302331;UIC;8302331
TN8302331;WIKIDATA;Q3971326
TN8302332;OSM;338378695
TN8302332;TRENITALIA;830002332
TN8302332;UIC;8302332
TN8302332;WIKIDATA;Q17637412
TN8302333;OSM;338385439
TN8302333;TRENITALIA;830002333
TN8302333;UIC;8302333
TN8302333;WIKIDATA;Q3970740
TN8302334;OSM;4390144079
TN8302334;TRENITALIA;830002334
TN8302334;UIC;8302334
TN8302334;WIKIDATA;Q3970870
TN8302336;OSM;469685674
TN8302336;TRENITALIA;830002336
TN8302336;UIC;8302336
TN8302336;WIKIDATA;Q3970044
TN8302349;OSM;13662393962
TN8302349;TRENITALIA;830002349
TN8302349;UIC;8302349
TN8302349;WIKIDATA;Q3969241
TN8302363;OSM;300351683
TN8302363;TRENITALIA;830002363
TN8302363;UIC;8302363
TN8302363;WIKIDATA;Q3969106
TN8302364;OSM;2957514905
TN8302364;TRENITALIA;830002364
TN8302364;UIC;8302364
TN8302364;WIKIDATA;Q3969369
TN8302366;OSM;540232261
TN8302366;TRENITALIA;830002366
TN8302366;UIC;8302366
TN8302366;WIKIDATA;Q3969935
TN8302367;TRENITALIA;830002367
TN8302367;UIC;8302367
TN8302368;OSM;2054029591
TN8302368;TRENITALIA;830002368
TN8302368;UIC;8302368
TN8302368;WIKIDATA;Q3969281
TN8302370;OSM;1699656206
TN8302370;TRENITALIA;830002370
TN8302370;UIC;8302370
TN8302370;WIKIDATA;Q3968942
TN8302373;OSM;1744638095
TN8302373;TRENITALIA;830002373
TN8302373;UIC;8302373
TN8302373;WIKIDATA;Q3969939
TN8302374;OSM;1958542000
TN8302374;TRENITALIA;830002374
TN8302374;UIC;8302374
TN8302374;WIKIDATA;Q3969656
TN8302375;OSM;4173507394
TN8302375;TRENITALIA;830002375
TN8302375;UIC;8302375
TN8302375;WIKIDATA;Q22324589
TN8302380;OSM;966940662
TN8302380;TRENITALIA;830002380
TN8302380;UIC;8302380
TN8302380;WIKIDATA;Q3970037
TN8302381;OSM;966725906
TN8302381;TRENITALIA;830002381
TN8302381;UIC;8302381
TN8302381;WIKIDATA;Q3969693
TN8302382;OSM;966725921
TN8302382;TRENITALIA;830002382
TN8302382;UIC;8302382
TN8302382;WIKIDATA;Q22324581
TN8302383;OSM;966725878
TN8302383;TRENITALIA;830002383
TN8302383;UIC;8302383
TN8302383;WIKIDATA;Q22324582
TN8302384;OSM;965927081
TN8302384;TRENITALIA;830002384
TN8302384;UIC;8302384
TN8302384;WIKIDATA;Q22324583
TN8302390;TRENITALIA;830002390
TN8302390;UIC;8302390
TN8302391;OSM;540234781
TN8302391;TRENITALIA;830002391
TN8302391;UIC;8302391
TN8302391;WIKIDATA;Q1113920
TN8302392;OSM;540228915
TN8302392;TRENITALIA;830002392
TN8302392;UIC;8302392
TN8302392;WIKIDATA;Q3970183
TN8302394;OSM;361082488
TN8302394;TRENITALIA;830002394
TN8302394;UIC;8302394
TN8302394;WIKIDATA;Q3970765
TN8302395;OSM;967084822
TN8302395;TRENITALIA;830002395
TN8302395;UIC;8302395
TN8302395;WIKIDATA;Q17637425
TN8302396;OSM;360444964
TN8302396;TRENITALIA;830002396
TN8302396;UIC;8302396
TN8302396;WIKIDATA;Q3969571
TN8302430;OSM;3738591149
TN8302430;TRENITALIA;830002430
TN8302430;UIC;8302430
TN8302430;WIKIDATA;Q908640
TN8302433;OSM;6558334096
TN8302433;TRENITALIA;830002433
TN8302433;UIC;8302433
TN8302433;WIKIDATA;Q3971275
TN8302435;OSM;6061879355
TN8302435;TRENITALIA;830002435
TN8302435;UIC;8302435
TN8302435;WIKIDATA;Q16609811
TN8302437;OSM;6061879342
TN8302437;TRENITALIA;830002437
TN8302437;UIC;8302437
TN8302437;WIKIDATA;Q16608898
TN8302440;OSM;1303242534
TN8302440;TRENITALIA;830002440
TN8302440;UIC;8302440
TN8302440;WIKIDATA;Q16609794
TN8302441;OSM;6061879341
TN8302441;TRENITALIA;830002441
TN8302441;UIC;8302441
TN8302441;WIKIDATA;Q3969978
TN8302443;OSM;6061879340
TN8302443;TRENITALIA;830002443
TN8302443;UIC;8302443
TN8302443;WIKIDATA;Q16609446
TN8302444;OSM;6061879339
TN8302444;TRENITALIA;830002444
TN8302444;UIC;8302444
TN8302444;WIKIDATA;Q16608734
TN8302446;OSM;6061881431
TN8302446;TRENITALIA;830002446
TN8302446;UIC;8302446
TN8302446;WIKIDATA;Q3971299
TN8302500;OSM;393163733
TN8302500;TRENITALIA;830002500
TN8302500;UIC;8302500
TN8302500;WIKIDATA;Q18005296
TN8302501;OSM;393163766
TN8302501;TRENITALIA;830002501
TN8302501;UIC;8302501
TN8302501;WIKIDATA;Q18005306
TN8302502;OSM;393208549
TN8302502;TRENITALIA;830002502
TN8302502;UIC;8302502
TN8302502;WIKIDATA;Q18005294
TN8302503;OSM;393208584
TN8302503;TRENITALIA;830002503
TN8302503;UIC;8302503
TN8302503;WIKIDATA;Q18005310
TN8302504;OSM;393208622
TN8302504;TRENITALIA;830002504
TN8302504;UIC;8302504
TN8302504;WIKIDATA;Q3971010
TN8302506;OSM;300898128
TN8302506;TRENITALIA;830002506
TN8302506;UIC;8302506
TN8302506;WIKIDATA;Q19622699
TN8302507;OSM;619736800
TN8302507;TRENITALIA;830002507
TN8302507;UIC;8302507
TN8302507;WIKIDATA;Q19622702
TN8302508;OSM;2483931815
TN8302508;TRENITALIA;830002508
TN8302508;UIC;8302508
TN8302508;WIKIDATA;Q3970660
TN8302509;OSM;823266000
TN8302509;TRENITALIA;830002509
TN8302509;UIC;8302509
TN8302509;WIKIDATA;Q3970494
TN8302510;OSM;1014091922
TN8302510;TRENITALIA;830002510
TN8302510;UIC;8302510
TN8302510;WIKIDATA;Q3970306
TN8302511;OSM;1722974990
TN8302511;TRENITALIA;830002511
TN8302511;UIC;8302511
TN8302511;WIKIDATA;Q3970775
TN8302512;OSM;6817089659
TN8302512;TRENITALIA;830002512
TN8302512;UIC;8302512
TN8302512;WIKIDATA;Q3970011
TN8302514;OSM;823265998
TN8302514;TRENITALIA;830002514
TN8302514;UIC;8302514
TN8302514;WIKIDATA;Q3971181
TN8302516;OSM;1540680277
TN8302516;TRENITALIA;830002516
TN8302516;UIC;8302516
TN8302516;WIKIDATA;Q3971033
TN8302517;OSM;6817452585
TN8302517;TRENITALIA;830002517
TN8302517;UIC;8302517
TN8302517;WIKIDATA;Q3971259
TN8302520;OSM;6813645681
TN8302520;TRENITALIA;830002520
TN8302520;UIC;8302520
TN8302520;WIKIDATA;Q3969005
TN8302521;TRENITALIA;830002521
TN8302521;UIC;8302521
TN8302522;OSM;186990996
TN8302522;TRENITALIA;830002522
TN8302522;UIC;8302522
TN8302522;WIKIDATA;Q16609756
TN8302523;OSM;186966832
TN8302523;TRENITALIA;830002523
TN8302523;UIC;8302523
TN8302523;WIKIDATA;Q3971318
TN8302524;OSM;186966814
TN8302524;TRENITALIA;830002524
TN8302524;UIC;8302524
TN8302524;WIKIDATA;Q3969660
TN8302525;OSM;31018068
TN8302525;TRENITALIA;830002525
TN8302525;UIC;8302525
TN8302525;WIKIDATA;Q3969188
TN8302526;OSM;185691589
TN8302526;TRENITALIA;830002526
TN8302526;UIC;8302526
TN8302526;WIKIDATA;Q3970800
TN8302527;OSM;185691571
TN8302527;TRENITALIA;830002527
TN8302527;UIC;8302527
TN8302527;WIKIDATA;Q3969182
TN8302528;OSM;185691510
TN8302528;TRENITALIA;830002528
TN8302528;UIC;8302528
TN8302528;WIKIDATA;Q3971306
TN8302531;OSM;487105558
TN8302531;TRENITALIA;830002531
TN8302531;UIC;8302531
TN8302531;WIKIDATA;Q17494307
TN8302532;OSM;487105556
TN8302532;TRENITALIA;830002532
TN8302532;UIC;8302532
TN8302532;WIKIDATA;Q17494305
TN8302534;OSM;359113231
TN8302534;TRENITALIA;830002534
TN8302534;UIC;8302534
TN8302534;WIKIDATA;Q17494303
TN8302535;OSM;186990930
TN8302535;TRENITALIA;830002535
TN8302535;UIC;8302535
TN8302535;WIKIDATA;Q3969421
TN8302536;OSM;1668062514
TN8302536;TRENITALIA;830002536
TN8302536;UIC;8302536
TN8302536;WIKIDATA;Q17494300
TN8302537;OSM;6066239918
TN8302537;TRENITALIA;830002537
TN8302537;UIC;8302537
TN8302537;WIKIDATA;Q3969306
TN8302538;OSM;571542141
TN8302538;TRENITALIA;830002538
TN8302538;UIC;8302538
TN8302538;WIKIDATA;Q17494298
TN8302539;OSM;571542142
TN8302539;TRENITALIA;830002539
TN8302539;UIC;8302539
TN8302539;WIKIDATA;Q17494296
TN8302540;OSM;565507569
TN8302540;TRENITALIA;830002540
TN8302540;UIC;8302540
TN8302540;WIKIDATA;Q3970390
TN8302541;OSM;1564382907
TN8302541;TRENITALIA;830002541
TN8302541;UIC;8302541
TN8302541;WIKIDATA;Q16609236
TN8302550;TRENITALIA;830002550
TN8302550;UIC;8302550
TN8302553;TRENITALIA;830002553
TN8302553;UIC;8302553
TN8302556;TRENITALIA;830002556
TN8302556;UIC;8302556
TN8302558;OSM;5624670969
TN8302558;TRENITALIA;830002558
TN8302558;UIC;8302558
TN8302558;WIKIDATA;Q3970539
TN8302559;OSM;6813680562
TN8302559;TRENITALIA;830002559
TN8302559;UIC;8302559
TN8302559;WIKIDATA;Q3969019
TN8302560;OSM;277472253
TN8302560;TRENITALIA;830002560
TN8302560;UIC;8302560
TN8302560;WIKIDATA;Q3970936
TN8302562;OSM;277472185
TN8302562;TRENITALIA;830002562
TN8302562;UIC;8302562
TN8302562;WIKIDATA;Q16609853
TN8302563;OSM;277472124
TN8302563;TRENITALIA;830002563
TN8302563;UIC;8302563
TN8302563;WIKIDATA;Q16608879
TN8302564;OSM;6813642844
TN8302564;TRENITALIA;830002564
TN8302564;UIC;8302564
TN8302564;WIKIDATA;Q3969592
TN8302565;OSM;277471663
TN8302565;TRENITALIA;830002565
TN8302565;UIC;8302565
TN8302565;WIKIDATA;Q16609709
TN8302566;OSM;277471577
TN8302566;TRENITALIA;830002566
TN8302566;UIC;8302566
TN8302566;WIKIDATA;Q16608724
TN8302567;OSM;277471537
TN8302567;TRENITALIA;830002567
TN8302567;UIC;8302567
TN8302567;WIKIDATA;Q16609577
TN8302569;OSM;185742115
TN8302569;TRENITALIA;830002569
TN8302569;UIC;8302569
TN8302569;WIKIDATA;Q16609099
TN8302570;OSM;6813635766
TN8302570;TRENITALIA;830002570
TN8302570;UIC;8302570
TN8302570;WIKIDATA;Q3970194
TN8302575;OSM;185741944
TN8302575;TRENITALIA;830002575
TN8302575;UIC;8302575
TN8302575;WIKIDATA;Q16609173
TN8302578;OSM;6061879338
TN8302578;TRENITALIA;830002578
TN8302578;UIC;8302578
TN8302578;WIKIDATA;Q21185042
TN8302579;OSM;6061879337
TN8302579;TRENITALIA;830002579
TN8302579;UIC;8302579
TN8302579;WIKIDATA;Q21185030
TN8302580;OSM;6061879336
TN8302580;TRENITALIA;830002580
TN8302580;UIC;8302580
TN8302580;WIKIDATA;Q21185058
TN8302581;OSM;6063641896
TN8302581;TRENITALIA;830002581
TN8302581;UIC;8302581
TN8302581;WIKIDATA;Q1150874
TN8302586;OSM;6063641900
TN8302586;TRENITALIA;830002586
TN8302586;UIC;8302586
TN8302586;WIKIDATA;Q3971307
TN8302587;OSM;6063641899
TN8302587;TRENITALIA;830002587
TN8302587;UIC;8302587
TN8302587;WIKIDATA;Q3969535
TN8302588;OSM;6063641898
TN8302588;TRENITALIA;830002588
TN8302588;UIC;8302588
TN8302588;WIKIDATA;Q3970145
TN8302589;OSM;6063641892
TN8302589;TRENITALIA;830002589
TN8302589;UIC;8302589
TN8302589;WIKIDATA;Q520844
TN8302592;OSM;6063641897
TN8302592;TRENITALIA;830002592
TN8302592;UIC;8302592
TN8302592;WIKIDATA;Q3971261
TN8302593;TRENITALIA;830002593
TN8302593;UIC;8302593
TN8302595;OSM;6063641901
TN8302595;TRENITALIA;830002595
TN8302595;UIC;8302595
TN8302595;WIKIDATA;Q3969136
TN8302600;OSM;973617242
TN8302600;TRENITALIA;830002600
TN8302600;UIC;8302600
TN8302600;WIKIDATA;Q16609993
TN8302601;OSM;973617261
TN8302601;TRENITALIA;830002601
TN8302601;UIC;8302601
TN8302601;WIKIDATA;Q16609682
TN8302602;OSM;973617281
TN8302602;TRENITALIA;830002602
TN8302602;UIC;8302602
TN8302602;WIKIDATA;Q3970391
TN8302660;OSM;6874095940
TN8302660;TRENITALIA;830002660
TN8302660;UIC;8302660
TN8302660;WIKIDATA;Q3970854
TN8302661;OSM;742084051
TN8302661;TRENITALIA;830002661
TN8302661;UIC;8302661
TN8302661;WIKIDATA;Q3969477
TN8302662;OSM;4116320586
TN8302662;TRENITALIA;830002662
TN8302662;UIC;8302662
TN8302662;WIKIDATA;Q3971090
TN8302663;OSM;274289613
TN8302663;TRENITALIA;830002663
TN8302663;UIC;8302663
TN8302663;WIKIDATA;Q19545550
TN8302664;OSM;14006273950
TN8302664;TRENITALIA;830002664
TN8302664;UIC;8302664
TN8302664;WIKIDATA;Q3970847
TN8302665;OSM;5701523397
TN8302665;TRENITALIA;830002665
TN8302665;UIC;8302665
TN8302665;WIKIDATA;Q21185169
TN8302666;OSM;1537332523
TN8302666;TRENITALIA;830002666
TN8302666;UIC;8302666
TN8302666;WIKIDATA;Q3970787
TN8302667;OSM;449368369
TN8302667;TRENITALIA;830002667
TN8302667;UIC;8302667
TN8302667;WIKIDATA;Q19545547
TN8302668;OSM;673734577
TN8302668;TRENITALIA;830002668
TN8302668;UIC;8302668
TN8302668;WIKIDATA;Q3970084
TN8302670;OSM;2953507344
TN8302670;TRENITALIA;830002670
TN8302670;UIC;8302670
TN8302670;WIKIDATA;Q3970623
TN8302672;OSM;1255059235
TN8302672;TRENITALIA;830002672
TN8302672;UIC;8302672
TN8302672;WIKIDATA;Q3971258
TN8302673;OSM;430539630
TN8302673;TRENITALIA;830002673
TN8302673;UIC;8302673
TN8302673;WIKIDATA;Q3969671
TN8302674;OSM;13033944149
TN8302674;TRENITALIA;830002674
TN8302674;UIC;8302674
TN8302700;OSM;6874059635
TN8302700;TRENITALIA;830002700
TN8302700;UIC;8302700
TN8302700;WIKIDATA;Q3969508
TN8302701;OSM;1670700542
TN8302701;TRENITALIA;830002701
TN8302701;UIC;8302701
TN8302701;WIKIDATA;Q3970559
TN8302702;OSM;727642046
TN8302702;TRENITALIA;830002702
TN8302702;UIC;8302702
TN8302702;WIKIDATA;Q3969636
TN8302703;OSM;693982830
TN8302703;TRENITALIA;830002703
TN8302703;UIC;8302703
TN8302703;WIKIDATA;Q3970753
TN8302704;OSM;6817420050
TN8302704;TRENITALIA;830002704
TN8302704;UIC;8302704
TN8302704;WIKIDATA;Q3970356
TN8302705;OSM;6813812147
TN8302705;TRENITALIA;830002705
TN8302705;UIC;8302705
TN8302705;WIKIDATA;Q3970472
TN8302706;OSM;6813794768
TN8302706;TRENITALIA;830002706
TN8302706;UIC;8302706
TN8302706;WIKIDATA;Q1117362
TN8302708;OSM;6813882366
TN8302708;TRENITALIA;830002708
TN8302708;UIC;8302708
TN8302708;WIKIDATA;Q3971059
TN8302709;OSM;6813921986
TN8302709;TRENITALIA;830002709
TN8302709;UIC;8302709
TN8302709;WIKIDATA;Q3971039
TN8302710;OSM;6813927385
TN8302710;TRENITALIA;830002710
TN8302710;UIC;8302710
TN8302710;WIKIDATA;Q3969912
TN8302712;OSM;304006544
TN8302712;TRENITALIA;830002712
TN8302712;UIC;8302712
TN8302712;WIKIDATA;Q3971197
TN8302713;OSM;5712273021
TN8302713;TRENITALIA;830002713
TN8302713;UIC;8302713
TN8302713;WIKIDATA;Q3970848
TN8302715;OSM;1550191571
TN8302715;TRENITALIA;830002715
TN8302715;UIC;8302715
TN8302715;WIKIDATA;Q3970609
TN8302717;OSM;1550191566
TN8302717;TRENITALIA;830002717
TN8302717;UIC;8302717
TN8302717;WIKIDATA;Q3970159
TN8302719;TRENITALIA;830002719
TN8302719;UIC;8302719
TN8302732;OSM;1282934502
TN8302732;TRENITALIA;830002732
TN8302732;UIC;8302732
TN8302732;WIKIDATA;Q3971008
TN8302733;OSM;6813796931
TN8302733;TRENITALIA;830002733
TN8302733;UIC;8302733
TN8302733;WIKIDATA;Q3971348
TN8302735;OSM;1960293515
TN8302735;TRENITALIA;830002735
TN8302735;UIC;8302735
TN8302735;WIKIDATA;Q16609850
TN8302736;OSM;6813797291
TN8302736;TRENITALIA;830002736
TN8302736;UIC;8302736
TN8302736;WIKIDATA;Q16610191
TN8302760;OSM;857564367
TN8302760;TRENITALIA;830002760
TN8302760;UIC;8302760
TN8302760;WIKIDATA;Q20009424
TN8302761;OSM;857567834
TN8302761;TRENITALIA;830002761
TN8302761;UIC;8302761
TN8302761;WIKIDATA;Q20009451
TN8302762;OSM;793796607
TN8302762;TRENITALIA;830002762
TN8302762;UIC;8302762
TN8302762;WIKIDATA;Q20009397
TN8302763;OSM;2622462115
TN8302763;TRENITALIA;830002763
TN8302763;UIC;8302763
TN8302763;WIKIDATA;Q20009436
TN8302765;OSM;1413018771
TN8302765;TRENITALIA;830002765
TN8302765;UIC;8302765
TN8302765;WIKIDATA;Q3970332
TN8302766;OSM;4121940411
TN8302766;TRENITALIA;830002766
TN8302766;UIC;8302766
TN8302766;WIKIDATA;Q20009406
TN8302767;OSM;534812215
TN8302767;TRENITALIA;830002767
TN8302767;UIC;8302767
TN8302767;WIKIDATA;Q3970240
TN8302768;TRENITALIA;830002768
TN8302768;UIC;8302768
TN8302769;OSM;2043688222
TN8302769;TRENITALIA;830002769
TN8302769;UIC;8302769
TN8302769;WIKIDATA;Q21615997
TN8302830;OSM;700156088
TN8302830;TRENITALIA;830002830
TN8302830;UIC;8302830
TN8302830;WIKIDATA;Q3969265
TN8302831;OSM;4192977686
TN8302831;TRENITALIA;830002831
TN8302831;UIC;8302831
TN8302831;WIKIDATA;Q3969446
TN8302832;OSM;681293822
TN8302832;TRENITALIA;830002832
TN8302832;UIC;8302832
TN8302832;WIKIDATA;Q3969003
TN8303001;OSM;1449334256
TN8303001;TRENITALIA;830003001
TN8303001;UIC;8303001
TN8303001;WIKIDATA;Q726594
TN8303006;OSM;6808018196
TN8303006;TRENITALIA;830003006
TN8303006;UIC;8303006
TN8303006;WIKIDATA;Q3971214
TN8303010;OSM;4192978489
TN8303010;TRENITALIA;830003010
TN8303010;UIC;8303010
TN8303010;WIKIDATA;Q3970540
TN8303016;OSM;4192977684
TN8303016;TRENITALIA;830003016
TN8303016;UIC;8303016
TN8303016;WIKIDATA;Q3969234
TN8303018;OSM;4483585770
TN8303018;TRENITALIA;830003018
TN8303018;UIC;8303018
TN8303018;WIKIDATA;Q3971264
TN8303019;OSM;911313346
TN8303019;TRENITALIA;830003019
TN8303019;UIC;8303019
TN8303019;WIKIDATA;Q3969699
TN8303021;OSM;1557282686
TN8303021;TRENITALIA;830003021
TN8303021;UIC;8303021
TN8303021;WIKIDATA;Q3968910
TN8303022;OSM;3826407463
TN8303022;TRENITALIA;830003022
TN8303022;UIC;8303022
TN8303022;WIKIDATA;Q3971083
TN8303026;OSM;11561037998
TN8303026;TRENITALIA;830003026
TN8303026;UIC;8303026
TN8303026;WIKIDATA;Q588301
TN8303028;TRENITALIA;830003028
TN8303028;UIC;8303028
TN8303029;OSM;3042995203
TN8303029;TRENITALIA;830003029
TN8303029;UIC;8303029
TN8303029;WIKIDATA;Q21184981
TN8303030;OSM;3114699595
TN8303030;TRENITALIA;830003030
TN8303030;UIC;8303030
TN8303030;WIKIDATA;Q21185052
TN8303031;OSM;3042995204
TN8303031;TRENITALIA;830003031
TN8303031;UIC;8303031
TN8303031;WIKIDATA;Q21185132
TN8303082;TRENITALIA;830003082
TN8303082;UIC;8303082
TN8303083;TRENITALIA;830003083
TN8303083;UIC;8303083
TN8303084;OSM;473668651
TN8303084;TRENITALIA;830003084
TN8303084;UIC;8303084
TN8303084;WIKIDATA;Q3970035
TN8303085;OSM;472234564
TN8303085;TRENITALIA;830003085
TN8303085;UIC;8303085
TN8303085;WIKIDATA;Q3970212
TN8303087;OSM;1903001628
TN8303087;TRENITALIA;830003087
TN8303087;UIC;8303087
TN8303087;WIKIDATA;Q3968938
TN8303088;OSM;4192977683
TN8303088;TRENITALIA;830003088
TN8303088;UIC;8303088
TN8303088;WIKIDATA;Q3969132
TN8303089;TRENITALIA;830003089
TN8303089;UIC;8303089
TN8303122;OSM;1578747932
TN8303122;TRENITALIA;830003122
TN8303122;UIC;8303122
TN8303122;WIKIDATA;Q3970415
TN8303199;OSM;6874133212
TN8303199;TRENITALIA;830003199
TN8303199;UIC;8303199
TN8303199;WIKIDATA;Q3970806
TN8303200;OSM;12293982265
TN8303200;TRENITALIA;830003200
TN8303200;UIC;8303200
TN8303200;WIKIDATA;Q3970581
TN8303202;TRENITALIA;830003202
TN8303202;UIC;8303202
TN8303205;OSM;791184754
TN8303205;TRENITALIA;830003205
TN8303205;UIC;8303205
TN8303205;WIKIDATA;Q3970803
TN8303207;OSM;1645543603
TN8303207;TRENITALIA;830003207
TN8303207;UIC;8303207
TN8303207;WIKIDATA;Q3969381
TN8303213;TRENITALIA;830003213
TN8303213;UIC;8303213
TN8303300;OSM;304590255
TN8303300;TRENITALIA;830003300
TN8303300;UIC;8303300
TN8303300;WIKIDATA;Q3969478
TN8303304;OSM;11557253641
TN8303304;TRENITALIA;830003304
TN8303304;UIC;8303304
TN8303304;WIKIDATA;Q3969743
TN8303307;OSM;420512112
TN8303307;TRENITALIA;830003307
TN8303307;UIC;8303307
TN8303307;WIKIDATA;Q21185119
TN8303309;OSM;420512114
TN8303309;TRENITALIA;830003309
TN8303309;UIC;8303309
TN8303309;WIKIDATA;Q21185115
TN8303310;OSM;1623797404
TN8303310;TRENITALIA;830003310
TN8303310;UIC;8303310
TN8303310;WIKIDATA;Q3970182
TN8303312;TRENITALIA;830003312
TN8303312;UIC;8303312
TN8303313;OSM;3618468903
TN8303313;TRENITALIA;830003313
TN8303313;UIC;8303313
TN8303313;WIKIDATA;Q3969050
TN8303316;OSM;2555279469
TN8303316;TRENITALIA;830003316
TN8303316;UIC;8303316
TN8303316;WIKIDATA;Q3970148
TN8303317;OSM;13732686802
TN8303317;TRENITALIA;830003317
TN8303317;UIC;8303317
TN8303317;WIKIDATA;Q801532
TN8303468;OSM;637837111
TN8303468;TRENITALIA;830003468
TN8303468;UIC;8303468
TN8303468;WIKIDATA;Q3971309
TN8304100;OSM;12291596712
TN8304100;TRENITALIA;830004100
TN8304100;UIC;8304100
TN8304100;WIKIDATA;Q3971344
TN8304101;OSM;315478535
TN8304101;TRENITALIA;830004101
TN8304101;UIC;8304101
TN8304101;WIKIDATA;Q3970603
TN8304102;OSM;315478559
TN8304102;TRENITALIA;830004102
TN8304102;UIC;8304102
TN8304102;WIKIDATA;Q3970163
TN8304103;OSM;315478600
TN8304103;TRENITALIA;830004103
TN8304103;UIC;8304103
TN8304103;WIKIDATA;Q2641951
TN8304104;OSM;317405389
TN8304104;TRENITALIA;830004104
TN8304104;UIC;8304104
TN8304104;WIKIDATA;Q3970724
TN8304105;TRENITALIA;830004105
TN8304105;UIC;8304105
TN8304106;OSM;169477145
TN8304106;TRENITALIA;830004106
TN8304106;UIC;8304106
TN8304106;WIKIDATA;Q2460876
TN8304107;OSM;11868648628
TN8304107;TRENITALIA;830004107
TN8304107;UIC;8304107
TN8304107;WIKIDATA;Q3969698
TN8304108;OSM;280873083
TN8304108;TRENITALIA;830004108
TN8304108;UIC;8304108
TN8304108;WIKIDATA;Q3969703
TN8304109;OSM;280350303
TN8304109;TRENITALIA;830004109
TN8304109;UIC;8304109
TN8304109;WIKIDATA;Q3969700
TN8304110;OSM;180707889
TN8304110;TRENITALIA;830004110
TN8304110;UIC;8304110
TN8304110;WIKIDATA;Q3969701
TN8304200;OSM;12299711302
TN8304200;TRENITALIA;830004200
TN8304200;UIC;8304200
TN8304203;OSM;5702627028
TN8304203;TRENITALIA;830004203
TN8304203;UIC;8304203
TN8304203;WIKIDATA;Q3970322
TN8304206;OSM;12616477123
TN8304206;TRENITALIA;830004206
TN8304206;UIC;8304206
TN8304206;WIKIDATA;Q3970952
TN8304207;OSM;7448297740
TN8304207;TRENITALIA;830004207
TN8304207;UIC;8304207
TN8304207;WIKIDATA;Q3968909
TN8304208;OSM;12393647964
TN8304208;TRENITALIA;830004208
TN8304208;UIC;8304208
TN8304208;WIKIDATA;Q3970670
TN8304209;OSM;3404027456
TN8304209;TRENITALIA;830004209
TN8304209;UIC;8304209
TN8304209;WIKIDATA;Q3970480
TN8304210;OSM;3404023433
TN8304210;TRENITALIA;830004210
TN8304210;UIC;8304210
TN8304210;WIKIDATA;Q3969830
TN8304211;OSM;7448297738
TN8304211;TRENITALIA;830004211
TN8304211;UIC;8304211
TN8304211;WIKIDATA;Q3970717
TN8304214;OSM;729640495
TN8304214;TRENITALIA;830004214
TN8304214;UIC;8304214
TN8304214;WIKIDATA;Q3969081
TN8304215;OSM;7448297739
TN8304215;TRENITALIA;830004215
TN8304215;UIC;8304215
TN8304215;WIKIDATA;Q3969138
TN8304216;OSM;3947638432
TN8304216;TRENITALIA;830004216
TN8304216;UIC;8304216
TN8304216;WIKIDATA;Q3970466
TN8304217;OSM;59476367
TN8304217;TRENITALIA;830004217
TN8304217;UIC;8304217
TN8304217;WIKIDATA;Q3969709
TN8304218;OSM;11868681072
TN8304218;TRENITALIA;830004218
TN8304218;UIC;8304218
TN8304218;WIKIDATA;Q3969702
TN8304219;OSM;913563023
TN8304219;TRENITALIA;830004219
TN8304219;UIC;8304219
TN8304219;WIKIDATA;Q3969713
TN8304220;OSM;38929465
TN8304220;TRENITALIA;830004220
TN8304220;UIC;8304220
TN8304220;WIKIDATA;Q951386
TN8304222;TRENITALIA;830004222
TN8304222;UIC;8304222
TN8304480;TRENITALIA;830004480
TN8304480;UIC;8304480
TN8304481;OSM;332111642
TN8304481;TRENITALIA;830004481
TN8304481;UIC;8304481
TN8304481;WIKIDATA;Q3095596
TN8304482;OSM;8400652212
TN8304482;TRENITALIA;830004482
TN8304482;UIC;8304482
TN8304482;WIKIDATA;Q3095986
TN8304501;OSM;2052772794
TN8304501;TRENITALIA;830004501
TN8304501;UIC;8304501
TN8304501;WIKIDATA;Q1141602
TN8304502;OSM;4995452005
TN8304502;TRENITALIA;830004502
TN8304502;UIC;8304502
TN8304502;WIKIDATA;Q3971241
TN8304503;OSM;8399147318
TN8304503;TRENITALIA;830004503
TN8304503;UIC;8304503
TN8304503;WIKIDATA;Q3969077
TN8304505;OSM;4995455516
TN8304505;TRENITALIA;830004505
TN8304505;UIC;8304505
TN8304505;WIKIDATA;Q801397
TN8304506;OSM;8399108836
TN8304506;TRENITALIA;830004506
TN8304506;UIC;8304506
TN8304506;WIKIDATA;Q3971067
TN8304511;OSM;4427972059
TN8304511;TRENITALIA;830004511
TN8304511;UIC;8304511
TN8304513;OSM;4452204085
TN8304513;TRENITALIA;830004513
TN8304513;UIC;8304513
TN8304513;WIKIDATA;Q27794887
TN8304514;OSM;4995452527
TN8304514;TRENITALIA;830004514
TN8304514;UIC;8304514
TN8304514;WIKIDATA;Q3969906
TN8304515;OSM;12299676795
TN8304515;TRENITALIA;830004515
TN8304515;UIC;8304515
TN8304515;WIKIDATA;Q3968841
TN8304516;OSM;228748617
TN8304516;TRENITALIA;830004516
TN8304516;UIC;8304516
TN8304516;WIKIDATA;Q3968850
TN8304517;OSM;999265954
TN8304517;TRENITALIA;830004517
TN8304517;UIC;8304517
TN8304517;WIKIDATA;Q3969370
TN8304518;TRENITALIA;830004518
TN8304518;UIC;8304518
TN8304519;OSM;5704341020
TN8304519;TRENITALIA;830004519
TN8304519;UIC;8304519
TN8304519;WIKIDATA;Q3969975
TN8304520;OSM;4272948124
TN8304520;TRENITALIA;830004520
TN8304520;UIC;8304520
TN8304520;WIKIDATA;Q3970481
TN8304521;OSM;272860999
TN8304521;TRENITALIA;830004521
TN8304521;UIC;8304521
TN8304521;WIKIDATA;Q3969078
TN8304522;OSM;3524400404
TN8304522;TRENITALIA;830004522
TN8304522;UIC;8304522
TN8304522;WIKIDATA;Q405379
TN8304523;OSM;4427972085
TN8304523;TRENITALIA;830004523
TN8304523;UIC;8304523
TN8304523;WIKIDATA;Q27794827
TN8304526;OSM;4350072947
TN8304526;TRENITALIA;830004526
TN8304526;UIC;8304526
TN8304527;OSM;4995468943
TN8304527;TRENITALIA;830004527
TN8304527;UIC;8304527
TN8304527;WIKIDATA;Q3970625
TN8304529;OSM;1139661042
TN8304529;TRENITALIA;830004529
TN8304529;UIC;8304529
TN8304529;WIKIDATA;Q3968852
TN8304530;OSM;244416056
TN8304530;TRENITALIA;830004530
TN8304530;UIC;8304530
TN8304530;WIKIDATA;Q15207948
TN8304531;OSM;5704317007
TN8304531;TRENITALIA;830004531
TN8304531;UIC;8304531
TN8304531;WIKIDATA;Q15859281
TN8304532;OSM;1006137115
TN8304532;TRENITALIA;830004532
TN8304532;UIC;8304532
TN8304532;WIKIDATA;Q3969448
TN8304533;OSM;10997758089
TN8304533;TRENITALIA;830004533
TN8304533;UIC;8304533
TN8304533;WIKIDATA;Q3968898
TN8304534;OSM;244415566
TN8304534;TRENITALIA;830004534
TN8304534;UIC;8304534
TN8304534;WIKIDATA;Q3969721
TN8304535;OSM;244413642
TN8304535;TRENITALIA;830004535
TN8304535;UIC;8304535
TN8304535;WIKIDATA;Q3969710
TN8304536;OSM;5704276593
TN8304536;TRENITALIA;830004536
TN8304536;UIC;8304536
TN8304536;WIKIDATA;Q3969708
TN8304537;OSM;1061990568
TN8304537;TRENITALIA;830004537
TN8304537;UIC;8304537
TN8304537;WIKIDATA;Q3969716
TN8304538;OSM;38930728
TN8304538;TRENITALIA;830004538
TN8304538;UIC;8304538
TN8304538;WIKIDATA;Q3969704
TN8304540;OSM;435129369
TN8304540;TRENITALIA;830004540
TN8304540;UIC;8304540
TN8304540;WIKIDATA;Q3969718
TN8304700;OSM;1777874067
TN8304700;TRENITALIA;830004700
TN8304700;UIC;8304700
TN8304700;WIKIDATA;Q800816
TN8304702;OSM;36899984
TN8304702;TRENITALIA;830004702
TN8304702;UIC;8304702
TN8304702;WIKIDATA;Q221313
TN8304703;OSM;2034475522
TN8304703;TRENITALIA;830004703
TN8304703;UIC;8304703
TN8304703;WIKIDATA;Q3969717
TN8304704;OSM;2034479473
TN8304704;TRENITALIA;830004704
TN8304704;UIC;8304704
TN8304704;WIKIDATA;Q3969711
TN8304705;OSM;2034481141
TN8304705;TRENITALIA;830004705
TN8304705;UIC;8304705
TN8304705;WIKIDATA;Q3969712
TN8304707;OSM;2034491818
TN8304707;TRENITALIA;830004707
TN8304707;UIC;8304707
TN8304707;WIKIDATA;Q3969707
TN8304709;OSM;2154756447
TN8304709;TRENITALIA;830004709
TN8304709;UIC;8304709
TN8304709;WIKIDATA;Q3969058
TN8304710;OSM;2154756452
TN8304710;TRENITALIA;830004710
TN8304710;UIC;8304710
TN8304710;WIKIDATA;Q3970546
TN8304711;OSM;2154756451
TN8304711;TRENITALIA;830004711
TN8304711;UIC;8304711
TN8304711;WIKIDATA;Q3970487
TN8304712;OSM;4350090825
TN8304712;TRENITALIA;830004712
TN8304712;UIC;8304712
TN8304712;WIKIDATA;Q3971021
TN8304713;OSM;96082187
TN8304713;TRENITALIA;830004713
TN8304713;UIC;8304713
TN8304713;WIKIDATA;Q3970246
TN8304714;OSM;47137986
TN8304714;TRENITALIA;830004714
TN8304714;UIC;8304714
TN8304714;WIKIDATA;Q3970645
TN8304716;TRENITALIA;830004716
TN8304716;UIC;8304716
TN8304718;OSM;5704453372
TN8304718;TRENITALIA;830004718
TN8304718;UIC;8304718
TN8304718;WIKIDATA;Q3970884
TN8304720;OSM;82739131
TN8304720;TRENITALIA;830004720
TN8304720;UIC;8304720
TN8304720;WIKIDATA;Q3970646
TN8304721;OSM;130004035
TN8304721;TRENITALIA;830004721
TN8304721;UIC;8304721
TN8304721;WIKIDATA;Q3971385
TN8304722;OSM;203592307
TN8304722;TRENITALIA;830004722
TN8304722;UIC;8304722
TN8304722;WIKIDATA;Q3969401
TN8304723;OSM;5712224867
TN8304723;TRENITALIA;830004723
TN8304723;UIC;8304723
TN8304723;WIKIDATA;Q3969926
TN8304724;OSM;266986153
TN8304724;TRENITALIA;830004724
TN8304724;UIC;8304724
TN8304724;WIKIDATA;Q3969354
TN8304725;OSM;216004495
TN8304725;TRENITALIA;830004725
TN8304725;UIC;8304725
TN8304725;WIKIDATA;Q3970961
TN8304726;OSM;2515903548
TN8304726;TRENITALIA;830004726
TN8304726;UIC;8304726
TN8304726;WIKIDATA;Q608570
TN8304727;OSM;4763086005
TN8304727;TRENITALIA;830004727
TN8304727;UIC;8304727
TN8304727;WIKIDATA;Q3970177
TN8304728;OSM;215994228
TN8304728;TRENITALIA;830004728
TN8304728;UIC;8304728
TN8304728;WIKIDATA;Q3969521
TN8304729;OSM;2257458139
TN8304729;TRENITALIA;830004729
TN8304729;UIC;8304729
TN8304729;WIKIDATA;Q3969650
TN8304730;OSM;761247105
TN8304730;TRENITALIA;830004730
TN8304730;UIC;8304730
TN8304730;WIKIDATA;Q3969067
TN8304731;OSM;7472007553
TN8304731;TRENITALIA;830004731
TN8304731;UIC;8304731
TN8304731;WIKIDATA;Q3969952
TN8304732;OSM;7472143593
TN8304732;TRENITALIA;830004732
TN8304732;UIC;8304732
TN8304732;WIKIDATA;Q3970216
TN8304733;OSM;7472143603
TN8304733;TRENITALIA;830004733
TN8304733;UIC;8304733
TN8304733;WIKIDATA;Q3971270
TN8304734;OSM;7472159376
TN8304734;TRENITALIA;830004734
TN8304734;UIC;8304734
TN8304734;WIKIDATA;Q3969484
TN8304735;OSM;305994253
TN8304735;TRENITALIA;830004735
TN8304735;UIC;8304735
TN8304735;WIKIDATA;Q3970025
TN8304736;OSM;7472186134
TN8304736;TRENITALIA;830004736
TN8304736;UIC;8304736
TN8304736;WIKIDATA;Q3097415
TN8304801;OSM;12299676794
TN8304801;TRENITALIA;830004801
TN8304801;UIC;8304801
TN8304801;WIKIDATA;Q3970921
TN8304802;OSM;12291596713
TN8304802;TRENITALIA;830004802
TN8304802;UIC;8304802
TN8304802;WIKIDATA;Q3970900
TN8304803;OSM;8449622892
TN8304803;TRENITALIA;830004803
TN8304803;UIC;8304803
TN8304803;WIKIDATA;Q3969111
TN8304804;OSM;12299676799
TN8304804;TRENITALIA;830004804
TN8304804;UIC;8304804
TN8304804;WIKIDATA;Q3969593
TN8304805;OSM;1381717181
TN8304805;TRENITALIA;830004805
TN8304805;UIC;8304805
TN8304805;WIKIDATA;Q3970816
TN8304810;OSM;2562592860
TN8304810;TRENITALIA;830004810
TN8304810;UIC;8304810
TN8304810;WIKIDATA;Q15207925
TN8305000;OSM;13742535643
TN8305000;TRENITALIA;830005000
TN8305000;UIC;8305000
TN8305000;WIKIDATA;Q613204
TN8305007;OSM;2331033068
TN8305007;TRENITALIA;830005007
TN8305007;UIC;8305007
TN8305007;WIKIDATA;Q3969613
TN8305009;OSM;13742535638
TN8305009;TRENITALIA;830005009
TN8305009;UIC;8305009
TN8305009;WIKIDATA;Q3969603
TN8305010;TRENITALIA;830005010
TN8305010;UIC;8305010
TN8305014;OSM;5836604869
TN8305014;TRENITALIA;830005014
TN8305014;UIC;8305014
TN8305014;UIC;8328306
TN8305014;WIKIDATA;Q3970427
TN8305023;OSM;82549162
TN8305023;TRENITALIA;830005023
TN8305023;UIC;8305023
TN8305023;WIKIDATA;Q1604991
TN8305032;OSM;726611782
TN8305032;TRENITALIA;830005032
TN8305032;UIC;8305032
TN8305032;WIKIDATA;Q1451461
TN8305037;OSM;14018665219
TN8305037;TRENITALIA;830005037
TN8305037;UIC;8305037
TN8305037;WIKIDATA;Q3969303
TN8305043;OSM;12294207488
TN8305043;TRENITALIA;830005043
TN8305043;UIC;8305043
TN8305043;WIKIDATA;Q800557
TN8305053;OSM;13992768617
TN8305053;TRENITALIA;830005053
TN8305053;UIC;8305053
TN8305053;WIKIDATA;Q386255
TN8305054;OSM;41828511
TN8305054;TRENITALIA;830005054
TN8305054;UIC;8305054
TN8305054;WIKIDATA;Q3969814
TN8305055;OSM;12294207493
TN8305055;TRENITALIA;830005055
TN8305055;UIC;8305055
TN8305055;WIKIDATA;Q3970381
TN8305056;OSM;259191135
TN8305056;TRENITALIA;830005056
TN8305056;UIC;8305056
TN8305056;WIKIDATA;Q3969297
TN8305058;OSM;8735720756
TN8305058;TRENITALIA;830005058
TN8305058;UIC;8305058
TN8305058;WIKIDATA;Q3969578
TN8305059;OSM;252793817
TN8305059;TRENITALIA;830005059
TN8305059;UIC;8305059
TN8305059;WIKIDATA;Q3969647
TN8305065;OSM;252793784
TN8305065;TRENITALIA;830005065
TN8305065;UIC;8305065
TN8305065;WIKIDATA;Q3969643
TN8305066;OSM;827592490
TN8305066;TRENITALIA;830005066
TN8305066;UIC;8305066
TN8305066;WIKIDATA;Q3969392
TN8305068;OSM;295274939
TN8305068;TRENITALIA;830005068
TN8305068;UIC;8305068
TN8305068;WIKIDATA;Q3970918
TN8305070;OSM;315013158
TN8305070;TRENITALIA;830005070
TN8305070;UIC;8305070
TN8305070;WIKIDATA;Q3970671
TN8305071;OSM;12294127310
TN8305071;TRENITALIA;830005071
TN8305071;UIC;8305071
TN8305071;UIC;8313516
TN8305071;WIKIDATA;Q801364
TN8305081;OSM;2710517408
TN8305081;TRENITALIA;830005081
TN8305081;UIC;8305081
TN8305081;WIKIDATA;Q16608832
TN8305110;OSM;1301773855
TN8305110;TRENITALIA;830005110
TN8305110;UIC;8305110
TN8305110;WIKIDATA;Q15714368
TN8305111;OSM;1302982235
TN8305111;TRENITALIA;830005111
TN8305111;UIC;8305111
TN8305111;WIKIDATA;Q3970535
TN8305112;OSM;1302983446
TN8305112;TRENITALIA;830005112
TN8305112;UIC;8305112
TN8305112;WIKIDATA;Q3970166
TN8305113;OSM;1302989610
TN8305113;TRENITALIA;830005113
TN8305113;UIC;8305113
TN8305113;WIKIDATA;Q3970599
TN8305115;OSM;726653726
TN8305115;TRENITALIA;830005115
TN8305115;UIC;8305115
TN8305115;WIKIDATA;Q3969476
TN8305116;OSM;725276223
TN8305116;TRENITALIA;830005116
TN8305116;UIC;8305116
TN8305116;WIKIDATA;Q3970505
TN8305118;OSM;9864021204
TN8305118;TRENITALIA;830005118
TN8305118;UIC;8305118
TN8305118;WIKIDATA;Q3970835
TN8305119;OSM;1699239975
TN8305119;TRENITALIA;830005119
TN8305119;UIC;8305119
TN8305119;WIKIDATA;Q3969035
TN8305122;OSM;721091000
TN8305122;TRENITALIA;830005122
TN8305122;UIC;8305122
TN8305122;WIKIDATA;Q3969284
TN8305123;OSM;2639778135
TN8305123;TRENITALIA;830005123
TN8305123;UIC;8305123
TN8305123;WIKIDATA;Q3970504
TN8305130;OSM;12294207491
TN8305130;TRENITALIA;830005130
TN8305130;UIC;8305130
TN8305130;WIKIDATA;Q3969069
TN8305131;OSM;252300298
TN8305131;TRENITALIA;830005131
TN8305131;UIC;8305131
TN8305131;WIKIDATA;Q3970471
TN8305132;OSM;14017742087
TN8305132;TRENITALIA;830005132
TN8305132;UIC;8305132
TN8305132;WIKIDATA;Q3970227
TN8305133;OSM;3509147559
TN8305133;TRENITALIA;830005133
TN8305133;UIC;8305133
TN8305133;WIKIDATA;Q3969754
TN8305134;OSM;1960448766
TN8305134;TRENITALIA;830005134
TN8305134;UIC;8305134
TN8305134;WIKIDATA;Q3970780
TN8305135;OSM;1397268062
TN8305135;TRENITALIA;830005135
TN8305135;UIC;8305135
TN8305135;WIKIDATA;Q3971272
TN8305136;OSM;9393917679
TN8305136;TRENITALIA;830005136
TN8305136;UIC;8305136
TN8305136;WIKIDATA;Q3971226
TN8305138;OSM;14014886153
TN8305138;TRENITALIA;830005138
TN8305138;UIC;8305138
TN8305138;WIKIDATA;Q3970641
TN8305139;OSM;14017640512
TN8305139;TRENITALIA;830005139
TN8305139;UIC;8305139
TN8305139;WIKIDATA;Q15714379
TN8305140;OSM;11107639531
TN8305140;TRENITALIA;830005140
TN8305140;UIC;8305140
TN8305140;WIKIDATA;Q15070213
TN8305254;OSM;14031149407
TN8305254;TRENITALIA;830005254
TN8305254;UIC;8305254
TN8305254;WIKIDATA;Q1155591
TN8305301;OSM;1882504731
TN8305301;TRENITALIA;830005301
TN8305301;UIC;8305301
TN8305301;WIKIDATA;Q16608888
TN8305302;OSM;1882504746
TN8305302;TRENITALIA;830005302
TN8305302;UIC;8305302
TN8305302;WIKIDATA;Q3970365
TN8305304;OSM;1882504749
TN8305304;TRENITALIA;830005304
TN8305304;UIC;8305304
TN8305304;WIKIDATA;Q3970372
TN8305307;OSM;1882504737
TN8305307;TRENITALIA;830005307
TN8305307;UIC;8305307
TN8305307;WIKIDATA;Q3969831
TN8305308;OSM;1882504752
TN8305308;TRENITALIA;830005308
TN8305308;UIC;8305308
TN8305308;WIKIDATA;Q3970511
TN8305310;OSM;1882504741
TN8305310;TRENITALIA;830005310
TN8305310;UIC;8305310
TN8305310;WIKIDATA;Q3970308
TN8305311;OSM;3394605639
TN8305311;TRENITALIA;830005311
TN8305311;UIC;8305311
TN8305311;WIKIDATA;Q3970155
TN8305313;OSM;1882504756
TN8305313;TRENITALIA;830005313
TN8305313;UIC;8305313
TN8305313;WIKIDATA;Q3970793
TN8305314;OSM;1630432077
TN8305314;TRENITALIA;830005314
TN8305314;UIC;8305314
TN8305314;WIKIDATA;Q3969189
TN8305316;OSM;1882504735
TN8305316;TRENITALIA;830005316
TN8305316;UIC;8305316
TN8305316;WIKIDATA;Q3969497
TN8305319;OSM;3394617847
TN8305319;TRENITALIA;830005319
TN8305319;UIC;8305319
TN8305319;WIKIDATA;Q3970808
TN8305417;OSM;968606722
TN8305417;TRENITALIA;830005417
TN8305417;UIC;8305417
TN8305417;WIKIDATA;Q3969367
TN8305418;OSM;347135782
TN8305418;TRENITALIA;830005418
TN8305418;UIC;8305418
TN8305418;WIKIDATA;Q17637327
TN8305419;OSM;968590117
TN8305419;TRENITALIA;830005419
TN8305419;UIC;8305419
TN8305419;WIKIDATA;Q17637124
TN8305420;OSM;7538507319
TN8305420;TRENITALIA;830005420
TN8305420;UIC;8305420
TN8305420;WIKIDATA;Q3968828
TN8305423;OSM;5083457020
TN8305423;TRENITALIA;830005423
TN8305423;UIC;8305423
TN8305423;WIKIDATA;Q17637338
TN8305424;OSM;967790307
TN8305424;TRENITALIA;830005424
TN8305424;UIC;8305424
TN8305424;WIKIDATA;Q17637523
TN8305425;OSM;13360407567
TN8305425;TRENITALIA;830005425
TN8305425;UIC;8305425
TN8305425;WIKIDATA;Q17637170
TN8305426;OSM;13363459100
TN8305426;TRENITALIA;830005426
TN8305426;UIC;8305426
TN8305426;WIKIDATA;Q17637547
TN8305428;OSM;2399709286
TN8305428;TRENITALIA;830005428
TN8305428;UIC;8305428
TN8305428;WIKIDATA;Q3969406
TN8305700;TRENITALIA;830005700
TN8305700;UIC;8305700
TN8305701;OSM;1009238192
TN8305701;TRENITALIA;830005701
TN8305701;UIC;8305701
TN8305701;WIKIDATA;Q3971095
TN8305702;OSM;1311682442
TN8305702;TRENITALIA;830005702
TN8305702;UIC;8305702
TN8305702;WIKIDATA;Q18613410
TN8305703;OSM;965402474
TN8305703;TRENITALIA;830005703
TN8305703;UIC;8305703
TN8305703;WIKIDATA;Q3970178
TN8305704;OSM;1348721603
TN8305704;TRENITALIA;830005704
TN8305704;UIC;8305704
TN8305704;WIKIDATA;Q19060601
TN8305705;OSM;354883111
TN8305705;TRENITALIA;830005705
TN8305705;UIC;8305705
TN8305705;WIKIDATA;Q19060599
TN8305706;OSM;968923469
TN8305706;TRENITALIA;830005706
TN8305706;UIC;8305706
TN8305706;WIKIDATA;Q3970748
TN8305707;OSM;354883620
TN8305707;TRENITALIA;830005707
TN8305707;UIC;8305707
TN8305707;WIKIDATA;Q3968906
TN8305708;OSM;354884063
TN8305708;TRENITALIA;830005708
TN8305708;UIC;8305708
TN8305708;WIKIDATA;Q19060596
TN8305709;TRENITALIA;830005709
TN8305709;UIC;8305709
TN8305710;OSM;1835467351
TN8305710;TRENITALIA;830005710
TN8305710;UIC;8305710
TN8305710;WIKIDATA;Q3970330
TN8305711;OSM;2084403604
TN8305711;TRENITALIA;830005711
TN8305711;UIC;8305711
TN8305711;WIKIDATA;Q3970547
TN8305712;OSM;2121919441
TN8305712;TRENITALIA;830005712
TN8305712;UIC;8305712
TN8305712;WIKIDATA;Q3969599
TN8305722;OSM;360435763
TN8305722;TRENITALIA;830005722
TN8305722;UIC;8305722
TN8305722;WIKIDATA;Q15714361
TN8305811;OSM;9067692438
TN8305811;TRENITALIA;830005811
TN8305811;UIC;8305811
TN8305811;WIKIDATA;Q801350
TN8305903;OSM;309988570
TN8305903;TRENITALIA;830005903
TN8305903;UIC;8305903
TN8305903;WIKIDATA;Q3970749
TN8305955;OSM;11793816636
TN8305955;TRENITALIA;830005955
TN8305955;UIC;8305955
TN8305955;WIKIDATA;Q3969748
TN8306000;OSM;1262114259
TN8306000;TRENITALIA;830006000
TN8306000;UIC;8306000
TN8306000;WIKIDATA;Q3969899
TN8306001;OSM;253248908
TN8306001;TRENITALIA;830006001
TN8306001;UIC;8306001
TN8306001;WIKIDATA;Q3969920
TN8306004;OSM;5834005944
TN8306004;TRENITALIA;830006004
TN8306004;UIC;8306004
TN8306004;WIKIDATA;Q3969896
TN8306005;OSM;12704500121
TN8306005;TRENITALIA;830006005
TN8306005;UIC;8306005
TN8306005;WIKIDATA;Q3969243
TN8306006;OSM;10077775923
TN8306006;TRENITALIA;830006006
TN8306006;UIC;8306006
TN8306006;WIKIDATA;Q3968892
TN8306007;OSM;1265732350
TN8306007;TRENITALIA;830006007
TN8306007;UIC;8306007
TN8306007;WIKIDATA;Q3970908
TN8306008;OSM;1272424539
TN8306008;TRENITALIA;830006008
TN8306008;UIC;8306008
TN8306008;WIKIDATA;Q3969996
TN8306009;OSM;1777874068
TN8306009;TRENITALIA;830006009
TN8306009;UIC;8306009
TN8306009;WIKIDATA;Q3970064
TN8306011;OSM;1545184766
TN8306011;TRENITALIA;830006011
TN8306011;UIC;8306011
TN8306011;WIKIDATA;Q3969646
TN8306012;OSM;11197658816
TN8306012;TRENITALIA;830006012
TN8306012;UIC;8306012
TN8306012;WIKIDATA;Q3970484
TN8306013;OSM;5836455238
TN8306013;TRENITALIA;830006013
TN8306013;UIC;8306013
TN8306013;WIKIDATA;Q3968928
TN8306015;OSM;251377789
TN8306015;TRENITALIA;830006015
TN8306015;UIC;8306015
TN8306015;WIKIDATA;Q3971151
TN8306017;TRENITALIA;830006017
TN8306017;UIC;8306017
TN8306018;TRENITALIA;830006018
TN8306018;UIC;8306018
TN8306021;TRENITALIA;830006021
TN8306021;UIC;8306021
TN8306022;TRENITALIA;830006022
TN8306022;UIC;8306022
TN8306023;TRENITALIA;830006023
TN8306023;UIC;8306023
TN8306024;TRENITALIA;830006024
TN8306024;UIC;8306024
TN8306025;OSM;4130370003
TN8306025;TRENITALIA;830006025
TN8306025;UIC;8306025
TN8306025;WIKIDATA;Q3971223
TN8306026;OSM;4126837693
TN8306026;TRENITALIA;830006026
TN8306026;UIC;8306026
TN8306026;WIKIDATA;Q3969361
TN8306028;OSM;4128255739
TN8306028;TRENITALIA;830006028
TN8306028;UIC;8306028
TN8306028;WIKIDATA;Q3969055
TN8306029;OSM;4818918096
TN8306029;TRENITALIA;830006029
TN8306029;UIC;8306029
TN8306029;WIKIDATA;Q3969283
TN8306030;OSM;4821631740
TN8306030;TRENITALIA;830006030
TN8306030;UIC;8306030
TN8306030;WIKIDATA;Q3970851
TN8306031;OSM;4818907096
TN8306031;TRENITALIA;830006031
TN8306031;UIC;8306031
TN8306031;WIKIDATA;Q3969174
TN8306032;OSM;3102397464
TN8306032;TRENITALIA;830006032
TN8306032;UIC;8306032
TN8306032;WIKIDATA;Q3971305
TN8306033;OSM;4831873057
TN8306033;TRENITALIA;830006033
TN8306033;UIC;8306033
TN8306033;WIKIDATA;Q3969632
TN8306035;OSM;4884719144
TN8306035;TRENITALIA;830006035
TN8306035;UIC;8306035
TN8306035;WIKIDATA;Q3970924
TN8306036;OSM;4884719140
TN8306036;TRENITALIA;830006036
TN8306036;UIC;8306036
TN8306036;WIKIDATA;Q3969691
TN8306038;OSM;4951815425
TN8306038;TRENITALIA;830006038
TN8306038;UIC;8306038
TN8306038;WIKIDATA;Q3970209
TN8306039;OSM;755794829
TN8306039;TRENITALIA;830006039
TN8306039;UIC;8306039
TN8306039;WIKIDATA;Q3969767
TN8306040;OSM;249169073
TN8306040;TRENITALIA;830006040
TN8306040;UIC;8306040
TN8306040;WIKIDATA;Q3971295
TN8306043;OSM;1431727205
TN8306043;TRENITALIA;830006043
TN8306043;UIC;8306043
TN8306043;WIKIDATA;Q3969166
TN8306044;TRENITALIA;830006044
TN8306044;UIC;8306044
TN8306072;OSM;674448311
TN8306072;TRENITALIA;830006072
TN8306072;UIC;8306072
TN8306072;WIKIDATA;Q119643905
TN8306077;OSM;1393720598
TN8306077;TRENITALIA;830006077
TN8306077;UIC;8306077
TN8306077;WIKIDATA;Q119642809
TN8306079;OSM;12206690552
TN8306079;TRENITALIA;830006079
TN8306079;UIC;8306079
TN8306079;WIKIDATA;Q119642008
TN8306080;OSM;1393720599
TN8306080;TRENITALIA;830006080
TN8306080;UIC;8306080
TN8306080;WIKIDATA;Q119641705
TN8306081;OSM;1393720596
TN8306081;TRENITALIA;830006081
TN8306081;UIC;8306081
TN8306081;WIKIDATA;Q119645032
TN8306085;TRENITALIA;830006085
TN8306085;UIC;8306085
TN8306086;TRENITALIA;830006086
TN8306086;UIC;8306086
TN8306102;OSM;14039623652
TN8306102;TRENITALIA;830006102
TN8306102;UIC;8306102
TN8306102;WIKIDATA;Q16268792
TN8306150;OSM;4526985877
TN8306150;TRENITALIA;830006150
TN8306150;UIC;8306150
TN8306150;WIKIDATA;Q3971293
TN8306151;OSM;441584647
TN8306151;TRENITALIA;830006151
TN8306151;UIC;8306151
TN8306151;WIKIDATA;Q3969454
TN8306152;OSM;14039662957
TN8306152;TRENITALIA;830006152
TN8306152;UIC;8306152
TN8306152;WIKIDATA;Q3970380
TN8306153;OSM;14039703871
TN8306153;TRENITALIA;830006153
TN8306153;UIC;8306153
TN8306153;WIKIDATA;Q3969644
TN8306156;OSM;14041529407
TN8306156;TRENITALIA;830006156
TN8306156;UIC;8306156
TN8306156;WIKIDATA;Q3971013
TN8306158;OSM;687065347
TN8306158;TRENITALIA;830006158
TN8306158;UIC;8306158
TN8306158;WIKIDATA;Q3969027
TN8306160;OSM;1517872549
TN8306160;TRENITALIA;830006160
TN8306160;UIC;8306160
TN8306160;WIKIDATA;Q3970368
TN8306161;OSM;5836535744
TN8306161;TRENITALIA;830006161
TN8306161;UIC;8306161
TN8306161;WIKIDATA;Q3969088
TN8306163;OSM;5836455506
TN8306163;TRENITALIA;830006163
TN8306163;UIC;8306163
TN8306163;WIKIDATA;Q3970552
TN8306165;OSM;1517896166
TN8306165;TRENITALIA;830006165
TN8306165;UIC;8306165
TN8306165;WIKIDATA;Q3969605
TN8306166;OSM;5836455507
TN8306166;TRENITALIA;830006166
TN8306166;UIC;8306166
TN8306170;OSM;5834276087
TN8306170;TRENITALIA;830006170
TN8306170;UIC;8306170
TN8306171;OSM;5833462598
TN8306171;TRENITALIA;830006171
TN8306171;UIC;8306171
TN8306171;WIKIDATA;Q3971281
TN8306222;OSM;12294243024
TN8306222;TRENITALIA;830006222
TN8306222;UIC;8306222
TN8306223;OSM;771831864
TN8306223;TRENITALIA;830006223
TN8306223;UIC;8306223
TN8306223;WIKIDATA;Q3969626
TN8306224;OSM;1813987804
TN8306224;TRENITALIA;830006224
TN8306224;UIC;8306224
TN8306224;WIKIDATA;Q3969746
TN8306225;OSM;1813987803
TN8306225;TRENITALIA;830006225
TN8306225;UIC;8306225
TN8306225;WIKIDATA;Q3970225
TN8306226;OSM;1813987799
TN8306226;TRENITALIA;830006226
TN8306226;UIC;8306226
TN8306226;WIKIDATA;Q3969567
TN8306227;OSM;413281557
TN8306227;TRENITALIA;830006227
TN8306227;UIC;8306227
TN8306227;WIKIDATA;Q3970143
TN8306300;OSM;708238541
TN8306300;TRENITALIA;830006300
TN8306300;UIC;8306300
TN8306300;WIKIDATA;Q3969321
TN8306301;OSM;708239488
TN8306301;TRENITALIA;830006301
TN8306301;UIC;8306301
TN8306301;WIKIDATA;Q16609210
TN8306302;OSM;708238900
TN8306302;TRENITALIA;830006302
TN8306302;UIC;8306302
TN8306302;WIKIDATA;Q16609002
TN8306303;OSM;708238385
TN8306303;TRENITALIA;830006303
TN8306303;UIC;8306303
TN8306303;WIKIDATA;Q16608794
TN8306304;OSM;708239545
TN8306304;TRENITALIA;830006304
TN8306304;UIC;8306304
TN8306304;WIKIDATA;Q16609203
TN8306306;OSM;693820239
TN8306306;TRENITALIA;830006306
TN8306306;UIC;8306306
TN8306306;WIKIDATA;Q16609254
TN8306308;OSM;693810455
TN8306308;TRENITALIA;830006308
TN8306308;UIC;8306308
TN8306308;WIKIDATA;Q16608773
TN8306309;OSM;1920177675
TN8306309;TRENITALIA;830006309
TN8306309;UIC;8306309
TN8306309;WIKIDATA;Q16608854
TN8306310;OSM;1699607987
TN8306310;TRENITALIA;830006310
TN8306310;UIC;8306310
TN8306310;WIKIDATA;Q16609140
TN8306312;OSM;459672499
TN8306312;TRENITALIA;830006312
TN8306312;UIC;8306312
TN8306312;WIKIDATA;Q3970532
TN8306313;OSM;1920177972
TN8306313;TRENITALIA;830006313
TN8306313;UIC;8306313
TN8306313;WIKIDATA;Q3970843
TN8306322;OSM;708240615
TN8306322;TRENITALIA;830006322
TN8306322;UIC;8306322
TN8306322;WIKIDATA;Q16610073
TN8306323;OSM;708240562
TN8306323;TRENITALIA;830006323
TN8306323;UIC;8306323
TN8306323;WIKIDATA;Q16609633
TN8306324;OSM;708240503
TN8306324;TRENITALIA;830006324
TN8306324;UIC;8306324
TN8306324;WIKIDATA;Q16608921
TN8306325;OSM;12294243026
TN8306325;TRENITALIA;830006325
TN8306325;UIC;8306325
TN8306325;WIKIDATA;Q3970476
TN8306350;OSM;12055468702
TN8306350;TRENITALIA;830006350
TN8306350;UIC;8306350
TN8306350;WIKIDATA;Q3970066
TN8306351;OSM;12055468708
TN8306351;TRENITALIA;830006351
TN8306351;UIC;8306351
TN8306351;WIKIDATA;Q3970323
TN8306400;OSM;12055485743
TN8306400;TRENITALIA;830006400
TN8306400;UIC;8306400
TN8306400;WIKIDATA;Q3970811
TN8306401;OSM;12055485746
TN8306401;TRENITALIA;830006401
TN8306401;UIC;8306401
TN8306401;WIKIDATA;Q3970668
TN8306402;OSM;12055485745
TN8306402;TRENITALIA;830006402
TN8306402;UIC;8306402
TN8306402;WIKIDATA;Q3970678
TN8306404;OSM;248884505
TN8306404;TRENITALIA;830006404
TN8306404;UIC;8306404
TN8306404;WIKIDATA;Q3969986
TN8306405;OSM;343335392
TN8306405;TRENITALIA;830006405
TN8306405;UIC;8306405
TN8306405;WIKIDATA;Q16609944
TN8306406;OSM;1707106761
TN8306406;TRENITALIA;830006406
TN8306406;UIC;8306406
TN8306406;WIKIDATA;Q3970556
TN8306407;OSM;4441188438
TN8306407;TRENITALIA;830006407
TN8306407;UIC;8306407
TN8306407;WIKIDATA;Q16608737
TN8306408;OSM;1707043067
TN8306408;TRENITALIA;830006408
TN8306408;UIC;8306408
TN8306408;WIKIDATA;Q3970195
TN8306409;OSM;288952427
TN8306409;TRENITALIA;830006409
TN8306409;UIC;8306409
TN8306409;WIKIDATA;Q3970452
TN8306410;OSM;494529278
TN8306410;TRENITALIA;830006410
TN8306410;UIC;8306410
TN8306410;WIKIDATA;Q3969091
TN8306411;OSM;587959193
TN8306411;TRENITALIA;830006411
TN8306411;UIC;8306411
TN8306411;WIKIDATA;Q3970199
TN8306412;OSM;12294243029
TN8306412;TRENITALIA;830006412
TN8306412;UIC;8306412
TN8306412;WIKIDATA;Q3970198
TN8306413;OSM;344649004
TN8306413;TRENITALIA;830006413
TN8306413;UIC;8306413
TN8306413;WIKIDATA;Q3970951
TN8306414;OSM;2356000621
TN8306414;TRENITALIA;830006414
TN8306414;UIC;8306414
TN8306414;WIKIDATA;Q765790
TN8306415;OSM;291192149
TN8306415;TRENITALIA;830006415
TN8306415;UIC;8306415
TN8306415;WIKIDATA;Q3970188
TN8306416;OSM;3330084746
TN8306416;TRENITALIA;830006416
TN8306416;UIC;8306416
TN8306416;WIKIDATA;Q3970613
TN8306417;OSM;250994397
TN8306417;TRENITALIA;830006417
TN8306417;UIC;8306417
TN8306417;WIKIDATA;Q3969160
TN8306418;OSM;279373455
TN8306418;TRENITALIA;830006418
TN8306418;UIC;8306418
TN8306418;WIKIDATA;Q3970958
TN8306419;OSM;279371582
TN8306419;TRENITALIA;830006419
TN8306419;UIC;8306419
TN8306419;WIKIDATA;Q3969616
TN8306420;OSM;13920401238
TN8306420;TRENITALIA;830006420
TN8306420;UIC;8306420
TN8306420;WIKIDATA;Q1143028
TN8306421;OSM;1835203780
TN8306421;TRENITALIA;830006421
TN8306421;UIC;8306421
TN8306421;WIKIDATA;Q800761
TN8306422;OSM;3330084767
TN8306422;TRENITALIA;830006422
TN8306422;UIC;8306422
TN8306422;WIKIDATA;Q3970607
TN8306423;OSM;250994412
TN8306423;TRENITALIA;830006423
TN8306423;UIC;8306423
TN8306423;WIKIDATA;Q3970605
TN8306424;OSM;250994424
TN8306424;TRENITALIA;830006424
TN8306424;UIC;8306424
TN8306424;WIKIDATA;Q3969811
TN8306425;OSM;250994438
TN8306425;TRENITALIA;830006425
TN8306425;UIC;8306425
TN8306425;WIKIDATA;Q3971380
TN8306426;OSM;277936050
TN8306426;TRENITALIA;830006426
TN8306426;UIC;8306426
TN8306426;WIKIDATA;Q3970606
TN8306430;OSM;271790930
TN8306430;TRENITALIA;830006430
TN8306430;UIC;8306430
TN8306430;WIKIDATA;Q3969623
TN8306500;OSM;12633170992
TN8306500;TRENITALIA;830006500
TN8306500;UIC;8306500
TN8306500;WIKIDATA;Q849256
TN8306501;OSM;4144261797
TN8306501;TRENITALIA;830006501
TN8306501;UIC;8306501
TN8306501;WIKIDATA;Q3970502
TN8306502;OSM;13950594923
TN8306502;TRENITALIA;830006502
TN8306502;UIC;8306502
TN8306502;WIKIDATA;Q3970286
TN8306504;OSM;262362155
TN8306504;TRENITALIA;830006504
TN8306504;UIC;8306504
TN8306504;WIKIDATA;Q3970791
TN8306505;OSM;11914244971
TN8306505;TRENITALIA;830006505
TN8306505;UIC;8306505
TN8306505;WIKIDATA;Q3969266
TN8306506;OSM;218703328
TN8306506;TRENITALIA;830006506
TN8306506;UIC;8306506
TN8306506;WIKIDATA;Q3970542
TN8306508;OSM;2432396111
TN8306508;TRENITALIA;830006508
TN8306508;UIC;8306508
TN8306508;WIKIDATA;Q3970844
TN8306509;OSM;2432405171
TN8306509;TRENITALIA;830006509
TN8306509;UIC;8306509
TN8306509;WIKIDATA;Q3970834
TN8306510;OSM;239925589
TN8306510;TRENITALIA;830006510
TN8306510;UIC;8306510
TN8306510;WIKIDATA;Q3969560
TN8306511;OSM;2442611476
TN8306511;TRENITALIA;830006511
TN8306511;UIC;8306511
TN8306511;WIKIDATA;Q3970203
TN8306513;OSM;402540352
TN8306513;TRENITALIA;830006513
TN8306513;UIC;8306513
TN8306513;WIKIDATA;Q3971000
TN8306514;TRENITALIA;830006514
TN8306514;UIC;8306514
TN8306516;OSM;13949103022
TN8306516;TRENITALIA;830006516
TN8306516;UIC;8306516
TN8306516;WIKIDATA;Q3968802
TN8306602;OSM;12294243032
TN8306602;TRENITALIA;830006602
TN8306602;UIC;8306602
TN8306602;WIKIDATA;Q3971225
TN8306603;OSM;12294243034
TN8306603;TRENITALIA;830006603
TN8306603;UIC;8306603
TN8306603;WIKIDATA;Q3970841
TN8306604;OSM;12294243035
TN8306604;TRENITALIA;830006604
TN8306604;UIC;8306604
TN8306604;WIKIDATA;Q3969082
TN8306606;OSM;4419262805
TN8306606;TRENITALIA;830006606
TN8306606;UIC;8306606
TN8306606;WIKIDATA;Q3970716
TN8306608;OSM;10293883977
TN8306608;TRENITALIA;830006608
TN8306608;UIC;8306608
TN8306608;WIKIDATA;Q17146373
TN8306610;OSM;10293882514
TN8306610;TRENITALIA;830006610
TN8306610;UIC;8306610
TN8306610;WIKIDATA;Q3970052
TN8306611;OSM;4748570042
TN8306611;TRENITALIA;830006611
TN8306611;UIC;8306611
TN8306611;WIKIDATA;Q3970829
TN8306612;OSM;4748570354
TN8306612;TRENITALIA;830006612
TN8306612;UIC;8306612
TN8306612;WIKIDATA;Q3970783
TN8306613;OSM;4748574319
TN8306613;TRENITALIA;830006613
TN8306613;UIC;8306613
TN8306613;WIKIDATA;Q3969629
TN8306614;OSM;2776430299
TN8306614;TRENITALIA;830006614
TN8306614;UIC;8306614
TN8306614;WIKIDATA;Q3969122
TN8306617;OSM;1324082169
TN8306617;TRENITALIA;830006617
TN8306617;UIC;8306617
TN8306617;WIKIDATA;Q3971047
TN8306620;TRENITALIA;830006620
TN8306620;UIC;8306620
TN8306621;OSM;10293929520
TN8306621;TRENITALIA;830006621
TN8306621;UIC;8306621
TN8306621;WIKIDATA;Q17146357
TN8306659;OSM;543371283
TN8306659;TRENITALIA;830006659
TN8306659;UIC;8306659
TN8306659;WIKIDATA;Q3969186
TN8306700;OSM;3627507154
TN8306700;TRENITALIA;830006700
TN8306700;UIC;8306700
TN8306700;WIKIDATA;Q3971291
TN8306701;OSM;2905460006
TN8306701;TRENITALIA;830006701
TN8306701;UIC;8306701
TN8306701;WIKIDATA;Q3969530
TN8306702;OSM;646840361
TN8306702;TRENITALIA;830006702
TN8306702;UIC;8306702
TN8306702;WIKIDATA;Q3969469
TN8306703;OSM;13908819162
TN8306703;TRENITALIA;830006703
TN8306703;UIC;8306703
TN8306703;WIKIDATA;Q3970747
TN8306704;OSM;2868287750
TN8306704;TRENITALIA;830006704
TN8306704;UIC;8306704
TN8306704;WIKIDATA;Q3970930
TN8306705;OSM;1699265941
TN8306705;TRENITALIA;830006705
TN8306705;UIC;8306705
TN8306705;WIKIDATA;Q3969086
TN8306725;OSM;4131026718
TN8306725;TRENITALIA;830006725
TN8306725;UIC;8306725
TN8306725;WIKIDATA;Q3969976
TN8306727;OSM;9558246709
TN8306727;TRENITALIA;830006727
TN8306727;UIC;8306727
TN8306727;WIKIDATA;Q3968879
TN8306728;OSM;4130826430
TN8306728;TRENITALIA;830006728
TN8306728;UIC;8306728
TN8306728;WIKIDATA;Q3970624
TN8306729;OSM;4130767754
TN8306729;TRENITALIA;830006729
TN8306729;UIC;8306729
TN8306729;WIKIDATA;Q3969325
TN8306730;OSM;4130399789
TN8306730;TRENITALIA;830006730
TN8306730;UIC;8306730
TN8306730;WIKIDATA;Q3970721
TN8306750;OSM;4127801807
TN8306750;TRENITALIA;830006750
TN8306750;UIC;8306750
TN8306750;WIKIDATA;Q21751060
TN8306751;OSM;3080995711
TN8306751;TRENITALIA;830006751
TN8306751;UIC;8306751
TN8306751;WIKIDATA;Q21751184
TN8306752;OSM;1960586114
TN8306752;TRENITALIA;830006752
TN8306752;UIC;8306752
TN8306752;WIKIDATA;Q21751542
TN8306753;OSM;12294243043
TN8306753;TRENITALIA;830006753
TN8306753;UIC;8306753
TN8306753;WIKIDATA;Q21751546
TN8306770;OSM;3660300624
TN8306770;TRENITALIA;830006770
TN8306770;UIC;8306770
TN8306770;WIKIDATA;Q3970491
TN8306773;OSM;4818907097
TN8306773;TRENITALIA;830006773
TN8306773;UIC;8306773
TN8306773;WIKIDATA;Q3970554
TN8306775;OSM;12294243042
TN8306775;TRENITALIA;830006775
TN8306775;UIC;8306775
TN8306775;WIKIDATA;Q3970495
TN8306800;OSM;2872511512
TN8306800;TRENITALIA;830006800
TN8306800;UIC;8306800
TN8306800;WIKIDATA;Q29391027
TN8306801;OSM;9646692598
TN8306801;TRENITALIA;830006801
TN8306801;UIC;8306801
TN8306801;WIKIDATA;Q29391041
TN8306802;OSM;413890083
TN8306802;TRENITALIA;830006802
TN8306802;UIC;8306802
TN8306802;WIKIDATA;Q18785594
TN8306803;OSM;345011537
TN8306803;TRENITALIA;830006803
TN8306803;UIC;8306803
TN8306803;WIKIDATA;Q3969374
TN8306804;OSM;1319872627
TN8306804;TRENITALIA;830006804
TN8306804;UIC;8306804
TN8306804;WIKIDATA;Q29391096
TN8306805;OSM;513101868
TN8306805;TRENITALIA;830006805
TN8306805;UIC;8306805
TN8306805;WIKIDATA;Q3970510
TN8306808;OSM;11019920501
TN8306808;TRENITALIA;830006808
TN8306808;UIC;8306808
TN8306808;WIKIDATA;Q3969315
TN8306809;OSM;11539665527
TN8306809;TRENITALIA;830006809
TN8306809;UIC;8306809
TN8306809;WIKIDATA;Q3971002
TN8306811;OSM;4811936409
TN8306811;TRENITALIA;830006811
TN8306811;UIC;8306811
TN8306811;WIKIDATA;Q29558136
TN8306812;OSM;496122892
TN8306812;TRENITALIA;830006812
TN8306812;UIC;8306812
TN8306812;WIKIDATA;Q29558198
TN8306813;OSM;2444176950
TN8306813;TRENITALIA;830006813
TN8306813;UIC;8306813
TN8306813;WIKIDATA;Q3968912
TN8306820;OSM;11210651929
TN8306820;TRENITALIA;830006820
TN8306820;UIC;8306820
TN8306820;WIKIDATA;Q3970190
TN8306822;OSM;59841572
TN8306822;TRENITALIA;830006822
TN8306822;UIC;8306822
TN8306822;WIKIDATA;Q3969430
TN8306823;OSM;7221575566
TN8306823;TRENITALIA;830006823
TN8306823;UIC;8306823
TN8306823;WIKIDATA;Q3970691
TN8306824;OSM;215643337
TN8306824;TRENITALIA;830006824
TN8306824;UIC;8306824
TN8306824;WIKIDATA;Q3971044
TN8306825;OSM;4167154820
TN8306825;TRENITALIA;830006825
TN8306825;UIC;8306825
TN8306825;WIKIDATA;Q29558256
TN8306826;OSM;513084904
TN8306826;TRENITALIA;830006826
TN8306826;UIC;8306826
TN8306826;WIKIDATA;Q15856482
TN8306850;OSM;496122835
TN8306850;TRENITALIA;830006850
TN8306850;UIC;8306850
TN8306850;WIKIDATA;Q3970640
TN8306852;OSM;254063510
TN8306852;TRENITALIA;830006852
TN8306852;UIC;8306852
TN8306852;WIKIDATA;Q3971003
TN8306854;OSM;2721627546
TN8306854;TRENITALIA;830006854
TN8306854;UIC;8306854
TN8306854;WIKIDATA;Q29558487
TN8306855;OSM;598847623
TN8306855;TRENITALIA;830006855
TN8306855;UIC;8306855
TN8306855;WIKIDATA;Q3970211
TN8306869;OSM;2363324102
TN8306869;TRENITALIA;830006869
TN8306869;UIC;8306869
TN8306869;WIKIDATA;Q3970533
TN8306871;OSM;215643342
TN8306871;TRENITALIA;830006871
TN8306871;UIC;8306871
TN8306871;WIKIDATA;Q3970213
TN8306874;OSM;59841641
TN8306874;TRENITALIA;830006874
TN8306874;UIC;8306874
TN8306874;WIKIDATA;Q3969135
TN8306876;OSM;1887932187
TN8306876;TRENITALIA;830006876
TN8306876;UIC;8306876
TN8306876;WIKIDATA;Q3970252
TN8306900;OSM;8033523329
TN8306900;TRENITALIA;830006900
TN8306900;UIC;8306900
TN8306900;WIKIDATA;Q800756
TN8306901;OSM;324248585
TN8306901;TRENITALIA;830006901
TN8306901;UIC;8306901
TN8306901;WIKIDATA;Q3969621
TN8306902;OSM;8033523332
TN8306902;TRENITALIA;830006902
TN8306902;UIC;8306902
TN8306902;WIKIDATA;Q3969466
TN8306903;OSM;1397057661
TN8306903;TRENITALIA;830006903
TN8306903;UIC;8306903
TN8306903;WIKIDATA;Q3970995
TN8306904;OSM;8033523339
TN8306904;TRENITALIA;830006904
TN8306904;UIC;8306904
TN8306904;WIKIDATA;Q20011942
TN8306905;OSM;8033523338
TN8306905;TRENITALIA;830006905
TN8306905;UIC;8306905
TN8306905;WIKIDATA;Q3970871
TN8306906;OSM;8033523313
TN8306906;TRENITALIA;830006906
TN8306906;UIC;8306906
TN8306906;WIKIDATA;Q3970665
TN8306907;OSM;8033523312
TN8306907;TRENITALIA;830006907
TN8306907;UIC;8306907
TN8306907;WIKIDATA;Q3969821
TN8306908;OSM;13907804118
TN8306908;TRENITALIA;830006908
TN8306908;UIC;8306908
TN8306908;WIKIDATA;Q3969606
TN8306909;OSM;8033523310
TN8306909;TRENITALIA;830006909
TN8306909;UIC;8306909
TN8306909;WIKIDATA;Q3970805
TN8306910;OSM;13907812892
TN8306910;TRENITALIA;830006910
TN8306910;UIC;8306910
TN8306910;WIKIDATA;Q3970219
TN8306911;OSM;8033523308
TN8306911;TRENITALIA;830006911
TN8306911;UIC;8306911
TN8306911;WIKIDATA;Q3969131
TN8306912;OSM;8033523307
TN8306912;TRENITALIA;830006912
TN8306912;UIC;8306912
TN8306912;WIKIDATA;Q1115149
TN8306913;OSM;5640374304
TN8306913;TRENITALIA;830006913
TN8306913;UIC;8306913
TN8306913;WIKIDATA;Q3970550
TN8306915;OSM;8033523306
TN8306915;TRENITALIA;830006915
TN8306915;UIC;8306915
TN8306915;WIKIDATA;Q3968902
TN8306920;OSM;8033523305
TN8306920;TRENITALIA;830006920
TN8306920;UIC;8306920
TN8306920;WIKIDATA;Q3969323
TN8306921;OSM;8033523304
TN8306921;TRENITALIA;830006921
TN8306921;UIC;8306921
TN8306921;WIKIDATA;Q3969190
TN8306922;OSM;8033523303
TN8306922;TRENITALIA;830006922
TN8306922;UIC;8306922
TN8306922;WIKIDATA;Q3971102
TN8306923;OSM;8033523302
TN8306923;TRENITALIA;830006923
TN8306923;UIC;8306923
TN8306923;WIKIDATA;Q3969324
TN8306925;OSM;8033523300
TN8306925;TRENITALIA;830006925
TN8306925;UIC;8306925
TN8306925;WIKIDATA;Q3969409
TN8306950;OSM;12999857060
TN8306950;TRENITALIA;830006950
TN8306950;UIC;8306950
TN8306950;WIKIDATA;Q3969619
TN8306952;OSM;2425303916
TN8306952;TRENITALIA;830006952
TN8306952;UIC;8306952
TN8306952;WIKIDATA;Q3970460
TN8306953;OSM;1947357012
TN8306953;TRENITALIA;830006953
TN8306953;UIC;8306953
TN8306953;WIKIDATA;Q3969604
TN8306957;OSM;267398944
TN8306957;TRENITALIA;830006957
TN8306957;UIC;8306957
TN8306957;WIKIDATA;Q3968800
TN8307000;OSM;4019667126
TN8307000;TRENITALIA;830007000
TN8307000;UIC;8307000
TN8307000;WIKIDATA;Q21185202
TN8307001;OSM;4010810755
TN8307001;TRENITALIA;830007001
TN8307001;UIC;8307001
TN8307001;WIKIDATA;Q21185088
TN8307002;OSM;1406467983
TN8307002;TRENITALIA;830007002
TN8307002;UIC;8307002
TN8307002;WIKIDATA;Q21185048
TN8307003;OSM;249236175
TN8307003;TRENITALIA;830007003
TN8307003;UIC;8307003
TN8307003;WIKIDATA;Q18923658
TN8307004;OSM;249236145
TN8307004;TRENITALIA;830007004
TN8307004;UIC;8307004
TN8307004;WIKIDATA;Q3970444
TN8307005;OSM;1137140346
TN8307005;TRENITALIA;830007005
TN8307005;UIC;8307005
TN8307005;WIKIDATA;Q3970437
TN8307007;OSM;1369882112
TN8307007;TRENITALIA;830007007
TN8307007;UIC;8307007
TN8307007;WIKIDATA;Q21184972
TN8307008;OSM;266579984
TN8307008;TRENITALIA;830007008
TN8307008;UIC;8307008
TN8307008;WIKIDATA;Q3968927
TN8307010;OSM;249384441
TN8307010;TRENITALIA;830007010
TN8307010;UIC;8307010
TN8307010;WIKIDATA;Q20010042
TN8307015;OSM;243855938
TN8307015;TRENITALIA;830007015
TN8307015;UIC;8307015
TN8307015;WIKIDATA;Q16608743
TN8307017;OSM;249236151
TN8307017;TRENITALIA;830007017
TN8307017;UIC;8307017
TN8307017;WIKIDATA;Q3970443
TN8307018;OSM;249236168
TN8307018;TRENITALIA;830007018
TN8307018;UIC;8307018
TN8307018;WIKIDATA;Q3970442
TN8307019;OSM;5811145130
TN8307019;TRENITALIA;830007019
TN8307019;UIC;8307019
TN8307019;WIKIDATA;Q3970448
TN8307020;OSM;3403930822
TN8307020;TRENITALIA;830007020
TN8307020;UIC;8307020
TN8307020;WIKIDATA;Q18923659
TN8307021;OSM;793817603
TN8307021;TRENITALIA;830007021
TN8307021;UIC;8307021
TN8307021;WIKIDATA;Q16608906
TN8307022;OSM;13818468743
TN8307022;TRENITALIA;830007022
TN8307022;UIC;8307022
TN8307022;WIKIDATA;Q20009462
TN8307023;TRENITALIA;830007023
TN8307023;UIC;8307023
TN8307024;OSM;13818500053
TN8307024;TRENITALIA;830007024
TN8307024;UIC;8307024
TN8307024;WIKIDATA;Q23067858
TN8307025;OSM;4267164819
TN8307025;TRENITALIA;830007025
TN8307025;UIC;8307025
TN8307025;WIKIDATA;Q28595129
TN8307026;OSM;4245408297
TN8307026;TRENITALIA;830007026
TN8307026;UIC;8307026
TN8307026;WIKIDATA;Q24647934
TN8307030;OSM;1395832786
TN8307030;TRENITALIA;830007030
TN8307030;UIC;8307030
TN8307030;WIKIDATA;Q131531731
TN8307100;OSM;294065215
TN8307100;TRENITALIA;830007100
TN8307100;UIC;8307100
TN8307100;WIKIDATA;Q3970675
TN8307101;OSM;283986433
TN8307101;TRENITALIA;830007101
TN8307101;UIC;8307101
TN8307101;WIKIDATA;Q924111
TN8307102;OSM;1704959943
TN8307102;TRENITALIA;830007102
TN8307102;UIC;8307102
TN8307102;WIKIDATA;Q674176
TN8307104;OSM;1862274592
TN8307104;TRENITALIA;830007104
TN8307104;UIC;8307104
TN8307104;WIKIDATA;Q3970447
TN8307105;OSM;9748287368
TN8307105;TRENITALIA;830007105
TN8307105;UIC;8307105
TN8307105;WIKIDATA;Q3969584
TN8307107;OSM;12570925776
TN8307107;TRENITALIA;830007107
TN8307107;UIC;8307107
TN8307107;WIKIDATA;Q3970056
TN8307108;OSM;243855500
TN8307108;TRENITALIA;830007108
TN8307108;UIC;8307108
TN8307108;WIKIDATA;Q3970941
TN8307109;OSM;243856040
TN8307109;TRENITALIA;830007109
TN8307109;UIC;8307109
TN8307109;WIKIDATA;Q17462133
TN8307110;OSM;243856006
TN8307110;TRENITALIA;830007110
TN8307110;UIC;8307110
TN8307110;WIKIDATA;Q16609458
TN8307111;OSM;5830925199
TN8307111;TRENITALIA;830007111
TN8307111;UIC;8307111
TN8307111;WIKIDATA;Q3969575
TN8307113;OSM;7460292092
TN8307113;TRENITALIA;830007113
TN8307113;UIC;8307113
TN8307113;WIKIDATA;Q3968877
TN8307117;OSM;1313534072
TN8307117;TRENITALIA;830007117
TN8307117;UIC;8307117
TN8307117;WIKIDATA;Q3969577
TN8307119;OSM;274309060
TN8307119;TRENITALIA;830007119
TN8307119;UIC;8307119
TN8307119;WIKIDATA;Q20009415
TN8307200;OSM;1313533104
TN8307200;TRENITALIA;830007200
TN8307200;UIC;8307200
TN8307200;WIKIDATA;Q19819427
TN8307201;OSM;540329946
TN8307201;TRENITALIA;830007201
TN8307201;UIC;8307201
TN8307201;WIKIDATA;Q19819428
TN8307202;OSM;266580010
TN8307202;TRENITALIA;830007202
TN8307202;UIC;8307202
TN8307202;WIKIDATA;Q19819430
TN8307203;OSM;3180339318
TN8307203;TRENITALIA;830007203
TN8307203;UIC;8307203
TN8307203;WIKIDATA;Q3970196
TN8307204;OSM;1549365834
TN8307204;TRENITALIA;830007204
TN8307204;UIC;8307204
TN8307204;WIKIDATA;Q19819433
TN8307205;OSM;278773424
TN8307205;TRENITALIA;830007205
TN8307205;UIC;8307205
TN8307205;WIKIDATA;Q19819434
TN8307206;OSM;7464141447
TN8307206;TRENITALIA;830007206
TN8307206;UIC;8307206
TN8307206;WIKIDATA;Q19819436
TN8307207;OSM;13343028214
TN8307207;TRENITALIA;830007207
TN8307207;UIC;8307207
TN8307207;WIKIDATA;Q17145109
TN8307208;OSM;13825401556
TN8307208;TRENITALIA;830007208
TN8307208;UIC;8307208
TN8307208;WIKIDATA;Q3969572
TN8307209;OSM;249386896
TN8307209;TRENITALIA;830007209
TN8307209;UIC;8307209
TN8307209;WIKIDATA;Q17146390
TN8307211;OSM;1034432254
TN8307211;TRENITALIA;830007211
TN8307211;UIC;8307211
TN8307211;WIKIDATA;Q17146397
TN8307212;OSM;1520192328
TN8307212;TRENITALIA;830007212
TN8307212;UIC;8307212
TN8307212;WIKIDATA;Q19819439
TN8307213;OSM;249386560
TN8307213;TRENITALIA;830007213
TN8307213;UIC;8307213
TN8307213;WIKIDATA;Q16609494
TN8307217;OSM;2585154221
TN8307217;TRENITALIA;830007217
TN8307217;UIC;8307217
TN8307217;WIKIDATA;Q3969637
TN8307218;OSM;2448005655
TN8307218;TRENITALIA;830007218
TN8307218;UIC;8307218
TN8307218;WIKIDATA;Q19819440
TN8307219;OSM;1822937806
TN8307219;TRENITALIA;830007219
TN8307219;UIC;8307219
TN8307219;WIKIDATA;Q19819441
TN8307221;OSM;1483639095
TN8307221;TRENITALIA;830007221
TN8307221;UIC;8307221
TN8307221;WIKIDATA;Q3971036
TN8307224;OSM;3105254531
TN8307224;TRENITALIA;830007224
TN8307224;UIC;8307224
TN8307224;WIKIDATA;Q3968952
TN8307226;OSM;5575522462
TN8307226;TRENITALIA;830007226
TN8307226;UIC;8307226
TN8307226;WIKIDATA;Q3971106
TN8307229;OSM;5272366687
TN8307229;TRENITALIA;830007229
TN8307229;UIC;8307229
TN8307229;WIKIDATA;Q3970289
TN8307230;TRENITALIA;830007230
TN8307230;UIC;8307230
TN8307234;OSM;4962399871
TN8307234;TRENITALIA;830007234
TN8307234;UIC;8307234
TN8307234;WIKIDATA;Q19819431
TN8307235;OSM;4379848606
TN8307235;TRENITALIA;830007235
TN8307235;UIC;8307235
TN8307235;WIKIDATA;Q19819444
TN8307300;OSM;13825349065
TN8307300;TRENITALIA;830007300
TN8307300;UIC;8307300
TN8307300;WIKIDATA;Q21559364
TN8307301;OSM;411040954
TN8307301;TRENITALIA;830007301
TN8307301;UIC;8307301
TN8307301;WIKIDATA;Q21559353
TN8307302;OSM;411040867
TN8307302;TRENITALIA;830007302
TN8307302;UIC;8307302
TN8307302;WIKIDATA;Q20009918
TN8307303;OSM;724096969
TN8307303;TRENITALIA;830007303
TN8307303;UIC;8307303
TN8307303;WIKIDATA;Q21559345
TN8307304;OSM;1135952270
TN8307304;TRENITALIA;830007304
TN8307304;UIC;8307304
TN8307304;WIKIDATA;Q3971122
TN8307305;OSM;13825215572
TN8307305;TRENITALIA;830007305
TN8307305;UIC;8307305
TN8307305;WIKIDATA;Q21559341
TN8307306;OSM;13823325379
TN8307306;TRENITALIA;830007306
TN8307306;UIC;8307306
TN8307306;WIKIDATA;Q21559335
TN8307307;OSM;1797207252
TN8307307;TRENITALIA;830007307
TN8307307;UIC;8307307
TN8307307;WIKIDATA;Q3970007
TN8307308;OSM;13823274582
TN8307308;TRENITALIA;830007308
TN8307308;UIC;8307308
TN8307308;WIKIDATA;Q21559316
TN8307309;OSM;13823284696
TN8307309;TRENITALIA;830007309
TN8307309;UIC;8307309
TN8307309;WIKIDATA;Q20009421
TN8307310;OSM;13823275384
TN8307310;TRENITALIA;830007310
TN8307310;UIC;8307310
TN8307310;WIKIDATA;Q20009419
TN8307311;OSM;13825298041
TN8307311;TRENITALIA;830007311
TN8307311;UIC;8307311
TN8307311;WIKIDATA;Q21559351
TN8307312;OSM;13823301943
TN8307312;TRENITALIA;830007312
TN8307312;UIC;8307312
TN8307312;WIKIDATA;Q21559315
TN8307313;OSM;13823313979
TN8307313;TRENITALIA;830007313
TN8307313;UIC;8307313
TN8307313;WIKIDATA;Q21559321
TN8307314;OSM;13823301949
TN8307314;TRENITALIA;830007314
TN8307314;UIC;8307314
TN8307314;WIKIDATA;Q86674005
TN8307315;OSM;13258903861
TN8307315;TRENITALIA;830007315
TN8307315;UIC;8307315
TN8307315;WIKIDATA;Q136928675
TN8307401;OSM;13845403325
TN8307401;TRENITALIA;830007401
TN8307401;UIC;8307401
TN8307401;WIKIDATA;Q17637371
TN8307403;OSM;13556127479
TN8307403;TRENITALIA;830007403
TN8307403;UIC;8307403
TN8307403;WIKIDATA;Q17637283
TN8307404;OSM;13556133242
TN8307404;TRENITALIA;830007404
TN8307404;UIC;8307404
TN8307404;WIKIDATA;Q17637204
TN8307405;OSM;9227136721
TN8307405;TRENITALIA;830007405
TN8307405;UIC;8307405
TN8307405;WIKIDATA;Q3970667
TN8307406;OSM;1483700386
TN8307406;TRENITALIA;830007406
TN8307406;UIC;8307406
TN8307406;WIKIDATA;Q16609052
TN8307407;TRENITALIA;830007407
TN8307407;UIC;8307407
TN8307408;OSM;530775461
TN8307408;TRENITALIA;830007408
TN8307408;UIC;8307408
TN8307408;WIKIDATA;Q15617139
TN8307409;OSM;1114058040
TN8307409;TRENITALIA;830007409
TN8307409;UIC;8307409
TN8307409;WIKIDATA;Q15617141
TN8307410;TRENITALIA;830007410
TN8307410;UIC;8307410
TN8307411;OSM;13805359651
TN8307411;TRENITALIA;830007411
TN8307411;UIC;8307411
TN8307411;WIKIDATA;Q15617145
TN8307413;OSM;13805366883
TN8307413;TRENITALIA;830007413
TN8307413;UIC;8307413
TN8307413;WIKIDATA;Q3970906
TN8307414;OSM;738159083
TN8307414;TRENITALIA;830007414
TN8307414;UIC;8307414
TN8307414;WIKIDATA;Q3968804
TN8307416;OSM;738133365
TN8307416;TRENITALIA;830007416
TN8307416;UIC;8307416
TN8307416;WIKIDATA;Q3970393
TN8307417;TRENITALIA;830007417
TN8307417;UIC;8307417
TN8307418;OSM;13802900238
TN8307418;TRENITALIA;830007418
TN8307418;UIC;8307418
TN8307418;WIKIDATA;Q15617149
TN8307420;OSM;13802869021
TN8307420;TRENITALIA;830007420
TN8307420;UIC;8307420
TN8307420;WIKIDATA;Q15617150
TN8307421;OSM;13802868162
TN8307421;TRENITALIA;830007421
TN8307421;UIC;8307421
TN8307421;WIKIDATA;Q15617152
TN8307422;OSM;13802724380
TN8307422;TRENITALIA;830007422
TN8307422;UIC;8307422
TN8307422;WIKIDATA;Q15617154
TN8307423;OSM;13802332385
TN8307423;TRENITALIA;830007423
TN8307423;UIC;8307423
TN8307423;WIKIDATA;Q15617162
TN8307424;OSM;2515636537
TN8307424;TRENITALIA;830007424
TN8307424;UIC;8307424
TN8307424;WIKIDATA;Q15617157
TN8307427;OSM;13556097523
TN8307427;TRENITALIA;830007427
TN8307427;UIC;8307427
TN8307427;WIKIDATA;Q17637321
TN8307428;OSM;4042458029
TN8307428;TRENITALIA;830007428
TN8307428;UIC;8307428
TN8307428;WIKIDATA;Q18005302
TN8307429;OSM;2028833189
TN8307429;TRENITALIA;830007429
TN8307429;UIC;8307429
TN8307429;WIKIDATA;Q16608933
TN8307431;OSM;13805326534
TN8307431;TRENITALIA;830007431
TN8307431;UIC;8307431
TN8307431;WIKIDATA;Q43399403
TN8307435;OSM;1114058068
TN8307435;TRENITALIA;830007435
TN8307435;UIC;8307435
TN8307435;WIKIDATA;Q15617140
TN8307436;OSM;12390152014
TN8307436;TRENITALIA;830007436
TN8307436;UIC;8307436
TN8307436;WIKIDATA;Q43399181
TN8307500;OSM;244116716
TN8307500;TRENITALIA;830007500
TN8307500;UIC;8307500
TN8307500;WIKIDATA;Q16610023
TN8307502;OSM;244116559
TN8307502;TRENITALIA;830007502
TN8307502;UIC;8307502
TN8307502;WIKIDATA;Q16609534
TN8307503;OSM;243093109
TN8307503;TRENITALIA;830007503
TN8307503;UIC;8307503
TN8307503;WIKIDATA;Q16609362
TN8307504;OSM;1669555296
TN8307504;TRENITALIA;830007504
TN8307504;UIC;8307504
TN8307504;WIKIDATA;Q16609672
TN8307505;OSM;354533170
TN8307505;TRENITALIA;830007505
TN8307505;UIC;8307505
TN8307505;WIKIDATA;Q16609685
TN8307506;OSM;243975504
TN8307506;TRENITALIA;830007506
TN8307506;UIC;8307506
TN8307506;WIKIDATA;Q3969427
TN8307507;OSM;1810969499
TN8307507;TRENITALIA;830007507
TN8307507;UIC;8307507
TN8307507;WIKIDATA;Q16609674
TN8307508;OSM;9748275913
TN8307508;TRENITALIA;830007508
TN8307508;UIC;8307508
TN8307508;WIKIDATA;Q3970575
TN8307510;OSM;12294127309
TN8307510;TRENITALIA;830007510
TN8307510;UIC;8307510
TN8307510;WIKIDATA;Q16609574
TN8307511;OSM;7386049599
TN8307511;TRENITALIA;830007511
TN8307511;UIC;8307511
TN8307511;WIKIDATA;Q16609123
TN8307512;OSM;3569961093
TN8307512;TRENITALIA;830007512
TN8307512;UIC;8307512
TN8307512;WIKIDATA;Q3969760
TN8307513;OSM;13821368626
TN8307513;TRENITALIA;830007513
TN8307513;UIC;8307513
TN8307513;WIKIDATA;Q3970781
TN8307514;OSM;13818297688
TN8307514;TRENITALIA;830007514
TN8307514;UIC;8307514
TN8307514;WIKIDATA;Q17146421
TN8307515;OSM;10245668526
TN8307515;TRENITALIA;830007515
TN8307515;UIC;8307515
TN8307515;WIKIDATA;Q115627695
TN8307550;OSM;13818595391
TN8307550;TRENITALIA;830007550
TN8307550;UIC;8307550
TN8307550;WIKIDATA;Q3968915
TN8307551;OSM;393856063
TN8307551;TRENITALIA;830007551
TN8307551;UIC;8307551
TN8307551;WIKIDATA;Q19622710
TN8307552;OSM;393857558
TN8307552;TRENITALIA;830007552
TN8307552;UIC;8307552
TN8307552;WIKIDATA;Q19622714
TN8307554;OSM;13818379641
TN8307554;TRENITALIA;830007554
TN8307554;UIC;8307554
TN8307554;WIKIDATA;Q19622707
TN8307555;OSM;13818532028
TN8307555;TRENITALIA;830007555
TN8307555;UIC;8307555
TN8307555;WIKIDATA;Q19768359
TN8307556;OSM;13818518558
TN8307556;TRENITALIA;830007556
TN8307556;UIC;8307556
TN8307556;WIKIDATA;Q19622704
TN8307557;OSM;13818584865
TN8307557;TRENITALIA;830007557
TN8307557;UIC;8307557
TN8307557;WIKIDATA;Q20008429
TN8307600;OSM;13800484120
TN8307600;TRENITALIA;830007600
TN8307600;UIC;8307600
TN8307600;WIKIDATA;Q15617156
TN8307601;OSM;13800472308
TN8307601;TRENITALIA;830007601
TN8307601;UIC;8307601
TN8307601;WIKIDATA;Q15617161
TN8307700;OSM;282493823
TN8307700;TRENITALIA;830007700
TN8307700;UIC;8307700
TN8307700;WIKIDATA;Q19819467
TN8307703;OSM;282496048
TN8307703;TRENITALIA;830007703
TN8307703;UIC;8307703
TN8307703;WIKIDATA;Q3970553
TN8307704;OSM;282500277
TN8307704;TRENITALIA;830007704
TN8307704;UIC;8307704
TN8307704;WIKIDATA;Q16608882
TN8307706;OSM;1107361802
TN8307706;TRENITALIA;830007706
TN8307706;UIC;8307706
TN8307706;WIKIDATA;Q16609978
TN8307707;OSM;282505865
TN8307707;TRENITALIA;830007707
TN8307707;UIC;8307707
TN8307707;WIKIDATA;Q16609875
TN8307708;OSM;282550536
TN8307708;TRENITALIA;830007708
TN8307708;UIC;8307708
TN8307708;WIKIDATA;Q19819465
TN8307710;OSM;282550565
TN8307710;TRENITALIA;830007710
TN8307710;UIC;8307710
TN8307710;WIKIDATA;Q19819464
TN8307712;OSM;282550602
TN8307712;TRENITALIA;830007712
TN8307712;UIC;8307712
TN8307712;WIKIDATA;Q3969405
TN8307714;OSM;282505281
TN8307714;TRENITALIA;830007714
TN8307714;UIC;8307714
TN8307714;WIKIDATA;Q16609593
TN8307800;OSM;787150923
TN8307800;TRENITALIA;830007800
TN8307800;UIC;8307800
TN8307800;WIKIDATA;Q3968842
TN8307801;OSM;12294127308
TN8307801;TRENITALIA;830007801
TN8307801;UIC;8307801
TN8307801;WIKIDATA;Q3971159
TN8307802;OSM;12103826176
TN8307802;TRENITALIA;830007802
TN8307802;UIC;8307802
TN8307802;WIKIDATA;Q3394780
TN8307804;OSM;767120719
TN8307804;TRENITALIA;830007804
TN8307804;UIC;8307804
TN8307804;WIKIDATA;Q3970720
TN8307805;OSM;767170877
TN8307805;TRENITALIA;830007805
TN8307805;UIC;8307805
TN8307805;WIKIDATA;Q20009826
TN8307806;OSM;1013456565
TN8307806;TRENITALIA;830007806
TN8307806;UIC;8307806
TN8307806;WIKIDATA;Q20009824
TN8307807;OSM;7800169577
TN8307807;TRENITALIA;830007807
TN8307807;UIC;8307807
TN8307807;WIKIDATA;Q3971004
TN8307808;OSM;84446902
TN8307808;TRENITALIA;830007808
TN8307808;UIC;8307808
TN8307808;WIKIDATA;Q3970218
TN8307810;OSM;267591085
TN8307810;TRENITALIA;830007810
TN8307810;UIC;8307810
TN8307810;WIKIDATA;Q3970451
TN8307811;OSM;225904104
TN8307811;TRENITALIA;830007811
TN8307811;UIC;8307811
TN8307811;WIKIDATA;Q3970445
TN8307812;OSM;3404718468
TN8307812;TRENITALIA;830007812
TN8307812;UIC;8307812
TN8307812;WIKIDATA;Q3970446
TN8307813;OSM;443615295
TN8307813;TRENITALIA;830007813
TN8307813;UIC;8307813
TN8307813;WIKIDATA;Q20009402
TN8307814;OSM;3213091806
TN8307814;TRENITALIA;830007814
TN8307814;UIC;8307814
TN8307814;WIKIDATA;Q20009827
TN8307815;OSM;1814555622
TN8307815;TRENITALIA;830007815
TN8307815;UIC;8307815
TN8307815;WIKIDATA;Q3970357
TN8307817;OSM;306268279
TN8307817;TRENITALIA;830007817
TN8307817;UIC;8307817
TN8307817;WIKIDATA;Q3970853
TN8307819;OSM;1320487733
TN8307819;TRENITALIA;830007819
TN8307819;UIC;8307819
TN8307819;WIKIDATA;Q3969645
TN8307821;OSM;1320404794
TN8307821;TRENITALIA;830007821
TN8307821;UIC;8307821
TN8307821;WIKIDATA;Q3969253
TN8307822;OSM;312068170
TN8307822;TRENITALIA;830007822
TN8307822;UIC;8307822
TN8307822;WIKIDATA;Q3970577
TN8307825;OSM;12294092336
TN8307825;TRENITALIA;830007825
TN8307825;UIC;8307825
TN8307825;WIKIDATA;Q3970205
TN8307827;OSM;747677596
TN8307827;TRENITALIA;830007827
TN8307827;UIC;8307824
TN8307827;UIC;8307827
TN8307827;WIKIDATA;Q3971254
TN8307900;OSM;5813769298
TN8307900;TRENITALIA;830007900
TN8307900;UIC;8307900
TN8307900;WIKIDATA;Q3971099
TN8307901;OSM;1630166213
TN8307901;TRENITALIA;830007901
TN8307901;UIC;8307901
TN8307901;WIKIDATA;Q17146388
TN8307902;OSM;2952931188
TN8307902;TRENITALIA;830007902
TN8307902;UIC;8307902
TN8307902;WIKIDATA;Q17146387
TN8307903;OSM;13770965523
TN8307903;TRENITALIA;830007903
TN8307903;UIC;8307903
TN8307903;WIKIDATA;Q17146404
TN8307904;OSM;1127918723
TN8307904;TRENITALIA;830007904
TN8307904;UIC;8307904
TN8307904;WIKIDATA;Q17146401
TN8308002;OSM;4963015114
TN8308002;TRENITALIA;830008002
TN8308002;UIC;8308002
TN8308002;WIKIDATA;Q3971079
TN8308003;OSM;4953888786
TN8308003;TRENITALIA;830008003
TN8308003;UIC;8308003
TN8308003;WIKIDATA;Q3968847
TN8308004;OSM;5047007042
TN8308004;TRENITALIA;830008004
TN8308004;UIC;8308004
TN8308004;WIKIDATA;Q1109480
TN8308005;OSM;13261254983
TN8308005;TRENITALIA;830008005
TN8308005;UIC;8308005
TN8308005;WIKIDATA;Q3970627
TN8308006;OSM;5056511932
TN8308006;TRENITALIA;830008006
TN8308006;UIC;8308006
TN8308006;WIKIDATA;Q3969208
TN8308008;OSM;6817378846
TN8308008;TRENITALIA;830008008
TN8308008;UIC;8308008
TN8308008;WIKIDATA;Q3970185
TN8308009;OSM;5272291608
TN8308009;TRENITALIA;830008009
TN8308009;UIC;8308009
TN8308009;WIKIDATA;Q3971086
TN8308010;OSM;1420849972
TN8308010;TRENITALIA;830008010
TN8308010;UIC;8308010
TN8308010;WIKIDATA;Q3969433
TN8308014;OSM;1613066462
TN8308014;TRENITALIA;830008014
TN8308014;UIC;8308014
TN8308014;WIKIDATA;Q3971230
TN8308015;OSM;1420851508
TN8308015;TRENITALIA;830008015
TN8308015;UIC;8308015
TN8308015;WIKIDATA;Q3970888
TN8308016;OSM;1420849992
TN8308016;TRENITALIA;830008016
TN8308016;UIC;8308016
TN8308016;WIKIDATA;Q3970889
TN8308019;OSM;1420849997
TN8308019;TRENITALIA;830008019
TN8308019;UIC;8308019
TN8308019;WIKIDATA;Q17637600
TN8308020;OSM;10686948470
TN8308020;TRENITALIA;830008020
TN8308020;UIC;8308020
TN8308020;WIKIDATA;Q3969999
TN8308021;OSM;1420849974
TN8308021;TRENITALIA;830008021
TN8308021;UIC;8308021
TN8308021;WIKIDATA;Q3969901
TN8308022;OSM;1420849981
TN8308022;TRENITALIA;830008022
TN8308022;UIC;8308022
TN8308022;WIKIDATA;Q3970047
TN8308023;TRENITALIA;830008023
TN8308023;UIC;8308023
TN8308025;OSM;1420849984
TN8308025;TRENITALIA;830008025
TN8308025;UIC;8308025
TN8308025;WIKIDATA;Q3970699
TN8308108;TRENITALIA;830008108
TN8308108;UIC;8308108
TN8308109;TRENITALIA;830008109
TN8308109;UIC;8308109
TN8308110;TRENITALIA;830008110
TN8308110;UIC;8308110
TN8308111;TRENITALIA;830008111
TN8308111;UIC;8308111
TN8308112;TRENITALIA;830008112
TN8308112;UIC;8308112
TN8308113;TRENITALIA;830008113
TN8308113;UIC;8308113
TN8308201;OSM;444581300
TN8308201;TRENITALIA;830008201
TN8308201;UIC;8308201
TN8308201;WIKIDATA;Q21185009
TN8308202;OSM;8033523299
TN8308202;TRENITALIA;830008202
TN8308202;UIC;8301117
TN8308202;UIC;8308202
TN8308202;WIKIDATA;Q3968861
TN8308203;OSM;8033523288
TN8308203;TRENITALIA;830008203
TN8308203;UIC;8308203
TN8308203;WIKIDATA;Q2608652
TN8308206;OSM;8033523297
TN8308206;TRENITALIA;830008206
TN8308206;UIC;8308206
TN8308206;WIKIDATA;Q18495061
TN8308207;OSM;8033523296
TN8308207;TRENITALIA;830008207
TN8308207;UIC;8308207
TN8308207;WIKIDATA;Q17637108
TN8308209;OSM;12048036719
TN8308209;TRENITALIA;830008209
TN8308209;UIC;8300224
TN8308209;UIC;8308209
TN8308209;WIKIDATA;Q3970360
TN8308210;OSM;2047449892
TN8308210;TRENITALIA;830008210
TN8308210;UIC;8308210
TN8308210;WIKIDATA;Q3969676
TN8308211;OSM;12416449540
TN8308211;TRENITALIA;830008211
TN8308211;UIC;8308211
TN8308211;WIKIDATA;Q3969428
TN8308212;OSM;12416481860
TN8308212;TRENITALIA;830008212
TN8308212;UIC;8308212
TN8308212;WIKIDATA;Q3971046
TN8308213;OSM;12416099037
TN8308213;TRENITALIA;830008213
TN8308213;UIC;8308213
TN8308213;WIKIDATA;Q15057774
TN8308214;OSM;1409788555
TN8308214;TRENITALIA;830008214
TN8308214;UIC;8308214
TN8308214;WIKIDATA;Q3969583
TN8308215;OSM;3503568106
TN8308215;TRENITALIA;830008215
TN8308215;UIC;8308215
TN8308215;WIKIDATA;Q15057779
TN8308216;OSM;12096686702
TN8308216;TRENITALIA;830008216
TN8308216;UIC;8308216
TN8308216;WIKIDATA;Q3970959
TN8308217;OSM;1313285471
TN8308217;TRENITALIA;830008217
TN8308217;UIC;8308217
TN8308217;WIKIDATA;Q801376
TN8308220;OSM;12523218568
TN8308220;TRENITALIA;830008220
TN8308220;UIC;8308220
TN8308220;WIKIDATA;Q3969687
TN8308221;OSM;12416426392
TN8308221;TRENITALIA;830008221
TN8308221;UIC;8308221
TN8308221;WIKIDATA;Q3969457
TN8308222;OSM;11781549238
TN8308222;TRENITALIA;830008222
TN8308222;UIC;8308222
TN8308222;WIKIDATA;Q3970463
TN8308223;OSM;12415827824
TN8308223;TRENITALIA;830008223
TN8308223;UIC;8308223
TN8308223;WIKIDATA;Q960148
TN8308224;OSM;12415854016
TN8308224;TRENITALIA;830008224
TN8308224;UIC;8308224
TN8308224;WIKIDATA;Q3970705
TN8308225;OSM;13409549939
TN8308225;TRENITALIA;830008225
TN8308225;UIC;8308225
TN8308225;WIKIDATA;Q3969601
TN8308300;OSM;9107732065
TN8308300;TRENITALIA;830008300
TN8308300;UIC;8308300
TN8308300;WIKIDATA;Q47485906
TN8308301;OSM;381991391
TN8308301;TRENITALIA;830008301
TN8308301;UIC;8308301
TN8308301;WIKIDATA;Q47485841
TN8308303;OSM;381991324
TN8308303;TRENITALIA;830008303
TN8308303;UIC;8308303
TN8308303;WIKIDATA;Q47485834
TN8308304;OSM;366521767
TN8308304;TRENITALIA;830008304
TN8308304;UIC;8308304
TN8308304;WIKIDATA;Q3971349
TN8308306;OSM;366521896
TN8308306;TRENITALIA;830008306
TN8308306;UIC;8308306
TN8308306;WIKIDATA;Q3971346
TN8308308;OSM;366565925
TN8308308;TRENITALIA;830008308
TN8308308;UIC;8308308
TN8308308;WIKIDATA;Q3971177
TN8308309;OSM;382011137
TN8308309;TRENITALIA;830008309
TN8308309;UIC;8308309
TN8308309;WIKIDATA;Q3971278
TN8308311;OSM;382011068
TN8308311;TRENITALIA;830008311
TN8308311;UIC;8308311
TN8308311;WIKIDATA;Q3969218
TN8308313;OSM;382011023
TN8308313;TRENITALIA;830008313
TN8308313;UIC;8308313
TN8308313;WIKIDATA;Q3970352
TN8308314;OSM;614333310
TN8308314;TRENITALIA;830008314
TN8308314;UIC;8308314
TN8308314;WIKIDATA;Q16609388
TN8308315;OSM;12421757439
TN8308315;TRENITALIA;830008315
TN8308315;UIC;8308315
TN8308315;WIKIDATA;Q3969108
TN8308316;OSM;8736877920
TN8308316;TRENITALIA;830008316
TN8308316;UIC;8308316
TN8308316;WIKIDATA;Q3971302
TN8308318;TRENITALIA;830008318
TN8308318;UIC;8308318
TN8308319;OSM;1313285462
TN8308319;TRENITALIA;830008319
TN8308319;UIC;8308319
TN8308319;WIKIDATA;Q3969387
TN8308320;OSM;1313285438
TN8308320;TRENITALIA;830008320
TN8308320;UIC;8308320
TN8308320;WIKIDATA;Q3969895
TN8308321;OSM;1406563934
TN8308321;TRENITALIA;830008321
TN8308321;UIC;8308321
TN8308321;WIKIDATA;Q3970374
TN8308322;OSM;1313285479
TN8308322;TRENITALIA;830008322
TN8308322;UIC;8308322
TN8308322;WIKIDATA;Q3970703
TN8308323;OSM;10689180905
TN8308323;TRENITALIA;830008323
TN8308323;UIC;8308323
TN8308323;WIKIDATA;Q1141612
TN8308325;OSM;5642370175
TN8308325;TRENITALIA;830008325
TN8308325;UIC;8308325
TN8308325;WIKIDATA;Q3970701
TN8308326;OSM;13510226212
TN8308326;TRENITALIA;830008326
TN8308326;UIC;8308326
TN8308326;WIKIDATA;Q47485847
TN8308328;OSM;1313285460
TN8308328;TRENITALIA;830008328
TN8308328;UIC;8308328
TN8308328;WIKIDATA;Q3970706
TN8308329;OSM;1313285458
TN8308329;TRENITALIA;830008329
TN8308329;UIC;8308329
TN8308329;WIKIDATA;Q3969695
TN8308330;OSM;1313285485
TN8308330;TRENITALIA;830008330
TN8308330;UIC;8308330
TN8308330;WIKIDATA;Q3969884
TN8308331;OSM;1313285470
TN8308331;TRENITALIA;830008331
TN8308331;UIC;8308331
TN8308331;WIKIDATA;Q3969823
TN8308332;OSM;1313285472
TN8308332;TRENITALIA;830008332
TN8308332;UIC;8308332
TN8308332;WIKIDATA;Q3971242
TN8308333;OSM;1313285450
TN8308333;TRENITALIA;830008333
TN8308333;UIC;8308333
TN8308333;WIKIDATA;Q3970339
TN8308334;OSM;1313285457
TN8308334;TRENITALIA;830008334
TN8308334;UIC;8308334
TN8308334;WIKIDATA;Q3968887
TN8308403;OSM;1313285440
TN8308403;TRENITALIA;830008403
TN8308403;UIC;8308403
TN8308403;WIKIDATA;Q3970526
TN8308404;OSM;1313285465
TN8308404;TRENITALIA;830008404
TN8308404;UIC;8308404
TN8308404;WIKIDATA;Q3970013
TN8308405;TRENITALIA;830008405
TN8308405;UIC;8308405
TN8308406;TRENITALIA;830008406
TN8308406;UIC;8308406
TN8308408;OSM;1313285477
TN8308408;TRENITALIA;830008408
TN8308408;UIC;8308408
TN8308408;WIKIDATA;Q2292333
TN8308409;OSM;251904108
TN8308409;TRENITALIA;830008409
TN8308409;UIC;8308409
TN8308409;WIKIDATA;Q754485
TN8308410;OSM;1313285444
TN8308410;TRENITALIA;830008410
TN8308410;UIC;8308410
TN8308410;WIKIDATA;Q3970248
TN8308412;OSM;1313285473
TN8308412;TRENITALIA;830008412
TN8308412;UIC;8308412
TN8308412;WIKIDATA;Q3969628
TN8308413;OSM;13049741477
TN8308413;TRENITALIA;830008413
TN8308413;UIC;8308413
TN8308413;WIKIDATA;Q3970417
TN8308414;OSM;1313285445
TN8308414;TRENITALIA;830008414
TN8308414;UIC;8308414
TN8308414;WIKIDATA;Q3971312
TN8308415;OSM;13049741495
TN8308415;TRENITALIA;830008415
TN8308415;UIC;8308415
TN8308415;WIKIDATA;Q3969602
TN8308500;OSM;24694686
TN8308500;TRENITALIA;830008500
TN8308500;UIC;8308500
TN8308500;WIKIDATA;Q3970708
TN8308501;TRENITALIA;830008501
TN8308501;UIC;8308501
TN8308502;OSM;249402742
TN8308502;TRENITALIA;830008502
TN8308502;UIC;8308502
TN8308502;WIKIDATA;Q3970768
TN8308503;OSM;13026968115
TN8308503;TRENITALIA;830008503
TN8308503;UIC;8308503
TN8308503;WIKIDATA;Q3969993
TN8308504;OSM;11914253808
TN8308504;TRENITALIA;830008504
TN8308504;UIC;8308504
TN8308504;WIKIDATA;Q3968946
TN8308505;TRENITALIA;830008505
TN8308505;UIC;8308505
TN8308506;TRENITALIA;830008506
TN8308506;UIC;8308506
TN8308507;OSM;286956248
TN8308507;TRENITALIA;830008507
TN8308507;UIC;8308507
TN8308507;WIKIDATA;Q3970040
TN8308508;OSM;286956167
TN8308508;TRENITALIA;830008508
TN8308508;UIC;8308508
TN8308508;WIKIDATA;Q3971121
TN8308509;OSM;12417351896
TN8308509;TRENITALIA;830008509
TN8308509;UIC;8308509
TN8308509;WIKIDATA;Q3970413
TN8308510;OSM;1247835904
TN8308510;TRENITALIA;830008510
TN8308510;UIC;8308510
TN8308510;WIKIDATA;Q3969292
TN8308511;TRENITALIA;830008511
TN8308511;UIC;8308511
TN8308512;OSM;993462217
TN8308512;TRENITALIA;830008512
TN8308512;UIC;8308512
TN8308512;WIKIDATA;Q3971235
TN8308513;OSM;610235153
TN8308513;TRENITALIA;830008513
TN8308513;UIC;8308513
TN8308513;WIKIDATA;Q3969890
TN8308514;OSM;610235122
TN8308514;TRENITALIA;830008514
TN8308514;UIC;8308514
TN8308514;WIKIDATA;Q3970943
TN8308515;OSM;1705986099
TN8308515;TRENITALIA;830008515
TN8308515;UIC;8308515
TN8308515;WIKIDATA;Q3970741
TN8308516;TRENITALIA;830008516
TN8308516;UIC;8308516
TN8308518;OSM;13806739731
TN8308518;TRENITALIA;830008518
TN8308518;UIC;8308518
TN8308518;WIKIDATA;Q3970350
TN8308519;OSM;13806718860
TN8308519;TRENITALIA;830008519
TN8308519;UIC;8308519
TN8308519;WIKIDATA;Q3969245
TN8308520;OSM;13806721938
TN8308520;TRENITALIA;830008520
TN8308520;UIC;8308520
TN8308520;WIKIDATA;Q3969458
TN8308521;OSM;13806704745
TN8308521;TRENITALIA;830008521
TN8308521;UIC;8308521
TN8308521;WIKIDATA;Q3970890
TN8308522;OSM;13806707661
TN8308522;TRENITALIA;830008522
TN8308522;UIC;8308522
TN8308522;WIKIDATA;Q3971069
TN8308523;OSM;13806701174
TN8308523;TRENITALIA;830008523
TN8308523;UIC;8308523
TN8308523;WIKIDATA;Q3971315
TN8308524;OSM;1106054690
TN8308524;TRENITALIA;830008524
TN8308524;UIC;8308524
TN8308524;WIKIDATA;Q3970933
TN8308526;OSM;772444535
TN8308526;TRENITALIA;830008526
TN8308526;UIC;8308526
TN8308526;WIKIDATA;Q3968935
TN8308528;OSM;886195352
TN8308528;TRENITALIA;830008528
TN8308528;UIC;8308528
TN8308528;WIKIDATA;Q3969363
TN8308529;OSM;1106074886
TN8308529;TRENITALIA;830008529
TN8308529;UIC;8308529
TN8308529;WIKIDATA;Q3968837
TN8308530;OSM;1459739924
TN8308530;TRENITALIA;830008530
TN8308530;UIC;8308530
TN8308530;WIKIDATA;Q3969365
TN8308531;OSM;903630448
TN8308531;TRENITALIA;830008531
TN8308531;UIC;8308531
TN8308531;WIKIDATA;Q16609067
TN8308532;OSM;1459741580
TN8308532;TRENITALIA;830008532
TN8308532;UIC;8308532
TN8308532;WIKIDATA;Q16609586
TN8308533;OSM;13805392998
TN8308533;TRENITALIA;830008533
TN8308533;UIC;8308533
TN8308533;WIKIDATA;Q16608963
TN8308534;OSM;13805376871
TN8308534;TRENITALIA;830008534
TN8308534;UIC;8308534
TN8308534;WIKIDATA;Q16609064
TN8308535;OSM;13805392861
TN8308535;TRENITALIA;830008535
TN8308535;UIC;8308535
TN8308535;WIKIDATA;Q16609265
TN8308539;OSM;287880506
TN8308539;TRENITALIA;830008539
TN8308539;UIC;8308539
TN8308600;TRENITALIA;830008600
TN8308600;UIC;8308600
TN8308601;OSM;13196083865
TN8308601;TRENITALIA;830008601
TN8308601;UIC;8308601
TN8308601;WIKIDATA;Q3970519
TN8308602;OSM;9164586891
TN8308602;TRENITALIA;830008602
TN8308602;UIC;8308602
TN8308602;WIKIDATA;Q3969185
TN8308603;OSM;13196032617
TN8308603;TRENITALIA;830008603
TN8308603;UIC;8308603
TN8308603;WIKIDATA;Q3969418
TN8308604;OSM;13195906600
TN8308604;TRENITALIA;830008604
TN8308604;UIC;8308604
TN8308604;WIKIDATA;Q636997
TN8308605;TRENITALIA;830008605
TN8308605;UIC;8308605
TN8308606;OSM;1884198895
TN8308606;TRENITALIA;830008606
TN8308606;UIC;8308606
TN8308606;WIKIDATA;Q16609197
TN8308607;OSM;12390931543
TN8308607;TRENITALIA;830008607
TN8308607;UIC;8308607
TN8308607;WIKIDATA;Q3969837
TN8308608;OSM;926941825
TN8308608;TRENITALIA;830008608
TN8308608;UIC;8308608
TN8308608;WIKIDATA;Q3969927
TN8308609;OSM;13195902447
TN8308609;TRENITALIA;830008609
TN8308609;UIC;8308609
TN8308609;WIKIDATA;Q3970973
TN8308640;OSM;13195728309
TN8308640;TRENITALIA;830008640
TN8308640;UIC;8308640
TN8308640;WIKIDATA;Q3969649
TN8308650;OSM;245925786
TN8308650;TRENITALIA;830008650
TN8308650;UIC;8308650
TN8308650;WIKIDATA;Q3969417
TN8308651;OSM;13529411379
TN8308651;TRENITALIA;830008651
TN8308651;UIC;8308651
TN8308651;WIKIDATA;Q3969451
TN8308652;OSM;13529425170
TN8308652;TRENITALIA;830008652
TN8308652;UIC;8308652
TN8308652;WIKIDATA;Q3971376
TN8308655;OSM;13529448171
TN8308655;TRENITALIA;830008655
TN8308655;UIC;8308655
TN8308655;WIKIDATA;Q3969900
TN8308656;OSM;13529444171
TN8308656;TRENITALIA;830008656
TN8308656;UIC;8308656
TN8308656;WIKIDATA;Q3971239
TN8308657;OSM;13529358491
TN8308657;TRENITALIA;830008657
TN8308657;UIC;8308657
TN8308657;WIKIDATA;Q3969455
TN8308658;OSM;26988224
TN8308658;TRENITALIA;830008658
TN8308658;UIC;8308658
TN8308658;WIKIDATA;Q3968873
TN8308659;OSM;13529511874
TN8308659;TRENITALIA;830008659
TN8308659;UIC;8308659
TN8308659;WIKIDATA;Q3970972
TN8308660;OSM;13537089003
TN8308660;TRENITALIA;830008660
TN8308660;UIC;8308660
TN8308660;WIKIDATA;Q3970230
TN8308661;OSM;13537113820
TN8308661;TRENITALIA;830008661
TN8308661;UIC;8308661
TN8308661;WIKIDATA;Q3969590
TN8308662;OSM;13537178877
TN8308662;TRENITALIA;830008662
TN8308662;UIC;8308662
TN8308662;WIKIDATA;Q3969663
TN8308663;OSM;26988648
TN8308663;TRENITALIA;830008663
TN8308663;UIC;8308663
TN8308663;WIKIDATA;Q3971126
TN8308664;OSM;13537222198
TN8308664;TRENITALIA;830008664
TN8308664;UIC;8308664
TN8308664;WIKIDATA;Q3969360
TN8308665;OSM;13537249432
TN8308665;TRENITALIA;830008665
TN8308665;UIC;8308665
TN8308665;WIKIDATA;Q3969329
TN8308666;OSM;13537264385
TN8308666;TRENITALIA;830008666
TN8308666;UIC;8308666
TN8308666;WIKIDATA;Q3969364
TN8308667;TRENITALIA;830008667
TN8308667;UIC;8308667
TN8308668;OSM;13541114144
TN8308668;TRENITALIA;830008668
TN8308668;UIC;8308668
TN8308668;WIKIDATA;Q3970690
TN8308671;OSM;13541152446
TN8308671;TRENITALIA;830008671
TN8308671;UIC;8308671
TN8308671;WIKIDATA;Q3969280
TN8308672;OSM;13519868218
TN8308672;TRENITALIA;830008672
TN8308672;UIC;8308672
TN8308672;WIKIDATA;Q3969212
TN8308673;OSM;13529427507
TN8308673;TRENITALIA;830008673
TN8308673;UIC;8308673
TN8308673;WIKIDATA;Q3969461
TN8308676;OSM;12390969229
TN8308676;TRENITALIA;830008676
TN8308676;UIC;8308676
TN8308701;OSM;13526947108
TN8308701;TRENITALIA;830008701
TN8308701;UIC;8308701
TN8308701;WIKIDATA;Q3970055
TN8308703;OSM;13527002464
TN8308703;TRENITALIA;830008703
TN8308703;UIC;8308703
TN8308703;WIKIDATA;Q3969291
TN8308704;OSM;13527040224
TN8308704;TRENITALIA;830008704
TN8308704;UIC;8308704
TN8308704;WIKIDATA;Q3968844
TN8308705;OSM;335404296
TN8308705;TRENITALIA;830008705
TN8308705;UIC;8308705
TN8308705;WIKIDATA;Q3968884
TN8308706;OSM;335403673
TN8308706;TRENITALIA;830008706
TN8308706;UIC;8308706
TN8308706;WIKIDATA;Q16482098
TN8308707;OSM;335402997
TN8308707;TRENITALIA;830008707
TN8308707;UIC;8308707
TN8308707;WIKIDATA;Q16609551
TN8308708;OSM;261015443
TN8308708;TRENITALIA;830008708
TN8308708;UIC;8308708
TN8308708;WIKIDATA;Q16608749
TN8308709;OSM;261015422
TN8308709;TRENITALIA;830008709
TN8308709;UIC;8308709
TN8308709;WIKIDATA;Q3968883
TN8308710;OSM;261145544
TN8308710;TRENITALIA;830008710
TN8308710;UIC;8308710
TN8308710;WIKIDATA;Q3970291
TN8308711;OSM;13526991689
TN8308711;TRENITALIA;830008711
TN8308711;UIC;8308711
TN8308711;WIKIDATA;Q3971339
TN8308712;OSM;13526959517
TN8308712;TRENITALIA;830008712
TN8308712;UIC;8308712
TN8308712;WIKIDATA;Q3970911
TN8308713;OSM;335401955
TN8308713;TRENITALIA;830008713
TN8308713;UIC;8308713
TN8308713;WIKIDATA;Q16610056
TN8308714;OSM;261016711
TN8308714;TRENITALIA;830008714
TN8308714;UIC;8308714
TN8308714;WIKIDATA;Q16609347
TN8308715;OSM;13526961733
TN8308715;TRENITALIA;830008715
TN8308715;UIC;8308715
TN8308715;WIKIDATA;Q3968816
TN8308716;OSM;13526962682
TN8308716;TRENITALIA;830008716
TN8308716;UIC;8308716
TN8308716;WIKIDATA;Q3970414
TN8308717;OSM;341881440
TN8308717;TRENITALIA;830008717
TN8308717;UIC;8308717
TN8308717;WIKIDATA;Q3970042
TN8308730;OSM;13524740592
TN8308730;TRENITALIA;830008730
TN8308730;UIC;8308730
TN8308730;WIKIDATA;Q3969249
TN8308731;OSM;262149116
TN8308731;TRENITALIA;830008731
TN8308731;UIC;8308731
TN8308731;WIKIDATA;Q3970429
TN8308732;OSM;1828465249
TN8308732;TRENITALIA;830008732
TN8308732;UIC;8308732
TN8308732;WIKIDATA;Q3969359
TN8308733;OSM;13524810270
TN8308733;TRENITALIA;830008733
TN8308733;UIC;8308733
TN8308733;WIKIDATA;Q3969915
TN8308734;OSM;13526963101
TN8308734;TRENITALIA;830008734
TN8308734;UIC;8308734
TN8308734;WIKIDATA;Q3971256
TN8308735;OSM;13524814872
TN8308735;TRENITALIA;830008735
TN8308735;UIC;8308735
TN8308735;WIKIDATA;Q3969191
TN8308736;OSM;13524847422
TN8308736;TRENITALIA;830008736
TN8308736;UIC;8308736
TN8308736;WIKIDATA;Q3970795
TN8308738;OSM;13524768868
TN8308738;TRENITALIA;830008738
TN8308738;UIC;8308738
TN8308738;WIKIDATA;Q3970885
TN8308739;OSM;13526946190
TN8308739;TRENITALIA;830008739
TN8308739;UIC;8308739
TN8308739;WIKIDATA;Q3970873
TN8308751;OSM;13529358881
TN8308751;TRENITALIA;830008751
TN8308751;UIC;8308751
TN8308751;WIKIDATA;Q3969661
TN8308808;TRENITALIA;830008808
TN8308808;UIC;8308808
TN8308809;TRENITALIA;830008809
TN8308809;UIC;8308809
TN8308811;TRENITALIA;830008811
TN8308811;UIC;8308811
TN8308819;TRENITALIA;830008819
TN8308819;UIC;8308819
TN8308850;OSM;313715380
TN8308850;TRENITALIA;830008850
TN8308850;UIC;8308850
TN8308850;WIKIDATA;Q3969209
TN8308851;OSM;1630380051
TN8308851;TRENITALIA;830008851
TN8308851;UIC;8308851
TN8308851;WIKIDATA;Q3969197
TN8308852;OSM;3534232874
TN8308852;TRENITALIA;830008852
TN8308852;UIC;8308852
TN8308852;WIKIDATA;Q3969431
TN8308853;OSM;3777370131
TN8308853;TRENITALIA;830008853
TN8308853;UIC;8308853
TN8308853;WIKIDATA;Q3969426
TN8308854;OSM;3777370132
TN8308854;TRENITALIA;830008854
TN8308854;UIC;8308854
TN8308854;WIKIDATA;Q3970233
TN8308855;OSM;4314971590
TN8308855;TRENITALIA;830008855
TN8308855;UIC;8308855
TN8308855;WIKIDATA;Q3970852
TN8308856;OSM;3801552642
TN8308856;TRENITALIA;830008856
TN8308856;UIC;8308856
TN8308856;WIKIDATA;Q3968963
TN8308857;OSM;12401870811
TN8308857;TRENITALIA;830008857
TN8308857;UIC;8308857
TN8308857;WIKIDATA;Q3971017
TN8308858;OSM;13546933843
TN8308858;TRENITALIA;830008858
TN8308858;UIC;8308858
TN8308858;WIKIDATA;Q3969828
TN8308859;OSM;3503568104
TN8308859;TRENITALIA;830008859
TN8308859;UIC;8308859
TN8308859;WIKIDATA;Q3968905
TN8308860;TRENITALIA;830008860
TN8308860;UIC;8308860
TN8308861;OSM;3775778493
TN8308861;TRENITALIA;830008861
TN8308861;UIC;8308861
TN8308861;WIKIDATA;Q3968886
TN8308862;OSM;13544041376
TN8308862;TRENITALIA;830008862
TN8308862;UIC;8308862
TN8308862;WIKIDATA;Q3969449
TN8308863;OSM;1643641114
TN8308863;TRENITALIA;830008863
TN8308863;UIC;8308863
TN8308863;WIKIDATA;Q3970453
TN8308864;OSM;13544220882
TN8308864;TRENITALIA;830008864
TN8308864;UIC;8308864
TN8308864;WIKIDATA;Q3969634
TN8308865;OSM;3775778495
TN8308865;TRENITALIA;830008865
TN8308865;UIC;8308865
TN8308865;WIKIDATA;Q3969467
TN8308866;OSM;13546880117
TN8308866;TRENITALIA;830008866
TN8308866;UIC;8308866
TN8308866;WIKIDATA;Q3970899
TN8308867;OSM;4503186807
TN8308867;TRENITALIA;830008867
TN8308867;UIC;8308867
TN8308867;WIKIDATA;Q3970693
TN8308868;OSM;12294092349
TN8308868;TRENITALIA;830008868
TN8308868;UIC;8308868
TN8308868;WIKIDATA;Q3969507
TN8308869;OSM;1125238873
TN8308869;TRENITALIA;830008869
TN8308869;UIC;8308869
TN8308869;WIKIDATA;Q3970664
TN8308906;OSM;5820954199
TN8308906;TRENITALIA;830008906
TN8308906;UIC;8308906
TN8308906;WIKIDATA;Q3970689
TN8308908;TRENITALIA;830008908
TN8308908;UIC;8308908
TN8308910;OSM;1389509428
TN8308910;TRENITALIA;830008910
TN8308910;UIC;8308910
TN8308910;WIKIDATA;Q3969294
TN8309000;OSM;25399519
TN8309000;TRENITALIA;830009000
TN8309000;UIC;8309000
TN8309000;WIKIDATA;Q20009461
TN8309001;OSM;12294030826
TN8309001;TRENITALIA;830009001
TN8309001;UIC;8309001
TN8309001;WIKIDATA;Q3969573
TN8309002;OSM;1458933001
TN8309002;TRENITALIA;830009002
TN8309002;UIC;8309002
TN8309002;WIKIDATA;Q3969192
TN8309003;OSM;13194543207
TN8309003;TRENITALIA;830009003
TN8309003;UIC;8309003
TN8309003;WIKIDATA;Q3971317
TN8309004;OSM;13194552444
TN8309004;TRENITALIA;830009004
TN8309004;UIC;8309004
TN8309004;WIKIDATA;Q16608728
TN8309005;OSM;13194453841
TN8309005;TRENITALIA;830009005
TN8309005;UIC;8309005
TN8309005;WIKIDATA;Q16609806
TN8309006;OSM;25399515
TN8309006;TRENITALIA;830009006
TN8309006;UIC;8309006
TN8309006;WIKIDATA;Q3968936
TN8309007;OSM;332742385
TN8309007;TRENITALIA;830009007
TN8309007;UIC;8309007
TN8309007;WIKIDATA;Q17637550
TN8309008;OSM;7169124095
TN8309008;TRENITALIA;830009008
TN8309008;UIC;8309008
TN8309008;WIKIDATA;Q3969659
TN8309009;OSM;7169124096
TN8309009;TRENITALIA;830009009
TN8309009;UIC;8309009
TN8309009;WIKIDATA;Q3969278
TN8309036;TRENITALIA;830009036
TN8309036;UIC;8309036
TN8309042;OSM;13927406883
TN8309042;TRENITALIA;830009042
TN8309042;UIC;8309042
TN8309042;WIKIDATA;Q139929073
TN8309043;TRENITALIA;830009043
TN8309043;UIC;8309043
TN8309050;OSM;13752998873
TN8309050;TRENITALIA;830009050
TN8309050;UIC;8309050
TN8309050;WIKIDATA;Q3969239
TN8309053;OSM;9234059034
TN8309053;TRENITALIA;830009053
TN8309053;UIC;8309053
TN8309053;WIKIDATA;Q3969824
TN8309058;OSM;7472936413
TN8309058;TRENITALIA;830009058
TN8309058;UIC;8309058
TN8309058;WIKIDATA;Q24939268
TN8309060;OSM;7472936414
TN8309060;TRENITALIA;830009060
TN8309060;UIC;8309060
TN8309060;WIKIDATA;Q3971252
TN8309062;OSM;9703707661
TN8309062;TRENITALIA;830009062
TN8309062;UIC;8309062
TN8309062;WIKIDATA;Q27961303
TN8309100;OSM;1459462235
TN8309100;TRENITALIA;830009100
TN8309100;UIC;8309100
TN8309100;WIKIDATA;Q3969734
TN8309101;OSM;6817792727
TN8309101;TRENITALIA;830009101
TN8309101;UIC;8309101
TN8309101;WIKIDATA;Q3970598
TN8309102;OSM;6817755819
TN8309102;TRENITALIA;830009102
TN8309102;UIC;8309102
TN8309102;WIKIDATA;Q3968951
TN8309103;OSM;6817740560
TN8309103;TRENITALIA;830009103
TN8309103;UIC;8309103
TN8309103;WIKIDATA;Q3970272
TN8309104;OSM;6817760441
TN8309104;TRENITALIA;830009104
TN8309104;UIC;8309104
TN8309104;WIKIDATA;Q3970282
TN8309105;OSM;6536935424
TN8309105;TRENITALIA;830009105
TN8309105;UIC;8309105
TN8309105;WIKIDATA;Q3970277
TN8309106;OSM;8440486183
TN8309106;TRENITALIA;830009106
TN8309106;UIC;8309106
TN8309106;WIKIDATA;Q3970280
TN8309107;OSM;8440486178
TN8309107;TRENITALIA;830009107
TN8309107;UIC;8309107
TN8309107;WIKIDATA;Q3970278
TN8309108;OSM;8440486172
TN8309108;TRENITALIA;830009108
TN8309108;UIC;8309108
TN8309108;WIKIDATA;Q3970279
TN8309109;OSM;6886777286
TN8309109;TRENITALIA;830009109
TN8309109;UIC;8309109
TN8309109;WIKIDATA;Q3970283
TN8309110;OSM;4459023928
TN8309110;TRENITALIA;830009110
TN8309110;UIC;8309110
TN8309110;WIKIDATA;Q3970275
TN8309111;OSM;1005649086
TN8309111;TRENITALIA;830009111
TN8309111;UIC;8309111
TN8309111;WIKIDATA;Q3920940
TN8309113;OSM;8278678762
TN8309113;TRENITALIA;830009113
TN8309113;UIC;8309113
TN8309113;WIKIDATA;Q3969355
TN8309122;OSM;7881713767
TN8309122;TRENITALIA;830009122
TN8309122;UIC;8309122
TN8309122;WIKIDATA;Q98932053
TN8309150;OSM;13195831697
TN8309150;TRENITALIA;830009150
TN8309150;UIC;8309150
TN8309150;WIKIDATA;Q3970144
TN8309200;OSM;3503568107
TN8309200;TRENITALIA;830009200
TN8309200;UIC;8309200
TN8309200;WIKIDATA;Q3970687
TN8309201;OSM;12294030827
TN8309201;TRENITALIA;830009201
TN8309201;UIC;8309201
TN8309201;WIKIDATA;Q3970106
TN8309202;OSM;1613097261
TN8309202;TRENITALIA;830009202
TN8309202;UIC;8309202
TN8309202;WIKIDATA;Q3971133
TN8309203;OSM;9426152419
TN8309203;TRENITALIA;830009203
TN8309203;UIC;8309203
TN8309203;WIKIDATA;Q3971227
TN8309204;OSM;1612963803
TN8309204;TRENITALIA;830009204
TN8309204;UIC;8309204
TN8309204;WIKIDATA;Q3970663
TN8309205;OSM;3102088770
TN8309205;TRENITALIA;830009205
TN8309205;UIC;8309205
TN8309205;WIKIDATA;Q18224699
TN8309206;OSM;12294092351
TN8309206;TRENITALIA;830009206
TN8309206;UIC;8309206
TN8309206;WIKIDATA;Q17637573
TN8309207;OSM;327738823
TN8309207;TRENITALIA;830009207
TN8309207;UIC;8309207
TN8309207;WIKIDATA;Q21185094
TN8309208;OSM;327714532
TN8309208;TRENITALIA;830009208
TN8309208;UIC;8309208
TN8309208;WIKIDATA;Q17146361
TN8309209;OSM;6133579291
TN8309209;TRENITALIA;830009209
TN8309209;UIC;8309209
TN8309209;WIKIDATA;Q3970880
TN8309211;OSM;1215079672
TN8309211;TRENITALIA;830009211
TN8309211;UIC;8309211
TN8309211;WIKIDATA;Q3969276
TN8309212;OSM;1457583185
TN8309212;TRENITALIA;830009212
TN8309212;UIC;8309212
TN8309212;WIKIDATA;Q18224663
TN8309213;OSM;324825150
TN8309213;TRENITALIA;830009213
TN8309213;UIC;8309213
TN8309213;WIKIDATA;Q745075
TN8309218;OSM;9126486961
TN8309218;TRENITALIA;830009218
TN8309218;UIC;8309218
TN8309218;WIKIDATA;Q801237
TN8309225;OSM;2463373038
TN8309225;TRENITALIA;830009225
TN8309225;UIC;8309225
TN8309225;WIKIDATA;Q3969638
TN8309300;OSM;1457483598
TN8309300;TRENITALIA;830009300
TN8309300;UIC;8309300
TN8309300;WIKIDATA;Q16609276
TN8309301;OSM;1457483599
TN8309301;TRENITALIA;830009301
TN8309301;UIC;8309301
TN8309301;WIKIDATA;Q17637363
TN8309302;OSM;1457483626
TN8309302;TRENITALIA;830009302
TN8309302;UIC;8309302
TN8309302;WIKIDATA;Q17637491
TN8309305;OSM;4320007003
TN8309305;TRENITALIA;830009305
TN8309305;UIC;8309305
TN8309305;WIKIDATA;Q18510407
TN8309306;OSM;1368490417
TN8309306;TRENITALIA;830009306
TN8309306;UIC;8309306
TN8309306;WIKIDATA;Q3968870
TN8309307;OSM;11799910986
TN8309307;TRENITALIA;830009307
TN8309307;UIC;8309307
TN8309307;WIKIDATA;Q18436362
TN8309308;OSM;3479054897
TN8309308;TRENITALIA;830009308
TN8309308;UIC;8309308
TN8309308;WIKIDATA;Q19545569
TN8309309;OSM;1739460904
TN8309309;TRENITALIA;830009309
TN8309309;UIC;8309309
TN8309309;WIKIDATA;Q3970523
TN8309311;OSM;13424607466
TN8309311;TRENITALIA;830009311
TN8309311;UIC;8309311
TN8309311;WIKIDATA;Q751119
TN8309315;TRENITALIA;830009315
TN8309315;UIC;8309315
TN8309316;OSM;736825088
TN8309316;TRENITALIA;830009316
TN8309316;UIC;8309316
TN8309316;WIKIDATA;Q3968899
TN8309318;OSM;729205722
TN8309318;TRENITALIA;830009318
TN8309318;UIC;8309318
TN8309318;WIKIDATA;Q21185187
TN8309319;OSM;729206598
TN8309319;TRENITALIA;830009319
TN8309319;UIC;8309319
TN8309319;WIKIDATA;Q21185177
TN8309320;TRENITALIA;830009320
TN8309320;UIC;8309320
TN8309321;OSM;1739460903
TN8309321;TRENITALIA;830009321
TN8309321;UIC;8309321
TN8309321;WIKIDATA;Q21184979
TN8309326;OSM;8795734148
TN8309326;TRENITALIA;830009326
TN8309326;UIC;8309326
TN8309326;WIKIDATA;Q3971093
TN8309453;OSM;9234059035
TN8309453;TRENITALIA;830009453
TN8309453;UIC;8309453
TN8309453;WIKIDATA;Q3969054
TN8309457;OSM;9234028483
TN8309457;TRENITALIA;830009457
TN8309457;UIC;8309457
TN8309457;WIKIDATA;Q3971341
TN8309459;OSM;7473059189
TN8309459;TRENITALIA;830009459
TN8309459;UIC;8309459
TN8309459;WIKIDATA;Q3969187
TN8309462;OSM;3500065334
TN8309462;TRENITALIA;830009462
TN8309462;UIC;8309462
TN8309462;WIKIDATA;Q3969183
TN8309463;OSM;1607733671
TN8309463;TRENITALIA;830009463
TN8309463;UIC;8309463
TN8309463;WIKIDATA;Q3970676
TN8309465;OSM;1607737024
TN8309465;TRENITALIA;830009465
TN8309465;UIC;8309465
TN8309465;WIKIDATA;Q3969252
TN8309466;OSM;746308606
TN8309466;TRENITALIA;830009466
TN8309466;UIC;8309466
TN8309466;WIKIDATA;Q3969919
TN8309503;TRENITALIA;830009503
TN8309503;UIC;8309503
TN8309504;TRENITALIA;830009504
TN8309504;UIC;8309504
TN8309506;TRENITALIA;830009506
TN8309506;UIC;8309506
TN8309510;OSM;740062806
TN8309510;TRENITALIA;830009510
TN8309510;UIC;8309510
TN8309510;WIKIDATA;Q18435743
TN8309511;OSM;9240357998
TN8309511;TRENITALIA;830009511
TN8309511;UIC;8309511
TN8309511;WIKIDATA;Q22049105
TN8309512;OSM;740062824
TN8309512;TRENITALIA;830009512
TN8309512;UIC;8309512
TN8309512;WIKIDATA;Q22049116
TN8309513;OSM;742600701
TN8309513;TRENITALIA;830009513
TN8309513;UIC;8309513
TN8309513;WIKIDATA;Q22049106
TN8309514;OSM;8820637017
TN8309514;TRENITALIA;830009514
TN8309514;UIC;8309514
TN8309514;WIKIDATA;Q3968937
TN8309515;OSM;2038624390
TN8309515;TRENITALIA;830009515
TN8309515;UIC;8309515
TN8309516;OSM;2038624394
TN8309516;TRENITALIA;830009516
TN8309516;UIC;8309516
TN8309518;OSM;1630137060
TN8309518;TRENITALIA;830009518
TN8309518;UIC;8309518
TN8309518;WIKIDATA;Q17637409
TN8309519;OSM;1598002300
TN8309519;TRENITALIA;830009519
TN8309519;UIC;8309519
TN8309519;WIKIDATA;Q3969620
TN8309520;OSM;1598015833
TN8309520;TRENITALIA;830009520
TN8309520;UIC;8309520
TN8309520;WIKIDATA;Q3968997
TN8309521;OSM;940424685
TN8309521;TRENITALIA;830009521
TN8309521;UIC;8309521
TN8309521;WIKIDATA;Q3970432
TN8309522;OSM;1597686642
TN8309522;TRENITALIA;830009522
TN8309522;UIC;8309522
TN8309522;WIKIDATA;Q3969658
TN8309524;TRENITALIA;830009524
TN8309524;UIC;8309524
TN8309532;OSM;2038624387
TN8309532;TRENITALIA;830009532
TN8309532;UIC;8309532
TN8309532;WIKIDATA;Q3970764
TN8309533;OSM;1598015828
TN8309533;TRENITALIA;830009533
TN8309533;UIC;8309533
TN8309533;WIKIDATA;Q3968819
TN8309534;OSM;3226074874
TN8309534;TRENITALIA;830009534
TN8309534;UIC;8309534
TN8309534;WIKIDATA;Q3969662
TN8309610;TRENITALIA;830009610
TN8309610;UIC;8309610
TN8309611;TRENITALIA;830009611
TN8309611;UIC;8309611
TN8309612;TRENITALIA;830009612
TN8309612;UIC;8309612
TN8309614;TRENITALIA;830009614
TN8309614;UIC;8309614
TN8309616;TRENITALIA;830009616
TN8309616;UIC;8309616
TN8309626;TRENITALIA;830009626
TN8309626;UIC;8309626
TN8309700;OSM;324834723
TN8309700;TRENITALIA;830009700
TN8309700;UIC;8309700
TN8309700;WIKIDATA;Q3970310
TN8309701;OSM;12294030825
TN8309701;TRENITALIA;830009701
TN8309701;UIC;8309701
TN8309702;OSM;325104061
TN8309702;TRENITALIA;830009702
TN8309702;UIC;8309702
TN8309702;WIKIDATA;Q3970902
TN8309703;OSM;1605506405
TN8309703;TRENITALIA;830009703
TN8309703;UIC;8309703
TN8309703;WIKIDATA;Q3969444
TN8309704;OSM;1603883788
TN8309704;TRENITALIA;830009704
TN8309704;UIC;8309704
TN8309704;WIKIDATA;Q3969293
TN8309705;OSM;2038624398
TN8309705;TRENITALIA;830009705
TN8309705;UIC;8309705
TN8309705;WIKIDATA;Q3971236
TN8309706;OSM;1598007930
TN8309706;TRENITALIA;830009706
TN8309706;UIC;8309706
TN8309706;WIKIDATA;Q535047
TN8309707;OSM;1603883787
TN8309707;TRENITALIA;830009707
TN8309707;UIC;8309707
TN8309707;WIKIDATA;Q3969917
TN8309709;OSM;3707596999
TN8309709;TRENITALIA;830009709
TN8309709;UIC;8309709
TN8309709;WIKIDATA;Q3970307
TN8309756;OSM;2035680029
TN8309756;TRENITALIA;830009756
TN8309756;UIC;8309756
TN8309756;WIKIDATA;Q3969308
TN8309763;OSM;2035675302
TN8309763;TRENITALIA;830009763
TN8309763;UIC;8300146
TN8309763;UIC;8309763
TN8309763;WIKIDATA;Q3970743
TN8309800;OSM;4459022870
TN8309800;TRENITALIA;830009800
TN8309800;UIC;8309800
TN8309800;WIKIDATA;Q3970285
TN8309801;OSM;595654908
TN8309801;TRENITALIA;830009801
TN8309801;UIC;8309801
TN8309801;WIKIDATA;Q3970483
TN8309802;OSM;4459022840
TN8309802;TRENITALIA;830009802
TN8309802;UIC;8309802
TN8309802;WIKIDATA;Q3970564
TN8309803;OSM;3503568111
TN8309803;TRENITALIA;830009803
TN8309803;UIC;8309803
TN8309803;WIKIDATA;Q3971153
TN8309804;OSM;4458909343
TN8309804;TRENITALIA;830009804
TN8309804;UIC;8309804
TN8309804;WIKIDATA;Q3970886
TN8309805;OSM;3403803711
TN8309805;TRENITALIA;830009805
TN8309805;UIC;8309805
TN8309805;WIKIDATA;Q3971145
TN8309806;OSM;4459194571
TN8309806;TRENITALIA;830009806
TN8309806;UIC;8309806
TN8309806;WIKIDATA;Q3971143
TN8309810;OSM;4459248891
TN8309810;TRENITALIA;830009810
TN8309810;UIC;8309810
TN8309810;WIKIDATA;Q3970522
TN8309811;OSM;1449317329
TN8309811;TRENITALIA;830009811
TN8309811;UIC;8309811
TN8309811;WIKIDATA;Q3970922
TN8309812;OSM;1449317333
TN8309812;TRENITALIA;830009812
TN8309812;UIC;8309812
TN8309812;WIKIDATA;Q3968875
TN8309813;OSM;445118231
TN8309813;TRENITALIA;830009813
TN8309813;UIC;8309813
TN8309813;WIKIDATA;Q3970392
TN8309814;OSM;3497656502
TN8309814;TRENITALIA;830009814
TN8309814;UIC;8309814
TN8309814;WIKIDATA;Q3970311
TN8309815;OSM;324692330
TN8309815;TRENITALIA;830009815
TN8309815;UIC;8309815
TN8309815;WIKIDATA;Q776522
TN8309816;OSM;5308979996
TN8309816;TRENITALIA;830009816
TN8309816;UIC;8309816
TN8309816;WIKIDATA;Q3969353
TN8309817;OSM;1172641753
TN8309817;TRENITALIA;830009817
TN8309817;UIC;8309817
TN8309817;WIKIDATA;Q20009468
TN8309818;OSM;4190669370
TN8309818;TRENITALIA;830009818
TN8309818;UIC;8309818
TN8309818;WIKIDATA;Q964932
TN8309820;OSM;7050100503
TN8309820;TRENITALIA;830009820
TN8309820;UIC;8309820
TN8309821;OSM;4460493422
TN8309821;TRENITALIA;830009821
TN8309821;UIC;8309821
TN8309821;WIKIDATA;Q1113663
TN8309822;OSM;4460493417
TN8309822;TRENITALIA;830009822
TN8309822;UIC;8309822
TN8309822;WIKIDATA;Q3970201
TN8309823;OSM;13410942941
TN8309823;TRENITALIA;830009823
TN8309823;UIC;8309823
TN8309823;WIKIDATA;Q3969009
TN8309824;OSM;1078477046
TN8309824;TRENITALIA;830009824
TN8309824;UIC;8309824
TN8309824;WIKIDATA;Q3969556
TN8309825;OSM;832358461
TN8309825;TRENITALIA;830009825
TN8309825;UIC;8309825
TN8309825;WIKIDATA;Q3969175
TN8309826;OSM;2302962734
TN8309826;TRENITALIA;830009826
TN8309826;UIC;8309826
TN8309826;WIKIDATA;Q3969470
TN8309827;OSM;2302988099
TN8309827;TRENITALIA;830009827
TN8309827;UIC;8309827
TN8309827;WIKIDATA;Q3970998
TN8309828;OSM;842363084
TN8309828;TRENITALIA;830009828
TN8309828;UIC;8309828
TN8309828;WIKIDATA;Q16608869
TN8309829;OSM;835717722
TN8309829;TRENITALIA;830009829
TN8309829;UIC;8309829
TN8309829;WIKIDATA;Q16609744
TN8309830;OSM;1170724588
TN8309830;TRENITALIA;830009830
TN8309830;UIC;8309830
TN8309830;WIKIDATA;Q16608776
TN8309831;OSM;13717746227
TN8309831;TRENITALIA;830009831
TN8309831;UIC;8309831
TN8309831;WIKIDATA;Q16608811
TN8309832;OSM;835716281
TN8309832;TRENITALIA;830009832
TN8309832;UIC;8309832
TN8309832;WIKIDATA;Q16608782
TN8309833;OSM;835714444
TN8309833;TRENITALIA;830009833
TN8309833;UIC;8309833
TN8309833;WIKIDATA;Q16609599
TN8309834;OSM;834901435
TN8309834;TRENITALIA;830009834
TN8309834;UIC;8309834
TN8309834;WIKIDATA;Q3971119
TN8309835;TRENITALIA;830009835
TN8309835;UIC;8309835
TN8309836;TRENITALIA;830009836
TN8309836;UIC;8309836
TN8309838;OSM;879105766
TN8309838;TRENITALIA;830009838
TN8309838;UIC;8309838
TN8309838;WIKIDATA;Q16609213
TN8309839;TRENITALIA;830009839
TN8309839;UIC;8309839
TN8309903;TRENITALIA;830009903
TN8309903;UIC;8309903
TN8309904;TRENITALIA;830009904
TN8309904;UIC;8309904
TN8309906;TRENITALIA;830009906
TN8309906;UIC;8309906
TN8309907;TRENITALIA;830009907
TN8309907;UIC;8309907
TN8309908;TRENITALIA;830009908
TN8309908;UIC;8309908
TN8309909;TRENITALIA;830009909
TN8309909;UIC;8309909
TN8309910;TRENITALIA;830009910
TN8309910;UIC;8309910
TN8309911;TRENITALIA;830009911
TN8309911;UIC;8309911
TN8309913;TRENITALIA;830009913
TN8309913;UIC;8309913
TN8309988;OSM;4905758798
TN8309988;TRENITALIA;830009988
TN8309988;UIC;8309988
TN8309988;WIKIDATA;Q3970269
TN8311001;OSM;13717781109
TN8311001;TRENITALIA;830011001
TN8311001;UIC;8311001
TN8311001;WIKIDATA;Q18420521
TN8311003;OSM;7055640618
TN8311003;TRENITALIA;830011003
TN8311003;UIC;8311003
TN8311004;OSM;12816454772
TN8311004;TRENITALIA;830011004
TN8311004;UIC;8311004
TN8311004;WIKIDATA;Q27104344
TN8311019;OSM;1157269509
TN8311019;TRENITALIA;830011019
TN8311019;UIC;8311019
TN8311019;WIKIDATA;Q3971104
TN8311020;OSM;747697220
TN8311020;TRENITALIA;830011020
TN8311020;UIC;8311020
TN8311020;WIKIDATA;Q3969184
TN8311021;OSM;1639388231
TN8311021;TRENITALIA;830011021
TN8311021;UIC;8311021
TN8311021;WIKIDATA;Q16609034
TN8311023;OSM;1240515710
TN8311023;TRENITALIA;830011023
TN8311023;UIC;8311023
TN8311023;WIKIDATA;Q17637455
TN8311025;OSM;1490765981
TN8311025;TRENITALIA;830011025
TN8311025;UIC;8311025
TN8311025;WIKIDATA;Q3970850
TN8311100;OSM;13749195446
TN8311100;TRENITALIA;830011100
TN8311100;UIC;8311100
TN8311100;WIKIDATA;Q3969635
TN8311101;OSM;6647933576
TN8311101;TRENITALIA;830011101
TN8311101;UIC;8311101
TN8311101;WIKIDATA;Q17264798
TN8311102;OSM;262467378
TN8311102;TRENITALIA;830011102
TN8311102;UIC;8311102
TN8311102;WIKIDATA;Q17637422
TN8311103;OSM;258613100
TN8311103;TRENITALIA;830011103
TN8311103;UIC;8311103
TN8311103;WIKIDATA;Q3969373
TN8311106;OSM;1960139277
TN8311106;TRENITALIA;830011106
TN8311106;UIC;8311106
TN8311106;WIKIDATA;Q17264809
TN8311108;OSM;1699232800
TN8311108;TRENITALIA;830011108
TN8311108;UIC;8311108
TN8311108;WIKIDATA;Q3969004
TN8311112;OSM;1882308946
TN8311112;TRENITALIA;830011112
TN8311112;UIC;8311112
TN8311112;WIKIDATA;Q17100170
TN8311113;OSM;12294117214
TN8311113;TRENITALIA;830011113
TN8311113;UIC;8311113
TN8311113;WIKIDATA;Q16984431
TN8311114;OSM;1882388462
TN8311114;TRENITALIA;830011114
TN8311114;UIC;8311114
TN8311114;WIKIDATA;Q17637397
TN8311115;OSM;1882388459
TN8311115;TRENITALIA;830011115
TN8311115;UIC;8311115
TN8311115;WIKIDATA;Q17637276
TN8311116;OSM;1770255555
TN8311116;TRENITALIA;830011116
TN8311116;UIC;8311116
TN8311116;WIKIDATA;Q3968989
TN8311118;OSM;2377090433
TN8311118;TRENITALIA;830011118
TN8311118;UIC;8311118
TN8311118;WIKIDATA;Q3968985
TN8311119;OSM;1769071539
TN8311119;TRENITALIA;830011119
TN8311119;UIC;8311119
TN8311119;WIKIDATA;Q790420
TN8311122;OSM;1769071540
TN8311122;TRENITALIA;830011122
TN8311122;UIC;8311122
TN8311122;WIKIDATA;Q3970041
TN8311125;OSM;1870776576
TN8311125;TRENITALIA;830011125
TN8311125;UIC;8311125
TN8311125;WIKIDATA;Q3968986
TN8311126;OSM;1785052186
TN8311126;TRENITALIA;830011126
TN8311126;UIC;8311126
TN8311126;WIKIDATA;Q3968992
TN8311127;OSM;1785052193
TN8311127;TRENITALIA;830011127
TN8311127;UIC;8311127
TN8311127;WIKIDATA;Q3970162
TN8311128;OSM;1867119381
TN8311128;TRENITALIA;830011128
TN8311128;UIC;8311128
TN8311128;WIKIDATA;Q3970518
TN8311129;OSM;904319915
TN8311129;TRENITALIA;830011129
TN8311129;UIC;8311129
TN8311129;WIKIDATA;Q3970180
TN8311130;OSM;904319170
TN8311130;TRENITALIA;830011130
TN8311130;UIC;8311130
TN8311130;WIKIDATA;Q3969585
TN8311131;OSM;904319168
TN8311131;TRENITALIA;830011131
TN8311131;UIC;8311131
TN8311131;WIKIDATA;Q3969419
TN8311132;OSM;1849593331
TN8311132;TRENITALIA;830011132
TN8311132;UIC;8311132
TN8311132;WIKIDATA;Q3970378
TN8311133;OSM;1867247136
TN8311133;TRENITALIA;830011133
TN8311133;UIC;8311133
TN8311133;WIKIDATA;Q3969236
TN8311136;OSM;1866242609
TN8311136;TRENITALIA;830011136
TN8311136;UIC;8311136
TN8311136;WIKIDATA;Q3969125
TN8311139;OSM;4245407250
TN8311139;TRENITALIA;830011139
TN8311139;UIC;8311139
TN8311139;WIKIDATA;Q24648248
TN8311141;OSM;1787149685
TN8311141;TRENITALIA;830011141
TN8311141;UIC;8311141
TN8311141;WIKIDATA;Q736138
TN8311142;OSM;904316717
TN8311142;TRENITALIA;830011142
TN8311142;UIC;8311142
TN8311142;WIKIDATA;Q3971043
TN8311143;OSM;904316719
TN8311143;TRENITALIA;830011143
TN8311143;UIC;8311143
TN8311143;WIKIDATA;Q377793
TN8311145;OSM;1764652046
TN8311145;TRENITALIA;830011145
TN8311145;UIC;8311145
TN8311145;UIC;8313555
TN8311145;WIKIDATA;Q3969938
TN8311156;OSM;3390333479
TN8311156;TRENITALIA;830011156
TN8311156;UIC;8311156
TN8311156;WIKIDATA;Q3968993
TN8311202;OSM;353090253
TN8311202;TRENITALIA;830011202
TN8311202;UIC;8311202
TN8311202;WIKIDATA;Q3970344
TN8311203;OSM;562016204
TN8311203;TRENITALIA;830011203
TN8311203;UIC;8311203
TN8311203;WIKIDATA;Q3968911
TN8311204;OSM;754527692
TN8311204;TRENITALIA;830011204
TN8311204;UIC;8311204
TN8311204;WIKIDATA;Q3969194
TN8311205;OSM;9233045255
TN8311205;TRENITALIA;830011205
TN8311205;UIC;8311205
TN8311205;WIKIDATA;Q3970695
TN8311206;OSM;687118786
TN8311206;TRENITALIA;830011206
TN8311206;UIC;8311206
TN8311206;WIKIDATA;Q3970081
TN8311208;OSM;3213122296
TN8311208;TRENITALIA;830011208
TN8311208;UIC;8311208
TN8311208;WIKIDATA;Q3968994
TN8311209;OSM;2878243811
TN8311209;TRENITALIA;830011209
TN8311209;UIC;8311209
TN8311209;WIKIDATA;Q3970673
TN8311210;OSM;1319296188
TN8311210;TRENITALIA;830011210
TN8311210;UIC;8311210
TN8311210;WIKIDATA;Q3969641
TN8311211;OSM;1319295871
TN8311211;TRENITALIA;830011211
TN8311211;UIC;8311211
TN8311211;WIKIDATA;Q18420510
TN8311212;OSM;1319295860
TN8311212;TRENITALIA;830011212
TN8311212;UIC;8311212
TN8311212;WIKIDATA;Q18420508
TN8311213;OSM;1392860455
TN8311213;TRENITALIA;830011213
TN8311213;UIC;8311213
TN8311213;WIKIDATA;Q124287149
TN8311214;OSM;13717805777
TN8311214;TRENITALIA;830011214
TN8311214;UIC;8311214
TN8311214;WIKIDATA;Q3968941
TN8311217;OSM;9283110903
TN8311217;TRENITALIA;830011217
TN8311217;UIC;8311217
TN8311217;WIKIDATA;Q3970591
TN8311220;OSM;1960574912
TN8311220;TRENITALIA;830011220
TN8311220;UIC;8311220
TN8311220;WIKIDATA;Q16609679
TN8311221;OSM;13717809132
TN8311221;TRENITALIA;830011221
TN8311221;UIC;8311221
TN8311221;WIKIDATA;Q3970586
TN8311250;OSM;1455944540
TN8311250;TRENITALIA;830011250
TN8311250;UIC;8311250
TN8311250;WIKIDATA;Q123995183
TN8311251;OSM;10665719620
TN8311251;TRENITALIA;830011251
TN8311251;UIC;8311251
TN8311251;WIKIDATA;Q123995163
TN8311252;OSM;1456300782
TN8311252;TRENITALIA;830011252
TN8311252;UIC;8311252
TN8311252;WIKIDATA;Q123995157
TN8311300;TRENITALIA;830011300
TN8311300;UIC;8311300
TN8311304;TRENITALIA;830011304
TN8311304;UIC;8311304
TN8311305;TRENITALIA;830011305
TN8311305;UIC;8311305
TN8311306;TRENITALIA;830011306
TN8311306;UIC;8311306
TN8311307;TRENITALIA;830011307
TN8311307;UIC;8311307
TN8311310;TRENITALIA;830011310
TN8311310;UIC;8311310
TN8311311;TRENITALIA;830011311
TN8311311;UIC;8311311
TN8311402;TRENITALIA;830011402
TN8311402;UIC;8311402
TN8311403;OSM;13731588673
TN8311403;TRENITALIA;830011403
TN8311403;UIC;8311403
TN8311403;WIKIDATA;Q3970141
TN8311406;TRENITALIA;830011406
TN8311406;UIC;8311406
TN8311420;OSM;842367835
TN8311420;TRENITALIA;830011420
TN8311420;UIC;8311420
TN8311420;WIKIDATA;Q3970589
TN8311452;OSM;875406454
TN8311452;TRENITALIA;830011452
TN8311452;UIC;8311452
TN8311452;WIKIDATA;Q16610005
TN8311453;OSM;879115762
TN8311453;TRENITALIA;830011453
TN8311453;UIC;8311453
TN8311453;WIKIDATA;Q16487703
TN8311456;OSM;836071272
TN8311456;TRENITALIA;830011456
TN8311456;UIC;8311456
TN8311456;WIKIDATA;Q16609270
TN8311457;OSM;875372105
TN8311457;TRENITALIA;830011457
TN8311457;UIC;8311457
TN8311457;WIKIDATA;Q16609768
TN8311458;OSM;836091955
TN8311458;TRENITALIA;830011458
TN8311458;UIC;8311458
TN8311458;WIKIDATA;Q3969591
TN8311459;OSM;1487621020
TN8311459;TRENITALIA;830011459
TN8311459;UIC;8311459
TN8311459;WIKIDATA;Q16609621
TN8311460;OSM;13715450461
TN8311460;TRENITALIA;830011460
TN8311460;UIC;8311460
TN8311460;WIKIDATA;Q16608817
TN8311461;OSM;9242827432
TN8311461;TRENITALIA;830011461
TN8311461;UIC;8311461
TN8311461;WIKIDATA;Q3970092
TN8311462;OSM;9251733461
TN8311462;TRENITALIA;830011462
TN8311462;UIC;8311462
TN8311462;WIKIDATA;Q20009405
TN8311463;OSM;9251727836
TN8311463;TRENITALIA;830011463
TN8311463;UIC;8311463
TN8311463;WIKIDATA;Q20009389
TN8311464;OSM;9251724716
TN8311464;TRENITALIA;830011464
TN8311464;UIC;8311464
TN8311464;WIKIDATA;Q16609554
TN8311465;OSM;1766614086
TN8311465;TRENITALIA;830011465
TN8311465;UIC;8311465
TN8311465;WIKIDATA;Q3971085
TN8311501;OSM;1839046518
TN8311501;TRENITALIA;830011501
TN8311501;UIC;8311501
TN8311501;WIKIDATA;Q3969045
TN8311502;OSM;1839046902
TN8311502;TRENITALIA;830011502
TN8311502;UIC;8311502
TN8311502;WIKIDATA;Q18164929
TN8311504;OSM;1837559992
TN8311504;TRENITALIA;830011504
TN8311504;UIC;8311504
TN8311504;WIKIDATA;Q3968822
TN8311505;OSM;1882766443
TN8311505;TRENITALIA;830011505
TN8311505;UIC;8311505
TN8311505;WIKIDATA;Q3969730
TN8311508;OSM;1384500498
TN8311508;TRENITALIA;830011508
TN8311508;UIC;8311508
TN8311508;WIKIDATA;Q18386151
TN8311510;OSM;1415542051
TN8311510;TRENITALIA;830011510
TN8311510;UIC;8311510
TN8311510;WIKIDATA;Q18356881
TN8311511;OSM;1382977693
TN8311511;TRENITALIA;830011511
TN8311511;UIC;8311511
TN8311511;WIKIDATA;Q3969311
TN8311516;OSM;11308599526
TN8311516;TRENITALIA;830011516
TN8311516;UIC;8311516
TN8311516;WIKIDATA;Q97700839
TN8311602;OSM;1871889480
TN8311602;TRENITALIA;830011602
TN8311602;UIC;8311602
TN8311602;WIKIDATA;Q16609285
TN8311603;OSM;1765998795
TN8311603;TRENITALIA;830011603
TN8311603;UIC;8311603
TN8311603;WIKIDATA;Q3969654
TN8311605;OSM;1871889500
TN8311605;TRENITALIA;830011605
TN8311605;UIC;8311605
TN8311605;WIKIDATA;Q3970348
TN8311606;OSM;1871889494
TN8311606;TRENITALIA;830011606
TN8311606;UIC;8311606
TN8311606;WIKIDATA;Q3969923
TN8311607;OSM;1871889497
TN8311607;TRENITALIA;830011607
TN8311607;UIC;8311607
TN8311607;WIKIDATA;Q3970091
TN8311702;OSM;4460493406
TN8311702;TRENITALIA;830011702
TN8311702;UIC;8311702
TN8311702;WIKIDATA;Q16608939
TN8311703;OSM;4460493403
TN8311703;TRENITALIA;830011703
TN8311703;UIC;8311703
TN8311703;WIKIDATA;Q3970395
TN8311705;OSM;4460442244
TN8311705;TRENITALIA;830011705
TN8311705;UIC;8311705
TN8311705;WIKIDATA;Q16608718
TN8311708;OSM;4460442241
TN8311708;TRENITALIA;830011708
TN8311708;UIC;8311708
TN8311708;WIKIDATA;Q16609521
TN8311709;OSM;2357634229
TN8311709;TRENITALIA;830011709
TN8311709;UIC;8311709
TN8311709;WIKIDATA;Q16610017
TN8311711;OSM;331257199
TN8311711;TRENITALIA;830011711
TN8311711;UIC;8311711
TN8311711;WIKIDATA;Q16608758
TN8311712;OSM;1295654969
TN8311712;TRENITALIA;830011712
TN8311712;UIC;8311712
TN8311712;WIKIDATA;Q16609617
TN8311715;OSM;1142751586
TN8311715;TRENITALIA;830011715
TN8311715;UIC;8311715
TN8311715;WIKIDATA;Q16609022
TN8311716;OSM;1142751579
TN8311716;TRENITALIA;830011716
TN8311716;UIC;8311716
TN8311716;WIKIDATA;Q16609017
TN8311717;OSM;1238487595
TN8311717;TRENITALIA;830011717
TN8311717;UIC;8311717
TN8311717;WIKIDATA;Q16609973
TN8311718;OSM;4460359970
TN8311718;TRENITALIA;830011718
TN8311718;UIC;8311718
TN8311718;WIKIDATA;Q3970515
TN8311721;OSM;5756405235
TN8311721;TRENITALIA;830011721
TN8311721;UIC;8311721
TN8311721;WIKIDATA;Q3970901
TN8311722;OSM;9280053951
TN8311722;TRENITALIA;830011722
TN8311722;UIC;8311722
TN8311722;WIKIDATA;Q3968818
TN8311723;OSM;6900820161
TN8311723;TRENITALIA;830011723
TN8311723;UIC;8311723
TN8311723;WIKIDATA;Q3970038
TN8311724;OSM;5418213652
TN8311724;TRENITALIA;830011724
TN8311724;UIC;8311724
TN8311724;WIKIDATA;Q3970050
TN8311725;OSM;4075628077
TN8311725;TRENITALIA;830011725
TN8311725;UIC;8311725
TN8311725;WIKIDATA;Q3970601
TN8311727;OSM;6900820177
TN8311727;TRENITALIA;830011727
TN8311727;UIC;8311727
TN8311727;WIKIDATA;Q16609878
TN8311728;OSM;6900820169
TN8311728;TRENITALIA;830011728
TN8311728;UIC;8311728
TN8311728;WIKIDATA;Q16609394
TN8311729;OSM;4341308139
TN8311729;TRENITALIA;830011729
TN8311729;UIC;8311729
TN8311729;WIKIDATA;Q16609282
TN8311731;OSM;6900820174
TN8311731;TRENITALIA;830011731
TN8311731;UIC;8311731
TN8311731;WIKIDATA;Q17146374
TN8311732;OSM;6900820175
TN8311732;TRENITALIA;830011732
TN8311732;UIC;8311732
TN8311732;WIKIDATA;Q16608814
TN8311734;OSM;6900820176
TN8311734;TRENITALIA;830011734
TN8311734;UIC;8311734
TN8311734;WIKIDATA;Q16608942
TN8311735;OSM;6900820168
TN8311735;TRENITALIA;830011735
TN8311735;UIC;8311735
TN8311735;WIKIDATA;Q16609028
TN8311736;OSM;6900820167
TN8311736;TRENITALIA;830011736
TN8311736;UIC;8311736
TN8311736;WIKIDATA;Q16608716
TN8311737;OSM;6900820166
TN8311737;TRENITALIA;830011737
TN8311737;UIC;8311737
TN8311737;WIKIDATA;Q16609294
TN8311738;OSM;6900820163
TN8311738;TRENITALIA;830011738
TN8311738;UIC;8311738
TN8311739;OSM;6900820162
TN8311739;TRENITALIA;830011739
TN8311739;UIC;8311739
TN8311739;WIKIDATA;Q3970418
TN8311740;OSM;1960254598
TN8311740;TRENITALIA;830011740
TN8311740;UIC;8311740
TN8311740;WIKIDATA;Q3970824
TN8311744;OSM;6918168790
TN8311744;TRENITALIA;830011744
TN8311744;UIC;8311744
TN8311744;WIKIDATA;Q21184964
TN8311749;OSM;6919171916
TN8311749;TRENITALIA;830011749
TN8311749;UIC;8311749
TN8311749;WIKIDATA;Q3969913
TN8311753;OSM;6647759980
TN8311753;TRENITALIA;830011753
TN8311753;UIC;8311753
TN8311753;WIKIDATA;Q19683837
TN8311754;OSM;1769551099
TN8311754;TRENITALIA;830011754
TN8311754;UIC;8311754
TN8311754;WIKIDATA;Q3971289
TN8311757;OSM;6647827850
TN8311757;TRENITALIA;830011757
TN8311757;UIC;8311757
TN8311757;WIKIDATA;Q24941705
TN8311758;OSM;13640185590
TN8311758;TRENITALIA;830011758
TN8311758;UIC;8311758
TN8311758;WIKIDATA;Q18434303
TN8311759;OSM;9276264917
TN8311759;TRENITALIA;830011759
TN8311759;UIC;8311759
TN8311759;WIKIDATA;Q23301322
TN8311760;OSM;9276333688
TN8311760;TRENITALIA;830011760
TN8311760;UIC;8311760
TN8311760;WIKIDATA;Q3971205
TN8311761;OSM;3169558898
TN8311761;TRENITALIA;830011761
TN8311761;UIC;8311761
TN8311761;WIKIDATA;Q64626986
TN8311763;OSM;13640288261
TN8311763;TRENITALIA;830011763
TN8311763;UIC;8311763
TN8311763;WIKIDATA;Q3969840
TN8311764;OSM;9276260810
TN8311764;TRENITALIA;830011764
TN8311764;UIC;8311764
TN8311764;WIKIDATA;Q3970292
TN8311765;OSM;6919346631
TN8311765;TRENITALIA;830011765
TN8311765;UIC;8311765
TN8311765;WIKIDATA;Q3970718
TN8311766;OSM;6919372083
TN8311766;TRENITALIA;830011766
TN8311766;UIC;8311766
TN8311766;WIKIDATA;Q3969729
TN8311769;OSM;6937982981
TN8311769;TRENITALIA;830011769
TN8311769;UIC;8311769
TN8311769;WIKIDATA;Q3970411
TN8311770;OSM;6937979639
TN8311770;TRENITALIA;830011770
TN8311770;UIC;8311770
TN8311770;WIKIDATA;Q20973120
TN8311771;OSM;1773175810
TN8311771;TRENITALIA;830011771
TN8311771;UIC;8311771
TN8311771;WIKIDATA;Q21185015
TN8311772;OSM;1614301941
TN8311772;TRENITALIA;830011772
TN8311772;UIC;8311772
TN8311772;WIKIDATA;Q20973102
TN8311774;OSM;699688677
TN8311774;TRENITALIA;830011774
TN8311774;UIC;8311774
TN8311774;WIKIDATA;Q3971321
TN8311776;OSM;3156431045
TN8311776;TRENITALIA;830011776
TN8311776;UIC;8311776
TN8311776;WIKIDATA;Q21185111
TN8311777;OSM;9136332894
TN8311777;TRENITALIA;830011777
TN8311777;UIC;8311777
TN8311777;WIKIDATA;Q21185113
TN8311778;OSM;9136332893
TN8311778;TRENITALIA;830011778
TN8311778;UIC;8311778
TN8311778;WIKIDATA;Q21185109
TN8311779;OSM;9136332892
TN8311779;TRENITALIA;830011779
TN8311779;UIC;8311779
TN8311779;WIKIDATA;Q1116109
TN8311780;OSM;2827480850
TN8311780;TRENITALIA;830011780
TN8311780;UIC;8311780
TN8311780;WIKIDATA;Q3970651
TN8311781;OSM;5371459402
TN8311781;TRENITALIA;830011781
TN8311781;UIC;8311781
TN8311781;WIKIDATA;Q3970657
TN8311786;OSM;13640187544
TN8311786;TRENITALIA;830011786
TN8311786;UIC;8311786
TN8311786;WIKIDATA;Q56221423
TN8311789;OSM;7932212641
TN8311789;TRENITALIA;830011789
TN8311789;UIC;8311789
TN8311789;WIKIDATA;Q3971290
TN8311790;OSM;9266925171
TN8311790;TRENITALIA;830011790
TN8311790;UIC;8311790
TN8311790;WIKIDATA;Q3970126
TN8311801;OSM;9245404317
TN8311801;TRENITALIA;830011801
TN8311801;UIC;8311801
TN8311801;WIKIDATA;Q16609881
TN8311802;OSM;1874788603
TN8311802;TRENITALIA;830011802
TN8311802;UIC;8311802
TN8311802;WIKIDATA;Q3970516
TN8311803;OSM;9245415657
TN8311803;TRENITALIA;830011803
TN8311803;UIC;8311803
TN8311803;WIKIDATA;Q16609506
TN8311804;OSM;9245448387
TN8311804;TRENITALIA;830011804
TN8311804;UIC;8311804
TN8311804;WIKIDATA;Q20009447
TN8311805;TRENITALIA;830011805
TN8311805;UIC;8311805
TN8311806;OSM;9245448568
TN8311806;TRENITALIA;830011806
TN8311806;UIC;8311806
TN8311806;WIKIDATA;Q3970719
TN8311807;OSM;9245406822
TN8311807;TRENITALIA;830011807
TN8311807;UIC;8311807
TN8311807;WIKIDATA;Q20009991
TN8311808;OSM;9245438556
TN8311808;TRENITALIA;830011808
TN8311808;UIC;8311808
TN8311808;WIKIDATA;Q20010060
TN8311809;OSM;1875154581
TN8311809;TRENITALIA;830011809
TN8311809;UIC;8311809
TN8311809;WIKIDATA;Q20010074
TN8311810;OSM;9243869891
TN8311810;TRENITALIA;830011810
TN8311810;UIC;8311810
TN8311810;WIKIDATA;Q20010075
TN8311811;OSM;9243958577
TN8311811;TRENITALIA;830011811
TN8311811;UIC;8311811
TN8311811;WIKIDATA;Q3970996
TN8311812;OSM;9260715625
TN8311812;TRENITALIA;830011812
TN8311812;UIC;8311812
TN8311812;WIKIDATA;Q16609093
TN8311813;OSM;5811259039
TN8311813;TRENITALIA;830011813
TN8311813;UIC;8311813
TN8311813;WIKIDATA;Q16609753
TN8311814;OSM;9265163336
TN8311814;TRENITALIA;830011814
TN8311814;UIC;8311814
TN8311814;WIKIDATA;Q16609433
TN8311815;OSM;9265150645
TN8311815;TRENITALIA;830011815
TN8311815;UIC;8311815
TN8311815;WIKIDATA;Q16608902
TN8311817;OSM;9278665584
TN8311817;TRENITALIA;830011817
TN8311817;UIC;8311817
TN8311817;WIKIDATA;Q16609385
TN8311818;OSM;9278665583
TN8311818;TRENITALIA;830011818
TN8311818;UIC;8311818
TN8311818;WIKIDATA;Q16608954
TN8311819;OSM;9278665582
TN8311819;TRENITALIA;830011819
TN8311819;UIC;8311819
TN8311819;WIKIDATA;Q16609120
TN8311820;OSM;9263505185
TN8311820;TRENITALIA;830011820
TN8311820;UIC;8311820
TN8311820;WIKIDATA;Q16609049
TN8311821;OSM;9260829692
TN8311821;TRENITALIA;830011821
TN8311821;UIC;8311821
TN8311821;WIKIDATA;Q16609970
TN8311822;OSM;9265145853
TN8311822;TRENITALIA;830011822
TN8311822;UIC;8311822
TN8311822;WIKIDATA;Q16609932
TN8311823;OSM;3625908047
TN8311823;TRENITALIA;830011823
TN8311823;UIC;8311823
TN8311823;WIKIDATA;Q3969498
TN8311826;OSM;3625908048
TN8311826;TRENITALIA;830011826
TN8311826;UIC;8311826
TN8311826;WIKIDATA;Q16609129
TN8311829;OSM;9278626491
TN8311829;TRENITALIA;830011829
TN8311829;UIC;8311829
TN8311829;WIKIDATA;Q16608857
TN8311830;OSM;9278626490
TN8311830;TRENITALIA;830011830
TN8311830;UIC;8311830
TN8311830;WIKIDATA;Q16609117
TN8311833;OSM;1269194721
TN8311833;TRENITALIA;830011833
TN8311833;UIC;8311833
TN8311833;WIKIDATA;Q3969349
TN8311836;OSM;9260136347
TN8311836;TRENITALIA;830011836
TN8311836;UIC;8311836
TN8311836;WIKIDATA;Q20009984
TN8311837;OSM;1768779086
TN8311837;TRENITALIA;830011837
TN8311837;UIC;8311837
TN8311837;WIKIDATA;Q3971026
TN8311841;OSM;9278630226
TN8311841;TRENITALIA;830011841
TN8311841;UIC;8311841
TN8311841;WIKIDATA;Q20009898
TN8311842;OSM;1529758606
TN8311842;TRENITALIA;830011842
TN8311842;UIC;8311842
TN8311842;WIKIDATA;Q20010029
TN8311843;OSM;9278074138
TN8311843;TRENITALIA;830011843
TN8311843;UIC;8311843
TN8311843;WIKIDATA;Q16609291
TN8311844;OSM;9278023371
TN8311844;TRENITALIA;830011844
TN8311844;UIC;8311844
TN8311844;WIKIDATA;Q3970171
TN8311846;OSM;2532424913
TN8311846;TRENITALIA;830011846
TN8311846;UIC;8311846
TN8311847;OSM;9254103173
TN8311847;TRENITALIA;830011847
TN8311847;UIC;8311847
TN8311847;WIKIDATA;Q16609738
TN8311848;OSM;9265145845
TN8311848;TRENITALIA;830011848
TN8311848;UIC;8311848
TN8311848;WIKIDATA;Q20009822
TN8311850;OSM;9260960592
TN8311850;TRENITALIA;830011850
TN8311850;UIC;8311850
TN8311850;WIKIDATA;Q20010034
TN8311851;OSM;9254103174
TN8311851;TRENITALIA;830011851
TN8311851;UIC;8311851
TN8311851;WIKIDATA;Q20009968
TN8311853;OSM;9265086177
TN8311853;TRENITALIA;830011853
TN8311853;UIC;8311853
TN8311853;WIKIDATA;Q20009379
TN8311854;OSM;9260950404
TN8311854;TRENITALIA;830011854
TN8311854;UIC;8311854
TN8311854;WIKIDATA;Q20009909
TN8311855;OSM;9265120916
TN8311855;TRENITALIA;830011855
TN8311855;UIC;8311855
TN8311855;WIKIDATA;Q20009905
TN8311856;OSM;9257681512
TN8311856;TRENITALIA;830011856
TN8311856;UIC;8311856
TN8311856;WIKIDATA;Q20009398
TN8311857;OSM;9257681511
TN8311857;TRENITALIA;830011857
TN8311857;UIC;8311857
TN8311857;WIKIDATA;Q20009910
TN8311859;OSM;9257955935
TN8311859;TRENITALIA;830011859
TN8311859;UIC;8311859
TN8311859;WIKIDATA;Q20009428
TN8311860;OSM;9257681513
TN8311860;TRENITALIA;830011860
TN8311860;UIC;8311860
TN8311860;WIKIDATA;Q20009384
TN8311861;OSM;9257692698
TN8311861;TRENITALIA;830011861
TN8311861;UIC;8311861
TN8311861;WIKIDATA;Q20009393
TN8311862;OSM;1839041904
TN8311862;TRENITALIA;830011862
TN8311862;UIC;8311862
TN8311862;WIKIDATA;Q20010024
TN8311863;OSM;9136332883
TN8311863;TRENITALIA;830011863
TN8311863;UIC;8311863
TN8311863;WIKIDATA;Q3970082
TN8311864;OSM;9136332886
TN8311864;TRENITALIA;830011864
TN8311864;UIC;8311864
TN8311864;WIKIDATA;Q20010023
TN8311865;OSM;9136332887
TN8311865;TRENITALIA;830011865
TN8311865;UIC;8311865
TN8311865;WIKIDATA;Q20009963
TN8311866;OSM;3749379501
TN8311866;TRENITALIA;830011866
TN8311866;UIC;8311866
TN8311866;WIKIDATA;Q20009443
TN8311867;OSM;9136332888
TN8311867;TRENITALIA;830011867
TN8311867;UIC;8311867
TN8311867;WIKIDATA;Q3970652
TN8311868;OSM;9136332889
TN8311868;TRENITALIA;830011868
TN8311868;UIC;8311868
TN8311868;WIKIDATA;Q20009445
TN8311872;OSM;1875153856
TN8311872;TRENITALIA;830011872
TN8311872;UIC;8311872
TN8311872;WIKIDATA;Q20009891
TN8311873;OSM;9136332891
TN8311873;TRENITALIA;830011873
TN8311873;UIC;8311873
TN8311873;WIKIDATA;Q20009444
TN8311904;OSM;1612900657
TN8311904;TRENITALIA;830011904
TN8311904;UIC;8311904
TN8311904;WIKIDATA;Q22321685
TN8311906;OSM;3153606223
TN8311906;TRENITALIA;830011906
TN8311906;UIC;8311906
TN8311906;WIKIDATA;Q22321717
TN8311909;OSM;3153604814
TN8311909;TRENITALIA;830011909
TN8311909;UIC;8311909
TN8311909;WIKIDATA;Q3969326
TN8311910;OSM;3154018838
TN8311910;TRENITALIA;830011910
TN8311910;UIC;8311910
TN8311910;WIKIDATA;Q3969488
TN8311950;OSM;1769045133
TN8311950;TRENITALIA;830011950
TN8311950;UIC;8311950
TN8311950;WIKIDATA;Q21185040
TN8311951;OSM;4341308140
TN8311951;TRENITALIA;830011951
TN8311951;UIC;8311951
TN8311951;WIKIDATA;Q21185038
TN8311956;OSM;1266391917
TN8311956;TRENITALIA;830011956
TN8311956;UIC;8311956
TN8311956;WIKIDATA;Q28671522
TN8311974;OSM;4266758997
TN8311974;TRENITALIA;830011974
TN8311974;UIC;8311974
TN8311974;WIKIDATA;Q28053360
TN8312001;OSM;3028790810
TN8312001;TRENITALIA;830012001
TN8312001;UIC;8312001
TN8312001;WIKIDATA;Q16609184
TN8312002;OSM;418376059
TN8312002;TRENITALIA;830012002
TN8312002;UIC;8312002
TN8312002;WIKIDATA;Q801315
TN8312003;OSM;7526450831
TN8312003;TRENITALIA;830012003
TN8312003;UIC;8312003
TN8312003;WIKIDATA;Q16609427
TN8312005;OSM;7526450833
TN8312005;TRENITALIA;830012005
TN8312005;UIC;8312005
TN8312008;OSM;1746597322
TN8312008;TRENITALIA;830012008
TN8312008;UIC;8312008
TN8312008;WIKIDATA;Q3968947
TN8312009;OSM;9102223416
TN8312009;TRENITALIA;830012009
TN8312009;UIC;8312009
TN8312009;WIKIDATA;Q3970878
TN8312010;OSM;9102223415
TN8312010;TRENITALIA;830012010
TN8312010;UIC;8312010
TN8312010;WIKIDATA;Q3969299
TN8312011;OSM;9102223413
TN8312011;TRENITALIA;830012011
TN8312011;UIC;8312011
TN8312011;WIKIDATA;Q3968867
TN8312012;OSM;9102223411
TN8312012;TRENITALIA;830012012
TN8312012;UIC;8312012
TN8312012;WIKIDATA;Q3970836
TN8312013;OSM;9102223409
TN8312013;TRENITALIA;830012013
TN8312013;UIC;8312013
TN8312013;WIKIDATA;Q3971170
TN8312014;OSM;9051834174
TN8312014;TRENITALIA;830012014
TN8312014;UIC;8312014
TN8312014;WIKIDATA;Q3971098
TN8312017;OSM;9062977724
TN8312017;TRENITALIA;830012017
TN8312017;UIC;8312017
TN8312017;WIKIDATA;Q16608918
TN8312018;OSM;9062977729
TN8312018;TRENITALIA;830012018
TN8312018;UIC;8312018
TN8312018;WIKIDATA;Q28670488
TN8312019;OSM;603353943
TN8312019;TRENITALIA;830012019
TN8312019;UIC;8312019
TN8312019;WIKIDATA;Q16609014
TN8312021;OSM;604277890
TN8312021;TRENITALIA;830012021
TN8312021;UIC;8312021
TN8312021;WIKIDATA;Q22324805
TN8312022;OSM;603354324
TN8312022;TRENITALIA;830012022
TN8312022;UIC;8312022
TN8312022;WIKIDATA;Q22324816
TN8312024;OSM;9062977752
TN8312024;TRENITALIA;830012024
TN8312024;UIC;8312024
TN8312024;WIKIDATA;Q20009825
TN8312025;OSM;9062977753
TN8312025;TRENITALIA;830012025
TN8312025;UIC;8312025
TN8312025;WIKIDATA;Q3969231
TN8312026;OSM;1699196895
TN8312026;TRENITALIA;830012026
TN8312026;UIC;8312026
TN8312026;WIKIDATA;Q21154252
TN8312027;OSM;1274172585
TN8312027;TRENITALIA;830012027
TN8312027;UIC;8312027
TN8312027;WIKIDATA;Q21154151
TN8312028;OSM;2005650456
TN8312028;TRENITALIA;830012028
TN8312028;UIC;8312028
TN8312028;WIKIDATA;Q3970826
TN8312029;OSM;13351827968
TN8312029;TRENITALIA;830012029
TN8312029;UIC;8312029
TN8312029;WIKIDATA;Q3971381
TN8312030;OSM;9062988237
TN8312030;TRENITALIA;830012030
TN8312030;UIC;8312030
TN8312030;WIKIDATA;Q3969211
TN8312031;OSM;9062988239
TN8312031;TRENITALIA;830012031
TN8312031;UIC;8312031
TN8312031;WIKIDATA;Q1115937
TN8312032;OSM;3242834461
TN8312032;TRENITALIA;830012032
TN8312032;UIC;8312032
TN8312032;WIKIDATA;Q18785619
TN8312033;OSM;1958594419
TN8312033;TRENITALIA;830012033
TN8312033;UIC;8312033
TN8312033;WIKIDATA;Q3969732
TN8312034;OSM;2005650455
TN8312034;TRENITALIA;830012034
TN8312034;UIC;8312034
TN8312034;WIKIDATA;Q3970797
TN8312035;OSM;1537471779
TN8312035;TRENITALIA;830012035
TN8312035;UIC;8312035
TN8312035;WIKIDATA;Q3969597
TN8312036;OSM;6820217122
TN8312036;TRENITALIA;830012036
TN8312036;UIC;8312036
TN8312036;WIKIDATA;Q3970426
TN8312037;OSM;6820159424
TN8312037;TRENITALIA;830012037
TN8312037;UIC;8312037
TN8312037;WIKIDATA;Q3970341
TN8312038;OSM;6983445159
TN8312038;TRENITALIA;830012038
TN8312038;UIC;8312038
TN8312038;WIKIDATA;Q3969579
TN8312039;OSM;7042610820
TN8312039;TRENITALIA;830012039
TN8312039;UIC;8312039
TN8312039;WIKIDATA;Q3970316
TN8312040;OSM;6820246292
TN8312040;TRENITALIA;830012040
TN8312040;UIC;8312040
TN8312040;WIKIDATA;Q3971096
TN8312041;OSM;7240847861
TN8312041;TRENITALIA;830012041
TN8312041;UIC;8312041
TN8312041;WIKIDATA;Q3968974
TN8312042;OSM;7042610811
TN8312042;TRENITALIA;830012042
TN8312042;UIC;8312042
TN8312042;WIKIDATA;Q22324821
TN8312045;OSM;7042610810
TN8312045;TRENITALIA;830012045
TN8312045;UIC;8312045
TN8312045;WIKIDATA;Q22324826
TN8312048;OSM;7237356065
TN8312048;TRENITALIA;830012048
TN8312048;UIC;8312048
TN8312048;WIKIDATA;Q22324837
TN8312049;OSM;7237300994
TN8312049;TRENITALIA;830012049
TN8312049;UIC;8312049
TN8312049;WIKIDATA;Q3970713
TN8312050;OSM;6298055110
TN8312050;TRENITALIA;830012050
TN8312050;UIC;8312050
TN8312050;WIKIDATA;Q22324845
TN8312054;OSM;7525922371
TN8312054;TRENITALIA;830012054
TN8312054;UIC;8312054
TN8312054;WIKIDATA;Q16609200
TN8312055;OSM;9063329766
TN8312055;TRENITALIA;830012055
TN8312055;UIC;8312055
TN8312055;WIKIDATA;Q3970406
TN8312059;OSM;7526450835
TN8312059;TRENITALIA;830012059
TN8312059;UIC;8312059
TN8312059;WIKIDATA;Q16609817
TN8312060;OSM;7526450834
TN8312060;TRENITALIA;830012060
TN8312060;UIC;8312060
TN8312060;WIKIDATA;Q16609654
TN8312061;OSM;7237356039
TN8312061;TRENITALIA;830012061
TN8312061;UIC;8312061
TN8312061;WIKIDATA;Q3971157
TN8312065;OSM;12026634427
TN8312065;TRENITALIA;830012065
TN8312065;UIC;8312065
TN8312065;WIKIDATA;Q54932959
TN8312066;OSM;5421530630
TN8312066;TRENITALIA;830012066
TN8312066;UIC;8312066
TN8312066;WIKIDATA;Q55831500
TN8312069;OSM;5421531848
TN8312069;TRENITALIA;830012069
TN8312069;UIC;8312069
TN8312069;WIKIDATA;Q56009583
TN8312075;TRENITALIA;830012075
TN8312075;UIC;8312075
TN8312100;OSM;418411743
TN8312100;TRENITALIA;830012100
TN8312100;UIC;8312100
TN8312100;WIKIDATA;Q801527
TN8312103;OSM;9102120869
TN8312103;TRENITALIA;830012103
TN8312103;UIC;8312103
TN8312103;WIKIDATA;Q17056890
TN8312104;OSM;9102120872
TN8312104;TRENITALIA;830012104
TN8312104;UIC;8312104
TN8312104;WIKIDATA;Q17056891
TN8312105;OSM;9102120880
TN8312105;TRENITALIA;830012105
TN8312105;UIC;8312105
TN8312105;WIKIDATA;Q17056946
TN8312106;OSM;9102120882
TN8312106;TRENITALIA;830012106
TN8312106;UIC;8312106
TN8312106;WIKIDATA;Q17056893
TN8312107;OSM;9101993062
TN8312107;TRENITALIA;830012107
TN8312107;UIC;8312107
TN8312107;WIKIDATA;Q17056894
TN8312108;OSM;9101993064
TN8312108;TRENITALIA;830012108
TN8312108;UIC;8302710
TN8312108;UIC;8312108
TN8312108;WIKIDATA;Q17056895
TN8312109;OSM;9127357616
TN8312109;TRENITALIA;830012109
TN8312109;UIC;8312109
TN8312109;WIKIDATA;Q17056898
TN8312110;OSM;9101993067
TN8312110;TRENITALIA;830012110
TN8312110;UIC;8312110
TN8312110;WIKIDATA;Q3970074
TN8312112;OSM;9101993100
TN8312112;TRENITALIA;830012112
TN8312112;UIC;8312112
TN8312112;WIKIDATA;Q17056899
TN8312113;OSM;9064804281
TN8312113;TRENITALIA;830012113
TN8312113;UIC;8312113
TN8312113;WIKIDATA;Q800614
TN8312114;OSM;9064804282
TN8312114;TRENITALIA;830012114
TN8312114;UIC;8312114
TN8312114;WIKIDATA;Q17056903
TN8312120;OSM;9064611884
TN8312120;TRENITALIA;830012120
TN8312120;UIC;8312120
TN8312120;WIKIDATA;Q20438656
TN8312121;OSM;11399047689
TN8312121;TRENITALIA;830012121
TN8312121;UIC;8312121
TN8312121;WIKIDATA;Q3970354
TN8312122;OSM;9064327281
TN8312122;TRENITALIA;830012122
TN8312122;UIC;8312122
TN8312122;WIKIDATA;Q20439762
TN8312123;OSM;9064350421
TN8312123;TRENITALIA;830012123
TN8312123;UIC;8312123
TN8312123;WIKIDATA;Q20439700
TN8312124;OSM;9063165917
TN8312124;TRENITALIA;830012124
TN8312124;UIC;8312124
TN8312124;WIKIDATA;Q20439873
TN8312125;OSM;9063306504
TN8312125;TRENITALIA;830012125
TN8312125;UIC;8312125
TN8312125;WIKIDATA;Q3970499
TN8312126;OSM;9064350473
TN8312126;TRENITALIA;830012126
TN8312126;UIC;8312126
TN8312126;WIKIDATA;Q20438743
TN8312127;OSM;9063306453
TN8312127;TRENITALIA;830012127
TN8312127;UIC;8312127
TN8312127;WIKIDATA;Q3969226
TN8312128;OSM;10555402941
TN8312128;TRENITALIA;830012128
TN8312128;UIC;8312128
TN8312128;WIKIDATA;Q98398543
TN8312129;OSM;9063329862
TN8312129;TRENITALIA;830012129
TN8312129;UIC;8312129
TN8312129;WIKIDATA;Q3969832
TN8312130;OSM;9063329758
TN8312130;TRENITALIA;830012130
TN8312130;UIC;8312130
TN8312130;WIKIDATA;Q3970398
TN8312131;OSM;5421530433
TN8312131;TRENITALIA;830012131
TN8312131;UIC;8312131
TN8312131;WIKIDATA;Q3971124
TN8312132;OSM;5421526592
TN8312132;TRENITALIA;830012132
TN8312132;UIC;8312132
TN8312132;WIKIDATA;Q3970822
TN8312133;OSM;9063329632
TN8312133;TRENITALIA;830012133
TN8312133;UIC;8312133
TN8312133;WIKIDATA;Q3970622
TN8312134;OSM;676314933
TN8312134;TRENITALIA;830012134
TN8312134;UIC;8312134
TN8312134;WIKIDATA;Q3970409
TN8312135;OSM;9063329761
TN8312135;TRENITALIA;830012135
TN8312135;UIC;8312135
TN8312135;WIKIDATA;Q3971277
TN8312136;OSM;1746597335
TN8312136;TRENITALIA;830012136
TN8312136;UIC;8312136
TN8312136;WIKIDATA;Q3969588
TN8312137;OSM;1746597333
TN8312137;TRENITALIA;830012137
TN8312137;UIC;8312137
TN8312137;WIKIDATA;Q3969600
TN8312138;OSM;12152993489
TN8312138;TRENITALIA;830012138
TN8312138;UIC;8312138
TN8312138;WIKIDATA;Q3969725
TN8312139;TRENITALIA;830012139
TN8312139;UIC;8312139
TN8312140;OSM;5811454244
TN8312140;TRENITALIA;830012140
TN8312140;UIC;8312140
TN8312140;WIKIDATA;Q3969655
TN8312143;OSM;4010029591
TN8312143;TRENITALIA;830012143
TN8312143;UIC;8312143
TN8312143;WIKIDATA;Q22809922
TN8312144;OSM;9063329769
TN8312144;TRENITALIA;830012144
TN8312144;UIC;8312144
TN8312144;WIKIDATA;Q22809919
TN8312150;OSM;9064611881
TN8312150;TRENITALIA;830012150
TN8312150;UIC;8312150
TN8312150;WIKIDATA;Q17056905
TN8312200;OSM;9130235399
TN8312200;TRENITALIA;830012200
TN8312200;UIC;8312200
TN8312200;WIKIDATA;Q17146368
TN8312203;OSM;9130235398
TN8312203;TRENITALIA;830012203
TN8312203;UIC;8301700
TN8312203;UIC;8312203
TN8312203;WIKIDATA;Q17146400
TN8312204;OSM;9130235397
TN8312204;TRENITALIA;830012204
TN8312204;UIC;8312204
TN8312204;WIKIDATA;Q3970688
TN8312207;OSM;9130235395
TN8312207;TRENITALIA;830012207
TN8312207;UIC;8312207
TN8312207;WIKIDATA;Q3969169
TN8312209;OSM;9130235393
TN8312209;TRENITALIA;830012209
TN8312209;UIC;8312209
TN8312209;WIKIDATA;Q17146350
TN8312211;OSM;9130235391
TN8312211;TRENITALIA;830012211
TN8312211;UIC;8312211
TN8312211;WIKIDATA;Q17146360
TN8312213;OSM;9130235387
TN8312213;TRENITALIA;830012213
TN8312213;UIC;8312213
TN8312213;WIKIDATA;Q3968834
TN8312216;OSM;9130235384
TN8312216;TRENITALIA;830012216
TN8312216;UIC;8312216
TN8312216;WIKIDATA;Q3968835
TN8312231;OSM;12294117216
TN8312231;TRENITALIA;830012231
TN8312231;UIC;8312231
TN8312231;WIKIDATA;Q29919133
TN8312232;OSM;1643663938
TN8312232;TRENITALIA;830012232
TN8312232;UIC;8312232
TN8312232;WIKIDATA;Q20439912
TN8312233;OSM;2578406066
TN8312233;TRENITALIA;830012233
TN8312233;UIC;8312233
TN8312233;WIKIDATA;Q29919106
TN8312237;OSM;9054366653
TN8312237;TRENITALIA;830012237
TN8312237;UIC;8312237
TN8312237;WIKIDATA;Q3971334
TN8312238;OSM;611399360
TN8312238;TRENITALIA;830012238
TN8312238;UIC;8312238
TN8312238;WIKIDATA;Q800731
TN8312239;OSM;2066244932
TN8312239;TRENITALIA;830012239
TN8312239;UIC;8312239
TN8312239;WIKIDATA;Q3969945
TN8312240;OSM;7530254196
TN8312240;TRENITALIA;830012240
TN8312240;UIC;8312240
TN8312240;WIKIDATA;Q3969533
TN8312244;OSM;2066160465
TN8312244;TRENITALIA;830012244
TN8312244;UIC;8312244
TN8312244;WIKIDATA;Q3969345
TN8312270;OSM;946233973
TN8312270;TRENITALIA;830012270
TN8312270;UIC;8312270
TN8312270;WIKIDATA;Q3969162
TN8312272;OSM;7529327583
TN8312272;TRENITALIA;830012272
TN8312272;UIC;8312272
TN8312272;WIKIDATA;Q3969747
TN8312273;OSM;7529327580
TN8312273;TRENITALIA;830012273
TN8312273;UIC;8312273
TN8312273;WIKIDATA;Q3971350
TN8312276;OSM;7529327582
TN8312276;TRENITALIA;830012276
TN8312276;UIC;8312276
TN8312276;WIKIDATA;Q3970128
TN8312278;OSM;1996984083
TN8312278;TRENITALIA;830012278
TN8312278;UIC;8312278
TN8312278;WIKIDATA;Q3970931
TN8312301;OSM;7237121605
TN8312301;TRENITALIA;830012301
TN8312301;UIC;8312301
TN8312301;WIKIDATA;Q3970096
TN8312303;OSM;3028789480
TN8312303;TRENITALIA;830012303
TN8312303;UIC;8312303
TN8312303;WIKIDATA;Q16609990
TN8312305;OSM;7526450832
TN8312305;TRENITALIA;830012305
TN8312305;UIC;8312305
TN8312305;WIKIDATA;Q16609231
TN8312308;OSM;3625908049
TN8312308;TRENITALIA;830012308
TN8312308;UIC;8312308
TN8312308;WIKIDATA;Q16609257
TN8312309;OSM;7526450836
TN8312309;TRENITALIA;830012309
TN8312309;UIC;8312309
TN8312309;WIKIDATA;Q18590151
TN8312310;OSM;7526450839
TN8312310;TRENITALIA;830012310
TN8312310;UIC;8312310
TN8312310;WIKIDATA;Q3968868
TN8312311;OSM;7526450840
TN8312311;TRENITALIA;830012311
TN8312311;UIC;8312311
TN8312311;WIKIDATA;Q18590155
TN8312312;OSM;7526450841
TN8312312;TRENITALIA;830012312
TN8312312;UIC;8312312
TN8312312;WIKIDATA;Q18844701
TN8312313;OSM;7526450842
TN8312313;TRENITALIA;830012313
TN8312313;UIC;8312313
TN8312313;WIKIDATA;Q18844698
TN8312314;OSM;7526450843
TN8312314;TRENITALIA;830012314
TN8312314;UIC;8312314
TN8312314;WIKIDATA;Q18844703
TN8312315;OSM;7526450844
TN8312315;TRENITALIA;830012315
TN8312315;UIC;8312315
TN8312315;WIKIDATA;Q18590150
TN8312316;OSM;7039277004
TN8312316;TRENITALIA;830012316
TN8312316;UIC;8312316
TN8312316;WIKIDATA;Q3969949
TN8312317;OSM;7039268138
TN8312317;TRENITALIA;830012317
TN8312317;UIC;8312317
TN8312317;WIKIDATA;Q3971081
TN8312320;OSM;3397475807
TN8312320;TRENITALIA;830012320
TN8312320;UIC;8312320
TN8312320;WIKIDATA;Q3968855
TN8312321;OSM;7526450846
TN8312321;TRENITALIA;830012321
TN8312321;UIC;8312321
TN8312321;WIKIDATA;Q3969156
TN8312322;OSM;7526450847
TN8312322;TRENITALIA;830012322
TN8312322;UIC;8312322
TN8312322;WIKIDATA;Q3969622
TN8312323;OSM;7526450849
TN8312323;TRENITALIA;830012323
TN8312323;UIC;8312323
TN8312323;WIKIDATA;Q3970059
TN8312324;OSM;7042610812
TN8312324;TRENITALIA;830012324
TN8312324;UIC;8312324
TN8312324;WIKIDATA;Q3969728
TN8312326;OSM;1956455745
TN8312326;TRENITALIA;830012326
TN8312326;UIC;8312326
TN8312326;WIKIDATA;Q18420506
TN8312327;OSM;2460659383
TN8312327;TRENITALIA;830012327
TN8312327;UIC;8312327
TN8312327;WIKIDATA;Q18844700
TN8312328;OSM;5324492776
TN8312328;TRENITALIA;830012328
TN8312328;UIC;8312328
TN8312328;WIKIDATA;Q3968813
TN8312330;OSM;7525884231
TN8312330;TRENITALIA;830012330
TN8312330;UIC;8312330
TN8312330;WIKIDATA;Q3969199
TN8312332;OSM;6993798056
TN8312332;TRENITALIA;830012332
TN8312332;UIC;8312332
TN8312332;WIKIDATA;Q1093710
TN8312333;OSM;7525884232
TN8312333;TRENITALIA;830012333
TN8312333;UIC;8312333
TN8312333;WIKIDATA;Q28966224
TN8312334;OSM;7525884233
TN8312334;TRENITALIA;830012334
TN8312334;UIC;8312334
TN8312334;WIKIDATA;Q28966217
TN8312335;OSM;7525884234
TN8312335;TRENITALIA;830012335
TN8312335;UIC;8312335
TN8312335;WIKIDATA;Q28966211
TN8312336;OSM;8251178135
TN8312336;TRENITALIA;830012336
TN8312336;UIC;8312336
TN8312336;WIKIDATA;Q104195396
TN8312341;OSM;7525884237
TN8312341;TRENITALIA;830012341
TN8312341;UIC;8312341
TN8312341;WIKIDATA;Q3969942
TN8312345;OSM;7525884238
TN8312345;TRENITALIA;830012345
TN8312345;UIC;8312345
TN8312345;WIKIDATA;Q3968930
TN8312347;OSM;7525884239
TN8312347;TRENITALIA;830012347
TN8312347;UIC;8312347
TN8312347;WIKIDATA;Q3970615
TN8312349;OSM;7525922372
TN8312349;TRENITALIA;830012349
TN8312349;UIC;8312349
TN8312349;WIKIDATA;Q1158776
TN8312353;OSM;7525884240
TN8312353;TRENITALIA;830012353
TN8312353;UIC;8312353
TN8312353;WIKIDATA;Q3971084
TN8312355;OSM;7526450829
TN8312355;TRENITALIA;830012355
TN8312355;UIC;8312355
TN8312355;WIKIDATA;Q16609084
TN8312370;OSM;9130235390
TN8312370;TRENITALIA;830012370
TN8312370;UIC;8312370
TN8312370;WIKIDATA;Q3968885
TN8312372;OSM;611596618
TN8312372;TRENITALIA;830012372
TN8312372;UIC;8312372
TN8312372;WIKIDATA;Q24939188
TN8312373;OSM;611596749
TN8312373;TRENITALIA;830012373
TN8312373;UIC;8312373
TN8312373;WIKIDATA;Q24939189
TN8312375;OSM;7525922353
TN8312375;TRENITALIA;830012375
TN8312375;UIC;8312375
TN8312375;WIKIDATA;Q3969195
TN8312380;OSM;9041963775
TN8312380;TRENITALIA;830012380
TN8312380;UIC;8312380
TN8312380;WIKIDATA;Q3969163
TN8312381;OSM;9041963776
TN8312381;TRENITALIA;830012381
TN8312381;UIC;8312381
TN8312381;WIKIDATA;Q800607
TN8312383;OSM;9041963771
TN8312383;TRENITALIA;830012383
TN8312383;UIC;8312383
TN8312383;WIKIDATA;Q29919060
TN8312385;OSM;7525922354
TN8312385;TRENITALIA;830012385
TN8312385;UIC;8312385
TN8312385;WIKIDATA;Q16608915
TN8312392;TRENITALIA;830012392
TN8312392;UIC;8312392
TN8312400;OSM;7525922355
TN8312400;TRENITALIA;830012400
TN8312400;UIC;8312400
TN8312400;WIKIDATA;Q3969955
TN8312407;OSM;7525922356
TN8312407;TRENITALIA;830012407
TN8312407;UIC;8312407
TN8312407;WIKIDATA;Q615283
TN8312409;OSM;7525922358
TN8312409;TRENITALIA;830012409
TN8312409;UIC;8312409
TN8312409;WIKIDATA;Q16608713
TN8312410;OSM;7525922359
TN8312410;TRENITALIA;830012410
TN8312410;UIC;8312410
TN8312410;WIKIDATA;Q16610085
TN8312411;OSM;7525922360
TN8312411;TRENITALIA;830012411
TN8312411;UIC;8312411
TN8312411;WIKIDATA;Q16609081
TN8312412;OSM;7525922361
TN8312412;TRENITALIA;830012412
TN8312412;UIC;8312412
TN8312412;WIKIDATA;Q16609146
TN8312414;OSM;7525922362
TN8312414;TRENITALIA;830012414
TN8312414;UIC;8312414
TN8312414;WIKIDATA;Q3970632
TN8312417;OSM;7525922363
TN8312417;TRENITALIA;830012417
TN8312417;UIC;8312417
TN8312417;WIKIDATA;Q3970156
TN8312418;OSM;7525922364
TN8312418;TRENITALIA;830012418
TN8312418;UIC;8312418
TN8312418;WIKIDATA;Q16609884
TN8312419;OSM;7525922365
TN8312419;TRENITALIA;830012419
TN8312419;UIC;8312419
TN8312419;WIKIDATA;Q16609786
TN8312420;OSM;7525922366
TN8312420;TRENITALIA;830012420
TN8312420;UIC;8312420
TN8312420;WIKIDATA;Q16609688
TN8312421;OSM;7525922367
TN8312421;TRENITALIA;830012421
TN8312421;UIC;8312421
TN8312421;WIKIDATA;Q16609304
TN8312422;OSM;7525922368
TN8312422;TRENITALIA;830012422
TN8312422;UIC;8312422
TN8312422;WIKIDATA;Q16609750
TN8312424;OSM;7525922369
TN8312424;TRENITALIA;830012424
TN8312424;UIC;8312424
TN8312424;WIKIDATA;Q3970314
TN8312426;OSM;7525922370
TN8312426;TRENITALIA;830012426
TN8312426;UIC;8312426
TN8312426;WIKIDATA;Q16608770
TN8312799;OSM;9063329689
TN8312799;TRENITALIA;830012799
TN8312799;UIC;8312799
TN8312799;WIKIDATA;Q3969227
TN8312802;OSM;793607327
TN8312802;TRENITALIA;830012802
TN8312802;UIC;8312802
TN8312802;WIKIDATA;Q3970571
TN8312807;OSM;5326031838
TN8312807;TRENITALIA;830012807
TN8312807;UIC;8312807
TN8312807;WIKIDATA;Q3970916
TN8312808;OSM;8157505407
TN8312808;TRENITALIA;830012808
TN8312808;UIC;8312808
TN8312808;WIKIDATA;Q3968922
TN8312809;OSM;8157606171
TN8312809;TRENITALIA;830012809
TN8312809;UIC;8312809
TN8312809;WIKIDATA;Q3968921
TN8312810;OSM;8157398677
TN8312810;TRENITALIA;830012810
TN8312810;UIC;8312810
TN8312810;WIKIDATA;Q3969149
TN8312816;OSM;13235385446
TN8312816;TRENITALIA;830012816
TN8312816;UIC;8312816
TN8312816;WIKIDATA;Q20009434
TN8312818;OSM;4549610515
TN8312818;TRENITALIA;830012818
TN8312818;UIC;8312818
TN8312818;UIC;8316503
TN8312818;WIKIDATA;Q21185100
TN8312819;OSM;9308988100
TN8312819;TRENITALIA;830012819
TN8312819;UIC;8312819
TN8312819;WIKIDATA;Q16609163
TN8312851;OSM;259430562
TN8312851;TRENITALIA;830012851
TN8312851;UIC;8312851
TN8312851;WIKIDATA;Q20009081
TN8312852;OSM;1607410477
TN8312852;TRENITALIA;830012852
TN8312852;UIC;8312852
TN8312852;WIKIDATA;Q3969736
TN8312854;OSM;1324015802
TN8312854;TRENITALIA;830012854
TN8312854;UIC;8312854
TN8312854;WIKIDATA;Q20009229
TN8312855;OSM;12299001194
TN8312855;TRENITALIA;830012855
TN8312855;UIC;8312855
TN8312855;WIKIDATA;Q3970334
TN8312857;OSM;1323955165
TN8312857;TRENITALIA;830012857
TN8312857;UIC;8312857
TN8312857;WIKIDATA;Q3970220
TN8312859;OSM;1323945585
TN8312859;TRENITALIA;830012859
TN8312859;UIC;8312859
TN8312859;WIKIDATA;Q3969025
TN8312860;OSM;1323937077
TN8312860;TRENITALIA;830012860
TN8312860;UIC;8312860
TN8312860;WIKIDATA;Q3970359
TN8312862;OSM;9310483028
TN8312862;TRENITALIA;830012862
TN8312862;UIC;8312862
TN8312862;WIKIDATA;Q3970379
TN8312866;OSM;13235377504
TN8312866;TRENITALIA;830012866
TN8312866;UIC;8312866
TN8312866;WIKIDATA;Q19689915
TN8312867;OSM;13235359168
TN8312867;TRENITALIA;830012867
TN8312867;UIC;8312867
TN8312867;WIKIDATA;Q19857172
TN8312869;OSM;13235350282
TN8312869;TRENITALIA;830012869
TN8312869;UIC;8312869
TN8312869;WIKIDATA;Q3970003
TN8312872;OSM;13235332711
TN8312872;TRENITALIA;830012872
TN8312872;UIC;8312872
TN8312872;WIKIDATA;Q20009907
TN8312873;OSM;13235319756
TN8312873;TRENITALIA;830012873
TN8312873;UIC;8312873
TN8312873;WIKIDATA;Q3968806
TN8312874;OSM;13235312527
TN8312874;TRENITALIA;830012874
TN8312874;UIC;8312874
TN8312874;WIKIDATA;Q20010001
TN8312876;OSM;13235292926
TN8312876;TRENITALIA;830012876
TN8312876;UIC;8312876
TN8312876;WIKIDATA;Q20010037
TN8312878;OSM;13235279955
TN8312878;TRENITALIA;830012878
TN8312878;UIC;8312878
TN8312878;WIKIDATA;Q3970353
TN8312879;OSM;1322521224
TN8312879;TRENITALIA;830012879
TN8312879;UIC;8312879
TN8312879;WIKIDATA;Q3970058
TN8312880;OSM;1322509389
TN8312880;TRENITALIA;830012880
TN8312880;UIC;8312880
TN8312880;WIKIDATA;Q20010067
TN8312882;OSM;9310474726
TN8312882;TRENITALIA;830012882
TN8312882;UIC;8312882
TN8312882;UIC;8776213
TN8312882;WIKIDATA;Q3970794
TN8312885;OSM;9308997457
TN8312885;TRENITALIA;830012885
TN8312885;UIC;8312885
TN8312885;WIKIDATA;Q3970776
TN8312886;OSM;9308983340
TN8312886;TRENITALIA;830012886
TN8312886;UIC;8312886
TN8312886;WIKIDATA;Q3970950
TN8312887;OSM;13233047011
TN8312887;TRENITALIA;830012887
TN8312887;UIC;8312887
TN8312887;WIKIDATA;Q3971336
TN8312888;OSM;367896759
TN8312888;TRENITALIA;830012888
TN8312888;UIC;8312888
TN8312888;WIKIDATA;Q3969517
TN8312889;OSM;8157585740
TN8312889;TRENITALIA;830012889
TN8312889;UIC;8312808
TN8312889;UIC;8312889
TN8312889;WIKIDATA;Q3968918
TN8312890;OSM;367866717
TN8312890;TRENITALIA;830012890
TN8312890;UIC;8312890
TN8312890;WIKIDATA;Q3969147
TN8312891;OSM;9308588269
TN8312891;TRENITALIA;830012891
TN8312891;UIC;8312891
TN8312891;WIKIDATA;Q3969151
TN8312895;OSM;259430501
TN8312895;TRENITALIA;830012895
TN8312895;UIC;8312895
TN8312895;WIKIDATA;Q20009335
TN8312896;OSM;4687652334
TN8312896;TRENITALIA;830012896
TN8312896;UIC;8312896
TN8312896;WIKIDATA;Q19886018
TN8312902;OSM;259744281
TN8312902;TRENITALIA;830012902
TN8312902;UIC;8312902
TN8312902;WIKIDATA;Q110148544
TN8312950;OSM;13226837704
TN8312950;TRENITALIA;830012950
TN8312950;UIC;8312950
TN8312950;WIKIDATA;Q3969809
TN8312952;OSM;9308316058
TN8312952;TRENITALIA;830012952
TN8312952;UIC;8312952
TN8312952;WIKIDATA;Q3971329
TN8312954;OSM;13226811900
TN8312954;TRENITALIA;830012954
TN8312954;UIC;8312954
TN8312954;WIKIDATA;Q3971001
TN8313551;TRENITALIA;830013551
TN8313551;UIC;8313551
TN8313552;TRENITALIA;830013552
TN8313552;UIC;8313552
TN8313703;TRENITALIA;830013703
TN8313703;UIC;8313703
TN8313704;OSM;9136332890
TN8313704;TRENITALIA;830013704
TN8313704;UIC;8313704
TN8313704;WIKIDATA;Q20009442
TN8313705;OSM;13026968184
TN8313705;TRENITALIA;830013705
TN8313705;UIC;8313705
TN8313705;WIKIDATA;Q23026044
TN8313708;TRENITALIA;830013708
TN8313708;UIC;8313708
TN8314570;TRENITALIA;830014570
TN8314570;UIC;8314570
TN8314916;TRENITALIA;830014916
TN8314916;UIC;8314916
TN8320064;TRENITALIA;830020064
TN8320064;UIC;8320064
TN8334101;OSM;749874598
TN8334101;TRENITALIA;830034101
TN8334101;UIC;8334101
TN8334101;WIKIDATA;Q28668056
TN8334102;OSM;590549044
TN8334102;TRENITALIA;830034102
TN8334102;UIC;8334102
TN8334102;WIKIDATA;Q119641096
TN8334103;OSM;582071168
TN8334103;TRENITALIA;830034103
TN8334103;UIC;8334103
TN8334103;WIKIDATA;Q57963191
TN8334104;OSM;1393720604
TN8334104;TRENITALIA;830034104
TN8334104;UIC;8334104
TN8334104;WIKIDATA;Q119642423
TN8334105;OSM;1393720597
TN8334105;TRENITALIA;830034105
TN8334105;UIC;8334105
TN8334105;WIKIDATA;Q112729545
TN8334106;OSM;674447973
TN8334106;TRENITALIA;830034106
TN8334106;UIC;8334106
TN8334106;WIKIDATA;Q57963115
TN8334107;OSM;674447939
TN8334107;TRENITALIA;830034107
TN8334107;UIC;8334107
TN8334107;WIKIDATA;Q119643551
TN8334108;OSM;1393720602
TN8334108;TRENITALIA;830034108
TN8334108;UIC;8334108
TN8334108;WIKIDATA;Q57963066
TN8360015;TRENITALIA;830060015
TN8360015;UIC;8360015
TN8360060;TRENITALIA;830060060
TN8360060;UIC;8360060
TN8360062;TRENITALIA;830060062
TN8360062;UIC;8360062
TN8360063;TRENITALIA;830060063
TN8360063;UIC;8360063
TN8360912;TRENITALIA;830060912
TN8360912;UIC;8360912
TN8390441;TRENITALIA;830090441
TN8390441;UIC;8390441
TN8500010;OSM;3080746011
TN8500010;TRENITALIA;850000010
TN8500010;UIC;8500010
TN8500010;WIKIDATA;Q667201
TN8500023;OSM;3080746017
TN8500023;TRENITALIA;850000023
TN8500023;UIC;8500023
TN8500023;WIKIDATA;Q3096881
TN8500218;OSM;636798044
TN8500218;TRENITALIA;850000218
TN8500218;UIC;8500218
TN8500218;WIKIDATA;Q29370
TN8501008;OSM;4890696636
TN8501008;TRENITALIA;850001008
TN8501008;UIC;8501008
TN8501008;WIKIDATA;Q800819
TN8501030;OSM;5148276768
TN8501030;TRENITALIA;850001030
TN8501030;UIC;8501030
TN8501030;WIKIDATA;Q8841131
TN8501037;OSM;3081154409
TN8501037;TRENITALIA;850001037
TN8501037;UIC;8501037
TN8501037;WIKIDATA;Q2384426
TN8501118;OSM;5153454609
TN8501118;TRENITALIA;850001118
TN8501118;UIC;8501118
TN8501118;WIKIDATA;Q3097393
TN8501120;OSM;1800313662
TN8501120;TRENITALIA;850001120
TN8501120;UIC;8501120
TN8501200;OSM;2793245894
TN8501200;TRENITALIA;850001200
TN8501200;UIC;8501200
TN8501200;WIKIDATA;Q569784
TN8501300;OSM;2793870896
TN8501300;TRENITALIA;850001300
TN8501300;UIC;8501300
TN8501300;WIKIDATA;Q680986
TN8501400;OSM;2893316867
TN8501400;TRENITALIA;850001400
TN8501400;UIC;8501400
TN8501400;WIKIDATA;Q5845601
TN8501403;OSM;9905350128
TN8501403;TRENITALIA;850001403
TN8501403;UIC;8501403
TN8501403;WIKIDATA;Q10951368
TN8501500;OSM;5155410595
TN8501500;TRENITALIA;850001500
TN8501500;UIC;8501500
TN8501500;WIKIDATA;Q3096986
TN8501506;OSM;2862668748
TN8501506;TRENITALIA;850001506
TN8501506;UIC;8501506
TN8501506;WIKIDATA;Q288651
TN8501509;OSM;2859798310
TN8501509;TRENITALIA;850001509
TN8501509;UIC;8501509
TN8501509;WIKIDATA;Q3097745
TN8501605;OSM;3080728390
TN8501605;TRENITALIA;850001605
TN8501605;UIC;8501605
TN8501605;WIKIDATA;Q801563
TN8501609;OSM;3080728372
TN8501609;TRENITALIA;850001609
TN8501609;UIC;8501609
TN8501609;WIKIDATA;Q2082964
TN8502204;OSM;1280652702
TN8502204;TRENITALIA;850002204
TN8502204;UIC;8502204
TN8502204;WIKIDATA;Q178444
TN8503000;OSM;1236383343
TN8503000;TRENITALIA;850003000
TN8503000;UIC;8503000
TN8503000;WIKIDATA;Q224494
TN8505000;OSM;2051794005
TN8505000;TRENITALIA;850005000
TN8505000;UIC;8505000
TN8505000;WIKIDATA;Q455450
TN8505004;OSM;1356798952
TN8505004;TRENITALIA;850005004
TN8505004;UIC;8505004
TN8505004;WIKIDATA;Q365122
TN8505213;OSM;3080372078
TN8505213;TRENITALIA;850005213
TN8505213;UIC;8505213
TN8505213;WIKIDATA;Q662556
TN8505300;OSM;2460241310
TN8505300;TRENITALIA;850005300
TN8505300;UIC;8505300
TN8505300;WIKIDATA;Q174946
TN8505307;OSM;3092179807
TN8505307;TRENITALIA;830001301
TN8505307;UIC;8505307
TN8505307;WIKIDATA;Q683236
TN8507000;OSM;3081154349
TN8507000;TRENITALIA;850007000
TN8507000;UIC;8507000
TN8507000;WIKIDATA;Q28870
TN8507100;OSM;3081154442
TN8507100;TRENITALIA;850007100
TN8507100;UIC;8507100
TN8507100;WIKIDATA;Q801516
TN8507483;OSM;3080728389
TN8507483;TRENITALIA;850007483
TN8507483;UIC;8507483
TN8507483;WIKIDATA;Q1709253
TN8731896;OSM;4907034453
TN8731896;TRENITALIA;870031896
TN8731896;UIC;8731896
TN8731896;WIKIDATA;Q174845
TN8731901;OSM;4290854845
TN8731901;TRENITALIA;870031901
TN8731901;UIC;8731901
TN8731901;WIKIDATA;Q800366
TN8768600;OSM;26824135
TN8768600;TRENITALIA;870068600
TN8768600;UIC;8768600
TN8768600;WIKIDATA;Q747541
TN8772202;OSM;4290857018
TN8772202;TRENITALIA;870072202
TN8772202;UIC;8772202
TN8772202;WIKIDATA;Q1992
TN8772319;OSM;4290857016
TN8772319;TRENITALIA;870072319
TN8772319;UIC;8772319
TN8772319;WIKIDATA;Q2008
TN8774100;OSM;5066478129
TN8774100;TRENITALIA;870074100
TN8774100;UIC;8774100
TN8774100;WIKIDATA;Q3096183
TN8774200;OSM;11599419549
TN8774200;TRENITALIA;870074200
TN8774200;UIC;8774200
TN8774200;WIKIDATA;Q2767199
TN8774232;OSM;9911267224
TN8774232;TRENITALIA;870074232
TN8774232;UIC;8774232
TN8774232;WIKIDATA;Q3097549
TN8775100;OSM;4290857022
TN8775100;TRENITALIA;870075100
TN8775100;UIC;8775100
TN8775100;WIKIDATA;Q371217
TN8775683;OSM;1407569289
TN8775683;TRENITALIA;830014516
TN8775683;UIC;8775683
TN8775683;WIKIDATA;Q1922511
TN8775685;OSM;1030666588
TN8775685;TRENITALIA;830014960
TN8775685;UIC;8775685
TN8775685;WIKIDATA;Q3096450
TN8775686;OSM;11292675871
TN8775686;TRENITALIA;830014959
TN8775686;UIC;8775686
TN8775686;WIKIDATA;Q920420
TN8775687;OSM;1022553570
TN8775687;TRENITALIA;830014958
TN8775687;UIC;8775687
TN8775687;WIKIDATA;Q3096761
TN8775688;OSM;1030666081
TN8775688;TRENITALIA;830014957
TN8775688;UIC;8775688
TN8775688;WIKIDATA;Q2637328
TN8775689;OSM;1407557399
TN8775689;TRENITALIA;830014956
TN8775689;UIC;8775689
TN8775689;WIKIDATA;Q3098032
TN8776290;OSM;9908985728
TN8776290;TRENITALIA;870076290
TN8776290;UIC;8776290
TN8776290;WIKIDATA;Q801144
