gare_id;source;code
TN7104307;OSM;1914054304
TN7104307;SNCF;StopArea:OCE71043075
TN7104307;SNCF;StopPoint:OCETGV INOUI-71043075
TN7104307;UIC;7104307
TN7104307;UIC8;71043075
TN7104307;WIKIDATA;Q2783545
TN7171801;OSM;2158044594
TN7171801;SNCF;StopArea:OCE71718010
TN7171801;SNCF;StopPoint:OCETGV INOUI-71718010
TN7171801;UIC;7171801
TN7171801;UIC8;71718010
TN7179300;OSM;7490586752
TN7179300;SNCF;StopArea:OCE71793000
TN7179300;SNCF;StopPoint:OCETGV INOUI-71793000
TN7179300;UIC;7179300
TN7179300;UIC8;71793000
TN7179300;WIKIDATA;Q3088107
TN7179315;OSM;5418197107
TN7179315;SNCF;StopArea:OCE71793150
TN7179315;SNCF;StopPoint:OCECar TER-71793150
TN7179315;SNCF;StopPoint:OCETrain TER-71793150
TN7179315;UIC;7179315
TN7179315;UIC8;71793150
TN7179315;WIKIDATA;Q979452
TN8002140;IFOPT;de:09761:100
TN8002140;OSM;1058668074
TN8002140;SNCF;StopArea:OCE80021402
TN8002140;SNCF;StopPoint:OCEICE-80021402
TN8002140;UIC;8002140
TN8002140;UIC8;80021402
TN8002140;WIKIDATA;Q682505
TN8003004;OSM;3419894993
TN8003004;SNCF;StopArea:OCE80030049
TN8003004;SNCF;StopPoint:OCEICE-80030049
TN8003004;UIC;8003004
TN8003004;UIC8;80030049
TN8003004;WIKIDATA;Q683239
TN8003025;OSM;3101920259
TN8003025;SNCF;StopArea:OCE80030254
TN8003025;SNCF;StopPoint:OCEICE-80030254
TN8003025;UIC;8003025
TN8003025;UIC8;80030254
TN8003025;WIKIDATA;Q654980
TN8005365;OSM;260716557
TN8005365;SNCF;StopArea:OCE80053652
TN8005365;SNCF;StopPoint:OCEICE-80053652
TN8005365;UIC;8005365
TN8005365;UIC8;80053652
TN8005365;WIKIDATA;Q563272
TN8007799;OSM;459277140
TN8007799;SNCF;StopArea:OCE80077990
TN8007799;SNCF;StopPoint:OCEICE-80077990
TN8007799;UIC;8007799
TN8007799;UIC8;80077990
TN8007799;WIKIDATA;Q678286
TN8011068;IFOPT;de:6412:10:1
TN8011068;OSM;205364328
TN8011068;SNCF;StopArea:OCE80110684
TN8011068;SNCF;StopPoint:OCEICE-80110684
TN8011068;UIC;8011068
TN8011068;UIC8;80110684
TN8011068;WIKIDATA;Q165368
TN8014008;IFOPT;de:08222:2417
TN8014008;OSM;25439439
TN8014008;SNCF;StopArea:OCE80140087
TN8014008;SNCF;StopPoint:OCEICE-80140087
TN8014008;UIC;8014008
TN8014008;UIC8;80140087
TN8014008;WIKIDATA;Q706994
TN8014021;IFOPT;de:08221:1160
TN8014021;OSM;2820941790
TN8014021;SNCF;StopArea:OCE80140210
TN8014021;SNCF;StopPoint:OCEICE-80140210
TN8014021;UIC;8014021
TN8014021;UIC8;80140210
TN8014021;WIKIDATA;Q467998
TN8014228;IFOPT;de:08212:90
TN8014228;OSM;2574283615
TN8014228;SNCF;StopArea:OCE80142281
TN8014228;SNCF;StopPoint:OCEICE-80142281
TN8014228;UIC;8014228
TN8014228;UIC8;80142281
TN8014228;WIKIDATA;Q688541
TN8014277;IFOPT;de:08211:1847
TN8014277;OSM;2931245709
TN8014277;SNCF;StopArea:OCE80142778
TN8014277;SNCF;StopPoint:OCEICE-80142778
TN8014277;UIC;8014277
TN8014277;UIC8;80142778
TN8014277;WIKIDATA;Q442698
TN8014289;IFOPT;de:08317:14120
TN8014289;OSM;2572551585
TN8014289;SNCF;StopArea:OCE80142893
TN8014289;SNCF;StopPoint:OCECar TER-80142893
TN8014289;SNCF;StopPoint:OCETrain TER-80142893
TN8014289;UIC;8014289
TN8014289;UIC8;80142893
TN8014289;WIKIDATA;Q3095657
TN8014290;IFOPT;de:08317:12475
TN8014290;OSM;2924460613
TN8014290;SNCF;StopArea:OCE80142901
TN8014290;SNCF;StopPoint:OCECar TER-80142901
TN8014290;SNCF;StopPoint:OCETrain TER-80142901
TN8014290;UIC;8014290
TN8014290;UIC8;80142901
TN8014290;WIKIDATA;Q3096868
TN8014291;IFOPT;de:08317:15050
TN8014291;OSM;3070526308
TN8014291;SNCF;StopArea:OCE80142919
TN8014291;SNCF;StopPoint:OCECar TER-80142919
TN8014291;SNCF;StopPoint:OCETrain TER-80142919
TN8014291;UIC;8014291
TN8014291;UIC8;80142919
TN8014291;WIKIDATA;Q3096697
TN8014292;IFOPT;de:08317:15011
TN8014292;OSM;2931354552
TN8014292;SNCF;StopArea:OCE80142927
TN8014292;SNCF;StopPoint:OCECar TER-80142927
TN8014292;SNCF;StopPoint:OCETrain TER-80142927
TN8014292;UIC;8014292
TN8014292;UIC8;80142927
TN8014292;WIKIDATA;Q669924
TN8014309;IFOPT;de:08317:14506
TN8014309;OSM;2931428598
TN8014309;SNCF;StopArea:OCE80143099
TN8014309;SNCF;StopPoint:OCECar TER-80143099
TN8014309;SNCF;StopPoint:OCETGV INOUI-80143099
TN8014309;SNCF;StopPoint:OCETrain TER-80143099
TN8014309;UIC;8014309
TN8014309;UIC8;80143099
TN8014309;WIKIDATA;Q470320
TN8014319;IFOPT;de:08317:12103
TN8014319;OSM;3123473867
TN8014319;SNCF;StopArea:OCE80143198
TN8014319;SNCF;StopPoint:OCETGV INOUI-80143198
TN8014319;UIC;8014319
TN8014319;UIC8;80143198
TN8014319;WIKIDATA;Q15785182
TN8014325;IFOPT;de:08317:16700
TN8014325;OSM;3740588666
TN8014325;SNCF;StopArea:OCE80143255
TN8014325;SNCF;StopPoint:OCETGV INOUI-80143255
TN8014325;UIC;8014325
TN8014325;UIC8;80143255
TN8014325;WIKIDATA;Q110233880
TN8014350;IFOPT;de:08311:6508
TN8014350;OSM;21769883
TN8014350;SNCF;StopArea:OCE80143503
TN8014350;SNCF;StopPoint:OCETGV INOUI-80143503
TN8014350;SNCF;StopPoint:OCETrain TER-80143503
TN8014350;UIC;8014350
TN8014350;UIC8;80143503
TN8014350;WIKIDATA;Q473572
TN8014413;IFOPT;de:08315:6522
TN8014413;OSM;2870447635
TN8014413;SNCF;StopArea:OCE80144139
TN8014413;SNCF;StopPoint:OCECar TER-80144139
TN8014413;SNCF;StopPoint:OCETrain TER-80144139
TN8014413;UIC;8014413
TN8014413;UIC8;80144139
TN8014413;WIKIDATA;Q3097154
TN8014415;IFOPT;de:08315:6740
TN8014415;OSM;8319865618
TN8014415;SNCF;StopArea:OCE80144154
TN8014415;SNCF;StopPoint:OCECar TER-80144154
TN8014415;SNCF;StopPoint:OCETrain TER-80144154
TN8014415;UIC;8014415
TN8014415;UIC8;80144154
TN8014415;WIKIDATA;Q3097181
TN8016043;OSM;2700123189
TN8016043;SNCF;StopArea:OCE80160432
TN8016043;SNCF;StopPoint:OCEICE-80160432
TN8016043;UIC;8016043
TN8016043;UIC8;80160432
TN8016043;WIKIDATA;Q476107
TN8019051;SNCF;StopArea:OCE80190512
TN8019051;SNCF;StopPoint:OCETrain TER-80190512
TN8019051;UIC;8019051
TN8019051;UIC8;80190512
TN8019060;OSM;59930888
TN8019060;SNCF;StopArea:OCE80190603
TN8019060;SNCF;StopPoint:OCETrain TER-80190603
TN8019060;UIC;8019060
TN8019060;UIC8;80190603
TN8019060;WIKIDATA;Q76412032
TN8019068;SNCF;StopArea:OCE80190686
TN8019068;SNCF;StopPoint:OCETrain TER-80190686
TN8019068;UIC;8019068
TN8019068;UIC8;80190686
TN8019073;IFOPT;de:07311:771:1
TN8019073;OSM;34022470
TN8019073;SNCF;StopArea:OCE80190736
TN8019073;SNCF;StopPoint:OCETrain TER-80190736
TN8019073;UIC;8019073
TN8019073;UIC8;80190736
TN8019073;WIKIDATA;Q1245678
TN8019082;SNCF;StopArea:OCE80190827
TN8019082;SNCF;StopPoint:OCETrain TER-80190827
TN8019082;UIC;8019082
TN8019082;UIC8;80190827
TN8019103;SNCF;StopArea:OCE80191031
TN8019103;SNCF;StopPoint:OCETrain TER-80191031
TN8019103;UIC;8019103
TN8019103;UIC8;80191031
TN8019104;IFOPT;de:7334:1725:1
TN8019104;OSM;624802086
TN8019104;SNCF;StopArea:OCE80191049
TN8019104;SNCF;StopPoint:OCETrain TER-80191049
TN8019104;UIC;8019104
TN8019104;UIC8;80191049
TN8019104;WIKIDATA;Q18005400
TN8019106;IFOPT;de:7334:35129:1
TN8019106;OSM;28179678
TN8019106;SNCF;StopArea:OCE80191064
TN8019106;SNCF;StopPoint:OCETrain TER-80191064
TN8019106;UIC;8019106
TN8019106;UIC8;80191064
TN8019106;WIKIDATA;Q18005398
TN8019404;SNCF;StopArea:OCE80194043
TN8019404;SNCF;StopPoint:OCETrain TER-80194043
TN8019404;UIC;8019404
TN8019404;UIC8;80194043
TN8019420;OSM;3309668294
TN8019420;SNCF;StopArea:OCE80194209
TN8019420;SNCF;StopPoint:OCETrain TER-80194209
TN8019420;UIC;8019420
TN8019420;UIC8;80194209
TN8019421;IFOPT;de:7337:8301
TN8019421;OSM;3309672998
TN8019421;SNCF;StopArea:OCE80194217
TN8019421;SNCF;StopPoint:OCETrain TER-80194217
TN8019421;UIC;8019421
TN8019421;UIC8;80194217
TN8019422;OSM;1900264257
TN8019422;SNCF;StopArea:OCE80194225
TN8019422;SNCF;StopPoint:OCETrain TER-80194225
TN8019422;UIC;8019422
TN8019422;UIC8;80194225
TN8019423;OSM;262477821
TN8019423;SNCF;StopArea:OCE80194233
TN8019423;SNCF;StopPoint:OCETrain TER-80194233
TN8019423;UIC;8019423
TN8019423;UIC8;80194233
TN8019426;SNCF;StopArea:OCE80194266
TN8019426;SNCF;StopPoint:OCETrain TER-80194266
TN8019426;UIC;8019426
TN8019426;UIC8;80194266
TN8019430;OSM;262225219
TN8019430;SNCF;StopArea:OCE80194308
TN8019430;SNCF;StopPoint:OCETrain TER-80194308
TN8019430;UIC;8019430
TN8019430;UIC8;80194308
TN8019431;OSM;1900264306
TN8019431;SNCF;StopArea:OCE80194316
TN8019431;SNCF;StopPoint:OCETrain TER-80194316
TN8019431;UIC;8019431
TN8019431;UIC8;80194316
TN8019431;WIKIDATA;Q15107285
TN8019432;IFOPT;de:7334:35000:1
TN8019432;OSM;1717082646
TN8019432;SNCF;StopArea:OCE80194324
TN8019432;SNCF;StopPoint:OCETrain TER-80194324
TN8019432;UIC;8019432
TN8019432;UIC8;80194324
TN8019432;WIKIDATA;Q801614
TN8019433;OSM;287145096
TN8019433;SNCF;StopArea:OCE80194332
TN8019433;SNCF;StopPoint:OCETrain TER-80194332
TN8019433;UIC;8019433
TN8019433;UIC8;80194332
TN8019433;WIKIDATA;Q116019255
TN8019698;IFOPT;de:7312:9035:1
TN8019698;OSM;30959690
TN8019698;SNCF;StopArea:OCE80196980
TN8019698;SNCF;StopPoint:OCEICE-80196980
TN8019698;UIC;8019698
TN8019698;UIC8;80196980
TN8019698;WIKIDATA;Q547299
TN8019787;IFOPT;de:7337:4685
TN8019787;OSM;287145094
TN8019787;SNCF;StopArea:OCE80197871
TN8019787;SNCF;StopPoint:OCETrain TER-80197871
TN8019787;UIC;8019787
TN8019787;UIC8;80197871
TN8019787;WIKIDATA;Q28475391
TN8020347;OSM;2470201868
TN8020347;SNCF;StopArea:OCE80203471
TN8020347;SNCF;StopPoint:OCEICE-80203471
TN8020347;UIC;8020347
TN8020347;UIC8;80203471
TN8020347;WIKIDATA;Q254647
TN8023002;IFOPT;de:15002:8010159
TN8023002;OSM;250082941
TN8023002;SNCF;StopArea:OCE80230029
TN8023002;SNCF;StopPoint:OCEICE-80230029
TN8023002;UIC;8023002
TN8023002;UIC8;80230029
TN8023002;WIKIDATA;Q320366
TN8025181;SNCF;StopArea:OCE80251819
TN8025181;SNCF;StopPoint:OCETrain TER-80251819
TN8025181;UIC;8025181
TN8025181;UIC8;80251819
TN8025185;OSM;700940404
TN8025185;SNCF;StopArea:OCE80251850
TN8025185;SNCF;StopPoint:OCETrain TER-80251850
TN8025185;UIC;8025185
TN8025185;UIC8;80251850
TN8025185;WIKIDATA;Q16059413
TN8025196;OSM;3451720942
TN8025196;SNCF;StopArea:OCE80251967
TN8025196;SNCF;StopPoint:OCETrain TER-80251967
TN8025196;UIC;8025196
TN8025196;UIC8;80251967
TN8025196;WIKIDATA;Q20047122
TN8025391;OSM;259449966
TN8025391;SNCF;StopArea:OCE80253914
TN8025391;SNCF;StopPoint:OCECar TER-80253914
TN8025391;SNCF;StopPoint:OCEICE-80253914
TN8025391;SNCF;StopPoint:OCETrain TER-80253914
TN8025391;SNCF;StopPoint:OCETramTrain-80253914
TN8025391;UIC;8025391
TN8025391;UIC8;80253914
TN8025391;WIKIDATA;Q127089
TN8029034;IFOPT;de:08111:6115
TN8029034;OSM;1635698272
TN8029034;SNCF;StopArea:OCE80290346
TN8029034;SNCF;StopPoint:OCEICE-80290346
TN8029034;UIC;8029034
TN8029034;UIC8;80290346
TN8029034;WIKIDATA;Q613766
TN8029103;IFOPT;de:08421:1008
TN8029103;OSM;1384282612
TN8029103;SNCF;StopArea:OCE80291039
TN8029103;SNCF;StopPoint:OCEICE-80291039
TN8029103;UIC;8029103
TN8029103;UIC8;80291039
TN8029103;WIKIDATA;Q472937
TN8035933;OSM;287145095
TN8035933;SNCF;StopArea:OCE80359331
TN8035933;SNCF;StopPoint:OCETrain TER-80359331
TN8035933;UIC;8035933
TN8035933;UIC8;80359331
TN8035933;WIKIDATA;Q116019459
TN8035934;IFOPT;de:7337:4626
TN8035934;OSM;261665294
TN8035934;SNCF;StopArea:OCE80359349
TN8035934;SNCF;StopPoint:OCETrain TER-80359349
TN8035934;UIC;8035934
TN8035934;UIC8;80359349
TN8035934;WIKIDATA;Q15278484
TN8064613;SNCF;StopArea:OCE80646133
TN8064613;SNCF;StopPoint:OCETrain TER-80646133
TN8064613;UIC;8064613
TN8064613;UIC8;80646133
TN8064614;IFOPT;de:7334:32465:1
TN8064614;OSM;310972295
TN8064614;SNCF;StopArea:OCE80646141
TN8064614;SNCF;StopPoint:OCETrain TER-80646141
TN8064614;UIC;8064614
TN8064614;UIC8;80646141
TN8064614;WIKIDATA;Q18005407
TN8065969;OSM;3856100103
TN8065969;SNCF;StopArea:OCE80659698
TN8065969;SNCF;StopPoint:OCEICE-80659698
TN8065969;UIC;8065969
TN8065969;UIC8;80659698
TN8065969;WIKIDATA;Q1097
TN8065971;OSM;267379240
TN8065971;SNCF;StopArea:OCE80659714
TN8065971;SNCF;StopPoint:OCEICE-80659714
TN8065971;UIC;8065971
TN8065971;UIC8;80659714
TN8065971;WIKIDATA;Q376589
TN8092079;SNCF;StopArea:OCE80920793
TN8092079;SNCF;StopPoint:OCETrain TER-80920793
TN8092079;UIC;8092079
TN8092079;UIC8;80920793
TN8200100;OSM;3964570119
TN8200100;SNCF;StopArea:OCE82001000
TN8200100;SNCF;StopPoint:OCECar TER-82001000
TN8200100;SNCF;StopPoint:OCETGV INOUI-82001000
TN8200100;SNCF;StopPoint:OCETrain TER-82001000
TN8200100;UIC;8200100
TN8200100;UIC8;82001000
TN8200100;WIKIDATA;Q801140
TN8200250;OSM;5248211590
TN8200250;SNCF;StopArea:OCE82002501
TN8200250;SNCF;StopPoint:OCECar TER-82002501
TN8200250;SNCF;StopPoint:OCETrain TER-82002501
TN8200250;UIC;8200250
TN8200250;UIC8;82002501
TN8200250;WIKIDATA;Q29455394
TN8200603;OSM;10773674666
TN8200603;SNCF;StopArea:OCE82006030
TN8200603;SNCF;StopPoint:OCETrain TER-82006030
TN8200603;UIC;8200603
TN8200603;UIC8;82006030
TN8200603;WIKIDATA;Q2533716
TN8200710;OSM;10773674667
TN8200710;SNCF;StopArea:OCE82007104
TN8200710;SNCF;StopPoint:OCECar TER-82007104
TN8200710;SNCF;StopPoint:OCETrain TER-82007104
TN8200710;UIC;8200710
TN8200710;UIC8;82007104
TN8200710;WIKIDATA;Q3079945
TN8200714;SNCF;StopArea:OCE82007146
TN8200714;SNCF;StopPoint:OCETrain TER-82007146
TN8200714;UIC;8200714
TN8200714;UIC8;82007146
TN8200718;SNCF;StopArea:OCE82007187
TN8200718;SNCF;StopPoint:OCECar TER-82007187
TN8200718;SNCF;StopPoint:OCETrain TER-82007187
TN8200718;UIC;8200718
TN8200718;UIC8;82007187
TN8200930;OSM;3721698933
TN8200930;SNCF;StopArea:OCE82009300
TN8200930;SNCF;StopPoint:OCECar TER-82009300
TN8200930;SNCF;StopPoint:OCETrain TER-82009300
TN8200930;UIC;8200930
TN8200930;UIC8;82009300
TN8200930;WIKIDATA;Q801342
TN8200940;OSM;704409331
TN8200940;SNCF;StopArea:OCE82009407
TN8200940;SNCF;StopPoint:OCECar TER-82009407
TN8200940;SNCF;StopPoint:OCETrain TER-82009407
TN8200940;UIC;8200940
TN8200940;UIC8;82009407
TN8200940;WIKIDATA;Q2805202
TN8226001;SNCF;StopArea:OCE82260018
TN8226001;SNCF;StopPoint:OCECar TER-82260018
TN8226001;UIC;8226001
TN8226001;UIC8;82260018
TN8291601;SNCF;StopArea:OCE82916015
TN8291601;SNCF;StopPoint:OCECar TER-82916015
TN8291601;UIC;8291601
TN8291601;UIC8;82916015
TN8300035;OSM;11592793752
TN8300035;SNCF;StopArea:OCE83000356
TN8300035;SNCF;StopPoint:OCETGV INOUI-83000356
TN8300035;UIC;8300035
TN8300035;UIC8;83000356
TN8300035;WIKIDATA;Q782123
TN8300204;OSM;256630618
TN8300204;SNCF;StopArea:OCE83002048
TN8300204;SNCF;StopPoint:OCETGV INOUI-83002048
TN8300204;UIC;8300204
TN8300204;UIC8;83002048
TN8300204;WIKIDATA;Q3095843
TN8300219;OSM;3395226356
TN8300219;SNCF;StopArea:OCE83002196
TN8300219;SNCF;StopPoint:OCETGV INOUI-83002196
TN8300219;UIC;8300219
TN8300219;UIC8;83002196
TN8300219;WIKIDATA;Q801523
TN8300452;OSM;2043486370
TN8300452;SNCF;StopArea:OCE83004523
TN8300452;SNCF;StopPoint:OCETGV INOUI-83004523
TN8300452;UIC;8300452
TN8300452;UIC8;83004523
TN8300452;WIKIDATA;Q801521
TN8301645;OSM;11635678177
TN8301645;SNCF;StopArea:OCE83016451
TN8301645;SNCF;StopPoint:OCETGV INOUI-83016451
TN8301645;UIC;8301645
TN8301645;UIC8;83016451
TN8301645;WIKIDATA;Q801187
TN8304501;OSM;2052772794
TN8304501;SNCF;StopArea:OCE83045013
TN8304501;SNCF;StopPoint:OCECar TER-83045013
TN8304501;SNCF;StopPoint:OCETrain TER-83045013
TN8304501;UIC;8304501
TN8304501;UIC8;83045013
TN8304501;WIKIDATA;Q1141602
TN8500010;OSM;3080746011
TN8500010;SNCF;StopArea:OCE85000109
TN8500010;SNCF;StopPoint:OCECar TER-85000109
TN8500010;SNCF;StopPoint:OCELyria-85000109
TN8500010;SNCF;StopPoint:OCETrain TER-85000109
TN8500010;UIC;8500010
TN8500010;UIC8;85000109
TN8500010;WIKIDATA;Q667201
TN8501000;OSM;7073204960
TN8501000;SNCF;StopArea:OCE85010009
TN8501000;SNCF;StopPoint:OCETrain TER-85010009
TN8501000;UIC;8501000
TN8501000;UIC8;85010009
TN8501000;WIKIDATA;Q15616936
TN8501001;OSM;3059714407
TN8501001;SNCF;StopArea:OCE85010017
TN8501001;SNCF;StopPoint:OCETrain TER-85010017
TN8501001;UIC;8501001
TN8501001;UIC8;85010017
TN8501001;WIKIDATA;Q3096800
TN8501002;OSM;3059714408
TN8501002;SNCF;StopArea:OCE85010025
TN8501002;SNCF;StopPoint:OCETrain TER-85010025
TN8501002;UIC;8501002
TN8501002;UIC8;85010025
TN8501002;WIKIDATA;Q15953342
TN8501003;OSM;3057789420
TN8501003;SNCF;StopArea:OCE85010033
TN8501003;SNCF;StopPoint:OCETrain TER-85010033
TN8501003;UIC;8501003
TN8501003;UIC8;85010033
TN8501003;WIKIDATA;Q3097684
TN8501006;OSM;3057742963
TN8501006;SNCF;StopArea:OCE85010066
TN8501006;SNCF;StopPoint:OCETrain TER-85010066
TN8501006;UIC;8501006
TN8501006;UIC8;85010066
TN8501006;WIKIDATA;Q15616905
TN8501007;OSM;2754246079
TN8501007;SNCF;StopArea:OCE85010074
TN8501007;SNCF;StopPoint:OCETrain TER-85010074
TN8501007;UIC;8501007
TN8501007;UIC8;85010074
TN8501007;WIKIDATA;Q15616901
TN8501008;OSM;4890696636
TN8501008;SNCF;StopArea:OCE85010082
TN8501008;SNCF;StopPoint:OCELyria-85010082
TN8501008;SNCF;StopPoint:OCETrain TER-85010082
TN8501008;UIC;8501008
TN8501008;UIC8;85010082
TN8501008;WIKIDATA;Q800819
TN8501011;OSM;3053406950
TN8501011;SNCF;StopArea:OCE85010116
TN8501011;SNCF;StopPoint:OCETrain TER-85010116
TN8501011;UIC;8501011
TN8501011;UIC8;85010116
TN8501011;WIKIDATA;Q5847371
TN8501012;OSM;3053167578
TN8501012;SNCF;StopArea:OCE85010124
TN8501012;SNCF;StopPoint:OCETrain TER-85010124
TN8501012;UIC;8501012
TN8501012;UIC8;85010124
TN8501012;WIKIDATA;Q5846087
TN8501013;OSM;3053167579
TN8501013;SNCF;StopArea:OCE85010132
TN8501013;SNCF;StopPoint:OCETrain TER-85010132
TN8501013;UIC;8501013
TN8501013;UIC8;85010132
TN8501013;WIKIDATA;Q5846952
TN8501014;OSM;3051986691
TN8501014;SNCF;StopArea:OCE85010140
TN8501014;SNCF;StopPoint:OCETrain TER-85010140
TN8501014;UIC;8501014
TN8501014;UIC8;85010140
TN8501015;OSM;3051986692
TN8501015;SNCF;StopArea:OCE85010157
TN8501015;SNCF;StopPoint:OCETrain TER-85010157
TN8501015;UIC;8501015
TN8501015;UIC8;85010157
TN8501015;WIKIDATA;Q5847308
TN8501020;OSM;3053406948
TN8501020;SNCF;StopArea:OCE85010207
TN8501020;SNCF;StopPoint:OCETrain TER-85010207
TN8501020;UIC;8501020
TN8501020;UIC8;85010207
TN8501020;WIKIDATA;Q5846029
TN8501021;OSM;3053406949
TN8501021;SNCF;StopArea:OCE85010215
TN8501021;SNCF;StopPoint:OCETrain TER-85010215
TN8501021;UIC;8501021
TN8501021;UIC8;85010215
TN8501021;WIKIDATA;Q5846294
TN8501022;OSM;3053167580
TN8501022;SNCF;StopArea:OCE85010223
TN8501022;SNCF;StopPoint:OCETrain TER-85010223
TN8501022;UIC;8501022
TN8501022;UIC8;85010223
TN8501022;WIKIDATA;Q5847444
TN8501023;OSM;3052044268
TN8501023;SNCF;StopArea:OCE85010231
TN8501023;SNCF;StopPoint:OCETrain TER-85010231
TN8501023;UIC;8501023
TN8501023;UIC8;85010231
TN8501023;WIKIDATA;Q5846075
TN8501026;OSM;2388447150
TN8501026;SNCF;StopArea:OCE85010264
TN8501026;SNCF;StopPoint:OCETrain TER-85010264
TN8501026;UIC;8501026
TN8501026;UIC8;85010264
TN8501026;WIKIDATA;Q677158
TN8501030;OSM;5148276768
TN8501030;SNCF;StopArea:OCE85010306
TN8501030;SNCF;StopPoint:OCETrain TER-85010306
TN8501030;UIC;8501030
TN8501030;UIC8;85010306
TN8501030;WIKIDATA;Q8841131
TN8501031;OSM;3035352284
TN8501031;SNCF;StopArea:OCE85010314
TN8501031;SNCF;StopPoint:OCETrain TER-85010314
TN8501031;UIC;8501031
TN8501031;UIC8;85010314
TN8501031;WIKIDATA;Q8779843
TN8501033;OSM;3025234417
TN8501033;SNCF;StopArea:OCE85010330
TN8501033;SNCF;StopPoint:OCETrain TER-85010330
TN8501033;UIC;8501033
TN8501033;UIC8;85010330
TN8501033;WIKIDATA;Q8841638
TN8501035;OSM;3022131191
TN8501035;SNCF;StopArea:OCE85010355
TN8501035;SNCF;StopPoint:OCETrain TER-85010355
TN8501035;UIC;8501035
TN8501035;UIC8;85010355
TN8501035;WIKIDATA;Q10947344
TN8501037;OSM;3081154409
TN8501037;SNCF;StopArea:OCE85010371
TN8501037;SNCF;StopPoint:OCETrain TER-85010371
TN8501037;UIC;8501037
TN8501037;UIC8;85010371
TN8501037;WIKIDATA;Q2384426
TN8501103;OSM;52208883
TN8501103;SNCF;StopArea:OCE85011031
TN8501103;SNCF;StopPoint:OCECar TER-85011031
TN8501103;SNCF;StopPoint:OCELyria-85011031
TN8501103;SNCF;StopPoint:OCETrain TER-85011031
TN8501103;UIC;8501103
TN8501103;UIC8;85011031
TN8501103;WIKIDATA;Q3097934
TN8501118;OSM;5153454609
TN8501118;SNCF;StopArea:OCE85011189
TN8501118;SNCF;StopPoint:OCETrain TER-85011189
TN8501118;UIC;8501118
TN8501118;UIC8;85011189
TN8501118;WIKIDATA;Q3097393
TN8501120;OSM;1800313662
TN8501120;SNCF;StopArea:OCE85011205
TN8501120;SNCF;StopPoint:OCELyria-85011205
TN8501120;SNCF;StopPoint:OCETrain TER-85011205
TN8501120;UIC;8501120
TN8501120;UIC8;85011205
TN8501200;OSM;2793245894
TN8501200;SNCF;StopArea:OCE85012005
TN8501200;SNCF;StopPoint:OCETrain TER-85012005
TN8501200;UIC;8501200
TN8501200;UIC8;85012005
TN8501200;WIKIDATA;Q569784
TN8501300;OSM;2793870896
TN8501300;SNCF;StopArea:OCE85013003
TN8501300;SNCF;StopPoint:OCETrain TER-85013003
TN8501300;UIC;8501300
TN8501300;UIC8;85013003
TN8501300;WIKIDATA;Q680986
TN8501303;OSM;2809386073
TN8501303;SNCF;StopArea:OCE85013037
TN8501303;SNCF;StopPoint:OCETrain TER-85013037
TN8501303;UIC;8501303
TN8501303;UIC8;85013037
TN8501303;WIKIDATA;Q3098005
TN8501400;OSM;2893316867
TN8501400;SNCF;StopArea:OCE85014001
TN8501400;SNCF;StopPoint:OCETrain TER-85014001
TN8501400;UIC;8501400
TN8501400;UIC8;85014001
TN8501400;WIKIDATA;Q5845601
TN8501402;OSM;2892181159
TN8501402;SNCF;StopArea:OCE85014027
TN8501402;SNCF;StopPoint:OCETrain TER-85014027
TN8501402;UIC;8501402
TN8501402;UIC8;85014027
TN8501402;WIKIDATA;Q12174783
TN8501403;OSM;9905350128
TN8501403;SNCF;StopArea:OCE85014035
TN8501403;SNCF;StopPoint:OCETrain TER-85014035
TN8501403;UIC;8501403
TN8501403;UIC8;85014035
TN8501403;WIKIDATA;Q10951368
TN8501500;OSM;5155410595
TN8501500;SNCF;StopArea:OCE85015008
TN8501500;SNCF;StopPoint:OCETrain TER-85015008
TN8501500;UIC;8501500
TN8501500;UIC8;85015008
TN8501500;WIKIDATA;Q3096986
TN8501561;OSM;9543361427
TN8501561;SNCF;StopArea:OCE85015610
TN8501561;SNCF;StopPoint:OCETrain TER-85015610
TN8501561;UIC;8501561
TN8501561;UIC8;85015610
TN8501561;WIKIDATA;Q33449646
TN8501562;OSM;9543361426
TN8501562;SNCF;StopArea:OCE85015628
TN8501562;SNCF;StopPoint:OCETrain TER-85015628
TN8501562;UIC;8501562
TN8501562;UIC8;85015628
TN8501562;WIKIDATA;Q33449674
TN8501563;OSM;9544645077
TN8501563;SNCF;StopArea:OCE85015636
TN8501563;SNCF;StopPoint:OCETrain TER-85015636
TN8501563;UIC;8501563
TN8501563;UIC8;85015636
TN8501563;WIKIDATA;Q33449698
TN8501564;OSM;9543468694
TN8501564;SNCF;StopArea:OCE85015644
TN8501564;SNCF;StopPoint:OCETrain TER-85015644
TN8501564;UIC;8501564
TN8501564;UIC8;85015644
TN8501564;WIKIDATA;Q33449726
TN8501565;OSM;9543468699
TN8501565;SNCF;StopArea:OCE85015651
TN8501565;SNCF;StopPoint:OCETrain TER-85015651
TN8501565;UIC;8501565
TN8501565;UIC8;85015651
TN8501566;OSM;9543468696
TN8501566;SNCF;StopArea:OCE85015669
TN8501566;SNCF;StopPoint:OCETrain TER-85015669
TN8501566;UIC;8501566
TN8501566;UIC8;85015669
TN8501568;OSM;9544898516
TN8501568;SNCF;StopArea:OCE85015685
TN8501568;SNCF;StopPoint:OCECar TER-85015685
TN8501568;SNCF;StopPoint:OCETrain TER-85015685
TN8501568;UIC;8501568
TN8501568;UIC8;85015685
TN8501568;WIKIDATA;Q33449805
TN8503000;OSM;1236383343
TN8503000;SNCF;StopArea:OCE85030007
TN8503000;SNCF;StopPoint:OCELyria-85030007
TN8503000;UIC;8503000
TN8503000;UIC8;85030007
TN8503000;WIKIDATA;Q224494
TN8504215;OSM;1944846875
TN8504215;SNCF;StopArea:OCE85042150
TN8504215;SNCF;StopPoint:OCETrain TER-85042150
TN8504215;UIC;8504215
TN8504215;UIC8;85042150
TN8504215;WIKIDATA;Q31451724
TN8504221;OSM;3081154414
TN8504221;SNCF;StopArea:OCE85042218
TN8504221;SNCF;StopPoint:OCETrain TER-85042218
TN8504221;UIC;8504221
TN8504221;UIC8;85042218
TN8504221;WIKIDATA;Q972299
TN8504314;OSM;3081154391
TN8504314;SNCF;StopArea:OCE85043141
TN8504314;SNCF;StopPoint:OCETrain TER-85043141
TN8504314;UIC;8504314
TN8504314;UIC8;85043141
TN8504314;WIKIDATA;Q3096773
TN8504315;OSM;3389508515
TN8504315;SNCF;StopArea:OCE85043158
TN8504315;SNCF;StopPoint:OCETrain TER-85043158
TN8504315;UIC;8504315
TN8504315;UIC8;85043158
TN8504315;WIKIDATA;Q3098196
TN8504316;OSM;3081154399
TN8504316;SNCF;StopArea:OCE85043166
TN8504316;SNCF;StopPoint:OCECar TER-85043166
TN8504316;SNCF;StopPoint:OCETrain TER-85043166
TN8504316;UIC;8504316
TN8504316;UIC8;85043166
TN8504316;WIKIDATA;Q935212
TN8504321;OSM;9182807866
TN8504321;SNCF;StopArea:OCE85043216
TN8504321;SNCF;StopPoint:OCETrain TER-85043216
TN8504321;UIC;8504321
TN8504321;UIC8;85043216
TN8504321;WIKIDATA;Q110527421
TN8507000;OSM;3081154349
TN8507000;SNCF;StopArea:OCE85070003
TN8507000;SNCF;StopPoint:OCETrain TER-85070003
TN8507000;UIC;8507000
TN8507000;UIC8;85070003
TN8507000;WIKIDATA;Q28870
TN8516155;OSM;3060828206
TN8516155;SNCF;StopArea:OCE85161554
TN8516155;SNCF;StopPoint:OCETrain TER-85161554
TN8516155;UIC;8516155
TN8516155;UIC8;85161554
TN8516155;WIKIDATA;Q1583893
TN8516272;OSM;6886690043
TN8516272;SNCF;StopArea:OCE85162727
TN8516272;SNCF;StopPoint:OCETrain TER-85162727
TN8516272;UIC;8516272
TN8516272;UIC8;85162727
TN8516272;WIKIDATA;Q48610587
TN8516273;OSM;6044426066
TN8516273;SNCF;StopArea:OCE85162735
TN8516273;SNCF;StopPoint:OCETrain TER-85162735
TN8516273;UIC;8516273
TN8516273;UIC8;85162735
TN8516273;WIKIDATA;Q3098155
TN8516274;OSM;6044426065
TN8516274;SNCF;StopArea:OCE85162743
TN8516274;SNCF;StopPoint:OCETrain TER-85162743
TN8516274;UIC;8516274
TN8516274;UIC8;85162743
TN8516274;WIKIDATA;Q3096243
TN8516283;OSM;3053436437
TN8516283;SNCF;StopArea:OCE85162834
TN8516283;SNCF;StopPoint:OCETrain TER-85162834
TN8516283;UIC;8516283
TN8516283;UIC8;85162834
TN8516283;WIKIDATA;Q431299
TN8517142;OSM;6886527481
TN8517142;SNCF;StopArea:OCE85171421
TN8517142;SNCF;StopPoint:OCETrain TER-85171421
TN8517142;UIC;8517142
TN8517142;UIC8;85171421
TN8517142;WIKIDATA;Q43890330
TN8530303;OSM;3727812958
TN8530303;SNCF;StopArea:OCE85303032
TN8530303;SNCF;StopPoint:OCETrain TER-85303032
TN8530303;UIC;8530303
TN8530303;UIC8;85303032
TN8530334;OSM;9543468698
TN8530334;SNCF;StopArea:OCE85303347
TN8530334;SNCF;StopPoint:OCETrain TER-85303347
TN8530334;UIC;8530334
TN8530334;UIC8;85303347
TN8530334;WIKIDATA;Q33512375
TN8592713;SNCF;StopArea:OCE85927137
TN8592713;SNCF;StopPoint:OCECar TER-85927137
TN8592713;UIC;8592713
TN8592713;UIC8;85927137
TN8592829;SNCF;StopArea:OCE85928291
TN8592829;SNCF;StopPoint:OCECar TER-85928291
TN8592829;UIC;8592829
TN8592829;UIC8;85928291
TN8700969;OSM;11368703746
TN8700969;SNCF;StopArea:OCE87009696
TN8700969;SNCF;StopPoint:OCETrain TER-87009696
TN8700969;UIC;8700969
TN8700969;UIC8;87009696
TN8700969;WIKIDATA;Q3096775
TN8702438;SNCF;StopArea:OCE87024380
TN8702438;SNCF;StopPoint:OCECar TER-87024380
TN8702438;UIC;8702438
TN8702438;UIC8;87024380
TN8710740;SNCF;StopArea:OCE87107409
TN8710740;SNCF;StopPoint:OCECar TER-87107409
TN8710740;UIC;8710740
TN8710740;UIC8;87107409
TN8710741;SNCF;StopArea:OCE87107417
TN8710741;SNCF;StopPoint:OCECar TER-87107417
TN8710741;UIC;8710741
TN8710741;UIC8;87107417
TN8710742;SNCF;StopArea:OCE87107425
TN8710742;SNCF;StopPoint:OCECar TER-87107425
TN8710742;UIC;8710742
TN8710742;UIC8;87107425
TN8710743;SNCF;StopArea:OCE87107433
TN8710743;SNCF;StopPoint:OCECar TER-87107433
TN8710743;UIC;8710743
TN8710743;UIC8;87107433
TN8710745;SNCF;StopArea:OCE87107458
TN8710745;SNCF;StopPoint:OCECar TER-87107458
TN8710745;UIC;8710745
TN8710745;UIC8;87107458
TN8710746;SNCF;StopArea:OCE87107466
TN8710746;SNCF;StopPoint:OCECar TER-87107466
TN8710746;UIC;8710746
TN8710746;UIC8;87107466
TN8710747;SNCF;StopArea:OCE87107474
TN8710747;SNCF;StopPoint:OCECar TER-87107474
TN8710747;UIC;8710747
TN8710747;UIC8;87107474
TN8710748;SNCF;StopArea:OCE87107482
TN8710748;SNCF;StopPoint:OCECar TER-87107482
TN8710748;UIC;8710748
TN8710748;UIC8;87107482
TN8710749;SNCF;StopArea:OCE87107490
TN8710749;SNCF;StopPoint:OCECar TER-87107490
TN8710749;UIC;8710749
TN8710749;UIC8;87107490
TN8710750;SNCF;StopArea:OCE87107508
TN8710750;SNCF;StopPoint:OCECar TER-87107508
TN8710750;UIC;8710750
TN8710750;UIC8;87107508
TN8710882;SNCF;StopArea:OCE87108829
TN8710882;SNCF;StopPoint:OCECar TER-87108829
TN8710882;UIC;8710882
TN8710882;UIC8;87108829
TN8710930;OSM;11559801317
TN8710930;SNCF;StopArea:OCE87109306
TN8710930;SNCF;StopPoint:OCETrain TER-87109306
TN8710930;UIC;8710930
TN8710930;UIC8;87109306
TN8710930;WIKIDATA;Q2253324
TN8711036;SNCF;StopArea:OCE87110361
TN8711036;SNCF;StopPoint:OCECar TER-87110361
TN8711036;UIC;8711036
TN8711036;UIC8;87110361
TN8711184;OSM;269296749
TN8711184;SNCF;StopArea:OCE87111849
TN8711184;SNCF;StopPoint:OCEOUIGO-87111849
TN8711184;SNCF;StopPoint:OCETGV INOUI-87111849
TN8711184;UIC;8711184
TN8711184;UIC8;87111849
TN8711186;OSM;521515549
TN8711186;SNCF;StopArea:OCE87111864
TN8711186;SNCF;StopPoint:OCETrain TER-87111864
TN8711186;UIC;8711186
TN8711186;UIC8;87111864
TN8711186;WIKIDATA;Q3126230
TN8711232;SNCF;StopArea:OCE87112326
TN8711232;SNCF;StopPoint:OCECar TER-87112326
TN8711232;UIC;8711232
TN8711232;UIC8;87112326
TN8711233;SNCF;StopArea:OCE87112334
TN8711233;SNCF;StopPoint:OCECar TER-87112334
TN8711233;UIC;8711233
TN8711233;UIC8;87112334
TN8711234;SNCF;StopArea:OCE87112342
TN8711234;SNCF;StopPoint:OCECar TER-87112342
TN8711234;UIC;8711234
TN8711234;UIC8;87112342
TN8711271;SNCF;StopArea:OCE87112714
TN8711271;SNCF;StopPoint:OCECar TER-87112714
TN8711271;UIC;8711271
TN8711271;UIC8;87112714
TN8711300;OSM;2506241285
TN8711300;SNCF;StopArea:OCE87113001
TN8711300;SNCF;StopPoint:OCECar TER-87113001
TN8711300;SNCF;StopPoint:OCEICE-87113001
TN8711300;SNCF;StopPoint:OCEOUIGO-87113001
TN8711300;SNCF;StopPoint:OCETGV INOUI-87113001
TN8711300;SNCF;StopPoint:OCETrain TER-87113001
TN8711300;UIC;8711300
TN8711300;UIC8;87113001
TN8711300;WIKIDATA;Q757180
TN8711613;OSM;3530709630
TN8711613;SNCF;StopArea:OCE87116137
TN8711613;SNCF;StopPoint:OCETrain TER-87116137
TN8711613;UIC;8711613
TN8711613;UIC8;87116137
TN8711613;WIKIDATA;Q2187157
TN8711651;OSM;3496470193
TN8711651;SNCF;StopArea:OCE87116517
TN8711651;SNCF;StopPoint:OCETrain TER-87116517
TN8711651;UIC;8711651
TN8711651;UIC8;87116517
TN8711651;WIKIDATA;Q1956946
TN8711658;OSM;6641139429
TN8711658;SNCF;StopArea:OCE87116582
TN8711658;SNCF;StopPoint:OCECar TER-87116582
TN8711658;SNCF;StopPoint:OCETrain TER-87116582
TN8711658;UIC;8711658
TN8711658;UIC8;87116582
TN8711658;WIKIDATA;Q2127195
TN8711744;SNCF;StopArea:OCE87117440
TN8711744;SNCF;StopPoint:OCECar TER-87117440
TN8711744;UIC;8711744
TN8711744;UIC8;87117440
TN8711745;SNCF;StopArea:OCE87117457
TN8711745;SNCF;StopPoint:OCECar TER-87117457
TN8711745;UIC;8711745
TN8711745;UIC8;87117457
TN8711746;SNCF;StopArea:OCE87117465
TN8711746;SNCF;StopPoint:OCECar TER-87117465
TN8711746;UIC;8711746
TN8711746;UIC8;87117465
TN8711749;SNCF;StopArea:OCE87117499
TN8711749;SNCF;StopPoint:OCECar TER-87117499
TN8711749;UIC;8711749
TN8711749;UIC8;87117499
TN8711750;SNCF;StopArea:OCE87117507
TN8711750;SNCF;StopPoint:OCECar TER-87117507
TN8711750;UIC;8711750
TN8711750;UIC8;87117507
TN8711751;SNCF;StopArea:OCE87117515
TN8711751;SNCF;StopPoint:OCECar TER-87117515
TN8711751;UIC;8711751
TN8711751;UIC8;87117515
TN8711752;SNCF;StopArea:OCE87117523
TN8711752;SNCF;StopPoint:OCECar TER-87117523
TN8711752;UIC;8711752
TN8711752;UIC8;87117523
TN8711759;SNCF;StopArea:OCE87117598
TN8711759;SNCF;StopPoint:OCECar TER-87117598
TN8711759;UIC;8711759
TN8711759;UIC8;87117598
TN8711760;SNCF;StopArea:OCE87117606
TN8711760;SNCF;StopPoint:OCECar TER-87117606
TN8711760;UIC;8711760
TN8711760;UIC8;87117606
TN8711768;SNCF;StopArea:OCE87117689
TN8711768;SNCF;StopPoint:OCECar TER-87117689
TN8711768;UIC;8711768
TN8711768;UIC8;87117689
TN8711769;SNCF;StopArea:OCE87117697
TN8711769;SNCF;StopPoint:OCECar TER-87117697
TN8711769;UIC;8711769
TN8711769;UIC8;87117697
TN8711790;SNCF;StopArea:OCE87117903
TN8711790;SNCF;StopPoint:OCECar TER-87117903
TN8711790;UIC;8711790
TN8711790;UIC8;87117903
TN8711797;SNCF;StopArea:OCE87117978
TN8711797;SNCF;StopPoint:OCECar TER-87117978
TN8711797;UIC;8711797
TN8711797;UIC8;87117978
TN8711798;SNCF;StopArea:OCE87117986
TN8711798;SNCF;StopPoint:OCECar TER-87117986
TN8711798;UIC;8711798
TN8711798;UIC8;87117986
TN8711799;SNCF;StopArea:OCE87117994
TN8711799;SNCF;StopPoint:OCECar TER-87117994
TN8711799;UIC;8711799
TN8711799;UIC8;87117994
TN8711800;OSM;2506173917
TN8711800;SNCF;StopArea:OCE87118000
TN8711800;SNCF;StopPoint:OCECar TER-87118000
TN8711800;SNCF;StopPoint:OCETrain TER-87118000
TN8711800;UIC;8711800
TN8711800;UIC8;87118000
TN8711800;WIKIDATA;Q2199665
TN8711815;OSM;12202278855
TN8711815;SNCF;StopArea:OCE87118158
TN8711815;SNCF;StopPoint:OCECar TER-87118158
TN8711815;SNCF;StopPoint:OCETrain TER-87118158
TN8711815;UIC;8711815
TN8711815;UIC8;87118158
TN8711815;WIKIDATA;Q2649818
TN8711819;OSM;3469767393
TN8711819;SNCF;StopArea:OCE87118190
TN8711819;SNCF;StopPoint:OCECar TER-87118190
TN8711819;SNCF;StopPoint:OCETrain TER-87118190
TN8711819;UIC;8711819
TN8711819;UIC8;87118190
TN8711819;WIKIDATA;Q2424780
TN8711825;OSM;3469767493
TN8711825;SNCF;StopArea:OCE87118257
TN8711825;SNCF;StopPoint:OCECar TER-87118257
TN8711825;SNCF;StopPoint:OCETrain TER-87118257
TN8711825;UIC;8711825
TN8711825;UIC8;87118257
TN8711825;WIKIDATA;Q2046189
TN8711829;OSM;3469767293
TN8711829;SNCF;StopArea:OCE87118299
TN8711829;SNCF;StopPoint:OCECar TER-87118299
TN8711829;SNCF;StopPoint:OCETrain TER-87118299
TN8711829;UIC;8711829
TN8711829;UIC8;87118299
TN8711829;WIKIDATA;Q687462
TN8713082;SNCF;StopArea:OCE87130823
TN8713082;SNCF;StopPoint:OCECar TER-87130823
TN8713082;UIC;8713082
TN8713082;UIC8;87130823
TN8713083;SNCF;StopArea:OCE87130831
TN8713083;SNCF;StopPoint:OCECar TER-87130831
TN8713083;UIC;8713083
TN8713083;UIC8;87130831
TN8713088;SNCF;StopArea:OCE87130880
TN8713088;SNCF;StopPoint:OCECar TER-87130880
TN8713088;UIC;8713088
TN8713088;UIC8;87130880
TN8713089;SNCF;StopArea:OCE87130898
TN8713089;SNCF;StopPoint:OCECar TER-87130898
TN8713089;UIC;8713089
TN8713089;UIC8;87130898
TN8713196;OSM;6728232291
TN8713196;SNCF;StopArea:OCE87131961
TN8713196;SNCF;StopPoint:OCECar TER-87131961
TN8713196;SNCF;StopPoint:OCETrain TER-87131961
TN8713196;UIC;8713196
TN8713196;UIC8;87131961
TN8713196;WIKIDATA;Q568330
TN8713438;SNCF;StopArea:OCE87134387
TN8713438;SNCF;StopPoint:OCECar TER-87134387
TN8713438;UIC;8713438
TN8713438;UIC8;87134387
TN8713715;SNCF;StopArea:OCE87137158
TN8713715;SNCF;StopPoint:OCECar TER-87137158
TN8713715;UIC;8713715
TN8713715;UIC8;87137158
TN8713832;SNCF;StopArea:OCE87138321
TN8713832;SNCF;StopPoint:OCECar TER-87138321
TN8713832;UIC;8713832
TN8713832;UIC8;87138321
TN8713833;SNCF;StopArea:OCE87138339
TN8713833;SNCF;StopPoint:OCECar TER-87138339
TN8713833;UIC;8713833
TN8713833;UIC8;87138339
TN8713836;SNCF;StopArea:OCE87138362
TN8713836;SNCF;StopPoint:OCECar TER-87138362
TN8713836;UIC;8713836
TN8713836;UIC8;87138362
TN8713837;SNCF;StopArea:OCE87138370
TN8713837;SNCF;StopPoint:OCECar TER-87138370
TN8713837;UIC;8713837
TN8713837;UIC8;87138370
TN8713843;SNCF;StopArea:OCE87138438
TN8713843;SNCF;StopPoint:OCECar TER-87138438
TN8713843;UIC;8713843
TN8713843;UIC8;87138438
TN8713908;SNCF;StopArea:OCE87139089
TN8713908;SNCF;StopPoint:OCECar TER-87139089
TN8713908;UIC;8713908
TN8713908;UIC8;87139089
TN8713950;SNCF;StopArea:OCE87139501
TN8713950;SNCF;StopPoint:OCECar TER-87139501
TN8713950;UIC;8713950
TN8713950;UIC8;87139501
TN8713965;SNCF;StopArea:OCE87139659
TN8713965;SNCF;StopPoint:OCECar TER-87139659
TN8713965;UIC;8713965
TN8713965;UIC8;87139659
TN8713966;SNCF;StopArea:OCE87139667
TN8713966;SNCF;StopPoint:OCECar TER-87139667
TN8713966;UIC;8713966
TN8713966;UIC8;87139667
TN8713990;SNCF;StopArea:OCE87139907
TN8713990;SNCF;StopPoint:OCECar TER-87139907
TN8713990;UIC;8713990
TN8713990;UIC8;87139907
TN8714100;OSM;4290857032
TN8714100;SNCF;StopArea:OCE87141002
TN8714100;SNCF;StopPoint:OCECar TER-87141002
TN8714100;SNCF;StopPoint:OCECar à réservation-87141002
TN8714100;SNCF;StopPoint:OCEINTERCITES-87141002
TN8714100;SNCF;StopPoint:OCEOUIGO-87141002
TN8714100;SNCF;StopPoint:OCETGV INOUI-87141002
TN8714100;SNCF;StopPoint:OCETrain TER-87141002
TN8714100;UIC;8714100
TN8714100;UIC8;87141002
TN8714100;WIKIDATA;Q2178663
TN8714101;OSM;5275245001
TN8714101;SNCF;StopArea:OCE87141010
TN8714101;SNCF;StopPoint:OCECar TER-87141010
TN8714101;SNCF;StopPoint:OCETrain TER-87141010
TN8714101;UIC;8714101
TN8714101;UIC8;87141010
TN8714101;WIKIDATA;Q3096650
TN8714103;OSM;14029685691
TN8714103;SNCF;StopArea:OCE87141036
TN8714103;SNCF;StopPoint:OCECar TER-87141036
TN8714103;SNCF;StopPoint:OCETrain TER-87141036
TN8714103;UIC;8714103
TN8714103;UIC8;87141036
TN8714103;WIKIDATA;Q3096461
TN8714104;OSM;4508377772
TN8714104;SNCF;StopArea:OCE87141044
TN8714104;SNCF;StopPoint:OCECar TER-87141044
TN8714104;SNCF;StopPoint:OCECar à réservation-87141044
TN8714104;SNCF;StopPoint:OCEINTERCITES-87141044
TN8714104;SNCF;StopPoint:OCETrain TER-87141044
TN8714104;UIC;8714104
TN8714104;UIC8;87141044
TN8714104;WIKIDATA;Q2897368
TN8714105;OSM;5250940092
TN8714105;SNCF;StopArea:OCE87141051
TN8714105;SNCF;StopPoint:OCECar TER-87141051
TN8714105;SNCF;StopPoint:OCETrain TER-87141051
TN8714105;UIC;8714105
TN8714105;UIC8;87141051
TN8714105;WIKIDATA;Q3096449
TN8714106;OSM;5250940079
TN8714106;SNCF;StopArea:OCE87141069
TN8714106;SNCF;StopPoint:OCETrain TER-87141069
TN8714106;UIC;8714106
TN8714106;UIC8;87141069
TN8714106;WIKIDATA;Q3096893
TN8714107;OSM;12205300259
TN8714107;SNCF;StopArea:OCE87141077
TN8714107;SNCF;StopPoint:OCECar TER-87141077
TN8714107;SNCF;StopPoint:OCETrain TER-87141077
TN8714107;UIC;8714107
TN8714107;UIC8;87141077
TN8714107;WIKIDATA;Q2142149
TN8714108;OSM;3787814793
TN8714108;SNCF;StopArea:OCE87141085
TN8714108;SNCF;StopPoint:OCECar TER-87141085
TN8714108;SNCF;StopPoint:OCETrain TER-87141085
TN8714108;UIC;8714108
TN8714108;UIC8;87141085
TN8714108;WIKIDATA;Q2779510
TN8714109;OSM;3787816171
TN8714109;SNCF;StopArea:OCE87141093
TN8714109;SNCF;StopPoint:OCECar TER-87141093
TN8714109;SNCF;StopPoint:OCETrain TER-87141093
TN8714109;UIC;8714109
TN8714109;UIC8;87141093
TN8714109;WIKIDATA;Q3096846
TN8714110;SNCF;StopArea:OCE87141101
TN8714110;SNCF;StopPoint:OCECar TER-87141101
TN8714110;SNCF;StopPoint:OCETrain TER-87141101
TN8714110;UIC;8714110
TN8714110;UIC8;87141101
TN8714111;OSM;8312536885
TN8714111;SNCF;StopArea:OCE87141119
TN8714111;SNCF;StopPoint:OCECar TER-87141119
TN8714111;SNCF;StopPoint:OCETrain TER-87141119
TN8714111;UIC;8714111
TN8714111;UIC8;87141119
TN8714111;WIKIDATA;Q3096382
TN8714112;OSM;8515452791
TN8714112;SNCF;StopArea:OCE87141127
TN8714112;SNCF;StopPoint:OCECar TER-87141127
TN8714112;SNCF;StopPoint:OCETrain TER-87141127
TN8714112;UIC;8714112
TN8714112;UIC8;87141127
TN8714112;WIKIDATA;Q589290
TN8714113;SNCF;StopArea:OCE87141135
TN8714113;SNCF;StopPoint:OCECar TER-87141135
TN8714113;SNCF;StopPoint:OCETrain TER-87141135
TN8714113;UIC;8714113
TN8714113;UIC8;87141135
TN8714114;OSM;2959053870
TN8714114;SNCF;StopArea:OCE87141143
TN8714114;SNCF;StopPoint:OCECar TER-87141143
TN8714114;SNCF;StopPoint:OCETrain TER-87141143
TN8714114;UIC;8714114
TN8714114;UIC8;87141143
TN8714114;WIKIDATA;Q1971525
TN8714115;OSM;4398588070
TN8714115;SNCF;StopArea:OCE87141150
TN8714115;SNCF;StopPoint:OCECar TER-87141150
TN8714115;SNCF;StopPoint:OCETGV INOUI-87141150
TN8714115;SNCF;StopPoint:OCETrain TER-87141150
TN8714115;UIC;8714115
TN8714115;UIC8;87141150
TN8714115;WIKIDATA;Q2186882
TN8714120;OSM;5404991022
TN8714120;SNCF;StopArea:OCE87141200
TN8714120;SNCF;StopPoint:OCECar TER-87141200
TN8714120;SNCF;StopPoint:OCETrain TER-87141200
TN8714120;UIC;8714120
TN8714120;UIC8;87141200
TN8714120;WIKIDATA;Q3095726
TN8714121;OSM;8515452790
TN8714121;SNCF;StopArea:OCE87141218
TN8714121;SNCF;StopPoint:OCECar TER-87141218
TN8714121;SNCF;StopPoint:OCETrain TER-87141218
TN8714121;UIC;8714121
TN8714121;UIC8;87141218
TN8714121;WIKIDATA;Q3095925
TN8714125;SNCF;StopArea:OCE87141259
TN8714125;SNCF;StopPoint:OCECar TER-87141259
TN8714125;UIC;8714125
TN8714125;UIC8;87141259
TN8714129;OSM;9913129477
TN8714129;SNCF;StopArea:OCE87141291
TN8714129;SNCF;StopPoint:OCECar TER-87141291
TN8714129;SNCF;StopPoint:OCECar à réservation-87141291
TN8714129;SNCF;StopPoint:OCEINTERCITES-87141291
TN8714129;SNCF;StopPoint:OCETrain TER-87141291
TN8714129;UIC;8714129
TN8714129;UIC8;87141291
TN8714129;WIKIDATA;Q2389073
TN8714137;OSM;4398588293
TN8714137;SNCF;StopArea:OCE87141374
TN8714137;SNCF;StopPoint:OCECar TER-87141374
TN8714137;SNCF;StopPoint:OCETrain TER-87141374
TN8714137;UIC;8714137
TN8714137;UIC8;87141374
TN8714137;WIKIDATA;Q2661330
TN8714138;OSM;13397392267
TN8714138;SNCF;StopArea:OCE87141382
TN8714138;SNCF;StopPoint:OCECar TER-87141382
TN8714138;SNCF;StopPoint:OCETrain TER-87141382
TN8714138;UIC;8714138
TN8714138;UIC8;87141382
TN8714139;OSM;10751360394
TN8714139;SNCF;StopArea:OCE87141390
TN8714139;SNCF;StopPoint:OCECar TER-87141390
TN8714139;SNCF;StopPoint:OCETrain TER-87141390
TN8714139;UIC;8714139
TN8714139;UIC8;87141390
TN8714139;WIKIDATA;Q1928764
TN8714140;OSM;4398540068
TN8714140;SNCF;StopArea:OCE87141408
TN8714140;SNCF;StopPoint:OCECar TER-87141408
TN8714140;SNCF;StopPoint:OCETrain TER-87141408
TN8714140;UIC;8714140
TN8714140;UIC8;87141408
TN8714140;WIKIDATA;Q1947085
TN8714141;OSM;4398588069
TN8714141;SNCF;StopArea:OCE87141416
TN8714141;SNCF;StopPoint:OCECar TER-87141416
TN8714141;SNCF;StopPoint:OCETrain TER-87141416
TN8714141;UIC;8714141
TN8714141;UIC8;87141416
TN8714141;WIKIDATA;Q430790
TN8714142;OSM;8320790157
TN8714142;SNCF;StopArea:OCE87141424
TN8714142;SNCF;StopPoint:OCECar TER-87141424
TN8714142;SNCF;StopPoint:OCETrain TER-87141424
TN8714142;UIC;8714142
TN8714142;UIC8;87141424
TN8714142;WIKIDATA;Q3095975
TN8714143;OSM;8321814583
TN8714143;SNCF;StopArea:OCE87141432
TN8714143;SNCF;StopPoint:OCECar TER-87141432
TN8714143;SNCF;StopPoint:OCETrain TER-87141432
TN8714143;UIC;8714143
TN8714143;UIC8;87141432
TN8714143;WIKIDATA;Q3097855
TN8714147;OSM;5250940072
TN8714147;SNCF;StopArea:OCE87141473
TN8714147;SNCF;StopPoint:OCECar TER-87141473
TN8714147;SNCF;StopPoint:OCETrain TER-87141473
TN8714147;UIC;8714147
TN8714147;UIC8;87141473
TN8714147;WIKIDATA;Q3095770
TN8714148;OSM;5250940075
TN8714148;SNCF;StopArea:OCE87141481
TN8714148;SNCF;StopPoint:OCECar TER-87141481
TN8714148;SNCF;StopPoint:OCETrain TER-87141481
TN8714148;UIC;8714148
TN8714148;UIC8;87141481
TN8714148;WIKIDATA;Q3096918
TN8714149;OSM;5250940076
TN8714149;SNCF;StopArea:OCE87141499
TN8714149;SNCF;StopPoint:OCECar TER-87141499
TN8714149;SNCF;StopPoint:OCETrain TER-87141499
TN8714149;UIC;8714149
TN8714149;UIC8;87141499
TN8714149;WIKIDATA;Q3097027
TN8714150;OSM;5250940078
TN8714150;SNCF;StopArea:OCE87141507
TN8714150;SNCF;StopPoint:OCECar TER-87141507
TN8714150;SNCF;StopPoint:OCETrain TER-87141507
TN8714150;UIC;8714150
TN8714150;UIC8;87141507
TN8714150;WIKIDATA;Q3097192
TN8714152;OSM;4790717568
TN8714152;SNCF;StopArea:OCE87141523
TN8714152;SNCF;StopPoint:OCECar TER-87141523
TN8714152;SNCF;StopPoint:OCETrain TER-87141523
TN8714152;UIC;8714152
TN8714152;UIC8;87141523
TN8714152;WIKIDATA;Q3097296
TN8714172;SNCF;StopArea:OCE87141721
TN8714172;SNCF;StopPoint:OCECar TER-87141721
TN8714172;UIC;8714172
TN8714172;UIC8;87141721
TN8714173;SNCF;StopArea:OCE87141739
TN8714173;SNCF;StopPoint:OCECar TER-87141739
TN8714173;UIC;8714173
TN8714173;UIC8;87141739
TN8714175;SNCF;StopArea:OCE87141754
TN8714175;SNCF;StopPoint:OCECar TER-87141754
TN8714175;UIC;8714175
TN8714175;UIC8;87141754
TN8714178;OSM;5398105040
TN8714178;SNCF;StopArea:OCE87141788
TN8714178;SNCF;StopPoint:OCECar TER-87141788
TN8714178;SNCF;StopPoint:OCETrain TER-87141788
TN8714178;UIC;8714178
TN8714178;UIC8;87141788
TN8714178;WIKIDATA;Q2412350
TN8714179;OSM;10180294976
TN8714179;SNCF;StopArea:OCE87141796
TN8714179;SNCF;StopPoint:OCECar TER-87141796
TN8714179;SNCF;StopPoint:OCETrain TER-87141796
TN8714179;UIC;8714179
TN8714179;UIC8;87141796
TN8714179;WIKIDATA;Q3096968
TN8714180;OSM;5250940073
TN8714180;SNCF;StopArea:OCE87141804
TN8714180;SNCF;StopPoint:OCECar TER-87141804
TN8714180;SNCF;StopPoint:OCETrain TER-87141804
TN8714180;UIC;8714180
TN8714180;UIC8;87141804
TN8714180;WIKIDATA;Q3095947
TN8714181;OSM;3787797923
TN8714181;SNCF;StopArea:OCE87141812
TN8714181;SNCF;StopPoint:OCECar TER-87141812
TN8714181;SNCF;StopPoint:OCETrain TER-87141812
TN8714181;UIC;8714181
TN8714181;UIC8;87141812
TN8714181;WIKIDATA;Q3096364
TN8714182;OSM;9034851264
TN8714182;SNCF;StopArea:OCE87141820
TN8714182;SNCF;StopPoint:OCECar TER-87141820
TN8714182;SNCF;StopPoint:OCETrain TER-87141820
TN8714182;UIC;8714182
TN8714182;UIC8;87141820
TN8714182;WIKIDATA;Q2532824
TN8714200;OSM;2516923022
TN8714200;SNCF;StopArea:OCE87142000
TN8714200;SNCF;StopPoint:OCECar TER-87142000
TN8714200;SNCF;StopPoint:OCETrain TER-87142000
TN8714200;UIC;8714200
TN8714200;UIC8;87142000
TN8714200;WIKIDATA;Q1825470
TN8714209;OSM;2516923028
TN8714209;SNCF;StopArea:OCE87142091
TN8714209;SNCF;StopPoint:OCECar TER-87142091
TN8714209;SNCF;StopPoint:OCETrain TER-87142091
TN8714209;UIC;8714209
TN8714209;UIC8;87142091
TN8714209;WIKIDATA;Q2268586
TN8714210;OSM;4043327190
TN8714210;SNCF;StopArea:OCE87142109
TN8714210;SNCF;StopPoint:OCECar à réservation-87142109
TN8714210;SNCF;StopPoint:OCETGV INOUI-87142109
TN8714210;UIC;8714210
TN8714210;UIC8;87142109
TN8714210;WIKIDATA;Q801121
TN8714212;OSM;2524749187
TN8714212;SNCF;StopArea:OCE87142125
TN8714212;SNCF;StopPoint:OCECar TER-87142125
TN8714212;SNCF;StopPoint:OCECar à réservation-87142125
TN8714212;SNCF;StopPoint:OCEINTERCITES-87142125
TN8714212;SNCF;StopPoint:OCETrain TER-87142125
TN8714212;UIC;8714212
TN8714212;UIC8;87142125
TN8714212;WIKIDATA;Q2805667
TN8714222;OSM;5274855098
TN8714222;SNCF;StopArea:OCE87142224
TN8714222;SNCF;StopPoint:OCECar TER-87142224
TN8714222;SNCF;StopPoint:OCETrain TER-87142224
TN8714222;UIC;8714222
TN8714222;UIC8;87142224
TN8714222;WIKIDATA;Q962874
TN8714223;OSM;3469862793
TN8714223;SNCF;StopArea:OCE87142232
TN8714223;SNCF;StopPoint:OCECar TER-87142232
TN8714223;SNCF;StopPoint:OCETrain TER-87142232
TN8714223;UIC;8714223
TN8714223;UIC8;87142232
TN8714223;WIKIDATA;Q3097983
TN8714224;OSM;3469862393
TN8714224;SNCF;StopArea:OCE87142240
TN8714224;SNCF;StopPoint:OCECar TER-87142240
TN8714224;SNCF;StopPoint:OCETrain TER-87142240
TN8714224;UIC;8714224
TN8714224;UIC8;87142240
TN8714224;WIKIDATA;Q3096489
TN8714226;SNCF;StopArea:OCE87142265
TN8714226;SNCF;StopPoint:OCECar TER-87142265
TN8714226;UIC;8714226
TN8714226;UIC8;87142265
TN8714227;OSM;3469862193
TN8714227;SNCF;StopArea:OCE87142273
TN8714227;SNCF;StopPoint:OCECar TER-87142273
TN8714227;SNCF;StopPoint:OCETrain TER-87142273
TN8714227;UIC;8714227
TN8714227;UIC8;87142273
TN8714302;OSM;10771309458
TN8714302;SNCF;StopArea:OCE87143024
TN8714302;SNCF;StopPoint:OCECar TER-87143024
TN8714302;UIC;8714302
TN8714302;UIC8;87143024
TN8714302;WIKIDATA;Q3098043
TN8714400;SNCF;StopArea:OCE87144006
TN8714400;SNCF;StopPoint:OCECar TER-87144006
TN8714400;SNCF;StopPoint:OCETGV INOUI-87144006
TN8714400;SNCF;StopPoint:OCETrain TER-87144006
TN8714400;UIC;8714400
TN8714400;UIC8;87144006
TN8714401;OSM;4398588295
TN8714401;SNCF;StopArea:OCE87144014
TN8714401;SNCF;StopPoint:OCECar TER-87144014
TN8714401;SNCF;StopPoint:OCETGV INOUI-87144014
TN8714401;SNCF;StopPoint:OCETrain TER-87144014
TN8714401;UIC;8714401
TN8714401;UIC8;87144014
TN8714401;WIKIDATA;Q3097519
TN8714403;SNCF;StopArea:OCE87144030
TN8714403;SNCF;StopPoint:OCECar TER-87144030
TN8714403;UIC;8714403
TN8714403;UIC8;87144030
TN8714405;OSM;10166429861
TN8714405;SNCF;StopArea:OCE87144055
TN8714405;SNCF;StopPoint:OCECar TER-87144055
TN8714405;SNCF;StopPoint:OCETrain TER-87144055
TN8714405;UIC;8714405
TN8714405;UIC8;87144055
TN8714405;WIKIDATA;Q3096204
TN8714406;OSM;2275783120
TN8714406;SNCF;StopArea:OCE87144063
TN8714406;SNCF;StopPoint:OCECar TER-87144063
TN8714406;SNCF;StopPoint:OCETrain TER-87144063
TN8714406;UIC;8714406
TN8714406;UIC8;87144063
TN8714406;WIKIDATA;Q2482640
TN8714407;OSM;3471627293
TN8714407;SNCF;StopArea:OCE87144071
TN8714407;SNCF;StopPoint:OCECar TER-87144071
TN8714407;SNCF;StopPoint:OCETrain TER-87144071
TN8714407;UIC;8714407
TN8714407;UIC8;87144071
TN8714407;WIKIDATA;Q289445
TN8714408;OSM;8515452789
TN8714408;SNCF;StopArea:OCE87144089
TN8714408;SNCF;StopPoint:OCECar TER-87144089
TN8714408;SNCF;StopPoint:OCETrain TER-87144089
TN8714408;UIC;8714408
TN8714408;UIC8;87144089
TN8714408;WIKIDATA;Q2616463
TN8714409;OSM;8533307928
TN8714409;SNCF;StopArea:OCE87144097
TN8714409;SNCF;StopPoint:OCECar TER-87144097
TN8714409;SNCF;StopPoint:OCETrain TER-87144097
TN8714409;UIC;8714409
TN8714409;UIC8;87144097
TN8714409;WIKIDATA;Q1810836
TN8714412;OSM;2276481494
TN8714412;SNCF;StopArea:OCE87144121
TN8714412;SNCF;StopPoint:OCETrain TER-87144121
TN8714412;UIC;8714412
TN8714412;UIC8;87144121
TN8714412;WIKIDATA;Q2522662
TN8714414;OSM;2276481478
TN8714414;SNCF;StopArea:OCE87144147
TN8714414;SNCF;StopPoint:OCETrain TER-87144147
TN8714414;UIC;8714414
TN8714414;UIC8;87144147
TN8714414;WIKIDATA;Q2793921
TN8714415;OSM;9409563794
TN8714415;SNCF;StopArea:OCE87144154
TN8714415;SNCF;StopPoint:OCECar TER-87144154
TN8714415;SNCF;StopPoint:OCETrain TER-87144154
TN8714415;UIC;8714415
TN8714415;UIC8;87144154
TN8714415;WIKIDATA;Q2545635
TN8714421;SNCF;StopArea:OCE87144212
TN8714421;SNCF;StopPoint:OCECar TER-87144212
TN8714421;UIC;8714421
TN8714421;UIC8;87144212
TN8714427;OSM;10168833069
TN8714427;SNCF;StopArea:OCE87144279
TN8714427;SNCF;StopPoint:OCECar TER-87144279
TN8714427;SNCF;StopPoint:OCETrain TER-87144279
TN8714427;UIC;8714427
TN8714427;UIC8;87144279
TN8714427;WIKIDATA;Q675938
TN8714428;OSM;11009087779
TN8714428;SNCF;StopArea:OCE87144287
TN8714428;SNCF;StopPoint:OCETrain TER-87144287
TN8714428;UIC;8714428
TN8714428;UIC8;87144287
TN8714428;WIKIDATA;Q2205857
TN8714429;SNCF;StopArea:OCE87144295
TN8714429;SNCF;StopPoint:OCECar TER-87144295
TN8714429;UIC;8714429
TN8714429;UIC8;87144295
TN8714430;SNCF;StopArea:OCE87144303
TN8714430;SNCF;StopPoint:OCECar TER-87144303
TN8714430;UIC;8714430
TN8714430;UIC8;87144303
TN8714431;SNCF;StopArea:OCE87144311
TN8714431;SNCF;StopPoint:OCECar TER-87144311
TN8714431;UIC;8714431
TN8714431;UIC8;87144311
TN8714434;OSM;10039004571
TN8714434;SNCF;StopArea:OCE87144345
TN8714434;SNCF;StopPoint:OCECar TER-87144345
TN8714434;SNCF;StopPoint:OCETrain TER-87144345
TN8714434;UIC;8714434
TN8714434;UIC8;87144345
TN8714434;WIKIDATA;Q3097349
TN8714441;OSM;9409599581
TN8714441;SNCF;StopArea:OCE87144410
TN8714441;SNCF;StopPoint:OCECar TER-87144410
TN8714441;SNCF;StopPoint:OCETrain TER-87144410
TN8714441;UIC;8714441
TN8714441;UIC8;87144410
TN8714441;WIKIDATA;Q2401925
TN8714442;OSM;8171965480
TN8714442;SNCF;StopArea:OCE87144428
TN8714442;SNCF;StopPoint:OCECar TER-87144428
TN8714442;SNCF;StopPoint:OCETrain TER-87144428
TN8714442;UIC;8714442
TN8714442;UIC8;87144428
TN8714442;WIKIDATA;Q1938345
TN8714443;OSM;8507358866
TN8714443;SNCF;StopArea:OCE87144436
TN8714443;SNCF;StopPoint:OCECar TER-87144436
TN8714443;SNCF;StopPoint:OCETrain TER-87144436
TN8714443;UIC;8714443
TN8714443;UIC8;87144436
TN8714443;WIKIDATA;Q1946266
TN8714445;SNCF;StopArea:OCE87144451
TN8714445;SNCF;StopPoint:OCECar TER-87144451
TN8714445;SNCF;StopPoint:OCETGV INOUI-87144451
TN8714445;SNCF;StopPoint:OCETrain TER-87144451
TN8714445;UIC;8714445
TN8714445;UIC8;87144451
TN8714462;OSM;4398588292
TN8714462;SNCF;StopArea:OCE87144626
TN8714462;SNCF;StopPoint:OCECar TER-87144626
TN8714462;SNCF;StopPoint:OCETrain TER-87144626
TN8714462;UIC;8714462
TN8714462;UIC8;87144626
TN8714462;WIKIDATA;Q2448545
TN8714464;OSM;4368036806
TN8714464;SNCF;StopArea:OCE87144642
TN8714464;SNCF;StopPoint:OCECar TER-87144642
TN8714464;SNCF;StopPoint:OCETrain TER-87144642
TN8714464;UIC;8714464
TN8714464;UIC8;87144642
TN8714464;WIKIDATA;Q1977745
TN8714468;OSM;12953590106
TN8714468;SNCF;StopArea:OCE87144683
TN8714468;SNCF;StopPoint:OCECar TER-87144683
TN8714468;SNCF;StopPoint:OCETrain TER-87144683
TN8714468;UIC;8714468
TN8714468;UIC8;87144683
TN8714468;WIKIDATA;Q2747695
TN8714621;OSM;8272156103
TN8714621;SNCF;StopArea:OCE87146217
TN8714621;SNCF;StopPoint:OCECar TER-87146217
TN8714621;SNCF;StopPoint:OCETrain TER-87146217
TN8714621;UIC;8714621
TN8714621;UIC8;87146217
TN8714621;WIKIDATA;Q2051806
TN8714647;SNCF;StopArea:OCE87146472
TN8714647;SNCF;StopPoint:OCECar TER-87146472
TN8714647;UIC;8714647
TN8714647;UIC8;87146472
TN8714732;OSM;4043327191
TN8714732;SNCF;StopArea:OCE87147322
TN8714732;SNCF;StopPoint:OCECar à réservation-87147322
TN8714732;SNCF;StopPoint:OCETGV INOUI-87147322
TN8714732;UIC;8714732
TN8714732;UIC8;87147322
TN8714732;WIKIDATA;Q801181
TN8715241;SNCF;StopArea:OCE87152413
TN8715241;SNCF;StopPoint:OCECar TER-87152413
TN8715241;UIC;8715241
TN8715241;UIC8;87152413
TN8715800;SNCF;StopArea:OCE87158006
TN8715800;SNCF;StopPoint:OCECar TER-87158006
TN8715800;UIC;8715800
TN8715800;UIC8;87158006
TN8715994;OSM;281750468
TN8715994;SNCF;StopArea:OCE87159947
TN8715994;SNCF;StopPoint:OCETrain TER-87159947
TN8715994;UIC;8715994
TN8715994;UIC8;87159947
TN8715994;WIKIDATA;Q2393189
TN8716585;SNCF;StopArea:OCE87165852
TN8716585;SNCF;StopPoint:OCECar TER-87165852
TN8716585;UIC;8716585
TN8716585;UIC8;87165852
TN8716819;SNCF;StopArea:OCE87168195
TN8716819;SNCF;StopPoint:OCECar TER-87168195
TN8716819;UIC;8716819
TN8716819;UIC8;87168195
TN8717006;SNCF;StopArea:OCE87170068
TN8717006;SNCF;StopPoint:OCECar TER-87170068
TN8717006;UIC;8717006
TN8717006;UIC8;87170068
TN8717035;SNCF;StopArea:OCE87170357
TN8717035;SNCF;StopPoint:OCECar TER-87170357
TN8717035;UIC;8717035
TN8717035;UIC8;87170357
TN8717055;SNCF;StopArea:OCE87170555
TN8717055;SNCF;StopPoint:OCECar TER-87170555
TN8717055;UIC;8717055
TN8717055;UIC8;87170555
TN8717076;SNCF;StopArea:OCE87170761
TN8717076;SNCF;StopPoint:OCECar TER-87170761
TN8717076;UIC;8717076
TN8717076;UIC8;87170761
TN8717078;SNCF;StopArea:OCE87170787
TN8717078;SNCF;StopPoint:OCECar TER-87170787
TN8717078;UIC;8717078
TN8717078;UIC8;87170787
TN8717079;SNCF;StopArea:OCE87170795
TN8717079;SNCF;StopPoint:OCECar TER-87170795
TN8717079;UIC;8717079
TN8717079;UIC8;87170795
TN8717081;SNCF;StopArea:OCE87170811
TN8717081;SNCF;StopPoint:OCECar TER-87170811
TN8717081;UIC;8717081
TN8717081;UIC8;87170811
TN8717087;SNCF;StopArea:OCE87170878
TN8717087;SNCF;StopPoint:OCECar TER-87170878
TN8717087;UIC;8717087
TN8717087;UIC8;87170878
TN8717100;OSM;2517400258
TN8717100;SNCF;StopArea:OCE87171009
TN8717100;SNCF;StopPoint:OCECar TER-87171009
TN8717100;SNCF;StopPoint:OCETGV INOUI-87171009
TN8717100;SNCF;StopPoint:OCETrain TER-87171009
TN8717100;UIC;8717100
TN8717100;UIC8;87171009
TN8717100;WIKIDATA;Q801356
TN8717127;OSM;10753011249
TN8717127;SNCF;StopArea:OCE87171272
TN8717127;SNCF;StopPoint:OCETrain TER-87171272
TN8717127;UIC;8717127
TN8717127;UIC8;87171272
TN8717127;WIKIDATA;Q2261583
TN8717129;OSM;2276481487
TN8717129;SNCF;StopArea:OCE87171298
TN8717129;SNCF;StopPoint:OCECar TER-87171298
TN8717129;SNCF;StopPoint:OCETrain TER-87171298
TN8717129;UIC;8717129
TN8717129;UIC8;87171298
TN8717129;WIKIDATA;Q2598348
TN8717131;OSM;10137310170
TN8717131;SNCF;StopArea:OCE87171314
TN8717131;SNCF;StopPoint:OCECar TER-87171314
TN8717131;SNCF;StopPoint:OCETrain TER-87171314
TN8717131;UIC;8717131
TN8717131;UIC8;87171314
TN8717131;WIKIDATA;Q3096660
TN8717132;OSM;10137310169
TN8717132;SNCF;StopArea:OCE87171322
TN8717132;SNCF;StopPoint:OCECar TER-87171322
TN8717132;SNCF;StopPoint:OCETrain TER-87171322
TN8717132;UIC;8717132
TN8717132;UIC8;87171322
TN8717132;WIKIDATA;Q3096063
TN8717133;OSM;10137310135
TN8717133;SNCF;StopArea:OCE87171330
TN8717133;SNCF;StopPoint:OCECar TER-87171330
TN8717133;SNCF;StopPoint:OCETrain TER-87171330
TN8717133;UIC;8717133
TN8717133;UIC8;87171330
TN8717133;WIKIDATA;Q2523711
TN8717146;OSM;10137310203
TN8717146;SNCF;StopArea:OCE87171462
TN8717146;SNCF;StopPoint:OCECar TER-87171462
TN8717146;SNCF;StopPoint:OCETrain TER-87171462
TN8717146;UIC;8717146
TN8717146;UIC8;87171462
TN8717146;WIKIDATA;Q3095927
TN8717151;OSM;4207770893
TN8717151;SNCF;StopArea:OCE87171512
TN8717151;SNCF;StopPoint:OCECar TER-87171512
TN8717151;SNCF;StopPoint:OCETrain TER-87171512
TN8717151;UIC;8717151
TN8717151;UIC8;87171512
TN8717151;WIKIDATA;Q1985272
TN8717155;OSM;10111819345
TN8717155;SNCF;StopArea:OCE87171553
TN8717155;SNCF;StopPoint:OCECar TER-87171553
TN8717155;SNCF;StopPoint:OCETrain TER-87171553
TN8717155;UIC;8717155
TN8717155;UIC8;87171553
TN8717155;WIKIDATA;Q2085979
TN8717156;OSM;10075215186
TN8717156;SNCF;StopArea:OCE87171561
TN8717156;SNCF;StopPoint:OCECar TER-87171561
TN8717156;SNCF;StopPoint:OCETrain TER-87171561
TN8717156;UIC;8717156
TN8717156;UIC8;87171561
TN8717156;WIKIDATA;Q3095713
TN8717157;OSM;10075215172
TN8717157;SNCF;StopArea:OCE87171579
TN8717157;SNCF;StopPoint:OCECar TER-87171579
TN8717157;SNCF;StopPoint:OCETrain TER-87171579
TN8717157;UIC;8717157
TN8717157;UIC8;87171579
TN8717157;WIKIDATA;Q3095704
TN8717158;OSM;10232492247
TN8717158;SNCF;StopArea:OCE87171587
TN8717158;SNCF;StopPoint:OCECar TER-87171587
TN8717158;SNCF;StopPoint:OCETrain TER-87171587
TN8717158;UIC;8717158
TN8717158;UIC8;87171587
TN8717158;WIKIDATA;Q3096531
TN8717159;OSM;3838750310
TN8717159;SNCF;StopArea:OCE87171595
TN8717159;SNCF;StopPoint:OCECar TER-87171595
TN8717159;SNCF;StopPoint:OCETrain TER-87171595
TN8717159;UIC;8717159
TN8717159;UIC8;87171595
TN8717159;WIKIDATA;Q2205349
TN8717161;OSM;3820341549
TN8717161;SNCF;StopArea:OCE87171611
TN8717161;SNCF;StopPoint:OCECar TER-87171611
TN8717161;SNCF;StopPoint:OCETrain TER-87171611
TN8717161;UIC;8717161
TN8717161;UIC8;87171611
TN8717161;WIKIDATA;Q3097915
TN8717162;OSM;3820341548
TN8717162;SNCF;StopArea:OCE87171629
TN8717162;SNCF;StopPoint:OCECar TER-87171629
TN8717162;SNCF;StopPoint:OCETrain TER-87171629
TN8717162;UIC;8717162
TN8717162;UIC8;87171629
TN8717162;WIKIDATA;Q3097346
TN8717164;OSM;10143257271
TN8717164;SNCF;StopArea:OCE87171645
TN8717164;SNCF;StopPoint:OCECar TER-87171645
TN8717164;SNCF;StopPoint:OCETrain TER-87171645
TN8717164;UIC;8717164
TN8717164;UIC8;87171645
TN8717164;WIKIDATA;Q3097719
TN8717170;OSM;9266236863
TN8717170;SNCF;StopArea:OCE87171702
TN8717170;SNCF;StopPoint:OCECar TER-87171702
TN8717170;SNCF;StopPoint:OCETrain TER-87171702
TN8717170;UIC;8717170
TN8717170;UIC8;87171702
TN8717170;WIKIDATA;Q2043286
TN8717171;OSM;10745389121
TN8717171;SNCF;StopArea:OCE87171710
TN8717171;SNCF;StopPoint:OCECar TER-87171710
TN8717171;SNCF;StopPoint:OCETrain TER-87171710
TN8717171;UIC;8717171
TN8717171;UIC8;87171710
TN8717171;WIKIDATA;Q2224318
TN8717172;OSM;9266217192
TN8717172;SNCF;StopArea:OCE87171728
TN8717172;SNCF;StopPoint:OCECar TER-87171728
TN8717172;SNCF;StopPoint:OCETrain TER-87171728
TN8717172;UIC;8717172
TN8717172;UIC8;87171728
TN8717172;WIKIDATA;Q2395523
TN8717173;OSM;9266218762
TN8717173;SNCF;StopArea:OCE87171736
TN8717173;SNCF;StopPoint:OCECar TER-87171736
TN8717173;SNCF;StopPoint:OCETrain TER-87171736
TN8717173;UIC;8717173
TN8717173;UIC8;87171736
TN8717173;WIKIDATA;Q2342913
TN8717174;OSM;9266254172
TN8717174;SNCF;StopArea:OCE87171744
TN8717174;SNCF;StopPoint:OCECar TER-87171744
TN8717174;SNCF;StopPoint:OCETrain TER-87171744
TN8717174;UIC;8717174
TN8717174;UIC8;87171744
TN8717174;WIKIDATA;Q3095623
TN8717175;OSM;9266241224
TN8717175;SNCF;StopArea:OCE87171751
TN8717175;SNCF;StopPoint:OCECar TER-87171751
TN8717175;SNCF;StopPoint:OCETrain TER-87171751
TN8717175;UIC;8717175
TN8717175;UIC8;87171751
TN8717175;WIKIDATA;Q2245176
TN8717176;OSM;9266280084
TN8717176;SNCF;StopArea:OCE87171769
TN8717176;SNCF;StopPoint:OCECar TER-87171769
TN8717176;SNCF;StopPoint:OCETrain TER-87171769
TN8717176;UIC;8717176
TN8717176;UIC8;87171769
TN8717176;WIKIDATA;Q2668765
TN8717192;OSM;4043327189
TN8717192;SNCF;StopArea:OCE87171926
TN8717192;SNCF;StopPoint:OCEICE-87171926
TN8717192;SNCF;StopPoint:OCEOUIGO-87171926
TN8717192;SNCF;StopPoint:OCETGV INOUI-87171926
TN8717192;SNCF;StopPoint:OCETrain TER-87171926
TN8717192;UIC;8717192
TN8717192;UIC8;87171926
TN8717192;WIKIDATA;Q800616
TN8717200;SNCF;StopArea:OCE87172007
TN8717200;SNCF;StopPoint:OCECar TER-87172007
TN8717200;SNCF;StopPoint:OCETGV INOUI-87172007
TN8717200;SNCF;StopPoint:OCETrain TER-87172007
TN8717200;UIC;8717200
TN8717200;UIC8;87172007
TN8717202;OSM;4952277383
TN8717202;SNCF;StopArea:OCE87172023
TN8717202;SNCF;StopPoint:OCECar TER-87172023
TN8717202;SNCF;StopPoint:OCETrain TER-87172023
TN8717202;UIC;8717202
TN8717202;UIC8;87172023
TN8717202;WIKIDATA;Q2687707
TN8717203;OSM;4952727250
TN8717203;SNCF;StopArea:OCE87172031
TN8717203;SNCF;StopPoint:OCETrain TER-87172031
TN8717203;UIC;8717203
TN8717203;UIC8;87172031
TN8717203;WIKIDATA;Q3096655
TN8717204;OSM;4952727257
TN8717204;SNCF;StopArea:OCE87172049
TN8717204;SNCF;StopPoint:OCECar TER-87172049
TN8717204;SNCF;StopPoint:OCETrain TER-87172049
TN8717204;UIC;8717204
TN8717204;UIC8;87172049
TN8717204;WIKIDATA;Q2086218
TN8717205;OSM;4952727245
TN8717205;SNCF;StopArea:OCE87172056
TN8717205;SNCF;StopPoint:OCECar TER-87172056
TN8717205;SNCF;StopPoint:OCETrain TER-87172056
TN8717205;UIC;8717205
TN8717205;UIC8;87172056
TN8717205;WIKIDATA;Q3097079
TN8717206;OSM;4952727248
TN8717206;SNCF;StopArea:OCE87172064
TN8717206;SNCF;StopPoint:OCECar TER-87172064
TN8717206;SNCF;StopPoint:OCETrain TER-87172064
TN8717206;UIC;8717206
TN8717206;UIC8;87172064
TN8717206;WIKIDATA;Q3096359
TN8717207;OSM;4952727249
TN8717207;SNCF;StopArea:OCE87172072
TN8717207;SNCF;StopPoint:OCECar TER-87172072
TN8717207;SNCF;StopPoint:OCETrain TER-87172072
TN8717207;UIC;8717207
TN8717207;UIC8;87172072
TN8717207;WIKIDATA;Q3096833
TN8717208;OSM;4952277382
TN8717208;SNCF;StopArea:OCE87172080
TN8717208;SNCF;StopPoint:OCECar TER-87172080
TN8717208;SNCF;StopPoint:OCETrain TER-87172080
TN8717208;UIC;8717208
TN8717208;UIC8;87172080
TN8717208;WIKIDATA;Q3097401
TN8717209;OSM;4952277322
TN8717209;SNCF;StopArea:OCE87172098
TN8717209;SNCF;StopPoint:OCECar TER-87172098
TN8717209;SNCF;StopPoint:OCETrain TER-87172098
TN8717209;UIC;8717209
TN8717209;UIC8;87172098
TN8717209;WIKIDATA;Q3096501
TN8717210;OSM;4952277323
TN8717210;SNCF;StopArea:OCE87172106
TN8717210;SNCF;StopPoint:OCECar TER-87172106
TN8717210;SNCF;StopPoint:OCETrain TER-87172106
TN8717210;UIC;8717210
TN8717210;UIC8;87172106
TN8717210;WIKIDATA;Q3095765
TN8717211;OSM;4952277325
TN8717211;SNCF;StopArea:OCE87172114
TN8717211;SNCF;StopPoint:OCECar TER-87172114
TN8717211;SNCF;StopPoint:OCETrain TER-87172114
TN8717211;UIC;8717211
TN8717211;UIC8;87172114
TN8717211;WIKIDATA;Q2022973
TN8717212;OSM;4952277326
TN8717212;SNCF;StopArea:OCE87172122
TN8717212;SNCF;StopPoint:OCECar TER-87172122
TN8717212;SNCF;StopPoint:OCETrain TER-87172122
TN8717212;UIC;8717212
TN8717212;UIC8;87172122
TN8717212;WIKIDATA;Q2116916
TN8717213;OSM;4290854887
TN8717213;SNCF;StopArea:OCE87172130
TN8717213;SNCF;StopPoint:OCECar TER-87172130
TN8717213;SNCF;StopPoint:OCETrain TER-87172130
TN8717213;UIC;8717213
TN8717213;UIC8;87172130
TN8717213;WIKIDATA;Q2284792
TN8717215;SNCF;StopArea:OCE87172155
TN8717215;SNCF;StopPoint:OCECar TER-87172155
TN8717215;SNCF;StopPoint:OCETrain TER-87172155
TN8717215;UIC;8717215
TN8717215;UIC8;87172155
TN8717217;OSM;11142318981
TN8717217;SNCF;StopArea:OCE87172171
TN8717217;SNCF;StopPoint:OCECar TER-87172171
TN8717217;SNCF;StopPoint:OCETrain TER-87172171
TN8717217;UIC;8717217
TN8717217;UIC8;87172171
TN8717217;WIKIDATA;Q16744012
TN8717218;OSM;4290857015
TN8717218;SNCF;StopArea:OCE87172189
TN8717218;SNCF;StopPoint:OCECar TER-87172189
TN8717218;SNCF;StopPoint:OCETrain TER-87172189
TN8717218;UIC;8717218
TN8717218;UIC8;87172189
TN8717218;WIKIDATA;Q3096919
TN8717221;SNCF;StopArea:OCE87172213
TN8717221;SNCF;StopPoint:OCECar TER-87172213
TN8717221;SNCF;StopPoint:OCETrain TER-87172213
TN8717221;UIC;8717221
TN8717221;UIC8;87172213
TN8717222;OSM;3469383993
TN8717222;SNCF;StopArea:OCE87172221
TN8717222;SNCF;StopPoint:OCETrain TER-87172221
TN8717222;UIC;8717222
TN8717222;UIC8;87172221
TN8717222;WIKIDATA;Q3098045
TN8717223;OSM;3469375594
TN8717223;SNCF;StopArea:OCE87172239
TN8717223;SNCF;StopPoint:OCECar TER-87172239
TN8717223;SNCF;StopPoint:OCETrain TER-87172239
TN8717223;UIC;8717223
TN8717223;UIC8;87172239
TN8717223;WIKIDATA;Q3096387
TN8717225;OSM;1873535542
TN8717225;SNCF;StopArea:OCE87172254
TN8717225;SNCF;StopPoint:OCECar TER-87172254
TN8717225;SNCF;StopPoint:OCETGV INOUI-87172254
TN8717225;SNCF;StopPoint:OCETrain TER-87172254
TN8717225;UIC;8717225
TN8717225;UIC8;87172254
TN8717225;WIKIDATA;Q2275121
TN8717226;OSM;14038816707
TN8717226;SNCF;StopArea:OCE87172262
TN8717226;SNCF;StopPoint:OCECar TER-87172262
TN8717226;SNCF;StopPoint:OCETrain TER-87172262
TN8717226;UIC;8717226
TN8717226;UIC8;87172262
TN8717226;WIKIDATA;Q3095619
TN8717227;OSM;5699592928
TN8717227;SNCF;StopArea:OCE87172270
TN8717227;SNCF;StopPoint:OCECar TER-87172270
TN8717227;SNCF;StopPoint:OCETGV INOUI-87172270
TN8717227;SNCF;StopPoint:OCETrain TER-87172270
TN8717227;UIC;8717227
TN8717227;UIC8;87172270
TN8717227;WIKIDATA;Q2438613
TN8717230;SNCF;StopArea:OCE87172304
TN8717230;SNCF;StopPoint:OCECar TER-87172304
TN8717230;UIC;8717230
TN8717230;UIC8;87172304
TN8717231;SNCF;StopArea:OCE87172312
TN8717231;SNCF;StopPoint:OCECar TER-87172312
TN8717231;UIC;8717231
TN8717231;UIC8;87172312
TN8717232;SNCF;StopArea:OCE87172320
TN8717232;SNCF;StopPoint:OCECar TER-87172320
TN8717232;UIC;8717232
TN8717232;UIC8;87172320
TN8717233;SNCF;StopArea:OCE87172338
TN8717233;SNCF;StopPoint:OCECar TER-87172338
TN8717233;UIC;8717233
TN8717233;UIC8;87172338
TN8717234;SNCF;StopArea:OCE87172346
TN8717234;SNCF;StopPoint:OCECar TER-87172346
TN8717234;UIC;8717234
TN8717234;UIC8;87172346
TN8717235;SNCF;StopArea:OCE87172353
TN8717235;SNCF;StopPoint:OCECar TER-87172353
TN8717235;SNCF;StopPoint:OCETrain TER-87172353
TN8717235;UIC;8717235
TN8717235;UIC8;87172353
TN8717238;SNCF;StopArea:OCE87172387
TN8717238;SNCF;StopPoint:OCECar TER-87172387
TN8717238;UIC;8717238
TN8717238;UIC8;87172387
TN8717239;SNCF;StopArea:OCE87172395
TN8717239;SNCF;StopPoint:OCECar TER-87172395
TN8717239;UIC;8717239
TN8717239;UIC8;87172395
TN8717241;SNCF;StopArea:OCE87172411
TN8717241;SNCF;StopPoint:OCECar TER-87172411
TN8717241;UIC;8717241
TN8717241;UIC8;87172411
TN8717270;SNCF;StopArea:OCE87172700
TN8717270;SNCF;StopPoint:OCECar TER-87172700
TN8717270;UIC;8717270
TN8717270;UIC8;87172700
TN8717285;OSM;4952284137
TN8717285;SNCF;StopArea:OCE87172858
TN8717285;SNCF;StopPoint:OCECar TER-87172858
TN8717285;SNCF;StopPoint:OCETrain TER-87172858
TN8717285;UIC;8717285
TN8717285;UIC8;87172858
TN8717285;WIKIDATA;Q3095628
TN8717287;OSM;4952277324
TN8717287;SNCF;StopArea:OCE87172874
TN8717287;SNCF;StopPoint:OCECar TER-87172874
TN8717287;SNCF;StopPoint:OCETrain TER-87172874
TN8717287;UIC;8717287
TN8717287;UIC8;87172874
TN8717287;WIKIDATA;Q3096505
TN8717330;SNCF;StopArea:OCE87173302
TN8717330;SNCF;StopPoint:OCECar TER-87173302
TN8717330;UIC;8717330
TN8717330;UIC8;87173302
TN8717340;SNCF;StopArea:OCE87173401
TN8717340;SNCF;StopPoint:OCECar TER-87173401
TN8717340;UIC;8717340
TN8717340;UIC8;87173401
TN8717346;SNCF;StopArea:OCE87173468
TN8717346;SNCF;StopPoint:OCECar TER-87173468
TN8717346;UIC;8717346
TN8717346;UIC8;87173468
TN8717354;SNCF;StopArea:OCE87173542
TN8717354;SNCF;StopPoint:OCECar TER-87173542
TN8717354;UIC;8717354
TN8717354;UIC8;87173542
TN8717382;SNCF;StopArea:OCE87173823
TN8717382;SNCF;StopPoint:OCECar TER-87173823
TN8717382;UIC;8717382
TN8717382;UIC8;87173823
TN8717390;SNCF;StopArea:OCE87173906
TN8717390;SNCF;StopPoint:OCECar TER-87173906
TN8717390;UIC;8717390
TN8717390;UIC8;87173906
TN8717400;OSM;2517400255
TN8717400;SNCF;StopArea:OCE87174003
TN8717400;SNCF;StopPoint:OCECar TER-87174003
TN8717400;SNCF;StopPoint:OCETGV INOUI-87174003
TN8717400;SNCF;StopPoint:OCETrain TER-87174003
TN8717400;UIC;8717400
TN8717400;UIC8;87174003
TN8717400;WIKIDATA;Q579849
TN8717427;OSM;2516966558
TN8717427;SNCF;StopArea:OCE87174276
TN8717427;SNCF;StopPoint:OCECar TER-87174276
TN8717427;SNCF;StopPoint:OCETGV INOUI-87174276
TN8717427;SNCF;StopPoint:OCETrain TER-87174276
TN8717427;UIC;8717427
TN8717427;UIC8;87174276
TN8717427;WIKIDATA;Q1818259
TN8717440;OSM;2517400257
TN8717440;SNCF;StopArea:OCE87174409
TN8717440;SNCF;StopPoint:OCECar TER-87174409
TN8717440;SNCF;StopPoint:OCETrain TER-87174409
TN8717440;UIC;8717440
TN8717440;UIC8;87174409
TN8717440;WIKIDATA;Q3097119
TN8717500;OSM;2516966546
TN8717500;SNCF;StopArea:OCE87175000
TN8717500;SNCF;StopPoint:OCECar TER-87175000
TN8717500;SNCF;StopPoint:OCETrain TER-87175000
TN8717500;UIC;8717500
TN8717500;UIC8;87175000
TN8717500;WIKIDATA;Q2077891
TN8717501;OSM;10151738320
TN8717501;SNCF;StopArea:OCE87175018
TN8717501;SNCF;StopPoint:OCECar TER-87175018
TN8717501;SNCF;StopPoint:OCETrain TER-87175018
TN8717501;UIC;8717501
TN8717501;UIC8;87175018
TN8717501;WIKIDATA;Q3097398
TN8717504;OSM;9917511496
TN8717504;SNCF;StopArea:OCE87175042
TN8717504;SNCF;StopPoint:OCECar TER-87175042
TN8717504;SNCF;StopPoint:OCECar à réservation-87175042
TN8717504;SNCF;StopPoint:OCETGV INOUI-87175042
TN8717504;SNCF;StopPoint:OCETrain TER-87175042
TN8717504;UIC;8717504
TN8717504;UIC8;87175042
TN8717504;WIKIDATA;Q972791
TN8717506;OSM;10146827356
TN8717506;SNCF;StopArea:OCE87175067
TN8717506;SNCF;StopPoint:OCECar TER-87175067
TN8717506;SNCF;StopPoint:OCETrain TER-87175067
TN8717506;UIC;8717506
TN8717506;UIC8;87175067
TN8717506;WIKIDATA;Q3097170
TN8717509;OSM;3656710079
TN8717509;SNCF;StopArea:OCE87175091
TN8717509;SNCF;StopPoint:OCECar TER-87175091
TN8717509;SNCF;StopPoint:OCETrain TER-87175091
TN8717509;UIC;8717509
TN8717509;UIC8;87175091
TN8717509;WIKIDATA;Q3096656
TN8717510;SNCF;StopArea:OCE87175109
TN8717510;SNCF;StopPoint:OCECar TER-87175109
TN8717510;UIC;8717510
TN8717510;UIC8;87175109
TN8717511;OSM;3469862093
TN8717511;SNCF;StopArea:OCE87175117
TN8717511;SNCF;StopPoint:OCECar TER-87175117
TN8717511;SNCF;StopPoint:OCETrain TER-87175117
TN8717511;UIC;8717511
TN8717511;UIC8;87175117
TN8717511;WIKIDATA;Q3096218
TN8717524;OSM;14029685692
TN8717524;SNCF;StopArea:OCE87175240
TN8717524;SNCF;StopPoint:OCECar TER-87175240
TN8717524;SNCF;StopPoint:OCETrain TER-87175240
TN8717524;UIC;8717524
TN8717524;UIC8;87175240
TN8717524;WIKIDATA;Q3096935
TN8717525;OSM;10168833051
TN8717525;SNCF;StopArea:OCE87175257
TN8717525;SNCF;StopPoint:OCECar TER-87175257
TN8717525;SNCF;StopPoint:OCECar à réservation-87175257
TN8717525;SNCF;StopPoint:OCETrain TER-87175257
TN8717525;UIC;8717525
TN8717525;UIC8;87175257
TN8717525;WIKIDATA;Q3096271
TN8717577;OSM;7648693282
TN8717577;SNCF;StopArea:OCE87175778
TN8717577;SNCF;StopPoint:OCECar TER-87175778
TN8717577;SNCF;StopPoint:OCECar à réservation-87175778
TN8717577;SNCF;StopPoint:OCETrain TER-87175778
TN8717577;UIC;8717577
TN8717577;UIC8;87175778
TN8717577;WIKIDATA;Q2234913
TN8717579;OSM;10171109719
TN8717579;SNCF;StopArea:OCE87175794
TN8717579;SNCF;StopPoint:OCECar TER-87175794
TN8717579;SNCF;StopPoint:OCETrain TER-87175794
TN8717579;UIC;8717579
TN8717579;UIC8;87175794
TN8717579;WIKIDATA;Q3095881
TN8717582;SNCF;StopArea:OCE87175828
TN8717582;SNCF;StopPoint:OCECar TER-87175828
TN8717582;SNCF;StopPoint:OCETrain TER-87175828
TN8717582;UIC;8717582
TN8717582;UIC8;87175828
TN8717697;SNCF;StopArea:OCE87176974
TN8717697;SNCF;StopPoint:OCECar TER-87176974
TN8717697;UIC;8717697
TN8717697;UIC8;87176974
TN8717717;SNCF;StopArea:OCE87177170
TN8717717;SNCF;StopPoint:OCECar TER-87177170
TN8717717;UIC;8717717
TN8717717;UIC8;87177170
TN8717736;SNCF;StopArea:OCE87177360
TN8717736;SNCF;StopPoint:OCECar TER-87177360
TN8717736;UIC;8717736
TN8717736;UIC8;87177360
TN8717757;SNCF;StopArea:OCE87177576
TN8717757;SNCF;StopPoint:OCECar TER-87177576
TN8717757;UIC;8717757
TN8717757;UIC8;87177576
TN8718101;OSM;3822299126
TN8718101;SNCF;StopArea:OCE87181016
TN8718101;SNCF;StopPoint:OCETrain TER-87181016
TN8718101;UIC;8718101
TN8718101;UIC8;87181016
TN8718101;WIKIDATA;Q2693953
TN8718104;OSM;8040355088
TN8718104;SNCF;StopArea:OCE87181040
TN8718104;SNCF;StopPoint:OCETrain TER-87181040
TN8718104;UIC;8718104
TN8718104;UIC8;87181040
TN8718104;WIKIDATA;Q2597950
TN8718106;OSM;8040353046
TN8718106;SNCF;StopArea:OCE87181065
TN8718106;SNCF;StopPoint:OCETrain TER-87181065
TN8718106;UIC;8718106
TN8718106;UIC8;87181065
TN8718106;WIKIDATA;Q128074
TN8718113;OSM;3098440639
TN8718113;SNCF;StopArea:OCE87181131
TN8718113;SNCF;StopPoint:OCECar TER-87181131
TN8718113;SNCF;StopPoint:OCETrain TER-87181131
TN8718113;SNCF;StopPoint:OCETramTrain-87181131
TN8718113;UIC;8718113
TN8718113;UIC8;87181131
TN8718113;WIKIDATA;Q2030120
TN8718122;OSM;9200872126
TN8718122;SNCF;StopArea:OCE87181222
TN8718122;SNCF;StopPoint:OCECar TER-87181222
TN8718122;SNCF;StopPoint:OCETrain TER-87181222
TN8718122;UIC;8718122
TN8718122;UIC8;87181222
TN8718122;WIKIDATA;Q2714470
TN8718128;OSM;2275783119
TN8718128;SNCF;StopArea:OCE87181289
TN8718128;SNCF;StopPoint:OCETrain TER-87181289
TN8718128;SNCF;StopPoint:OCETramTrain-87181289
TN8718128;UIC;8718128
TN8718128;UIC8;87181289
TN8718128;WIKIDATA;Q3097984
TN8718155;OSM;9200872122
TN8718155;SNCF;StopArea:OCE87181552
TN8718155;SNCF;StopPoint:OCECar TER-87181552
TN8718155;SNCF;StopPoint:OCETrain TER-87181552
TN8718155;UIC;8718155
TN8718155;UIC8;87181552
TN8718155;WIKIDATA;Q3097534
TN8718201;OSM;398836628
TN8718201;SNCF;StopArea:OCE87182014
TN8718201;SNCF;StopPoint:OCECar TER-87182014
TN8718201;SNCF;StopPoint:OCEOUIGO-87182014
TN8718201;SNCF;StopPoint:OCETGV INOUI-87182014
TN8718201;SNCF;StopPoint:OCETrain TER-87182014
TN8718201;UIC;8718201
TN8718201;UIC8;87182014
TN8718201;WIKIDATA;Q958671
TN8718205;OSM;4290854877
TN8718205;SNCF;StopArea:OCE87182055
TN8718205;SNCF;StopPoint:OCETrain TER-87182055
TN8718205;UIC;8718205
TN8718205;UIC8;87182055
TN8718206;OSM;2502268309
TN8718206;SNCF;StopArea:OCE87182063
TN8718206;SNCF;StopPoint:OCECar TER-87182063
TN8718206;SNCF;StopPoint:OCEICE-87182063
TN8718206;SNCF;StopPoint:OCELyria-87182063
TN8718206;SNCF;StopPoint:OCEOUIGO-87182063
TN8718206;SNCF;StopPoint:OCETGV INOUI-87182063
TN8718206;SNCF;StopPoint:OCETrain TER-87182063
TN8718206;UIC;8718206
TN8718206;UIC8;87182063
TN8718206;WIKIDATA;Q801205
TN8718207;OSM;8040307079
TN8718207;SNCF;StopArea:OCE87182071
TN8718207;SNCF;StopPoint:OCETrain TER-87182071
TN8718207;UIC;8718207
TN8718207;UIC8;87182071
TN8718207;WIKIDATA;Q3097424
TN8718208;OSM;8040317482
TN8718208;SNCF;StopArea:OCE87182089
TN8718208;SNCF;StopPoint:OCECar TER-87182089
TN8718208;SNCF;StopPoint:OCETrain TER-87182089
TN8718208;UIC;8718208
TN8718208;UIC8;87182089
TN8718208;WIKIDATA;Q2592955
TN8718210;OSM;8688147688
TN8718210;SNCF;StopArea:OCE87182105
TN8718210;SNCF;StopPoint:OCETrain TER-87182105
TN8718210;UIC;8718210
TN8718210;UIC8;87182105
TN8718210;WIKIDATA;Q2148311
TN8718211;OSM;3454342193
TN8718211;SNCF;StopArea:OCE87182113
TN8718211;SNCF;StopPoint:OCETrain TER-87182113
TN8718211;UIC;8718211
TN8718211;UIC8;87182113
TN8718211;WIKIDATA;Q1923085
TN8718213;OSM;3464978327
TN8718213;SNCF;StopArea:OCE87182139
TN8718213;SNCF;StopPoint:OCECar TER-87182139
TN8718213;SNCF;StopPoint:OCETrain TER-87182139
TN8718213;UIC;8718213
TN8718213;UIC8;87182139
TN8718213;WIKIDATA;Q662776
TN8718219;OSM;8040340686
TN8718219;SNCF;StopArea:OCE87182196
TN8718219;SNCF;StopPoint:OCETrain TER-87182196
TN8718219;UIC;8718219
TN8718219;UIC8;87182196
TN8718219;WIKIDATA;Q2608887
TN8718220;OSM;8040364627
TN8718220;SNCF;StopArea:OCE87182204
TN8718220;SNCF;StopPoint:OCETrain TER-87182204
TN8718220;UIC;8718220
TN8718220;UIC8;87182204
TN8718220;WIKIDATA;Q2222548
TN8718223;OSM;2522405112
TN8718223;SNCF;StopArea:OCE87182238
TN8718223;SNCF;StopPoint:OCECar TER-87182238
TN8718223;SNCF;StopPoint:OCETrain TER-87182238
TN8718223;UIC;8718223
TN8718223;UIC8;87182238
TN8718223;WIKIDATA;Q1888534
TN8718225;OSM;8040371012
TN8718225;SNCF;StopArea:OCE87182253
TN8718225;SNCF;StopPoint:OCECar TER-87182253
TN8718225;SNCF;StopPoint:OCETrain TER-87182253
TN8718225;UIC;8718225
TN8718225;UIC8;87182253
TN8718225;WIKIDATA;Q2713341
TN8718232;OSM;10079447528
TN8718232;SNCF;StopArea:OCE87182329
TN8718232;SNCF;StopPoint:OCECar TER-87182329
TN8718232;SNCF;StopPoint:OCETrain TER-87182329
TN8718232;UIC;8718232
TN8718232;UIC8;87182329
TN8718232;WIKIDATA;Q2692559
TN8718233;OSM;4389404367
TN8718233;SNCF;StopArea:OCE87182337
TN8718233;SNCF;StopPoint:OCECar TER-87182337
TN8718233;SNCF;StopPoint:OCETrain TER-87182337
TN8718233;UIC;8718233
TN8718233;UIC8;87182337
TN8718233;WIKIDATA;Q1832258
TN8718234;OSM;9200872124
TN8718234;SNCF;StopArea:OCE87182345
TN8718234;SNCF;StopPoint:OCETrain TER-87182345
TN8718234;UIC;8718234
TN8718234;UIC8;87182345
TN8718234;WIKIDATA;Q2497752
TN8718235;OSM;9200872123
TN8718235;SNCF;StopArea:OCE87182352
TN8718235;SNCF;StopPoint:OCETrain TER-87182352
TN8718235;UIC;8718235
TN8718235;UIC8;87182352
TN8718235;WIKIDATA;Q2218613
TN8718236;OSM;9200872121
TN8718236;SNCF;StopArea:OCE87182360
TN8718236;SNCF;StopPoint:OCECar TER-87182360
TN8718236;SNCF;StopPoint:OCETrain TER-87182360
TN8718236;UIC;8718236
TN8718236;UIC8;87182360
TN8718236;WIKIDATA;Q3098050
TN8718237;OSM;9200872120
TN8718237;SNCF;StopArea:OCE87182378
TN8718237;SNCF;StopPoint:OCETrain TER-87182378
TN8718237;UIC;8718237
TN8718237;UIC8;87182378
TN8718237;WIKIDATA;Q3098081
TN8718238;OSM;9200872119
TN8718238;SNCF;StopArea:OCE87182386
TN8718238;SNCF;StopPoint:OCETrain TER-87182386
TN8718238;UIC;8718238
TN8718238;UIC8;87182386
TN8718238;WIKIDATA;Q3096599
TN8718239;OSM;9200872117
TN8718239;SNCF;StopArea:OCE87182394
TN8718239;SNCF;StopPoint:OCECar TER-87182394
TN8718239;SNCF;StopPoint:OCETrain TER-87182394
TN8718239;UIC;8718239
TN8718239;UIC8;87182394
TN8718239;WIKIDATA;Q3097136
TN8718240;OSM;9309000396
TN8718240;SNCF;StopArea:OCE87182402
TN8718240;SNCF;StopPoint:OCETrain TER-87182402
TN8718240;UIC;8718240
TN8718240;UIC8;87182402
TN8718240;WIKIDATA;Q3097379
TN8718241;OSM;4290854863
TN8718241;SNCF;StopArea:OCE87182410
TN8718241;SNCF;StopPoint:OCECar TER-87182410
TN8718241;SNCF;StopPoint:OCETrain TER-87182410
TN8718241;SNCF;StopPoint:OCETramTrain-87182410
TN8718241;UIC;8718241
TN8718241;UIC8;87182410
TN8718241;WIKIDATA;Q2165462
TN8718254;OSM;9200859316
TN8718254;SNCF;StopArea:OCE87182543
TN8718254;SNCF;StopPoint:OCETrain TER-87182543
TN8718254;UIC;8718254
TN8718254;UIC8;87182543
TN8718254;WIKIDATA;Q3096923
TN8718255;OSM;4396504591
TN8718255;SNCF;StopArea:OCE87182550
TN8718255;SNCF;StopPoint:OCETrain TER-87182550
TN8718255;SNCF;StopPoint:OCETramTrain-87182550
TN8718255;UIC;8718255
TN8718255;UIC8;87182550
TN8718255;WIKIDATA;Q2357986
TN8718256;OSM;3465517098
TN8718256;SNCF;StopArea:OCE87182568
TN8718256;SNCF;StopPoint:OCECar TER-87182568
TN8718256;SNCF;StopPoint:OCETrain TER-87182568
TN8718256;SNCF;StopPoint:OCETramTrain-87182568
TN8718256;UIC;8718256
TN8718256;UIC8;87182568
TN8718256;WIKIDATA;Q666766
TN8718257;OSM;4396504592
TN8718257;SNCF;StopArea:OCE87182576
TN8718257;SNCF;StopPoint:OCETrain TER-87182576
TN8718257;UIC;8718257
TN8718257;UIC8;87182576
TN8718257;WIKIDATA;Q3095998
TN8718258;OSM;4396506779
TN8718258;SNCF;StopArea:OCE87182584
TN8718258;SNCF;StopPoint:OCETrain TER-87182584
TN8718258;UIC;8718258
TN8718258;UIC8;87182584
TN8718258;WIKIDATA;Q3098082
TN8718259;OSM;9308998611
TN8718259;SNCF;StopArea:OCE87182592
TN8718259;SNCF;StopPoint:OCETrain TER-87182592
TN8718259;UIC;8718259
TN8718259;UIC8;87182592
TN8718259;WIKIDATA;Q3097098
TN8718260;OSM;9308990078
TN8718260;SNCF;StopArea:OCE87182600
TN8718260;SNCF;StopPoint:OCETrain TER-87182600
TN8718260;UIC;8718260
TN8718260;UIC8;87182600
TN8718260;WIKIDATA;Q3097481
TN8718261;OSM;9308990994
TN8718261;SNCF;StopArea:OCE87182618
TN8718261;SNCF;StopPoint:OCECar TER-87182618
TN8718261;SNCF;StopPoint:OCETrain TER-87182618
TN8718261;UIC;8718261
TN8718261;UIC8;87182618
TN8718261;WIKIDATA;Q3098076
TN8718262;OSM;9308994409
TN8718262;SNCF;StopArea:OCE87182626
TN8718262;SNCF;StopPoint:OCETrain TER-87182626
TN8718262;UIC;8718262
TN8718262;UIC8;87182626
TN8718262;WIKIDATA;Q3096419
TN8718263;OSM;9308982656
TN8718263;SNCF;StopArea:OCE87182634
TN8718263;SNCF;StopPoint:OCETrain TER-87182634
TN8718263;UIC;8718263
TN8718263;UIC8;87182634
TN8718263;WIKIDATA;Q3095816
TN8718264;OSM;9308976691
TN8718264;SNCF;StopArea:OCE87182642
TN8718264;SNCF;StopPoint:OCECar TER-87182642
TN8718264;SNCF;StopPoint:OCETrain TER-87182642
TN8718264;UIC;8718264
TN8718264;UIC8;87182642
TN8718264;WIKIDATA;Q3096702
TN8718265;OSM;9200859315
TN8718265;SNCF;StopArea:OCE87182659
TN8718265;SNCF;StopPoint:OCETrain TER-87182659
TN8718265;UIC;8718265
TN8718265;UIC8;87182659
TN8718265;WIKIDATA;Q3096059
TN8718266;OSM;3080695751
TN8718266;SNCF;StopArea:OCE87182667
TN8718266;SNCF;StopPoint:OCECar TER-87182667
TN8718266;SNCF;StopPoint:OCETrain TER-87182667
TN8718266;UIC;8718266
TN8718266;UIC8;87182667
TN8718266;WIKIDATA;Q3096927
TN8718269;OSM;4397220579
TN8718269;SNCF;StopArea:OCE87182691
TN8718269;SNCF;StopPoint:OCETrain TER-87182691
TN8718269;UIC;8718269
TN8718269;UIC8;87182691
TN8718269;WIKIDATA;Q2665472
TN8718270;OSM;4756598770
TN8718270;SNCF;StopArea:OCE87182709
TN8718270;SNCF;StopPoint:OCETrain TER-87182709
TN8718270;UIC;8718270
TN8718270;UIC8;87182709
TN8718270;WIKIDATA;Q3096017
TN8718271;OSM;4397220578
TN8718271;SNCF;StopArea:OCE87182717
TN8718271;SNCF;StopPoint:OCECar TER-87182717
TN8718271;SNCF;StopPoint:OCETrain TER-87182717
TN8718271;UIC;8718271
TN8718271;UIC8;87182717
TN8718271;WIKIDATA;Q631405
TN8718272;OSM;4389403840
TN8718272;SNCF;StopArea:OCE87182725
TN8718272;SNCF;StopPoint:OCECar TER-87182725
TN8718272;SNCF;StopPoint:OCETrain TER-87182725
TN8718272;UIC;8718272
TN8718272;UIC8;87182725
TN8718272;WIKIDATA;Q2848296
TN8718273;OSM;9200859314
TN8718273;SNCF;StopArea:OCE87182733
TN8718273;SNCF;StopPoint:OCETrain TER-87182733
TN8718273;UIC;8718273
TN8718273;UIC8;87182733
TN8718273;WIKIDATA;Q3097126
TN8718281;OSM;9200859313
TN8718281;SNCF;StopArea:OCE87182816
TN8718281;SNCF;StopPoint:OCECar TER-87182816
TN8718281;SNCF;StopPoint:OCETrain TER-87182816
TN8718281;UIC;8718281
TN8718281;UIC8;87182816
TN8718281;WIKIDATA;Q3097031
TN8718284;OSM;4295979475
TN8718284;SNCF;StopArea:OCE87182840
TN8718284;SNCF;StopPoint:OCECar TER-87182840
TN8718284;SNCF;StopPoint:OCETrain TER-87182840
TN8718284;UIC;8718284
TN8718284;UIC8;87182840
TN8718284;WIKIDATA;Q3095900
TN8718288;OSM;4396506777
TN8718288;SNCF;StopArea:OCE87182881
TN8718288;SNCF;StopPoint:OCECar TER-87182881
TN8718288;SNCF;StopPoint:OCETrain TER-87182881
TN8718288;SNCF;StopPoint:OCETramTrain-87182881
TN8718288;UIC;8718288
TN8718288;UIC8;87182881
TN8718288;WIKIDATA;Q1812780
TN8718400;OSM;2501252269
TN8718400;SNCF;StopArea:OCE87184002
TN8718400;SNCF;StopPoint:OCECar TER-87184002
TN8718400;SNCF;StopPoint:OCETrain TER-87184002
TN8718400;UIC;8718400
TN8718400;UIC8;87184002
TN8718400;WIKIDATA;Q2748765
TN8718420;OSM;4264532991
TN8718420;SNCF;StopArea:OCE87184200
TN8718420;SNCF;StopPoint:OCECar TER-87184200
TN8718420;SNCF;StopPoint:OCETrain TER-87184200
TN8718420;UIC;8718420
TN8718420;UIC8;87184200
TN8718420;WIKIDATA;Q2277130
TN8718424;OSM;4264432717
TN8718424;SNCF;StopArea:OCE87184242
TN8718424;SNCF;StopPoint:OCECar TER-87184242
TN8718424;SNCF;StopPoint:OCETrain TER-87184242
TN8718424;UIC;8718424
TN8718424;UIC8;87184242
TN8718424;WIKIDATA;Q2302057
TN8718426;OSM;10143403226
TN8718426;SNCF;StopArea:OCE87184267
TN8718426;SNCF;StopPoint:OCECar TER-87184267
TN8718426;SNCF;StopPoint:OCETrain TER-87184267
TN8718426;UIC;8718426
TN8718426;UIC8;87184267
TN8718426;WIKIDATA;Q919282
TN8718427;OSM;3114599396
TN8718427;SNCF;StopArea:OCE87184275
TN8718427;SNCF;StopPoint:OCECar TER-87184275
TN8718427;SNCF;StopPoint:OCETrain TER-87184275
TN8718427;UIC;8718427
TN8718427;UIC8;87184275
TN8718427;WIKIDATA;Q2385464
TN8718440;OSM;6150411032
TN8718440;SNCF;StopArea:OCE87184408
TN8718440;SNCF;StopPoint:OCETrain TER-87184408
TN8718440;UIC;8718440
TN8718440;UIC8;87184408
TN8718440;WIKIDATA;Q111792777
TN8718442;OSM;2041669584
TN8718442;SNCF;StopArea:OCE87184424
TN8718442;SNCF;StopPoint:OCETrain TER-87184424
TN8718442;UIC;8718442
TN8718442;UIC8;87184424
TN8718442;WIKIDATA;Q97500745
TN8718443;OSM;6150296955
TN8718443;SNCF;StopArea:OCE87184432
TN8718443;SNCF;StopPoint:OCETrain TER-87184432
TN8718443;UIC;8718443
TN8718443;UIC8;87184432
TN8718443;WIKIDATA;Q97500733
TN8718444;OSM;3080770163
TN8718444;SNCF;StopArea:OCE87184440
TN8718444;SNCF;StopPoint:OCETrain TER-87184440
TN8718444;UIC;8718444
TN8718444;UIC8;87184440
TN8718444;WIKIDATA;Q2461880
TN8718450;OSM;4225168789
TN8718450;SNCF;StopArea:OCE87184507
TN8718450;SNCF;StopPoint:OCETrain TER-87184507
TN8718450;UIC;8718450
TN8718450;UIC8;87184507
TN8718450;WIKIDATA;Q2560558
TN8718452;OSM;4225150278
TN8718452;SNCF;StopArea:OCE87184523
TN8718452;SNCF;StopPoint:OCETrain TER-87184523
TN8718452;UIC;8718452
TN8718452;UIC8;87184523
TN8718452;WIKIDATA;Q2498308
TN8718453;OSM;4225121066
TN8718453;SNCF;StopArea:OCE87184531
TN8718453;SNCF;StopPoint:OCETrain TER-87184531
TN8718453;UIC;8718453
TN8718453;UIC8;87184531
TN8718453;WIKIDATA;Q601515
TN8718455;OSM;4225098115
TN8718455;SNCF;StopArea:OCE87184556
TN8718455;SNCF;StopPoint:OCETrain TER-87184556
TN8718455;UIC;8718455
TN8718455;UIC8;87184556
TN8718455;WIKIDATA;Q2711259
TN8718457;OSM;4225082682
TN8718457;SNCF;StopArea:OCE87184572
TN8718457;SNCF;StopPoint:OCETrain TER-87184572
TN8718457;UIC;8718457
TN8718457;UIC8;87184572
TN8718457;WIKIDATA;Q2578262
TN8718462;OSM;4225057192
TN8718462;SNCF;StopArea:OCE87184622
TN8718462;SNCF;StopPoint:OCETrain TER-87184622
TN8718462;UIC;8718462
TN8718462;UIC8;87184622
TN8718462;WIKIDATA;Q588450
TN8718500;OSM;2506173918
TN8718500;SNCF;StopArea:OCE87185009
TN8718500;SNCF;StopPoint:OCECar TER-87185009
TN8718500;SNCF;StopPoint:OCETrain TER-87185009
TN8718500;UIC;8718500
TN8718500;UIC8;87185009
TN8718500;WIKIDATA;Q2572471
TN8718524;OSM;4264532994
TN8718524;SNCF;StopArea:OCE87185249
TN8718524;SNCF;StopPoint:OCECar TER-87185249
TN8718524;SNCF;StopPoint:OCETrain TER-87185249
TN8718524;UIC;8718524
TN8718524;UIC8;87185249
TN8718524;WIKIDATA;Q1855889
TN8718531;OSM;4264532995
TN8718531;SNCF;StopArea:OCE87185314
TN8718531;SNCF;StopPoint:OCECar TER-87185314
TN8718531;SNCF;StopPoint:OCETrain TER-87185314
TN8718531;UIC;8718531
TN8718531;UIC8;87185314
TN8718531;WIKIDATA;Q1981040
TN8718533;SNCF;StopArea:OCE87185330
TN8718533;SNCF;StopPoint:OCECar TER-87185330
TN8718533;UIC;8718533
TN8718533;UIC8;87185330
TN8718534;OSM;4264532992
TN8718534;SNCF;StopArea:OCE87185348
TN8718534;SNCF;StopPoint:OCECar TER-87185348
TN8718534;SNCF;StopPoint:OCETrain TER-87185348
TN8718534;UIC;8718534
TN8718534;UIC8;87185348
TN8718534;WIKIDATA;Q2024940
TN8718559;OSM;4264629170
TN8718559;SNCF;StopArea:OCE87185595
TN8718559;SNCF;StopPoint:OCECar TER-87185595
TN8718559;SNCF;StopPoint:OCETrain TER-87185595
TN8718559;UIC;8718559
TN8718559;UIC8;87185595
TN8718559;WIKIDATA;Q2078765
TN8718562;OSM;4265225942
TN8718562;SNCF;StopArea:OCE87185629
TN8718562;SNCF;StopPoint:OCECar TER-87185629
TN8718562;SNCF;StopPoint:OCETrain TER-87185629
TN8718562;UIC;8718562
TN8718562;UIC8;87185629
TN8718562;WIKIDATA;Q2441064
TN8718793;SNCF;StopArea:OCE87187930
TN8718793;SNCF;StopPoint:OCETrain TER-87187930
TN8718793;UIC;8718793
TN8718793;UIC8;87187930
TN8719080;SNCF;StopArea:OCE87190801
TN8719080;SNCF;StopPoint:OCECar TER-87190801
TN8719080;UIC;8719080
TN8719080;UIC8;87190801
TN8719100;OSM;4290854876
TN8719100;SNCF;StopArea:OCE87191007
TN8719100;SNCF;StopPoint:OCECar TER-87191007
TN8719100;SNCF;StopPoint:OCETGV INOUI-87191007
TN8719100;SNCF;StopPoint:OCETrain TER-87191007
TN8719100;UIC;8719100
TN8719100;UIC8;87191007
TN8719100;WIKIDATA;Q84007
TN8719109;OSM;3869262564
TN8719109;SNCF;StopArea:OCE87191098
TN8719109;SNCF;StopPoint:OCECar TER-87191098
TN8719109;SNCF;StopPoint:OCETrain TER-87191098
TN8719109;UIC;8719109
TN8719109;UIC8;87191098
TN8719109;WIKIDATA;Q975724
TN8719110;OSM;5275060530
TN8719110;SNCF;StopArea:OCE87191106
TN8719110;SNCF;StopPoint:OCECar TER-87191106
TN8719110;SNCF;StopPoint:OCETrain TER-87191106
TN8719110;UIC;8719110
TN8719110;UIC8;87191106
TN8719110;WIKIDATA;Q3096957
TN8719111;SNCF;StopArea:OCE87191114
TN8719111;SNCF;StopPoint:OCECar TER-87191114
TN8719111;SNCF;StopPoint:OCETrain TER-87191114
TN8719111;UIC;8719111
TN8719111;UIC8;87191114
TN8719113;OSM;5275067766
TN8719113;SNCF;StopArea:OCE87191130
TN8719113;SNCF;StopPoint:OCECar TER-87191130
TN8719113;SNCF;StopPoint:OCETrain TER-87191130
TN8719113;UIC;8719113
TN8719113;UIC8;87191130
TN8719113;WIKIDATA;Q519961
TN8719116;OSM;3869262562
TN8719116;SNCF;StopArea:OCE87191163
TN8719116;SNCF;StopPoint:OCECar TER-87191163
TN8719116;SNCF;StopPoint:OCETrain TER-87191163
TN8719116;UIC;8719116
TN8719116;UIC8;87191163
TN8719116;WIKIDATA;Q2487372
TN8719123;OSM;3892210605
TN8719123;SNCF;StopArea:OCE87191239
TN8719123;SNCF;StopPoint:OCECar TER-87191239
TN8719123;SNCF;StopPoint:OCETrain TER-87191239
TN8719123;UIC;8719123
TN8719123;UIC8;87191239
TN8719123;WIKIDATA;Q2800482
TN8719129;SNCF;StopArea:OCE87191296
TN8719129;SNCF;StopPoint:OCECar TER-87191296
TN8719129;UIC;8719129
TN8719129;UIC8;87191296
TN8719130;SNCF;StopArea:OCE87191304
TN8719130;SNCF;StopPoint:OCECar TER-87191304
TN8719130;UIC;8719130
TN8719130;UIC8;87191304
TN8719134;SNCF;StopArea:OCE87191346
TN8719134;SNCF;StopPoint:OCECar TER-87191346
TN8719134;UIC;8719134
TN8719134;UIC8;87191346
TN8719138;SNCF;StopArea:OCE87191387
TN8719138;SNCF;StopPoint:OCECar TER-87191387
TN8719138;UIC;8719138
TN8719138;UIC8;87191387
TN8719139;SNCF;StopArea:OCE87191395
TN8719139;SNCF;StopPoint:OCECar TER-87191395
TN8719139;UIC;8719139
TN8719139;UIC8;87191395
TN8719140;SNCF;StopArea:OCE87191403
TN8719140;SNCF;StopPoint:OCECar TER-87191403
TN8719140;UIC;8719140
TN8719140;UIC8;87191403
TN8719141;SNCF;StopArea:OCE87191411
TN8719141;SNCF;StopPoint:OCECar TER-87191411
TN8719141;UIC;8719141
TN8719141;UIC8;87191411
TN8719160;OSM;5275069831
TN8719160;SNCF;StopArea:OCE87191601
TN8719160;SNCF;StopPoint:OCETrain TER-87191601
TN8719160;UIC;8719160
TN8719160;UIC8;87191601
TN8719160;WIKIDATA;Q2151517
TN8719161;OSM;5275071019
TN8719161;SNCF;StopArea:OCE87191619
TN8719161;SNCF;StopPoint:OCETrain TER-87191619
TN8719161;UIC;8719161
TN8719161;UIC8;87191619
TN8719161;WIKIDATA;Q2237343
TN8719162;OSM;5275072035
TN8719162;SNCF;StopArea:OCE87191627
TN8719162;SNCF;StopPoint:OCETrain TER-87191627
TN8719162;UIC;8719162
TN8719162;UIC8;87191627
TN8719162;WIKIDATA;Q2280858
TN8719163;OSM;3175310443
TN8719163;SNCF;StopArea:OCE87191635
TN8719163;SNCF;StopPoint:OCETrain TER-87191635
TN8719163;UIC;8719163
TN8719163;UIC8;87191635
TN8719163;WIKIDATA;Q2695245
TN8719164;OSM;10937958424
TN8719164;SNCF;StopArea:OCE87191643
TN8719164;SNCF;StopPoint:OCETrain TER-87191643
TN8719164;UIC;8719164
TN8719164;UIC8;87191643
TN8719164;WIKIDATA;Q3004430
TN8719168;OSM;5275077642
TN8719168;SNCF;StopArea:OCE87191684
TN8719168;SNCF;StopPoint:OCECar TER-87191684
TN8719168;SNCF;StopPoint:OCETrain TER-87191684
TN8719168;UIC;8719168
TN8719168;UIC8;87191684
TN8719168;WIKIDATA;Q2866372
TN8719169;OSM;5275078998
TN8719169;SNCF;StopArea:OCE87191692
TN8719169;SNCF;StopPoint:OCECar TER-87191692
TN8719169;SNCF;StopPoint:OCETrain TER-87191692
TN8719169;UIC;8719169
TN8719169;UIC8;87191692
TN8719169;WIKIDATA;Q2765639
TN8719170;OSM;5275077657
TN8719170;SNCF;StopArea:OCE87191700
TN8719170;SNCF;StopPoint:OCECar TER-87191700
TN8719170;SNCF;StopPoint:OCETrain TER-87191700
TN8719170;UIC;8719170
TN8719170;UIC8;87191700
TN8719170;WIKIDATA;Q1879204
TN8719171;OSM;5275079618
TN8719171;SNCF;StopArea:OCE87191718
TN8719171;SNCF;StopPoint:OCECar TER-87191718
TN8719171;SNCF;StopPoint:OCETrain TER-87191718
TN8719171;UIC;8719171
TN8719171;UIC8;87191718
TN8719171;WIKIDATA;Q2587556
TN8719173;OSM;3471627894
TN8719173;SNCF;StopArea:OCE87191734
TN8719173;SNCF;StopPoint:OCECar TER-87191734
TN8719173;SNCF;StopPoint:OCETrain TER-87191734
TN8719173;UIC;8719173
TN8719173;UIC8;87191734
TN8719173;WIKIDATA;Q2339319
TN8719174;OSM;5275082497
TN8719174;SNCF;StopArea:OCE87191742
TN8719174;SNCF;StopPoint:OCECar TER-87191742
TN8719174;SNCF;StopPoint:OCETrain TER-87191742
TN8719174;UIC;8719174
TN8719174;UIC8;87191742
TN8719174;WIKIDATA;Q3096518
TN8719203;OSM;4290857026
TN8719203;SNCF;StopArea:OCE87192039
TN8719203;SNCF;StopPoint:OCECar TER-87192039
TN8719203;SNCF;StopPoint:OCECar à réservation-87192039
TN8719203;SNCF;StopPoint:OCEOUIGO-87192039
TN8719203;SNCF;StopPoint:OCETGV INOUI-87192039
TN8719203;SNCF;StopPoint:OCETrain TER-87192039
TN8719203;UIC;8719203
TN8719203;UIC8;87192039
TN8719203;WIKIDATA;Q801179
TN8719207;OSM;3869262563
TN8719207;SNCF;StopArea:OCE87192070
TN8719207;SNCF;StopPoint:OCETrain TER-87192070
TN8719207;UIC;8719207
TN8719207;UIC8;87192070
TN8719207;WIKIDATA;Q3097034
TN8719208;SNCF;StopArea:OCE87192088
TN8719208;SNCF;StopPoint:OCECar TER-87192088
TN8719208;SNCF;StopPoint:OCETrain TER-87192088
TN8719208;UIC;8719208
TN8719208;UIC8;87192088
TN8719210;SNCF;StopArea:OCE87192104
TN8719210;SNCF;StopPoint:OCECar TER-87192104
TN8719210;UIC;8719210
TN8719210;UIC8;87192104
TN8719212;SNCF;StopArea:OCE87192120
TN8719212;SNCF;StopPoint:OCECar TER-87192120
TN8719212;UIC;8719212
TN8719212;UIC8;87192120
TN8719213;SNCF;StopArea:OCE87192138
TN8719213;SNCF;StopPoint:OCECar TER-87192138
TN8719213;UIC;8719213
TN8719213;UIC8;87192138
TN8719214;SNCF;StopArea:OCE87192146
TN8719214;SNCF;StopPoint:OCECar TER-87192146
TN8719214;UIC;8719214
TN8719214;UIC8;87192146
TN8719215;SNCF;StopArea:OCE87192153
TN8719215;SNCF;StopPoint:OCECar TER-87192153
TN8719215;UIC;8719215
TN8719215;UIC8;87192153
TN8719217;SNCF;StopArea:OCE87192179
TN8719217;SNCF;StopPoint:OCECar TER-87192179
TN8719217;UIC;8719217
TN8719217;UIC8;87192179
TN8719218;SNCF;StopArea:OCE87192187
TN8719218;SNCF;StopPoint:OCECar TER-87192187
TN8719218;UIC;8719218
TN8719218;UIC8;87192187
TN8719219;SNCF;StopArea:OCE87192195
TN8719219;SNCF;StopPoint:OCECar TER-87192195
TN8719219;UIC;8719219
TN8719219;UIC8;87192195
TN8719220;OSM;9452070441
TN8719220;SNCF;StopArea:OCE87192203
TN8719220;SNCF;StopPoint:OCETrain TER-87192203
TN8719220;UIC;8719220
TN8719220;UIC8;87192203
TN8719220;WIKIDATA;Q3097261
TN8719221;OSM;12061175177
TN8719221;SNCF;StopArea:OCE87192211
TN8719221;SNCF;StopPoint:OCETrain TER-87192211
TN8719221;UIC;8719221
TN8719221;UIC8;87192211
TN8719221;WIKIDATA;Q2729654
TN8719222;OSM;3471627794
TN8719222;SNCF;StopArea:OCE87192229
TN8719222;SNCF;StopPoint:OCETrain TER-87192229
TN8719222;UIC;8719222
TN8719222;UIC8;87192229
TN8719222;WIKIDATA;Q3097665
TN8719223;OSM;4451832792
TN8719223;SNCF;StopArea:OCE87192237
TN8719223;SNCF;StopPoint:OCECar TER-87192237
TN8719223;SNCF;StopPoint:OCETrain TER-87192237
TN8719223;UIC;8719223
TN8719223;UIC8;87192237
TN8719223;WIKIDATA;Q2417113
TN8719224;SNCF;StopArea:OCE87192245
TN8719224;SNCF;StopPoint:OCECar TER-87192245
TN8719224;UIC;8719224
TN8719224;UIC8;87192245
TN8719225;SNCF;StopArea:OCE87192252
TN8719225;SNCF;StopPoint:OCECar TER-87192252
TN8719225;UIC;8719225
TN8719225;UIC8;87192252
TN8719226;SNCF;StopArea:OCE87192260
TN8719226;SNCF;StopPoint:OCECar TER-87192260
TN8719226;UIC;8719226
TN8719226;UIC8;87192260
TN8719228;OSM;4451832376
TN8719228;SNCF;StopArea:OCE87192286
TN8719228;SNCF;StopPoint:OCECar TER-87192286
TN8719228;SNCF;StopPoint:OCETrain TER-87192286
TN8719228;UIC;8719228
TN8719228;UIC8;87192286
TN8719228;WIKIDATA;Q3097105
TN8719230;OSM;4451832375
TN8719230;SNCF;StopArea:OCE87192302
TN8719230;SNCF;StopPoint:OCETrain TER-87192302
TN8719230;UIC;8719230
TN8719230;UIC8;87192302
TN8719230;WIKIDATA;Q800601
TN8719240;OSM;5274791088
TN8719240;SNCF;StopArea:OCE87192401
TN8719240;SNCF;StopPoint:OCECar TER-87192401
TN8719240;SNCF;StopPoint:OCETrain TER-87192401
TN8719240;UIC;8719240
TN8719240;UIC8;87192401
TN8719240;WIKIDATA;Q2071376
TN8719241;OSM;5274791748
TN8719241;SNCF;StopArea:OCE87192419
TN8719241;SNCF;StopPoint:OCECar TER-87192419
TN8719241;SNCF;StopPoint:OCETrain TER-87192419
TN8719241;UIC;8719241
TN8719241;UIC8;87192419
TN8719241;WIKIDATA;Q2222801
TN8719242;OSM;5274794579
TN8719242;SNCF;StopArea:OCE87192427
TN8719242;SNCF;StopPoint:OCECar TER-87192427
TN8719242;SNCF;StopPoint:OCETrain TER-87192427
TN8719242;UIC;8719242
TN8719242;UIC8;87192427
TN8719242;WIKIDATA;Q2306832
TN8719243;OSM;3891376510
TN8719243;SNCF;StopArea:OCE87192435
TN8719243;SNCF;StopPoint:OCECar TER-87192435
TN8719243;SNCF;StopPoint:OCETrain TER-87192435
TN8719243;UIC;8719243
TN8719243;UIC8;87192435
TN8719243;WIKIDATA;Q2545995
TN8719246;SNCF;StopArea:OCE87192468
TN8719246;SNCF;StopPoint:OCECar TER-87192468
TN8719246;SNCF;StopPoint:OCETrain TER-87192468
TN8719246;UIC;8719246
TN8719246;UIC8;87192468
TN8719247;OSM;10182470700
TN8719247;SNCF;StopArea:OCE87192476
TN8719247;SNCF;StopPoint:OCECar TER-87192476
TN8719247;SNCF;StopPoint:OCETrain TER-87192476
TN8719247;UIC;8719247
TN8719247;UIC8;87192476
TN8719247;WIKIDATA;Q2654586
TN8719265;OSM;5275084635
TN8719265;SNCF;StopArea:OCE87192658
TN8719265;SNCF;StopPoint:OCECar TER-87192658
TN8719265;SNCF;StopPoint:OCETrain TER-87192658
TN8719265;UIC;8719265
TN8719265;UIC8;87192658
TN8719265;WIKIDATA;Q2309377
TN8719266;OSM;5304965284
TN8719266;SNCF;StopArea:OCE87192666
TN8719266;SNCF;StopPoint:OCECar TER-87192666
TN8719266;SNCF;StopPoint:OCETrain TER-87192666
TN8719266;UIC;8719266
TN8719266;UIC8;87192666
TN8719266;WIKIDATA;Q2116516
TN8719272;OSM;5275074241
TN8719272;SNCF;StopArea:OCE87192724
TN8719272;SNCF;StopPoint:OCECar TER-87192724
TN8719272;SNCF;StopPoint:OCETrain TER-87192724
TN8719272;UIC;8719272
TN8719272;UIC8;87192724
TN8719272;WIKIDATA;Q2552882
TN8719273;OSM;5275076382
TN8719273;SNCF;StopArea:OCE87192732
TN8719273;SNCF;StopPoint:OCECar TER-87192732
TN8719273;SNCF;StopPoint:OCETrain TER-87192732
TN8719273;UIC;8719273
TN8719273;UIC8;87192732
TN8719273;WIKIDATA;Q3063522
TN8719288;SNCF;StopArea:OCE87192880
TN8719288;SNCF;StopPoint:OCECar TER-87192880
TN8719288;UIC;8719288
TN8719288;UIC8;87192880
TN8719300;OSM;4451861574
TN8719300;SNCF;StopArea:OCE87193003
TN8719300;SNCF;StopPoint:OCECar TER-87193003
TN8719300;SNCF;StopPoint:OCEICE-87193003
TN8719300;SNCF;StopPoint:OCETrain TER-87193003
TN8719300;UIC;8719300
TN8719300;UIC8;87193003
TN8719300;WIKIDATA;Q2717025
TN8719311;SNCF;StopArea:OCE87193110
TN8719311;SNCF;StopPoint:OCECar TER-87193110
TN8719311;UIC;8719311
TN8719311;UIC8;87193110
TN8719312;SNCF;StopArea:OCE87193128
TN8719312;SNCF;StopPoint:OCECar TER-87193128
TN8719312;UIC;8719312
TN8719312;UIC8;87193128
TN8719313;SNCF;StopArea:OCE87193136
TN8719313;SNCF;StopPoint:OCECar TER-87193136
TN8719313;UIC;8719313
TN8719313;UIC8;87193136
TN8719314;SNCF;StopArea:OCE87193144
TN8719314;SNCF;StopPoint:OCECar TER-87193144
TN8719314;UIC;8719314
TN8719314;UIC8;87193144
TN8719315;SNCF;StopArea:OCE87193151
TN8719315;SNCF;StopPoint:OCECar TER-87193151
TN8719315;UIC;8719315
TN8719315;UIC8;87193151
TN8719316;SNCF;StopArea:OCE87193169
TN8719316;SNCF;StopPoint:OCECar TER-87193169
TN8719316;UIC;8719316
TN8719316;UIC8;87193169
TN8719317;SNCF;StopArea:OCE87193177
TN8719317;SNCF;StopPoint:OCECar TER-87193177
TN8719317;UIC;8719317
TN8719317;UIC8;87193177
TN8719321;SNCF;StopArea:OCE87193219
TN8719321;SNCF;StopPoint:OCECar TER-87193219
TN8719321;UIC;8719321
TN8719321;UIC8;87193219
TN8719325;OSM;4451094864
TN8719325;SNCF;StopArea:OCE87193250
TN8719325;SNCF;StopPoint:OCECar TER-87193250
TN8719325;SNCF;StopPoint:OCETrain TER-87193250
TN8719325;UIC;8719325
TN8719325;UIC8;87193250
TN8719325;WIKIDATA;Q3096104
TN8719327;OSM;4453337127
TN8719327;SNCF;StopArea:OCE87193276
TN8719327;SNCF;StopPoint:OCETrain TER-87193276
TN8719327;UIC;8719327
TN8719327;UIC8;87193276
TN8719327;WIKIDATA;Q2725085
TN8719331;OSM;4453337148
TN8719331;SNCF;StopArea:OCE87193318
TN8719331;SNCF;StopPoint:OCECar TER-87193318
TN8719331;SNCF;StopPoint:OCETrain TER-87193318
TN8719331;UIC;8719331
TN8719331;UIC8;87193318
TN8719331;WIKIDATA;Q2958494
TN8719334;OSM;3471627594
TN8719334;SNCF;StopArea:OCE87193342
TN8719334;SNCF;StopPoint:OCETrain TER-87193342
TN8719334;UIC;8719334
TN8719334;UIC8;87193342
TN8719334;WIKIDATA;Q1820464
TN8719335;OSM;4453337126
TN8719335;SNCF;StopArea:OCE87193359
TN8719335;SNCF;StopPoint:OCECar TER-87193359
TN8719335;SNCF;StopPoint:OCETrain TER-87193359
TN8719335;UIC;8719335
TN8719335;UIC8;87193359
TN8719335;WIKIDATA;Q2801459
TN8719338;OSM;5153990928
TN8719338;SNCF;StopArea:OCE87193383
TN8719338;SNCF;StopPoint:OCETrain TER-87193383
TN8719338;UIC;8719338
TN8719338;UIC8;87193383
TN8719338;WIKIDATA;Q2659780
TN8719350;SNCF;StopArea:OCE87193508
TN8719350;SNCF;StopPoint:OCECar TER-87193508
TN8719350;UIC;8719350
TN8719350;UIC8;87193508
TN8719351;SNCF;StopArea:OCE87193516
TN8719351;SNCF;StopPoint:OCECar TER-87193516
TN8719351;SNCF;StopPoint:OCETrain TER-87193516
TN8719351;UIC;8719351
TN8719351;UIC8;87193516
TN8719352;OSM;4451094865
TN8719352;SNCF;StopArea:OCE87193524
TN8719352;SNCF;StopPoint:OCECar TER-87193524
TN8719352;SNCF;StopPoint:OCETrain TER-87193524
TN8719352;UIC;8719352
TN8719352;UIC8;87193524
TN8719352;WIKIDATA;Q3096413
TN8719353;SNCF;StopArea:OCE87193532
TN8719353;SNCF;StopPoint:OCECar TER-87193532
TN8719353;UIC;8719353
TN8719353;UIC8;87193532
TN8719354;OSM;3471627693
TN8719354;SNCF;StopArea:OCE87193540
TN8719354;SNCF;StopPoint:OCETrain TER-87193540
TN8719354;UIC;8719354
TN8719354;UIC8;87193540
TN8719354;WIKIDATA;Q3096643
TN8719355;SNCF;StopArea:OCE87193557
TN8719355;SNCF;StopPoint:OCECar TER-87193557
TN8719355;UIC;8719355
TN8719355;UIC8;87193557
TN8719356;SNCF;StopArea:OCE87193565
TN8719356;SNCF;StopPoint:OCECar TER-87193565
TN8719356;UIC;8719356
TN8719356;UIC8;87193565
TN8719360;SNCF;StopArea:OCE87193607
TN8719360;SNCF;StopPoint:OCECar TER-87193607
TN8719360;UIC;8719360
TN8719360;UIC8;87193607
TN8719361;OSM;4450664466
TN8719361;SNCF;StopArea:OCE87193615
TN8719361;SNCF;StopPoint:OCECar TER-87193615
TN8719361;SNCF;StopPoint:OCETrain TER-87193615
TN8719361;SNCF;StopPoint:OCETramTrain-87193615
TN8719361;UIC;8719361
TN8719361;UIC8;87193615
TN8719361;WIKIDATA;Q801400
TN8719366;OSM;4450598041
TN8719366;SNCF;StopArea:OCE87193664
TN8719366;SNCF;StopPoint:OCECar TER-87193664
TN8719366;SNCF;StopPoint:OCETrain TER-87193664
TN8719366;UIC;8719366
TN8719366;UIC8;87193664
TN8719366;WIKIDATA;Q3096670
TN8719377;SNCF;StopArea:OCE87193771
TN8719377;SNCF;StopPoint:OCECar TER-87193771
TN8719377;UIC;8719377
TN8719377;UIC8;87193771
TN8719378;SNCF;StopArea:OCE87193789
TN8719378;SNCF;StopPoint:OCECar TER-87193789
TN8719378;UIC;8719378
TN8719378;UIC8;87193789
TN8719379;SNCF;StopArea:OCE87193797
TN8719379;SNCF;StopPoint:OCECar TER-87193797
TN8719379;UIC;8719379
TN8719379;UIC8;87193797
TN8719382;SNCF;StopArea:OCE87193821
TN8719382;SNCF;StopPoint:OCECar TER-87193821
TN8719382;UIC;8719382
TN8719382;UIC8;87193821
TN8719383;SNCF;StopArea:OCE87193839
TN8719383;SNCF;StopPoint:OCECar TER-87193839
TN8719383;UIC;8719383
TN8719383;UIC8;87193839
TN8719400;OSM;5117268365
TN8719400;SNCF;StopArea:OCE87194001
TN8719400;SNCF;StopPoint:OCECar TER-87194001
TN8719400;SNCF;StopPoint:OCETrain TER-87194001
TN8719400;UIC;8719400
TN8719400;UIC8;87194001
TN8719400;WIKIDATA;Q2847945
TN8719401;SNCF;StopArea:OCE87194019
TN8719401;SNCF;StopPoint:OCECar TER-87194019
TN8719401;UIC;8719401
TN8719401;UIC8;87194019
TN8719420;SNCF;StopArea:OCE87194209
TN8719420;SNCF;StopPoint:OCECar TER-87194209
TN8719420;SNCF;StopPoint:OCETrain TER-87194209
TN8719420;UIC;8719420
TN8719420;UIC8;87194209
TN8719427;OSM;4290857013
TN8719427;SNCF;StopArea:OCE87194274
TN8719427;SNCF;StopPoint:OCECar TER-87194274
TN8719427;SNCF;StopPoint:OCETrain TER-87194274
TN8719427;UIC;8719427
TN8719427;UIC8;87194274
TN8719427;WIKIDATA;Q628887
TN8719435;OSM;3892210600
TN8719435;SNCF;StopArea:OCE87194357
TN8719435;SNCF;StopPoint:OCECar TER-87194357
TN8719435;SNCF;StopPoint:OCETrain TER-87194357
TN8719435;UIC;8719435
TN8719435;UIC8;87194357
TN8719435;WIKIDATA;Q2689822
TN8719444;SNCF;StopArea:OCE87194449
TN8719444;SNCF;StopPoint:OCECar TER-87194449
TN8719444;UIC;8719444
TN8719444;UIC8;87194449
TN8719445;SNCF;StopArea:OCE87194456
TN8719445;SNCF;StopPoint:OCECar TER-87194456
TN8719445;UIC;8719445
TN8719445;UIC8;87194456
TN8719448;SNCF;StopArea:OCE87194480
TN8719448;SNCF;StopPoint:OCECar TER-87194480
TN8719448;UIC;8719448
TN8719448;UIC8;87194480
TN8719449;SNCF;StopArea:OCE87194498
TN8719449;SNCF;StopPoint:OCECar TER-87194498
TN8719449;UIC;8719449
TN8719449;UIC8;87194498
TN8719960;SNCF;StopArea:OCE87199604
TN8719960;SNCF;StopPoint:OCECar TER-87199604
TN8719960;UIC;8719960
TN8719960;UIC8;87199604
TN8719961;SNCF;StopArea:OCE87199612
TN8719961;SNCF;StopPoint:OCECar TER-87199612
TN8719961;UIC;8719961
TN8719961;UIC8;87199612
TN8719962;SNCF;StopArea:OCE87199620
TN8719962;SNCF;StopPoint:OCECar TER-87199620
TN8719962;UIC;8719962
TN8719962;UIC8;87199620
TN8720855;SNCF;StopArea:OCE87208553
TN8720855;SNCF;StopPoint:OCECar TER-87208553
TN8720855;SNCF;StopPoint:OCETrain TER-87208553
TN8720855;UIC;8720855
TN8720855;UIC8;87208553
TN8721202;OSM;3069229440
TN8721202;SNCF;StopArea:OCE87212027
TN8721202;SNCF;StopPoint:OCECar TER-87212027
TN8721202;SNCF;StopPoint:OCEICE-87212027
TN8721202;SNCF;StopPoint:OCEOUIGO-87212027
TN8721202;SNCF;StopPoint:OCETGV INOUI-87212027
TN8721202;SNCF;StopPoint:OCETrain TER-87212027
TN8721202;UIC;8721202
TN8721202;UIC8;87212027
TN8721202;WIKIDATA;Q801473
TN8721210;OSM;3464103737
TN8721210;SNCF;StopArea:OCE87212100
TN8721210;SNCF;StopPoint:OCETrain TER-87212100
TN8721210;UIC;8721210
TN8721210;UIC8;87212100
TN8721210;WIKIDATA;Q2763603
TN8721211;OSM;9315748060
TN8721211;SNCF;StopArea:OCE87212118
TN8721211;SNCF;StopPoint:OCECar TER-87212118
TN8721211;SNCF;StopPoint:OCETrain TER-87212118
TN8721211;UIC;8721211
TN8721211;UIC8;87212118
TN8721211;WIKIDATA;Q2190004
TN8721212;OSM;3502472527
TN8721212;SNCF;StopArea:OCE87212126
TN8721212;SNCF;StopPoint:OCETrain TER-87212126
TN8721212;UIC;8721212
TN8721212;UIC8;87212126
TN8721212;WIKIDATA;Q3097779
TN8721213;OSM;5237605804
TN8721213;SNCF;StopArea:OCE87212134
TN8721213;SNCF;StopPoint:OCETrain TER-87212134
TN8721213;UIC;8721213
TN8721213;UIC8;87212134
TN8721213;WIKIDATA;Q2688096
TN8721214;OSM;296329511
TN8721214;SNCF;StopArea:OCE87212142
TN8721214;SNCF;StopPoint:OCECar TER-87212142
TN8721214;SNCF;StopPoint:OCETrain TER-87212142
TN8721214;UIC;8721214
TN8721214;UIC8;87212142
TN8721214;WIKIDATA;Q2983519
TN8721215;OSM;3507536495
TN8721215;SNCF;StopArea:OCE87212159
TN8721215;SNCF;StopPoint:OCETrain TER-87212159
TN8721215;UIC;8721215
TN8721215;UIC8;87212159
TN8721215;WIKIDATA;Q2743043
TN8721216;OSM;4450887227
TN8721216;SNCF;StopArea:OCE87212167
TN8721216;SNCF;StopPoint:OCECar TER-87212167
TN8721216;SNCF;StopPoint:OCETrain TER-87212167
TN8721216;UIC;8721216
TN8721216;UIC8;87212167
TN8721216;WIKIDATA;Q2198911
TN8721217;OSM;3464960593
TN8721217;SNCF;StopArea:OCE87212175
TN8721217;SNCF;StopPoint:OCETrain TER-87212175
TN8721217;UIC;8721217
TN8721217;UIC8;87212175
TN8721217;WIKIDATA;Q2800820
TN8721218;OSM;4450887226
TN8721218;SNCF;StopArea:OCE87212183
TN8721218;SNCF;StopPoint:OCECar TER-87212183
TN8721218;SNCF;StopPoint:OCETrain TER-87212183
TN8721218;UIC;8721218
TN8721218;UIC8;87212183
TN8721218;WIKIDATA;Q2262411
TN8721219;OSM;3507540996
TN8721219;SNCF;StopArea:OCE87212191
TN8721219;SNCF;StopPoint:OCETrain TER-87212191
TN8721219;UIC;8721219
TN8721219;UIC8;87212191
TN8721219;WIKIDATA;Q2406053
TN8721220;OSM;3464945393
TN8721220;SNCF;StopArea:OCE87212209
TN8721220;SNCF;StopPoint:OCECar TER-87212209
TN8721220;SNCF;StopPoint:OCETrain TER-87212209
TN8721220;UIC;8721220
TN8721220;UIC8;87212209
TN8721220;WIKIDATA;Q2548766
TN8721222;OSM;3464836726
TN8721222;SNCF;StopArea:OCE87212225
TN8721222;SNCF;StopPoint:OCECar TER-87212225
TN8721222;SNCF;StopPoint:OCETGV INOUI-87212225
TN8721222;SNCF;StopPoint:OCETrain TER-87212225
TN8721222;UIC;8721222
TN8721222;UIC8;87212225
TN8721222;WIKIDATA;Q2939039
TN8721224;OSM;9148225145
TN8721224;SNCF;StopArea:OCE87212241
TN8721224;SNCF;StopPoint:OCETrain TER-87212241
TN8721224;UIC;8721224
TN8721224;UIC8;87212241
TN8721224;WIKIDATA;Q3096561
TN8721225;OSM;3454710893
TN8721225;SNCF;StopArea:OCE87212258
TN8721225;SNCF;StopPoint:OCETrain TER-87212258
TN8721225;UIC;8721225
TN8721225;UIC8;87212258
TN8721226;OSM;4303624621
TN8721226;SNCF;StopArea:OCE87212266
TN8721226;SNCF;StopPoint:OCECar TER-87212266
TN8721226;SNCF;StopPoint:OCETrain TER-87212266
TN8721226;UIC;8721226
TN8721226;UIC8;87212266
TN8721226;WIKIDATA;Q3096418
TN8721227;OSM;3454844993
TN8721227;SNCF;StopArea:OCE87212274
TN8721227;SNCF;StopPoint:OCETrain TER-87212274
TN8721227;UIC;8721227
TN8721227;UIC8;87212274
TN8721227;WIKIDATA;Q3096884
TN8721230;OSM;11710967906
TN8721230;SNCF;StopArea:OCE87212308
TN8721230;SNCF;StopPoint:OCETrain TER-87212308
TN8721230;UIC;8721230
TN8721230;UIC8;87212308
TN8721230;WIKIDATA;Q3095991
TN8721231;OSM;3502488423
TN8721231;SNCF;StopArea:OCE87212316
TN8721231;SNCF;StopPoint:OCETrain TER-87212316
TN8721231;UIC;8721231
TN8721231;UIC8;87212316
TN8721231;WIKIDATA;Q3096820
TN8721232;OSM;3454823893
TN8721232;SNCF;StopArea:OCE87212324
TN8721232;SNCF;StopPoint:OCETrain TER-87212324
TN8721232;UIC;8721232
TN8721232;UIC8;87212324
TN8721232;WIKIDATA;Q3096687
TN8721233;OSM;4450772917
TN8721233;SNCF;StopArea:OCE87212332
TN8721233;SNCF;StopPoint:OCECar TER-87212332
TN8721233;SNCF;StopPoint:OCETrain TER-87212332
TN8721233;UIC;8721233
TN8721233;UIC8;87212332
TN8721234;OSM;456031261
TN8721234;SNCF;StopArea:OCE87212340
TN8721234;SNCF;StopPoint:OCECar TER-87212340
TN8721234;SNCF;StopPoint:OCETrain TER-87212340
TN8721234;UIC;8721234
TN8721234;UIC8;87212340
TN8721234;WIKIDATA;Q3096622
TN8721235;OSM;4450772916
TN8721235;SNCF;StopArea:OCE87212357
TN8721235;SNCF;StopPoint:OCECar TER-87212357
TN8721235;SNCF;StopPoint:OCETrain TER-87212357
TN8721235;UIC;8721235
TN8721235;UIC8;87212357
TN8721235;WIKIDATA;Q3096402
TN8721236;OSM;3502483255
TN8721236;SNCF;StopArea:OCE87212365
TN8721236;SNCF;StopPoint:OCECar TER-87212365
TN8721236;SNCF;StopPoint:OCETrain TER-87212365
TN8721236;UIC;8721236
TN8721236;UIC8;87212365
TN8721237;OSM;3505968093
TN8721237;SNCF;StopArea:OCE87212373
TN8721237;SNCF;StopPoint:OCECar TER-87212373
TN8721237;SNCF;StopPoint:OCETrain TER-87212373
TN8721237;UIC;8721237
TN8721237;UIC8;87212373
TN8721240;OSM;4290859610
TN8721240;SNCF;StopArea:OCE87212407
TN8721240;SNCF;StopPoint:OCECar TER-87212407
TN8721240;SNCF;StopPoint:OCETrain TER-87212407
TN8721240;UIC;8721240
TN8721240;UIC8;87212407
TN8721240;WIKIDATA;Q3097470
TN8721241;OSM;4450744929
TN8721241;SNCF;StopArea:OCE87212415
TN8721241;SNCF;StopPoint:OCECar TER-87212415
TN8721241;SNCF;StopPoint:OCETrain TER-87212415
TN8721241;UIC;8721241
TN8721241;UIC8;87212415
TN8721241;WIKIDATA;Q3097443
TN8721243;OSM;3464931494
TN8721243;SNCF;StopArea:OCE87212431
TN8721243;SNCF;StopPoint:OCECar TER-87212431
TN8721243;SNCF;StopPoint:OCETrain TER-87212431
TN8721243;UIC;8721243
TN8721243;UIC8;87212431
TN8721243;WIKIDATA;Q3097711
TN8721244;OSM;3505919294
TN8721244;SNCF;StopArea:OCE87212449
TN8721244;SNCF;StopPoint:OCECar TER-87212449
TN8721244;SNCF;StopPoint:OCETrain TER-87212449
TN8721244;UIC;8721244
TN8721244;UIC8;87212449
TN8721244;WIKIDATA;Q3097133
TN8721245;OSM;3502482961
TN8721245;SNCF;StopArea:OCE87212456
TN8721245;SNCF;StopPoint:OCECar TER-87212456
TN8721245;SNCF;StopPoint:OCETrain TER-87212456
TN8721245;UIC;8721245
TN8721245;UIC8;87212456
TN8721245;WIKIDATA;Q3097112
TN8721246;OSM;2661523881
TN8721246;SNCF;StopArea:OCE87212464
TN8721246;SNCF;StopPoint:OCECar TER-87212464
TN8721246;SNCF;StopPoint:OCETrain TER-87212464
TN8721246;UIC;8721246
TN8721246;UIC8;87212464
TN8721246;WIKIDATA;Q801067
TN8721305;OSM;2661523876
TN8721305;SNCF;StopArea:OCE87213058
TN8721305;SNCF;StopPoint:OCECar TER-87213058
TN8721305;SNCF;StopPoint:OCETrain TER-87213058
TN8721305;UIC;8721305
TN8721305;UIC8;87213058
TN8721305;WIKIDATA;Q1846416
TN8721310;OSM;3175312887
TN8721310;SNCF;StopArea:OCE87213108
TN8721310;SNCF;StopPoint:OCECar TER-87213108
TN8721310;SNCF;StopPoint:OCETrain TER-87213108
TN8721310;UIC;8721310
TN8721310;UIC8;87213108
TN8721310;WIKIDATA;Q3097710
TN8721316;OSM;3177684814
TN8721316;SNCF;StopArea:OCE87213165
TN8721316;SNCF;StopPoint:OCECar TER-87213165
TN8721316;SNCF;StopPoint:OCETrain TER-87213165
TN8721316;UIC;8721316
TN8721316;UIC8;87213165
TN8721316;WIKIDATA;Q2225984
TN8721320;OSM;2546575772
TN8721320;SNCF;StopArea:OCE87213207
TN8721320;SNCF;StopPoint:OCECar TER-87213207
TN8721320;SNCF;StopPoint:OCETrain TER-87213207
TN8721320;UIC;8721320
TN8721320;UIC8;87213207
TN8721320;WIKIDATA;Q657926
TN8721322;OSM;4450992303
TN8721322;SNCF;StopArea:OCE87213223
TN8721322;SNCF;StopPoint:OCECar TER-87213223
TN8721322;SNCF;StopPoint:OCETrain TER-87213223
TN8721322;UIC;8721322
TN8721322;UIC8;87213223
TN8721322;WIKIDATA;Q1930766
TN8721323;SNCF;StopArea:OCE87213231
TN8721323;SNCF;StopPoint:OCECar TER-87213231
TN8721323;UIC;8721323
TN8721323;UIC8;87213231
TN8721324;OSM;3505951393
TN8721324;SNCF;StopArea:OCE87213249
TN8721324;SNCF;StopPoint:OCECar TER-87213249
TN8721324;SNCF;StopPoint:OCETrain TER-87213249
TN8721324;UIC;8721324
TN8721324;UIC8;87213249
TN8721324;WIKIDATA;Q2173596
TN8721325;OSM;4450967621
TN8721325;SNCF;StopArea:OCE87213256
TN8721325;SNCF;StopPoint:OCECar TER-87213256
TN8721325;SNCF;StopPoint:OCETrain TER-87213256
TN8721325;UIC;8721325
TN8721325;UIC8;87213256
TN8721325;WIKIDATA;Q1105334
TN8721329;SNCF;StopArea:OCE87213298
TN8721329;SNCF;StopPoint:OCECar TER-87213298
TN8721329;UIC;8721329
TN8721329;UIC8;87213298
TN8721340;OSM;3502478419
TN8721340;SNCF;StopArea:OCE87213405
TN8721340;SNCF;StopPoint:OCECar TER-87213405
TN8721340;SNCF;StopPoint:OCETrain TER-87213405
TN8721340;UIC;8721340
TN8721340;UIC8;87213405
TN8721340;WIKIDATA;Q1841579
TN8721341;OSM;3502478426
TN8721341;SNCF;StopArea:OCE87213413
TN8721341;SNCF;StopPoint:OCETrain TER-87213413
TN8721341;UIC;8721341
TN8721341;UIC8;87213413
TN8721341;WIKIDATA;Q1810354
TN8721342;OSM;1935883986
TN8721342;SNCF;StopArea:OCE87213421
TN8721342;SNCF;StopPoint:OCECar TER-87213421
TN8721342;SNCF;StopPoint:OCETrain TER-87213421
TN8721342;UIC;8721342
TN8721342;UIC8;87213421
TN8721342;WIKIDATA;Q2630630
TN8721344;SNCF;StopArea:OCE87213447
TN8721344;SNCF;StopPoint:OCECar TER-87213447
TN8721344;SNCF;StopPoint:OCETrain TER-87213447
TN8721344;UIC;8721344
TN8721344;UIC8;87213447
TN8721346;OSM;3502477861
TN8721346;SNCF;StopArea:OCE87213462
TN8721346;SNCF;StopPoint:OCECar TER-87213462
TN8721346;SNCF;StopPoint:OCETrain TER-87213462
TN8721346;UIC;8721346
TN8721346;UIC8;87213462
TN8721346;WIKIDATA;Q773757
TN8721347;OSM;3175312897
TN8721347;SNCF;StopArea:OCE87213470
TN8721347;SNCF;StopPoint:OCECar TER-87213470
TN8721347;SNCF;StopPoint:OCETrain TER-87213470
TN8721347;UIC;8721347
TN8721347;UIC8;87213470
TN8721347;WIKIDATA;Q801622
TN8721360;OSM;3502960193
TN8721360;SNCF;StopArea:OCE87213603
TN8721360;SNCF;StopPoint:OCECar TER-87213603
TN8721360;SNCF;StopPoint:OCETrain TER-87213603
TN8721360;UIC;8721360
TN8721360;UIC8;87213603
TN8721360;WIKIDATA;Q2566212
TN8721361;OSM;1390541081
TN8721361;SNCF;StopArea:OCE87213611
TN8721361;SNCF;StopPoint:OCECar TER-87213611
TN8721361;SNCF;StopPoint:OCETrain TER-87213611
TN8721361;UIC;8721361
TN8721361;UIC8;87213611
TN8721361;WIKIDATA;Q3095997
TN8721366;OSM;3502956093
TN8721366;SNCF;StopArea:OCE87213660
TN8721366;SNCF;StopPoint:OCETrain TER-87213660
TN8721366;UIC;8721366
TN8721366;UIC8;87213660
TN8721366;WIKIDATA;Q3096706
TN8721367;OSM;3507541000
TN8721367;SNCF;StopArea:OCE87213678
TN8721367;SNCF;StopPoint:OCETrain TER-87213678
TN8721367;UIC;8721367
TN8721367;UIC8;87213678
TN8721367;WIKIDATA;Q305421
TN8721368;OSM;8221501539
TN8721368;SNCF;StopArea:OCE87213686
TN8721368;SNCF;StopPoint:OCETrain TER-87213686
TN8721368;UIC;8721368
TN8721368;UIC8;87213686
TN8721368;WIKIDATA;Q1962244
TN8721374;OSM;3464965893
TN8721374;SNCF;StopArea:OCE87213744
TN8721374;SNCF;StopPoint:OCECar TER-87213744
TN8721374;SNCF;StopPoint:OCETrain TER-87213744
TN8721374;UIC;8721374
TN8721374;UIC8;87213744
TN8721374;WIKIDATA;Q1821503
TN8721376;SNCF;StopArea:OCE87213769
TN8721376;SNCF;StopPoint:OCECar TER-87213769
TN8721376;UIC;8721376
TN8721376;UIC8;87213769
TN8721378;OSM;3502949893
TN8721378;SNCF;StopArea:OCE87213785
TN8721378;SNCF;StopPoint:OCECar TER-87213785
TN8721378;SNCF;StopPoint:OCETrain TER-87213785
TN8721378;UIC;8721378
TN8721378;UIC8;87213785
TN8721378;WIKIDATA;Q2451921
TN8721382;SNCF;StopArea:OCE87213827
TN8721382;SNCF;StopPoint:OCECar TER-87213827
TN8721382;UIC;8721382
TN8721382;UIC8;87213827
TN8721388;SNCF;StopArea:OCE87213884
TN8721388;SNCF;StopPoint:OCECar TER-87213884
TN8721388;UIC;8721388
TN8721388;UIC8;87213884
TN8721405;OSM;304088466
TN8721405;SNCF;StopArea:OCE87214056
TN8721405;SNCF;StopPoint:OCECar TER-87214056
TN8721405;SNCF;StopPoint:OCETGV INOUI-87214056
TN8721405;SNCF;StopPoint:OCETrain TER-87214056
TN8721405;UIC;8721405
TN8721405;UIC8;87214056
TN8721405;WIKIDATA;Q2707646
TN8721410;OSM;3454679093
TN8721410;SNCF;StopArea:OCE87214106
TN8721410;SNCF;StopPoint:OCETrain TER-87214106
TN8721410;UIC;8721410
TN8721410;UIC8;87214106
TN8721410;WIKIDATA;Q2311674
TN8721411;OSM;3454830093
TN8721411;SNCF;StopArea:OCE87214114
TN8721411;SNCF;StopPoint:OCETrain TER-87214114
TN8721411;UIC;8721411
TN8721411;UIC8;87214114
TN8721411;WIKIDATA;Q609707
TN8721412;OSM;4442011409
TN8721412;SNCF;StopArea:OCE87214122
TN8721412;SNCF;StopPoint:OCECar TER-87214122
TN8721412;SNCF;StopPoint:OCETrain TER-87214122
TN8721412;UIC;8721412
TN8721412;UIC8;87214122
TN8721412;WIKIDATA;Q2022829
TN8721413;OSM;3498049493
TN8721413;SNCF;StopArea:OCE87214130
TN8721413;SNCF;StopPoint:OCETrain TER-87214130
TN8721413;UIC;8721413
TN8721413;UIC8;87214130
TN8721413;WIKIDATA;Q3096998
TN8721414;OSM;4451773324
TN8721414;SNCF;StopArea:OCE87214148
TN8721414;SNCF;StopPoint:OCECar TER-87214148
TN8721414;SNCF;StopPoint:OCETrain TER-87214148
TN8721414;UIC;8721414
TN8721414;UIC8;87214148
TN8721414;WIKIDATA;Q1808649
TN8721420;OSM;3464931493
TN8721420;SNCF;StopArea:OCE87214205
TN8721420;SNCF;StopPoint:OCETrain TER-87214205
TN8721420;UIC;8721420
TN8721420;UIC8;87214205
TN8721420;WIKIDATA;Q3097702
TN8721421;OSM;4160523270
TN8721421;SNCF;StopArea:OCE87214213
TN8721421;SNCF;StopPoint:OCECar TER-87214213
TN8721421;SNCF;StopPoint:OCETrain TER-87214213
TN8721421;UIC;8721421
TN8721421;UIC8;87214213
TN8721421;WIKIDATA;Q3096344
TN8721422;OSM;304088411
TN8721422;SNCF;StopArea:OCE87214221
TN8721422;SNCF;StopPoint:OCETrain TER-87214221
TN8721422;UIC;8721422
TN8721422;UIC8;87214221
TN8721422;WIKIDATA;Q3095742
TN8721423;OSM;10064510450
TN8721423;SNCF;StopArea:OCE87214239
TN8721423;SNCF;StopPoint:OCETrain TER-87214239
TN8721423;UIC;8721423
TN8721423;UIC8;87214239
TN8721423;WIKIDATA;Q2424815
TN8721424;OSM;4398533304
TN8721424;SNCF;StopArea:OCE87214247
TN8721424;SNCF;StopPoint:OCECar TER-87214247
TN8721424;SNCF;StopPoint:OCETrain TER-87214247
TN8721424;UIC;8721424
TN8721424;UIC8;87214247
TN8721424;WIKIDATA;Q3095905
TN8721425;OSM;10068347815
TN8721425;SNCF;StopArea:OCE87214254
TN8721425;SNCF;StopPoint:OCETrain TER-87214254
TN8721425;UIC;8721425
TN8721425;UIC8;87214254
TN8721425;WIKIDATA;Q761462
TN8721427;OSM;10067062710
TN8721427;SNCF;StopArea:OCE87214270
TN8721427;SNCF;StopPoint:OCETrain TER-87214270
TN8721427;UIC;8721427
TN8721427;UIC8;87214270
TN8721427;WIKIDATA;Q3096559
TN8721428;OSM;2509120285
TN8721428;SNCF;StopArea:OCE87214288
TN8721428;SNCF;StopPoint:OCETrain TER-87214288
TN8721428;UIC;8721428
TN8721428;UIC8;87214288
TN8721428;WIKIDATA;Q2092112
TN8721429;OSM;10067175592
TN8721429;SNCF;StopArea:OCE87214296
TN8721429;SNCF;StopPoint:OCETrain TER-87214296
TN8721429;UIC;8721429
TN8721429;UIC8;87214296
TN8721429;WIKIDATA;Q3095992
TN8721432;OSM;3768687486
TN8721432;SNCF;StopArea:OCE87214320
TN8721432;SNCF;StopPoint:OCECar TER-87214320
TN8721432;SNCF;StopPoint:OCETrain TER-87214320
TN8721432;UIC;8721432
TN8721432;UIC8;87214320
TN8721432;WIKIDATA;Q3097445
TN8721433;OSM;10067175585
TN8721433;SNCF;StopArea:OCE87214338
TN8721433;SNCF;StopPoint:OCETrain TER-87214338
TN8721433;UIC;8721433
TN8721433;UIC8;87214338
TN8721433;WIKIDATA;Q3096390
TN8721450;OSM;3454850393
TN8721450;SNCF;StopArea:OCE87214502
TN8721450;SNCF;StopPoint:OCETrain TER-87214502
TN8721450;UIC;8721450
TN8721450;UIC8;87214502
TN8721450;WIKIDATA;Q2116031
TN8721452;OSM;3454676195
TN8721452;SNCF;StopArea:OCE87214528
TN8721452;SNCF;StopPoint:OCECar TER-87214528
TN8721452;SNCF;StopPoint:OCETrain TER-87214528
TN8721452;UIC;8721452
TN8721452;UIC8;87214528
TN8721452;WIKIDATA;Q3004905
TN8721453;OSM;3454675093
TN8721453;SNCF;StopArea:OCE87214536
TN8721453;SNCF;StopPoint:OCETrain TER-87214536
TN8721453;UIC;8721453
TN8721453;UIC8;87214536
TN8721454;OSM;8131365815
TN8721454;SNCF;StopArea:OCE87214544
TN8721454;SNCF;StopPoint:OCETrain TER-87214544
TN8721454;UIC;8721454
TN8721454;UIC8;87214544
TN8721454;WIKIDATA;Q1922941
TN8721455;OSM;3454613993
TN8721455;SNCF;StopArea:OCE87214551
TN8721455;SNCF;StopPoint:OCETrain TER-87214551
TN8721455;UIC;8721455
TN8721455;UIC8;87214551
TN8721457;OSM;4398519784
TN8721457;SNCF;StopArea:OCE87214577
TN8721457;SNCF;StopPoint:OCECar TER-87214577
TN8721457;SNCF;StopPoint:OCETrain TER-87214577
TN8721457;UIC;8721457
TN8721457;UIC8;87214577
TN8721457;WIKIDATA;Q3097059
TN8721458;OSM;3505931293
TN8721458;SNCF;StopArea:OCE87214585
TN8721458;SNCF;StopPoint:OCETrain TER-87214585
TN8721458;UIC;8721458
TN8721458;UIC8;87214585
TN8721458;WIKIDATA;Q2377439
TN8721459;OSM;9154270511
TN8721459;SNCF;StopArea:OCE87214593
TN8721459;SNCF;StopPoint:OCETrain TER-87214593
TN8721459;UIC;8721459
TN8721459;UIC8;87214593
TN8721459;WIKIDATA;Q1889469
TN8721462;OSM;9154284601
TN8721462;SNCF;StopArea:OCE87214627
TN8721462;SNCF;StopPoint:OCECar TER-87214627
TN8721462;SNCF;StopPoint:OCETrain TER-87214627
TN8721462;UIC;8721462
TN8721462;UIC8;87214627
TN8721462;WIKIDATA;Q2676402
TN8721463;OSM;3502650495
TN8721463;SNCF;StopArea:OCE87214635
TN8721463;SNCF;StopPoint:OCECar TER-87214635
TN8721463;SNCF;StopPoint:OCETrain TER-87214635
TN8721463;UIC;8721463
TN8721463;UIC8;87214635
TN8721463;WIKIDATA;Q1817356
TN8721464;OSM;3505900695
TN8721464;SNCF;StopArea:OCE87214643
TN8721464;SNCF;StopPoint:OCECar TER-87214643
TN8721464;SNCF;StopPoint:OCETrain TER-87214643
TN8721464;UIC;8721464
TN8721464;UIC8;87214643
TN8721464;WIKIDATA;Q2853441
TN8721465;OSM;9154289490
TN8721465;SNCF;StopArea:OCE87214650
TN8721465;SNCF;StopPoint:OCETrain TER-87214650
TN8721465;UIC;8721465
TN8721465;UIC8;87214650
TN8721465;WIKIDATA;Q664611
TN8721467;OSM;3507542994
TN8721467;SNCF;StopArea:OCE87214676
TN8721467;SNCF;StopPoint:OCETrain TER-87214676
TN8721467;UIC;8721467
TN8721467;UIC8;87214676
TN8721467;WIKIDATA;Q1879120
TN8721468;OSM;3502654316
TN8721468;SNCF;StopArea:OCE87214684
TN8721468;SNCF;StopPoint:OCECar TER-87214684
TN8721468;SNCF;StopPoint:OCETrain TER-87214684
TN8721468;UIC;8721468
TN8721468;UIC8;87214684
TN8721468;WIKIDATA;Q2373826
TN8721469;OSM;4398502607
TN8721469;SNCF;StopArea:OCE87214692
TN8721469;SNCF;StopPoint:OCECar TER-87214692
TN8721469;SNCF;StopPoint:OCETrain TER-87214692
TN8721469;UIC;8721469
TN8721469;UIC8;87214692
TN8721469;WIKIDATA;Q1926234
TN8721472;OSM;3502657503
TN8721472;SNCF;StopArea:OCE87214726
TN8721472;SNCF;StopPoint:OCECar TER-87214726
TN8721472;SNCF;StopPoint:OCETrain TER-87214726
TN8721472;UIC;8721472
TN8721472;UIC8;87214726
TN8721472;WIKIDATA;Q3097449
TN8721473;OSM;731520866
TN8721473;SNCF;StopArea:OCE87214734
TN8721473;SNCF;StopPoint:OCETrain TER-87214734
TN8721473;UIC;8721473
TN8721473;UIC8;87214734
TN8721473;WIKIDATA;Q2306456
TN8721474;OSM;9154298564
TN8721474;SNCF;StopArea:OCE87214742
TN8721474;SNCF;StopPoint:OCECar TER-87214742
TN8721474;SNCF;StopPoint:OCETrain TER-87214742
TN8721474;UIC;8721474
TN8721474;UIC8;87214742
TN8721474;WIKIDATA;Q2074825
TN8721477;OSM;3502661057
TN8721477;SNCF;StopArea:OCE87214775
TN8721477;SNCF;StopPoint:OCETrain TER-87214775
TN8721477;UIC;8721477
TN8721477;UIC8;87214775
TN8721477;WIKIDATA;Q2412987
TN8721478;OSM;3502662794
TN8721478;SNCF;StopArea:OCE87214783
TN8721478;SNCF;StopPoint:OCECar TER-87214783
TN8721478;SNCF;StopPoint:OCETrain TER-87214783
TN8721478;UIC;8721478
TN8721478;UIC8;87214783
TN8721478;WIKIDATA;Q2446921
TN8721485;SNCF;StopArea:OCE87214858
TN8721485;SNCF;StopPoint:OCECar TER-87214858
TN8721485;UIC;8721485
TN8721485;UIC8;87214858
TN8721501;OSM;4041487536
TN8721501;SNCF;StopArea:OCE87215012
TN8721501;SNCF;StopPoint:OCECar TER-87215012
TN8721501;SNCF;StopPoint:OCETGV INOUI-87215012
TN8721501;SNCF;StopPoint:OCETrain TER-87215012
TN8721501;UIC;8721501
TN8721501;UIC8;87215012
TN8721501;WIKIDATA;Q1968912
TN8721507;OSM;4449635200
TN8721507;SNCF;StopArea:OCE87215079
TN8721507;SNCF;StopPoint:OCETrain TER-87215079
TN8721507;UIC;8721507
TN8721507;UIC8;87215079
TN8721507;WIKIDATA;Q2202248
TN8721510;OSM;9019320088
TN8721510;SNCF;StopArea:OCE87215103
TN8721510;SNCF;StopPoint:OCECar TER-87215103
TN8721510;SNCF;StopPoint:OCETrain TER-87215103
TN8721510;UIC;8721510
TN8721510;UIC8;87215103
TN8721510;WIKIDATA;Q3095780
TN8721511;SNCF;StopArea:OCE87215111
TN8721511;SNCF;StopPoint:OCECar TER-87215111
TN8721511;UIC;8721511
TN8721511;UIC8;87215111
TN8721512;SNCF;StopArea:OCE87215129
TN8721512;SNCF;StopPoint:OCECar TER-87215129
TN8721512;UIC;8721512
TN8721512;UIC8;87215129
TN8721513;SNCF;StopArea:OCE87215137
TN8721513;SNCF;StopPoint:OCECar TER-87215137
TN8721513;UIC;8721513
TN8721513;UIC8;87215137
TN8721514;SNCF;StopArea:OCE87215145
TN8721514;SNCF;StopPoint:OCECar TER-87215145
TN8721514;UIC;8721514
TN8721514;UIC8;87215145
TN8721516;OSM;4401067440
TN8721516;SNCF;StopArea:OCE87215160
TN8721516;SNCF;StopPoint:OCETrain TER-87215160
TN8721516;UIC;8721516
TN8721516;UIC8;87215160
TN8721516;WIKIDATA;Q2177940
TN8721527;SNCF;StopArea:OCE87215277
TN8721527;SNCF;StopPoint:OCECar TER-87215277
TN8721527;UIC;8721527
TN8721527;UIC8;87215277
TN8721528;SNCF;StopArea:OCE87215285
TN8721528;SNCF;StopPoint:OCECar TER-87215285
TN8721528;UIC;8721528
TN8721528;UIC8;87215285
TN8721529;SNCF;StopArea:OCE87215293
TN8721529;SNCF;StopPoint:OCECar TER-87215293
TN8721529;UIC;8721529
TN8721529;UIC8;87215293
TN8721530;SNCF;StopArea:OCE87215301
TN8721530;SNCF;StopPoint:OCECar TER-87215301
TN8721530;UIC;8721530
TN8721530;UIC8;87215301
TN8721531;SNCF;StopArea:OCE87215319
TN8721531;SNCF;StopPoint:OCECar TER-87215319
TN8721531;UIC;8721531
TN8721531;UIC8;87215319
TN8721532;SNCF;StopArea:OCE87215327
TN8721532;SNCF;StopPoint:OCECar TER-87215327
TN8721532;UIC;8721532
TN8721532;UIC8;87215327
TN8721533;OSM;4300894842
TN8721533;SNCF;StopArea:OCE87215335
TN8721533;SNCF;StopPoint:OCETrain TER-87215335
TN8721533;UIC;8721533
TN8721533;UIC8;87215335
TN8721533;WIKIDATA;Q2308590
TN8721535;SNCF;StopArea:OCE87215350
TN8721535;SNCF;StopPoint:OCECar TER-87215350
TN8721535;UIC;8721535
TN8721535;UIC8;87215350
TN8721545;SNCF;StopArea:OCE87215459
TN8721545;SNCF;StopPoint:OCECar TER-87215459
TN8721545;UIC;8721545
TN8721545;UIC8;87215459
TN8721548;SNCF;StopArea:OCE87215483
TN8721548;SNCF;StopPoint:OCECar TER-87215483
TN8721548;UIC;8721548
TN8721548;UIC8;87215483
TN8721549;SNCF;StopArea:OCE87215491
TN8721549;SNCF;StopPoint:OCECar TER-87215491
TN8721549;UIC;8721549
TN8721549;UIC8;87215491
TN8721563;OSM;3505934996
TN8721563;SNCF;StopArea:OCE87215632
TN8721563;SNCF;StopPoint:OCECar TER-87215632
TN8721563;SNCF;StopPoint:OCETrain TER-87215632
TN8721563;UIC;8721563
TN8721563;UIC8;87215632
TN8721563;WIKIDATA;Q2600086
TN8721566;OSM;4450580682
TN8721566;SNCF;StopArea:OCE87215665
TN8721566;SNCF;StopPoint:OCECar TER-87215665
TN8721566;SNCF;StopPoint:OCETrain TER-87215665
TN8721566;UIC;8721566
TN8721566;UIC8;87215665
TN8721566;WIKIDATA;Q2057826
TN8721569;OSM;3507540997
TN8721569;SNCF;StopArea:OCE87215699
TN8721569;SNCF;StopPoint:OCECar TER-87215699
TN8721569;SNCF;StopPoint:OCETrain TER-87215699
TN8721569;UIC;8721569
TN8721569;UIC8;87215699
TN8721569;WIKIDATA;Q1962819
TN8722326;OSM;8745537418
TN8722326;SNCF;StopArea:OCE87223263
TN8722326;SNCF;StopPoint:OCEOUIGO-87223263
TN8722326;SNCF;StopPoint:OCETGV INOUI-87223263
TN8722326;SNCF;StopPoint:OCETrain TER-87223263
TN8722326;UIC;8722326
TN8722326;UIC8;87223263
TN8722326;WIKIDATA;Q801099
TN8727100;CRS;PBN
TN8727100;OSM;3090733718
TN8727100;SNCF;StopArea:OCE87271007
TN8727100;SNCF;StopPoint:OCETGV INOUI-87271007
TN8727100;SNCF;StopPoint:OCETrain TER-87271007
TN8727100;SNCF;StopPoint:OCETrain-87271007
TN8727100;UIC;8727100
TN8727100;UIC8;87271007
TN8727100;WIKIDATA;Q745942
TN8727149;OSM;4269245656
TN8727149;SNCF;StopArea:OCE87271494
TN8727149;SNCF;StopPoint:OCEOUIGO-87271494
TN8727149;SNCF;StopPoint:OCETGV INOUI-87271494
TN8727149;UIC;8727149
TN8727149;UIC8;87271494
TN8727149;WIKIDATA;Q800424
TN8727153;OSM;316883910
TN8727153;SNCF;StopArea:OCE87271536
TN8727153;SNCF;StopPoint:OCETrain TER-87271536
TN8727153;UIC;8727153
TN8727153;UIC8;87271536
TN8727153;WIKIDATA;Q1923376
TN8727155;OSM;316883924
TN8727155;SNCF;StopArea:OCE87271551
TN8727155;SNCF;StopPoint:OCETrain TER-87271551
TN8727155;UIC;8727155
TN8727155;UIC8;87271551
TN8727155;WIKIDATA;Q2398897
TN8727157;OSM;696399181
TN8727157;SNCF;StopArea:OCE87271577
TN8727157;SNCF;StopPoint:OCETrain TER-87271577
TN8727157;UIC;8727157
TN8727157;UIC8;87271577
TN8727157;WIKIDATA;Q1927198
TN8727159;OSM;3486493501
TN8727159;SNCF;StopArea:OCE87271593
TN8727159;SNCF;StopPoint:OCECar TER-87271593
TN8727159;SNCF;StopPoint:OCETrain TER-87271593
TN8727159;UIC;8727159
TN8727159;UIC8;87271593
TN8727159;WIKIDATA;Q3096338
TN8727160;OSM;316883977
TN8727160;SNCF;StopArea:OCE87271601
TN8727160;SNCF;StopPoint:OCETrain TER-87271601
TN8727160;UIC;8727160
TN8727160;UIC8;87271601
TN8727160;WIKIDATA;Q3097940
TN8727173;OSM;9805769321
TN8727173;SNCF;StopArea:OCE87271734
TN8727173;SNCF;StopPoint:OCECar TER-87271734
TN8727173;SNCF;StopPoint:OCETrain TER-87271734
TN8727173;UIC;8727173
TN8727173;UIC8;87271734
TN8727173;WIKIDATA;Q2234195
TN8727177;OSM;9805769319
TN8727177;SNCF;StopArea:OCE87271775
TN8727177;SNCF;StopPoint:OCETrain TER-87271775
TN8727177;UIC;8727177
TN8727177;UIC8;87271775
TN8727177;WIKIDATA;Q2027393
TN8727178;OSM;9805769318
TN8727178;SNCF;StopArea:OCE87271783
TN8727178;SNCF;StopPoint:OCETrain TER-87271783
TN8727178;UIC;8727178
TN8727178;UIC8;87271783
TN8727178;WIKIDATA;Q2282895
TN8727181;OSM;3486466902
TN8727181;SNCF;StopArea:OCE87271817
TN8727181;SNCF;StopPoint:OCECar TER-87271817
TN8727181;SNCF;StopPoint:OCETrain TER-87271817
TN8727181;UIC;8727181
TN8727181;UIC8;87271817
TN8727181;WIKIDATA;Q935169
TN8727187;OSM;2277221434
TN8727187;SNCF;StopArea:OCE87271874
TN8727187;SNCF;StopPoint:OCETrain TER-87271874
TN8727187;UIC;8727187
TN8727187;UIC8;87271874
TN8727187;WIKIDATA;Q2831424
TN8727188;OSM;2277221447
TN8727188;SNCF;StopArea:OCE87271882
TN8727188;SNCF;StopPoint:OCETrain TER-87271882
TN8727188;UIC;8727188
TN8727188;UIC8;87271882
TN8727188;WIKIDATA;Q3096971
TN8727201;OSM;9805725594
TN8727201;SNCF;StopArea:OCE87272013
TN8727201;SNCF;StopPoint:OCECar TER-87272013
TN8727201;SNCF;StopPoint:OCETrain TER-87272013
TN8727201;UIC;8727201
TN8727201;UIC8;87272013
TN8727201;WIKIDATA;Q1838995
TN8727209;OSM;2279594708
TN8727209;SNCF;StopArea:OCE87272096
TN8727209;SNCF;StopPoint:OCETrain TER-87272096
TN8727209;UIC;8727209
TN8727209;UIC8;87272096
TN8727209;WIKIDATA;Q2007719
TN8727219;OSM;1564543358
TN8727219;SNCF;StopArea:OCE87272195
TN8727219;SNCF;StopPoint:OCECar TER-87272195
TN8727219;SNCF;StopPoint:OCETrain TER-87272195
TN8727219;UIC;8727219
TN8727219;UIC8;87272195
TN8727219;WIKIDATA;Q2545798
TN8727228;OSM;9805769320
TN8727228;SNCF;StopArea:OCE87272286
TN8727228;SNCF;StopPoint:OCETrain TER-87272286
TN8727228;UIC;8727228
TN8727228;UIC8;87272286
TN8727228;WIKIDATA;Q2653635
TN8727600;OSM;3486467908
TN8727600;SNCF;StopArea:OCE87276006
TN8727600;SNCF;StopPoint:OCECar TER-87276006
TN8727600;SNCF;StopPoint:OCETrain TER-87276006
TN8727600;UIC;8727600
TN8727600;UIC8;87276006
TN8727600;WIKIDATA;Q664142
TN8727611;OSM;331938645
TN8727611;SNCF;StopArea:OCE87276113
TN8727611;SNCF;StopPoint:OCETrain TER-87276113
TN8727611;UIC;8727611
TN8727611;UIC8;87276113
TN8727611;WIKIDATA;Q800617
TN8727620;OSM;8330296218
TN8727620;SNCF;StopArea:OCE87276204
TN8727620;SNCF;StopPoint:OCECar TER-87276204
TN8727620;SNCF;StopPoint:OCETrain TER-87276204
TN8727620;UIC;8727620
TN8727620;UIC8;87276204
TN8727620;WIKIDATA;Q1861624
TN8727621;OSM;8330295264
TN8727621;SNCF;StopArea:OCE87276212
TN8727621;SNCF;StopPoint:OCECar TER-87276212
TN8727621;SNCF;StopPoint:OCETrain TER-87276212
TN8727621;UIC;8727621
TN8727621;UIC8;87276212
TN8727621;WIKIDATA;Q2274967
TN8727627;OSM;331939553
TN8727627;SNCF;StopArea:OCE87276279
TN8727627;SNCF;StopPoint:OCETrain TER-87276279
TN8727627;UIC;8727627
TN8727627;UIC8;87276279
TN8727627;WIKIDATA;Q2580779
TN8727630;OSM;9805725592
TN8727630;SNCF;StopArea:OCE87276303
TN8727630;SNCF;StopPoint:OCECar TER-87276303
TN8727630;SNCF;StopPoint:OCETrain TER-87276303
TN8727630;UIC;8727630
TN8727630;UIC8;87276303
TN8727630;WIKIDATA;Q3096904
TN8727631;OSM;9805725591
TN8727631;SNCF;StopArea:OCE87276311
TN8727631;SNCF;StopPoint:OCECar TER-87276311
TN8727631;SNCF;StopPoint:OCETrain TER-87276311
TN8727631;UIC;8727631
TN8727631;UIC8;87276311
TN8727631;WIKIDATA;Q630114
TN8727632;OSM;2055667695
TN8727632;SNCF;StopArea:OCE87276329
TN8727632;SNCF;StopPoint:OCECar TER-87276329
TN8727632;SNCF;StopPoint:OCETrain TER-87276329
TN8727632;UIC;8727632
TN8727632;UIC8;87276329
TN8727632;WIKIDATA;Q2410993
TN8727635;OSM;9798045247
TN8727635;SNCF;StopArea:OCE87276352
TN8727635;SNCF;StopPoint:OCECar TER-87276352
TN8727635;SNCF;StopPoint:OCETrain TER-87276352
TN8727635;UIC;8727635
TN8727635;UIC8;87276352
TN8727635;WIKIDATA;Q1872396
TN8727637;OSM;2394065578
TN8727637;SNCF;StopArea:OCE87276378
TN8727637;SNCF;StopPoint:OCECar TER-87276378
TN8727637;SNCF;StopPoint:OCETrain TER-87276378
TN8727637;UIC;8727637
TN8727637;UIC8;87276378
TN8727637;WIKIDATA;Q3098011
TN8727646;OSM;3580086193
TN8727646;SNCF;StopArea:OCE87276469
TN8727646;SNCF;StopPoint:OCETrain TER-87276469
TN8727646;UIC;8727646
TN8727646;UIC8;87276469
TN8727646;WIKIDATA;Q919548
TN8727661;OSM;2053311691
TN8727661;SNCF;StopArea:OCE87276618
TN8727661;SNCF;StopPoint:OCECar TER-87276618
TN8727661;SNCF;StopPoint:OCETrain TER-87276618
TN8727661;UIC;8727661
TN8727661;UIC8;87276618
TN8727661;WIKIDATA;Q2115710
TN8727669;OSM;2394065564
TN8727669;SNCF;StopArea:OCE87276691
TN8727669;SNCF;StopPoint:OCECar TER-87276691
TN8727669;SNCF;StopPoint:OCETrain TER-87276691
TN8727669;UIC;8727669
TN8727669;UIC8;87276691
TN8727669;WIKIDATA;Q1858263
TN8727671;OSM;2279594705
TN8727671;SNCF;StopArea:OCE87276717
TN8727671;SNCF;StopPoint:OCETrain TER-87276717
TN8727671;UIC;8727671
TN8727671;UIC8;87276717
TN8727671;WIKIDATA;Q3096031
TN8727672;OSM;4572639667
TN8727672;SNCF;StopArea:OCE87276725
TN8727672;SNCF;StopPoint:OCETrain TER-87276725
TN8727672;UIC;8727672
TN8727672;UIC8;87276725
TN8727672;WIKIDATA;Q2650336
TN8727673;OSM;9805725593
TN8727673;SNCF;StopArea:OCE87276733
TN8727673;SNCF;StopPoint:OCECar TER-87276733
TN8727673;SNCF;StopPoint:OCETrain TER-87276733
TN8727673;UIC;8727673
TN8727673;UIC8;87276733
TN8727673;WIKIDATA;Q2647962
TN8727674;OSM;1564543379
TN8727674;SNCF;StopArea:OCE87276741
TN8727674;SNCF;StopPoint:OCECar TER-87276741
TN8727674;SNCF;StopPoint:OCETrain TER-87276741
TN8727674;UIC;8727674
TN8727674;UIC8;87276741
TN8727674;WIKIDATA;Q3097870
TN8727676;OSM;3774858291
TN8727676;SNCF;StopArea:OCE87276766
TN8727676;SNCF;StopPoint:OCECar TER-87276766
TN8727676;SNCF;StopPoint:OCETrain TER-87276766
TN8727676;UIC;8727676
TN8727676;UIC8;87276766
TN8727676;WIKIDATA;Q2785272
TN8727677;OSM;474817247
TN8727677;SNCF;StopArea:OCE87276774
TN8727677;SNCF;StopPoint:OCETrain TER-87276774
TN8727677;UIC;8727677
TN8727677;UIC8;87276774
TN8727677;WIKIDATA;Q2650500
TN8727678;OSM;11475878840
TN8727678;SNCF;StopArea:OCE87276782
TN8727678;SNCF;StopPoint:OCECar TER-87276782
TN8727678;SNCF;StopPoint:OCETrain TER-87276782
TN8727678;UIC;8727678
TN8727678;UIC8;87276782
TN8727678;WIKIDATA;Q1826892
TN8727825;OSM;648505624
TN8727825;SNCF;StopArea:OCE87278259
TN8727825;SNCF;StopPoint:OCECar TER-87278259
TN8727825;SNCF;StopPoint:OCETrain TER-87278259
TN8727825;UIC;8727825
TN8727825;UIC8;87278259
TN8727825;WIKIDATA;Q2071984
TN8727986;SNCF;StopArea:OCE87279869
TN8727986;SNCF;StopPoint:OCECar TER-87279869
TN8727986;UIC;8727986
TN8727986;UIC8;87279869
TN8728100;OSM;312805118
TN8728100;SNCF;StopArea:OCE87281006
TN8728100;SNCF;StopPoint:OCETGV INOUI-87281006
TN8728100;SNCF;StopPoint:OCETrain TER-87281006
TN8728100;UIC;8728100
TN8728100;UIC8;87281006
TN8728100;WIKIDATA;Q2474563
TN8728105;OSM;7042284669
TN8728105;SNCF;StopArea:OCE87281055
TN8728105;SNCF;StopPoint:OCETrain TER-87281055
TN8728105;UIC;8728105
TN8728105;UIC8;87281055
TN8728105;WIKIDATA;Q3096324
TN8728107;OSM;8019855985
TN8728107;SNCF;StopArea:OCE87281071
TN8728107;SNCF;StopPoint:OCECar TER-87281071
TN8728107;SNCF;StopPoint:OCETGV INOUI-87281071
TN8728107;SNCF;StopPoint:OCETrain TER-87281071
TN8728107;UIC;8728107
TN8728107;UIC8;87281071
TN8728107;WIKIDATA;Q800609
TN8728110;OSM;9803287580
TN8728110;SNCF;StopArea:OCE87281105
TN8728110;SNCF;StopPoint:OCETrain TER-87281105
TN8728110;UIC;8728110
TN8728110;UIC8;87281105
TN8728110;WIKIDATA;Q616824
TN8728111;OSM;2058859737
TN8728111;SNCF;StopArea:OCE87281113
TN8728111;SNCF;StopPoint:OCETrain TER-87281113
TN8728111;UIC;8728111
TN8728111;UIC8;87281113
TN8728111;WIKIDATA;Q2321493
TN8728112;OSM;2058834954
TN8728112;SNCF;StopArea:OCE87281121
TN8728112;SNCF;StopPoint:OCETrain TER-87281121
TN8728112;UIC;8728112
TN8728112;UIC8;87281121
TN8728112;WIKIDATA;Q2651595
TN8728113;OSM;2058823678
TN8728113;SNCF;StopArea:OCE87281139
TN8728113;SNCF;StopPoint:OCETrain TER-87281139
TN8728113;UIC;8728113
TN8728113;UIC8;87281139
TN8728113;WIKIDATA;Q1875256
TN8728124;OSM;2058924203
TN8728124;SNCF;StopArea:OCE87281246
TN8728124;SNCF;StopPoint:OCETrain TER-87281246
TN8728124;UIC;8728124
TN8728124;UIC8;87281246
TN8728124;WIKIDATA;Q2346103
TN8728127;OSM;9803287581
TN8728127;SNCF;StopArea:OCE87281279
TN8728127;SNCF;StopPoint:OCETrain TER-87281279
TN8728127;UIC;8728127
TN8728127;UIC8;87281279
TN8728127;WIKIDATA;Q2243517
TN8728131;OSM;8164736357
TN8728131;SNCF;StopArea:OCE87281311
TN8728131;SNCF;StopPoint:OCETrain TER-87281311
TN8728131;UIC;8728131
TN8728131;UIC8;87281311
TN8728131;WIKIDATA;Q1973992
TN8728140;OSM;2058887903
TN8728140;SNCF;StopArea:OCE87281402
TN8728140;SNCF;StopPoint:OCETrain TER-87281402
TN8728140;UIC;8728140
TN8728140;UIC8;87281402
TN8728140;WIKIDATA;Q2426973
TN8728141;OSM;9634381767
TN8728141;SNCF;StopArea:OCE87281410
TN8728141;SNCF;StopPoint:OCETrain TER-87281410
TN8728141;UIC;8728141
TN8728141;UIC8;87281410
TN8728141;WIKIDATA;Q2215433
TN8728142;OSM;8457410497
TN8728142;SNCF;StopArea:OCE87281428
TN8728142;SNCF;StopPoint:OCECar TER-87281428
TN8728142;SNCF;StopPoint:OCETrain TER-87281428
TN8728142;UIC;8728142
TN8728142;UIC8;87281428
TN8728142;WIKIDATA;Q2192636
TN8728143;OSM;10685195449
TN8728143;SNCF;StopArea:OCE87281436
TN8728143;SNCF;StopPoint:OCECar TER-87281436
TN8728143;SNCF;StopPoint:OCETrain TER-87281436
TN8728143;UIC;8728143
TN8728143;UIC8;87281436
TN8728143;WIKIDATA;Q3098068
TN8728144;OSM;3484621893
TN8728144;SNCF;StopArea:OCE87281444
TN8728144;SNCF;StopPoint:OCECar TER-87281444
TN8728144;SNCF;StopPoint:OCETrain TER-87281444
TN8728144;UIC;8728144
TN8728144;UIC8;87281444
TN8728144;WIKIDATA;Q736324
TN8728145;OSM;9797932210
TN8728145;SNCF;StopArea:OCE87281451
TN8728145;SNCF;StopPoint:OCECar TER-87281451
TN8728145;SNCF;StopPoint:OCETrain TER-87281451
TN8728145;UIC;8728145
TN8728145;UIC8;87281451
TN8728145;WIKIDATA;Q3097394
TN8728146;OSM;9797980613
TN8728146;SNCF;StopArea:OCE87281469
TN8728146;SNCF;StopPoint:OCECar TER-87281469
TN8728146;SNCF;StopPoint:OCETrain TER-87281469
TN8728146;UIC;8728146
TN8728146;UIC8;87281469
TN8728146;WIKIDATA;Q1817987
TN8728233;SNCF;StopArea:OCE87282335
TN8728233;SNCF;StopPoint:OCECar TER-87282335
TN8728233;UIC;8728233
TN8728233;UIC8;87282335
TN8728262;OSM;9924526864
TN8728262;SNCF;StopArea:OCE87282624
TN8728262;SNCF;StopPoint:OCETrain TER-87282624
TN8728262;UIC;8728262
TN8728262;UIC8;87282624
TN8728262;WIKIDATA;Q8437
TN8728600;OSM;8745537419
TN8728600;SNCF;StopArea:OCE87286005
TN8728600;SNCF;StopPoint:OCECar TER-87286005
TN8728600;SNCF;StopPoint:OCEOUIGO-87286005
TN8728600;SNCF;StopPoint:OCETGV INOUI-87286005
TN8728600;SNCF;StopPoint:OCETrain TER-87286005
TN8728600;UIC;8728600
TN8728600;UIC8;87286005
TN8728600;WIKIDATA;Q801098
TN8728606;OSM;3483925793
TN8728606;SNCF;StopArea:OCE87286062
TN8728606;SNCF;StopPoint:OCETrain TER-87286062
TN8728606;UIC;8728606
TN8728606;UIC8;87286062
TN8728606;WIKIDATA;Q1969332
TN8728609;OSM;8346106956
TN8728609;SNCF;StopArea:OCE87286096
TN8728609;SNCF;StopPoint:OCETrain TER-87286096
TN8728609;UIC;8728609
TN8728609;UIC8;87286096
TN8728609;WIKIDATA;Q2202492
TN8728611;OSM;1222251915
TN8728611;SNCF;StopArea:OCE87286112
TN8728611;SNCF;StopPoint:OCETrain TER-87286112
TN8728611;UIC;8728611
TN8728611;UIC8;87286112
TN8728611;WIKIDATA;Q3096906
TN8728614;OSM;11054336625
TN8728614;SNCF;StopArea:OCE87286146
TN8728614;SNCF;StopPoint:OCECar TER-87286146
TN8728614;SNCF;StopPoint:OCETrain TER-87286146
TN8728614;UIC;8728614
TN8728614;UIC8;87286146
TN8728614;WIKIDATA;Q2456935
TN8728616;OSM;1642406683
TN8728616;SNCF;StopArea:OCE87286161
TN8728616;SNCF;StopPoint:OCETrain TER-87286161
TN8728616;UIC;8728616
TN8728616;UIC8;87286161
TN8728616;WIKIDATA;Q2175070
TN8728617;OSM;11054308263
TN8728617;SNCF;StopArea:OCE87286179
TN8728617;SNCF;StopPoint:OCECar TER-87286179
TN8728617;SNCF;StopPoint:OCETrain TER-87286179
TN8728617;UIC;8728617
TN8728617;UIC8;87286179
TN8728617;WIKIDATA;Q3095894
TN8728618;OSM;932744268
TN8728618;SNCF;StopArea:OCE87286187
TN8728618;SNCF;StopPoint:OCETrain TER-87286187
TN8728618;UIC;8728618
TN8728618;UIC8;87286187
TN8728618;WIKIDATA;Q2406603
TN8728619;OSM;314066672
TN8728619;SNCF;StopArea:OCE87286195
TN8728619;SNCF;StopPoint:OCETrain TER-87286195
TN8728619;UIC;8728619
TN8728619;UIC8;87286195
TN8728619;WIKIDATA;Q3097492
TN8728620;OSM;9797994098
TN8728620;SNCF;StopArea:OCE87286203
TN8728620;SNCF;StopPoint:OCETrain TER-87286203
TN8728620;UIC;8728620
TN8728620;UIC8;87286203
TN8728620;WIKIDATA;Q2604865
TN8728627;OSM;256488831
TN8728627;SNCF;StopArea:OCE87286278
TN8728627;SNCF;StopPoint:OCETrain TER-87286278
TN8728627;UIC;8728627
TN8728627;UIC8;87286278
TN8728627;WIKIDATA;Q685855
TN8728630;OSM;189265314
TN8728630;SNCF;StopArea:OCE87286302
TN8728630;SNCF;StopPoint:OCECar TER-87286302
TN8728630;SNCF;StopPoint:OCETGV INOUI-87286302
TN8728630;SNCF;StopPoint:OCETrain TER-87286302
TN8728630;UIC;8728630
TN8728630;UIC8;87286302
TN8728630;WIKIDATA;Q3095766
TN8728640;OSM;10118791949
TN8728640;SNCF;StopArea:OCE87286401
TN8728640;SNCF;StopPoint:OCETrain TER-87286401
TN8728640;UIC;8728640
TN8728640;UIC8;87286401
TN8728640;WIKIDATA;Q2248632
TN8728641;OSM;8346052515
TN8728641;SNCF;StopArea:OCE87286419
TN8728641;SNCF;StopPoint:OCETrain TER-87286419
TN8728641;UIC;8728641
TN8728641;UIC8;87286419
TN8728641;WIKIDATA;Q2130769
TN8728642;OSM;3483926093
TN8728642;SNCF;StopArea:OCE87286427
TN8728642;SNCF;StopPoint:OCETrain TER-87286427
TN8728642;UIC;8728642
TN8728642;UIC8;87286427
TN8728642;WIKIDATA;Q2592273
TN8728643;OSM;8777217523
TN8728643;SNCF;StopArea:OCE87286435
TN8728643;SNCF;StopPoint:OCETrain TER-87286435
TN8728643;UIC;8728643
TN8728643;UIC8;87286435
TN8728643;WIKIDATA;Q608031
TN8728650;OSM;9528487653
TN8728650;SNCF;StopArea:OCE87286500
TN8728650;SNCF;StopPoint:OCETrain TER-87286500
TN8728650;UIC;8728650
TN8728650;UIC8;87286500
TN8728650;WIKIDATA;Q2262254
TN8728651;OSM;597199930
TN8728651;SNCF;StopArea:OCE87286518
TN8728651;SNCF;StopPoint:OCETrain TER-87286518
TN8728651;UIC;8728651
TN8728651;UIC8;87286518
TN8728651;WIKIDATA;Q2612480
TN8728652;OSM;9089430572
TN8728652;SNCF;StopArea:OCE87286526
TN8728652;SNCF;StopPoint:OCETrain TER-87286526
TN8728652;UIC;8728652
TN8728652;UIC8;87286526
TN8728652;WIKIDATA;Q3098070
TN8728653;OSM;11091002876
TN8728653;SNCF;StopArea:OCE87286534
TN8728653;SNCF;StopPoint:OCETrain TER-87286534
TN8728653;UIC;8728653
TN8728653;UIC8;87286534
TN8728653;WIKIDATA;Q3097446
TN8728654;OSM;9573053023
TN8728654;SNCF;StopArea:OCE87286542
TN8728654;SNCF;StopPoint:OCECar TER-87286542
TN8728654;SNCF;StopPoint:OCEOUIGO-87286542
TN8728654;SNCF;StopPoint:OCETGV INOUI-87286542
TN8728654;SNCF;StopPoint:OCETrain TER-87286542
TN8728654;UIC;8728654
TN8728654;UIC8;87286542
TN8728654;WIKIDATA;Q2598042
TN8728656;OSM;2045775520
TN8728656;SNCF;StopArea:OCE87286567
TN8728656;SNCF;StopPoint:OCETrain TER-87286567
TN8728656;UIC;8728656
TN8728656;UIC8;87286567
TN8728656;WIKIDATA;Q1917872
TN8728657;OSM;1622650626
TN8728657;SNCF;StopArea:OCE87286575
TN8728657;SNCF;StopPoint:OCETrain TER-87286575
TN8728657;UIC;8728657
TN8728657;UIC8;87286575
TN8728657;WIKIDATA;Q2545936
TN8728658;OSM;4869685772
TN8728658;SNCF;StopArea:OCE87286583
TN8728658;SNCF;StopPoint:OCETrain TER-87286583
TN8728658;UIC;8728658
TN8728658;UIC8;87286583
TN8728658;WIKIDATA;Q1896163
TN8728660;OSM;2043416051
TN8728660;SNCF;StopArea:OCE87286609
TN8728660;SNCF;StopPoint:OCETrain TER-87286609
TN8728660;UIC;8728660
TN8728660;UIC8;87286609
TN8728660;WIKIDATA;Q2656688
TN8728662;OSM;2043418938
TN8728662;SNCF;StopArea:OCE87286625
TN8728662;SNCF;StopPoint:OCETrain TER-87286625
TN8728662;UIC;8728662
TN8728662;UIC8;87286625
TN8728662;WIKIDATA;Q3097845
TN8728664;OSM;2045769790
TN8728664;SNCF;StopArea:OCE87286641
TN8728664;SNCF;StopPoint:OCETrain TER-87286641
TN8728664;UIC;8728664
TN8728664;UIC8;87286641
TN8728664;WIKIDATA;Q1947490
TN8728671;OSM;11373747135
TN8728671;SNCF;StopArea:OCE87286716
TN8728671;SNCF;StopPoint:OCETGV INOUI-87286716
TN8728671;SNCF;StopPoint:OCETrain TER-87286716
TN8728671;UIC;8728671
TN8728671;UIC8;87286716
TN8728671;WIKIDATA;Q2755422
TN8728673;OSM;9853351883
TN8728673;SNCF;StopArea:OCE87286732
TN8728673;SNCF;StopPoint:OCETGV INOUI-87286732
TN8728673;SNCF;StopPoint:OCETrain TER-87286732
TN8728673;UIC;8728673
TN8728673;UIC8;87286732
TN8728673;WIKIDATA;Q2207342
TN8728683;OSM;3483925294
TN8728683;SNCF;StopArea:OCE87286831
TN8728683;SNCF;StopPoint:OCETrain TER-87286831
TN8728683;UIC;8728683
TN8728683;UIC8;87286831
TN8728683;WIKIDATA;Q3097300
TN8728684;OSM;1608968489
TN8728684;SNCF;StopArea:OCE87286849
TN8728684;SNCF;StopPoint:OCETrain TER-87286849
TN8728684;UIC;8728684
TN8728684;UIC8;87286849
TN8728684;WIKIDATA;Q2080256
TN8728685;OSM;8325981844
TN8728685;SNCF;StopArea:OCE87286856
TN8728685;SNCF;StopPoint:OCETrain TER-87286856
TN8728685;UIC;8728685
TN8728685;UIC8;87286856
TN8728685;WIKIDATA;Q2499355
TN8728686;OSM;9965516794
TN8728686;SNCF;StopArea:OCE87286864
TN8728686;SNCF;StopPoint:OCETrain TER-87286864
TN8728686;UIC;8728686
TN8728686;UIC8;87286864
TN8728686;WIKIDATA;Q2379109
TN8728687;OSM;9043670620
TN8728687;SNCF;StopArea:OCE87286872
TN8728687;SNCF;StopPoint:OCETrain TER-87286872
TN8728687;UIC;8728687
TN8728687;UIC8;87286872
TN8728687;WIKIDATA;Q3095897
TN8728710;OSM;3483926094
TN8728710;SNCF;StopArea:OCE87287102
TN8728710;SNCF;StopPoint:OCETrain TER-87287102
TN8728710;UIC;8728710
TN8728710;UIC8;87287102
TN8728710;WIKIDATA;Q2493685
TN8728712;OSM;2275685069
TN8728712;SNCF;StopArea:OCE87287128
TN8728712;SNCF;StopPoint:OCETrain TER-87287128
TN8728712;UIC;8728712
TN8728712;UIC8;87287128
TN8728712;WIKIDATA;Q2403582
TN8728715;OSM;314060255
TN8728715;SNCF;StopArea:OCE87287151
TN8728715;SNCF;StopPoint:OCETrain TER-87287151
TN8728715;UIC;8728715
TN8728715;UIC8;87287151
TN8728715;WIKIDATA;Q934243
TN8728725;OSM;1407143471
TN8728725;SNCF;StopArea:OCE87287250
TN8728725;SNCF;StopPoint:OCETrain TER-87287250
TN8728725;UIC;8728725
TN8728725;UIC8;87287250
TN8728725;WIKIDATA;Q1989501
TN8728727;OSM;2045759237
TN8728727;SNCF;StopArea:OCE87287276
TN8728727;SNCF;StopPoint:OCETrain TER-87287276
TN8728727;UIC;8728727
TN8728727;UIC8;87287276
TN8728727;WIKIDATA;Q2414556
TN8728729;OSM;9782224333
TN8728729;SNCF;StopArea:OCE87287292
TN8728729;SNCF;StopPoint:OCETrain TER-87287292
TN8728729;UIC;8728729
TN8728729;UIC8;87287292
TN8728729;WIKIDATA;Q2621173
TN8728730;OSM;8457413233
TN8728730;SNCF;StopArea:OCE87287300
TN8728730;SNCF;StopPoint:OCECar TER-87287300
TN8728730;SNCF;StopPoint:OCETrain TER-87287300
TN8728730;UIC;8728730
TN8728730;UIC8;87287300
TN8728730;WIKIDATA;Q3097461
TN8729500;OSM;494794776
TN8729500;SNCF;StopArea:OCE87295006
TN8729500;SNCF;StopPoint:OCECar TER-87295006
TN8729500;SNCF;StopPoint:OCETrain TER-87295006
TN8729500;UIC;8729500
TN8729500;UIC8;87295006
TN8729500;WIKIDATA;Q2559978
TN8729501;OSM;662378733
TN8729501;SNCF;StopArea:OCE87295014
TN8729501;SNCF;StopPoint:OCECar TER-87295014
TN8729501;SNCF;StopPoint:OCETrain TER-87295014
TN8729501;UIC;8729501
TN8729501;UIC8;87295014
TN8729501;WIKIDATA;Q2589735
TN8729502;OSM;672245178
TN8729502;SNCF;StopArea:OCE87295022
TN8729502;SNCF;StopPoint:OCETrain TER-87295022
TN8729502;UIC;8729502
TN8729502;UIC8;87295022
TN8729502;WIKIDATA;Q2122876
TN8729504;OSM;726788950
TN8729504;SNCF;StopArea:OCE87295048
TN8729504;SNCF;StopPoint:OCECar TER-87295048
TN8729504;SNCF;StopPoint:OCETrain TER-87295048
TN8729504;UIC;8729504
TN8729504;UIC8;87295048
TN8729504;WIKIDATA;Q3096468
TN8729505;OSM;10162434506
TN8729505;SNCF;StopArea:OCE87295055
TN8729505;SNCF;StopPoint:OCECar TER-87295055
TN8729505;SNCF;StopPoint:OCETrain TER-87295055
TN8729505;UIC;8729505
TN8729505;UIC8;87295055
TN8729505;WIKIDATA;Q3095644
TN8729506;OSM;3945423282
TN8729506;SNCF;StopArea:OCE87295063
TN8729506;SNCF;StopPoint:OCECar TER-87295063
TN8729506;SNCF;StopPoint:OCETrain TER-87295063
TN8729506;UIC;8729506
TN8729506;UIC8;87295063
TN8729506;WIKIDATA;Q2044263
TN8729522;OSM;10196420189
TN8729522;SNCF;StopArea:OCE87295220
TN8729522;SNCF;StopPoint:OCECar TER-87295220
TN8729522;SNCF;StopPoint:OCETrain TER-87295220
TN8729522;UIC;8729522
TN8729522;UIC8;87295220
TN8729522;WIKIDATA;Q2516513
TN8729553;OSM;497011328
TN8729553;SNCF;StopArea:OCE87295535
TN8729553;SNCF;StopPoint:OCETrain TER-87295535
TN8729553;UIC;8729553
TN8729553;UIC8;87295535
TN8729553;WIKIDATA;Q2286058
TN8729554;OSM;498997616
TN8729554;SNCF;StopArea:OCE87295543
TN8729554;SNCF;StopPoint:OCETrain TER-87295543
TN8729554;UIC;8729554
TN8729554;UIC8;87295543
TN8729554;WIKIDATA;Q3097769
TN8729556;OSM;506893780
TN8729556;SNCF;StopArea:OCE87295568
TN8729556;SNCF;StopPoint:OCECar TER-87295568
TN8729556;SNCF;StopPoint:OCETrain TER-87295568
TN8729556;UIC;8729556
TN8729556;UIC8;87295568
TN8729556;WIKIDATA;Q3096619
TN8729560;OSM;11053172919
TN8729560;SNCF;StopArea:OCE87295600
TN8729560;SNCF;StopPoint:OCECar TER-87295600
TN8729560;SNCF;StopPoint:OCETrain TER-87295600
TN8729560;SNCF;StopPoint:OCETrain-87295600
TN8729560;UIC;8729560
TN8729560;UIC8;87295600
TN8729560;WIKIDATA;Q2868344
TN8729564;OSM;513379985
TN8729564;SNCF;StopArea:OCE87295642
TN8729564;SNCF;StopPoint:OCECar TER-87295642
TN8729564;SNCF;StopPoint:OCETrain TER-87295642
TN8729564;UIC;8729564
TN8729564;UIC8;87295642
TN8729564;WIKIDATA;Q2411869
TN8729566;OSM;2277021875
TN8729566;SNCF;StopArea:OCE87295667
TN8729566;SNCF;StopPoint:OCETrain TER-87295667
TN8729566;UIC;8729566
TN8729566;UIC8;87295667
TN8729566;WIKIDATA;Q3095834
TN8729570;OSM;10186408835
TN8729570;SNCF;StopArea:OCE87295709
TN8729570;SNCF;StopPoint:OCECar TER-87295709
TN8729570;SNCF;StopPoint:OCETrain TER-87295709
TN8729570;UIC;8729570
TN8729570;UIC8;87295709
TN8729570;WIKIDATA;Q2237495
TN8729572;OSM;10186408392
TN8729572;SNCF;StopArea:OCE87295725
TN8729572;SNCF;StopPoint:OCETrain TER-87295725
TN8729572;UIC;8729572
TN8729572;UIC8;87295725
TN8729572;WIKIDATA;Q2133341
TN8729573;OSM;10186929392
TN8729573;SNCF;StopArea:OCE87295733
TN8729573;SNCF;StopPoint:OCECar TER-87295733
TN8729573;SNCF;StopPoint:OCETrain TER-87295733
TN8729573;UIC;8729573
TN8729573;UIC8;87295733
TN8729573;WIKIDATA;Q3095711
TN8729577;OSM;10186929360
TN8729577;SNCF;StopArea:OCE87295774
TN8729577;SNCF;StopPoint:OCETrain TER-87295774
TN8729577;UIC;8729577
TN8729577;UIC8;87295774
TN8729577;WIKIDATA;Q3096389
TN8729579;OSM;9798049126
TN8729579;SNCF;StopArea:OCE87295790
TN8729579;SNCF;StopPoint:OCETrain TER-87295790
TN8729579;UIC;8729579
TN8729579;UIC8;87295790
TN8729579;WIKIDATA;Q3096878
TN8729580;OSM;3490788042
TN8729580;SNCF;StopArea:OCE87295808
TN8729580;SNCF;StopPoint:OCECar TER-87295808
TN8729580;SNCF;StopPoint:OCETrain TER-87295808
TN8729580;UIC;8729580
TN8729580;UIC8;87295808
TN8729580;WIKIDATA;Q2172006
TN8729585;OSM;990218728
TN8729585;SNCF;StopArea:OCE87295857
TN8729585;SNCF;StopPoint:OCECar TER-87295857
TN8729585;SNCF;StopPoint:OCETrain TER-87295857
TN8729585;UIC;8729585
TN8729585;UIC8;87295857
TN8729585;WIKIDATA;Q2014463
TN8729600;OSM;3486467305
TN8729600;SNCF;StopArea:OCE87296004
TN8729600;SNCF;StopPoint:OCECar TER-87296004
TN8729600;SNCF;StopPoint:OCECar à réservation-87296004
TN8729600;SNCF;StopPoint:OCETrain TER-87296004
TN8729600;SNCF;StopPoint:OCETrain-87296004
TN8729600;UIC;8729600
TN8729600;UIC8;87296004
TN8729600;WIKIDATA;Q2031679
TN8729601;OSM;4290857005
TN8729601;SNCF;StopArea:OCE87296012
TN8729601;SNCF;StopPoint:OCECar TER-87296012
TN8729601;SNCF;StopPoint:OCETrain TER-87296012
TN8729601;UIC;8729601
TN8729601;UIC8;87296012
TN8729601;WIKIDATA;Q2385461
TN8729609;OSM;10751360397
TN8729609;SNCF;StopArea:OCE87296095
TN8729609;SNCF;StopPoint:OCECar TER-87296095
TN8729609;UIC;8729609
TN8729609;UIC8;87296095
TN8729609;WIKIDATA;Q516414
TN8729612;OSM;3486467201
TN8729612;SNCF;StopArea:OCE87296129
TN8729612;SNCF;StopPoint:OCECar TER-87296129
TN8729612;UIC;8729612
TN8729612;UIC8;87296129
TN8729612;WIKIDATA;Q3097968
TN8729614;OSM;10210586262
TN8729614;SNCF;StopArea:OCE87296145
TN8729614;SNCF;StopPoint:OCECar TER-87296145
TN8729614;UIC;8729614
TN8729614;UIC8;87296145
TN8729614;WIKIDATA;Q2339922
TN8729615;OSM;2250936225
TN8729615;SNCF;StopArea:OCE87296152
TN8729615;SNCF;StopPoint:OCECar TER-87296152
TN8729615;SNCF;StopPoint:OCETrain TER-87296152
TN8729615;UIC;8729615
TN8729615;UIC8;87296152
TN8729615;WIKIDATA;Q687475
TN8729617;OSM;2068026787
TN8729617;SNCF;StopArea:OCE87296178
TN8729617;SNCF;StopPoint:OCETrain TER-87296178
TN8729617;UIC;8729617
TN8729617;UIC8;87296178
TN8729617;WIKIDATA;Q3096250
TN8729624;OSM;916610464
TN8729624;SNCF;StopArea:OCE87296244
TN8729624;SNCF;StopPoint:OCECar TER-87296244
TN8729624;SNCF;StopPoint:OCETrain TER-87296244
TN8729624;UIC;8729624
TN8729624;UIC8;87296244
TN8729624;WIKIDATA;Q1888691
TN8729626;OSM;2277221425
TN8729626;SNCF;StopArea:OCE87296269
TN8729626;SNCF;StopPoint:OCECar TER-87296269
TN8729626;SNCF;StopPoint:OCETrain TER-87296269
TN8729626;UIC;8729626
TN8729626;UIC8;87296269
TN8729626;WIKIDATA;Q2010433
TN8729629;OSM;916731121
TN8729629;SNCF;StopArea:OCE87296293
TN8729629;SNCF;StopPoint:OCETrain TER-87296293
TN8729629;UIC;8729629
TN8729629;UIC8;87296293
TN8729629;WIKIDATA;Q2546900
TN8729641;OSM;3528601965
TN8729641;SNCF;StopArea:OCE87296418
TN8729641;SNCF;StopPoint:OCETrain TER-87296418
TN8729641;UIC;8729641
TN8729641;UIC8;87296418
TN8729641;WIKIDATA;Q2455013
TN8729643;OSM;2277221452
TN8729643;SNCF;StopArea:OCE87296434
TN8729643;SNCF;StopPoint:OCECar TER-87296434
TN8729643;SNCF;StopPoint:OCETrain TER-87296434
TN8729643;UIC;8729643
TN8729643;UIC8;87296434
TN8729643;WIKIDATA;Q2193491
TN8729644;OSM;3486466903
TN8729644;SNCF;StopArea:OCE87296442
TN8729644;SNCF;StopPoint:OCECar TER-87296442
TN8729644;SNCF;StopPoint:OCETrain TER-87296442
TN8729644;UIC;8729644
TN8729644;UIC8;87296442
TN8729644;WIKIDATA;Q3097852
TN8729645;OSM;1564553698
TN8729645;SNCF;StopArea:OCE87296459
TN8729645;SNCF;StopPoint:OCETrain TER-87296459
TN8729645;UIC;8729645
TN8729645;UIC8;87296459
TN8729645;WIKIDATA;Q1912185
TN8729656;OSM;2068026881
TN8729656;SNCF;StopArea:OCE87296566
TN8729656;SNCF;StopPoint:OCECar TER-87296566
TN8729656;SNCF;StopPoint:OCETrain TER-87296566
TN8729656;UIC;8729656
TN8729656;UIC8;87296566
TN8729656;WIKIDATA;Q2696779
TN8729660;OSM;2250936201
TN8729660;SNCF;StopArea:OCE87296608
TN8729660;SNCF;StopPoint:OCECar TER-87296608
TN8729660;SNCF;StopPoint:OCETrain TER-87296608
TN8729660;UIC;8729660
TN8729660;UIC8;87296608
TN8729660;WIKIDATA;Q666103
TN8729661;SNCF;StopArea:OCE87296616
TN8729661;SNCF;StopPoint:OCECar TER-87296616
TN8729661;SNCF;StopPoint:OCETrain TER-87296616
TN8729661;UIC;8729661
TN8729661;UIC8;87296616
TN8729663;OSM;8590038893
TN8729663;SNCF;StopArea:OCE87296632
TN8729663;SNCF;StopPoint:OCECar TER-87296632
TN8729663;SNCF;StopPoint:OCETrain TER-87296632
TN8729663;UIC;8729663
TN8729663;UIC8;87296632
TN8729663;WIKIDATA;Q2565580
TN8729687;OSM;2013322131
TN8729687;SNCF;StopArea:OCE87296871
TN8729687;SNCF;StopPoint:OCECar TER-87296871
TN8729687;SNCF;StopPoint:OCETrain TER-87296871
TN8729687;UIC;8729687
TN8729687;UIC8;87296871
TN8729687;WIKIDATA;Q2390007
TN8729705;OSM;1564553659
TN8729705;SNCF;StopArea:OCE87297051
TN8729705;SNCF;StopPoint:OCETrain TER-87297051
TN8729705;UIC;8729705
TN8729705;UIC8;87297051
TN8729705;WIKIDATA;Q2386825
TN8729708;OSM;10210586242
TN8729708;SNCF;StopArea:OCE87297085
TN8729708;SNCF;StopPoint:OCECar TER-87297085
TN8729708;UIC;8729708
TN8729708;UIC8;87297085
TN8729708;WIKIDATA;Q2430408
TN8729711;OSM;10210311658
TN8729711;SNCF;StopArea:OCE87297119
TN8729711;SNCF;StopPoint:OCECar TER-87297119
TN8729711;UIC;8729711
TN8729711;UIC8;87297119
TN8729711;WIKIDATA;Q2230592
TN8729714;OSM;10210544642
TN8729714;SNCF;StopArea:OCE87297143
TN8729714;SNCF;StopPoint:OCECar TER-87297143
TN8729714;UIC;8729714
TN8729714;UIC8;87297143
TN8729714;WIKIDATA;Q2562340
TN8729715;OSM;10210544627
TN8729715;SNCF;StopArea:OCE87297150
TN8729715;SNCF;StopPoint:OCECar TER-87297150
TN8729715;UIC;8729715
TN8729715;UIC8;87297150
TN8729715;WIKIDATA;Q3098046
TN8729728;OSM;1732924950
TN8729728;SNCF;StopArea:OCE87297283
TN8729728;SNCF;StopPoint:OCETrain TER-87297283
TN8729728;UIC;8729728
TN8729728;UIC8;87297283
TN8729728;WIKIDATA;Q3097941
TN8729729;OSM;10210311674
TN8729729;SNCF;StopArea:OCE87297291
TN8729729;SNCF;StopPoint:OCECar TER-87297291
TN8729729;UIC;8729729
TN8729729;UIC8;87297291
TN8729729;WIKIDATA;Q2029724
TN8729751;OSM;672243496
TN8729751;SNCF;StopArea:OCE87297515
TN8729751;SNCF;StopPoint:OCETrain TER-87297515
TN8729751;UIC;8729751
TN8729751;UIC8;87297515
TN8729751;WIKIDATA;Q3098143
TN8729752;OSM;2277021873
TN8729752;SNCF;StopArea:OCE87297523
TN8729752;SNCF;StopPoint:OCETrain TER-87297523
TN8729752;UIC;8729752
TN8729752;UIC8;87297523
TN8729752;WIKIDATA;Q2350138
TN8729753;OSM;9798039883
TN8729753;SNCF;StopArea:OCE87297531
TN8729753;SNCF;StopPoint:OCETrain TER-87297531
TN8729753;UIC;8729753
TN8729753;UIC8;87297531
TN8729753;WIKIDATA;Q2362288
TN8730082;OSM;2502268295
TN8730082;SNCF;StopArea:OCE87300822
TN8730082;SNCF;StopPoint:OCEICE-87300822
TN8730082;SNCF;StopPoint:OCELyria-87300822
TN8730082;SNCF;StopPoint:OCEOUIGO-87300822
TN8730082;SNCF;StopPoint:OCETGV INOUI-87300822
TN8730082;UIC;8730082
TN8730082;UIC8;87300822
TN8730082;WIKIDATA;Q800460
TN8730086;OSM;2502268299
TN8730086;SNCF;StopArea:OCE87300863
TN8730086;SNCF;StopPoint:OCEICE-87300863
TN8730086;SNCF;StopPoint:OCEOUIGO-87300863
TN8730086;SNCF;StopPoint:OCETGV INOUI-87300863
TN8730086;SNCF;StopPoint:OCETrain TER-87300863
TN8730086;UIC;8730086
TN8730086;UIC8;87300863
TN8730086;WIKIDATA;Q599069
TN8730387;OSM;9200871262
TN8730387;SNCF;StopArea:OCE87303875
TN8730387;SNCF;StopPoint:OCECar TER-87303875
TN8730387;SNCF;StopPoint:OCETrain TER-87303875
TN8730387;UIC;8730387
TN8730387;UIC8;87303875
TN8730387;WIKIDATA;Q2275567
TN8731304;OSM;8363542139
TN8731304;SNCF;StopArea:OCE87313049
TN8731304;SNCF;StopPoint:OCECar TER-87313049
TN8731304;SNCF;StopPoint:OCETrain TER-87313049
TN8731304;UIC;8731304
TN8731304;UIC8;87313049
TN8731304;WIKIDATA;Q2050826
TN8731305;OSM;3487563593
TN8731305;SNCF;StopArea:OCE87313056
TN8731305;SNCF;StopPoint:OCECar TER-87313056
TN8731305;SNCF;StopPoint:OCETrain TER-87313056
TN8731305;UIC;8731305
TN8731305;UIC8;87313056
TN8731305;WIKIDATA;Q2358337
TN8731306;OSM;1048819306
TN8731306;SNCF;StopArea:OCE87313064
TN8731306;SNCF;StopPoint:OCETrain TER-87313064
TN8731306;UIC;8731306
TN8731306;UIC8;87313064
TN8731306;WIKIDATA;Q2738092
TN8731307;OSM;8311086282
TN8731307;SNCF;StopArea:OCE87313072
TN8731307;SNCF;StopPoint:OCECar TER-87313072
TN8731307;SNCF;StopPoint:OCETrain TER-87313072
TN8731307;UIC;8731307
TN8731307;UIC8;87313072
TN8731307;WIKIDATA;Q3095607
TN8731308;OSM;336121083
TN8731308;SNCF;StopArea:OCE87313080
TN8731308;SNCF;StopPoint:OCETrain TER-87313080
TN8731308;UIC;8731308
TN8731308;UIC8;87313080
TN8731308;WIKIDATA;Q2170493
TN8731309;OSM;5585817689
TN8731309;SNCF;StopArea:OCE87313098
TN8731309;SNCF;StopPoint:OCETrain TER-87313098
TN8731309;UIC;8731309
TN8731309;UIC8;87313098
TN8731309;WIKIDATA;Q1974886
TN8731310;OSM;5583988491
TN8731310;SNCF;StopArea:OCE87313106
TN8731310;SNCF;StopPoint:OCETrain TER-87313106
TN8731310;UIC;8731310
TN8731310;UIC8;87313106
TN8731310;WIKIDATA;Q2268433
TN8731311;OSM;2279594709
TN8731311;SNCF;StopArea:OCE87313114
TN8731311;SNCF;StopPoint:OCETrain TER-87313114
TN8731311;UIC;8731311
TN8731311;UIC8;87313114
TN8731311;WIKIDATA;Q3095763
TN8731312;OSM;1013679808
TN8731312;SNCF;StopArea:OCE87313122
TN8731312;SNCF;StopPoint:OCETrain TER-87313122
TN8731312;UIC;8731312
TN8731312;UIC8;87313122
TN8731312;WIKIDATA;Q3096905
TN8731313;OSM;1007486789
TN8731313;SNCF;StopArea:OCE87313130
TN8731313;SNCF;StopPoint:OCETrain TER-87313130
TN8731313;UIC;8731313
TN8731313;UIC8;87313130
TN8731313;WIKIDATA;Q667061
TN8731321;OSM;939418569
TN8731321;SNCF;StopArea:OCE87313213
TN8731321;SNCF;StopPoint:OCETrain TER-87313213
TN8731321;UIC;8731321
TN8731321;UIC8;87313213
TN8731321;WIKIDATA;Q2189357
TN8731322;OSM;9803200389
TN8731322;SNCF;StopArea:OCE87313221
TN8731322;SNCF;StopPoint:OCECar TER-87313221
TN8731322;SNCF;StopPoint:OCETrain TER-87313221
TN8731322;UIC;8731322
TN8731322;UIC8;87313221
TN8731322;WIKIDATA;Q1920000
TN8731323;OSM;9803220842
TN8731323;SNCF;StopArea:OCE87313239
TN8731323;SNCF;StopPoint:OCETrain TER-87313239
TN8731323;UIC;8731323
TN8731323;UIC8;87313239
TN8731323;WIKIDATA;Q2726542
TN8731324;OSM;9803189691
TN8731324;SNCF;StopArea:OCE87313247
TN8731324;SNCF;StopPoint:OCECar TER-87313247
TN8731324;SNCF;StopPoint:OCETrain TER-87313247
TN8731324;UIC;8731324
TN8731324;UIC8;87313247
TN8731324;WIKIDATA;Q2519189
TN8731326;OSM;9803234479
TN8731326;SNCF;StopArea:OCE87313262
TN8731326;SNCF;StopPoint:OCETrain TER-87313262
TN8731326;UIC;8731326
TN8731326;UIC8;87313262
TN8731326;WIKIDATA;Q684137
TN8731327;OSM;2414378108
TN8731327;SNCF;StopArea:OCE87313270
TN8731327;SNCF;StopPoint:OCECar TER-87313270
TN8731327;SNCF;StopPoint:OCETrain TER-87313270
TN8731327;UIC;8731327
TN8731327;UIC8;87313270
TN8731327;WIKIDATA;Q2731083
TN8731328;OSM;9803251748
TN8731328;SNCF;StopArea:OCE87313288
TN8731328;SNCF;StopPoint:OCETrain TER-87313288
TN8731328;UIC;8731328
TN8731328;UIC8;87313288
TN8731328;WIKIDATA;Q2731100
TN8731329;OSM;9803251749
TN8731329;SNCF;StopArea:OCE87313296
TN8731329;SNCF;StopPoint:OCETrain TER-87313296
TN8731329;UIC;8731329
TN8731329;UIC8;87313296
TN8731329;WIKIDATA;Q2762650
TN8731330;OSM;1124950430
TN8731330;SNCF;StopArea:OCE87313304
TN8731330;SNCF;StopPoint:OCECar TER-87313304
TN8731330;SNCF;StopPoint:OCETrain TER-87313304
TN8731330;UIC;8731330
TN8731330;UIC8;87313304
TN8731330;WIKIDATA;Q2753948
TN8731332;OSM;8209692011
TN8731332;SNCF;StopArea:OCE87313320
TN8731332;SNCF;StopPoint:OCETrain TER-87313320
TN8731332;UIC;8731332
TN8731332;UIC8;87313320
TN8731332;WIKIDATA;Q2734224
TN8731333;OSM;2023547481
TN8731333;SNCF;StopArea:OCE87313338
TN8731333;SNCF;StopPoint:OCETrain TER-87313338
TN8731333;UIC;8731333
TN8731333;UIC8;87313338
TN8731333;WIKIDATA;Q2536504
TN8731334;OSM;2021879444
TN8731334;SNCF;StopArea:OCE87313346
TN8731334;SNCF;StopPoint:OCETrain TER-87313346
TN8731334;UIC;8731334
TN8731334;UIC8;87313346
TN8731334;WIKIDATA;Q2114830
TN8731335;OSM;2279594714
TN8731335;SNCF;StopArea:OCE87313353
TN8731335;SNCF;StopPoint:OCETrain TER-87313353
TN8731335;UIC;8731335
TN8731335;UIC8;87313353
TN8731335;WIKIDATA;Q1894038
TN8731337;OSM;2279594712
TN8731337;SNCF;StopArea:OCE87313379
TN8731337;SNCF;StopPoint:OCETrain TER-87313379
TN8731337;UIC;8731337
TN8731337;UIC8;87313379
TN8731337;WIKIDATA;Q920278
TN8731338;OSM;842269886
TN8731338;SNCF;StopArea:OCE87313387
TN8731338;SNCF;StopPoint:OCETrain TER-87313387
TN8731338;UIC;8731338
TN8731338;UIC8;87313387
TN8731338;WIKIDATA;Q2734233
TN8731339;OSM;1526778134
TN8731339;SNCF;StopArea:OCE87313395
TN8731339;SNCF;StopPoint:OCETrain TER-87313395
TN8731339;UIC;8731339
TN8731339;UIC8;87313395
TN8731340;OSM;10253473066
TN8731340;SNCF;StopArea:OCE87313403
TN8731340;SNCF;StopPoint:OCETrain TER-87313403
TN8731340;UIC;8731340
TN8731340;UIC8;87313403
TN8731340;WIKIDATA;Q2681989
TN8731343;OSM;10219444638
TN8731343;SNCF;StopArea:OCE87313437
TN8731343;SNCF;StopPoint:OCECar TER-87313437
TN8731343;SNCF;StopPoint:OCETrain TER-87313437
TN8731343;UIC;8731343
TN8731343;UIC8;87313437
TN8731343;WIKIDATA;Q2734229
TN8731344;OSM;9798066377
TN8731344;SNCF;StopArea:OCE87313445
TN8731344;SNCF;StopPoint:OCECar TER-87313445
TN8731344;SNCF;StopPoint:OCETrain TER-87313445
TN8731344;UIC;8731344
TN8731344;UIC8;87313445
TN8731344;WIKIDATA;Q3096973
TN8731346;OSM;8725196889
TN8731346;SNCF;StopArea:OCE87313460
TN8731346;SNCF;StopPoint:OCECar TER-87313460
TN8731346;SNCF;StopPoint:OCETrain TER-87313460
TN8731346;UIC;8731346
TN8731346;UIC8;87313460
TN8731346;WIKIDATA;Q2187024
TN8731347;OSM;10219444890
TN8731347;SNCF;StopArea:OCE87313478
TN8731347;SNCF;StopPoint:OCECar TER-87313478
TN8731347;SNCF;StopPoint:OCETrain TER-87313478
TN8731347;UIC;8731347
TN8731347;UIC8;87313478
TN8731347;WIKIDATA;Q2734834
TN8731348;OSM;1829453763
TN8731348;SNCF;StopArea:OCE87313486
TN8731348;SNCF;StopPoint:OCECar TER-87313486
TN8731348;SNCF;StopPoint:OCETrain TER-87313486
TN8731348;UIC;8731348
TN8731348;UIC8;87313486
TN8731348;WIKIDATA;Q2337517
TN8731349;OSM;10218247089
TN8731349;SNCF;StopArea:OCE87313494
TN8731349;SNCF;StopPoint:OCECar TER-87313494
TN8731349;SNCF;StopPoint:OCETrain TER-87313494
TN8731349;UIC;8731349
TN8731349;UIC8;87313494
TN8731349;WIKIDATA;Q2169562
TN8731351;OSM;2271425858
TN8731351;SNCF;StopArea:OCE87313510
TN8731351;SNCF;StopPoint:OCECar TER-87313510
TN8731351;SNCF;StopPoint:OCETrain TER-87313510
TN8731351;UIC;8731351
TN8731351;UIC8;87313510
TN8731351;WIKIDATA;Q2204667
TN8731354;OSM;660939056
TN8731354;SNCF;StopArea:OCE87313544
TN8731354;SNCF;StopPoint:OCETrain TER-87313544
TN8731354;UIC;8731354
TN8731354;UIC8;87313544
TN8731354;WIKIDATA;Q3096327
TN8731355;OSM;660947887
TN8731355;SNCF;StopArea:OCE87313551
TN8731355;SNCF;StopPoint:OCECar TER-87313551
TN8731355;SNCF;StopPoint:OCETrain TER-87313551
TN8731355;UIC;8731355
TN8731355;UIC8;87313551
TN8731355;WIKIDATA;Q2693023
TN8731356;OSM;662072272
TN8731356;SNCF;StopArea:OCE87313569
TN8731356;SNCF;StopPoint:OCECar TER-87313569
TN8731356;SNCF;StopPoint:OCETrain TER-87313569
TN8731356;UIC;8731356
TN8731356;UIC8;87313569
TN8731356;WIKIDATA;Q2559407
TN8731357;OSM;9805714785
TN8731357;SNCF;StopArea:OCE87313577
TN8731357;SNCF;StopPoint:OCECar TER-87313577
TN8731357;SNCF;StopPoint:OCETrain TER-87313577
TN8731357;UIC;8731357
TN8731357;UIC8;87313577
TN8731357;WIKIDATA;Q2685832
TN8731358;OSM;9798069348
TN8731358;SNCF;StopArea:OCE87313585
TN8731358;SNCF;StopPoint:OCECar TER-87313585
TN8731358;SNCF;StopPoint:OCETrain TER-87313585
TN8731358;UIC;8731358
TN8731358;UIC8;87313585
TN8731358;WIKIDATA;Q2220843
TN8731359;OSM;10782103833
TN8731359;SNCF;StopArea:OCE87313593
TN8731359;SNCF;StopPoint:OCETrain TER-87313593
TN8731359;UIC;8731359
TN8731359;UIC8;87313593
TN8731359;WIKIDATA;Q749032
TN8731360;OSM;9805714783
TN8731360;SNCF;StopArea:OCE87313601
TN8731360;SNCF;StopPoint:OCETrain TER-87313601
TN8731360;UIC;8731360
TN8731360;UIC8;87313601
TN8731360;WIKIDATA;Q3097430
TN8731366;OSM;1205918756
TN8731366;SNCF;StopArea:OCE87313668
TN8731366;SNCF;StopPoint:OCETrain TER-87313668
TN8731366;UIC;8731366
TN8731366;UIC8;87313668
TN8731366;WIKIDATA;Q3097150
TN8731367;OSM;939382014
TN8731367;SNCF;StopArea:OCE87313676
TN8731367;SNCF;StopPoint:OCETrain TER-87313676
TN8731367;UIC;8731367
TN8731367;UIC8;87313676
TN8731367;WIKIDATA;Q2693689
TN8731368;OSM;2008336725
TN8731368;SNCF;StopArea:OCE87313684
TN8731368;SNCF;StopPoint:OCETrain TER-87313684
TN8731368;UIC;8731368
TN8731368;UIC8;87313684
TN8731368;WIKIDATA;Q1866418
TN8731369;OSM;2090658615
TN8731369;SNCF;StopArea:OCE87313692
TN8731369;SNCF;StopPoint:OCECar TER-87313692
TN8731369;SNCF;StopPoint:OCETrain TER-87313692
TN8731369;UIC;8731369
TN8731369;UIC8;87313692
TN8731369;WIKIDATA;Q3095768
TN8731370;OSM;10782103825
TN8731370;SNCF;StopArea:OCE87313700
TN8731370;SNCF;StopPoint:OCECar TER-87313700
TN8731370;SNCF;StopPoint:OCETrain TER-87313700
TN8731370;UIC;8731370
TN8731370;UIC8;87313700
TN8731370;WIKIDATA;Q2527510
TN8731371;OSM;10782103824
TN8731371;SNCF;StopArea:OCE87313718
TN8731371;SNCF;StopPoint:OCECar TER-87313718
TN8731371;SNCF;StopPoint:OCETrain TER-87313718
TN8731371;UIC;8731371
TN8731371;UIC8;87313718
TN8731371;WIKIDATA;Q3097583
TN8731372;OSM;1434213028
TN8731372;SNCF;StopArea:OCE87313726
TN8731372;SNCF;StopPoint:OCECar TER-87313726
TN8731372;SNCF;StopPoint:OCETrain TER-87313726
TN8731372;UIC;8731372
TN8731372;UIC8;87313726
TN8731372;WIKIDATA;Q2069276
TN8731373;OSM;1322229563
TN8731373;SNCF;StopArea:OCE87313734
TN8731373;SNCF;StopPoint:OCECar TER-87313734
TN8731373;SNCF;StopPoint:OCETrain TER-87313734
TN8731373;UIC;8731373
TN8731373;UIC8;87313734
TN8731373;WIKIDATA;Q2211930
TN8731374;OSM;1119703903
TN8731374;SNCF;StopArea:OCE87313742
TN8731374;SNCF;StopPoint:OCECar TER-87313742
TN8731374;SNCF;StopPoint:OCETrain TER-87313742
TN8731374;UIC;8731374
TN8731374;UIC8;87313742
TN8731374;WIKIDATA;Q2176813
TN8731375;OSM;2196757400
TN8731375;SNCF;StopArea:OCE87313759
TN8731375;SNCF;StopPoint:OCECar TER-87313759
TN8731375;SNCF;StopPoint:OCETrain TER-87313759
TN8731375;UIC;8731375
TN8731375;UIC8;87313759
TN8731375;WIKIDATA;Q2136489
TN8731376;OSM;1567012100
TN8731376;SNCF;StopArea:OCE87313767
TN8731376;SNCF;StopPoint:OCECar TER-87313767
TN8731376;SNCF;StopPoint:OCETrain TER-87313767
TN8731376;UIC;8731376
TN8731376;UIC8;87313767
TN8731376;WIKIDATA;Q2950369
TN8731380;OSM;9167915901
TN8731380;SNCF;StopArea:OCE87313809
TN8731380;SNCF;StopPoint:OCECar TER-87313809
TN8731380;SNCF;StopPoint:OCETrain TER-87313809
TN8731380;UIC;8731380
TN8731380;UIC8;87313809
TN8731380;WIKIDATA;Q2146662
TN8731381;OSM;10914729787
TN8731381;SNCF;StopArea:OCE87313817
TN8731381;SNCF;StopPoint:OCECar TER-87313817
TN8731381;SNCF;StopPoint:OCETrain TER-87313817
TN8731381;UIC;8731381
TN8731381;UIC8;87313817
TN8731381;WIKIDATA;Q2189575
TN8731383;OSM;2328759342
TN8731383;SNCF;StopArea:OCE87313833
TN8731383;SNCF;StopPoint:OCETrain TER-87313833
TN8731383;UIC;8731383
TN8731383;UIC8;87313833
TN8731383;WIKIDATA;Q2952792
TN8731384;OSM;2174979633
TN8731384;SNCF;StopArea:OCE87313841
TN8731384;SNCF;StopPoint:OCETrain TER-87313841
TN8731384;UIC;8731384
TN8731384;UIC8;87313841
TN8731384;WIKIDATA;Q2958237
TN8731387;OSM;1680885216
TN8731387;SNCF;StopArea:OCE87313874
TN8731387;SNCF;StopPoint:OCECar TER-87313874
TN8731387;SNCF;StopPoint:OCECar à réservation-87313874
TN8731387;SNCF;StopPoint:OCETrain TER-87313874
TN8731387;UIC;8731387
TN8731387;UIC8;87313874
TN8731387;WIKIDATA;Q3095634
TN8731388;OSM;4290859692
TN8731388;SNCF;StopArea:OCE87313882
TN8731388;SNCF;StopPoint:OCECar à réservation-87313882
TN8731388;SNCF;StopPoint:OCEOUIGO-87313882
TN8731388;SNCF;StopPoint:OCETGV INOUI-87313882
TN8731388;UIC;8731388
TN8731388;UIC8;87313882
TN8731388;WIKIDATA;Q801502
TN8731504;OSM;2279594707
TN8731504;SNCF;StopArea:OCE87315044
TN8731504;SNCF;StopPoint:OCETrain TER-87315044
TN8731504;UIC;8731504
TN8731504;UIC8;87315044
TN8731504;WIKIDATA;Q1808949
TN8731605;OSM;3487563693
TN8731605;SNCF;StopArea:OCE87316059
TN8731605;SNCF;StopPoint:OCETrain TER-87316059
TN8731605;UIC;8731605
TN8731605;UIC8;87316059
TN8731605;WIKIDATA;Q2681583
TN8731606;OSM;3487563193
TN8731606;SNCF;StopArea:OCE87316067
TN8731606;SNCF;StopPoint:OCETrain TER-87316067
TN8731606;UIC;8731606
TN8731606;UIC8;87316067
TN8731606;WIKIDATA;Q2041436
TN8731607;OSM;10184443088
TN8731607;SNCF;StopArea:OCE87316075
TN8731607;SNCF;StopPoint:OCETrain TER-87316075
TN8731607;UIC;8731607
TN8731607;UIC8;87316075
TN8731607;WIKIDATA;Q2795858
TN8731610;OSM;10268590999
TN8731610;SNCF;StopArea:OCE87316109
TN8731610;SNCF;StopPoint:OCETrain TER-87316109
TN8731610;UIC;8731610
TN8731610;UIC8;87316109
TN8731610;WIKIDATA;Q2702823
TN8731612;OSM;1753782652
TN8731612;SNCF;StopArea:OCE87316125
TN8731612;SNCF;StopPoint:OCETrain TER-87316125
TN8731612;UIC;8731612
TN8731612;UIC8;87316125
TN8731612;WIKIDATA;Q3097876
TN8731620;OSM;10251131172
TN8731620;SNCF;StopArea:OCE87316208
TN8731620;SNCF;StopPoint:OCETrain TER-87316208
TN8731620;UIC;8731620
TN8731620;UIC8;87316208
TN8731620;WIKIDATA;Q2268717
TN8731639;OSM;10782103834
TN8731639;SNCF;StopArea:OCE87316398
TN8731639;SNCF;StopPoint:OCETrain TER-87316398
TN8731639;UIC;8731639
TN8731639;UIC8;87316398
TN8731639;WIKIDATA;Q2395679
TN8731640;OSM;9805714784
TN8731640;SNCF;StopArea:OCE87316406
TN8731640;SNCF;StopPoint:OCETrain TER-87316406
TN8731640;UIC;8731640
TN8731640;UIC8;87316406
TN8731640;WIKIDATA;Q2305081
TN8731660;OSM;10169392394
TN8731660;SNCF;StopArea:OCE87316604
TN8731660;SNCF;StopPoint:OCETrain TER-87316604
TN8731660;UIC;8731660
TN8731660;UIC8;87316604
TN8731660;WIKIDATA;Q2022268
TN8731667;OSM;9780135528
TN8731667;SNCF;StopArea:OCE87316679
TN8731667;SNCF;StopPoint:OCETrain TER-87316679
TN8731667;UIC;8731667
TN8731667;UIC8;87316679
TN8731667;WIKIDATA;Q2195668
TN8731668;OSM;9782200425
TN8731668;SNCF;StopArea:OCE87316687
TN8731668;SNCF;StopPoint:OCETrain TER-87316687
TN8731668;UIC;8731668
TN8731668;UIC8;87316687
TN8731668;WIKIDATA;Q2844853
TN8731701;OSM;9797994564
TN8731701;SNCF;StopArea:OCE87317016
TN8731701;SNCF;StopPoint:OCETrain TER-87317016
TN8731701;UIC;8731701
TN8731701;UIC8;87317016
TN8731701;WIKIDATA;Q2111474
TN8731705;OSM;8869974525
TN8731705;SNCF;StopArea:OCE87317057
TN8731705;SNCF;StopPoint:OCECar TER-87317057
TN8731705;SNCF;StopPoint:OCETGV INOUI-87317057
TN8731705;SNCF;StopPoint:OCETrain TER-87317057
TN8731705;UIC;8731705
TN8731705;UIC8;87317057
TN8731705;WIKIDATA;Q540880
TN8731706;OSM;8756081197
TN8731706;SNCF;StopArea:OCE87317065
TN8731706;SNCF;StopPoint:OCECar TER-87317065
TN8731706;SNCF;StopPoint:OCETGV INOUI-87317065
TN8731706;SNCF;StopPoint:OCETrain TER-87317065
TN8731706;UIC;8731706
TN8731706;UIC8;87317065
TN8731706;WIKIDATA;Q2140131
TN8731708;OSM;2060697978
TN8731708;SNCF;StopArea:OCE87317081
TN8731708;SNCF;StopPoint:OCECar TER-87317081
TN8731708;SNCF;StopPoint:OCETrain TER-87317081
TN8731708;UIC;8731708
TN8731708;UIC8;87317081
TN8731708;WIKIDATA;Q2515351
TN8731709;OSM;8330295303
TN8731709;SNCF;StopArea:OCE87317099
TN8731709;SNCF;StopPoint:OCECar TER-87317099
TN8731709;SNCF;StopPoint:OCETrain TER-87317099
TN8731709;UIC;8731709
TN8731709;UIC8;87317099
TN8731709;WIKIDATA;Q3097187
TN8731710;OSM;2060688728
TN8731710;SNCF;StopArea:OCE87317107
TN8731710;SNCF;StopPoint:OCECar TER-87317107
TN8731710;SNCF;StopPoint:OCETrain TER-87317107
TN8731710;UIC;8731710
TN8731710;UIC8;87317107
TN8731710;WIKIDATA;Q1889111
TN8731711;OSM;9980338118
TN8731711;SNCF;StopArea:OCE87317115
TN8731711;SNCF;StopPoint:OCETrain TER-87317115
TN8731711;UIC;8731711
TN8731711;UIC8;87317115
TN8731711;WIKIDATA;Q2372306
TN8731712;OSM;1027453809
TN8731712;SNCF;StopArea:OCE87317123
TN8731712;SNCF;StopPoint:OCETrain TER-87317123
TN8731712;UIC;8731712
TN8731712;UIC8;87317123
TN8731712;WIKIDATA;Q2557064
TN8731716;OSM;9421097968
TN8731716;SNCF;StopArea:OCE87317164
TN8731716;SNCF;StopPoint:OCETrain TER-87317164
TN8731716;UIC;8731716
TN8731716;UIC8;87317164
TN8731716;WIKIDATA;Q2993733
TN8731718;OSM;10169392401
TN8731718;SNCF;StopArea:OCE87317180
TN8731718;SNCF;StopPoint:OCETrain TER-87317180
TN8731718;UIC;8731718
TN8731718;UIC8;87317180
TN8731718;WIKIDATA;Q3096072
TN8731719;OSM;9428906806
TN8731719;SNCF;StopArea:OCE87317198
TN8731719;SNCF;StopPoint:OCETrain TER-87317198
TN8731719;UIC;8731719
TN8731719;UIC8;87317198
TN8731719;WIKIDATA;Q3095935
TN8731720;OSM;10169392397
TN8731720;SNCF;StopArea:OCE87317206
TN8731720;SNCF;StopPoint:OCETrain TER-87317206
TN8731720;UIC;8731720
TN8731720;UIC8;87317206
TN8731720;WIKIDATA;Q3096975
TN8731722;OSM;8725245643
TN8731722;SNCF;StopArea:OCE87317222
TN8731722;SNCF;StopPoint:OCETrain TER-87317222
TN8731722;UIC;8731722
TN8731722;UIC8;87317222
TN8731722;WIKIDATA;Q2002851
TN8731723;OSM;10170100744
TN8731723;SNCF;StopArea:OCE87317230
TN8731723;SNCF;StopPoint:OCETrain TER-87317230
TN8731723;UIC;8731723
TN8731723;UIC8;87317230
TN8731723;WIKIDATA;Q3095692
TN8731724;OSM;10170982171
TN8731724;SNCF;StopArea:OCE87317248
TN8731724;SNCF;StopPoint:OCETrain TER-87317248
TN8731724;UIC;8731724
TN8731724;UIC8;87317248
TN8731724;WIKIDATA;Q1832264
TN8731725;OSM;1129339594
TN8731725;SNCF;StopArea:OCE87317255
TN8731725;SNCF;StopPoint:OCETrain TER-87317255
TN8731725;UIC;8731725
TN8731725;UIC8;87317255
TN8731725;WIKIDATA;Q2179845
TN8731726;OSM;9183304884
TN8731726;SNCF;StopArea:OCE87317263
TN8731726;SNCF;StopPoint:OCECar TER-87317263
TN8731726;SNCF;StopPoint:OCETGV INOUI-87317263
TN8731726;SNCF;StopPoint:OCETrain TER-87317263
TN8731726;UIC;8731726
TN8731726;UIC8;87317263
TN8731726;WIKIDATA;Q2107509
TN8731730;OSM;299164114
TN8731730;SNCF;StopArea:OCE87317305
TN8731730;SNCF;StopPoint:OCECar TER-87317305
TN8731730;SNCF;StopPoint:OCETrain TER-87317305
TN8731730;UIC;8731730
TN8731730;UIC8;87317305
TN8731730;WIKIDATA;Q2729495
TN8731732;OSM;9796955622
TN8731732;SNCF;StopArea:OCE87317321
TN8731732;SNCF;StopPoint:OCETrain TER-87317321
TN8731732;UIC;8731732
TN8731732;UIC8;87317321
TN8731732;WIKIDATA;Q577420
TN8731733;OSM;1056971794
TN8731733;SNCF;StopArea:OCE87317339
TN8731733;SNCF;StopPoint:OCETrain TER-87317339
TN8731733;UIC;8731733
TN8731733;UIC8;87317339
TN8731733;WIKIDATA;Q2352497
TN8731736;OSM;7034430300
TN8731736;SNCF;StopArea:OCE87317362
TN8731736;SNCF;StopPoint:OCECar TER-87317362
TN8731736;SNCF;StopPoint:OCETrain TER-87317362
TN8731736;UIC;8731736
TN8731736;UIC8;87317362
TN8731736;WIKIDATA;Q2182519
TN8731739;OSM;1904436769
TN8731739;SNCF;StopArea:OCE87317396
TN8731739;SNCF;StopPoint:OCECar TER-87317396
TN8731739;SNCF;StopPoint:OCETrain TER-87317396
TN8731739;UIC;8731739
TN8731739;UIC8;87317396
TN8731739;WIKIDATA;Q3097234
TN8731740;OSM;2166732263
TN8731740;SNCF;StopArea:OCE87317404
TN8731740;SNCF;StopPoint:OCECar TER-87317404
TN8731740;SNCF;StopPoint:OCETrain TER-87317404
TN8731740;UIC;8731740
TN8731740;UIC8;87317404
TN8731740;WIKIDATA;Q2792559
TN8731752;OSM;369676606
TN8731752;SNCF;StopArea:OCE87317529
TN8731752;SNCF;StopPoint:OCECar TER-87317529
TN8731752;SNCF;StopPoint:OCETrain TER-87317529
TN8731752;UIC;8731752
TN8731752;UIC8;87317529
TN8731752;WIKIDATA;Q2307231
TN8731753;OSM;9973429213
TN8731753;SNCF;StopArea:OCE87317537
TN8731753;SNCF;StopPoint:OCECar TER-87317537
TN8731753;SNCF;StopPoint:OCETrain TER-87317537
TN8731753;UIC;8731753
TN8731753;UIC8;87317537
TN8731753;WIKIDATA;Q2443663
TN8731758;OSM;8213648712
TN8731758;SNCF;StopArea:OCE87317586
TN8731758;SNCF;StopPoint:OCECar TER-87317586
TN8731758;SNCF;StopPoint:OCETGV INOUI-87317586
TN8731758;SNCF;StopPoint:OCETrain TER-87317586
TN8731758;UIC;8731758
TN8731758;UIC8;87317586
TN8731758;WIKIDATA;Q2289209
TN8731761;OSM;8164736359
TN8731761;SNCF;StopArea:OCE87317610
TN8731761;SNCF;StopPoint:OCETrain TER-87317610
TN8731761;UIC;8731761
TN8731761;UIC8;87317610
TN8731761;WIKIDATA;Q2109280
TN8731896;OSM;4907034453
TN8731896;SNCF;StopArea:OCE87318964
TN8731896;SNCF;StopPoint:OCEICE-87318964
TN8731896;SNCF;StopPoint:OCELyria-87318964
TN8731896;SNCF;StopPoint:OCEOUIGO-87318964
TN8731896;SNCF;StopPoint:OCETGV INOUI-87318964
TN8731896;SNCF;StopPoint:OCETrain TER-87318964
TN8731896;UIC;8731896
TN8731896;UIC8;87318964
TN8731896;WIKIDATA;Q174845
TN8731901;OSM;4290854845
TN8731901;SNCF;StopArea:OCE87319012
TN8731901;SNCF;StopPoint:OCEICE-87319012
TN8731901;SNCF;StopPoint:OCELyria-87319012
TN8731901;SNCF;StopPoint:OCEOUIGO-87319012
TN8731901;SNCF;StopPoint:OCETGV INOUI-87319012
TN8731901;UIC;8731901
TN8731901;UIC8;87319012
TN8731901;WIKIDATA;Q800366
TN8731975;SNCF;StopArea:OCE87319756
TN8731975;SNCF;StopPoint:OCECar TER-87319756
TN8731975;UIC;8731975
TN8731975;UIC8;87319756
TN8732174;OSM;3486338300
TN8732174;SNCF;StopArea:OCE87321745
TN8732174;SNCF;StopPoint:OCETrain TER-87321745
TN8732174;UIC;8732174
TN8732174;UIC8;87321745
TN8732174;WIKIDATA;Q2805583
TN8732199;SNCF;StopArea:OCE87321992
TN8732199;SNCF;StopPoint:OCECar TER-87321992
TN8732199;UIC;8732199
TN8732199;UIC8;87321992
TN8732234;OSM;1417609155
TN8732234;SNCF;StopArea:OCE87322347
TN8732234;SNCF;StopPoint:OCETrain TER-87322347
TN8732234;UIC;8732234
TN8732234;UIC8;87322347
TN8732234;WIKIDATA;Q3126258
TN8732367;OSM;9954651274
TN8732367;SNCF;StopArea:OCE87323675
TN8732367;SNCF;StopPoint:OCETrain TER-87323675
TN8732367;UIC;8732367
TN8732367;UIC8;87323675
TN8732367;WIKIDATA;Q2531756
TN8732409;OSM;4440726274
TN8732409;SNCF;StopArea:OCE87324095
TN8732409;SNCF;StopPoint:OCECar TER-87324095
TN8732409;SNCF;StopPoint:OCEOUIGO-87324095
TN8732409;SNCF;StopPoint:OCETGV INOUI-87324095
TN8732409;SNCF;StopPoint:OCETrain TER-87324095
TN8732409;UIC;8732409
TN8732409;UIC8;87324095
TN8732409;WIKIDATA;Q686045
TN8732433;OSM;3486467303
TN8732433;SNCF;StopArea:OCE87324335
TN8732433;SNCF;StopPoint:OCECar TER-87324335
TN8732433;SNCF;StopPoint:OCETrain TER-87324335
TN8732433;UIC;8732433
TN8732433;UIC8;87324335
TN8732433;WIKIDATA;Q2178893
TN8732646;SNCF;StopArea:OCE87326462
TN8732646;SNCF;StopPoint:OCECar TER-87326462
TN8732646;UIC;8732646
TN8732646;UIC8;87326462
TN8732802;OSM;774095189
TN8732802;SNCF;StopArea:OCE87328021
TN8732802;SNCF;StopPoint:OCECar TER-87328021
TN8732802;SNCF;StopPoint:OCETrain TER-87328021
TN8732802;UIC;8732802
TN8732802;UIC8;87328021
TN8732819;OSM;3951294372
TN8732819;SNCF;StopArea:OCE87328195
TN8732819;SNCF;StopPoint:OCETrain TER-87328195
TN8732819;UIC;8732819
TN8732819;UIC8;87328195
TN8732819;WIKIDATA;Q3097869
TN8733300;SNCF;StopArea:OCE87333005
TN8733300;SNCF;StopPoint:OCECar TER-87333005
TN8733300;UIC;8733300
TN8733300;UIC8;87333005
TN8733449;OSM;8986308784
TN8733449;SNCF;StopArea:OCE87334490
TN8733449;SNCF;StopPoint:OCETrain TER-87334490
TN8733449;UIC;8733449
TN8733449;UIC8;87334490
TN8733449;WIKIDATA;Q2540422
TN8733450;OSM;245548852
TN8733450;SNCF;StopArea:OCE87334508
TN8733450;SNCF;StopPoint:OCECar TER-87334508
TN8733450;SNCF;StopPoint:OCETrain TER-87334508
TN8733450;UIC;8733450
TN8733450;UIC8;87334508
TN8733450;WIKIDATA;Q3126251
TN8733552;SNCF;StopArea:OCE87335521
TN8733552;SNCF;StopPoint:OCECar TER-87335521
TN8733552;UIC;8733552
TN8733552;UIC8;87335521
TN8733697;SNCF;StopArea:OCE87336974
TN8733697;SNCF;StopPoint:OCECar TER-87336974
TN8733697;UIC;8733697
TN8733697;UIC8;87336974
TN8733698;SNCF;StopArea:OCE87336982
TN8733698;SNCF;StopPoint:OCECar TER-87336982
TN8733698;UIC;8733698
TN8733698;UIC8;87336982
TN8733699;SNCF;StopArea:OCE87336990
TN8733699;SNCF;StopPoint:OCECar TER-87336990
TN8733699;UIC;8733699
TN8733699;UIC8;87336990
TN8733700;SNCF;StopArea:OCE87337006
TN8733700;SNCF;StopPoint:OCECar TER-87337006
TN8733700;UIC;8733700
TN8733700;UIC8;87337006
TN8733708;SNCF;StopArea:OCE87337089
TN8733708;SNCF;StopPoint:OCECar TER-87337089
TN8733708;UIC;8733708
TN8733708;UIC8;87337089
TN8733709;SNCF;StopArea:OCE87337097
TN8733709;SNCF;StopPoint:OCECar TER-87337097
TN8733709;UIC;8733709
TN8733709;UIC8;87337097
TN8733814;SNCF;StopArea:OCE87338145
TN8733814;SNCF;StopPoint:OCECar TER-87338145
TN8733814;UIC;8733814
TN8733814;UIC8;87338145
TN8733815;SNCF;StopArea:OCE87338152
TN8733815;SNCF;StopPoint:OCECar TER-87338152
TN8733815;UIC;8733815
TN8733815;UIC8;87338152
TN8733816;SNCF;StopArea:OCE87338160
TN8733816;SNCF;StopPoint:OCECar TER-87338160
TN8733816;UIC;8733816
TN8733816;UIC8;87338160
TN8733817;SNCF;StopArea:OCE87338178
TN8733817;SNCF;StopPoint:OCECar TER-87338178
TN8733817;UIC;8733817
TN8733817;UIC8;87338178
TN8733818;SNCF;StopArea:OCE87338186
TN8733818;SNCF;StopPoint:OCECar TER-87338186
TN8733818;UIC;8733818
TN8733818;UIC8;87338186
TN8733819;SNCF;StopArea:OCE87338194
TN8733819;SNCF;StopPoint:OCECar TER-87338194
TN8733819;UIC;8733819
TN8733819;UIC8;87338194
TN8733851;OSM;4450794833
TN8733851;SNCF;StopArea:OCE87338517
TN8733851;SNCF;StopPoint:OCECar TER-87338517
TN8733851;SNCF;StopPoint:OCETrain TER-87338517
TN8733851;UIC;8733851
TN8733851;UIC8;87338517
TN8733851;WIKIDATA;Q2789917
TN8733852;OSM;2931339093
TN8733852;SNCF;StopArea:OCE87338525
TN8733852;SNCF;StopPoint:OCETrain TER-87338525
TN8733852;UIC;8733852
TN8733852;UIC8;87338525
TN8733852;WIKIDATA;Q2798057
TN8734200;OSM;676833841
TN8734200;SNCF;StopArea:OCE87342006
TN8734200;SNCF;StopPoint:OCECar TER-87342006
TN8734200;SNCF;StopPoint:OCETGV INOUI-87342006
TN8734200;SNCF;StopPoint:OCETrain TER-87342006
TN8734200;UIC;8734200
TN8734200;UIC8;87342006
TN8734200;WIKIDATA;Q1866833
TN8734201;OSM;7167504997
TN8734201;SNCF;StopArea:OCE87342014
TN8734201;SNCF;StopPoint:OCECar TER-87342014
TN8734201;SNCF;StopPoint:OCETGV INOUI-87342014
TN8734201;SNCF;StopPoint:OCETrain TER-87342014
TN8734201;UIC;8734201
TN8734201;UIC8;87342014
TN8734201;WIKIDATA;Q1990647
TN8734203;OSM;2173024798
TN8734203;SNCF;StopArea:OCE87342030
TN8734203;SNCF;StopPoint:OCETrain TER-87342030
TN8734203;UIC;8734203
TN8734203;UIC8;87342030
TN8734203;WIKIDATA;Q2174452
TN8734204;OSM;5747289897
TN8734204;SNCF;StopArea:OCE87342048
TN8734204;SNCF;StopPoint:OCETrain TER-87342048
TN8734204;UIC;8734204
TN8734204;UIC8;87342048
TN8734204;WIKIDATA;Q3095591
TN8734206;OSM;8308352643
TN8734206;SNCF;StopArea:OCE87342063
TN8734206;SNCF;StopPoint:OCETrain TER-87342063
TN8734206;UIC;8734206
TN8734206;UIC8;87342063
TN8734206;WIKIDATA;Q530684
TN8734207;OSM;6551378558
TN8734207;SNCF;StopArea:OCE87342071
TN8734207;SNCF;StopPoint:OCETrain TER-87342071
TN8734207;UIC;8734207
TN8734207;UIC8;87342071
TN8734207;WIKIDATA;Q3096020
TN8734208;OSM;4290859608
TN8734208;SNCF;StopArea:OCE87342089
TN8734208;SNCF;StopPoint:OCETrain TER-87342089
TN8734208;UIC;8734208
TN8734208;UIC8;87342089
TN8734208;WIKIDATA;Q2286546
TN8734209;OSM;10560384421
TN8734209;SNCF;StopArea:OCE87342097
TN8734209;SNCF;StopPoint:OCETrain TER-87342097
TN8734209;UIC;8734209
TN8734209;UIC8;87342097
TN8734209;WIKIDATA;Q2064695
TN8734210;OSM;2275623825
TN8734210;SNCF;StopArea:OCE87342105
TN8734210;SNCF;StopPoint:OCETrain TER-87342105
TN8734210;UIC;8734210
TN8734210;UIC8;87342105
TN8734210;WIKIDATA;Q3096091
TN8734211;OSM;1332394597
TN8734211;SNCF;StopArea:OCE87342113
TN8734211;SNCF;StopPoint:OCETrain TER-87342113
TN8734211;UIC;8734211
TN8734211;UIC8;87342113
TN8734211;WIKIDATA;Q2952359
TN8734212;OSM;11982917078
TN8734212;SNCF;StopArea:OCE87342121
TN8734212;SNCF;StopPoint:OCETrain TER-87342121
TN8734212;UIC;8734212
TN8734212;UIC8;87342121
TN8734212;WIKIDATA;Q3097006
TN8734213;OSM;8118649363
TN8734213;SNCF;StopArea:OCE87342139
TN8734213;SNCF;StopPoint:OCETrain TER-87342139
TN8734213;UIC;8734213
TN8734213;UIC8;87342139
TN8734213;WIKIDATA;Q3097237
TN8734218;OSM;6466754874
TN8734218;SNCF;StopArea:OCE87342188
TN8734218;SNCF;StopPoint:OCECar TER-87342188
TN8734218;SNCF;StopPoint:OCETrain TER-87342188
TN8734218;UIC;8734218
TN8734218;UIC8;87342188
TN8734218;WIKIDATA;Q3096993
TN8734220;OSM;2275685060
TN8734220;SNCF;StopArea:OCE87342204
TN8734220;SNCF;StopPoint:OCETrain TER-87342204
TN8734220;UIC;8734220
TN8734220;UIC8;87342204
TN8734220;WIKIDATA;Q2767322
TN8734221;OSM;2307579757
TN8734221;SNCF;StopArea:OCE87342212
TN8734221;SNCF;StopPoint:OCECar TER-87342212
TN8734221;SNCF;StopPoint:OCETrain TER-87342212
TN8734221;UIC;8734221
TN8734221;UIC8;87342212
TN8734221;WIKIDATA;Q3096497
TN8734222;OSM;903686326
TN8734222;SNCF;StopArea:OCE87342220
TN8734222;SNCF;StopPoint:OCETrain TER-87342220
TN8734222;UIC;8734222
TN8734222;UIC8;87342220
TN8734222;WIKIDATA;Q2100569
TN8734223;OSM;663457014
TN8734223;SNCF;StopArea:OCE87342238
TN8734223;SNCF;StopPoint:OCETrain TER-87342238
TN8734223;UIC;8734223
TN8734223;UIC8;87342238
TN8734223;WIKIDATA;Q2435363
TN8734224;OSM;6468375160
TN8734224;SNCF;StopArea:OCE87342246
TN8734224;SNCF;StopPoint:OCECar TER-87342246
TN8734224;SNCF;StopPoint:OCETrain TER-87342246
TN8734224;UIC;8734224
TN8734224;UIC8;87342246
TN8734224;WIKIDATA;Q3095689
TN8734225;OSM;10177957412
TN8734225;SNCF;StopArea:OCE87342253
TN8734225;SNCF;StopPoint:OCECar TER-87342253
TN8734225;SNCF;StopPoint:OCETrain TER-87342253
TN8734225;UIC;8734225
TN8734225;UIC8;87342253
TN8734225;WIKIDATA;Q3097698
TN8734226;OSM;3484621793
TN8734226;SNCF;StopArea:OCE87342261
TN8734226;SNCF;StopPoint:OCETrain TER-87342261
TN8734226;UIC;8734226
TN8734226;UIC8;87342261
TN8734226;WIKIDATA;Q2226896
TN8734227;OSM;676672909
TN8734227;SNCF;StopArea:OCE87342279
TN8734227;SNCF;StopPoint:OCETrain TER-87342279
TN8734227;UIC;8734227
TN8734227;UIC8;87342279
TN8734227;WIKIDATA;Q2552693
TN8734228;OSM;11982917076
TN8734228;SNCF;StopArea:OCE87342287
TN8734228;SNCF;StopPoint:OCETrain TER-87342287
TN8734228;UIC;8734228
TN8734228;UIC8;87342287
TN8734228;WIKIDATA;Q2361587
TN8734229;OSM;7622818562
TN8734229;SNCF;StopArea:OCE87342295
TN8734229;SNCF;StopPoint:OCETrain TER-87342295
TN8734229;UIC;8734229
TN8734229;UIC8;87342295
TN8734229;WIKIDATA;Q2051204
TN8734230;OSM;2060742338
TN8734230;SNCF;StopArea:OCE87342303
TN8734230;SNCF;StopPoint:OCECar TER-87342303
TN8734230;SNCF;StopPoint:OCETrain TER-87342303
TN8734230;UIC;8734230
TN8734230;UIC8;87342303
TN8734230;WIKIDATA;Q2725104
TN8734233;OSM;6468513099
TN8734233;SNCF;StopArea:OCE87342337
TN8734233;SNCF;StopPoint:OCECar TER-87342337
TN8734233;SNCF;StopPoint:OCETrain TER-87342337
TN8734233;UIC;8734233
TN8734233;UIC8;87342337
TN8734233;WIKIDATA;Q2557790
TN8734240;OSM;2275685055
TN8734240;SNCF;StopArea:OCE87342402
TN8734240;SNCF;StopPoint:OCETrain TER-87342402
TN8734240;UIC;8734240
TN8734240;UIC8;87342402
TN8734240;WIKIDATA;Q3095981
TN8734241;OSM;1826549194
TN8734241;SNCF;StopArea:OCE87342410
TN8734241;SNCF;StopPoint:OCETrain TER-87342410
TN8734241;UIC;8734241
TN8734241;UIC8;87342410
TN8734241;WIKIDATA;Q3096339
TN8734243;OSM;8772484535
TN8734243;SNCF;StopArea:OCE87342436
TN8734243;SNCF;StopPoint:OCETrain TER-87342436
TN8734243;UIC;8734243
TN8734243;UIC8;87342436
TN8734243;WIKIDATA;Q3096743
TN8734245;OSM;8777190241
TN8734245;SNCF;StopArea:OCE87342451
TN8734245;SNCF;StopPoint:OCETrain TER-87342451
TN8734245;UIC;8734245
TN8734245;UIC8;87342451
TN8734245;WIKIDATA;Q287559
TN8734246;OSM;8777190309
TN8734246;SNCF;StopArea:OCE87342469
TN8734246;SNCF;StopPoint:OCETrain TER-87342469
TN8734246;UIC;8734246
TN8734246;UIC8;87342469
TN8734246;WIKIDATA;Q2130876
TN8734252;OSM;8411801736
TN8734252;SNCF;StopArea:OCE87342527
TN8734252;SNCF;StopPoint:OCETrain TER-87342527
TN8734252;UIC;8734252
TN8734252;UIC8;87342527
TN8734252;WIKIDATA;Q16508004
TN8734253;OSM;10844693630
TN8734253;SNCF;StopArea:OCE87342535
TN8734253;SNCF;StopPoint:OCECar TER-87342535
TN8734253;SNCF;StopPoint:OCETrain TER-87342535
TN8734253;UIC;8734253
TN8734253;UIC8;87342535
TN8734253;WIKIDATA;Q2100158
TN8734254;OSM;10844693682
TN8734254;SNCF;StopArea:OCE87342543
TN8734254;SNCF;StopPoint:OCECar TER-87342543
TN8734254;SNCF;StopPoint:OCETrain TER-87342543
TN8734254;UIC;8734254
TN8734254;UIC8;87342543
TN8734254;WIKIDATA;Q500540
TN8734255;OSM;914792090
TN8734255;SNCF;StopArea:OCE87342550
TN8734255;SNCF;StopPoint:OCECar TER-87342550
TN8734255;SNCF;StopPoint:OCETrain TER-87342550
TN8734255;UIC;8734255
TN8734255;UIC8;87342550
TN8734255;WIKIDATA;Q1869616
TN8734257;OSM;8714573297
TN8734257;SNCF;StopArea:OCE87342576
TN8734257;SNCF;StopPoint:OCETrain TER-87342576
TN8734257;UIC;8734257
TN8734257;UIC8;87342576
TN8734257;WIKIDATA;Q3098013
TN8734258;OSM;7598633347
TN8734258;SNCF;StopArea:OCE87342584
TN8734258;SNCF;StopPoint:OCETrain TER-87342584
TN8734258;UIC;8734258
TN8734258;UIC8;87342584
TN8734258;WIKIDATA;Q3095708
TN8734259;OSM;9797955745
TN8734259;SNCF;StopArea:OCE87342592
TN8734259;SNCF;StopPoint:OCETrain TER-87342592
TN8734259;UIC;8734259
TN8734259;UIC8;87342592
TN8734259;WIKIDATA;Q15865337
TN8734300;OSM;1648968005
TN8734300;SNCF;StopArea:OCE87343004
TN8734300;SNCF;StopPoint:OCECar TER-87343004
TN8734300;SNCF;StopPoint:OCETGV INOUI-87343004
TN8734300;SNCF;StopPoint:OCETrain TER-87343004
TN8734300;UIC;8734300
TN8734300;UIC8;87343004
TN8734300;WIKIDATA;Q1887294
TN8734310;OSM;921105055
TN8734310;SNCF;StopArea:OCE87343103
TN8734310;SNCF;StopPoint:OCETrain TER-87343103
TN8734310;UIC;8734310
TN8734310;UIC8;87343103
TN8734310;WIKIDATA;Q2258921
TN8734316;OSM;2084195352
TN8734316;SNCF;StopArea:OCE87343160
TN8734316;SNCF;StopPoint:OCETrain TER-87343160
TN8734316;UIC;8734316
TN8734316;UIC8;87343160
TN8734316;WIKIDATA;Q2336942
TN8734321;OSM;2054095909
TN8734321;SNCF;StopArea:OCE87343210
TN8734321;SNCF;StopPoint:OCECar TER-87343210
TN8734321;SNCF;StopPoint:OCETrain TER-87343210
TN8734321;UIC;8734321
TN8734321;UIC8;87343210
TN8734321;WIKIDATA;Q2189705
TN8734330;OSM;907704250
TN8734330;SNCF;StopArea:OCE87343301
TN8734330;SNCF;StopPoint:OCETrain TER-87343301
TN8734330;UIC;8734330
TN8734330;UIC8;87343301
TN8734330;WIKIDATA;Q1660435
TN8734331;OSM;9983369534
TN8734331;SNCF;StopArea:OCE87343319
TN8734331;SNCF;StopPoint:OCETrain TER-87343319
TN8734331;UIC;8734331
TN8734331;UIC8;87343319
TN8734331;WIKIDATA;Q2913331
TN8734340;OSM;1199952566
TN8734340;SNCF;StopArea:OCE87343400
TN8734340;SNCF;StopPoint:OCECar TER-87343400
TN8734340;SNCF;StopPoint:OCETrain TER-87343400
TN8734340;UIC;8734340
TN8734340;UIC8;87343400
TN8734340;WIKIDATA;Q2031918
TN8734341;OSM;2096059137
TN8734341;SNCF;StopArea:OCE87343418
TN8734341;SNCF;StopPoint:OCECar TER-87343418
TN8734341;SNCF;StopPoint:OCETrain TER-87343418
TN8734341;UIC;8734341
TN8734341;UIC8;87343418
TN8734341;WIKIDATA;Q3097348
TN8734345;OSM;11053183532
TN8734345;SNCF;StopArea:OCE87343459
TN8734345;SNCF;StopPoint:OCECar TER-87343459
TN8734345;SNCF;StopPoint:OCETrain TER-87343459
TN8734345;UIC;8734345
TN8734345;UIC8;87343459
TN8734345;WIKIDATA;Q2186917
TN8734347;OSM;2275685064
TN8734347;SNCF;StopArea:OCE87343475
TN8734347;SNCF;StopPoint:OCECar TER-87343475
TN8734347;SNCF;StopPoint:OCETrain TER-87343475
TN8734347;UIC;8734347
TN8734347;UIC8;87343475
TN8734347;WIKIDATA;Q1845098
TN8734444;SNCF;StopArea:OCE87344440
TN8734444;SNCF;StopPoint:OCECar TER-87344440
TN8734444;UIC;8734444
TN8734444;UIC8;87344440
TN8734459;SNCF;StopArea:OCE87344598
TN8734459;SNCF;StopPoint:OCECar TER-87344598
TN8734459;UIC;8734459
TN8734459;UIC8;87344598
TN8734500;OSM;11556100824
TN8734500;SNCF;StopArea:OCE87345009
TN8734500;SNCF;StopPoint:OCECar TER-87345009
TN8734500;SNCF;StopPoint:OCETGV INOUI-87345009
TN8734500;SNCF;StopPoint:OCETrain TER-87345009
TN8734500;UIC;8734500
TN8734500;UIC8;87345009
TN8734500;WIKIDATA;Q2228617
TN8734502;OSM;14105621464
TN8734502;SNCF;StopArea:OCE87345025
TN8734502;SNCF;StopPoint:OCETGV INOUI-87345025
TN8734502;SNCF;StopPoint:OCETrain TER-87345025
TN8734502;UIC;8734502
TN8734502;UIC8;87345025
TN8734502;WIKIDATA;Q3096875
TN8734503;OSM;1889529783
TN8734503;SNCF;StopArea:OCE87345033
TN8734503;SNCF;StopPoint:OCETrain TER-87345033
TN8734503;UIC;8734503
TN8734503;UIC8;87345033
TN8734503;WIKIDATA;Q3096902
TN8734504;OSM;1186303821
TN8734504;SNCF;StopArea:OCE87345041
TN8734504;SNCF;StopPoint:OCETrain TER-87345041
TN8734504;UIC;8734504
TN8734504;UIC8;87345041
TN8734504;WIKIDATA;Q2624678
TN8734510;OSM;8319316795
TN8734510;SNCF;StopArea:OCE87345108
TN8734510;SNCF;StopPoint:OCETrain TER-87345108
TN8734510;UIC;8734510
TN8734510;UIC8;87345108
TN8734510;WIKIDATA;Q509289
TN8734511;OSM;9654244721
TN8734511;SNCF;StopArea:OCE87345116
TN8734511;SNCF;StopPoint:OCETrain TER-87345116
TN8734511;UIC;8734511
TN8734511;UIC8;87345116
TN8734511;WIKIDATA;Q536595
TN8734512;OSM;2275685074
TN8734512;SNCF;StopArea:OCE87345124
TN8734512;SNCF;StopPoint:OCETrain TER-87345124
TN8734512;UIC;8734512
TN8734512;UIC8;87345124
TN8734512;WIKIDATA;Q3097301
TN8734513;OSM;2275683987
TN8734513;SNCF;StopArea:OCE87345132
TN8734513;SNCF;StopPoint:OCETrain TER-87345132
TN8734513;UIC;8734513
TN8734513;UIC8;87345132
TN8734513;WIKIDATA;Q3096295
TN8734514;OSM;11290899848
TN8734514;SNCF;StopArea:OCE87345140
TN8734514;SNCF;StopPoint:OCETrain TER-87345140
TN8734514;UIC;8734514
TN8734514;UIC8;87345140
TN8734514;WIKIDATA;Q591802
TN8734515;OSM;11559168293
TN8734515;SNCF;StopArea:OCE87345157
TN8734515;SNCF;StopPoint:OCETrain TER-87345157
TN8734515;UIC;8734515
TN8734515;UIC8;87345157
TN8734515;WIKIDATA;Q2466148
TN8734516;OSM;11559199631
TN8734516;SNCF;StopArea:OCE87345165
TN8734516;SNCF;StopPoint:OCETrain TER-87345165
TN8734516;UIC;8734516
TN8734516;UIC8;87345165
TN8734516;WIKIDATA;Q3096395
TN8734520;OSM;8857468569
TN8734520;SNCF;StopArea:OCE87345207
TN8734520;SNCF;StopPoint:OCETrain TER-87345207
TN8734520;UIC;8734520
TN8734520;UIC8;87345207
TN8734521;OSM;2275683991
TN8734521;SNCF;StopArea:OCE87345215
TN8734521;SNCF;StopPoint:OCETrain TER-87345215
TN8734521;UIC;8734521
TN8734521;UIC8;87345215
TN8734521;WIKIDATA;Q3097654
TN8734522;OSM;5792383084
TN8734522;SNCF;StopArea:OCE87345223
TN8734522;SNCF;StopPoint:OCETrain TER-87345223
TN8734522;UIC;8734522
TN8734522;UIC8;87345223
TN8734522;WIKIDATA;Q2406258
TN8734523;OSM;917150714
TN8734523;SNCF;StopArea:OCE87345231
TN8734523;SNCF;StopPoint:OCETrain TER-87345231
TN8734523;UIC;8734523
TN8734523;UIC8;87345231
TN8734523;WIKIDATA;Q3096897
TN8734524;OSM;4290854885
TN8734524;SNCF;StopArea:OCE87345249
TN8734524;SNCF;StopPoint:OCETrain TER-87345249
TN8734524;UIC;8734524
TN8734524;UIC8;87345249
TN8734524;WIKIDATA;Q2191074
TN8734525;OSM;9135996123
TN8734525;SNCF;StopArea:OCE87345256
TN8734525;SNCF;StopPoint:OCETrain TER-87345256
TN8734525;UIC;8734525
TN8734525;UIC8;87345256
TN8734525;WIKIDATA;Q2355136
TN8734526;OSM;917150916
TN8734526;SNCF;StopArea:OCE87345264
TN8734526;SNCF;StopPoint:OCETrain TER-87345264
TN8734526;UIC;8734526
TN8734526;UIC8;87345264
TN8734526;WIKIDATA;Q3097306
TN8734527;OSM;917150527
TN8734527;SNCF;StopArea:OCE87345272
TN8734527;SNCF;StopPoint:OCETrain TER-87345272
TN8734527;UIC;8734527
TN8734527;UIC8;87345272
TN8734527;WIKIDATA;Q3097035
TN8734528;OSM;8346046107
TN8734528;SNCF;StopArea:OCE87345280
TN8734528;SNCF;StopPoint:OCETrain TER-87345280
TN8734528;UIC;8734528
TN8734528;UIC8;87345280
TN8734528;WIKIDATA;Q3095922
TN8734530;OSM;8851515707
TN8734530;SNCF;StopArea:OCE87345306
TN8734530;SNCF;StopPoint:OCETrain TER-87345306
TN8734530;UIC;8734530
TN8734530;UIC8;87345306
TN8734530;WIKIDATA;Q2913951
TN8734531;OSM;752842530
TN8734531;SNCF;StopArea:OCE87345314
TN8734531;SNCF;StopPoint:OCECar TER-87345314
TN8734531;SNCF;StopPoint:OCETrain TER-87345314
TN8734531;UIC;8734531
TN8734531;UIC8;87345314
TN8734531;WIKIDATA;Q3097764
TN8734538;OSM;2108906492
TN8734538;SNCF;StopArea:OCE87345389
TN8734538;SNCF;StopPoint:OCECar TER-87345389
TN8734538;SNCF;StopPoint:OCETrain TER-87345389
TN8734538;UIC;8734538
TN8734538;UIC8;87345389
TN8734538;WIKIDATA;Q130013
TN8734539;OSM;2090123993
TN8734539;SNCF;StopArea:OCE87345397
TN8734539;SNCF;StopPoint:OCECar TER-87345397
TN8734539;SNCF;StopPoint:OCETrain TER-87345397
TN8734539;UIC;8734539
TN8734539;UIC8;87345397
TN8734539;WIKIDATA;Q2142874
TN8734540;OSM;8809971617
TN8734540;SNCF;StopArea:OCE87345405
TN8734540;SNCF;StopPoint:OCECar TER-87345405
TN8734540;SNCF;StopPoint:OCETrain TER-87345405
TN8734540;UIC;8734540
TN8734540;UIC8;87345405
TN8734541;OSM;8947433029
TN8734541;SNCF;StopArea:OCE87345413
TN8734541;SNCF;StopPoint:OCECar TER-87345413
TN8734541;SNCF;StopPoint:OCETrain TER-87345413
TN8734541;UIC;8734541
TN8734541;UIC8;87345413
TN8734541;WIKIDATA;Q614171
TN8734542;OSM;1314634130
TN8734542;SNCF;StopArea:OCE87345421
TN8734542;SNCF;StopPoint:OCECar TER-87345421
TN8734542;SNCF;StopPoint:OCETrain TER-87345421
TN8734542;UIC;8734542
TN8734542;UIC8;87345421
TN8734542;WIKIDATA;Q2454325
TN8734543;OSM;2275683986
TN8734543;SNCF;StopArea:OCE87345439
TN8734543;SNCF;StopPoint:OCETrain TER-87345439
TN8734543;UIC;8734543
TN8734543;UIC8;87345439
TN8734543;WIKIDATA;Q2792196
TN8734544;OSM;8980904950
TN8734544;SNCF;StopArea:OCE87345447
TN8734544;SNCF;StopPoint:OCECar TER-87345447
TN8734544;SNCF;StopPoint:OCETrain TER-87345447
TN8734544;UIC;8734544
TN8734544;UIC8;87345447
TN8734549;OSM;2120468900
TN8734549;SNCF;StopArea:OCE87345496
TN8734549;SNCF;StopPoint:OCETrain TER-87345496
TN8734549;UIC;8734549
TN8734549;UIC8;87345496
TN8734549;WIKIDATA;Q1910819
TN8734552;OSM;9866795792
TN8734552;SNCF;StopArea:OCE87345520
TN8734552;SNCF;StopPoint:OCECar TER-87345520
TN8734552;SNCF;StopPoint:OCETrain TER-87345520
TN8734552;UIC;8734552
TN8734552;UIC8;87345520
TN8734552;WIKIDATA;Q2203151
TN8734554;OSM;2088840575
TN8734554;SNCF;StopArea:OCE87345546
TN8734554;SNCF;StopPoint:OCETrain TER-87345546
TN8734554;UIC;8734554
TN8734554;UIC8;87345546
TN8734554;WIKIDATA;Q2513781
TN8734555;OSM;2960651287
TN8734555;SNCF;StopArea:OCE87345553
TN8734555;SNCF;StopPoint:OCETrain TER-87345553
TN8734555;UIC;8734555
TN8734555;UIC8;87345553
TN8734555;WIKIDATA;Q1828585
TN8734556;OSM;916610605
TN8734556;SNCF;StopArea:OCE87345561
TN8734556;SNCF;StopPoint:OCECar TER-87345561
TN8734556;SNCF;StopPoint:OCETrain TER-87345561
TN8734556;UIC;8734556
TN8734556;UIC8;87345561
TN8734556;WIKIDATA;Q1829323
TN8734558;OSM;2088862436
TN8734558;SNCF;StopArea:OCE87345587
TN8734558;SNCF;StopPoint:OCETrain TER-87345587
TN8734558;UIC;8734558
TN8734558;UIC8;87345587
TN8734558;WIKIDATA;Q2170418
TN8734559;OSM;2088864009
TN8734559;SNCF;StopArea:OCE87345595
TN8734559;SNCF;StopPoint:OCETrain TER-87345595
TN8734559;UIC;8734559
TN8734559;UIC8;87345595
TN8734559;WIKIDATA;Q3098060
TN8735204;OSM;10784303972
TN8735204;SNCF;StopArea:OCE87352047
TN8735204;SNCF;StopPoint:OCECar TER-87352047
TN8735204;SNCF;StopPoint:OCETrain TER-87352047
TN8735204;UIC;8735204
TN8735204;UIC8;87352047
TN8735204;WIKIDATA;Q23013004
TN8735357;OSM;6128793119
TN8735357;SNCF;StopArea:OCE87353573
TN8735357;SNCF;StopPoint:OCETrain TER-87353573
TN8735357;UIC;8735357
TN8735357;UIC8;87353573
TN8735357;WIKIDATA;Q2935745
TN8735358;OSM;6128181711
TN8735358;SNCF;StopArea:OCE87353581
TN8735358;SNCF;StopPoint:OCETrain TER-87353581
TN8735358;UIC;8735358
TN8735358;UIC8;87353581
TN8735358;WIKIDATA;Q2076458
TN8735359;OSM;6128247101
TN8735359;SNCF;StopArea:OCE87353599
TN8735359;SNCF;StopPoint:OCETrain TER-87353599
TN8735359;UIC;8735359
TN8735359;UIC8;87353599
TN8735359;WIKIDATA;Q3097574
TN8735458;OSM;3486338597
TN8735458;SNCF;StopArea:OCE87354589
TN8735458;SNCF;StopPoint:OCETrain TER-87354589
TN8735458;UIC;8735458
TN8735458;UIC8;87354589
TN8735458;WIKIDATA;Q1884909
TN8735459;OSM;3486338596
TN8735459;SNCF;StopArea:OCE87354597
TN8735459;SNCF;StopPoint:OCETrain TER-87354597
TN8735459;UIC;8735459
TN8735459;UIC8;87354597
TN8735459;WIKIDATA;Q2675849
TN8736198;SNCF;StopArea:OCE87361980
TN8736198;SNCF;StopPoint:OCECar TER-87361980
TN8736198;UIC;8736198
TN8736198;UIC8;87361980
TN8738150;OSM;1729433458
TN8738150;SNCF;StopArea:OCE87381509
TN8738150;SNCF;StopPoint:OCECar TER-87381509
TN8738150;SNCF;StopPoint:OCETGV INOUI-87381509
TN8738150;SNCF;StopPoint:OCETrain TER-87381509
TN8738150;UIC;8738150
TN8738150;UIC8;87381509
TN8738150;WIKIDATA;Q2504021
TN8738162;OSM;13092280372
TN8738162;SNCF;StopArea:OCE87381624
TN8738162;SNCF;StopPoint:OCECar TER-87381624
TN8738162;SNCF;StopPoint:OCETrain TER-87381624
TN8738162;UIC;8738162
TN8738162;UIC8;87381624
TN8738162;WIKIDATA;Q3096081
TN8738400;OSM;3533789791
TN8738400;SNCF;StopArea:OCE87384008
TN8738400;SNCF;StopPoint:OCECar TER-87384008
TN8738400;SNCF;StopPoint:OCETrain TER-87384008
TN8738400;UIC;8738400
TN8738400;UIC8;87384008
TN8738400;WIKIDATA;Q747506
TN8738654;OSM;9200872118
TN8738654;SNCF;StopArea:OCE87386540
TN8738654;SNCF;StopPoint:OCETrain TER-87386540
TN8738654;UIC;8738654
TN8738654;UIC8;87386540
TN8738654;WIKIDATA;Q3097135
TN8738668;OSM;4672157071
TN8738668;SNCF;StopArea:OCE87386680
TN8738668;SNCF;StopPoint:OCECar TER-87386680
TN8738668;UIC;8738668
TN8738668;UIC8;87386680
TN8738668;WIKIDATA;Q2271585
TN8738700;OSM;1482598216
TN8738700;SNCF;StopArea:OCE87387001
TN8738700;SNCF;StopPoint:OCECar TER-87387001
TN8738700;SNCF;StopPoint:OCETrain TER-87387001
TN8738700;UIC;8738700
TN8738700;UIC8;87387001
TN8738700;WIKIDATA;Q2609238
TN8738709;SNCF;StopArea:OCE87387092
TN8738709;SNCF;StopPoint:OCECar TER-87387092
TN8738709;SNCF;StopPoint:OCETrain TER-87387092
TN8738709;UIC;8738709
TN8738709;UIC8;87387092
TN8738714;SNCF;StopArea:OCE87387142
TN8738714;SNCF;StopPoint:OCETrain TER-87387142
TN8738714;UIC;8738714
TN8738714;UIC8;87387142
TN8738715;SNCF;StopArea:OCE87387159
TN8738715;SNCF;StopPoint:OCETrain TER-87387159
TN8738715;UIC;8738715
TN8738715;UIC8;87387159
TN8738717;OSM;11009041154
TN8738717;SNCF;StopArea:OCE87387175
TN8738717;SNCF;StopPoint:OCETrain TER-87387175
TN8738717;UIC;8738717
TN8738717;UIC8;87387175
TN8738717;WIKIDATA;Q1938997
TN8738718;OSM;8320826364
TN8738718;SNCF;StopArea:OCE87387183
TN8738718;SNCF;StopPoint:OCETrain TER-87387183
TN8738718;UIC;8738718
TN8738718;UIC8;87387183
TN8738718;WIKIDATA;Q2202123
TN8738992;SNCF;StopArea:OCE87389924
TN8738992;SNCF;StopPoint:OCECar TER-87389924
TN8738992;UIC;8738992
TN8738992;UIC8;87389924
TN8739100;OSM;65331500
TN8739100;SNCF;StopArea:OCE87391003
TN8739100;SNCF;StopPoint:OCECar TER-87391003
TN8739100;SNCF;StopPoint:OCEOUIGO-87391003
TN8739100;SNCF;StopPoint:OCETGV INOUI-87391003
TN8739100;SNCF;StopPoint:OCETrain TER-87391003
TN8739100;UIC;8739100
TN8739100;UIC8;87391003
TN8739100;WIKIDATA;Q631114
TN8739110;OSM;942695829
TN8739110;SNCF;StopArea:OCE87391102
TN8739110;SNCF;StopPoint:OCETGV INOUI-87391102
TN8739110;SNCF;StopPoint:OCETrain TER-87391102
TN8739110;UIC;8739110
TN8739110;UIC8;87391102
TN8739110;WIKIDATA;Q631114
TN8739130;OSM;10755386327
TN8739130;SNCF;StopArea:OCE87391300
TN8739130;SNCF;StopPoint:OCECar TER-87391300
TN8739130;SNCF;StopPoint:OCETrain TER-87391300
TN8739130;UIC;8739130
TN8739130;UIC8;87391300
TN8739130;WIKIDATA;Q727069
TN8739282;SNCF;StopArea:OCE87392829
TN8739282;SNCF;StopPoint:OCECar TER-87392829
TN8739282;UIC;8739282
TN8739282;UIC8;87392829
TN8739300;OSM;3497428295
TN8739300;SNCF;StopArea:OCE87393009
TN8739300;SNCF;StopPoint:OCECar TER-87393009
TN8739300;SNCF;StopPoint:OCEOUIGO-87393009
TN8739300;SNCF;StopPoint:OCETGV INOUI-87393009
TN8739300;SNCF;StopPoint:OCETrain TER-87393009
TN8739300;UIC;8739300
TN8739300;UIC8;87393009
TN8739300;WIKIDATA;Q2422473
TN8739331;OSM;3533697024
TN8739331;SNCF;StopArea:OCE87393314
TN8739331;SNCF;StopPoint:OCETrain TER-87393314
TN8739331;UIC;8739331
TN8739331;UIC8;87393314
TN8739331;WIKIDATA;Q2176163
TN8739334;OSM;9981291581
TN8739334;SNCF;StopArea:OCE87393348
TN8739334;SNCF;StopPoint:OCETrain TER-87393348
TN8739334;UIC;8739334
TN8739334;UIC8;87393348
TN8739334;WIKIDATA;Q2231528
TN8739348;OSM;10197668467
TN8739348;SNCF;StopArea:OCE87393488
TN8739348;SNCF;StopPoint:OCETrain TER-87393488
TN8739348;UIC;8739348
TN8739348;UIC8;87393488
TN8739348;WIKIDATA;Q2155282
TN8739355;OSM;3470363993
TN8739355;SNCF;StopArea:OCE87393553
TN8739355;SNCF;StopPoint:OCETrain TER-87393553
TN8739355;UIC;8739355
TN8739355;UIC8;87393553
TN8739355;WIKIDATA;Q3097217
TN8739357;OSM;3555785349
TN8739357;SNCF;StopArea:OCE87393579
TN8739357;SNCF;StopPoint:OCEOUIGO-87393579
TN8739357;SNCF;StopPoint:OCETGV INOUI-87393579
TN8739357;UIC;8739357
TN8739357;UIC8;87393579
TN8739357;WIKIDATA;Q801166
TN8739359;OSM;8863210696
TN8739359;SNCF;StopArea:OCE87393595
TN8739359;SNCF;StopPoint:OCETrain TER-87393595
TN8739359;UIC;8739359
TN8739359;UIC8;87393595
TN8739359;WIKIDATA;Q3097967
TN8739370;OSM;3530841971
TN8739370;SNCF;StopArea:OCE87393702
TN8739370;SNCF;StopPoint:OCEOUIGO-87393702
TN8739370;SNCF;StopPoint:OCETGV INOUI-87393702
TN8739370;UIC;8739370
TN8739370;UIC8;87393702
TN8739370;WIKIDATA;Q801170
TN8739384;OSM;3530910105
TN8739384;SNCF;StopArea:OCE87393843
TN8739384;SNCF;StopPoint:OCETrain TER-87393843
TN8739384;UIC;8739384
TN8739384;UIC8;87393843
TN8739384;WIKIDATA;Q3097620
TN8739400;OSM;8303862255
TN8739400;SNCF;StopArea:OCE87394007
TN8739400;SNCF;StopPoint:OCECar TER-87394007
TN8739400;SNCF;StopPoint:OCEOUIGO-87394007
TN8739400;SNCF;StopPoint:OCETrain TER-87394007
TN8739400;UIC;8739400
TN8739400;UIC8;87394007
TN8739400;WIKIDATA;Q2087872
TN8739401;OSM;10751726526
TN8739401;SNCF;StopArea:OCE87394015
TN8739401;SNCF;StopPoint:OCECar TER-87394015
TN8739401;SNCF;StopPoint:OCETrain TER-87394015
TN8739401;UIC;8739401
TN8739401;UIC8;87394015
TN8739401;WIKIDATA;Q2145386
TN8739411;SNCF;StopArea:OCE87394114
TN8739411;SNCF;StopPoint:OCETrain TER-87394114
TN8739411;UIC;8739411
TN8739411;UIC8;87394114
TN8739413;OSM;252615085
TN8739413;SNCF;StopArea:OCE87394130
TN8739413;SNCF;StopPoint:OCETrain TER-87394130
TN8739413;UIC;8739413
TN8739413;UIC8;87394130
TN8739413;WIKIDATA;Q665887
TN8739414;OSM;5400818213
TN8739414;SNCF;StopArea:OCE87394148
TN8739414;SNCF;StopPoint:OCETrain TER-87394148
TN8739414;UIC;8739414
TN8739414;UIC8;87394148
TN8739414;WIKIDATA;Q2545316
TN8739415;OSM;5400816538
TN8739415;SNCF;StopArea:OCE87394155
TN8739415;SNCF;StopPoint:OCETrain TER-87394155
TN8739415;UIC;8739415
TN8739415;UIC8;87394155
TN8739415;WIKIDATA;Q3096665
TN8739417;OSM;1879436732
TN8739417;SNCF;StopArea:OCE87394171
TN8739417;SNCF;StopPoint:OCETrain TER-87394171
TN8739417;UIC;8739417
TN8739417;UIC8;87394171
TN8739417;WIKIDATA;Q2594740
TN8739420;OSM;11367479991
TN8739420;SNCF;StopArea:OCE87394205
TN8739420;SNCF;StopPoint:OCECar TER-87394205
TN8739420;SNCF;StopPoint:OCETrain TER-87394205
TN8739420;UIC;8739420
TN8739420;UIC8;87394205
TN8739420;WIKIDATA;Q2040993
TN8739421;OSM;385361577
TN8739421;SNCF;StopArea:OCE87394213
TN8739421;SNCF;StopPoint:OCECar TER-87394213
TN8739421;SNCF;StopPoint:OCETrain TER-87394213
TN8739421;UIC;8739421
TN8739421;UIC8;87394213
TN8739421;WIKIDATA;Q3097495
TN8739422;OSM;4213061795
TN8739422;SNCF;StopArea:OCE87394221
TN8739422;SNCF;StopPoint:OCECar TER-87394221
TN8739422;SNCF;StopPoint:OCETrain TER-87394221
TN8739422;UIC;8739422
TN8739422;UIC8;87394221
TN8739422;WIKIDATA;Q3096314
TN8739424;OSM;11008724629
TN8739424;SNCF;StopArea:OCE87394247
TN8739424;SNCF;StopPoint:OCECar TER-87394247
TN8739424;SNCF;StopPoint:OCETrain TER-87394247
TN8739424;UIC;8739424
TN8739424;UIC8;87394247
TN8739424;WIKIDATA;Q1828187
TN8739425;OSM;4214034220
TN8739425;SNCF;StopArea:OCE87394254
TN8739425;SNCF;StopPoint:OCECar TER-87394254
TN8739425;SNCF;StopPoint:OCETrain TER-87394254
TN8739425;UIC;8739425
TN8739425;UIC8;87394254
TN8739425;WIKIDATA;Q2101016
TN8739427;OSM;9819205721
TN8739427;SNCF;StopArea:OCE87394270
TN8739427;SNCF;StopPoint:OCECar TER-87394270
TN8739427;SNCF;StopPoint:OCETrain TER-87394270
TN8739427;UIC;8739427
TN8739427;UIC8;87394270
TN8739427;WIKIDATA;Q2723066
TN8739428;OSM;4215299314
TN8739428;SNCF;StopArea:OCE87394288
TN8739428;SNCF;StopPoint:OCECar TER-87394288
TN8739428;SNCF;StopPoint:OCETrain TER-87394288
TN8739428;UIC;8739428
TN8739428;UIC8;87394288
TN8739428;WIKIDATA;Q2971091
TN8739429;OSM;4215299316
TN8739429;SNCF;StopArea:OCE87394296
TN8739429;SNCF;StopPoint:OCECar TER-87394296
TN8739429;SNCF;StopPoint:OCETrain TER-87394296
TN8739429;UIC;8739429
TN8739429;UIC8;87394296
TN8739429;WIKIDATA;Q2192067
TN8739440;OSM;1704175678
TN8739440;SNCF;StopArea:OCE87394403
TN8739440;SNCF;StopPoint:OCETrain TER-87394403
TN8739440;UIC;8739440
TN8739440;UIC8;87394403
TN8739440;WIKIDATA;Q3096814
TN8739441;SNCF;StopArea:OCE87394411
TN8739441;SNCF;StopPoint:OCECar TER-87394411
TN8739441;SNCF;StopPoint:OCETrain TER-87394411
TN8739441;UIC;8739441
TN8739441;UIC8;87394411
TN8739442;OSM;319201201
TN8739442;SNCF;StopArea:OCE87394429
TN8739442;SNCF;StopPoint:OCETrain TER-87394429
TN8739442;UIC;8739442
TN8739442;UIC8;87394429
TN8739442;WIKIDATA;Q3096955
TN8739443;OSM;4290856993
TN8739443;SNCF;StopArea:OCE87394437
TN8739443;SNCF;StopPoint:OCECar TER-87394437
TN8739443;SNCF;StopPoint:OCETrain TER-87394437
TN8739443;UIC;8739443
TN8739443;UIC8;87394437
TN8739443;WIKIDATA;Q3095789
TN8739445;OSM;4290854860
TN8739445;SNCF;StopArea:OCE87394452
TN8739445;SNCF;StopPoint:OCECar TER-87394452
TN8739445;SNCF;StopPoint:OCETrain TER-87394452
TN8739445;UIC;8739445
TN8739445;UIC8;87394452
TN8739445;WIKIDATA;Q3096073
TN8739448;OSM;10744715224
TN8739448;SNCF;StopArea:OCE87394486
TN8739448;SNCF;StopPoint:OCETrain TER-87394486
TN8739448;UIC;8739448
TN8739448;UIC8;87394486
TN8739448;WIKIDATA;Q3095672
TN8739449;SNCF;StopArea:OCE87394494
TN8739449;SNCF;StopPoint:OCECar TER-87394494
TN8739449;SNCF;StopPoint:OCETrain TER-87394494
TN8739449;UIC;8739449
TN8739449;UIC8;87394494
TN8739565;SNCF;StopArea:OCE87395657
TN8739565;SNCF;StopPoint:OCECar TER-87395657
TN8739565;UIC;8739565
TN8739565;UIC8;87395657
TN8739566;SNCF;StopArea:OCE87395665
TN8739566;SNCF;StopPoint:OCECar TER-87395665
TN8739566;UIC;8739566
TN8739566;UIC8;87395665
TN8739567;SNCF;StopArea:OCE87395673
TN8739567;SNCF;StopPoint:OCECar TER-87395673
TN8739567;UIC;8739567
TN8739567;UIC8;87395673
TN8739583;SNCF;StopArea:OCE87395830
TN8739583;SNCF;StopPoint:OCECar TER-87395830
TN8739583;UIC;8739583
TN8739583;UIC8;87395830
TN8739596;SNCF;StopArea:OCE87395962
TN8739596;SNCF;StopPoint:OCECar TER-87395962
TN8739596;UIC;8739596
TN8739596;UIC8;87395962
TN8739600;OSM;12992005144
TN8739600;SNCF;StopArea:OCE87396002
TN8739600;SNCF;StopPoint:OCECar TER-87396002
TN8739600;SNCF;StopPoint:OCEOUIGO-87396002
TN8739600;SNCF;StopPoint:OCETGV INOUI-87396002
TN8739600;SNCF;StopPoint:OCETrain TER-87396002
TN8739600;UIC;8739600
TN8739600;UIC8;87396002
TN8739600;WIKIDATA;Q2718010
TN8739602;OSM;12951273103
TN8739602;SNCF;StopArea:OCE87396028
TN8739602;SNCF;StopPoint:OCETrain TER-87396028
TN8739602;UIC;8739602
TN8739602;UIC8;87396028
TN8739603;OSM;3490787133
TN8739603;SNCF;StopArea:OCE87396036
TN8739603;SNCF;StopPoint:OCETrain TER-87396036
TN8739603;UIC;8739603
TN8739603;UIC8;87396036
TN8739603;WIKIDATA;Q3096784
TN8739604;OSM;3486353295
TN8739604;SNCF;StopArea:OCE87396044
TN8739604;SNCF;StopPoint:OCETrain TER-87396044
TN8739604;UIC;8739604
TN8739604;UIC8;87396044
TN8739604;WIKIDATA;Q3097066
TN8739605;OSM;14142635050
TN8739605;SNCF;StopArea:OCE87396051
TN8739605;SNCF;StopPoint:OCETrain TER-87396051
TN8739605;UIC;8739605
TN8739605;UIC8;87396051
TN8739607;OSM;11025735310
TN8739607;SNCF;StopArea:OCE87396077
TN8739607;SNCF;StopPoint:OCETrain TER-87396077
TN8739607;UIC;8739607
TN8739607;UIC8;87396077
TN8739607;WIKIDATA;Q3098027
TN8739609;OSM;1935425733
TN8739609;SNCF;StopArea:OCE87396093
TN8739609;SNCF;StopPoint:OCETrain TER-87396093
TN8739609;UIC;8739609
TN8739609;UIC8;87396093
TN8739609;WIKIDATA;Q3096791
TN8739620;OSM;4224368144
TN8739620;SNCF;StopArea:OCE87396200
TN8739620;SNCF;StopPoint:OCECar TER-87396200
TN8739620;SNCF;StopPoint:OCETrain TER-87396200
TN8739620;UIC;8739620
TN8739620;UIC8;87396200
TN8739620;WIKIDATA;Q3096379
TN8739621;OSM;1720987532
TN8739621;SNCF;StopArea:OCE87396218
TN8739621;SNCF;StopPoint:OCECar TER-87396218
TN8739621;SNCF;StopPoint:OCETrain TER-87396218
TN8739621;UIC;8739621
TN8739621;UIC8;87396218
TN8739621;WIKIDATA;Q2610924
TN8739623;OSM;4336905212
TN8739623;SNCF;StopArea:OCE87396234
TN8739623;SNCF;StopPoint:OCECar TER-87396234
TN8739623;SNCF;StopPoint:OCETrain TER-87396234
TN8739623;UIC;8739623
TN8739623;UIC8;87396234
TN8739623;WIKIDATA;Q579466
TN8739627;OSM;4337043080
TN8739627;SNCF;StopArea:OCE87396275
TN8739627;SNCF;StopPoint:OCECar TER-87396275
TN8739627;SNCF;StopPoint:OCETrain TER-87396275
TN8739627;UIC;8739627
TN8739627;UIC8;87396275
TN8739627;WIKIDATA;Q1934692
TN8739628;OSM;3486337798
TN8739628;SNCF;StopArea:OCE87396283
TN8739628;SNCF;StopPoint:OCECar TER-87396283
TN8739628;SNCF;StopPoint:OCETrain TER-87396283
TN8739628;UIC;8739628
TN8739628;UIC8;87396283
TN8739628;WIKIDATA;Q2797166
TN8739629;OSM;4220110114
TN8739629;SNCF;StopArea:OCE87396291
TN8739629;SNCF;StopPoint:OCECar TER-87396291
TN8739629;SNCF;StopPoint:OCETrain TER-87396291
TN8739629;UIC;8739629
TN8739629;UIC8;87396291
TN8739629;WIKIDATA;Q2789698
TN8739630;OSM;4217319781
TN8739630;SNCF;StopArea:OCE87396309
TN8739630;SNCF;StopPoint:OCECar TER-87396309
TN8739630;SNCF;StopPoint:OCETrain TER-87396309
TN8739630;UIC;8739630
TN8739630;UIC8;87396309
TN8739630;WIKIDATA;Q2747705
TN8739631;OSM;9819196164
TN8739631;SNCF;StopArea:OCE87396317
TN8739631;SNCF;StopPoint:OCECar TER-87396317
TN8739631;SNCF;StopPoint:OCETrain TER-87396317
TN8739631;UIC;8739631
TN8739631;UIC8;87396317
TN8739631;WIKIDATA;Q2346854
TN8739632;OSM;4216222898
TN8739632;SNCF;StopArea:OCE87396325
TN8739632;SNCF;StopPoint:OCECar TER-87396325
TN8739632;SNCF;StopPoint:OCETrain TER-87396325
TN8739632;UIC;8739632
TN8739632;UIC8;87396325
TN8739632;WIKIDATA;Q2468105
TN8739633;OSM;1935227788
TN8739633;SNCF;StopArea:OCE87396333
TN8739633;SNCF;StopPoint:OCECar TER-87396333
TN8739633;SNCF;StopPoint:OCETrain TER-87396333
TN8739633;UIC;8739633
TN8739633;UIC8;87396333
TN8739633;WIKIDATA;Q2453056
TN8739635;OSM;206134843
TN8739635;SNCF;StopArea:OCE87396358
TN8739635;SNCF;StopPoint:OCETrain TER-87396358
TN8739635;UIC;8739635
TN8739635;UIC8;87396358
TN8739635;WIKIDATA;Q3098033
TN8739636;OSM;2009352116
TN8739636;SNCF;StopArea:OCE87396366
TN8739636;SNCF;StopPoint:OCETrain TER-87396366
TN8739636;UIC;8739636
TN8739636;UIC8;87396366
TN8739636;WIKIDATA;Q3096812
TN8739637;OSM;1437113213
TN8739637;SNCF;StopArea:OCE87396374
TN8739637;SNCF;StopPoint:OCETrain TER-87396374
TN8739637;UIC;8739637
TN8739637;UIC8;87396374
TN8739637;WIKIDATA;Q3097229
TN8739640;OSM;7947787377
TN8739640;SNCF;StopArea:OCE87396408
TN8739640;SNCF;StopPoint:OCETGV INOUI-87396408
TN8739640;SNCF;StopPoint:OCETrain TER-87396408
TN8739640;UIC;8739640
TN8739640;UIC8;87396408
TN8739640;WIKIDATA;Q1928274
TN8739654;OSM;4290854853
TN8739654;SNCF;StopArea:OCE87396549
TN8739654;SNCF;StopPoint:OCECar TER-87396549
TN8739654;SNCF;StopPoint:OCETrain TER-87396549
TN8739654;UIC;8739654
TN8739654;UIC8;87396549
TN8739654;WIKIDATA;Q3095667
TN8739655;OSM;3486338299
TN8739655;SNCF;StopArea:OCE87396556
TN8739655;SNCF;StopPoint:OCECar TER-87396556
TN8739655;SNCF;StopPoint:OCETrain TER-87396556
TN8739655;UIC;8739655
TN8739655;UIC8;87396556
TN8739655;WIKIDATA;Q3096830
TN8739656;OSM;269444864
TN8739656;SNCF;StopArea:OCE87396564
TN8739656;SNCF;StopPoint:OCECar TER-87396564
TN8739656;SNCF;StopPoint:OCETrain TER-87396564
TN8739656;UIC;8739656
TN8739656;UIC8;87396564
TN8739656;WIKIDATA;Q3095866
TN8739657;OSM;1252235078
TN8739657;SNCF;StopArea:OCE87396572
TN8739657;SNCF;StopPoint:OCECar TER-87396572
TN8739657;SNCF;StopPoint:OCETrain TER-87396572
TN8739657;UIC;8739657
TN8739657;UIC8;87396572
TN8739657;WIKIDATA;Q3095688
TN8739658;OSM;4330810265
TN8739658;SNCF;StopArea:OCE87396580
TN8739658;SNCF;StopPoint:OCECar TER-87396580
TN8739658;SNCF;StopPoint:OCETrain TER-87396580
TN8739658;UIC;8739658
TN8739658;UIC8;87396580
TN8739658;WIKIDATA;Q3097004
TN8739659;OSM;10982114735
TN8739659;SNCF;StopArea:OCE87396598
TN8739659;SNCF;StopPoint:OCECar TER-87396598
TN8739659;SNCF;StopPoint:OCETrain TER-87396598
TN8739659;UIC;8739659
TN8739659;UIC8;87396598
TN8739659;WIKIDATA;Q3097913
TN8739660;OSM;3486338295
TN8739660;SNCF;StopArea:OCE87396606
TN8739660;SNCF;StopPoint:OCECar TER-87396606
TN8739660;SNCF;StopPoint:OCETrain TER-87396606
TN8739660;UIC;8739660
TN8739660;UIC8;87396606
TN8739660;WIKIDATA;Q3096232
TN8739689;OSM;3527310689
TN8739689;SNCF;StopArea:OCE87396895
TN8739689;SNCF;StopPoint:OCETrain TER-87396895
TN8739689;UIC;8739689
TN8739689;UIC8;87396895
TN8739689;WIKIDATA;Q2189379
TN8740098;OSM;10137310136
TN8740098;SNCF;StopArea:OCE87400986
TN8740098;SNCF;StopPoint:OCECar TER-87400986
TN8740098;SNCF;StopPoint:OCETrain TER-87400986
TN8740098;UIC;8740098
TN8740098;UIC8;87400986
TN8740098;WIKIDATA;Q3096953
TN8740132;OSM;29805512
TN8740132;SNCF;StopArea:OCE87401323
TN8740132;SNCF;StopPoint:OCETrain TER-87401323
TN8740132;UIC;8740132
TN8740132;UIC8;87401323
TN8740132;WIKIDATA;Q3097118
TN8740229;OSM;9200872125
TN8740229;SNCF;StopArea:OCE87402297
TN8740229;SNCF;StopPoint:OCECar TER-87402297
TN8740229;SNCF;StopPoint:OCETrain TER-87402297
TN8740229;UIC;8740229
TN8740229;UIC8;87402297
TN8740229;WIKIDATA;Q2489577
TN8740282;SNCF;StopArea:OCE87402826
TN8740282;SNCF;StopPoint:OCECar TER-87402826
TN8740282;UIC;8740282
TN8740282;UIC8;87402826
TN8740557;SNCF;StopArea:OCE87405571
TN8740557;SNCF;StopPoint:OCECar TER-87405571
TN8740557;UIC;8740557
TN8740557;UIC8;87405571
TN8740571;SNCF;StopArea:OCE87405712
TN8740571;SNCF;StopPoint:OCECar TER-87405712
TN8740571;UIC;8740571
TN8740571;UIC8;87405712
TN8740574;SNCF;StopArea:OCE87405746
TN8740574;SNCF;StopPoint:OCECar TER-87405746
TN8740574;UIC;8740574
TN8740574;UIC8;87405746
TN8740575;SNCF;StopArea:OCE87405753
TN8740575;SNCF;StopPoint:OCECar TER-87405753
TN8740575;UIC;8740575
TN8740575;UIC8;87405753
TN8740599;SNCF;StopArea:OCE87405993
TN8740599;SNCF;StopPoint:OCECar TER-87405993
TN8740599;UIC;8740599
TN8740599;UIC8;87405993
TN8740661;SNCF;StopArea:OCE87406611
TN8740661;SNCF;StopPoint:OCECar TER-87406611
TN8740661;UIC;8740661
TN8740661;UIC8;87406611
TN8740666;SNCF;StopArea:OCE87406660
TN8740666;SNCF;StopPoint:OCECar TER-87406660
TN8740666;UIC;8740666
TN8740666;UIC8;87406660
TN8740667;SNCF;StopArea:OCE87406678
TN8740667;SNCF;StopPoint:OCECar TER-87406678
TN8740667;UIC;8740667
TN8740667;UIC8;87406678
TN8740668;SNCF;StopArea:OCE87406686
TN8740668;SNCF;StopPoint:OCECar TER-87406686
TN8740668;UIC;8740668
TN8740668;UIC8;87406686
TN8740669;SNCF;StopArea:OCE87406694
TN8740669;SNCF;StopPoint:OCECar TER-87406694
TN8740669;UIC;8740669
TN8740669;UIC8;87406694
TN8740670;SNCF;StopArea:OCE87406702
TN8740670;SNCF;StopPoint:OCECar TER-87406702
TN8740670;UIC;8740670
TN8740670;UIC8;87406702
TN8740671;SNCF;StopArea:OCE87406710
TN8740671;SNCF;StopPoint:OCECar TER-87406710
TN8740671;UIC;8740671
TN8740671;UIC8;87406710
TN8740672;SNCF;StopArea:OCE87406728
TN8740672;SNCF;StopPoint:OCECar TER-87406728
TN8740672;UIC;8740672
TN8740672;UIC8;87406728
TN8740673;SNCF;StopArea:OCE87406736
TN8740673;SNCF;StopPoint:OCECar TER-87406736
TN8740673;UIC;8740673
TN8740673;UIC8;87406736
TN8740674;SNCF;StopArea:OCE87406744
TN8740674;SNCF;StopPoint:OCECar TER-87406744
TN8740674;UIC;8740674
TN8740674;UIC8;87406744
TN8740675;SNCF;StopArea:OCE87406751
TN8740675;SNCF;StopPoint:OCECar TER-87406751
TN8740675;UIC;8740675
TN8740675;UIC8;87406751
TN8740676;SNCF;StopArea:OCE87406769
TN8740676;SNCF;StopPoint:OCECar TER-87406769
TN8740676;UIC;8740676
TN8740676;UIC8;87406769
TN8740677;SNCF;StopArea:OCE87406777
TN8740677;SNCF;StopPoint:OCECar TER-87406777
TN8740677;UIC;8740677
TN8740677;UIC8;87406777
TN8740679;SNCF;StopArea:OCE87406793
TN8740679;SNCF;StopPoint:OCECar TER-87406793
TN8740679;UIC;8740679
TN8740679;UIC8;87406793
TN8740680;SNCF;StopArea:OCE87406801
TN8740680;SNCF;StopPoint:OCECar TER-87406801
TN8740680;UIC;8740680
TN8740680;UIC8;87406801
TN8740681;SNCF;StopArea:OCE87406819
TN8740681;SNCF;StopPoint:OCECar TER-87406819
TN8740681;UIC;8740681
TN8740681;UIC8;87406819
TN8740682;SNCF;StopArea:OCE87406827
TN8740682;SNCF;StopPoint:OCECar TER-87406827
TN8740682;UIC;8740682
TN8740682;UIC8;87406827
TN8740683;SNCF;StopArea:OCE87406835
TN8740683;SNCF;StopPoint:OCECar TER-87406835
TN8740683;UIC;8740683
TN8740683;UIC8;87406835
TN8740684;SNCF;StopArea:OCE87406843
TN8740684;SNCF;StopPoint:OCECar TER-87406843
TN8740684;UIC;8740684
TN8740684;UIC8;87406843
TN8740685;SNCF;StopArea:OCE87406850
TN8740685;SNCF;StopPoint:OCECar TER-87406850
TN8740685;UIC;8740685
TN8740685;UIC8;87406850
TN8740686;SNCF;StopArea:OCE87406868
TN8740686;SNCF;StopPoint:OCECar TER-87406868
TN8740686;UIC;8740686
TN8740686;UIC8;87406868
TN8740688;SNCF;StopArea:OCE87406884
TN8740688;SNCF;StopPoint:OCECar TER-87406884
TN8740688;UIC;8740688
TN8740688;UIC8;87406884
TN8740689;SNCF;StopArea:OCE87406892
TN8740689;SNCF;StopPoint:OCECar TER-87406892
TN8740689;UIC;8740689
TN8740689;UIC8;87406892
TN8740690;SNCF;StopArea:OCE87406900
TN8740690;SNCF;StopPoint:OCECar TER-87406900
TN8740690;UIC;8740690
TN8740690;UIC8;87406900
TN8740691;SNCF;StopArea:OCE87406918
TN8740691;SNCF;StopPoint:OCECar TER-87406918
TN8740691;UIC;8740691
TN8740691;UIC8;87406918
TN8740692;SNCF;StopArea:OCE87406926
TN8740692;SNCF;StopPoint:OCECar TER-87406926
TN8740692;UIC;8740692
TN8740692;UIC8;87406926
TN8740693;SNCF;StopArea:OCE87406934
TN8740693;SNCF;StopPoint:OCECar TER-87406934
TN8740693;UIC;8740693
TN8740693;UIC8;87406934
TN8740695;SNCF;StopArea:OCE87406959
TN8740695;SNCF;StopPoint:OCECar TER-87406959
TN8740695;UIC;8740695
TN8740695;UIC8;87406959
TN8740696;SNCF;StopArea:OCE87406967
TN8740696;SNCF;StopPoint:OCECar TER-87406967
TN8740696;UIC;8740696
TN8740696;UIC8;87406967
TN8740697;SNCF;StopArea:OCE87406975
TN8740697;SNCF;StopPoint:OCECar TER-87406975
TN8740697;UIC;8740697
TN8740697;UIC8;87406975
TN8740698;SNCF;StopArea:OCE87406983
TN8740698;SNCF;StopPoint:OCECar TER-87406983
TN8740698;UIC;8740698
TN8740698;UIC8;87406983
TN8740699;SNCF;StopArea:OCE87406991
TN8740699;SNCF;StopPoint:OCECar TER-87406991
TN8740699;UIC;8740699
TN8740699;UIC8;87406991
TN8740701;SNCF;StopArea:OCE87407015
TN8740701;SNCF;StopPoint:OCECar TER-87407015
TN8740701;UIC;8740701
TN8740701;UIC8;87407015
TN8740703;SNCF;StopArea:OCE87407031
TN8740703;SNCF;StopPoint:OCECar TER-87407031
TN8740703;UIC;8740703
TN8740703;UIC8;87407031
TN8740704;SNCF;StopArea:OCE87407049
TN8740704;SNCF;StopPoint:OCECar TER-87407049
TN8740704;UIC;8740704
TN8740704;UIC8;87407049
TN8740705;SNCF;StopArea:OCE87407056
TN8740705;SNCF;StopPoint:OCECar TER-87407056
TN8740705;UIC;8740705
TN8740705;UIC8;87407056
TN8740706;SNCF;StopArea:OCE87407064
TN8740706;SNCF;StopPoint:OCECar TER-87407064
TN8740706;UIC;8740706
TN8740706;UIC8;87407064
TN8740709;SNCF;StopArea:OCE87407098
TN8740709;SNCF;StopPoint:OCECar TER-87407098
TN8740709;UIC;8740709
TN8740709;UIC8;87407098
TN8740710;SNCF;StopArea:OCE87407106
TN8740710;SNCF;StopPoint:OCECar TER-87407106
TN8740710;UIC;8740710
TN8740710;UIC8;87407106
TN8740711;SNCF;StopArea:OCE87407114
TN8740711;SNCF;StopPoint:OCECar TER-87407114
TN8740711;UIC;8740711
TN8740711;UIC8;87407114
TN8740712;SNCF;StopArea:OCE87407122
TN8740712;SNCF;StopPoint:OCECar TER-87407122
TN8740712;UIC;8740712
TN8740712;UIC8;87407122
TN8740713;SNCF;StopArea:OCE87407130
TN8740713;SNCF;StopPoint:OCECar TER-87407130
TN8740713;UIC;8740713
TN8740713;UIC8;87407130
TN8740714;SNCF;StopArea:OCE87407148
TN8740714;SNCF;StopPoint:OCECar TER-87407148
TN8740714;UIC;8740714
TN8740714;UIC8;87407148
TN8740715;SNCF;StopArea:OCE87407155
TN8740715;SNCF;StopPoint:OCECar TER-87407155
TN8740715;UIC;8740715
TN8740715;UIC8;87407155
TN8740717;SNCF;StopArea:OCE87407171
TN8740717;SNCF;StopPoint:OCECar TER-87407171
TN8740717;UIC;8740717
TN8740717;UIC8;87407171
TN8740718;SNCF;StopArea:OCE87407189
TN8740718;SNCF;StopPoint:OCECar TER-87407189
TN8740718;UIC;8740718
TN8740718;UIC8;87407189
TN8740724;SNCF;StopArea:OCE87407247
TN8740724;SNCF;StopPoint:OCECar TER-87407247
TN8740724;UIC;8740724
TN8740724;UIC8;87407247
TN8740726;SNCF;StopArea:OCE87407262
TN8740726;SNCF;StopPoint:OCECar TER-87407262
TN8740726;UIC;8740726
TN8740726;UIC8;87407262
TN8740727;SNCF;StopArea:OCE87407270
TN8740727;SNCF;StopPoint:OCECar TER-87407270
TN8740727;UIC;8740727
TN8740727;UIC8;87407270
TN8740729;SNCF;StopArea:OCE87407296
TN8740729;SNCF;StopPoint:OCECar TER-87407296
TN8740729;UIC;8740729
TN8740729;UIC8;87407296
TN8740732;SNCF;StopArea:OCE87407320
TN8740732;SNCF;StopPoint:OCECar TER-87407320
TN8740732;UIC;8740732
TN8740732;UIC8;87407320
TN8740737;SNCF;StopArea:OCE87407379
TN8740737;SNCF;StopPoint:OCECar TER-87407379
TN8740737;UIC;8740737
TN8740737;UIC8;87407379
TN8740740;SNCF;StopArea:OCE87407403
TN8740740;SNCF;StopPoint:OCECar TER-87407403
TN8740740;UIC;8740740
TN8740740;UIC8;87407403
TN8740750;SNCF;StopArea:OCE87407502
TN8740750;SNCF;StopPoint:OCECar TER-87407502
TN8740750;UIC;8740750
TN8740750;UIC8;87407502
TN8740755;SNCF;StopArea:OCE87407551
TN8740755;SNCF;StopPoint:OCECar TER-87407551
TN8740755;UIC;8740755
TN8740755;UIC8;87407551
TN8740769;SNCF;StopArea:OCE87407692
TN8740769;SNCF;StopPoint:OCECar TER-87407692
TN8740769;UIC;8740769
TN8740769;UIC8;87407692
TN8740772;SNCF;StopArea:OCE87407726
TN8740772;SNCF;StopPoint:OCECar TER-87407726
TN8740772;UIC;8740772
TN8740772;UIC8;87407726
TN8740793;SNCF;StopArea:OCE87407932
TN8740793;SNCF;StopPoint:OCECar TER-87407932
TN8740793;UIC;8740793
TN8740793;UIC8;87407932
TN8740794;SNCF;StopArea:OCE87407940
TN8740794;SNCF;StopPoint:OCECar TER-87407940
TN8740794;UIC;8740794
TN8740794;UIC8;87407940
TN8740798;SNCF;StopArea:OCE87407981
TN8740798;SNCF;StopPoint:OCECar TER-87407981
TN8740798;UIC;8740798
TN8740798;UIC8;87407981
TN8740890;SNCF;StopArea:OCE87408906
TN8740890;SNCF;StopPoint:OCECar TER-87408906
TN8740890;UIC;8740890
TN8740890;UIC8;87408906
TN8740897;SNCF;StopArea:OCE87408971
TN8740897;SNCF;StopPoint:OCECar TER-87408971
TN8740897;UIC;8740897
TN8740897;UIC8;87408971
TN8740941;SNCF;StopArea:OCE87409417
TN8740941;SNCF;StopPoint:OCECar TER-87409417
TN8740941;UIC;8740941
TN8740941;UIC8;87409417
TN8740947;SNCF;StopArea:OCE87409474
TN8740947;SNCF;StopPoint:OCECar TER-87409474
TN8740947;UIC;8740947
TN8740947;UIC8;87409474
TN8740948;SNCF;StopArea:OCE87409482
TN8740948;SNCF;StopPoint:OCECar TER-87409482
TN8740948;UIC;8740948
TN8740948;UIC8;87409482
TN8740949;SNCF;StopArea:OCE87409490
TN8740949;SNCF;StopPoint:OCECar TER-87409490
TN8740949;UIC;8740949
TN8740949;UIC8;87409490
TN8740952;SNCF;StopArea:OCE87409524
TN8740952;SNCF;StopPoint:OCECar TER-87409524
TN8740952;UIC;8740952
TN8740952;UIC8;87409524
TN8740953;SNCF;StopArea:OCE87409532
TN8740953;SNCF;StopPoint:OCECar TER-87409532
TN8740953;UIC;8740953
TN8740953;UIC8;87409532
TN8740969;SNCF;StopArea:OCE87409698
TN8740969;SNCF;StopPoint:OCECar TER-87409698
TN8740969;UIC;8740969
TN8740969;UIC8;87409698
TN8740976;SNCF;StopArea:OCE87409763
TN8740976;SNCF;StopPoint:OCECar TER-87409763
TN8740976;UIC;8740976
TN8740976;UIC8;87409763
TN8740977;SNCF;StopArea:OCE87409771
TN8740977;SNCF;StopPoint:OCECar TER-87409771
TN8740977;UIC;8740977
TN8740977;UIC8;87409771
TN8741101;OSM;2076751841
TN8741101;SNCF;StopArea:OCE87411017
TN8741101;SNCF;StopPoint:OCECar TER-87411017
TN8741101;SNCF;StopPoint:OCETGV INOUI-87411017
TN8741101;SNCF;StopPoint:OCETrain TER-87411017
TN8741101;UIC;8741101
TN8741101;UIC8;87411017
TN8741101;WIKIDATA;Q3088372
TN8741117;OSM;4290854879
TN8741117;SNCF;StopArea:OCE87411173
TN8741117;SNCF;StopPoint:OCETrain TER-87411173
TN8741117;UIC;8741117
TN8741117;UIC8;87411173
TN8741117;WIKIDATA;Q2461569
TN8741118;OSM;5713113150
TN8741118;SNCF;StopArea:OCE87411181
TN8741118;SNCF;StopPoint:OCETrain TER-87411181
TN8741118;UIC;8741118
TN8741118;UIC8;87411181
TN8741118;WIKIDATA;Q2355108
TN8741120;SNCF;StopArea:OCE87411207
TN8741120;SNCF;StopPoint:OCECar TER-87411207
TN8741120;SNCF;StopPoint:OCETrain TER-87411207
TN8741120;UIC;8741120
TN8741120;UIC8;87411207
TN8741121;OSM;256348496
TN8741121;SNCF;StopArea:OCE87411215
TN8741121;SNCF;StopPoint:OCETrain TER-87411215
TN8741121;UIC;8741121
TN8741121;UIC8;87411215
TN8741121;WIKIDATA;Q2581625
TN8741122;OSM;13011586117
TN8741122;SNCF;StopArea:OCE87411223
TN8741122;SNCF;StopPoint:OCETrain TER-87411223
TN8741122;UIC;8741122
TN8741122;UIC8;87411223
TN8741122;WIKIDATA;Q608867
TN8741124;OSM;6269685299
TN8741124;SNCF;StopArea:OCE87411249
TN8741124;SNCF;StopPoint:OCETrain TER-87411249
TN8741124;UIC;8741124
TN8741124;UIC8;87411249
TN8741124;WIKIDATA;Q2409576
TN8741125;OSM;6269685300
TN8741125;SNCF;StopArea:OCE87411256
TN8741125;SNCF;StopPoint:OCETrain TER-87411256
TN8741125;UIC;8741125
TN8741125;UIC8;87411256
TN8741125;WIKIDATA;Q1837461
TN8741126;OSM;6269679528
TN8741126;SNCF;StopArea:OCE87411264
TN8741126;SNCF;StopPoint:OCETrain TER-87411264
TN8741126;UIC;8741126
TN8741126;UIC8;87411264
TN8741126;WIKIDATA;Q3014650
TN8741127;OSM;5699564584
TN8741127;SNCF;StopArea:OCE87411272
TN8741127;SNCF;StopPoint:OCETrain TER-87411272
TN8741127;UIC;8741127
TN8741127;UIC8;87411272
TN8741127;WIKIDATA;Q3097262
TN8741128;OSM;2245282673
TN8741128;SNCF;StopArea:OCE87411280
TN8741128;SNCF;StopPoint:OCETrain TER-87411280
TN8741128;UIC;8741128
TN8741128;UIC8;87411280
TN8741128;WIKIDATA;Q2304270
TN8741143;OSM;3470363893
TN8741143;SNCF;StopArea:OCE87411439
TN8741143;SNCF;StopPoint:OCETrain TER-87411439
TN8741143;UIC;8741143
TN8741143;UIC8;87411439
TN8741143;WIKIDATA;Q3097109
TN8741144;OSM;3470363195
TN8741144;SNCF;StopArea:OCE87411447
TN8741144;SNCF;StopPoint:OCETrain TER-87411447
TN8741144;UIC;8741144
TN8741144;UIC8;87411447
TN8741144;WIKIDATA;Q1870401
TN8741145;OSM;3470363196
TN8741145;SNCF;StopArea:OCE87411454
TN8741145;SNCF;StopPoint:OCETrain TER-87411454
TN8741145;UIC;8741145
TN8741145;UIC8;87411454
TN8741145;WIKIDATA;Q3097103
TN8741146;OSM;360002656
TN8741146;SNCF;StopArea:OCE87411462
TN8741146;SNCF;StopPoint:OCETrain TER-87411462
TN8741146;UIC;8741146
TN8741146;UIC8;87411462
TN8741146;WIKIDATA;Q2347809
TN8741147;OSM;928289051
TN8741147;SNCF;StopArea:OCE87411470
TN8741147;SNCF;StopPoint:OCETrain TER-87411470
TN8741147;UIC;8741147
TN8741147;UIC8;87411470
TN8741147;WIKIDATA;Q2608959
TN8741180;OSM;2181820157
TN8741180;SNCF;StopArea:OCE87411801
TN8741180;SNCF;StopPoint:OCETrain TER-87411801
TN8741180;UIC;8741180
TN8741180;UIC8;87411801
TN8741180;WIKIDATA;Q2166681
TN8741181;OSM;2150318128
TN8741181;SNCF;StopArea:OCE87411819
TN8741181;SNCF;StopPoint:OCETrain TER-87411819
TN8741181;UIC;8741181
TN8741181;UIC8;87411819
TN8741181;WIKIDATA;Q3096260
TN8741301;OSM;847701543
TN8741301;SNCF;StopArea:OCE87413013
TN8741301;SNCF;StopPoint:OCECar TER-87413013
TN8741301;SNCF;StopPoint:OCETGV INOUI-87413013
TN8741301;SNCF;StopPoint:OCETrain TER-87413013
TN8741301;UIC;8741301
TN8741301;UIC8;87413013
TN8741301;WIKIDATA;Q3098218
TN8741330;OSM;13006299716
TN8741330;SNCF;StopArea:OCE87413302
TN8741330;SNCF;StopPoint:OCETrain TER-87413302
TN8741330;UIC;8741330
TN8741330;UIC8;87413302
TN8741331;OSM;6269679532
TN8741331;SNCF;StopArea:OCE87413310
TN8741331;SNCF;StopPoint:OCETrain TER-87413310
TN8741331;UIC;8741331
TN8741331;UIC8;87413310
TN8741331;WIKIDATA;Q24425
TN8741332;OSM;6269679531
TN8741332;SNCF;StopArea:OCE87413328
TN8741332;SNCF;StopPoint:OCETrain TER-87413328
TN8741332;UIC;8741332
TN8741332;UIC8;87413328
TN8741332;WIKIDATA;Q1870462
TN8741334;OSM;6269679529
TN8741334;SNCF;StopArea:OCE87413344
TN8741334;SNCF;StopPoint:OCECar TER-87413344
TN8741334;SNCF;StopPoint:OCETrain TER-87413344
TN8741334;UIC;8741334
TN8741334;UIC8;87413344
TN8741334;WIKIDATA;Q2117435
TN8741337;OSM;6269748759
TN8741337;SNCF;StopArea:OCE87413377
TN8741337;SNCF;StopPoint:OCETrain TER-87413377
TN8741337;UIC;8741337
TN8741337;UIC8;87413377
TN8741337;WIKIDATA;Q3096464
TN8741338;SNCF;StopArea:OCE87413385
TN8741338;SNCF;StopPoint:OCETrain TER-87413385
TN8741338;UIC;8741338
TN8741338;UIC8;87413385
TN8741354;OSM;9167071356
TN8741354;SNCF;StopArea:OCE87413542
TN8741354;SNCF;StopPoint:OCECar TER-87413542
TN8741354;SNCF;StopPoint:OCETrain TER-87413542
TN8741354;UIC;8741354
TN8741354;UIC8;87413542
TN8741354;WIKIDATA;Q2402132
TN8741501;OSM;13325173629
TN8741501;SNCF;StopArea:OCE87415018
TN8741501;SNCF;StopPoint:OCETrain TER-87415018
TN8741501;UIC;8741501
TN8741501;UIC8;87415018
TN8741501;WIKIDATA;Q962179
TN8741512;OSM;3470363595
TN8741512;SNCF;StopArea:OCE87415125
TN8741512;SNCF;StopPoint:OCETrain TER-87415125
TN8741512;UIC;8741512
TN8741512;UIC8;87415125
TN8741512;WIKIDATA;Q2325583
TN8741514;OSM;1157885153
TN8741514;SNCF;StopArea:OCE87415141
TN8741514;SNCF;StopPoint:OCETrain TER-87415141
TN8741514;UIC;8741514
TN8741514;UIC8;87415141
TN8741514;WIKIDATA;Q3022757
TN8741515;OSM;8347172274
TN8741515;SNCF;StopArea:OCE87415158
TN8741515;SNCF;StopPoint:OCETrain TER-87415158
TN8741515;UIC;8741515
TN8741515;UIC8;87415158
TN8741515;WIKIDATA;Q2383414
TN8741516;OSM;256322724
TN8741516;SNCF;StopArea:OCE87415166
TN8741516;SNCF;StopPoint:OCETrain TER-87415166
TN8741516;UIC;8741516
TN8741516;UIC8;87415166
TN8741516;WIKIDATA;Q2535233
TN8741532;OSM;942520159
TN8741532;SNCF;StopArea:OCE87415323
TN8741532;SNCF;StopPoint:OCETrain TER-87415323
TN8741532;UIC;8741532
TN8741532;UIC8;87415323
TN8741532;WIKIDATA;Q3096041
TN8741536;OSM;4085385479
TN8741536;SNCF;StopArea:OCE87415364
TN8741536;SNCF;StopPoint:OCETrain TER-87415364
TN8741536;UIC;8741536
TN8741536;UIC8;87415364
TN8741536;WIKIDATA;Q3096074
TN8741560;OSM;5398421838
TN8741560;SNCF;StopArea:OCE87415604
TN8741560;SNCF;StopPoint:OCECar TER-87415604
TN8741560;SNCF;StopPoint:OCETrain TER-87415604
TN8741560;UIC;8741560
TN8741560;UIC8;87415604
TN8741560;WIKIDATA;Q2288767
TN8741562;SNCF;StopArea:OCE87415620
TN8741562;SNCF;StopPoint:OCECar TER-87415620
TN8741562;SNCF;StopPoint:OCETrain TER-87415620
TN8741562;UIC;8741562
TN8741562;UIC8;87415620
TN8741566;OSM;3470363894
TN8741566;SNCF;StopArea:OCE87415661
TN8741566;SNCF;StopPoint:OCETrain TER-87415661
TN8741566;UIC;8741566
TN8741566;UIC8;87415661
TN8741566;WIKIDATA;Q2504721
TN8741587;OSM;325181803
TN8741587;SNCF;StopArea:OCE87415877
TN8741587;SNCF;StopPoint:OCECar TER-87415877
TN8741587;SNCF;StopPoint:OCETrain TER-87415877
TN8741587;UIC;8741587
TN8741587;UIC8;87415877
TN8741587;WIKIDATA;Q321927
TN8741588;OSM;706197595
TN8741588;SNCF;StopArea:OCE87415885
TN8741588;SNCF;StopPoint:OCETrain TER-87415885
TN8741588;UIC;8741588
TN8741588;UIC8;87415885
TN8741588;WIKIDATA;Q946610
TN8741589;OSM;537989902
TN8741589;SNCF;StopArea:OCE87415893
TN8741589;SNCF;StopPoint:OCETrain TER-87415893
TN8741589;UIC;8741589
TN8741589;UIC8;87415893
TN8741589;WIKIDATA;Q1826419
TN8741744;OSM;10232492245
TN8741744;SNCF;StopArea:OCE87417444
TN8741744;SNCF;StopPoint:OCETrain TER-87417444
TN8741744;UIC;8741744
TN8741744;UIC8;87417444
TN8741744;WIKIDATA;Q3096474
TN8741750;OSM;11197276409
TN8741750;SNCF;StopArea:OCE87417501
TN8741750;SNCF;StopPoint:OCECar TER-87417501
TN8741750;SNCF;StopPoint:OCETrain TER-87417501
TN8741750;UIC;8741750
TN8741750;UIC8;87417501
TN8741750;WIKIDATA;Q13580954
TN8741780;SNCF;StopArea:OCE87417808
TN8741780;SNCF;StopPoint:OCECar TER-87417808
TN8741780;UIC;8741780
TN8741780;UIC8;87417808
TN8741784;SNCF;StopArea:OCE87417840
TN8741784;SNCF;StopPoint:OCECar TER-87417840
TN8741784;UIC;8741784
TN8741784;UIC8;87417840
TN8741786;SNCF;StopArea:OCE87417865
TN8741786;SNCF;StopPoint:OCECar TER-87417865
TN8741786;UIC;8741786
TN8741786;UIC8;87417865
TN8741788;SNCF;StopArea:OCE87417881
TN8741788;SNCF;StopPoint:OCECar TER-87417881
TN8741788;UIC;8741788
TN8741788;UIC8;87417881
TN8741790;SNCF;StopArea:OCE87417907
TN8741790;SNCF;StopPoint:OCECar TER-87417907
TN8741790;UIC;8741790
TN8741790;UIC8;87417907
TN8742083;SNCF;StopArea:OCE87420836
TN8742083;SNCF;StopPoint:OCECar TER-87420836
TN8742083;UIC;8742083
TN8742083;UIC8;87420836
TN8742739;SNCF;StopArea:OCE87427393
TN8742739;SNCF;StopPoint:OCECar TER-87427393
TN8742739;UIC;8742739
TN8742739;UIC8;87427393
TN8742976;SNCF;StopArea:OCE87429761
TN8742976;SNCF;StopPoint:OCECar TER-87429761
TN8742976;UIC;8742976
TN8742976;UIC8;87429761
TN8743078;SNCF;StopArea:OCE87430785
TN8743078;SNCF;StopPoint:OCECar TER-87430785
TN8743078;UIC;8743078
TN8743078;UIC8;87430785
TN8743779;OSM;467359367
TN8743779;SNCF;StopArea:OCE87437798
TN8743779;SNCF;StopPoint:OCECar TER-87437798
TN8743779;SNCF;StopPoint:OCETrain TER-87437798
TN8743779;UIC;8743779
TN8743779;UIC8;87437798
TN8743779;WIKIDATA;Q2458976
TN8743780;OSM;9874980553
TN8743780;SNCF;StopArea:OCE87437806
TN8743780;SNCF;StopPoint:OCECar TER-87437806
TN8743780;SNCF;StopPoint:OCETrain TER-87437806
TN8743780;UIC;8743780
TN8743780;UIC8;87437806
TN8743780;WIKIDATA;Q2743854
TN8743955;OSM;10782525261
TN8743955;SNCF;StopArea:OCE87439554
TN8743955;SNCF;StopPoint:OCECar TER-87439554
TN8743955;SNCF;StopPoint:OCETrain TER-87439554
TN8743955;UIC;8743955
TN8743955;UIC8;87439554
TN8743955;WIKIDATA;Q2462992
TN8744001;SNCF;StopArea:OCE87440016
TN8744001;SNCF;StopPoint:OCECar TER-87440016
TN8744001;UIC;8744001
TN8744001;UIC8;87440016
TN8744244;SNCF;StopArea:OCE87442442
TN8744244;SNCF;StopPoint:OCECar TER-87442442
TN8744244;UIC;8744244
TN8744244;UIC8;87442442
TN8744400;OSM;5598384401
TN8744400;SNCF;StopArea:OCE87444000
TN8744400;SNCF;StopPoint:OCECar TER-87444000
TN8744400;SNCF;StopPoint:OCETrain TER-87444000
TN8744400;UIC;8744400
TN8744400;UIC8;87444000
TN8744400;WIKIDATA;Q3096112
TN8744404;OSM;2015018013
TN8744404;SNCF;StopArea:OCE87444042
TN8744404;SNCF;StopPoint:OCETrain TER-87444042
TN8744404;UIC;8744404
TN8744404;UIC8;87444042
TN8744404;WIKIDATA;Q3096062
TN8744405;OSM;3467066693
TN8744405;SNCF;StopArea:OCE87444059
TN8744405;SNCF;StopPoint:OCETrain TER-87444059
TN8744405;UIC;8744405
TN8744405;UIC8;87444059
TN8744405;WIKIDATA;Q2353104
TN8744406;OSM;5598395305
TN8744406;SNCF;StopArea:OCE87444067
TN8744406;SNCF;StopPoint:OCETrain TER-87444067
TN8744406;UIC;8744406
TN8744406;UIC8;87444067
TN8744406;WIKIDATA;Q2189086
TN8744408;OSM;4966009012
TN8744408;SNCF;StopArea:OCE87444083
TN8744408;SNCF;StopPoint:OCETrain TER-87444083
TN8744408;UIC;8744408
TN8744408;UIC8;87444083
TN8744408;WIKIDATA;Q3098213
TN8744418;OSM;3467074093
TN8744418;SNCF;StopArea:OCE87444182
TN8744418;SNCF;StopPoint:OCETrain TER-87444182
TN8744418;UIC;8744418
TN8744418;UIC8;87444182
TN8744418;WIKIDATA;Q2739456
TN8744419;OSM;3467078193
TN8744419;SNCF;StopArea:OCE87444190
TN8744419;SNCF;StopPoint:OCETrain TER-87444190
TN8744419;UIC;8744419
TN8744419;UIC8;87444190
TN8744419;WIKIDATA;Q2662313
TN8744420;OSM;11135900285
TN8744420;SNCF;StopArea:OCE87444208
TN8744420;SNCF;StopPoint:OCETrain TER-87444208
TN8744420;UIC;8744420
TN8744420;UIC8;87444208
TN8744420;WIKIDATA;Q2431537
TN8744421;OSM;3467079293
TN8744421;SNCF;StopArea:OCE87444216
TN8744421;SNCF;StopPoint:OCETrain TER-87444216
TN8744421;UIC;8744421
TN8744421;UIC8;87444216
TN8744421;WIKIDATA;Q3097601
TN8744426;OSM;5310242686
TN8744426;SNCF;StopArea:OCE87444265
TN8744426;SNCF;StopPoint:OCECar TER-87444265
TN8744426;SNCF;StopPoint:OCETrain TER-87444265
TN8744426;UIC;8744426
TN8744426;UIC8;87444265
TN8744426;WIKIDATA;Q927533
TN8744429;OSM;10068108301
TN8744429;SNCF;StopArea:OCE87444299
TN8744429;SNCF;StopPoint:OCETrain TER-87444299
TN8744429;UIC;8744429
TN8744429;UIC8;87444299
TN8744429;WIKIDATA;Q2342378
TN8744431;OSM;4562308245
TN8744431;SNCF;StopArea:OCE87444315
TN8744431;SNCF;StopPoint:OCETrain TER-87444315
TN8744431;UIC;8744431
TN8744431;UIC8;87444315
TN8744431;WIKIDATA;Q2263441
TN8744432;OSM;10745389120
TN8744432;SNCF;StopArea:OCE87444323
TN8744432;SNCF;StopPoint:OCETrain TER-87444323
TN8744432;UIC;8744432
TN8744432;UIC8;87444323
TN8744432;WIKIDATA;Q770591
TN8744434;SNCF;StopArea:OCE87444349
TN8744434;SNCF;StopPoint:OCECar TER-87444349
TN8744434;SNCF;StopPoint:OCETrain TER-87444349
TN8744434;UIC;8744434
TN8744434;UIC8;87444349
TN8744437;OSM;5586374035
TN8744437;SNCF;StopArea:OCE87444372
TN8744437;SNCF;StopPoint:OCECar TER-87444372
TN8744437;SNCF;StopPoint:OCETrain TER-87444372
TN8744437;UIC;8744437
TN8744437;UIC8;87444372
TN8744437;WIKIDATA;Q2192230
TN8744453;OSM;13239075826
TN8744453;SNCF;StopArea:OCE87444539
TN8744453;SNCF;StopPoint:OCECar TER-87444539
TN8744453;SNCF;StopPoint:OCETrain TER-87444539
TN8744453;UIC;8744453
TN8744453;UIC8;87444539
TN8744453;WIKIDATA;Q3095666
TN8744456;OSM;2351574817
TN8744456;SNCF;StopArea:OCE87444562
TN8744456;SNCF;StopPoint:OCECar TER-87444562
TN8744456;SNCF;StopPoint:OCETrain TER-87444562
TN8744456;UIC;8744456
TN8744456;UIC8;87444562
TN8744456;WIKIDATA;Q3097805
TN8744460;OSM;2501389646
TN8744460;SNCF;StopArea:OCE87444604
TN8744460;SNCF;StopPoint:OCETrain TER-87444604
TN8744460;UIC;8744460
TN8744460;UIC8;87444604
TN8744460;WIKIDATA;Q2340022
TN8744463;OSM;2351574804
TN8744463;SNCF;StopArea:OCE87444638
TN8744463;SNCF;StopPoint:OCETrain TER-87444638
TN8744463;UIC;8744463
TN8744463;UIC8;87444638
TN8744463;WIKIDATA;Q3096721
TN8744469;OSM;8862658245
TN8744469;SNCF;StopArea:OCE87444695
TN8744469;SNCF;StopPoint:OCECar TER-87444695
TN8744469;SNCF;StopPoint:OCETrain TER-87444695
TN8744469;UIC;8744469
TN8744469;UIC8;87444695
TN8744469;WIKIDATA;Q2250897
TN8744471;OSM;3467086693
TN8744471;SNCF;StopArea:OCE87444711
TN8744471;SNCF;StopPoint:OCECar TER-87444711
TN8744471;SNCF;StopPoint:OCETrain TER-87444711
TN8744471;UIC;8744471
TN8744471;UIC8;87444711
TN8744471;WIKIDATA;Q2390674
TN8744487;SNCF;StopArea:OCE87444877
TN8744487;SNCF;StopPoint:OCETrain TER-87444877
TN8744487;UIC;8744487
TN8744487;UIC8;87444877
TN8744617;SNCF;StopArea:OCE87446179
TN8744617;SNCF;StopPoint:OCETrain TER-87446179
TN8744617;UIC;8744617
TN8744617;UIC8;87446179
TN8744700;SNCF;StopArea:OCE87447003
TN8744700;SNCF;StopPoint:OCECar TER-87447003
TN8744700;SNCF;StopPoint:OCETrain TER-87447003
TN8744700;UIC;8744700
TN8744700;UIC8;87447003
TN8744711;OSM;8862955466
TN8744711;SNCF;StopArea:OCE87447110
TN8744711;SNCF;StopPoint:OCECar TER-87447110
TN8744711;SNCF;StopPoint:OCETrain TER-87447110
TN8744711;UIC;8744711
TN8744711;UIC8;87447110
TN8744711;WIKIDATA;Q3096316
TN8744721;OSM;8862955467
TN8744721;SNCF;StopArea:OCE87447219
TN8744721;SNCF;StopPoint:OCECar TER-87447219
TN8744721;SNCF;StopPoint:OCETrain TER-87447219
TN8744721;UIC;8744721
TN8744721;UIC8;87447219
TN8744721;WIKIDATA;Q3096895
TN8744724;SNCF;StopArea:OCE87447243
TN8744724;SNCF;StopPoint:OCETrain TER-87447243
TN8744724;UIC;8744724
TN8744724;UIC8;87447243
TN8744728;SNCF;StopArea:OCE87447284
TN8744728;SNCF;StopPoint:OCETrain TER-87447284
TN8744728;UIC;8744728
TN8744728;UIC8;87447284
TN8744764;OSM;12107173238
TN8744764;SNCF;StopArea:OCE87447649
TN8744764;SNCF;StopPoint:OCETrain TER-87447649
TN8744764;UIC;8744764
TN8744764;UIC8;87447649
TN8744764;WIKIDATA;Q605114
TN8744768;OSM;13236290404
TN8744768;SNCF;StopArea:OCE87447680
TN8744768;SNCF;StopPoint:OCECar TER-87447680
TN8744768;SNCF;StopPoint:OCETrain TER-87447680
TN8744768;UIC;8744768
TN8744768;UIC8;87447680
TN8744768;WIKIDATA;Q2485783
TN8744769;OSM;13270982143
TN8744769;SNCF;StopArea:OCE87447698
TN8744769;SNCF;StopPoint:OCECar TER-87447698
TN8744769;SNCF;StopPoint:OCETrain TER-87447698
TN8744769;UIC;8744769
TN8744769;UIC8;87447698
TN8744769;WIKIDATA;Q736869
TN8744800;OSM;13271119899
TN8744800;SNCF;StopArea:OCE87448001
TN8744800;SNCF;StopPoint:OCETrain TER-87448001
TN8744800;UIC;8744800
TN8744800;UIC8;87448001
TN8744800;WIKIDATA;Q967312
TN8744808;OSM;13271862611
TN8744808;SNCF;StopArea:OCE87448084
TN8744808;SNCF;StopPoint:OCETrain TER-87448084
TN8744808;UIC;8744808
TN8744808;UIC8;87448084
TN8744808;WIKIDATA;Q1811170
TN8744815;OSM;5307181730
TN8744815;SNCF;StopArea:OCE87448159
TN8744815;SNCF;StopPoint:OCETrain TER-87448159
TN8744815;UIC;8744815
TN8744815;UIC8;87448159
TN8744815;WIKIDATA;Q1997656
TN8744851;OSM;11142343440
TN8744851;SNCF;StopArea:OCE87448514
TN8744851;SNCF;StopPoint:OCECar TER-87448514
TN8744851;SNCF;StopPoint:OCETrain TER-87448514
TN8744851;UIC;8744851
TN8744851;UIC8;87448514
TN8744851;WIKIDATA;Q2709420
TN8744918;SNCF;StopArea:OCE87449181
TN8744918;SNCF;StopPoint:OCECar TER-87449181
TN8744918;UIC;8744918
TN8744918;UIC8;87449181
TN8745006;SNCF;StopArea:OCE87450064
TN8745006;SNCF;StopPoint:OCECar TER-87450064
TN8745006;UIC;8745006
TN8745006;UIC8;87450064
TN8745087;SNCF;StopArea:OCE87450874
TN8745087;SNCF;StopPoint:OCECar TER-87450874
TN8745087;UIC;8745087
TN8745087;UIC8;87450874
TN8745365;SNCF;StopArea:OCE87453654
TN8745365;SNCF;StopPoint:OCECar TER-87453654
TN8745365;UIC;8745365
TN8745365;UIC8;87453654
TN8745367;SNCF;StopArea:OCE87453670
TN8745367;SNCF;StopPoint:OCECar TER-87453670
TN8745367;UIC;8745367
TN8745367;UIC8;87453670
TN8745500;SNCF;StopArea:OCE87455006
TN8745500;SNCF;StopPoint:OCECar TER-87455006
TN8745500;UIC;8745500
TN8745500;UIC8;87455006
TN8745881;SNCF;StopArea:OCE87458810
TN8745881;SNCF;StopPoint:OCECar TER-87458810
TN8745881;UIC;8745881
TN8745881;UIC8;87458810
TN8745882;SNCF;StopArea:OCE87458828
TN8745882;SNCF;StopPoint:OCECar TER-87458828
TN8745882;UIC;8745882
TN8745882;UIC8;87458828
TN8745883;SNCF;StopArea:OCE87458836
TN8745883;SNCF;StopPoint:OCECar TER-87458836
TN8745883;UIC;8745883
TN8745883;UIC8;87458836
TN8745886;SNCF;StopArea:OCE87458869
TN8745886;SNCF;StopPoint:OCECar TER-87458869
TN8745886;UIC;8745886
TN8745886;UIC8;87458869
TN8746208;OSM;250865758
TN8746208;SNCF;StopArea:OCE87462085
TN8746208;SNCF;StopPoint:OCETrain TER-87462085
TN8746208;UIC;8746208
TN8746208;UIC8;87462085
TN8746208;WIKIDATA;Q2667134
TN8746239;SNCF;StopArea:OCE87462390
TN8746239;SNCF;StopPoint:OCECar TER-87462390
TN8746239;UIC;8746239
TN8746239;UIC8;87462390
TN8746279;SNCF;StopArea:OCE87462796
TN8746279;SNCF;StopPoint:OCECar TER-87462796
TN8746279;UIC;8746279
TN8746279;UIC8;87462796
TN8746281;SNCF;StopArea:OCE87462812
TN8746281;SNCF;StopPoint:OCECar TER-87462812
TN8746281;UIC;8746281
TN8746281;UIC8;87462812
TN8746282;SNCF;StopArea:OCE87462820
TN8746282;SNCF;StopPoint:OCECar TER-87462820
TN8746282;UIC;8746282
TN8746282;UIC8;87462820
TN8746296;SNCF;StopArea:OCE87462960
TN8746296;SNCF;StopPoint:OCECar TER-87462960
TN8746296;UIC;8746296
TN8746296;UIC8;87462960
TN8746308;SNCF;StopArea:OCE87463083
TN8746308;SNCF;StopPoint:OCECar TER-87463083
TN8746308;UIC;8746308
TN8746308;UIC8;87463083
TN8746312;SNCF;StopArea:OCE87463125
TN8746312;SNCF;StopPoint:OCECar TER-87463125
TN8746312;UIC;8746312
TN8746312;UIC8;87463125
TN8747100;OSM;4250849558
TN8747100;SNCF;StopArea:OCE87471003
TN8747100;SNCF;StopPoint:OCECar TER-87471003
TN8747100;SNCF;StopPoint:OCECar à réservation-87471003
TN8747100;SNCF;StopPoint:OCEOUIGO-87471003
TN8747100;SNCF;StopPoint:OCETGV INOUI-87471003
TN8747100;SNCF;StopPoint:OCETrain TER-87471003
TN8747100;UIC;8747100
TN8747100;UIC8;87471003
TN8747100;WIKIDATA;Q1866058
TN8747102;OSM;13092312921
TN8747102;SNCF;StopArea:OCE87471029
TN8747102;SNCF;StopPoint:OCECar TER-87471029
TN8747102;SNCF;StopPoint:OCETrain TER-87471029
TN8747102;UIC;8747102
TN8747102;UIC8;87471029
TN8747102;WIKIDATA;Q1998060
TN8747103;OSM;480250288
TN8747103;SNCF;StopArea:OCE87471037
TN8747103;SNCF;StopPoint:OCECar TER-87471037
TN8747103;SNCF;StopPoint:OCETrain TER-87471037
TN8747103;UIC;8747103
TN8747103;UIC8;87471037
TN8747103;WIKIDATA;Q3096079
TN8747104;OSM;9554649081
TN8747104;SNCF;StopArea:OCE87471045
TN8747104;SNCF;StopPoint:OCETrain TER-87471045
TN8747104;UIC;8747104
TN8747104;UIC8;87471045
TN8747104;WIKIDATA;Q2103004
TN8747105;OSM;4586439877
TN8747105;SNCF;StopArea:OCE87471052
TN8747105;SNCF;StopPoint:OCETrain TER-87471052
TN8747105;UIC;8747105
TN8747105;UIC8;87471052
TN8747105;WIKIDATA;Q2622749
TN8747106;OSM;4253141654
TN8747106;SNCF;StopArea:OCE87471060
TN8747106;SNCF;StopPoint:OCETrain TER-87471060
TN8747106;UIC;8747106
TN8747106;UIC8;87471060
TN8747106;WIKIDATA;Q2780102
TN8747107;OSM;9554649084
TN8747107;SNCF;StopArea:OCE87471078
TN8747107;SNCF;StopPoint:OCECar TER-87471078
TN8747107;SNCF;StopPoint:OCETrain TER-87471078
TN8747107;UIC;8747107
TN8747107;UIC8;87471078
TN8747107;WIKIDATA;Q2461161
TN8747108;OSM;4290857028
TN8747108;SNCF;StopArea:OCE87471086
TN8747108;SNCF;StopPoint:OCECar TER-87471086
TN8747108;SNCF;StopPoint:OCETrain TER-87471086
TN8747108;UIC;8747108
TN8747108;UIC8;87471086
TN8747108;WIKIDATA;Q2270053
TN8747109;OSM;4264628732
TN8747109;SNCF;StopArea:OCE87471094
TN8747109;SNCF;StopPoint:OCETrain TER-87471094
TN8747109;UIC;8747109
TN8747109;UIC8;87471094
TN8747109;WIKIDATA;Q3096755
TN8747110;OSM;3467544494
TN8747110;SNCF;StopArea:OCE87471102
TN8747110;SNCF;StopPoint:OCETrain TER-87471102
TN8747110;UIC;8747110
TN8747110;UIC8;87471102
TN8747110;WIKIDATA;Q2847254
TN8747114;OSM;2407791375
TN8747114;SNCF;StopArea:OCE87471144
TN8747114;SNCF;StopPoint:OCETrain TER-87471144
TN8747114;UIC;8747114
TN8747114;UIC8;87471144
TN8747114;WIKIDATA;Q2910832
TN8747115;OSM;835038952
TN8747115;SNCF;StopArea:OCE87471151
TN8747115;SNCF;StopPoint:OCECar TER-87471151
TN8747115;SNCF;StopPoint:OCETrain TER-87471151
TN8747115;UIC;8747115
TN8747115;UIC8;87471151
TN8747115;WIKIDATA;Q2642356
TN8747116;OSM;3467892708
TN8747116;SNCF;StopArea:OCE87471169
TN8747116;SNCF;StopPoint:OCETrain TER-87471169
TN8747116;UIC;8747116
TN8747116;UIC8;87471169
TN8747116;WIKIDATA;Q2632104
TN8747117;OSM;8443057405
TN8747117;SNCF;StopArea:OCE87471177
TN8747117;SNCF;StopPoint:OCETrain TER-87471177
TN8747117;UIC;8747117
TN8747117;UIC8;87471177
TN8747117;WIKIDATA;Q647170
TN8747118;OSM;8443070543
TN8747118;SNCF;StopArea:OCE87471185
TN8747118;SNCF;StopPoint:OCECar TER-87471185
TN8747118;SNCF;StopPoint:OCETrain TER-87471185
TN8747118;UIC;8747118
TN8747118;UIC8;87471185
TN8747118;WIKIDATA;Q2488806
TN8747120;OSM;8348872157
TN8747120;SNCF;StopArea:OCE87471201
TN8747120;SNCF;StopPoint:OCETrain TER-87471201
TN8747120;UIC;8747120
TN8747120;UIC8;87471201
TN8747120;WIKIDATA;Q3096465
TN8747121;SNCF;StopArea:OCE87471219
TN8747121;SNCF;StopPoint:OCETrain TER-87471219
TN8747121;UIC;8747121
TN8747121;UIC8;87471219
TN8747122;OSM;3486353394
TN8747122;SNCF;StopArea:OCE87471227
TN8747122;SNCF;StopPoint:OCETrain TER-87471227
TN8747122;UIC;8747122
TN8747122;UIC8;87471227
TN8747130;OSM;4325220462
TN8747130;SNCF;StopArea:OCE87471300
TN8747130;SNCF;StopPoint:OCECar TER-87471300
TN8747130;SNCF;StopPoint:OCETGV INOUI-87471300
TN8747130;SNCF;StopPoint:OCETrain TER-87471300
TN8747130;UIC;8747130
TN8747130;UIC8;87471300
TN8747130;WIKIDATA;Q2789845
TN8747131;OSM;13092312920
TN8747131;SNCF;StopArea:OCE87471318
TN8747131;SNCF;StopPoint:OCECar TER-87471318
TN8747131;SNCF;StopPoint:OCETrain TER-87471318
TN8747131;UIC;8747131
TN8747131;UIC8;87471318
TN8747131;WIKIDATA;Q2398457
TN8747132;OSM;13092312919
TN8747132;SNCF;StopArea:OCE87471326
TN8747132;SNCF;StopPoint:OCECar TER-87471326
TN8747132;SNCF;StopPoint:OCETrain TER-87471326
TN8747132;UIC;8747132
TN8747132;UIC8;87471326
TN8747132;WIKIDATA;Q2150105
TN8747133;SNCF;StopArea:OCE87471334
TN8747133;SNCF;StopPoint:OCECar TER-87471334
TN8747133;SNCF;StopPoint:OCETrain TER-87471334
TN8747133;UIC;8747133
TN8747133;UIC8;87471334
TN8747134;OSM;2505733637
TN8747134;SNCF;StopArea:OCE87471342
TN8747134;SNCF;StopPoint:OCECar TER-87471342
TN8747134;SNCF;StopPoint:OCETrain TER-87471342
TN8747134;UIC;8747134
TN8747134;UIC8;87471342
TN8747134;WIKIDATA;Q3098241
TN8747135;OSM;4332171328
TN8747135;SNCF;StopArea:OCE87471359
TN8747135;SNCF;StopPoint:OCECar TER-87471359
TN8747135;SNCF;StopPoint:OCETrain TER-87471359
TN8747135;UIC;8747135
TN8747135;UIC8;87471359
TN8747135;WIKIDATA;Q1826665
TN8747136;OSM;4332184928
TN8747136;SNCF;StopArea:OCE87471367
TN8747136;SNCF;StopPoint:OCECar TER-87471367
TN8747136;SNCF;StopPoint:OCETrain TER-87471367
TN8747136;UIC;8747136
TN8747136;UIC8;87471367
TN8747136;WIKIDATA;Q2191724
TN8747139;OSM;3385636901
TN8747139;SNCF;StopArea:OCE87471391
TN8747139;SNCF;StopPoint:OCETrain TER-87471391
TN8747139;UIC;8747139
TN8747139;UIC8;87471391
TN8747139;WIKIDATA;Q3126252
TN8747145;OSM;946524812
TN8747145;SNCF;StopArea:OCE87471458
TN8747145;SNCF;StopPoint:OCETrain TER-87471458
TN8747145;UIC;8747145
TN8747145;UIC8;87471458
TN8747145;WIKIDATA;Q2686580
TN8747150;OSM;4290859697
TN8747150;SNCF;StopArea:OCE87471508
TN8747150;SNCF;StopPoint:OCECar TER-87471508
TN8747150;SNCF;StopPoint:OCETGV INOUI-87471508
TN8747150;SNCF;StopPoint:OCETrain TER-87471508
TN8747150;UIC;8747150
TN8747150;UIC8;87471508
TN8747150;WIKIDATA;Q2330319
TN8747151;OSM;2486683860
TN8747151;SNCF;StopArea:OCE87471516
TN8747151;SNCF;StopPoint:OCETrain TER-87471516
TN8747151;UIC;8747151
TN8747151;UIC8;87471516
TN8747151;WIKIDATA;Q2213900
TN8747152;OSM;9554649082
TN8747152;SNCF;StopArea:OCE87471524
TN8747152;SNCF;StopPoint:OCECar TER-87471524
TN8747152;SNCF;StopPoint:OCETrain TER-87471524
TN8747152;UIC;8747152
TN8747152;UIC8;87471524
TN8747152;WIKIDATA;Q3096234
TN8747153;OSM;2486683556
TN8747153;SNCF;StopArea:OCE87471532
TN8747153;SNCF;StopPoint:OCETrain TER-87471532
TN8747153;UIC;8747153
TN8747153;UIC8;87471532
TN8747153;WIKIDATA;Q2913679
TN8747154;OSM;522070666
TN8747154;SNCF;StopArea:OCE87471540
TN8747154;SNCF;StopPoint:OCETrain TER-87471540
TN8747154;UIC;8747154
TN8747154;UIC8;87471540
TN8747154;WIKIDATA;Q736002
TN8747260;OSM;4396506776
TN8747260;SNCF;StopArea:OCE87472605
TN8747260;SNCF;StopPoint:OCETrain TER-87472605
TN8747260;SNCF;StopPoint:OCETramTrain-87472605
TN8747260;UIC;8747260
TN8747260;UIC8;87472605
TN8747260;WIKIDATA;Q3097850
TN8747263;OSM;13399426849
TN8747263;SNCF;StopArea:OCE87472639
TN8747263;SNCF;StopPoint:OCETramTrain-87472639
TN8747263;UIC;8747263
TN8747263;UIC8;87472639
TN8747300;OSM;4280767167
TN8747300;SNCF;StopArea:OCE87473009
TN8747300;SNCF;StopPoint:OCECar TER-87473009
TN8747300;SNCF;StopPoint:OCECar à réservation-87473009
TN8747300;SNCF;StopPoint:OCEOUIGO-87473009
TN8747300;SNCF;StopPoint:OCETGV INOUI-87473009
TN8747300;SNCF;StopPoint:OCETrain TER-87473009
TN8747300;UIC;8747300
TN8747300;UIC8;87473009
TN8747300;WIKIDATA;Q2206905
TN8747305;OSM;2515241412
TN8747305;SNCF;StopArea:OCE87473058
TN8747305;SNCF;StopPoint:OCECar TER-87473058
TN8747305;SNCF;StopPoint:OCETrain TER-87473058
TN8747305;UIC;8747305
TN8747305;UIC8;87473058
TN8747305;WIKIDATA;Q2223088
TN8747306;OSM;4265825273
TN8747306;SNCF;StopArea:OCE87473066
TN8747306;SNCF;StopPoint:OCECar TER-87473066
TN8747306;SNCF;StopPoint:OCETrain TER-87473066
TN8747306;UIC;8747306
TN8747306;UIC8;87473066
TN8747306;WIKIDATA;Q2312892
TN8747307;OSM;4266629401
TN8747307;SNCF;StopArea:OCE87473074
TN8747307;SNCF;StopPoint:OCECar TER-87473074
TN8747307;SNCF;StopPoint:OCETrain TER-87473074
TN8747307;UIC;8747307
TN8747307;UIC8;87473074
TN8747307;WIKIDATA;Q607222
TN8747308;OSM;4266757293
TN8747308;SNCF;StopArea:OCE87473082
TN8747308;SNCF;StopPoint:OCETrain TER-87473082
TN8747308;UIC;8747308
TN8747308;UIC8;87473082
TN8747308;WIKIDATA;Q2154264
TN8747309;OSM;4270474962
TN8747309;SNCF;StopArea:OCE87473090
TN8747309;SNCF;StopPoint:OCETrain TER-87473090
TN8747309;UIC;8747309
TN8747309;UIC8;87473090
TN8747309;WIKIDATA;Q2269977
TN8747310;OSM;12386545
TN8747310;SNCF;StopArea:OCE87473108
TN8747310;SNCF;StopPoint:OCECar TER-87473108
TN8747310;SNCF;StopPoint:OCECar à réservation-87473108
TN8747310;SNCF;StopPoint:OCETGV INOUI-87473108
TN8747310;SNCF;StopPoint:OCETrain TER-87473108
TN8747310;UIC;8747310
TN8747310;UIC8;87473108
TN8747310;WIKIDATA;Q2352492
TN8747311;OSM;4279920099
TN8747311;SNCF;StopArea:OCE87473116
TN8747311;SNCF;StopPoint:OCECar TER-87473116
TN8747311;SNCF;StopPoint:OCETrain TER-87473116
TN8747311;UIC;8747311
TN8747311;UIC8;87473116
TN8747311;WIKIDATA;Q964680
TN8747312;OSM;4281112023
TN8747312;SNCF;StopArea:OCE87473124
TN8747312;SNCF;StopPoint:OCETrain TER-87473124
TN8747312;UIC;8747312
TN8747312;UIC8;87473124
TN8747312;WIKIDATA;Q1965252
TN8747313;OSM;4286681979
TN8747313;SNCF;StopArea:OCE87473132
TN8747313;SNCF;StopPoint:OCETrain TER-87473132
TN8747313;UIC;8747313
TN8747313;UIC8;87473132
TN8747313;WIKIDATA;Q2360803
TN8747314;OSM;4286681977
TN8747314;SNCF;StopArea:OCE87473140
TN8747314;SNCF;StopPoint:OCECar TER-87473140
TN8747314;SNCF;StopPoint:OCETrain TER-87473140
TN8747314;UIC;8747314
TN8747314;UIC8;87473140
TN8747314;WIKIDATA;Q2637353
TN8747316;OSM;4294187920
TN8747316;SNCF;StopArea:OCE87473165
TN8747316;SNCF;StopPoint:OCETrain TER-87473165
TN8747316;UIC;8747316
TN8747316;UIC8;87473165
TN8747316;WIKIDATA;Q2375803
TN8747318;OSM;4294306010
TN8747318;SNCF;StopArea:OCE87473181
TN8747318;SNCF;StopPoint:OCECar TER-87473181
TN8747318;SNCF;StopPoint:OCETGV INOUI-87473181
TN8747318;SNCF;StopPoint:OCETrain TER-87473181
TN8747318;UIC;8747318
TN8747318;UIC8;87473181
TN8747318;WIKIDATA;Q2434830
TN8747319;OSM;2531895267
TN8747319;SNCF;StopArea:OCE87473199
TN8747319;SNCF;StopPoint:OCETrain TER-87473199
TN8747319;UIC;8747319
TN8747319;UIC8;87473199
TN8747319;WIKIDATA;Q2691468
TN8747320;OSM;4292695946
TN8747320;SNCF;StopArea:OCE87473207
TN8747320;SNCF;StopPoint:OCECar TER-87473207
TN8747320;SNCF;StopPoint:OCEOUIGO-87473207
TN8747320;SNCF;StopPoint:OCETGV INOUI-87473207
TN8747320;SNCF;StopPoint:OCETrain TER-87473207
TN8747320;UIC;8747320
TN8747320;UIC8;87473207
TN8747320;WIKIDATA;Q586244
TN8747322;OSM;12385878
TN8747322;SNCF;StopArea:OCE87473223
TN8747322;SNCF;StopPoint:OCECar TER-87473223
TN8747322;SNCF;StopPoint:OCETGV INOUI-87473223
TN8747322;SNCF;StopPoint:OCETrain TER-87473223
TN8747322;UIC;8747322
TN8747322;UIC8;87473223
TN8747322;WIKIDATA;Q2602045
TN8747326;OSM;2286097271
TN8747326;SNCF;StopArea:OCE87473264
TN8747326;SNCF;StopPoint:OCETrain TER-87473264
TN8747326;UIC;8747326
TN8747326;UIC8;87473264
TN8747326;WIKIDATA;Q2632632
TN8747327;OSM;9554676516
TN8747327;SNCF;StopArea:OCE87473272
TN8747327;SNCF;StopPoint:OCETrain TER-87473272
TN8747327;UIC;8747327
TN8747327;UIC8;87473272
TN8747327;WIKIDATA;Q1964745
TN8747350;OSM;11135871533
TN8747350;SNCF;StopArea:OCE87473504
TN8747350;SNCF;StopPoint:OCETrain TER-87473504
TN8747350;UIC;8747350
TN8747350;UIC8;87473504
TN8747350;WIKIDATA;Q2675810
TN8747351;OSM;8957042110
TN8747351;SNCF;StopArea:OCE87473512
TN8747351;SNCF;StopPoint:OCETrain TER-87473512
TN8747351;UIC;8747351
TN8747351;UIC8;87473512
TN8747351;WIKIDATA;Q2109565
TN8747352;OSM;2697718632
TN8747352;SNCF;StopArea:OCE87473520
TN8747352;SNCF;StopPoint:OCETrain TER-87473520
TN8747352;UIC;8747352
TN8747352;UIC8;87473520
TN8747352;WIKIDATA;Q2650643
TN8747353;OSM;2697796113
TN8747353;SNCF;StopArea:OCE87473538
TN8747353;SNCF;StopPoint:OCETrain TER-87473538
TN8747353;UIC;8747353
TN8747353;UIC8;87473538
TN8747353;WIKIDATA;Q3097284
TN8747354;OSM;2530617158
TN8747354;SNCF;StopArea:OCE87473546
TN8747354;SNCF;StopPoint:OCETrain TER-87473546
TN8747354;UIC;8747354
TN8747354;UIC8;87473546
TN8747354;WIKIDATA;Q2764808
TN8747355;OSM;3467582893
TN8747355;SNCF;StopArea:OCE87473553
TN8747355;SNCF;StopPoint:OCETrain TER-87473553
TN8747355;UIC;8747355
TN8747355;UIC8;87473553
TN8747355;WIKIDATA;Q3098226
TN8747356;OSM;1566306642
TN8747356;SNCF;StopArea:OCE87473561
TN8747356;SNCF;StopPoint:OCETrain TER-87473561
TN8747356;UIC;8747356
TN8747356;UIC8;87473561
TN8747356;WIKIDATA;Q2469362
TN8747357;OSM;2697726323
TN8747357;SNCF;StopArea:OCE87473579
TN8747357;SNCF;StopPoint:OCETrain TER-87473579
TN8747357;UIC;8747357
TN8747357;UIC8;87473579
TN8747357;WIKIDATA;Q2068634
TN8747358;OSM;2697826532
TN8747358;SNCF;StopArea:OCE87473587
TN8747358;SNCF;StopPoint:OCETrain TER-87473587
TN8747358;UIC;8747358
TN8747358;UIC8;87473587
TN8747358;WIKIDATA;Q2649057
TN8747380;OSM;822544166
TN8747380;SNCF;StopArea:OCE87473801
TN8747380;SNCF;StopPoint:OCETrain TER-87473801
TN8747380;UIC;8747380
TN8747380;UIC8;87473801
TN8747380;WIKIDATA;Q2580678
TN8747381;OSM;822544831
TN8747381;SNCF;StopArea:OCE87473819
TN8747381;SNCF;StopPoint:OCETrain TER-87473819
TN8747381;UIC;8747381
TN8747381;UIC8;87473819
TN8747381;WIKIDATA;Q3097907
TN8747382;OSM;822544600
TN8747382;SNCF;StopArea:OCE87473827
TN8747382;SNCF;StopPoint:OCETrain TER-87473827
TN8747382;UIC;8747382
TN8747382;UIC8;87473827
TN8747382;WIKIDATA;Q592960
TN8747383;OSM;822544382
TN8747383;SNCF;StopArea:OCE87473835
TN8747383;SNCF;StopPoint:OCETrain TER-87473835
TN8747383;UIC;8747383
TN8747383;UIC8;87473835
TN8747383;WIKIDATA;Q1836347
TN8747384;OSM;13397415805
TN8747384;SNCF;StopArea:OCE87473843
TN8747384;SNCF;StopPoint:OCETrain TER-87473843
TN8747384;UIC;8747384
TN8747384;UIC8;87473843
TN8747384;WIKIDATA;Q1810028
TN8747385;OSM;1417609159
TN8747385;SNCF;StopArea:OCE87473850
TN8747385;SNCF;StopPoint:OCETrain TER-87473850
TN8747385;UIC;8747385
TN8747385;UIC8;87473850
TN8747385;WIKIDATA;Q1923442
TN8747386;OSM;822544887
TN8747386;SNCF;StopArea:OCE87473868
TN8747386;SNCF;StopPoint:OCETrain TER-87473868
TN8747386;UIC;8747386
TN8747386;UIC8;87473868
TN8747386;WIKIDATA;Q2343244
TN8747387;OSM;822544141
TN8747387;SNCF;StopArea:OCE87473876
TN8747387;SNCF;StopPoint:OCETrain TER-87473876
TN8747387;UIC;8747387
TN8747387;UIC8;87473876
TN8747387;WIKIDATA;Q2178655
TN8747400;OSM;2207570062
TN8747400;SNCF;StopArea:OCE87474007
TN8747400;SNCF;StopPoint:OCECar TER-87474007
TN8747400;SNCF;StopPoint:OCEOUIGO-87474007
TN8747400;SNCF;StopPoint:OCETGV INOUI-87474007
TN8747400;SNCF;StopPoint:OCETrain TER-87474007
TN8747400;UIC;8747400
TN8747400;UIC8;87474007
TN8747400;WIKIDATA;Q2255490
TN8747401;OSM;4327139689
TN8747401;SNCF;StopArea:OCE87474015
TN8747401;SNCF;StopPoint:OCECar TER-87474015
TN8747401;SNCF;StopPoint:OCETrain TER-87474015
TN8747401;UIC;8747401
TN8747401;UIC8;87474015
TN8747401;WIKIDATA;Q1838040
TN8747405;OSM;2544582427
TN8747405;SNCF;StopArea:OCE87474056
TN8747405;SNCF;StopPoint:OCECar TER-87474056
TN8747405;SNCF;StopPoint:OCETrain TER-87474056
TN8747405;UIC;8747405
TN8747405;UIC8;87474056
TN8747405;WIKIDATA;Q2105624
TN8747406;OSM;4329628157
TN8747406;SNCF;StopArea:OCE87474064
TN8747406;SNCF;StopPoint:OCECar TER-87474064
TN8747406;SNCF;StopPoint:OCETrain TER-87474064
TN8747406;UIC;8747406
TN8747406;UIC8;87474064
TN8747406;WIKIDATA;Q2644205
TN8747409;OSM;4986753876
TN8747409;SNCF;StopArea:OCE87474098
TN8747409;SNCF;StopPoint:OCECar TER-87474098
TN8747409;SNCF;StopPoint:OCEOUIGO-87474098
TN8747409;SNCF;StopPoint:OCETGV INOUI-87474098
TN8747409;SNCF;StopPoint:OCETrain TER-87474098
TN8747409;UIC;8747409
TN8747409;UIC8;87474098
TN8747409;WIKIDATA;Q2191696
TN8747415;OSM;4332170806
TN8747415;SNCF;StopArea:OCE87474155
TN8747415;SNCF;StopPoint:OCECar TER-87474155
TN8747415;SNCF;StopPoint:OCETGV INOUI-87474155
TN8747415;SNCF;StopPoint:OCETrain TER-87474155
TN8747415;UIC;8747415
TN8747415;UIC8;87474155
TN8747415;WIKIDATA;Q2739444
TN8747418;OSM;13092312917
TN8747418;SNCF;StopArea:OCE87474189
TN8747418;SNCF;StopPoint:OCECar TER-87474189
TN8747418;SNCF;StopPoint:OCETrain TER-87474189
TN8747418;UIC;8747418
TN8747418;UIC8;87474189
TN8747418;WIKIDATA;Q2445023
TN8747421;OSM;4317319449
TN8747421;SNCF;StopArea:OCE87474213
TN8747421;SNCF;StopPoint:OCECar TER-87474213
TN8747421;SNCF;StopPoint:OCETrain TER-87474213
TN8747421;UIC;8747421
TN8747421;UIC8;87474213
TN8747421;WIKIDATA;Q1963578
TN8747422;OSM;4316740708
TN8747422;SNCF;StopArea:OCE87474221
TN8747422;SNCF;StopPoint:OCECar TER-87474221
TN8747422;SNCF;StopPoint:OCETrain TER-87474221
TN8747422;UIC;8747422
TN8747422;UIC8;87474221
TN8747422;WIKIDATA;Q2340141
TN8747423;OSM;8405611657
TN8747423;SNCF;StopArea:OCE87474239
TN8747423;SNCF;StopPoint:OCECar TER-87474239
TN8747423;SNCF;StopPoint:OCETGV INOUI-87474239
TN8747423;SNCF;StopPoint:OCETrain TER-87474239
TN8747423;UIC;8747423
TN8747423;UIC8;87474239
TN8747423;WIKIDATA;Q2878538
TN8747426;OSM;4307622756
TN8747426;SNCF;StopArea:OCE87474262
TN8747426;SNCF;StopPoint:OCETrain TER-87474262
TN8747426;UIC;8747426
TN8747426;UIC8;87474262
TN8747426;WIKIDATA;Q2268018
TN8747427;OSM;4307071349
TN8747427;SNCF;StopArea:OCE87474270
TN8747427;SNCF;StopPoint:OCECar TER-87474270
TN8747427;SNCF;StopPoint:OCETrain TER-87474270
TN8747427;UIC;8747427
TN8747427;UIC8;87474270
TN8747427;WIKIDATA;Q1970255
TN8747429;OSM;4305612287
TN8747429;SNCF;StopArea:OCE87474296
TN8747429;SNCF;StopPoint:OCETrain TER-87474296
TN8747429;UIC;8747429
TN8747429;UIC8;87474296
TN8747429;WIKIDATA;Q2579335
TN8747431;OSM;4304803100
TN8747431;SNCF;StopArea:OCE87474312
TN8747431;SNCF;StopPoint:OCETrain TER-87474312
TN8747431;UIC;8747431
TN8747431;UIC8;87474312
TN8747431;WIKIDATA;Q3097628
TN8747432;OSM;4337102790
TN8747432;SNCF;StopArea:OCE87474320
TN8747432;SNCF;StopPoint:OCETrain TER-87474320
TN8747432;UIC;8747432
TN8747432;UIC8;87474320
TN8747432;WIKIDATA;Q1907723
TN8747433;OSM;4301927151
TN8747433;SNCF;StopArea:OCE87474338
TN8747433;SNCF;StopPoint:OCECar TER-87474338
TN8747433;SNCF;StopPoint:OCEOUIGO-87474338
TN8747433;SNCF;StopPoint:OCETGV INOUI-87474338
TN8747433;SNCF;StopPoint:OCETrain TER-87474338
TN8747433;UIC;8747433
TN8747433;UIC8;87474338
TN8747433;WIKIDATA;Q2125764
TN8747441;OSM;4337102791
TN8747441;SNCF;StopArea:OCE87474411
TN8747441;SNCF;StopPoint:OCETrain TER-87474411
TN8747441;UIC;8747441
TN8747441;UIC8;87474411
TN8747441;WIKIDATA;Q954921
TN8747600;OSM;10940619366
TN8747600;SNCF;StopArea:OCE87476002
TN8747600;SNCF;StopPoint:OCECar TER-87476002
TN8747600;SNCF;StopPoint:OCECar à réservation-87476002
TN8747600;SNCF;StopPoint:OCEOUIGO-87476002
TN8747600;SNCF;StopPoint:OCETGV INOUI-87476002
TN8747600;SNCF;StopPoint:OCETrain TER-87476002
TN8747600;UIC;8747600
TN8747600;UIC8;87476002
TN8747600;WIKIDATA;Q3096910
TN8747620;OSM;13092312918
TN8747620;SNCF;StopArea:OCE87476200
TN8747620;SNCF;StopPoint:OCECar TER-87476200
TN8747620;SNCF;StopPoint:OCECar à réservation-87476200
TN8747620;SNCF;StopPoint:OCEOUIGO-87476200
TN8747620;SNCF;StopPoint:OCETGV INOUI-87476200
TN8747620;SNCF;StopPoint:OCETrain TER-87476200
TN8747620;UIC;8747620
TN8747620;UIC8;87476200
TN8747620;WIKIDATA;Q3095699
TN8747622;OSM;3467892707
TN8747622;SNCF;StopArea:OCE87476226
TN8747622;SNCF;StopPoint:OCETrain TER-87476226
TN8747622;UIC;8747622
TN8747622;UIC8;87476226
TN8747622;WIKIDATA;Q3096845
TN8747623;OSM;3467899508
TN8747623;SNCF;StopArea:OCE87476234
TN8747623;SNCF;StopPoint:OCETrain TER-87476234
TN8747623;UIC;8747623
TN8747623;UIC8;87476234
TN8747623;WIKIDATA;Q3096850
TN8747624;OSM;3467894401
TN8747624;SNCF;StopArea:OCE87476242
TN8747624;SNCF;StopPoint:OCETrain TER-87476242
TN8747624;UIC;8747624
TN8747624;UIC8;87476242
TN8747624;WIKIDATA;Q1891517
TN8747625;OSM;6530431419
TN8747625;SNCF;StopArea:OCE87476259
TN8747625;SNCF;StopPoint:OCECar TER-87476259
TN8747625;SNCF;StopPoint:OCETrain TER-87476259
TN8747625;UIC;8747625
TN8747625;UIC8;87476259
TN8747625;WIKIDATA;Q2689206
TN8747630;OSM;10831754682
TN8747630;SNCF;StopArea:OCE87476309
TN8747630;SNCF;StopPoint:OCECar TER-87476309
TN8747630;SNCF;StopPoint:OCETrain TER-87476309
TN8747630;UIC;8747630
TN8747630;UIC8;87476309
TN8747630;WIKIDATA;Q3096537
TN8747631;OSM;9466606340
TN8747631;SNCF;StopArea:OCE87476317
TN8747631;SNCF;StopPoint:OCECar TER-87476317
TN8747631;SNCF;StopPoint:OCETGV INOUI-87476317
TN8747631;SNCF;StopPoint:OCETrain TER-87476317
TN8747631;UIC;8747631
TN8747631;UIC8;87476317
TN8747631;WIKIDATA;Q2461360
TN8747660;OSM;394710073
TN8747660;SNCF;StopArea:OCE87476606
TN8747660;SNCF;StopPoint:OCECar TER-87476606
TN8747660;SNCF;StopPoint:OCECar à réservation-87476606
TN8747660;SNCF;StopPoint:OCEOUIGO-87476606
TN8747660;SNCF;StopPoint:OCETGV INOUI-87476606
TN8747660;SNCF;StopPoint:OCETrain TER-87476606
TN8747660;UIC;8747660
TN8747660;UIC8;87476606
TN8747660;WIKIDATA;Q1867341
TN8747664;OSM;13861049373
TN8747664;SNCF;StopArea:OCE87476648
TN8747664;SNCF;StopPoint:OCETrain TER-87476648
TN8747664;UIC;8747664
TN8747664;UIC8;87476648
TN8747667;SNCF;StopArea:OCE87476671
TN8747667;SNCF;StopPoint:OCECar TER-87476671
TN8747667;SNCF;StopPoint:OCETrain TER-87476671
TN8747667;UIC;8747667
TN8747667;UIC8;87476671
TN8747668;OSM;4050012616
TN8747668;SNCF;StopArea:OCE87476689
TN8747668;SNCF;StopPoint:OCECar TER-87476689
TN8747668;SNCF;StopPoint:OCETrain TER-87476689
TN8747668;UIC;8747668
TN8747668;UIC8;87476689
TN8747668;WIKIDATA;Q2067488
TN8747675;OSM;4330657302
TN8747675;SNCF;StopArea:OCE87476754
TN8747675;SNCF;StopPoint:OCECar TER-87476754
TN8747675;SNCF;StopPoint:OCETrain TER-87476754
TN8747675;UIC;8747675
TN8747675;UIC8;87476754
TN8747675;WIKIDATA;Q3097817
TN8747676;OSM;3486353593
TN8747676;SNCF;StopArea:OCE87476762
TN8747676;SNCF;StopPoint:OCECar TER-87476762
TN8747676;SNCF;StopPoint:OCETrain TER-87476762
TN8747676;UIC;8747676
TN8747676;UIC8;87476762
TN8747676;WIKIDATA;Q2315187
TN8747677;OSM;8348859566
TN8747677;SNCF;StopArea:OCE87476770
TN8747677;SNCF;StopPoint:OCECar TER-87476770
TN8747677;SNCF;StopPoint:OCETrain TER-87476770
TN8747677;UIC;8747677
TN8747677;UIC8;87476770
TN8747677;WIKIDATA;Q3096401
TN8747685;SNCF;StopArea:OCE87476853
TN8747685;SNCF;StopPoint:OCECar TER-87476853
TN8747685;UIC;8747685
TN8747685;UIC8;87476853
TN8747686;SNCF;StopArea:OCE87476861
TN8747686;SNCF;StopPoint:OCECar TER-87476861
TN8747686;UIC;8747686
TN8747686;UIC8;87476861
TN8747687;SNCF;StopArea:OCE87476879
TN8747687;SNCF;StopPoint:OCECar TER-87476879
TN8747687;UIC;8747687
TN8747687;UIC8;87476879
TN8747688;SNCF;StopArea:OCE87476887
TN8747688;SNCF;StopPoint:OCECar TER-87476887
TN8747688;UIC;8747688
TN8747688;UIC8;87476887
TN8747691;SNCF;StopArea:OCE87476911
TN8747691;SNCF;StopPoint:OCECar TER-87476911
TN8747691;UIC;8747691
TN8747691;UIC8;87476911
TN8747692;SNCF;StopArea:OCE87476929
TN8747692;SNCF;StopPoint:OCECar TER-87476929
TN8747692;UIC;8747692
TN8747692;UIC8;87476929
TN8747693;SNCF;StopArea:OCE87476937
TN8747693;SNCF;StopPoint:OCECar TER-87476937
TN8747693;UIC;8747693
TN8747693;UIC8;87476937
TN8747714;SNCF;StopArea:OCE87477141
TN8747714;SNCF;StopPoint:OCECar TER-87477141
TN8747714;UIC;8747714
TN8747714;UIC8;87477141
TN8747715;SNCF;StopArea:OCE87477158
TN8747715;SNCF;StopPoint:OCECar TER-87477158
TN8747715;UIC;8747715
TN8747715;UIC8;87477158
TN8747756;SNCF;StopArea:OCE87477562
TN8747756;SNCF;StopPoint:OCECar TER-87477562
TN8747756;UIC;8747756
TN8747756;UIC8;87477562
TN8747757;SNCF;StopArea:OCE87477570
TN8747757;SNCF;StopPoint:OCECar TER-87477570
TN8747757;UIC;8747757
TN8747757;UIC8;87477570
TN8747758;SNCF;StopArea:OCE87477588
TN8747758;SNCF;StopPoint:OCECar TER-87477588
TN8747758;UIC;8747758
TN8747758;UIC8;87477588
TN8747762;SNCF;StopArea:OCE87477620
TN8747762;SNCF;StopPoint:OCECar TER-87477620
TN8747762;UIC;8747762
TN8747762;UIC8;87477620
TN8747763;SNCF;StopArea:OCE87477638
TN8747763;SNCF;StopPoint:OCECar TER-87477638
TN8747763;UIC;8747763
TN8747763;UIC8;87477638
TN8747764;SNCF;StopArea:OCE87477646
TN8747764;SNCF;StopPoint:OCECar TER-87477646
TN8747764;UIC;8747764
TN8747764;UIC8;87477646
TN8747801;OSM;1534057395
TN8747801;SNCF;StopArea:OCE87478016
TN8747801;SNCF;StopPoint:OCETrain TER-87478016
TN8747801;UIC;8747801
TN8747801;UIC8;87478016
TN8747801;WIKIDATA;Q2195016
TN8747802;OSM;452435229
TN8747802;SNCF;StopArea:OCE87478024
TN8747802;SNCF;StopPoint:OCETrain TER-87478024
TN8747802;UIC;8747802
TN8747802;UIC8;87478024
TN8747802;WIKIDATA;Q579587
TN8747803;OSM;13017169898
TN8747803;SNCF;StopArea:OCE87478032
TN8747803;SNCF;StopPoint:OCETrain TER-87478032
TN8747803;UIC;8747803
TN8747803;UIC8;87478032
TN8747803;WIKIDATA;Q2750216
TN8747804;OSM;9868200488
TN8747804;SNCF;StopArea:OCE87478040
TN8747804;SNCF;StopPoint:OCETrain TER-87478040
TN8747804;UIC;8747804
TN8747804;UIC8;87478040
TN8747804;WIKIDATA;Q2555932
TN8747805;OSM;9868200487
TN8747805;SNCF;StopArea:OCE87478057
TN8747805;SNCF;StopPoint:OCETrain TER-87478057
TN8747805;UIC;8747805
TN8747805;UIC8;87478057
TN8747805;WIKIDATA;Q2786192
TN8747806;OSM;1229176730
TN8747806;SNCF;StopArea:OCE87478065
TN8747806;SNCF;StopPoint:OCETrain TER-87478065
TN8747806;UIC;8747806
TN8747806;UIC8;87478065
TN8747806;WIKIDATA;Q2603485
TN8747807;OSM;4976946742
TN8747807;SNCF;StopArea:OCE87478073
TN8747807;SNCF;StopPoint:OCETGV INOUI-87478073
TN8747807;SNCF;StopPoint:OCETrain TER-87478073
TN8747807;UIC;8747807
TN8747807;UIC8;87478073
TN8747807;WIKIDATA;Q2352882
TN8747808;OSM;9476452136
TN8747808;SNCF;StopArea:OCE87478081
TN8747808;SNCF;StopPoint:OCETrain TER-87478081
TN8747808;UIC;8747808
TN8747808;UIC8;87478081
TN8747808;WIKIDATA;Q2718288
TN8747809;OSM;10766692018
TN8747809;SNCF;StopArea:OCE87478099
TN8747809;SNCF;StopPoint:OCETrain TER-87478099
TN8747809;UIC;8747809
TN8747809;UIC8;87478099
TN8747809;WIKIDATA;Q3096787
TN8747810;OSM;2971827322
TN8747810;SNCF;StopArea:OCE87478107
TN8747810;SNCF;StopPoint:OCETGV INOUI-87478107
TN8747810;SNCF;StopPoint:OCETrain TER-87478107
TN8747810;UIC;8747810
TN8747810;UIC8;87478107
TN8747810;WIKIDATA;Q2623224
TN8747812;OSM;1257719584
TN8747812;SNCF;StopArea:OCE87478123
TN8747812;SNCF;StopPoint:OCETrain TER-87478123
TN8747812;UIC;8747812
TN8747812;UIC8;87478123
TN8747812;WIKIDATA;Q3097277
TN8747813;OSM;9476535119
TN8747813;SNCF;StopArea:OCE87478131
TN8747813;SNCF;StopPoint:OCETrain TER-87478131
TN8747813;UIC;8747813
TN8747813;UIC8;87478131
TN8747813;WIKIDATA;Q1893283
TN8747814;OSM;9476535606
TN8747814;SNCF;StopArea:OCE87478149
TN8747814;SNCF;StopPoint:OCETrain TER-87478149
TN8747814;UIC;8747814
TN8747814;UIC8;87478149
TN8747814;WIKIDATA;Q1916631
TN8747815;OSM;9476525658
TN8747815;SNCF;StopArea:OCE87478156
TN8747815;SNCF;StopPoint:OCETrain TER-87478156
TN8747815;UIC;8747815
TN8747815;UIC8;87478156
TN8747815;WIKIDATA;Q2591014
TN8747816;OSM;9554706318
TN8747816;SNCF;StopArea:OCE87478164
TN8747816;SNCF;StopPoint:OCETrain TER-87478164
TN8747816;UIC;8747816
TN8747816;UIC8;87478164
TN8747816;WIKIDATA;Q2381874
TN8747818;OSM;1773504918
TN8747818;SNCF;StopArea:OCE87478180
TN8747818;SNCF;StopPoint:OCETrain TER-87478180
TN8747818;UIC;8747818
TN8747818;UIC8;87478180
TN8747818;WIKIDATA;Q2389957
TN8747826;SNCF;StopArea:OCE87478263
TN8747826;SNCF;StopPoint:OCECar TER-87478263
TN8747826;SNCF;StopPoint:OCETrain TER-87478263
TN8747826;UIC;8747826
TN8747826;UIC8;87478263
TN8747840;OSM;4290857006
TN8747840;SNCF;StopArea:OCE87478404
TN8747840;SNCF;StopPoint:OCECar TER-87478404
TN8747840;SNCF;StopPoint:OCEOUIGO-87478404
TN8747840;SNCF;StopPoint:OCETGV INOUI-87478404
TN8747840;SNCF;StopPoint:OCETrain TER-87478404
TN8747840;UIC;8747840
TN8747840;UIC8;87478404
TN8747840;WIKIDATA;Q3096443
TN8747853;OSM;4336905210
TN8747853;SNCF;StopArea:OCE87478537
TN8747853;SNCF;StopPoint:OCECar TER-87478537
TN8747853;SNCF;StopPoint:OCETrain TER-87478537
TN8747853;UIC;8747853
TN8747853;UIC8;87478537
TN8747854;OSM;9476473327
TN8747854;SNCF;StopArea:OCE87478545
TN8747854;SNCF;StopPoint:OCECar TER-87478545
TN8747854;SNCF;StopPoint:OCETrain TER-87478545
TN8747854;UIC;8747854
TN8747854;UIC8;87478545
TN8747854;WIKIDATA;Q2235793
TN8747855;OSM;4336905211
TN8747855;SNCF;StopArea:OCE87478552
TN8747855;SNCF;StopPoint:OCECar TER-87478552
TN8747855;SNCF;StopPoint:OCETrain TER-87478552
TN8747855;UIC;8747855
TN8747855;UIC8;87478552
TN8747855;WIKIDATA;Q2727830
TN8747856;OSM;852734443
TN8747856;SNCF;StopArea:OCE87478560
TN8747856;SNCF;StopPoint:OCECar TER-87478560
TN8747856;SNCF;StopPoint:OCETrain TER-87478560
TN8747856;UIC;8747856
TN8747856;UIC8;87478560
TN8747856;WIKIDATA;Q2182950
TN8747869;SNCF;StopArea:OCE87478693
TN8747869;SNCF;StopPoint:OCECar TER-87478693
TN8747869;UIC;8747869
TN8747869;UIC8;87478693
TN8747874;OSM;8986658386
TN8747874;SNCF;StopArea:OCE87478743
TN8747874;SNCF;StopPoint:OCETrain TER-87478743
TN8747874;UIC;8747874
TN8747874;UIC8;87478743
TN8747874;WIKIDATA;Q2580610
TN8747875;SNCF;StopArea:OCE87478750
TN8747875;SNCF;StopPoint:OCETrain TER-87478750
TN8747875;UIC;8747875
TN8747875;UIC8;87478750
TN8747876;OSM;8312443539
TN8747876;SNCF;StopArea:OCE87478768
TN8747876;SNCF;StopPoint:OCETrain TER-87478768
TN8747876;UIC;8747876
TN8747876;UIC8;87478768
TN8747878;SNCF;StopArea:OCE87478784
TN8747878;SNCF;StopPoint:OCECar TER-87478784
TN8747878;UIC;8747878
TN8747878;UIC8;87478784
TN8748100;OSM;3486337796
TN8748100;SNCF;StopArea:OCE87481002
TN8748100;SNCF;StopPoint:OCECar TER-87481002
TN8748100;SNCF;StopPoint:OCEINTERCITES-87481002
TN8748100;SNCF;StopPoint:OCEOUIGO-87481002
TN8748100;SNCF;StopPoint:OCETGV INOUI-87481002
TN8748100;SNCF;StopPoint:OCETrain TER-87481002
TN8748100;SNCF;StopPoint:OCETramTrain-87481002
TN8748100;UIC;8748100
TN8748100;UIC8;87481002
TN8748100;WIKIDATA;Q2180175
TN8748103;OSM;5090503718
TN8748103;SNCF;StopArea:OCE87481036
TN8748103;SNCF;StopPoint:OCECar TER-87481036
TN8748103;SNCF;StopPoint:OCETrain TER-87481036
TN8748103;UIC;8748103
TN8748103;UIC8;87481036
TN8748103;WIKIDATA;Q1900901
TN8748105;OSM;335883956
TN8748105;SNCF;StopArea:OCE87481051
TN8748105;SNCF;StopPoint:OCETrain TER-87481051
TN8748105;UIC;8748105
TN8748105;UIC8;87481051
TN8748105;WIKIDATA;Q3096188
TN8748106;SNCF;StopArea:OCE87481069
TN8748106;SNCF;StopPoint:OCETrain TER-87481069
TN8748106;UIC;8748106
TN8748106;UIC8;87481069
TN8748114;OSM;3486337398
TN8748114;SNCF;StopArea:OCE87481143
TN8748114;SNCF;StopPoint:OCETrain TER-87481143
TN8748114;UIC;8748114
TN8748114;UIC8;87481143
TN8748114;WIKIDATA;Q2390558
TN8748115;SNCF;StopArea:OCE87481150
TN8748115;SNCF;StopPoint:OCETrain TER-87481150
TN8748115;UIC;8748115
TN8748115;UIC8;87481150
TN8748116;OSM;3486337795
TN8748116;SNCF;StopArea:OCE87481168
TN8748116;SNCF;StopPoint:OCETrain TER-87481168
TN8748116;UIC;8748116
TN8748116;UIC8;87481168
TN8748117;OSM;2215107482
TN8748117;SNCF;StopArea:OCE87481176
TN8748117;SNCF;StopPoint:OCECar TER-87481176
TN8748117;SNCF;StopPoint:OCETrain TER-87481176
TN8748117;UIC;8748117
TN8748117;UIC8;87481176
TN8748117;WIKIDATA;Q3096040
TN8748118;SNCF;StopArea:OCE87481184
TN8748118;SNCF;StopPoint:OCETrain TER-87481184
TN8748118;UIC;8748118
TN8748118;UIC8;87481184
TN8748119;SNCF;StopArea:OCE87481192
TN8748119;SNCF;StopPoint:OCETGV INOUI-87481192
TN8748119;SNCF;StopPoint:OCETrain TER-87481192
TN8748119;UIC;8748119
TN8748119;UIC8;87481192
TN8748120;OSM;1436795583
TN8748120;SNCF;StopArea:OCE87481200
TN8748120;SNCF;StopPoint:OCECar TER-87481200
TN8748120;SNCF;StopPoint:OCETrain TER-87481200
TN8748120;UIC;8748120
TN8748120;UIC8;87481200
TN8748120;WIKIDATA;Q3096029
TN8748121;OSM;3486337797
TN8748121;SNCF;StopArea:OCE87481218
TN8748121;SNCF;StopPoint:OCECar TER-87481218
TN8748121;SNCF;StopPoint:OCETrain TER-87481218
TN8748121;UIC;8748121
TN8748121;UIC8;87481218
TN8748121;WIKIDATA;Q3097322
TN8748122;OSM;8348905143
TN8748122;SNCF;StopArea:OCE87481226
TN8748122;SNCF;StopPoint:OCECar TER-87481226
TN8748122;SNCF;StopPoint:OCETrain TER-87481226
TN8748122;UIC;8748122
TN8748122;UIC8;87481226
TN8748122;WIKIDATA;Q3097650
TN8748123;OSM;9453314734
TN8748123;SNCF;StopArea:OCE87481234
TN8748123;SNCF;StopPoint:OCECar TER-87481234
TN8748123;SNCF;StopPoint:OCETrain TER-87481234
TN8748123;UIC;8748123
TN8748123;UIC8;87481234
TN8748123;WIKIDATA;Q3097543
TN8748124;OSM;8410057908
TN8748124;SNCF;StopArea:OCE87481242
TN8748124;SNCF;StopPoint:OCECar TER-87481242
TN8748124;SNCF;StopPoint:OCETrain TER-87481242
TN8748124;UIC;8748124
TN8748124;UIC8;87481242
TN8748124;WIKIDATA;Q3096039
TN8748125;OSM;8410088216
TN8748125;SNCF;StopArea:OCE87481259
TN8748125;SNCF;StopPoint:OCECar TER-87481259
TN8748125;SNCF;StopPoint:OCETrain TER-87481259
TN8748125;UIC;8748125
TN8748125;UIC8;87481259
TN8748125;WIKIDATA;Q3098165
TN8748126;OSM;8410110059
TN8748126;SNCF;StopArea:OCE87481267
TN8748126;SNCF;StopPoint:OCECar TER-87481267
TN8748126;SNCF;StopPoint:OCETrain TER-87481267
TN8748126;UIC;8748126
TN8748126;UIC8;87481267
TN8748126;WIKIDATA;Q3096754
TN8748128;OSM;8667983086
TN8748128;SNCF;StopArea:OCE87481283
TN8748128;SNCF;StopPoint:OCECar TER-87481283
TN8748128;SNCF;StopPoint:OCETrain TER-87481283
TN8748128;UIC;8748128
TN8748128;UIC8;87481283
TN8748128;WIKIDATA;Q2044699
TN8748136;OSM;471556177
TN8748136;SNCF;StopArea:OCE87481366
TN8748136;SNCF;StopPoint:OCECar TER-87481366
TN8748136;SNCF;StopPoint:OCETrain TER-87481366
TN8748136;UIC;8748136
TN8748136;UIC8;87481366
TN8748136;WIKIDATA;Q3096947
TN8748139;SNCF;StopArea:OCE87481390
TN8748139;SNCF;StopPoint:OCECar TER-87481390
TN8748139;SNCF;StopPoint:OCETrain TER-87481390
TN8748139;UIC;8748139
TN8748139;UIC8;87481390
TN8748140;SNCF;StopArea:OCE87481408
TN8748140;SNCF;StopPoint:OCETrain TER-87481408
TN8748140;UIC;8748140
TN8748140;UIC8;87481408
TN8748141;OSM;2872782914
TN8748141;SNCF;StopArea:OCE87481416
TN8748141;SNCF;StopPoint:OCETrain TER-87481416
TN8748141;UIC;8748141
TN8748141;UIC8;87481416
TN8748141;WIKIDATA;Q3096790
TN8748142;SNCF;StopArea:OCE87481424
TN8748142;SNCF;StopPoint:OCETrain TER-87481424
TN8748142;UIC;8748142
TN8748142;UIC8;87481424
TN8748143;OSM;3287430375
TN8748143;SNCF;StopArea:OCE87481432
TN8748143;SNCF;StopPoint:OCETrain TER-87481432
TN8748143;UIC;8748143
TN8748143;UIC8;87481432
TN8748143;WIKIDATA;Q3096555
TN8748144;OSM;9241030819
TN8748144;SNCF;StopArea:OCE87481440
TN8748144;SNCF;StopPoint:OCECar TER-87481440
TN8748144;SNCF;StopPoint:OCETrain TER-87481440
TN8748144;UIC;8748144
TN8748144;UIC8;87481440
TN8748144;WIKIDATA;Q3096256
TN8748145;OSM;13092041243
TN8748145;SNCF;StopArea:OCE87481457
TN8748145;SNCF;StopPoint:OCECar TER-87481457
TN8748145;SNCF;StopPoint:OCETrain TER-87481457
TN8748145;UIC;8748145
TN8748145;UIC8;87481457
TN8748145;WIKIDATA;Q3096337
TN8748146;SNCF;StopArea:OCE87481465
TN8748146;SNCF;StopPoint:OCECar TER-87481465
TN8748146;SNCF;StopPoint:OCETrain TER-87481465
TN8748146;UIC;8748146
TN8748146;UIC8;87481465
TN8748156;OSM;3486353294
TN8748156;SNCF;StopArea:OCE87481564
TN8748156;SNCF;StopPoint:OCETramTrain-87481564
TN8748156;UIC;8748156
TN8748156;UIC8;87481564
TN8748156;WIKIDATA;Q3096765
TN8748159;OSM;3269783827
TN8748159;SNCF;StopArea:OCE87481598
TN8748159;SNCF;StopPoint:OCETramTrain-87481598
TN8748159;UIC;8748159
TN8748159;UIC8;87481598
TN8748159;WIKIDATA;Q933600
TN8748161;OSM;4923377312
TN8748161;SNCF;StopArea:OCE87481614
TN8748161;SNCF;StopPoint:OCETramTrain-87481614
TN8748161;UIC;8748161
TN8748161;UIC8;87481614
TN8748161;WIKIDATA;Q3095579
TN8748162;OSM;3486337794
TN8748162;SNCF;StopArea:OCE87481622
TN8748162;SNCF;StopPoint:OCETramTrain-87481622
TN8748162;UIC;8748162
TN8748162;UIC8;87481622
TN8748162;WIKIDATA;Q3095801
TN8748164;SNCF;StopArea:OCE87481648
TN8748164;SNCF;StopPoint:OCECar TER-87481648
TN8748164;SNCF;StopPoint:OCETrain TER-87481648
TN8748164;UIC;8748164
TN8748164;UIC8;87481648
TN8748168;OSM;4336770100
TN8748168;SNCF;StopArea:OCE87481689
TN8748168;SNCF;StopPoint:OCETrain TER-87481689
TN8748168;UIC;8748168
TN8748168;UIC8;87481689
TN8748168;WIKIDATA;Q2491824
TN8748169;OSM;3486338298
TN8748169;SNCF;StopArea:OCE87481697
TN8748169;SNCF;StopPoint:OCECar TER-87481697
TN8748169;SNCF;StopPoint:OCETrain TER-87481697
TN8748169;UIC;8748169
TN8748169;UIC8;87481697
TN8748169;WIKIDATA;Q2552507
TN8748170;OSM;3486353594
TN8748170;SNCF;StopArea:OCE87481705
TN8748170;SNCF;StopPoint:OCECar TER-87481705
TN8748170;SNCF;StopPoint:OCETGV INOUI-87481705
TN8748170;SNCF;StopPoint:OCETrain TER-87481705
TN8748170;UIC;8748170
TN8748170;UIC8;87481705
TN8748170;WIKIDATA;Q3097587
TN8748171;OSM;3486353395
TN8748171;SNCF;StopArea:OCE87481713
TN8748171;SNCF;StopPoint:OCETrain TER-87481713
TN8748171;UIC;8748171
TN8748171;UIC8;87481713
TN8748171;WIKIDATA;Q2744949
TN8748172;OSM;10003047039
TN8748172;SNCF;StopArea:OCE87481721
TN8748172;SNCF;StopPoint:OCETrain TER-87481721
TN8748172;UIC;8748172
TN8748172;UIC8;87481721
TN8748172;WIKIDATA;Q3052088
TN8748174;OSM;4348352950
TN8748174;SNCF;StopArea:OCE87481747
TN8748174;SNCF;StopPoint:OCECar TER-87481747
TN8748174;SNCF;StopPoint:OCETGV INOUI-87481747
TN8748174;SNCF;StopPoint:OCETrain TER-87481747
TN8748174;UIC;8748174
TN8748174;UIC8;87481747
TN8748174;WIKIDATA;Q3097323
TN8748175;SNCF;StopArea:OCE87481754
TN8748175;SNCF;StopPoint:OCECar TER-87481754
TN8748175;SNCF;StopPoint:OCETGV INOUI-87481754
TN8748175;SNCF;StopPoint:OCETrain TER-87481754
TN8748175;UIC;8748175
TN8748175;UIC8;87481754
TN8748176;SNCF;StopArea:OCE87481762
TN8748176;SNCF;StopPoint:OCECar TER-87481762
TN8748176;SNCF;StopPoint:OCETGV INOUI-87481762
TN8748176;SNCF;StopPoint:OCETrain TER-87481762
TN8748176;UIC;8748176
TN8748176;UIC8;87481762
TN8748177;SNCF;StopArea:OCE87481770
TN8748177;SNCF;StopPoint:OCECar TER-87481770
TN8748177;SNCF;StopPoint:OCETrain TER-87481770
TN8748177;UIC;8748177
TN8748177;UIC8;87481770
TN8748178;OSM;12344088102
TN8748178;SNCF;StopArea:OCE87481788
TN8748178;SNCF;StopPoint:OCECar TER-87481788
TN8748178;SNCF;StopPoint:OCETGV INOUI-87481788
TN8748178;SNCF;StopPoint:OCETrain TER-87481788
TN8748178;UIC;8748178
TN8748178;UIC8;87481788
TN8748178;WIKIDATA;Q657183
TN8748180;OSM;4336770102
TN8748180;SNCF;StopArea:OCE87481804
TN8748180;SNCF;StopPoint:OCETrain TER-87481804
TN8748180;UIC;8748180
TN8748180;UIC8;87481804
TN8748180;WIKIDATA;Q3096322
TN8748181;OSM;4336770101
TN8748181;SNCF;StopArea:OCE87481812
TN8748181;SNCF;StopPoint:OCETrain TER-87481812
TN8748181;UIC;8748181
TN8748181;UIC8;87481812
TN8748181;WIKIDATA;Q3097635
TN8748182;OSM;3486353393
TN8748182;SNCF;StopArea:OCE87481820
TN8748182;SNCF;StopPoint:OCETrain TER-87481820
TN8748182;UIC;8748182
TN8748182;UIC8;87481820
TN8748182;WIKIDATA;Q2614799
TN8748183;OSM;4349488843
TN8748183;SNCF;StopArea:OCE87481838
TN8748183;SNCF;StopPoint:OCECar TER-87481838
TN8748183;SNCF;StopPoint:OCETrain TER-87481838
TN8748183;UIC;8748183
TN8748183;UIC8;87481838
TN8748183;WIKIDATA;Q1987030
TN8748184;OSM;4330674807
TN8748184;SNCF;StopArea:OCE87481846
TN8748184;SNCF;StopPoint:OCECar TER-87481846
TN8748184;SNCF;StopPoint:OCETrain TER-87481846
TN8748184;UIC;8748184
TN8748184;UIC8;87481846
TN8748184;WIKIDATA;Q2222789
TN8748400;OSM;3486353293
TN8748400;SNCF;StopArea:OCE87484006
TN8748400;SNCF;StopPoint:OCECar TER-87484006
TN8748400;SNCF;StopPoint:OCEINTERCITES-87484006
TN8748400;SNCF;StopPoint:OCEOUIGO-87484006
TN8748400;SNCF;StopPoint:OCETGV INOUI-87484006
TN8748400;SNCF;StopPoint:OCETrain TER-87484006
TN8748400;UIC;8748400
TN8748400;UIC8;87484006
TN8748400;WIKIDATA;Q952091
TN8748404;OSM;1333795164
TN8748404;SNCF;StopArea:OCE87484048
TN8748404;SNCF;StopPoint:OCETrain TER-87484048
TN8748404;UIC;8748404
TN8748404;UIC8;87484048
TN8748404;WIKIDATA;Q641034
TN8748413;OSM;9954222019
TN8748413;SNCF;StopArea:OCE87484139
TN8748413;SNCF;StopPoint:OCETrain TER-87484139
TN8748413;UIC;8748413
TN8748413;UIC8;87484139
TN8748413;WIKIDATA;Q3098245
TN8748414;OSM;4543683433
TN8748414;SNCF;StopArea:OCE87484147
TN8748414;SNCF;StopPoint:OCETrain TER-87484147
TN8748414;UIC;8748414
TN8748414;UIC8;87484147
TN8748414;WIKIDATA;Q3097874
TN8748415;OSM;1373792822
TN8748415;SNCF;StopArea:OCE87484154
TN8748415;SNCF;StopPoint:OCETrain TER-87484154
TN8748415;UIC;8748415
TN8748415;UIC8;87484154
TN8748415;WIKIDATA;Q3095879
TN8748417;OSM;9975143689
TN8748417;SNCF;StopArea:OCE87484170
TN8748417;SNCF;StopPoint:OCETrain TER-87484170
TN8748417;UIC;8748417
TN8748417;UIC8;87484170
TN8748417;WIKIDATA;Q3097100
TN8748420;OSM;1333755982
TN8748420;SNCF;StopArea:OCE87484204
TN8748420;SNCF;StopPoint:OCECar TER-87484204
TN8748420;SNCF;StopPoint:OCETrain TER-87484204
TN8748420;UIC;8748420
TN8748420;UIC8;87484204
TN8748420;WIKIDATA;Q3096169
TN8748424;SNCF;StopArea:OCE87484246
TN8748424;SNCF;StopPoint:OCECar TER-87484246
TN8748424;SNCF;StopPoint:OCETrain TER-87484246
TN8748424;UIC;8748424
TN8748424;UIC8;87484246
TN8748430;OSM;3486337095
TN8748430;SNCF;StopArea:OCE87484303
TN8748430;SNCF;StopPoint:OCECar TER-87484303
TN8748430;SNCF;StopPoint:OCETrain TER-87484303
TN8748430;UIC;8748430
TN8748430;UIC8;87484303
TN8748430;WIKIDATA;Q3096229
TN8748432;OSM;4924545943
TN8748432;SNCF;StopArea:OCE87484329
TN8748432;SNCF;StopPoint:OCETrain TER-87484329
TN8748432;UIC;8748432
TN8748432;UIC8;87484329
TN8748432;WIKIDATA;Q3097691
TN8748433;OSM;8328559135
TN8748433;SNCF;StopArea:OCE87484337
TN8748433;SNCF;StopPoint:OCECar TER-87484337
TN8748433;SNCF;StopPoint:OCETrain TER-87484337
TN8748433;UIC;8748433
TN8748433;UIC8;87484337
TN8748433;WIKIDATA;Q3096804
TN8748435;OSM;4337102794
TN8748435;SNCF;StopArea:OCE87484352
TN8748435;SNCF;StopPoint:OCETrain TER-87484352
TN8748435;UIC;8748435
TN8748435;UIC8;87484352
TN8748435;WIKIDATA;Q2140129
TN8748436;OSM;4337102793
TN8748436;SNCF;StopArea:OCE87484360
TN8748436;SNCF;StopPoint:OCETrain TER-87484360
TN8748436;UIC;8748436
TN8748436;UIC8;87484360
TN8748436;WIKIDATA;Q3095790
TN8748438;OSM;4337102792
TN8748438;SNCF;StopArea:OCE87484386
TN8748438;SNCF;StopPoint:OCETrain TER-87484386
TN8748438;UIC;8748438
TN8748438;UIC8;87484386
TN8748438;WIKIDATA;Q3097933
TN8748457;SNCF;StopArea:OCE87484576
TN8748457;SNCF;StopPoint:OCECar TER-87484576
TN8748457;UIC;8748457
TN8748457;UIC8;87484576
TN8748458;SNCF;StopArea:OCE87484584
TN8748458;SNCF;StopPoint:OCECar TER-87484584
TN8748458;UIC;8748458
TN8748458;UIC8;87484584
TN8748500;OSM;4975049664
TN8748500;SNCF;StopArea:OCE87485003
TN8748500;SNCF;StopPoint:OCECar TER-87485003
TN8748500;SNCF;StopPoint:OCEINTERCITES-87485003
TN8748500;SNCF;StopPoint:OCEOUIGO-87485003
TN8748500;SNCF;StopPoint:OCETGV INOUI-87485003
TN8748500;SNCF;StopPoint:OCETrain TER-87485003
TN8748500;UIC;8748500
TN8748500;UIC8;87485003
TN8748500;WIKIDATA;Q2762145
TN8748510;OSM;9875000921
TN8748510;SNCF;StopArea:OCE87485102
TN8748510;SNCF;StopPoint:OCECar TER-87485102
TN8748510;SNCF;StopPoint:OCETrain TER-87485102
TN8748510;UIC;8748510
TN8748510;UIC8;87485102
TN8748510;WIKIDATA;Q1817868
TN8748511;OSM;2688097707
TN8748511;SNCF;StopArea:OCE87485110
TN8748511;SNCF;StopPoint:OCECar TER-87485110
TN8748511;SNCF;StopPoint:OCETrain TER-87485110
TN8748511;UIC;8748511
TN8748511;UIC8;87485110
TN8748511;WIKIDATA;Q2800013
TN8748513;OSM;9964832833
TN8748513;SNCF;StopArea:OCE87485136
TN8748513;SNCF;StopPoint:OCECar TER-87485136
TN8748513;SNCF;StopPoint:OCETrain TER-87485136
TN8748513;UIC;8748513
TN8748513;UIC8;87485136
TN8748513;WIKIDATA;Q2285744
TN8748514;OSM;324039828
TN8748514;SNCF;StopArea:OCE87485144
TN8748514;SNCF;StopPoint:OCECar TER-87485144
TN8748514;SNCF;StopPoint:OCEINTERCITES-87485144
TN8748514;SNCF;StopPoint:OCETrain TER-87485144
TN8748514;UIC;8748514
TN8748514;UIC8;87485144
TN8748514;WIKIDATA;Q2577090
TN8748515;OSM;10774711786
TN8748515;SNCF;StopArea:OCE87485151
TN8748515;SNCF;StopPoint:OCECar TER-87485151
TN8748515;SNCF;StopPoint:OCETrain TER-87485151
TN8748515;UIC;8748515
TN8748515;UIC8;87485151
TN8748515;WIKIDATA;Q2615985
TN8748518;OSM;4177879703
TN8748518;SNCF;StopArea:OCE87485185
TN8748518;SNCF;StopPoint:OCETrain TER-87485185
TN8748518;UIC;8748518
TN8748518;UIC8;87485185
TN8748518;WIKIDATA;Q26257933
TN8748519;OSM;4177879706
TN8748519;SNCF;StopArea:OCE87485193
TN8748519;SNCF;StopPoint:OCETrain TER-87485193
TN8748519;UIC;8748519
TN8748519;UIC8;87485193
TN8748519;WIKIDATA;Q27149946
TN8748522;OSM;11135871099
TN8748522;SNCF;StopArea:OCE87485227
TN8748522;SNCF;StopPoint:OCEOUIGO-87485227
TN8748522;SNCF;StopPoint:OCETGV INOUI-87485227
TN8748522;SNCF;StopPoint:OCETrain TER-87485227
TN8748522;UIC;8748522
TN8748522;UIC8;87485227
TN8748522;WIKIDATA;Q613407
TN8748525;SNCF;StopArea:OCE87485250
TN8748525;SNCF;StopPoint:OCECar TER-87485250
TN8748525;SNCF;StopPoint:OCETrain TER-87485250
TN8748525;UIC;8748525
TN8748525;UIC8;87485250
TN8748526;OSM;2839676865
TN8748526;SNCF;StopArea:OCE87485268
TN8748526;SNCF;StopPoint:OCECar TER-87485268
TN8748526;SNCF;StopPoint:OCETrain TER-87485268
TN8748526;UIC;8748526
TN8748526;UIC8;87485268
TN8748526;WIKIDATA;Q2501811
TN8748530;OSM;4975045143
TN8748530;SNCF;StopArea:OCE87485300
TN8748530;SNCF;StopPoint:OCECar TER-87485300
TN8748530;SNCF;StopPoint:OCEOUIGO-87485300
TN8748530;SNCF;StopPoint:OCETGV INOUI-87485300
TN8748530;SNCF;StopPoint:OCETrain TER-87485300
TN8748530;UIC;8748530
TN8748530;UIC8;87485300
TN8748530;WIKIDATA;Q2530280
TN8748532;OSM;2403422421
TN8748532;SNCF;StopArea:OCE87485326
TN8748532;SNCF;StopPoint:OCECar TER-87485326
TN8748532;SNCF;StopPoint:OCETrain TER-87485326
TN8748532;UIC;8748532
TN8748532;UIC8;87485326
TN8748532;WIKIDATA;Q3096457
TN8748533;OSM;2379060527
TN8748533;SNCF;StopArea:OCE87485334
TN8748533;SNCF;StopPoint:OCECar TER-87485334
TN8748533;SNCF;StopPoint:OCETrain TER-87485334
TN8748533;UIC;8748533
TN8748533;UIC8;87485334
TN8748533;WIKIDATA;Q3096978
TN8748534;OSM;8339147357
TN8748534;SNCF;StopArea:OCE87485342
TN8748534;SNCF;StopPoint:OCECar TER-87485342
TN8748534;SNCF;StopPoint:OCETrain TER-87485342
TN8748534;UIC;8748534
TN8748534;UIC8;87485342
TN8748534;WIKIDATA;Q3095939
TN8748535;OSM;2839676866
TN8748535;SNCF;StopArea:OCE87485359
TN8748535;SNCF;StopPoint:OCECar TER-87485359
TN8748535;SNCF;StopPoint:OCETrain TER-87485359
TN8748535;UIC;8748535
TN8748535;UIC8;87485359
TN8748535;WIKIDATA;Q2182068
TN8748547;OSM;2839676862
TN8748547;SNCF;StopArea:OCE87485474
TN8748547;SNCF;StopPoint:OCECar TER-87485474
TN8748547;SNCF;StopPoint:OCETrain TER-87485474
TN8748547;UIC;8748547
TN8748547;UIC8;87485474
TN8748547;WIKIDATA;Q1808439
TN8748549;OSM;2718046618
TN8748549;SNCF;StopArea:OCE87485490
TN8748549;SNCF;StopPoint:OCECar TER-87485490
TN8748549;SNCF;StopPoint:OCETGV INOUI-87485490
TN8748549;SNCF;StopPoint:OCETrain TER-87485490
TN8748549;UIC;8748549
TN8748549;UIC8;87485490
TN8748549;WIKIDATA;Q2320420
TN8748550;OSM;4290857002
TN8748550;SNCF;StopArea:OCE87485508
TN8748550;SNCF;StopPoint:OCECar TER-87485508
TN8748550;SNCF;StopPoint:OCETrain TER-87485508
TN8748550;UIC;8748550
TN8748550;UIC8;87485508
TN8748550;WIKIDATA;Q3036487
TN8748552;OSM;8285066750
TN8748552;SNCF;StopArea:OCE87485524
TN8748552;SNCF;StopPoint:OCECar TER-87485524
TN8748552;SNCF;StopPoint:OCETrain TER-87485524
TN8748552;UIC;8748552
TN8748552;UIC8;87485524
TN8748552;WIKIDATA;Q2497266
TN8748553;OSM;8282168088
TN8748553;SNCF;StopArea:OCE87485532
TN8748553;SNCF;StopPoint:OCECar TER-87485532
TN8748553;SNCF;StopPoint:OCETrain TER-87485532
TN8748553;UIC;8748553
TN8748553;UIC8;87485532
TN8748553;WIKIDATA;Q2871831
TN8748554;OSM;8285219967
TN8748554;SNCF;StopArea:OCE87485540
TN8748554;SNCF;StopPoint:OCECar TER-87485540
TN8748554;SNCF;StopPoint:OCETrain TER-87485540
TN8748554;UIC;8748554
TN8748554;UIC8;87485540
TN8748554;WIKIDATA;Q2188462
TN8748601;OSM;236936915
TN8748601;SNCF;StopArea:OCE87486019
TN8748601;SNCF;StopPoint:OCECar TER-87486019
TN8748601;SNCF;StopPoint:OCEINTERCITES-87486019
TN8748601;SNCF;StopPoint:OCETGV INOUI-87486019
TN8748601;SNCF;StopPoint:OCETrain TER-87486019
TN8748601;UIC;8748601
TN8748601;UIC8;87486019
TN8748601;WIKIDATA;Q2481560
TN8748612;OSM;3918806885
TN8748612;SNCF;StopArea:OCE87486126
TN8748612;SNCF;StopPoint:OCECar TER-87486126
TN8748612;SNCF;StopPoint:OCETrain TER-87486126
TN8748612;UIC;8748612
TN8748612;UIC8;87486126
TN8748612;WIKIDATA;Q3096724
TN8748614;OSM;452936230
TN8748614;SNCF;StopArea:OCE87486142
TN8748614;SNCF;StopPoint:OCECar TER-87486142
TN8748614;SNCF;StopPoint:OCETrain TER-87486142
TN8748614;UIC;8748614
TN8748614;UIC8;87486142
TN8748614;WIKIDATA;Q3095948
TN8748625;OSM;2680576946
TN8748625;SNCF;StopArea:OCE87486258
TN8748625;SNCF;StopPoint:OCEINTERCITES-87486258
TN8748625;SNCF;StopPoint:OCETrain TER-87486258
TN8748625;UIC;8748625
TN8748625;UIC8;87486258
TN8748625;WIKIDATA;Q3096931
TN8748630;OSM;1334080990
TN8748630;SNCF;StopArea:OCE87486308
TN8748630;SNCF;StopPoint:OCETrain TER-87486308
TN8748630;UIC;8748630
TN8748630;UIC8;87486308
TN8748630;WIKIDATA;Q3096759
TN8748631;OSM;1334080965
TN8748631;SNCF;StopArea:OCE87486316
TN8748631;SNCF;StopPoint:OCETrain TER-87486316
TN8748631;UIC;8748631
TN8748631;UIC8;87486316
TN8748631;WIKIDATA;Q3096463
TN8748632;OSM;3091065985
TN8748632;SNCF;StopArea:OCE87486324
TN8748632;SNCF;StopPoint:OCETrain TER-87486324
TN8748632;UIC;8748632
TN8748632;UIC8;87486324
TN8748632;WIKIDATA;Q3096037
TN8748633;OSM;3672040450
TN8748633;SNCF;StopArea:OCE87486332
TN8748633;SNCF;StopPoint:OCECar TER-87486332
TN8748633;SNCF;StopPoint:OCETrain TER-87486332
TN8748633;UIC;8748633
TN8748633;UIC8;87486332
TN8748642;OSM;441797161
TN8748642;SNCF;StopArea:OCE87486423
TN8748642;SNCF;StopPoint:OCECar TER-87486423
TN8748642;SNCF;StopPoint:OCETrain TER-87486423
TN8748642;UIC;8748642
TN8748642;UIC8;87486423
TN8748642;WIKIDATA;Q3096799
TN8748643;SNCF;StopArea:OCE87486431
TN8748643;SNCF;StopPoint:OCETrain TER-87486431
TN8748643;UIC;8748643
TN8748643;UIC8;87486431
TN8748644;SNCF;StopArea:OCE87486449
TN8748644;SNCF;StopPoint:OCECar TER-87486449
TN8748644;SNCF;StopPoint:OCETGV INOUI-87486449
TN8748644;SNCF;StopPoint:OCETrain TER-87486449
TN8748644;UIC;8748644
TN8748644;UIC8;87486449
TN8748656;OSM;847118989
TN8748656;SNCF;StopArea:OCE87486563
TN8748656;SNCF;StopPoint:OCECar TER-87486563
TN8748656;SNCF;StopPoint:OCETrain TER-87486563
TN8748656;UIC;8748656
TN8748656;UIC8;87486563
TN8748656;WIKIDATA;Q3097546
TN8748657;OSM;8410109528
TN8748657;SNCF;StopArea:OCE87486571
TN8748657;SNCF;StopPoint:OCECar TER-87486571
TN8748657;SNCF;StopPoint:OCETrain TER-87486571
TN8748657;UIC;8748657
TN8748657;UIC8;87486571
TN8748657;WIKIDATA;Q1867385
TN8748689;OSM;5809575640
TN8748689;SNCF;StopArea:OCE87486894
TN8748689;SNCF;StopPoint:OCECar TER-87486894
TN8748689;SNCF;StopPoint:OCETrain TER-87486894
TN8748689;UIC;8748689
TN8748689;UIC8;87486894
TN8748689;WIKIDATA;Q3097881
TN8748700;OSM;2006842838
TN8748700;SNCF;StopArea:OCE87487009
TN8748700;SNCF;StopPoint:OCECar TER-87487009
TN8748700;SNCF;StopPoint:OCETrain TER-87487009
TN8748700;UIC;8748700
TN8748700;UIC8;87487009
TN8748700;WIKIDATA;Q2227384
TN8748723;SNCF;StopArea:OCE87487231
TN8748723;SNCF;StopPoint:OCECar TER-87487231
TN8748723;UIC;8748723
TN8748723;UIC8;87487231
TN8748724;OSM;12826038104
TN8748724;SNCF;StopArea:OCE87487249
TN8748724;SNCF;StopPoint:OCECar TER-87487249
TN8748724;SNCF;StopPoint:OCETrain TER-87487249
TN8748724;UIC;8748724
TN8748724;UIC8;87487249
TN8748724;WIKIDATA;Q3096060
TN8748728;OSM;7029712805
TN8748728;SNCF;StopArea:OCE87487280
TN8748728;SNCF;StopPoint:OCECar TER-87487280
TN8748728;SNCF;StopPoint:OCETrain TER-87487280
TN8748728;UIC;8748728
TN8748728;UIC8;87487280
TN8748728;WIKIDATA;Q3096159
TN8748729;SNCF;StopArea:OCE87487298
TN8748729;SNCF;StopPoint:OCECar TER-87487298
TN8748729;UIC;8748729
TN8748729;UIC8;87487298
TN8748731;OSM;6958789617
TN8748731;SNCF;StopArea:OCE87487314
TN8748731;SNCF;StopPoint:OCETrain TER-87487314
TN8748731;UIC;8748731
TN8748731;UIC8;87487314
TN8748760;OSM;3486337297
TN8748760;SNCF;StopArea:OCE87487603
TN8748760;SNCF;StopPoint:OCECar TER-87487603
TN8748760;SNCF;StopPoint:OCEINTERCITES-87487603
TN8748760;SNCF;StopPoint:OCEOUIGO-87487603
TN8748760;SNCF;StopPoint:OCETGV INOUI-87487603
TN8748760;SNCF;StopPoint:OCETrain TER-87487603
TN8748760;UIC;8748760
TN8748760;UIC8;87487603
TN8748760;WIKIDATA;Q3097693
TN8748761;OSM;1057034487
TN8748761;SNCF;StopArea:OCE87487611
TN8748761;SNCF;StopPoint:OCECar TER-87487611
TN8748761;UIC;8748761
TN8748761;UIC8;87487611
TN8748761;WIKIDATA;Q3096069
TN8748763;OSM;1251803317
TN8748763;SNCF;StopArea:OCE87487637
TN8748763;SNCF;StopPoint:OCECar TER-87487637
TN8748763;SNCF;StopPoint:OCETrain TER-87487637
TN8748763;UIC;8748763
TN8748763;UIC8;87487637
TN8748763;WIKIDATA;Q3097092
TN8748784;OSM;9980728796
TN8748784;SNCF;StopArea:OCE87487843
TN8748784;SNCF;StopPoint:OCETrain TER-87487843
TN8748784;UIC;8748784
TN8748784;UIC8;87487843
TN8748784;WIKIDATA;Q3096749
TN8748787;OSM;205432539
TN8748787;SNCF;StopArea:OCE87487876
TN8748787;SNCF;StopPoint:OCETrain TER-87487876
TN8748787;UIC;8748787
TN8748787;UIC8;87487876
TN8748787;WIKIDATA;Q1925026
TN8748788;OSM;8330369701
TN8748788;SNCF;StopArea:OCE87487884
TN8748788;SNCF;StopPoint:OCECar TER-87487884
TN8748788;SNCF;StopPoint:OCETrain TER-87487884
TN8748788;UIC;8748788
TN8748788;UIC8;87487884
TN8748788;WIKIDATA;Q2647106
TN8748789;OSM;3946841117
TN8748789;SNCF;StopArea:OCE87487892
TN8748789;SNCF;StopPoint:OCECar TER-87487892
TN8748789;SNCF;StopPoint:OCETrain TER-87487892
TN8748789;UIC;8748789
TN8748789;UIC8;87487892
TN8748789;WIKIDATA;Q2689390
TN8749100;OSM;6786551627
TN8749100;SNCF;StopArea:OCE87491001
TN8749100;SNCF;StopPoint:OCECar TER-87491001
TN8749100;SNCF;StopPoint:OCEINTERCITES-87491001
TN8749100;SNCF;StopPoint:OCETrain TER-87491001
TN8749100;UIC;8749100
TN8749100;UIC8;87491001
TN8749100;WIKIDATA;Q3097655
TN8749101;OSM;10774711779
TN8749101;SNCF;StopArea:OCE87491019
TN8749101;SNCF;StopPoint:OCECar TER-87491019
TN8749101;SNCF;StopPoint:OCETrain TER-87491019
TN8749101;UIC;8749101
TN8749101;UIC8;87491019
TN8749101;WIKIDATA;Q2660977
TN8749103;OSM;2499751455
TN8749103;SNCF;StopArea:OCE87491035
TN8749103;SNCF;StopPoint:OCECar TER-87491035
TN8749103;SNCF;StopPoint:OCETrain TER-87491035
TN8749103;UIC;8749103
TN8749103;UIC8;87491035
TN8749103;WIKIDATA;Q2683371
TN8749107;OSM;6786551628
TN8749107;SNCF;StopArea:OCE87491076
TN8749107;SNCF;StopPoint:OCETrain TER-87491076
TN8749107;UIC;8749107
TN8749107;UIC8;87491076
TN8749107;WIKIDATA;Q3095943
TN8749110;OSM;10777426683
TN8749110;SNCF;StopArea:OCE87491100
TN8749110;SNCF;StopPoint:OCECar TER-87491100
TN8749110;SNCF;StopPoint:OCETrain TER-87491100
TN8749110;UIC;8749110
TN8749110;UIC8;87491100
TN8749110;WIKIDATA;Q1914432
TN8749114;OSM;11136573617
TN8749114;SNCF;StopArea:OCE87491142
TN8749114;SNCF;StopPoint:OCECar TER-87491142
TN8749114;SNCF;StopPoint:OCEINTERCITES-87491142
TN8749114;SNCF;StopPoint:OCETrain TER-87491142
TN8749114;UIC;8749114
TN8749114;UIC8;87491142
TN8749114;WIKIDATA;Q1870480
TN8749118;OSM;13273881118
TN8749118;SNCF;StopArea:OCE87491183
TN8749118;SNCF;StopPoint:OCECar TER-87491183
TN8749118;SNCF;StopPoint:OCETrain TER-87491183
TN8749118;UIC;8749118
TN8749118;UIC8;87491183
TN8749118;WIKIDATA;Q801194
TN8749119;SNCF;StopArea:OCE87491191
TN8749119;SNCF;StopPoint:OCECar TER-87491191
TN8749119;SNCF;StopPoint:OCETrain TER-87491191
TN8749119;UIC;8749119
TN8749119;UIC8;87491191
TN8749120;OSM;13273770520
TN8749120;SNCF;StopArea:OCE87491209
TN8749120;SNCF;StopPoint:OCECar TER-87491209
TN8749120;SNCF;StopPoint:OCETrain TER-87491209
TN8749120;UIC;8749120
TN8749120;UIC8;87491209
TN8749120;WIKIDATA;Q251410
TN8749121;OSM;13273076779
TN8749121;SNCF;StopArea:OCE87491217
TN8749121;SNCF;StopPoint:OCETrain TER-87491217
TN8749121;UIC;8749121
TN8749121;UIC8;87491217
TN8749121;WIKIDATA;Q3096149
TN8749122;OSM;10777350671
TN8749122;SNCF;StopArea:OCE87491225
TN8749122;SNCF;StopPoint:OCETrain TER-87491225
TN8749122;UIC;8749122
TN8749122;UIC8;87491225
TN8749122;WIKIDATA;Q3096524
TN8749123;OSM;1694822437
TN8749123;SNCF;StopArea:OCE87491233
TN8749123;SNCF;StopPoint:OCETrain TER-87491233
TN8749123;UIC;8749123
TN8749123;UIC8;87491233
TN8749123;WIKIDATA;Q3095686
TN8749124;OSM;13271852855
TN8749124;SNCF;StopArea:OCE87491241
TN8749124;SNCF;StopPoint:OCETrain TER-87491241
TN8749124;UIC;8749124
TN8749124;UIC8;87491241
TN8749124;WIKIDATA;Q3097485
TN8749125;OSM;2839676868
TN8749125;SNCF;StopArea:OCE87491258
TN8749125;SNCF;StopPoint:OCECar TER-87491258
TN8749125;SNCF;StopPoint:OCETrain TER-87491258
TN8749125;UIC;8749125
TN8749125;UIC8;87491258
TN8749125;WIKIDATA;Q2183486
TN8749126;OSM;710657770
TN8749126;SNCF;StopArea:OCE87491266
TN8749126;SNCF;StopPoint:OCETrain TER-87491266
TN8749126;UIC;8749126
TN8749126;UIC8;87491266
TN8749126;WIKIDATA;Q3096335
TN8749127;OSM;1670557175
TN8749127;SNCF;StopArea:OCE87491274
TN8749127;SNCF;StopPoint:OCETrain TER-87491274
TN8749127;UIC;8749127
TN8749127;UIC8;87491274
TN8749127;WIKIDATA;Q3098124
TN8749128;OSM;9465496647
TN8749128;SNCF;StopArea:OCE87491282
TN8749128;SNCF;StopPoint:OCETrain TER-87491282
TN8749128;UIC;8749128
TN8749128;UIC8;87491282
TN8749128;WIKIDATA;Q3097640
TN8749129;OSM;13935114964
TN8749129;SNCF;StopArea:OCE87491290
TN8749129;SNCF;StopPoint:OCECar TER-87491290
TN8749129;SNCF;StopPoint:OCETrain TER-87491290
TN8749129;UIC;8749129
TN8749129;UIC8;87491290
TN8749129;WIKIDATA;Q2073351
TN8749132;OSM;4392016806
TN8749132;SNCF;StopArea:OCE87491324
TN8749132;SNCF;StopPoint:OCECar TER-87491324
TN8749132;SNCF;StopPoint:OCETrain TER-87491324
TN8749132;UIC;8749132
TN8749132;UIC8;87491324
TN8749132;WIKIDATA;Q2699417
TN8749135;OSM;422854397
TN8749135;SNCF;StopArea:OCE87491357
TN8749135;SNCF;StopPoint:OCECar TER-87491357
TN8749135;SNCF;StopPoint:OCETrain TER-87491357
TN8749135;UIC;8749135
TN8749135;UIC8;87491357
TN8749135;WIKIDATA;Q2493750
TN8749144;OSM;6786551629
TN8749144;SNCF;StopArea:OCE87491449
TN8749144;SNCF;StopPoint:OCECar TER-87491449
TN8749144;SNCF;StopPoint:OCETrain TER-87491449
TN8749144;UIC;8749144
TN8749144;UIC8;87491449
TN8749144;WIKIDATA;Q2448097
TN8749147;OSM;6786551631
TN8749147;SNCF;StopArea:OCE87491472
TN8749147;SNCF;StopPoint:OCECar TER-87491472
TN8749147;SNCF;StopPoint:OCETrain TER-87491472
TN8749147;UIC;8749147
TN8749147;UIC8;87491472
TN8749147;WIKIDATA;Q2839048
TN8749150;OSM;6786551632
TN8749150;SNCF;StopArea:OCE87491506
TN8749150;SNCF;StopPoint:OCECar TER-87491506
TN8749150;SNCF;StopPoint:OCETrain TER-87491506
TN8749150;UIC;8749150
TN8749150;UIC8;87491506
TN8749150;WIKIDATA;Q2872674
TN8749180;OSM;6786551624
TN8749180;SNCF;StopArea:OCE87491803
TN8749180;SNCF;StopPoint:OCECar TER-87491803
TN8749180;SNCF;StopPoint:OCETrain TER-87491803
TN8749180;UIC;8749180
TN8749180;UIC8;87491803
TN8749180;WIKIDATA;Q3097454
TN8749181;OSM;6786551626
TN8749181;SNCF;StopArea:OCE87491811
TN8749181;SNCF;StopPoint:OCECar TER-87491811
TN8749181;SNCF;StopPoint:OCETrain TER-87491811
TN8749181;UIC;8749181
TN8749181;UIC8;87491811
TN8749181;WIKIDATA;Q2192093
TN8749722;SNCF;StopArea:OCE87497222
TN8749722;SNCF;StopPoint:OCECar TER-87497222
TN8749722;UIC;8749722
TN8749722;UIC8;87497222
TN8749746;OSM;6121158811
TN8749746;SNCF;StopArea:OCE87497461
TN8749746;SNCF;StopPoint:OCETrain TER-87497461
TN8749746;UIC;8749746
TN8749746;UIC8;87497461
TN8749746;WIKIDATA;Q2385584
TN8749989;SNCF;StopArea:OCE87499897
TN8749989;SNCF;StopPoint:OCECar TER-87499897
TN8749989;UIC;8749989
TN8749989;UIC8;87499897
TN8749991;SNCF;StopArea:OCE87499913
TN8749991;SNCF;StopPoint:OCECar TER-87499913
TN8749991;UIC;8749991
TN8749991;UIC8;87499913
TN8749993;SNCF;StopArea:OCE87499939
TN8749993;SNCF;StopPoint:OCECar TER-87499939
TN8749993;UIC;8749993
TN8749993;UIC8;87499939
TN8749995;SNCF;StopArea:OCE87499954
TN8749995;SNCF;StopPoint:OCECar TER-87499954
TN8749995;UIC;8749995
TN8749995;UIC8;87499954
TN8750008;SNCF;StopArea:OCE87500082
TN8750008;SNCF;StopPoint:OCECar TER-87500082
TN8750008;UIC;8750008
TN8750008;UIC8;87500082
TN8750079;SNCF;StopArea:OCE87500793
TN8750079;SNCF;StopPoint:OCECar TER-87500793
TN8750079;UIC;8750079
TN8750079;UIC8;87500793
TN8750087;SNCF;StopArea:OCE87500876
TN8750087;SNCF;StopPoint:OCECar TER-87500876
TN8750087;UIC;8750087
TN8750087;UIC8;87500876
TN8750090;SNCF;StopArea:OCE87500900
TN8750090;SNCF;StopPoint:OCECar TER-87500900
TN8750090;UIC;8750090
TN8750090;UIC8;87500900
TN8750093;SNCF;StopArea:OCE87500934
TN8750093;SNCF;StopPoint:OCECar TER-87500934
TN8750093;UIC;8750093
TN8750093;UIC8;87500934
TN8750099;SNCF;StopArea:OCE87500991
TN8750099;SNCF;StopPoint:OCECar TER-87500991
TN8750099;UIC;8750099
TN8750099;UIC8;87500991
TN8750104;SNCF;StopArea:OCE87501049
TN8750104;SNCF;StopPoint:OCECar TER-87501049
TN8750104;UIC;8750104
TN8750104;UIC8;87501049
TN8750352;SNCF;StopArea:OCE87503524
TN8750352;SNCF;StopPoint:OCECar TER-87503524
TN8750352;UIC;8750352
TN8750352;UIC8;87503524
TN8753354;SNCF;StopArea:OCE87533547
TN8753354;SNCF;StopPoint:OCECar TER-87533547
TN8753354;UIC;8753354
TN8753354;UIC8;87533547
TN8753359;SNCF;StopArea:OCE87533596
TN8753359;SNCF;StopPoint:OCETramTrain-87533596
TN8753359;UIC;8753359
TN8753359;UIC8;87533596
TN8753361;SNCF;StopArea:OCE87533612
TN8753361;SNCF;StopPoint:OCETramTrain-87533612
TN8753361;UIC;8753361
TN8753361;UIC8;87533612
TN8753362;SNCF;StopArea:OCE87533620
TN8753362;SNCF;StopPoint:OCECar TER-87533620
TN8753362;SNCF;StopPoint:OCETramTrain-87533620
TN8753362;UIC;8753362
TN8753362;UIC8;87533620
TN8753363;SNCF;StopArea:OCE87533638
TN8753363;SNCF;StopPoint:OCETramTrain-87533638
TN8753363;UIC;8753363
TN8753363;UIC8;87533638
TN8753364;SNCF;StopArea:OCE87533646
TN8753364;SNCF;StopPoint:OCETramTrain-87533646
TN8753364;UIC;8753364
TN8753364;UIC8;87533646
TN8753365;SNCF;StopArea:OCE87533653
TN8753365;SNCF;StopPoint:OCETramTrain-87533653
TN8753365;UIC;8753365
TN8753365;UIC8;87533653
TN8753366;SNCF;StopArea:OCE87533661
TN8753366;SNCF;StopPoint:OCETramTrain-87533661
TN8753366;UIC;8753366
TN8753366;UIC8;87533661
TN8753404;SNCF;StopArea:OCE87534040
TN8753404;SNCF;StopPoint:OCECar à réservation-87534040
TN8753404;UIC;8753404
TN8753404;UIC8;87534040
TN8753405;SNCF;StopArea:OCE87534057
TN8753405;SNCF;StopPoint:OCECar à réservation-87534057
TN8753405;UIC;8753405
TN8753405;UIC8;87534057
TN8753406;SNCF;StopArea:OCE87534065
TN8753406;SNCF;StopPoint:OCECar à réservation-87534065
TN8753406;UIC;8753406
TN8753406;UIC8;87534065
TN8753409;SNCF;StopArea:OCE87534099
TN8753409;SNCF;StopPoint:OCECar TER-87534099
TN8753409;UIC;8753409
TN8753409;UIC8;87534099
TN8753432;SNCF;StopArea:OCE87534321
TN8753432;SNCF;StopPoint:OCETramTrain-87534321
TN8753432;UIC;8753432
TN8753432;UIC8;87534321
TN8753433;OSM;13397838495
TN8753433;SNCF;StopArea:OCE87534339
TN8753433;SNCF;StopPoint:OCETramTrain-87534339
TN8753433;UIC;8753433
TN8753433;UIC8;87534339
TN8753434;SNCF;StopArea:OCE87534347
TN8753434;SNCF;StopPoint:OCETramTrain-87534347
TN8753434;UIC;8753434
TN8753434;UIC8;87534347
TN8753509;SNCF;StopArea:OCE87535096
TN8753509;SNCF;StopPoint:OCECar TER-87535096
TN8753509;UIC;8753509
TN8753509;UIC8;87535096
TN8754300;OSM;6960862566
TN8754300;SNCF;StopArea:OCE87543009
TN8754300;SNCF;StopPoint:OCECar TER-87543009
TN8754300;SNCF;StopPoint:OCETrain TER-87543009
TN8754300;UIC;8754300
TN8754300;UIC8;87543009
TN8754300;WIKIDATA;Q1965397
TN8754301;OSM;4290857009
TN8754301;SNCF;StopArea:OCE87543017
TN8754301;SNCF;StopPoint:OCECar TER-87543017
TN8754301;SNCF;StopPoint:OCEINTERCITES de nuit-87543017
TN8754301;SNCF;StopPoint:OCEINTERCITES-87543017
TN8754301;SNCF;StopPoint:OCEOUIGO-87543017
TN8754301;SNCF;StopPoint:OCETrain TER-87543017
TN8754301;UIC;8754301
TN8754301;UIC8;87543017
TN8754301;WIKIDATA;Q2544309
TN8754303;OSM;3468358993
TN8754303;SNCF;StopArea:OCE87543033
TN8754303;SNCF;StopPoint:OCECar TER-87543033
TN8754303;SNCF;StopPoint:OCETrain TER-87543033
TN8754303;UIC;8754303
TN8754303;UIC8;87543033
TN8754303;WIKIDATA;Q427992
TN8754304;OSM;8308508763
TN8754304;SNCF;StopArea:OCE87543041
TN8754304;SNCF;StopPoint:OCECar TER-87543041
TN8754304;SNCF;StopPoint:OCETrain TER-87543041
TN8754304;UIC;8754304
TN8754304;UIC8;87543041
TN8754304;WIKIDATA;Q3044015
TN8754305;OSM;960167854
TN8754305;SNCF;StopArea:OCE87543058
TN8754305;SNCF;StopPoint:OCECar TER-87543058
TN8754305;SNCF;StopPoint:OCETrain TER-87543058
TN8754305;UIC;8754305
TN8754305;UIC8;87543058
TN8754305;WIKIDATA;Q2163650
TN8754306;OSM;9955632004
TN8754306;SNCF;StopArea:OCE87543066
TN8754306;SNCF;StopPoint:OCECar TER-87543066
TN8754306;SNCF;StopPoint:OCETrain TER-87543066
TN8754306;UIC;8754306
TN8754306;UIC8;87543066
TN8754306;WIKIDATA;Q1983004
TN8754307;OSM;8308434214
TN8754307;SNCF;StopArea:OCE87543074
TN8754307;SNCF;StopPoint:OCECar TER-87543074
TN8754307;SNCF;StopPoint:OCETrain TER-87543074
TN8754307;UIC;8754307
TN8754307;UIC8;87543074
TN8754307;WIKIDATA;Q2905467
TN8754308;OSM;8308523947
TN8754308;SNCF;StopArea:OCE87543082
TN8754308;SNCF;StopPoint:OCETrain TER-87543082
TN8754308;UIC;8754308
TN8754308;UIC8;87543082
TN8754308;WIKIDATA;Q2386157
TN8754309;OSM;10025822520
TN8754309;SNCF;StopArea:OCE87543090
TN8754309;SNCF;StopPoint:OCECar TER-87543090
TN8754309;SNCF;StopPoint:OCETrain TER-87543090
TN8754309;UIC;8754309
TN8754309;UIC8;87543090
TN8754309;WIKIDATA;Q3095639
TN8754311;OSM;13315386502
TN8754311;SNCF;StopArea:OCE87543116
TN8754311;SNCF;StopPoint:OCETrain TER-87543116
TN8754311;UIC;8754311
TN8754311;UIC8;87543116
TN8754311;WIKIDATA;Q2499133
TN8754312;OSM;13314856771
TN8754312;SNCF;StopArea:OCE87543124
TN8754312;SNCF;StopPoint:OCECar TER-87543124
TN8754312;SNCF;StopPoint:OCETrain TER-87543124
TN8754312;UIC;8754312
TN8754312;UIC8;87543124
TN8754312;WIKIDATA;Q2641304
TN8754314;OSM;13276219375
TN8754314;SNCF;StopArea:OCE87543140
TN8754314;SNCF;StopPoint:OCECar TER-87543140
TN8754314;SNCF;StopPoint:OCETrain TER-87543140
TN8754314;UIC;8754314
TN8754314;UIC8;87543140
TN8754314;WIKIDATA;Q2428202
TN8754315;OSM;2163803349
TN8754315;SNCF;StopArea:OCE87543157
TN8754315;SNCF;StopPoint:OCETrain TER-87543157
TN8754315;UIC;8754315
TN8754315;UIC8;87543157
TN8754315;WIKIDATA;Q3097228
TN8754316;OSM;2163803354
TN8754316;SNCF;StopArea:OCE87543165
TN8754316;SNCF;StopPoint:OCECar TER-87543165
TN8754316;SNCF;StopPoint:OCETrain TER-87543165
TN8754316;UIC;8754316
TN8754316;UIC8;87543165
TN8754316;WIKIDATA;Q2842657
TN8754319;OSM;9956795633
TN8754319;SNCF;StopArea:OCE87543199
TN8754319;SNCF;StopPoint:OCETrain TER-87543199
TN8754319;UIC;8754319
TN8754319;UIC8;87543199
TN8754319;WIKIDATA;Q3097853
TN8754337;OSM;6960862565
TN8754337;SNCF;StopArea:OCE87543371
TN8754337;SNCF;StopPoint:OCETrain TER-87543371
TN8754337;UIC;8754337
TN8754337;UIC8;87543371
TN8754337;WIKIDATA;Q3096767
TN8754511;OSM;3491814893
TN8754511;SNCF;StopArea:OCE87545111
TN8754511;SNCF;StopPoint:OCETrain TER-87545111
TN8754511;UIC;8754511
TN8754511;UIC8;87545111
TN8754511;WIKIDATA;Q2428557
TN8754512;OSM;2987571732
TN8754512;SNCF;StopArea:OCE87545129
TN8754512;SNCF;StopPoint:OCETrain TER-87545129
TN8754512;UIC;8754512
TN8754512;UIC8;87545129
TN8754512;WIKIDATA;Q2795225
TN8754513;OSM;2365866314
TN8754513;SNCF;StopArea:OCE87545137
TN8754513;SNCF;StopPoint:OCETrain TER-87545137
TN8754513;UIC;8754513
TN8754513;UIC8;87545137
TN8754513;WIKIDATA;Q2530992
TN8754524;OSM;3484229326
TN8754524;SNCF;StopArea:OCE87545244
TN8754524;SNCF;StopPoint:OCEOUIGO-87545244
TN8754524;UIC;8754524
TN8754524;UIC8;87545244
TN8754524;WIKIDATA;Q628695
TN8754552;OSM;6044969154
TN8754552;SNCF;StopArea:OCE87545525
TN8754552;SNCF;StopPoint:OCETrain TER-87545525
TN8754552;UIC;8754552
TN8754552;UIC8;87545525
TN8754552;WIKIDATA;Q2398073
TN8754565;OSM;11014390349
TN8754565;SNCF;StopArea:OCE87545657
TN8754565;SNCF;StopPoint:OCETrain TER-87545657
TN8754565;UIC;8754565
TN8754565;UIC8;87545657
TN8754565;WIKIDATA;Q3095696
TN8754570;OSM;12205325316
TN8754570;SNCF;StopArea:OCE87545707
TN8754570;SNCF;StopPoint:OCETrain TER-87545707
TN8754570;UIC;8754570
TN8754570;UIC8;87545707
TN8754570;WIKIDATA;Q2155896
TN8754573;OSM;264575614
TN8754573;SNCF;StopArea:OCE87545731
TN8754573;SNCF;StopPoint:OCETrain TER-87545731
TN8754573;UIC;8754573
TN8754573;UIC8;87545731
TN8754573;WIKIDATA;Q2315461
TN8754575;OSM;9769689298
TN8754575;SNCF;StopArea:OCE87545756
TN8754575;SNCF;StopPoint:OCETrain TER-87545756
TN8754575;UIC;8754575
TN8754575;UIC8;87545756
TN8754575;WIKIDATA;Q2782753
TN8754700;OSM;3493828793
TN8754700;SNCF;StopArea:OCE87547000
TN8754700;SNCF;StopPoint:OCECar à réservation-87547000
TN8754700;SNCF;StopPoint:OCEINTERCITES de nuit-87547000
TN8754700;SNCF;StopPoint:OCEINTERCITES-87547000
TN8754700;SNCF;StopPoint:OCEOUIGO-87547000
TN8754700;SNCF;StopPoint:OCETrain TER-87547000
TN8754700;UIC;8754700
TN8754700;UIC8;87547000
TN8754700;WIKIDATA;Q1494179
TN8755194;SNCF;StopArea:OCE87551945
TN8755194;SNCF;StopPoint:OCECar TER-87551945
TN8755194;UIC;8755194
TN8755194;UIC8;87551945
TN8755214;SNCF;StopArea:OCE87552141
TN8755214;SNCF;StopPoint:OCECar TER-87552141
TN8755214;UIC;8755214
TN8755214;UIC8;87552141
TN8755650;SNCF;StopArea:OCE87556506
TN8755650;SNCF;StopPoint:OCECar TER-87556506
TN8755650;UIC;8755650
TN8755650;UIC8;87556506
TN8755652;SNCF;StopArea:OCE87556522
TN8755652;SNCF;StopPoint:OCECar TER-87556522
TN8755652;UIC;8755652
TN8755652;UIC8;87556522
TN8755907;OSM;8307951299
TN8755907;SNCF;StopArea:OCE87559070
TN8755907;SNCF;StopPoint:OCECar TER-87559070
TN8755907;SNCF;StopPoint:OCETrain TER-87559070
TN8755907;UIC;8755907
TN8755907;UIC8;87559070
TN8756242;OSM;541423177
TN8756242;SNCF;StopArea:OCE87562421
TN8756242;SNCF;StopPoint:OCECar TER-87562421
TN8756242;SNCF;StopPoint:OCETrain TER-87562421
TN8756242;UIC;8756242
TN8756242;UIC8;87562421
TN8756242;WIKIDATA;Q2383561
TN8756514;OSM;35731049
TN8756514;SNCF;StopArea:OCE87565143
TN8756514;SNCF;StopPoint:OCECar TER-87565143
TN8756514;SNCF;StopPoint:OCETrain TER-87565143
TN8756514;UIC;8756514
TN8756514;UIC8;87565143
TN8756514;WIKIDATA;Q21619066
TN8756691;SNCF;StopArea:OCE87566919
TN8756691;SNCF;StopPoint:OCECar TER-87566919
TN8756691;SNCF;StopPoint:OCETrain TER-87566919
TN8756691;UIC;8756691
TN8756691;UIC8;87566919
TN8757100;OSM;4550029282
TN8757100;SNCF;StopArea:OCE87571000
TN8757100;SNCF;StopPoint:OCECar TER-87571000
TN8757100;SNCF;StopPoint:OCENavette-87571000
TN8757100;SNCF;StopPoint:OCETGV INOUI-87571000
TN8757100;SNCF;StopPoint:OCETrain TER-87571000
TN8757100;UIC;8757100
TN8757100;UIC8;87571000
TN8757100;WIKIDATA;Q1876295
TN8757121;SNCF;StopArea:OCE87571216
TN8757121;SNCF;StopPoint:OCETGV INOUI-87571216
TN8757121;UIC;8757121
TN8757121;UIC8;87571216
TN8757124;OSM;6960862545
TN8757124;SNCF;StopArea:OCE87571240
TN8757124;SNCF;StopPoint:OCECar TER-87571240
TN8757124;SNCF;StopPoint:OCEINTERCITES de nuit-87571240
TN8757124;SNCF;StopPoint:OCEINTERCITES-87571240
TN8757124;SNCF;StopPoint:OCENavette-87571240
TN8757124;SNCF;StopPoint:OCEOUIGO-87571240
TN8757124;SNCF;StopPoint:OCETGV INOUI-87571240
TN8757124;SNCF;StopPoint:OCETrain TER-87571240
TN8757124;UIC;8757124
TN8757124;UIC8;87571240
TN8757124;WIKIDATA;Q3097610
TN8757127;OSM;6960862546
TN8757127;SNCF;StopArea:OCE87571273
TN8757127;SNCF;StopPoint:OCETrain TER-87571273
TN8757127;UIC;8757127
TN8757127;UIC8;87571273
TN8757127;WIKIDATA;Q3097083
TN8757140;OSM;12988575465
TN8757140;SNCF;StopArea:OCE87571406
TN8757140;SNCF;StopPoint:OCETrain TER-87571406
TN8757140;UIC;8757140
TN8757140;UIC8;87571406
TN8757140;WIKIDATA;Q3097067
TN8757141;OSM;10929971257
TN8757141;SNCF;StopArea:OCE87571414
TN8757141;SNCF;StopPoint:OCETrain TER-87571414
TN8757141;UIC;8757141
TN8757141;UIC8;87571414
TN8757141;WIKIDATA;Q3097944
TN8757142;OSM;10932204314
TN8757142;SNCF;StopArea:OCE87571422
TN8757142;SNCF;StopPoint:OCETrain TER-87571422
TN8757142;UIC;8757142
TN8757142;UIC8;87571422
TN8757142;WIKIDATA;Q3095750
TN8757143;OSM;10932204311
TN8757143;SNCF;StopArea:OCE87571430
TN8757143;SNCF;StopPoint:OCETrain TER-87571430
TN8757143;UIC;8757143
TN8757143;UIC8;87571430
TN8757143;WIKIDATA;Q3096288
TN8757144;OSM;10932204299
TN8757144;SNCF;StopArea:OCE87571448
TN8757144;SNCF;StopPoint:OCETrain TER-87571448
TN8757144;UIC;8757144
TN8757144;UIC8;87571448
TN8757144;WIKIDATA;Q3096315
TN8757145;OSM;793633189
TN8757145;SNCF;StopArea:OCE87571455
TN8757145;SNCF;StopPoint:OCETrain TER-87571455
TN8757145;UIC;8757145
TN8757145;UIC8;87571455
TN8757145;WIKIDATA;Q3097388
TN8757146;OSM;10932204276
TN8757146;SNCF;StopArea:OCE87571463
TN8757146;SNCF;StopPoint:OCETrain TER-87571463
TN8757146;UIC;8757146
TN8757146;UIC8;87571463
TN8757146;WIKIDATA;Q3096179
TN8757147;OSM;11331176088
TN8757147;SNCF;StopArea:OCE87571471
TN8757147;SNCF;StopPoint:OCETrain TER-87571471
TN8757147;UIC;8757147
TN8757147;UIC8;87571471
TN8757147;WIKIDATA;Q1892240
TN8757150;OSM;13208519170
TN8757150;SNCF;StopArea:OCE87571505
TN8757150;SNCF;StopPoint:OCETrain TER-87571505
TN8757150;UIC;8757150
TN8757150;UIC8;87571505
TN8757151;OSM;4290857001
TN8757151;SNCF;StopArea:OCE87571513
TN8757151;SNCF;StopPoint:OCETrain TER-87571513
TN8757151;UIC;8757151
TN8757151;UIC8;87571513
TN8757151;WIKIDATA;Q2401102
TN8757153;OSM;4052518450
TN8757153;SNCF;StopArea:OCE87571539
TN8757153;SNCF;StopPoint:OCETrain TER-87571539
TN8757153;UIC;8757153
TN8757153;UIC8;87571539
TN8757153;WIKIDATA;Q3097489
TN8757154;OSM;4052518445
TN8757154;SNCF;StopArea:OCE87571547
TN8757154;SNCF;StopPoint:OCETrain TER-87571547
TN8757154;UIC;8757154
TN8757154;UIC8;87571547
TN8757154;WIKIDATA;Q3097190
TN8757155;OSM;3468358894
TN8757155;SNCF;StopArea:OCE87571554
TN8757155;SNCF;StopPoint:OCETrain TER-87571554
TN8757155;UIC;8757155
TN8757155;UIC8;87571554
TN8757155;WIKIDATA;Q3097584
TN8757160;OSM;3670576334
TN8757160;SNCF;StopArea:OCE87571604
TN8757160;SNCF;StopPoint:OCECar TER-87571604
TN8757160;UIC;8757160
TN8757160;UIC8;87571604
TN8757160;WIKIDATA;Q3095896
TN8757161;OSM;10876011509
TN8757161;SNCF;StopArea:OCE87571612
TN8757161;SNCF;StopPoint:OCECar TER-87571612
TN8757161;UIC;8757161
TN8757161;UIC8;87571612
TN8757161;WIKIDATA;Q3096403
TN8757163;OSM;3992478157
TN8757163;SNCF;StopArea:OCE87571638
TN8757163;SNCF;StopPoint:OCECar TER-87571638
TN8757163;UIC;8757163
TN8757163;UIC8;87571638
TN8757163;WIKIDATA;Q3095715
TN8757165;SNCF;StopArea:OCE87571653
TN8757165;SNCF;StopPoint:OCECar TER-87571653
TN8757165;UIC;8757165
TN8757165;UIC8;87571653
TN8757168;SNCF;StopArea:OCE87571687
TN8757168;SNCF;StopPoint:OCECar TER-87571687
TN8757168;UIC;8757168
TN8757168;UIC8;87571687
TN8757179;OSM;3947264481
TN8757179;SNCF;StopArea:OCE87571794
TN8757179;SNCF;StopPoint:OCECar TER-87571794
TN8757179;SNCF;StopPoint:OCETrain TER-87571794
TN8757179;UIC;8757179
TN8757179;UIC8;87571794
TN8757179;WIKIDATA;Q3097321
TN8757180;OSM;9633273942
TN8757180;SNCF;StopArea:OCE87571802
TN8757180;SNCF;StopPoint:OCETrain TER-87571802
TN8757180;UIC;8757180
TN8757180;UIC8;87571802
TN8757180;WIKIDATA;Q3096766
TN8757181;OSM;4055238302
TN8757181;SNCF;StopArea:OCE87571810
TN8757181;SNCF;StopPoint:OCETrain TER-87571810
TN8757181;UIC;8757181
TN8757181;UIC8;87571810
TN8757181;WIKIDATA;Q3097590
TN8757182;SNCF;StopArea:OCE87571828
TN8757182;SNCF;StopPoint:OCECar TER-87571828
TN8757182;SNCF;StopPoint:OCETrain TER-87571828
TN8757182;UIC;8757182
TN8757182;UIC8;87571828
TN8757183;SNCF;StopArea:OCE87571836
TN8757183;SNCF;StopPoint:OCECar TER-87571836
TN8757183;SNCF;StopPoint:OCETrain TER-87571836
TN8757183;UIC;8757183
TN8757183;UIC8;87571836
TN8757184;OSM;1431191945
TN8757184;SNCF;StopArea:OCE87571844
TN8757184;SNCF;StopPoint:OCETrain TER-87571844
TN8757184;UIC;8757184
TN8757184;UIC8;87571844
TN8757184;WIKIDATA;Q3097696
TN8757185;OSM;11611830640
TN8757185;SNCF;StopArea:OCE87571851
TN8757185;SNCF;StopPoint:OCETrain TER-87571851
TN8757185;UIC;8757185
TN8757185;UIC8;87571851
TN8757185;WIKIDATA;Q3097524
TN8757188;OSM;11599384852
TN8757188;SNCF;StopArea:OCE87571885
TN8757188;SNCF;StopPoint:OCECar TER-87571885
TN8757188;SNCF;StopPoint:OCETrain TER-87571885
TN8757188;UIC;8757188
TN8757188;UIC8;87571885
TN8757188;WIKIDATA;Q405631
TN8757400;OSM;4550084940
TN8757400;SNCF;StopArea:OCE87574004
TN8757400;SNCF;StopPoint:OCECar TER-87574004
TN8757400;SNCF;StopPoint:OCEOUIGO-87574004
TN8757400;SNCF;StopPoint:OCETrain TER-87574004
TN8757400;UIC;8757400
TN8757400;UIC8;87574004
TN8757400;WIKIDATA;Q2273271
TN8757411;OSM;6960862562
TN8757411;SNCF;StopArea:OCE87574111
TN8757411;SNCF;StopPoint:OCETrain TER-87574111
TN8757411;UIC;8757411
TN8757411;UIC8;87574111
TN8757411;WIKIDATA;Q3096173
TN8757412;OSM;6960862561
TN8757412;SNCF;StopArea:OCE87574129
TN8757412;SNCF;StopPoint:OCETrain TER-87574129
TN8757412;UIC;8757412
TN8757412;UIC8;87574129
TN8757412;WIKIDATA;Q3097498
TN8757413;OSM;6960862563
TN8757413;SNCF;StopArea:OCE87574137
TN8757413;SNCF;StopPoint:OCECar TER-87574137
TN8757413;SNCF;StopPoint:OCETrain TER-87574137
TN8757413;UIC;8757413
TN8757413;UIC8;87574137
TN8757413;WIKIDATA;Q1931469
TN8757415;OSM;8312907319
TN8757415;SNCF;StopArea:OCE87574152
TN8757415;SNCF;StopPoint:OCETrain TER-87574152
TN8757415;UIC;8757415
TN8757415;UIC8;87574152
TN8757415;WIKIDATA;Q3095924
TN8757416;OSM;4290854854
TN8757416;SNCF;StopArea:OCE87574160
TN8757416;SNCF;StopPoint:OCECar TER-87574160
TN8757416;SNCF;StopPoint:OCETrain TER-87574160
TN8757416;UIC;8757416
TN8757416;UIC8;87574160
TN8757416;WIKIDATA;Q3095933
TN8757419;OSM;1419161776
TN8757419;SNCF;StopArea:OCE87574194
TN8757419;SNCF;StopPoint:OCECar TER-87574194
TN8757419;SNCF;StopPoint:OCETrain TER-87574194
TN8757419;UIC;8757419
TN8757419;UIC8;87574194
TN8757419;WIKIDATA;Q3097018
TN8757423;OSM;6960862556
TN8757423;SNCF;StopArea:OCE87574236
TN8757423;SNCF;StopPoint:OCETrain TER-87574236
TN8757423;UIC;8757423
TN8757423;UIC8;87574236
TN8757423;WIKIDATA;Q3097803
TN8757424;OSM;6960862555
TN8757424;SNCF;StopArea:OCE87574244
TN8757424;SNCF;StopPoint:OCETrain TER-87574244
TN8757424;UIC;8757424
TN8757424;UIC8;87574244
TN8757424;WIKIDATA;Q3097014
TN8757425;OSM;6960862554
TN8757425;SNCF;StopArea:OCE87574251
TN8757425;SNCF;StopPoint:OCETrain TER-87574251
TN8757425;UIC;8757425
TN8757425;UIC8;87574251
TN8757425;WIKIDATA;Q3096770
TN8757430;OSM;6960862553
TN8757430;SNCF;StopArea:OCE87574301
TN8757430;SNCF;StopPoint:OCETrain TER-87574301
TN8757430;UIC;8757430
TN8757430;UIC8;87574301
TN8757430;WIKIDATA;Q3096226
TN8757431;OSM;6960862552
TN8757431;SNCF;StopArea:OCE87574319
TN8757431;SNCF;StopPoint:OCECar TER-87574319
TN8757431;SNCF;StopPoint:OCETrain TER-87574319
TN8757431;UIC;8757431
TN8757431;UIC8;87574319
TN8757431;WIKIDATA;Q3095830
TN8757432;OSM;6960862551
TN8757432;SNCF;StopArea:OCE87574327
TN8757432;SNCF;StopPoint:OCETrain TER-87574327
TN8757432;UIC;8757432
TN8757432;UIC8;87574327
TN8757432;WIKIDATA;Q943479
TN8757433;OSM;6960862550
TN8757433;SNCF;StopArea:OCE87574335
TN8757433;SNCF;StopPoint:OCETrain TER-87574335
TN8757433;UIC;8757433
TN8757433;UIC8;87574335
TN8757433;WIKIDATA;Q3096886
TN8757434;OSM;6960862548
TN8757434;SNCF;StopArea:OCE87574343
TN8757434;SNCF;StopPoint:OCECar TER-87574343
TN8757434;SNCF;StopPoint:OCETrain TER-87574343
TN8757434;UIC;8757434
TN8757434;UIC8;87574343
TN8757434;WIKIDATA;Q3095624
TN8757436;OSM;6960862547
TN8757436;SNCF;StopArea:OCE87574368
TN8757436;SNCF;StopPoint:OCETrain TER-87574368
TN8757436;UIC;8757436
TN8757436;UIC8;87574368
TN8757436;WIKIDATA;Q3097215
TN8757443;OSM;9910934326
TN8757443;SNCF;StopArea:OCE87574434
TN8757443;SNCF;StopPoint:OCETrain TER-87574434
TN8757443;UIC;8757443
TN8757443;UIC8;87574434
TN8757443;WIKIDATA;Q3098047
TN8757444;OSM;11599430718
TN8757444;SNCF;StopArea:OCE87574442
TN8757444;SNCF;StopPoint:OCETrain TER-87574442
TN8757444;UIC;8757444
TN8757444;UIC8;87574442
TN8757444;WIKIDATA;Q3095716
TN8757445;SNCF;StopArea:OCE87574459
TN8757445;SNCF;StopPoint:OCETrain TER-87574459
TN8757445;UIC;8757445
TN8757445;UIC8;87574459
TN8757447;OSM;2110395516
TN8757447;SNCF;StopArea:OCE87574475
TN8757447;SNCF;StopPoint:OCETrain TER-87574475
TN8757447;UIC;8757447
TN8757447;UIC8;87574475
TN8757447;WIKIDATA;Q3096007
TN8757449;OSM;5111215481
TN8757449;SNCF;StopArea:OCE87574491
TN8757449;SNCF;StopPoint:OCETrain TER-87574491
TN8757449;UIC;8757449
TN8757449;UIC8;87574491
TN8757449;WIKIDATA;Q2695647
TN8757450;OSM;9769769876
TN8757450;SNCF;StopArea:OCE87574509
TN8757450;SNCF;StopPoint:OCETrain TER-87574509
TN8757450;UIC;8757450
TN8757450;UIC8;87574509
TN8757450;WIKIDATA;Q3096255
TN8757453;OSM;2189076736
TN8757453;SNCF;StopArea:OCE87574533
TN8757453;SNCF;StopPoint:OCETrain TER-87574533
TN8757453;UIC;8757453
TN8757453;UIC8;87574533
TN8757453;WIKIDATA;Q3096495
TN8757454;OSM;50635656
TN8757454;SNCF;StopArea:OCE87574541
TN8757454;SNCF;StopPoint:OCETrain TER-87574541
TN8757454;UIC;8757454
TN8757454;UIC8;87574541
TN8757454;WIKIDATA;Q3097269
TN8757455;OSM;50640075
TN8757455;SNCF;StopArea:OCE87574558
TN8757455;SNCF;StopPoint:OCECar TER-87574558
TN8757455;SNCF;StopPoint:OCETrain TER-87574558
TN8757455;UIC;8757455
TN8757455;UIC8;87574558
TN8757455;WIKIDATA;Q3097951
TN8757464;OSM;842089194
TN8757464;SNCF;StopArea:OCE87574640
TN8757464;SNCF;StopPoint:OCECar TER-87574640
TN8757464;SNCF;StopPoint:OCETrain TER-87574640
TN8757464;UIC;8757464
TN8757464;UIC8;87574640
TN8757464;WIKIDATA;Q3097480
TN8757466;OSM;2400741079
TN8757466;SNCF;StopArea:OCE87574665
TN8757466;SNCF;StopPoint:OCECar TER-87574665
TN8757466;SNCF;StopPoint:OCETrain TER-87574665
TN8757466;UIC;8757466
TN8757466;UIC8;87574665
TN8757466;WIKIDATA;Q3096228
TN8757468;OSM;11014727242
TN8757468;SNCF;StopArea:OCE87574681
TN8757468;SNCF;StopPoint:OCETrain TER-87574681
TN8757468;UIC;8757468
TN8757468;UIC8;87574681
TN8757468;WIKIDATA;Q3097060
TN8757469;OSM;11138964494
TN8757469;SNCF;StopArea:OCE87574699
TN8757469;SNCF;StopPoint:OCETrain TER-87574699
TN8757469;UIC;8757469
TN8757469;UIC8;87574699
TN8757469;WIKIDATA;Q3097220
TN8757484;OSM;2110395538
TN8757484;SNCF;StopArea:OCE87574848
TN8757484;SNCF;StopPoint:OCETrain TER-87574848
TN8757484;UIC;8757484
TN8757484;UIC8;87574848
TN8757484;WIKIDATA;Q3096220
TN8757485;OSM;3951275706
TN8757485;SNCF;StopArea:OCE87574855
TN8757485;SNCF;StopPoint:OCETrain TER-87574855
TN8757485;UIC;8757485
TN8757485;UIC8;87574855
TN8757485;WIKIDATA;Q2362220
TN8757489;OSM;3951294369
TN8757489;SNCF;StopArea:OCE87574897
TN8757489;SNCF;StopPoint:OCETrain TER-87574897
TN8757489;UIC;8757489
TN8757489;UIC8;87574897
TN8757489;WIKIDATA;Q3097477
TN8757500;OSM;9912502487
TN8757500;SNCF;StopArea:OCE87575001
TN8757500;SNCF;StopPoint:OCECar TER-87575001
TN8757500;SNCF;StopPoint:OCEOUIGO-87575001
TN8757500;SNCF;StopPoint:OCETGV INOUI-87575001
TN8757500;SNCF;StopPoint:OCETrain TER-87575001
TN8757500;UIC;8757500
TN8757500;UIC8;87575001
TN8757500;WIKIDATA;Q2786522
TN8757503;OSM;4043661067
TN8757503;SNCF;StopArea:OCE87575035
TN8757503;SNCF;StopPoint:OCECar TER-87575035
TN8757503;SNCF;StopPoint:OCETrain TER-87575035
TN8757503;UIC;8757503
TN8757503;UIC8;87575035
TN8757503;WIKIDATA;Q3097101
TN8757504;OSM;4035244566
TN8757504;SNCF;StopArea:OCE87575043
TN8757504;SNCF;StopPoint:OCETrain TER-87575043
TN8757504;UIC;8757504
TN8757504;UIC8;87575043
TN8757504;WIKIDATA;Q2389054
TN8757505;OSM;4035244556
TN8757505;SNCF;StopArea:OCE87575050
TN8757505;SNCF;StopPoint:OCECar TER-87575050
TN8757505;SNCF;StopPoint:OCETrain TER-87575050
TN8757505;UIC;8757505
TN8757505;UIC8;87575050
TN8757505;WIKIDATA;Q2478637
TN8757506;OSM;4072961553
TN8757506;SNCF;StopArea:OCE87575068
TN8757506;SNCF;StopPoint:OCETrain TER-87575068
TN8757506;UIC;8757506
TN8757506;UIC8;87575068
TN8757506;WIKIDATA;Q3096962
TN8757507;OSM;11012831321
TN8757507;SNCF;StopArea:OCE87575076
TN8757507;SNCF;StopPoint:OCECar TER-87575076
TN8757507;SNCF;StopPoint:OCETrain TER-87575076
TN8757507;UIC;8757507
TN8757507;UIC8;87575076
TN8757507;WIKIDATA;Q520724
TN8757511;OSM;685715747
TN8757511;SNCF;StopArea:OCE87575118
TN8757511;SNCF;StopPoint:OCETrain TER-87575118
TN8757511;UIC;8757511
TN8757511;UIC8;87575118
TN8757511;WIKIDATA;Q2358754
TN8757512;OSM;4550029283
TN8757512;SNCF;StopArea:OCE87575126
TN8757512;SNCF;StopPoint:OCETrain TER-87575126
TN8757512;UIC;8757512
TN8757512;UIC8;87575126
TN8757512;WIKIDATA;Q1978811
TN8757513;OSM;4440832424
TN8757513;SNCF;StopArea:OCE87575134
TN8757513;SNCF;StopPoint:OCETrain TER-87575134
TN8757513;UIC;8757513
TN8757513;UIC8;87575134
TN8757513;WIKIDATA;Q1940437
TN8757514;OSM;4290854867
TN8757514;SNCF;StopArea:OCE87575142
TN8757514;SNCF;StopPoint:OCECar TER-87575142
TN8757514;SNCF;StopPoint:OCETGV INOUI-87575142
TN8757514;SNCF;StopPoint:OCETrain TER-87575142
TN8757514;UIC;8757514
TN8757514;UIC8;87575142
TN8757514;WIKIDATA;Q1878152
TN8757516;OSM;4550029286
TN8757516;SNCF;StopArea:OCE87575167
TN8757516;SNCF;StopPoint:OCETrain TER-87575167
TN8757516;UIC;8757516
TN8757516;UIC8;87575167
TN8757516;WIKIDATA;Q2672815
TN8757517;OSM;4550029287
TN8757517;SNCF;StopArea:OCE87575175
TN8757517;SNCF;StopPoint:OCECar TER-87575175
TN8757517;SNCF;StopPoint:OCETrain TER-87575175
TN8757517;UIC;8757517
TN8757517;UIC8;87575175
TN8757517;WIKIDATA;Q1970279
TN8757518;OSM;249333739
TN8757518;SNCF;StopArea:OCE87575183
TN8757518;SNCF;StopPoint:OCECar TER-87575183
TN8757518;SNCF;StopPoint:OCETrain TER-87575183
TN8757518;UIC;8757518
TN8757518;UIC8;87575183
TN8757518;WIKIDATA;Q2430077
TN8757519;OSM;4550029288
TN8757519;SNCF;StopArea:OCE87575191
TN8757519;SNCF;StopPoint:OCETrain TER-87575191
TN8757519;UIC;8757519
TN8757519;UIC8;87575191
TN8757519;WIKIDATA;Q1995058
TN8757521;OSM;4440734950
TN8757521;SNCF;StopArea:OCE87575217
TN8757521;SNCF;StopPoint:OCECar TER-87575217
TN8757521;SNCF;StopPoint:OCETrain TER-87575217
TN8757521;UIC;8757521
TN8757521;UIC8;87575217
TN8757521;WIKIDATA;Q2720958
TN8757522;OSM;9646738124
TN8757522;SNCF;StopArea:OCE87575225
TN8757522;SNCF;StopPoint:OCETrain TER-87575225
TN8757522;UIC;8757522
TN8757522;UIC8;87575225
TN8757522;WIKIDATA;Q2480414
TN8757527;OSM;10942991908
TN8757527;SNCF;StopArea:OCE87575274
TN8757527;SNCF;StopPoint:OCECar TER-87575274
TN8757527;SNCF;StopPoint:OCETrain TER-87575274
TN8757527;UIC;8757527
TN8757527;UIC8;87575274
TN8757527;WIKIDATA;Q2030786
TN8757529;OSM;718390151
TN8757529;SNCF;StopArea:OCE87575290
TN8757529;SNCF;StopPoint:OCECar TER-87575290
TN8757529;SNCF;StopPoint:OCETrain TER-87575290
TN8757529;UIC;8757529
TN8757529;UIC8;87575290
TN8757529;WIKIDATA;Q2314920
TN8757533;OSM;2839676860
TN8757533;SNCF;StopArea:OCE87575332
TN8757533;SNCF;StopPoint:OCECar TER-87575332
TN8757533;SNCF;StopPoint:OCETrain TER-87575332
TN8757533;UIC;8757533
TN8757533;UIC8;87575332
TN8757533;WIKIDATA;Q2598406
TN8757535;OSM;2839676861
TN8757535;SNCF;StopArea:OCE87575357
TN8757535;SNCF;StopPoint:OCECar TER-87575357
TN8757535;SNCF;StopPoint:OCETrain TER-87575357
TN8757535;UIC;8757535
TN8757535;UIC8;87575357
TN8757535;WIKIDATA;Q2406713
TN8757536;OSM;249333899
TN8757536;SNCF;StopArea:OCE87575365
TN8757536;SNCF;StopPoint:OCECar TER-87575365
TN8757536;SNCF;StopPoint:OCETrain TER-87575365
TN8757536;UIC;8757536
TN8757536;UIC8;87575365
TN8757536;WIKIDATA;Q2322939
TN8757548;SNCF;StopArea:OCE87575480
TN8757548;SNCF;StopPoint:OCECar TER-87575480
TN8757548;SNCF;StopPoint:OCETrain TER-87575480
TN8757548;UIC;8757548
TN8757548;UIC8;87575480
TN8757549;OSM;11068367237
TN8757549;SNCF;StopArea:OCE87575498
TN8757549;SNCF;StopPoint:OCECar TER-87575498
TN8757549;UIC;8757549
TN8757549;UIC8;87575498
TN8757549;WIKIDATA;Q3096858
TN8757570;OSM;9004536373
TN8757570;SNCF;StopArea:OCE87575704
TN8757570;SNCF;StopPoint:OCECar TER-87575704
TN8757570;SNCF;StopPoint:OCETrain TER-87575704
TN8757570;UIC;8757570
TN8757570;UIC8;87575704
TN8757584;SNCF;StopArea:OCE87575845
TN8757584;SNCF;StopPoint:OCECar TER-87575845
TN8757584;SNCF;StopPoint:OCETrain TER-87575845
TN8757584;UIC;8757584
TN8757584;UIC8;87575845
TN8757600;OSM;9252748403
TN8757600;SNCF;StopArea:OCE87576009
TN8757600;SNCF;StopPoint:OCECar TER-87576009
TN8757600;SNCF;StopPoint:OCEINTERCITES de nuit-87576009
TN8757600;SNCF;StopPoint:OCEINTERCITES-87576009
TN8757600;SNCF;StopPoint:OCETrain TER-87576009
TN8757600;UIC;8757600
TN8757600;UIC8;87576009
TN8757600;WIKIDATA;Q2749385
TN8757602;OSM;1962830126
TN8757602;SNCF;StopArea:OCE87576025
TN8757602;SNCF;StopPoint:OCECar TER-87576025
TN8757602;SNCF;StopPoint:OCETrain TER-87576025
TN8757602;UIC;8757602
TN8757602;UIC8;87576025
TN8757602;WIKIDATA;Q2727107
TN8757608;OSM;833871965
TN8757608;SNCF;StopArea:OCE87576082
TN8757608;SNCF;StopPoint:OCECar TER-87576082
TN8757608;SNCF;StopPoint:OCETrain TER-87576082
TN8757608;UIC;8757608
TN8757608;UIC8;87576082
TN8757608;WIKIDATA;Q2167825
TN8757609;OSM;9252880900
TN8757609;SNCF;StopArea:OCE87576090
TN8757609;SNCF;StopPoint:OCETrain TER-87576090
TN8757609;UIC;8757609
TN8757609;UIC8;87576090
TN8757609;WIKIDATA;Q1901288
TN8757610;OSM;9252912958
TN8757610;SNCF;StopArea:OCE87576108
TN8757610;SNCF;StopPoint:OCETrain TER-87576108
TN8757610;UIC;8757610
TN8757610;UIC8;87576108
TN8757610;WIKIDATA;Q2577332
TN8757611;OSM;9252941371
TN8757611;SNCF;StopArea:OCE87576116
TN8757611;SNCF;StopPoint:OCETrain TER-87576116
TN8757611;UIC;8757611
TN8757611;UIC8;87576116
TN8757611;WIKIDATA;Q607296
TN8757613;OSM;10565420835
TN8757613;SNCF;StopArea:OCE87576132
TN8757613;SNCF;StopPoint:OCETrain TER-87576132
TN8757613;UIC;8757613
TN8757613;UIC8;87576132
TN8757613;WIKIDATA;Q3096981
TN8757614;OSM;3468358895
TN8757614;SNCF;StopArea:OCE87576140
TN8757614;SNCF;StopPoint:OCECar TER-87576140
TN8757614;SNCF;StopPoint:OCETrain TER-87576140
TN8757614;UIC;8757614
TN8757614;UIC8;87576140
TN8757614;WIKIDATA;Q3097715
TN8757615;SNCF;StopArea:OCE87576157
TN8757615;SNCF;StopPoint:OCECar TER-87576157
TN8757615;SNCF;StopPoint:OCETrain TER-87576157
TN8757615;UIC;8757615
TN8757615;UIC8;87576157
TN8757616;OSM;2051211763
TN8757616;SNCF;StopArea:OCE87576165
TN8757616;SNCF;StopPoint:OCECar TER-87576165
TN8757616;SNCF;StopPoint:OCETrain TER-87576165
TN8757616;UIC;8757616
TN8757616;UIC8;87576165
TN8757616;WIKIDATA;Q1826289
TN8757617;OSM;9432238253
TN8757617;SNCF;StopArea:OCE87576173
TN8757617;SNCF;StopPoint:OCECar TER-87576173
TN8757617;SNCF;StopPoint:OCETrain TER-87576173
TN8757617;UIC;8757617
TN8757617;UIC8;87576173
TN8757617;WIKIDATA;Q2573173
TN8757618;OSM;3468359593
TN8757618;SNCF;StopArea:OCE87576181
TN8757618;SNCF;StopPoint:OCETrain TER-87576181
TN8757618;UIC;8757618
TN8757618;UIC8;87576181
TN8757618;WIKIDATA;Q2390460
TN8757619;OSM;11332065068
TN8757619;SNCF;StopArea:OCE87576199
TN8757619;SNCF;StopPoint:OCETrain TER-87576199
TN8757619;UIC;8757619
TN8757619;UIC8;87576199
TN8757619;WIKIDATA;Q3097351
TN8757620;OSM;194212267
TN8757620;SNCF;StopArea:OCE87576207
TN8757620;SNCF;StopPoint:OCECar TER-87576207
TN8757620;SNCF;StopPoint:OCEINTERCITES-87576207
TN8757620;SNCF;StopPoint:OCETrain TER-87576207
TN8757620;UIC;8757620
TN8757620;UIC8;87576207
TN8757620;WIKIDATA;Q660934
TN8757621;OSM;8426733776
TN8757621;SNCF;StopArea:OCE87576215
TN8757621;SNCF;StopPoint:OCECar TER-87576215
TN8757621;SNCF;StopPoint:OCETrain TER-87576215
TN8757621;UIC;8757621
TN8757621;UIC8;87576215
TN8757621;WIKIDATA;Q2508246
TN8757622;OSM;1376094222
TN8757622;SNCF;StopArea:OCE87576223
TN8757622;SNCF;StopPoint:OCECar TER-87576223
TN8757622;SNCF;StopPoint:OCETrain TER-87576223
TN8757622;UIC;8757622
TN8757622;UIC8;87576223
TN8757622;WIKIDATA;Q2612548
TN8757623;OSM;3468360093
TN8757623;SNCF;StopArea:OCE87576231
TN8757623;SNCF;StopPoint:OCECar TER-87576231
TN8757623;SNCF;StopPoint:OCETrain TER-87576231
TN8757623;UIC;8757623
TN8757623;UIC8;87576231
TN8757623;WIKIDATA;Q534397
TN8757627;OSM;9980594904
TN8757627;SNCF;StopArea:OCE87576272
TN8757627;SNCF;StopPoint:OCECar TER-87576272
TN8757627;SNCF;StopPoint:OCETrain TER-87576272
TN8757627;UIC;8757627
TN8757627;UIC8;87576272
TN8757627;WIKIDATA;Q2168788
TN8757628;SNCF;StopArea:OCE87576280
TN8757628;SNCF;StopPoint:OCETrain TER-87576280
TN8757628;UIC;8757628
TN8757628;UIC8;87576280
TN8757629;OSM;469994143
TN8757629;SNCF;StopArea:OCE87576298
TN8757629;SNCF;StopPoint:OCECar TER-87576298
TN8757629;SNCF;StopPoint:OCETrain TER-87576298
TN8757629;UIC;8757629
TN8757629;UIC8;87576298
TN8757629;WIKIDATA;Q2521024
TN8757630;OSM;262444176
TN8757630;SNCF;StopArea:OCE87576306
TN8757630;SNCF;StopPoint:OCETrain TER-87576306
TN8757630;UIC;8757630
TN8757630;UIC8;87576306
TN8757630;WIKIDATA;Q2209490
TN8757632;OSM;2125164252
TN8757632;SNCF;StopArea:OCE87576322
TN8757632;SNCF;StopPoint:OCECar TER-87576322
TN8757632;SNCF;StopPoint:OCETrain TER-87576322
TN8757632;UIC;8757632
TN8757632;UIC8;87576322
TN8757632;WIKIDATA;Q3097478
TN8757634;OSM;603362407
TN8757634;SNCF;StopArea:OCE87576348
TN8757634;SNCF;StopPoint:OCETrain TER-87576348
TN8757634;UIC;8757634
TN8757634;UIC8;87576348
TN8757634;WIKIDATA;Q3095853
TN8757636;OSM;2426866332
TN8757636;SNCF;StopArea:OCE87576363
TN8757636;SNCF;StopPoint:OCECar TER-87576363
TN8757636;UIC;8757636
TN8757636;UIC8;87576363
TN8757636;WIKIDATA;Q662797
TN8757640;OSM;1577096975
TN8757640;SNCF;StopArea:OCE87576405
TN8757640;SNCF;StopPoint:OCECar TER-87576405
TN8757640;SNCF;StopPoint:OCETrain TER-87576405
TN8757640;UIC;8757640
TN8757640;UIC8;87576405
TN8757640;WIKIDATA;Q1817161
TN8757643;OSM;9980564046
TN8757643;SNCF;StopArea:OCE87576439
TN8757643;SNCF;StopPoint:OCECar TER-87576439
TN8757643;SNCF;StopPoint:OCETrain TER-87576439
TN8757643;UIC;8757643
TN8757643;UIC8;87576439
TN8757643;WIKIDATA;Q3095714
TN8757644;OSM;9957960512
TN8757644;SNCF;StopArea:OCE87576447
TN8757644;SNCF;StopPoint:OCECar TER-87576447
TN8757644;SNCF;StopPoint:OCETrain TER-87576447
TN8757644;UIC;8757644
TN8757644;UIC8;87576447
TN8757644;WIKIDATA;Q3095962
TN8757645;OSM;2108085014
TN8757645;SNCF;StopArea:OCE87576454
TN8757645;SNCF;StopPoint:OCECar TER-87576454
TN8757645;SNCF;StopPoint:OCETrain TER-87576454
TN8757645;UIC;8757645
TN8757645;UIC8;87576454
TN8757645;WIKIDATA;Q2378542
TN8757647;OSM;13277182572
TN8757647;SNCF;StopArea:OCE87576470
TN8757647;SNCF;StopPoint:OCECar TER-87576470
TN8757647;SNCF;StopPoint:OCETrain TER-87576470
TN8757647;UIC;8757647
TN8757647;UIC8;87576470
TN8757647;WIKIDATA;Q3096785
TN8757672;OSM;3468359194
TN8757672;SNCF;StopArea:OCE87576728
TN8757672;SNCF;StopPoint:OCETrain TER-87576728
TN8757672;UIC;8757672
TN8757672;UIC8;87576728
TN8757672;WIKIDATA;Q2095460
TN8757686;SNCF;StopArea:OCE87576868
TN8757686;SNCF;StopPoint:OCETrain TER-87576868
TN8757686;UIC;8757686
TN8757686;UIC8;87576868
TN8757687;OSM;11332059906
TN8757687;SNCF;StopArea:OCE87576876
TN8757687;SNCF;StopPoint:OCECar TER-87576876
TN8757687;SNCF;StopPoint:OCETrain TER-87576876
TN8757687;UIC;8757687
TN8757687;UIC8;87576876
TN8757687;WIKIDATA;Q935193
TN8757688;OSM;2130946632
TN8757688;SNCF;StopArea:OCE87576884
TN8757688;SNCF;StopPoint:OCETrain TER-87576884
TN8757688;UIC;8757688
TN8757688;UIC8;87576884
TN8757688;WIKIDATA;Q2006291
TN8757740;OSM;2717008174
TN8757740;SNCF;StopArea:OCE87577403
TN8757740;SNCF;StopPoint:OCECar TER-87577403
TN8757740;SNCF;StopPoint:OCETrain TER-87577403
TN8757740;UIC;8757740
TN8757740;UIC8;87577403
TN8757740;WIKIDATA;Q2510926
TN8757822;SNCF;StopArea:OCE87578229
TN8757822;SNCF;StopPoint:OCECar TER-87578229
TN8757822;UIC;8757822
TN8757822;UIC8;87578229
TN8758034;OSM;1099359855
TN8758034;SNCF;StopArea:OCE87580340
TN8758034;SNCF;StopPoint:OCETrain TER-87580340
TN8758034;UIC;8758034
TN8758034;UIC8;87580340
TN8758034;WIKIDATA;Q16638550
TN8758100;OSM;5615156624
TN8758100;SNCF;StopArea:OCE87581009
TN8758100;SNCF;StopPoint:OCECar TER-87581009
TN8758100;SNCF;StopPoint:OCECar à réservation-87581009
TN8758100;SNCF;StopPoint:OCEINTERCITES-87581009
TN8758100;SNCF;StopPoint:OCEOUIGO-87581009
TN8758100;SNCF;StopPoint:OCETGV INOUI-87581009
TN8758100;SNCF;StopPoint:OCETrain TER-87581009
TN8758100;UIC;8758100
TN8758100;UIC8;87581009
TN8758100;WIKIDATA;Q800564
TN8758118;OSM;603645283
TN8758118;SNCF;StopArea:OCE87581181
TN8758118;SNCF;StopPoint:OCECar TER-87581181
TN8758118;SNCF;StopPoint:OCETrain TER-87581181
TN8758118;UIC;8758118
TN8758118;UIC8;87581181
TN8758118;WIKIDATA;Q2395750
TN8758119;OSM;648468234
TN8758119;SNCF;StopArea:OCE87581199
TN8758119;SNCF;StopPoint:OCECar TER-87581199
TN8758119;SNCF;StopPoint:OCETrain TER-87581199
TN8758119;UIC;8758119
TN8758119;UIC8;87581199
TN8758119;WIKIDATA;Q3096944
TN8758121;OSM;318667183
TN8758121;SNCF;StopArea:OCE87581215
TN8758121;SNCF;StopPoint:OCECar TER-87581215
TN8758121;SNCF;StopPoint:OCETrain TER-87581215
TN8758121;UIC;8758121
TN8758121;UIC8;87581215
TN8758121;WIKIDATA;Q3096972
TN8758123;OSM;2349530883
TN8758123;SNCF;StopArea:OCE87581231
TN8758123;SNCF;StopPoint:OCECar TER-87581231
TN8758123;SNCF;StopPoint:OCETrain TER-87581231
TN8758123;UIC;8758123
TN8758123;UIC8;87581231
TN8758123;WIKIDATA;Q3097116
TN8758125;OSM;1430915271
TN8758125;SNCF;StopArea:OCE87581256
TN8758125;SNCF;StopPoint:OCECar TER-87581256
TN8758125;SNCF;StopPoint:OCETrain TER-87581256
TN8758125;UIC;8758125
TN8758125;UIC8;87581256
TN8758125;WIKIDATA;Q3097256
TN8758131;OSM;423011027
TN8758131;SNCF;StopArea:OCE87581314
TN8758131;SNCF;StopPoint:OCECar TER-87581314
TN8758131;SNCF;StopPoint:OCETrain TER-87581314
TN8758131;UIC;8758131
TN8758131;UIC8;87581314
TN8758131;WIKIDATA;Q3096876
TN8758137;OSM;12807262584
TN8758137;SNCF;StopArea:OCE87581371
TN8758137;SNCF;StopPoint:OCECar TER-87581371
TN8758137;SNCF;StopPoint:OCETrain TER-87581371
TN8758137;UIC;8758137
TN8758137;UIC8;87581371
TN8758137;WIKIDATA;Q3097770
TN8758138;OSM;3436936192
TN8758138;SNCF;StopArea:OCE87581389
TN8758138;SNCF;StopPoint:OCECar TER-87581389
TN8758138;SNCF;StopPoint:OCETrain TER-87581389
TN8758138;UIC;8758138
TN8758138;UIC8;87581389
TN8758138;WIKIDATA;Q3098243
TN8758153;OSM;9547002179
TN8758153;SNCF;StopArea:OCE87581538
TN8758153;SNCF;StopPoint:OCECar TER-87581538
TN8758153;SNCF;StopPoint:OCETrain TER-87581538
TN8758153;UIC;8758153
TN8758153;UIC8;87581538
TN8758153;WIKIDATA;Q2194618
TN8758159;OSM;3466158694
TN8758159;SNCF;StopArea:OCE87581595
TN8758159;SNCF;StopPoint:OCETrain TER-87581595
TN8758159;UIC;8758159
TN8758159;UIC8;87581595
TN8758159;WIKIDATA;Q3096161
TN8758171;OSM;318718039
TN8758171;SNCF;StopArea:OCE87581710
TN8758171;SNCF;StopPoint:OCECar TER-87581710
TN8758171;SNCF;StopPoint:OCETrain TER-87581710
TN8758171;UIC;8758171
TN8758171;UIC8;87581710
TN8758171;WIKIDATA;Q3097246
TN8758172;OSM;9547002180
TN8758172;SNCF;StopArea:OCE87581728
TN8758172;SNCF;StopPoint:OCECar TER-87581728
TN8758172;SNCF;StopPoint:OCETrain TER-87581728
TN8758172;UIC;8758172
TN8758172;UIC8;87581728
TN8758172;WIKIDATA;Q2277962
TN8758173;OSM;746849938
TN8758173;SNCF;StopArea:OCE87581736
TN8758173;SNCF;StopPoint:OCECar TER-87581736
TN8758173;SNCF;StopPoint:OCETrain TER-87581736
TN8758173;UIC;8758173
TN8758173;UIC8;87581736
TN8758173;WIKIDATA;Q2631759
TN8758175;OSM;9547002178
TN8758175;SNCF;StopArea:OCE87581751
TN8758175;SNCF;StopPoint:OCECar TER-87581751
TN8758175;SNCF;StopPoint:OCETrain TER-87581751
TN8758175;UIC;8758175
TN8758175;UIC8;87581751
TN8758175;WIKIDATA;Q2407155
TN8758179;OSM;9547082872
TN8758179;SNCF;StopArea:OCE87581793
TN8758179;SNCF;StopPoint:OCECar TER-87581793
TN8758179;SNCF;StopPoint:OCETrain TER-87581793
TN8758179;UIC;8758179
TN8758179;UIC8;87581793
TN8758179;WIKIDATA;Q2241014
TN8758180;OSM;12590103307
TN8758180;SNCF;StopArea:OCE87581801
TN8758180;SNCF;StopPoint:OCETrain TER-87581801
TN8758180;UIC;8758180
TN8758180;UIC8;87581801
TN8758180;WIKIDATA;Q1976042
TN8758183;OSM;2297183738
TN8758183;SNCF;StopArea:OCE87581835
TN8758183;SNCF;StopPoint:OCECar TER-87581835
TN8758183;SNCF;StopPoint:OCETrain TER-87581835
TN8758183;UIC;8758183
TN8758183;UIC8;87581835
TN8758183;WIKIDATA;Q2517604
TN8758185;OSM;1670504896
TN8758185;SNCF;StopArea:OCE87581850
TN8758185;SNCF;StopPoint:OCETrain TER-87581850
TN8758185;UIC;8758185
TN8758185;UIC8;87581850
TN8758185;WIKIDATA;Q951337
TN8758234;SNCF;StopArea:OCE87582346
TN8758234;SNCF;StopPoint:OCECar TER-87582346
TN8758234;UIC;8758234
TN8758234;UIC8;87582346
TN8758235;SNCF;StopArea:OCE87582353
TN8758235;SNCF;StopPoint:OCECar TER-87582353
TN8758235;UIC;8758235
TN8758235;UIC8;87582353
TN8758240;OSM;9547082873
TN8758240;SNCF;StopArea:OCE87582403
TN8758240;SNCF;StopPoint:OCECar TER-87582403
TN8758240;SNCF;StopPoint:OCETrain TER-87582403
TN8758240;UIC;8758240
TN8758240;UIC8;87582403
TN8758240;WIKIDATA;Q3096529
TN8758244;OSM;9547050829
TN8758244;SNCF;StopArea:OCE87582445
TN8758244;SNCF;StopPoint:OCECar TER-87582445
TN8758244;SNCF;StopPoint:OCETrain TER-87582445
TN8758244;UIC;8758244
TN8758244;UIC8;87582445
TN8758244;WIKIDATA;Q2656531
TN8758247;OSM;9547050827
TN8758247;SNCF;StopArea:OCE87582478
TN8758247;SNCF;StopPoint:OCECar TER-87582478
TN8758247;SNCF;StopPoint:OCEINTERCITES de nuit-87582478
TN8758247;SNCF;StopPoint:OCETGV INOUI-87582478
TN8758247;SNCF;StopPoint:OCETrain TER-87582478
TN8758247;UIC;8758247
TN8758247;UIC8;87582478
TN8758247;WIKIDATA;Q948578
TN8758253;OSM;8718603257
TN8758253;SNCF;StopArea:OCE87582536
TN8758253;SNCF;StopPoint:OCECar TER-87582536
TN8758253;SNCF;StopPoint:OCETrain TER-87582536
TN8758253;UIC;8758253
TN8758253;UIC8;87582536
TN8758253;WIKIDATA;Q2859024
TN8758255;OSM;2903068087
TN8758255;SNCF;StopArea:OCE87582551
TN8758255;SNCF;StopPoint:OCECar TER-87582551
TN8758255;SNCF;StopPoint:OCETrain TER-87582551
TN8758255;UIC;8758255
TN8758255;UIC8;87582551
TN8758255;WIKIDATA;Q2703238
TN8758260;OSM;570217914
TN8758260;SNCF;StopArea:OCE87582601
TN8758260;SNCF;StopPoint:OCECar TER-87582601
TN8758260;SNCF;StopPoint:OCETrain TER-87582601
TN8758260;UIC;8758260
TN8758260;UIC8;87582601
TN8758260;WIKIDATA;Q511850
TN8758261;OSM;9547050826
TN8758261;SNCF;StopArea:OCE87582619
TN8758261;SNCF;StopPoint:OCECar TER-87582619
TN8758261;SNCF;StopPoint:OCETrain TER-87582619
TN8758261;UIC;8758261
TN8758261;UIC8;87582619
TN8758261;WIKIDATA;Q2342346
TN8758263;OSM;9173923214
TN8758263;SNCF;StopArea:OCE87582635
TN8758263;SNCF;StopPoint:OCECar TER-87582635
TN8758263;SNCF;StopPoint:OCETrain TER-87582635
TN8758263;UIC;8758263
TN8758263;UIC8;87582635
TN8758263;WIKIDATA;Q579347
TN8758264;OSM;461610141
TN8758264;SNCF;StopArea:OCE87582643
TN8758264;SNCF;StopPoint:OCECar TER-87582643
TN8758264;SNCF;StopPoint:OCETGV INOUI-87582643
TN8758264;SNCF;StopPoint:OCETrain TER-87582643
TN8758264;UIC;8758264
TN8758264;UIC8;87582643
TN8758264;WIKIDATA;Q2274288
TN8758266;OSM;1307659491
TN8758266;SNCF;StopArea:OCE87582668
TN8758266;SNCF;StopPoint:OCECar TER-87582668
TN8758266;SNCF;StopPoint:OCETGV INOUI-87582668
TN8758266;SNCF;StopPoint:OCETrain TER-87582668
TN8758266;UIC;8758266
TN8758266;UIC8;87582668
TN8758266;WIKIDATA;Q2777199
TN8758268;OSM;12807331356
TN8758268;SNCF;StopArea:OCE87582684
TN8758268;SNCF;StopPoint:OCECar TER-87582684
TN8758268;SNCF;StopPoint:OCETrain TER-87582684
TN8758268;UIC;8758268
TN8758268;UIC8;87582684
TN8758268;WIKIDATA;Q2649510
TN8758269;OSM;9153197620
TN8758269;SNCF;StopArea:OCE87582692
TN8758269;SNCF;StopPoint:OCECar TER-87582692
TN8758269;SNCF;StopPoint:OCETrain TER-87582692
TN8758269;UIC;8758269
TN8758269;UIC8;87582692
TN8758269;WIKIDATA;Q1937391
TN8758270;OSM;5612147985
TN8758270;SNCF;StopArea:OCE87582700
TN8758270;SNCF;StopPoint:OCECar TER-87582700
TN8758270;SNCF;StopPoint:OCETrain TER-87582700
TN8758270;UIC;8758270
TN8758270;UIC8;87582700
TN8758270;WIKIDATA;Q3095941
TN8758271;OSM;2295068527
TN8758271;SNCF;StopArea:OCE87582718
TN8758271;SNCF;StopPoint:OCECar TER-87582718
TN8758271;SNCF;StopPoint:OCETrain TER-87582718
TN8758271;UIC;8758271
TN8758271;UIC8;87582718
TN8758271;WIKIDATA;Q2699649
TN8758272;OSM;2295056788
TN8758272;SNCF;StopArea:OCE87582726
TN8758272;SNCF;StopPoint:OCECar TER-87582726
TN8758272;SNCF;StopPoint:OCETrain TER-87582726
TN8758272;UIC;8758272
TN8758272;UIC8;87582726
TN8758272;WIKIDATA;Q2412880
TN8758273;OSM;5612147954
TN8758273;SNCF;StopArea:OCE87582734
TN8758273;SNCF;StopPoint:OCECar TER-87582734
TN8758273;SNCF;StopPoint:OCETrain TER-87582734
TN8758273;UIC;8758273
TN8758273;UIC8;87582734
TN8758273;WIKIDATA;Q3097292
TN8758274;OSM;4514300766
TN8758274;SNCF;StopArea:OCE87582742
TN8758274;SNCF;StopPoint:OCECar TER-87582742
TN8758274;SNCF;StopPoint:OCETrain TER-87582742
TN8758274;UIC;8758274
TN8758274;UIC8;87582742
TN8758274;WIKIDATA;Q2743902
TN8758275;OSM;9954778947
TN8758275;SNCF;StopArea:OCE87582759
TN8758275;SNCF;StopPoint:OCECar TER-87582759
TN8758275;SNCF;StopPoint:OCETrain TER-87582759
TN8758275;UIC;8758275
TN8758275;UIC8;87582759
TN8758275;WIKIDATA;Q2380252
TN8758276;OSM;9149252491
TN8758276;SNCF;StopArea:OCE87582767
TN8758276;SNCF;StopPoint:OCETrain TER-87582767
TN8758276;UIC;8758276
TN8758276;UIC8;87582767
TN8758276;WIKIDATA;Q3097347
TN8758277;OSM;13176625563
TN8758277;SNCF;StopArea:OCE87582775
TN8758277;SNCF;StopPoint:OCECar TER-87582775
TN8758277;SNCF;StopPoint:OCETrain TER-87582775
TN8758277;UIC;8758277
TN8758277;UIC8;87582775
TN8758277;WIKIDATA;Q2294438
TN8758282;OSM;3381677452
TN8758282;SNCF;StopArea:OCE87582825
TN8758282;SNCF;StopPoint:OCECar TER-87582825
TN8758282;SNCF;StopPoint:OCETrain TER-87582825
TN8758282;UIC;8758282
TN8758282;UIC8;87582825
TN8758282;WIKIDATA;Q1920702
TN8758283;OSM;3381676130
TN8758283;SNCF;StopArea:OCE87582833
TN8758283;SNCF;StopPoint:OCECar TER-87582833
TN8758283;SNCF;StopPoint:OCETrain TER-87582833
TN8758283;UIC;8758283
TN8758283;UIC8;87582833
TN8758283;WIKIDATA;Q2229872
TN8758284;OSM;9260764848
TN8758284;SNCF;StopArea:OCE87582841
TN8758284;SNCF;StopPoint:OCECar TER-87582841
TN8758284;SNCF;StopPoint:OCETrain TER-87582841
TN8758284;UIC;8758284
TN8758284;UIC8;87582841
TN8758284;WIKIDATA;Q2004194
TN8758285;OSM;1377615755
TN8758285;SNCF;StopArea:OCE87582858
TN8758285;SNCF;StopPoint:OCECar TER-87582858
TN8758285;SNCF;StopPoint:OCETrain TER-87582858
TN8758285;UIC;8758285
TN8758285;UIC8;87582858
TN8758285;WIKIDATA;Q687664
TN8758286;OSM;12287790564
TN8758286;SNCF;StopArea:OCE87582866
TN8758286;SNCF;StopPoint:OCECar TER-87582866
TN8758286;SNCF;StopPoint:OCETrain TER-87582866
TN8758286;UIC;8758286
TN8758286;UIC8;87582866
TN8758286;WIKIDATA;Q2702368
TN8758288;OSM;12951324557
TN8758288;SNCF;StopArea:OCE87582882
TN8758288;SNCF;StopPoint:OCETrain TER-87582882
TN8758288;UIC;8758288
TN8758288;UIC8;87582882
TN8758300;OSM;5143401488
TN8758300;SNCF;StopArea:OCE87583005
TN8758300;SNCF;StopPoint:OCECar TER-87583005
TN8758300;SNCF;StopPoint:OCEOUIGO-87583005
TN8758300;SNCF;StopPoint:OCETGV INOUI-87583005
TN8758300;SNCF;StopPoint:OCETrain TER-87583005
TN8758300;UIC;8758300
TN8758300;UIC8;87583005
TN8758300;WIKIDATA;Q3095646
TN8758361;OSM;11799452820
TN8758361;SNCF;StopArea:OCE87583617
TN8758361;SNCF;StopPoint:OCECar TER-87583617
TN8758361;SNCF;StopPoint:OCETrain TER-87583617
TN8758361;UIC;8758361
TN8758361;UIC8;87583617
TN8758361;WIKIDATA;Q120757397
TN8758367;OSM;2839676864
TN8758367;SNCF;StopArea:OCE87583674
TN8758367;SNCF;StopPoint:OCECar TER-87583674
TN8758367;SNCF;StopPoint:OCETrain TER-87583674
TN8758367;UIC;8758367
TN8758367;UIC8;87583674
TN8758367;WIKIDATA;Q761396
TN8758369;OSM;13176981318
TN8758369;SNCF;StopArea:OCE87583690
TN8758369;SNCF;StopPoint:OCECar TER-87583690
TN8758369;SNCF;StopPoint:OCETrain TER-87583690
TN8758369;UIC;8758369
TN8758369;UIC8;87583690
TN8758369;WIKIDATA;Q527692
TN8758382;OSM;12951263800
TN8758382;SNCF;StopArea:OCE87583823
TN8758382;SNCF;StopPoint:OCECar TER-87583823
TN8758382;SNCF;StopPoint:OCETrain TER-87583823
TN8758382;UIC;8758382
TN8758382;UIC8;87583823
TN8758382;WIKIDATA;Q2249657
TN8758384;OSM;10943037310
TN8758384;SNCF;StopArea:OCE87583849
TN8758384;SNCF;StopPoint:OCECar TER-87583849
TN8758384;SNCF;StopPoint:OCETrain TER-87583849
TN8758384;UIC;8758384
TN8758384;UIC8;87583849
TN8758384;WIKIDATA;Q3097463
TN8758405;OSM;12992287635
TN8758405;SNCF;StopArea:OCE87584052
TN8758405;SNCF;StopPoint:OCECar TER-87584052
TN8758405;SNCF;StopPoint:OCETGV INOUI-87584052
TN8758405;SNCF;StopPoint:OCETrain TER-87584052
TN8758405;UIC;8758405
TN8758405;UIC8;87584052
TN8758405;WIKIDATA;Q2181974
TN8758410;OSM;1573006210
TN8758410;SNCF;StopArea:OCE87584102
TN8758410;SNCF;StopPoint:OCECar TER-87584102
TN8758410;SNCF;StopPoint:OCETrain TER-87584102
TN8758410;UIC;8758410
TN8758410;UIC8;87584102
TN8758413;OSM;688835892
TN8758413;SNCF;StopArea:OCE87584136
TN8758413;SNCF;StopPoint:OCECar TER-87584136
TN8758413;SNCF;StopPoint:OCETrain TER-87584136
TN8758413;UIC;8758413
TN8758413;UIC8;87584136
TN8758415;OSM;1329633329
TN8758415;SNCF;StopArea:OCE87584151
TN8758415;SNCF;StopPoint:OCECar TER-87584151
TN8758415;SNCF;StopPoint:OCETrain TER-87584151
TN8758415;UIC;8758415
TN8758415;UIC8;87584151
TN8758415;WIKIDATA;Q3096842
TN8758417;OSM;638778861
TN8758417;SNCF;StopArea:OCE87584177
TN8758417;SNCF;StopPoint:OCECar TER-87584177
TN8758417;SNCF;StopPoint:OCETrain TER-87584177
TN8758417;UIC;8758417
TN8758417;UIC8;87584177
TN8758417;WIKIDATA;Q428774
TN8758419;OSM;13428206743
TN8758419;SNCF;StopArea:OCE87584193
TN8758419;SNCF;StopPoint:OCECar TER-87584193
TN8758419;SNCF;StopPoint:OCETrain TER-87584193
TN8758419;UIC;8758419
TN8758419;UIC8;87584193
TN8758419;WIKIDATA;Q3097642
TN8758420;OSM;3435153501
TN8758420;SNCF;StopArea:OCE87584201
TN8758420;SNCF;StopPoint:OCECar TER-87584201
TN8758420;SNCF;StopPoint:OCETrain TER-87584201
TN8758420;UIC;8758420
TN8758420;UIC8;87584201
TN8758420;WIKIDATA;Q657146
TN8758423;OSM;1590142735
TN8758423;SNCF;StopArea:OCE87584235
TN8758423;SNCF;StopPoint:OCECar TER-87584235
TN8758423;SNCF;StopPoint:OCETrain TER-87584235
TN8758423;UIC;8758423
TN8758423;UIC8;87584235
TN8758423;WIKIDATA;Q3096523
TN8758424;OSM;3435151446
TN8758424;SNCF;StopArea:OCE87584243
TN8758424;SNCF;StopPoint:OCECar TER-87584243
TN8758424;SNCF;StopPoint:OCETrain TER-87584243
TN8758424;UIC;8758424
TN8758424;UIC8;87584243
TN8758424;WIKIDATA;Q3096840
TN8758426;OSM;13428219601
TN8758426;SNCF;StopArea:OCE87584268
TN8758426;SNCF;StopPoint:OCECar TER-87584268
TN8758426;SNCF;StopPoint:OCETrain TER-87584268
TN8758426;UIC;8758426
TN8758426;UIC8;87584268
TN8758426;WIKIDATA;Q2224394
TN8758444;OSM;13430045823
TN8758444;SNCF;StopArea:OCE87584441
TN8758444;SNCF;StopPoint:OCECar TER-87584441
TN8758444;SNCF;StopPoint:OCETrain TER-87584441
TN8758444;UIC;8758444
TN8758444;UIC8;87584441
TN8758444;WIKIDATA;Q3096837
TN8758446;OSM;13430270067
TN8758446;SNCF;StopArea:OCE87584466
TN8758446;SNCF;StopPoint:OCETrain TER-87584466
TN8758446;UIC;8758446
TN8758446;UIC8;87584466
TN8758446;WIKIDATA;Q3097007
TN8758447;OSM;1788499465
TN8758447;SNCF;StopArea:OCE87584474
TN8758447;SNCF;StopPoint:OCETrain TER-87584474
TN8758447;UIC;8758447
TN8758447;UIC8;87584474
TN8758447;WIKIDATA;Q1869059
TN8758450;OSM;1490181690
TN8758450;SNCF;StopArea:OCE87584508
TN8758450;SNCF;StopPoint:OCECar TER-87584508
TN8758450;SNCF;StopPoint:OCETrain TER-87584508
TN8758450;UIC;8758450
TN8758450;UIC8;87584508
TN8758450;WIKIDATA;Q542553
TN8758451;OSM;13009311802
TN8758451;SNCF;StopArea:OCE87584516
TN8758451;SNCF;StopPoint:OCECar TER-87584516
TN8758451;SNCF;StopPoint:OCETrain TER-87584516
TN8758451;UIC;8758451
TN8758451;UIC8;87584516
TN8758451;WIKIDATA;Q2343526
TN8758453;OSM;2794462997
TN8758453;SNCF;StopArea:OCE87584532
TN8758453;SNCF;StopPoint:OCECar TER-87584532
TN8758453;SNCF;StopPoint:OCETrain TER-87584532
TN8758453;UIC;8758453
TN8758453;UIC8;87584532
TN8758453;WIKIDATA;Q3098178
TN8758454;OSM;2839676867
TN8758454;SNCF;StopArea:OCE87584540
TN8758454;SNCF;StopPoint:OCECar TER-87584540
TN8758454;SNCF;StopPoint:OCETrain TER-87584540
TN8758454;UIC;8758454
TN8758454;UIC8;87584540
TN8758454;WIKIDATA;Q3097487
TN8758460;SNCF;StopArea:OCE87584607
TN8758460;SNCF;StopPoint:OCETrain TER-87584607
TN8758460;UIC;8758460
TN8758460;UIC8;87584607
TN8758461;OSM;13280671613
TN8758461;SNCF;StopArea:OCE87584615
TN8758461;SNCF;StopPoint:OCETrain TER-87584615
TN8758461;UIC;8758461
TN8758461;UIC8;87584615
TN8758461;WIKIDATA;Q3097622
TN8758471;OSM;599971449
TN8758471;SNCF;StopArea:OCE87584714
TN8758471;SNCF;StopPoint:OCETrain TER-87584714
TN8758471;UIC;8758471
TN8758471;UIC8;87584714
TN8758471;WIKIDATA;Q3097948
TN8758472;OSM;1673655173
TN8758472;SNCF;StopArea:OCE87584722
TN8758472;SNCF;StopPoint:OCETrain TER-87584722
TN8758472;UIC;8758472
TN8758472;UIC8;87584722
TN8758472;WIKIDATA;Q2866001
TN8758473;OSM;546635829
TN8758473;SNCF;StopArea:OCE87584730
TN8758473;SNCF;StopPoint:OCETrain TER-87584730
TN8758473;UIC;8758473
TN8758473;UIC8;87584730
TN8758473;WIKIDATA;Q3097562
TN8758475;OSM;9319497419
TN8758475;SNCF;StopArea:OCE87584755
TN8758475;SNCF;StopPoint:OCETrain TER-87584755
TN8758475;UIC;8758475
TN8758475;UIC8;87584755
TN8758475;WIKIDATA;Q675874
TN8758600;OSM;13290560063
TN8758600;SNCF;StopArea:OCE87586008
TN8758600;SNCF;StopPoint:OCECar TER-87586008
TN8758600;SNCF;StopPoint:OCEINTERCITES-87586008
TN8758600;SNCF;StopPoint:OCEOUIGO-87586008
TN8758600;SNCF;StopPoint:OCETGV INOUI-87586008
TN8758600;SNCF;StopPoint:OCETrain TER-87586008
TN8758600;UIC;8758600
TN8758600;UIC8;87586008
TN8758600;WIKIDATA;Q2244575
TN8758610;OSM;11135889820
TN8758610;SNCF;StopArea:OCE87586107
TN8758610;SNCF;StopPoint:OCECar TER-87586107
TN8758610;SNCF;StopPoint:OCETrain TER-87586107
TN8758610;UIC;8758610
TN8758610;UIC8;87586107
TN8758610;WIKIDATA;Q3097329
TN8758626;SNCF;StopArea:OCE87586263
TN8758626;SNCF;StopPoint:OCECar TER-87586263
TN8758626;UIC;8758626
TN8758626;UIC8;87586263
TN8758630;SNCF;StopArea:OCE87586305
TN8758630;SNCF;StopPoint:OCECar TER-87586305
TN8758630;UIC;8758630
TN8758630;UIC8;87586305
TN8758631;SNCF;StopArea:OCE87586313
TN8758631;SNCF;StopPoint:OCECar TER-87586313
TN8758631;UIC;8758631
TN8758631;UIC8;87586313
TN8758632;SNCF;StopArea:OCE87586321
TN8758632;SNCF;StopPoint:OCECar TER-87586321
TN8758632;UIC;8758632
TN8758632;UIC8;87586321
TN8758633;SNCF;StopArea:OCE87586339
TN8758633;SNCF;StopPoint:OCECar TER-87586339
TN8758633;UIC;8758633
TN8758633;UIC8;87586339
TN8758634;SNCF;StopArea:OCE87586347
TN8758634;SNCF;StopPoint:OCECar TER-87586347
TN8758634;UIC;8758634
TN8758634;UIC8;87586347
TN8758636;SNCF;StopArea:OCE87586362
TN8758636;SNCF;StopPoint:OCECar TER-87586362
TN8758636;UIC;8758636
TN8758636;UIC8;87586362
TN8758637;SNCF;StopArea:OCE87586370
TN8758637;SNCF;StopPoint:OCECar TER-87586370
TN8758637;UIC;8758637
TN8758637;UIC8;87586370
TN8758641;OSM;2846928109
TN8758641;SNCF;StopArea:OCE87586412
TN8758641;SNCF;StopPoint:OCECar TER-87586412
TN8758641;SNCF;StopPoint:OCETrain TER-87586412
TN8758641;UIC;8758641
TN8758641;UIC8;87586412
TN8758641;WIKIDATA;Q2084092
TN8758643;OSM;1091270222
TN8758643;SNCF;StopArea:OCE87586438
TN8758643;SNCF;StopPoint:OCECar TER-87586438
TN8758643;SNCF;StopPoint:OCETrain TER-87586438
TN8758643;UIC;8758643
TN8758643;UIC8;87586438
TN8758643;WIKIDATA;Q1844121
TN8758645;OSM;1211227701
TN8758645;SNCF;StopArea:OCE87586453
TN8758645;SNCF;StopPoint:OCECar TER-87586453
TN8758645;SNCF;StopPoint:OCETrain TER-87586453
TN8758645;UIC;8758645
TN8758645;UIC8;87586453
TN8758645;WIKIDATA;Q2505358
TN8758647;OSM;9954765983
TN8758647;SNCF;StopArea:OCE87586479
TN8758647;SNCF;StopPoint:OCETrain TER-87586479
TN8758647;UIC;8758647
TN8758647;UIC8;87586479
TN8758647;WIKIDATA;Q3097645
TN8758649;OSM;3096972760
TN8758649;SNCF;StopArea:OCE87586495
TN8758649;SNCF;StopPoint:OCECar TER-87586495
TN8758649;SNCF;StopPoint:OCETrain TER-87586495
TN8758649;UIC;8758649
TN8758649;UIC8;87586495
TN8758649;WIKIDATA;Q3097694
TN8758654;OSM;8328564473
TN8758654;SNCF;StopArea:OCE87586545
TN8758654;SNCF;StopPoint:OCECar TER-87586545
TN8758654;SNCF;StopPoint:OCEINTERCITES-87586545
TN8758654;SNCF;StopPoint:OCETrain TER-87586545
TN8758654;UIC;8758654
TN8758654;UIC8;87586545
TN8758654;WIKIDATA;Q3096984
TN8758665;OSM;4391633066
TN8758665;SNCF;StopArea:OCE87586651
TN8758665;SNCF;StopPoint:OCECar TER-87586651
TN8758665;SNCF;StopPoint:OCETrain TER-87586651
TN8758665;UIC;8758665
TN8758665;UIC8;87586651
TN8758665;WIKIDATA;Q2402280
TN8758669;OSM;9954804701
TN8758669;SNCF;StopArea:OCE87586693
TN8758669;SNCF;StopPoint:OCECar TER-87586693
TN8758669;SNCF;StopPoint:OCETrain TER-87586693
TN8758669;UIC;8758669
TN8758669;UIC8;87586693
TN8758669;WIKIDATA;Q2325241
TN8758920;SNCF;StopArea:OCE87589200
TN8758920;SNCF;StopPoint:OCECar TER-87589200
TN8758920;UIC;8758920
TN8758920;UIC8;87589200
TN8758956;SNCF;StopArea:OCE87589564
TN8758956;SNCF;StopPoint:OCECar TER-87589564
TN8758956;UIC;8758956
TN8758956;UIC8;87589564
TN8758957;SNCF;StopArea:OCE87589572
TN8758957;SNCF;StopPoint:OCECar TER-87589572
TN8758957;UIC;8758957
TN8758957;UIC8;87589572
TN8758958;SNCF;StopArea:OCE87589580
TN8758958;SNCF;StopPoint:OCECar TER-87589580
TN8758958;UIC;8758958
TN8758958;UIC8;87589580
TN8758959;SNCF;StopArea:OCE87589598
TN8758959;SNCF;StopPoint:OCECar TER-87589598
TN8758959;UIC;8758959
TN8758959;UIC8;87589598
TN8758980;SNCF;StopArea:OCE87589804
TN8758980;SNCF;StopPoint:OCECar TER-87589804
TN8758980;UIC;8758980
TN8758980;UIC8;87589804
TN8759029;OSM;5284203138
TN8759029;SNCF;StopArea:OCE87590299
TN8759029;SNCF;StopPoint:OCECar TER-87590299
TN8759029;SNCF;StopPoint:OCETrain TER-87590299
TN8759029;UIC;8759029
TN8759029;UIC8;87590299
TN8759029;WIKIDATA;Q18749562
TN8759033;SNCF;StopArea:OCE87590331
TN8759033;SNCF;StopPoint:OCETramTrain-87590331
TN8759033;UIC;8759033
TN8759033;UIC8;87590331
TN8759034;OSM;3486338294
TN8759034;SNCF;StopArea:OCE87590349
TN8759034;SNCF;StopPoint:OCETramTrain-87590349
TN8759034;UIC;8759034
TN8759034;UIC8;87590349
TN8759034;WIKIDATA;Q3095887
TN8759035;OSM;3486338296
TN8759035;SNCF;StopArea:OCE87590356
TN8759035;SNCF;StopPoint:OCETramTrain-87590356
TN8759035;UIC;8759035
TN8759035;UIC8;87590356
TN8759035;WIKIDATA;Q3095744
TN8759036;OSM;8062833571
TN8759036;SNCF;StopArea:OCE87590364
TN8759036;SNCF;StopPoint:OCETramTrain-87590364
TN8759036;UIC;8759036
TN8759036;UIC8;87590364
TN8759036;WIKIDATA;Q3096764
TN8759037;OSM;12992401318
TN8759037;SNCF;StopArea:OCE87590372
TN8759037;SNCF;StopPoint:OCETramTrain-87590372
TN8759037;UIC;8759037
TN8759037;UIC8;87590372
TN8759082;OSM;2279914741
TN8759082;SNCF;StopArea:OCE87590828
TN8759082;SNCF;StopPoint:OCETramTrain-87590828
TN8759082;UIC;8759082
TN8759082;UIC8;87590828
TN8759082;WIKIDATA;Q3097782
TN8759200;OSM;3471044194
TN8759200;SNCF;StopArea:OCE87592006
TN8759200;SNCF;StopPoint:OCECar TER-87592006
TN8759200;SNCF;StopPoint:OCEINTERCITES de nuit-87592006
TN8759200;SNCF;StopPoint:OCEINTERCITES-87592006
TN8759200;SNCF;StopPoint:OCETrain TER-87592006
TN8759200;UIC;8759200
TN8759200;UIC8;87592006
TN8759200;WIKIDATA;Q658277
TN8759202;OSM;1480412805
TN8759202;SNCF;StopArea:OCE87592022
TN8759202;SNCF;StopPoint:OCECar TER-87592022
TN8759202;SNCF;StopPoint:OCETrain TER-87592022
TN8759202;UIC;8759202
TN8759202;UIC8;87592022
TN8759202;WIKIDATA;Q2527927
TN8759204;OSM;9981045737
TN8759204;SNCF;StopArea:OCE87592048
TN8759204;SNCF;StopPoint:OCECar TER-87592048
TN8759204;SNCF;StopPoint:OCETrain TER-87592048
TN8759204;UIC;8759204
TN8759204;UIC8;87592048
TN8759205;OSM;9008100945
TN8759205;SNCF;StopArea:OCE87592055
TN8759205;SNCF;StopPoint:OCECar TER-87592055
TN8759205;SNCF;StopPoint:OCETrain TER-87592055
TN8759205;UIC;8759205
TN8759205;UIC8;87592055
TN8759205;WIKIDATA;Q3097608
TN8759206;OSM;9008100943
TN8759206;SNCF;StopArea:OCE87592063
TN8759206;SNCF;StopPoint:OCECar TER-87592063
TN8759206;SNCF;StopPoint:OCETrain TER-87592063
TN8759206;UIC;8759206
TN8759206;UIC8;87592063
TN8759207;SNCF;StopArea:OCE87592071
TN8759207;SNCF;StopPoint:OCECar TER-87592071
TN8759207;SNCF;StopPoint:OCETrain TER-87592071
TN8759207;UIC;8759207
TN8759207;UIC8;87592071
TN8759209;OSM;718463021
TN8759209;SNCF;StopArea:OCE87592097
TN8759209;SNCF;StopPoint:OCECar TER-87592097
TN8759209;SNCF;StopPoint:OCETrain TER-87592097
TN8759209;UIC;8759209
TN8759209;UIC8;87592097
TN8759210;OSM;12049717953
TN8759210;SNCF;StopArea:OCE87592105
TN8759210;SNCF;StopPoint:OCECar TER-87592105
TN8759210;SNCF;StopPoint:OCETrain TER-87592105
TN8759210;UIC;8759210
TN8759210;UIC8;87592105
TN8759212;OSM;9904071459
TN8759212;SNCF;StopArea:OCE87592121
TN8759212;SNCF;StopPoint:OCECar TER-87592121
TN8759212;SNCF;StopPoint:OCETrain TER-87592121
TN8759212;UIC;8759212
TN8759212;UIC8;87592121
TN8759212;WIKIDATA;Q3095756
TN8759214;OSM;9008100940
TN8759214;SNCF;StopArea:OCE87592147
TN8759214;SNCF;StopPoint:OCECar TER-87592147
TN8759214;SNCF;StopPoint:OCETrain TER-87592147
TN8759214;UIC;8759214
TN8759214;UIC8;87592147
TN8759214;WIKIDATA;Q3096826
TN8759216;SNCF;StopArea:OCE87592162
TN8759216;SNCF;StopPoint:OCECar TER-87592162
TN8759216;SNCF;StopPoint:OCETrain TER-87592162
TN8759216;UIC;8759216
TN8759216;UIC8;87592162
TN8759217;OSM;9008100939
TN8759217;SNCF;StopArea:OCE87592170
TN8759217;SNCF;StopPoint:OCECar TER-87592170
TN8759217;SNCF;StopPoint:OCETrain TER-87592170
TN8759217;UIC;8759217
TN8759217;UIC8;87592170
TN8759217;WIKIDATA;Q3097359
TN8759224;OSM;9956913734
TN8759224;SNCF;StopArea:OCE87592246
TN8759224;SNCF;StopPoint:OCECar TER-87592246
TN8759224;SNCF;StopPoint:OCETrain TER-87592246
TN8759224;UIC;8759224
TN8759224;UIC8;87592246
TN8759224;WIKIDATA;Q2514095
TN8759225;OSM;9956856446
TN8759225;SNCF;StopArea:OCE87592253
TN8759225;SNCF;StopPoint:OCECar TER-87592253
TN8759225;SNCF;StopPoint:OCETrain TER-87592253
TN8759225;UIC;8759225
TN8759225;UIC8;87592253
TN8759225;WIKIDATA;Q647634
TN8759227;OSM;9956999889
TN8759227;SNCF;StopArea:OCE87592279
TN8759227;SNCF;StopPoint:OCECar TER-87592279
TN8759227;SNCF;StopPoint:OCETrain TER-87592279
TN8759227;UIC;8759227
TN8759227;UIC8;87592279
TN8759227;WIKIDATA;Q3055175
TN8759228;OSM;11806734765
TN8759228;SNCF;StopArea:OCE87592287
TN8759228;SNCF;StopPoint:OCECar TER-87592287
TN8759228;SNCF;StopPoint:OCETrain TER-87592287
TN8759228;UIC;8759228
TN8759228;UIC8;87592287
TN8759229;OSM;9956999884
TN8759229;SNCF;StopArea:OCE87592295
TN8759229;SNCF;StopPoint:OCECar TER-87592295
TN8759229;SNCF;StopPoint:OCETrain TER-87592295
TN8759229;UIC;8759229
TN8759229;UIC8;87592295
TN8759229;WIKIDATA;Q3053389
TN8759231;OSM;13308724911
TN8759231;SNCF;StopArea:OCE87592311
TN8759231;SNCF;StopPoint:OCECar TER-87592311
TN8759231;SNCF;StopPoint:OCETrain TER-87592311
TN8759231;UIC;8759231
TN8759231;UIC8;87592311
TN8759231;WIKIDATA;Q2588907
TN8759233;OSM;9981094345
TN8759233;SNCF;StopArea:OCE87592337
TN8759233;SNCF;StopPoint:OCECar TER-87592337
TN8759233;SNCF;StopPoint:OCETrain TER-87592337
TN8759233;UIC;8759233
TN8759233;UIC8;87592337
TN8759233;WIKIDATA;Q774362
TN8759234;OSM;13310714676
TN8759234;SNCF;StopArea:OCE87592345
TN8759234;SNCF;StopPoint:OCECar TER-87592345
TN8759234;SNCF;StopPoint:OCETrain TER-87592345
TN8759234;UIC;8759234
TN8759234;UIC8;87592345
TN8759234;WIKIDATA;Q2319803
TN8759235;OSM;9981109358
TN8759235;SNCF;StopArea:OCE87592352
TN8759235;SNCF;StopPoint:OCECar TER-87592352
TN8759235;SNCF;StopPoint:OCETrain TER-87592352
TN8759235;UIC;8759235
TN8759235;UIC8;87592352
TN8759235;WIKIDATA;Q961103
TN8759236;OSM;9981106667
TN8759236;SNCF;StopArea:OCE87592360
TN8759236;SNCF;StopPoint:OCECar TER-87592360
TN8759236;SNCF;StopPoint:OCETrain TER-87592360
TN8759236;UIC;8759236
TN8759236;UIC8;87592360
TN8759236;WIKIDATA;Q3096492
TN8759237;OSM;8998811048
TN8759237;SNCF;StopArea:OCE87592378
TN8759237;SNCF;StopPoint:OCECar TER-87592378
TN8759237;SNCF;StopPoint:OCEINTERCITES de nuit-87592378
TN8759237;SNCF;StopPoint:OCEINTERCITES-87592378
TN8759237;SNCF;StopPoint:OCETrain TER-87592378
TN8759237;UIC;8759237
TN8759237;UIC8;87592378
TN8759237;WIKIDATA;Q2666389
TN8759241;OSM;9004536369
TN8759241;SNCF;StopArea:OCE87592410
TN8759241;SNCF;StopPoint:OCECar TER-87592410
TN8759241;UIC;8759241
TN8759241;UIC8;87592410
TN8759242;OSM;9004536370
TN8759242;SNCF;StopArea:OCE87592428
TN8759242;SNCF;StopPoint:OCECar TER-87592428
TN8759242;UIC;8759242
TN8759242;UIC8;87592428
TN8759242;WIKIDATA;Q2167746
TN8759244;OSM;9004536371
TN8759244;SNCF;StopArea:OCE87592444
TN8759244;SNCF;StopPoint:OCECar TER-87592444
TN8759244;UIC;8759244
TN8759244;UIC8;87592444
TN8759244;WIKIDATA;Q3097172
TN8759248;SNCF;StopArea:OCE87592485
TN8759248;SNCF;StopPoint:OCECar TER-87592485
TN8759248;UIC;8759248
TN8759248;UIC8;87592485
TN8759249;OSM;8998811046
TN8759249;SNCF;StopArea:OCE87592493
TN8759249;SNCF;StopPoint:OCECar TER-87592493
TN8759249;SNCF;StopPoint:OCETrain TER-87592493
TN8759249;UIC;8759249
TN8759249;UIC8;87592493
TN8759249;WIKIDATA;Q3097625
TN8759250;OSM;12961057125
TN8759250;SNCF;StopArea:OCE87592501
TN8759250;SNCF;StopPoint:OCECar TER-87592501
TN8759250;SNCF;StopPoint:OCETrain TER-87592501
TN8759250;UIC;8759250
TN8759250;UIC8;87592501
TN8759254;OSM;13242963804
TN8759254;SNCF;StopArea:OCE87592543
TN8759254;SNCF;StopPoint:OCECar TER-87592543
TN8759254;UIC;8759254
TN8759254;UIC8;87592543
TN8759254;WIKIDATA;Q970213
TN8759263;OSM;9023824867
TN8759263;SNCF;StopArea:OCE87592634
TN8759263;SNCF;StopPoint:OCECar TER-87592634
TN8759263;SNCF;StopPoint:OCETrain TER-87592634
TN8759263;UIC;8759263
TN8759263;UIC8;87592634
TN8759263;WIKIDATA;Q1811546
TN8759266;OSM;9729293371
TN8759266;SNCF;StopArea:OCE87592667
TN8759266;SNCF;StopPoint:OCECar TER-87592667
TN8759266;SNCF;StopPoint:OCETrain TER-87592667
TN8759266;UIC;8759266
TN8759266;UIC8;87592667
TN8759266;WIKIDATA;Q3095598
TN8759268;OSM;8995217921
TN8759268;SNCF;StopArea:OCE87592683
TN8759268;SNCF;StopPoint:OCECar TER-87592683
TN8759268;SNCF;StopPoint:OCETrain TER-87592683
TN8759268;UIC;8759268
TN8759268;UIC8;87592683
TN8759268;WIKIDATA;Q2713487
TN8759269;OSM;9981067760
TN8759269;SNCF;StopArea:OCE87592691
TN8759269;SNCF;StopPoint:OCECar TER-87592691
TN8759269;SNCF;StopPoint:OCETrain TER-87592691
TN8759269;UIC;8759269
TN8759269;UIC8;87592691
TN8759269;WIKIDATA;Q2202693
TN8759270;OSM;8995217923
TN8759270;SNCF;StopArea:OCE87592709
TN8759270;SNCF;StopPoint:OCECar TER-87592709
TN8759270;SNCF;StopPoint:OCETrain TER-87592709
TN8759270;UIC;8759270
TN8759270;UIC8;87592709
TN8759270;WIKIDATA;Q1865229
TN8759271;OSM;8995218835
TN8759271;SNCF;StopArea:OCE87592717
TN8759271;SNCF;StopPoint:OCECar TER-87592717
TN8759271;SNCF;StopPoint:OCETrain TER-87592717
TN8759271;UIC;8759271
TN8759271;UIC8;87592717
TN8759271;WIKIDATA;Q2300634
TN8759272;OSM;12998849957
TN8759272;SNCF;StopArea:OCE87592725
TN8759272;SNCF;StopPoint:OCECar TER-87592725
TN8759272;SNCF;StopPoint:OCETrain TER-87592725
TN8759272;UIC;8759272
TN8759272;UIC8;87592725
TN8759272;WIKIDATA;Q2279223
TN8759273;OSM;9023678896
TN8759273;SNCF;StopArea:OCE87592733
TN8759273;SNCF;StopPoint:OCETrain TER-87592733
TN8759273;UIC;8759273
TN8759273;UIC8;87592733
TN8759273;WIKIDATA;Q3096834
TN8759274;OSM;9729929128
TN8759274;SNCF;StopArea:OCE87592741
TN8759274;SNCF;StopPoint:OCECar TER-87592741
TN8759274;SNCF;StopPoint:OCETrain TER-87592741
TN8759274;UIC;8759274
TN8759274;UIC8;87592741
TN8759274;WIKIDATA;Q3096095
TN8759280;OSM;9981071391
TN8759280;SNCF;StopArea:OCE87592808
TN8759280;SNCF;StopPoint:OCECar TER-87592808
TN8759280;SNCF;StopPoint:OCETrain TER-87592808
TN8759280;UIC;8759280
TN8759280;UIC8;87592808
TN8759280;WIKIDATA;Q1868554
TN8759282;OSM;3471044195
TN8759282;SNCF;StopArea:OCE87592824
TN8759282;SNCF;StopPoint:OCECar TER-87592824
TN8759282;SNCF;StopPoint:OCETrain TER-87592824
TN8759282;UIC;8759282
TN8759282;UIC8;87592824
TN8759282;WIKIDATA;Q2862284
TN8759400;OSM;12152111104
TN8759400;SNCF;StopArea:OCE87594002
TN8759400;SNCF;StopPoint:OCECar TER-87594002
TN8759400;SNCF;StopPoint:OCEINTERCITES de nuit-87594002
TN8759400;SNCF;StopPoint:OCEINTERCITES-87594002
TN8759400;SNCF;StopPoint:OCETrain TER-87594002
TN8759400;UIC;8759400
TN8759400;UIC8;87594002
TN8759400;WIKIDATA;Q2749411
TN8759408;OSM;9008100938
TN8759408;SNCF;StopArea:OCE87594085
TN8759408;SNCF;StopPoint:OCECar TER-87594085
TN8759408;SNCF;StopPoint:OCETrain TER-87594085
TN8759408;UIC;8759408
TN8759408;UIC8;87594085
TN8759408;WIKIDATA;Q3096652
TN8759409;SNCF;StopArea:OCE87594093
TN8759409;SNCF;StopPoint:OCECar TER-87594093
TN8759409;SNCF;StopPoint:OCETrain TER-87594093
TN8759409;UIC;8759409
TN8759409;UIC8;87594093
TN8759411;SNCF;StopArea:OCE87594119
TN8759411;SNCF;StopPoint:OCECar TER-87594119
TN8759411;SNCF;StopPoint:OCETrain TER-87594119
TN8759411;UIC;8759411
TN8759411;UIC8;87594119
TN8759413;OSM;9009418741
TN8759413;SNCF;StopArea:OCE87594135
TN8759413;SNCF;StopPoint:OCECar TER-87594135
TN8759413;SNCF;StopPoint:OCETrain TER-87594135
TN8759413;UIC;8759413
TN8759413;UIC8;87594135
TN8759413;WIKIDATA;Q1869132
TN8759416;SNCF;StopArea:OCE87594168
TN8759416;SNCF;StopPoint:OCECar TER-87594168
TN8759416;SNCF;StopPoint:OCETrain TER-87594168
TN8759416;UIC;8759416
TN8759416;UIC8;87594168
TN8759420;OSM;13277370286
TN8759420;SNCF;StopArea:OCE87594200
TN8759420;SNCF;StopPoint:OCECar TER-87594200
TN8759420;SNCF;StopPoint:OCEINTERCITES de nuit-87594200
TN8759420;SNCF;StopPoint:OCEINTERCITES-87594200
TN8759420;SNCF;StopPoint:OCETrain TER-87594200
TN8759420;UIC;8759420
TN8759420;UIC8;87594200
TN8759420;WIKIDATA;Q3095863
TN8759421;OSM;1823441227
TN8759421;SNCF;StopArea:OCE87594218
TN8759421;SNCF;StopPoint:OCECar TER-87594218
TN8759421;SNCF;StopPoint:OCETrain TER-87594218
TN8759421;UIC;8759421
TN8759421;UIC8;87594218
TN8759421;WIKIDATA;Q3097992
TN8759423;OSM;9000636495
TN8759423;SNCF;StopArea:OCE87594234
TN8759423;SNCF;StopPoint:OCECar TER-87594234
TN8759423;SNCF;StopPoint:OCETrain TER-87594234
TN8759423;UIC;8759423
TN8759423;UIC8;87594234
TN8759423;WIKIDATA;Q2571621
TN8759427;SNCF;StopArea:OCE87594275
TN8759427;SNCF;StopPoint:OCECar TER-87594275
TN8759427;SNCF;StopPoint:OCETrain TER-87594275
TN8759427;UIC;8759427
TN8759427;UIC8;87594275
TN8759432;OSM;8330304123
TN8759432;SNCF;StopArea:OCE87594325
TN8759432;SNCF;StopPoint:OCETrain TER-87594325
TN8759432;UIC;8759432
TN8759432;UIC8;87594325
TN8759432;WIKIDATA;Q2616506
TN8759433;OSM;4290859480
TN8759433;SNCF;StopArea:OCE87594333
TN8759433;SNCF;StopPoint:OCECar TER-87594333
TN8759433;SNCF;StopPoint:OCEINTERCITES de nuit-87594333
TN8759433;SNCF;StopPoint:OCEINTERCITES-87594333
TN8759433;SNCF;StopPoint:OCETrain TER-87594333
TN8759433;UIC;8759433
TN8759433;UIC8;87594333
TN8759433;WIKIDATA;Q2949969
TN8759438;OSM;14240962373
TN8759438;SNCF;StopArea:OCE87594382
TN8759438;SNCF;StopPoint:OCECar TER-87594382
TN8759438;SNCF;StopPoint:OCETrain TER-87594382
TN8759438;UIC;8759438
TN8759438;UIC8;87594382
TN8759438;WIKIDATA;Q3096276
TN8759440;OSM;14232811382
TN8759440;SNCF;StopArea:OCE87594408
TN8759440;SNCF;StopPoint:OCECar TER-87594408
TN8759440;SNCF;StopPoint:OCETrain TER-87594408
TN8759440;UIC;8759440
TN8759440;UIC8;87594408
TN8759440;WIKIDATA;Q3097848
TN8759441;OSM;9024571456
TN8759441;SNCF;StopArea:OCE87594416
TN8759441;SNCF;StopPoint:OCECar TER-87594416
TN8759441;SNCF;StopPoint:OCETrain TER-87594416
TN8759441;UIC;8759441
TN8759441;UIC8;87594416
TN8759446;OSM;9009418745
TN8759446;SNCF;StopArea:OCE87594465
TN8759446;SNCF;StopPoint:OCECar TER-87594465
TN8759446;SNCF;StopPoint:OCETrain TER-87594465
TN8759446;UIC;8759446
TN8759446;UIC8;87594465
TN8759446;WIKIDATA;Q1903430
TN8759448;OSM;9009418744
TN8759448;SNCF;StopArea:OCE87594481
TN8759448;SNCF;StopPoint:OCECar TER-87594481
TN8759448;SNCF;StopPoint:OCETrain TER-87594481
TN8759448;UIC;8759448
TN8759448;UIC8;87594481
TN8759449;SNCF;StopArea:OCE87594499
TN8759449;SNCF;StopPoint:OCECar TER-87594499
TN8759449;SNCF;StopPoint:OCETrain TER-87594499
TN8759449;UIC;8759449
TN8759449;UIC8;87594499
TN8759455;OSM;9574758980
TN8759455;SNCF;StopArea:OCE87594556
TN8759455;SNCF;StopPoint:OCECar TER-87594556
TN8759455;SNCF;StopPoint:OCETrain TER-87594556
TN8759455;UIC;8759455
TN8759455;UIC8;87594556
TN8759455;WIKIDATA;Q5522732
TN8759456;OSM;3423253720
TN8759456;SNCF;StopArea:OCE87594564
TN8759456;SNCF;StopPoint:OCECar TER-87594564
TN8759456;SNCF;StopPoint:OCETrain TER-87594564
TN8759456;UIC;8759456
TN8759456;UIC8;87594564
TN8759456;WIKIDATA;Q3098166
TN8759457;OSM;257391370
TN8759457;SNCF;StopArea:OCE87594572
TN8759457;SNCF;StopPoint:OCECar TER-87594572
TN8759457;SNCF;StopPoint:OCEINTERCITES de nuit-87594572
TN8759457;SNCF;StopPoint:OCETrain TER-87594572
TN8759457;UIC;8759457
TN8759457;UIC8;87594572
TN8759457;WIKIDATA;Q3097517
TN8759460;OSM;13004596335
TN8759460;SNCF;StopArea:OCE87594606
TN8759460;SNCF;StopPoint:OCECar TER-87594606
TN8759460;SNCF;StopPoint:OCETrain TER-87594606
TN8759460;UIC;8759460
TN8759460;UIC8;87594606
TN8759460;WIKIDATA;Q5522733
TN8759461;OSM;13004604427
TN8759461;SNCF;StopArea:OCE87594614
TN8759461;SNCF;StopPoint:OCECar TER-87594614
TN8759461;SNCF;StopPoint:OCETrain TER-87594614
TN8759461;UIC;8759461
TN8759461;UIC8;87594614
TN8759461;WIKIDATA;Q16638606
TN8759462;OSM;13004607541
TN8759462;SNCF;StopArea:OCE87594622
TN8759462;SNCF;StopPoint:OCECar TER-87594622
TN8759462;SNCF;StopPoint:OCETrain TER-87594622
TN8759462;UIC;8759462
TN8759462;UIC8;87594622
TN8759462;WIKIDATA;Q5522718
TN8759463;OSM;9001469933
TN8759463;SNCF;StopArea:OCE87594630
TN8759463;SNCF;StopPoint:OCECar TER-87594630
TN8759463;SNCF;StopPoint:OCETrain TER-87594630
TN8759463;UIC;8759463
TN8759463;UIC8;87594630
TN8759463;WIKIDATA;Q5522676
TN8759471;SNCF;StopArea:OCE87594713
TN8759471;SNCF;StopPoint:OCECar TER-87594713
TN8759471;UIC;8759471
TN8759471;UIC8;87594713
TN8759473;OSM;9635661066
TN8759473;SNCF;StopArea:OCE87594739
TN8759473;SNCF;StopPoint:OCETrain TER-87594739
TN8759473;UIC;8759473
TN8759473;UIC8;87594739
TN8759473;WIKIDATA;Q3097939
TN8759474;OSM;1533893357
TN8759474;SNCF;StopArea:OCE87594747
TN8759474;SNCF;StopPoint:OCETrain TER-87594747
TN8759474;UIC;8759474
TN8759474;UIC8;87594747
TN8759474;WIKIDATA;Q16354631
TN8759475;OSM;9635782696
TN8759475;SNCF;StopArea:OCE87594754
TN8759475;SNCF;StopPoint:OCECar TER-87594754
TN8759475;SNCF;StopPoint:OCETrain TER-87594754
TN8759475;UIC;8759475
TN8759475;UIC8;87594754
TN8759475;WIKIDATA;Q16336066
TN8759476;OSM;7389146997
TN8759476;SNCF;StopArea:OCE87594762
TN8759476;SNCF;StopPoint:OCECar TER-87594762
TN8759476;SNCF;StopPoint:OCEINTERCITES de nuit-87594762
TN8759476;SNCF;StopPoint:OCETrain TER-87594762
TN8759476;UIC;8759476
TN8759476;UIC8;87594762
TN8759476;WIKIDATA;Q16502904
TN8759479;OSM;9635328234
TN8759479;SNCF;StopArea:OCE87594796
TN8759479;SNCF;StopPoint:OCECar TER-87594796
TN8759479;SNCF;StopPoint:OCETrain TER-87594796
TN8759479;UIC;8759479
TN8759479;UIC8;87594796
TN8759479;WIKIDATA;Q16485880
TN8759482;OSM;9956999872
TN8759482;SNCF;StopArea:OCE87594820
TN8759482;SNCF;StopPoint:OCECar TER-87594820
TN8759482;SNCF;StopPoint:OCETrain TER-87594820
TN8759482;UIC;8759482
TN8759482;UIC8;87594820
TN8759482;WIKIDATA;Q2186957
TN8759500;OSM;13236214290
TN8759500;SNCF;StopArea:OCE87595009
TN8759500;SNCF;StopPoint:OCECar TER-87595009
TN8759500;SNCF;StopPoint:OCETrain TER-87595009
TN8759500;UIC;8759500
TN8759500;UIC8;87595009
TN8759500;WIKIDATA;Q1900058
TN8759512;SNCF;StopArea:OCE87595124
TN8759512;SNCF;StopPoint:OCECar TER-87595124
TN8759512;SNCF;StopPoint:OCETrain TER-87595124
TN8759512;UIC;8759512
TN8759512;UIC8;87595124
TN8759513;OSM;9023678897
TN8759513;SNCF;StopArea:OCE87595132
TN8759513;SNCF;StopPoint:OCECar TER-87595132
TN8759513;SNCF;StopPoint:OCETrain TER-87595132
TN8759513;UIC;8759513
TN8759513;UIC8;87595132
TN8759513;WIKIDATA;Q3097236
TN8759515;OSM;9023678898
TN8759515;SNCF;StopArea:OCE87595157
TN8759515;SNCF;StopPoint:OCECar TER-87595157
TN8759515;SNCF;StopPoint:OCETrain TER-87595157
TN8759515;UIC;8759515
TN8759515;UIC8;87595157
TN8759515;WIKIDATA;Q3095593
TN8759516;OSM;9023678899
TN8759516;SNCF;StopArea:OCE87595165
TN8759516;SNCF;StopPoint:OCECar TER-87595165
TN8759516;SNCF;StopPoint:OCETrain TER-87595165
TN8759516;UIC;8759516
TN8759516;UIC8;87595165
TN8759516;WIKIDATA;Q3096231
TN8759520;OSM;11211794747
TN8759520;SNCF;StopArea:OCE87595207
TN8759520;SNCF;StopPoint:OCETrain TER-87595207
TN8759520;UIC;8759520
TN8759520;UIC8;87595207
TN8759520;WIKIDATA;Q389487
TN8759522;OSM;13278059315
TN8759522;SNCF;StopArea:OCE87595223
TN8759522;SNCF;StopPoint:OCETrain TER-87595223
TN8759522;UIC;8759522
TN8759522;UIC8;87595223
TN8759522;WIKIDATA;Q3097387
TN8759524;OSM;13277483690
TN8759524;SNCF;StopArea:OCE87595249
TN8759524;SNCF;StopPoint:OCETrain TER-87595249
TN8759524;UIC;8759524
TN8759524;UIC8;87595249
TN8759524;WIKIDATA;Q2394855
TN8759526;OSM;3435153502
TN8759526;SNCF;StopArea:OCE87595264
TN8759526;SNCF;StopPoint:OCETrain TER-87595264
TN8759526;UIC;8759526
TN8759526;UIC8;87595264
TN8759526;WIKIDATA;Q3097561
TN8759527;OSM;1593355669
TN8759527;SNCF;StopArea:OCE87595272
TN8759527;SNCF;StopPoint:OCETrain TER-87595272
TN8759527;UIC;8759527
TN8759527;UIC8;87595272
TN8759527;WIKIDATA;Q3097196
TN8759529;OSM;13019360500
TN8759529;SNCF;StopArea:OCE87595298
TN8759529;SNCF;StopPoint:OCETrain TER-87595298
TN8759529;UIC;8759529
TN8759529;UIC8;87595298
TN8759529;WIKIDATA;Q3097140
TN8759532;OSM;12997696120
TN8759532;SNCF;StopArea:OCE87595322
TN8759532;SNCF;StopPoint:OCETrain TER-87595322
TN8759532;UIC;8759532
TN8759532;UIC8;87595322
TN8759532;WIKIDATA;Q3097093
TN8759551;OSM;9024571458
TN8759551;SNCF;StopArea:OCE87595512
TN8759551;SNCF;StopPoint:OCECar TER-87595512
TN8759551;SNCF;StopPoint:OCETrain TER-87595512
TN8759551;UIC;8759551
TN8759551;UIC8;87595512
TN8759551;WIKIDATA;Q2121098
TN8759552;OSM;9024571457
TN8759552;SNCF;StopArea:OCE87595520
TN8759552;SNCF;StopPoint:OCETrain TER-87595520
TN8759552;UIC;8759552
TN8759552;UIC8;87595520
TN8759557;OSM;9024492174
TN8759557;SNCF;StopArea:OCE87595579
TN8759557;SNCF;StopPoint:OCECar TER-87595579
TN8759557;SNCF;StopPoint:OCETrain TER-87595579
TN8759557;UIC;8759557
TN8759557;UIC8;87595579
TN8759557;WIKIDATA;Q3097856
TN8759570;SNCF;StopArea:OCE87595702
TN8759570;SNCF;StopPoint:OCECar TER-87595702
TN8759570;SNCF;StopPoint:OCETrain TER-87595702
TN8759570;UIC;8759570
TN8759570;UIC8;87595702
TN8759573;OSM;1094307434
TN8759573;SNCF;StopArea:OCE87595736
TN8759573;SNCF;StopPoint:OCECar TER-87595736
TN8759573;SNCF;StopPoint:OCETrain TER-87595736
TN8759573;UIC;8759573
TN8759573;UIC8;87595736
TN8759573;WIKIDATA;Q2385436
TN8759574;OSM;986092928
TN8759574;SNCF;StopArea:OCE87595744
TN8759574;SNCF;StopPoint:OCECar TER-87595744
TN8759574;SNCF;StopPoint:OCETrain TER-87595744
TN8759574;UIC;8759574
TN8759574;UIC8;87595744
TN8759574;WIKIDATA;Q2399922
TN8759575;OSM;1576200966
TN8759575;SNCF;StopArea:OCE87595751
TN8759575;SNCF;StopPoint:OCECar TER-87595751
TN8759575;SNCF;StopPoint:OCETrain TER-87595751
TN8759575;UIC;8759575
TN8759575;UIC8;87595751
TN8759575;WIKIDATA;Q2194785
TN8759576;OSM;13430678569
TN8759576;SNCF;StopArea:OCE87595769
TN8759576;SNCF;StopPoint:OCECar TER-87595769
TN8759576;SNCF;StopPoint:OCETrain TER-87595769
TN8759576;UIC;8759576
TN8759576;UIC8;87595769
TN8759576;WIKIDATA;Q2226987
TN8759577;OSM;3096999781
TN8759577;SNCF;StopArea:OCE87595777
TN8759577;SNCF;StopPoint:OCECar TER-87595777
TN8759577;SNCF;StopPoint:OCETrain TER-87595777
TN8759577;UIC;8759577
TN8759577;UIC8;87595777
TN8759577;WIKIDATA;Q3097514
TN8759582;OSM;13430709628
TN8759582;SNCF;StopArea:OCE87595827
TN8759582;SNCF;StopPoint:OCECar TER-87595827
TN8759582;SNCF;StopPoint:OCETrain TER-87595827
TN8759582;UIC;8759582
TN8759582;UIC8;87595827
TN8759582;WIKIDATA;Q402141
TN8759587;OSM;1572685247
TN8759587;SNCF;StopArea:OCE87595876
TN8759587;SNCF;StopPoint:OCECar TER-87595876
TN8759587;SNCF;StopPoint:OCETrain TER-87595876
TN8759587;UIC;8759587
TN8759587;UIC8;87595876
TN8759587;WIKIDATA;Q2230851
TN8759589;OSM;3438886142
TN8759589;SNCF;StopArea:OCE87595892
TN8759589;SNCF;StopPoint:OCECar TER-87595892
TN8759589;SNCF;StopPoint:OCETrain TER-87595892
TN8759589;UIC;8759589
TN8759589;UIC8;87595892
TN8759589;WIKIDATA;Q2261228
TN8759598;SNCF;StopArea:OCE87595983
TN8759598;SNCF;StopPoint:OCECar TER-87595983
TN8759598;UIC;8759598
TN8759598;UIC8;87595983
TN8759700;OSM;11599434805
TN8759700;SNCF;StopArea:OCE87597005
TN8759700;SNCF;StopPoint:OCECar TER-87597005
TN8759700;SNCF;StopPoint:OCEINTERCITES de nuit-87597005
TN8759700;SNCF;StopPoint:OCEINTERCITES-87597005
TN8759700;SNCF;StopPoint:OCETrain TER-87597005
TN8759700;UIC;8759700
TN8759700;UIC8;87597005
TN8759700;WIKIDATA;Q1942680
TN8759703;OSM;9252914544
TN8759703;SNCF;StopArea:OCE87597039
TN8759703;SNCF;StopPoint:OCETrain TER-87597039
TN8759703;UIC;8759703
TN8759703;UIC8;87597039
TN8759703;WIKIDATA;Q2230843
TN8759705;OSM;10564877994
TN8759705;SNCF;StopArea:OCE87597054
TN8759705;SNCF;StopPoint:OCETrain TER-87597054
TN8759705;UIC;8759705
TN8759705;UIC8;87597054
TN8759705;WIKIDATA;Q521647
TN8759706;OSM;389538268
TN8759706;SNCF;StopArea:OCE87597062
TN8759706;SNCF;StopPoint:OCECar TER-87597062
TN8759706;SNCF;StopPoint:OCEINTERCITES de nuit-87597062
TN8759706;SNCF;StopPoint:OCEINTERCITES-87597062
TN8759706;SNCF;StopPoint:OCETrain TER-87597062
TN8759706;UIC;8759706
TN8759706;UIC8;87597062
TN8759706;WIKIDATA;Q2379431
TN8759707;OSM;10564057769
TN8759707;SNCF;StopArea:OCE87597070
TN8759707;SNCF;StopPoint:OCETrain TER-87597070
TN8759707;UIC;8759707
TN8759707;UIC8;87597070
TN8759707;WIKIDATA;Q2055777
TN8759709;OSM;11367547333
TN8759709;SNCF;StopArea:OCE87597096
TN8759709;SNCF;StopPoint:OCETrain TER-87597096
TN8759709;UIC;8759709
TN8759709;UIC8;87597096
TN8759709;WIKIDATA;Q1970651
TN8759710;OSM;11367565870
TN8759710;SNCF;StopArea:OCE87597104
TN8759710;SNCF;StopPoint:OCETrain TER-87597104
TN8759710;UIC;8759710
TN8759710;UIC8;87597104
TN8759710;WIKIDATA;Q1813754
TN8759711;OSM;11367562011
TN8759711;SNCF;StopArea:OCE87597112
TN8759711;SNCF;StopPoint:OCETrain TER-87597112
TN8759711;UIC;8759711
TN8759711;UIC8;87597112
TN8759711;WIKIDATA;Q2657063
TN8759712;OSM;8998811045
TN8759712;SNCF;StopArea:OCE87597120
TN8759712;SNCF;StopPoint:OCECar TER-87597120
TN8759712;SNCF;StopPoint:OCEINTERCITES de nuit-87597120
TN8759712;SNCF;StopPoint:OCEINTERCITES-87597120
TN8759712;SNCF;StopPoint:OCETrain TER-87597120
TN8759712;UIC;8759712
TN8759712;UIC8;87597120
TN8759712;WIKIDATA;Q2727028
TN8759715;OSM;13311221201
TN8759715;SNCF;StopArea:OCE87597153
TN8759715;SNCF;StopPoint:OCETrain TER-87597153
TN8759715;UIC;8759715
TN8759715;UIC8;87597153
TN8759715;WIKIDATA;Q2161232
TN8759760;SNCF;StopArea:OCE87597609
TN8759760;SNCF;StopPoint:OCECar TER-87597609
TN8759760;SNCF;StopPoint:OCETrain TER-87597609
TN8759760;UIC;8759760
TN8759760;UIC8;87597609
TN8759762;OSM;9006329436
TN8759762;SNCF;StopArea:OCE87597625
TN8759762;SNCF;StopPoint:OCECar TER-87597625
TN8759762;SNCF;StopPoint:OCETrain TER-87597625
TN8759762;UIC;8759762
TN8759762;UIC8;87597625
TN8759763;OSM;9006329435
TN8759763;SNCF;StopArea:OCE87597633
TN8759763;SNCF;StopPoint:OCECar TER-87597633
TN8759763;SNCF;StopPoint:OCETrain TER-87597633
TN8759763;UIC;8759763
TN8759763;UIC8;87597633
TN8759763;WIKIDATA;Q2312849
TN8759767;OSM;7040477561
TN8759767;SNCF;StopArea:OCE87597674
TN8759767;SNCF;StopPoint:OCECar TER-87597674
TN8759767;SNCF;StopPoint:OCETrain TER-87597674
TN8759767;UIC;8759767
TN8759767;UIC8;87597674
TN8759767;WIKIDATA;Q3097064
TN8759770;OSM;9006329432
TN8759770;SNCF;StopArea:OCE87597708
TN8759770;SNCF;StopPoint:OCETrain TER-87597708
TN8759770;UIC;8759770
TN8759770;UIC8;87597708
TN8759772;OSM;9006329431
TN8759772;SNCF;StopArea:OCE87597724
TN8759772;SNCF;StopPoint:OCECar TER-87597724
TN8759772;SNCF;StopPoint:OCETrain TER-87597724
TN8759772;UIC;8759772
TN8759772;UIC8;87597724
TN8759774;SNCF;StopArea:OCE87597740
TN8759774;SNCF;StopPoint:OCETrain TER-87597740
TN8759774;UIC;8759774
TN8759774;UIC8;87597740
TN8759821;OSM;3081154398
TN8759821;SNCF;StopArea:OCE87598219
TN8759821;SNCF;StopPoint:OCECar TER-87598219
TN8759821;SNCF;StopPoint:OCETrain TER-87598219
TN8759821;UIC;8759821
TN8759821;UIC8;87598219
TN8759821;WIKIDATA;Q3098207
TN8759875;OSM;12951387370
TN8759875;SNCF;StopArea:OCE87598755
TN8759875;SNCF;StopPoint:OCECar TER-87598755
TN8759875;SNCF;StopPoint:OCETrain TER-87598755
TN8759875;UIC;8759875
TN8759875;UIC8;87598755
TN8759875;WIKIDATA;Q2781632
TN8759975;SNCF;StopArea:OCE87599753
TN8759975;SNCF;StopPoint:OCECar TER-87599753
TN8759975;UIC;8759975
TN8759975;UIC8;87599753
TN8761100;OSM;6132514816
TN8761100;SNCF;StopArea:OCE87611004
TN8761100;SNCF;StopPoint:OCECar TER-87611004
TN8761100;SNCF;StopPoint:OCECar à réservation-87611004
TN8761100;SNCF;StopPoint:OCEINTERCITES de nuit-87611004
TN8761100;SNCF;StopPoint:OCEINTERCITES-87611004
TN8761100;SNCF;StopPoint:OCEOUIGO-87611004
TN8761100;SNCF;StopPoint:OCETGV INOUI-87611004
TN8761100;SNCF;StopPoint:OCETrain TER-87611004
TN8761100;UIC;8761100
TN8761100;UIC8;87611004
TN8761100;WIKIDATA;Q373449
TN8761103;OSM;6121931085
TN8761103;SNCF;StopArea:OCE87611038
TN8761103;SNCF;StopPoint:OCECar TER-87611038
TN8761103;SNCF;StopPoint:OCETrain TER-87611038
TN8761103;UIC;8761103
TN8761103;UIC8;87611038
TN8761103;WIKIDATA;Q2611740
TN8761104;OSM;8519451212
TN8761104;SNCF;StopArea:OCE87611046
TN8761104;SNCF;StopPoint:OCECar TER-87611046
TN8761104;SNCF;StopPoint:OCETrain TER-87611046
TN8761104;UIC;8761104
TN8761104;UIC8;87611046
TN8761104;WIKIDATA;Q3064563
TN8761105;OSM;8519451213
TN8761105;SNCF;StopArea:OCE87611053
TN8761105;SNCF;StopPoint:OCECar TER-87611053
TN8761105;SNCF;StopPoint:OCETrain TER-87611053
TN8761105;UIC;8761105
TN8761105;UIC8;87611053
TN8761105;WIKIDATA;Q1831134
TN8761106;OSM;8519451210
TN8761106;SNCF;StopArea:OCE87611061
TN8761106;SNCF;StopPoint:OCECar TER-87611061
TN8761106;SNCF;StopPoint:OCETrain TER-87611061
TN8761106;UIC;8761106
TN8761106;UIC8;87611061
TN8761106;WIKIDATA;Q2613993
TN8761107;OSM;8519453921
TN8761107;SNCF;StopArea:OCE87611079
TN8761107;SNCF;StopPoint:OCECar TER-87611079
TN8761107;SNCF;StopPoint:OCETrain TER-87611079
TN8761107;UIC;8761107
TN8761107;UIC8;87611079
TN8761107;WIKIDATA;Q2670575
TN8761108;OSM;10280261348
TN8761108;SNCF;StopArea:OCE87611087
TN8761108;SNCF;StopPoint:OCECar TER-87611087
TN8761108;SNCF;StopPoint:OCETrain TER-87611087
TN8761108;UIC;8761108
TN8761108;UIC8;87611087
TN8761108;WIKIDATA;Q2295870
TN8761109;OSM;4787365440
TN8761109;SNCF;StopArea:OCE87611095
TN8761109;SNCF;StopPoint:OCECar TER-87611095
TN8761109;SNCF;StopPoint:OCETrain TER-87611095
TN8761109;UIC;8761109
TN8761109;UIC8;87611095
TN8761109;WIKIDATA;Q2129796
TN8761110;OSM;8519453920
TN8761110;SNCF;StopArea:OCE87611103
TN8761110;SNCF;StopPoint:OCETrain TER-87611103
TN8761110;UIC;8761110
TN8761110;UIC8;87611103
TN8761110;WIKIDATA;Q920512
TN8761113;OSM;13306337243
TN8761113;SNCF;StopArea:OCE87611137
TN8761113;SNCF;StopPoint:OCECar TER-87611137
TN8761113;SNCF;StopPoint:OCEINTERCITES-87611137
TN8761113;SNCF;StopPoint:OCETrain TER-87611137
TN8761113;UIC;8761113
TN8761113;UIC8;87611137
TN8761113;WIKIDATA;Q958716
TN8761115;OSM;8519451214
TN8761115;SNCF;StopArea:OCE87611152
TN8761115;SNCF;StopPoint:OCECar TER-87611152
TN8761115;SNCF;StopPoint:OCEINTERCITES-87611152
TN8761115;SNCF;StopPoint:OCETrain TER-87611152
TN8761115;UIC;8761115
TN8761115;UIC8;87611152
TN8761115;WIKIDATA;Q1862421
TN8761116;SNCF;StopArea:OCE87611160
TN8761116;SNCF;StopPoint:OCECar TER-87611160
TN8761116;UIC;8761116
TN8761116;UIC8;87611160
TN8761117;OSM;3474055893
TN8761117;SNCF;StopArea:OCE87611178
TN8761117;SNCF;StopPoint:OCECar TER-87611178
TN8761117;SNCF;StopPoint:OCETrain TER-87611178
TN8761117;UIC;8761117
TN8761117;UIC8;87611178
TN8761117;WIKIDATA;Q2421555
TN8761119;OSM;9808436519
TN8761119;SNCF;StopArea:OCE87611194
TN8761119;SNCF;StopPoint:OCECar TER-87611194
TN8761119;SNCF;StopPoint:OCETrain TER-87611194
TN8761119;UIC;8761119
TN8761119;UIC8;87611194
TN8761119;WIKIDATA;Q748493
TN8761121;SNCF;StopArea:OCE87611210
TN8761121;SNCF;StopPoint:OCECar TER-87611210
TN8761121;UIC;8761121
TN8761121;UIC8;87611210
TN8761122;SNCF;StopArea:OCE87611228
TN8761122;SNCF;StopPoint:OCECar TER-87611228
TN8761122;UIC;8761122
TN8761122;UIC8;87611228
TN8761123;OSM;955098353
TN8761123;SNCF;StopArea:OCE87611236
TN8761123;SNCF;StopPoint:OCECar TER-87611236
TN8761123;SNCF;StopPoint:OCETrain TER-87611236
TN8761123;UIC;8761123
TN8761123;UIC8;87611236
TN8761123;WIKIDATA;Q2609166
TN8761124;OSM;8330376184
TN8761124;SNCF;StopArea:OCE87611244
TN8761124;SNCF;StopPoint:OCECar TER-87611244
TN8761124;SNCF;StopPoint:OCEINTERCITES de nuit-87611244
TN8761124;SNCF;StopPoint:OCEINTERCITES-87611244
TN8761124;SNCF;StopPoint:OCEOUIGO-87611244
TN8761124;SNCF;StopPoint:OCETGV INOUI-87611244
TN8761124;SNCF;StopPoint:OCETrain TER-87611244
TN8761124;UIC;8761124
TN8761124;UIC8;87611244
TN8761124;WIKIDATA;Q2373429
TN8761130;OSM;6121253683
TN8761130;SNCF;StopArea:OCE87611301
TN8761130;SNCF;StopPoint:OCETrain TER-87611301
TN8761130;UIC;8761130
TN8761130;UIC8;87611301
TN8761130;WIKIDATA;Q2179915
TN8761132;OSM;11102983397
TN8761132;SNCF;StopArea:OCE87611327
TN8761132;SNCF;StopPoint:OCECar TER-87611327
TN8761132;SNCF;StopPoint:OCETrain TER-87611327
TN8761132;UIC;8761132
TN8761132;UIC8;87611327
TN8761132;WIKIDATA;Q2335942
TN8761134;OSM;194740791
TN8761134;SNCF;StopArea:OCE87611343
TN8761134;SNCF;StopPoint:OCECar TER-87611343
TN8761134;SNCF;StopPoint:OCEINTERCITES de nuit-87611343
TN8761134;SNCF;StopPoint:OCETrain TER-87611343
TN8761134;UIC;8761134
TN8761134;UIC8;87611343
TN8761134;WIKIDATA;Q3097248
TN8761135;OSM;11097562409
TN8761135;SNCF;StopArea:OCE87611350
TN8761135;SNCF;StopPoint:OCECar TER-87611350
TN8761135;SNCF;StopPoint:OCETrain TER-87611350
TN8761135;UIC;8761135
TN8761135;UIC8;87611350
TN8761135;WIKIDATA;Q2086547
TN8761136;OSM;8330305594
TN8761136;SNCF;StopArea:OCE87611368
TN8761136;SNCF;StopPoint:OCECar TER-87611368
TN8761136;SNCF;StopPoint:OCEINTERCITES de nuit-87611368
TN8761136;SNCF;StopPoint:OCETrain TER-87611368
TN8761136;UIC;8761136
TN8761136;UIC8;87611368
TN8761136;WIKIDATA;Q3097700
TN8761137;OSM;11092981112
TN8761137;SNCF;StopArea:OCE87611376
TN8761137;SNCF;StopPoint:OCETrain TER-87611376
TN8761137;UIC;8761137
TN8761137;UIC8;87611376
TN8761137;WIKIDATA;Q2292610
TN8761138;SNCF;StopArea:OCE87611384
TN8761138;SNCF;StopPoint:OCECar TER-87611384
TN8761138;SNCF;StopPoint:OCEINTERCITES de nuit-87611384
TN8761138;SNCF;StopPoint:OCETrain TER-87611384
TN8761138;UIC;8761138
TN8761138;UIC8;87611384
TN8761139;OSM;61101734
TN8761139;SNCF;StopArea:OCE87611392
TN8761139;SNCF;StopPoint:OCECar TER-87611392
TN8761139;SNCF;StopPoint:OCETrain TER-87611392
TN8761139;UIC;8761139
TN8761139;UIC8;87611392
TN8761139;WIKIDATA;Q2309454
TN8761140;OSM;6121942357
TN8761140;SNCF;StopArea:OCE87611400
TN8761140;SNCF;StopPoint:OCECar TER-87611400
TN8761140;SNCF;StopPoint:OCETrain TER-87611400
TN8761140;UIC;8761140
TN8761140;UIC8;87611400
TN8761140;WIKIDATA;Q2047423
TN8761143;OSM;1099956456
TN8761143;SNCF;StopArea:OCE87611434
TN8761143;SNCF;StopPoint:OCETrain TER-87611434
TN8761143;UIC;8761143
TN8761143;UIC8;87611434
TN8761143;WIKIDATA;Q2484686
TN8761145;OSM;9608338562
TN8761145;SNCF;StopArea:OCE87611459
TN8761145;SNCF;StopPoint:OCECar TER-87611459
TN8761145;SNCF;StopPoint:OCETrain TER-87611459
TN8761145;UIC;8761145
TN8761145;UIC8;87611459
TN8761145;WIKIDATA;Q3096823
TN8761146;OSM;6123311121
TN8761146;SNCF;StopArea:OCE87611467
TN8761146;SNCF;StopPoint:OCECar TER-87611467
TN8761146;SNCF;StopPoint:OCETrain TER-87611467
TN8761146;UIC;8761146
TN8761146;UIC8;87611467
TN8761146;WIKIDATA;Q3096269
TN8761147;SNCF;StopArea:OCE87611475
TN8761147;SNCF;StopPoint:OCECar TER-87611475
TN8761147;UIC;8761147
TN8761147;UIC8;87611475
TN8761148;OSM;7524054413
TN8761148;SNCF;StopArea:OCE87611483
TN8761148;SNCF;StopPoint:OCECar TER-87611483
TN8761148;SNCF;StopPoint:OCEINTERCITES de nuit-87611483
TN8761148;SNCF;StopPoint:OCETrain TER-87611483
TN8761148;UIC;8761148
TN8761148;UIC8;87611483
TN8761148;WIKIDATA;Q2158378
TN8761150;OSM;2322460957
TN8761150;SNCF;StopArea:OCE87611509
TN8761150;SNCF;StopPoint:OCEINTERCITES de nuit-87611509
TN8761150;SNCF;StopPoint:OCETrain TER-87611509
TN8761150;UIC;8761150
TN8761150;UIC8;87611509
TN8761150;WIKIDATA;Q2533987
TN8761151;OSM;2261676064
TN8761151;SNCF;StopArea:OCE87611517
TN8761151;SNCF;StopPoint:OCEINTERCITES de nuit-87611517
TN8761151;SNCF;StopPoint:OCETrain TER-87611517
TN8761151;UIC;8761151
TN8761151;UIC8;87611517
TN8761151;WIKIDATA;Q2187825
TN8761152;OSM;2261597809
TN8761152;SNCF;StopArea:OCE87611525
TN8761152;SNCF;StopPoint:OCEINTERCITES de nuit-87611525
TN8761152;SNCF;StopPoint:OCETrain TER-87611525
TN8761152;UIC;8761152
TN8761152;UIC8;87611525
TN8761152;WIKIDATA;Q3097149
TN8761153;OSM;9487998229
TN8761153;SNCF;StopArea:OCE87611533
TN8761153;SNCF;StopPoint:OCECar TER-87611533
TN8761153;SNCF;StopPoint:OCEINTERCITES de nuit-87611533
TN8761153;SNCF;StopPoint:OCETrain TER-87611533
TN8761153;UIC;8761153
TN8761153;UIC8;87611533
TN8761153;WIKIDATA;Q2611715
TN8761155;OSM;61104088
TN8761155;SNCF;StopArea:OCE87611558
TN8761155;SNCF;StopPoint:OCECar TER-87611558
TN8761155;SNCF;StopPoint:OCEINTERCITES de nuit-87611558
TN8761155;SNCF;StopPoint:OCETrain TER-87611558
TN8761155;UIC;8761155
TN8761155;UIC8;87611558
TN8761155;WIKIDATA;Q782990
TN8761156;SNCF;StopArea:OCE87611566
TN8761156;SNCF;StopPoint:OCECar TER-87611566
TN8761156;UIC;8761156
TN8761156;UIC8;87611566
TN8761157;OSM;9955326412
TN8761157;SNCF;StopArea:OCE87611574
TN8761157;SNCF;StopPoint:OCEINTERCITES de nuit-87611574
TN8761157;SNCF;StopPoint:OCETrain TER-87611574
TN8761157;UIC;8761157
TN8761157;UIC8;87611574
TN8761157;WIKIDATA;Q2697947
TN8761158;SNCF;StopArea:OCE87611582
TN8761158;SNCF;StopPoint:OCECar TER-87611582
TN8761158;UIC;8761158
TN8761158;UIC8;87611582
TN8761159;SNCF;StopArea:OCE87611590
TN8761159;SNCF;StopPoint:OCECar TER-87611590
TN8761159;SNCF;StopPoint:OCEINTERCITES de nuit-87611590
TN8761159;SNCF;StopPoint:OCETrain TER-87611590
TN8761159;UIC;8761159
TN8761159;UIC8;87611590
TN8761160;SNCF;StopArea:OCE87611608
TN8761160;SNCF;StopPoint:OCECar TER-87611608
TN8761160;UIC;8761160
TN8761160;UIC8;87611608
TN8761161;OSM;9955326411
TN8761161;SNCF;StopArea:OCE87611616
TN8761161;SNCF;StopPoint:OCECar TER-87611616
TN8761161;SNCF;StopPoint:OCEINTERCITES de nuit-87611616
TN8761161;SNCF;StopPoint:OCETrain TER-87611616
TN8761161;UIC;8761161
TN8761161;UIC8;87611616
TN8761161;WIKIDATA;Q2118181
TN8761162;OSM;61102832
TN8761162;SNCF;StopArea:OCE87611624
TN8761162;SNCF;StopPoint:OCECar TER-87611624
TN8761162;SNCF;StopPoint:OCETrain TER-87611624
TN8761162;UIC;8761162
TN8761162;UIC8;87611624
TN8761162;WIKIDATA;Q2714683
TN8761165;OSM;6121347106
TN8761165;SNCF;StopArea:OCE87611657
TN8761165;SNCF;StopPoint:OCECar TER-87611657
TN8761165;SNCF;StopPoint:OCETrain TER-87611657
TN8761165;UIC;8761165
TN8761165;UIC8;87611657
TN8761165;WIKIDATA;Q2245340
TN8761166;OSM;8334192489
TN8761166;SNCF;StopArea:OCE87611665
TN8761166;SNCF;StopPoint:OCECar TER-87611665
TN8761166;SNCF;StopPoint:OCETrain TER-87611665
TN8761166;UIC;8761166
TN8761166;UIC8;87611665
TN8761166;WIKIDATA;Q2204610
TN8761167;OSM;4482721252
TN8761167;SNCF;StopArea:OCE87611673
TN8761167;SNCF;StopPoint:OCECar TER-87611673
TN8761167;SNCF;StopPoint:OCETrain TER-87611673
TN8761167;UIC;8761167
TN8761167;UIC8;87611673
TN8761167;WIKIDATA;Q3096589
TN8761168;OSM;9404446115
TN8761168;SNCF;StopArea:OCE87611681
TN8761168;SNCF;StopPoint:OCECar TER-87611681
TN8761168;SNCF;StopPoint:OCETrain TER-87611681
TN8761168;UIC;8761168
TN8761168;UIC8;87611681
TN8761168;WIKIDATA;Q734551
TN8761169;OSM;7061169837
TN8761169;SNCF;StopArea:OCE87611699
TN8761169;SNCF;StopPoint:OCECar TER-87611699
TN8761169;SNCF;StopPoint:OCETrain TER-87611699
TN8761169;UIC;8761169
TN8761169;UIC8;87611699
TN8761169;WIKIDATA;Q2192235
TN8761170;OSM;6131085779
TN8761170;SNCF;StopArea:OCE87611707
TN8761170;SNCF;StopPoint:OCECar TER-87611707
TN8761170;SNCF;StopPoint:OCETrain TER-87611707
TN8761170;UIC;8761170
TN8761170;UIC8;87611707
TN8761170;WIKIDATA;Q3095745
TN8761171;SNCF;StopArea:OCE87611715
TN8761171;SNCF;StopPoint:OCECar TER-87611715
TN8761171;UIC;8761171
TN8761171;UIC8;87611715
TN8761172;OSM;6131000048
TN8761172;SNCF;StopArea:OCE87611723
TN8761172;SNCF;StopPoint:OCECar TER-87611723
TN8761172;SNCF;StopPoint:OCETrain TER-87611723
TN8761172;UIC;8761172
TN8761172;UIC8;87611723
TN8761172;WIKIDATA;Q3095928
TN8761174;OSM;4197199099
TN8761174;SNCF;StopArea:OCE87611749
TN8761174;SNCF;StopPoint:OCECar TER-87611749
TN8761174;SNCF;StopPoint:OCETrain TER-87611749
TN8761174;UIC;8761174
TN8761174;UIC8;87611749
TN8761174;WIKIDATA;Q2200917
TN8761176;OSM;354538814
TN8761176;SNCF;StopArea:OCE87611764
TN8761176;SNCF;StopPoint:OCECar TER-87611764
TN8761176;SNCF;StopPoint:OCETrain TER-87611764
TN8761176;UIC;8761176
TN8761176;UIC8;87611764
TN8761176;WIKIDATA;Q2676863
TN8761177;SNCF;StopArea:OCE87611772
TN8761177;SNCF;StopPoint:OCECar TER-87611772
TN8761177;SNCF;StopPoint:OCETrain TER-87611772
TN8761177;UIC;8761177
TN8761177;UIC8;87611772
TN8761180;OSM;10680984420
TN8761180;SNCF;StopArea:OCE87611806
TN8761180;SNCF;StopPoint:OCECar TER-87611806
TN8761180;SNCF;StopPoint:OCETrain TER-87611806
TN8761180;UIC;8761180
TN8761180;UIC8;87611806
TN8761180;WIKIDATA;Q2016061
TN8761181;OSM;338505772
TN8761181;SNCF;StopArea:OCE87611814
TN8761181;SNCF;StopPoint:OCECar TER-87611814
TN8761181;SNCF;StopPoint:OCETrain TER-87611814
TN8761181;UIC;8761181
TN8761181;UIC8;87611814
TN8761181;WIKIDATA;Q3097148
TN8761182;OSM;6123197047
TN8761182;SNCF;StopArea:OCE87611822
TN8761182;SNCF;StopPoint:OCECar TER-87611822
TN8761182;SNCF;StopPoint:OCETrain TER-87611822
TN8761182;UIC;8761182
TN8761182;UIC8;87611822
TN8761182;WIKIDATA;Q2628524
TN8761183;OSM;6123232668
TN8761183;SNCF;StopArea:OCE87611830
TN8761183;SNCF;StopPoint:OCECar TER-87611830
TN8761183;SNCF;StopPoint:OCETrain TER-87611830
TN8761183;UIC;8761183
TN8761183;UIC8;87611830
TN8761183;WIKIDATA;Q2227003
TN8761184;OSM;6133025899
TN8761184;SNCF;StopArea:OCE87611848
TN8761184;SNCF;StopPoint:OCECar TER-87611848
TN8761184;SNCF;StopPoint:OCETrain TER-87611848
TN8761184;UIC;8761184
TN8761184;UIC8;87611848
TN8761184;WIKIDATA;Q5522709
TN8761185;OSM;6594374383
TN8761185;SNCF;StopArea:OCE87611855
TN8761185;SNCF;StopPoint:OCECar TER-87611855
TN8761185;SNCF;StopPoint:OCETrain TER-87611855
TN8761185;UIC;8761185
TN8761185;UIC8;87611855
TN8761185;WIKIDATA;Q2245601
TN8761186;OSM;13289730198
TN8761186;SNCF;StopArea:OCE87611863
TN8761186;SNCF;StopPoint:OCECar TER-87611863
TN8761186;SNCF;StopPoint:OCETrain TER-87611863
TN8761186;UIC;8761186
TN8761186;UIC8;87611863
TN8761186;WIKIDATA;Q2684440
TN8761188;OSM;2181909239
TN8761188;SNCF;StopArea:OCE87611889
TN8761188;SNCF;StopPoint:OCECar TER-87611889
TN8761188;SNCF;StopPoint:OCETrain TER-87611889
TN8761188;UIC;8761188
TN8761188;UIC8;87611889
TN8761188;WIKIDATA;Q2796494
TN8761189;OSM;8413103333
TN8761189;SNCF;StopArea:OCE87611897
TN8761189;SNCF;StopPoint:OCECar TER-87611897
TN8761189;SNCF;StopPoint:OCETrain TER-87611897
TN8761189;UIC;8761189
TN8761189;UIC8;87611897
TN8761189;WIKIDATA;Q667139
TN8761192;OSM;6123256779
TN8761192;SNCF;StopArea:OCE87611921
TN8761192;SNCF;StopPoint:OCECar TER-87611921
TN8761192;SNCF;StopPoint:OCETrain TER-87611921
TN8761192;UIC;8761192
TN8761192;UIC8;87611921
TN8761192;WIKIDATA;Q2804370
TN8761193;OSM;6128768628
TN8761193;SNCF;StopArea:OCE87611939
TN8761193;SNCF;StopPoint:OCETrain TER-87611939
TN8761193;UIC;8761193
TN8761193;UIC8;87611939
TN8761193;WIKIDATA;Q1931292
TN8761197;SNCF;StopArea:OCE87611970
TN8761197;SNCF;StopPoint:OCECar TER-87611970
TN8761197;UIC;8761197
TN8761197;UIC8;87611970
TN8761200;OSM;6132447177
TN8761200;SNCF;StopArea:OCE87612002
TN8761200;SNCF;StopPoint:OCECar TER-87612002
TN8761200;SNCF;StopPoint:OCETrain TER-87612002
TN8761200;UIC;8761200
TN8761200;UIC8;87612002
TN8761200;WIKIDATA;Q3096827
TN8761201;OSM;3474055993
TN8761201;SNCF;StopArea:OCE87612010
TN8761201;SNCF;StopPoint:OCETrain TER-87612010
TN8761201;UIC;8761201
TN8761201;UIC8;87612010
TN8761201;WIKIDATA;Q630601
TN8761202;OSM;6131099113
TN8761202;SNCF;StopArea:OCE87612028
TN8761202;SNCF;StopPoint:OCETrain TER-87612028
TN8761202;UIC;8761202
TN8761202;UIC8;87612028
TN8761202;WIKIDATA;Q3126240
TN8761235;SNCF;StopArea:OCE87612358
TN8761235;SNCF;StopPoint:OCECar TER-87612358
TN8761235;UIC;8761235
TN8761235;UIC8;87612358
TN8761300;OSM;388185240
TN8761300;SNCF;StopArea:OCE87613000
TN8761300;SNCF;StopPoint:OCECar TER-87613000
TN8761300;SNCF;StopPoint:OCEINTERCITES de nuit-87613000
TN8761300;SNCF;StopPoint:OCEINTERCITES-87613000
TN8761300;SNCF;StopPoint:OCETrain TER-87613000
TN8761300;UIC;8761300
TN8761300;UIC8;87613000
TN8761300;WIKIDATA;Q2361230
TN8761304;OSM;257391223
TN8761304;SNCF;StopArea:OCE87613042
TN8761304;SNCF;StopPoint:OCECar TER-87613042
TN8761304;SNCF;StopPoint:OCEINTERCITES de nuit-87613042
TN8761304;SNCF;StopPoint:OCETrain TER-87613042
TN8761304;UIC;8761304
TN8761304;UIC8;87613042
TN8761304;WIKIDATA;Q1880971
TN8761305;OSM;257391180
TN8761305;SNCF;StopArea:OCE87613059
TN8761305;SNCF;StopPoint:OCECar TER-87613059
TN8761305;SNCF;StopPoint:OCEINTERCITES de nuit-87613059
TN8761305;SNCF;StopPoint:OCETrain TER-87613059
TN8761305;UIC;8761305
TN8761305;UIC8;87613059
TN8761305;WIKIDATA;Q3096565
TN8761307;OSM;2911206491
TN8761307;SNCF;StopArea:OCE87613075
TN8761307;SNCF;StopPoint:OCECar TER-87613075
TN8761307;SNCF;StopPoint:OCEINTERCITES de nuit-87613075
TN8761307;SNCF;StopPoint:OCETrain TER-87613075
TN8761307;UIC;8761307
TN8761307;UIC8;87613075
TN8761307;WIKIDATA;Q3095682
TN8761309;OSM;502702036
TN8761309;SNCF;StopArea:OCE87613091
TN8761309;SNCF;StopPoint:OCECar TER-87613091
TN8761309;SNCF;StopPoint:OCECar à réservation-87613091
TN8761309;SNCF;StopPoint:OCEINTERCITES de nuit-87613091
TN8761309;SNCF;StopPoint:OCETrain TER-87613091
TN8761309;UIC;8761309
TN8761309;UIC8;87613091
TN8761309;WIKIDATA;Q3096433
TN8761310;SNCF;StopArea:OCE87613109
TN8761310;SNCF;StopPoint:OCECar TER-87613109
TN8761310;SNCF;StopPoint:OCEINTERCITES de nuit-87613109
TN8761310;SNCF;StopPoint:OCETrain TER-87613109
TN8761310;UIC;8761310
TN8761310;UIC8;87613109
TN8761314;OSM;13285035034
TN8761314;SNCF;StopArea:OCE87613141
TN8761314;SNCF;StopPoint:OCECar TER-87613141
TN8761314;SNCF;StopPoint:OCEINTERCITES de nuit-87613141
TN8761314;SNCF;StopPoint:OCEINTERCITES-87613141
TN8761314;SNCF;StopPoint:OCETrain TER-87613141
TN8761314;UIC;8761314
TN8761314;UIC8;87613141
TN8761314;WIKIDATA;Q2220602
TN8761317;OSM;9957435168
TN8761317;SNCF;StopArea:OCE87613174
TN8761317;SNCF;StopPoint:OCETrain TER-87613174
TN8761317;UIC;8761317
TN8761317;UIC8;87613174
TN8761317;WIKIDATA;Q2391846
TN8761322;OSM;429541478
TN8761322;SNCF;StopArea:OCE87613224
TN8761322;SNCF;StopPoint:OCECar TER-87613224
TN8761322;SNCF;StopPoint:OCEINTERCITES de nuit-87613224
TN8761322;SNCF;StopPoint:OCETrain TER-87613224
TN8761322;UIC;8761322
TN8761322;UIC8;87613224
TN8761322;WIKIDATA;Q5522675
TN8761323;OSM;429535546
TN8761323;SNCF;StopArea:OCE87613232
TN8761323;SNCF;StopPoint:OCEINTERCITES de nuit-87613232
TN8761323;SNCF;StopPoint:OCETrain TER-87613232
TN8761323;UIC;8761323
TN8761323;UIC8;87613232
TN8761323;WIKIDATA;Q5522688
TN8761325;OSM;11079034556
TN8761325;SNCF;StopArea:OCE87613257
TN8761325;SNCF;StopPoint:OCECar TER-87613257
TN8761325;SNCF;StopPoint:OCEINTERCITES de nuit-87613257
TN8761325;SNCF;StopPoint:OCETrain TER-87613257
TN8761325;UIC;8761325
TN8761325;UIC8;87613257
TN8761325;WIKIDATA;Q5522719
TN8761332;OSM;9955622760
TN8761332;SNCF;StopArea:OCE87613323
TN8761332;SNCF;StopPoint:OCECar TER-87613323
TN8761332;SNCF;StopPoint:OCETrain TER-87613323
TN8761332;UIC;8761332
TN8761332;UIC8;87613323
TN8761332;WIKIDATA;Q1283201
TN8761335;OSM;1691968962
TN8761335;SNCF;StopArea:OCE87613356
TN8761335;SNCF;StopPoint:OCECar TER-87613356
TN8761335;SNCF;StopPoint:OCEINTERCITES de nuit-87613356
TN8761335;SNCF;StopPoint:OCEINTERCITES-87613356
TN8761335;SNCF;StopPoint:OCETrain TER-87613356
TN8761335;UIC;8761335
TN8761335;UIC8;87613356
TN8761335;WIKIDATA;Q683751
TN8761339;OSM;13282990916
TN8761339;SNCF;StopArea:OCE87613398
TN8761339;SNCF;StopPoint:OCECar TER-87613398
TN8761339;SNCF;StopPoint:OCETrain TER-87613398
TN8761339;UIC;8761339
TN8761339;UIC8;87613398
TN8761339;WIKIDATA;Q2183967
TN8761342;OSM;276097757
TN8761342;SNCF;StopArea:OCE87613422
TN8761342;SNCF;StopPoint:OCECar TER-87613422
TN8761342;SNCF;StopPoint:OCEINTERCITES de nuit-87613422
TN8761342;SNCF;StopPoint:OCETrain TER-87613422
TN8761342;UIC;8761342
TN8761342;UIC8;87613422
TN8761342;WIKIDATA;Q2405585
TN8761346;OSM;8975082718
TN8761346;SNCF;StopArea:OCE87613463
TN8761346;SNCF;StopPoint:OCECar TER-87613463
TN8761346;SNCF;StopPoint:OCETrain TER-87613463
TN8761346;UIC;8761346
TN8761346;UIC8;87613463
TN8761346;WIKIDATA;Q5522711
TN8761347;OSM;1073294950
TN8761347;SNCF;StopArea:OCE87613471
TN8761347;SNCF;StopPoint:OCECar TER-87613471
TN8761347;SNCF;StopPoint:OCETrain TER-87613471
TN8761347;UIC;8761347
TN8761347;UIC8;87613471
TN8761347;WIKIDATA;Q5522699
TN8761348;OSM;1253962265
TN8761348;SNCF;StopArea:OCE87613489
TN8761348;SNCF;StopPoint:OCECar TER-87613489
TN8761348;SNCF;StopPoint:OCETrain TER-87613489
TN8761348;UIC;8761348
TN8761348;UIC8;87613489
TN8761348;WIKIDATA;Q5522702
TN8761360;OSM;3421625228
TN8761360;SNCF;StopArea:OCE87613604
TN8761360;SNCF;StopPoint:OCECar TER-87613604
TN8761360;SNCF;StopPoint:OCETrain TER-87613604
TN8761360;UIC;8761360
TN8761360;UIC8;87613604
TN8761360;WIKIDATA;Q99414252
TN8761366;OSM;13286716071
TN8761366;SNCF;StopArea:OCE87613661
TN8761366;SNCF;StopPoint:OCECar TER-87613661
TN8761366;SNCF;StopPoint:OCEINTERCITES de nuit-87613661
TN8761366;SNCF;StopPoint:OCETrain TER-87613661
TN8761366;UIC;8761366
TN8761366;UIC8;87613661
TN8761366;WIKIDATA;Q5522738
TN8761380;OSM;1253889134
TN8761380;SNCF;StopArea:OCE87613802
TN8761380;SNCF;StopPoint:OCECar TER-87613802
TN8761380;SNCF;StopPoint:OCETrain TER-87613802
TN8761380;UIC;8761380
TN8761380;UIC8;87613802
TN8761380;WIKIDATA;Q3096287
TN8761387;OSM;942950313
TN8761387;SNCF;StopArea:OCE87613877
TN8761387;SNCF;StopPoint:OCETrain TER-87613877
TN8761387;UIC;8761387
TN8761387;UIC8;87613877
TN8761387;WIKIDATA;Q5522727
TN8761388;SNCF;StopArea:OCE87613885
TN8761388;SNCF;StopPoint:OCECar TER-87613885
TN8761388;UIC;8761388
TN8761388;UIC8;87613885
TN8761389;SNCF;StopArea:OCE87613893
TN8761389;SNCF;StopPoint:OCECar TER-87613893
TN8761389;SNCF;StopPoint:OCETrain TER-87613893
TN8761389;UIC;8761389
TN8761389;UIC8;87613893
TN8761500;OSM;4197199098
TN8761500;SNCF;StopArea:OCE87615005
TN8761500;SNCF;StopPoint:OCECar TER-87615005
TN8761500;SNCF;StopPoint:OCEINTERCITES de nuit-87615005
TN8761500;SNCF;StopPoint:OCETrain TER-87615005
TN8761500;UIC;8761500
TN8761500;UIC8;87615005
TN8761500;WIKIDATA;Q2650871
TN8761501;OSM;10935373810
TN8761501;SNCF;StopArea:OCE87615013
TN8761501;SNCF;StopPoint:OCECar TER-87615013
TN8761501;SNCF;StopPoint:OCETrain TER-87615013
TN8761501;UIC;8761501
TN8761501;UIC8;87615013
TN8761501;WIKIDATA;Q3097993
TN8761503;OSM;10935370465
TN8761503;SNCF;StopArea:OCE87615039
TN8761503;SNCF;StopPoint:OCECar TER-87615039
TN8761503;SNCF;StopPoint:OCETrain TER-87615039
TN8761503;UIC;8761503
TN8761503;UIC8;87615039
TN8761503;WIKIDATA;Q677714
TN8761505;OSM;8320872726
TN8761505;SNCF;StopArea:OCE87615054
TN8761505;SNCF;StopPoint:OCECar TER-87615054
TN8761505;SNCF;StopPoint:OCETrain TER-87615054
TN8761505;UIC;8761505
TN8761505;UIC8;87615054
TN8761505;WIKIDATA;Q3096058
TN8761511;OSM;5551929712
TN8761511;SNCF;StopArea:OCE87615112
TN8761511;SNCF;StopPoint:OCETrain TER-87615112
TN8761511;UIC;8761511
TN8761511;UIC8;87615112
TN8761511;WIKIDATA;Q2280048
TN8761512;SNCF;StopArea:OCE87615120
TN8761512;SNCF;StopPoint:OCECar TER-87615120
TN8761512;SNCF;StopPoint:OCETrain TER-87615120
TN8761512;UIC;8761512
TN8761512;UIC8;87615120
TN8761513;OSM;965806065
TN8761513;SNCF;StopArea:OCE87615138
TN8761513;SNCF;StopPoint:OCECar TER-87615138
TN8761513;SNCF;StopPoint:OCETrain TER-87615138
TN8761513;UIC;8761513
TN8761513;UIC8;87615138
TN8761513;WIKIDATA;Q1846637
TN8761514;OSM;965806018
TN8761514;SNCF;StopArea:OCE87615146
TN8761514;SNCF;StopPoint:OCECar TER-87615146
TN8761514;SNCF;StopPoint:OCETrain TER-87615146
TN8761514;UIC;8761514
TN8761514;UIC8;87615146
TN8761514;WIKIDATA;Q2362393
TN8761516;SNCF;StopArea:OCE87615161
TN8761516;SNCF;StopPoint:OCECar TER-87615161
TN8761516;SNCF;StopPoint:OCETrain TER-87615161
TN8761516;UIC;8761516
TN8761516;UIC8;87615161
TN8761518;OSM;1020300498
TN8761518;SNCF;StopArea:OCE87615187
TN8761518;SNCF;StopPoint:OCECar TER-87615187
TN8761518;UIC;8761518
TN8761518;UIC8;87615187
TN8761518;WIKIDATA;Q3095613
TN8761519;OSM;3049113103
TN8761519;SNCF;StopArea:OCE87615195
TN8761519;SNCF;StopPoint:OCECar TER-87615195
TN8761519;SNCF;StopPoint:OCEINTERCITES de nuit-87615195
TN8761519;SNCF;StopPoint:OCETrain TER-87615195
TN8761519;UIC;8761519
TN8761519;UIC8;87615195
TN8761519;WIKIDATA;Q2745699
TN8761520;OSM;8316977580
TN8761520;SNCF;StopArea:OCE87615203
TN8761520;SNCF;StopPoint:OCECar TER-87615203
TN8761520;UIC;8761520
TN8761520;UIC8;87615203
TN8761520;WIKIDATA;Q2700620
TN8761521;OSM;12951424940
TN8761521;SNCF;StopArea:OCE87615211
TN8761521;SNCF;StopPoint:OCECar TER-87615211
TN8761521;UIC;8761521
TN8761521;UIC8;87615211
TN8761521;WIKIDATA;Q2747246
TN8761524;OSM;8791417166
TN8761524;SNCF;StopArea:OCE87615245
TN8761524;SNCF;StopPoint:OCECar TER-87615245
TN8761524;SNCF;StopPoint:OCETrain TER-87615245
TN8761524;UIC;8761524
TN8761524;UIC8;87615245
TN8761524;WIKIDATA;Q2721691
TN8761525;OSM;4197199100
TN8761525;SNCF;StopArea:OCE87615252
TN8761525;SNCF;StopPoint:OCECar TER-87615252
TN8761525;SNCF;StopPoint:OCETrain TER-87615252
TN8761525;UIC;8761525
TN8761525;UIC8;87615252
TN8761525;WIKIDATA;Q3096513
TN8761526;SNCF;StopArea:OCE87615260
TN8761526;SNCF;StopPoint:OCECar TER-87615260
TN8761526;UIC;8761526
TN8761526;UIC8;87615260
TN8761528;OSM;6980560663
TN8761528;SNCF;StopArea:OCE87615286
TN8761528;SNCF;StopPoint:OCECar TER-87615286
TN8761528;SNCF;StopPoint:OCEINTERCITES-87615286
TN8761528;SNCF;StopPoint:OCETGV INOUI-87615286
TN8761528;SNCF;StopPoint:OCETrain TER-87615286
TN8761528;UIC;8761528
TN8761528;UIC8;87615286
TN8761528;WIKIDATA;Q2130184
TN8761531;OSM;413504294
TN8761531;SNCF;StopArea:OCE87615310
TN8761531;SNCF;StopPoint:OCECar TER-87615310
TN8761531;SNCF;StopPoint:OCETrain TER-87615310
TN8761531;UIC;8761531
TN8761531;UIC8;87615310
TN8761531;WIKIDATA;Q5522703
TN8761532;OSM;1119769298
TN8761532;SNCF;StopArea:OCE87615328
TN8761532;SNCF;StopPoint:OCETrain TER-87615328
TN8761532;UIC;8761532
TN8761532;UIC8;87615328
TN8761532;WIKIDATA;Q3097369
TN8761534;OSM;1657474677
TN8761534;SNCF;StopArea:OCE87615344
TN8761534;SNCF;StopPoint:OCECar TER-87615344
TN8761534;SNCF;StopPoint:OCETrain TER-87615344
TN8761534;UIC;8761534
TN8761534;UIC8;87615344
TN8761534;WIKIDATA;Q3097624
TN8761535;OSM;2754417537
TN8761535;SNCF;StopArea:OCE87615351
TN8761535;SNCF;StopPoint:OCETrain TER-87615351
TN8761535;UIC;8761535
TN8761535;UIC8;87615351
TN8761535;WIKIDATA;Q18005424
TN8761536;OSM;6121207835
TN8761536;SNCF;StopArea:OCE87615369
TN8761536;SNCF;StopPoint:OCECar TER-87615369
TN8761536;SNCF;StopPoint:OCETrain TER-87615369
TN8761536;UIC;8761536
TN8761536;UIC8;87615369
TN8761536;WIKIDATA;Q5522708
TN8761537;OSM;6135314785
TN8761537;SNCF;StopArea:OCE87615377
TN8761537;SNCF;StopPoint:OCECar TER-87615377
TN8761537;SNCF;StopPoint:OCETrain TER-87615377
TN8761537;UIC;8761537
TN8761537;UIC8;87615377
TN8761537;WIKIDATA;Q5522691
TN8761541;OSM;1123473025
TN8761541;SNCF;StopArea:OCE87615419
TN8761541;SNCF;StopPoint:OCETrain TER-87615419
TN8761541;UIC;8761541
TN8761541;UIC8;87615419
TN8761541;WIKIDATA;Q3096988
TN8761546;OSM;10935371959
TN8761546;SNCF;StopArea:OCE87615468
TN8761546;SNCF;StopPoint:OCECar TER-87615468
TN8761546;SNCF;StopPoint:OCETrain TER-87615468
TN8761546;UIC;8761546
TN8761546;UIC8;87615468
TN8761546;WIKIDATA;Q2786387
TN8761547;OSM;638424874
TN8761547;SNCF;StopArea:OCE87615476
TN8761547;SNCF;StopPoint:OCECar TER-87615476
TN8761547;SNCF;StopPoint:OCETrain TER-87615476
TN8761547;UIC;8761547
TN8761547;UIC8;87615476
TN8761547;WIKIDATA;Q3096865
TN8761548;OSM;774095163
TN8761548;SNCF;StopArea:OCE87615484
TN8761548;SNCF;StopPoint:OCECar TER-87615484
TN8761548;SNCF;StopPoint:OCETrain TER-87615484
TN8761548;UIC;8761548
TN8761548;UIC8;87615484
TN8761548;WIKIDATA;Q2222023
TN8761549;OSM;385498273
TN8761549;SNCF;StopArea:OCE87615492
TN8761549;SNCF;StopPoint:OCECar TER-87615492
TN8761549;SNCF;StopPoint:OCETrain TER-87615492
TN8761549;UIC;8761549
TN8761549;UIC8;87615492
TN8761549;WIKIDATA;Q1890161
TN8761552;OSM;11138951678
TN8761552;SNCF;StopArea:OCE87615526
TN8761552;SNCF;StopPoint:OCECar TER-87615526
TN8761552;SNCF;StopPoint:OCETrain TER-87615526
TN8761552;UIC;8761552
TN8761552;UIC8;87615526
TN8761552;WIKIDATA;Q2408107
TN8761554;OSM;4290857024
TN8761554;SNCF;StopArea:OCE87615542
TN8761554;SNCF;StopPoint:OCECar TER-87615542
TN8761554;SNCF;StopPoint:OCETrain TER-87615542
TN8761554;UIC;8761554
TN8761554;UIC8;87615542
TN8761554;WIKIDATA;Q2606934
TN8761562;OSM;13241653558
TN8761562;SNCF;StopArea:OCE87615625
TN8761562;SNCF;StopPoint:OCECar TER-87615625
TN8761562;SNCF;StopPoint:OCEINTERCITES de nuit-87615625
TN8761562;SNCF;StopPoint:OCETrain TER-87615625
TN8761562;UIC;8761562
TN8761562;UIC8;87615625
TN8761562;WIKIDATA;Q2316352
TN8761567;OSM;12951443147
TN8761567;SNCF;StopArea:OCE87615674
TN8761567;SNCF;StopPoint:OCECar TER-87615674
TN8761567;SNCF;StopPoint:OCETrain TER-87615674
TN8761567;UIC;8761567
TN8761567;UIC8;87615674
TN8761567;WIKIDATA;Q18380048
TN8761573;OSM;1119744809
TN8761573;SNCF;StopArea:OCE87615732
TN8761573;SNCF;StopPoint:OCECar TER-87615732
TN8761573;SNCF;StopPoint:OCEINTERCITES de nuit-87615732
TN8761573;SNCF;StopPoint:OCETrain TER-87615732
TN8761573;UIC;8761573
TN8761573;UIC8;87615732
TN8761573;WIKIDATA;Q3097180
TN8761575;OSM;429502367
TN8761575;SNCF;StopArea:OCE87615757
TN8761575;SNCF;StopPoint:OCECar TER-87615757
TN8761575;SNCF;StopPoint:OCETrain TER-87615757
TN8761575;UIC;8761575
TN8761575;UIC8;87615757
TN8761575;WIKIDATA;Q18214054
TN8761577;OSM;429485021
TN8761577;SNCF;StopArea:OCE87615773
TN8761577;SNCF;StopPoint:OCECar TER-87615773
TN8761577;SNCF;StopPoint:OCETrain TER-87615773
TN8761577;UIC;8761577
TN8761577;UIC8;87615773
TN8761577;WIKIDATA;Q2134983
TN8761601;OSM;8047068205
TN8761601;SNCF;StopArea:OCE87616011
TN8761601;SNCF;StopPoint:OCETrain TER-87616011
TN8761601;UIC;8761601
TN8761601;UIC8;87616011
TN8761601;WIKIDATA;Q3095707
TN8761811;OSM;61101706
TN8761811;SNCF;StopArea:OCE87618116
TN8761811;SNCF;StopPoint:OCECar TER-87618116
TN8761811;SNCF;StopPoint:OCETrain TER-87618116
TN8761811;UIC;8761811
TN8761811;UIC8;87618116
TN8761811;WIKIDATA;Q2374777
TN8761820;OSM;6131017371
TN8761820;SNCF;StopArea:OCE87618207
TN8761820;SNCF;StopPoint:OCETrain TER-87618207
TN8761820;UIC;8761820
TN8761820;UIC8;87618207
TN8761820;WIKIDATA;Q3097081
TN8761821;OSM;9017592165
TN8761821;SNCF;StopArea:OCE87618215
TN8761821;SNCF;StopPoint:OCETrain TER-87618215
TN8761821;UIC;8761821
TN8761821;UIC8;87618215
TN8761821;WIKIDATA;Q3098002
TN8761834;SNCF;StopArea:OCE87618348
TN8761834;SNCF;StopPoint:OCECar TER-87618348
TN8761834;UIC;8761834
TN8761834;UIC8;87618348
TN8761870;SNCF;StopArea:OCE87618702
TN8761870;SNCF;StopPoint:OCECar TER-87618702
TN8761870;UIC;8761870
TN8761870;UIC8;87618702
TN8761871;OSM;12862385491
TN8761871;SNCF;StopArea:OCE87618710
TN8761871;SNCF;StopPoint:OCECar TER-87618710
TN8761871;SNCF;StopPoint:OCETrain TER-87618710
TN8761871;UIC;8761871
TN8761871;UIC8;87618710
TN8761871;WIKIDATA;Q1897337
TN8763558;OSM;4189058140
TN8763558;SNCF;StopArea:OCE87635581
TN8763558;SNCF;StopPoint:OCETrain TER-87635581
TN8763558;UIC;8763558
TN8763558;UIC8;87635581
TN8763558;WIKIDATA;Q18710552
TN8763577;SNCF;StopArea:OCE87635771
TN8763577;SNCF;StopPoint:OCECar TER-87635771
TN8763577;UIC;8763577
TN8763577;UIC8;87635771
TN8763582;SNCF;StopArea:OCE87635821
TN8763582;SNCF;StopPoint:OCECar TER-87635821
TN8763582;UIC;8763582
TN8763582;UIC8;87635821
TN8763584;SNCF;StopArea:OCE87635847
TN8763584;SNCF;StopPoint:OCECar TER-87635847
TN8763584;UIC;8763584
TN8763584;UIC8;87635847
TN8763585;SNCF;StopArea:OCE87635854
TN8763585;SNCF;StopPoint:OCECar TER-87635854
TN8763585;UIC;8763585
TN8763585;UIC8;87635854
TN8763992;SNCF;StopArea:OCE87639922
TN8763992;SNCF;StopPoint:OCECar TER-87639922
TN8763992;UIC;8763992
TN8763992;UIC8;87639922
TN8763993;SNCF;StopArea:OCE87639930
TN8763993;SNCF;StopPoint:OCECar TER-87639930
TN8763993;UIC;8763993
TN8763993;UIC8;87639930
TN8763994;SNCF;StopArea:OCE87639948
TN8763994;SNCF;StopPoint:OCECar TER-87639948
TN8763994;UIC;8763994
TN8763994;UIC8;87639948
TN8763995;SNCF;StopArea:OCE87639955
TN8763995;SNCF;StopPoint:OCECar TER-87639955
TN8763995;UIC;8763995
TN8763995;UIC8;87639955
TN8763996;SNCF;StopArea:OCE87639963
TN8763996;SNCF;StopPoint:OCECar TER-87639963
TN8763996;UIC;8763996
TN8763996;UIC8;87639963
TN8763997;SNCF;StopArea:OCE87639971
TN8763997;SNCF;StopPoint:OCECar TER-87639971
TN8763997;UIC;8763997
TN8763997;UIC8;87639971
TN8764037;SNCF;StopArea:OCE87640375
TN8764037;SNCF;StopPoint:OCECar TER-87640375
TN8764037;UIC;8764037
TN8764037;UIC8;87640375
TN8764038;SNCF;StopArea:OCE87640383
TN8764038;SNCF;StopPoint:OCECar TER-87640383
TN8764038;UIC;8764038
TN8764038;UIC8;87640383
TN8764039;SNCF;StopArea:OCE87640391
TN8764039;SNCF;StopPoint:OCECar TER-87640391
TN8764039;UIC;8764039
TN8764039;UIC8;87640391
TN8764040;SNCF;StopArea:OCE87640409
TN8764040;SNCF;StopPoint:OCECar TER-87640409
TN8764040;UIC;8764040
TN8764040;UIC8;87640409
TN8764044;SNCF;StopArea:OCE87640441
TN8764044;SNCF;StopPoint:OCECar TER-87640441
TN8764044;UIC;8764044
TN8764044;UIC8;87640441
TN8764045;SNCF;StopArea:OCE87640458
TN8764045;SNCF;StopPoint:OCECar TER-87640458
TN8764045;UIC;8764045
TN8764045;UIC8;87640458
TN8764046;SNCF;StopArea:OCE87640466
TN8764046;SNCF;StopPoint:OCECar TER-87640466
TN8764046;UIC;8764046
TN8764046;UIC8;87640466
TN8764047;SNCF;StopArea:OCE87640474
TN8764047;SNCF;StopPoint:OCECar TER-87640474
TN8764047;UIC;8764047
TN8764047;UIC8;87640474
TN8764048;SNCF;StopArea:OCE87640482
TN8764048;SNCF;StopPoint:OCECar TER-87640482
TN8764048;UIC;8764048
TN8764048;UIC8;87640482
TN8764049;SNCF;StopArea:OCE87640490
TN8764049;SNCF;StopPoint:OCECar TER-87640490
TN8764049;UIC;8764049
TN8764049;UIC8;87640490
TN8764063;SNCF;StopArea:OCE87640631
TN8764063;SNCF;StopPoint:OCECar TER-87640631
TN8764063;UIC;8764063
TN8764063;UIC8;87640631
TN8764064;SNCF;StopArea:OCE87640649
TN8764064;SNCF;StopPoint:OCECar TER-87640649
TN8764064;UIC;8764064
TN8764064;UIC8;87640649
TN8764065;SNCF;StopArea:OCE87640656
TN8764065;SNCF;StopPoint:OCECar TER-87640656
TN8764065;UIC;8764065
TN8764065;UIC8;87640656
TN8764067;SNCF;StopArea:OCE87640672
TN8764067;SNCF;StopPoint:OCECar TER-87640672
TN8764067;UIC;8764067
TN8764067;UIC8;87640672
TN8764068;SNCF;StopArea:OCE87640680
TN8764068;SNCF;StopPoint:OCECar TER-87640680
TN8764068;UIC;8764068
TN8764068;UIC8;87640680
TN8764069;SNCF;StopArea:OCE87640698
TN8764069;SNCF;StopPoint:OCECar TER-87640698
TN8764069;UIC;8764069
TN8764069;UIC8;87640698
TN8764070;SNCF;StopArea:OCE87640706
TN8764070;SNCF;StopPoint:OCECar TER-87640706
TN8764070;UIC;8764070
TN8764070;UIC8;87640706
TN8764071;SNCF;StopArea:OCE87640714
TN8764071;SNCF;StopPoint:OCECar TER-87640714
TN8764071;UIC;8764071
TN8764071;UIC8;87640714
TN8764078;SNCF;StopArea:OCE87640789
TN8764078;SNCF;StopPoint:OCECar TER-87640789
TN8764078;UIC;8764078
TN8764078;UIC8;87640789
TN8764079;SNCF;StopArea:OCE87640797
TN8764079;SNCF;StopPoint:OCECar TER-87640797
TN8764079;UIC;8764079
TN8764079;UIC8;87640797
TN8764080;SNCF;StopArea:OCE87640805
TN8764080;SNCF;StopPoint:OCECar TER-87640805
TN8764080;UIC;8764080
TN8764080;UIC8;87640805
TN8764081;SNCF;StopArea:OCE87640813
TN8764081;SNCF;StopPoint:OCECar TER-87640813
TN8764081;UIC;8764081
TN8764081;UIC8;87640813
TN8764082;SNCF;StopArea:OCE87640821
TN8764082;SNCF;StopPoint:OCECar TER-87640821
TN8764082;UIC;8764082
TN8764082;UIC8;87640821
TN8764083;SNCF;StopArea:OCE87640839
TN8764083;SNCF;StopPoint:OCECar TER-87640839
TN8764083;UIC;8764083
TN8764083;UIC8;87640839
TN8764084;SNCF;StopArea:OCE87640847
TN8764084;SNCF;StopPoint:OCECar TER-87640847
TN8764084;UIC;8764084
TN8764084;UIC8;87640847
TN8764085;SNCF;StopArea:OCE87640854
TN8764085;SNCF;StopPoint:OCECar TER-87640854
TN8764085;UIC;8764085
TN8764085;UIC8;87640854
TN8764087;SNCF;StopArea:OCE87640870
TN8764087;SNCF;StopPoint:OCECar TER-87640870
TN8764087;UIC;8764087
TN8764087;UIC8;87640870
TN8764091;SNCF;StopArea:OCE87640912
TN8764091;SNCF;StopPoint:OCECar TER-87640912
TN8764091;UIC;8764091
TN8764091;UIC8;87640912
TN8764092;SNCF;StopArea:OCE87640920
TN8764092;SNCF;StopPoint:OCECar TER-87640920
TN8764092;UIC;8764092
TN8764092;UIC8;87640920
TN8764093;SNCF;StopArea:OCE87640938
TN8764093;SNCF;StopPoint:OCECar TER-87640938
TN8764093;UIC;8764093
TN8764093;UIC8;87640938
TN8764094;SNCF;StopArea:OCE87640946
TN8764094;SNCF;StopPoint:OCECar TER-87640946
TN8764094;UIC;8764094
TN8764094;UIC8;87640946
TN8764095;SNCF;StopArea:OCE87640953
TN8764095;SNCF;StopPoint:OCECar TER-87640953
TN8764095;UIC;8764095
TN8764095;UIC8;87640953
TN8764096;SNCF;StopArea:OCE87640961
TN8764096;SNCF;StopPoint:OCECar TER-87640961
TN8764096;UIC;8764096
TN8764096;UIC8;87640961
TN8764098;SNCF;StopArea:OCE87640987
TN8764098;SNCF;StopPoint:OCECar TER-87640987
TN8764098;UIC;8764098
TN8764098;UIC8;87640987
TN8764099;SNCF;StopArea:OCE87640995
TN8764099;SNCF;StopPoint:OCECar TER-87640995
TN8764099;UIC;8764099
TN8764099;UIC8;87640995
TN8764100;OSM;13255520732
TN8764100;SNCF;StopArea:OCE87641001
TN8764100;SNCF;StopPoint:OCECar TER-87641001
TN8764100;SNCF;StopPoint:OCETrain TER-87641001
TN8764100;UIC;8764100
TN8764100;UIC8;87641001
TN8764100;WIKIDATA;Q15953254
TN8764102;SNCF;StopArea:OCE87641027
TN8764102;SNCF;StopPoint:OCECar TER-87641027
TN8764102;UIC;8764102
TN8764102;UIC8;87641027
TN8764104;OSM;3462881687
TN8764104;SNCF;StopArea:OCE87641043
TN8764104;SNCF;StopPoint:OCECar TER-87641043
TN8764104;SNCF;StopPoint:OCETrain TER-87641043
TN8764104;UIC;8764104
TN8764104;UIC8;87641043
TN8764104;WIKIDATA;Q3096852
TN8764105;OSM;9954651280
TN8764105;SNCF;StopArea:OCE87641050
TN8764105;SNCF;StopPoint:OCECar TER-87641050
TN8764105;SNCF;StopPoint:OCETrain TER-87641050
TN8764105;UIC;8764105
TN8764105;UIC8;87641050
TN8764105;WIKIDATA;Q3096909
TN8764106;OSM;9954651278
TN8764106;SNCF;StopArea:OCE87641068
TN8764106;SNCF;StopPoint:OCECar TER-87641068
TN8764106;SNCF;StopPoint:OCETrain TER-87641068
TN8764106;UIC;8764106
TN8764106;UIC8;87641068
TN8764106;WIKIDATA;Q2196566
TN8764107;OSM;3020202373
TN8764107;SNCF;StopArea:OCE87641076
TN8764107;SNCF;StopPoint:OCECar TER-87641076
TN8764107;SNCF;StopPoint:OCETrain TER-87641076
TN8764107;UIC;8764107
TN8764107;UIC8;87641076
TN8764107;WIKIDATA;Q3097496
TN8764119;OSM;840521791
TN8764119;SNCF;StopArea:OCE87641191
TN8764119;SNCF;StopPoint:OCETrain TER-87641191
TN8764119;UIC;8764119
TN8764119;UIC8;87641191
TN8764119;WIKIDATA;Q3096819
TN8764121;SNCF;StopArea:OCE87641217
TN8764121;SNCF;StopPoint:OCETrain TER-87641217
TN8764121;UIC;8764121
TN8764121;UIC8;87641217
TN8764133;SNCF;StopArea:OCE87641332
TN8764133;SNCF;StopPoint:OCECar TER-87641332
TN8764133;UIC;8764133
TN8764133;UIC8;87641332
TN8764135;OSM;292718321
TN8764135;SNCF;StopArea:OCE87641357
TN8764135;SNCF;StopPoint:OCETrain TER-87641357
TN8764135;UIC;8764135
TN8764135;UIC8;87641357
TN8764135;WIKIDATA;Q16508093
TN8764136;OSM;603352848
TN8764136;SNCF;StopArea:OCE87641365
TN8764136;SNCF;StopPoint:OCECar TER-87641365
TN8764136;SNCF;StopPoint:OCETrain TER-87641365
TN8764136;UIC;8764136
TN8764136;UIC8;87641365
TN8764136;WIKIDATA;Q3096954
TN8764137;OSM;603352990
TN8764137;SNCF;StopArea:OCE87641373
TN8764137;SNCF;StopPoint:OCECar TER-87641373
TN8764137;SNCF;StopPoint:OCETrain TER-87641373
TN8764137;UIC;8764137
TN8764137;UIC8;87641373
TN8764137;WIKIDATA;Q16508099
TN8764141;OSM;1470956579
TN8764141;SNCF;StopArea:OCE87641415
TN8764141;SNCF;StopPoint:OCECar TER-87641415
TN8764141;SNCF;StopPoint:OCETrain TER-87641415
TN8764141;UIC;8764141
TN8764141;UIC8;87641415
TN8764141;WIKIDATA;Q926219
TN8764142;OSM;1993059211
TN8764142;SNCF;StopArea:OCE87641423
TN8764142;SNCF;StopPoint:OCECar TER-87641423
TN8764142;SNCF;StopPoint:OCETrain TER-87641423
TN8764142;UIC;8764142
TN8764142;UIC8;87641423
TN8764142;WIKIDATA;Q739202
TN8764144;OSM;8309280439
TN8764144;SNCF;StopArea:OCE87641449
TN8764144;SNCF;StopPoint:OCETrain TER-87641449
TN8764144;UIC;8764144
TN8764144;UIC8;87641449
TN8764144;WIKIDATA;Q2383145
TN8764208;SNCF;StopArea:OCE87642082
TN8764208;SNCF;StopPoint:OCECar à réservation-87642082
TN8764208;UIC;8764208
TN8764208;UIC8;87642082
TN8764209;SNCF;StopArea:OCE87642090
TN8764209;SNCF;StopPoint:OCECar à réservation-87642090
TN8764209;UIC;8764209
TN8764209;UIC8;87642090
TN8764210;SNCF;StopArea:OCE87642108
TN8764210;SNCF;StopPoint:OCECar à réservation-87642108
TN8764210;UIC;8764210
TN8764210;UIC8;87642108
TN8764222;SNCF;StopArea:OCE87642223
TN8764222;SNCF;StopPoint:OCECar TER-87642223
TN8764222;UIC;8764222
TN8764222;UIC8;87642223
TN8764224;SNCF;StopArea:OCE87642249
TN8764224;SNCF;StopPoint:OCECar TER-87642249
TN8764224;UIC;8764224
TN8764224;UIC8;87642249
TN8764225;SNCF;StopArea:OCE87642256
TN8764225;SNCF;StopPoint:OCECar TER-87642256
TN8764225;UIC;8764225
TN8764225;UIC8;87642256
TN8764226;SNCF;StopArea:OCE87642264
TN8764226;SNCF;StopPoint:OCECar TER-87642264
TN8764226;UIC;8764226
TN8764226;UIC8;87642264
TN8764227;SNCF;StopArea:OCE87642272
TN8764227;SNCF;StopPoint:OCECar TER-87642272
TN8764227;UIC;8764227
TN8764227;UIC8;87642272
TN8764228;SNCF;StopArea:OCE87642280
TN8764228;SNCF;StopPoint:OCECar TER-87642280
TN8764228;UIC;8764228
TN8764228;UIC8;87642280
TN8764229;SNCF;StopArea:OCE87642298
TN8764229;SNCF;StopPoint:OCECar TER-87642298
TN8764229;UIC;8764229
TN8764229;UIC8;87642298
TN8764230;SNCF;StopArea:OCE87642306
TN8764230;SNCF;StopPoint:OCECar TER-87642306
TN8764230;UIC;8764230
TN8764230;UIC8;87642306
TN8764231;SNCF;StopArea:OCE87642314
TN8764231;SNCF;StopPoint:OCECar TER-87642314
TN8764231;UIC;8764231
TN8764231;UIC8;87642314
TN8764233;SNCF;StopArea:OCE87642330
TN8764233;SNCF;StopPoint:OCECar TER-87642330
TN8764233;UIC;8764233
TN8764233;UIC8;87642330
TN8764234;SNCF;StopArea:OCE87642348
TN8764234;SNCF;StopPoint:OCECar TER-87642348
TN8764234;UIC;8764234
TN8764234;UIC8;87642348
TN8764235;SNCF;StopArea:OCE87642355
TN8764235;SNCF;StopPoint:OCECar TER-87642355
TN8764235;UIC;8764235
TN8764235;UIC8;87642355
TN8764236;SNCF;StopArea:OCE87642363
TN8764236;SNCF;StopPoint:OCECar TER-87642363
TN8764236;UIC;8764236
TN8764236;UIC8;87642363
TN8764237;SNCF;StopArea:OCE87642371
TN8764237;SNCF;StopPoint:OCECar TER-87642371
TN8764237;UIC;8764237
TN8764237;UIC8;87642371
TN8764238;SNCF;StopArea:OCE87642389
TN8764238;SNCF;StopPoint:OCECar TER-87642389
TN8764238;UIC;8764238
TN8764238;UIC8;87642389
TN8764280;SNCF;StopArea:OCE87642801
TN8764280;SNCF;StopPoint:OCECar TER-87642801
TN8764280;UIC;8764280
TN8764280;UIC8;87642801
TN8764340;SNCF;StopArea:OCE87643403
TN8764340;SNCF;StopPoint:OCECar TER-87643403
TN8764340;UIC;8764340
TN8764340;UIC8;87643403
TN8764341;SNCF;StopArea:OCE87643411
TN8764341;SNCF;StopPoint:OCECar TER-87643411
TN8764341;UIC;8764341
TN8764341;UIC8;87643411
TN8764342;SNCF;StopArea:OCE87643429
TN8764342;SNCF;StopPoint:OCECar TER-87643429
TN8764342;UIC;8764342
TN8764342;UIC8;87643429
TN8764343;SNCF;StopArea:OCE87643437
TN8764343;SNCF;StopPoint:OCECar TER-87643437
TN8764343;UIC;8764343
TN8764343;UIC8;87643437
TN8764344;SNCF;StopArea:OCE87643445
TN8764344;SNCF;StopPoint:OCECar TER-87643445
TN8764344;UIC;8764344
TN8764344;UIC8;87643445
TN8764345;SNCF;StopArea:OCE87643452
TN8764345;SNCF;StopPoint:OCECar TER-87643452
TN8764345;UIC;8764345
TN8764345;UIC8;87643452
TN8764346;SNCF;StopArea:OCE87643460
TN8764346;SNCF;StopPoint:OCECar TER-87643460
TN8764346;UIC;8764346
TN8764346;UIC8;87643460
TN8764500;OSM;4551617712
TN8764500;SNCF;StopArea:OCE87645002
TN8764500;SNCF;StopPoint:OCECar TER-87645002
TN8764500;SNCF;StopPoint:OCECar à réservation-87645002
TN8764500;SNCF;StopPoint:OCEINTERCITES de nuit-87645002
TN8764500;SNCF;StopPoint:OCETrain TER-87645002
TN8764500;UIC;8764500
TN8764500;UIC8;87645002
TN8764500;WIKIDATA;Q1860416
TN8764510;OSM;1825522475
TN8764510;SNCF;StopArea:OCE87645101
TN8764510;SNCF;StopPoint:OCECar TER-87645101
TN8764510;SNCF;StopPoint:OCETrain TER-87645101
TN8764510;UIC;8764510
TN8764510;UIC8;87645101
TN8764510;WIKIDATA;Q3095857
TN8764513;OSM;9272747828
TN8764513;SNCF;StopArea:OCE87645135
TN8764513;SNCF;StopPoint:OCECar TER-87645135
TN8764513;SNCF;StopPoint:OCEINTERCITES de nuit-87645135
TN8764513;SNCF;StopPoint:OCETrain TER-87645135
TN8764513;UIC;8764513
TN8764513;UIC8;87645135
TN8764513;WIKIDATA;Q16638572
TN8764515;OSM;9635302280
TN8764515;SNCF;StopArea:OCE87645150
TN8764515;SNCF;StopPoint:OCECar TER-87645150
TN8764515;SNCF;StopPoint:OCETrain TER-87645150
TN8764515;UIC;8764515
TN8764515;UIC8;87645150
TN8764515;WIKIDATA;Q3097265
TN8764516;OSM;1826582413
TN8764516;SNCF;StopArea:OCE87645168
TN8764516;SNCF;StopPoint:OCECar TER-87645168
TN8764516;SNCF;StopPoint:OCETrain TER-87645168
TN8764516;UIC;8764516
TN8764516;UIC8;87645168
TN8764516;WIKIDATA;Q99343604
TN8764517;OSM;1324834422
TN8764517;SNCF;StopArea:OCE87645176
TN8764517;SNCF;StopPoint:OCECar TER-87645176
TN8764517;SNCF;StopPoint:OCETrain TER-87645176
TN8764517;UIC;8764517
TN8764517;UIC8;87645176
TN8764517;WIKIDATA;Q3097265
TN8764518;OSM;1030628778
TN8764518;SNCF;StopArea:OCE87645184
TN8764518;SNCF;StopPoint:OCECar TER-87645184
TN8764518;SNCF;StopPoint:OCETrain TER-87645184
TN8764518;UIC;8764518
TN8764518;UIC8;87645184
TN8764518;WIKIDATA;Q99414215
TN8764519;OSM;1324672567
TN8764519;SNCF;StopArea:OCE87645192
TN8764519;SNCF;StopPoint:OCECar TER-87645192
TN8764519;SNCF;StopPoint:OCETrain TER-87645192
TN8764519;UIC;8764519
TN8764519;UIC8;87645192
TN8764519;WIKIDATA;Q99415434
TN8764544;OSM;1029639106
TN8764544;SNCF;StopArea:OCE87645440
TN8764544;SNCF;StopPoint:OCECar TER-87645440
TN8764544;SNCF;StopPoint:OCETrain TER-87645440
TN8764544;UIC;8764544
TN8764544;UIC8;87645440
TN8764544;WIKIDATA;Q2592189
TN8764547;OSM;1029638440
TN8764547;SNCF;StopArea:OCE87645473
TN8764547;SNCF;StopPoint:OCECar TER-87645473
TN8764547;SNCF;StopPoint:OCETrain TER-87645473
TN8764547;UIC;8764547
TN8764547;UIC8;87645473
TN8764547;WIKIDATA;Q2623857
TN8764548;OSM;2657932134
TN8764548;SNCF;StopArea:OCE87645481
TN8764548;SNCF;StopPoint:OCECar TER-87645481
TN8764548;SNCF;StopPoint:OCETrain TER-87645481
TN8764548;UIC;8764548
TN8764548;UIC8;87645481
TN8764548;WIKIDATA;Q3097137
TN8764550;OSM;9956762221
TN8764550;SNCF;StopArea:OCE87645507
TN8764550;SNCF;StopPoint:OCECar TER-87645507
TN8764550;SNCF;StopPoint:OCEINTERCITES-87645507
TN8764550;SNCF;StopPoint:OCETrain TER-87645507
TN8764550;UIC;8764550
TN8764550;UIC8;87645507
TN8764550;WIKIDATA;Q2156841
TN8764570;SNCF;StopArea:OCE87645705
TN8764570;SNCF;StopPoint:OCECar TER-87645705
TN8764570;UIC;8764570
TN8764570;UIC8;87645705
TN8765438;SNCF;StopArea:OCE87654384
TN8765438;SNCF;StopPoint:OCECar TER-87654384
TN8765438;UIC;8765438
TN8765438;UIC8;87654384
TN8765439;SNCF;StopArea:OCE87654392
TN8765439;SNCF;StopPoint:OCECar TER-87654392
TN8765439;UIC;8765439
TN8765439;UIC8;87654392
TN8765444;SNCF;StopArea:OCE87654442
TN8765444;SNCF;StopPoint:OCECar TER-87654442
TN8765444;UIC;8765444
TN8765444;UIC8;87654442
TN8765446;SNCF;StopArea:OCE87654467
TN8765446;SNCF;StopPoint:OCECar TER-87654467
TN8765446;UIC;8765446
TN8765446;UIC8;87654467
TN8765447;SNCF;StopArea:OCE87654475
TN8765447;SNCF;StopPoint:OCECar TER-87654475
TN8765447;UIC;8765447
TN8765447;UIC8;87654475
TN8765454;SNCF;StopArea:OCE87654541
TN8765454;SNCF;StopPoint:OCECar TER-87654541
TN8765454;UIC;8765454
TN8765454;UIC8;87654541
TN8765455;SNCF;StopArea:OCE87654558
TN8765455;SNCF;StopPoint:OCECar TER-87654558
TN8765455;UIC;8765455
TN8765455;UIC8;87654558
TN8765457;SNCF;StopArea:OCE87654574
TN8765457;SNCF;StopPoint:OCECar TER-87654574
TN8765457;UIC;8765457
TN8765457;UIC8;87654574
TN8765459;SNCF;StopArea:OCE87654590
TN8765459;SNCF;StopPoint:OCECar TER-87654590
TN8765459;UIC;8765459
TN8765459;UIC8;87654590
TN8765467;SNCF;StopArea:OCE87654673
TN8765467;SNCF;StopPoint:OCECar TER-87654673
TN8765467;UIC;8765467
TN8765467;UIC8;87654673
TN8765871;SNCF;StopArea:OCE87658716
TN8765871;SNCF;StopPoint:OCECar TER-87658716
TN8765871;UIC;8765871
TN8765871;UIC8;87658716
TN8765874;SNCF;StopArea:OCE87658740
TN8765874;SNCF;StopPoint:OCECar TER-87658740
TN8765874;UIC;8765874
TN8765874;UIC8;87658740
TN8765884;SNCF;StopArea:OCE87658849
TN8765884;SNCF;StopPoint:OCECar TER-87658849
TN8765884;UIC;8765884
TN8765884;UIC8;87658849
TN8765885;SNCF;StopArea:OCE87658856
TN8765885;SNCF;StopPoint:OCECar TER-87658856
TN8765885;UIC;8765885
TN8765885;UIC8;87658856
TN8765892;SNCF;StopArea:OCE87658922
TN8765892;SNCF;StopPoint:OCECar TER-87658922
TN8765892;UIC;8765892
TN8765892;UIC8;87658922
TN8765893;SNCF;StopArea:OCE87658930
TN8765893;SNCF;StopPoint:OCECar TER-87658930
TN8765893;UIC;8765893
TN8765893;UIC8;87658930
TN8765894;SNCF;StopArea:OCE87658948
TN8765894;SNCF;StopPoint:OCECar TER-87658948
TN8765894;UIC;8765894
TN8765894;UIC8;87658948
TN8765963;SNCF;StopArea:OCE87659631
TN8765963;SNCF;StopPoint:OCECar TER-87659631
TN8765963;UIC;8765963
TN8765963;UIC8;87659631
TN8765964;SNCF;StopArea:OCE87659649
TN8765964;SNCF;StopPoint:OCECar TER-87659649
TN8765964;UIC;8765964
TN8765964;UIC8;87659649
TN8765965;SNCF;StopArea:OCE87659656
TN8765965;SNCF;StopPoint:OCECar TER-87659656
TN8765965;UIC;8765965
TN8765965;UIC8;87659656
TN8765966;SNCF;StopArea:OCE87659664
TN8765966;SNCF;StopPoint:OCECar TER-87659664
TN8765966;UIC;8765966
TN8765966;UIC8;87659664
TN8765972;SNCF;StopArea:OCE87659722
TN8765972;SNCF;StopPoint:OCECar TER-87659722
TN8765972;UIC;8765972
TN8765972;UIC8;87659722
TN8765973;SNCF;StopArea:OCE87659730
TN8765973;SNCF;StopPoint:OCECar TER-87659730
TN8765973;UIC;8765973
TN8765973;UIC8;87659730
TN8765975;SNCF;StopArea:OCE87659755
TN8765975;SNCF;StopPoint:OCECar TER-87659755
TN8765975;UIC;8765975
TN8765975;UIC8;87659755
TN8765976;SNCF;StopArea:OCE87659763
TN8765976;SNCF;StopPoint:OCECar TER-87659763
TN8765976;UIC;8765976
TN8765976;UIC8;87659763
TN8765977;SNCF;StopArea:OCE87659771
TN8765977;SNCF;StopPoint:OCECar TER-87659771
TN8765977;UIC;8765977
TN8765977;UIC8;87659771
TN8765978;SNCF;StopArea:OCE87659789
TN8765978;SNCF;StopPoint:OCECar TER-87659789
TN8765978;UIC;8765978
TN8765978;UIC8;87659789
TN8765979;SNCF;StopArea:OCE87659797
TN8765979;SNCF;StopPoint:OCECar TER-87659797
TN8765979;UIC;8765979
TN8765979;UIC8;87659797
TN8765980;SNCF;StopArea:OCE87659805
TN8765980;SNCF;StopPoint:OCECar TER-87659805
TN8765980;UIC;8765980
TN8765980;UIC8;87659805
TN8765981;SNCF;StopArea:OCE87659813
TN8765981;SNCF;StopPoint:OCECar TER-87659813
TN8765981;UIC;8765981
TN8765981;UIC8;87659813
TN8765982;SNCF;StopArea:OCE87659821
TN8765982;SNCF;StopPoint:OCECar TER-87659821
TN8765982;UIC;8765982
TN8765982;UIC8;87659821
TN8765983;SNCF;StopArea:OCE87659839
TN8765983;SNCF;StopPoint:OCECar TER-87659839
TN8765983;UIC;8765983
TN8765983;UIC8;87659839
TN8765984;SNCF;StopArea:OCE87659847
TN8765984;SNCF;StopPoint:OCECar TER-87659847
TN8765984;UIC;8765984
TN8765984;UIC8;87659847
TN8765985;SNCF;StopArea:OCE87659854
TN8765985;SNCF;StopPoint:OCECar TER-87659854
TN8765985;UIC;8765985
TN8765985;UIC8;87659854
TN8765986;SNCF;StopArea:OCE87659862
TN8765986;SNCF;StopPoint:OCECar TER-87659862
TN8765986;UIC;8765986
TN8765986;UIC8;87659862
TN8765987;SNCF;StopArea:OCE87659870
TN8765987;SNCF;StopPoint:OCECar TER-87659870
TN8765987;UIC;8765987
TN8765987;UIC8;87659870
TN8765988;SNCF;StopArea:OCE87659888
TN8765988;SNCF;StopPoint:OCECar TER-87659888
TN8765988;UIC;8765988
TN8765988;UIC8;87659888
TN8765989;SNCF;StopArea:OCE87659896
TN8765989;SNCF;StopPoint:OCECar TER-87659896
TN8765989;UIC;8765989
TN8765989;UIC8;87659896
TN8765990;SNCF;StopArea:OCE87659904
TN8765990;SNCF;StopPoint:OCECar TER-87659904
TN8765990;UIC;8765990
TN8765990;UIC8;87659904
TN8765991;SNCF;StopArea:OCE87659912
TN8765991;SNCF;StopPoint:OCECar TER-87659912
TN8765991;UIC;8765991
TN8765991;UIC8;87659912
TN8765992;SNCF;StopArea:OCE87659920
TN8765992;SNCF;StopPoint:OCECar TER-87659920
TN8765992;UIC;8765992
TN8765992;UIC8;87659920
TN8765993;SNCF;StopArea:OCE87659938
TN8765993;SNCF;StopPoint:OCECar TER-87659938
TN8765993;UIC;8765993
TN8765993;UIC8;87659938
TN8765994;SNCF;StopArea:OCE87659946
TN8765994;SNCF;StopPoint:OCECar TER-87659946
TN8765994;UIC;8765994
TN8765994;UIC8;87659946
TN8765995;SNCF;StopArea:OCE87659953
TN8765995;SNCF;StopPoint:OCECar TER-87659953
TN8765995;UIC;8765995
TN8765995;UIC8;87659953
TN8765996;SNCF;StopArea:OCE87659961
TN8765996;SNCF;StopPoint:OCECar TER-87659961
TN8765996;UIC;8765996
TN8765996;UIC8;87659961
TN8765997;SNCF;StopArea:OCE87659979
TN8765997;SNCF;StopPoint:OCECar TER-87659979
TN8765997;UIC;8765997
TN8765997;UIC8;87659979
TN8765998;SNCF;StopArea:OCE87659987
TN8765998;SNCF;StopPoint:OCECar TER-87659987
TN8765998;UIC;8765998
TN8765998;UIC8;87659987
TN8765999;SNCF;StopArea:OCE87659995
TN8765999;SNCF;StopPoint:OCECar TER-87659995
TN8765999;UIC;8765999
TN8765999;UIC8;87659995
TN8766004;SNCF;StopArea:OCE87660043
TN8766004;SNCF;StopPoint:OCECar TER-87660043
TN8766004;UIC;8766004
TN8766004;UIC8;87660043
TN8766005;SNCF;StopArea:OCE87660050
TN8766005;SNCF;StopPoint:OCECar TER-87660050
TN8766005;UIC;8766005
TN8766005;UIC8;87660050
TN8766012;SNCF;StopArea:OCE87660126
TN8766012;SNCF;StopPoint:OCECar TER-87660126
TN8766012;UIC;8766012
TN8766012;UIC8;87660126
TN8766034;SNCF;StopArea:OCE87660340
TN8766034;SNCF;StopPoint:OCECar TER-87660340
TN8766034;UIC;8766034
TN8766034;UIC8;87660340
TN8766036;SNCF;StopArea:OCE87660365
TN8766036;SNCF;StopPoint:OCECar TER-87660365
TN8766036;UIC;8766036
TN8766036;UIC8;87660365
TN8766037;SNCF;StopArea:OCE87660373
TN8766037;SNCF;StopPoint:OCECar TER-87660373
TN8766037;UIC;8766037
TN8766037;UIC8;87660373
TN8766038;SNCF;StopArea:OCE87660381
TN8766038;SNCF;StopPoint:OCECar TER-87660381
TN8766038;UIC;8766038
TN8766038;UIC8;87660381
TN8766054;SNCF;StopArea:OCE87660548
TN8766054;SNCF;StopPoint:OCECar TER-87660548
TN8766054;UIC;8766054
TN8766054;UIC8;87660548
TN8766057;SNCF;StopArea:OCE87660571
TN8766057;SNCF;StopPoint:OCECar TER-87660571
TN8766057;UIC;8766057
TN8766057;UIC8;87660571
TN8766058;SNCF;StopArea:OCE87660589
TN8766058;SNCF;StopPoint:OCECar TER-87660589
TN8766058;UIC;8766058
TN8766058;UIC8;87660589
TN8766060;SNCF;StopArea:OCE87660605
TN8766060;SNCF;StopPoint:OCECar TER-87660605
TN8766060;UIC;8766060
TN8766060;UIC8;87660605
TN8766068;SNCF;StopArea:OCE87660688
TN8766068;SNCF;StopPoint:OCECar TER-87660688
TN8766068;UIC;8766068
TN8766068;UIC8;87660688
TN8766079;SNCF;StopArea:OCE87660795
TN8766079;SNCF;StopPoint:OCECar TER-87660795
TN8766079;UIC;8766079
TN8766079;UIC8;87660795
TN8766088;SNCF;StopArea:OCE87660886
TN8766088;SNCF;StopPoint:OCECar TER-87660886
TN8766088;UIC;8766088
TN8766088;UIC8;87660886
TN8766091;SNCF;StopArea:OCE87660910
TN8766091;SNCF;StopPoint:OCECar TER-87660910
TN8766091;UIC;8766091
TN8766091;UIC8;87660910
TN8766093;SNCF;StopArea:OCE87660936
TN8766093;SNCF;StopPoint:OCECar TER-87660936
TN8766093;UIC;8766093
TN8766093;UIC8;87660936
TN8766097;SNCF;StopArea:OCE87660977
TN8766097;SNCF;StopPoint:OCECar TER-87660977
TN8766097;UIC;8766097
TN8766097;UIC8;87660977
TN8766524;SNCF;StopArea:OCE87665240
TN8766524;SNCF;StopPoint:OCECar TER-87665240
TN8766524;UIC;8766524
TN8766524;UIC8;87665240
TN8766526;SNCF;StopArea:OCE87665265
TN8766526;SNCF;StopPoint:OCECar TER-87665265
TN8766526;UIC;8766526
TN8766526;UIC8;87665265
TN8766533;SNCF;StopArea:OCE87665331
TN8766533;SNCF;StopPoint:OCECar TER-87665331
TN8766533;UIC;8766533
TN8766533;UIC8;87665331
TN8766535;SNCF;StopArea:OCE87665356
TN8766535;SNCF;StopPoint:OCECar TER-87665356
TN8766535;UIC;8766535
TN8766535;UIC8;87665356
TN8766538;SNCF;StopArea:OCE87665380
TN8766538;SNCF;StopPoint:OCECar TER-87665380
TN8766538;UIC;8766538
TN8766538;UIC8;87665380
TN8766545;SNCF;StopArea:OCE87665455
TN8766545;SNCF;StopPoint:OCECar TER-87665455
TN8766545;UIC;8766545
TN8766545;UIC8;87665455
TN8766546;SNCF;StopArea:OCE87665463
TN8766546;SNCF;StopPoint:OCECar TER-87665463
TN8766546;UIC;8766546
TN8766546;UIC8;87665463
TN8766547;SNCF;StopArea:OCE87665471
TN8766547;SNCF;StopPoint:OCECar TER-87665471
TN8766547;UIC;8766547
TN8766547;UIC8;87665471
TN8766548;SNCF;StopArea:OCE87665489
TN8766548;SNCF;StopPoint:OCECar TER-87665489
TN8766548;UIC;8766548
TN8766548;UIC8;87665489
TN8766550;SNCF;StopArea:OCE87665505
TN8766550;SNCF;StopPoint:OCECar TER-87665505
TN8766550;UIC;8766550
TN8766550;UIC8;87665505
TN8766551;SNCF;StopArea:OCE87665513
TN8766551;SNCF;StopPoint:OCECar TER-87665513
TN8766551;UIC;8766551
TN8766551;UIC8;87665513
TN8766556;SNCF;StopArea:OCE87665562
TN8766556;SNCF;StopPoint:OCECar TER-87665562
TN8766556;UIC;8766556
TN8766556;UIC8;87665562
TN8766562;SNCF;StopArea:OCE87665620
TN8766562;SNCF;StopPoint:OCECar TER-87665620
TN8766562;UIC;8766562
TN8766562;UIC8;87665620
TN8766609;SNCF;StopArea:OCE87666099
TN8766609;SNCF;StopPoint:OCECar TER-87666099
TN8766609;UIC;8766609
TN8766609;UIC8;87666099
TN8766611;SNCF;StopArea:OCE87666115
TN8766611;SNCF;StopPoint:OCECar à réservation-87666115
TN8766611;UIC;8766611
TN8766611;UIC8;87666115
TN8766798;SNCF;StopArea:OCE87667980
TN8766798;SNCF;StopPoint:OCECar TER-87667980
TN8766798;UIC;8766798
TN8766798;UIC8;87667980
TN8766800;SNCF;StopArea:OCE87668004
TN8766800;SNCF;StopPoint:OCECar TER-87668004
TN8766800;UIC;8766800
TN8766800;UIC8;87668004
TN8766809;SNCF;StopArea:OCE87668095
TN8766809;SNCF;StopPoint:OCECar TER-87668095
TN8766809;UIC;8766809
TN8766809;UIC8;87668095
TN8766811;SNCF;StopArea:OCE87668111
TN8766811;SNCF;StopPoint:OCECar TER-87668111
TN8766811;UIC;8766811
TN8766811;UIC8;87668111
TN8766813;SNCF;StopArea:OCE87668137
TN8766813;SNCF;StopPoint:OCECar TER-87668137
TN8766813;UIC;8766813
TN8766813;UIC8;87668137
TN8766815;SNCF;StopArea:OCE87668152
TN8766815;SNCF;StopPoint:OCECar TER-87668152
TN8766815;UIC;8766815
TN8766815;UIC8;87668152
TN8766837;SNCF;StopArea:OCE87668376
TN8766837;SNCF;StopPoint:OCECar TER-87668376
TN8766837;UIC;8766837
TN8766837;UIC8;87668376
TN8766838;SNCF;StopArea:OCE87668384
TN8766838;SNCF;StopPoint:OCECar TER-87668384
TN8766838;UIC;8766838
TN8766838;UIC8;87668384
TN8766845;SNCF;StopArea:OCE87668459
TN8766845;SNCF;StopPoint:OCECar TER-87668459
TN8766845;UIC;8766845
TN8766845;UIC8;87668459
TN8767100;OSM;13234944526
TN8767100;SNCF;StopArea:OCE87671008
TN8767100;SNCF;StopPoint:OCECar TER-87671008
TN8767100;SNCF;StopPoint:OCEINTERCITES de nuit-87671008
TN8767100;SNCF;StopPoint:OCEINTERCITES-87671008
TN8767100;SNCF;StopPoint:OCETGV INOUI-87671008
TN8767100;SNCF;StopPoint:OCETrain TER-87671008
TN8767100;UIC;8767100
TN8767100;UIC8;87671008
TN8767100;WIKIDATA;Q2446168
TN8767101;SNCF;StopArea:OCE87671016
TN8767101;SNCF;StopPoint:OCECar TER-87671016
TN8767101;SNCF;StopPoint:OCETrain TER-87671016
TN8767101;UIC;8767101
TN8767101;UIC8;87671016
TN8767112;OSM;8519453917
TN8767112;SNCF;StopArea:OCE87671123
TN8767112;SNCF;StopPoint:OCECar TER-87671123
TN8767112;SNCF;StopPoint:OCEINTERCITES-87671123
TN8767112;SNCF;StopPoint:OCETrain TER-87671123
TN8767112;UIC;8767112
TN8767112;UIC8;87671123
TN8767112;WIKIDATA;Q1830641
TN8767115;SNCF;StopArea:OCE87671156
TN8767115;SNCF;StopPoint:OCECar TER-87671156
TN8767115;SNCF;StopPoint:OCETrain TER-87671156
TN8767115;UIC;8767115
TN8767115;UIC8;87671156
TN8767117;OSM;13251300722
TN8767117;SNCF;StopArea:OCE87671172
TN8767117;SNCF;StopPoint:OCECar TER-87671172
TN8767117;SNCF;StopPoint:OCETrain TER-87671172
TN8767117;UIC;8767117
TN8767117;UIC8;87671172
TN8767117;WIKIDATA;Q2673014
TN8767133;OSM;10931191994
TN8767133;SNCF;StopArea:OCE87671339
TN8767133;SNCF;StopPoint:OCECar TER-87671339
TN8767133;SNCF;StopPoint:OCEINTERCITES de nuit-87671339
TN8767133;SNCF;StopPoint:OCEINTERCITES-87671339
TN8767133;SNCF;StopPoint:OCETGV INOUI-87671339
TN8767133;SNCF;StopPoint:OCETrain TER-87671339
TN8767133;UIC;8767133
TN8767133;UIC8;87671339
TN8767133;WIKIDATA;Q968875
TN8767136;OSM;8519451215
TN8767136;SNCF;StopArea:OCE87671362
TN8767136;SNCF;StopPoint:OCETrain TER-87671362
TN8767136;UIC;8767136
TN8767136;UIC8;87671362
TN8767136;WIKIDATA;Q367161
TN8767147;OSM;1541262753
TN8767147;SNCF;StopArea:OCE87671479
TN8767147;SNCF;StopPoint:OCECar TER-87671479
TN8767147;SNCF;StopPoint:OCETrain TER-87671479
TN8767147;UIC;8767147
TN8767147;UIC8;87671479
TN8767147;WIKIDATA;Q2744968
TN8767148;OSM;1905400219
TN8767148;SNCF;StopArea:OCE87671487
TN8767148;SNCF;StopPoint:OCECar TER-87671487
TN8767148;SNCF;StopPoint:OCETrain TER-87671487
TN8767148;UIC;8767148
TN8767148;UIC8;87671487
TN8767148;WIKIDATA;Q2562620
TN8767149;OSM;3438988636
TN8767149;SNCF;StopArea:OCE87671495
TN8767149;SNCF;StopPoint:OCECar TER-87671495
TN8767149;SNCF;StopPoint:OCETrain TER-87671495
TN8767149;UIC;8767149
TN8767149;UIC8;87671495
TN8767149;WIKIDATA;Q2685729
TN8767200;OSM;8519451211
TN8767200;SNCF;StopArea:OCE87672006
TN8767200;SNCF;StopPoint:OCECar TER-87672006
TN8767200;SNCF;StopPoint:OCEINTERCITES de nuit-87672006
TN8767200;SNCF;StopPoint:OCEINTERCITES-87672006
TN8767200;SNCF;StopPoint:OCETGV INOUI-87672006
TN8767200;SNCF;StopPoint:OCETrain TER-87672006
TN8767200;UIC;8767200
TN8767200;UIC8;87672006
TN8767200;WIKIDATA;Q2260577
TN8767211;OSM;2334814665
TN8767211;SNCF;StopArea:OCE87672113
TN8767211;SNCF;StopPoint:OCETrain TER-87672113
TN8767211;UIC;8767211
TN8767211;UIC8;87672113
TN8767211;WIKIDATA;Q3097074
TN8767213;OSM;8519451208
TN8767213;SNCF;StopArea:OCE87672139
TN8767213;SNCF;StopPoint:OCECar TER-87672139
TN8767213;SNCF;StopPoint:OCETrain TER-87672139
TN8767213;UIC;8767213
TN8767213;UIC8;87672139
TN8767213;WIKIDATA;Q2100756
TN8767216;OSM;2334690134
TN8767216;SNCF;StopArea:OCE87672162
TN8767216;SNCF;StopPoint:OCETrain TER-87672162
TN8767216;UIC;8767216
TN8767216;UIC8;87672162
TN8767216;WIKIDATA;Q3095681
TN8767221;OSM;371761248
TN8767221;SNCF;StopArea:OCE87672212
TN8767221;SNCF;StopPoint:OCECar TER-87672212
TN8767221;SNCF;StopPoint:OCETrain TER-87672212
TN8767221;UIC;8767221
TN8767221;UIC8;87672212
TN8767221;WIKIDATA;Q3095676
TN8767225;OSM;369774790
TN8767225;SNCF;StopArea:OCE87672253
TN8767225;SNCF;StopPoint:OCECar TER-87672253
TN8767225;SNCF;StopPoint:OCEINTERCITES de nuit-87672253
TN8767225;SNCF;StopPoint:OCEINTERCITES-87672253
TN8767225;SNCF;StopPoint:OCETGV INOUI-87672253
TN8767225;SNCF;StopPoint:OCETrain TER-87672253
TN8767225;UIC;8767225
TN8767225;UIC8;87672253
TN8767225;WIKIDATA;Q2219205
TN8767227;OSM;10688332562
TN8767227;SNCF;StopArea:OCE87672279
TN8767227;SNCF;StopPoint:OCECar TER-87672279
TN8767227;SNCF;StopPoint:OCETrain TER-87672279
TN8767227;UIC;8767227
TN8767227;UIC8;87672279
TN8767227;WIKIDATA;Q1846734
TN8767233;OSM;13267627043
TN8767233;SNCF;StopArea:OCE87672337
TN8767233;SNCF;StopPoint:OCECar TER-87672337
TN8767233;SNCF;StopPoint:OCEINTERCITES de nuit-87672337
TN8767233;SNCF;StopPoint:OCETrain TER-87672337
TN8767233;UIC;8767233
TN8767233;UIC8;87672337
TN8767233;WIKIDATA;Q2342837
TN8767238;OSM;8708986021
TN8767238;SNCF;StopArea:OCE87672386
TN8767238;SNCF;StopPoint:OCECar TER-87672386
TN8767238;SNCF;StopPoint:OCETrain TER-87672386
TN8767238;UIC;8767238
TN8767238;UIC8;87672386
TN8767238;WIKIDATA;Q2099440
TN8767260;OSM;2333975182
TN8767260;SNCF;StopArea:OCE87672600
TN8767260;SNCF;StopPoint:OCECar TER-87672600
TN8767260;SNCF;StopPoint:OCETrain TER-87672600
TN8767260;UIC;8767260
TN8767260;UIC8;87672600
TN8767260;WIKIDATA;Q3096777
TN8767261;OSM;8417436768
TN8767261;SNCF;StopArea:OCE87672618
TN8767261;SNCF;StopPoint:OCECar TER-87672618
TN8767261;SNCF;StopPoint:OCETrain TER-87672618
TN8767261;UIC;8767261
TN8767261;UIC8;87672618
TN8767261;WIKIDATA;Q2188842
TN8767263;OSM;355846706
TN8767263;SNCF;StopArea:OCE87672634
TN8767263;SNCF;StopPoint:OCECar TER-87672634
TN8767263;SNCF;StopPoint:OCETrain TER-87672634
TN8767263;UIC;8767263
TN8767263;UIC8;87672634
TN8767263;WIKIDATA;Q612598
TN8767270;OSM;2334363130
TN8767270;SNCF;StopArea:OCE87672709
TN8767270;SNCF;StopPoint:OCECar TER-87672709
TN8767270;SNCF;StopPoint:OCETrain TER-87672709
TN8767270;UIC;8767270
TN8767270;UIC8;87672709
TN8767270;WIKIDATA;Q2676660
TN8767272;OSM;13250655131
TN8767272;SNCF;StopArea:OCE87672725
TN8767272;SNCF;StopPoint:OCECar TER-87672725
TN8767272;SNCF;StopPoint:OCETrain TER-87672725
TN8767272;UIC;8767272
TN8767272;UIC8;87672725
TN8767272;WIKIDATA;Q2572368
TN8767274;OSM;4352127161
TN8767274;SNCF;StopArea:OCE87672741
TN8767274;SNCF;StopPoint:OCECar TER-87672741
TN8767274;SNCF;StopPoint:OCETrain TER-87672741
TN8767274;UIC;8767274
TN8767274;UIC8;87672741
TN8767274;WIKIDATA;Q16638575
TN8767276;OSM;4352121707
TN8767276;SNCF;StopArea:OCE87672766
TN8767276;SNCF;StopPoint:OCECar TER-87672766
TN8767276;SNCF;StopPoint:OCETrain TER-87672766
TN8767276;UIC;8767276
TN8767276;UIC8;87672766
TN8767276;WIKIDATA;Q24053005
TN8767277;OSM;3747542481
TN8767277;SNCF;StopArea:OCE87672774
TN8767277;SNCF;StopPoint:OCECar TER-87672774
TN8767277;SNCF;StopPoint:OCETrain TER-87672774
TN8767277;UIC;8767277
TN8767277;UIC8;87672774
TN8767277;WIKIDATA;Q3095940
TN8767300;OSM;8312617455
TN8767300;SNCF;StopArea:OCE87673004
TN8767300;SNCF;StopPoint:OCECar TER-87673004
TN8767300;SNCF;StopPoint:OCEINTERCITES de nuit-87673004
TN8767300;SNCF;StopPoint:OCEINTERCITES-87673004
TN8767300;SNCF;StopPoint:OCEOUIGO-87673004
TN8767300;SNCF;StopPoint:OCETGV INOUI-87673004
TN8767300;SNCF;StopPoint:OCETrain TER-87673004
TN8767300;UIC;8767300
TN8767300;UIC8;87673004
TN8767300;WIKIDATA;Q3095942
TN8767309;OSM;8705508208
TN8767309;SNCF;StopArea:OCE87673095
TN8767309;SNCF;StopPoint:OCECar TER-87673095
TN8767309;SNCF;StopPoint:OCETrain TER-87673095
TN8767309;UIC;8767309
TN8767309;UIC8;87673095
TN8767309;WIKIDATA;Q2365336
TN8767310;OSM;2903069291
TN8767310;SNCF;StopArea:OCE87673103
TN8767310;SNCF;StopPoint:OCECar TER-87673103
TN8767310;SNCF;StopPoint:OCETrain TER-87673103
TN8767310;UIC;8767310
TN8767310;UIC8;87673103
TN8767310;WIKIDATA;Q2218069
TN8767320;OSM;3466186493
TN8767320;SNCF;StopArea:OCE87673202
TN8767320;SNCF;StopPoint:OCECar TER-87673202
TN8767320;SNCF;StopPoint:OCEINTERCITES de nuit-87673202
TN8767320;SNCF;StopPoint:OCEOUIGO-87673202
TN8767320;SNCF;StopPoint:OCETGV INOUI-87673202
TN8767320;SNCF;StopPoint:OCETrain TER-87673202
TN8767320;UIC;8767320
TN8767320;UIC8;87673202
TN8767320;WIKIDATA;Q2167270
TN8767325;OSM;8705780583
TN8767325;SNCF;StopArea:OCE87673251
TN8767325;SNCF;StopPoint:OCETrain TER-87673251
TN8767325;UIC;8767325
TN8767325;UIC8;87673251
TN8767326;OSM;8705837107
TN8767326;SNCF;StopArea:OCE87673269
TN8767326;SNCF;StopPoint:OCECar TER-87673269
TN8767326;SNCF;StopPoint:OCETrain TER-87673269
TN8767326;UIC;8767326
TN8767326;UIC8;87673269
TN8767327;OSM;8453575245
TN8767327;SNCF;StopArea:OCE87673277
TN8767327;SNCF;StopPoint:OCECar TER-87673277
TN8767327;SNCF;StopPoint:OCEINTERCITES de nuit-87673277
TN8767327;SNCF;StopPoint:OCETrain TER-87673277
TN8767327;UIC;8767327
TN8767327;UIC8;87673277
TN8767327;WIKIDATA;Q747358
TN8767328;OSM;8705728423
TN8767328;SNCF;StopArea:OCE87673285
TN8767328;SNCF;StopPoint:OCECar TER-87673285
TN8767328;SNCF;StopPoint:OCETrain TER-87673285
TN8767328;UIC;8767328
TN8767328;UIC8;87673285
TN8767329;OSM;8332300726
TN8767329;SNCF;StopArea:OCE87673293
TN8767329;SNCF;StopPoint:OCECar TER-87673293
TN8767329;SNCF;StopPoint:OCETrain TER-87673293
TN8767329;UIC;8767329
TN8767329;UIC8;87673293
TN8767329;WIKIDATA;Q2361915
TN8767331;OSM;8705428706
TN8767331;SNCF;StopArea:OCE87673319
TN8767331;SNCF;StopPoint:OCECar TER-87673319
TN8767331;SNCF;StopPoint:OCETrain TER-87673319
TN8767331;UIC;8767331
TN8767331;UIC8;87673319
TN8767331;WIKIDATA;Q2555791
TN8767340;OSM;13240821006
TN8767340;SNCF;StopArea:OCE87673400
TN8767340;SNCF;StopPoint:OCECar TER-87673400
TN8767340;SNCF;StopPoint:OCEINTERCITES-87673400
TN8767340;SNCF;StopPoint:OCEOUIGO-87673400
TN8767340;SNCF;StopPoint:OCETGV INOUI-87673400
TN8767340;SNCF;StopPoint:OCETrain TER-87673400
TN8767340;UIC;8767340
TN8767340;UIC8;87673400
TN8767340;WIKIDATA;Q1959795
TN8767345;OSM;7321605816
TN8767345;SNCF;StopArea:OCE87673459
TN8767345;SNCF;StopPoint:OCECar TER-87673459
TN8767345;SNCF;StopPoint:OCETrain TER-87673459
TN8767345;UIC;8767345
TN8767345;UIC8;87673459
TN8767345;WIKIDATA;Q2367995
TN8767361;OSM;9218217980
TN8767361;SNCF;StopArea:OCE87673616
TN8767361;SNCF;StopPoint:OCECar TER-87673616
TN8767361;SNCF;StopPoint:OCETrain TER-87673616
TN8767361;UIC;8767361
TN8767361;UIC8;87673616
TN8767361;WIKIDATA;Q2703740
TN8767362;OSM;9218234776
TN8767362;SNCF;StopArea:OCE87673624
TN8767362;SNCF;StopPoint:OCECar TER-87673624
TN8767362;SNCF;StopPoint:OCETrain TER-87673624
TN8767362;UIC;8767362
TN8767362;UIC8;87673624
TN8767362;WIKIDATA;Q2655095
TN8767364;OSM;9218242934
TN8767364;SNCF;StopArea:OCE87673640
TN8767364;SNCF;StopPoint:OCECar TER-87673640
TN8767364;SNCF;StopPoint:OCETrain TER-87673640
TN8767364;UIC;8767364
TN8767364;UIC8;87673640
TN8767364;WIKIDATA;Q2230939
TN8767365;OSM;9218237552
TN8767365;SNCF;StopArea:OCE87673657
TN8767365;SNCF;StopPoint:OCECar TER-87673657
TN8767365;SNCF;StopPoint:OCETrain TER-87673657
TN8767365;UIC;8767365
TN8767365;UIC8;87673657
TN8767365;WIKIDATA;Q2587121
TN8767366;OSM;11088595866
TN8767366;SNCF;StopArea:OCE87673665
TN8767366;SNCF;StopPoint:OCECar TER-87673665
TN8767366;SNCF;StopPoint:OCETrain TER-87673665
TN8767366;UIC;8767366
TN8767366;UIC8;87673665
TN8767366;WIKIDATA;Q2129810
TN8767369;OSM;9218564394
TN8767369;SNCF;StopArea:OCE87673699
TN8767369;SNCF;StopPoint:OCECar TER-87673699
TN8767369;SNCF;StopPoint:OCETrain TER-87673699
TN8767369;UIC;8767369
TN8767369;UIC8;87673699
TN8767369;WIKIDATA;Q2207842
TN8767370;OSM;9218661763
TN8767370;SNCF;StopArea:OCE87673707
TN8767370;SNCF;StopPoint:OCECar TER-87673707
TN8767370;SNCF;StopPoint:OCETrain TER-87673707
TN8767370;UIC;8767370
TN8767370;UIC8;87673707
TN8767370;WIKIDATA;Q2693070
TN8767372;OSM;848687508
TN8767372;SNCF;StopArea:OCE87673723
TN8767372;SNCF;StopPoint:OCECar TER-87673723
TN8767372;SNCF;StopPoint:OCETrain TER-87673723
TN8767372;UIC;8767372
TN8767372;UIC8;87673723
TN8767372;WIKIDATA;Q2220150
TN8767683;SNCF;StopArea:OCE87676833
TN8767683;SNCF;StopPoint:OCECar TER-87676833
TN8767683;UIC;8767683
TN8767683;UIC8;87676833
TN8767687;SNCF;StopArea:OCE87676874
TN8767687;SNCF;StopPoint:OCECar TER-87676874
TN8767687;UIC;8767687
TN8767687;UIC8;87676874
TN8767700;OSM;3916678066
TN8767700;SNCF;StopArea:OCE87677005
TN8767700;SNCF;StopPoint:OCECar TER-87677005
TN8767700;SNCF;StopPoint:OCEINTERCITES-87677005
TN8767700;SNCF;StopPoint:OCEOUIGO-87677005
TN8767700;SNCF;StopPoint:OCETGV INOUI-87677005
TN8767700;SNCF;StopPoint:OCETrain TER-87677005
TN8767700;UIC;8767700
TN8767700;UIC8;87677005
TN8767700;WIKIDATA;Q2310209
TN8767704;SNCF;StopArea:OCE87677047
TN8767704;SNCF;StopPoint:OCECar TER-87677047
TN8767704;UIC;8767704
TN8767704;UIC8;87677047
TN8767709;SNCF;StopArea:OCE87677096
TN8767709;SNCF;StopPoint:OCECar TER-87677096
TN8767709;UIC;8767709
TN8767709;UIC8;87677096
TN8767710;SNCF;StopArea:OCE87677104
TN8767710;SNCF;StopPoint:OCECar TER-87677104
TN8767710;SNCF;StopPoint:OCETrain TER-87677104
TN8767710;UIC;8767710
TN8767710;UIC8;87677104
TN8767712;OSM;860594526
TN8767712;SNCF;StopArea:OCE87677120
TN8767712;SNCF;StopPoint:OCECar TER-87677120
TN8767712;SNCF;StopPoint:OCEINTERCITES-87677120
TN8767712;SNCF;StopPoint:OCEOUIGO-87677120
TN8767712;SNCF;StopPoint:OCETGV INOUI-87677120
TN8767712;SNCF;StopPoint:OCETrain TER-87677120
TN8767712;UIC;8767712
TN8767712;UIC8;87677120
TN8767712;WIKIDATA;Q2023049
TN8767713;SNCF;StopArea:OCE87677138
TN8767713;SNCF;StopPoint:OCECar TER-87677138
TN8767713;UIC;8767713
TN8767713;UIC8;87677138
TN8767719;SNCF;StopArea:OCE87677195
TN8767719;SNCF;StopPoint:OCECar TER-87677195
TN8767719;UIC;8767719
TN8767719;UIC8;87677195
TN8767724;SNCF;StopArea:OCE87677245
TN8767724;SNCF;StopPoint:OCECar TER-87677245
TN8767724;UIC;8767724
TN8767724;UIC8;87677245
TN8767725;SNCF;StopArea:OCE87677252
TN8767725;SNCF;StopPoint:OCECar TER-87677252
TN8767725;UIC;8767725
TN8767725;UIC8;87677252
TN8767794;SNCF;StopArea:OCE87677948
TN8767794;SNCF;StopPoint:OCECar TER-87677948
TN8767794;UIC;8767794
TN8767794;UIC8;87677948
TN8767795;SNCF;StopArea:OCE87677955
TN8767795;SNCF;StopPoint:OCECar TER-87677955
TN8767795;UIC;8767795
TN8767795;UIC8;87677955
TN8767846;SNCF;StopArea:OCE87678466
TN8767846;SNCF;StopPoint:OCECar TER-87678466
TN8767846;UIC;8767846
TN8767846;UIC8;87678466
TN8767847;SNCF;StopArea:OCE87678474
TN8767847;SNCF;StopPoint:OCECar TER-87678474
TN8767847;UIC;8767847
TN8767847;UIC8;87678474
TN8767848;SNCF;StopArea:OCE87678482
TN8767848;SNCF;StopPoint:OCECar TER-87678482
TN8767848;UIC;8767848
TN8767848;UIC8;87678482
TN8767849;SNCF;StopArea:OCE87678490
TN8767849;SNCF;StopPoint:OCECar TER-87678490
TN8767849;UIC;8767849
TN8767849;UIC8;87678490
TN8767852;SNCF;StopArea:OCE87678524
TN8767852;SNCF;StopPoint:OCECar TER-87678524
TN8767852;UIC;8767852
TN8767852;UIC8;87678524
TN8767868;SNCF;StopArea:OCE87678680
TN8767868;SNCF;StopPoint:OCECar TER-87678680
TN8767868;UIC;8767868
TN8767868;UIC8;87678680
TN8767869;SNCF;StopArea:OCE87678698
TN8767869;SNCF;StopPoint:OCECar TER-87678698
TN8767869;UIC;8767869
TN8767869;UIC8;87678698
TN8767870;SNCF;StopArea:OCE87678706
TN8767870;SNCF;StopPoint:OCECar TER-87678706
TN8767870;UIC;8767870
TN8767870;UIC8;87678706
TN8767871;SNCF;StopArea:OCE87678714
TN8767871;SNCF;StopPoint:OCECar TER-87678714
TN8767871;UIC;8767871
TN8767871;UIC8;87678714
TN8767873;SNCF;StopArea:OCE87678730
TN8767873;SNCF;StopPoint:OCECar TER-87678730
TN8767873;UIC;8767873
TN8767873;UIC8;87678730
TN8768050;SNCF;StopArea:OCE87680504
TN8768050;SNCF;StopPoint:OCECar TER-87680504
TN8768050;UIC;8768050
TN8768050;UIC8;87680504
TN8768057;SNCF;StopArea:OCE87680579
TN8768057;SNCF;StopPoint:OCECar TER-87680579
TN8768057;UIC;8768057
TN8768057;UIC8;87680579
TN8768069;SNCF;StopArea:OCE87680694
TN8768069;SNCF;StopPoint:OCECar TER-87680694
TN8768069;UIC;8768069
TN8768069;UIC8;87680694
TN8768070;SNCF;StopArea:OCE87680702
TN8768070;SNCF;StopPoint:OCECar TER-87680702
TN8768070;UIC;8768070
TN8768070;UIC8;87680702
TN8768071;SNCF;StopArea:OCE87680710
TN8768071;SNCF;StopPoint:OCECar TER-87680710
TN8768071;UIC;8768071
TN8768071;UIC8;87680710
TN8768072;SNCF;StopArea:OCE87680728
TN8768072;SNCF;StopPoint:OCECar TER-87680728
TN8768072;UIC;8768072
TN8768072;UIC8;87680728
TN8768073;SNCF;StopArea:OCE87680736
TN8768073;SNCF;StopPoint:OCECar TER-87680736
TN8768073;UIC;8768073
TN8768073;UIC8;87680736
TN8768230;OSM;562866213
TN8768230;SNCF;StopArea:OCE87682302
TN8768230;SNCF;StopPoint:OCECar TER-87682302
TN8768230;SNCF;StopPoint:OCETrain TER-87682302
TN8768230;UIC;8768230
TN8768230;UIC8;87682302
TN8768230;WIKIDATA;Q2117756
TN8768245;OSM;103750380
TN8768245;SNCF;StopArea:OCE87682450
TN8768245;SNCF;StopPoint:OCETrain TER-87682450
TN8768245;UIC;8768245
TN8768245;UIC8;87682450
TN8768245;WIKIDATA;Q1925713
TN8768300;OSM;3656710082
TN8768300;SNCF;StopArea:OCE87683003
TN8768300;SNCF;StopPoint:OCECar TER-87683003
TN8768300;SNCF;StopPoint:OCETrain TER-87683003
TN8768300;UIC;8768300
TN8768300;UIC8;87683003
TN8768300;WIKIDATA;Q2545246
TN8768310;OSM;1836242934
TN8768310;SNCF;StopArea:OCE87683102
TN8768310;SNCF;StopPoint:OCECar TER-87683102
TN8768310;SNCF;StopPoint:OCETrain TER-87683102
TN8768310;UIC;8768310
TN8768310;UIC8;87683102
TN8768310;WIKIDATA;Q2157274
TN8768312;OSM;1835420553
TN8768312;SNCF;StopArea:OCE87683128
TN8768312;SNCF;StopPoint:OCECar TER-87683128
TN8768312;SNCF;StopPoint:OCETrain TER-87683128
TN8768312;UIC;8768312
TN8768312;UIC8;87683128
TN8768312;WIKIDATA;Q2623301
TN8768313;OSM;3574378531
TN8768313;SNCF;StopArea:OCE87683136
TN8768313;SNCF;StopPoint:OCECar TER-87683136
TN8768313;SNCF;StopPoint:OCETrain TER-87683136
TN8768313;UIC;8768313
TN8768313;UIC8;87683136
TN8768313;WIKIDATA;Q3097308
TN8768320;OSM;10243027808
TN8768320;SNCF;StopArea:OCE87683201
TN8768320;SNCF;StopPoint:OCECar TER-87683201
TN8768320;SNCF;StopPoint:OCETrain TER-87683201
TN8768320;UIC;8768320
TN8768320;UIC8;87683201
TN8768320;WIKIDATA;Q20726458
TN8768321;OSM;1855307912
TN8768321;SNCF;StopArea:OCE87683219
TN8768321;SNCF;StopPoint:OCECar TER-87683219
TN8768321;SNCF;StopPoint:OCETrain TER-87683219
TN8768321;UIC;8768321
TN8768321;UIC8;87683219
TN8768321;WIKIDATA;Q3098001
TN8768322;OSM;9924687579
TN8768322;SNCF;StopArea:OCE87683227
TN8768322;SNCF;StopPoint:OCECar TER-87683227
TN8768322;SNCF;StopPoint:OCETrain TER-87683227
TN8768322;UIC;8768322
TN8768322;UIC8;87683227
TN8768322;WIKIDATA;Q2216630
TN8768324;OSM;763106384
TN8768324;SNCF;StopArea:OCE87683243
TN8768324;SNCF;StopPoint:OCECar TER-87683243
TN8768324;SNCF;StopPoint:OCETrain TER-87683243
TN8768324;UIC;8768324
TN8768324;UIC8;87683243
TN8768324;WIKIDATA;Q3096662
TN8768326;OSM;2310924433
TN8768326;SNCF;StopArea:OCE87683268
TN8768326;SNCF;StopPoint:OCECar TER-87683268
TN8768326;SNCF;StopPoint:OCETrain TER-87683268
TN8768326;UIC;8768326
TN8768326;UIC8;87683268
TN8768326;WIKIDATA;Q2577756
TN8768331;OSM;9924009923
TN8768331;SNCF;StopArea:OCE87683318
TN8768331;SNCF;StopPoint:OCECar TER-87683318
TN8768331;SNCF;StopPoint:OCETrain TER-87683318
TN8768331;UIC;8768331
TN8768331;UIC8;87683318
TN8768331;WIKIDATA;Q3097523
TN8768333;SNCF;StopArea:OCE87683334
TN8768333;SNCF;StopPoint:OCECar TER-87683334
TN8768333;UIC;8768333
TN8768333;UIC8;87683334
TN8768353;OSM;13397274813
TN8768353;SNCF;StopArea:OCE87683532
TN8768353;SNCF;StopPoint:OCECar TER-87683532
TN8768353;SNCF;StopPoint:OCETrain TER-87683532
TN8768353;UIC;8768353
TN8768353;UIC8;87683532
TN8768355;OSM;6725043369
TN8768355;SNCF;StopArea:OCE87683557
TN8768355;SNCF;StopPoint:OCECar TER-87683557
TN8768355;SNCF;StopPoint:OCETrain TER-87683557
TN8768355;UIC;8768355
TN8768355;UIC8;87683557
TN8768355;WIKIDATA;Q2393009
TN8768357;OSM;9913138501
TN8768357;SNCF;StopArea:OCE87683573
TN8768357;SNCF;StopPoint:OCECar TER-87683573
TN8768357;SNCF;StopPoint:OCETrain TER-87683573
TN8768357;UIC;8768357
TN8768357;UIC8;87683573
TN8768357;WIKIDATA;Q3095705
TN8768361;OSM;10788413039
TN8768361;SNCF;StopArea:OCE87683615
TN8768361;SNCF;StopPoint:OCECar TER-87683615
TN8768361;SNCF;StopPoint:OCETrain TER-87683615
TN8768361;UIC;8768361
TN8768361;UIC8;87683615
TN8768361;WIKIDATA;Q3096182
TN8768363;OSM;11135205913
TN8768363;SNCF;StopArea:OCE87683631
TN8768363;SNCF;StopPoint:OCECar TER-87683631
TN8768363;SNCF;StopPoint:OCETrain TER-87683631
TN8768363;UIC;8768363
TN8768363;UIC8;87683631
TN8768363;WIKIDATA;Q3098015
TN8768364;OSM;2471554544
TN8768364;SNCF;StopArea:OCE87683649
TN8768364;SNCF;StopPoint:OCECar TER-87683649
TN8768364;SNCF;StopPoint:OCETrain TER-87683649
TN8768364;UIC;8768364
TN8768364;UIC8;87683649
TN8768364;WIKIDATA;Q3096319
TN8768366;OSM;1747979233
TN8768366;SNCF;StopArea:OCE87683664
TN8768366;SNCF;StopPoint:OCECar TER-87683664
TN8768366;SNCF;StopPoint:OCETrain TER-87683664
TN8768366;UIC;8768366
TN8768366;UIC8;87683664
TN8768366;WIKIDATA;Q3097954
TN8768368;OSM;1042859967
TN8768368;SNCF;StopArea:OCE87683680
TN8768368;SNCF;StopPoint:OCECar TER-87683680
TN8768368;SNCF;StopPoint:OCETrain TER-87683680
TN8768368;UIC;8768368
TN8768368;UIC8;87683680
TN8768372;OSM;12584726964
TN8768372;SNCF;StopArea:OCE87683722
TN8768372;SNCF;StopPoint:OCECar TER-87683722
TN8768372;SNCF;StopPoint:OCETrain TER-87683722
TN8768372;UIC;8768372
TN8768372;UIC8;87683722
TN8768372;WIKIDATA;Q2234530
TN8768378;OSM;449331864
TN8768378;SNCF;StopArea:OCE87683789
TN8768378;SNCF;StopPoint:OCECar TER-87683789
TN8768378;SNCF;StopPoint:OCETrain TER-87683789
TN8768378;UIC;8768378
TN8768378;UIC8;87683789
TN8768378;WIKIDATA;Q3095706
TN8768384;OSM;1748377754
TN8768384;SNCF;StopArea:OCE87683847
TN8768384;SNCF;StopPoint:OCECar TER-87683847
TN8768384;SNCF;StopPoint:OCETrain TER-87683847
TN8768384;UIC;8768384
TN8768384;UIC8;87683847
TN8768384;WIKIDATA;Q15401658
TN8768400;OSM;252820585
TN8768400;SNCF;StopArea:OCE87684001
TN8768400;SNCF;StopPoint:OCETrain TER-87684001
TN8768400;UIC;8768400
TN8768400;UIC8;87684001
TN8768400;WIKIDATA;Q961102
TN8768412;OSM;251307982
TN8768412;SNCF;StopArea:OCE87684126
TN8768412;SNCF;StopPoint:OCETrain TER-87684126
TN8768412;UIC;8768412
TN8768412;UIC8;87684126
TN8768412;WIKIDATA;Q963843
TN8768427;OSM;629026637
TN8768427;SNCF;StopArea:OCE87684274
TN8768427;SNCF;StopPoint:OCETrain TER-87684274
TN8768427;UIC;8768427
TN8768427;UIC8;87684274
TN8768427;WIKIDATA;Q2653378
TN8768429;OSM;820664041
TN8768429;SNCF;StopArea:OCE87684290
TN8768429;SNCF;StopPoint:OCECar TER-87684290
TN8768429;SNCF;StopPoint:OCETrain TER-87684290
TN8768429;UIC;8768429
TN8768429;UIC8;87684290
TN8768429;WIKIDATA;Q2456461
TN8768577;SNCF;StopArea:OCE87685776
TN8768577;SNCF;StopPoint:OCECar TER-87685776
TN8768577;UIC;8768577
TN8768577;UIC8;87685776
TN8768578;SNCF;StopArea:OCE87685784
TN8768578;SNCF;StopPoint:OCECar TER-87685784
TN8768578;UIC;8768578
TN8768578;UIC8;87685784
TN8768600;OSM;26824135
TN8768600;SNCF;StopArea:OCE87686006
TN8768600;SNCF;StopPoint:OCEICE-87686006
TN8768600;SNCF;StopPoint:OCEINTERCITES-87686006
TN8768600;SNCF;StopPoint:OCELyria-87686006
TN8768600;SNCF;StopPoint:OCEOUIGO-87686006
TN8768600;SNCF;StopPoint:OCETGV INOUI-87686006
TN8768600;SNCF;StopPoint:OCETrain TER-87686006
TN8768600;UIC;8768600
TN8768600;UIC8;87686006
TN8768600;WIKIDATA;Q747541
TN8768636;SNCF;StopArea:OCE87686360
TN8768636;SNCF;StopPoint:OCECar TER-87686360
TN8768636;UIC;8768636
TN8768636;UIC8;87686360
TN8768666;OSM;1823210835
TN8768666;SNCF;StopArea:OCE87686667
TN8768666;SNCF;StopPoint:OCEINTERCITES de nuit-87686667
TN8768666;SNCF;StopPoint:OCEINTERCITES-87686667
TN8768666;SNCF;StopPoint:OCETrain TER-87686667
TN8768666;UIC;8768666
TN8768666;UIC8;87686667
TN8768666;WIKIDATA;Q261320
TN8768740;SNCF;StopArea:OCE87687400
TN8768740;SNCF;StopPoint:OCECar TER-87687400
TN8768740;UIC;8768740
TN8768740;UIC8;87687400
TN8768888;OSM;8096578751
TN8768888;SNCF;StopArea:OCE87688887
TN8768888;SNCF;StopPoint:OCEOUIGO-87688887
TN8768888;SNCF;StopPoint:OCETGV INOUI-87688887
TN8768888;UIC;8768888
TN8768888;UIC8;87688887
TN8768888;WIKIDATA;Q3097089
TN8769016;SNCF;StopArea:OCE87690164
TN8769016;SNCF;StopPoint:OCECar TER-87690164
TN8769016;UIC;8769016
TN8769016;UIC8;87690164
TN8769017;SNCF;StopArea:OCE87690172
TN8769017;SNCF;StopPoint:OCECar TER-87690172
TN8769017;UIC;8769017
TN8769017;UIC8;87690172
TN8769139;OSM;8334210858
TN8769139;SNCF;StopArea:OCE87691394
TN8769139;SNCF;StopPoint:OCECar TER-87691394
TN8769139;SNCF;StopPoint:OCETrain TER-87691394
TN8769139;UIC;8769139
TN8769139;UIC8;87691394
TN8769139;WIKIDATA;Q3096796
TN8769143;OSM;2429421464
TN8769143;SNCF;StopArea:OCE87691436
TN8769143;SNCF;StopPoint:OCECar TER-87691436
TN8769143;SNCF;StopPoint:OCETrain TER-87691436
TN8769143;UIC;8769143
TN8769143;UIC8;87691436
TN8769143;WIKIDATA;Q3096522
TN8769146;OSM;2429421496
TN8769146;SNCF;StopArea:OCE87691469
TN8769146;SNCF;StopPoint:OCECar TER-87691469
TN8769146;SNCF;StopPoint:OCETrain TER-87691469
TN8769146;UIC;8769146
TN8769146;UIC8;87691469
TN8769146;WIKIDATA;Q749765
TN8769160;OSM;13298320260
TN8769160;SNCF;StopArea:OCE87691600
TN8769160;SNCF;StopPoint:OCECar TER-87691600
TN8769160;SNCF;StopPoint:OCETrain TER-87691600
TN8769160;UIC;8769160
TN8769160;UIC8;87691600
TN8769160;WIKIDATA;Q3097197
TN8769167;SNCF;StopArea:OCE87691675
TN8769167;SNCF;StopPoint:OCECar TER-87691675
TN8769167;UIC;8769167
TN8769167;UIC8;87691675
TN8769172;SNCF;StopArea:OCE87691725
TN8769172;SNCF;StopPoint:OCECar TER-87691725
TN8769172;UIC;8769172
TN8769172;UIC8;87691725
TN8769194;OSM;6345711633
TN8769194;SNCF;StopArea:OCE87691949
TN8769194;SNCF;StopPoint:OCECar TER-87691949
TN8769194;SNCF;StopPoint:OCETrain TER-87691949
TN8769194;UIC;8769194
TN8769194;UIC8;87691949
TN8769194;WIKIDATA;Q16638563
TN8769332;SNCF;StopArea:OCE87693325
TN8769332;SNCF;StopPoint:OCECar TER-87693325
TN8769332;UIC;8769332
TN8769332;UIC8;87693325
TN8769334;SNCF;StopArea:OCE87693341
TN8769334;SNCF;StopPoint:OCECar TER-87693341
TN8769334;UIC;8769334
TN8769334;UIC8;87693341
TN8769339;SNCF;StopArea:OCE87693390
TN8769339;SNCF;StopPoint:OCECar TER-87693390
TN8769339;UIC;8769339
TN8769339;UIC8;87693390
TN8769400;OSM;2465939605
TN8769400;SNCF;StopArea:OCE87694000
TN8769400;SNCF;StopPoint:OCECar TER-87694000
TN8769400;SNCF;StopPoint:OCETrain TER-87694000
TN8769400;UIC;8769400
TN8769400;UIC8;87694000
TN8769400;WIKIDATA;Q3098193
TN8769410;OSM;2470629064
TN8769410;SNCF;StopArea:OCE87694109
TN8769410;SNCF;StopPoint:OCETGV INOUI-87694109
TN8769410;UIC;8769410
TN8769410;UIC8;87694109
TN8769410;WIKIDATA;Q801071
TN8769414;OSM;5147424230
TN8769414;SNCF;StopArea:OCE87694141
TN8769414;SNCF;StopPoint:OCECar TER-87694141
TN8769414;SNCF;StopPoint:OCETrain TER-87694141
TN8769414;UIC;8769414
TN8769414;UIC8;87694141
TN8769414;WIKIDATA;Q3095878
TN8769415;OSM;2564378844
TN8769415;SNCF;StopArea:OCE87694158
TN8769415;SNCF;StopPoint:OCECar TER-87694158
TN8769415;SNCF;StopPoint:OCETrain TER-87694158
TN8769415;UIC;8769415
TN8769415;UIC8;87694158
TN8769415;WIKIDATA;Q3097030
TN8769416;OSM;2564378843
TN8769416;SNCF;StopArea:OCE87694166
TN8769416;SNCF;StopPoint:OCECar TER-87694166
TN8769416;SNCF;StopPoint:OCETrain TER-87694166
TN8769416;UIC;8769416
TN8769416;UIC8;87694166
TN8769416;WIKIDATA;Q3096075
TN8769417;OSM;2564378845
TN8769417;SNCF;StopArea:OCE87694174
TN8769417;SNCF;StopPoint:OCECar TER-87694174
TN8769417;SNCF;StopPoint:OCETrain TER-87694174
TN8769417;UIC;8769417
TN8769417;UIC8;87694174
TN8769417;WIKIDATA;Q3097621
TN8769418;OSM;2819891727
TN8769418;SNCF;StopArea:OCE87694182
TN8769418;SNCF;StopPoint:OCECar TER-87694182
TN8769418;SNCF;StopPoint:OCETrain TER-87694182
TN8769418;UIC;8769418
TN8769418;UIC8;87694182
TN8769418;WIKIDATA;Q3096980
TN8769425;SNCF;StopArea:OCE87694257
TN8769425;SNCF;StopPoint:OCECar TER-87694257
TN8769425;UIC;8769425
TN8769425;UIC8;87694257
TN8769430;OSM;10012023320
TN8769430;SNCF;StopArea:OCE87694307
TN8769430;SNCF;StopPoint:OCECar TER-87694307
TN8769430;SNCF;StopPoint:OCETrain TER-87694307
TN8769430;UIC;8769430
TN8769430;UIC8;87694307
TN8769430;WIKIDATA;Q3097072
TN8769436;OSM;2438041423
TN8769436;SNCF;StopArea:OCE87694364
TN8769436;SNCF;StopPoint:OCETrain TER-87694364
TN8769436;UIC;8769436
TN8769436;UIC8;87694364
TN8769439;OSM;2438041422
TN8769439;SNCF;StopArea:OCE87694398
TN8769439;SNCF;StopPoint:OCETrain TER-87694398
TN8769439;UIC;8769439
TN8769439;UIC8;87694398
TN8769439;WIKIDATA;Q3096210
TN8769457;OSM;2466048223
TN8769457;SNCF;StopArea:OCE87694570
TN8769457;SNCF;StopPoint:OCECar TER-87694570
TN8769457;UIC;8769457
TN8769457;UIC8;87694570
TN8769457;WIKIDATA;Q3095701
TN8769459;OSM;935000649
TN8769459;SNCF;StopArea:OCE87694596
TN8769459;SNCF;StopPoint:OCECar TER-87694596
TN8769459;UIC;8769459
TN8769459;UIC8;87694596
TN8769459;WIKIDATA;Q3096068
TN8769461;OSM;1885667042
TN8769461;SNCF;StopArea:OCE87694612
TN8769461;SNCF;StopPoint:OCECar TER-87694612
TN8769461;SNCF;StopPoint:OCETrain TER-87694612
TN8769461;UIC;8769461
TN8769461;UIC8;87694612
TN8769461;WIKIDATA;Q3096004
TN8769462;OSM;2426061201
TN8769462;SNCF;StopArea:OCE87694620
TN8769462;SNCF;StopPoint:OCECar TER-87694620
TN8769462;SNCF;StopPoint:OCETrain TER-87694620
TN8769462;UIC;8769462
TN8769462;UIC8;87694620
TN8769462;WIKIDATA;Q3097073
TN8769463;OSM;1829271934
TN8769463;SNCF;StopArea:OCE87694638
TN8769463;SNCF;StopPoint:OCECar TER-87694638
TN8769463;SNCF;StopPoint:OCETrain TER-87694638
TN8769463;UIC;8769463
TN8769463;UIC8;87694638
TN8769463;WIKIDATA;Q3096510
TN8769464;OSM;2424870285
TN8769464;SNCF;StopArea:OCE87694646
TN8769464;SNCF;StopPoint:OCECar TER-87694646
TN8769464;SNCF;StopPoint:OCETrain TER-87694646
TN8769464;UIC;8769464
TN8769464;UIC8;87694646
TN8769464;WIKIDATA;Q3096246
TN8769465;OSM;2451156961
TN8769465;SNCF;StopArea:OCE87694653
TN8769465;SNCF;StopPoint:OCECar TER-87694653
TN8769465;SNCF;StopPoint:OCETrain TER-87694653
TN8769465;UIC;8769465
TN8769465;UIC8;87694653
TN8769465;WIKIDATA;Q3096601
TN8769468;OSM;2426061205
TN8769468;SNCF;StopArea:OCE87694687
TN8769468;SNCF;StopPoint:OCECar TER-87694687
TN8769468;SNCF;StopPoint:OCETrain TER-87694687
TN8769468;UIC;8769468
TN8769468;UIC8;87694687
TN8769468;WIKIDATA;Q3097245
TN8769469;OSM;2448819588
TN8769469;SNCF;StopArea:OCE87694695
TN8769469;SNCF;StopPoint:OCECar TER-87694695
TN8769469;SNCF;StopPoint:OCETrain TER-87694695
TN8769469;UIC;8769469
TN8769469;UIC8;87694695
TN8769469;WIKIDATA;Q3096365
TN8769472;SNCF;StopArea:OCE87694729
TN8769472;SNCF;StopPoint:OCECar TER-87694729
TN8769472;UIC;8769472
TN8769472;UIC8;87694729
TN8769473;OSM;2448872661
TN8769473;SNCF;StopArea:OCE87694737
TN8769473;SNCF;StopPoint:OCECar TER-87694737
TN8769473;SNCF;StopPoint:OCETrain TER-87694737
TN8769473;UIC;8769473
TN8769473;UIC8;87694737
TN8769473;WIKIDATA;Q3096769
TN8769477;OSM;2449587564
TN8769477;SNCF;StopArea:OCE87694778
TN8769477;SNCF;StopPoint:OCECar TER-87694778
TN8769477;SNCF;StopPoint:OCETrain TER-87694778
TN8769477;UIC;8769477
TN8769477;UIC8;87694778
TN8769477;WIKIDATA;Q3096206
TN8769485;OSM;3669007658
TN8769485;SNCF;StopArea:OCE87694851
TN8769485;SNCF;StopPoint:OCECar TER-87694851
TN8769485;SNCF;StopPoint:OCETrain TER-87694851
TN8769485;UIC;8769485
TN8769485;UIC8;87694851
TN8769485;WIKIDATA;Q3097475
TN8769486;OSM;2466927566
TN8769486;SNCF;StopArea:OCE87694869
TN8769486;SNCF;StopPoint:OCECar TER-87694869
TN8769486;SNCF;StopPoint:OCETrain TER-87694869
TN8769486;UIC;8769486
TN8769486;UIC8;87694869
TN8769486;WIKIDATA;Q3096539
TN8769488;SNCF;StopArea:OCE87694885
TN8769488;SNCF;StopPoint:OCECar TER-87694885
TN8769488;UIC;8769488
TN8769488;UIC8;87694885
TN8769501;SNCF;StopArea:OCE87695015
TN8769501;SNCF;StopPoint:OCECar TER-87695015
TN8769501;UIC;8769501
TN8769501;UIC8;87695015
TN8769503;SNCF;StopArea:OCE87695031
TN8769503;SNCF;StopPoint:OCECar TER-87695031
TN8769503;UIC;8769503
TN8769503;UIC8;87695031
TN8769595;SNCF;StopArea:OCE87695957
TN8769595;SNCF;StopPoint:OCECar TER-87695957
TN8769595;UIC;8769595
TN8769595;UIC8;87695957
TN8769596;SNCF;StopArea:OCE87695965
TN8769596;SNCF;StopPoint:OCECar TER-87695965
TN8769596;UIC;8769596
TN8769596;UIC8;87695965
TN8769597;SNCF;StopArea:OCE87695973
TN8769597;SNCF;StopPoint:OCECar TER-87695973
TN8769597;UIC;8769597
TN8769597;UIC8;87695973
TN8769598;SNCF;StopArea:OCE87695981
TN8769598;SNCF;StopPoint:OCECar TER-87695981
TN8769598;UIC;8769598
TN8769598;UIC8;87695981
TN8769599;SNCF;StopArea:OCE87695999
TN8769599;SNCF;StopPoint:OCECar TER-87695999
TN8769599;UIC;8769599
TN8769599;UIC8;87695999
TN8769600;OSM;415753583
TN8769600;SNCF;StopArea:OCE87696005
TN8769600;SNCF;StopPoint:OCECar TER-87696005
TN8769600;SNCF;StopPoint:OCEINTERCITES-87696005
TN8769600;SNCF;StopPoint:OCETrain TER-87696005
TN8769600;UIC;8769600
TN8769600;UIC8;87696005
TN8769600;WIKIDATA;Q2749439
TN8769601;SNCF;StopArea:OCE87696013
TN8769601;SNCF;StopPoint:OCECar TER-87696013
TN8769601;UIC;8769601
TN8769601;UIC8;87696013
TN8769608;OSM;13250279411
TN8769608;SNCF;StopArea:OCE87696088
TN8769608;SNCF;StopPoint:OCECar TER-87696088
TN8769608;SNCF;StopPoint:OCETrain TER-87696088
TN8769608;UIC;8769608
TN8769608;UIC8;87696088
TN8769608;WIKIDATA;Q545754
TN8769614;OSM;8309308998
TN8769614;SNCF;StopArea:OCE87696146
TN8769614;SNCF;StopPoint:OCECar TER-87696146
TN8769614;SNCF;StopPoint:OCETrain TER-87696146
TN8769614;UIC;8769614
TN8769614;UIC8;87696146
TN8769614;WIKIDATA;Q663055
TN8769616;OSM;920809925
TN8769616;SNCF;StopArea:OCE87696161
TN8769616;SNCF;StopPoint:OCECar TER-87696161
TN8769616;SNCF;StopPoint:OCETrain TER-87696161
TN8769616;UIC;8769616
TN8769616;UIC8;87696161
TN8769616;WIKIDATA;Q634761
TN8769617;OSM;628964965
TN8769617;SNCF;StopArea:OCE87696179
TN8769617;SNCF;StopPoint:OCECar TER-87696179
TN8769617;SNCF;StopPoint:OCETrain TER-87696179
TN8769617;UIC;8769617
TN8769617;UIC8;87696179
TN8769617;WIKIDATA;Q3097338
TN8769618;OSM;628965035
TN8769618;SNCF;StopArea:OCE87696187
TN8769618;SNCF;StopPoint:OCECar TER-87696187
TN8769618;SNCF;StopPoint:OCETrain TER-87696187
TN8769618;UIC;8769618
TN8769618;UIC8;87696187
TN8769618;WIKIDATA;Q3097032
TN8769619;OSM;1478892672
TN8769619;SNCF;StopArea:OCE87696195
TN8769619;SNCF;StopPoint:OCECar TER-87696195
TN8769619;SNCF;StopPoint:OCETrain TER-87696195
TN8769619;UIC;8769619
TN8769619;UIC8;87696195
TN8769619;WIKIDATA;Q3096772
TN8769620;OSM;9952866670
TN8769620;SNCF;StopArea:OCE87696203
TN8769620;SNCF;StopPoint:OCECar TER-87696203
TN8769620;SNCF;StopPoint:OCETrain TER-87696203
TN8769620;UIC;8769620
TN8769620;UIC8;87696203
TN8769620;WIKIDATA;Q3097909
TN8769621;OSM;1893893431
TN8769621;SNCF;StopArea:OCE87696211
TN8769621;SNCF;StopPoint:OCECar TER-87696211
TN8769621;SNCF;StopPoint:OCETrain TER-87696211
TN8769621;UIC;8769621
TN8769621;UIC8;87696211
TN8769621;WIKIDATA;Q3097336
TN8769622;OSM;246653482
TN8769622;SNCF;StopArea:OCE87696229
TN8769622;SNCF;StopPoint:OCECar TER-87696229
TN8769622;SNCF;StopPoint:OCETrain TER-87696229
TN8769622;UIC;8769622
TN8769622;UIC8;87696229
TN8769622;WIKIDATA;Q3096470
TN8769626;OSM;9952793416
TN8769626;SNCF;StopArea:OCE87696260
TN8769626;SNCF;StopPoint:OCECar TER-87696260
TN8769626;SNCF;StopPoint:OCEINTERCITES-87696260
TN8769626;SNCF;StopPoint:OCETrain TER-87696260
TN8769626;UIC;8769626
TN8769626;UIC8;87696260
TN8769626;WIKIDATA;Q967434
TN8769629;OSM;13249955459
TN8769629;SNCF;StopArea:OCE87696294
TN8769629;SNCF;StopPoint:OCECar TER-87696294
TN8769629;SNCF;StopPoint:OCETrain TER-87696294
TN8769629;UIC;8769629
TN8769629;UIC8;87696294
TN8769629;WIKIDATA;Q3097600
TN8769630;OSM;2189113730
TN8769630;SNCF;StopArea:OCE87696302
TN8769630;SNCF;StopPoint:OCECar TER-87696302
TN8769630;SNCF;StopPoint:OCETrain TER-87696302
TN8769630;UIC;8769630
TN8769630;UIC8;87696302
TN8769630;WIKIDATA;Q3096185
TN8769631;OSM;9990780380
TN8769631;SNCF;StopArea:OCE87696310
TN8769631;SNCF;StopPoint:OCETrain TER-87696310
TN8769631;UIC;8769631
TN8769631;UIC8;87696310
TN8769631;WIKIDATA;Q3097998
TN8769632;OSM;1446199586
TN8769632;SNCF;StopArea:OCE87696328
TN8769632;SNCF;StopPoint:OCECar TER-87696328
TN8769632;SNCF;StopPoint:OCEINTERCITES-87696328
TN8769632;SNCF;StopPoint:OCETrain TER-87696328
TN8769632;UIC;8769632
TN8769632;UIC8;87696328
TN8769632;WIKIDATA;Q2570673
TN8769633;OSM;298540544
TN8769633;SNCF;StopArea:OCE87696336
TN8769633;SNCF;StopPoint:OCECar TER-87696336
TN8769633;SNCF;StopPoint:OCETrain TER-87696336
TN8769633;UIC;8769633
TN8769633;UIC8;87696336
TN8769633;WIKIDATA;Q3095977
TN8769635;OSM;9901390176
TN8769635;SNCF;StopArea:OCE87696351
TN8769635;SNCF;StopPoint:OCECar TER-87696351
TN8769635;SNCF;StopPoint:OCETrain TER-87696351
TN8769635;UIC;8769635
TN8769635;UIC8;87696351
TN8769635;WIKIDATA;Q510695
TN8769638;SNCF;StopArea:OCE87696385
TN8769638;SNCF;StopPoint:OCECar TER-87696385
TN8769638;UIC;8769638
TN8769638;UIC8;87696385
TN8769642;OSM;1415983489
TN8769642;SNCF;StopArea:OCE87696427
TN8769642;SNCF;StopPoint:OCECar TER-87696427
TN8769642;SNCF;StopPoint:OCETrain TER-87696427
TN8769642;UIC;8769642
TN8769642;UIC8;87696427
TN8769642;WIKIDATA;Q3096386
TN8769644;SNCF;StopArea:OCE87696443
TN8769644;SNCF;StopPoint:OCECar TER-87696443
TN8769644;UIC;8769644
TN8769644;UIC8;87696443
TN8769645;OSM;2432769358
TN8769645;SNCF;StopArea:OCE87696450
TN8769645;SNCF;StopPoint:OCECar TER-87696450
TN8769645;SNCF;StopPoint:OCETrain TER-87696450
TN8769645;UIC;8769645
TN8769645;UIC8;87696450
TN8769645;WIKIDATA;Q3095786
TN8769646;OSM;10596537401
TN8769646;SNCF;StopArea:OCE87696468
TN8769646;SNCF;StopPoint:OCECar TER-87696468
TN8769646;SNCF;StopPoint:OCETrain TER-87696468
TN8769646;UIC;8769646
TN8769646;UIC8;87696468
TN8769646;WIKIDATA;Q3096096
TN8769648;OSM;2433154885
TN8769648;SNCF;StopArea:OCE87696484
TN8769648;SNCF;StopPoint:OCECar TER-87696484
TN8769648;SNCF;StopPoint:OCETrain TER-87696484
TN8769648;UIC;8769648
TN8769648;UIC8;87696484
TN8769648;WIKIDATA;Q3096352
TN8769649;OSM;2433154883
TN8769649;SNCF;StopArea:OCE87696492
TN8769649;SNCF;StopPoint:OCECar TER-87696492
TN8769649;SNCF;StopPoint:OCETrain TER-87696492
TN8769649;UIC;8769649
TN8769649;UIC8;87696492
TN8769649;WIKIDATA;Q3096157
TN8769650;SNCF;StopArea:OCE87696500
TN8769650;SNCF;StopPoint:OCECar TER-87696500
TN8769650;UIC;8769650
TN8769650;UIC8;87696500
TN8769651;SNCF;StopArea:OCE87696518
TN8769651;SNCF;StopPoint:OCECar TER-87696518
TN8769651;UIC;8769651
TN8769651;UIC8;87696518
TN8769653;OSM;2433272071
TN8769653;SNCF;StopArea:OCE87696534
TN8769653;SNCF;StopPoint:OCECar TER-87696534
TN8769653;SNCF;StopPoint:OCETrain TER-87696534
TN8769653;UIC;8769653
TN8769653;UIC8;87696534
TN8769653;WIKIDATA;Q3096928
TN8769661;OSM;2451486902
TN8769661;SNCF;StopArea:OCE87696617
TN8769661;SNCF;StopPoint:OCECar TER-87696617
TN8769661;SNCF;StopPoint:OCETrain TER-87696617
TN8769661;UIC;8769661
TN8769661;UIC8;87696617
TN8769661;WIKIDATA;Q3096284
TN8769663;OSM;1752680252
TN8769663;SNCF;StopArea:OCE87696633
TN8769663;SNCF;StopPoint:OCECar TER-87696633
TN8769663;SNCF;StopPoint:OCETrain TER-87696633
TN8769663;UIC;8769663
TN8769663;UIC8;87696633
TN8769663;WIKIDATA;Q3096437
TN8769680;OSM;2471582800
TN8769680;SNCF;StopArea:OCE87696807
TN8769680;SNCF;StopPoint:OCECar TER-87696807
TN8769680;SNCF;StopPoint:OCETrain TER-87696807
TN8769680;UIC;8769680
TN8769680;UIC8;87696807
TN8769680;WIKIDATA;Q3096248
TN8769683;OSM;10788413033
TN8769683;SNCF;StopArea:OCE87696831
TN8769683;SNCF;StopPoint:OCECar TER-87696831
TN8769683;SNCF;StopPoint:OCETrain TER-87696831
TN8769683;UIC;8769683
TN8769683;UIC8;87696831
TN8769683;WIKIDATA;Q15401642
TN8769685;OSM;570069401
TN8769685;SNCF;StopArea:OCE87696856
TN8769685;SNCF;StopPoint:OCECar TER-87696856
TN8769685;SNCF;StopPoint:OCETrain TER-87696856
TN8769685;UIC;8769685
TN8769685;UIC8;87696856
TN8769685;WIKIDATA;Q15401655
TN8769700;SNCF;StopArea:OCE87697003
TN8769700;SNCF;StopPoint:OCECar TER-87697003
TN8769700;UIC;8769700
TN8769700;UIC8;87697003
TN8769701;SNCF;StopArea:OCE87697011
TN8769701;SNCF;StopPoint:OCECar TER-87697011
TN8769701;UIC;8769701
TN8769701;UIC8;87697011
TN8769702;SNCF;StopArea:OCE87697029
TN8769702;SNCF;StopPoint:OCECar TER-87697029
TN8769702;UIC;8769702
TN8769702;UIC8;87697029
TN8769703;SNCF;StopArea:OCE87697037
TN8769703;SNCF;StopPoint:OCECar TER-87697037
TN8769703;UIC;8769703
TN8769703;UIC8;87697037
TN8769704;SNCF;StopArea:OCE87697045
TN8769704;SNCF;StopPoint:OCECar TER-87697045
TN8769704;UIC;8769704
TN8769704;UIC8;87697045
TN8769712;SNCF;StopArea:OCE87697128
TN8769712;SNCF;StopPoint:OCECar TER-87697128
TN8769712;UIC;8769712
TN8769712;UIC8;87697128
TN8769714;SNCF;StopArea:OCE87697144
TN8769714;SNCF;StopPoint:OCECar TER-87697144
TN8769714;UIC;8769714
TN8769714;UIC8;87697144
TN8769715;SNCF;StopArea:OCE87697151
TN8769715;SNCF;StopPoint:OCECar TER-87697151
TN8769715;UIC;8769715
TN8769715;UIC8;87697151
TN8769718;SNCF;StopArea:OCE87697185
TN8769718;SNCF;StopPoint:OCECar TER-87697185
TN8769718;UIC;8769718
TN8769718;UIC8;87697185
TN8769719;SNCF;StopArea:OCE87697193
TN8769719;SNCF;StopPoint:OCECar TER-87697193
TN8769719;UIC;8769719
TN8769719;UIC8;87697193
TN8769722;SNCF;StopArea:OCE87697227
TN8769722;SNCF;StopPoint:OCECar TER-87697227
TN8769722;UIC;8769722
TN8769722;UIC8;87697227
TN8769746;SNCF;StopArea:OCE87697466
TN8769746;SNCF;StopPoint:OCECar TER-87697466
TN8769746;UIC;8769746
TN8769746;UIC8;87697466
TN8769747;SNCF;StopArea:OCE87697474
TN8769747;SNCF;StopPoint:OCECar TER-87697474
TN8769747;UIC;8769747
TN8769747;UIC8;87697474
TN8769748;SNCF;StopArea:OCE87697482
TN8769748;SNCF;StopPoint:OCECar TER-87697482
TN8769748;UIC;8769748
TN8769748;UIC8;87697482
TN8769749;SNCF;StopArea:OCE87697490
TN8769749;SNCF;StopPoint:OCECar TER-87697490
TN8769749;UIC;8769749
TN8769749;UIC8;87697490
TN8769750;SNCF;StopArea:OCE87697508
TN8769750;SNCF;StopPoint:OCECar TER-87697508
TN8769750;UIC;8769750
TN8769750;UIC8;87697508
TN8769751;SNCF;StopArea:OCE87697516
TN8769751;SNCF;StopPoint:OCECar TER-87697516
TN8769751;UIC;8769751
TN8769751;UIC8;87697516
TN8769752;SNCF;StopArea:OCE87697524
TN8769752;SNCF;StopPoint:OCECar TER-87697524
TN8769752;UIC;8769752
TN8769752;UIC8;87697524
TN8769767;SNCF;StopArea:OCE87697672
TN8769767;SNCF;StopPoint:OCECar TER-87697672
TN8769767;UIC;8769767
TN8769767;UIC8;87697672
TN8769769;SNCF;StopArea:OCE87697698
TN8769769;SNCF;StopPoint:OCECar TER-87697698
TN8769769;UIC;8769769
TN8769769;UIC8;87697698
TN8769770;SNCF;StopArea:OCE87697706
TN8769770;SNCF;StopPoint:OCECar TER-87697706
TN8769770;UIC;8769770
TN8769770;UIC8;87697706
TN8769771;SNCF;StopArea:OCE87697714
TN8769771;SNCF;StopPoint:OCECar TER-87697714
TN8769771;UIC;8769771
TN8769771;UIC8;87697714
TN8769772;SNCF;StopArea:OCE87697722
TN8769772;SNCF;StopPoint:OCECar TER-87697722
TN8769772;UIC;8769772
TN8769772;UIC8;87697722
TN8769782;SNCF;StopArea:OCE87697821
TN8769782;SNCF;StopPoint:OCECar TER-87697821
TN8769782;UIC;8769782
TN8769782;UIC8;87697821
TN8769783;SNCF;StopArea:OCE87697839
TN8769783;SNCF;StopPoint:OCECar TER-87697839
TN8769783;UIC;8769783
TN8769783;UIC8;87697839
TN8769827;SNCF;StopArea:OCE87698274
TN8769827;SNCF;StopPoint:OCECar TER-87698274
TN8769827;UIC;8769827
TN8769827;UIC8;87698274
TN8769828;SNCF;StopArea:OCE87698282
TN8769828;SNCF;StopPoint:OCECar TER-87698282
TN8769828;UIC;8769828
TN8769828;UIC8;87698282
TN8769829;SNCF;StopArea:OCE87698290
TN8769829;SNCF;StopPoint:OCECar TER-87698290
TN8769829;UIC;8769829
TN8769829;UIC8;87698290
TN8769830;SNCF;StopArea:OCE87698308
TN8769830;SNCF;StopPoint:OCECar TER-87698308
TN8769830;UIC;8769830
TN8769830;UIC8;87698308
TN8769831;SNCF;StopArea:OCE87698316
TN8769831;SNCF;StopPoint:OCECar TER-87698316
TN8769831;UIC;8769831
TN8769831;UIC8;87698316
TN8769832;SNCF;StopArea:OCE87698324
TN8769832;SNCF;StopPoint:OCECar TER-87698324
TN8769832;UIC;8769832
TN8769832;UIC8;87698324
TN8769833;SNCF;StopArea:OCE87698332
TN8769833;SNCF;StopPoint:OCECar TER-87698332
TN8769833;UIC;8769833
TN8769833;UIC8;87698332
TN8769834;SNCF;StopArea:OCE87698340
TN8769834;SNCF;StopPoint:OCECar TER-87698340
TN8769834;UIC;8769834
TN8769834;UIC8;87698340
TN8769838;SNCF;StopArea:OCE87698381
TN8769838;SNCF;StopPoint:OCECar TER-87698381
TN8769838;UIC;8769838
TN8769838;UIC8;87698381
TN8769839;SNCF;StopArea:OCE87698399
TN8769839;SNCF;StopPoint:OCECar TER-87698399
TN8769839;UIC;8769839
TN8769839;UIC8;87698399
TN8769841;SNCF;StopArea:OCE87698415
TN8769841;SNCF;StopPoint:OCECar TER-87698415
TN8769841;UIC;8769841
TN8769841;UIC8;87698415
TN8769842;SNCF;StopArea:OCE87698423
TN8769842;SNCF;StopPoint:OCECar TER-87698423
TN8769842;UIC;8769842
TN8769842;UIC8;87698423
TN8769844;SNCF;StopArea:OCE87698449
TN8769844;SNCF;StopPoint:OCECar TER-87698449
TN8769844;UIC;8769844
TN8769844;UIC8;87698449
TN8769845;SNCF;StopArea:OCE87698456
TN8769845;SNCF;StopPoint:OCECar TER-87698456
TN8769845;UIC;8769845
TN8769845;UIC8;87698456
TN8769846;SNCF;StopArea:OCE87698464
TN8769846;SNCF;StopPoint:OCECar TER-87698464
TN8769846;UIC;8769846
TN8769846;UIC8;87698464
TN8769850;SNCF;StopArea:OCE87698506
TN8769850;SNCF;StopPoint:OCECar TER-87698506
TN8769850;UIC;8769850
TN8769850;UIC8;87698506
TN8769851;SNCF;StopArea:OCE87698514
TN8769851;SNCF;StopPoint:OCECar TER-87698514
TN8769851;UIC;8769851
TN8769851;UIC8;87698514
TN8769856;SNCF;StopArea:OCE87698563
TN8769856;SNCF;StopPoint:OCECar TER-87698563
TN8769856;UIC;8769856
TN8769856;UIC8;87698563
TN8769857;SNCF;StopArea:OCE87698571
TN8769857;SNCF;StopPoint:OCECar TER-87698571
TN8769857;UIC;8769857
TN8769857;UIC8;87698571
TN8769860;SNCF;StopArea:OCE87698605
TN8769860;SNCF;StopPoint:OCECar TER-87698605
TN8769860;UIC;8769860
TN8769860;UIC8;87698605
TN8769861;SNCF;StopArea:OCE87698613
TN8769861;SNCF;StopPoint:OCECar TER-87698613
TN8769861;UIC;8769861
TN8769861;UIC8;87698613
TN8769862;SNCF;StopArea:OCE87698621
TN8769862;SNCF;StopPoint:OCECar TER-87698621
TN8769862;UIC;8769862
TN8769862;UIC8;87698621
TN8769863;SNCF;StopArea:OCE87698639
TN8769863;SNCF;StopPoint:OCECar TER-87698639
TN8769863;UIC;8769863
TN8769863;UIC8;87698639
TN8769864;SNCF;StopArea:OCE87698647
TN8769864;SNCF;StopPoint:OCECar TER-87698647
TN8769864;UIC;8769864
TN8769864;UIC8;87698647
TN8769866;SNCF;StopArea:OCE87698662
TN8769866;SNCF;StopPoint:OCECar TER-87698662
TN8769866;UIC;8769866
TN8769866;UIC8;87698662
TN8769869;SNCF;StopArea:OCE87698696
TN8769869;SNCF;StopPoint:OCECar TER-87698696
TN8769869;UIC;8769869
TN8769869;UIC8;87698696
TN8769871;SNCF;StopArea:OCE87698712
TN8769871;SNCF;StopPoint:OCECar TER-87698712
TN8769871;UIC;8769871
TN8769871;UIC8;87698712
TN8769873;SNCF;StopArea:OCE87698738
TN8769873;SNCF;StopPoint:OCECar TER-87698738
TN8769873;UIC;8769873
TN8769873;UIC8;87698738
TN8769874;SNCF;StopArea:OCE87698746
TN8769874;SNCF;StopPoint:OCECar TER-87698746
TN8769874;UIC;8769874
TN8769874;UIC8;87698746
TN8769875;SNCF;StopArea:OCE87698753
TN8769875;SNCF;StopPoint:OCECar TER-87698753
TN8769875;UIC;8769875
TN8769875;UIC8;87698753
TN8769876;SNCF;StopArea:OCE87698761
TN8769876;SNCF;StopPoint:OCECar TER-87698761
TN8769876;UIC;8769876
TN8769876;UIC8;87698761
TN8769877;SNCF;StopArea:OCE87698779
TN8769877;SNCF;StopPoint:OCECar TER-87698779
TN8769877;UIC;8769877
TN8769877;UIC8;87698779
TN8769878;SNCF;StopArea:OCE87698787
TN8769878;SNCF;StopPoint:OCECar TER-87698787
TN8769878;UIC;8769878
TN8769878;UIC8;87698787
TN8769879;SNCF;StopArea:OCE87698795
TN8769879;SNCF;StopPoint:OCECar TER-87698795
TN8769879;UIC;8769879
TN8769879;UIC8;87698795
TN8769880;SNCF;StopArea:OCE87698803
TN8769880;SNCF;StopPoint:OCECar TER-87698803
TN8769880;UIC;8769880
TN8769880;UIC8;87698803
TN8769900;SNCF;StopArea:OCE87699009
TN8769900;SNCF;StopPoint:OCECar TER-87699009
TN8769900;UIC;8769900
TN8769900;UIC8;87699009
TN8769922;OSM;11332086466
TN8769922;SNCF;StopArea:OCE87699223
TN8769922;SNCF;StopPoint:OCECar TER-87699223
TN8769922;SNCF;StopPoint:OCETrain TER-87699223
TN8769922;UIC;8769922
TN8769922;UIC8;87699223
TN8769985;SNCF;StopArea:OCE87699850
TN8769985;SNCF;StopPoint:OCECar TER-87699850
TN8769985;UIC;8769985
TN8769985;UIC8;87699850
TN8770014;OSM;6149374901
TN8770014;SNCF;StopArea:OCE87700146
TN8770014;SNCF;StopPoint:OCETrain TER-87700146
TN8770014;UIC;8770014
TN8770014;UIC8;87700146
TN8770014;WIKIDATA;Q65130304
TN8770015;OSM;6150297795
TN8770015;SNCF;StopArea:OCE87700153
TN8770015;SNCF;StopPoint:OCETrain TER-87700153
TN8770015;UIC;8770015
TN8770015;UIC8;87700153
TN8770015;WIKIDATA;Q97500712
TN8770090;SNCF;StopArea:OCE87700906
TN8770090;SNCF;StopPoint:OCECar TER-87700906
TN8770090;UIC;8770090
TN8770090;UIC8;87700906
TN8770091;SNCF;StopArea:OCE87700914
TN8770091;SNCF;StopPoint:OCECar TER-87700914
TN8770091;UIC;8770091
TN8770091;UIC8;87700914
TN8770093;SNCF;StopArea:OCE87700930
TN8770093;SNCF;StopPoint:OCECar TER-87700930
TN8770093;UIC;8770093
TN8770093;UIC8;87700930
TN8770095;SNCF;StopArea:OCE87700955
TN8770095;SNCF;StopPoint:OCECar TER-87700955
TN8770095;UIC;8770095
TN8770095;UIC8;87700955
TN8770096;SNCF;StopArea:OCE87700963
TN8770096;SNCF;StopPoint:OCECar TER-87700963
TN8770096;UIC;8770096
TN8770096;UIC8;87700963
TN8770097;SNCF;StopArea:OCE87700971
TN8770097;SNCF;StopPoint:OCECar TER-87700971
TN8770097;UIC;8770097
TN8770097;UIC8;87700971
TN8770098;SNCF;StopArea:OCE87700989
TN8770098;SNCF;StopPoint:OCECar TER-87700989
TN8770098;UIC;8770098
TN8770098;UIC8;87700989
TN8770099;SNCF;StopArea:OCE87700997
TN8770099;SNCF;StopPoint:OCECar TER-87700997
TN8770099;UIC;8770099
TN8770099;UIC8;87700997
TN8770110;SNCF;StopArea:OCE87701102
TN8770110;SNCF;StopPoint:OCECar TER-87701102
TN8770110;UIC;8770110
TN8770110;UIC8;87701102
TN8770153;OSM;6271161685
TN8770153;SNCF;StopArea:OCE87701532
TN8770153;SNCF;StopPoint:OCECar TER-87701532
TN8770153;SNCF;StopPoint:OCETrain TER-87701532
TN8770153;UIC;8770153
TN8770153;UIC8;87701532
TN8770153;WIKIDATA;Q16508084
TN8770206;SNCF;StopArea:OCE87702068
TN8770206;SNCF;StopPoint:OCECar TER-87702068
TN8770206;UIC;8770206
TN8770206;UIC8;87702068
TN8770207;SNCF;StopArea:OCE87702076
TN8770207;SNCF;StopPoint:OCECar TER-87702076
TN8770207;UIC;8770207
TN8770207;UIC8;87702076
TN8770208;SNCF;StopArea:OCE87702084
TN8770208;SNCF;StopPoint:OCECar TER-87702084
TN8770208;UIC;8770208
TN8770208;UIC8;87702084
TN8770342;SNCF;StopArea:OCE87703421
TN8770342;SNCF;StopPoint:OCECar TER-87703421
TN8770342;UIC;8770342
TN8770342;UIC8;87703421
TN8770343;SNCF;StopArea:OCE87703439
TN8770343;SNCF;StopPoint:OCECar TER-87703439
TN8770343;UIC;8770343
TN8770343;UIC8;87703439
TN8770344;SNCF;StopArea:OCE87703447
TN8770344;SNCF;StopPoint:OCECar TER-87703447
TN8770344;UIC;8770344
TN8770344;UIC8;87703447
TN8770345;SNCF;StopArea:OCE87703454
TN8770345;SNCF;StopPoint:OCECar TER-87703454
TN8770345;UIC;8770345
TN8770345;UIC8;87703454
TN8770346;SNCF;StopArea:OCE87703462
TN8770346;SNCF;StopPoint:OCECar TER-87703462
TN8770346;UIC;8770346
TN8770346;UIC8;87703462
TN8770347;SNCF;StopArea:OCE87703470
TN8770347;SNCF;StopPoint:OCECar TER-87703470
TN8770347;UIC;8770347
TN8770347;UIC8;87703470
TN8770348;SNCF;StopArea:OCE87703488
TN8770348;SNCF;StopPoint:OCECar TER-87703488
TN8770348;UIC;8770348
TN8770348;UIC8;87703488
TN8770349;SNCF;StopArea:OCE87703496
TN8770349;SNCF;StopPoint:OCECar TER-87703496
TN8770349;UIC;8770349
TN8770349;UIC8;87703496
TN8770355;SNCF;StopArea:OCE87703553
TN8770355;SNCF;StopPoint:OCECar TER-87703553
TN8770355;UIC;8770355
TN8770355;UIC8;87703553
TN8770356;SNCF;StopArea:OCE87703561
TN8770356;SNCF;StopPoint:OCECar TER-87703561
TN8770356;UIC;8770356
TN8770356;UIC8;87703561
TN8770357;SNCF;StopArea:OCE87703579
TN8770357;SNCF;StopPoint:OCECar TER-87703579
TN8770357;UIC;8770357
TN8770357;UIC8;87703579
TN8770358;SNCF;StopArea:OCE87703587
TN8770358;SNCF;StopPoint:OCECar TER-87703587
TN8770358;UIC;8770358
TN8770358;UIC8;87703587
TN8770359;SNCF;StopArea:OCE87703595
TN8770359;SNCF;StopPoint:OCECar TER-87703595
TN8770359;UIC;8770359
TN8770359;UIC8;87703595
TN8770362;SNCF;StopArea:OCE87703629
TN8770362;SNCF;StopPoint:OCECar TER-87703629
TN8770362;UIC;8770362
TN8770362;UIC8;87703629
TN8770367;SNCF;StopArea:OCE87703678
TN8770367;SNCF;StopPoint:OCECar TER-87703678
TN8770367;UIC;8770367
TN8770367;UIC8;87703678
TN8770368;SNCF;StopArea:OCE87703686
TN8770368;SNCF;StopPoint:OCECar TER-87703686
TN8770368;UIC;8770368
TN8770368;UIC8;87703686
TN8770369;SNCF;StopArea:OCE87703694
TN8770369;SNCF;StopPoint:OCECar TER-87703694
TN8770369;UIC;8770369
TN8770369;UIC8;87703694
TN8770374;SNCF;StopArea:OCE87703744
TN8770374;SNCF;StopPoint:OCECar TER-87703744
TN8770374;UIC;8770374
TN8770374;UIC8;87703744
TN8770376;SNCF;StopArea:OCE87703769
TN8770376;SNCF;StopPoint:OCECar TER-87703769
TN8770376;UIC;8770376
TN8770376;UIC8;87703769
TN8770397;OSM;10825157948
TN8770397;SNCF;StopArea:OCE87703975
TN8770397;SNCF;StopPoint:OCECar TER-87703975
TN8770397;SNCF;StopPoint:OCEOUIGO-87703975
TN8770397;SNCF;StopPoint:OCETGV INOUI-87703975
TN8770397;SNCF;StopPoint:OCETrain TER-87703975
TN8770397;UIC;8770397
TN8770397;UIC8;87703975
TN8770397;WIKIDATA;Q28952413
TN8770758;SNCF;StopArea:OCE87707588
TN8770758;SNCF;StopPoint:OCECar TER-87707588
TN8770758;UIC;8770758
TN8770758;UIC8;87707588
TN8771073;OSM;3470215593
TN8771073;SNCF;StopArea:OCE87710731
TN8771073;SNCF;StopPoint:OCETrain TER-87710731
TN8771073;UIC;8771073
TN8771073;UIC8;87710731
TN8771073;WIKIDATA;Q3095865
TN8771122;SNCF;StopArea:OCE87711226
TN8771122;SNCF;StopPoint:OCECar TER-87711226
TN8771122;UIC;8771122
TN8771122;UIC8;87711226
TN8771202;OSM;10538989222
TN8771202;SNCF;StopArea:OCE87712026
TN8771202;SNCF;StopPoint:OCECar TER-87712026
TN8771202;SNCF;StopPoint:OCETrain TER-87712026
TN8771202;UIC;8771202
TN8771202;UIC8;87712026
TN8771202;WIKIDATA;Q3097459
TN8771218;SNCF;StopArea:OCE87712182
TN8771218;SNCF;StopPoint:OCECar TER-87712182
TN8771218;UIC;8771218
TN8771218;UIC8;87712182
TN8771226;OSM;1512194989
TN8771226;SNCF;StopArea:OCE87712265
TN8771226;SNCF;StopPoint:OCECar TER-87712265
TN8771226;SNCF;StopPoint:OCETrain TER-87712265
TN8771226;UIC;8771226
TN8771226;UIC8;87712265
TN8771226;WIKIDATA;Q24940485
TN8771232;OSM;26825030
TN8771232;SNCF;StopArea:OCE87712323
TN8771232;SNCF;StopPoint:OCECar TER-87712323
TN8771232;SNCF;StopPoint:OCETrain TER-87712323
TN8771232;UIC;8771232
TN8771232;UIC8;87712323
TN8771232;WIKIDATA;Q3096853
TN8771233;OSM;2446098455
TN8771233;SNCF;StopArea:OCE87712331
TN8771233;SNCF;StopPoint:OCECar TER-87712331
TN8771233;SNCF;StopPoint:OCETrain TER-87712331
TN8771233;UIC;8771233
TN8771233;UIC8;87712331
TN8771233;WIKIDATA;Q3097947
TN8771260;OSM;5439755755
TN8771260;SNCF;StopArea:OCE87712604
TN8771260;SNCF;StopPoint:OCECar TER-87712604
TN8771260;SNCF;StopPoint:OCETrain TER-87712604
TN8771260;UIC;8771260
TN8771260;UIC8;87712604
TN8771260;WIKIDATA;Q24263120
TN8771262;OSM;12218124092
TN8771262;SNCF;StopArea:OCE87712620
TN8771262;SNCF;StopPoint:OCECar TER-87712620
TN8771262;SNCF;StopPoint:OCETrain TER-87712620
TN8771262;UIC;8771262
TN8771262;UIC8;87712620
TN8771262;WIKIDATA;Q23844879
TN8771267;OSM;9985565552
TN8771267;SNCF;StopArea:OCE87712679
TN8771267;SNCF;StopPoint:OCECar TER-87712679
TN8771267;SNCF;StopPoint:OCETrain TER-87712679
TN8771267;UIC;8771267
TN8771267;UIC8;87712679
TN8771267;WIKIDATA;Q24936906
TN8771300;OSM;69264033
TN8771300;SNCF;StopArea:OCE87713008
TN8771300;SNCF;StopPoint:OCECar TER-87713008
TN8771300;SNCF;StopPoint:OCETrain TER-87713008
TN8771300;UIC;8771300
TN8771300;UIC8;87713008
TN8771300;WIKIDATA;Q1836536
TN8771304;OSM;251811298
TN8771304;SNCF;StopArea:OCE87713040
TN8771304;SNCF;StopPoint:OCECar TER-87713040
TN8771304;SNCF;StopPoint:OCEINTERCITES-87713040
TN8771304;SNCF;StopPoint:OCELyria-87713040
TN8771304;SNCF;StopPoint:OCEOUIGO-87713040
TN8771304;SNCF;StopPoint:OCETGV INOUI-87713040
TN8771304;SNCF;StopPoint:OCETrain TER-87713040
TN8771304;UIC;8771304
TN8771304;UIC8;87713040
TN8771304;WIKIDATA;Q3096374
TN8771306;OSM;377149905
TN8771306;SNCF;StopArea:OCE87713065
TN8771306;SNCF;StopPoint:OCECar TER-87713065
TN8771306;SNCF;StopPoint:OCETrain TER-87713065
TN8771306;UIC;8771306
TN8771306;UIC8;87713065
TN8771306;WIKIDATA;Q674287
TN8771307;OSM;899687525
TN8771307;SNCF;StopArea:OCE87713073
TN8771307;SNCF;StopPoint:OCECar TER-87713073
TN8771307;SNCF;StopPoint:OCETrain TER-87713073
TN8771307;UIC;8771307
TN8771307;UIC8;87713073
TN8771307;WIKIDATA;Q3096003
TN8771308;OSM;2446099394
TN8771308;SNCF;StopArea:OCE87713081
TN8771308;SNCF;StopPoint:OCECar TER-87713081
TN8771308;SNCF;StopPoint:OCETrain TER-87713081
TN8771308;UIC;8771308
TN8771308;UIC8;87713081
TN8771308;WIKIDATA;Q3097959
TN8771309;OSM;2446101176
TN8771309;SNCF;StopArea:OCE87713099
TN8771309;SNCF;StopPoint:OCECar TER-87713099
TN8771309;SNCF;StopPoint:OCETrain TER-87713099
TN8771309;UIC;8771309
TN8771309;UIC8;87713099
TN8771309;WIKIDATA;Q3097858
TN8771311;OSM;2060296622
TN8771311;SNCF;StopArea:OCE87713115
TN8771311;SNCF;StopPoint:OCECar TER-87713115
TN8771311;SNCF;StopPoint:OCETrain TER-87713115
TN8771311;UIC;8771311
TN8771311;UIC8;87713115
TN8771311;WIKIDATA;Q3098164
TN8771313;OSM;4269685461
TN8771313;SNCF;StopArea:OCE87713131
TN8771313;SNCF;StopPoint:OCECar TER-87713131
TN8771313;SNCF;StopPoint:OCETGV INOUI-87713131
TN8771313;SNCF;StopPoint:OCETrain TER-87713131
TN8771313;UIC;8771313
TN8771313;UIC8;87713131
TN8771313;WIKIDATA;Q2309911
TN8771315;OSM;2054445274
TN8771315;SNCF;StopArea:OCE87713156
TN8771315;SNCF;StopPoint:OCECar TER-87713156
TN8771315;SNCF;StopPoint:OCETrain TER-87713156
TN8771315;UIC;8771315
TN8771315;UIC8;87713156
TN8771315;WIKIDATA;Q2360723
TN8771319;OSM;13092272141
TN8771319;SNCF;StopArea:OCE87713198
TN8771319;SNCF;StopPoint:OCECar TER-87713198
TN8771319;SNCF;StopPoint:OCETrain TER-87713198
TN8771319;UIC;8771319
TN8771319;UIC8;87713198
TN8771319;WIKIDATA;Q1885176
TN8771331;OSM;2501995553
TN8771331;SNCF;StopArea:OCE87713313
TN8771331;SNCF;StopPoint:OCETrain TER-87713313
TN8771331;UIC;8771331
TN8771331;UIC8;87713313
TN8771331;WIKIDATA;Q2480001
TN8771332;OSM;4226660794
TN8771332;SNCF;StopArea:OCE87713321
TN8771332;SNCF;StopPoint:OCETrain TER-87713321
TN8771332;UIC;8771332
TN8771332;UIC8;87713321
TN8771332;WIKIDATA;Q3096264
TN8771333;SNCF;StopArea:OCE87713339
TN8771333;SNCF;StopPoint:OCECar TER-87713339
TN8771333;UIC;8771333
TN8771333;UIC8;87713339
TN8771334;OSM;2501995529
TN8771334;SNCF;StopArea:OCE87713347
TN8771334;SNCF;StopPoint:OCECar TER-87713347
TN8771334;SNCF;StopPoint:OCETrain TER-87713347
TN8771334;UIC;8771334
TN8771334;UIC8;87713347
TN8771334;WIKIDATA;Q2625770
TN8771341;OSM;1811292622
TN8771341;SNCF;StopArea:OCE87713412
TN8771341;SNCF;StopPoint:OCECar TER-87713412
TN8771341;SNCF;StopPoint:OCELyria-87713412
TN8771341;SNCF;StopPoint:OCETGV INOUI-87713412
TN8771341;SNCF;StopPoint:OCETrain TER-87713412
TN8771341;UIC;8771341
TN8771341;UIC8;87713412
TN8771341;WIKIDATA;Q2656916
TN8771350;OSM;388276580
TN8771350;SNCF;StopArea:OCE87713503
TN8771350;SNCF;StopPoint:OCETrain TER-87713503
TN8771350;UIC;8771350
TN8771350;UIC8;87713503
TN8771350;WIKIDATA;Q3096538
TN8771351;SNCF;StopArea:OCE87713511
TN8771351;SNCF;StopPoint:OCETrain TER-87713511
TN8771351;UIC;8771351
TN8771351;UIC8;87713511
TN8771352;OSM;2472016045
TN8771352;SNCF;StopArea:OCE87713529
TN8771352;SNCF;StopPoint:OCETrain TER-87713529
TN8771352;UIC;8771352
TN8771352;UIC8;87713529
TN8771352;WIKIDATA;Q3097232
TN8771353;OSM;4106556356
TN8771353;SNCF;StopArea:OCE87713537
TN8771353;SNCF;StopPoint:OCETrain TER-87713537
TN8771353;UIC;8771353
TN8771353;UIC8;87713537
TN8771353;WIKIDATA;Q3096291
TN8771354;OSM;2430998828
TN8771354;SNCF;StopArea:OCE87713545
TN8771354;SNCF;StopPoint:OCETGV INOUI-87713545
TN8771354;SNCF;StopPoint:OCETrain TER-87713545
TN8771354;UIC;8771354
TN8771354;UIC8;87713545
TN8771354;WIKIDATA;Q2535260
TN8771356;SNCF;StopArea:OCE87713560
TN8771356;SNCF;StopPoint:OCETrain TER-87713560
TN8771356;UIC;8771356
TN8771356;UIC8;87713560
TN8771357;OSM;2460981162
TN8771357;SNCF;StopArea:OCE87713578
TN8771357;SNCF;StopPoint:OCECar TER-87713578
TN8771357;SNCF;StopPoint:OCETrain TER-87713578
TN8771357;UIC;8771357
TN8771357;UIC8;87713578
TN8771357;WIKIDATA;Q2386091
TN8771358;OSM;2520324055
TN8771358;SNCF;StopArea:OCE87713586
TN8771358;SNCF;StopPoint:OCECar TER-87713586
TN8771358;SNCF;StopPoint:OCETrain TER-87713586
TN8771358;UIC;8771358
TN8771358;UIC8;87713586
TN8771358;WIKIDATA;Q3096448
TN8771359;OSM;13248764689
TN8771359;SNCF;StopArea:OCE87713594
TN8771359;SNCF;StopPoint:OCETrain TER-87713594
TN8771359;UIC;8771359
TN8771359;UIC8;87713594
TN8771359;WIKIDATA;Q2468656
TN8771362;OSM;8340183290
TN8771362;SNCF;StopArea:OCE87713628
TN8771362;SNCF;StopPoint:OCECar TER-87713628
TN8771362;SNCF;StopPoint:OCETrain TER-87713628
TN8771362;UIC;8771362
TN8771362;UIC8;87713628
TN8771362;WIKIDATA;Q24937330
TN8771363;OSM;8330424520
TN8771363;SNCF;StopArea:OCE87713636
TN8771363;SNCF;StopPoint:OCECar TER-87713636
TN8771363;SNCF;StopPoint:OCETrain TER-87713636
TN8771363;UIC;8771363
TN8771363;UIC8;87713636
TN8771363;WIKIDATA;Q24238527
TN8771364;OSM;9985707348
TN8771364;SNCF;StopArea:OCE87713644
TN8771364;SNCF;StopPoint:OCECar TER-87713644
TN8771364;SNCF;StopPoint:OCETrain TER-87713644
TN8771364;UIC;8771364
TN8771364;UIC8;87713644
TN8771364;WIKIDATA;Q24254541
TN8771365;OSM;9985669758
TN8771365;SNCF;StopArea:OCE87713651
TN8771365;SNCF;StopPoint:OCECar TER-87713651
TN8771365;SNCF;StopPoint:OCETrain TER-87713651
TN8771365;UIC;8771365
TN8771365;UIC8;87713651
TN8771365;WIKIDATA;Q24937300
TN8771366;OSM;9985512792
TN8771366;SNCF;StopArea:OCE87713669
TN8771366;SNCF;StopPoint:OCECar TER-87713669
TN8771366;SNCF;StopPoint:OCETrain TER-87713669
TN8771366;UIC;8771366
TN8771366;UIC8;87713669
TN8771366;WIKIDATA;Q24648895
TN8771367;OSM;9985510721
TN8771367;SNCF;StopArea:OCE87713677
TN8771367;SNCF;StopPoint:OCECar TER-87713677
TN8771367;SNCF;StopPoint:OCETrain TER-87713677
TN8771367;UIC;8771367
TN8771367;UIC8;87713677
TN8771367;WIKIDATA;Q3097728
TN8771368;SNCF;StopArea:OCE87713685
TN8771368;SNCF;StopPoint:OCECar TER-87713685
TN8771368;UIC;8771368
TN8771368;UIC8;87713685
TN8771369;SNCF;StopArea:OCE87713693
TN8771369;SNCF;StopPoint:OCECar TER-87713693
TN8771369;UIC;8771369
TN8771369;UIC8;87713693
TN8771370;OSM;5442484048
TN8771370;SNCF;StopArea:OCE87713701
TN8771370;SNCF;StopPoint:OCECar TER-87713701
TN8771370;SNCF;StopPoint:OCETrain TER-87713701
TN8771370;UIC;8771370
TN8771370;UIC8;87713701
TN8771370;WIKIDATA;Q3097025
TN8771373;OSM;419359737
TN8771373;SNCF;StopArea:OCE87713735
TN8771373;SNCF;StopPoint:OCECar TER-87713735
TN8771373;SNCF;StopPoint:OCETrain TER-87713735
TN8771373;UIC;8771373
TN8771373;UIC8;87713735
TN8771373;WIKIDATA;Q3096907
TN8771382;OSM;1512195148
TN8771382;SNCF;StopArea:OCE87713826
TN8771382;SNCF;StopPoint:OCECar TER-87713826
TN8771382;SNCF;StopPoint:OCETrain TER-87713826
TN8771382;UIC;8771382
TN8771382;UIC8;87713826
TN8771382;WIKIDATA;Q24940401
TN8771383;OSM;1512195150
TN8771383;SNCF;StopArea:OCE87713834
TN8771383;SNCF;StopPoint:OCECar TER-87713834
TN8771383;SNCF;StopPoint:OCETrain TER-87713834
TN8771383;UIC;8771383
TN8771383;UIC8;87713834
TN8771383;WIKIDATA;Q27910511
TN8771384;OSM;1513288865
TN8771384;SNCF;StopArea:OCE87713842
TN8771384;SNCF;StopPoint:OCECar TER-87713842
TN8771384;SNCF;StopPoint:OCETrain TER-87713842
TN8771384;UIC;8771384
TN8771384;UIC8;87713842
TN8771384;WIKIDATA;Q27915639
TN8771385;OSM;2503365447
TN8771385;SNCF;StopArea:OCE87713859
TN8771385;SNCF;StopPoint:OCECar TER-87713859
TN8771385;SNCF;StopPoint:OCETrain TER-87713859
TN8771385;UIC;8771385
TN8771385;UIC8;87713859
TN8771385;WIKIDATA;Q3095794
TN8771416;SNCF;StopArea:OCE87714162
TN8771416;SNCF;StopPoint:OCECar TER-87714162
TN8771416;UIC;8771416
TN8771416;UIC8;87714162
TN8771420;SNCF;StopArea:OCE87714204
TN8771420;SNCF;StopPoint:OCECar TER-87714204
TN8771420;UIC;8771420
TN8771420;UIC8;87714204
TN8771499;SNCF;StopArea:OCE87714998
TN8771499;SNCF;StopPoint:OCECar TER-87714998
TN8771499;UIC;8771499
TN8771499;UIC8;87714998
TN8771500;OSM;4236961491
TN8771500;SNCF;StopArea:OCE87715003
TN8771500;SNCF;StopPoint:OCECar TER-87715003
TN8771500;SNCF;StopPoint:OCETrain TER-87715003
TN8771500;UIC;8771500
TN8771500;UIC8;87715003
TN8771500;WIKIDATA;Q2317658
TN8771510;OSM;4236588896
TN8771510;SNCF;StopArea:OCE87715102
TN8771510;SNCF;StopPoint:OCECar TER-87715102
TN8771510;SNCF;StopPoint:OCETrain TER-87715102
TN8771510;UIC;8771510
TN8771510;UIC8;87715102
TN8771510;WIKIDATA;Q1886762
TN8771513;OSM;10711708809
TN8771513;SNCF;StopArea:OCE87715136
TN8771513;SNCF;StopPoint:OCECar TER-87715136
TN8771513;SNCF;StopPoint:OCELyria-87715136
TN8771513;SNCF;StopPoint:OCETrain TER-87715136
TN8771513;UIC;8771513
TN8771513;UIC8;87715136
TN8771513;WIKIDATA;Q2151935
TN8771514;OSM;10780289588
TN8771514;SNCF;StopArea:OCE87715144
TN8771514;SNCF;StopPoint:OCECar TER-87715144
TN8771514;SNCF;StopPoint:OCETrain TER-87715144
TN8771514;UIC;8771514
TN8771514;UIC8;87715144
TN8771514;WIKIDATA;Q2052516
TN8771515;OSM;10780289568
TN8771515;SNCF;StopArea:OCE87715151
TN8771515;SNCF;StopPoint:OCECar TER-87715151
TN8771515;SNCF;StopPoint:OCETrain TER-87715151
TN8771515;UIC;8771515
TN8771515;UIC8;87715151
TN8771515;WIKIDATA;Q3097641
TN8771516;SNCF;StopArea:OCE87715169
TN8771516;SNCF;StopPoint:OCECar TER-87715169
TN8771516;UIC;8771516
TN8771516;UIC8;87715169
TN8771519;SNCF;StopArea:OCE87715193
TN8771519;SNCF;StopPoint:OCECar TER-87715193
TN8771519;UIC;8771519
TN8771519;UIC8;87715193
TN8771520;SNCF;StopArea:OCE87715201
TN8771520;SNCF;StopPoint:OCECar TER-87715201
TN8771520;UIC;8771520
TN8771520;UIC8;87715201
TN8771521;OSM;10777523237
TN8771521;SNCF;StopArea:OCE87715219
TN8771521;SNCF;StopPoint:OCECar TER-87715219
TN8771521;SNCF;StopPoint:OCETrain TER-87715219
TN8771521;UIC;8771521
TN8771521;UIC8;87715219
TN8771521;WIKIDATA;Q2629074
TN8771522;SNCF;StopArea:OCE87715227
TN8771522;SNCF;StopPoint:OCECar TER-87715227
TN8771522;UIC;8771522
TN8771522;UIC8;87715227
TN8771523;SNCF;StopArea:OCE87715235
TN8771523;SNCF;StopPoint:OCECar TER-87715235
TN8771523;UIC;8771523
TN8771523;UIC8;87715235
TN8771525;SNCF;StopArea:OCE87715250
TN8771525;SNCF;StopPoint:OCECar TER-87715250
TN8771525;UIC;8771525
TN8771525;UIC8;87715250
TN8771526;SNCF;StopArea:OCE87715268
TN8771526;SNCF;StopPoint:OCECar TER-87715268
TN8771526;UIC;8771526
TN8771526;UIC8;87715268
TN8771532;SNCF;StopArea:OCE87715326
TN8771532;SNCF;StopPoint:OCECar TER-87715326
TN8771532;SNCF;StopPoint:OCETrain TER-87715326
TN8771532;UIC;8771532
TN8771532;UIC8;87715326
TN8771538;OSM;10786976304
TN8771538;SNCF;StopArea:OCE87715383
TN8771538;SNCF;StopPoint:OCECar TER-87715383
TN8771538;SNCF;StopPoint:OCETrain TER-87715383
TN8771538;UIC;8771538
TN8771538;UIC8;87715383
TN8771538;WIKIDATA;Q2011910
TN8771539;OSM;10786963297
TN8771539;SNCF;StopArea:OCE87715391
TN8771539;SNCF;StopPoint:OCECar TER-87715391
TN8771539;SNCF;StopPoint:OCETrain TER-87715391
TN8771539;UIC;8771539
TN8771539;UIC8;87715391
TN8771539;WIKIDATA;Q3096768
TN8771541;OSM;12624445080
TN8771541;SNCF;StopArea:OCE87715417
TN8771541;SNCF;StopPoint:OCECar TER-87715417
TN8771541;SNCF;StopPoint:OCETrain TER-87715417
TN8771541;UIC;8771541
TN8771541;UIC8;87715417
TN8771541;WIKIDATA;Q2097368
TN8771543;OSM;10799567934
TN8771543;SNCF;StopArea:OCE87715433
TN8771543;SNCF;StopPoint:OCECar TER-87715433
TN8771543;SNCF;StopPoint:OCETrain TER-87715433
TN8771543;UIC;8771543
TN8771543;UIC8;87715433
TN8771543;WIKIDATA;Q2745587
TN8771544;OSM;2491627769
TN8771544;SNCF;StopArea:OCE87715441
TN8771544;SNCF;StopPoint:OCECar TER-87715441
TN8771544;SNCF;StopPoint:OCETrain TER-87715441
TN8771544;UIC;8771544
TN8771544;UIC8;87715441
TN8771544;WIKIDATA;Q2314163
TN8771551;SNCF;StopArea:OCE87715516
TN8771551;SNCF;StopPoint:OCECar TER-87715516
TN8771551;UIC;8771551
TN8771551;UIC8;87715516
TN8771552;SNCF;StopArea:OCE87715524
TN8771552;SNCF;StopPoint:OCECar TER-87715524
TN8771552;UIC;8771552
TN8771552;UIC8;87715524
TN8771582;SNCF;StopArea:OCE87715821
TN8771582;SNCF;StopPoint:OCECar TER-87715821
TN8771582;UIC;8771582
TN8771582;UIC8;87715821
TN8771644;SNCF;StopArea:OCE87716449
TN8771644;SNCF;StopPoint:OCECar TER-87716449
TN8771644;UIC;8771644
TN8771644;UIC8;87716449
TN8771645;SNCF;StopArea:OCE87716456
TN8771645;SNCF;StopPoint:OCECar TER-87716456
TN8771645;UIC;8771645
TN8771645;UIC8;87716456
TN8771647;SNCF;StopArea:OCE87716472
TN8771647;SNCF;StopPoint:OCECar TER-87716472
TN8771647;UIC;8771647
TN8771647;UIC8;87716472
TN8771669;SNCF;StopArea:OCE87716696
TN8771669;SNCF;StopPoint:OCECar TER-87716696
TN8771669;UIC;8771669
TN8771669;UIC8;87716696
TN8771681;SNCF;StopArea:OCE87716811
TN8771681;SNCF;StopPoint:OCECar TER-87716811
TN8771681;UIC;8771681
TN8771681;UIC8;87716811
TN8771682;SNCF;StopArea:OCE87716829
TN8771682;SNCF;StopPoint:OCECar TER-87716829
TN8771682;UIC;8771682
TN8771682;UIC8;87716829
TN8771691;SNCF;StopArea:OCE87716910
TN8771691;SNCF;StopPoint:OCECar TER-87716910
TN8771691;UIC;8771691
TN8771691;UIC8;87716910
TN8771709;SNCF;StopArea:OCE87717090
TN8771709;SNCF;StopPoint:OCECar TER-87717090
TN8771709;UIC;8771709
TN8771709;UIC8;87717090
TN8771710;SNCF;StopArea:OCE87717108
TN8771710;SNCF;StopPoint:OCECar TER-87717108
TN8771710;UIC;8771710
TN8771710;UIC8;87717108
TN8771738;SNCF;StopArea:OCE87717389
TN8771738;SNCF;StopPoint:OCECar TER-87717389
TN8771738;UIC;8771738
TN8771738;UIC8;87717389
TN8771762;SNCF;StopArea:OCE87717629
TN8771762;SNCF;StopPoint:OCECar TER-87717629
TN8771762;UIC;8771762
TN8771762;UIC8;87717629
TN8771775;SNCF;StopArea:OCE87717751
TN8771775;SNCF;StopPoint:OCECar TER-87717751
TN8771775;UIC;8771775
TN8771775;UIC8;87717751
TN8771776;SNCF;StopArea:OCE87717769
TN8771776;SNCF;StopPoint:OCECar TER-87717769
TN8771776;UIC;8771776
TN8771776;UIC8;87717769
TN8771800;OSM;2500070617
TN8771800;SNCF;StopArea:OCE87718007
TN8771800;SNCF;StopPoint:OCECar TER-87718007
TN8771800;SNCF;StopPoint:OCETGV INOUI-87718007
TN8771800;SNCF;StopPoint:OCETrain TER-87718007
TN8771800;UIC;8771800
TN8771800;UIC8;87718007
TN8771800;WIKIDATA;Q687470
TN8771801;SNCF;StopArea:OCE87718015
TN8771801;SNCF;StopPoint:OCECar TER-87718015
TN8771801;SNCF;StopPoint:OCETrain TER-87718015
TN8771801;UIC;8771801
TN8771801;UIC8;87718015
TN8771810;OSM;268646241
TN8771810;SNCF;StopArea:OCE87718106
TN8771810;SNCF;StopPoint:OCETrain TER-87718106
TN8771810;UIC;8771810
TN8771810;UIC8;87718106
TN8771810;WIKIDATA;Q2413225
TN8771811;OSM;3157782244
TN8771811;SNCF;StopArea:OCE87718114
TN8771811;SNCF;StopPoint:OCETrain TER-87718114
TN8771811;UIC;8771811
TN8771811;UIC8;87718114
TN8771811;WIKIDATA;Q684413
TN8771812;OSM;4234550357
TN8771812;SNCF;StopArea:OCE87718122
TN8771812;SNCF;StopPoint:OCECar TER-87718122
TN8771812;SNCF;StopPoint:OCETrain TER-87718122
TN8771812;UIC;8771812
TN8771812;UIC8;87718122
TN8771812;WIKIDATA;Q2841574
TN8771813;OSM;3118342152
TN8771813;SNCF;StopArea:OCE87718130
TN8771813;SNCF;StopPoint:OCECar TER-87718130
TN8771813;SNCF;StopPoint:OCETrain TER-87718130
TN8771813;UIC;8771813
TN8771813;UIC8;87718130
TN8771813;WIKIDATA;Q2090314
TN8771815;OSM;4253384837
TN8771815;SNCF;StopArea:OCE87718155
TN8771815;SNCF;StopPoint:OCECar TER-87718155
TN8771815;SNCF;StopPoint:OCETrain TER-87718155
TN8771815;UIC;8771815
TN8771815;UIC8;87718155
TN8771815;WIKIDATA;Q2199980
TN8771818;OSM;4253403551
TN8771818;SNCF;StopArea:OCE87718189
TN8771818;SNCF;StopPoint:OCECar TER-87718189
TN8771818;SNCF;StopPoint:OCETrain TER-87718189
TN8771818;UIC;8771818
TN8771818;UIC8;87718189
TN8771818;WIKIDATA;Q955966
TN8771819;OSM;8339205525
TN8771819;SNCF;StopArea:OCE87718197
TN8771819;SNCF;StopPoint:OCECar TER-87718197
TN8771819;SNCF;StopPoint:OCETrain TER-87718197
TN8771819;UIC;8771819
TN8771819;UIC8;87718197
TN8771819;WIKIDATA;Q2041345
TN8771820;SNCF;StopArea:OCE87718205
TN8771820;SNCF;StopPoint:OCECar TER-87718205
TN8771820;UIC;8771820
TN8771820;UIC8;87718205
TN8771821;SNCF;StopArea:OCE87718213
TN8771821;SNCF;StopPoint:OCETrain TER-87718213
TN8771821;UIC;8771821
TN8771821;UIC8;87718213
TN8771822;SNCF;StopArea:OCE87718221
TN8771822;SNCF;StopPoint:OCECar TER-87718221
TN8771822;UIC;8771822
TN8771822;UIC8;87718221
TN8771823;OSM;4253813734
TN8771823;SNCF;StopArea:OCE87718239
TN8771823;SNCF;StopPoint:OCECar TER-87718239
TN8771823;SNCF;StopPoint:OCETrain TER-87718239
TN8771823;UIC;8771823
TN8771823;UIC8;87718239
TN8771823;WIKIDATA;Q2184121
TN8771827;OSM;10796711168
TN8771827;SNCF;StopArea:OCE87718270
TN8771827;SNCF;StopPoint:OCETrain TER-87718270
TN8771827;UIC;8771827
TN8771827;UIC8;87718270
TN8771827;WIKIDATA;Q659867
TN8771829;OSM;9914139048
TN8771829;SNCF;StopArea:OCE87718296
TN8771829;SNCF;StopPoint:OCETrain TER-87718296
TN8771829;UIC;8771829
TN8771829;UIC8;87718296
TN8771829;WIKIDATA;Q2691181
TN8771830;OSM;663421113
TN8771830;SNCF;StopArea:OCE87718304
TN8771830;SNCF;StopPoint:OCECar TER-87718304
TN8771830;SNCF;StopPoint:OCETrain TER-87718304
TN8771830;UIC;8771830
TN8771830;UIC8;87718304
TN8771830;WIKIDATA;Q3096478
TN8771831;OSM;4226237991
TN8771831;SNCF;StopArea:OCE87718312
TN8771831;SNCF;StopPoint:OCECar TER-87718312
TN8771831;SNCF;StopPoint:OCETrain TER-87718312
TN8771831;UIC;8771831
TN8771831;UIC8;87718312
TN8771831;WIKIDATA;Q727322
TN8771832;OSM;1025034974
TN8771832;SNCF;StopArea:OCE87718320
TN8771832;SNCF;StopPoint:OCECar TER-87718320
TN8771832;SNCF;StopPoint:OCETrain TER-87718320
TN8771832;UIC;8771832
TN8771832;UIC8;87718320
TN8771832;WIKIDATA;Q2655559
TN8771833;OSM;26825379
TN8771833;SNCF;StopArea:OCE87718338
TN8771833;SNCF;StopPoint:OCETrain TER-87718338
TN8771833;UIC;8771833
TN8771833;UIC8;87718338
TN8771833;WIKIDATA;Q2225878
TN8771836;OSM;26825369
TN8771836;SNCF;StopArea:OCE87718361
TN8771836;SNCF;StopPoint:OCETrain TER-87718361
TN8771836;UIC;8771836
TN8771836;UIC8;87718361
TN8771836;WIKIDATA;Q2009927
TN8771840;OSM;4223256475
TN8771840;SNCF;StopArea:OCE87718403
TN8771840;SNCF;StopPoint:OCETrain TER-87718403
TN8771840;UIC;8771840
TN8771840;UIC8;87718403
TN8771840;WIKIDATA;Q2332908
TN8771841;OSM;12958817559
TN8771841;SNCF;StopArea:OCE87718411
TN8771841;SNCF;StopPoint:OCETrain TER-87718411
TN8771841;UIC;8771841
TN8771841;UIC8;87718411
TN8771841;WIKIDATA;Q2051959
TN8771842;OSM;3488609893
TN8771842;SNCF;StopArea:OCE87718429
TN8771842;SNCF;StopPoint:OCETrain TER-87718429
TN8771842;UIC;8771842
TN8771842;UIC8;87718429
TN8771842;WIKIDATA;Q2797747
TN8771843;OSM;4224896642
TN8771843;SNCF;StopArea:OCE87718437
TN8771843;SNCF;StopPoint:OCETrain TER-87718437
TN8771843;UIC;8771843
TN8771843;UIC8;87718437
TN8771843;WIKIDATA;Q2012830
TN8771846;OSM;4224959247
TN8771846;SNCF;StopArea:OCE87718460
TN8771846;SNCF;StopPoint:OCETrain TER-87718460
TN8771846;UIC;8771846
TN8771846;UIC8;87718460
TN8771846;WIKIDATA;Q2500921
TN8771850;SNCF;StopArea:OCE87718502
TN8771850;SNCF;StopPoint:OCECar TER-87718502
TN8771850;SNCF;StopPoint:OCETrain TER-87718502
TN8771850;UIC;8771850
TN8771850;UIC8;87718502
TN8771851;OSM;10755386322
TN8771851;SNCF;StopArea:OCE87718510
TN8771851;SNCF;StopPoint:OCECar TER-87718510
TN8771851;SNCF;StopPoint:OCETrain TER-87718510
TN8771851;UIC;8771851
TN8771851;UIC8;87718510
TN8771851;WIKIDATA;Q1848176
TN8771852;SNCF;StopArea:OCE87718528
TN8771852;SNCF;StopPoint:OCECar TER-87718528
TN8771852;SNCF;StopPoint:OCETrain TER-87718528
TN8771852;UIC;8771852
TN8771852;UIC8;87718528
TN8771853;OSM;10755386307
TN8771853;SNCF;StopArea:OCE87718536
TN8771853;SNCF;StopPoint:OCECar TER-87718536
TN8771853;SNCF;StopPoint:OCETrain TER-87718536
TN8771853;UIC;8771853
TN8771853;UIC8;87718536
TN8771853;WIKIDATA;Q2348604
TN8771854;OSM;8320807421
TN8771854;SNCF;StopArea:OCE87718544
TN8771854;SNCF;StopPoint:OCECar TER-87718544
TN8771854;SNCF;StopPoint:OCETrain TER-87718544
TN8771854;UIC;8771854
TN8771854;UIC8;87718544
TN8771854;WIKIDATA;Q2052258
TN8771855;OSM;10756809154
TN8771855;SNCF;StopArea:OCE87718551
TN8771855;SNCF;StopPoint:OCECar TER-87718551
TN8771855;SNCF;StopPoint:OCETrain TER-87718551
TN8771855;UIC;8771855
TN8771855;UIC8;87718551
TN8771855;WIKIDATA;Q2205403
TN8771857;OSM;10758227846
TN8771857;SNCF;StopArea:OCE87718577
TN8771857;SNCF;StopPoint:OCECar TER-87718577
TN8771857;SNCF;StopPoint:OCETrain TER-87718577
TN8771857;UIC;8771857
TN8771857;UIC8;87718577
TN8771857;WIKIDATA;Q1861173
TN8771860;OSM;10756809190
TN8771860;SNCF;StopArea:OCE87718601
TN8771860;SNCF;StopPoint:OCECar TER-87718601
TN8771860;SNCF;StopPoint:OCETrain TER-87718601
TN8771860;UIC;8771860
TN8771860;UIC8;87718601
TN8771860;WIKIDATA;Q2645004
TN8771861;OSM;2500070621
TN8771861;SNCF;StopArea:OCE87718619
TN8771861;SNCF;StopPoint:OCECar TER-87718619
TN8771861;SNCF;StopPoint:OCETrain TER-87718619
TN8771861;UIC;8771861
TN8771861;UIC8;87718619
TN8771861;WIKIDATA;Q2483982
TN8771883;OSM;2498953048
TN8771883;SNCF;StopArea:OCE87718833
TN8771883;SNCF;StopPoint:OCECar TER-87718833
TN8771883;SNCF;StopPoint:OCELyria-87718833
TN8771883;SNCF;StopPoint:OCETrain TER-87718833
TN8771883;UIC;8771883
TN8771883;UIC8;87718833
TN8771883;WIKIDATA;Q2143564
TN8771884;OSM;2413717825
TN8771884;SNCF;StopArea:OCE87718841
TN8771884;SNCF;StopPoint:OCECar TER-87718841
TN8771884;SNCF;StopPoint:OCETrain TER-87718841
TN8771884;UIC;8771884
TN8771884;UIC8;87718841
TN8771884;WIKIDATA;Q3095662
TN8771886;OSM;10715993196
TN8771886;SNCF;StopArea:OCE87718866
TN8771886;SNCF;StopPoint:OCECar TER-87718866
TN8771886;SNCF;StopPoint:OCETrain TER-87718866
TN8771886;UIC;8771886
TN8771886;UIC8;87718866
TN8771886;WIKIDATA;Q2376752
TN8772100;OSM;13236222075
TN8772100;SNCF;StopArea:OCE87721001
TN8772100;SNCF;StopPoint:OCETrain TER-87721001
TN8772100;UIC;8772100
TN8772100;UIC8;87721001
TN8772103;OSM;9491786815
TN8772103;SNCF;StopArea:OCE87721035
TN8772103;SNCF;StopPoint:OCECar TER-87721035
TN8772103;SNCF;StopPoint:OCETrain TER-87721035
TN8772103;UIC;8772103
TN8772103;UIC8;87721035
TN8772103;WIKIDATA;Q3095622
TN8772104;OSM;9491823171
TN8772104;SNCF;StopArea:OCE87721043
TN8772104;SNCF;StopPoint:OCECar TER-87721043
TN8772104;SNCF;StopPoint:OCETrain TER-87721043
TN8772104;UIC;8772104
TN8772104;UIC8;87721043
TN8772104;WIKIDATA;Q3097633
TN8772105;OSM;5239464470
TN8772105;SNCF;StopArea:OCE87721050
TN8772105;SNCF;StopPoint:OCECar TER-87721050
TN8772105;SNCF;StopPoint:OCETrain TER-87721050
TN8772105;UIC;8772105
TN8772105;UIC8;87721050
TN8772105;WIKIDATA;Q3097467
TN8772115;OSM;13239032058
TN8772115;SNCF;StopArea:OCE87721159
TN8772115;SNCF;StopPoint:OCETrain TER-87721159
TN8772115;UIC;8772115
TN8772115;UIC8;87721159
TN8772115;WIKIDATA;Q2016
TN8772117;SNCF;StopArea:OCE87721175
TN8772117;SNCF;StopPoint:OCECar TER-87721175
TN8772117;SNCF;StopPoint:OCETrain TER-87721175
TN8772117;UIC;8772117
TN8772117;UIC8;87721175
TN8772122;OSM;4290854872
TN8772122;SNCF;StopArea:OCE87721225
TN8772122;SNCF;StopPoint:OCETrain TER-87721225
TN8772122;UIC;8772122
TN8772122;UIC8;87721225
TN8772124;OSM;9682152748
TN8772124;SNCF;StopArea:OCE87721241
TN8772124;SNCF;StopPoint:OCETrain TER-87721241
TN8772124;UIC;8772124
TN8772124;UIC8;87721241
TN8772124;WIKIDATA;Q3096321
TN8772126;OSM;8330323631
TN8772126;SNCF;StopArea:OCE87721266
TN8772126;SNCF;StopPoint:OCETrain TER-87721266
TN8772126;UIC;8772126
TN8772126;UIC8;87721266
TN8772126;WIKIDATA;Q3095609
TN8772128;OSM;9921034602
TN8772128;SNCF;StopArea:OCE87721282
TN8772128;SNCF;StopPoint:OCECar TER-87721282
TN8772128;SNCF;StopPoint:OCETrain TER-87721282
TN8772128;UIC;8772128
TN8772128;UIC8;87721282
TN8772129;OSM;9764342099
TN8772129;SNCF;StopArea:OCE87721290
TN8772129;SNCF;StopPoint:OCECar TER-87721290
TN8772129;SNCF;StopPoint:OCETrain TER-87721290
TN8772129;UIC;8772129
TN8772129;UIC8;87721290
TN8772129;WIKIDATA;Q1926670
TN8772132;OSM;2530903036
TN8772132;SNCF;StopArea:OCE87721324
TN8772132;SNCF;StopPoint:OCETrain TER-87721324
TN8772132;UIC;8772132
TN8772132;UIC8;87721324
TN8772132;WIKIDATA;Q3078253
TN8772133;OSM;2530903089
TN8772133;SNCF;StopArea:OCE87721332
TN8772133;SNCF;StopPoint:OCECar TER-87721332
TN8772133;SNCF;StopPoint:OCETrain TER-87721332
TN8772133;UIC;8772133
TN8772133;UIC8;87721332
TN8772133;WIKIDATA;Q2576354
TN8772134;OSM;2530903075
TN8772134;SNCF;StopArea:OCE87721340
TN8772134;SNCF;StopPoint:OCETrain TER-87721340
TN8772134;UIC;8772134
TN8772134;UIC8;87721340
TN8772134;WIKIDATA;Q3097531
TN8772135;OSM;1537436931
TN8772135;SNCF;StopArea:OCE87721357
TN8772135;SNCF;StopPoint:OCECar TER-87721357
TN8772135;SNCF;StopPoint:OCETrain TER-87721357
TN8772135;UIC;8772135
TN8772135;UIC8;87721357
TN8772135;WIKIDATA;Q3095949
TN8772141;SNCF;StopArea:OCE87721415
TN8772141;SNCF;StopPoint:OCETrain TER-87721415
TN8772141;UIC;8772141
TN8772141;UIC8;87721415
TN8772142;OSM;7256103468
TN8772142;SNCF;StopArea:OCE87721423
TN8772142;SNCF;StopPoint:OCECar TER-87721423
TN8772142;SNCF;StopPoint:OCETrain TER-87721423
TN8772142;UIC;8772142
TN8772142;UIC8;87721423
TN8772142;WIKIDATA;Q677672
TN8772143;SNCF;StopArea:OCE87721431
TN8772143;SNCF;StopPoint:OCECar TER-87721431
TN8772143;SNCF;StopPoint:OCETrain TER-87721431
TN8772143;UIC;8772143
TN8772143;UIC8;87721431
TN8772144;SNCF;StopArea:OCE87721449
TN8772144;SNCF;StopPoint:OCECar TER-87721449
TN8772144;SNCF;StopPoint:OCETrain TER-87721449
TN8772144;UIC;8772144
TN8772144;UIC8;87721449
TN8772145;OSM;312864644
TN8772145;SNCF;StopArea:OCE87721456
TN8772145;SNCF;StopPoint:OCECar TER-87721456
TN8772145;SNCF;StopPoint:OCETrain TER-87721456
TN8772145;UIC;8772145
TN8772145;UIC8;87721456
TN8772145;WIKIDATA;Q3097611
TN8772146;OSM;298449626
TN8772146;SNCF;StopArea:OCE87721464
TN8772146;SNCF;StopPoint:OCECar TER-87721464
TN8772146;SNCF;StopPoint:OCETrain TER-87721464
TN8772146;UIC;8772146
TN8772146;UIC8;87721464
TN8772146;WIKIDATA;Q3097312
TN8772147;OSM;312864678
TN8772147;SNCF;StopArea:OCE87721472
TN8772147;SNCF;StopPoint:OCECar TER-87721472
TN8772147;SNCF;StopPoint:OCETrain TER-87721472
TN8772147;UIC;8772147
TN8772147;UIC8;87721472
TN8772147;WIKIDATA;Q3097836
TN8772148;OSM;14148586161
TN8772148;SNCF;StopArea:OCE87721480
TN8772148;SNCF;StopPoint:OCECar TER-87721480
TN8772148;SNCF;StopPoint:OCETrain TER-87721480
TN8772148;UIC;8772148
TN8772148;UIC8;87721480
TN8772150;OSM;13248351376
TN8772150;SNCF;StopArea:OCE87721506
TN8772150;SNCF;StopPoint:OCETrain TER-87721506
TN8772150;UIC;8772150
TN8772150;UIC8;87721506
TN8772150;WIKIDATA;Q2203719
TN8772151;OSM;7257505688
TN8772151;SNCF;StopArea:OCE87721514
TN8772151;SNCF;StopPoint:OCETrain TER-87721514
TN8772151;UIC;8772151
TN8772151;UIC8;87721514
TN8772151;WIKIDATA;Q3097842
TN8772152;SNCF;StopArea:OCE87721522
TN8772152;SNCF;StopPoint:OCECar TER-87721522
TN8772152;SNCF;StopPoint:OCETrain TER-87721522
TN8772152;UIC;8772152
TN8772152;UIC8;87721522
TN8772153;SNCF;StopArea:OCE87721530
TN8772153;SNCF;StopPoint:OCECar TER-87721530
TN8772153;SNCF;StopPoint:OCETrain TER-87721530
TN8772153;UIC;8772153
TN8772153;UIC8;87721530
TN8772154;SNCF;StopArea:OCE87721548
TN8772154;SNCF;StopPoint:OCETrain TER-87721548
TN8772154;UIC;8772154
TN8772154;UIC8;87721548
TN8772155;SNCF;StopArea:OCE87721555
TN8772155;SNCF;StopPoint:OCECar TER-87721555
TN8772155;SNCF;StopPoint:OCETrain TER-87721555
TN8772155;UIC;8772155
TN8772155;UIC8;87721555
TN8772156;SNCF;StopArea:OCE87721563
TN8772156;SNCF;StopPoint:OCETrain TER-87721563
TN8772156;UIC;8772156
TN8772156;UIC8;87721563
TN8772160;OSM;12825750662
TN8772160;SNCF;StopArea:OCE87721605
TN8772160;SNCF;StopPoint:OCECar TER-87721605
TN8772160;SNCF;StopPoint:OCETrain TER-87721605
TN8772160;UIC;8772160
TN8772160;UIC8;87721605
TN8772160;WIKIDATA;Q2037932
TN8772169;SNCF;StopArea:OCE87721696
TN8772169;SNCF;StopPoint:OCECar TER-87721696
TN8772169;UIC;8772169
TN8772169;UIC8;87721696
TN8772170;OSM;25313126
TN8772170;SNCF;StopArea:OCE87721704
TN8772170;SNCF;StopPoint:OCETrain TER-87721704
TN8772170;UIC;8772170
TN8772170;UIC8;87721704
TN8772170;WIKIDATA;Q3098153
TN8772173;SNCF;StopArea:OCE87721738
TN8772173;SNCF;StopPoint:OCETrain TER-87721738
TN8772173;UIC;8772173
TN8772173;UIC8;87721738
TN8772174;OSM;9682268241
TN8772174;SNCF;StopArea:OCE87721746
TN8772174;SNCF;StopPoint:OCETrain TER-87721746
TN8772174;UIC;8772174
TN8772174;UIC8;87721746
TN8772174;WIKIDATA;Q3096247
TN8772175;OSM;2930596534
TN8772175;SNCF;StopArea:OCE87721753
TN8772175;SNCF;StopPoint:OCECar TER-87721753
TN8772175;SNCF;StopPoint:OCETrain TER-87721753
TN8772175;UIC;8772175
TN8772175;UIC8;87721753
TN8772175;WIKIDATA;Q3096237
TN8772176;OSM;2930596535
TN8772176;SNCF;StopArea:OCE87721761
TN8772176;SNCF;StopPoint:OCECar TER-87721761
TN8772176;SNCF;StopPoint:OCETrain TER-87721761
TN8772176;UIC;8772176
TN8772176;UIC8;87721761
TN8772176;WIKIDATA;Q3096219
TN8772177;SNCF;StopArea:OCE87721779
TN8772177;SNCF;StopPoint:OCECar TER-87721779
TN8772177;UIC;8772177
TN8772177;UIC8;87721779
TN8772178;OSM;821273330
TN8772178;SNCF;StopArea:OCE87721787
TN8772178;SNCF;StopPoint:OCECar TER-87721787
TN8772178;SNCF;StopPoint:OCETrain TER-87721787
TN8772178;UIC;8772178
TN8772178;UIC8;87721787
TN8772178;WIKIDATA;Q3096013
TN8772181;SNCF;StopArea:OCE87721811
TN8772181;SNCF;StopPoint:OCECar TER-87721811
TN8772181;UIC;8772181
TN8772181;UIC8;87721811
TN8772182;OSM;2424314197
TN8772182;SNCF;StopArea:OCE87721829
TN8772182;SNCF;StopPoint:OCECar TER-87721829
TN8772182;SNCF;StopPoint:OCETrain TER-87721829
TN8772182;UIC;8772182
TN8772182;UIC8;87721829
TN8772182;WIKIDATA;Q3096181
TN8772184;SNCF;StopArea:OCE87721845
TN8772184;SNCF;StopPoint:OCECar TER-87721845
TN8772184;UIC;8772184
TN8772184;UIC8;87721845
TN8772185;SNCF;StopArea:OCE87721852
TN8772185;SNCF;StopPoint:OCECar TER-87721852
TN8772185;UIC;8772185
TN8772185;UIC8;87721852
TN8772186;OSM;2450705567
TN8772186;SNCF;StopArea:OCE87721860
TN8772186;SNCF;StopPoint:OCECar TER-87721860
TN8772186;SNCF;StopPoint:OCETrain TER-87721860
TN8772186;UIC;8772186
TN8772186;UIC8;87721860
TN8772186;WIKIDATA;Q2478586
TN8772187;SNCF;StopArea:OCE87721878
TN8772187;SNCF;StopPoint:OCECar TER-87721878
TN8772187;UIC;8772187
TN8772187;UIC8;87721878
TN8772189;SNCF;StopArea:OCE87721894
TN8772189;SNCF;StopPoint:OCECar TER-87721894
TN8772189;UIC;8772189
TN8772189;UIC8;87721894
TN8772202;OSM;4290857018
TN8772202;SNCF;StopArea:OCE87722025
TN8772202;SNCF;StopPoint:OCECar TER-87722025
TN8772202;SNCF;StopPoint:OCEINTERCITES-87722025
TN8772202;SNCF;StopPoint:OCEOUIGO-87722025
TN8772202;SNCF;StopPoint:OCETGV INOUI-87722025
TN8772202;SNCF;StopPoint:OCETrain TER-87722025
TN8772202;UIC;8772202
TN8772202;UIC8;87722025
TN8772202;WIKIDATA;Q1992
TN8772220;OSM;12533949884
TN8772220;SNCF;StopArea:OCE87722207
TN8772220;SNCF;StopPoint:OCETrain TER-87722207
TN8772220;UIC;8772220
TN8772220;UIC8;87722207
TN8772220;WIKIDATA;Q1920677
TN8772223;SNCF;StopArea:OCE87722231
TN8772223;SNCF;StopPoint:OCETrain TER-87722231
TN8772223;UIC;8772223
TN8772223;UIC8;87722231
TN8772224;OSM;6576013600
TN8772224;SNCF;StopArea:OCE87722249
TN8772224;SNCF;StopPoint:OCETrain TER-87722249
TN8772224;UIC;8772224
TN8772224;UIC8;87722249
TN8772224;WIKIDATA;Q71559362
TN8772226;OSM;4490219335
TN8772226;SNCF;StopArea:OCE87722264
TN8772226;SNCF;StopPoint:OCETrain TER-87722264
TN8772226;UIC;8772226
TN8772226;UIC8;87722264
TN8772226;WIKIDATA;Q2563981
TN8772229;OSM;7647464043
TN8772229;SNCF;StopArea:OCE87722298
TN8772229;SNCF;StopPoint:OCETrain TER-87722298
TN8772229;UIC;8772229
TN8772229;UIC8;87722298
TN8772229;WIKIDATA;Q2260903
TN8772240;OSM;4290854884
TN8772240;SNCF;StopArea:OCE87722405
TN8772240;SNCF;StopPoint:OCECar TER-87722405
TN8772240;SNCF;StopPoint:OCETrain TER-87722405
TN8772240;UIC;8772240
TN8772240;UIC8;87722405
TN8772240;WIKIDATA;Q2788094
TN8772243;OSM;4290854888
TN8772243;SNCF;StopArea:OCE87722439
TN8772243;SNCF;StopPoint:OCETrain TER-87722439
TN8772243;UIC;8772243
TN8772243;UIC8;87722439
TN8772243;WIKIDATA;Q2936724
TN8772253;OSM;13409527181
TN8772253;SNCF;StopArea:OCE87722538
TN8772253;SNCF;StopPoint:OCETrain TER-87722538
TN8772253;UIC;8772253
TN8772253;UIC8;87722538
TN8772253;WIKIDATA;Q3096429
TN8772254;OSM;13410100639
TN8772254;SNCF;StopArea:OCE87722546
TN8772254;SNCF;StopPoint:OCECar TER-87722546
TN8772254;SNCF;StopPoint:OCETrain TER-87722546
TN8772254;UIC;8772254
TN8772254;UIC8;87722546
TN8772254;WIKIDATA;Q2382041
TN8772256;OSM;4290854865
TN8772256;SNCF;StopArea:OCE87722561
TN8772256;SNCF;StopPoint:OCECar TER-87722561
TN8772256;SNCF;StopPoint:OCETrain TER-87722561
TN8772256;UIC;8772256
TN8772256;UIC8;87722561
TN8772256;WIKIDATA;Q3096199
TN8772257;OSM;13417652726
TN8772257;SNCF;StopArea:OCE87722579
TN8772257;SNCF;StopPoint:OCETrain TER-87722579
TN8772257;UIC;8772257
TN8772257;UIC8;87722579
TN8772257;WIKIDATA;Q3095751
TN8772258;OSM;7647450474
TN8772258;SNCF;StopArea:OCE87722587
TN8772258;SNCF;StopPoint:OCETrain TER-87722587
TN8772258;UIC;8772258
TN8772258;UIC8;87722587
TN8772258;WIKIDATA;Q2744807
TN8772265;OSM;13173329734
TN8772265;SNCF;StopArea:OCE87722652
TN8772265;SNCF;StopPoint:OCECar TER-87722652
TN8772265;SNCF;StopPoint:OCETrain TER-87722652
TN8772265;UIC;8772265
TN8772265;UIC8;87722652
TN8772265;WIKIDATA;Q2053496
TN8772267;OSM;7647430454
TN8772267;SNCF;StopArea:OCE87722678
TN8772267;SNCF;StopPoint:OCECar TER-87722678
TN8772267;SNCF;StopPoint:OCETrain TER-87722678
TN8772267;UIC;8772267
TN8772267;UIC8;87722678
TN8772267;WIKIDATA;Q2678036
TN8772270;OSM;12918785199
TN8772270;SNCF;StopArea:OCE87722702
TN8772270;SNCF;StopPoint:OCECar TER-87722702
TN8772270;SNCF;StopPoint:OCETrain TER-87722702
TN8772270;UIC;8772270
TN8772270;UIC8;87722702
TN8772270;WIKIDATA;Q1852144
TN8772271;OSM;14228169114
TN8772271;SNCF;StopArea:OCE87722710
TN8772271;SNCF;StopPoint:OCECar TER-87722710
TN8772271;SNCF;StopPoint:OCETrain TER-87722710
TN8772271;UIC;8772271
TN8772271;UIC8;87722710
TN8772272;SNCF;StopArea:OCE87722728
TN8772272;SNCF;StopPoint:OCECar TER-87722728
TN8772272;SNCF;StopPoint:OCETrain TER-87722728
TN8772272;UIC;8772272
TN8772272;UIC8;87722728
TN8772274;OSM;6855693760
TN8772274;SNCF;StopArea:OCE87722744
TN8772274;SNCF;StopPoint:OCETrain TER-87722744
TN8772274;UIC;8772274
TN8772274;UIC8;87722744
TN8772274;WIKIDATA;Q3095600
TN8772319;OSM;4290857016
TN8772319;SNCF;StopArea:OCE87723197
TN8772319;SNCF;StopPoint:OCEICE-87723197
TN8772319;SNCF;StopPoint:OCEINTERCITES-87723197
TN8772319;SNCF;StopPoint:OCELyria-87723197
TN8772319;SNCF;StopPoint:OCEOUIGO-87723197
TN8772319;SNCF;StopPoint:OCETGV INOUI-87723197
TN8772319;SNCF;StopPoint:OCETrain TER-87723197
TN8772319;UIC;8772319
TN8772319;UIC8;87723197
TN8772319;WIKIDATA;Q2008
TN8772332;OSM;13208794098
TN8772332;SNCF;StopArea:OCE87723320
TN8772332;SNCF;StopPoint:OCECar TER-87723320
TN8772332;SNCF;StopPoint:OCETrain TER-87723320
TN8772332;UIC;8772332
TN8772332;UIC8;87723320
TN8772332;WIKIDATA;Q2736094
TN8772335;OSM;9924526220
TN8772335;SNCF;StopArea:OCE87723353
TN8772335;SNCF;StopPoint:OCECar TER-87723353
TN8772335;SNCF;StopPoint:OCETrain TER-87723353
TN8772335;UIC;8772335
TN8772335;UIC8;87723353
TN8772335;WIKIDATA;Q2460346
TN8772336;SNCF;StopArea:OCE87723361
TN8772336;SNCF;StopPoint:OCECar TER-87723361
TN8772336;UIC;8772336
TN8772336;UIC8;87723361
TN8772338;OSM;5437906418
TN8772338;SNCF;StopArea:OCE87723387
TN8772338;SNCF;StopPoint:OCECar TER-87723387
TN8772338;SNCF;StopPoint:OCETrain TER-87723387
TN8772338;UIC;8772338
TN8772338;UIC8;87723387
TN8772338;WIKIDATA;Q2072293
TN8772339;OSM;8074518199
TN8772339;SNCF;StopArea:OCE87723395
TN8772339;SNCF;StopPoint:OCECar TER-87723395
TN8772339;SNCF;StopPoint:OCETrain TER-87723395
TN8772339;UIC;8772339
TN8772339;UIC8;87723395
TN8772339;WIKIDATA;Q2781996
TN8772342;OSM;4335421771
TN8772342;SNCF;StopArea:OCE87723429
TN8772342;SNCF;StopPoint:OCECar TER-87723429
TN8772342;SNCF;StopPoint:OCETrain TER-87723429
TN8772342;UIC;8772342
TN8772342;UIC8;87723429
TN8772342;WIKIDATA;Q1958669
TN8772345;OSM;9924450842
TN8772345;SNCF;StopArea:OCE87723452
TN8772345;SNCF;StopPoint:OCETrain TER-87723452
TN8772345;UIC;8772345
TN8772345;UIC8;87723452
TN8772345;WIKIDATA;Q1998901
TN8772347;OSM;4582056165
TN8772347;SNCF;StopArea:OCE87723478
TN8772347;SNCF;StopPoint:OCECar TER-87723478
TN8772347;SNCF;StopPoint:OCETrain TER-87723478
TN8772347;UIC;8772347
TN8772347;UIC8;87723478
TN8772347;WIKIDATA;Q2082423
TN8772349;OSM;9913919873
TN8772349;SNCF;StopArea:OCE87723494
TN8772349;SNCF;StopPoint:OCECar TER-87723494
TN8772349;SNCF;StopPoint:OCETrain TER-87723494
TN8772349;UIC;8772349
TN8772349;UIC8;87723494
TN8772349;WIKIDATA;Q1932215
TN8772350;SNCF;StopArea:OCE87723502
TN8772350;SNCF;StopPoint:OCETrain TER-87723502
TN8772350;UIC;8772350
TN8772350;UIC8;87723502
TN8772352;SNCF;StopArea:OCE87723528
TN8772352;SNCF;StopPoint:OCETrain TER-87723528
TN8772352;UIC;8772352
TN8772352;UIC8;87723528
TN8772353;SNCF;StopArea:OCE87723536
TN8772353;SNCF;StopPoint:OCETrain TER-87723536
TN8772353;UIC;8772353
TN8772353;UIC8;87723536
TN8772354;OSM;12606526503
TN8772354;SNCF;StopArea:OCE87723544
TN8772354;SNCF;StopPoint:OCETrain TER-87723544
TN8772354;UIC;8772354
TN8772354;UIC8;87723544
TN8772354;WIKIDATA;Q2752803
TN8772356;OSM;4016487666
TN8772356;SNCF;StopArea:OCE87723569
TN8772356;SNCF;StopPoint:OCECar TER-87723569
TN8772356;SNCF;StopPoint:OCETrain TER-87723569
TN8772356;UIC;8772356
TN8772356;UIC8;87723569
TN8772356;WIKIDATA;Q2522225
TN8772357;OSM;12696444032
TN8772357;SNCF;StopArea:OCE87723577
TN8772357;SNCF;StopPoint:OCECar TER-87723577
TN8772357;SNCF;StopPoint:OCETrain TER-87723577
TN8772357;UIC;8772357
TN8772357;UIC8;87723577
TN8772357;WIKIDATA;Q2104220
TN8772358;SNCF;StopArea:OCE87723585
TN8772358;SNCF;StopPoint:OCECar TER-87723585
TN8772358;SNCF;StopPoint:OCETrain TER-87723585
TN8772358;UIC;8772358
TN8772358;UIC8;87723585
TN8772370;OSM;4290859477
TN8772370;SNCF;StopArea:OCE87723700
TN8772370;SNCF;StopPoint:OCETrain TER-87723700
TN8772370;UIC;8772370
TN8772370;UIC8;87723700
TN8772370;WIKIDATA;Q3097685
TN8772371;OSM;2390919891
TN8772371;SNCF;StopArea:OCE87723718
TN8772371;SNCF;StopPoint:OCETrain TER-87723718
TN8772371;UIC;8772371
TN8772371;UIC8;87723718
TN8772371;WIKIDATA;Q3098172
TN8772372;OSM;2529744515
TN8772372;SNCF;StopArea:OCE87723726
TN8772372;SNCF;StopPoint:OCETrain TER-87723726
TN8772372;UIC;8772372
TN8772372;UIC8;87723726
TN8772372;WIKIDATA;Q3097042
TN8772373;OSM;2335526858
TN8772373;SNCF;StopArea:OCE87723734
TN8772373;SNCF;StopPoint:OCECar TER-87723734
TN8772373;SNCF;StopPoint:OCETrain TER-87723734
TN8772373;UIC;8772373
TN8772373;UIC8;87723734
TN8772373;WIKIDATA;Q3097484
TN8772374;OSM;2389935430
TN8772374;SNCF;StopArea:OCE87723742
TN8772374;SNCF;StopPoint:OCETrain TER-87723742
TN8772374;UIC;8772374
TN8772374;UIC8;87723742
TN8772374;WIKIDATA;Q3097566
TN8772375;OSM;2390919895
TN8772375;SNCF;StopArea:OCE87723759
TN8772375;SNCF;StopPoint:OCECar TER-87723759
TN8772375;SNCF;StopPoint:OCETrain TER-87723759
TN8772375;UIC;8772375
TN8772375;UIC8;87723759
TN8772375;WIKIDATA;Q3097985
TN8772376;OSM;2390919892
TN8772376;SNCF;StopArea:OCE87723767
TN8772376;SNCF;StopPoint:OCETrain TER-87723767
TN8772376;UIC;8772376
TN8772376;UIC8;87723767
TN8772376;WIKIDATA;Q3096977
TN8772378;OSM;2390919893
TN8772378;SNCF;StopArea:OCE87723783
TN8772378;SNCF;StopPoint:OCECar TER-87723783
TN8772378;SNCF;StopPoint:OCETrain TER-87723783
TN8772378;UIC;8772378
TN8772378;UIC8;87723783
TN8772378;WIKIDATA;Q3097592
TN8772379;OSM;2390919894
TN8772379;SNCF;StopArea:OCE87723791
TN8772379;SNCF;StopPoint:OCETrain TER-87723791
TN8772379;UIC;8772379
TN8772379;UIC8;87723791
TN8772379;WIKIDATA;Q1989588
TN8772500;OSM;2460981163
TN8772500;SNCF;StopArea:OCE87725002
TN8772500;SNCF;StopPoint:OCECar TER-87725002
TN8772500;SNCF;StopPoint:OCEICE-87725002
TN8772500;SNCF;StopPoint:OCEINTERCITES-87725002
TN8772500;SNCF;StopPoint:OCETGV INOUI-87725002
TN8772500;SNCF;StopPoint:OCETrain TER-87725002
TN8772500;UIC;8772500
TN8772500;UIC8;87725002
TN8772500;WIKIDATA;Q680195
TN8772516;SNCF;StopArea:OCE87725168
TN8772516;SNCF;StopPoint:OCECar TER-87725168
TN8772516;UIC;8772516
TN8772516;UIC8;87725168
TN8772519;SNCF;StopArea:OCE87725192
TN8772519;SNCF;StopPoint:OCECar TER-87725192
TN8772519;UIC;8772519
TN8772519;UIC8;87725192
TN8772530;SNCF;StopArea:OCE87725309
TN8772530;SNCF;StopPoint:OCECar TER-87725309
TN8772530;UIC;8772530
TN8772530;UIC8;87725309
TN8772541;SNCF;StopArea:OCE87725416
TN8772541;SNCF;StopPoint:OCECar TER-87725416
TN8772541;UIC;8772541
TN8772541;UIC8;87725416
TN8772547;OSM;8325069300
TN8772547;SNCF;StopArea:OCE87725473
TN8772547;SNCF;StopPoint:OCECar TER-87725473
TN8772547;SNCF;StopPoint:OCETrain TER-87725473
TN8772547;UIC;8772547
TN8772547;UIC8;87725473
TN8772547;WIKIDATA;Q102618789
TN8772561;OSM;9937421058
TN8772561;SNCF;StopArea:OCE87725614
TN8772561;SNCF;StopPoint:OCECar TER-87725614
TN8772561;SNCF;StopPoint:OCETrain TER-87725614
TN8772561;UIC;8772561
TN8772561;UIC8;87725614
TN8772561;WIKIDATA;Q3097718
TN8772562;OSM;471984678
TN8772562;SNCF;StopArea:OCE87725622
TN8772562;SNCF;StopPoint:OCECar TER-87725622
TN8772562;SNCF;StopPoint:OCETrain TER-87725622
TN8772562;UIC;8772562
TN8772562;UIC8;87725622
TN8772562;WIKIDATA;Q3097896
TN8772566;OSM;10538016349
TN8772566;SNCF;StopArea:OCE87725663
TN8772566;SNCF;StopPoint:OCECar TER-87725663
TN8772566;SNCF;StopPoint:OCETrain TER-87725663
TN8772566;UIC;8772566
TN8772566;UIC8;87725663
TN8772566;WIKIDATA;Q15300178
TN8772567;OSM;6708159886
TN8772567;SNCF;StopArea:OCE87725671
TN8772567;SNCF;StopPoint:OCECar TER-87725671
TN8772567;SNCF;StopPoint:OCETrain TER-87725671
TN8772567;UIC;8772567
TN8772567;UIC8;87725671
TN8772567;WIKIDATA;Q15300177
TN8772568;OSM;2530903051
TN8772568;SNCF;StopArea:OCE87725689
TN8772568;SNCF;StopPoint:OCECar TER-87725689
TN8772568;SNCF;StopPoint:OCEINTERCITES-87725689
TN8772568;SNCF;StopPoint:OCETGV INOUI-87725689
TN8772568;SNCF;StopPoint:OCETrain TER-87725689
TN8772568;UIC;8772568
TN8772568;UIC8;87725689
TN8772568;WIKIDATA;Q2748547
TN8772570;OSM;2391072377
TN8772570;SNCF;StopArea:OCE87725705
TN8772570;SNCF;StopPoint:OCECar TER-87725705
TN8772570;SNCF;StopPoint:OCETGV INOUI-87725705
TN8772570;UIC;8772570
TN8772570;UIC8;87725705
TN8772570;WIKIDATA;Q2253062
TN8772571;OSM;2530903043
TN8772571;SNCF;StopArea:OCE87725713
TN8772571;SNCF;StopPoint:OCETrain TER-87725713
TN8772571;UIC;8772571
TN8772571;UIC8;87725713
TN8772571;WIKIDATA;Q3096336
TN8772572;OSM;2530903061
TN8772572;SNCF;StopArea:OCE87725721
TN8772572;SNCF;StopPoint:OCETrain TER-87725721
TN8772572;UIC;8772572
TN8772572;UIC8;87725721
TN8772572;WIKIDATA;Q3097309
TN8772573;OSM;2530903068
TN8772573;SNCF;StopArea:OCE87725739
TN8772573;SNCF;StopPoint:OCETrain TER-87725739
TN8772573;UIC;8772573
TN8772573;UIC8;87725739
TN8772573;WIKIDATA;Q3097437
TN8772580;OSM;1410973966
TN8772580;SNCF;StopArea:OCE87725804
TN8772580;SNCF;StopPoint:OCECar TER-87725804
TN8772580;SNCF;StopPoint:OCETrain TER-87725804
TN8772580;UIC;8772580
TN8772580;UIC8;87725804
TN8772580;WIKIDATA;Q2304544
TN8772581;SNCF;StopArea:OCE87725812
TN8772581;SNCF;StopPoint:OCECar TER-87725812
TN8772581;UIC;8772581
TN8772581;UIC8;87725812
TN8772582;OSM;6708199809
TN8772582;SNCF;StopArea:OCE87725820
TN8772582;SNCF;StopPoint:OCECar TER-87725820
TN8772582;SNCF;StopPoint:OCETrain TER-87725820
TN8772582;UIC;8772582
TN8772582;UIC8;87725820
TN8772582;WIKIDATA;Q2661260
TN8772583;OSM;775616557
TN8772583;SNCF;StopArea:OCE87725838
TN8772583;SNCF;StopPoint:OCECar TER-87725838
TN8772583;SNCF;StopPoint:OCETrain TER-87725838
TN8772583;UIC;8772583
TN8772583;UIC8;87725838
TN8772583;WIKIDATA;Q2133524
TN8772584;OSM;1105285000
TN8772584;SNCF;StopArea:OCE87725846
TN8772584;SNCF;StopPoint:OCETrain TER-87725846
TN8772584;UIC;8772584
TN8772584;UIC8;87725846
TN8772584;WIKIDATA;Q2419249
TN8772589;OSM;6901121490
TN8772589;SNCF;StopArea:OCE87725895
TN8772589;SNCF;StopPoint:OCETrain TER-87725895
TN8772589;UIC;8772589
TN8772589;UIC8;87725895
TN8772589;WIKIDATA;Q2206243
TN8772600;OSM;2010251922
TN8772600;SNCF;StopArea:OCE87726000
TN8772600;SNCF;StopPoint:OCETGV INOUI-87726000
TN8772600;SNCF;StopPoint:OCETrain TER-87726000
TN8772600;UIC;8772600
TN8772600;UIC8;87726000
TN8772600;WIKIDATA;Q2486002
TN8772608;SNCF;StopArea:OCE87726083
TN8772608;SNCF;StopPoint:OCECar TER-87726083
TN8772608;UIC;8772608
TN8772608;UIC8;87726083
TN8772609;SNCF;StopArea:OCE87726091
TN8772609;SNCF;StopPoint:OCECar TER-87726091
TN8772609;UIC;8772609
TN8772609;UIC8;87726091
TN8772615;OSM;2483753166
TN8772615;SNCF;StopArea:OCE87726158
TN8772615;SNCF;StopPoint:OCECar TER-87726158
TN8772615;SNCF;StopPoint:OCETrain TER-87726158
TN8772615;UIC;8772615
TN8772615;UIC8;87726158
TN8772615;WIKIDATA;Q2616388
TN8772617;OSM;6789120821
TN8772617;SNCF;StopArea:OCE87726174
TN8772617;SNCF;StopPoint:OCETrain TER-87726174
TN8772617;UIC;8772617
TN8772617;UIC8;87726174
TN8772617;WIKIDATA;Q3097638
TN8772619;OSM;635387484
TN8772619;SNCF;StopArea:OCE87726190
TN8772619;SNCF;StopPoint:OCETrain TER-87726190
TN8772619;UIC;8772619
TN8772619;UIC8;87726190
TN8772619;WIKIDATA;Q2545435
TN8772620;OSM;928648585
TN8772620;SNCF;StopArea:OCE87726208
TN8772620;SNCF;StopPoint:OCECar TER-87726208
TN8772620;SNCF;StopPoint:OCETrain TER-87726208
TN8772620;UIC;8772620
TN8772620;UIC8;87726208
TN8772620;WIKIDATA;Q2437593
TN8772621;OSM;4356845091
TN8772621;SNCF;StopArea:OCE87726216
TN8772621;SNCF;StopPoint:OCETrain TER-87726216
TN8772621;UIC;8772621
TN8772621;UIC8;87726216
TN8772621;WIKIDATA;Q3096044
TN8772623;OSM;2351933220
TN8772623;SNCF;StopArea:OCE87726232
TN8772623;SNCF;StopPoint:OCETrain TER-87726232
TN8772623;UIC;8772623
TN8772623;UIC8;87726232
TN8772623;WIKIDATA;Q3096780
TN8772630;OSM;1410957430
TN8772630;SNCF;StopArea:OCE87726307
TN8772630;SNCF;StopPoint:OCECar TER-87726307
TN8772630;SNCF;StopPoint:OCETrain TER-87726307
TN8772630;UIC;8772630
TN8772630;UIC8;87726307
TN8772630;WIKIDATA;Q3097503
TN8772633;OSM;6568598621
TN8772633;SNCF;StopArea:OCE87726331
TN8772633;SNCF;StopPoint:OCECar TER-87726331
TN8772633;SNCF;StopPoint:OCETrain TER-87726331
TN8772633;UIC;8772633
TN8772633;UIC8;87726331
TN8772633;WIKIDATA;Q14918105
TN8772640;OSM;2502415635
TN8772640;SNCF;StopArea:OCE87726406
TN8772640;SNCF;StopPoint:OCECar TER-87726406
TN8772640;SNCF;StopPoint:OCETrain TER-87726406
TN8772640;UIC;8772640
TN8772640;UIC8;87726406
TN8772640;WIKIDATA;Q3095632
TN8772641;OSM;2488881600
TN8772641;SNCF;StopArea:OCE87726414
TN8772641;SNCF;StopPoint:OCECar TER-87726414
TN8772641;SNCF;StopPoint:OCETrain TER-87726414
TN8772641;UIC;8772641
TN8772641;UIC8;87726414
TN8772641;WIKIDATA;Q2365846
TN8772642;OSM;2663385051
TN8772642;SNCF;StopArea:OCE87726422
TN8772642;SNCF;StopPoint:OCECar TER-87726422
TN8772642;SNCF;StopPoint:OCETrain TER-87726422
TN8772642;UIC;8772642
TN8772642;UIC8;87726422
TN8772642;WIKIDATA;Q2797918
TN8772643;SNCF;StopArea:OCE87726430
TN8772643;SNCF;StopPoint:OCECar TER-87726430
TN8772643;SNCF;StopPoint:OCETrain TER-87726430
TN8772643;UIC;8772643
TN8772643;UIC8;87726430
TN8772644;SNCF;StopArea:OCE87726448
TN8772644;SNCF;StopPoint:OCECar TER-87726448
TN8772644;SNCF;StopPoint:OCETrain TER-87726448
TN8772644;UIC;8772644
TN8772644;UIC8;87726448
TN8772647;SNCF;StopArea:OCE87726471
TN8772647;SNCF;StopPoint:OCECar TER-87726471
TN8772647;SNCF;StopPoint:OCETrain TER-87726471
TN8772647;UIC;8772647
TN8772647;UIC8;87726471
TN8772670;OSM;335773060
TN8772670;SNCF;StopArea:OCE87726703
TN8772670;SNCF;StopPoint:OCETrain TER-87726703
TN8772670;UIC;8772670
TN8772670;UIC8;87726703
TN8772670;WIKIDATA;Q3096803
TN8772671;OSM;2228574971
TN8772671;SNCF;StopArea:OCE87726711
TN8772671;SNCF;StopPoint:OCETrain TER-87726711
TN8772671;UIC;8772671
TN8772671;UIC8;87726711
TN8772671;WIKIDATA;Q3098188
TN8772672;OSM;1272916308
TN8772672;SNCF;StopArea:OCE87726729
TN8772672;SNCF;StopPoint:OCECar TER-87726729
TN8772672;SNCF;StopPoint:OCETrain TER-87726729
TN8772672;UIC;8772672
TN8772672;UIC8;87726729
TN8772672;WIKIDATA;Q3096434
TN8772673;OSM;9974582845
TN8772673;SNCF;StopArea:OCE87726737
TN8772673;SNCF;StopPoint:OCETrain TER-87726737
TN8772673;UIC;8772673
TN8772673;UIC8;87726737
TN8772673;WIKIDATA;Q3096467
TN8772676;OSM;9720220114
TN8772676;SNCF;StopArea:OCE87726760
TN8772676;SNCF;StopPoint:OCECar TER-87726760
TN8772676;SNCF;StopPoint:OCETrain TER-87726760
TN8772676;UIC;8772676
TN8772676;UIC8;87726760
TN8772676;WIKIDATA;Q3095697
TN8772677;OSM;2316457155
TN8772677;SNCF;StopArea:OCE87726778
TN8772677;SNCF;StopPoint:OCECar TER-87726778
TN8772677;SNCF;StopPoint:OCETrain TER-87726778
TN8772677;UIC;8772677
TN8772677;UIC8;87726778
TN8772677;WIKIDATA;Q3095908
TN8772678;OSM;3308075544
TN8772678;SNCF;StopArea:OCE87726786
TN8772678;SNCF;StopPoint:OCETrain TER-87726786
TN8772678;UIC;8772678
TN8772678;UIC8;87726786
TN8772678;WIKIDATA;Q3097299
TN8772679;SNCF;StopArea:OCE87726794
TN8772679;SNCF;StopPoint:OCECar TER-87726794
TN8772679;UIC;8772679
TN8772679;UIC8;87726794
TN8772680;OSM;2483753165
TN8772680;SNCF;StopArea:OCE87726802
TN8772680;SNCF;StopPoint:OCECar TER-87726802
TN8772680;SNCF;StopPoint:OCEINTERCITES-87726802
TN8772680;SNCF;StopPoint:OCETrain TER-87726802
TN8772680;UIC;8772680
TN8772680;UIC8;87726802
TN8772680;WIKIDATA;Q3055385
TN8772682;OSM;1676955969
TN8772682;SNCF;StopArea:OCE87726828
TN8772682;SNCF;StopPoint:OCECar TER-87726828
TN8772682;SNCF;StopPoint:OCETrain TER-87726828
TN8772682;UIC;8772682
TN8772682;UIC8;87726828
TN8772682;WIKIDATA;Q2155944
TN8772685;OSM;703098305
TN8772685;SNCF;StopArea:OCE87726851
TN8772685;SNCF;StopPoint:OCETrain TER-87726851
TN8772685;UIC;8772685
TN8772685;UIC8;87726851
TN8772686;OSM;12951834325
TN8772686;SNCF;StopArea:OCE87726869
TN8772686;SNCF;StopPoint:OCETrain TER-87726869
TN8772686;UIC;8772686
TN8772686;UIC8;87726869
TN8772687;OSM;2483753163
TN8772687;SNCF;StopArea:OCE87726877
TN8772687;SNCF;StopPoint:OCECar TER-87726877
TN8772687;SNCF;StopPoint:OCETrain TER-87726877
TN8772687;UIC;8772687
TN8772687;UIC8;87726877
TN8772687;WIKIDATA;Q3096431
TN8772688;OSM;2483753164
TN8772688;SNCF;StopArea:OCE87726885
TN8772688;SNCF;StopPoint:OCECar TER-87726885
TN8772688;SNCF;StopPoint:OCETrain TER-87726885
TN8772688;UIC;8772688
TN8772688;UIC8;87726885
TN8772688;WIKIDATA;Q2286280
TN8772690;OSM;614960947
TN8772690;SNCF;StopArea:OCE87726901
TN8772690;SNCF;StopPoint:OCETrain TER-87726901
TN8772690;UIC;8772690
TN8772690;UIC8;87726901
TN8772690;WIKIDATA;Q645671
TN8772773;SNCF;StopArea:OCE87727735
TN8772773;SNCF;StopPoint:OCECar TER-87727735
TN8772773;UIC;8772773
TN8772773;UIC8;87727735
TN8772850;OSM;13015855392
TN8772850;SNCF;StopArea:OCE87728501
TN8772850;SNCF;StopPoint:OCETrain TER-87728501
TN8772850;UIC;8772850
TN8772850;UIC8;87728501
TN8772850;WIKIDATA;Q3097522
TN8772858;SNCF;StopArea:OCE87728584
TN8772858;SNCF;StopPoint:OCECar TER-87728584
TN8772858;UIC;8772858
TN8772858;UIC8;87728584
TN8772859;SNCF;StopArea:OCE87728592
TN8772859;SNCF;StopPoint:OCECar TER-87728592
TN8772859;UIC;8772859
TN8772859;UIC8;87728592
TN8773099;SNCF;StopArea:OCE87730994
TN8773099;SNCF;StopPoint:OCECar TER-87730994
TN8773099;UIC;8773099
TN8773099;UIC8;87730994
TN8773160;SNCF;StopArea:OCE87731604
TN8773160;SNCF;StopPoint:OCECar TER-87731604
TN8773160;UIC;8773160
TN8773160;UIC8;87731604
TN8773180;SNCF;StopArea:OCE87731802
TN8773180;SNCF;StopPoint:OCECar TER-87731802
TN8773180;UIC;8773180
TN8773180;UIC8;87731802
TN8773182;OSM;9636982368
TN8773182;SNCF;StopArea:OCE87731828
TN8773182;SNCF;StopPoint:OCETrain TER-87731828
TN8773182;UIC;8773182
TN8773182;UIC8;87731828
TN8773182;WIKIDATA;Q3096828
TN8773188;OSM;10019620426
TN8773188;SNCF;StopArea:OCE87731885
TN8773188;SNCF;StopPoint:OCECar TER-87731885
TN8773188;SNCF;StopPoint:OCETrain TER-87731885
TN8773188;UIC;8773188
TN8773188;UIC8;87731885
TN8773188;WIKIDATA;Q3095616
TN8773200;OSM;300441313
TN8773200;SNCF;StopArea:OCE87732008
TN8773200;SNCF;StopPoint:OCECar TER-87732008
TN8773200;SNCF;StopPoint:OCEINTERCITES-87732008
TN8773200;SNCF;StopPoint:OCETrain TER-87732008
TN8773200;UIC;8773200
TN8773200;UIC8;87732008
TN8773200;WIKIDATA;Q2578951
TN8773220;OSM;1906980049
TN8773220;SNCF;StopArea:OCE87732206
TN8773220;SNCF;StopPoint:OCECar TER-87732206
TN8773220;SNCF;StopPoint:OCEINTERCITES-87732206
TN8773220;SNCF;StopPoint:OCETrain TER-87732206
TN8773220;UIC;8773220
TN8773220;UIC8;87732206
TN8773220;WIKIDATA;Q1875757
TN8773240;OSM;9954651283
TN8773240;SNCF;StopArea:OCE87732404
TN8773240;SNCF;StopPoint:OCECar TER-87732404
TN8773240;SNCF;StopPoint:OCETrain TER-87732404
TN8773240;UIC;8773240
TN8773240;UIC8;87732404
TN8773240;WIKIDATA;Q2154970
TN8773269;SNCF;StopArea:OCE87732693
TN8773269;SNCF;StopPoint:OCECar TER-87732693
TN8773269;UIC;8773269
TN8773269;UIC8;87732693
TN8773373;SNCF;StopArea:OCE87733733
TN8773373;SNCF;StopPoint:OCECar TER-87733733
TN8773373;UIC;8773373
TN8773373;UIC8;87733733
TN8773400;OSM;10936459654
TN8773400;SNCF;StopArea:OCE87734004
TN8773400;SNCF;StopPoint:OCECar TER-87734004
TN8773400;SNCF;StopPoint:OCEINTERCITES-87734004
TN8773400;SNCF;StopPoint:OCETrain TER-87734004
TN8773400;UIC;8773400
TN8773400;UIC8;87734004
TN8773400;WIKIDATA;Q2167884
TN8773403;OSM;5050398921
TN8773403;SNCF;StopArea:OCE87734038
TN8773403;SNCF;StopPoint:OCETrain TER-87734038
TN8773403;UIC;8773403
TN8773403;UIC8;87734038
TN8773403;WIKIDATA;Q2578159
TN8773404;OSM;856807207
TN8773404;SNCF;StopArea:OCE87734046
TN8773404;SNCF;StopPoint:OCETrain TER-87734046
TN8773404;UIC;8773404
TN8773404;UIC8;87734046
TN8773404;WIKIDATA;Q3096533
TN8773405;OSM;12144555005
TN8773405;SNCF;StopArea:OCE87734053
TN8773405;SNCF;StopPoint:OCECar TER-87734053
TN8773405;SNCF;StopPoint:OCEINTERCITES-87734053
TN8773405;SNCF;StopPoint:OCETrain TER-87734053
TN8773405;UIC;8773405
TN8773405;UIC8;87734053
TN8773405;WIKIDATA;Q521237
TN8773408;OSM;1583198647
TN8773408;SNCF;StopArea:OCE87734087
TN8773408;SNCF;StopPoint:OCECar TER-87734087
TN8773408;SNCF;StopPoint:OCETrain TER-87734087
TN8773408;UIC;8773408
TN8773408;UIC8;87734087
TN8773408;WIKIDATA;Q1970035
TN8773410;OSM;3462881688
TN8773410;SNCF;StopArea:OCE87734103
TN8773410;SNCF;StopPoint:OCETrain TER-87734103
TN8773410;UIC;8773410
TN8773410;UIC8;87734103
TN8773410;WIKIDATA;Q3097317
TN8773411;SNCF;StopArea:OCE87734111
TN8773411;SNCF;StopPoint:OCETrain TER-87734111
TN8773411;UIC;8773411
TN8773411;UIC8;87734111
TN8773412;OSM;7316888307
TN8773412;SNCF;StopArea:OCE87734129
TN8773412;SNCF;StopPoint:OCECar TER-87734129
TN8773412;SNCF;StopPoint:OCETrain TER-87734129
TN8773412;UIC;8773412
TN8773412;UIC8;87734129
TN8773412;WIKIDATA;Q3095589
TN8773415;OSM;11135842344
TN8773415;SNCF;StopArea:OCE87734152
TN8773415;SNCF;StopPoint:OCECar TER-87734152
TN8773415;SNCF;StopPoint:OCETrain TER-87734152
TN8773415;UIC;8773415
TN8773415;UIC8;87734152
TN8773415;WIKIDATA;Q3097675
TN8773416;OSM;298397050
TN8773416;SNCF;StopArea:OCE87734160
TN8773416;SNCF;StopPoint:OCECar TER-87734160
TN8773416;SNCF;StopPoint:OCETrain TER-87734160
TN8773416;UIC;8773416
TN8773416;UIC8;87734160
TN8773416;WIKIDATA;Q3098186
TN8773417;OSM;9643602787
TN8773417;SNCF;StopArea:OCE87734178
TN8773417;SNCF;StopPoint:OCECar TER-87734178
TN8773417;SNCF;StopPoint:OCETrain TER-87734178
TN8773417;UIC;8773417
TN8773417;UIC8;87734178
TN8773417;WIKIDATA;Q3098158
TN8773418;OSM;9643581276
TN8773418;SNCF;StopArea:OCE87734186
TN8773418;SNCF;StopPoint:OCECar TER-87734186
TN8773418;SNCF;StopPoint:OCETrain TER-87734186
TN8773418;UIC;8773418
TN8773418;UIC8;87734186
TN8773418;WIKIDATA;Q3097970
TN8773419;OSM;300455726
TN8773419;SNCF;StopArea:OCE87734194
TN8773419;SNCF;StopPoint:OCECar TER-87734194
TN8773419;SNCF;StopPoint:OCETrain TER-87734194
TN8773419;UIC;8773419
TN8773419;UIC8;87734194
TN8773419;WIKIDATA;Q3097244
TN8773420;OSM;3412032614
TN8773420;SNCF;StopArea:OCE87734202
TN8773420;SNCF;StopPoint:OCECar TER-87734202
TN8773420;SNCF;StopPoint:OCEINTERCITES-87734202
TN8773420;SNCF;StopPoint:OCETrain TER-87734202
TN8773420;UIC;8773420
TN8773420;UIC8;87734202
TN8773420;WIKIDATA;Q3095800
TN8773422;OSM;621240523
TN8773422;SNCF;StopArea:OCE87734228
TN8773422;SNCF;StopPoint:OCECar TER-87734228
TN8773422;SNCF;StopPoint:OCETrain TER-87734228
TN8773422;UIC;8773422
TN8773422;UIC8;87734228
TN8773422;WIKIDATA;Q3098179
TN8773424;OSM;2534336127
TN8773424;SNCF;StopArea:OCE87734244
TN8773424;SNCF;StopPoint:OCECar TER-87734244
TN8773424;SNCF;StopPoint:OCEINTERCITES-87734244
TN8773424;SNCF;StopPoint:OCETrain TER-87734244
TN8773424;UIC;8773424
TN8773424;UIC8;87734244
TN8773424;WIKIDATA;Q3096057
TN8773425;OSM;3947473631
TN8773425;SNCF;StopArea:OCE87734251
TN8773425;SNCF;StopPoint:OCECar TER-87734251
TN8773425;SNCF;StopPoint:OCEINTERCITES-87734251
TN8773425;SNCF;StopPoint:OCETrain TER-87734251
TN8773425;UIC;8773425
TN8773425;UIC8;87734251
TN8773425;WIKIDATA;Q3095673
TN8773426;OSM;1398590829
TN8773426;SNCF;StopArea:OCE87734269
TN8773426;SNCF;StopPoint:OCECar TER-87734269
TN8773426;SNCF;StopPoint:OCETrain TER-87734269
TN8773426;UIC;8773426
TN8773426;UIC8;87734269
TN8773426;WIKIDATA;Q3096071
TN8773429;OSM;9636549102
TN8773429;SNCF;StopArea:OCE87734293
TN8773429;SNCF;StopPoint:OCECar TER-87734293
TN8773429;SNCF;StopPoint:OCETrain TER-87734293
TN8773429;UIC;8773429
TN8773429;UIC8;87734293
TN8773429;WIKIDATA;Q3097258
TN8773430;OSM;3947473635
TN8773430;SNCF;StopArea:OCE87734301
TN8773430;SNCF;StopPoint:OCECar TER-87734301
TN8773430;SNCF;StopPoint:OCETrain TER-87734301
TN8773430;UIC;8773430
TN8773430;UIC8;87734301
TN8773430;WIKIDATA;Q3097525
TN8773431;OSM;4290857004
TN8773431;SNCF;StopArea:OCE87734319
TN8773431;SNCF;StopPoint:OCECar TER-87734319
TN8773431;SNCF;StopPoint:OCETrain TER-87734319
TN8773431;UIC;8773431
TN8773431;UIC8;87734319
TN8773431;WIKIDATA;Q3096847
TN8773433;OSM;2073097449
TN8773433;SNCF;StopArea:OCE87734335
TN8773433;SNCF;StopPoint:OCECar TER-87734335
TN8773433;SNCF;StopPoint:OCETrain TER-87734335
TN8773433;UIC;8773433
TN8773433;UIC8;87734335
TN8773433;WIKIDATA;Q3097058
TN8773434;OSM;1897014156
TN8773434;SNCF;StopArea:OCE87734343
TN8773434;SNCF;StopPoint:OCECar TER-87734343
TN8773434;SNCF;StopPoint:OCETrain TER-87734343
TN8773434;UIC;8773434
TN8773434;UIC8;87734343
TN8773434;WIKIDATA;Q3096187
TN8773435;OSM;3947473634
TN8773435;SNCF;StopArea:OCE87734350
TN8773435;SNCF;StopPoint:OCECar TER-87734350
TN8773435;SNCF;StopPoint:OCETrain TER-87734350
TN8773435;UIC;8773435
TN8773435;UIC8;87734350
TN8773435;WIKIDATA;Q1935573
TN8773436;OSM;3107840310
TN8773436;SNCF;StopArea:OCE87734368
TN8773436;SNCF;StopPoint:OCECar TER-87734368
TN8773436;SNCF;StopPoint:OCETrain TER-87734368
TN8773436;UIC;8773436
TN8773436;UIC8;87734368
TN8773436;WIKIDATA;Q3096912
TN8773442;OSM;11135865888
TN8773442;SNCF;StopArea:OCE87734426
TN8773442;SNCF;StopPoint:OCECar TER-87734426
TN8773442;SNCF;StopPoint:OCETrain TER-87734426
TN8773442;UIC;8773442
TN8773442;UIC8;87734426
TN8773442;WIKIDATA;Q1983613
TN8773444;OSM;13294191850
TN8773444;SNCF;StopArea:OCE87734442
TN8773444;SNCF;StopPoint:OCECar TER-87734442
TN8773444;SNCF;StopPoint:OCETrain TER-87734442
TN8773444;UIC;8773444
TN8773444;UIC8;87734442
TN8773444;WIKIDATA;Q1921700
TN8773445;OSM;9954919966
TN8773445;SNCF;StopArea:OCE87734459
TN8773445;SNCF;StopPoint:OCECar TER-87734459
TN8773445;SNCF;StopPoint:OCETrain TER-87734459
TN8773445;UIC;8773445
TN8773445;UIC8;87734459
TN8773445;WIKIDATA;Q3097303
TN8773447;OSM;2487106730
TN8773447;SNCF;StopArea:OCE87734475
TN8773447;SNCF;StopPoint:OCECar TER-87734475
TN8773447;SNCF;StopPoint:OCETrain TER-87734475
TN8773447;UIC;8773447
TN8773447;UIC8;87734475
TN8773447;WIKIDATA;Q2691990
TN8773449;SNCF;StopArea:OCE87734491
TN8773449;SNCF;StopPoint:OCECar TER-87734491
TN8773449;UIC;8773449
TN8773449;UIC8;87734491
TN8773467;OSM;9636675510
TN8773467;SNCF;StopArea:OCE87734673
TN8773467;SNCF;StopPoint:OCETrain TER-87734673
TN8773467;UIC;8773467
TN8773467;UIC8;87734673
TN8773467;WIKIDATA;Q3096349
TN8773468;SNCF;StopArea:OCE87734681
TN8773468;SNCF;StopPoint:OCECar TER-87734681
TN8773468;UIC;8773468
TN8773468;UIC8;87734681
TN8773469;OSM;13800157
TN8773469;SNCF;StopArea:OCE87734699
TN8773469;SNCF;StopPoint:OCECar TER-87734699
TN8773469;SNCF;StopPoint:OCETrain TER-87734699
TN8773469;UIC;8773469
TN8773469;UIC8;87734699
TN8773469;WIKIDATA;Q1891124
TN8773470;OSM;9649486831
TN8773470;SNCF;StopArea:OCE87734707
TN8773470;SNCF;StopPoint:OCECar TER-87734707
TN8773470;SNCF;StopPoint:OCETrain TER-87734707
TN8773470;UIC;8773470
TN8773470;UIC8;87734707
TN8773470;WIKIDATA;Q3096866
TN8773471;OSM;9974615380
TN8773471;SNCF;StopArea:OCE87734715
TN8773471;SNCF;StopPoint:OCECar TER-87734715
TN8773471;SNCF;StopPoint:OCETrain TER-87734715
TN8773471;UIC;8773471
TN8773471;UIC8;87734715
TN8773471;WIKIDATA;Q3097634
TN8773472;OSM;9720028954
TN8773472;SNCF;StopArea:OCE87734723
TN8773472;SNCF;StopPoint:OCECar TER-87734723
TN8773472;SNCF;StopPoint:OCETrain TER-87734723
TN8773472;UIC;8773472
TN8773472;UIC8;87734723
TN8773472;WIKIDATA;Q3098038
TN8773473;OSM;3308075543
TN8773473;SNCF;StopArea:OCE87734731
TN8773473;SNCF;StopPoint:OCECar TER-87734731
TN8773473;SNCF;StopPoint:OCETrain TER-87734731
TN8773473;UIC;8773473
TN8773473;UIC8;87734731
TN8773473;WIKIDATA;Q3096170
TN8773474;OSM;9720179063
TN8773474;SNCF;StopArea:OCE87734749
TN8773474;SNCF;StopPoint:OCECar TER-87734749
TN8773474;SNCF;StopPoint:OCETrain TER-87734749
TN8773474;UIC;8773474
TN8773474;UIC8;87734749
TN8773474;WIKIDATA;Q3097397
TN8773487;OSM;1691821540
TN8773487;SNCF;StopArea:OCE87734871
TN8773487;SNCF;StopPoint:OCECar TER-87734871
TN8773487;SNCF;StopPoint:OCEINTERCITES-87734871
TN8773487;SNCF;StopPoint:OCETrain TER-87734871
TN8773487;UIC;8773487
TN8773487;UIC8;87734871
TN8773487;WIKIDATA;Q2599851
TN8773552;SNCF;StopArea:OCE87735522
TN8773552;SNCF;StopPoint:OCECar TER-87735522
TN8773552;UIC;8773552
TN8773552;UIC8;87735522
TN8773741;SNCF;StopArea:OCE87737411
TN8773741;SNCF;StopPoint:OCECar TER-87737411
TN8773741;UIC;8773741
TN8773741;UIC8;87737411
TN8773742;SNCF;StopArea:OCE87737429
TN8773742;SNCF;StopPoint:OCECar TER-87737429
TN8773742;UIC;8773742
TN8773742;UIC8;87737429
TN8773758;SNCF;StopArea:OCE87737585
TN8773758;SNCF;StopPoint:OCECar TER-87737585
TN8773758;UIC;8773758
TN8773758;UIC8;87737585
TN8773759;SNCF;StopArea:OCE87737593
TN8773759;SNCF;StopPoint:OCECar TER-87737593
TN8773759;UIC;8773759
TN8773759;UIC8;87737593
TN8773766;SNCF;StopArea:OCE87737668
TN8773766;SNCF;StopPoint:OCECar TER-87737668
TN8773766;UIC;8773766
TN8773766;UIC8;87737668
TN8773767;SNCF;StopArea:OCE87737676
TN8773767;SNCF;StopPoint:OCECar TER-87737676
TN8773767;UIC;8773767
TN8773767;UIC8;87737676
TN8773768;SNCF;StopArea:OCE87737684
TN8773768;SNCF;StopPoint:OCECar TER-87737684
TN8773768;UIC;8773768
TN8773768;UIC8;87737684
TN8773769;SNCF;StopArea:OCE87737692
TN8773769;SNCF;StopPoint:OCECar TER-87737692
TN8773769;UIC;8773769
TN8773769;UIC8;87737692
TN8773770;SNCF;StopArea:OCE87737700
TN8773770;SNCF;StopPoint:OCECar TER-87737700
TN8773770;UIC;8773770
TN8773770;UIC8;87737700
TN8773771;SNCF;StopArea:OCE87737718
TN8773771;SNCF;StopPoint:OCECar TER-87737718
TN8773771;UIC;8773771
TN8773771;UIC8;87737718
TN8773773;SNCF;StopArea:OCE87737734
TN8773773;SNCF;StopPoint:OCECar TER-87737734
TN8773773;UIC;8773773
TN8773773;UIC8;87737734
TN8773809;OSM;10948825437
TN8773809;SNCF;StopArea:OCE87738096
TN8773809;SNCF;StopPoint:OCECar TER-87738096
TN8773809;SNCF;StopPoint:OCETrain TER-87738096
TN8773809;UIC;8773809
TN8773809;UIC8;87738096
TN8773809;WIKIDATA;Q116240835
TN8773996;SNCF;StopArea:OCE87739961
TN8773996;SNCF;StopPoint:OCECar TER-87739961
TN8773996;UIC;8773996
TN8773996;UIC8;87739961
TN8774100;OSM;5066478129
TN8774100;SNCF;StopArea:OCE87741009
TN8774100;SNCF;StopPoint:OCECar TER-87741009
TN8774100;SNCF;StopPoint:OCETGV INOUI-87741009
TN8774100;SNCF;StopPoint:OCETrain TER-87741009
TN8774100;UIC;8774100
TN8774100;UIC8;87741009
TN8774100;WIKIDATA;Q3096183
TN8774107;OSM;5071073125
TN8774107;SNCF;StopArea:OCE87741074
TN8774107;SNCF;StopPoint:OCECar TER-87741074
TN8774107;SNCF;StopPoint:OCETrain TER-87741074
TN8774107;UIC;8774107
TN8774107;UIC8;87741074
TN8774107;WIKIDATA;Q2444752
TN8774110;OSM;10341205831
TN8774110;SNCF;StopArea:OCE87741108
TN8774110;SNCF;StopPoint:OCECar TER-87741108
TN8774110;SNCF;StopPoint:OCETrain TER-87741108
TN8774110;UIC;8774110
TN8774110;UIC8;87741108
TN8774110;WIKIDATA;Q650959
TN8774111;SNCF;StopArea:OCE87741116
TN8774111;SNCF;StopPoint:OCECar TER-87741116
TN8774111;SNCF;StopPoint:OCETrain TER-87741116
TN8774111;UIC;8774111
TN8774111;UIC8;87741116
TN8774113;OSM;5071070558
TN8774113;SNCF;StopArea:OCE87741132
TN8774113;SNCF;StopPoint:OCECar TER-87741132
TN8774113;SNCF;StopPoint:OCETGV INOUI-87741132
TN8774113;SNCF;StopPoint:OCETrain TER-87741132
TN8774113;UIC;8774113
TN8774113;UIC8;87741132
TN8774113;WIKIDATA;Q3095602
TN8774114;SNCF;StopArea:OCE87741140
TN8774114;SNCF;StopPoint:OCECar TER-87741140
TN8774114;SNCF;StopPoint:OCETrain TER-87741140
TN8774114;UIC;8774114
TN8774114;UIC8;87741140
TN8774118;OSM;9924581786
TN8774118;SNCF;StopArea:OCE87741181
TN8774118;SNCF;StopPoint:OCECar TER-87741181
TN8774118;SNCF;StopPoint:OCETrain TER-87741181
TN8774118;UIC;8774118
TN8774118;UIC8;87741181
TN8774118;WIKIDATA;Q3097088
TN8774122;OSM;9924581787
TN8774122;SNCF;StopArea:OCE87741223
TN8774122;SNCF;StopPoint:OCECar TER-87741223
TN8774122;SNCF;StopPoint:OCETrain TER-87741223
TN8774122;UIC;8774122
TN8774122;UIC8;87741223
TN8774122;WIKIDATA;Q2121593
TN8774123;OSM;2426817185
TN8774123;SNCF;StopArea:OCE87741231
TN8774123;SNCF;StopPoint:OCECar TER-87741231
TN8774123;SNCF;StopPoint:OCETrain TER-87741231
TN8774123;UIC;8774123
TN8774123;UIC8;87741231
TN8774123;WIKIDATA;Q2033374
TN8774124;SNCF;StopArea:OCE87741249
TN8774124;SNCF;StopPoint:OCECar TER-87741249
TN8774124;UIC;8774124
TN8774124;UIC8;87741249
TN8774125;OSM;9924581788
TN8774125;SNCF;StopArea:OCE87741256
TN8774125;SNCF;StopPoint:OCECar TER-87741256
TN8774125;SNCF;StopPoint:OCETrain TER-87741256
TN8774125;UIC;8774125
TN8774125;UIC8;87741256
TN8774125;WIKIDATA;Q2758131
TN8774127;SNCF;StopArea:OCE87741272
TN8774127;SNCF;StopPoint:OCECar TER-87741272
TN8774127;UIC;8774127
TN8774127;UIC8;87741272
TN8774128;OSM;9924581789
TN8774128;SNCF;StopArea:OCE87741280
TN8774128;SNCF;StopPoint:OCECar TER-87741280
TN8774128;SNCF;StopPoint:OCETrain TER-87741280
TN8774128;UIC;8774128
TN8774128;UIC8;87741280
TN8774128;WIKIDATA;Q3095873
TN8774129;SNCF;StopArea:OCE87741298
TN8774129;SNCF;StopPoint:OCECar TER-87741298
TN8774129;UIC;8774129
TN8774129;UIC8;87741298
TN8774130;OSM;9911267225
TN8774130;SNCF;StopArea:OCE87741306
TN8774130;SNCF;StopPoint:OCECar TER-87741306
TN8774130;SNCF;StopPoint:OCETGV INOUI-87741306
TN8774130;SNCF;StopPoint:OCETrain TER-87741306
TN8774130;UIC;8774130
TN8774130;UIC8;87741306
TN8774130;WIKIDATA;Q1879855
TN8774142;OSM;9913919878
TN8774142;SNCF;StopArea:OCE87741421
TN8774142;SNCF;StopPoint:OCETrain TER-87741421
TN8774142;UIC;8774142
TN8774142;UIC8;87741421
TN8774142;WIKIDATA;Q2381767
TN8774143;OSM;9913919877
TN8774143;SNCF;StopArea:OCE87741439
TN8774143;SNCF;StopPoint:OCECar TER-87741439
TN8774143;SNCF;StopPoint:OCETrain TER-87741439
TN8774143;UIC;8774143
TN8774143;UIC8;87741439
TN8774143;WIKIDATA;Q2500969
TN8774144;SNCF;StopArea:OCE87741447
TN8774144;SNCF;StopPoint:OCECar TER-87741447
TN8774144;UIC;8774144
TN8774144;UIC8;87741447
TN8774145;OSM;9913919876
TN8774145;SNCF;StopArea:OCE87741454
TN8774145;SNCF;StopPoint:OCECar TER-87741454
TN8774145;SNCF;StopPoint:OCETrain TER-87741454
TN8774145;UIC;8774145
TN8774145;UIC8;87741454
TN8774145;WIKIDATA;Q3097504
TN8774146;SNCF;StopArea:OCE87741462
TN8774146;SNCF;StopPoint:OCECar TER-87741462
TN8774146;UIC;8774146
TN8774146;UIC8;87741462
TN8774147;OSM;9913919875
TN8774147;SNCF;StopArea:OCE87741470
TN8774147;SNCF;StopPoint:OCECar TER-87741470
TN8774147;SNCF;StopPoint:OCETrain TER-87741470
TN8774147;UIC;8774147
TN8774147;UIC8;87741470
TN8774147;WIKIDATA;Q2462692
TN8774149;OSM;9913919874
TN8774149;SNCF;StopArea:OCE87741496
TN8774149;SNCF;StopPoint:OCECar TER-87741496
TN8774149;SNCF;StopPoint:OCETrain TER-87741496
TN8774149;UIC;8774149
TN8774149;UIC8;87741496
TN8774149;WIKIDATA;Q642288
TN8774150;OSM;9911095780
TN8774150;SNCF;StopArea:OCE87741504
TN8774150;SNCF;StopPoint:OCECar TER-87741504
TN8774150;SNCF;StopPoint:OCETrain TER-87741504
TN8774150;UIC;8774150
TN8774150;UIC8;87741504
TN8774150;WIKIDATA;Q3098019
TN8774161;OSM;3080728380
TN8774161;SNCF;StopArea:OCE87741611
TN8774161;SNCF;StopPoint:OCECar TER-87741611
TN8774161;SNCF;StopPoint:OCETrain TER-87741611
TN8774161;UIC;8774161
TN8774161;UIC8;87741611
TN8774161;WIKIDATA;Q3096591
TN8774162;SNCF;StopArea:OCE87741629
TN8774162;SNCF;StopPoint:OCECar TER-87741629
TN8774162;SNCF;StopPoint:OCETrain TER-87741629
TN8774162;UIC;8774162
TN8774162;UIC8;87741629
TN8774164;OSM;3080728368
TN8774164;SNCF;StopArea:OCE87741645
TN8774164;SNCF;StopPoint:OCECar TER-87741645
TN8774164;SNCF;StopPoint:OCEOUIGO-87741645
TN8774164;SNCF;StopPoint:OCETGV INOUI-87741645
TN8774164;SNCF;StopPoint:OCETrain TER-87741645
TN8774164;UIC;8774164
TN8774164;UIC8;87741645
TN8774164;WIKIDATA;Q2905334
TN8774167;SNCF;StopArea:OCE87741678
TN8774167;SNCF;StopPoint:OCECar TER-87741678
TN8774167;UIC;8774167
TN8774167;UIC8;87741678
TN8774168;SNCF;StopArea:OCE87741686
TN8774168;SNCF;StopPoint:OCECar TER-87741686
TN8774168;UIC;8774168
TN8774168;UIC8;87741686
TN8774169;SNCF;StopArea:OCE87741694
TN8774169;SNCF;StopPoint:OCECar TER-87741694
TN8774169;SNCF;StopPoint:OCETrain TER-87741694
TN8774169;UIC;8774169
TN8774169;UIC8;87741694
TN8774170;SNCF;StopArea:OCE87741702
TN8774170;SNCF;StopPoint:OCECar TER-87741702
TN8774170;UIC;8774170
TN8774170;UIC8;87741702
TN8774171;SNCF;StopArea:OCE87741710
TN8774171;SNCF;StopPoint:OCECar TER-87741710
TN8774171;UIC;8774171
TN8774171;UIC8;87741710
TN8774172;OSM;9911451819
TN8774172;SNCF;StopArea:OCE87741728
TN8774172;SNCF;StopPoint:OCECar TER-87741728
TN8774172;SNCF;StopPoint:OCEOUIGO-87741728
TN8774172;SNCF;StopPoint:OCETGV INOUI-87741728
TN8774172;SNCF;StopPoint:OCETrain TER-87741728
TN8774172;UIC;8774172
TN8774172;UIC8;87741728
TN8774172;WIKIDATA;Q3097131
TN8774176;OSM;9911451821
TN8774176;SNCF;StopArea:OCE87741769
TN8774176;SNCF;StopPoint:OCECar TER-87741769
TN8774176;SNCF;StopPoint:OCEOUIGO-87741769
TN8774176;SNCF;StopPoint:OCETGV INOUI-87741769
TN8774176;SNCF;StopPoint:OCETrain TER-87741769
TN8774176;UIC;8774176
TN8774176;UIC8;87741769
TN8774176;WIKIDATA;Q2653180
TN8774177;OSM;9911451822
TN8774177;SNCF;StopArea:OCE87741777
TN8774177;SNCF;StopPoint:OCECar TER-87741777
TN8774177;SNCF;StopPoint:OCETGV INOUI-87741777
TN8774177;SNCF;StopPoint:OCETrain TER-87741777
TN8774177;UIC;8774177
TN8774177;UIC8;87741777
TN8774177;WIKIDATA;Q2783838
TN8774179;OSM;3080728371
TN8774179;SNCF;StopArea:OCE87741793
TN8774179;SNCF;StopPoint:OCECar TER-87741793
TN8774179;SNCF;StopPoint:OCEOUIGO-87741793
TN8774179;SNCF;StopPoint:OCETGV INOUI-87741793
TN8774179;SNCF;StopPoint:OCETrain TER-87741793
TN8774179;UIC;8774179
TN8774179;UIC8;87741793
TN8774179;WIKIDATA;Q2003411
TN8774200;OSM;11599419549
TN8774200;SNCF;StopArea:OCE87742007
TN8774200;SNCF;StopPoint:OCECar TER-87742007
TN8774200;SNCF;StopPoint:OCETGV INOUI-87742007
TN8774200;SNCF;StopPoint:OCETrain TER-87742007
TN8774200;UIC;8774200
TN8774200;UIC8;87742007
TN8774200;WIKIDATA;Q2767199
TN8774201;SNCF;StopArea:OCE87742015
TN8774201;SNCF;StopPoint:OCECar TER-87742015
TN8774201;UIC;8774201
TN8774201;UIC8;87742015
TN8774205;SNCF;StopArea:OCE87742056
TN8774205;SNCF;StopPoint:OCECar TER-87742056
TN8774205;UIC;8774205
TN8774205;UIC8;87742056
TN8774219;SNCF;StopArea:OCE87742197
TN8774219;SNCF;StopPoint:OCECar TER-87742197
TN8774219;UIC;8774219
TN8774219;UIC8;87742197
TN8774223;SNCF;StopArea:OCE87742239
TN8774223;SNCF;StopPoint:OCECar TER-87742239
TN8774223;UIC;8774223
TN8774223;UIC8;87742239
TN8774224;SNCF;StopArea:OCE87742247
TN8774224;SNCF;StopPoint:OCECar TER-87742247
TN8774224;UIC;8774224
TN8774224;UIC8;87742247
TN8774225;SNCF;StopArea:OCE87742254
TN8774225;SNCF;StopPoint:OCECar TER-87742254
TN8774225;UIC;8774225
TN8774225;UIC8;87742254
TN8774226;OSM;10257977597
TN8774226;SNCF;StopArea:OCE87742262
TN8774226;SNCF;StopPoint:OCECar TER-87742262
TN8774226;SNCF;StopPoint:OCETrain TER-87742262
TN8774226;UIC;8774226
TN8774226;UIC8;87742262
TN8774226;WIKIDATA;Q116938148
TN8774232;OSM;9911267224
TN8774232;SNCF;StopArea:OCE87742320
TN8774232;SNCF;StopPoint:OCECar TER-87742320
TN8774232;SNCF;StopPoint:OCETGV INOUI-87742320
TN8774232;SNCF;StopPoint:OCETrain TER-87742320
TN8774232;UIC;8774232
TN8774232;UIC8;87742320
TN8774232;WIKIDATA;Q3097549
TN8774236;OSM;9911267223
TN8774236;SNCF;StopArea:OCE87742361
TN8774236;SNCF;StopPoint:OCECar TER-87742361
TN8774236;SNCF;StopPoint:OCETGV INOUI-87742361
TN8774236;SNCF;StopPoint:OCETrain TER-87742361
TN8774236;UIC;8774236
TN8774236;UIC8;87742361
TN8774236;WIKIDATA;Q980154
TN8774300;OSM;2529744506
TN8774300;SNCF;StopArea:OCE87743005
TN8774300;SNCF;StopPoint:OCECar TER-87743005
TN8774300;SNCF;StopPoint:OCELyria-87743005
TN8774300;SNCF;StopPoint:OCETrain TER-87743005
TN8774300;UIC;8774300
TN8774300;UIC8;87743005
TN8774300;WIKIDATA;Q3096043
TN8774310;SNCF;StopArea:OCE87743104
TN8774310;SNCF;StopPoint:OCECar TER-87743104
TN8774310;UIC;8774310
TN8774310;UIC8;87743104
TN8774311;OSM;9803530040
TN8774311;SNCF;StopArea:OCE87743112
TN8774311;SNCF;StopPoint:OCETrain TER-87743112
TN8774311;UIC;8774311
TN8774311;UIC8;87743112
TN8774311;WIKIDATA;Q2010435
TN8774312;OSM;2529744527
TN8774312;SNCF;StopArea:OCE87743120
TN8774312;SNCF;StopPoint:OCECar TER-87743120
TN8774312;SNCF;StopPoint:OCETrain TER-87743120
TN8774312;UIC;8774312
TN8774312;UIC8;87743120
TN8774312;WIKIDATA;Q2330039
TN8774314;OSM;2529744500
TN8774314;SNCF;StopArea:OCE87743146
TN8774314;SNCF;StopPoint:OCETrain TER-87743146
TN8774314;UIC;8774314
TN8774314;UIC8;87743146
TN8774314;WIKIDATA;Q2876103
TN8774330;OSM;6728230014
TN8774330;SNCF;StopArea:OCE87743302
TN8774330;SNCF;StopPoint:OCETrain TER-87743302
TN8774330;UIC;8774330
TN8774330;UIC8;87743302
TN8774330;WIKIDATA;Q2010865
TN8774332;OSM;6728186308
TN8774332;SNCF;StopArea:OCE87743328
TN8774332;SNCF;StopPoint:OCETrain TER-87743328
TN8774332;UIC;8774332
TN8774332;UIC8;87743328
TN8774332;WIKIDATA;Q1947731
TN8774333;OSM;6728233993
TN8774333;SNCF;StopArea:OCE87743336
TN8774333;SNCF;StopPoint:OCETrain TER-87743336
TN8774333;UIC;8774333
TN8774333;UIC8;87743336
TN8774333;WIKIDATA;Q2679597
TN8774334;OSM;6728233992
TN8774334;SNCF;StopArea:OCE87743344
TN8774334;SNCF;StopPoint:OCETrain TER-87743344
TN8774334;UIC;8774334
TN8774334;UIC8;87743344
TN8774334;WIKIDATA;Q2281639
TN8774335;OSM;2494019283
TN8774335;SNCF;StopArea:OCE87743351
TN8774335;SNCF;StopPoint:OCECar TER-87743351
TN8774335;SNCF;StopPoint:OCELyria-87743351
TN8774335;SNCF;StopPoint:OCETrain TER-87743351
TN8774335;UIC;8774335
TN8774335;UIC8;87743351
TN8774335;WIKIDATA;Q2945500
TN8774352;OSM;283558010
TN8774352;SNCF;StopArea:OCE87743526
TN8774352;SNCF;StopPoint:OCETrain TER-87743526
TN8774352;UIC;8774352
TN8774352;UIC8;87743526
TN8774352;WIKIDATA;Q2107415
TN8774353;OSM;2494019284
TN8774353;SNCF;StopArea:OCE87743534
TN8774353;SNCF;StopPoint:OCECar TER-87743534
TN8774353;SNCF;StopPoint:OCETrain TER-87743534
TN8774353;UIC;8774353
TN8774353;UIC8;87743534
TN8774353;WIKIDATA;Q2151859
TN8774359;SNCF;StopArea:OCE87743591
TN8774359;SNCF;StopPoint:OCECar TER-87743591
TN8774359;UIC;8774359
TN8774359;UIC8;87743591
TN8774363;OSM;4237477262
TN8774363;SNCF;StopArea:OCE87743633
TN8774363;SNCF;StopPoint:OCECar TER-87743633
TN8774363;SNCF;StopPoint:OCETrain TER-87743633
TN8774363;UIC;8774363
TN8774363;UIC8;87743633
TN8774363;WIKIDATA;Q2519419
TN8774369;SNCF;StopArea:OCE87743690
TN8774369;SNCF;StopPoint:OCECar à réservation-87743690
TN8774369;UIC;8774369
TN8774369;UIC8;87743690
TN8774371;SNCF;StopArea:OCE87743716
TN8774371;SNCF;StopPoint:OCECar TER-87743716
TN8774371;SNCF;StopPoint:OCETrain TER-87743716
TN8774371;UIC;8774371
TN8774371;UIC8;87743716
TN8774374;SNCF;StopArea:OCE87743740
TN8774374;SNCF;StopPoint:OCECar TER-87743740
TN8774374;SNCF;StopPoint:OCETrain TER-87743740
TN8774374;UIC;8774374
TN8774374;UIC8;87743740
TN8774375;OSM;9911095782
TN8774375;SNCF;StopArea:OCE87743757
TN8774375;SNCF;StopPoint:OCECar TER-87743757
TN8774375;SNCF;StopPoint:OCETrain TER-87743757
TN8774375;UIC;8774375
TN8774375;UIC8;87743757
TN8774375;WIKIDATA;Q2049910
TN8774387;OSM;11150265339
TN8774387;SNCF;StopArea:OCE87743872
TN8774387;SNCF;StopPoint:OCETrain TER-87743872
TN8774387;UIC;8774387
TN8774387;UIC8;87743872
TN8774387;WIKIDATA;Q97293085
TN8774401;SNCF;StopArea:OCE87744011
TN8774401;SNCF;StopPoint:OCECar TER-87744011
TN8774401;UIC;8774401
TN8774401;UIC8;87744011
TN8774407;SNCF;StopArea:OCE87744078
TN8774407;SNCF;StopPoint:OCETrain TER-87744078
TN8774407;UIC;8774407
TN8774407;UIC8;87744078
TN8774417;SNCF;StopArea:OCE87744177
TN8774417;SNCF;StopPoint:OCETrain TER-87744177
TN8774417;UIC;8774417
TN8774417;UIC8;87744177
TN8774423;SNCF;StopArea:OCE87744235
TN8774423;SNCF;StopPoint:OCECar TER-87744235
TN8774423;UIC;8774423
TN8774423;UIC8;87744235
TN8774424;SNCF;StopArea:OCE87744243
TN8774424;SNCF;StopPoint:OCECar TER-87744243
TN8774424;UIC;8774424
TN8774424;UIC8;87744243
TN8774492;SNCF;StopArea:OCE87744920
TN8774492;SNCF;StopPoint:OCECar TER-87744920
TN8774492;UIC;8774492
TN8774492;UIC8;87744920
TN8774500;OSM;5066506648
TN8774500;SNCF;StopArea:OCE87745000
TN8774500;SNCF;StopPoint:OCECar TER-87745000
TN8774500;SNCF;StopPoint:OCELyria-87745000
TN8774500;SNCF;StopPoint:OCETGV INOUI-87745000
TN8774500;SNCF;StopPoint:OCETrain TER-87745000
TN8774500;UIC;8774500
TN8774500;UIC8;87745000
TN8774500;WIKIDATA;Q3095950
TN8774538;SNCF;StopArea:OCE87745380
TN8774538;SNCF;StopPoint:OCETrain TER-87745380
TN8774538;UIC;8774538
TN8774538;UIC8;87745380
TN8774541;OSM;4290859694
TN8774541;SNCF;StopArea:OCE87745414
TN8774541;SNCF;StopPoint:OCECar TER-87745414
TN8774541;SNCF;StopPoint:OCETrain TER-87745414
TN8774541;UIC;8774541
TN8774541;UIC8;87745414
TN8774541;WIKIDATA;Q3097926
TN8774543;OSM;9911095779
TN8774543;SNCF;StopArea:OCE87745430
TN8774543;SNCF;StopPoint:OCECar TER-87745430
TN8774543;SNCF;StopPoint:OCETrain TER-87745430
TN8774543;UIC;8774543
TN8774543;UIC8;87745430
TN8774543;WIKIDATA;Q2378019
TN8774549;OSM;3457256296
TN8774549;SNCF;StopArea:OCE87745497
TN8774549;SNCF;StopPoint:OCECar TER-87745497
TN8774549;SNCF;StopPoint:OCETGV INOUI-87745497
TN8774549;SNCF;StopPoint:OCETrain TER-87745497
TN8774549;UIC;8774549
TN8774549;UIC8;87745497
TN8774549;WIKIDATA;Q2130915
TN8774558;OSM;4290857020
TN8774558;SNCF;StopArea:OCE87745588
TN8774558;SNCF;StopPoint:OCECar TER-87745588
TN8774558;SNCF;StopPoint:OCETrain TER-87745588
TN8774558;UIC;8774558
TN8774558;UIC8;87745588
TN8774558;WIKIDATA;Q3096946
TN8774559;OSM;7093398419
TN8774559;SNCF;StopArea:OCE87745596
TN8774559;SNCF;StopPoint:OCECar TER-87745596
TN8774559;SNCF;StopPoint:OCETrain TER-87745596
TN8774559;UIC;8774559
TN8774559;UIC8;87745596
TN8774559;WIKIDATA;Q2199856
TN8774562;OSM;3081154420
TN8774562;SNCF;StopArea:OCE87745620
TN8774562;SNCF;StopPoint:OCECar TER-87745620
TN8774562;SNCF;StopPoint:OCETrain TER-87745620
TN8774562;UIC;8774562
TN8774562;UIC8;87745620
TN8774562;WIKIDATA;Q2859532
TN8774564;OSM;7093398420
TN8774564;SNCF;StopArea:OCE87745646
TN8774564;SNCF;StopPoint:OCECar TER-87745646
TN8774564;SNCF;StopPoint:OCETGV INOUI-87745646
TN8774564;SNCF;StopPoint:OCETrain TER-87745646
TN8774564;UIC;8774564
TN8774564;UIC8;87745646
TN8774564;WIKIDATA;Q1870688
TN8774567;OSM;3081154460
TN8774567;SNCF;StopArea:OCE87745679
TN8774567;SNCF;StopPoint:OCECar TER-87745679
TN8774567;SNCF;StopPoint:OCETGV INOUI-87745679
TN8774567;SNCF;StopPoint:OCETrain TER-87745679
TN8774567;UIC;8774567
TN8774567;UIC8;87745679
TN8774567;WIKIDATA;Q1949828
TN8774582;OSM;7244798012
TN8774582;SNCF;StopArea:OCE87745828
TN8774582;SNCF;StopPoint:OCETrain TER-87745828
TN8774582;UIC;8774582
TN8774582;UIC8;87745828
TN8774582;WIKIDATA;Q2388669
TN8774600;OSM;5061961433
TN8774600;SNCF;StopArea:OCE87746008
TN8774600;SNCF;StopPoint:OCECar TER-87746008
TN8774600;SNCF;StopPoint:OCETGV INOUI-87746008
TN8774600;SNCF;StopPoint:OCETrain TER-87746008
TN8774600;UIC;8774600
TN8774600;UIC8;87746008
TN8774600;WIKIDATA;Q2043382
TN8774610;SNCF;StopArea:OCE87746107
TN8774610;SNCF;StopPoint:OCETrain TER-87746107
TN8774610;UIC;8774610
TN8774610;UIC8;87746107
TN8774611;OSM;13397787400
TN8774611;SNCF;StopArea:OCE87746115
TN8774611;SNCF;StopPoint:OCECar TER-87746115
TN8774611;SNCF;StopPoint:OCETrain TER-87746115
TN8774611;UIC;8774611
TN8774611;UIC8;87746115
TN8774614;OSM;9914205232
TN8774614;SNCF;StopArea:OCE87746149
TN8774614;SNCF;StopPoint:OCECar TER-87746149
TN8774614;SNCF;StopPoint:OCETrain TER-87746149
TN8774614;UIC;8774614
TN8774614;UIC8;87746149
TN8774614;WIKIDATA;Q919584
TN8774620;OSM;7093491696
TN8774620;SNCF;StopArea:OCE87746206
TN8774620;SNCF;StopPoint:OCECar TER-87746206
TN8774620;SNCF;StopPoint:OCETrain TER-87746206
TN8774620;UIC;8774620
TN8774620;UIC8;87746206
TN8774620;WIKIDATA;Q2448329
TN8774624;SNCF;StopArea:OCE87746248
TN8774624;SNCF;StopPoint:OCECar TER-87746248
TN8774624;SNCF;StopPoint:OCETrain TER-87746248
TN8774624;UIC;8774624
TN8774624;UIC8;87746248
TN8774630;OSM;7093491697
TN8774630;SNCF;StopArea:OCE87746305
TN8774630;SNCF;StopPoint:OCECar TER-87746305
TN8774630;SNCF;StopPoint:OCETrain TER-87746305
TN8774630;UIC;8774630
TN8774630;UIC8;87746305
TN8774630;WIKIDATA;Q2174337
TN8774631;OSM;9911035460
TN8774631;SNCF;StopArea:OCE87746313
TN8774631;SNCF;StopPoint:OCECar TER-87746313
TN8774631;SNCF;StopPoint:OCETrain TER-87746313
TN8774631;UIC;8774631
TN8774631;UIC8;87746313
TN8774631;WIKIDATA;Q3097597
TN8774633;OSM;9911035461
TN8774633;SNCF;StopArea:OCE87746339
TN8774633;SNCF;StopPoint:OCECar TER-87746339
TN8774633;SNCF;StopPoint:OCETrain TER-87746339
TN8774633;UIC;8774633
TN8774633;UIC8;87746339
TN8774633;WIKIDATA;Q2055245
TN8774634;OSM;9911035462
TN8774634;SNCF;StopArea:OCE87746347
TN8774634;SNCF;StopPoint:OCECar TER-87746347
TN8774634;SNCF;StopPoint:OCETrain TER-87746347
TN8774634;UIC;8774634
TN8774634;UIC8;87746347
TN8774634;WIKIDATA;Q3096976
TN8774637;OSM;9910179801
TN8774637;SNCF;StopArea:OCE87746370
TN8774637;SNCF;StopPoint:OCECar TER-87746370
TN8774637;SNCF;StopPoint:OCETGV INOUI-87746370
TN8774637;SNCF;StopPoint:OCETrain TER-87746370
TN8774637;UIC;8774637
TN8774637;UIC8;87746370
TN8774637;WIKIDATA;Q743022
TN8774641;OSM;9911035459
TN8774641;SNCF;StopArea:OCE87746412
TN8774641;SNCF;StopPoint:OCECar TER-87746412
TN8774641;SNCF;StopPoint:OCETrain TER-87746412
TN8774641;UIC;8774641
TN8774641;UIC8;87746412
TN8774641;WIKIDATA;Q3096951
TN8774643;OSM;7092816881
TN8774643;SNCF;StopArea:OCE87746438
TN8774643;SNCF;StopPoint:OCECar TER-87746438
TN8774643;SNCF;StopPoint:OCETGV INOUI-87746438
TN8774643;SNCF;StopPoint:OCETrain TER-87746438
TN8774643;UIC;8774643
TN8774643;UIC8;87746438
TN8774643;WIKIDATA;Q2533028
TN8774647;OSM;7092852440
TN8774647;SNCF;StopArea:OCE87746479
TN8774647;SNCF;StopPoint:OCECar TER-87746479
TN8774647;SNCF;StopPoint:OCETGV INOUI-87746479
TN8774647;SNCF;StopPoint:OCETrain TER-87746479
TN8774647;UIC;8774647
TN8774647;UIC8;87746479
TN8774647;WIKIDATA;Q1996450
TN8774651;OSM;7093491698
TN8774651;SNCF;StopArea:OCE87746511
TN8774651;SNCF;StopPoint:OCECar TER-87746511
TN8774651;SNCF;StopPoint:OCETrain TER-87746511
TN8774651;UIC;8774651
TN8774651;UIC8;87746511
TN8774651;WIKIDATA;Q3097389
TN8774670;SNCF;StopArea:OCE87746701
TN8774670;SNCF;StopPoint:OCETrain TER-87746701
TN8774670;UIC;8774670
TN8774670;UIC8;87746701
TN8774671;SNCF;StopArea:OCE87746719
TN8774671;SNCF;StopPoint:OCECar TER-87746719
TN8774671;SNCF;StopPoint:OCETrain TER-87746719
TN8774671;UIC;8774671
TN8774671;UIC8;87746719
TN8774672;OSM;1400465420
TN8774672;SNCF;StopArea:OCE87746727
TN8774672;SNCF;StopPoint:OCETrain TER-87746727
TN8774672;UIC;8774672
TN8774672;UIC8;87746727
TN8774672;WIKIDATA;Q2913384
TN8774673;OSM;800734277
TN8774673;SNCF;StopArea:OCE87746735
TN8774673;SNCF;StopPoint:OCETrain TER-87746735
TN8774673;UIC;8774673
TN8774673;UIC8;87746735
TN8774673;WIKIDATA;Q3098247
TN8774674;SNCF;StopArea:OCE87746743
TN8774674;SNCF;StopPoint:OCECar TER-87746743
TN8774674;SNCF;StopPoint:OCETrain TER-87746743
TN8774674;UIC;8774674
TN8774674;UIC8;87746743
TN8774675;OSM;800821346
TN8774675;SNCF;StopArea:OCE87746750
TN8774675;SNCF;StopPoint:OCECar TER-87746750
TN8774675;SNCF;StopPoint:OCETrain TER-87746750
TN8774675;UIC;8774675
TN8774675;UIC8;87746750
TN8774676;SNCF;StopArea:OCE87746768
TN8774676;SNCF;StopPoint:OCECar TER-87746768
TN8774676;SNCF;StopPoint:OCETrain TER-87746768
TN8774676;UIC;8774676
TN8774676;UIC8;87746768
TN8774677;SNCF;StopArea:OCE87746776
TN8774677;SNCF;StopPoint:OCECar TER-87746776
TN8774677;SNCF;StopPoint:OCETrain TER-87746776
TN8774677;UIC;8774677
TN8774677;UIC8;87746776
TN8774678;SNCF;StopArea:OCE87746784
TN8774678;SNCF;StopPoint:OCECar TER-87746784
TN8774678;SNCF;StopPoint:OCETrain TER-87746784
TN8774678;UIC;8774678
TN8774678;UIC8;87746784
TN8774679;SNCF;StopArea:OCE87746792
TN8774679;SNCF;StopPoint:OCECar TER-87746792
TN8774679;UIC;8774679
TN8774679;UIC8;87746792
TN8774680;SNCF;StopArea:OCE87746800
TN8774680;SNCF;StopPoint:OCECar TER-87746800
TN8774680;UIC;8774680
TN8774680;UIC8;87746800
TN8774681;OSM;246119381
TN8774681;SNCF;StopArea:OCE87746818
TN8774681;SNCF;StopPoint:OCECar TER-87746818
TN8774681;SNCF;StopPoint:OCETrain TER-87746818
TN8774681;UIC;8774681
TN8774681;UIC8;87746818
TN8774682;OSM;275367386
TN8774682;SNCF;StopArea:OCE87746826
TN8774682;SNCF;StopPoint:OCECar TER-87746826
TN8774682;SNCF;StopPoint:OCETrain TER-87746826
TN8774682;UIC;8774682
TN8774682;UIC8;87746826
TN8774682;WIKIDATA;Q2189243
TN8774683;SNCF;StopArea:OCE87746834
TN8774683;SNCF;StopPoint:OCECar TER-87746834
TN8774683;SNCF;StopPoint:OCETrain TER-87746834
TN8774683;UIC;8774683
TN8774683;UIC8;87746834
TN8774684;OSM;1398912476
TN8774684;SNCF;StopArea:OCE87746842
TN8774684;SNCF;StopPoint:OCETrain TER-87746842
TN8774684;UIC;8774684
TN8774684;UIC8;87746842
TN8774685;SNCF;StopArea:OCE87746859
TN8774685;SNCF;StopPoint:OCECar TER-87746859
TN8774685;SNCF;StopPoint:OCETrain TER-87746859
TN8774685;UIC;8774685
TN8774685;UIC8;87746859
TN8774686;SNCF;StopArea:OCE87746867
TN8774686;SNCF;StopPoint:OCETrain TER-87746867
TN8774686;UIC;8774686
TN8774686;UIC8;87746867
TN8774687;OSM;9543361428
TN8774687;SNCF;StopArea:OCE87746875
TN8774687;SNCF;StopPoint:OCECar TER-87746875
TN8774687;SNCF;StopPoint:OCETrain TER-87746875
TN8774687;UIC;8774687
TN8774687;UIC8;87746875
TN8774687;WIKIDATA;Q1916822
TN8774688;OSM;11764702632
TN8774688;SNCF;StopArea:OCE87746883
TN8774688;SNCF;StopPoint:OCECar TER-87746883
TN8774688;SNCF;StopPoint:OCETrain TER-87746883
TN8774688;UIC;8774688
TN8774688;UIC8;87746883
TN8774688;WIKIDATA;Q2046458
TN8774689;SNCF;StopArea:OCE87746891
TN8774689;SNCF;StopPoint:OCECar TER-87746891
TN8774689;UIC;8774689
TN8774689;UIC8;87746891
TN8774690;SNCF;StopArea:OCE87746909
TN8774690;SNCF;StopPoint:OCECar TER-87746909
TN8774690;UIC;8774690
TN8774690;UIC8;87746909
TN8774691;SNCF;StopArea:OCE87746917
TN8774691;SNCF;StopPoint:OCECar TER-87746917
TN8774691;UIC;8774691
TN8774691;UIC8;87746917
TN8774692;SNCF;StopArea:OCE87746925
TN8774692;SNCF;StopPoint:OCECar TER-87746925
TN8774692;UIC;8774692
TN8774692;UIC8;87746925
TN8774693;SNCF;StopArea:OCE87746933
TN8774693;SNCF;StopPoint:OCECar TER-87746933
TN8774693;UIC;8774693
TN8774693;UIC8;87746933
TN8774700;OSM;5070332503
TN8774700;SNCF;StopArea:OCE87747006
TN8774700;SNCF;StopPoint:OCEOUIGO-87747006
TN8774700;SNCF;StopPoint:OCETGV INOUI-87747006
TN8774700;SNCF;StopPoint:OCETrain TER-87747006
TN8774700;UIC;8774700
TN8774700;UIC8;87747006
TN8774700;WIKIDATA;Q2545346
TN8774712;SNCF;StopArea:OCE87747121
TN8774712;SNCF;StopPoint:OCECar TER-87747121
TN8774712;UIC;8774712
TN8774712;UIC8;87747121
TN8774714;SNCF;StopArea:OCE87747147
TN8774714;SNCF;StopPoint:OCECar TER-87747147
TN8774714;UIC;8774714
TN8774714;UIC8;87747147
TN8774717;SNCF;StopArea:OCE87747170
TN8774717;SNCF;StopPoint:OCECar TER-87747170
TN8774717;UIC;8774717
TN8774717;UIC8;87747170
TN8774718;SNCF;StopArea:OCE87747188
TN8774718;SNCF;StopPoint:OCECar TER-87747188
TN8774718;UIC;8774718
TN8774718;UIC8;87747188
TN8774719;SNCF;StopArea:OCE87747196
TN8774719;SNCF;StopPoint:OCECar TER-87747196
TN8774719;UIC;8774719
TN8774719;UIC8;87747196
TN8774720;OSM;12951759554
TN8774720;SNCF;StopArea:OCE87747204
TN8774720;SNCF;StopPoint:OCECar TER-87747204
TN8774720;SNCF;StopPoint:OCETrain TER-87747204
TN8774720;UIC;8774720
TN8774720;UIC8;87747204
TN8774720;WIKIDATA;Q2362554
TN8774721;OSM;12323248573
TN8774721;SNCF;StopArea:OCE87747212
TN8774721;SNCF;StopPoint:OCECar TER-87747212
TN8774721;SNCF;StopPoint:OCETrain TER-87747212
TN8774721;UIC;8774721
TN8774721;UIC8;87747212
TN8774721;WIKIDATA;Q2351956
TN8774722;SNCF;StopArea:OCE87747220
TN8774722;SNCF;StopPoint:OCECar TER-87747220
TN8774722;SNCF;StopPoint:OCETrain TER-87747220
TN8774722;UIC;8774722
TN8774722;UIC8;87747220
TN8774724;SNCF;StopArea:OCE87747246
TN8774724;SNCF;StopPoint:OCECar TER-87747246
TN8774724;SNCF;StopPoint:OCETrain TER-87747246
TN8774724;UIC;8774724
TN8774724;UIC8;87747246
TN8774725;SNCF;StopArea:OCE87747253
TN8774725;SNCF;StopPoint:OCECar TER-87747253
TN8774725;UIC;8774725
TN8774725;UIC8;87747253
TN8774726;SNCF;StopArea:OCE87747261
TN8774726;SNCF;StopPoint:OCECar TER-87747261
TN8774726;UIC;8774726
TN8774726;UIC8;87747261
TN8774727;OSM;2343566244
TN8774727;SNCF;StopArea:OCE87747279
TN8774727;SNCF;StopPoint:OCECar TER-87747279
TN8774727;SNCF;StopPoint:OCETrain TER-87747279
TN8774727;UIC;8774727
TN8774727;UIC8;87747279
TN8774727;WIKIDATA;Q3097466
TN8774728;OSM;9924450843
TN8774728;SNCF;StopArea:OCE87747287
TN8774728;SNCF;StopPoint:OCECar TER-87747287
TN8774728;SNCF;StopPoint:OCETrain TER-87747287
TN8774728;UIC;8774728
TN8774728;UIC8;87747287
TN8774728;WIKIDATA;Q3098036
TN8774729;SNCF;StopArea:OCE87747295
TN8774729;SNCF;StopPoint:OCECar TER-87747295
TN8774729;UIC;8774729
TN8774729;UIC8;87747295
TN8774730;SNCF;StopArea:OCE87747303
TN8774730;SNCF;StopPoint:OCECar TER-87747303
TN8774730;UIC;8774730
TN8774730;UIC8;87747303
TN8774732;OSM;13236220783
TN8774732;SNCF;StopArea:OCE87747329
TN8774732;SNCF;StopPoint:OCECar TER-87747329
TN8774732;SNCF;StopPoint:OCETrain TER-87747329
TN8774732;UIC;8774732
TN8774732;UIC8;87747329
TN8774732;WIKIDATA;Q1821433
TN8774733;OSM;10804730586
TN8774733;SNCF;StopArea:OCE87747337
TN8774733;SNCF;StopPoint:OCETrain TER-87747337
TN8774733;UIC;8774733
TN8774733;UIC8;87747337
TN8774733;WIKIDATA;Q739473
TN8774734;SNCF;StopArea:OCE87747345
TN8774734;SNCF;StopPoint:OCECar TER-87747345
TN8774734;UIC;8774734
TN8774734;UIC8;87747345
TN8774735;OSM;12320041197
TN8774735;SNCF;StopArea:OCE87747352
TN8774735;SNCF;StopPoint:OCETrain TER-87747352
TN8774735;UIC;8774735
TN8774735;UIC8;87747352
TN8774735;WIKIDATA;Q3097637
TN8774736;SNCF;StopArea:OCE87747360
TN8774736;SNCF;StopPoint:OCECar TER-87747360
TN8774736;UIC;8774736
TN8774736;UIC8;87747360
TN8774737;SNCF;StopArea:OCE87747378
TN8774737;SNCF;StopPoint:OCECar TER-87747378
TN8774737;UIC;8774737
TN8774737;UIC8;87747378
TN8774740;OSM;11197283241
TN8774740;SNCF;StopArea:OCE87747402
TN8774740;SNCF;StopPoint:OCETrain TER-87747402
TN8774740;UIC;8774740
TN8774740;UIC8;87747402
TN8774740;WIKIDATA;Q2881946
TN8774745;OSM;11197296076
TN8774745;SNCF;StopArea:OCE87747451
TN8774745;SNCF;StopPoint:OCECar TER-87747451
TN8774745;SNCF;StopPoint:OCETrain TER-87747451
TN8774745;UIC;8774745
TN8774745;UIC8;87747451
TN8774745;WIKIDATA;Q2919187
TN8774747;OSM;10847058490
TN8774747;SNCF;StopArea:OCE87747477
TN8774747;SNCF;StopPoint:OCECar TER-87747477
TN8774747;SNCF;StopPoint:OCETrain TER-87747477
TN8774747;UIC;8774747
TN8774747;UIC8;87747477
TN8774747;WIKIDATA;Q2489058
TN8774749;OSM;11197323874
TN8774749;SNCF;StopArea:OCE87747493
TN8774749;SNCF;StopPoint:OCECar TER-87747493
TN8774749;SNCF;StopPoint:OCETrain TER-87747493
TN8774749;UIC;8774749
TN8774749;UIC8;87747493
TN8774749;WIKIDATA;Q2281291
TN8774753;OSM;6270404815
TN8774753;SNCF;StopArea:OCE87747535
TN8774753;SNCF;StopPoint:OCECar TER-87747535
TN8774753;SNCF;StopPoint:OCETrain TER-87747535
TN8774753;UIC;8774753
TN8774753;UIC8;87747535
TN8774753;WIKIDATA;Q2145513
TN8774756;OSM;6284610615
TN8774756;SNCF;StopArea:OCE87747568
TN8774756;SNCF;StopPoint:OCECar TER-87747568
TN8774756;SNCF;StopPoint:OCETrain TER-87747568
TN8774756;UIC;8774756
TN8774756;UIC8;87747568
TN8774756;WIKIDATA;Q2068835
TN8774757;OSM;6284610614
TN8774757;SNCF;StopArea:OCE87747576
TN8774757;SNCF;StopPoint:OCECar TER-87747576
TN8774757;SNCF;StopPoint:OCETrain TER-87747576
TN8774757;UIC;8774757
TN8774757;UIC8;87747576
TN8774757;WIKIDATA;Q945156
TN8774759;OSM;6284610613
TN8774759;SNCF;StopArea:OCE87747592
TN8774759;SNCF;StopPoint:OCECar TER-87747592
TN8774759;SNCF;StopPoint:OCETrain TER-87747592
TN8774759;UIC;8774759
TN8774759;UIC8;87747592
TN8774759;WIKIDATA;Q3097062
TN8774762;OSM;6284610612
TN8774762;SNCF;StopArea:OCE87747626
TN8774762;SNCF;StopPoint:OCECar TER-87747626
TN8774762;SNCF;StopPoint:OCETrain TER-87747626
TN8774762;UIC;8774762
TN8774762;UIC8;87747626
TN8774762;WIKIDATA;Q2395629
TN8774766;OSM;13248054109
TN8774766;SNCF;StopArea:OCE87747667
TN8774766;SNCF;StopPoint:OCECar TER-87747667
TN8774766;SNCF;StopPoint:OCETrain TER-87747667
TN8774766;UIC;8774766
TN8774766;UIC8;87747667
TN8774766;WIKIDATA;Q2215039
TN8774769;OSM;2613729252
TN8774769;SNCF;StopArea:OCE87747691
TN8774769;SNCF;StopPoint:OCECar TER-87747691
TN8774769;SNCF;StopPoint:OCETrain TER-87747691
TN8774769;UIC;8774769
TN8774769;UIC8;87747691
TN8774769;WIKIDATA;Q3097052
TN8774788;SNCF;StopArea:OCE87747881
TN8774788;SNCF;StopPoint:OCECar TER-87747881
TN8774788;UIC;8774788
TN8774788;UIC8;87747881
TN8774835;OSM;29557929
TN8774835;SNCF;StopArea:OCE87748350
TN8774835;SNCF;StopPoint:OCECar TER-87748350
TN8774835;SNCF;StopPoint:OCETrain TER-87748350
TN8774835;UIC;8774835
TN8774835;UIC8;87748350
TN8774835;WIKIDATA;Q3097820
TN8774837;SNCF;StopArea:OCE87748376
TN8774837;SNCF;StopPoint:OCECar TER-87748376
TN8774837;UIC;8774837
TN8774837;UIC8;87748376
TN8774852;SNCF;StopArea:OCE87748525
TN8774852;SNCF;StopPoint:OCECar TER-87748525
TN8774852;UIC;8774852
TN8774852;UIC8;87748525
TN8774873;SNCF;StopArea:OCE87748731
TN8774873;SNCF;StopPoint:OCECar TER-87748731
TN8774873;UIC;8774873
TN8774873;UIC8;87748731
TN8774874;SNCF;StopArea:OCE87748749
TN8774874;SNCF;StopPoint:OCECar TER-87748749
TN8774874;UIC;8774874
TN8774874;UIC8;87748749
TN8775100;OSM;4290857022
TN8775100;SNCF;StopArea:OCE87751008
TN8775100;SNCF;StopPoint:OCECar TER-87751008
TN8775100;SNCF;StopPoint:OCECar à réservation-87751008
TN8775100;SNCF;StopPoint:OCEICE-87751008
TN8775100;SNCF;StopPoint:OCEINTERCITES-87751008
TN8775100;SNCF;StopPoint:OCELyria-87751008
TN8775100;SNCF;StopPoint:OCEOUIGO-87751008
TN8775100;SNCF;StopPoint:OCETGV INOUI-87751008
TN8775100;SNCF;StopPoint:OCETrain TER-87751008
TN8775100;UIC;8775100
TN8775100;UIC8;87751008
TN8775100;WIKIDATA;Q371217
TN8775108;OSM;4290857021
TN8775108;SNCF;StopArea:OCE87751081
TN8775108;SNCF;StopPoint:OCEINTERCITES de nuit-87751081
TN8775108;SNCF;StopPoint:OCETrain TER-87751081
TN8775108;UIC;8775108
TN8775108;UIC8;87751081
TN8775108;WIKIDATA;Q1835221
TN8775120;OSM;13695345689
TN8775120;SNCF;StopArea:OCE87751206
TN8775120;SNCF;StopPoint:OCETrain TER-87751206
TN8775120;UIC;8775120
TN8775120;UIC8;87751206
TN8775120;WIKIDATA;Q3097754
TN8775123;OSM;10940373631
TN8775123;SNCF;StopArea:OCE87751230
TN8775123;SNCF;StopPoint:OCETrain TER-87751230
TN8775123;UIC;8775123
TN8775123;UIC8;87751230
TN8775123;WIKIDATA;Q3063125
TN8775127;OSM;10936300511
TN8775127;SNCF;StopArea:OCE87751271
TN8775127;SNCF;StopPoint:OCETrain TER-87751271
TN8775127;UIC;8775127
TN8775127;UIC8;87751271
TN8775127;WIKIDATA;Q2548471
TN8775132;OSM;10936297979
TN8775132;SNCF;StopArea:OCE87751321
TN8775132;SNCF;StopPoint:OCETrain TER-87751321
TN8775132;UIC;8775132
TN8775132;UIC8;87751321
TN8775132;WIKIDATA;Q2106331
TN8775136;OSM;10936310876
TN8775136;SNCF;StopArea:OCE87751362
TN8775136;SNCF;StopPoint:OCETrain TER-87751362
TN8775136;UIC;8775136
TN8775136;UIC8;87751362
TN8775136;WIKIDATA;Q2557517
TN8775137;OSM;10719399021
TN8775137;SNCF;StopArea:OCE87751370
TN8775137;SNCF;StopPoint:OCETrain TER-87751370
TN8775137;UIC;8775137
TN8775137;UIC8;87751370
TN8775137;WIKIDATA;Q2041563
TN8775140;OSM;4290854846
TN8775140;SNCF;StopArea:OCE87751404
TN8775140;SNCF;StopPoint:OCETrain TER-87751404
TN8775140;UIC;8775140
TN8775140;UIC8;87751404
TN8775140;WIKIDATA;Q2783816
TN8775142;OSM;4232057510
TN8775142;SNCF;StopArea:OCE87751420
TN8775142;SNCF;StopPoint:OCETrain TER-87751420
TN8775142;UIC;8775142
TN8775142;UIC8;87751420
TN8775142;WIKIDATA;Q2362882
TN8775143;OSM;9954867883
TN8775143;SNCF;StopArea:OCE87751438
TN8775143;SNCF;StopPoint:OCETrain TER-87751438
TN8775143;UIC;8775143
TN8775143;UIC8;87751438
TN8775143;WIKIDATA;Q3097749
TN8775152;OSM;2277046620
TN8775152;SNCF;StopArea:OCE87751529
TN8775152;SNCF;StopPoint:OCECar TER-87751529
TN8775152;SNCF;StopPoint:OCETrain TER-87751529
TN8775152;UIC;8775152
TN8775152;UIC8;87751529
TN8775152;WIKIDATA;Q15188509
TN8775160;OSM;4290856998
TN8775160;SNCF;StopArea:OCE87751602
TN8775160;SNCF;StopPoint:OCETrain TER-87751602
TN8775160;UIC;8775160
TN8775160;UIC8;87751602
TN8775160;WIKIDATA;Q1908789
TN8775170;OSM;10942969680
TN8775170;SNCF;StopArea:OCE87751701
TN8775170;SNCF;StopPoint:OCETrain TER-87751701
TN8775170;UIC;8775170
TN8775170;UIC8;87751701
TN8775170;WIKIDATA;Q2569951
TN8775171;OSM;3257868013
TN8775171;SNCF;StopArea:OCE87751719
TN8775171;SNCF;StopPoint:OCETrain TER-87751719
TN8775171;UIC;8775171
TN8775171;UIC8;87751719
TN8775171;WIKIDATA;Q2027721
TN8775174;SNCF;StopArea:OCE87751743
TN8775174;SNCF;StopPoint:OCETrain TER-87751743
TN8775174;UIC;8775174
TN8775174;UIC8;87751743
TN8775175;OSM;9909375516
TN8775175;SNCF;StopArea:OCE87751750
TN8775175;SNCF;StopPoint:OCETrain TER-87751750
TN8775175;UIC;8775175
TN8775175;UIC8;87751750
TN8775175;WIKIDATA;Q959669
TN8775177;OSM;10942988779
TN8775177;SNCF;StopArea:OCE87751776
TN8775177;SNCF;StopPoint:OCETrain TER-87751776
TN8775177;UIC;8775177
TN8775177;UIC8;87751776
TN8775177;WIKIDATA;Q732611
TN8775178;OSM;10097979747
TN8775178;SNCF;StopArea:OCE87751784
TN8775178;SNCF;StopPoint:OCETrain TER-87751784
TN8775178;UIC;8775178
TN8775178;UIC8;87751784
TN8775178;WIKIDATA;Q2619718
TN8775180;OSM;10611350063
TN8775180;SNCF;StopArea:OCE87751800
TN8775180;SNCF;StopPoint:OCETrain TER-87751800
TN8775180;UIC;8775180
TN8775180;UIC8;87751800
TN8775180;WIKIDATA;Q2678689
TN8775182;OSM;10197573421
TN8775182;SNCF;StopArea:OCE87751826
TN8775182;SNCF;StopPoint:OCETrain TER-87751826
TN8775182;UIC;8775182
TN8775182;UIC8;87751826
TN8775182;WIKIDATA;Q2689067
TN8775184;OSM;13192276102
TN8775184;SNCF;StopArea:OCE87751842
TN8775184;SNCF;StopPoint:OCETrain TER-87751842
TN8775184;UIC;8775184
TN8775184;UIC8;87751842
TN8775184;WIKIDATA;Q2538961
TN8775239;SNCF;StopArea:OCE87752394
TN8775239;SNCF;StopPoint:OCECar TER-87752394
TN8775239;UIC;8775239
TN8775239;UIC8;87752394
TN8775241;SNCF;StopArea:OCE87752410
TN8775241;SNCF;StopPoint:OCECar TER-87752410
TN8775241;UIC;8775241
TN8775241;UIC8;87752410
TN8775267;SNCF;StopArea:OCE87752675
TN8775267;SNCF;StopPoint:OCECar TER-87752675
TN8775267;UIC;8775267
TN8775267;UIC8;87752675
TN8775289;OSM;13406585730
TN8775289;SNCF;StopArea:OCE87752899
TN8775289;SNCF;StopPoint:OCECar TER-87752899
TN8775289;SNCF;StopPoint:OCETrain TER-87752899
TN8775289;UIC;8775289
TN8775289;UIC8;87752899
TN8775289;WIKIDATA;Q134328347
TN8775298;SNCF;StopArea:OCE87752980
TN8775298;SNCF;StopPoint:OCECar TER-87752980
TN8775298;UIC;8775298
TN8775298;UIC8;87752980
TN8775299;SNCF;StopArea:OCE87752998
TN8775299;SNCF;StopPoint:OCECar TER-87752998
TN8775299;UIC;8775299
TN8775299;UIC8;87752998
TN8775300;OSM;8328498197
TN8775300;SNCF;StopArea:OCE87753004
TN8775300;SNCF;StopPoint:OCECar TER-87753004
TN8775300;SNCF;StopPoint:OCETGV INOUI-87753004
TN8775300;SNCF;StopPoint:OCETrain TER-87753004
TN8775300;UIC;8775300
TN8775300;UIC8;87753004
TN8775300;WIKIDATA;Q2212277
TN8775302;SNCF;StopArea:OCE87753020
TN8775302;SNCF;StopPoint:OCECar TER-87753020
TN8775302;UIC;8775302
TN8775302;UIC8;87753020
TN8775303;SNCF;StopArea:OCE87753038
TN8775303;SNCF;StopPoint:OCECar TER-87753038
TN8775303;UIC;8775303
TN8775303;UIC8;87753038
TN8775304;SNCF;StopArea:OCE87753046
TN8775304;SNCF;StopPoint:OCECar TER-87753046
TN8775304;UIC;8775304
TN8775304;UIC8;87753046
TN8775306;SNCF;StopArea:OCE87753061
TN8775306;SNCF;StopPoint:OCECar TER-87753061
TN8775306;UIC;8775306
TN8775306;UIC8;87753061
TN8775308;SNCF;StopArea:OCE87753087
TN8775308;SNCF;StopPoint:OCECar TER-87753087
TN8775308;UIC;8775308
TN8775308;UIC8;87753087
TN8775309;SNCF;StopArea:OCE87753095
TN8775309;SNCF;StopPoint:OCECar TER-87753095
TN8775309;UIC;8775309
TN8775309;UIC8;87753095
TN8775320;OSM;9788837500
TN8775320;SNCF;StopArea:OCE87753202
TN8775320;SNCF;StopPoint:OCETrain TER-87753202
TN8775320;UIC;8775320
TN8775320;UIC8;87753202
TN8775320;WIKIDATA;Q2476213
TN8775325;OSM;4290859609
TN8775325;SNCF;StopArea:OCE87753251
TN8775325;SNCF;StopPoint:OCETrain TER-87753251
TN8775325;UIC;8775325
TN8775325;UIC8;87753251
TN8775325;WIKIDATA;Q3097434
TN8775328;OSM;4290857034
TN8775328;SNCF;StopArea:OCE87753285
TN8775328;SNCF;StopPoint:OCETrain TER-87753285
TN8775328;UIC;8775328
TN8775328;UIC8;87753285
TN8775328;WIKIDATA;Q2471508
TN8775341;OSM;13173235072
TN8775341;SNCF;StopArea:OCE87753418
TN8775341;SNCF;StopPoint:OCETrain TER-87753418
TN8775341;UIC;8775341
TN8775341;UIC8;87753418
TN8775341;WIKIDATA;Q2130806
TN8775342;SNCF;StopArea:OCE87753426
TN8775342;SNCF;StopPoint:OCETrain TER-87753426
TN8775342;UIC;8775342
TN8775342;UIC8;87753426
TN8775344;SNCF;StopArea:OCE87753442
TN8775344;SNCF;StopPoint:OCETrain TER-87753442
TN8775344;UIC;8775344
TN8775344;UIC8;87753442
TN8775345;OSM;13173291643
TN8775345;SNCF;StopArea:OCE87753459
TN8775345;SNCF;StopPoint:OCETrain TER-87753459
TN8775345;UIC;8775345
TN8775345;UIC8;87753459
TN8775345;WIKIDATA;Q3097326
TN8775349;OSM;11194795885
TN8775349;SNCF;StopArea:OCE87753491
TN8775349;SNCF;StopPoint:OCETrain TER-87753491
TN8775349;UIC;8775349
TN8775349;UIC8;87753491
TN8775349;WIKIDATA;Q3096325
TN8775350;OSM;11225690169
TN8775350;SNCF;StopArea:OCE87753509
TN8775350;SNCF;StopPoint:OCETrain TER-87753509
TN8775350;UIC;8775350
TN8775350;UIC8;87753509
TN8775350;WIKIDATA;Q2203403
TN8775354;OSM;12293895081
TN8775354;SNCF;StopArea:OCE87753541
TN8775354;SNCF;StopPoint:OCETrain TER-87753541
TN8775354;UIC;8775354
TN8775354;UIC8;87753541
TN8775354;WIKIDATA;Q2438242
TN8775355;OSM;12001643894
TN8775355;SNCF;StopArea:OCE87753558
TN8775355;SNCF;StopPoint:OCETrain TER-87753558
TN8775355;UIC;8775355
TN8775355;UIC8;87753558
TN8775355;WIKIDATA;Q2346591
TN8775356;OSM;11099856257
TN8775356;SNCF;StopArea:OCE87753566
TN8775356;SNCF;StopPoint:OCETrain TER-87753566
TN8775356;UIC;8775356
TN8775356;UIC8;87753566
TN8775356;WIKIDATA;Q3096137
TN8775357;OSM;11063027483
TN8775357;SNCF;StopArea:OCE87753574
TN8775357;SNCF;StopPoint:OCETrain TER-87753574
TN8775357;UIC;8775357
TN8775357;UIC8;87753574
TN8775357;WIKIDATA;Q2574034
TN8775358;OSM;9789082324
TN8775358;SNCF;StopArea:OCE87753582
TN8775358;SNCF;StopPoint:OCETrain TER-87753582
TN8775358;UIC;8775358
TN8775358;UIC8;87753582
TN8775358;WIKIDATA;Q1838017
TN8775365;OSM;10933963119
TN8775365;SNCF;StopArea:OCE87753657
TN8775365;SNCF;StopPoint:OCECar TER-87753657
TN8775365;SNCF;StopPoint:OCEINTERCITES-87753657
TN8775365;SNCF;StopPoint:OCETGV INOUI-87753657
TN8775365;SNCF;StopPoint:OCETrain TER-87753657
TN8775365;UIC;8775365
TN8775365;UIC8;87753657
TN8775365;WIKIDATA;Q1897505
TN8775368;OSM;10936277754
TN8775368;SNCF;StopArea:OCE87753681
TN8775368;SNCF;StopPoint:OCECar TER-87753681
TN8775368;SNCF;StopPoint:OCETrain TER-87753681
TN8775368;UIC;8775368
TN8775368;UIC8;87753681
TN8775368;WIKIDATA;Q3097572
TN8775370;OSM;11871867666
TN8775370;SNCF;StopArea:OCE87753707
TN8775370;SNCF;StopPoint:OCECar TER-87753707
TN8775370;SNCF;StopPoint:OCETrain TER-87753707
TN8775370;UIC;8775370
TN8775370;UIC8;87753707
TN8775370;WIKIDATA;Q16507943
TN8775371;OSM;12688143648
TN8775371;SNCF;StopArea:OCE87753715
TN8775371;SNCF;StopPoint:OCECar TER-87753715
TN8775371;SNCF;StopPoint:OCETrain TER-87753715
TN8775371;UIC;8775371
TN8775371;UIC8;87753715
TN8775371;WIKIDATA;Q16508051
TN8775373;OSM;12412804633
TN8775373;SNCF;StopArea:OCE87753731
TN8775373;SNCF;StopPoint:OCECar TER-87753731
TN8775373;SNCF;StopPoint:OCETrain TER-87753731
TN8775373;UIC;8775373
TN8775373;UIC8;87753731
TN8775373;WIKIDATA;Q15199469
TN8775376;OSM;10940403869
TN8775376;SNCF;StopArea:OCE87753764
TN8775376;SNCF;StopPoint:OCECar TER-87753764
TN8775376;SNCF;StopPoint:OCETrain TER-87753764
TN8775376;UIC;8775376
TN8775376;UIC8;87753764
TN8775376;WIKIDATA;Q2071148
TN8775419;SNCF;StopArea:OCE87754192
TN8775419;SNCF;StopPoint:OCECar TER-87754192
TN8775419;UIC;8775419
TN8775419;UIC8;87754192
TN8775454;SNCF;StopArea:OCE87754549
TN8775454;SNCF;StopPoint:OCECar TER-87754549
TN8775454;UIC;8775454
TN8775454;UIC8;87754549
TN8775491;SNCF;StopArea:OCE87754911
TN8775491;SNCF;StopPoint:OCECar TER-87754911
TN8775491;UIC;8775491
TN8775491;UIC8;87754911
TN8775492;SNCF;StopArea:OCE87754929
TN8775492;SNCF;StopPoint:OCECar TER-87754929
TN8775492;UIC;8775492
TN8775492;UIC8;87754929
TN8775500;OSM;3489660893
TN8775500;SNCF;StopArea:OCE87755009
TN8775500;SNCF;StopPoint:OCECar TER-87755009
TN8775500;SNCF;StopPoint:OCEINTERCITES de nuit-87755009
TN8775500;SNCF;StopPoint:OCEOUIGO-87755009
TN8775500;SNCF;StopPoint:OCETGV INOUI-87755009
TN8775500;SNCF;StopPoint:OCETrain TER-87755009
TN8775500;UIC;8775500
TN8775500;UIC8;87755009
TN8775500;WIKIDATA;Q2683553
TN8775514;SNCF;StopArea:OCE87755140
TN8775514;SNCF;StopPoint:OCECar TER-87755140
TN8775514;UIC;8775514
TN8775514;UIC8;87755140
TN8775521;OSM;10921197871
TN8775521;SNCF;StopArea:OCE87755215
TN8775521;SNCF;StopPoint:OCETrain TER-87755215
TN8775521;UIC;8775521
TN8775521;UIC8;87755215
TN8775521;WIKIDATA;Q1816039
TN8775522;OSM;1585891509
TN8775522;SNCF;StopArea:OCE87755223
TN8775522;SNCF;StopPoint:OCETrain TER-87755223
TN8775522;UIC;8775522
TN8775522;UIC8;87755223
TN8775522;WIKIDATA;Q2931894
TN8775523;OSM;9953019883
TN8775523;SNCF;StopArea:OCE87755231
TN8775523;SNCF;StopPoint:OCETrain TER-87755231
TN8775523;UIC;8775523
TN8775523;UIC8;87755231
TN8775523;WIKIDATA;Q2195891
TN8775526;OSM;2108060582
TN8775526;SNCF;StopArea:OCE87755264
TN8775526;SNCF;StopPoint:OCETrain TER-87755264
TN8775526;UIC;8775526
TN8775526;UIC8;87755264
TN8775526;WIKIDATA;Q2333352
TN8775530;OSM;9952377766
TN8775530;SNCF;StopArea:OCE87755306
TN8775530;SNCF;StopPoint:OCECar TER-87755306
TN8775530;SNCF;StopPoint:OCETrain TER-87755306
TN8775530;UIC;8775530
TN8775530;UIC8;87755306
TN8775530;WIKIDATA;Q3096782
TN8775531;OSM;9909381014
TN8775531;SNCF;StopArea:OCE87755314
TN8775531;SNCF;StopPoint:OCECar TER-87755314
TN8775531;SNCF;StopPoint:OCETrain TER-87755314
TN8775531;UIC;8775531
TN8775531;UIC8;87755314
TN8775531;WIKIDATA;Q2675705
TN8775533;OSM;9952990042
TN8775533;SNCF;StopArea:OCE87755330
TN8775533;SNCF;StopPoint:OCECar TER-87755330
TN8775533;SNCF;StopPoint:OCETrain TER-87755330
TN8775533;UIC;8775533
TN8775533;UIC8;87755330
TN8775533;WIKIDATA;Q3097763
TN8775535;OSM;9952377768
TN8775535;SNCF;StopArea:OCE87755355
TN8775535;SNCF;StopPoint:OCECar TER-87755355
TN8775535;SNCF;StopPoint:OCETrain TER-87755355
TN8775535;UIC;8775535
TN8775535;UIC8;87755355
TN8775535;WIKIDATA;Q2489194
TN8775536;OSM;9952990044
TN8775536;SNCF;StopArea:OCE87755363
TN8775536;SNCF;StopPoint:OCECar TER-87755363
TN8775536;SNCF;StopPoint:OCETrain TER-87755363
TN8775536;UIC;8775536
TN8775536;UIC8;87755363
TN8775536;WIKIDATA;Q2454091
TN8775537;OSM;249290787
TN8775537;SNCF;StopArea:OCE87755371
TN8775537;SNCF;StopPoint:OCECar TER-87755371
TN8775537;SNCF;StopPoint:OCETrain TER-87755371
TN8775537;UIC;8775537
TN8775537;UIC8;87755371
TN8775537;WIKIDATA;Q2684008
TN8775538;OSM;9952990047
TN8775538;SNCF;StopArea:OCE87755389
TN8775538;SNCF;StopPoint:OCECar TER-87755389
TN8775538;SNCF;StopPoint:OCETrain TER-87755389
TN8775538;UIC;8775538
TN8775538;UIC8;87755389
TN8775538;WIKIDATA;Q2253083
TN8775539;OSM;9952990048
TN8775539;SNCF;StopArea:OCE87755397
TN8775539;SNCF;StopPoint:OCECar TER-87755397
TN8775539;SNCF;StopPoint:OCETrain TER-87755397
TN8775539;UIC;8775539
TN8775539;UIC8;87755397
TN8775539;WIKIDATA;Q3031449
TN8775540;OSM;9952990049
TN8775540;SNCF;StopArea:OCE87755405
TN8775540;SNCF;StopPoint:OCECar TER-87755405
TN8775540;SNCF;StopPoint:OCETrain TER-87755405
TN8775540;UIC;8775540
TN8775540;UIC8;87755405
TN8775540;WIKIDATA;Q2597445
TN8775542;OSM;9952377770
TN8775542;SNCF;StopArea:OCE87755421
TN8775542;SNCF;StopPoint:OCECar TER-87755421
TN8775542;SNCF;StopPoint:OCETrain TER-87755421
TN8775542;UIC;8775542
TN8775542;UIC8;87755421
TN8775542;WIKIDATA;Q2134146
TN8775544;OSM;8018589177
TN8775544;SNCF;StopArea:OCE87755447
TN8775544;SNCF;StopPoint:OCECar TER-87755447
TN8775544;SNCF;StopPoint:OCEINTERCITES de nuit-87755447
TN8775544;SNCF;StopPoint:OCEOUIGO-87755447
TN8775544;SNCF;StopPoint:OCETGV INOUI-87755447
TN8775544;SNCF;StopPoint:OCETrain TER-87755447
TN8775544;UIC;8775544
TN8775544;UIC8;87755447
TN8775544;WIKIDATA;Q3098144
TN8775561;OSM;10933962221
TN8775561;SNCF;StopArea:OCE87755611
TN8775561;SNCF;StopPoint:OCETrain TER-87755611
TN8775561;UIC;8775561
TN8775561;UIC8;87755611
TN8775561;WIKIDATA;Q2110920
TN8775562;OSM;10555546116
TN8775562;SNCF;StopArea:OCE87755629
TN8775562;SNCF;StopPoint:OCETGV INOUI-87755629
TN8775562;SNCF;StopPoint:OCETrain TER-87755629
TN8775562;UIC;8775562
TN8775562;UIC8;87755629
TN8775562;WIKIDATA;Q2542662
TN8775605;OSM;33017158
TN8775605;SNCF;StopArea:OCE87756056
TN8775605;SNCF;StopPoint:OCECar TER-87756056
TN8775605;SNCF;StopPoint:OCEINTERCITES de nuit-87756056
TN8775605;SNCF;StopPoint:OCEOUIGO-87756056
TN8775605;SNCF;StopPoint:OCETGV INOUI-87756056
TN8775605;SNCF;StopPoint:OCETrain TER-87756056
TN8775605;UIC;8775605
TN8775605;UIC8;87756056
TN8775605;WIKIDATA;Q738970
TN8775625;OSM;27333931
TN8775625;SNCF;StopArea:OCE87756254
TN8775625;SNCF;StopPoint:OCETrain TER-87756254
TN8775625;UIC;8775625
TN8775625;UIC8;87756254
TN8775625;WIKIDATA;Q3097206
TN8775630;OSM;459470900
TN8775630;SNCF;StopArea:OCE87756304
TN8775630;SNCF;StopPoint:OCETrain TER-87756304
TN8775630;UIC;8775630
TN8775630;UIC8;87756304
TN8775630;WIKIDATA;Q15199232
TN8775632;OSM;8093626803
TN8775632;SNCF;StopArea:OCE87756320
TN8775632;SNCF;StopPoint:OCETrain TER-87756320
TN8775632;UIC;8775632
TN8775632;UIC8;87756320
TN8775632;WIKIDATA;Q3096110
TN8775633;OSM;1675170250
TN8775633;SNCF;StopArea:OCE87756338
TN8775633;SNCF;StopPoint:OCETrain TER-87756338
TN8775633;UIC;8775633
TN8775633;UIC8;87756338
TN8775633;WIKIDATA;Q2546150
TN8775634;OSM;269037849
TN8775634;SNCF;StopArea:OCE87756346
TN8775634;SNCF;StopPoint:OCETrain TER-87756346
TN8775634;UIC;8775634
TN8775634;UIC8;87756346
TN8775634;WIKIDATA;Q15188534
TN8775635;OSM;3667436504
TN8775635;SNCF;StopArea:OCE87756353
TN8775635;SNCF;StopPoint:OCETrain TER-87756353
TN8775635;UIC;8775635
TN8775635;UIC8;87756353
TN8775635;WIKIDATA;Q975315
TN8775636;OSM;33016767
TN8775636;SNCF;StopArea:OCE87756361
TN8775636;SNCF;StopPoint:OCETrain TER-87756361
TN8775636;UIC;8775636
TN8775636;UIC8;87756361
TN8775636;WIKIDATA;Q1862280
TN8775637;OSM;269029574
TN8775637;SNCF;StopArea:OCE87756379
TN8775637;SNCF;StopPoint:OCETrain TER-87756379
TN8775637;UIC;8775637
TN8775637;UIC8;87756379
TN8775637;WIKIDATA;Q2561480
TN8775638;OSM;33016223
TN8775638;SNCF;StopArea:OCE87756387
TN8775638;SNCF;StopPoint:OCETrain TER-87756387
TN8775638;UIC;8775638
TN8775638;UIC8;87756387
TN8775638;WIKIDATA;Q2267208
TN8775639;OSM;33015605
TN8775639;SNCF;StopArea:OCE87756395
TN8775639;SNCF;StopPoint:OCETrain TER-87756395
TN8775639;UIC;8775639
TN8775639;UIC8;87756395
TN8775639;WIKIDATA;Q2326438
TN8775640;OSM;9952646938
TN8775640;SNCF;StopArea:OCE87756403
TN8775640;SNCF;StopPoint:OCECar TER-87756403
TN8775640;SNCF;StopPoint:OCETrain TER-87756403
TN8775640;UIC;8775640
TN8775640;UIC8;87756403
TN8775640;WIKIDATA;Q801195
TN8775646;OSM;642466130
TN8775646;SNCF;StopArea:OCE87756460
TN8775646;SNCF;StopPoint:OCECar TER-87756460
TN8775646;SNCF;StopPoint:OCETrain TER-87756460
TN8775646;UIC;8775646
TN8775646;UIC8;87756460
TN8775646;WIKIDATA;Q1917107
TN8775647;OSM;642522545
TN8775647;SNCF;StopArea:OCE87756478
TN8775647;SNCF;StopPoint:OCECar TER-87756478
TN8775647;SNCF;StopPoint:OCETrain TER-87756478
TN8775647;UIC;8775647
TN8775647;UIC8;87756478
TN8775647;WIKIDATA;Q2388773
TN8775648;OSM;642423112
TN8775648;SNCF;StopArea:OCE87756486
TN8775648;SNCF;StopPoint:OCECar TER-87756486
TN8775648;SNCF;StopPoint:OCETrain TER-87756486
TN8775648;UIC;8775648
TN8775648;UIC8;87756486
TN8775648;WIKIDATA;Q1999123
TN8775649;OSM;1697333877
TN8775649;SNCF;StopArea:OCE87756494
TN8775649;SNCF;StopPoint:OCETrain TER-87756494
TN8775649;UIC;8775649
TN8775649;UIC8;87756494
TN8775649;WIKIDATA;Q3097023
TN8775676;OSM;35727528
TN8775676;SNCF;StopArea:OCE87756767
TN8775676;SNCF;StopPoint:OCECar TER-87756767
TN8775676;SNCF;StopPoint:OCETrain TER-87756767
TN8775676;UIC;8775676
TN8775676;UIC8;87756767
TN8775676;WIKIDATA;Q3096816
TN8775677;OSM;1011304028
TN8775677;SNCF;StopArea:OCE87756775
TN8775677;SNCF;StopPoint:OCECar TER-87756775
TN8775677;SNCF;StopPoint:OCETrain TER-87756775
TN8775677;UIC;8775677
TN8775677;UIC8;87756775
TN8775677;WIKIDATA;Q2608753
TN8775678;OSM;10933427079
TN8775678;SNCF;StopArea:OCE87756783
TN8775678;SNCF;StopPoint:OCECar TER-87756783
TN8775678;SNCF;StopPoint:OCETrain TER-87756783
TN8775678;UIC;8775678
TN8775678;UIC8;87756783
TN8775678;WIKIDATA;Q3097260
TN8775679;OSM;249625998
TN8775679;SNCF;StopArea:OCE87756791
TN8775679;SNCF;StopPoint:OCECar TER-87756791
TN8775679;SNCF;StopPoint:OCETrain TER-87756791
TN8775679;UIC;8775679
TN8775679;UIC8;87756791
TN8775679;WIKIDATA;Q3097259
TN8775680;OSM;3219013230
TN8775680;SNCF;StopArea:OCE87756809
TN8775680;SNCF;StopPoint:OCECar TER-87756809
TN8775680;SNCF;StopPoint:OCETrain TER-87756809
TN8775680;UIC;8775680
TN8775680;UIC8;87756809
TN8775680;WIKIDATA;Q3096722
TN8775681;OSM;10933399841
TN8775681;SNCF;StopArea:OCE87756817
TN8775681;SNCF;StopPoint:OCECar TER-87756817
TN8775681;SNCF;StopPoint:OCETrain TER-87756817
TN8775681;UIC;8775681
TN8775681;UIC8;87756817
TN8775681;WIKIDATA;Q3097895
TN8775682;OSM;10933411937
TN8775682;SNCF;StopArea:OCE87756825
TN8775682;SNCF;StopPoint:OCECar TER-87756825
TN8775682;SNCF;StopPoint:OCETrain TER-87756825
TN8775682;UIC;8775682
TN8775682;UIC8;87756825
TN8775682;WIKIDATA;Q3097766
TN8775683;OSM;1407569289
TN8775683;SNCF;StopArea:OCE87756833
TN8775683;SNCF;StopPoint:OCECar TER-87756833
TN8775683;SNCF;StopPoint:OCETrain TER-87756833
TN8775683;UIC;8775683
TN8775683;UIC8;87756833
TN8775683;WIKIDATA;Q1922511
TN8775685;OSM;1030666588
TN8775685;SNCF;StopArea:OCE87756858
TN8775685;SNCF;StopPoint:OCETrain TER-87756858
TN8775685;UIC;8775685
TN8775685;UIC8;87756858
TN8775685;WIKIDATA;Q3096450
TN8775686;OSM;11292675871
TN8775686;SNCF;StopArea:OCE87756866
TN8775686;SNCF;StopPoint:OCETrain TER-87756866
TN8775686;UIC;8775686
TN8775686;UIC8;87756866
TN8775686;WIKIDATA;Q920420
TN8775687;OSM;1022553570
TN8775687;SNCF;StopArea:OCE87756874
TN8775687;SNCF;StopPoint:OCETrain TER-87756874
TN8775687;UIC;8775687
TN8775687;UIC8;87756874
TN8775687;WIKIDATA;Q3096761
TN8775688;OSM;1030666081
TN8775688;SNCF;StopArea:OCE87756882
TN8775688;SNCF;StopPoint:OCETrain TER-87756882
TN8775688;UIC;8775688
TN8775688;UIC8;87756882
TN8775688;WIKIDATA;Q2637328
TN8775741;SNCF;StopArea:OCE87757419
TN8775741;SNCF;StopPoint:OCECar TER-87757419
TN8775741;UIC;8775741
TN8775741;UIC8;87757419
TN8775750;OSM;27604417
TN8775750;SNCF;StopArea:OCE87757500
TN8775750;SNCF;StopPoint:OCETrain TER-87757500
TN8775750;UIC;8775750
TN8775750;UIC8;87757500
TN8775750;WIKIDATA;Q1891738
TN8775752;OSM;829527258
TN8775752;SNCF;StopArea:OCE87757526
TN8775752;SNCF;StopPoint:OCEINTERCITES de nuit-87757526
TN8775752;SNCF;StopPoint:OCEOUIGO-87757526
TN8775752;SNCF;StopPoint:OCETGV INOUI-87757526
TN8775752;SNCF;StopPoint:OCETrain TER-87757526
TN8775752;UIC;8775752
TN8775752;UIC8;87757526
TN8775752;WIKIDATA;Q1871873
TN8775753;OSM;830477183
TN8775753;SNCF;StopArea:OCE87757534
TN8775753;SNCF;StopPoint:OCETrain TER-87757534
TN8775753;UIC;8775753
TN8775753;UIC8;87757534
TN8775753;WIKIDATA;Q2097781
TN8775754;OSM;830477187
TN8775754;SNCF;StopArea:OCE87757542
TN8775754;SNCF;StopPoint:OCETrain TER-87757542
TN8775754;UIC;8775754
TN8775754;UIC8;87757542
TN8775754;WIKIDATA;Q3098197
TN8775755;OSM;830477180
TN8775755;SNCF;StopArea:OCE87757559
TN8775755;SNCF;StopPoint:OCETrain TER-87757559
TN8775755;UIC;8775755
TN8775755;UIC8;87757559
TN8775755;WIKIDATA;Q3095586
TN8775756;OSM;2429974428
TN8775756;SNCF;StopArea:OCE87757567
TN8775756;SNCF;StopPoint:OCETrain TER-87757567
TN8775756;UIC;8775756
TN8775756;UIC8;87757567
TN8775756;WIKIDATA;Q3095643
TN8775757;OSM;830477185
TN8775757;SNCF;StopArea:OCE87757575
TN8775757;SNCF;StopPoint:OCETrain TER-87757575
TN8775757;UIC;8775757
TN8775757;UIC8;87757575
TN8775757;WIKIDATA;Q3098239
TN8775758;OSM;2930601333
TN8775758;SNCF;StopArea:OCE87757583
TN8775758;SNCF;StopPoint:OCETrain TER-87757583
TN8775758;UIC;8775758
TN8775758;UIC8;87757583
TN8775758;WIKIDATA;Q3097868
TN8775759;OSM;27557168
TN8775759;SNCF;StopArea:OCE87757591
TN8775759;SNCF;StopPoint:OCETrain TER-87757591
TN8775759;UIC;8775759
TN8775759;UIC8;87757591
TN8775759;WIKIDATA;Q3096964
TN8775761;OSM;2437973560
TN8775761;SNCF;StopArea:OCE87757617
TN8775761;SNCF;StopPoint:OCETrain TER-87757617
TN8775761;UIC;8775761
TN8775761;UIC8;87757617
TN8775761;WIKIDATA;Q2390127
TN8775762;OSM;8312564191
TN8775762;SNCF;StopArea:OCE87757625
TN8775762;SNCF;StopPoint:OCEINTERCITES de nuit-87757625
TN8775762;SNCF;StopPoint:OCEOUIGO-87757625
TN8775762;SNCF;StopPoint:OCETGV INOUI-87757625
TN8775762;SNCF;StopPoint:OCETrain TER-87757625
TN8775762;UIC;8775762
TN8775762;UIC8;87757625
TN8775762;WIKIDATA;Q2186722
TN8775764;OSM;2796845768
TN8775764;SNCF;StopArea:OCE87757641
TN8775764;SNCF;StopPoint:OCETrain TER-87757641
TN8775764;UIC;8775764
TN8775764;UIC8;87757641
TN8775764;WIKIDATA;Q423702
TN8775766;OSM;27331639
TN8775766;SNCF;StopArea:OCE87757666
TN8775766;SNCF;StopPoint:OCETrain TER-87757666
TN8775766;UIC;8775766
TN8775766;UIC8;87757666
TN8775766;WIKIDATA;Q3096668
TN8775767;OSM;1376794642
TN8775767;SNCF;StopArea:OCE87757674
TN8775767;SNCF;StopPoint:OCEINTERCITES de nuit-87757674
TN8775767;SNCF;StopPoint:OCEOUIGO-87757674
TN8775767;SNCF;StopPoint:OCETGV INOUI-87757674
TN8775767;SNCF;StopPoint:OCETrain TER-87757674
TN8775767;UIC;8775767
TN8775767;UIC8;87757674
TN8775767;WIKIDATA;Q800390
TN8775769;OSM;162593948
TN8775769;SNCF;StopArea:OCE87757690
TN8775769;SNCF;StopPoint:OCETrain TER-87757690
TN8775769;UIC;8775769
TN8775769;UIC8;87757690
TN8775769;WIKIDATA;Q3095990
TN8775772;OSM;206149230
TN8775772;SNCF;StopArea:OCE87757724
TN8775772;SNCF;StopPoint:OCETrain TER-87757724
TN8775772;UIC;8775772
TN8775772;UIC8;87757724
TN8775772;WIKIDATA;Q954856
TN8775773;OSM;355763418
TN8775773;SNCF;StopArea:OCE87757732
TN8775773;SNCF;StopPoint:OCETrain TER-87757732
TN8775773;UIC;8775773
TN8775773;UIC8;87757732
TN8775773;WIKIDATA;Q3097380
TN8775774;OSM;130137304
TN8775774;SNCF;StopArea:OCE87757740
TN8775774;SNCF;StopPoint:OCETrain TER-87757740
TN8775774;UIC;8775774
TN8775774;UIC8;87757740
TN8775774;WIKIDATA;Q3096781
TN8775775;OSM;8196293190
TN8775775;SNCF;StopArea:OCE87757757
TN8775775;SNCF;StopPoint:OCETrain TER-87757757
TN8775775;UIC;8775775
TN8775775;UIC8;87757757
TN8775775;WIKIDATA;Q1958124
TN8775929;OSM;13192277158
TN8775929;SNCF;StopArea:OCE87759290
TN8775929;SNCF;StopPoint:OCETrain TER-87759290
TN8775929;UIC;8775929
TN8775929;UIC8;87759290
TN8775929;WIKIDATA;Q2308570
TN8775931;OSM;13191454096
TN8775931;SNCF;StopArea:OCE87759316
TN8775931;SNCF;StopPoint:OCETrain TER-87759316
TN8775931;UIC;8775931
TN8775931;UIC8;87759316
TN8775931;WIKIDATA;Q938931
TN8776100;OSM;10935384072
TN8776100;SNCF;StopArea:OCE87761007
TN8776100;SNCF;StopPoint:OCECar TER-87761007
TN8776100;SNCF;StopPoint:OCETGV INOUI-87761007
TN8776100;SNCF;StopPoint:OCETrain TER-87761007
TN8776100;UIC;8776100
TN8776100;UIC8;87761007
TN8776100;WIKIDATA;Q3097931
TN8776105;SNCF;StopArea:OCE87761056
TN8776105;SNCF;StopPoint:OCECar TER-87761056
TN8776105;UIC;8776105
TN8776105;UIC8;87761056
TN8776106;SNCF;StopArea:OCE87761064
TN8776106;SNCF;StopPoint:OCECar TER-87761064
TN8776106;UIC;8776106
TN8776106;UIC8;87761064
TN8776107;SNCF;StopArea:OCE87761072
TN8776107;SNCF;StopPoint:OCECar TER-87761072
TN8776107;UIC;8776107
TN8776107;UIC8;87761072
TN8776110;OSM;13420671165
TN8776110;SNCF;StopArea:OCE87761106
TN8776110;SNCF;StopPoint:OCECar TER-87761106
TN8776110;SNCF;StopPoint:OCETrain TER-87761106
TN8776110;UIC;8776110
TN8776110;UIC8;87761106
TN8776110;WIKIDATA;Q3097619
TN8776113;OSM;13426210418
TN8776113;SNCF;StopArea:OCE87761130
TN8776113;SNCF;StopPoint:OCECar TER-87761130
TN8776113;SNCF;StopPoint:OCETrain TER-87761130
TN8776113;UIC;8776113
TN8776113;UIC8;87761130
TN8776113;WIKIDATA;Q2134090
TN8776116;OSM;10940342999
TN8776116;SNCF;StopArea:OCE87761163
TN8776116;SNCF;StopPoint:OCECar TER-87761163
TN8776116;SNCF;StopPoint:OCETrain TER-87761163
TN8776116;UIC;8776116
TN8776116;UIC8;87761163
TN8776116;WIKIDATA;Q1851214
TN8776123;OSM;9924450841
TN8776123;SNCF;StopArea:OCE87761239
TN8776123;SNCF;StopPoint:OCECar TER-87761239
TN8776123;SNCF;StopPoint:OCETrain TER-87761239
TN8776123;UIC;8776123
TN8776123;UIC8;87761239
TN8776123;WIKIDATA;Q3096736
TN8776124;OSM;10940388520
TN8776124;SNCF;StopArea:OCE87761247
TN8776124;SNCF;StopPoint:OCETrain TER-87761247
TN8776124;UIC;8776124
TN8776124;UIC8;87761247
TN8776124;WIKIDATA;Q2563655
TN8776126;OSM;13247906451
TN8776126;SNCF;StopArea:OCE87761262
TN8776126;SNCF;StopPoint:OCETrain TER-87761262
TN8776126;UIC;8776126
TN8776126;UIC8;87761262
TN8776126;WIKIDATA;Q2462836
TN8776127;SNCF;StopArea:OCE87761270
TN8776127;SNCF;StopPoint:OCECar TER-87761270
TN8776127;UIC;8776127
TN8776127;UIC8;87761270
TN8776146;SNCF;StopArea:OCE87761460
TN8776146;SNCF;StopPoint:OCECar TER-87761460
TN8776146;UIC;8776146
TN8776146;UIC8;87761460
TN8776149;SNCF;StopArea:OCE87761494
TN8776149;SNCF;StopPoint:OCETrain TER-87761494
TN8776149;UIC;8776149
TN8776149;UIC8;87761494
TN8776151;SNCF;StopArea:OCE87761510
TN8776151;SNCF;StopPoint:OCECar TER-87761510
TN8776151;UIC;8776151
TN8776151;UIC8;87761510
TN8776165;SNCF;StopArea:OCE87761650
TN8776165;SNCF;StopPoint:OCECar TER-87761650
TN8776165;SNCF;StopPoint:OCETrain TER-87761650
TN8776165;UIC;8776165
TN8776165;UIC8;87761650
TN8776168;OSM;10311457982
TN8776168;SNCF;StopArea:OCE87761684
TN8776168;SNCF;StopPoint:OCECar TER-87761684
TN8776168;SNCF;StopPoint:OCETrain TER-87761684
TN8776168;UIC;8776168
TN8776168;UIC8;87761684
TN8776168;WIKIDATA;Q3097541
TN8776171;OSM;13240503591
TN8776171;SNCF;StopArea:OCE87761718
TN8776171;SNCF;StopPoint:OCECar TER-87761718
TN8776171;SNCF;StopPoint:OCETrain TER-87761718
TN8776171;UIC;8776171
TN8776171;UIC8;87761718
TN8776171;WIKIDATA;Q3097567
TN8776172;OSM;12323248574
TN8776172;SNCF;StopArea:OCE87761726
TN8776172;SNCF;StopPoint:OCECar TER-87761726
TN8776172;SNCF;StopPoint:OCETrain TER-87761726
TN8776172;UIC;8776172
TN8776172;UIC8;87761726
TN8776172;WIKIDATA;Q3098014
TN8776174;OSM;12951472391
TN8776174;SNCF;StopArea:OCE87761742
TN8776174;SNCF;StopPoint:OCECar TER-87761742
TN8776174;SNCF;StopPoint:OCETrain TER-87761742
TN8776174;UIC;8776174
TN8776174;UIC8;87761742
TN8776174;WIKIDATA;Q3097293
TN8776175;OSM;13247496069
TN8776175;SNCF;StopArea:OCE87761759
TN8776175;SNCF;StopPoint:OCECar TER-87761759
TN8776175;SNCF;StopPoint:OCETrain TER-87761759
TN8776175;UIC;8776175
TN8776175;UIC8;87761759
TN8776175;WIKIDATA;Q3097910
TN8776178;OSM;10942991731
TN8776178;SNCF;StopArea:OCE87761783
TN8776178;SNCF;StopPoint:OCECar TER-87761783
TN8776178;SNCF;StopPoint:OCECar à réservation-87761783
TN8776178;SNCF;StopPoint:OCEINTERCITES de nuit-87761783
TN8776178;SNCF;StopPoint:OCETrain TER-87761783
TN8776178;UIC;8776178
TN8776178;UIC8;87761783
TN8776178;WIKIDATA;Q2404429
TN8776181;SNCF;StopArea:OCE87761817
TN8776181;SNCF;StopPoint:OCECar TER-87761817
TN8776181;SNCF;StopPoint:OCETrain TER-87761817
TN8776181;UIC;8776181
TN8776181;UIC8;87761817
TN8776184;SNCF;StopArea:OCE87761841
TN8776184;SNCF;StopPoint:OCECar TER-87761841
TN8776184;SNCF;StopPoint:OCECar à réservation-87761841
TN8776184;SNCF;StopPoint:OCEINTERCITES de nuit-87761841
TN8776184;SNCF;StopPoint:OCETrain TER-87761841
TN8776184;UIC;8776184
TN8776184;UIC8;87761841
TN8776187;SNCF;StopArea:OCE87761874
TN8776187;SNCF;StopPoint:OCECar TER-87761874
TN8776187;SNCF;StopPoint:OCEINTERCITES de nuit-87761874
TN8776187;SNCF;StopPoint:OCETrain TER-87761874
TN8776187;UIC;8776187
TN8776187;UIC8;87761874
TN8776258;SNCF;StopArea:OCE87762583
TN8776258;SNCF;StopPoint:OCECar TER-87762583
TN8776258;UIC;8776258
TN8776258;UIC8;87762583
TN8776290;OSM;9908985728
TN8776290;SNCF;StopArea:OCE87762906
TN8776290;SNCF;StopPoint:OCEOUIGO-87762906
TN8776290;SNCF;StopPoint:OCETGV INOUI-87762906
TN8776290;UIC;8776290
TN8776290;UIC8;87762906
TN8776290;WIKIDATA;Q801144
TN8776300;OSM;10940403868
TN8776300;SNCF;StopArea:OCE87763003
TN8776300;SNCF;StopPoint:OCECar TER-87763003
TN8776300;SNCF;StopPoint:OCECar à réservation-87763003
TN8776300;SNCF;StopPoint:OCEINTERCITES de nuit-87763003
TN8776300;SNCF;StopPoint:OCETrain TER-87763003
TN8776300;UIC;8776300
TN8776300;UIC8;87763003
TN8776300;WIKIDATA;Q2842615
TN8776302;OSM;9909081028
TN8776302;SNCF;StopArea:OCE87763029
TN8776302;SNCF;StopPoint:OCECar TER-87763029
TN8776302;SNCF;StopPoint:OCEOUIGO-87763029
TN8776302;SNCF;StopPoint:OCETGV INOUI-87763029
TN8776302;SNCF;StopPoint:OCETrain TER-87763029
TN8776302;UIC;8776302
TN8776302;UIC8;87763029
TN8776302;WIKIDATA;Q2052261
TN8776317;SNCF;StopArea:OCE87763177
TN8776317;SNCF;StopPoint:OCECar TER-87763177
TN8776317;UIC;8776317
TN8776317;UIC8;87763177
TN8776325;OSM;10934022350
TN8776325;SNCF;StopArea:OCE87763250
TN8776325;SNCF;StopPoint:OCECar TER-87763250
TN8776325;SNCF;StopPoint:OCETrain TER-87763250
TN8776325;UIC;8776325
TN8776325;UIC8;87763250
TN8776325;WIKIDATA;Q2468651
TN8776330;OSM;10934043160
TN8776330;SNCF;StopArea:OCE87763300
TN8776330;SNCF;StopPoint:OCECar TER-87763300
TN8776330;SNCF;StopPoint:OCECar à réservation-87763300
TN8776330;SNCF;StopPoint:OCEINTERCITES de nuit-87763300
TN8776330;SNCF;StopPoint:OCETrain TER-87763300
TN8776330;UIC;8776330
TN8776330;UIC8;87763300
TN8776330;WIKIDATA;Q2669992
TN8776342;SNCF;StopArea:OCE87763425
TN8776342;SNCF;StopPoint:OCECar à réservation-87763425
TN8776342;SNCF;StopPoint:OCEINTERCITES de nuit-87763425
TN8776342;SNCF;StopPoint:OCETrain TER-87763425
TN8776342;UIC;8776342
TN8776342;UIC8;87763425
TN8776346;SNCF;StopArea:OCE87763466
TN8776346;SNCF;StopPoint:OCECar à réservation-87763466
TN8776346;SNCF;StopPoint:OCEINTERCITES de nuit-87763466
TN8776346;SNCF;StopPoint:OCETrain TER-87763466
TN8776346;UIC;8776346
TN8776346;UIC8;87763466
TN8776350;SNCF;StopArea:OCE87763508
TN8776350;SNCF;StopPoint:OCECar à réservation-87763508
TN8776350;SNCF;StopPoint:OCEINTERCITES de nuit-87763508
TN8776350;SNCF;StopPoint:OCETrain TER-87763508
TN8776350;UIC;8776350
TN8776350;UIC8;87763508
TN8776355;SNCF;StopArea:OCE87763557
TN8776355;SNCF;StopPoint:OCECar à réservation-87763557
TN8776355;SNCF;StopPoint:OCEINTERCITES de nuit-87763557
TN8776355;SNCF;StopPoint:OCETrain TER-87763557
TN8776355;UIC;8776355
TN8776355;UIC8;87763557
TN8776360;SNCF;StopArea:OCE87763607
TN8776360;SNCF;StopPoint:OCECar à réservation-87763607
TN8776360;SNCF;StopPoint:OCEINTERCITES de nuit-87763607
TN8776360;SNCF;StopPoint:OCETrain TER-87763607
TN8776360;UIC;8776360
TN8776360;UIC8;87763607
TN8776372;OSM;10934048371
TN8776372;SNCF;StopArea:OCE87763722
TN8776372;SNCF;StopPoint:OCETrain TER-87763722
TN8776372;UIC;8776372
TN8776372;UIC8;87763722
TN8776372;WIKIDATA;Q2313377
TN8776375;OSM;13699048401
TN8776375;SNCF;StopArea:OCE87763755
TN8776375;SNCF;StopPoint:OCETrain TER-87763755
TN8776375;UIC;8776375
TN8776375;UIC8;87763755
TN8776375;WIKIDATA;Q2280269
TN8776400;OSM;9269995212
TN8776400;SNCF;StopArea:OCE87764001
TN8776400;SNCF;StopPoint:OCETGV INOUI-87764001
TN8776400;SNCF;StopPoint:OCETrain TER-87764001
TN8776400;UIC;8776400
TN8776400;UIC8;87764001
TN8776400;WIKIDATA;Q3097102
TN8776429;OSM;10940383486
TN8776429;SNCF;StopArea:OCE87764290
TN8776429;SNCF;StopPoint:OCETrain TER-87764290
TN8776429;UIC;8776429
TN8776429;UIC8;87764290
TN8776429;WIKIDATA;Q2161382
TN8776430;OSM;10940381731
TN8776430;SNCF;StopArea:OCE87764308
TN8776430;SNCF;StopPoint:OCECar TER-87764308
TN8776430;SNCF;StopPoint:OCETrain TER-87764308
TN8776430;UIC;8776430
TN8776430;UIC8;87764308
TN8776430;WIKIDATA;Q1873503
TN8776435;OSM;4348387689
TN8776435;SNCF;StopArea:OCE87764357
TN8776435;SNCF;StopPoint:OCETrain TER-87764357
TN8776435;UIC;8776435
TN8776435;UIC8;87764357
TN8776435;WIKIDATA;Q3096014
TN8776440;SNCF;StopArea:OCE87764407
TN8776440;SNCF;StopPoint:OCECar TER-87764407
TN8776440;UIC;8776440
TN8776440;UIC8;87764407
TN8776447;OSM;4290857008
TN8776447;SNCF;StopArea:OCE87764472
TN8776447;SNCF;StopPoint:OCETrain TER-87764472
TN8776447;UIC;8776447
TN8776447;UIC8;87764472
TN8776447;WIKIDATA;Q3098232
TN8776455;OSM;10940388948
TN8776455;SNCF;StopArea:OCE87764555
TN8776455;SNCF;StopPoint:OCETrain TER-87764555
TN8776455;UIC;8776455
TN8776455;UIC8;87764555
TN8776455;WIKIDATA;Q3096014
TN8776457;OSM;10940381916
TN8776457;SNCF;StopArea:OCE87764571
TN8776457;SNCF;StopPoint:OCETrain TER-87764571
TN8776457;UIC;8776457
TN8776457;UIC8;87764571
TN8776457;WIKIDATA;Q113573952
TN8776471;SNCF;StopArea:OCE87764712
TN8776471;SNCF;StopPoint:OCECar TER-87764712
TN8776471;UIC;8776471
TN8776471;UIC8;87764712
TN8776472;SNCF;StopArea:OCE87764720
TN8776472;SNCF;StopPoint:OCECar TER-87764720
TN8776472;UIC;8776472
TN8776472;UIC8;87764720
TN8776500;OSM;3805976209
TN8776500;SNCF;StopArea:OCE87765008
TN8776500;SNCF;StopPoint:OCECar TER-87765008
TN8776500;SNCF;StopPoint:OCETGV INOUI-87765008
TN8776500;SNCF;StopPoint:OCETrain TER-87765008
TN8776500;UIC;8776500
TN8776500;UIC8;87765008
TN8776500;WIKIDATA;Q2553804
TN8776510;OSM;10936423882
TN8776510;SNCF;StopArea:OCE87765107
TN8776510;SNCF;StopPoint:OCETGV INOUI-87765107
TN8776510;SNCF;StopPoint:OCETrain TER-87765107
TN8776510;UIC;8776510
TN8776510;UIC8;87765107
TN8776510;WIKIDATA;Q2025211
TN8776518;OSM;13246715946
TN8776518;SNCF;StopArea:OCE87765180
TN8776518;SNCF;StopPoint:OCETrain TER-87765180
TN8776518;UIC;8776518
TN8776518;UIC8;87765180
TN8776518;WIKIDATA;Q3096308
TN8776519;OSM;13246607348
TN8776519;SNCF;StopArea:OCE87765198
TN8776519;SNCF;StopPoint:OCETrain TER-87765198
TN8776519;UIC;8776519
TN8776519;UIC8;87765198
TN8776519;WIKIDATA;Q3096098
TN8776520;OSM;256481308
TN8776520;SNCF;StopArea:OCE87765206
TN8776520;SNCF;StopPoint:OCETrain TER-87765206
TN8776520;UIC;8776520
TN8776520;UIC8;87765206
TN8776520;WIKIDATA;Q3097765
TN8776535;OSM;10933961553
TN8776535;SNCF;StopArea:OCE87765354
TN8776535;SNCF;StopPoint:OCECar TER-87765354
TN8776535;SNCF;StopPoint:OCETrain TER-87765354
TN8776535;UIC;8776535
TN8776535;UIC8;87765354
TN8776535;WIKIDATA;Q2413217
TN8776539;SNCF;StopArea:OCE87765396
TN8776539;SNCF;StopPoint:OCECar TER-87765396
TN8776539;UIC;8776539
TN8776539;UIC8;87765396
TN8776540;SNCF;StopArea:OCE87765404
TN8776540;SNCF;StopPoint:OCECar TER-87765404
TN8776540;UIC;8776540
TN8776540;UIC8;87765404
TN8776541;OSM;13227762957
TN8776541;SNCF;StopArea:OCE87765412
TN8776541;SNCF;StopPoint:OCECar TER-87765412
TN8776541;SNCF;StopPoint:OCETrain TER-87765412
TN8776541;UIC;8776541
TN8776541;UIC8;87765412
TN8776541;WIKIDATA;Q16508050
TN8776542;OSM;13228175268
TN8776542;SNCF;StopArea:OCE87765420
TN8776542;SNCF;StopPoint:OCECar TER-87765420
TN8776542;SNCF;StopPoint:OCETrain TER-87765420
TN8776542;UIC;8776542
TN8776542;UIC8;87765420
TN8776542;WIKIDATA;Q3097106
TN8776543;OSM;13228190193
TN8776543;SNCF;StopArea:OCE87765438
TN8776543;SNCF;StopPoint:OCECar TER-87765438
TN8776543;SNCF;StopPoint:OCETrain TER-87765438
TN8776543;UIC;8776543
TN8776543;UIC8;87765438
TN8776543;WIKIDATA;Q3097613
TN8776544;OSM;13228187432
TN8776544;SNCF;StopArea:OCE87765446
TN8776544;SNCF;StopPoint:OCECar TER-87765446
TN8776544;SNCF;StopPoint:OCETrain TER-87765446
TN8776544;UIC;8776544
TN8776544;UIC8;87765446
TN8776544;WIKIDATA;Q16508003
TN8776545;OSM;13228271580
TN8776545;SNCF;StopArea:OCE87765453
TN8776545;SNCF;StopPoint:OCECar TER-87765453
TN8776545;SNCF;StopPoint:OCETrain TER-87765453
TN8776545;UIC;8776545
TN8776545;UIC8;87765453
TN8776545;WIKIDATA;Q16508095
TN8776547;OSM;13228367306
TN8776547;SNCF;StopArea:OCE87765479
TN8776547;SNCF;StopPoint:OCECar TER-87765479
TN8776547;SNCF;StopPoint:OCETrain TER-87765479
TN8776547;UIC;8776547
TN8776547;UIC8;87765479
TN8776547;WIKIDATA;Q3096732
TN8776550;OSM;10940411510
TN8776550;SNCF;StopArea:OCE87765503
TN8776550;SNCF;StopPoint:OCECar TER-87765503
TN8776550;SNCF;StopPoint:OCETrain TER-87765503
TN8776550;UIC;8776550
TN8776550;UIC8;87765503
TN8776550;WIKIDATA;Q3096148
TN8776573;OSM;10936313537
TN8776573;SNCF;StopArea:OCE87765735
TN8776573;SNCF;StopPoint:OCETrain TER-87765735
TN8776573;UIC;8776573
TN8776573;UIC8;87765735
TN8776573;WIKIDATA;Q3096131
TN8776581;OSM;9645248863
TN8776581;SNCF;StopArea:OCE87765818
TN8776581;SNCF;StopPoint:OCETrain TER-87765818
TN8776581;UIC;8776581
TN8776581;UIC8;87765818
TN8776581;WIKIDATA;Q16508048
TN8776582;OSM;13227717898
TN8776582;SNCF;StopArea:OCE87765826
TN8776582;SNCF;StopPoint:OCETrain TER-87765826
TN8776582;UIC;8776582
TN8776582;UIC8;87765826
TN8776582;WIKIDATA;Q16507939
TN8776594;SNCF;StopArea:OCE87765941
TN8776594;SNCF;StopPoint:OCECar TER-87765941
TN8776594;UIC;8776594
TN8776594;UIC8;87765941
TN8776599;SNCF;StopArea:OCE87765990
TN8776599;SNCF;StopPoint:OCECar TER-87765990
TN8776599;UIC;8776599
TN8776599;UIC8;87765990
TN8776682;SNCF;StopArea:OCE87766824
TN8776682;SNCF;StopPoint:OCECar TER-87766824
TN8776682;UIC;8776682
TN8776682;UIC8;87766824
TN8776683;SNCF;StopArea:OCE87766832
TN8776683;SNCF;StopPoint:OCECar TER-87766832
TN8776683;UIC;8776683
TN8776683;UIC8;87766832
TN8776685;SNCF;StopArea:OCE87766857
TN8776685;SNCF;StopPoint:OCECar TER-87766857
TN8776685;UIC;8776685
TN8776685;UIC8;87766857
TN8776726;SNCF;StopArea:OCE87767269
TN8776726;SNCF;StopPoint:OCECar TER-87767269
TN8776726;UIC;8776726
TN8776726;UIC8;87767269
TN8776780;SNCF;StopArea:OCE87767806
TN8776780;SNCF;StopPoint:OCECar TER-87767806
TN8776780;UIC;8776780
TN8776780;UIC8;87767806
TN8776896;SNCF;StopArea:OCE87768960
TN8776896;SNCF;StopPoint:OCECar TER-87768960
TN8776896;UIC;8776896
TN8776896;UIC8;87768960
TN8776942;SNCF;StopArea:OCE87769422
TN8776942;SNCF;StopPoint:OCECar TER-87769422
TN8776942;UIC;8776942
TN8776942;UIC8;87769422
TN8777280;SNCF;StopArea:OCE87772806
TN8777280;SNCF;StopPoint:OCECar TER-87772806
TN8777280;UIC;8777280
TN8777280;UIC8;87772806
TN8777299;SNCF;StopArea:OCE87772996
TN8777299;SNCF;StopPoint:OCECar TER-87772996
TN8777299;UIC;8777299
TN8777299;UIC8;87772996
TN8777300;OSM;1721162711
TN8777300;SNCF;StopArea:OCE87773002
TN8777300;SNCF;StopPoint:OCECar TER-87773002
TN8777300;SNCF;StopPoint:OCECar à réservation-87773002
TN8777300;SNCF;StopPoint:OCEINTERCITES de nuit-87773002
TN8777300;SNCF;StopPoint:OCEINTERCITES-87773002
TN8777300;SNCF;StopPoint:OCEOUIGO-87773002
TN8777300;SNCF;StopPoint:OCETGV INOUI-87773002
TN8777300;SNCF;StopPoint:OCETrain TER-87773002
TN8777300;UIC;8777300
TN8777300;UIC8;87773002
TN8777300;WIKIDATA;Q801197
TN8777301;SNCF;StopArea:OCE87773010
TN8777301;SNCF;StopPoint:OCECar TER-87773010
TN8777301;UIC;8777301
TN8777301;UIC8;87773010
TN8777309;SNCF;StopArea:OCE87773093
TN8777309;SNCF;StopPoint:OCECar TER-87773093
TN8777309;UIC;8777309
TN8777309;UIC8;87773093
TN8777320;OSM;10931296312
TN8777320;SNCF;StopArea:OCE87773200
TN8777320;SNCF;StopPoint:OCECar TER-87773200
TN8777320;SNCF;StopPoint:OCEINTERCITES de nuit-87773200
TN8777320;SNCF;StopPoint:OCEINTERCITES-87773200
TN8777320;SNCF;StopPoint:OCEOUIGO-87773200
TN8777320;SNCF;StopPoint:OCETGV INOUI-87773200
TN8777320;SNCF;StopPoint:OCETrain TER-87773200
TN8777320;UIC;8777320
TN8777320;UIC8;87773200
TN8777320;WIKIDATA;Q2202002
TN8777340;OSM;8512974532
TN8777340;SNCF;StopArea:OCE87773408
TN8777340;SNCF;StopPoint:OCETrain TER-87773408
TN8777340;UIC;8777340
TN8777340;UIC8;87773408
TN8777340;WIKIDATA;Q2277923
TN8777342;OSM;5077322497
TN8777342;SNCF;StopArea:OCE87773424
TN8777342;SNCF;StopPoint:OCETrain TER-87773424
TN8777342;UIC;8777342
TN8777342;UIC8;87773424
TN8777342;WIKIDATA;Q3096922
TN8777343;OSM;8661786874
TN8777343;SNCF;StopArea:OCE87773432
TN8777343;SNCF;StopPoint:OCETrain TER-87773432
TN8777343;UIC;8777343
TN8777343;UIC8;87773432
TN8777343;WIKIDATA;Q3097921
TN8777345;OSM;4255936001
TN8777345;SNCF;StopArea:OCE87773457
TN8777345;SNCF;StopPoint:OCETrain TER-87773457
TN8777345;UIC;8777345
TN8777345;UIC8;87773457
TN8777345;WIKIDATA;Q3095890
TN8777346;OSM;8319807231
TN8777346;SNCF;StopArea:OCE87773465
TN8777346;SNCF;StopPoint:OCETrain TER-87773465
TN8777346;UIC;8777346
TN8777346;UIC8;87773465
TN8777346;WIKIDATA;Q3097494
TN8777351;OSM;4130625113
TN8777351;SNCF;StopArea:OCE87773515
TN8777351;SNCF;StopPoint:OCETrain TER-87773515
TN8777351;UIC;8777351
TN8777351;UIC8;87773515
TN8777351;WIKIDATA;Q3097997
TN8777353;OSM;4130625153
TN8777353;SNCF;StopArea:OCE87773531
TN8777353;SNCF;StopPoint:OCETrain TER-87773531
TN8777353;UIC;8777353
TN8777353;UIC8;87773531
TN8777353;WIKIDATA;Q3097971
TN8777355;OSM;113297094
TN8777355;SNCF;StopArea:OCE87773556
TN8777355;SNCF;StopPoint:OCECar TER-87773556
TN8777355;SNCF;StopPoint:OCETrain TER-87773556
TN8777355;UIC;8777355
TN8777355;UIC8;87773556
TN8777355;WIKIDATA;Q3096491
TN8777438;SNCF;StopArea:OCE87774380
TN8777438;SNCF;StopPoint:OCECar TER-87774380
TN8777438;UIC;8777438
TN8777438;UIC8;87774380
TN8777451;SNCF;StopArea:OCE87774513
TN8777451;SNCF;StopPoint:OCECar TER-87774513
TN8777451;UIC;8777451
TN8777451;UIC8;87774513
TN8777452;SNCF;StopArea:OCE87774521
TN8777452;SNCF;StopPoint:OCECar TER-87774521
TN8777452;UIC;8777452
TN8777452;UIC8;87774521
TN8777500;OSM;10933998114
TN8777500;SNCF;StopArea:OCE87775007
TN8777500;SNCF;StopPoint:OCECar TER-87775007
TN8777500;SNCF;StopPoint:OCEINTERCITES de nuit-87775007
TN8777500;SNCF;StopPoint:OCEINTERCITES-87775007
TN8777500;SNCF;StopPoint:OCEOUIGO-87775007
TN8777500;SNCF;StopPoint:OCETGV INOUI-87775007
TN8777500;SNCF;StopPoint:OCETrain TER-87775007
TN8777500;UIC;8777500
TN8777500;UIC8;87775007
TN8777500;WIKIDATA;Q2360563
TN8777502;OSM;7270737080
TN8777502;SNCF;StopArea:OCE87775023
TN8777502;SNCF;StopPoint:OCECar TER-87775023
TN8777502;SNCF;StopPoint:OCETrain TER-87775023
TN8777502;UIC;8777502
TN8777502;UIC8;87775023
TN8777502;WIKIDATA;Q3095929
TN8777507;OSM;2035864965
TN8777507;SNCF;StopArea:OCE87775072
TN8777507;SNCF;StopPoint:OCETrain TER-87775072
TN8777507;UIC;8777507
TN8777507;UIC8;87775072
TN8777507;WIKIDATA;Q3097509
TN8777509;OSM;7270705448
TN8777509;SNCF;StopArea:OCE87775098
TN8777509;SNCF;StopPoint:OCETrain TER-87775098
TN8777509;UIC;8777509
TN8777509;UIC8;87775098
TN8777509;WIKIDATA;Q3097039
TN8777510;OSM;5077322500
TN8777510;SNCF;StopArea:OCE87775106
TN8777510;SNCF;StopPoint:OCETrain TER-87775106
TN8777510;UIC;8777510
TN8777510;UIC8;87775106
TN8777510;WIKIDATA;Q3095850
TN8777511;OSM;5077322499
TN8777511;SNCF;StopArea:OCE87775114
TN8777511;SNCF;StopPoint:OCETrain TER-87775114
TN8777511;UIC;8777511
TN8777511;UIC8;87775114
TN8777511;WIKIDATA;Q3097953
TN8777513;OSM;5077322498
TN8777513;SNCF;StopArea:OCE87775130
TN8777513;SNCF;StopPoint:OCETrain TER-87775130
TN8777513;UIC;8777513
TN8777513;UIC8;87775130
TN8777513;WIKIDATA;Q3096509
TN8777514;OSM;991922268
TN8777514;SNCF;StopArea:OCE87775148
TN8777514;SNCF;StopPoint:OCECar TER-87775148
TN8777514;SNCF;StopPoint:OCETrain TER-87775148
TN8777514;UIC;8777514
TN8777514;UIC8;87775148
TN8777514;WIKIDATA;Q3096201
TN8777517;OSM;911189027
TN8777517;SNCF;StopArea:OCE87775171
TN8777517;SNCF;StopPoint:OCECar TER-87775171
TN8777517;SNCF;StopPoint:OCETrain TER-87775171
TN8777517;UIC;8777517
TN8777517;UIC8;87775171
TN8777517;WIKIDATA;Q3096747
TN8777519;OSM;3947473636
TN8777519;SNCF;StopArea:OCE87775197
TN8777519;SNCF;StopPoint:OCECar TER-87775197
TN8777519;SNCF;StopPoint:OCETrain TER-87775197
TN8777519;UIC;8777519
TN8777519;UIC8;87775197
TN8777519;WIKIDATA;Q3097995
TN8777521;OSM;3947473633
TN8777521;SNCF;StopArea:OCE87775213
TN8777521;SNCF;StopPoint:OCECar TER-87775213
TN8777521;SNCF;StopPoint:OCETrain TER-87775213
TN8777521;UIC;8777521
TN8777521;UIC8;87775213
TN8777521;WIKIDATA;Q3096602
TN8777522;OSM;425322095
TN8777522;SNCF;StopArea:OCE87775221
TN8777522;SNCF;StopPoint:OCECar TER-87775221
TN8777522;SNCF;StopPoint:OCETrain TER-87775221
TN8777522;UIC;8777522
TN8777522;UIC8;87775221
TN8777522;WIKIDATA;Q3096177
TN8777523;OSM;991376553
TN8777523;SNCF;StopArea:OCE87775239
TN8777523;SNCF;StopPoint:OCETrain TER-87775239
TN8777523;UIC;8777523
TN8777523;UIC8;87775239
TN8777523;WIKIDATA;Q3097639
TN8777524;OSM;21355350
TN8777524;SNCF;StopArea:OCE87775247
TN8777524;SNCF;StopPoint:OCETrain TER-87775247
TN8777524;UIC;8777524
TN8777524;UIC8;87775247
TN8777524;WIKIDATA;Q3096792
TN8777525;OSM;3947473632
TN8777525;SNCF;StopArea:OCE87775254
TN8777525;SNCF;StopPoint:OCECar TER-87775254
TN8777525;SNCF;StopPoint:OCETrain TER-87775254
TN8777525;UIC;8777525
TN8777525;UIC8;87775254
TN8777525;WIKIDATA;Q3096562
TN8777528;OSM;3947473630
TN8777528;SNCF;StopArea:OCE87775288
TN8777528;SNCF;StopPoint:OCECar TER-87775288
TN8777528;SNCF;StopPoint:OCETrain TER-87775288
TN8777528;UIC;8777528
TN8777528;UIC8;87775288
TN8777528;WIKIDATA;Q3095618
TN8777534;SNCF;StopArea:OCE87775346
TN8777534;SNCF;StopPoint:OCETrain TER-87775346
TN8777534;UIC;8777534
TN8777534;UIC8;87775346
TN8777535;OSM;9587553242
TN8777535;SNCF;StopArea:OCE87775353
TN8777535;SNCF;StopPoint:OCETrain TER-87775353
TN8777535;UIC;8777535
TN8777535;UIC8;87775353
TN8777535;WIKIDATA;Q3097231
TN8777536;OSM;7270748259
TN8777536;SNCF;StopArea:OCE87775361
TN8777536;SNCF;StopPoint:OCECar TER-87775361
TN8777536;SNCF;StopPoint:OCETrain TER-87775361
TN8777536;UIC;8777536
TN8777536;UIC8;87775361
TN8777536;WIKIDATA;Q3097537
TN8777537;OSM;10217275491
TN8777537;SNCF;StopArea:OCE87775379
TN8777537;SNCF;StopPoint:OCETrain TER-87775379
TN8777537;UIC;8777537
TN8777537;UIC8;87775379
TN8777537;WIKIDATA;Q3096441
TN8777579;OSM;415592704
TN8777579;SNCF;StopArea:OCE87775791
TN8777579;SNCF;StopPoint:OCETrain TER-87775791
TN8777579;UIC;8777579
TN8777579;UIC8;87775791
TN8777579;WIKIDATA;Q3096603
TN8777580;OSM;415592608
TN8777580;SNCF;StopArea:OCE87775809
TN8777580;SNCF;StopPoint:OCETrain TER-87775809
TN8777580;UIC;8777580
TN8777580;UIC8;87775809
TN8777580;WIKIDATA;Q3095936
TN8777581;OSM;7270715952
TN8777581;SNCF;StopArea:OCE87775817
TN8777581;SNCF;StopPoint:OCETrain TER-87775817
TN8777581;UIC;8777581
TN8777581;UIC8;87775817
TN8777581;WIKIDATA;Q3097937
TN8777582;OSM;256509330
TN8777582;SNCF;StopArea:OCE87775825
TN8777582;SNCF;StopPoint:OCETrain TER-87775825
TN8777582;UIC;8777582
TN8777582;UIC8;87775825
TN8777582;WIKIDATA;Q3098183
TN8777583;OSM;13947362244
TN8777583;SNCF;StopArea:OCE87775833
TN8777583;SNCF;StopPoint:OCETrain TER-87775833
TN8777583;UIC;8777583
TN8777583;UIC8;87775833
TN8777583;WIKIDATA;Q3095594
TN8777584;OSM;256537168
TN8777584;SNCF;StopArea:OCE87775841
TN8777584;SNCF;StopPoint:OCETrain TER-87775841
TN8777584;UIC;8777584
TN8777584;UIC8;87775841
TN8777584;WIKIDATA;Q3097554
TN8777585;OSM;847948799
TN8777585;SNCF;StopArea:OCE87775858
TN8777585;SNCF;StopPoint:OCETrain TER-87775858
TN8777585;UIC;8777585
TN8777585;UIC8;87775858
TN8777585;WIKIDATA;Q3095590
TN8777586;OSM;7270769393
TN8777586;SNCF;StopArea:OCE87775866
TN8777586;SNCF;StopPoint:OCETrain TER-87775866
TN8777586;UIC;8777586
TN8777586;UIC8;87775866
TN8777586;WIKIDATA;Q3098203
TN8778100;OSM;10933961551
TN8778100;SNCF;StopArea:OCE87781005
TN8778100;SNCF;StopPoint:OCECar TER-87781005
TN8778100;SNCF;StopPoint:OCECar à réservation-87781005
TN8778100;SNCF;StopPoint:OCEINTERCITES de nuit-87781005
TN8778100;SNCF;StopPoint:OCEINTERCITES-87781005
TN8778100;SNCF;StopPoint:OCENavette-87781005
TN8778100;SNCF;StopPoint:OCEOUIGO-87781005
TN8778100;SNCF;StopPoint:OCETGV INOUI-87781005
TN8778100;SNCF;StopPoint:OCETrain TER-87781005
TN8778100;UIC;8778100
TN8778100;UIC8;87781005
TN8778100;WIKIDATA;Q2801649
TN8778106;OSM;10935389113
TN8778106;SNCF;StopArea:OCE87781062
TN8778106;SNCF;StopPoint:OCETrain TER-87781062
TN8778106;UIC;8778106
TN8778106;UIC8;87781062
TN8778106;WIKIDATA;Q2460968
TN8778108;OSM;8312594831
TN8778108;SNCF;StopArea:OCE87781088
TN8778108;SNCF;StopPoint:OCETrain TER-87781088
TN8778108;UIC;8778108
TN8778108;UIC8;87781088
TN8778108;WIKIDATA;Q2062228
TN8778110;OSM;8077757623
TN8778110;SNCF;StopArea:OCE87781104
TN8778110;SNCF;StopPoint:OCECar à réservation-87781104
TN8778110;SNCF;StopPoint:OCEINTERCITES de nuit-87781104
TN8778110;SNCF;StopPoint:OCEINTERCITES-87781104
TN8778110;SNCF;StopPoint:OCEOUIGO-87781104
TN8778110;SNCF;StopPoint:OCETGV INOUI-87781104
TN8778110;SNCF;StopPoint:OCETrain TER-87781104
TN8778110;UIC;8778110
TN8778110;UIC8;87781104
TN8778110;WIKIDATA;Q2591311
TN8778116;OSM;10935382415
TN8778116;SNCF;StopArea:OCE87781161
TN8778116;SNCF;StopPoint:OCETrain TER-87781161
TN8778116;UIC;8778116
TN8778116;UIC8;87781161
TN8778116;WIKIDATA;Q3096305
TN8778126;OSM;1314291681
TN8778126;SNCF;StopArea:OCE87781260
TN8778126;SNCF;StopPoint:OCETrain TER-87781260
TN8778126;UIC;8778126
TN8778126;UIC8;87781260
TN8778126;WIKIDATA;Q3097969
TN8778127;OSM;6219752308
TN8778127;SNCF;StopArea:OCE87781278
TN8778127;SNCF;StopPoint:OCECar TER-87781278
TN8778127;SNCF;StopPoint:OCEINTERCITES de nuit-87781278
TN8778127;SNCF;StopPoint:OCEOUIGO-87781278
TN8778127;SNCF;StopPoint:OCETGV INOUI-87781278
TN8778127;SNCF;StopPoint:OCETrain TER-87781278
TN8778127;UIC;8778127
TN8778127;UIC8;87781278
TN8778127;WIKIDATA;Q2028453
TN8778129;OSM;10931276738
TN8778129;SNCF;StopArea:OCE87781294
TN8778129;SNCF;StopPoint:OCETrain TER-87781294
TN8778129;UIC;8778129
TN8778129;UIC8;87781294
TN8778129;WIKIDATA;Q2125963
TN8778153;OSM;11134203425
TN8778153;SNCF;StopArea:OCE87781534
TN8778153;SNCF;StopPoint:OCECar TER-87781534
TN8778153;SNCF;StopPoint:OCETrain TER-87781534
TN8778153;UIC;8778153
TN8778153;UIC8;87781534
TN8778153;WIKIDATA;Q3097085
TN8778154;OSM;444383654
TN8778154;SNCF;StopArea:OCE87781542
TN8778154;SNCF;StopPoint:OCECar TER-87781542
TN8778154;SNCF;StopPoint:OCEINTERCITES-87781542
TN8778154;SNCF;StopPoint:OCETrain TER-87781542
TN8778154;UIC;8778154
TN8778154;UIC8;87781542
TN8778154;WIKIDATA;Q3096153
TN8778155;OSM;444383478
TN8778155;SNCF;StopArea:OCE87781559
TN8778155;SNCF;StopPoint:OCETrain TER-87781559
TN8778155;UIC;8778155
TN8778155;UIC8;87781559
TN8778155;WIKIDATA;Q3098145
TN8778157;OSM;444372348
TN8778157;SNCF;StopArea:OCE87781575
TN8778157;SNCF;StopPoint:OCECar TER-87781575
TN8778157;SNCF;StopPoint:OCETrain TER-87781575
TN8778157;UIC;8778157
TN8778157;UIC8;87781575
TN8778157;WIKIDATA;Q3096920
TN8778158;OSM;444366495
TN8778158;SNCF;StopArea:OCE87781583
TN8778158;SNCF;StopPoint:OCECar TER-87781583
TN8778158;SNCF;StopPoint:OCEINTERCITES-87781583
TN8778158;SNCF;StopPoint:OCETrain TER-87781583
TN8778158;UIC;8778158
TN8778158;UIC8;87781583
TN8778158;WIKIDATA;Q3098175
TN8778160;OSM;9689294351
TN8778160;SNCF;StopArea:OCE87781609
TN8778160;SNCF;StopPoint:OCECar TER-87781609
TN8778160;SNCF;StopPoint:OCEINTERCITES-87781609
TN8778160;SNCF;StopPoint:OCENavette-87781609
TN8778160;SNCF;StopPoint:OCETrain TER-87781609
TN8778160;UIC;8778160
TN8778160;UIC8;87781609
TN8778160;WIKIDATA;Q3096097
TN8778166;OSM;550396542
TN8778166;SNCF;StopArea:OCE87781666
TN8778166;SNCF;StopPoint:OCECar TER-87781666
TN8778166;SNCF;StopPoint:OCEINTERCITES-87781666
TN8778166;SNCF;StopPoint:OCETrain TER-87781666
TN8778166;UIC;8778166
TN8778166;UIC8;87781666
TN8778166;WIKIDATA;Q3096949
TN8778260;OSM;8309273399
TN8778260;SNCF;StopArea:OCE87782607
TN8778260;SNCF;StopPoint:OCECar TER-87782607
TN8778260;SNCF;StopPoint:OCETrain TER-87782607
TN8778260;UIC;8778260
TN8778260;UIC8;87782607
TN8778260;WIKIDATA;Q3096253
TN8778300;OSM;10936292223
TN8778300;SNCF;StopArea:OCE87783001
TN8778300;SNCF;StopPoint:OCECar TER-87783001
TN8778300;SNCF;StopPoint:OCEINTERCITES-87783001
TN8778300;SNCF;StopPoint:OCETrain TER-87783001
TN8778300;UIC;8778300
TN8778300;UIC8;87783001
TN8778300;WIKIDATA;Q3097038
TN8778317;OSM;957040374
TN8778317;SNCF;StopArea:OCE87783175
TN8778317;SNCF;StopPoint:OCECar TER-87783175
TN8778317;SNCF;StopPoint:OCEINTERCITES-87783175
TN8778317;UIC;8778317
TN8778317;UIC8;87783175
TN8778317;WIKIDATA;Q3097518
TN8778324;OSM;13196321018
TN8778324;SNCF;StopArea:OCE87783241
TN8778324;SNCF;StopPoint:OCECar TER-87783241
TN8778324;SNCF;StopPoint:OCEINTERCITES-87783241
TN8778324;SNCF;StopPoint:OCETrain TER-87783241
TN8778324;UIC;8778324
TN8778324;UIC8;87783241
TN8778324;WIKIDATA;Q3097505
TN8778326;OSM;493923803
TN8778326;SNCF;StopArea:OCE87783266
TN8778326;SNCF;StopPoint:OCECar TER-87783266
TN8778326;SNCF;StopPoint:OCEINTERCITES-87783266
TN8778326;SNCF;StopPoint:OCETrain TER-87783266
TN8778326;UIC;8778326
TN8778326;UIC8;87783266
TN8778326;WIKIDATA;Q2281625
TN8778328;OSM;369691089
TN8778328;SNCF;StopArea:OCE87783282
TN8778328;SNCF;StopPoint:OCECar TER-87783282
TN8778328;SNCF;StopPoint:OCEINTERCITES-87783282
TN8778328;SNCF;StopPoint:OCETrain TER-87783282
TN8778328;UIC;8778328
TN8778328;UIC8;87783282
TN8778328;WIKIDATA;Q3096989
TN8778329;OSM;799573565
TN8778329;SNCF;StopArea:OCE87783290
TN8778329;SNCF;StopPoint:OCECar TER-87783290
TN8778329;SNCF;StopPoint:OCETrain TER-87783290
TN8778329;UIC;8778329
TN8778329;UIC8;87783290
TN8778329;WIKIDATA;Q3096221
TN8778330;OSM;470273463
TN8778330;SNCF;StopArea:OCE87783308
TN8778330;SNCF;StopPoint:OCECar TER-87783308
TN8778330;SNCF;StopPoint:OCEINTERCITES-87783308
TN8778330;SNCF;StopPoint:OCETrain TER-87783308
TN8778330;UIC;8778330
TN8778330;UIC8;87783308
TN8778330;WIKIDATA;Q3098214
TN8778332;OSM;3470966794
TN8778332;SNCF;StopArea:OCE87783324
TN8778332;SNCF;StopPoint:OCEINTERCITES-87783324
TN8778332;SNCF;StopPoint:OCETrain TER-87783324
TN8778332;UIC;8778332
TN8778332;UIC8;87783324
TN8778332;WIKIDATA;Q2410794
TN8778334;OSM;1027947109
TN8778334;SNCF;StopArea:OCE87783340
TN8778334;SNCF;StopPoint:OCEINTERCITES-87783340
TN8778334;SNCF;StopPoint:OCETrain TER-87783340
TN8778334;UIC;8778334
TN8778334;UIC8;87783340
TN8778334;WIKIDATA;Q3096117
TN8778336;OSM;11134203424
TN8778336;SNCF;StopArea:OCE87783365
TN8778336;SNCF;StopPoint:OCECar TER-87783365
TN8778336;SNCF;StopPoint:OCEINTERCITES-87783365
TN8778336;SNCF;StopPoint:OCETrain TER-87783365
TN8778336;UIC;8778336
TN8778336;UIC8;87783365
TN8778336;WIKIDATA;Q2191151
TN8778339;SNCF;StopArea:OCE87783399
TN8778339;SNCF;StopPoint:OCECar TER-87783399
TN8778339;UIC;8778339
TN8778339;UIC8;87783399
TN8778342;SNCF;StopArea:OCE87783423
TN8778342;SNCF;StopPoint:OCECar TER-87783423
TN8778342;SNCF;StopPoint:OCEINTERCITES-87783423
TN8778342;SNCF;StopPoint:OCETrain TER-87783423
TN8778342;UIC;8778342
TN8778342;UIC8;87783423
TN8778343;OSM;348356697
TN8778343;SNCF;StopArea:OCE87783431
TN8778343;SNCF;StopPoint:OCECar TER-87783431
TN8778343;SNCF;StopPoint:OCEINTERCITES-87783431
TN8778343;SNCF;StopPoint:OCETrain TER-87783431
TN8778343;UIC;8778343
TN8778343;UIC8;87783431
TN8778343;WIKIDATA;Q3097612
TN8778345;OSM;9689376063
TN8778345;SNCF;StopArea:OCE87783456
TN8778345;SNCF;StopPoint:OCECar TER-87783456
TN8778345;SNCF;StopPoint:OCEINTERCITES-87783456
TN8778345;SNCF;StopPoint:OCETrain TER-87783456
TN8778345;UIC;8778345
TN8778345;UIC8;87783456
TN8778345;WIKIDATA;Q3097889
TN8778351;OSM;543749218
TN8778351;SNCF;StopArea:OCE87783514
TN8778351;SNCF;StopPoint:OCETrain TER-87783514
TN8778351;UIC;8778351
TN8778351;UIC8;87783514
TN8778351;WIKIDATA;Q3126261
TN8778353;OSM;11599404126
TN8778353;SNCF;StopArea:OCE87783530
TN8778353;SNCF;StopPoint:OCECar TER-87783530
TN8778353;SNCF;StopPoint:OCETrain TER-87783530
TN8778353;UIC;8778353
TN8778353;UIC8;87783530
TN8778353;WIKIDATA;Q1865145
TN8778354;OSM;2472123985
TN8778354;SNCF;StopArea:OCE87783548
TN8778354;SNCF;StopPoint:OCETrain TER-87783548
TN8778354;UIC;8778354
TN8778354;UIC8;87783548
TN8778354;WIKIDATA;Q3098182
TN8778356;OSM;3470966893
TN8778356;SNCF;StopArea:OCE87783563
TN8778356;SNCF;StopPoint:OCECar TER-87783563
TN8778356;SNCF;StopPoint:OCETrain TER-87783563
TN8778356;UIC;8778356
TN8778356;UIC8;87783563
TN8778360;OSM;9697103558
TN8778360;SNCF;StopArea:OCE87783605
TN8778360;SNCF;StopPoint:OCECar TER-87783605
TN8778360;SNCF;StopPoint:OCETrain TER-87783605
TN8778360;UIC;8778360
TN8778360;UIC8;87783605
TN8778360;WIKIDATA;Q3097015
TN8778364;OSM;11134244806
TN8778364;SNCF;StopArea:OCE87783647
TN8778364;SNCF;StopPoint:OCECar TER-87783647
TN8778364;SNCF;StopPoint:OCETrain TER-87783647
TN8778364;UIC;8778364
TN8778364;UIC8;87783647
TN8778364;WIKIDATA;Q2267810
TN8778365;OSM;3470966793
TN8778365;SNCF;StopArea:OCE87783654
TN8778365;SNCF;StopPoint:OCECar TER-87783654
TN8778365;SNCF;StopPoint:OCETrain TER-87783654
TN8778365;UIC;8778365
TN8778365;UIC8;87783654
TN8778367;OSM;991871290
TN8778367;SNCF;StopArea:OCE87783670
TN8778367;SNCF;StopPoint:OCECar TER-87783670
TN8778367;SNCF;StopPoint:OCETrain TER-87783670
TN8778367;UIC;8778367
TN8778367;UIC8;87783670
TN8778367;WIKIDATA;Q3095955
TN8778375;SNCF;StopArea:OCE87783753
TN8778375;SNCF;StopPoint:OCECar TER-87783753
TN8778375;UIC;8778375
TN8778375;UIC8;87783753
TN8778379;SNCF;StopArea:OCE87783795
TN8778379;SNCF;StopPoint:OCECar TER-87783795
TN8778379;UIC;8778379
TN8778379;UIC8;87783795
TN8778400;OSM;448465221
TN8778400;SNCF;StopArea:OCE87784009
TN8778400;SNCF;StopPoint:OCECar TER-87784009
TN8778400;SNCF;StopPoint:OCEINTERCITES de nuit-87784009
TN8778400;SNCF;StopPoint:OCEOUIGO-87784009
TN8778400;SNCF;StopPoint:OCETGV INOUI-87784009
TN8778400;SNCF;StopPoint:OCETrain TER-87784009
TN8778400;UIC;8778400
TN8778400;UIC8;87784009
TN8778400;WIKIDATA;Q2283118
TN8778415;OSM;10935389112
TN8778415;SNCF;StopArea:OCE87784157
TN8778415;SNCF;StopPoint:OCETrain TER-87784157
TN8778415;UIC;8778415
TN8778415;UIC8;87784157
TN8778415;WIKIDATA;Q2054027
TN8778417;OSM;10935387511
TN8778417;SNCF;StopArea:OCE87784173
TN8778417;SNCF;StopPoint:OCETrain TER-87784173
TN8778417;UIC;8778417
TN8778417;UIC8;87784173
TN8778420;OSM;5669434151
TN8778420;SNCF;StopArea:OCE87784207
TN8778420;SNCF;StopPoint:OCECar TER-87784207
TN8778420;SNCF;StopPoint:OCEINTERCITES de nuit-87784207
TN8778420;SNCF;StopPoint:OCETrain TER-87784207
TN8778420;UIC;8778420
TN8778420;UIC8;87784207
TN8778420;WIKIDATA;Q2016019
TN8778423;OSM;1356834411
TN8778423;SNCF;StopArea:OCE87784231
TN8778423;SNCF;StopPoint:OCECar TER-87784231
TN8778423;SNCF;StopPoint:OCEINTERCITES de nuit-87784231
TN8778423;SNCF;StopPoint:OCETrain TER-87784231
TN8778423;UIC;8778423
TN8778423;UIC8;87784231
TN8778423;WIKIDATA;Q3033406
TN8778425;OSM;10940364804
TN8778425;SNCF;StopArea:OCE87784256
TN8778425;SNCF;StopPoint:OCECar TER-87784256
TN8778425;SNCF;StopPoint:OCEINTERCITES de nuit-87784256
TN8778425;SNCF;StopPoint:OCETrain TER-87784256
TN8778425;UIC;8778425
TN8778425;UIC8;87784256
TN8778425;WIKIDATA;Q2315101
TN8778426;OSM;5669448842
TN8778426;SNCF;StopArea:OCE87784264
TN8778426;SNCF;StopPoint:OCECar TER-87784264
TN8778426;SNCF;StopPoint:OCEINTERCITES de nuit-87784264
TN8778426;SNCF;StopPoint:OCETrain TER-87784264
TN8778426;UIC;8778426
TN8778426;UIC8;87784264
TN8778426;WIKIDATA;Q2212891
TN8778429;OSM;11611812802
TN8778429;SNCF;StopArea:OCE87784298
TN8778429;SNCF;StopPoint:OCECar TER-87784298
TN8778429;SNCF;StopPoint:OCEINTERCITES de nuit-87784298
TN8778429;SNCF;StopPoint:OCETrain TER-87784298
TN8778429;UIC;8778429
TN8778429;UIC8;87784298
TN8778429;WIKIDATA;Q2243839
TN8778451;OSM;9289429275
TN8778451;SNCF;StopArea:OCE87784512
TN8778451;SNCF;StopPoint:OCECar TER-87784512
TN8778451;SNCF;StopPoint:OCETrain TER-87784512
TN8778451;UIC;8778451
TN8778451;UIC8;87784512
TN8778451;WIKIDATA;Q3098237
TN8778452;OSM;9288070933
TN8778452;SNCF;StopArea:OCE87784520
TN8778452;SNCF;StopPoint:OCECar TER-87784520
TN8778452;SNCF;StopPoint:OCETrain TER-87784520
TN8778452;UIC;8778452
TN8778452;UIC8;87784520
TN8778452;WIKIDATA;Q1937209
TN8778454;OSM;9286224580
TN8778454;SNCF;StopArea:OCE87784546
TN8778454;SNCF;StopPoint:OCECar TER-87784546
TN8778454;SNCF;StopPoint:OCETrain TER-87784546
TN8778454;UIC;8778454
TN8778454;UIC8;87784546
TN8778454;WIKIDATA;Q2609571
TN8778456;OSM;13246593429
TN8778456;SNCF;StopArea:OCE87784561
TN8778456;SNCF;StopPoint:OCECar TER-87784561
TN8778456;SNCF;StopPoint:OCETrain TER-87784561
TN8778456;UIC;8778456
TN8778456;UIC8;87784561
TN8778456;WIKIDATA;Q3095787
TN8778461;OSM;9737457187
TN8778461;SNCF;StopArea:OCE87784611
TN8778461;SNCF;StopPoint:OCECar TER-87784611
TN8778461;SNCF;StopPoint:OCETrain TER-87784611
TN8778461;UIC;8778461
TN8778461;UIC8;87784611
TN8778461;WIKIDATA;Q3098022
TN8778462;OSM;9737372885
TN8778462;SNCF;StopArea:OCE87784629
TN8778462;SNCF;StopPoint:OCECar TER-87784629
TN8778462;SNCF;StopPoint:OCETrain TER-87784629
TN8778462;UIC;8778462
TN8778462;UIC8;87784629
TN8778462;WIKIDATA;Q2437638
TN8778463;SNCF;StopArea:OCE87784637
TN8778463;SNCF;StopPoint:OCECar TER-87784637
TN8778463;SNCF;StopPoint:OCETrain TER-87784637
TN8778463;UIC;8778463
TN8778463;UIC8;87784637
TN8778466;SNCF;StopArea:OCE87784660
TN8778466;SNCF;StopPoint:OCECar TER-87784660
TN8778466;SNCF;StopPoint:OCETrain TER-87784660
TN8778466;UIC;8778466
TN8778466;UIC8;87784660
TN8778468;SNCF;StopArea:OCE87784686
TN8778468;SNCF;StopPoint:OCECar TER-87784686
TN8778468;SNCF;StopPoint:OCETrain TER-87784686
TN8778468;UIC;8778468
TN8778468;UIC8;87784686
TN8778470;OSM;297607149
TN8778470;SNCF;StopArea:OCE87784702
TN8778470;SNCF;StopPoint:OCECar TER-87784702
TN8778470;SNCF;StopPoint:OCETrain TER-87784702
TN8778470;UIC;8778470
TN8778470;UIC8;87784702
TN8778470;WIKIDATA;Q430759
TN8778471;OSM;349306741
TN8778471;SNCF;StopArea:OCE87784710
TN8778471;SNCF;StopPoint:OCECar TER-87784710
TN8778471;SNCF;StopPoint:OCETrain TER-87784710
TN8778471;UIC;8778471
TN8778471;UIC8;87784710
TN8778471;WIKIDATA;Q2913010
TN8778472;OSM;11142252692
TN8778472;SNCF;StopArea:OCE87784728
TN8778472;SNCF;StopPoint:OCECar TER-87784728
TN8778472;SNCF;StopPoint:OCETrain TER-87784728
TN8778472;UIC;8778472
TN8778472;UIC8;87784728
TN8778472;WIKIDATA;Q2999397
TN8778473;OSM;653820721
TN8778473;SNCF;StopArea:OCE87784736
TN8778473;SNCF;StopPoint:OCETrain TER-87784736
TN8778473;UIC;8778473
TN8778473;UIC8;87784736
TN8778473;WIKIDATA;Q2293147
TN8778474;OSM;939391273
TN8778474;SNCF;StopArea:OCE87784744
TN8778474;SNCF;StopPoint:OCECar TER-87784744
TN8778474;SNCF;StopPoint:OCETrain TER-87784744
TN8778474;UIC;8778474
TN8778474;UIC8;87784744
TN8778474;WIKIDATA;Q2043100
TN8778475;OSM;939389867
TN8778475;SNCF;StopArea:OCE87784751
TN8778475;SNCF;StopPoint:OCETrain TER-87784751
TN8778475;UIC;8778475
TN8778475;UIC8;87784751
TN8778475;WIKIDATA;Q2402394
TN8778476;OSM;297605733
TN8778476;SNCF;StopArea:OCE87784769
TN8778476;SNCF;StopPoint:OCECar TER-87784769
TN8778476;SNCF;StopPoint:OCETrain TER-87784769
TN8778476;UIC;8778476
TN8778476;UIC8;87784769
TN8778476;WIKIDATA;Q3096454
TN8778477;OSM;939390760
TN8778477;SNCF;StopArea:OCE87784777
TN8778477;SNCF;StopPoint:OCETrain TER-87784777
TN8778477;UIC;8778477
TN8778477;UIC8;87784777
TN8778477;WIKIDATA;Q2022900
TN8778478;OSM;35331128
TN8778478;SNCF;StopArea:OCE87784785
TN8778478;SNCF;StopPoint:OCETrain TER-87784785
TN8778478;UIC;8778478
TN8778478;UIC8;87784785
TN8778478;WIKIDATA;Q2093892
TN8778479;OSM;9794503233
TN8778479;SNCF;StopArea:OCE87784793
TN8778479;SNCF;StopPoint:OCECar TER-87784793
TN8778479;SNCF;StopPoint:OCETrain TER-87784793
TN8778479;UIC;8778479
TN8778479;UIC8;87784793
TN8778479;WIKIDATA;Q1879424
TN8778480;OSM;353099743
TN8778480;SNCF;StopArea:OCE87784801
TN8778480;SNCF;StopPoint:OCECar TER-87784801
TN8778480;SNCF;StopPoint:OCETrain TER-87784801
TN8778480;UIC;8778480
TN8778480;UIC8;87784801
TN8778480;WIKIDATA;Q2718282
TN8778481;OSM;11151904315
TN8778481;SNCF;StopArea:OCE87784819
TN8778481;SNCF;StopPoint:OCECar TER-87784819
TN8778481;SNCF;StopPoint:OCETrain TER-87784819
TN8778481;UIC;8778481
TN8778481;UIC8;87784819
TN8778481;WIKIDATA;Q2013866
TN8778482;OSM;281164412
TN8778482;SNCF;StopArea:OCE87784827
TN8778482;SNCF;StopPoint:OCETrain TER-87784827
TN8778482;UIC;8778482
TN8778482;UIC8;87784827
TN8778482;WIKIDATA;Q2387136
TN8778483;SNCF;StopArea:OCE87784835
TN8778483;SNCF;StopPoint:OCECar TER-87784835
TN8778483;SNCF;StopPoint:OCETrain TER-87784835
TN8778483;UIC;8778483
TN8778483;UIC8;87784835
TN8778484;OSM;341917245
TN8778484;SNCF;StopArea:OCE87784843
TN8778484;SNCF;StopPoint:OCECar TER-87784843
TN8778484;SNCF;StopPoint:OCETrain TER-87784843
TN8778484;UIC;8778484
TN8778484;UIC8;87784843
TN8778484;WIKIDATA;Q2402792
TN8778485;OSM;345645600
TN8778485;SNCF;StopArea:OCE87784850
TN8778485;SNCF;StopPoint:OCETrain TER-87784850
TN8778485;UIC;8778485
TN8778485;UIC8;87784850
TN8778485;WIKIDATA;Q3097651
TN8778486;OSM;345645759
TN8778486;SNCF;StopArea:OCE87784868
TN8778486;SNCF;StopPoint:OCECar TER-87784868
TN8778486;SNCF;StopPoint:OCETrain TER-87784868
TN8778486;UIC;8778486
TN8778486;UIC8;87784868
TN8778486;WIKIDATA;Q3095842
TN8778487;OSM;345645681
TN8778487;SNCF;StopArea:OCE87784876
TN8778487;SNCF;StopPoint:OCECar TER-87784876
TN8778487;SNCF;StopPoint:OCETrain TER-87784876
TN8778487;UIC;8778487
TN8778487;UIC8;87784876
TN8778487;WIKIDATA;Q2182626
TN8778488;OSM;341968236
TN8778488;SNCF;StopArea:OCE87784884
TN8778488;SNCF;StopPoint:OCECar TER-87784884
TN8778488;SNCF;StopPoint:OCETrain TER-87784884
TN8778488;UIC;8778488
TN8778488;UIC8;87784884
TN8778488;WIKIDATA;Q1822149
TN8778489;OSM;2989645245
TN8778489;SNCF;StopArea:OCE87784892
TN8778489;SNCF;StopPoint:OCECar TER-87784892
TN8778489;SNCF;StopPoint:OCETrain TER-87784892
TN8778489;UIC;8778489
TN8778489;UIC8;87784892
TN8778489;WIKIDATA;Q3096108
TN8778500;OSM;10940370468
TN8778500;SNCF;StopArea:OCE87785006
TN8778500;SNCF;StopPoint:OCECar TER-87785006
TN8778500;SNCF;StopPoint:OCEINTERCITES de nuit-87785006
TN8778500;SNCF;StopPoint:OCETrain TER-87785006
TN8778500;UIC;8778500
TN8778500;UIC8;87785006
TN8778500;WIKIDATA;Q977356
TN8793698;SNCF;StopArea:OCE87936989
TN8793698;SNCF;StopPoint:OCECar TER-87936989
TN8793698;UIC;8793698
TN8793698;UIC8;87936989
TN8814001;CRS;BXS
TN8814001;OSM;17401552
TN8814001;SNCF;StopArea:OCE88140010
TN8814001;SNCF;StopPoint:OCETGV INOUI-88140010
TN8814001;SNCF;StopPoint:OCETrain-88140010
TN8814001;UIC;8814001
TN8814001;UIC8;88140010
TN8814001;WIKIDATA;Q800587
TN8871605;OSM;6016120140
TN8871605;SNCF;StopArea:OCE88716050
TN8871605;SNCF;StopPoint:OCETrain TER-88716050
TN8871605;UIC;8871605
TN8871605;UIC8;88716050
TN8871647;OSM;6016120162
TN8871647;SNCF;StopArea:OCE88716472
TN8871647;SNCF;StopPoint:OCETrain TER-88716472
TN8871647;UIC;8871647
TN8871647;UIC8;88716472
TN8871647;WIKIDATA;Q2687284
TN8871662;OSM;6016124040
TN8871662;SNCF;StopArea:OCE88716621
TN8871662;SNCF;StopPoint:OCETrain TER-88716621
TN8871662;UIC;8871662
TN8871662;UIC8;88716621
TN8871662;WIKIDATA;Q781852
TN8871670;OSM;6016124066
TN8871670;SNCF;StopArea:OCE88716704
TN8871670;SNCF;StopPoint:OCETrain TER-88716704
TN8871670;UIC;8871670
TN8871670;UIC8;88716704
TN8871670;WIKIDATA;Q3096825
TN8871688;OSM;6016124186
TN8871688;SNCF;StopArea:OCE88716886
TN8871688;SNCF;StopPoint:OCETrain TER-88716886
TN8871688;UIC;8871688
TN8871688;UIC8;88716886
TN8871688;WIKIDATA;Q1855658
TN8871712;OSM;6015917266
TN8871712;SNCF;StopArea:OCE88717124
TN8871712;SNCF;StopPoint:OCETrain TER-88717124
TN8871712;UIC;8871712
TN8871712;UIC8;88717124
TN8871712;WIKIDATA;Q2051889
TN8871811;OSM;4793334874
TN8871811;SNCF;StopArea:OCE88718114
TN8871811;SNCF;StopPoint:OCETrain TER-88718114
TN8871811;UIC;8871811
TN8871811;UIC8;88718114
TN8871811;WIKIDATA;Q2599197
TN8871829;OSM;6015919700
TN8871829;SNCF;StopArea:OCE88718296
TN8871829;SNCF;StopPoint:OCETrain TER-88718296
TN8871829;UIC;8871829
TN8871829;UIC8;88718296
TN8871829;WIKIDATA;Q659258
TN8871837;OSM;6013522669
TN8871837;SNCF;StopArea:OCE88718379
TN8871837;SNCF;StopPoint:OCETrain TER-88718379
TN8871837;UIC;8871837
TN8871837;UIC8;88718379
TN8871837;WIKIDATA;Q2326429
TN8871852;OSM;6013524527
TN8871852;SNCF;StopArea:OCE88718528
TN8871852;SNCF;StopPoint:OCETrain TER-88718528
TN8871852;UIC;8871852
TN8871852;UIC8;88718528
TN8871852;WIKIDATA;Q594080
TN8872009;OSM;6010646002
TN8872009;SNCF;StopArea:OCE88720090
TN8872009;SNCF;StopPoint:OCECar TER-88720090
TN8872009;SNCF;StopPoint:OCETrain TER-88720090
TN8872009;UIC;8872009
TN8872009;UIC8;88720090
TN8872009;WIKIDATA;Q2043526
TN8881000;OSM;6360374596
TN8881000;SNCF;StopArea:OCE88810000
TN8881000;SNCF;StopPoint:OCETrain-88810000
TN8881000;UIC;8881000
TN8881000;UIC8;88810000
TN8881000;WIKIDATA;Q3097068
TN8885001;OSM;7072155262
TN8885001;SNCF;StopArea:OCE88850010
TN8885001;SNCF;StopPoint:OCETrain TER-88850010
TN8885001;UIC;8885001
TN8885001;UIC8;88850010
TN8885001;WIKIDATA;Q283437
TN8885068;OSM;436458637
TN8885068;SNCF;StopArea:OCE88850685
TN8885068;SNCF;StopPoint:OCETrain TER-88850685
TN8885068;UIC;8885068
TN8885068;UIC8;88850685
TN8885068;WIKIDATA;Q3096496
TN8885704;OSM;7299178958
TN8885704;SNCF;StopArea:OCE88857040
TN8885704;SNCF;StopPoint:OCECar TER-88857040
TN8885704;SNCF;StopPoint:OCETrain TER-88857040
TN8885704;UIC;8885704
TN8885704;UIC8;88857040
TN8885704;WIKIDATA;Q3097128
TN8896008;OSM;21309047
TN8896008;SNCF;StopArea:OCE88960080
TN8896008;SNCF;StopPoint:OCETrain TER-88960080
TN8896008;UIC;8896008
TN8896008;UIC8;88960080
TN8896008;WIKIDATA;Q2786619
