id;type;nom_fr;nom_en;nom_local;uic;uic8;lat;lon;pays;fuseau;ville_id;trains;cars;statut;osm_id;wikidata;ifopt;code_db;cle;nom_gtfs
TN7104307;gare;Figueres Vilafant;Figueres Vilafant;Figueres Vilafant;7104307;71043075;42.264695;2.942684;ES;Europe/Madrid;Q12153;TGV INOUI;;uic;1914054304;Q2783545;;;71043075;FIGUERES-VILAFANT
TN7171801;gare;Barcelona - Sants;Barcelona - Sants;Barcelona - Sants;7171801;71718010;41.379007;2.140004;ES;Europe/Madrid;Q1492;TGV INOUI;;uic;2158044594;;;;71718010;Barcelone-Sants
TN7179300;gare;Girona;Girona;Girona;7179300;71793000;41.979166;2.816286;ES;Europe/Madrid;Q7038;TGV INOUI;;uic;7490586752;Q3088107;;;71793000;GIRONA
TN7179315;gare;Portbou;Portbou;Portbou;7179315;71793150;42.424798;3.158012;ES;Europe/Madrid;Q7165;Train TER;Car TER;nom;5418197107;Q979452;;XEPB;71793150;Portbou
TN8002140;gare;Augsburg Hbf;Augsburg Hauptbahnhof;Augsburg Hauptbahnhof;8002140;80021402;48.365491;10.885691;DE;Europe/Berlin;Q2749;ICE;;uic;1058668074;Q682505;de:09761:100;MA;80021402;Augsburg Hbf
TN8003004;gare;Berlin Ostbahnhof;Berlin Eastern Station;Berlin Ostbahnhof;8003004;80030049;52.510382;13.434911;DE;Europe/Berlin;Q64;ICE;;uic;3419894993;Q683239;;BHF;80030049;Berlin Ostbahnhof
TN8003025;gare;Berlin-Spandau;Berlin-Spandau;Berlin-Spandau;8003025;80030254;52.534769;13.195629;DE;Europe/Berlin;Q64;ICE;;uic;3101920259;Q654980;;BSPD;80030254;Berlin-Spandau
TN8005365;gare;Kassel-Wilhelmshöhe;Kassel-Wilhelmshöhe;Kassel-Wilhelmshöhe;8005365;80053652;51.311388;9.447705;DE;Europe/Berlin;Q2865;ICE;;uic;260716557;Q563272;;FKW;80053652;Kassel-Wilhelmshoehe
TN8007799;gare;Berlin-Gesundbrunnen;Berlin Gesundbrunnen;Berlin Gesundbrunnen;8007799;80077990;52.548645;13.390217;DE;Europe/Berlin;Q64;ICE;;uic;459277140;Q678286;;BGS;80077990;Berlin-Gesundbrunnen
TN8011068;gare;Frankfurt(Main)Hbf;Frankfurt (Main) Hauptbahnhof;Frankfurt (Main) Hauptbahnhof;8011068;80110684;50.106654;8.662581;DE;Europe/Berlin;Q1794;ICE;;uic;205364328;Q165368;de:6412:10:1;FF;80110684;Francfort sur le Main
TN8014008;gare;Mannheim Hauptbahnhof;Mannheim Hauptbahnhof;Mannheim Hauptbahnhof;8014008;80140087;49.479236;8.469411;DE;Europe/Berlin;Q2119;ICE;;uic;25439439;Q706994;de:08222:2417;RM;80140087;Mannheim Hbf
TN8014021;gare;Heidelberg Hauptbahnhof;Heidelberg Hauptbahnhof;Heidelberg Hauptbahnhof;8014021;80140210;49.403474;8.675422;DE;Europe/Berlin;Q2966;ICE;;uic;2820941790;Q467998;de:08221:1160;RH;80140210;Heidelberg Hbf
TN8014228;gare;Karlsruhe Hauptbahnhof;Karlsruhe Hauptbahnhof;Karlsruhe Hauptbahnhof;8014228;80142281;48.993616;8.402052;DE;Europe/Berlin;Q1040;ICE;;uic;2574283615;Q688541;de:08212:90;RK;80142281;Karlsruhe Hbf
TN8014277;gare;Baden-Baden;Baden-Baden;Baden-Baden;8014277;80142778;48.790442;8.191063;DE;Europe/Berlin;Q4100;ICE;;uic;2931245709;Q442698;de:08211:1847;RBB;80142778;Baden-Baden
TN8014289;gare;Appenweier;Appenweier;Appenweier;8014289;80142893;48.541639;7.97341;DE;Europe/Berlin;Q527749;Train TER;Car TER;uic;2572551585;Q3095657;de:08317:14120;RAP;80142893;Appenweier
TN8014290;gare;Legelshurst;Legelshurst;Legelshurst;8014290;80142901;48.558736;7.913096;DE;Europe/Berlin;Q550656;Train TER;Car TER;nom;2924460613;Q3096868;de:08317:12475;RLT;80142901;Legelshurst
TN8014291;gare;Kork;Kork;Kork;8014291;80142919;48.570241;7.874229;DE;Europe/Berlin;Q15979;Train TER;Car TER;uic;3070526308;Q3096697;de:08317:15050;RKOR;80142919;Kork
TN8014292;gare;Kehl;Kehl;Kehl;8014292;80142927;48.576837;7.807123;DE;Europe/Berlin;Q15979;Train TER;Car TER;nom;2931354552;Q669924;de:08317:15011;RKL;80142927;Kehl
TN8014309;gare;Offenburg;Offenburg;Offenburg;8014309;80143099;48.476515;7.946541;DE;Europe/Berlin;Q4044;TGV INOUI|Train TER;Car TER;uic;2931428598;Q470320;de:08317:14506;RO;80143099;Offenburg
TN8014319;gare;Lahr (Schwarzwald);Lahr (Schwarzwald);Lahr (Schwarzwald);8014319;80143198;48.341829;7.836064;DE;Europe/Berlin;Q7039;TGV INOUI;;uic;3123473867;Q15785182;de:08317:12103;RLSW;80143198;Lahr (Schwarzw)
TN8014325;gare;Ringsheim/Europa-Park;Ringsheim/Europa-Park;Ringsheim/Europa-Park;8014325;80143255;48.248649;7.773031;DE;Europe/Berlin;Q557798;TGV INOUI;;uic;3740588666;Q110233880;de:08317:16700;RRI;80143255;Ringsheim
TN8014350;gare;Freiburg (Breisgau) Hauptbahnhof;Freiburg (Breisgau) Hauptbahnhof;Freiburg (Breisgau) Hauptbahnhof;8014350;80143503;47.997731;7.841295;DE;Europe/Berlin;Q2833;TGV INOUI|Train TER;;uic;21769883;Q473572;de:08311:6508;RF;80143503;Freiburg (Breisgau) Hbf
TN8014413;gare;Müllheim (Baden);Müllheim im Markgräflerland;Müllheim im Markgräflerland;8014413;80144139;47.810102;7.599561;DE;Europe/Berlin;Q505468;Train TER;Car TER;uic;2870447635;Q3097154;de:08315:6522;RML;80144139;Muellheim (Baden)
TN8014415;gare;Neuenburg (Baden);Neuenburg (Baden);Neuenburg (Baden);8014415;80144154;47.811524;7.56284;DE;Europe/Berlin;Q509783;Train TER;Car TER;uic;8319865618;Q3097181;de:08315:6740;RNBG;80144154;Neuenburg (Baden)
TN8016043;gare;Erfurt Hbf;Erfurt Hauptbahnhof;Erfurt Hauptbahnhof;8016043;80160432;50.972285;11.038082;DE;Europe/Berlin;Q1729;ICE;;uic;2700123189;Q476107;;UE P;80160432;Erfurt Hbf
TN8019051;gare;Mainz Hbf;Mainz Hbf;Mainz Hbf;8019051;80190512;50.0013;8.2585;DE;Europe/Berlin;Q1720;Train TER;;gtfs;;;;;80190512;Mainz Hbf
TN8019060;gare;Nierstein;Nierstein;Nierstein;8019060;80190603;49.871946;8.342901;DE;Europe/Berlin;Q680403;Train TER;;nom;59930888;Q76412032;;FNIR;80190603;Nierstein
TN8019068;gare;Worms Hbf;Worms Hbf;Worms Hbf;8019068;80190686;49.6348;8.3566;DE;Europe/Berlin;Q3852;Train TER;;gtfs;;;;;80190686;Worms Hbf
TN8019073;gare;Frankenthal Hbf;Frankenthal Hbf;Frankenthal Hbf;8019073;80190736;49.535617;8.34974;DE;Europe/Berlin;Q6905;Train TER;;nom;34022470;Q1245678;de:07311:771:1;RFT;80190736;Frankenthal Hbf
TN8019082;gare;Ludwigshafen (Rhein) Hbf;Ludwigshafen (Rhein) Hbf;Ludwigshafen (Rhein) Hbf;8019082;80190827;49.4775;8.4343;DE;Europe/Berlin;Q2910;Train TER;;gtfs;;;;;80190827;Ludwigshafen (Rhein) Hbf
TN8019103;gare;Woerth (Rhein);Woerth (Rhein);Woerth (Rhein);8019103;80191031;49.0457;8.2732;DE;Europe/Berlin;Q522165;Train TER;;gtfs;;;;;80191031;Woerth (Rhein)
TN8019104;gare;Hagenbach;Hagenbach;Hagenbach;8019104;80191049;49.016316;8.253138;DE;Europe/Berlin;Q541669;Train TER;;nom;624802086;Q18005400;de:7334:1725:1;RHGB;80191049;Hagenbach
TN8019106;gare;Berg(Pfalz);Berg (Pfalz);Berg (Pfalz);8019106;80191064;48.980746;8.212758;DE;Europe/Berlin;Q681063;Train TER;;nom;28179678;Q18005398;de:7334:35129:1;RBRG;80191064;Berg (Pfalz)
TN8019404;gare;Neustadt (Weinstr) Hbf;Neustadt (Weinstr) Hbf;Neustadt (Weinstr) Hbf;8019404;80194043;49.3496;8.1403;DE;Europe/Berlin;Q4149;Train TER;;gtfs;;;;;80194043;Neustadt (Weinstr) Hbf
TN8019420;gare;Maikammer-Kirrweiler;Maikammer-Kirrweiler;Maikammer-Kirrweiler;8019420;80194209;49.305533;8.147131;DE;Europe/Berlin;Q654122;Train TER;;nom;3309668294;;;RMKI;80194209;Maikammer-Kirrweiler
TN8019421;gare;Edenkoben;Edenkoben;Edenkoben;8019421;80194217;49.281855;8.140555;DE;Europe/Berlin;Q537985;Train TER;;nom;3309672998;;de:7337:8301;REK;80194217;Edenkoben
TN8019422;gare;Edesheim(Pfalz);Edesheim (Pfalz);Edesheim (Pfalz);8019422;80194225;49.263797;8.139017;DE;Europe/Berlin;Q23022;Train TER;;nom;1900264257;;;REH;80194225;Edesheim (Pfalz)
TN8019423;gare;Knöringen-Essingen;Knöringen-Essingen;Knöringen-Essingen;8019423;80194233;49.237567;8.148254;DE;Europe/Berlin;Q384945;Train TER;;nom;262477821;;;RKG;80194233;Knöringen-Essingen
TN8019426;gare;Landau (Pfalz) Hbf;Landau (Pfalz) Hbf;Landau (Pfalz) Hbf;8019426;80194266;49.1982;8.126;DE;Europe/Berlin;Q7052;Train TER;;gtfs;;;;;80194266;Landau (Pfalz) Hbf
TN8019430;gare;Insheim;Insheim;Insheim;8019430;80194308;49.157235;8.152142;DE;Europe/Berlin;Q569100;Train TER;;nom;262225219;;;RIN;80194308;Insheim
TN8019431;gare;Rohrbach(Pfalz);Rohrbach (Pfalz);Rohrbach (Pfalz);8019431;80194316;49.13812;8.141645;DE;Europe/Berlin;Q681095;Train TER;;nom;1900264306;Q15107285;;RRST;80194316;Rohrbach (Pfalz)
TN8019432;gare;Winden(Pfalz);Winden (Pfalz);Winden (Pfalz);8019432;80194324;49.09537;8.122422;DE;Europe/Berlin;Q654146;Train TER;;nom;1717082646;Q801614;de:7334:35000:1;RWND;80194324;Winden (Pfalz)
TN8019433;gare;Schaidt(Pfalz);Schaidt (Pfalz);Schaidt (Pfalz);8019433;80194332;49.061064;8.079511;DE;Europe/Berlin;Q522165;Train TER;;nom;287145096;Q116019255;;RSAI;80194332;Schaidt (Pfalz)
TN8019698;gare;Kaiserslautern Hauptbahnhof;Kaiserslautern Hauptbahnhof;Kaiserslautern Hauptbahnhof;8019698;80196980;49.435985;7.76893;DE;Europe/Berlin;Q3758;ICE;;uic;30959690;Q547299;de:7312:9035:1;SKL;80196980;Kaiserslautern Hbf
TN8019787;gare;Kapsweyer;Kapsweyer;Kapsweyer;8019787;80197871;49.038867;8.021986;DE;Europe/Berlin;Q564476;Train TER;;nom;287145094;Q28475391;de:7337:4685;RKPW;80197871;Kapsweyer
TN8020347;gare;München Hbf;Munich Central Station;München Hauptbahnhof;8020347;80203471;48.140725;11.556943;DE;Europe/Berlin;Q1726;ICE;;uic;2470201868;Q254647;;MH;80203471;Munich
TN8023002;gare;Halle (Saale) Hbf;Halle (Saale) Hauptbahnhof;Halle (Saale) Hauptbahnhof;8023002;80230029;51.477487;11.987296;DE;Europe/Berlin;Q2814;ICE;;uic;250082941;Q320366;de:15002:8010159;LH;80230029;Halle (Saale) Hbf
TN8025181;gare;Trèves;Trèves;Trèves;8025181;80251819;49.7568;6.6522;DE;Europe/Berlin;Q3138;Train TER;;gtfs;;;;;80251819;Trèves
TN8025185;gare;Karthaus West/Konz Mitte;Konz Mitte;Konz Mitte;8025185;80251850;49.700099;6.573409;DE;Europe/Berlin;Q503185;Train TER;;nom;700940404;Q16059413;;SKU W;80251850;Konz Mitte
TN8025196;gare;Perl;Perl Schengen;Perl Schengen;8025196;80251967;49.472935;6.369336;DE;Europe/Berlin;Q662505;Train TER;;nom;3451720942;Q20047122;;SPE;80251967;Perl
TN8025391;gare;Saarbrücken Hbf;Saarbrücken Central Station;Saarbrücken Hauptbahnhof;8025391;80253914;49.241197;6.990794;DE;Europe/Berlin;Q1724;ICE|Train TER|TramTrain;Car TER;uic;259449966;Q127089;;SSH;80253914;Sarrebruck
TN8029034;gare;Stuttgart Hbf (oben);Stuttgart Main Station;Stuttgart Hauptbahnhof;8029034;80290346;48.78561;9.183396;DE;Europe/Berlin;Q1022;ICE;;uic;1635698272;Q613766;de:08111:6115;TS;80290346;Stuttgart Hbf
TN8029103;gare;Ulm Hbf;Ulm Hauptbahnhof;Ulm Hauptbahnhof;8029103;80291039;48.399416;9.982602;DE;Europe/Berlin;Q3012;ICE;;uic;1384282612;Q472937;de:08421:1008;TU;80291039;Ulm Hbf
TN8035933;gare;Steinfeld(Pfalz);Steinfeld (Pfalz);Steinfeld (Pfalz);8035933;80359331;49.044805;8.039544;DE;Europe/Berlin;Q660415;Train TER;;nom;287145095;Q116019459;;RSFL;80359331;Steinfeld (Pfalz)
TN8035934;gare;Schweighofen;Schweighofen;Schweighofen;8035934;80359349;49.032787;7.999534;DE;Europe/Berlin;Q643463;Train TER;;nom;261665294;Q15278484;de:7337:4626;RSHF;80359349;Schweighofen
TN8064613;gare;Maximiliansau Im Ruesten;Maximiliansau Im Ruesten;Maximiliansau Im Ruesten;8064613;80646133;49.035;8.2796;DE;Europe/Berlin;Q522165;Train TER;;gtfs;;;;;80646133;Maximiliansau Im Ruesten
TN8064614;gare;Neuburg(Rhein);Neuburg (Rhein);Neuburg (Rhein);8064614;80646141;48.992158;8.238371;DE;Europe/Berlin;Q570888;Train TER;;nom;310972295;Q18005407;de:7334:32465:1;RNBU;80646141;Neuburg (Rhein)
TN8065969;gare;Berlin Hauptbahnhof-Lehrter Bf (Stadtb);Berlin Central Station;Berlin Hauptbahnhof;8065969;80659698;52.524945;13.369661;DE;Europe/Berlin;Q64;ICE;;uic;3856100103;Q1097;;BLS;80659698;Berlin Hbf-Lehrter Bahnhof Nord
TN8065971;gare;Berlin Südkreuz;Berlin Südkreuz;Berlin Südkreuz;8065971;80659714;52.476572;13.36604;DE;Europe/Berlin;Q64;ICE;;uic;267379240;Q376589;;BPAF;80659714;Berlin Suedkreuz
TN8092079;gare;Neustadt (Weinstraße) Süd;Neustadt (Weinstraße) Süd;Neustadt (Weinstraße) Süd;8092079;80920793;49.341274;8.157027;DE;Europe/Berlin;Q4149;Train TER;;gtfs;;;;;80920793;Neustadt (Weinstraße) Süd
TN8200100;gare;Luxembourg;Luxembourg;Luxembourg;8200100;82001000;49.599968;6.134249;LU;Europe/Luxembourg;Q1842;TGV INOUI|Train TER;Car TER;uic;3964570119;Q801140;;XLL;82001000;Luxembourg
TN8200250;gare;Howald;Howald;Howald;8200250;82002501;49.580777;6.132429;LU;Europe/Luxembourg;Q921321;Train TER;Car TER;nom;5248211590;Q29455394;;;82002501;Howald
TN8200603;gare;Bettembourg;Bettembourg;Bettembourg;8200603;82006030;49.516539;6.101553;LU;Europe/Luxembourg;Q832342;Train TER;;uic;10773674666;Q2533716;;XLB;82006030;Bettembourg
TN8200710;gare;Hollerich;Hollerich;Hollerich;8200710;82007104;49.59568;6.120118;LU;Europe/Luxembourg;Q1842;Train TER;Car TER;uic;10773674667;Q3079945;;XLLH;82007104;Luxembourg secteur Hollerich
TN8200714;gare;Dippach secteur Reckange;Dippach secteur Reckange;Dippach secteur Reckange;8200714;82007146;49.57252;5.99512;LU;Europe/Luxembourg;Q426998;Train TER;;gtfs;;;;;82007146;Dippach secteur Reckange
TN8200718;gare;Bascharage secteur Sanem;Bascharage secteur Sanem;Bascharage secteur Sanem;8200718;82007187;49.5585;5.9249;LU;Europe/Luxembourg;Q776642;Train TER;Car TER;gtfs;;;;;82007187;Bascharage secteur Sanem
TN8200930;gare;Pétange;Pétange;Pétange;8200930;82009300;49.554378;5.879223;LU;Europe/Luxembourg;Q602441;Train TER;Car TER;uic;3721698933;Q801342;;;82009300;Petange
TN8200940;gare;Rodange;Rodange;Rodange;8200940;82009407;49.551381;5.845186;LU;Europe/Luxembourg;Q602441;Train TER;Car TER;uic;704409331;Q2805202;;XLRD;82009407;Rodange
TN8226001;arret_car;Bettembourg Gare;Bettembourg Gare;Bettembourg Gare;8226001;82260018;49.516389;6.102222;LU;Europe/Luxembourg;Q832342;;Car TER;gtfs;;;;;82260018;Bettembourg Gare
TN8291601;arret_car;Luxembourg Gare;Luxembourg Gare;Luxembourg Gare;8291601;82916015;49.598611;6.133056;LU;Europe/Luxembourg;Q1842;;Car TER;gtfs;;;;;82916015;Luxembourg Gare
TN8300035;gare;Torino Porta Susa;Torino Porta Susa;Torino Porta Susa;8300035;83000356;45.071577;7.665855;IT;Europe/Rome;Q495;TGV INOUI;;uic;11592793752;Q782123;;;83000356;Turin Porta Susa
TN8300204;gare;Oulx - Cesana - Claviere - Sestriere;Oulx - Cesana - Claviere - Sestriere;Oulx - Cesana - Claviere - Sestriere;8300204;83002048;45.038731;6.831411;IT;Europe/Rome;Q9527;TGV INOUI;;uic;256630618;Q3095843;;;83002048;OULX CESANA CLAVIERE SESTRIERE
TN8300219;gare;Torino Porta Nuova;Torino Porta Nuova;Torino Porta Nuova;8300219;83002196;45.061203;7.6778;IT;Europe/Rome;Q495;TGV INOUI;;uic;3395226356;Q801523;;;83002196;TORINO PORTA NUOVA
TN8300452;gare;Torino Lingotto;Torino Lingotto;Torino Lingotto;8300452;83004523;45.026596;7.656823;IT;Europe/Rome;Q495;TGV INOUI;;nom;2043486370;Q801521;;;83004523;TORINO LINGOTTO
TN8301645;gare;Milano Porta Garibaldi (superficie);Milano Porta Garibaldi railway station;Milano Porta Garibaldi (superficie);8301645;83016451;45.484561;9.187344;IT;Europe/Rome;Q490;TGV INOUI;;uic;11635678177;Q801187;;;83016451;MILANO PORTA GARIBALDI
TN8304501;gare;Ventimiglia;Ventimiglia;Ventimiglia;8304501;83045013;43.792687;7.609882;IT;Europe/Rome;Q191759;Train TER;Car TER;uic;2052772794;Q1141602;;;83045013;VENTIMIGLIA
TN8500010;gare;Basel SBB;Basel SBB;Basel SBB;8500010;85000109;47.547623;7.589642;CH;Europe/Zurich;Q78;Lyria|Train TER;Car TER;uic;3080746011;Q667201;;XSB;85000109;Basel SBB
TN8501000;gare;Zimeysa;Zimeysa;Zimeysa;8501000;85010009;46.221208;6.065663;CH;Europe/Zurich;Q68230;Train TER;;uic;7073204960;Q15616936;;;85010009;Zimeysa
TN8501001;gare;La Plaine;La Plaine;La Plaine;8501001;85010017;46.178649;5.999524;CH;Europe/Zurich;Q69471;Train TER;;uic;3059714407;Q3096800;;;85010017;La Plaine (Suisse)
TN8501002;gare;Russin;Russin;Russin;8501002;85010025;46.187767;6.017514;CH;Europe/Zurich;Q69826;Train TER;;uic;3059714408;Q15953342;;;85010025;Russin
TN8501003;gare;Satigny;Satigny;Satigny;8501003;85010033;46.214251;6.037496;CH;Europe/Zurich;Q69451;Train TER;;uic;3057789420;Q3097684;;;85010033;Satigny
TN8501006;gare;Meyrin;Meyrin;Meyrin;8501006;85010066;46.222266;6.076289;CH;Europe/Zurich;Q68230;Train TER;;uic;3057742963;Q15616905;;;85010066;Meyrin
TN8501007;gare;Vernier;Vernier;Vernier;8501007;85010074;46.220454;6.094707;CH;Europe/Zurich;Q63922;Train TER;;uic;2754246079;Q15616901;;;85010074;Vernier
TN8501008;gare;Genève;Geneva Railway Station;Genève;8501008;85010082;46.210229;6.142622;CH;Europe/Zurich;Q71;Lyria|Train TER;;uic;4890696636;Q800819;;;85010082;Genève Cornavin
TN8501011;gare;Les Tuileries;Les Tuileries;Les Tuileries;8501011;85010116;46.249939;6.147358;CH;Europe/Zurich;Q69836;Train TER;;uic;3053406950;Q5847371;;;85010116;Les Tuileries
TN8501012;gare;Creux-de-Genthod;Creux-de-Genthod;Creux-de-Genthod;8501012;85010124;46.263684;6.161146;CH;Europe/Zurich;Q48923;Train TER;;uic;3053167578;Q5846087;;;85010124;Creux-de-Genthod
TN8501013;gare;Pont-Céard;Pont-Céard;Pont-Céard;8501013;85010132;46.287445;6.162678;CH;Europe/Zurich;Q63979;Train TER;;uic;3053167579;Q5846952;;;85010132;Pont-Céard
TN8501014;gare;Mies;Mies;Mies;8501014;85010140;46.298806;6.168218;CH;Europe/Zurich;Q69329;Train TER;;uic;3051986691;;;;85010140;Mies
TN8501015;gare;Tannay;Tannay;Tannay;8501015;85010157;46.307616;6.181206;CH;Europe/Zurich;Q69312;Train TER;;uic;3051986692;Q5847308;;;85010157;Tannay
TN8501020;gare;Chambésy;Chambésy;Chambésy;8501020;85010207;46.241128;6.147415;CH;Europe/Zurich;Q69822;Train TER;;uic;3053406948;Q5846029;;;85010207;Chambésy
TN8501021;gare;Genthod-Bellevue;Genthod-Bellevue;Genthod-Bellevue;8501021;85010215;46.256713;6.153992;CH;Europe/Zurich;Q48923;Train TER;;uic;3053406949;Q5846294;;;85010215;Genthod-Bellevue
TN8501022;gare;Versoix;Versoix;Versoix;8501022;85010223;46.27974;6.165805;CH;Europe/Zurich;Q63979;Train TER;;uic;3053167580;Q5847444;;;85010223;Versoix
TN8501023;gare;Coppet;Coppet;Coppet;8501023;85010231;46.317287;6.187895;CH;Europe/Zurich;Q57097;Train TER;;uic;3052044268;Q5846075;;;85010231;Coppet
TN8501026;gare;Genève-Aéroport;Genève-Aéroport;Genève-Aéroport;8501026;85010264;46.231334;6.110271;CH;Europe/Zurich;Q69714;Train TER;;uic;2388447150;Q677158;;;85010264;Geneve-Aeroport
TN8501030;gare;Nyon;Nyon;Nyon;8501030;85010306;46.384312;6.235993;CH;Europe/Zurich;Q64027;Train TER;;uic;5148276768;Q8841131;;;85010306;Nyon
TN8501031;gare;Gland;Gland;Gland;8501031;85010314;46.420005;6.269099;CH;Europe/Zurich;Q69300;Train TER;;uic;3035352284;Q8779843;;;85010314;Gland
TN8501033;gare;Rolle;Rolle;Rolle;8501033;85010330;46.462829;6.336423;CH;Europe/Zurich;Q69570;Train TER;;uic;3025234417;Q8841638;;;85010330;Rolle
TN8501035;gare;Allaman;Allaman;Allaman;8501035;85010355;46.475778;6.399682;CH;Europe/Zurich;Q43201;Train TER;;uic;3022131191;Q10947344;;;85010355;Allaman
TN8501037;gare;Morges;Morges;Morges;8501037;85010371;46.511072;6.494003;CH;Europe/Zurich;Q69401;Train TER;;uic;3081154409;Q2384426;;;85010371;Morges
TN8501103;gare;Vallorbe;Vallorbe;Vallorbe;8501103;85011031;46.712286;6.370641;CH;Europe/Zurich;Q68587;Lyria|Train TER;Car TER;uic;52208883;Q3097934;;;85011031;Vallorbe
TN8501118;gare;Renens VD;Renens;Renens;8501118;85011189;46.53701;6.578914;CH;Europe/Zurich;Q69745;Train TER;;uic;5153454609;Q3097393;;;85011189;Renens VD
TN8501120;gare;Lausanne;Lausanne;Lausanne;8501120;85011205;46.517002;6.629169;CH;Europe/Zurich;Q807;Lyria|Train TER;;uic;1800313662;;;;85011205;Lausanne
TN8501200;gare;Vevey;Vevey;Vevey;8501200;85012005;46.462948;6.843389;CH;Europe/Zurich;Q68160;Train TER;;uic;2793245894;Q569784;;;85012005;Vevey
TN8501300;gare;Montreux;Montreux;Montreux;8501300;85013003;46.43586;6.910369;CH;Europe/Zurich;Q69354;Train TER;;uic;2793870896;Q680986;;;85013003;Montreux
TN8501303;gare;Villeneuve VD;Villeneuve VD;Villeneuve VD;8501303;85013037;46.39838;6.926911;CH;Europe/Zurich;Q69972;Train TER;;uic;2809386073;Q3098005;;XSVL;85013037;Villeneuve
TN8501400;gare;Aigle;Aigle;Aigle;8501400;85014001;46.316842;6.96377;CH;Europe/Zurich;Q43195;Train TER;;uic;2893316867;Q5845601;;;85014001;Aigle
TN8501402;gare;Bex;Bex;Bex;8501402;85014027;46.251448;7.00072;CH;Europe/Zurich;Q52261;Train TER;;uic;2892181159;Q12174783;;;85014027;Bex
TN8501403;gare;St-Maurice;Saint-Maurice;Saint-Maurice;8501403;85014035;46.216366;7.00215;CH;Europe/Zurich;Q69545;Train TER;;uic;9905350128;Q10951368;;;85014035;St-Maurice
TN8501500;gare;Martigny;Martigny;Martigny;8501500;85015008;46.105799;7.079135;CH;Europe/Zurich;Q68956;Train TER;;uic;5155410595;Q3096986;;;85015008;Martigny
TN8501561;gare;Vernayaz MC;Vernayaz MC;Vernayaz MC;8501561;85015610;46.130527;7.044617;CH;Europe/Zurich;Q68956;Train TER;;uic;9543361427;Q33449646;;;85015610;Vernayaz MC
TN8501562;gare;Salvan;Salvan;Salvan;8501562;85015628;46.121509;7.021082;CH;Europe/Zurich;Q68912;Train TER;;uic;9543361426;Q33449674;;;85015628;Salvan
TN8501563;gare;Les Marécottes;Les Marécottes;Les Marécottes;8501563;85015636;46.112362;7.011671;CH;Europe/Zurich;Q68912;Train TER;;uic;9544645077;Q33449698;;;85015636;Les Marécottes
TN8501564;gare;Le Trétien;Le Trétien;Le Trétien;8501564;85015644;46.102299;6.997806;CH;Europe/Zurich;Q68912;Train TER;;uic;9543468694;Q33449726;;;85015644;Le Trétien
TN8501565;gare;Finhaut;Finhaut;Finhaut;8501565;85015651;46.082478;6.976185;CH;Europe/Zurich;Q68877;Train TER;;uic;9543468699;;;;85015651;Finhaut
TN8501566;gare;Le Châtelard VS;Le Châtelard Village;Le Châtelard Village;8501566;85015669;46.060286;6.957874;CH;Europe/Zurich;Q68877;Train TER;;uic;9543468696;;;;85015669;Le Chatelard VS
TN8501568;gare;Le Châtelard-Frontière;Le Châtelard-Frontière;Le Châtelard-Frontière;8501568;85015685;46.053287;6.950232;CH;Europe/Zurich;Q68877;Train TER;Car TER;uic;9544898516;Q33449805;;;85015685;Le Châtelard Frontière
TN8503000;gare;Zürich HB;Zürich Hauptbahnhof;Zürich Hauptbahnhof;8503000;85030007;47.378101;8.539364;CH;Europe/Zurich;Q72;Lyria;;uic;1236383343;Q224494;;;85030007;Zuerich HB
TN8504215;gare;Travers;Travers;Travers;8504215;85042150;46.94243;6.67623;CH;Europe/Zurich;Q70526;Train TER;;uic;1944846875;Q31451724;;;85042150;Travers
TN8504221;gare;Neuchâtel;Neuchâtel;Neuchâtel;8504221;85042218;46.996578;6.935828;CH;Europe/Zurich;Q69345;Train TER;;uic;3081154414;Q972299;;;85042218;Neuchatel
TN8504314;gare;La Chaux-de-Fonds;La Chaux-de-Fonds;La Chaux-de-Fonds;8504314;85043141;47.098598;6.825113;CH;Europe/Zurich;Q68124;Train TER;;uic;3081154391;Q3096773;;;85043141;La Chaux-de-Fonds
TN8504315;gare;Le Crêt-du-Locle;Le Crêt-du-Locle;Le Crêt-du-Locle;8504315;85043158;47.077636;6.785049;CH;Europe/Zurich;Q68124;Train TER;;uic;3389508515;Q3098196;;;85043158;Le Crêt-du-Locle
TN8504316;gare;Le Locle;Le Locle;Le Locle;8504316;85043166;47.05783;6.7462;CH;Europe/Zurich;Q64093;Train TER;Car TER;uic;3081154399;Q935212;;;85043166;Le Locle
TN8504321;gare;La Chaux-de-Fonds Les Forges;La Chaux-de-Fonds Les Forges;La Chaux-de-Fonds Les Forges;8504321;85043216;47.091404;6.812824;CH;Europe/Zurich;Q68124;Train TER;;nom;9182807866;Q110527421;;;85043216;La Chaux-de-Fonds Les Forges
TN8507000;gare;Bern;Bern;Bern;8507000;85070003;46.948909;7.439955;CH;Europe/Zurich;Q70;Train TER;;uic;3081154349;Q28870;;XSBE;85070003;Bern
TN8516155;gare;Lancy-Pont-Rouge;Lancy-Pont-Rouge;Lancy-Pont-Rouge;8516155;85161554;46.186967;6.125167;CH;Europe/Zurich;Q64065;Train TER;;uic;3060828206;Q1583893;;;85161554;Lancy-Pont-Rouge
TN8516272;gare;Genève-Champel;Genève-Champel;Genève-Champel;8516272;85162727;46.192484;6.153701;CH;Europe/Zurich;Q71;Train TER;;uic;6886690043;Q48610587;;;85162727;Genève-Champel
TN8516273;gare;Genève-Eaux-Vives;Genève-Eaux-Vives;Genève-Eaux-Vives;8516273;85162735;46.200523;6.164821;CH;Europe/Zurich;Q71;Train TER;;uic;6044426066;Q3098155;;;85162735;Genève-Eaux-Vives
TN8516274;gare;Chêne-Bourg;Chêne-Bourg;Chêne-Bourg;8516274;85162743;46.196607;6.197253;CH;Europe/Zurich;Q69035;Train TER;;uic;6044426065;Q3096243;;;85162743;Chêne-Bourg
TN8516283;gare;Genève-Sécheron;Genève-Sécheron;Genève-Sécheron;8516283;85162834;46.223148;6.144706;CH;Europe/Zurich;Q71;Train TER;;uic;3053436437;Q431299;;;85162834;Genève-Sécheron
TN8517142;gare;Lancy-Bachet;Lancy-Bachet;Lancy-Bachet;8517142;85171421;46.174025;6.130269;CH;Europe/Zurich;Q64065;Train TER;;uic;6886527481;Q43890330;;;85171421;Lancy-Bachet
TN8530303;gare;Les Fumeaux;Les Fumeaux;Les Fumeaux;8530303;85303032;46.11011;7.064631;CH;Europe/Zurich;Q68956;Train TER;;uic;3727812958;;;;85303032;Les Fumeaux
TN8530334;gare;La Médettaz;La Médettaz;La Médettaz;8530334;85303347;46.108737;7.007771;CH;Europe/Zurich;Q68912;Train TER;;uic;9543468698;Q33512375;;;85303347;La Médettaz
TN8592713;arret_car;Chêne-Bourg Place Favre;Chêne-Bourg Place Favre;Chêne-Bourg Place Favre;8592713;85927137;46.195513;6.192267;CH;Europe/Zurich;Q69035;;Car TER;gtfs;;;;;85927137;Chêne-Bourg Place Favre
TN8592829;arret_car;Genève Eaux-Vives Gare;Genève Eaux-Vives Gare;Genève Eaux-Vives Gare;8592829;85928291;46.20011;6.1643;CH;Europe/Zurich;Q71;;Car TER;gtfs;;;;;85928291;Genève Eaux-Vives Gare
TN8700969;gare;La Douzillère;La Douzillère;La Douzillère;8700969;87009696;47.338601;0.653097;FR;Europe/Paris;Q269364;Train TER;;uic;11368703746;Q3096775;;;87009696;La Douzillère
TN8702438;arret_car;Le Puy-en-Velay Lafayette;Le Puy-en-Velay Lafayette;Le Puy-en-Velay Lafayette;8702438;87024380;45.043962;3.879959;FR;Europe/Paris;Q184359;;Car TER;gtfs;;;;;87024380;Le Puy-en-Velay Lafayette
TN8710740;arret_car;Vignory Centre;Vignory Centre;Vignory Centre;8710740;87107409;48.278352;5.101419;FR;Europe/Paris;Q829280;;Car TER;gtfs;;;;;87107409;Vignory Centre
TN8710741;arret_car;Chaumont Hôpital;Chaumont Hôpital;Chaumont Hôpital;8710741;87107417;48.119882;5.139408;FR;Europe/Paris;Q193880;;Car TER;gtfs;;;;;87107417;Chaumont Hôpital
TN8710742;arret_car;Bologne Salle des Fêtes;Bologne Salle des Fêtes;Bologne Salle des Fêtes;8710742;87107425;48.199737;5.141416;FR;Europe/Paris;Q665760;;Car TER;gtfs;;;;;87107425;Bologne Salle des Fêtes
TN8710743;arret_car;Soncourt;Soncourt;Soncourt;8710743;87107433;48.252239;5.116971;FR;Europe/Paris;Q955056;;Car TER;gtfs;;;;;87107433;Soncourt
TN8710745;arret_car;Gudmont-Centre;Gudmont-Centre;Gudmont-Centre;8710745;87107458;48.342516;5.136969;FR;Europe/Paris;Q1325599;;Car TER;gtfs;;;;;87107458;Gudmont-Centre
TN8710746;arret_car;Eurville Mairie;Eurville Mairie;Eurville Mairie;8710746;87107466;48.585297;5.03725;FR;Europe/Paris;Q1100865;;Car TER;gtfs;;;;;87107466;Eurville Mairie
TN8710747;arret_car;Saint-Dizier Godard-Jeanson;Saint-Dizier Godard-Jeanson;Saint-Dizier Godard-Jeanson;8710747;87107474;48.631407;4.950304;FR;Europe/Paris;Q208310;;Car TER;gtfs;;;;;87107474;Saint-Dizier Godard-Jeanson
TN8710748;arret_car;Chatonrupt;Chatonrupt;Chatonrupt;8710748;87107482;48.488599;5.12729;FR;Europe/Paris;Q679850;;Car TER;gtfs;;;;;87107482;Chatonrupt
TN8710749;arret_car;Fronville Lotissement;Fronville Lotissement;Fronville Lotissement;8710749;87107490;48.404662;5.154708;FR;Europe/Paris;Q368725;;Car TER;gtfs;;;;;87107490;Fronville Lotissement
TN8710750;arret_car;Marnaval Église;Marnaval Église;Marnaval Église;8710750;87107508;48.62535;4.990121;FR;Europe/Paris;Q208310;;Car TER;gtfs;;;;;87107508;Marnaval Église
TN8710882;arret_car;Sedan Place Calonne;Sedan Place Calonne;Sedan Place Calonne;8710882;87108829;49.699747;4.944245;FR;Europe/Paris;Q184371;;Car TER;gtfs;;;;;87108829;Sedan Place Calonne
TN8710930;gare;Lille Centre Hospitalier Régional;Lille Centre Hospitalier Régional;Lille Centre Hospitalier Régional;8710930;87109306;50.614555;3.034279;FR;Europe/Paris;Q648;Train TER;;uic;11559801317;Q2253324;;;87109306;Lille Centre Hospitalier Régional
TN8711036;arret_car;Villeneuve-au-Chemin;Villeneuve-au-Chemin;Villeneuve-au-Chemin;8711036;87110361;48.089901;3.851317;FR;Europe/Paris;Q1436695;;Car TER;gtfs;;;;;87110361;Villeneuve-au-Chemin
TN8711184;gare;Marne-la-Vallée Chessy;Marne-la-Vallée Chessy;Marne-la-Vallée Chessy;8711184;87111849;48.870401;2.782834;FR;Europe/Paris;Q1076338;OUIGO|TGV INOUI;;uic;269296749;;;XFMVC;87111849;Marne-la-Vallée Chessy
TN8711186;gare;Balsièges Bourg;Balsièges Bourg;Balsièges Bourg;8711186;87111864;44.482018;3.4562;FR;Europe/Paris;Q192363;Train TER;;uic;521515549;Q3126230;;;87111864;Balsièges Bourg
TN8711232;arret_car;Carignan Rue de la Paix;Carignan Rue de la Paix;Carignan Rue de la Paix;8711232;87112326;49.635544;5.160862;FR;Europe/Paris;Q624330;;Car TER;gtfs;;;;;87112326;Carignan Rue de la Paix
TN8711233;arret_car;Wé;Wé;Wé;8711233;87112334;49.641872;5.152617;FR;Europe/Paris;Q624330;;Car TER;gtfs;;;;;87112334;Wé
TN8711234;arret_car;Fromy;Fromy;Fromy;8711234;87112342;49.596406;5.249472;FR;Europe/Paris;Q1086297;;Car TER;gtfs;;;;;87112342;Fromy
TN8711271;arret_car;Margut Place Trouslard;Margut Place Trouslard;Margut Place Trouslard;8711271;87112714;49.585292;5.265305;FR;Europe/Paris;Q1158244;;Car TER;gtfs;;;;;87112714;Margut Place Trouslard
TN8711300;gare;Paris Est;Paris Gare de l'Est;Paris Gare de l'Est;8711300;87113001;48.877098;2.359491;FR;Europe/Paris;Q90;ICE|OUIGO|TGV INOUI|Train TER;Car TER;uic;2506241285;Q757180;;;87113001;Paris Est
TN8711613;gare;Longueville;Longueville;Longueville;8711613;87116137;48.513623;3.250292;FR;Europe/Paris;Q1460613;Train TER;;uic;3530709630;Q2187157;;;87116137;Longueville
TN8711651;gare;La Ferté-sous-Jouarre;La Ferté-sous-Jouarre;La Ferté-sous-Jouarre;8711651;87116517;48.95091;3.125439;FR;Europe/Paris;Q907721;Train TER;;uic;3496470193;Q1956946;;XFLFJ;87116517;La Ferté-sous-Jouarre
TN8711658;gare;Château-Thierry;Château-Thierry;Château-Thierry;8711658;87116582;49.03791;3.409344;FR;Europe/Paris;Q194145;Train TER;Car TER;uic;6641139429;Q2127195;;;87116582;Château-Thierry
TN8711744;arret_car;Martigny-Les-Gerbonvaux Centre;Martigny-Les-Gerbonvaux Centre;Martigny-Les-Gerbonvaux Centre;8711744;87117440;48.444816;5.792737;FR;Europe/Paris;Q1158046;;Car TER;gtfs;;;;;87117440;Martigny-Les-Gerbonvaux Centre
TN8711745;arret_car;Autreville Centre;Autreville Centre;Autreville Centre;8711745;87117457;48.484054;5.849088;FR;Europe/Paris;Q789353;;Car TER;gtfs;;;;;87117457;Autreville Centre
TN8711746;arret_car;Allamps E.S.A.T;Allamps E.S.A.T;Allamps E.S.A.T;8711746;87117465;48.542768;5.796812;FR;Europe/Paris;Q1087168;;Car TER;gtfs;;;;;87117465;Allamps E.S.A.T
TN8711749;arret_car;Hestroff Eglise;Hestroff Eglise;Hestroff Eglise;8711749;87117499;49.262268;6.433667;FR;Europe/Paris;Q22015;;Car TER;gtfs;;;;;87117499;Hestroff Eglise
TN8711750;arret_car;Vaudreching Bernanos;Vaudreching Bernanos;Vaudreching Bernanos;8711750;87117507;49.285029;6.524449;FR;Europe/Paris;Q22377;;Car TER;gtfs;;;;;87117507;Vaudreching Bernanos
TN8711751;arret_car;Alzing Rue de Brettnach;Alzing Rue de Brettnach;Alzing Rue de Brettnach;8711751;87117515;49.278966;6.552207;FR;Europe/Paris;Q21816;;Car TER;gtfs;;;;;87117515;Alzing Rue de Brettnach
TN8711752;arret_car;Hargarten-aux-Mines Rue Principale;Hargarten-aux-Mines Rue Principale;Hargarten-aux-Mines Rue Principale;8711752;87117523;49.225295;6.609196;FR;Europe/Paris;Q21760;;Car TER;gtfs;;;;;87117523;Hargarten-aux-Mines Rue Principale
TN8711759;arret_car;Montigny-sur-Chiers Eglise;Montigny-sur-Chiers Eglise;Montigny-sur-Chiers Eglise;8711759;87117598;49.478758;5.669597;FR;Europe/Paris;Q1385134;;Car TER;gtfs;;;;;87117598;Montigny-sur-Chiers Eglise
TN8711760;arret_car;Lexy Carrefour;Lexy Carrefour;Lexy Carrefour;8711760;87117606;49.498998;5.727192;FR;Europe/Paris;Q1064012;;Car TER;gtfs;;;;;87117606;Lexy Carrefour
TN8711768;arret_car;Hertzing Centre;Hertzing Centre;Hertzing Centre;8711768;87117689;48.686449;6.950784;FR;Europe/Paris;Q21934;;Car TER;gtfs;;;;;87117689;Hertzing Centre
TN8711769;arret_car;Bébing Route Nationale;Bébing Route Nationale;Bébing Route Nationale;8711769;87117697;48.711668;6.998459;FR;Europe/Paris;Q21773;;Car TER;gtfs;;;;;87117697;Bébing Route Nationale
TN8711790;arret_car;Bouilly Mairie;Bouilly Mairie;Bouilly Mairie;8711790;87117903;48.19363;3.998637;FR;Europe/Paris;Q1087326;;Car TER;gtfs;;;;;87117903;Bouilly Mairie
TN8711797;arret_car;Villery;Villery;Villery;8711797;87117978;48.171506;4.018561;FR;Europe/Paris;Q1104900;;Car TER;gtfs;;;;;87117978;Villery
TN8711798;arret_car;Neuvy-Sautour Route Nationale;Neuvy-Sautour Route Nationale;Neuvy-Sautour Route Nationale;8711798;87117986;48.042857;3.792901;FR;Europe/Paris;Q1173440;;Car TER;gtfs;;;;;87117986;Neuvy-Sautour Route Nationale
TN8711799;arret_car;Brienon-sur-Armançon Mairie;Brienon-sur-Armançon Mairie;Brienon-sur-Armançon Mairie;8711799;87117994;47.992025;3.617066;FR;Europe/Paris;Q674821;;Car TER;gtfs;;;;;87117994;Brienon-sur-Armançon Mairie
TN8711800;gare;Troyes;Troyes;Troyes;8711800;87118000;48.296014;4.065211;FR;Europe/Paris;Q5489;Train TER;Car TER;uic;2506173917;Q2199665;;;87118000;Troyes
TN8711815;gare;Romilly-sur-Seine;Romilly-sur-Seine;Romilly-sur-Seine;8711815;87118158;48.514325;3.728816;FR;Europe/Paris;Q727297;Train TER;Car TER;uic;12202278855;Q2649818;;;87118158;Romilly-sur-Seine
TN8711819;gare;Nogent-sur-Seine;Nogent-sur-Seine;Nogent-sur-Seine;8711819;87118190;48.497914;3.493971;FR;Europe/Paris;Q476895;Train TER;Car TER;uic;3469767393;Q2424780;;;87118190;Nogent-sur-Seine
TN8711825;gare;Vendeuvre;Vendeuvre-sur-Barse;Vendeuvre-sur-Barse;8711825;87118257;48.24009;4.467212;FR;Europe/Paris;Q828682;Train TER;Car TER;uic;3469767493;Q2046189;;;87118257;Vendeuvre
TN8711829;gare;Bar-sur-Aube;Bar-sur-Aube;Bar-sur-Aube;8711829;87118299;48.238618;4.706861;FR;Europe/Paris;Q209093;Train TER;Car TER;uic;3469767293;Q687462;;;87118299;Bar-sur-Aube
TN8713082;arret_car;Les Cabannes Centre;Les Cabannes Centre;Les Cabannes Centre;8713082;87130823;42.78486;1.688377;FR;Europe/Paris;Q1061297;;Car TER;gtfs;;;;;87130823;Les Cabannes Centre
TN8713083;arret_car;Pamiers Centre;Pamiers Centre;Pamiers Centre;8713083;87130831;43.116033;1.610822;FR;Europe/Paris;Q209834;;Car TER;gtfs;;;;;87130831;Pamiers Centre
TN8713088;arret_car;Le Vernet;Le Vernet;Le Vernet;8713088;87130880;43.184272;1.609749;FR;Europe/Paris;Q1144031;;Car TER;gtfs;;;;;87130880;Le Vernet
TN8713089;arret_car;Varilhes Centre;Varilhes Centre;Varilhes Centre;8713089;87130898;43.044978;1.627614;FR;Europe/Paris;Q1087294;;Car TER;gtfs;;;;;87130898;Varilhes Centre
TN8713196;gare;Brion - Montréal-la-Cluse Gare;Brion - Montréal-la-Cluse;Brion - Montréal-la-Cluse;8713196;87131961;46.175749;5.558518;FR;Europe/Paris;Q241533;Train TER;Car TER;uic;6728232291;Q568330;;;87131961;Brion - Montréal-la-Cluse Gare
TN8713438;arret_car;Auch Le Seilhan;Auch Le Seilhan;Auch Le Seilhan;8713438;87134387;43.657504;0.59747;FR;Europe/Paris;Q181725;;Car TER;gtfs;;;;;87134387;Auch Le Seilhan
TN8713715;arret_car;Tarascon-sur-Ariège Espace Francois Mitterrand;Tarascon-sur-Ariège Espace Francois Mitterrand;Tarascon-sur-Ariège Espace Francois Mitterrand;8713715;87137158;42.846536;1.604316;FR;Europe/Paris;Q670048;;Car TER;gtfs;;;;;87137158;Tarascon-sur-Ariège Espace Francois Mitterrand
TN8713832;arret_car;Gaillac-d'Aveyron Bourg;Gaillac-d'Aveyron Bourg;Gaillac-d'Aveyron Bourg;8713832;87138321;44.353629;2.92864;FR;Europe/Paris;Q1153349;;Car TER;gtfs;;;;;87138321;Gaillac-d'Aveyron Bourg
TN8713833;arret_car;Severac d'Aveyron Lapanouse;Severac d'Aveyron Lapanouse;Severac d'Aveyron Lapanouse;8713833;87138339;44.335329;3.031685;FR;Europe/Paris;Q21619554;;Car TER;gtfs;;;;;87138339;Severac d'Aveyron Lapanouse
TN8713836;arret_car;Onet-le-Château la Roquette;Onet-le-Château la Roquette;Onet-le-Château la Roquette;8713836;87138362;44.37137;2.632416;FR;Europe/Paris;Q638992;;Car TER;gtfs;;;;;87138362;Onet-le-Château la Roquette
TN8713837;arret_car;Loubiere Canabols;Loubiere Canabols;Loubiere Canabols;8713837;87138370;44.378548;2.654099;FR;Europe/Paris;Q749059;;Car TER;gtfs;;;;;87138370;Loubiere Canabols
TN8713843;arret_car;Gaillac-D-Aveyron Lugans;Gaillac-D-Aveyron Lugans;Gaillac-D-Aveyron Lugans;8713843;87138438;44.364357;2.887366;FR;Europe/Paris;Q1153349;;Car TER;gtfs;;;;;87138438;Gaillac-D-Aveyron Lugans
TN8713908;arret_car;Albias;Albias;Albias;8713908;87139089;44.090527;1.44713;FR;Europe/Paris;Q958475;;Car TER;gtfs;;;;;87139089;Albias
TN8713950;arret_car;Troyes Gare Routière;Troyes Gare Routière;Troyes Gare Routière;8713950;87139501;48.297284;4.064276;FR;Europe/Paris;Q5489;;Car TER;gtfs;;;;;87139501;Troyes Gare Routière
TN8713965;arret_car;Troyes Chambre de Commerce;Troyes Chambre de Commerce;Troyes Chambre de Commerce;8713965;87139659;48.29088;4.071271;FR;Europe/Paris;Q5489;;Car TER;gtfs;;;;;87139659;Troyes Chambre de Commerce
TN8713966;arret_car;Troyes Lombards;Troyes Lombards;Troyes Lombards;8713966;87139667;48.278074;4.065859;FR;Europe/Paris;Q688404;;Car TER;gtfs;;;;;87139667;Troyes Lombards
TN8713990;arret_car;Coursan-en-Othe RN;Coursan-en-Othe RN;Coursan-en-Othe RN;8713990;87139907;48.079728;3.830522;FR;Europe/Paris;Q610712;;Car TER;gtfs;;;;;87139907;Coursan-en-Othe RN
TN8714100;gare;Nancy;Nancy;Nancy;8714100;87141002;48.689726;6.173777;FR;Europe/Paris;Q40898;INTERCITES|OUIGO|TGV INOUI|Train TER;Car TER|Car à réservation;uic;4290857032;Q2178663;;XFN;87141002;Nancy
TN8714101;gare;Jarville-la-Malgrange;Jarville-la-Malgrange;Jarville-la-Malgrange;8714101;87141010;48.670003;6.20255;FR;Europe/Paris;Q954562;Train TER;Car TER;uic;5275245001;Q3096650;;;87141010;Jarville-la-Malgrange
TN8714103;gare;Foug;Foug;Foug;8714103;87141036;48.679249;5.791278;FR;Europe/Paris;Q1000360;Train TER;Car TER;uic;14029685691;Q3096461;;;87141036;Foug
TN8714104;gare;Toul;Toul;Toul;8714104;87141044;48.679028;5.880603;FR;Europe/Paris;Q154728;INTERCITES|Train TER;Car TER|Car à réservation;uic;4508377772;Q2897368;;;87141044;Toul
TN8714105;gare;Fontenoy-sur-Moselle;Fontenoy-sur-Moselle;Fontenoy-sur-Moselle;8714105;87141051;48.711495;5.980061;FR;Europe/Paris;Q209949;Train TER;Car TER;uic;5250940092;Q3096449;;;87141051;Fontenoy-sur-Moselle
TN8714106;gare;Liverdun;Liverdun;Liverdun;8714106;87141069;48.749327;6.061678;FR;Europe/Paris;Q903665;Train TER;;uic;5250940079;Q3096893;;;87141069;Liverdun
TN8714107;gare;Frouard;Frouard;Frouard;8714107;87141077;48.755314;6.144338;FR;Europe/Paris;Q195098;Train TER;Car TER;uic;12205300259;Q2142149;;;87141077;Frouard
TN8714108;gare;Champigneulles;Champigneulles;Champigneulles;8714108;87141085;48.735204;6.169047;FR;Europe/Paris;Q229339;Train TER;Car TER;uic;3787814793;Q2779510;;;87141085;Champigneulles
TN8714109;gare;Laneuveville-devant-Nancy;Laneuveville-devant-Nancy;Laneuveville-devant-Nancy;8714109;87141093;48.655517;6.227984;FR;Europe/Paris;Q1101363;Train TER;Car TER;uic;3787816171;Q3096846;;;87141093;Laneuveville-devant-Nancy
TN8714110;gare;Varangéville - Saint-Nicolas;Varangéville - Saint-Nicolas;Varangéville - Saint-Nicolas;8714110;87141101;48.635215;6.313142;FR;Europe/Paris;Q524836;Train TER;Car TER;gtfs;;;;;87141101;Varangéville - Saint-Nicolas
TN8714111;gare;Dombasle-sur-Meurthe;Dombasle-sur-Meurthe;Dombasle-sur-Meurthe;8714111;87141119;48.623356;6.34339;FR;Europe/Paris;Q387821;Train TER;Car TER;uic;8312536885;Q3096382;;;87141119;Dombasle-sur-Meurthe
TN8714112;gare;Rosières-aux-Salines;Rosières-aux-Salines;Rosières-aux-Salines;8714112;87141127;48.605312;6.350509;FR;Europe/Paris;Q387821;Train TER;Car TER;uic;8515452791;Q589290;;;87141127;Rosières-aux-Salines
TN8714113;gare;Blainville - Damelevières;Blainville - Damelevières;Blainville - Damelevières;8714113;87141135;48.564799;6.386948;FR;Europe/Paris;Q477031;Train TER;Car TER;gtfs;;;;;87141135;Blainville - Damelevières
TN8714114;gare;Mont-sur-Meurthe;Mont-sur-Meurthe;Mont-sur-Meurthe;8714114;87141143;48.559995;6.449764;FR;Europe/Paris;Q208276;Train TER;Car TER;uic;2959053870;Q1971525;;;87141143;Mont-sur-Meurthe
TN8714115;gare;Lunéville;Lunéville;Lunéville;8714115;87141150;48.587777;6.497114;FR;Europe/Paris;Q208794;TGV INOUI|Train TER;Car TER;uic;4398588070;Q2186882;;;87141150;Lunéville
TN8714120;gare;Einvaux;Einvaux;Einvaux;8714120;87141200;48.503558;6.393322;FR;Europe/Paris;Q1060518;Train TER;Car TER;uic;5404991022;Q3095726;;;87141200;Einvaux
TN8714121;gare;Bayon;Bayon;Bayon;8714121;87141218;48.467971;6.322922;FR;Europe/Paris;Q627024;Train TER;Car TER;uic;8515452790;Q3095925;;;87141218;Bayon
TN8714125;arret_car;Soulosse Route Nationale;Soulosse Route Nationale;Soulosse Route Nationale;8714125;87141259;48.401785;5.731773;FR;Europe/Paris;Q781372;;Car TER;gtfs;;;;;87141259;Soulosse Route Nationale
TN8714129;gare;Neufchâteau;Neufchâteau;Neufchâteau;8714129;87141291;48.358218;5.690377;FR;Europe/Paris;Q131581675;INTERCITES|Train TER;Car TER|Car à réservation;uic;9913129477;Q2389073;;;87141291;Neufchâteau
TN8714137;gare;Saint-Clément - Laronxe;Saint-Clément - Laronxe;Saint-Clément - Laronxe;8714137;87141374;48.531161;6.608356;FR;Europe/Paris;Q209943;Train TER;Car TER;uic;4398588293;Q2661330;;;87141374;Saint-Clément - Laronxe
TN8714138;gare;Chenevières;Chenevières;Chenevières;8714138;87141382;48.5195;6.632552;FR;Europe/Paris;Q966579;Train TER;Car TER;uic;13397392267;;;;87141382;Chenevières
TN8714139;gare;Ménil Flin;Ménil Flin;Ménil Flin;8714139;87141390;48.504935;6.65952;FR;Europe/Paris;Q1101374;Train TER;Car TER;uic;10751360394;Q1928764;;;87141390;Ménil - Flin
TN8714140;gare;Azerailles;Azerailles;Azerailles;8714140;87141408;48.491155;6.69616;FR;Europe/Paris;Q208728;Train TER;Car TER;uic;4398540068;Q1947085;;;87141408;Azerailles
TN8714141;gare;Baccarat;Baccarat;Baccarat;8714141;87141416;48.452175;6.744148;FR;Europe/Paris;Q319282;Train TER;Car TER;uic;4398588069;Q430790;;;87141416;Baccarat
TN8714142;gare;Bertrichamps;Bertrichamps;Bertrichamps;8714142;87141424;48.428298;6.791255;FR;Europe/Paris;Q990896;Train TER;Car TER;uic;8320790157;Q3095975;;;87141424;Bertrichamps
TN8714143;gare;Thiaville;Thiaville;Thiaville;8714143;87141432;48.413964;6.810255;FR;Europe/Paris;Q213295;Train TER;Car TER;uic;8321814583;Q3097855;;;87141432;Thiaville
TN8714147;gare;Houdemont;Houdemont;Houdemont;8714147;87141473;48.645468;6.179747;FR;Europe/Paris;Q213305;Train TER;Car TER;uic;5250940072;Q3095770;;;87141473;Houdemont
TN8714148;gare;Ludres;Ludres;Ludres;8714148;87141481;48.621941;6.170927;FR;Europe/Paris;Q829617;Train TER;Car TER;uic;5250940075;Q3096918;;;87141481;Ludres
TN8714149;gare;Messein;Messein;Messein;8714149;87141499;48.612865;6.137811;FR;Europe/Paris;Q633420;Train TER;Car TER;uic;5250940076;Q3097027;;;87141499;Messein
TN8714150;gare;Neuves-Maisons;Neuves-Maisons;Neuves-Maisons;8714150;87141507;48.614756;6.107909;FR;Europe/Paris;Q627247;Train TER;Car TER;uic;5250940078;Q3097192;;;87141507;Neuves-Maisons
TN8714152;gare;Pont-Saint-Vincent;Pont-Saint-Vincent;Pont-Saint-Vincent;8714152;87141523;48.602398;6.103258;FR;Europe/Paris;Q1049800;Train TER;Car TER;uic;4790717568;Q3097296;;;87141523;Pont-Saint-Vincent
TN8714172;arret_car;Blénod-lès-Toul Les Naux;Blénod-lès-Toul Les Naux;Blénod-lès-Toul Les Naux;8714172;87141721;48.59948;5.843568;FR;Europe/Paris;Q990790;;Car TER;gtfs;;;;;87141721;Blénod-lès-Toul Les Naux
TN8714173;arret_car;Bulligny Centre;Bulligny Centre;Bulligny Centre;8714173;87141739;48.576446;5.85136;FR;Europe/Paris;Q227783;;Car TER;gtfs;;;;;87141739;Bulligny Centre
TN8714175;arret_car;Barisey-la-Côte Gare;Barisey-la-Côte Gare;Barisey-la-Côte Gare;8714175;87141754;48.535008;5.83992;FR;Europe/Paris;Q1000966;;Car TER;gtfs;;;;;87141754;Barisey-la-Côte Gare
TN8714178;gare;Pompey;Pompey;Pompey;8714178;87141788;48.77312;6.13078;FR;Europe/Paris;Q212966;Train TER;Car TER;uic;5398105040;Q2412350;;;87141788;Pompey
TN8714179;gare;Marbache;Marbache;Marbache;8714179;87141796;48.801114;6.109385;FR;Europe/Paris;Q208666;Train TER;Car TER;uic;10180294976;Q3096968;;;87141796;Marbache
TN8714180;gare;Belleville;Belleville (Meurthe-et-Moselle);Belleville (Meurthe-et-Moselle);8714180;87141804;48.819681;6.101351;FR;Europe/Paris;Q1060182;Train TER;Car TER;uic;5250940073;Q3095947;;;87141804;Belleville
TN8714181;gare;Dieulouard;Dieulouard;Dieulouard;8714181;87141812;48.843914;6.071561;FR;Europe/Paris;Q627292;Train TER;Car TER;uic;3787797923;Q3096364;;;87141812;Dieulouard
TN8714182;gare;Pont-à-Mousson;Pont-à-Mousson;Pont-à-Mousson;8714182;87141820;48.900258;6.050627;FR;Europe/Paris;Q461413;Train TER;Car TER;uic;9034851264;Q2532824;;;87141820;Pont-à-Mousson
TN8714200;gare;Chaumont;Chaumont;Chaumont;8714200;87142000;48.109531;5.133971;FR;Europe/Paris;Q193880;Train TER;Car TER;uic;2516923022;Q1825470;;XFCHM;87142000;Chaumont
TN8714209;gare;Langres;Langres;Langres;8714209;87142091;47.876964;5.344422;FR;Europe/Paris;Q203293;Train TER;Car TER;uic;2516923028;Q2268586;;;87142091;Langres
TN8714210;gare;Lorraine TGV;Lorraine TGV;Lorraine TGV;8714210;87142109;48.947743;6.169795;FR;Europe/Paris;Q21936;TGV INOUI;Car à réservation;uic;4043327190;Q801121;;XFLR;87142109;Lorraine TGV
TN8714212;gare;Culmont - Chalindrey;Culmont - Chalindrey;Culmont - Chalindrey;8714212;87142125;47.81009;5.443222;FR;Europe/Paris;Q1101976;INTERCITES|Train TER;Car TER|Car à réservation;uic;2524749187;Q2805667;;;87142125;Culmont - Chalindrey
TN8714222;gare;Bologne;Bologne;Bologne;8714222;87142224;48.198677;5.134291;FR;Europe/Paris;Q665760;Train TER;Car TER;uic;5274855098;Q962874;;;87142224;Bologne
TN8714223;gare;Vignory;Vignory;Vignory;8714223;87142232;48.270137;5.124159;FR;Europe/Paris;Q829280;Train TER;Car TER;uic;3469862793;Q3097983;;;87142232;Vignory
TN8714224;gare;Froncles;Froncles;Froncles;8714224;87142240;48.296342;5.141794;FR;Europe/Paris;Q1331651;Train TER;Car TER;uic;3469862393;Q3096489;;;87142240;Froncles
TN8714226;arret_car;Gudmont;Gudmont;Gudmont;8714226;87142265;48.338228;5.140827;FR;Europe/Paris;Q1325599;;Car TER;gtfs;;;;;87142265;Gudmont
TN8714227;gare;Donjeux;Donjeux;Donjeux;8714227;87142273;48.365654;5.148312;FR;Europe/Paris;Q1101648;Train TER;Car TER;uic;3469862193;;;;87142273;Donjeux
TN8714302;arret_car;Vraincourt;Vraincourt;Vraincourt;8714302;87143024;48.236822;5.123867;FR;Europe/Paris;Q1339256;;Car TER;uic;10771309458;Q3098043;;;87143024;Vraincourt
TN8714400;gare;Épinal;Épinal;Épinal;8714400;87144006;48.178005;6.441787;FR;Europe/Paris;Q173695;TGV INOUI|Train TER;Car TER;gtfs;;;;;87144006;Épinal
TN8714401;gare;Saint-Dié-des-Vosges;Saint-Dié-des-Vosges;Saint-Dié-des-Vosges;8714401;87144014;48.281818;6.948122;FR;Europe/Paris;Q34427;TGV INOUI|Train TER;Car TER;uic;4398588295;Q3097519;;;87144014;Saint-Dié-des-Vosges
TN8714403;arret_car;Docelles-Cheniménil Gare;Docelles-Cheniménil Gare;Docelles-Cheniménil Gare;8714403;87144030;48.143572;6.610964;FR;Europe/Paris;Q163789;;Car TER;gtfs;;;;;87144030;Docelles-Cheniménil Gare
TN8714405;gare;Charmes;Charmes (Vosges);Charmes (Vosges);8714405;87144055;48.378503;6.301602;FR;Europe/Paris;Q206523;Train TER;Car TER;uic;10166429861;Q3096204;;;87144055;Charmes
TN8714406;gare;Vincey;Vincey;Vincey;8714406;87144063;48.343705;6.335459;FR;Europe/Paris;Q836332;Train TER;Car TER;uic;2275783120;Q2482640;;;87144063;Vincey
TN8714407;gare;Châtel - Nomexy;Châtel - Nomexy;Châtel - Nomexy;8714407;87144071;48.307131;6.387802;FR;Europe/Paris;Q753258;Train TER;Car TER;uic;3471627293;Q289445;;;87144071;Châtel - Nomexy
TN8714408;gare;Igney;Igney;Igney;8714408;87144089;48.27082;6.399542;FR;Europe/Paris;Q753302;Train TER;Car TER;uic;8515452789;Q2616463;;;87144089;Igney
TN8714409;gare;Thaon;Thaon;Thaon;8714409;87144097;48.244123;6.416526;FR;Europe/Paris;Q21979638;Train TER;Car TER;uic;8533307928;Q1810836;;;87144097;Thaon
TN8714412;gare;Xertigny;Xertigny;Xertigny;8714412;87144121;48.053024;6.376858;FR;Europe/Paris;Q474291;Train TER;;uic;2276481494;Q2522662;;;87144121;Xertigny
TN8714414;gare;Bains-les-Bains;Bains-les-Bains;Bains-les-Bains;8714414;87144147;47.981215;6.295184;FR;Europe/Paris;Q669774;Train TER;;uic;2276481478;Q2793921;;;87144147;Bains-les-Bains
TN8714415;gare;Bruyères;Bruyères;Bruyères;8714415;87144154;48.204877;6.718759;FR;Europe/Paris;Q200575;Train TER;Car TER;uic;9409563794;Q2545635;;;87144154;Bruyères
TN8714421;arret_car;Mirecourt;Mirecourt;Mirecourt;8714421;87144212;48.299249;6.129464;FR;Europe/Paris;Q659969;;Car TER;gtfs;;;;;87144212;Mirecourt
TN8714427;gare;Vittel;Vittel;Vittel;8714427;87144279;48.202624;5.942254;FR;Europe/Paris;Q453309;Train TER;Car TER;uic;10168833069;Q675938;;;87144279;Vittel
TN8714428;gare;Contrexéville;Contrexéville;Contrexéville;8714428;87144287;48.179634;5.890614;FR;Europe/Paris;Q633628;Train TER;;uic;11009087779;Q2205857;;;87144287;Contrexéville
TN8714429;arret_car;Martigny-les-Bains Gare;Martigny-les-Bains Gare;Martigny-les-Bains Gare;8714429;87144295;48.108552;5.825703;FR;Europe/Paris;Q1157405;;Car TER;gtfs;;;;;87144295;Martigny-les-Bains Gare
TN8714430;arret_car;Lamarche;Lamarche;Lamarche;8714430;87144303;48.09013;5.760439;FR;Europe/Paris;Q208768;;Car TER;gtfs;;;;;87144303;Lamarche
TN8714431;arret_car;Rozières-sur-Mouzon;Rozières-sur-Mouzon;Rozières-sur-Mouzon;8714431;87144311;48.120926;5.705391;FR;Europe/Paris;Q1410265;;Car TER;gtfs;;;;;87144311;Rozières-sur-Mouzon
TN8714434;gare;Provenchères-sur-Fave;Provenchères-sur-Fave;Provenchères-sur-Fave;8714434;87144345;48.304678;7.085479;FR;Europe/Paris;Q21979637;Train TER;Car TER;uic;10039004571;Q3097349;;;87144345;Provenchères-sur-Fave
TN8714441;gare;Arches;Arches;Arches;8714441;87144410;48.119926;6.528246;FR;Europe/Paris;Q632848;Train TER;Car TER;uic;9409599581;Q2401925;;;87144410;Arches
TN8714442;gare;Pouxeux;Pouxeux;Pouxeux;8714442;87144428;48.108776;6.569481;FR;Europe/Paris;Q201758;Train TER;Car TER;uic;8171965480;Q1938345;;;87144428;Pouxeux
TN8714443;gare;Éloyes;Éloyes;Éloyes;8714443;87144436;48.087066;6.600134;FR;Europe/Paris;Q274801;Train TER;Car TER;uic;8507358866;Q1946266;;;87144436;Éloyes
TN8714445;gare;Remiremont;Remiremont;Remiremont;8714445;87144451;48.016342;6.598879;FR;Europe/Paris;Q504853;TGV INOUI|Train TER;Car TER;gtfs;;;;;87144451;Remiremont
TN8714462;gare;Raon-l'Étape;Raon-l'Étape;Raon-l'Étape;8714462;87144626;48.403789;6.836945;FR;Europe/Paris;Q676966;Train TER;Car TER;uic;4398588292;Q2448545;;;87144626;Raon-l'Étape
TN8714464;gare;Étival-Clairefontaine;Étival-Clairefontaine;Étival-Clairefontaine;8714464;87144642;48.367221;6.876935;FR;Europe/Paris;Q211843;Train TER;Car TER;uic;4368036806;Q1977745;;;87144642;Étival-Clairefontaine
TN8714468;gare;St-Michel-sur-Meurthe;St-Michel-sur-Meurthe;St-Michel-sur-Meurthe;8714468;87144683;48.326979;6.888243;FR;Europe/Paris;Q1162289;Train TER;Car TER;uic;12953590106;Q2747695;;;87144683;Saint-Michel-sur-Meurthe
TN8714621;gare;Saint-Nabord;Saint-Nabord;Saint-Nabord;8714621;87146217;48.045807;6.581564;FR;Europe/Paris;Q186880;Train TER;Car TER;uic;8272156103;Q2051806;;;87146217;Saint-Nabord
TN8714647;arret_car;Montrozier Gages Pont;Montrozier Gages Pont;Montrozier Gages Pont;8714647;87146472;44.393434;2.705914;FR;Europe/Paris;Q963118;;Car TER;gtfs;;;;;87146472;Montrozier Gages Pont
TN8714732;gare;Meuse TGV;Meuse TGV;Meuse TGV;8714732;87147322;48.978715;5.27091;FR;Europe/Paris;Q839114;TGV INOUI;Car à réservation;uic;4043327191;Q801181;;XFMU;87147322;Meuse TGV
TN8715241;arret_car;Maussac Place de la Poste;Maussac Place de la Poste;Maussac Place de la Poste;8715241;87152413;45.471329;2.140202;FR;Europe/Paris;Q626081;;Car TER;gtfs;;;;;87152413;Maussac Place de la Poste
TN8715800;arret_car;Gouzon Champ de Foire;Gouzon Champ de Foire;Gouzon Champ de Foire;8715800;87158006;46.191202;2.239953;FR;Europe/Paris;Q539534;;Car TER;gtfs;;;;;87158006;Gouzon Champ de Foire
TN8715994;gare;Ker Lann;Ker Lann;Ker Lann;8715994;87159947;48.043194;-1.739446;FR;Europe/Paris;Q216837;Train TER;;uic;281750468;Q2393189;;;87159947;Ker Lann
TN8716585;arret_car;Montastruc-la-Conseillère RN 88;Montastruc-la-Conseillère RN 88;Montastruc-la-Conseillère RN 88;8716585;87165852;43.722992;1.586781;FR;Europe/Paris;Q689528;;Car TER;gtfs;;;;;87165852;Montastruc-la-Conseillère RN 88
TN8716819;arret_car;Auch Z.A. Lamothe;Auch Z.A. Lamothe;Auch Z.A. Lamothe;8716819;87168195;43.687457;0.60339;FR;Europe/Paris;Q181725;;Car TER;gtfs;;;;;87168195;Auch Z.A. Lamothe
TN8717006;arret_car;Bachos Anos;Bachos Anos;Bachos Anos;8717006;87170068;42.897857;0.625231;FR;Europe/Paris;Q1081886;;Car TER;gtfs;;;;;87170068;Bachos Anos
TN8717035;arret_car;Bagiry Cimetiére;Bagiry Cimetiére;Bagiry Cimetiére;8717035;87170357;42.976236;0.625889;FR;Europe/Paris;Q648547;;Car TER;gtfs;;;;;87170357;Bagiry Cimetiére
TN8717055;arret_car;Bertren Centre;Bertren Centre;Bertren Centre;8717055;87170555;42.9991;0.61797;FR;Europe/Paris;Q1092907;;Car TER;gtfs;;;;;87170555;Bertren Centre
TN8717076;arret_car;Cazaux-Layrisse Eglise;Cazaux-Layrisse Eglise;Cazaux-Layrisse Eglise;8717076;87170761;42.868974;0.608072;FR;Europe/Paris;Q1344773;;Car TER;gtfs;;;;;87170761;Cazaux-Layrisse Eglise
TN8717078;arret_car;Esténos Pont de Chaum;Esténos Pont de Chaum;Esténos Pont de Chaum;8717078;87170787;42.939007;0.645149;FR;Europe/Paris;Q1345723;;Car TER;gtfs;;;;;87170787;Esténos Pont de Chaum
TN8717079;arret_car;Cierp-Gaud Centre;Cierp-Gaud Centre;Cierp-Gaud Centre;8717079;87170795;42.914639;0.639409;FR;Europe/Paris;Q1340927;;Car TER;gtfs;;;;;87170795;Cierp-Gaud Centre
TN8717081;arret_car;Cierp-Gaud;Cierp-Gaud;Cierp-Gaud;8717081;87170811;42.914327;0.648;FR;Europe/Paris;Q1340927;;Car TER;gtfs;;;;;87170811;Cierp-Gaud
TN8717087;arret_car;Esténos Mairie;Esténos Mairie;Esténos Mairie;8717087;87170878;42.94686;0.641429;FR;Europe/Paris;Q1345723;;Car TER;gtfs;;;;;87170878;Esténos Mairie
TN8717100;gare;Reims;Reims;Reims;8717100;87171009;49.258985;4.024384;FR;Europe/Paris;Q41876;TGV INOUI|Train TER;Car TER;uic;2517400258;Q801356;;;87171009;Reims
TN8717127;gare;Reims Maison Blanche;Reims Maison Blanche;Reims Maison Blanche;8717127;87171272;49.233723;4.022426;FR;Europe/Paris;Q41876;Train TER;;uic;10753011249;Q2261583;;;87171272;Reims Maison Blanche
TN8717129;gare;Muizon;Muizon;Muizon;8717129;87171298;49.278116;3.891235;FR;Europe/Paris;Q1103524;Train TER;Car TER;uic;2276481487;Q2598348;;;87171298;Muizon
TN8717131;gare;Jonchery-sur-Vesle;Jonchery-sur-Vesle;Jonchery-sur-Vesle;8717131;87171314;49.290088;3.819384;FR;Europe/Paris;Q569262;Train TER;Car TER;uic;10137310170;Q3096660;;;87171314;Jonchery-sur-Vesle
TN8717132;gare;Breuil - Romain;Breuil - Romain;Breuil - Romain;8717132;87171322;49.308382;3.766694;FR;Europe/Paris;Q658713;Train TER;Car TER;uic;10137310169;Q3096063;;;87171322;Breuil - Romain
TN8717133;gare;Fismes;Fismes;Fismes;8717133;87171330;49.31075;3.682133;FR;Europe/Paris;Q1214970;Train TER;Car TER;uic;10137310135;Q2523711;;;87171330;Fismes
TN8717146;gare;Bazancourt;Bazancourt;Bazancourt;8717146;87171462;49.361044;4.17415;FR;Europe/Paris;Q537987;Train TER;Car TER;uic;10137310203;Q3095927;;;87171462;Bazancourt
TN8717151;gare;Dormans;Dormans;Dormans;8717151;87171512;49.079109;3.641816;FR;Europe/Paris;Q833380;Train TER;Car TER;uic;4207770893;Q1985272;;XFDOR;87171512;Dormans
TN8717155;gare;Épernay;Épernay;Épernay;8717155;87171553;49.046365;3.959757;FR;Europe/Paris;Q205537;Train TER;Car TER;uic;10111819345;Q2085979;;;87171553;Épernay
TN8717156;gare;Aÿ-Champagne;Aÿ-Champagne;Aÿ-Champagne;8717156;87171561;49.048769;4.001763;FR;Europe/Paris;Q21907046;Train TER;Car TER;uic;10075215186;Q3095713;;;87171561;Ay-Champagne
TN8717157;gare;Avenay;Avenay-Val-d'Or;Avenay-Val-d'Or;8717157;87171579;49.064826;4.043547;FR;Europe/Paris;Q656436;Train TER;Car TER;uic;10075215172;Q3095704;;;87171579;Avenay
TN8717158;gare;Germaine;Germaine;Germaine;8717158;87171587;49.128116;4.022779;FR;Europe/Paris;Q1221301;Train TER;Car TER;uic;10232492247;Q3096531;;;87171587;Germaine
TN8717159;gare;Rilly-la-Montagne;Rilly-la-Montagne;Rilly-la-Montagne;8717159;87171595;49.166446;4.04084;FR;Europe/Paris;Q1224851;Train TER;Car TER;uic;3838750310;Q2205349;;;87171595;Rilly-la-Montagne
TN8717161;gare;Val-de-Vesle;Val-de-Vesle;Val-de-Vesle;8717161;87171611;49.178066;4.222216;FR;Europe/Paris;Q1597204;Train TER;Car TER;uic;3820341549;Q3097915;;;87171611;Val-de-Vesle
TN8717162;gare;Prunay;Prunay;Prunay;8717162;87171629;49.198729;4.183755;FR;Europe/Paris;Q1221970;Train TER;Car TER;uic;3820341548;Q3097346;;;87171629;Prunay
TN8717164;gare;Sept-Saulx;Sept-Saulx;Sept-Saulx;8717164;87171645;49.151243;4.256868;FR;Europe/Paris;Q1219955;Train TER;Car TER;uic;10143257271;Q3097719;;;87171645;Sept-Saulx
TN8717170;gare;Aguilcourt - Variscourt;Aguilcourt - Variscourt;Aguilcourt - Variscourt;8717170;87171702;49.408367;3.972932;FR;Europe/Paris;Q867676;Train TER;Car TER;uic;9266236863;Q2043286;;;87171702;Aguilcourt - Variscourt
TN8717171;gare;Courcy - Brimont;Courcy - Brimont;Courcy - Brimont;8717171;87171710;49.329555;4.013661;FR;Europe/Paris;Q624052;Train TER;Car TER;uic;10745389121;Q2224318;;;87171710;Courcy - Brimont
TN8717172;gare;Loivre;Loivre;Loivre;8717172;87171728;49.34666;3.990665;FR;Europe/Paris;Q1219578;Train TER;Car TER;uic;9266217192;Q2395523;;;87171728;Loivre
TN8717173;gare;Guignicourt;Guignicourt;Guignicourt;8717173;87171736;49.43486;3.961122;FR;Europe/Paris;Q59533578;Train TER;Car TER;uic;9266218762;Q2342913;;;87171736;Guignicourt
TN8717174;gare;Amifontaine;Amifontaine;Amifontaine;8717174;87171744;49.484686;3.910579;FR;Europe/Paris;Q990689;Train TER;Car TER;uic;9266254172;Q3095623;;;87171744;Amifontaine
TN8717175;gare;Saint-Erme;Saint-Erme;Saint-Erme;8717175;87171751;49.526992;3.85761;FR;Europe/Paris;Q371084;Train TER;Car TER;uic;9266241224;Q2245176;;;87171751;Saint-Erme
TN8717176;gare;Coucy-lès-Eppes;Coucy-lès-Eppes;Coucy-lès-Eppes;8717176;87171769;49.556185;3.775217;FR;Europe/Paris;Q991750;Train TER;Car TER;uic;9266280084;Q2668765;;;87171769;Coucy-lès-Eppes
TN8717192;gare;Champagne-Ardenne TGV;Champagne-Ardenne TGV;Champagne-Ardenne TGV;8717192;87171926;49.214266;3.994342;FR;Europe/Paris;Q663951;ICE|OUIGO|TGV INOUI|Train TER;;uic;4043327189;Q800616;;XFCV;87171926;Champagne-Ardenne TGV
TN8717200;gare;Charleville-Mézières;Charleville-Mézières;Charleville-Mézières;8717200;87172007;49.76763;4.724344;FR;Europe/Paris;Q47383;TGV INOUI|Train TER;Car TER;gtfs;;;;;87172007;Charleville-Mézières
TN8717202;gare;Nouzonville;Nouzonville;Nouzonville;8717202;87172023;49.811996;4.742659;FR;Europe/Paris;Q379127;Train TER;Car TER;uic;4952277383;Q2687707;;;87172023;Nouzonville
TN8717203;gare;Joigny-sur-Meuse;Joigny-sur-Meuse;Joigny-sur-Meuse;8717203;87172031;49.833418;4.767397;FR;Europe/Paris;Q1089170;Train TER;;uic;4952727250;Q3096655;;;87172031;Joigny-sur-Meuse
TN8717204;gare;Bogny-sur-Meuse;Bogny-sur-Meuse;Bogny-sur-Meuse;8717204;87172049;49.858349;4.763392;FR;Europe/Paris;Q383409;Train TER;Car TER;uic;4952727257;Q2086218;;;87172049;Bogny-sur-Meuse
TN8717205;gare;Monthermé;Monthermé;Monthermé;8717205;87172056;49.86563;4.740704;FR;Europe/Paris;Q383409;Train TER;Car TER;uic;4952727245;Q3097079;;;87172056;Monthermé
TN8717206;gare;Deville;Deville;Deville;8717206;87172064;49.879603;4.707233;FR;Europe/Paris;Q520698;Train TER;Car TER;uic;4952727248;Q3096359;;;87172064;Deville
TN8717207;gare;Laifour;Laifour;Laifour;8717207;87172072;49.911155;4.692286;FR;Europe/Paris;Q285695;Train TER;Car TER;uic;4952727249;Q3096833;;;87172072;Laifour
TN8717208;gare;Revin;Revin;Revin;8717208;87172080;49.938803;4.642859;FR;Europe/Paris;Q458741;Train TER;Car TER;uic;4952277382;Q3097401;;;87172080;Revin
TN8717209;gare;Fumay;Fumay;Fumay;8717209;87172098;49.986081;4.692525;FR;Europe/Paris;Q320629;Train TER;Car TER;uic;4952277322;Q3096501;;;87172098;Fumay
TN8717210;gare;Haybes;Haybes;Haybes;8717210;87172106;50.011835;4.70513;FR;Europe/Paris;Q378496;Train TER;Car TER;uic;4952277323;Q3095765;;;87172106;Haybes
TN8717211;gare;Vireux-Molhain;Vireux-Molhain;Vireux-Molhain;8717211;87172114;50.082829;4.723213;FR;Europe/Paris;Q628295;Train TER;Car TER;uic;4952277325;Q2022973;;;87172114;Vireux-Molhain
TN8717212;gare;Aubrives;Aubrives;Aubrives;8717212;87172122;50.104355;4.761714;FR;Europe/Paris;Q1048554;Train TER;Car TER;uic;4952277326;Q2116916;;;87172122;Aubrives
TN8717213;gare;Givet;Givet;Givet;8717213;87172130;50.140304;4.817802;FR;Europe/Paris;Q241940;Train TER;Car TER;uic;4290854887;Q2284792;;XFGVT;87172130;Givet
TN8717215;gare;Mohon;Mohon;Mohon;8717215;87172155;49.752755;4.733691;FR;Europe/Paris;Q47383;Train TER;Car TER;gtfs;;;;;87172155;Mohon
TN8717217;gare;Poix-Terron;Poix-Terron;Poix-Terron;8717217;87172171;49.650064;4.63636;FR;Europe/Paris;Q929765;Train TER;Car TER;uic;11142318981;Q16744012;;;87172171;Poix-Terron
TN8717218;gare;Lumes;Lumes;Lumes;8717218;87172189;49.733068;4.783198;FR;Europe/Paris;Q649169;Train TER;Car TER;uic;4290857015;Q3096919;;;87172189;Lumes
TN8717221;gare;Nouvion-sur-Meuse;Nouvion-sur-Meuse;Nouvion-sur-Meuse;8717221;87172213;49.697314;4.794973;FR;Europe/Paris;Q1084861;Train TER;Car TER;gtfs;;;;;87172213;Nouvion-sur-Meuse
TN8717222;gare;Vrigne-Meuse;Vrigne-Meuse;Vrigne-Meuse;8717222;87172221;49.70097;4.843926;FR;Europe/Paris;Q1147090;Train TER;;uic;3469383993;Q3098045;;;87172221;Vrigne-Meuse
TN8717223;gare;Donchery;Donchery;Donchery;8717223;87172239;49.698339;4.874768;FR;Europe/Paris;Q378559;Train TER;Car TER;uic;3469375594;Q3096387;;;87172239;Donchery
TN8717225;gare;Sedan;Sedan;Sedan;8717225;87172254;49.69487;4.930169;FR;Europe/Paris;Q184371;TGV INOUI|Train TER;Car TER;uic;1873535542;Q2275121;;;87172254;Sedan
TN8717226;gare;Amagne - Lucquy;Amagne - Lucquy;Amagne - Lucquy;8717226;87172262;49.523852;4.473969;FR;Europe/Paris;Q1088565;Train TER;Car TER;uic;14038816707;Q3095619;;;87172262;Amagne - Lucquy
TN8717227;gare;Rethel;Rethel;Rethel;8717227;87172270;49.504251;4.369658;FR;Europe/Paris;Q209790;TGV INOUI|Train TER;Car TER;uic;5699592928;Q2438613;;;87172270;Rethel
TN8717230;arret_car;Noyers-Pont-Maugis;Noyers-Pont-Maugis;Noyers-Pont-Maugis;8717230;87172304;49.669712;4.955197;FR;Europe/Paris;Q779944;;Car TER;gtfs;;;;;87172304;Noyers-Pont-Maugis
TN8717231;arret_car;Bazeilles;Bazeilles;Bazeilles;8717231;87172312;49.675894;4.981865;FR;Europe/Paris;Q124052546;;Car TER;gtfs;;;;;87172312;Bazeilles
TN8717232;arret_car;Douzy;Douzy;Douzy;8717232;87172320;49.671685;5.036698;FR;Europe/Paris;Q28335204;;Car TER;gtfs;;;;;87172320;Douzy
TN8717233;arret_car;Pouru-Saint-Remy;Pouru-Saint-Remy;Pouru-Saint-Remy;8717233;87172338;49.675863;5.082955;FR;Europe/Paris;Q722611;;Car TER;gtfs;;;;;87172338;Pouru-Saint-Remy
TN8717234;arret_car;Sachy;Sachy;Sachy;8717234;87172346;49.669064;5.130877;FR;Europe/Paris;Q580919;;Car TER;gtfs;;;;;87172346;Sachy
TN8717235;gare;Carignan;Carignan;Carignan;8717235;87172353;49.628671;5.168517;FR;Europe/Paris;Q624330;Train TER;Car TER;gtfs;;;;;87172353;Carignan
TN8717238;arret_car;Blagny;Blagny;Blagny;8717238;87172387;49.62256;5.184723;FR;Europe/Paris;Q371412;;Car TER;gtfs;;;;;87172387;Blagny
TN8717239;arret_car;Linay;Linay;Linay;8717239;87172395;49.614055;5.223838;FR;Europe/Paris;Q548559;;Car TER;gtfs;;;;;87172395;Linay
TN8717241;arret_car;Margut - Fromy;Margut - Fromy;Margut - Fromy;8717241;87172411;49.590956;5.257797;FR;Europe/Paris;Q1086297;;Car TER;gtfs;;;;;87172411;Margut - Fromy
TN8717270;arret_car;Remilly-Aillicourt;Remilly-Aillicourt;Remilly-Aillicourt;8717270;87172700;49.657718;4.984295;FR;Europe/Paris;Q1086391;;Car TER;gtfs;;;;;87172700;Remilly-Aillicourt
TN8717285;gare;Anchamps;Anchamps;Anchamps;8717285;87172858;49.930755;4.67095;FR;Europe/Paris;Q1020449;Train TER;Car TER;uic;4952284137;Q3095628;;;87172858;Anchamps
TN8717287;gare;Fépin;Fépin;Fépin;8717287;87172874;50.023417;4.726438;FR;Europe/Paris;Q1088687;Train TER;Car TER;uic;4952277324;Q3096505;;;87172874;Fépin
TN8717330;arret_car;Wadelincourt;Wadelincourt;Wadelincourt;8717330;87173302;49.684989;4.940896;FR;Europe/Paris;Q1146931;;Car TER;gtfs;;;;;87173302;Wadelincourt
TN8717340;arret_car;La Ferté-sur-Chiers;La Ferté-sur-Chiers;La Ferté-sur-Chiers;8717340;87173401;49.574639;5.242653;FR;Europe/Paris;Q1088733;;Car TER;gtfs;;;;;87173401;La Ferté-sur-Chiers
TN8717346;arret_car;Loures-Barousse Église;Loures-Barousse Église;Loures-Barousse Église;8717346;87173468;43.024222;0.604932;FR;Europe/Paris;Q1325099;;Car TER;gtfs;;;;;87173468;Loures-Barousse Église
TN8717354;arret_car;Moustajon Mairie;Moustajon Mairie;Moustajon Mairie;8717354;87173542;42.815115;0.597395;FR;Europe/Paris;Q1429779;;Car TER;gtfs;;;;;87173542;Moustajon Mairie
TN8717382;arret_car;Cier-de-Luchon Pratviel;Cier-de-Luchon Pratviel;Cier-de-Luchon Pratviel;8717382;87173823;42.844267;0.603856;FR;Europe/Paris;Q1341025;;Car TER;gtfs;;;;;87173823;Cier-de-Luchon Pratviel
TN8717390;arret_car;Siradan D825;Siradan D825;Siradan D825;8717390;87173906;42.966455;0.629584;FR;Europe/Paris;Q612573;;Car TER;gtfs;;;;;87173906;Siradan D825
TN8717400;gare;Châlons-en-Champagne;Châlons-en-Champagne;Châlons-en-Champagne;8717400;87174003;48.955196;4.348749;FR;Europe/Paris;Q47135;TGV INOUI|Train TER;Car TER;uic;2517400255;Q579849;;;87174003;Châlons-en-Champagne
TN8717427;gare;Vitry-le-François;Vitry-le-François;Vitry-le-François;8717427;87174276;48.71791;4.587608;FR;Europe/Paris;Q623374;TGV INOUI|Train TER;Car TER;uic;2516966558;Q1818259;;;87174276;Vitry-le-François
TN8717440;gare;Mourmelon-le-Petit;Mourmelon-le-Petit;Mourmelon-le-Petit;8717440;87174409;49.131282;4.317821;FR;Europe/Paris;Q1103472;Train TER;Car TER;uic;2517400257;Q3097119;;;87174409;Mourmelon-le-Petit
TN8717500;gare;Saint-Dizier;Saint-Dizier;Saint-Dizier;8717500;87175000;48.642656;4.947951;FR;Europe/Paris;Q208310;Train TER;Car TER;uic;2516966546;Q2077891;;XFSDZ;87175000;Saint-Dizier
TN8717501;gare;Revigny;Revigny;Revigny;8717501;87175018;48.824085;4.985519;FR;Europe/Paris;Q1159425;Train TER;Car TER;uic;10151738320;Q3097398;;;87175018;Revigny
TN8717504;gare;Bar-le-Duc;Bar-le-Duc;Bar-le-Duc;8717504;87175042;48.77366;5.167257;FR;Europe/Paris;Q185721;TGV INOUI|Train TER;Car TER|Car à réservation;uic;9917511496;Q972791;;;87175042;Bar-le-Duc
TN8717506;gare;Nançois-Tronville;Nançois-Tronville;Nançois-Tronville;8717506;87175067;48.718173;5.291119;FR;Europe/Paris;Q1385066;Train TER;Car TER;uic;10146827356;Q3097170;;;87175067;Nançois - Tronville
TN8717509;gare;Joinville;Joinville;Joinville;8717509;87175091;48.44432;5.143322;FR;Europe/Paris;Q817418;Train TER;Car TER;uic;3656710079;Q3096656;;;87175091;Joinville
TN8717510;arret_car;Curel;Curel;Curel;8717510;87175109;48.492257;5.135624;FR;Europe/Paris;Q1101571;;Car TER;gtfs;;;;;87175109;Curel
TN8717511;gare;Chevillon;Chevillon;Chevillon;8717511;87175117;48.524446;5.1116;FR;Europe/Paris;Q750549;Train TER;Car TER;uic;3469862093;Q3096218;;;87175117;Chevillon
TN8717524;gare;Lérouville;Lérouville;Lérouville;8717524;87175240;48.797196;5.538686;FR;Europe/Paris;Q1159564;Train TER;Car TER;uic;14029685692;Q3096935;;;87175240;Lérouville
TN8717525;gare;Commercy;Commercy;Commercy;8717525;87175257;48.765911;5.588751;FR;Europe/Paris;Q212456;Train TER;Car TER|Car à réservation;uic;10168833051;Q3096271;;;87175257;Commercy
TN8717577;gare;Verdun;Verdun;Verdun;8717577;87175778;49.16546;5.379482;FR;Europe/Paris;Q154748;Train TER;Car TER|Car à réservation;uic;7648693282;Q2234913;;;87175778;Verdun
TN8717579;gare;Étain;Étain;Étain;8717579;87175794;49.20754;5.639674;FR;Europe/Paris;Q59724;Train TER;Car TER;uic;10171109719;Q3095881;;;87175794;Étain
TN8717582;gare;Pagny-sur-Meuse;Pagny-sur-Meuse;Pagny-sur-Meuse;8717582;87175828;48.696582;5.733632;FR;Europe/Paris;Q653766;Train TER;Car TER;gtfs;;;;;87175828;Pagny-sur-Meuse
TN8717697;arret_car;Gourdan-Polignan Lycée;Gourdan-Polignan Lycée;Gourdan-Polignan Lycée;8717697;87176974;43.076553;0.58441;FR;Europe/Paris;Q686452;;Car TER;gtfs;;;;;87176974;Gourdan-Polignan Lycée
TN8717717;arret_car;Laissac Place du Foiral;Laissac Place du Foiral;Laissac Place du Foiral;8717717;87177170;44.382444;2.821614;FR;Europe/Paris;Q21979702;;Car TER;gtfs;;;;;87177170;Laissac Place du Foiral
TN8717736;arret_car;Communay;Communay;Communay;8717736;87177360;45.605889;4.8489;FR;Europe/Paris;Q1390632;;Car TER;gtfs;;;;;87177360;Communay
TN8717757;arret_car;Ternay Barbières;Ternay Barbières;Ternay Barbières;8717757;87177576;45.596952;4.799659;FR;Europe/Paris;Q910038;;Car TER;gtfs;;;;;87177576;Ternay Barbières
TN8718101;gare;Saint-Louis La Chaussée;Saint-Louis La Chaussée;Saint-Louis La Chaussée;8718101;87181016;47.609553;7.531041;FR;Europe/Paris;Q384516;Train TER;;uic;3822299126;Q2693953;;;87181016;Saint-Louis la Chaussée
TN8718104;gare;Flaxlanden;Flaxlanden;Flaxlanden;8718104;87181040;47.69877;7.304638;FR;Europe/Paris;Q203238;Train TER;;uic;8040355088;Q2597950;;;87181040;Flaxlanden
TN8718106;gare;Walheim;Walheim;Walheim;8718106;87181065;47.641612;7.263308;FR;Europe/Paris;Q635411;Train TER;;uic;8040353046;Q128074;;;87181065;Walheim
TN8718113;gare;Graffenwald;Graffenwald;Graffenwald;8718113;87181131;47.780823;7.224791;FR;Europe/Paris;Q624274;Train TER|TramTrain;Car TER;uic;3098440639;Q2030120;;;87181131;Graffenwald
TN8718122;gare;Colmar Saint-Joseph;Colmar Saint-Joseph;Colmar Saint-Joseph;8718122;87181222;48.08169;7.345301;FR;Europe/Paris;Q130994;Train TER;Car TER;uic;9200872126;Q2714470;;;87181222;Colmar Saint-Joseph
TN8718128;gare;Vieux-Thann Zone Industrielle;Vieux-Thann-Z.I.;Vieux-Thann-Z.I.;8718128;87181289;47.802022;7.132859;FR;Europe/Paris;Q122306;Train TER|TramTrain;;uic;2275783119;Q3097984;;;87181289;Vieux-Thann Zone Industrielle
TN8718155;gare;Saint-Gilles Lycée Haut-Rhin;Saint-Gilles Lycée Haut-Rhin;Saint-Gilles Lycée Haut-Rhin;8718155;87181552;48.075907;7.261071;FR;Europe/Paris;Q495481;Train TER;Car TER;uic;9200872122;Q3097534;;;87181552;Saint-Gilles Lycée Haut-Rhin
TN8718201;gare;Colmar;Colmar;Colmar;8718201;87182014;48.072652;7.346519;FR;Europe/Paris;Q130994;OUIGO|TGV INOUI|Train TER;Car TER;uic;398836628;Q958671;;;87182014;Colmar
TN8718205;gare;Mulhouse Dornach;Dornach;Dornach;8718205;87182055;47.746875;7.308347;FR;Europe/Paris;Q79815;Train TER;;uic;4290854877;;;;87182055;Mulhouse Dornach
TN8718206;gare;Mulhouse;Mulhouse-Ville;Mulhouse-Ville;8718206;87182063;47.74215;7.343135;FR;Europe/Paris;Q79815;ICE|Lyria|OUIGO|TGV INOUI|Train TER;Car TER;uic;2502268309;Q801205;;;87182063;Mulhouse
TN8718207;gare;Rixheim;Rixheim;Rixheim;8718207;87182071;47.748805;7.40631;FR;Europe/Paris;Q148887;Train TER;;uic;8040307079;Q3097424;;;87182071;Rixheim
TN8718208;gare;Habsheim;Habsheim;Habsheim;8718208;87182089;47.7377;7.418241;FR;Europe/Paris;Q325043;Train TER;Car TER;uic;8040317482;Q2592955;;;87182089;Habsheim
TN8718210;gare;Sierentz;Sierentz;Sierentz;8718210;87182105;47.656066;7.4595;FR;Europe/Paris;Q635223;Train TER;;uic;8688147688;Q2148311;;;87182105;Sierentz
TN8718211;gare;Bartenheim;Bartenheim;Bartenheim;8718211;87182113;47.634949;7.487532;FR;Europe/Paris;Q320293;Train TER;;uic;3454342193;Q1923085;;;87182113;Bartenheim
TN8718213;gare;Saint-Louis;Saint-Louis (Haut-Rhin);Saint-Louis (Haut-Rhin);8718213;87182139;47.590136;7.555365;FR;Europe/Paris;Q384516;Train TER;Car TER;uic;3464978327;Q662776;;;87182139;Saint-Louis
TN8718219;gare;Zillisheim;Zillisheim;Zillisheim;8718219;87182196;47.694446;7.294449;FR;Europe/Paris;Q203238;Train TER;;uic;8040340686;Q2608887;;;87182196;Zillisheim
TN8718220;gare;Illfurth;Illfurth;Illfurth;8718220;87182204;47.676389;7.268515;FR;Europe/Paris;Q83413;Train TER;;uic;8040364627;Q2222548;;;87182204;Illfurth
TN8718223;gare;Altkirch;Altkirch;Altkirch;8718223;87182238;47.627078;7.239075;FR;Europe/Paris;Q208119;Train TER;Car TER;uic;2522405112;Q1888534;;XFALK;87182238;Altkirch
TN8718225;gare;Dannemarie;Dannemarie;Dannemarie;8718225;87182253;47.627731;7.124866;FR;Europe/Paris;Q382438;Train TER;Car TER;uic;8040371012;Q2713341;;;87182253;Dannemarie
TN8718232;gare;Herrlisheim-près-Colmar;Herrlisheim-près-Colmar;Herrlisheim-près-Colmar;8718232;87182329;48.016736;7.320668;FR;Europe/Paris;Q381549;Train TER;Car TER;uic;10079447528;Q2692559;;;87182329;Herrlisheim-près-Colmar
TN8718233;gare;Rouffach;Rouffach;Rouffach;8718233;87182337;47.960183;7.312696;FR;Europe/Paris;Q149087;Train TER;Car TER;uic;4389404367;Q1832258;;;87182337;Rouffach
TN8718234;gare;Logelbach;Logelbach;Logelbach;8718234;87182345;48.087274;7.321224;FR;Europe/Paris;Q495481;Train TER;;uic;9200872124;Q2497752;;;87182345;Logelbach
TN8718235;gare;Turckheim;Turckheim;Turckheim;8718235;87182352;48.085598;7.279377;FR;Europe/Paris;Q157729;Train TER;;uic;9200872123;Q2218613;;;87182352;Turckheim
TN8718236;gare;Walbach - La Forge;Walbach - La Forge;Walbach - La Forge;8718236;87182360;48.058011;7.233403;FR;Europe/Paris;Q495481;Train TER;Car TER;uic;9200872121;Q3098050;;;87182360;Walbach - La Forge
TN8718237;gare;Wihr-au-Val - Soultzbach;Wihr-au-Val - Soultzbach;Wihr-au-Val - Soultzbach;8718237;87182378;48.04613;7.209565;FR;Europe/Paris;Q635301;Train TER;;uic;9200872120;Q3098081;;;87182378;Wihr-au-Val - Soultzbach
TN8718238;gare;Gunsbach - Griesbach;Gunsbach - Griesbach;Gunsbach - Griesbach;8718238;87182386;48.041517;7.174843;FR;Europe/Paris;Q381596;Train TER;;uic;9200872119;Q3096599;;;87182386;Gunsbach - Griesbach
TN8718239;gare;Munster;Munster;Munster;8718239;87182394;48.038092;7.134926;FR;Europe/Paris;Q149419;Train TER;Car TER;uic;9200872117;Q3097136;;;87182394;Munster
TN8718240;gare;Ranspach;Ranspach;Ranspach;8718240;87182402;47.881644;7.012335;FR;Europe/Paris;Q148765;Train TER;;uic;9309000396;Q3097379;;;87182402;Ranspach
TN8718241;gare;Cernay;Cernay;Cernay;8718241;87182410;47.801775;7.173377;FR;Europe/Paris;Q274589;Train TER|TramTrain;Car TER;uic;4290854863;Q2165462;;XFCER;87182410;Cernay
TN8718254;gare;Luttenbach-près-Munster;Luttenbach-près-Munster;Luttenbach-près-Munster;8718254;87182543;48.035275;7.118607;FR;Europe/Paris;Q124160;Train TER;;uic;9200859316;Q3096923;;;87182543;Luttenbach-près-Munster
TN8718255;gare;Vieux-Thann;Vieux-Thann;Vieux-Thann;8718255;87182550;47.805804;7.119509;FR;Europe/Paris;Q122306;Train TER|TramTrain;;uic;4396504591;Q2357986;;;87182550;Vieux-Thann
TN8718256;gare;Thann;Thann;Thann;8718256;87182568;47.809048;7.10726;FR;Europe/Paris;Q207570;Train TER|TramTrain;Car TER;uic;3465517098;Q666766;;;87182568;Thann
TN8718257;gare;Bitschwiller-lès-Thann;Bitschwiller-lès-Thann;Bitschwiller-lès-Thann;8718257;87182576;47.827489;7.078355;FR;Europe/Paris;Q317452;Train TER;;uic;4396504592;Q3095998;;;87182576;Bitschwiller-lès-Thann
TN8718258;gare;Willer-sur-Thur;Willer-sur-Thur;Willer-sur-Thur;8718258;87182584;47.84239;7.069418;FR;Europe/Paris;Q384396;Train TER;;uic;4396506779;Q3098082;;;87182584;Willer-sur-Thur
TN8718259;gare;Moosch;Moosch;Moosch;8718259;87182592;47.860692;7.050868;FR;Europe/Paris;Q148698;Train TER;;uic;9308998611;Q3097098;;;87182592;Moosch
TN8718260;gare;Saint-Amarin;Saint-Amarin;Saint-Amarin;8718260;87182600;47.872925;7.028707;FR;Europe/Paris;Q149080;Train TER;;uic;9308990078;Q3097481;;;87182600;Saint-Amarin
TN8718261;gare;Wesserling;Wesserling;Wesserling;8718261;87182618;47.88994;6.997616;FR;Europe/Paris;Q463510;Train TER;Car TER;uic;9308990994;Q3098076;;;87182618;Wesserling
TN8718262;gare;Fellering;Fellering;Fellering;8718262;87182626;47.89759;6.987115;FR;Europe/Paris;Q463510;Train TER;;uic;9308994409;Q3096419;;;87182626;Fellering
TN8718263;gare;Oderen;Oderen;Oderen;8718263;87182634;47.910928;6.973582;FR;Europe/Paris;Q148086;Train TER;;uic;9308982656;Q3095816;;;87182634;Oderen
TN8718264;gare;Kruth;Kruth;Kruth;8718264;87182642;47.923442;6.969227;FR;Europe/Paris;Q123191;Train TER;Car TER;uic;9308976691;Q3096702;;;87182642;Kruth
TN8718265;gare;Breitenbach;Breitenbach;Breitenbach;8718265;87182659;48.028452;7.103958;FR;Europe/Paris;Q367794;Train TER;;uic;9200859315;Q3096059;;;87182659;Breitenbach
TN8718266;gare;Lutterbach;Lutterbach;Lutterbach;8718266;87182667;47.758214;7.276994;FR;Europe/Paris;Q124172;Train TER;Car TER;uic;3080695751;Q3096927;;XFLUB;87182667;Lutterbach
TN8718269;gare;Staffelfelden;Staffelfelden;Staffelfelden;8718269;87182691;47.828001;7.265148;FR;Europe/Paris;Q635442;Train TER;;uic;4397220579;Q2665472;;;87182691;Staffelfelden
TN8718270;gare;Bollwiller;Bollwiller;Bollwiller;8718270;87182709;47.85698;7.267318;FR;Europe/Paris;Q326352;Train TER;;uic;4756598770;Q3096017;;;87182709;Bollwiller
TN8718271;gare;Raedersheim;Raedersheim;Raedersheim;8718271;87182717;47.886866;7.283976;FR;Europe/Paris;Q148035;Train TER;Car TER;uic;4397220578;Q631405;;;87182717;Raedersheim
TN8718272;gare;Merxheim;Merxheim;Merxheim;8718272;87182725;47.913287;7.302625;FR;Europe/Paris;Q123691;Train TER;Car TER;uic;4389403840;Q2848296;;;87182725;Merxheim
TN8718273;gare;Muhlbach-sur-Munster;Muhlbach-sur-Munster;Muhlbach-sur-Munster;8718273;87182733;48.024483;7.087443;FR;Europe/Paris;Q148746;Train TER;;uic;9200859314;Q3097126;;;87182733;Muhlbach-sur-Munster
TN8718281;gare;Metzeral;Metzeral;Metzeral;8718281;87182816;48.013768;7.073427;FR;Europe/Paris;Q121642;Train TER;Car TER;uic;9200859313;Q3097031;;;87182816;Metzeral
TN8718284;gare;Bantzenheim;Bantzenheim;Bantzenheim;8718284;87182840;47.811045;7.503946;FR;Europe/Paris;Q320271;Train TER;Car TER;uic;4295979475;Q3095900;;;87182840;Bantzenheim
TN8718288;gare;Thann Saint-Jacques;Thann Saint-Jacques;Thann Saint-Jacques;8718288;87182881;47.813313;7.093418;FR;Europe/Paris;Q207570;Train TER|TramTrain;Car TER;uic;4396506777;Q1812780;;;87182881;Thann Saint-Jacques
TN8718400;gare;Belfort-Ville;Belfort;Belfort;8718400;87184002;47.633529;6.853785;FR;Europe/Paris;Q171545;Train TER;Car TER;uic;2501252269;Q2748765;;XFBF;87184002;Belfort-Ville
TN8718420;gare;Bas-Evette;Bas-Evette;Bas-Evette;8718420;87184200;47.681016;6.806762;FR;Europe/Paris;Q291404;Train TER;Car TER;uic;4264532991;Q2277130;;;87184200;Bas Évette
TN8718424;gare;Trois-Chênes;Trois-Chênes;Trois-Chênes;8718424;87184242;47.64813;6.846189;FR;Europe/Paris;Q171545;Train TER;Car TER;uic;4264432717;Q2302057;;;87184242;Trois Chênes
TN8718426;gare;Petit-Croix;Petit-Croix;Petit-Croix;8718426;87184267;47.610179;6.995123;FR;Europe/Paris;Q914290;Train TER;Car TER;uic;10143403226;Q919282;;;87184267;Petit-Croix
TN8718427;gare;Montreux-Vieux;Montreux-Vieux;Montreux-Vieux;8718427;87184275;47.617863;7.025454;FR;Europe/Paris;Q148038;Train TER;Car TER;uic;3114599396;Q2385464;;;87184275;Montreux-Vieux
TN8718440;gare;Meroux;Meroux;Meroux;8718440;87184408;47.586047;6.898033;FR;Europe/Paris;Q3306597;Train TER;;uic;6150411032;Q111792777;;;87184408;Méroux
TN8718442;gare;Morvillars;Morvillars;Morvillars;8718442;87184424;47.549729;6.935412;FR;Europe/Paris;Q914394;Train TER;;uic;2041669584;Q97500745;;;87184424;Morvillars
TN8718443;gare;Grandvillars;Grandvillars;Grandvillars;8718443;87184432;47.538109;6.977508;FR;Europe/Paris;Q694344;Train TER;;uic;6150296955;Q97500733;;;87184432;Grandvillars
TN8718444;gare;Delle;Delle;Delle;8718444;87184440;47.505516;7.009985;FR;Europe/Paris;Q676305;Train TER;;uic;3080770163;Q2461880;;;87184440;Delle
TN8718450;gare;Héricourt;Héricourt;Héricourt;8718450;87184507;47.572966;6.769413;FR;Europe/Paris;Q844979;Train TER;;uic;4225168789;Q2560558;;;87184507;Héricourt
TN8718452;gare;Montbéliard;Montbéliard;Montbéliard;8718452;87184523;47.510603;6.80145;FR;Europe/Paris;Q154715;Train TER;;uic;4225150278;Q2498308;;;87184523;Montbéliard
TN8718453;gare;Voujeaucourt;Voujeaucourt;Voujeaucourt;8718453;87184531;47.479018;6.769829;FR;Europe/Paris;Q905143;Train TER;;uic;4225121066;Q601515;;;87184531;Voujeaucourt
TN8718455;gare;Colombier-Fontaine;Colombier-Fontaine;Colombier-Fontaine;8718455;87184556;47.455425;6.689129;FR;Europe/Paris;Q835889;Train TER;;uic;4225098115;Q2711259;;;87184556;Colombier-Fontaine
TN8718457;gare;L'Isle-sur-le-Doubs;L'Isle-sur-le-Doubs;L'Isle-sur-le-Doubs;8718457;87184572;47.447425;6.581349;FR;Europe/Paris;Q922699;Train TER;;uic;4225082682;Q2578262;;;87184572;L'Isle-sur-le-Doubs
TN8718462;gare;Clerval;Clerval;Clerval;8718462;87184622;47.396684;6.492266;FR;Europe/Paris;Q27225787;Train TER;;uic;4225057192;Q588450;;;87184622;Clerval
TN8718500;gare;Vesoul;Vesoul;Vesoul;8718500;87185009;47.6177;6.151909;FR;Europe/Paris;Q203309;Train TER;Car TER;uic;2506173918;Q2572471;;;87185009;Vesoul
TN8718524;gare;Lure;Lure;Lure;8718524;87185249;47.683149;6.492579;FR;Europe/Paris;Q217183;Train TER;Car TER;uic;4264532994;Q1855889;;;87185249;Lure
TN8718531;gare;Ronchamp;Ronchamp;Ronchamp;8718531;87185314;47.699018;6.623245;FR;Europe/Paris;Q845928;Train TER;Car TER;uic;4264532995;Q1981040;;;87185314;Ronchamp
TN8718533;arret_car;Saint-Loup-sur-Semouse;Saint-Loup-sur-Semouse;Saint-Loup-sur-Semouse;8718533;87185330;47.885625;6.275672;FR;Europe/Paris;Q901506;;Car TER;gtfs;;;;;87185330;Saint-Loup-sur-Semouse
TN8718534;gare;Champagney;Champagney;Champagney;8718534;87185348;47.70304;6.701171;FR;Europe/Paris;Q817018;Train TER;Car TER;uic;4264532992;Q2024940;;;87185348;Champagney
TN8718559;gare;Luxeuil-les-Bains;Luxeuil-les-Bains;Luxeuil-les-Bains;8718559;87185595;47.814748;6.372607;FR;Europe/Paris;Q634124;Train TER;Car TER;uic;4264629170;Q2078765;;;87185595;Luxeuil-les-Bains
TN8718562;gare;Aillevillers;Aillevillers;Aillevillers;8718562;87185629;47.913897;6.337312;FR;Europe/Paris;Q832455;Train TER;Car TER;uic;4265225942;Q2441064;;;87185629;Aillevillers
TN8718793;gare;Bâle Saint-Jean;Bâle Saint-Jean;Bâle Saint-Jean;8718793;87187930;47.57031;7.572745;CH;Europe/Zurich;Q78;Train TER;;gtfs;;;;;87187930;Bâle Saint-Jean
TN8719080;arret_car;Loupershouse centre;Loupershouse centre;Loupershouse centre;8719080;87190801;49.080859;6.914367;FR;Europe/Paris;Q21945;;Car TER;gtfs;;;;;87190801;Loupershouse centre
TN8719100;gare;Thionville;Thionville;Thionville;8719100;87191007;49.354002;6.169967;FR;Europe/Paris;Q22640;TGV INOUI|Train TER;Car TER;uic;4290854876;Q84007;;XFTHV;87191007;Thionville
TN8719109;gare;Walygator Parc;Walygator Parc;Walygator Parc;8719109;87191098;49.223915;6.159637;FR;Europe/Paris;Q21843;Train TER;Car TER;uic;3869262564;Q975724;;;87191098;Walygator parc
TN8719110;gare;Maizières-lès-Metz;Maizières-lès-Metz;Maizières-lès-Metz;8719110;87191106;49.215221;6.158308;FR;Europe/Paris;Q21843;Train TER;Car TER;uic;5275060530;Q3096957;;;87191106;Maizières-lès-Metz
TN8719111;gare;Hagondange;Hagondange;Hagondange;8719111;87191114;49.25356;6.16448;FR;Europe/Paris;Q21913;Train TER;Car TER;gtfs;;;;;87191114;Hagondange
TN8719113;gare;Uckange;Uckange;Uckange;8719113;87191130;49.303459;6.156266;FR;Europe/Paris;Q21925;Train TER;Car TER;uic;5275067766;Q519961;;;87191130;Uckange
TN8719116;gare;Hettange-Grande;Hettange-Grande;Hettange-Grande;8719116;87191163;49.40776;6.156776;FR;Europe/Paris;Q22739;Train TER;Car TER;uic;3869262562;Q2487372;;;87191163;Hettange-Grande
TN8719123;gare;Hayange;Hayange;Hayange;8719123;87191239;49.330512;6.073197;FR;Europe/Paris;Q21872;Train TER;Car TER;uic;3892210605;Q2800482;;;87191239;Hayange
TN8719129;arret_car;Metzeresche Fontaine;Metzeresche Fontaine;Metzeresche Fontaine;8719129;87191296;49.299185;6.304945;FR;Europe/Paris;Q21984;;Car TER;gtfs;;;;;87191296;Metzeresche Fontaine
TN8719130;arret_car;Yutz Poitiers;Yutz Poitiers;Yutz Poitiers;8719130;87191304;49.361354;6.209395;FR;Europe/Paris;Q21983;;Car TER;gtfs;;;;;87191304;Yutz Poitiers
TN8719134;arret_car;Kédange Gare;Kédange Gare;Kédange Gare;8719134;87191346;49.305855;6.332512;FR;Europe/Paris;Q21692;;Car TER;gtfs;;;;;87191346;Kédange Gare
TN8719138;arret_car;Anzeling;Anzeling;Anzeling;8719138;87191387;49.262072;6.460265;FR;Europe/Paris;Q21721;;Car TER;gtfs;;;;;87191387;Anzeling
TN8719139;arret_car;Freistroff Passage À Niveau;Freistroff Passage À Niveau;Freistroff Passage À Niveau;8719139;87191395;49.278361;6.492212;FR;Europe/Paris;Q21856;;Car TER;gtfs;;;;;87191395;Freistroff Passage À Niveau
TN8719140;arret_car;Aboncourt Mairie;Aboncourt Mairie;Aboncourt Mairie;8719140;87191403;49.261076;6.346603;FR;Europe/Paris;Q21781;;Car TER;gtfs;;;;;87191403;Aboncourt Mairie
TN8719141;arret_car;Remelfang Giratoire;Remelfang Giratoire;Remelfang Giratoire;8719141;87191411;49.27212;6.504478;FR;Europe/Paris;Q22365;;Car TER;gtfs;;;;;87191411;Remelfang Giratoire
TN8719160;gare;Basse-Ham;Basse-Ham;Basse-Ham;8719160;87191601;49.38056;6.234875;FR;Europe/Paris;Q21678;Train TER;;uic;5275069831;Q2151517;;;87191601;Basse-Ham
TN8719161;gare;Koenigsmacker;Kœnigsmacker;Kœnigsmacker;8719161;87191619;49.396567;6.273533;FR;Europe/Paris;Q22147;Train TER;;uic;5275071019;Q2237343;;;87191619;Koenigsmacker
TN8719162;gare;Malling;Malling;Malling;8719162;87191627;49.42151;6.302223;FR;Europe/Paris;Q22057;Train TER;;uic;5275072035;Q2280858;;;87191627;Malling
TN8719163;gare;Sierck-les-Bains;Sierck-les-Bains;Sierck-les-Bains;8719163;87191635;49.444015;6.350095;FR;Europe/Paris;Q22299;Train TER;;uic;3175310443;Q2695245;;;87191635;Sierck-les-Bains
TN8719164;gare;Apach;Apach;Apach;8719164;87191643;49.458909;6.372375;FR;Europe/Paris;Q22659;Train TER;;uic;10937958424;Q3004430;;;87191643;Apach
TN8719168;gare;Auboué;Auboué;Auboué;8719168;87191684;49.216188;5.97149;FR;Europe/Paris;Q473158;Train TER;Car TER;uic;5275077642;Q2866372;;;87191684;Auboué
TN8719169;gare;Homécourt;Homécourt;Homécourt;8719169;87191692;49.218414;5.99963;FR;Europe/Paris;Q1065731;Train TER;Car TER;uic;5275078998;Q2765639;;;87191692;Homécourt
TN8719170;gare;Joeuf;Jœuf;Jœuf;8719170;87191700;49.225023;6.017744;FR;Europe/Paris;Q453411;Train TER;Car TER;uic;5275077657;Q1879204;;;87191700;Joeuf
TN8719171;gare;Moyeuvre-Grande;Moyeuvre-Grande;Moyeuvre-Grande;8719171;87191718;49.246711;6.043344;FR;Europe/Paris;Q22020;Train TER;Car TER;uic;5275079618;Q2587556;;;87191718;Moyeuvre-Grande
TN8719173;gare;Rombas - Clouange;Rombas - Clouange;Rombas - Clouange;8719173;87191734;49.256018;6.09996;FR;Europe/Paris;Q21981;Train TER;Car TER;uic;3471627894;Q2339319;;;87191734;Rombas - Clouange
TN8719174;gare;Gandrange - Amnéville;Gandrange - Amnéville;Gandrange - Amnéville;8719174;87191742;49.260813;6.136025;FR;Europe/Paris;Q22108;Train TER;Car TER;uic;5275082497;Q3096518;;;87191742;Gandrange - Amnéville
TN8719203;gare;Metz;Metz;Metz;8719203;87192039;49.108988;6.177341;FR;Europe/Paris;Q22690;OUIGO|TGV INOUI|Train TER;Car TER|Car à réservation;uic;4290857026;Q801179;;XFMZV;87192039;Metz
TN8719207;gare;Metz Nord;Metz Nord;Metz Nord;8719207;87192070;49.136955;6.16716;FR;Europe/Paris;Q22690;Train TER;;uic;3869262563;Q3097034;;;87192070;Metz Nord
TN8719208;gare;Woippy;Woippy;Woippy;8719208;87192088;49.148797;6.155621;FR;Europe/Paris;Q22300;Train TER;Car TER;gtfs;;;;;87192088;Woippy
TN8719210;arret_car;Aubecourt Rue Principale;Aubecourt Rue Principale;Aubecourt Rue Principale;8719210;87192104;48.995574;6.42892;FR;Europe/Paris;Q22912;;Car TER;gtfs;;;;;87192104;Aubecourt Rue Principale
TN8719212;arret_car;Lucy Rue des Tilleuls;Lucy Rue des Tilleuls;Lucy Rue des Tilleuls;8719212;87192120;48.9423;6.468053;FR;Europe/Paris;Q21732;;Car TER;gtfs;;;;;87192120;Lucy Rue des Tilleuls
TN8719213;arret_car;Chenois Rue Principale;Chenois Rue Principale;Chenois Rue Principale;8719213;87192138;48.959422;6.499135;FR;Europe/Paris;Q21583;;Car TER;gtfs;;;;;87192138;Chenois Rue Principale
TN8719214;arret_car;Holacourt Rue Principale;Holacourt Rue Principale;Holacourt Rue Principale;8719214;87192146;48.97262;6.515158;FR;Europe/Paris;Q21772;;Car TER;gtfs;;;;;87192146;Holacourt Rue Principale
TN8719215;arret_car;Arraincourt Rue Principale;Arraincourt Rue Principale;Arraincourt Rue Principale;8719215;87192153;48.970807;6.532016;FR;Europe/Paris;Q21612;;Car TER;gtfs;;;;;87192153;Arraincourt Rue Principale
TN8719217;arret_car;Racrange Rue de Morhange;Racrange Rue de Morhange;Racrange Rue de Morhange;8719217;87192179;48.925827;6.662393;FR;Europe/Paris;Q22407;;Car TER;gtfs;;;;;87192179;Racrange Rue de Morhange
TN8719218;arret_car;Bermering Eglise;Bermering Eglise;Bermering Eglise;8719218;87192187;48.93136;6.71041;FR;Europe/Paris;Q21629;;Car TER;gtfs;;;;;87192187;Bermering Eglise
TN8719219;arret_car;Marimont-lès-Bénestroff Eglise;Marimont-lès-Bénestroff Eglise;Marimont-lès-Bénestroff Eglise;8719219;87192195;48.889549;6.78394;FR;Europe/Paris;Q21947;;Car TER;gtfs;;;;;87192195;Marimont-lès-Bénestroff Eglise
TN8719220;gare;Peltre;Peltre;Peltre;8719220;87192203;49.073831;6.222246;FR;Europe/Paris;Q22312;Train TER;;uic;9452070441;Q3097261;;;87192203;Peltre
TN8719221;gare;Courcelles-sur-Nied;Courcelles-sur-Nied;Courcelles-sur-Nied;8719221;87192211;49.063423;6.310999;FR;Europe/Paris;Q21753;Train TER;;uic;12061175177;Q2729654;;;87192211;Courcelles-sur-Nied
TN8719222;gare;Sanry-sur-Nied;Sanry-sur-Nied;Sanry-sur-Nied;8719222;87192229;49.044662;6.339573;FR;Europe/Paris;Q21982;Train TER;;uic;3471627794;Q3097665;;;87192229;Sanry-sur-Nied
TN8719223;gare;Rémilly;Rémilly;Rémilly;8719223;87192237;49.014298;6.395119;FR;Europe/Paris;Q22912;Train TER;Car TER;uic;4451832792;Q2417113;;;87192237;Rémilly
TN8719224;arret_car;Baudrecourt Centre;Baudrecourt Centre;Baudrecourt Centre;8719224;87192245;48.961219;6.451845;FR;Europe/Paris;Q21624;;Car TER;gtfs;;;;;87192245;Baudrecourt Centre
TN8719225;arret_car;Lesse Centre;Lesse Centre;Lesse Centre;8719225;87192252;48.962554;6.505666;FR;Europe/Paris;Q22356;;Car TER;gtfs;;;;;87192252;Lesse Centre
TN8719226;arret_car;Brulange Rue de Metz;Brulange Rue de Metz;Brulange Rue de Metz;8719226;87192260;48.9695;6.549028;FR;Europe/Paris;Q22445;;Car TER;gtfs;;;;;87192260;Brulange Rue de Metz
TN8719228;gare;Morhange;Morhange;Morhange;8719228;87192286;48.936767;6.659314;FR;Europe/Paris;Q22353;Train TER;Car TER;uic;4451832376;Q3097105;;;87192286;Morhange
TN8719230;gare;Bénestroff;Bénestroff;Bénestroff;8719230;87192302;48.906687;6.753421;FR;Europe/Paris;Q21631;Train TER;;uic;4451832375;Q800601;;;87192302;Bénestroff
TN8719240;gare;Ars-sur-Moselle;Ars-sur-Moselle;Ars-sur-Moselle;8719240;87192401;49.074762;6.078685;FR;Europe/Paris;Q21833;Train TER;Car TER;uic;5274791088;Q2071376;;;87192401;Ars-sur-Moselle
TN8719241;gare;Ancy-sur-Moselle;Ancy-sur-Moselle;Ancy-sur-Moselle;8719241;87192419;49.05749;6.062838;FR;Europe/Paris;Q21979618;Train TER;Car TER;uic;5274791748;Q2222801;;;87192419;Ancy-sur-Moselle
TN8719242;gare;Novéant-sur-Moselle;Novéant-sur-Moselle;Novéant-sur-Moselle;8719242;87192427;49.028299;6.052369;FR;Europe/Paris;Q22214;Train TER;Car TER;uic;5274794579;Q2306832;;;87192427;Novéant-sur-Moselle
TN8719243;gare;Onville;Onville;Onville;8719243;87192435;49.013468;5.979006;FR;Europe/Paris;Q1065814;Train TER;Car TER;uic;3891376510;Q2545995;;;87192435;Onville
TN8719246;gare;Pagny-sur-Moselle;Pagny-sur-Moselle;Pagny-sur-Moselle;8719246;87192468;48.9852;6.025035;FR;Europe/Paris;Q597800;Train TER;Car TER;gtfs;;;;;87192468;Pagny-sur-Moselle
TN8719247;gare;Vandières;Vandières;Vandières;8719247;87192476;48.952117;6.039396;FR;Europe/Paris;Q607025;Train TER;Car TER;uic;10182470700;Q2654586;;;87192476;Vandières
TN8719265;gare;Baroncourt;Baroncourt;Baroncourt;8719265;87192658;49.284567;5.699656;FR;Europe/Paris;Q59230;Train TER;Car TER;uic;5275084635;Q2309377;;;87192658;Baroncourt
TN8719266;gare;Conflans - Jarny;Conflans - Jarny;Conflans - Jarny;8719266;87192666;49.16659;5.868233;FR;Europe/Paris;Q639784;Train TER;Car TER;uic;5304965284;Q2116516;;;87192666;Conflans - Jarny
TN8719272;gare;Hatrize;Hatrize;Hatrize;8719272;87192724;49.193538;5.907159;FR;Europe/Paris;Q922571;Train TER;Car TER;uic;5275074241;Q2552882;;;87192724;Hatrize
TN8719273;gare;Valleroy - Moineville;Valleroy - Moineville;Valleroy - Moineville;8719273;87192732;49.205789;5.935927;FR;Europe/Paris;Q1098685;Train TER;Car TER;uic;5275076382;Q3063522;;;87192732;Valleroy - Moineville
TN8719288;arret_car;Ugny Mairie;Ugny Mairie;Ugny Mairie;8719288;87192880;49.472008;5.697446;FR;Europe/Paris;Q226419;;Car TER;gtfs;;;;;87192880;Ugny Mairie
TN8719300;gare;Forbach;Forbach;Forbach;8719300;87193003;49.189486;6.901098;FR;Europe/Paris;Q22703;ICE|Train TER;Car TER;uic;4451861574;Q2717025;;;87193003;Forbach
TN8719311;arret_car;Baronville Mairie;Baronville Mairie;Baronville Mairie;8719311;87193110;48.934734;6.60836;FR;Europe/Paris;Q21690;;Car TER;gtfs;;;;;87193110;Baronville Mairie
TN8719312;arret_car;Vahl-lès-Bénestroff Mairie;Vahl-lès-Bénestroff Mairie;Vahl-lès-Bénestroff Mairie;8719312;87193128;48.9132;6.7871;FR;Europe/Paris;Q21726;;Car TER;gtfs;;;;;87193128;Vahl-lès-Bénestroff Mairie
TN8719313;arret_car;Han-sur-Nied Rue Principale;Han-sur-Nied Rue Principale;Han-sur-Nied Rue Principale;8719313;87193136;48.990495;6.436339;FR;Europe/Paris;Q21610;;Car TER;gtfs;;;;;87193136;Han-sur-Nied Rue Principale
TN8719314;arret_car;Falck Gare;Falck Gare;Falck Gare;8719314;87193144;49.218823;6.633661;FR;Europe/Paris;Q22346;;Car TER;gtfs;;;;;87193144;Falck Gare
TN8719315;arret_car;Teterchen Rue Jeanne D'Arc;Teterchen Rue Jeanne D'Arc;Teterchen Rue Jeanne D'Arc;8719315;87193151;49.230392;6.562968;FR;Europe/Paris;Q21836;;Car TER;gtfs;;;;;87193151;Teterchen Rue Jeanne D'Arc
TN8719316;arret_car;Brettnach Centre;Brettnach Centre;Brettnach Centre;8719316;87193169;49.257999;6.563805;FR;Europe/Paris;Q21898;;Car TER;gtfs;;;;;87193169;Brettnach Centre
TN8719317;arret_car;Bouzonville;Bouzonville;Bouzonville;8719317;87193177;49.289974;6.529374;FR;Europe/Paris;Q22933;;Car TER;gtfs;;;;;87193177;Bouzonville
TN8719321;arret_car;Merten Centre;Merten Centre;Merten Centre;8719321;87193219;49.248703;6.661803;FR;Europe/Paris;Q21743;;Car TER;gtfs;;;;;87193219;Merten Centre
TN8719325;gare;Béning-lès-Saint-Avold;Béning;Béning;8719325;87193250;49.138285;6.828474;FR;Europe/Paris;Q22150;Train TER;Car TER;uic;4451094864;Q3096104;;;87193250;Béning-lès-Saint-Avold
TN8719327;gare;Hombourg-Haut;Hombourg-Haut;Hombourg-Haut;8719327;87193276;49.126161;6.774397;FR;Europe/Paris;Q22926;Train TER;;uic;4453337127;Q2725085;;;87193276;Hombourg-Haut
TN8719331;gare;Saint-Avold;Saint-Avold;Saint-Avold;8719331;87193318;49.085866;6.72086;FR;Europe/Paris;Q22026;Train TER;Car TER;uic;4453337148;Q2958494;;;87193318;Saint-Avold
TN8719334;gare;Téting-sur-Nied;Téting-sur-Nied;Téting-sur-Nied;8719334;87193342;49.051712;6.664552;FR;Europe/Paris;Q21845;Train TER;;uic;3471627594;Q1820464;;;87193342;Teting-sur-Nied
TN8719335;gare;Faulquemont;Faulquemont;Faulquemont;8719335;87193359;49.045489;6.60376;FR;Europe/Paris;Q21896;Train TER;Car TER;uic;4453337126;Q2801459;;;87193359;Faulquemont
TN8719338;gare;Herny;Herny;Herny;8719338;87193383;49.003722;6.476884;FR;Europe/Paris;Q21971;Train TER;;uic;5153990928;Q2659780;;;87193383;Herny
TN8719350;arret_car;Theding Allée de la Forêt;Theding Allée de la Forêt;Theding Allée de la Forêt;8719350;87193508;49.117961;6.889293;FR;Europe/Paris;Q22381;;Car TER;gtfs;;;;;87193508;Theding Allée de la Forêt
TN8719351;gare;Farébersviller;Farébersviller;Farébersviller;8719351;87193516;49.11816;6.861893;FR;Europe/Paris;Q22179;Train TER;Car TER;gtfs;;;;;87193516;Farébersviller
TN8719352;gare;Farschviller;Farschviller;Farschviller;8719352;87193524;49.088024;6.907985;FR;Europe/Paris;Q22362;Train TER;Car TER;uic;4451094865;Q3096413;;;87193524;Farschviller
TN8719353;arret_car;Diebling Centre;Diebling Centre;Diebling Centre;8719353;87193532;49.109148;6.939969;FR;Europe/Paris;Q21649;;Car TER;gtfs;;;;;87193532;Diebling Centre
TN8719354;gare;Hundling Hôtel de Ville;Hundling;Hundling;8719354;87193540;49.106561;6.977722;FR;Europe/Paris;Q22199;Train TER;;uic;3471627693;Q3096643;;;87193540;Hundling Hôtel de Ville
TN8719355;arret_car;Metzing Centre;Metzing Centre;Metzing Centre;8719355;87193557;49.105861;6.95713;FR;Europe/Paris;Q21665;;Car TER;gtfs;;;;;87193557;Metzing Centre
TN8719356;arret_car;Ippling Rue de Sarreguemines;Ippling Rue de Sarreguemines;Ippling Rue de Sarreguemines;8719356;87193565;49.106359;7.004908;FR;Europe/Paris;Q22262;;Car TER;gtfs;;;;;87193565;Ippling Rue de Sarreguemines
TN8719360;arret_car;Welferding Cimetière;Welferding Cimetière;Welferding Cimetière;8719360;87193607;49.112598;7.046198;FR;Europe/Paris;Q22642;;Car TER;gtfs;;;;;87193607;Welferding Cimetière
TN8719361;gare;Sarreguemines;Sarreguemines;Sarreguemines;8719361;87193615;49.107181;7.068203;FR;Europe/Paris;Q22642;Train TER|TramTrain;Car TER;uic;4450664466;Q801400;;;87193615;Sarreguemines
TN8719366;gare;Kalhausen Gare;Kalhausen;Kalhausen;8719366;87193664;49.035189;7.125221;FR;Europe/Paris;Q21670;Train TER;Car TER;uic;4450598041;Q3096670;;;87193664;Kalhausen Gare
TN8719377;arret_car;Woelfling-lès-Sarreguemines;Woelfling-lès-Sarreguemines;Woelfling-lès-Sarreguemines;8719377;87193771;49.094747;7.190609;FR;Europe/Paris;Q22249;;Car TER;gtfs;;;;;87193771;Woelfling-lès-Sarreguemines
TN8719378;arret_car;Rohrbach-lès-Bitche;Rohrbach-lès-Bitche;Rohrbach-lès-Bitche;8719378;87193789;49.054267;7.262194;FR;Europe/Paris;Q22028;;Car TER;gtfs;;;;;87193789;Rohrbach-lès-Bitche
TN8719379;arret_car;Petit-Réderching;Petit-Réderching;Petit-Réderching;8719379;87193797;49.049321;7.299731;FR;Europe/Paris;Q22144;;Car TER;gtfs;;;;;87193797;Petit-Réderching
TN8719382;arret_car;Bitche Ancienne Gare;Bitche Ancienne Gare;Bitche Ancienne Gare;8719382;87193821;49.048717;7.432153;FR;Europe/Paris;Q22754;;Car TER;gtfs;;;;;87193821;Bitche Ancienne Gare
TN8719383;arret_car;Bitche Camp;Bitche Camp;Bitche Camp;8719383;87193839;49.04892;7.476046;FR;Europe/Paris;Q22754;;Car TER;gtfs;;;;;87193839;Bitche Camp
TN8719400;gare;Longwy;Longwy;Longwy;8719400;87194001;49.512832;5.769124;FR;Europe/Paris;Q318535;Train TER;Car TER;uic;5117268365;Q2847945;;;87194001;Longwy
TN8719401;arret_car;Ebring Croisement;Ebring Croisement;Ebring Croisement;8719401;87194019;49.117002;6.910941;FR;Europe/Paris;Q21853;;Car TER;gtfs;;;;;87194019;Ebring Croisement
TN8719420;gare;Montmédy;Montmédy;Montmédy;8719420;87194209;49.522878;5.371672;FR;Europe/Paris;Q229792;Train TER;Car TER;gtfs;;;;;87194209;Montmédy
TN8719427;gare;Longuyon;Longuyon;Longuyon;8719427;87194274;49.444311;5.604688;FR;Europe/Paris;Q659931;Train TER;Car TER;uic;4290857013;Q628887;;XFLGN;87194274;Longuyon
TN8719435;gare;Audun-le-Roman;Audun-le-Roman;Audun-le-Roman;8719435;87194357;49.36673;5.891359;FR;Europe/Paris;Q225755;Train TER;Car TER;uic;3892210600;Q2689822;;;87194357;Audun-le-Roman
TN8719444;arret_car;Réhon La Chapelle;Réhon La Chapelle;Réhon La Chapelle;8719444;87194449;49.508627;5.755594;FR;Europe/Paris;Q193865;;Car TER;gtfs;;;;;87194449;Réhon La Chapelle
TN8719445;arret_car;Cons-la-Grandville Centre;Cons-la-Grandville Centre;Cons-la-Grandville Centre;8719445;87194456;49.484022;5.701711;FR;Europe/Paris;Q1026441;;Car TER;gtfs;;;;;87194456;Cons-la-Grandville Centre
TN8719448;arret_car;Montigny-sur-Chiers la Roche;Montigny-sur-Chiers la Roche;Montigny-sur-Chiers la Roche;8719448;87194480;49.476407;5.657514;FR;Europe/Paris;Q1385134;;Car TER;gtfs;;;;;87194480;Montigny-sur-Chiers la Roche
TN8719449;arret_car;Viviers-sur-Chiers Mairie;Viviers-sur-Chiers Mairie;Viviers-sur-Chiers Mairie;8719449;87194498;49.471248;5.632918;FR;Europe/Paris;Q1049851;;Car TER;gtfs;;;;;87194498;Viviers-sur-Chiers Mairie
TN8719960;arret_car;Gros-Réderching;Gros-Réderching;Gros-Réderching;8719960;87199604;49.068036;7.219659;FR;Europe/Paris;Q22402;;Car TER;gtfs;;;;;87199604;Gros-Réderching
TN8719961;arret_car;Reyersviller Schwangerbach;Reyersviller Schwangerbach;Reyersviller Schwangerbach;8719961;87199612;49.032547;7.408583;FR;Europe/Paris;Q22918;;Car TER;gtfs;;;;;87199612;Reyersviller Schwangerbach
TN8719962;arret_car;Destry Centre;Destry Centre;Destry Centre;8719962;87199620;48.943422;6.584654;FR;Europe/Paris;Q21877;;Car TER;gtfs;;;;;87199620;Destry Centre
TN8720855;gare;Casino Lacroix Laval;Casino Lacroix Laval;Casino Lacroix Laval;8720855;87208553;45.787899;4.730912;FR;Europe/Paris;Q1617494;Train TER;Car TER;gtfs;;;;;87208553;Casino Lacroix Laval
TN8721202;gare;Strasbourg;Strasbourg;Strasbourg;8721202;87212027;48.585293;7.733925;FR;Europe/Paris;Q6602;ICE|OUIGO|TGV INOUI|Train TER;Car TER;uic;3069229440;Q801473;;XFSTG;87212027;Strasbourg
TN8721210;gare;Mundolsheim;Mundolsheim;Mundolsheim;8721210;87212100;48.644727;7.7212;FR;Europe/Paris;Q22870;Train TER;;uic;3464103737;Q2763603;;;87212100;Mundolsheim
TN8721211;gare;Vendenheim;Vendenheim;Vendenheim;8721211;87212118;48.66574;7.718167;FR;Europe/Paris;Q21604;Train TER;Car TER;uic;9315748060;Q2190004;;;87212118;Vendenheim
TN8721212;gare;Stephansfeld;Stephansfeld;Stephansfeld;8721212;87212126;48.717587;7.704595;FR;Europe/Paris;Q22637;Train TER;;uic;3502472527;Q3097779;;;87212126;Stephansfeld
TN8721213;gare;Brumath;Brumath;Brumath;8721213;87212134;48.732782;7.700243;FR;Europe/Paris;Q22637;Train TER;;uic;5237605804;Q2688096;;;87212134;Brumath
TN8721214;gare;Mommenheim;Mommenheim;Mommenheim;8721214;87212142;48.755729;7.642121;FR;Europe/Paris;Q21312;Train TER;Car TER;uic;296329511;Q2983519;;;87212142;Mommenheim
TN8721215;gare;Schwindratzheim;Schwindratzheim;Schwindratzheim;8721215;87212159;48.753647;7.600547;FR;Europe/Paris;Q21295;Train TER;;uic;3507536495;Q2743043;;;87212159;Schwindratzheim
TN8721216;gare;Hochfelden;Hochfelden;Hochfelden;8721216;87212167;48.755204;7.572109;FR;Europe/Paris;Q28726656;Train TER;Car TER;uic;4450887227;Q2198911;;;87212167;Hochfelden
TN8721217;gare;Wilwisheim;Wilwisheim;Wilwisheim;8721217;87212175;48.745951;7.5074;FR;Europe/Paris;Q21296;Train TER;;uic;3464960593;Q2800820;;;87212175;Wilwisheim
TN8721218;gare;Dettwiller;Dettwiller;Dettwiller;8721218;87212183;48.751882;7.464758;FR;Europe/Paris;Q22813;Train TER;Car TER;uic;4450887226;Q2262411;;;87212183;Dettwiller
TN8721219;gare;Strasbourg Roethig;Strasbourg Roethig;Strasbourg Roethig;8721219;87212191;48.563266;7.695068;FR;Europe/Paris;Q21388;Train TER;;uic;3507540996;Q2406053;;;87212191;Strasbourg Roethig
TN8721220;gare;Steinbourg;Steinbourg;Steinbourg;8721220;87212209;48.763581;7.416127;FR;Europe/Paris;Q21452;Train TER;Car TER;uic;3464945393;Q2548766;;;87212209;Steinbourg
TN8721222;gare;Saverne;Saverne;Saverne;8721222;87212225;48.744799;7.362099;FR;Europe/Paris;Q22741;TGV INOUI|Train TER;Car TER;uic;3464836726;Q2939039;;;87212225;Saverne
TN8721224;gare;Graffenstaden;Graffenstaden;Graffenstaden;8721224;87212241;48.532396;7.689741;FR;Europe/Paris;Q22643;Train TER;;uic;9148225145;Q3096561;;;87212241;Graffenstaden
TN8721225;gare;Geispolsheim;Geispolsheim;Geispolsheim;8721225;87212258;48.519179;7.684197;FR;Europe/Paris;Q22643;Train TER;;uic;3454710893;;;;87212258;Geispolsheim
TN8721226;gare;Fegersheim - Lipsheim;Fegersheim - Lipsheim;Fegersheim - Lipsheim;8721226;87212266;48.490932;7.672123;FR;Europe/Paris;Q22387;Train TER;Car TER;uic;4303624621;Q3096418;;;87212266;Fegersheim - Lipsheim
TN8721227;gare;Limersheim;Limersheim;Limersheim;8721227;87212274;48.461737;7.660167;FR;Europe/Paris;Q21421;Train TER;;uic;3454844993;Q3096884;;;87212274;Limersheim
TN8721230;gare;Bischheim;Bischheim;Bischheim;8721230;87212308;48.611903;7.74184;FR;Europe/Paris;Q22639;Train TER;;uic;11710967906;Q3095991;;;87212308;Bischheim
TN8721231;gare;La Wantzenau;La Wantzenau;La Wantzenau;8721231;87212316;48.665354;7.824959;FR;Europe/Paris;Q21804;Train TER;;uic;3502488423;Q3096820;;;87212316;La Wantzenau
TN8721232;gare;Kilstett;Kilstett;Kilstett;8721232;87212324;48.679483;7.855039;FR;Europe/Paris;Q21555;Train TER;;uic;3454823893;Q3096687;;;87212324;Kilstett
TN8721233;gare;Gambsheim;Gambsheim;Gambsheim;8721233;87212332;48.695189;7.879296;FR;Europe/Paris;Q21428;Train TER;Car TER;uic;4450772917;;;;87212332;Gambsheim
TN8721234;gare;Herrlisheim;Herrlisheim;Herrlisheim;8721234;87212340;48.72767;7.91025;FR;Europe/Paris;Q21317;Train TER;Car TER;uic;456031261;Q3096622;;;87212340;Herrlisheim
TN8721235;gare;Drusenheim;Drusenheim;Drusenheim;8721235;87212357;48.766099;7.947776;FR;Europe/Paris;Q22778;Train TER;Car TER;uic;4450772916;Q3096402;;;87212357;Drusenheim
TN8721236;gare;Sessenheim;Sessenheim;Sessenheim;8721236;87212365;48.796378;7.989403;FR;Europe/Paris;Q21305;Train TER;Car TER;uic;3502483255;;;;87212365;Sessenheim
TN8721237;gare;Rountzenheim;Rountzenheim;Rountzenheim;8721237;87212373;48.820363;8.01175;FR;Europe/Paris;Q59488802;Train TER;Car TER;uic;3505968093;;;;87212373;Rountzenheim
TN8721240;gare;Roeschwoog;Rœschwoog;Rœschwoog;8721240;87212407;48.834168;8.030806;FR;Europe/Paris;Q21587;Train TER;Car TER;uic;4290859610;Q3097470;;XFRSW;87212407;Roeschwoog
TN8721241;gare;Roppenheim;Beinheim-Roppenheim;Beinheim-Roppenheim;8721241;87212415;48.851291;8.062447;FR;Europe/Paris;Q21211;Train TER;Car TER;uic;4450744929;Q3097443;;;87212415;Roppenheim
TN8721243;gare;Seltz;Seltz;Seltz;8721243;87212431;48.896713;8.098459;FR;Europe/Paris;Q21430;Train TER;Car TER;uic;3464931494;Q3097711;;;87212431;Seltz
TN8721244;gare;Munchhausen;Munchhausen;Munchhausen;8721244;87212449;48.924015;8.141295;FR;Europe/Paris;Q22894;Train TER;Car TER;uic;3505919294;Q3097133;;;87212449;Munchhausen
TN8721245;gare;Mothern;Mothern;Mothern;8721245;87212456;48.934874;8.161836;FR;Europe/Paris;Q21302;Train TER;Car TER;uic;3502482961;Q3097112;;;87212456;Mothern
TN8721246;gare;Lauterbourg;Lauterbourg;Lauterbourg;8721246;87212464;48.96759;8.183087;FR;Europe/Paris;Q22435;Train TER;Car TER;uic;2661523881;Q801067;;;87212464;Lauterbourg
TN8721305;gare;Haguenau;Haguenau;Haguenau;8721305;87213058;48.813355;7.782224;FR;Europe/Paris;Q22730;Train TER;Car TER;uic;2661523876;Q1846416;;;87213058;Haguenau
TN8721310;gare;Schweighouse-sur-Moder;Schweighouse-sur-Moder;Schweighouse-sur-Moder;8721310;87213108;48.828631;7.74349;FR;Europe/Paris;Q22418;Train TER;Car TER;uic;3175312887;Q3097710;;;87213108;Schweighouse-sur-Moder
TN8721316;gare;Obermodern;Obermodern;Obermodern;8721316;87213165;48.84233;7.547461;FR;Europe/Paris;Q21510;Train TER;Car TER;uic;3177684814;Q2225984;;;87213165;Obermodern
TN8721320;gare;Mertzwiller;Mertzwiller;Mertzwiller;8721320;87213207;48.872133;7.678326;FR;Europe/Paris;Q21442;Train TER;Car TER;uic;2546575772;Q657926;;;87213207;Mertzwiller
TN8721322;gare;Gundershoffen;Gundershoffen;Gundershoffen;8721322;87213223;48.905271;7.653506;FR;Europe/Paris;Q22414;Train TER;Car TER;uic;4450992303;Q1930766;;;87213223;Gundershoffen
TN8721323;arret_car;Reichshoffen Usines;Reichshoffen Usines;Reichshoffen Usines;8721323;87213231;48.921667;7.659638;FR;Europe/Paris;Q21298;;Car TER;gtfs;;;;;87213231;Reichshoffen Usines
TN8721324;gare;Reichshoffen;Reichshoffen;Reichshoffen;8721324;87213249;48.930917;7.657838;FR;Europe/Paris;Q21298;Train TER;Car TER;uic;3505951393;Q2173596;;;87213249;Reichshoffen
TN8721325;gare;Niederbronn-les-Bains;Niederbronn-les-Bains;Niederbronn-les-Bains;8721325;87213256;48.952331;7.63407;FR;Europe/Paris;Q21387;Train TER;Car TER;uic;4450967621;Q1105334;;;87213256;Niederbronn-les-Bains
TN8721329;arret_car;Bannstein Croisement;Bannstein Croisement;Bannstein Croisement;8721329;87213298;49.005201;7.502456;FR;Europe/Paris;Q22025;;Car TER;gtfs;;;;;87213298;Bannstein Croisement
TN8721340;gare;Walbourg;Walbourg;Walbourg;8721340;87213405;48.886259;7.809287;FR;Europe/Paris;Q21608;Train TER;Car TER;uic;3502478419;Q1841579;;;87213405;Walbourg
TN8721341;gare;Hoelschloch - Surbourg;Hoelschloch - Surbourg;Hoelschloch - Surbourg;8721341;87213413;48.916325;7.831495;FR;Europe/Paris;Q21498;Train TER;;uic;3502478426;Q1810354;;;87213413;Hoelschloch-Surbourg
TN8721342;gare;Soultz-sous-Forêts;Soultz-sous-Forêts;Soultz-sous-Forêts;8721342;87213421;48.934557;7.882462;FR;Europe/Paris;Q381659;Train TER;Car TER;uic;1935883986;Q2630630;;;87213421;Soultz-sous-Forêts
TN8721344;gare;Hoffen;Hoffen;Hoffen;8721344;87213447;48.931235;7.933532;FR;Europe/Paris;Q22700;Train TER;Car TER;gtfs;;;;;87213447;Hoffen
TN8721346;gare;Riedseltz;Riedseltz;Riedseltz;8721346;87213462;48.991075;7.962999;FR;Europe/Paris;Q21290;Train TER;Car TER;uic;3502477861;Q773757;;;87213462;Riedseltz
TN8721347;gare;Wissembourg;Wissembourg;Wissembourg;8721347;87213470;49.03157;7.950175;FR;Europe/Paris;Q22636;Train TER;Car TER;uic;3175312897;Q801622;;;87213470;Wissembourg
TN8721360;gare;Marienthal;Marienthal;Marienthal;8721360;87213603;48.781863;7.823189;FR;Europe/Paris;Q22730;Train TER;Car TER;uic;3502960193;Q2566212;;;87213603;Marienthal
TN8721361;gare;Bischwiller;Bischwiller;Bischwiller;8721361;87213611;48.765567;7.851373;FR;Europe/Paris;Q22431;Train TER;Car TER;uic;1390541081;Q3095997;;;87213611;Bischwiller
TN8721366;gare;Kurtzenhouse;Kurtzenhouse;Kurtzenhouse;8721366;87213660;48.741902;7.813276;FR;Europe/Paris;Q21547;Train TER;;uic;3502956093;Q3096706;;;87213660;Kurtzenhouse
TN8721367;gare;Weyersheim;Weyersheim;Weyersheim;8721367;87213678;48.71779;7.797103;FR;Europe/Paris;Q21622;Train TER;;uic;3507541000;Q305421;;;87213678;Weyersheim
TN8721368;gare;Hoerdt;Hoerdt;Hoerdt;8721368;87213686;48.703055;7.779584;FR;Europe/Paris;Q22902;Train TER;;uic;8221501539;Q1962244;;;87213686;Hoerdt
TN8721374;gare;Wingen-sur-Moder;Wingen-sur-Moder;Wingen-sur-Moder;8721374;87213744;48.920185;7.381487;FR;Europe/Paris;Q22875;Train TER;Car TER;uic;3464965893;Q1821503;;;87213744;Wingen-sur-Moder
TN8721376;arret_car;Wimmenau;Wimmenau;Wimmenau;8721376;87213769;48.911245;7.427486;FR;Europe/Paris;Q21410;;Car TER;gtfs;;;;;87213769;Wimmenau
TN8721378;gare;Ingwiller;Ingwiller;Ingwiller;8721378;87213785;48.872346;7.476868;FR;Europe/Paris;Q22507;Train TER;Car TER;uic;3502949893;Q2451921;;;87213785;Ingwiller
TN8721382;arret_car;Ettendorf;Ettendorf;Ettendorf;8721382;87213827;48.80816;7.585292;FR;Europe/Paris;Q21268;;Car TER;gtfs;;;;;87213827;Ettendorf
TN8721388;arret_car;Niedermodern Pont de la Moder;Niedermodern Pont de la Moder;Niedermodern Pont de la Moder;8721388;87213884;48.846462;7.627771;FR;Europe/Paris;Q21422;;Car TER;gtfs;;;;;87213884;Niedermodern Pont de la Moder
TN8721405;gare;Sélestat;Sélestat;Sélestat;8721405;87214056;48.260227;7.443057;FR;Europe/Paris;Q22737;TGV INOUI|Train TER;Car TER;uic;304088466;Q2707646;;;87214056;Sélestat
TN8721410;gare;Ebersheim;Ebersheim;Ebersheim;8721410;87214106;48.309993;7.494318;FR;Europe/Paris;Q22483;Train TER;;uic;3454679093;Q2311674;;;87214106;Ebersheim
TN8721411;gare;Kogenheim;Kogenheim;Kogenheim;8721411;87214114;48.338961;7.535092;FR;Europe/Paris;Q21545;Train TER;;uic;3454830093;Q609707;;;87214114;Kogenheim
TN8721412;gare;Benfeld;Benfeld;Benfeld;8721412;87214122;48.373697;7.583927;FR;Europe/Paris;Q22776;Train TER;Car TER;uic;4442011409;Q2022829;;;87214122;Benfeld
TN8721413;gare;Matzenheim;Matzenheim;Matzenheim;8721413;87214130;48.398796;7.61934;FR;Europe/Paris;Q21368;Train TER;;uic;3498049493;Q3096998;;;87214130;Matzenheim
TN8721414;gare;Erstein;Erstein;Erstein;8721414;87214148;48.423111;7.638322;FR;Europe/Paris;Q22517;Train TER;Car TER;uic;4451773324;Q1808649;;;87214148;Erstein
TN8721420;gare;Scherwiller;Scherwiller;Scherwiller;8721420;87214205;48.28693;7.430434;FR;Europe/Paris;Q21434;Train TER;;uic;3464931493;Q3097702;;;87214205;Scherwiller
TN8721421;gare;Dambach-la-Ville;Dambach-la-Ville;Dambach-la-Ville;8721421;87214213;48.321603;7.435692;FR;Europe/Paris;Q317287;Train TER;Car TER;uic;4160523270;Q3096344;;;87214213;Dambach-la-Ville
TN8721422;gare;Epfig;Epfig;Epfig;8721422;87214221;48.363803;7.450407;FR;Europe/Paris;Q21320;Train TER;;uic;304088411;Q3095742;;;87214221;Epfig
TN8721423;gare;Eichhoffen;Eichhoffen;Eichhoffen;8721423;87214239;48.382429;7.449439;FR;Europe/Paris;Q21429;Train TER;;uic;10064510450;Q2424815;;;87214239;Eichhoffen
TN8721424;gare;Barr;Barr;Barr;8721424;87214247;48.403306;7.456954;FR;Europe/Paris;Q22758;Train TER;Car TER;uic;4398533304;Q3095905;;;87214247;Barr
TN8721425;gare;Gertwiller;Gertwiller;Gertwiller;8721425;87214254;48.413397;7.466292;FR;Europe/Paris;Q21280;Train TER;;uic;10068347815;Q761462;;;87214254;Gertwiller
TN8721427;gare;Goxwiller;Goxwiller;Goxwiller;8721427;87214270;48.43272;7.478759;FR;Europe/Paris;Q22496;Train TER;;uic;10067062710;Q3096559;;;87214270;Goxwiller
TN8721428;gare;Obernai;Obernai;Obernai;8721428;87214288;48.462052;7.489007;FR;Europe/Paris;Q22727;Train TER;;uic;2509120285;Q2092112;;;87214288;Obernai
TN8721429;gare;Bischoffsheim;Bischoffsheim;Bischoffsheim;8721429;87214296;48.487013;7.497816;FR;Europe/Paris;Q22764;Train TER;;uic;10067175592;Q3095992;;;87214296;Bischoffsheim
TN8721432;gare;Rosheim;Rosheim;Rosheim;8721432;87214320;48.50527;7.491271;FR;Europe/Paris;Q22990;Train TER;Car TER;uic;3768687486;Q3097445;;;87214320;Rosheim
TN8721433;gare;Dorlisheim;Dorlisheim;Dorlisheim;8721433;87214338;48.525003;7.493138;FR;Europe/Paris;Q22810;Train TER;;uic;10067175585;Q3096390;;;87214338;Dorlisheim
TN8721450;gare;Lingolsheim;Lingolsheim;Lingolsheim;8721450;87214502;48.559454;7.678246;FR;Europe/Paris;Q21388;Train TER;;uic;3454850393;Q2116031;;;87214502;Lingolsheim
TN8721452;gare;Entzheim Aéroport;Entzheim Aéroport;Entzheim Aéroport;8721452;87214528;48.546973;7.627944;FR;Europe/Paris;Q22438;Train TER;Car TER;uic;3454676195;Q3004905;;;87214528;Entzheim Aéroport
TN8721453;gare;Duppigheim;Duppigheim;Duppigheim;8721453;87214536;48.543967;7.586809;FR;Europe/Paris;Q22779;Train TER;;uic;3454675093;;;;87214536;Duppigheim
TN8721454;gare;Duttlenheim;Duttlenheim;Duttlenheim;8721454;87214544;48.54546;7.566166;FR;Europe/Paris;Q22775;Train TER;;uic;8131365815;Q1922941;;;87214544;Duttlenheim
TN8721455;gare;Dachstein;Dachstein;Dachstein;8721455;87214551;48.542848;7.533077;FR;Europe/Paris;Q22697;Train TER;;uic;3454613993;;;;87214551;Dachstein
TN8721457;gare;Molsheim;Molsheim;Molsheim;8721457;87214577;48.537348;7.500113;FR;Europe/Paris;Q22697;Train TER;Car TER;uic;4398519784;Q3097059;;;87214577;Molsheim
TN8721458;gare;Mutzig;Mutzig;Mutzig;8721458;87214585;48.533656;7.462345;FR;Europe/Paris;Q22390;Train TER;;uic;3505931293;Q2377439;;XFMTZ;87214585;Mutzig
TN8721459;gare;Gresswiller;Gresswiller;Gresswiller;8721459;87214593;48.533139;7.424254;FR;Europe/Paris;Q22515;Train TER;;uic;9154270511;Q1889469;;;87214593;Gresswiller
TN8721462;gare;Heiligenberg - Mollkirch;Heiligenberg - Mollkirch;Heiligenberg - Mollkirch;8721462;87214627;48.527383;7.381309;FR;Europe/Paris;Q21407;Train TER;Car TER;uic;9154284601;Q2676402;;;87214627;Heiligenberg - Mollkirch
TN8721463;gare;Urmatt;Urmatt;Urmatt;8721463;87214635;48.525708;7.338927;FR;Europe/Paris;Q21597;Train TER;Car TER;uic;3502650495;Q1817356;;;87214635;Urmatt
TN8721464;gare;Mullerhof;Mullerhof;Mullerhof;8721464;87214643;48.524558;7.311857;FR;Europe/Paris;Q21597;Train TER;Car TER;uic;3505900695;Q2853441;;;87214643;Mullerhof
TN8721465;gare;Lutzelhouse;Lutzelhouse;Lutzelhouse;8721465;87214650;48.518093;7.294167;FR;Europe/Paris;Q21446;Train TER;;uic;9154289490;Q664611;;;87214650;Lutzelhouse
TN8721467;gare;Wisches;Wisches;Wisches;8721467;87214676;48.507445;7.269994;FR;Europe/Paris;Q21341;Train TER;;uic;3507542994;Q1879120;;;87214676;Wisches
TN8721468;gare;Russ - Hersbach;Russ - Hersbach;Russ - Hersbach;8721468;87214684;48.498239;7.251783;FR;Europe/Paris;Q21341;Train TER;Car TER;uic;3502654316;Q2373826;;;87214684;Russ-Hersbach
TN8721469;gare;Schirmeck - La Broque;Schirmeck - La Broque;Schirmeck - La Broque;8721469;87214692;48.480051;7.215869;FR;Europe/Paris;Q22509;Train TER;Car TER;uic;4398502607;Q1926234;;;87214692;Schirmeck - La Broque
TN8721472;gare;Rothau;Rothau;Rothau;8721472;87214726;48.45932;7.2075;FR;Europe/Paris;Q21455;Train TER;Car TER;uic;3502657503;Q3097449;;;87214726;Rothau
TN8721473;gare;Fouday;Fouday;Fouday;8721473;87214734;48.425109;7.187506;FR;Europe/Paris;Q21287;Train TER;;uic;731520866;Q2306456;;;87214734;Fouday
TN8721474;gare;Saint-Blaise-la-Roche;Saint-Blaise-la-Roche;Saint-Blaise-la-Roche;8721474;87214742;48.407553;7.165312;FR;Europe/Paris;Q21397;Train TER;Car TER;uic;9154298564;Q2074825;;;87214742;Saint-Blaise-la-Roche
TN8721477;gare;Bourg-Bruche;Bourg-Bruche;Bourg-Bruche;8721477;87214775;48.360096;7.137393;FR;Europe/Paris;Q21253;Train TER;;uic;3502661057;Q2412987;;;87214775;Bourg-Bruche
TN8721478;gare;Saâles;Saâles;Saâles;8721478;87214783;48.347047;7.110771;FR;Europe/Paris;Q22421;Train TER;Car TER;uic;3502662794;Q2446921;;;87214783;Saales
TN8721485;arret_car;Sainte-Marie-aux-Mines Cité Scolaire;Sainte-Marie-aux-Mines Cité Scolaire;Sainte-Marie-aux-Mines Cité Scolaire;8721485;87214858;48.236929;7.170264;FR;Europe/Paris;Q500400;;Car TER;gtfs;;;;;87214858;Sainte-Marie-aux-Mines Cité Scolaire
TN8721501;gare;Sarrebourg;Sarrebourg;Sarrebourg;8721501;87215012;48.738089;7.052828;FR;Europe/Paris;Q22544;TGV INOUI|Train TER;Car TER;uic;4041487536;Q1968912;;;87215012;Sarrebourg
TN8721507;gare;Réding;Réding;Réding;8721507;87215079;48.742449;7.096737;FR;Europe/Paris;Q22146;Train TER;;uic;4449635200;Q2202248;;;87215079;Réding
TN8721510;gare;Igney - Avricourt;Igney - Avricourt;Igney - Avricourt;8721510;87215103;48.646732;6.805565;FR;Europe/Paris;Q196340;Train TER;Car TER;uic;9019320088;Q3095780;;;87215103;Igney - Avricourt
TN8721511;arret_car;Avricourt Nouvel Avricourt;Avricourt Nouvel Avricourt;Avricourt Nouvel Avricourt;8721511;87215111;48.651707;6.821681;FR;Europe/Paris;Q22110;;Car TER;gtfs;;;;;87215111;Avricourt Nouvel Avricourt
TN8721512;arret_car;Réchicourt-le-Château;Réchicourt-le-Château;Réchicourt-le-Château;8721512;87215129;48.663077;6.83458;FR;Europe/Paris;Q22038;;Car TER;gtfs;;;;;87215129;Réchicourt-le-Château
TN8721513;arret_car;Gondrexange Domaine Ketzing;Gondrexange Domaine Ketzing;Gondrexange Domaine Ketzing;8721513;87215137;48.68329;6.898942;FR;Europe/Paris;Q21687;;Car TER;gtfs;;;;;87215137;Gondrexange Domaine Ketzing
TN8721514;arret_car;Heming Mairie;Heming Mairie;Heming Mairie;8721514;87215145;48.693531;6.963884;FR;Europe/Paris;Q22230;;Car TER;gtfs;;;;;87215145;Heming Mairie
TN8721516;gare;Lutzelbourg;Lutzelbourg;Lutzelbourg;8721516;87215160;48.729928;7.251727;FR;Europe/Paris;Q22386;Train TER;;uic;4401067440;Q2177940;;;87215160;Lutzelbourg
TN8721527;arret_car;Cutting RD27;Cutting RD27;Cutting RD27;8721527;87215277;48.845824;6.832852;FR;Europe/Paris;Q21671;;Car TER;gtfs;;;;;87215277;Cutting RD27
TN8721528;arret_car;Domnom-lès-Dieuze Mairie;Domnom-lès-Dieuze Mairie;Domnom-lès-Dieuze Mairie;8721528;87215285;48.859684;6.821987;FR;Europe/Paris;Q21647;;Car TER;gtfs;;;;;87215285;Domnom-lès-Dieuze Mairie
TN8721529;arret_car;Bassing Croisement;Bassing Croisement;Bassing Croisement;8721529;87215293;48.867778;6.801111;FR;Europe/Paris;Q21630;;Car TER;gtfs;;;;;87215293;Bassing Croisement
TN8721530;arret_car;Nebing Rue Robert Schumann;Nebing Rue Robert Schumann;Nebing Rue Robert Schumann;8721530;87215301;48.9028;6.8105;FR;Europe/Paris;Q21653;;Car TER;gtfs;;;;;87215301;Nebing Rue Robert Schumann
TN8721531;arret_car;Loudrefing Rue Principale;Loudrefing Rue Principale;Loudrefing Rue Principale;8721531;87215319;48.851275;6.876969;FR;Europe/Paris;Q21693;;Car TER;gtfs;;;;;87215319;Loudrefing Rue Principale
TN8721532;arret_car;Mittersheim Centre;Mittersheim Centre;Mittersheim Centre;8721532;87215327;48.861886;6.941723;FR;Europe/Paris;Q22067;;Car TER;gtfs;;;;;87215327;Mittersheim Centre
TN8721533;gare;Berthelming;Berthelming;Berthelming;8721533;87215335;48.809741;7.008963;FR;Europe/Paris;Q21864;Train TER;;uic;4300894842;Q2308590;;;87215335;Berthelming
TN8721535;arret_car;Sarraltroff Gare;Sarraltroff Gare;Sarraltroff Gare;8721535;87215350;48.77005;7.065614;FR;Europe/Paris;Q22042;;Car TER;gtfs;;;;;87215350;Sarraltroff Gare
TN8721545;arret_car;Sarre-Union;Sarre-Union;Sarre-Union;8721545;87215459;48.936017;7.085544;FR;Europe/Paris;Q21569;;Car TER;gtfs;;;;;87215459;Sarre-Union
TN8721548;arret_car;Schopperten Gare;Schopperten Gare;Schopperten Gare;8721548;87215483;48.945578;7.055897;FR;Europe/Paris;Q21443;;Car TER;gtfs;;;;;87215483;Schopperten Gare
TN8721549;arret_car;Keskastel Gare;Keskastel Gare;Keskastel Gare;8721549;87215491;48.966364;7.050139;FR;Europe/Paris;Q21285;;Car TER;gtfs;;;;;87215491;Keskastel Gare
TN8721563;gare;Oermingen;Oermingen;Oermingen;8721563;87215632;49.000448;7.131968;FR;Europe/Paris;Q21365;Train TER;Car TER;uic;3505934996;Q2600086;;;87215632;Oermingen
TN8721566;gare;Diemeringen;Diemeringen;Diemeringen;8721566;87215665;48.940678;7.184993;FR;Europe/Paris;Q22392;Train TER;Car TER;uic;4450580682;Q2057826;;;87215665;Diemeringen
TN8721569;gare;Tieffenbach - Struth;Tieffenbach - Struth;Tieffenbach - Struth;8721569;87215699;48.906432;7.255361;FR;Europe/Paris;Q21519;Train TER;Car TER;uic;3507540997;Q1962819;;;87215699;Tieffenbach - Struth
TN8722326;gare;Lille-Europe;Lille-Europe station;Lille-Europe;8722326;87223263;50.638983;3.075714;FR;Europe/Paris;Q648;OUIGO|TGV INOUI|Train TER;;uic;8745537418;Q801099;;;87223263;Lille Europe
TN8727100;gare;Paris Gare du Nord;Paris Gare du Nord;Paris Gare du Nord;8727100;87271007;48.8804;2.354973;FR;Europe/Paris;Q90;TGV INOUI|Train|Train TER;;uic;3090733718;Q745942;;XFPN;87271007;Paris Gare du Nord
TN8727149;gare;Aéroport Charles de Gaulle 2 TGV;Aéroport Charles de Gaulle 2 TGV;Aéroport Charles de Gaulle 2 TGV;8727149;87271494;49.004016;2.571108;FR;Europe/Paris;Q242497;OUIGO|TGV INOUI;;uic;4269245656;Q800424;;;87271494;Aéroport Charles de Gaulle 2 TGV
TN8727153;gare;Dammartin - Juilly - Saint-Mard;Dammartin - Juilly - Saint-Mard;Dammartin - Juilly - Saint-Mard;8727153;87271536;49.032116;2.699101;FR;Europe/Paris;Q243402;Train TER;;uic;316883910;Q1923376;;;87271536;Dammartin - Juilly - Saint-Mard
TN8727155;gare;Le Plessis-Belleville;Le Plessis-Belleville;Le Plessis-Belleville;8727155;87271551;49.095972;2.744674;FR;Europe/Paris;Q629891;Train TER;;uic;316883924;Q2398897;;;87271551;Le Plessis-Belleville
TN8727157;gare;Nanteuil-le-Haudouin;Nanteuil-le-Haudouin;Nanteuil-le-Haudouin;8727157;87271577;49.14281;2.794371;FR;Europe/Paris;Q753495;Train TER;;uic;696399181;Q1927198;;;87271577;Nanteuil-le-Haudouin
TN8727159;gare;Crépy-en-Valois;Crépy-en-Valois;Crépy-en-Valois;8727159;87271593;49.231092;2.88655;FR;Europe/Paris;Q182287;Train TER;Car TER;uic;3486493501;Q3096338;;;87271593;Crépy-en-Valois
TN8727160;gare;Vaumoise;Vaumoise;Vaumoise;8727160;87271601;49.233941;2.988568;FR;Europe/Paris;Q849618;Train TER;;uic;316883977;Q3097940;;;87271601;Vaumoise
TN8727173;gare;Villers-Cotterêts;Villers-Cotterêts;Villers-Cotterêts;8727173;87271734;49.250125;3.093851;FR;Europe/Paris;Q213883;Train TER;Car TER;uic;9805769321;Q2234195;;;87271734;Villers-Cotterêts
TN8727177;gare;Longpont;Longpont;Longpont;8727177;87271775;49.272593;3.229987;FR;Europe/Paris;Q473977;Train TER;;uic;9805769319;Q2027393;;;87271775;Longpont
TN8727178;gare;Vierzy;Vierzy;Vierzy;8727178;87271783;49.291057;3.277558;FR;Europe/Paris;Q868917;Train TER;;uic;9805769318;Q2282895;;;87271783;Vierzy
TN8727181;gare;Soissons;Soissons;Soissons;8727181;87271817;49.369148;3.338173;FR;Europe/Paris;Q167152;Train TER;Car TER;uic;3486466902;Q935169;;;87271817;Soissons
TN8727187;gare;Crouy;Crouy;Crouy;8727187;87271874;49.403674;3.357031;FR;Europe/Paris;Q847293;Train TER;;uic;2277221434;Q2831424;;;87271874;Crouy
TN8727188;gare;Margival;Margival;Margival;8727188;87271882;49.43938;3.402791;FR;Europe/Paris;Q853128;Train TER;;uic;2277221447;Q3096971;;;87271882;Margival
TN8727201;gare;Jaux;Jaux;Jaux;8727201;87272013;49.386824;2.777329;FR;Europe/Paris;Q1337566;Train TER;Car TER;uic;9805725594;Q1838995;;;87272013;Jaux
TN8727209;gare;Esches;Esches;Esches;8727209;87272096;49.212513;2.170818;FR;Europe/Paris;Q511910;Train TER;;uic;2279594708;Q2007719;;;87272096;Esches
TN8727219;gare;Longueil-Annel;Longueil-Annel;Longueil-Annel;8727219;87272195;49.467101;2.863151;FR;Europe/Paris;Q1338650;Train TER;Car TER;uic;1564543358;Q2545798;;;87272195;Longueil-Annel
TN8727228;gare;Corcy;Corcy;Corcy;8727228;87272286;49.255149;3.215811;FR;Europe/Paris;Q32839;Train TER;;uic;9805769320;Q2653635;;;87272286;Corcy
TN8727600;gare;Creil;Creil;Creil;8727600;87276006;49.26396;2.468682;FR;Europe/Paris;Q331087;Train TER;Car TER;uic;3486467908;Q664142;;;87276006;Creil
TN8727611;gare;Chantilly – Gouvieux;Chantilly – Gouvieux;Chantilly – Gouvieux;8727611;87276113;49.187238;2.459527;FR;Europe/Paris;Q126675;Train TER;;uic;331938645;Q800617;;;87276113;Chantilly - Gouvieux
TN8727620;gare;Laigneville;Laigneville;Laigneville;8727620;87276204;49.292639;2.449293;FR;Europe/Paris;Q1337308;Train TER;Car TER;uic;8330296218;Q1861624;;;87276204;Laigneville
TN8727621;gare;Liancourt - Rantigny;Liancourt - Rantigny;Liancourt - Rantigny;8727621;87276212;49.324814;2.445518;FR;Europe/Paris;Q1331982;Train TER;Car TER;uic;8330295264;Q2274967;;;87276212;Liancourt - Rantigny
TN8727627;gare;Orry-la-Ville - Coye;Orry-la-Ville - Coye-la-Forêt;Orry-la-Ville - Coye-la-Forêt;8727627;87276279;49.138507;2.489969;FR;Europe/Paris;Q834094;Train TER;;uic;331939553;Q2580779;;;87276279;Orry-la-Ville - Coye
TN8727630;gare;Longueil-Sainte-Marie;Longueil-Sainte-Marie;Longueil-Sainte-Marie;8727630;87276303;49.342557;2.717641;FR;Europe/Paris;Q633884;Train TER;Car TER;uic;9805725592;Q3096904;;;87276303;Longueil-Sainte-Marie
TN8727631;gare;Chevrières;Chevrières;Chevrières;8727631;87276311;49.337309;2.682822;FR;Europe/Paris;Q1339421;Train TER;Car TER;uic;9805725591;Q630114;;;87276311;Chevrières
TN8727632;gare;Pont-Sainte-Maxence;Pont-Sainte-Maxence;Pont-Sainte-Maxence;8727632;87276329;49.309793;2.602858;FR;Europe/Paris;Q1336775;Train TER;Car TER;uic;2055667695;Q2410993;;;87276329;Pont-Sainte-Maxence
TN8727635;gare;Rieux - Angicourt;Rieux - Angicourt;Rieux - Angicourt;8727635;87276352;49.298391;2.521094;FR;Europe/Paris;Q751390;Train TER;Car TER;uic;9798045247;Q1872396;;;87276352;Rieux - Angicourt
TN8727637;gare;Villers-Saint-Paul;Villers-Saint-Paul;Villers-Saint-Paul;8727637;87276378;49.282603;2.489943;FR;Europe/Paris;Q1389265;Train TER;Car TER;uic;2394065578;Q3098011;;;87276378;Villers-Saint-Paul
TN8727646;gare;Persan - Beaumont;Persan - Beaumont;Persan - Beaumont;8727646;87276469;49.147854;2.278226;FR;Europe/Paris;Q923191;Train TER;;uic;3580086193;Q919548;;XFPEB;87276469;Persan - Beaumont
TN8727661;gare;Montataire;Montataire;Montataire;8727661;87276618;49.251115;2.436113;FR;Europe/Paris;Q818255;Train TER;Car TER;uic;2053311691;Q2115710;;;87276618;Montataire
TN8727669;gare;Compiègne;Compiègne;Compiègne;8727669;87276691;49.422031;2.823513;FR;Europe/Paris;Q1338762;Train TER;Car TER;uic;2394065564;Q1858263;;;87276691;Compiègne
TN8727671;gare;Bornel - Belle-Église;Bornel - Belle-Église;Bornel - Belle-Église;8727671;87276717;49.194686;2.207099;FR;Europe/Paris;Q28464551;Train TER;;uic;2279594705;Q3096031;;;87276717;Bornel - Belle-Église
TN8727672;gare;Chambly;Chambly;Chambly;8727672;87276725;49.163572;2.240464;FR;Europe/Paris;Q669309;Train TER;;uic;4572639667;Q2650336;;;87276725;Chambly
TN8727673;gare;Le Meux - Lacroix-Saint-Ouen;Le Meux - Lacroix-Saint-Ouen;Le Meux - Lacroix-Saint-Ouen;8727673;87276733;49.359426;2.753284;FR;Europe/Paris;Q1174262;Train TER;Car TER;uic;9805725593;Q2647962;;;87276733;Le Meux - La Croix-Saint-Ouen
TN8727674;gare;Thourotte;Thourotte;Thourotte;8727674;87276741;49.475441;2.881983;FR;Europe/Paris;Q669333;Train TER;Car TER;uic;1564543379;Q3097870;;;87276741;Thourotte
TN8727676;gare;Ribécourt;Ribécourt;Ribécourt;8727676;87276766;49.506276;2.927196;FR;Europe/Paris;Q1156776;Train TER;Car TER;uic;3774858291;Q2785272;;;87276766;Ribécourt
TN8727677;gare;Ourscamps;Ourscamps;Ourscamps;8727677;87276774;49.534062;2.954272;FR;Europe/Paris;Q1337769;Train TER;;uic;474817247;Q2650500;;;87276774;Ourscamps
TN8727678;gare;Noyon;Noyon;Noyon;8727678;87276782;49.577103;3.006453;FR;Europe/Paris;Q49831;Train TER;Car TER;uic;11475878840;Q1826892;;;87276782;Noyon
TN8727825;gare;Mérignac Arlac;Mérignac Arlac;Mérignac Arlac;8727825;87278259;44.826779;-0.626173;FR;Europe/Paris;Q205551;Train TER;Car TER;uic;648505624;Q2071984;;;87278259;Mérignac Arlac
TN8727986;arret_car;Vouécourt;Vouécourt;Vouécourt;8727986;87279869;48.267006;5.13587;FR;Europe/Paris;Q1329471;;Car TER;gtfs;;;;;87279869;Vouécourt
TN8728100;gare;Dunkerque;Dunkirk;Dunkerque;8728100;87281006;51.030416;2.368547;FR;Europe/Paris;Q45797;TGV INOUI|Train TER;;uic;312805118;Q2474563;;;87281006;Dunkerque
TN8728105;gare;Croix l'Allumette;Croix l'Allumette;Croix l'Allumette;8728105;87281055;50.686893;3.151245;FR;Europe/Paris;Q239091;Train TER;;uic;7042284669;Q3096324;;;87281055;Croix l'Allumette
TN8728107;gare;Calais - Fréthun;Calais - Fréthun;Calais - Fréthun;8728107;87281071;50.901912;1.81144;FR;Europe/Paris;Q1031443;TGV INOUI|Train TER;Car TER;uic;8019855985;Q800609;;;87281071;Calais - Fréthun
TN8728110;gare;Bergues;Bergues;Bergues;8728110;87281105;50.968972;2.425645;FR;Europe/Paris;Q244934;Train TER;;uic;9803287580;Q616824;;;87281105;Bergues
TN8728111;gare;Esquelbecq;Esquelbecq;Esquelbecq;8728111;87281113;50.889811;2.412141;FR;Europe/Paris;Q624890;Train TER;;uic;2058859737;Q2321493;;;87281113;Esquelbecq
TN8728112;gare;Arnèke;Arnèke;Arnèke;8728112;87281121;50.831507;2.408287;FR;Europe/Paris;Q598283;Train TER;;uic;2058834954;Q2651595;;;87281121;Arnèke
TN8728113;gare;Cassel;Cassel;Cassel;8728113;87281139;50.787622;2.459893;FR;Europe/Paris;Q1046929;Train TER;;uic;2058823678;Q1875256;;;87281139;Cassel
TN8728124;gare;Gravelines;Gravelines;Gravelines;8728124;87281246;50.978746;2.123398;FR;Europe/Paris;Q323399;Train TER;;uic;2058924203;Q2346103;;;87281246;Gravelines
TN8728127;gare;Bourbourg;Bourbourg;Bourbourg;8728127;87281279;50.9524;2.194364;FR;Europe/Paris;Q632822;Train TER;;uic;9803287581;Q2243517;;;87281279;Bourbourg
TN8728131;gare;Grande-Synthe;Grande-Synthe;Grande-Synthe;8728131;87281311;51.002362;2.312059;FR;Europe/Paris;Q769160;Train TER;;uic;8164736357;Q1973992;;;87281311;Grande-Synthe
TN8728140;gare;Coudekerque-Branche;Coudekerque-Branche;Coudekerque-Branche;8728140;87281402;51.017519;2.375133;FR;Europe/Paris;Q243851;Train TER;;uic;2058887903;Q2426973;;;87281402;Coudekerque-Branche
TN8728141;gare;Pont d'Ardres;Pont d'Ardres;Pont d'Ardres;8728141;87281410;50.892033;1.971409;FR;Europe/Paris;Q262456;Train TER;;uic;9634381767;Q2215433;;;87281410;Pont d'Ardres
TN8728142;gare;Audruicq;Audruicq;Audruicq;8728142;87281428;50.875569;2.076328;FR;Europe/Paris;Q853600;Train TER;Car TER;uic;8457410497;Q2192636;;;87281428;Audruicq
TN8728143;gare;Watten – Éperlecques;Watten – Éperlecques;Watten – Éperlecques;8728143;87281436;50.825744;2.207771;FR;Europe/Paris;Q287123;Train TER;Car TER;uic;10685195449;Q3098068;;;87281436;Watten - Éperlecques
TN8728144;gare;Saint-Omer;Saint-Omer;Saint-Omer;8728144;87281444;50.753881;2.267011;FR;Europe/Paris;Q208793;Train TER;Car TER;uic;3484621893;Q736324;;;87281444;Saint-Omer
TN8728145;gare;Renescure;Renescure;Renescure;8728145;87281451;50.732032;2.371424;FR;Europe/Paris;Q744639;Train TER;Car TER;uic;9797932210;Q3097394;;;87281451;Renescure
TN8728146;gare;Ebblinghem;Ebblinghem;Ebblinghem;8728146;87281469;50.73067;2.409228;FR;Europe/Paris;Q1164786;Train TER;Car TER;uic;9797980613;Q1817987;;;87281469;Ebblinghem
TN8728233;arret_car;Perrigny-sur-Loire;Perrigny-sur-Loire;Perrigny-sur-Loire;8728233;87282335;46.530569;3.846146;FR;Europe/Paris;Q550076;;Car TER;gtfs;;;;;87282335;Perrigny-sur-Loire
TN8728262;gare;Lyon Jean Macé;Lyon Jean Macé;Lyon Jean Macé;8728262;87282624;45.744963;4.841834;FR;Europe/Paris;Q456;Train TER;;uic;9924526864;Q8437;;;87282624;Lyon Jean Macé
TN8728600;gare;Lille-Flandres;Lille-Flandres station;Lille-Flandres;8728600;87286005;50.63638;3.07053;FR;Europe/Paris;Q648;OUIGO|TGV INOUI|Train TER;Car TER;uic;8745537419;Q801098;;;87286005;Lille Flandres
TN8728606;gare;Hellemmes;Hellemmes;Hellemmes;8728606;87286062;50.622747;3.115337;FR;Europe/Paris;Q648;Train TER;;uic;3483925793;Q1969332;;;87286062;Hellemmes
TN8728609;gare;Haubourdin;Haubourdin;Haubourdin;8728609;87286096;50.606967;2.990041;FR;Europe/Paris;Q473892;Train TER;;uic;8346106956;Q2202492;;;87286096;Haubourdin
TN8728611;gare;Loos-lez-Lille;Loos-lez-Lille;Loos-lez-Lille;8728611;87286112;50.612785;3.016915;FR;Europe/Paris;Q274325;Train TER;;uic;1222251915;Q3096906;;;87286112;Loos lez Lille
TN8728614;gare;Armentières;Armentières;Armentières;8728614;87286146;50.680786;2.877613;FR;Europe/Paris;Q193925;Train TER;Car TER;uic;11054336625;Q2456935;;;87286146;Armentières
TN8728616;gare;Steenwerck;Steenwerck;Steenwerck;8728616;87286161;50.71302;2.786691;FR;Europe/Paris;Q332310;Train TER;;uic;1642406683;Q2175070;;;87286161;Steenwerck
TN8728617;gare;Bailleul;Bailleul;Bailleul;8728617;87286179;50.728971;2.734894;FR;Europe/Paris;Q332310;Train TER;Car TER;uic;11054308263;Q3095894;;;87286179;Bailleul
TN8728618;gare;La Madeleine;La Madeleine;La Madeleine;8728618;87286187;50.660774;3.072674;FR;Europe/Paris;Q842003;Train TER;;uic;932744268;Q2406603;;XFLMA;87286187;La Madeleine
TN8728619;gare;Saint-André;Saint-André;Saint-André;8728619;87286195;50.654481;3.047538;FR;Europe/Paris;Q728517;Train TER;;uic;314066672;Q3097492;;;87286195;Saint-André
TN8728620;gare;Strazeele;Strazeele;Strazeele;8728620;87286203;50.713499;2.631065;FR;Europe/Paris;Q1160742;Train TER;;uic;9797994098;Q2604865;;;87286203;Strazeele
TN8728627;gare;Pérenchies;Pérenchies;Pérenchies;8728627;87286278;50.667163;2.977515;FR;Europe/Paris;Q638573;Train TER;;uic;256488831;Q685855;;;87286278;Pérenchies
TN8728630;gare;Hazebrouck;Hazebrouck;Hazebrouck;8728630;87286302;50.725066;2.542318;FR;Europe/Paris;Q11131;TGV INOUI|Train TER;Car TER;uic;189265314;Q3095766;;;87286302;Hazebrouck
TN8728640;gare;Santes;Santes;Santes;8728640;87286401;50.591846;2.962358;FR;Europe/Paris;Q665107;Train TER;;uic;10118791949;Q2248632;;;87286401;Santes
TN8728641;gare;Wavrin;Wavrin;Wavrin;8728641;87286419;50.574536;2.936378;FR;Europe/Paris;Q539699;Train TER;;uic;8346052515;Q2130769;;;87286419;Wavrin
TN8728642;gare;La Fontaine;La Fontaine;La Fontaine;8728642;87286427;50.566176;2.926154;FR;Europe/Paris;Q539699;Train TER;;uic;3483926093;Q2592273;;;87286427;La Fontaine
TN8728643;gare;Don - Sainghin;Don - Sainghin;Don - Sainghin;8728643;87286435;50.551691;2.913794;FR;Europe/Paris;Q1102150;Train TER;;uic;8777217523;Q608031;;;87286435;Don - Sainghin
TN8728650;gare;Phalempin;Phalempin;Phalempin;8728650;87286500;50.515415;3.020181;FR;Europe/Paris;Q745616;Train TER;;uic;9528487653;Q2262254;;;87286500;Phalempin
TN8728651;gare;Seclin;Seclin;Seclin;8728651;87286518;50.548294;3.035234;FR;Europe/Paris;Q630627;Train TER;;uic;597199930;Q2612480;;;87286518;Seclin
TN8728652;gare;Wattignies - Templemars;Wattignies - Templemars;Wattignies - Templemars;8728652;87286526;50.579401;3.051729;FR;Europe/Paris;Q763901;Train TER;;uic;9089430572;Q3098070;;;87286526;Wattignies - Templemars
TN8728653;gare;Ronchin;Ronchin;Ronchin;8728653;87286534;50.60457;3.078386;FR;Europe/Paris;Q548574;Train TER;;uic;11091002876;Q3097446;;;87286534;Ronchin
TN8728654;gare;Tourcoing;Tourcoing;Tourcoing;8728654;87286542;50.716485;3.168217;FR;Europe/Paris;Q182481;OUIGO|TGV INOUI|Train TER;Car TER;uic;9573053023;Q2598042;;;87286542;Tourcoing
TN8728656;gare;Rosult;Rosult;Rosult;8728656;87286567;50.456274;3.349441;FR;Europe/Paris;Q1161173;Train TER;;uic;2045775520;Q1917872;;;87286567;Rosult
TN8728657;gare;Landas;Landas;Landas;8728657;87286575;50.468724;3.290404;FR;Europe/Paris;Q665414;Train TER;;uic;1622650626;Q2545936;;;87286575;Landas
TN8728658;gare;Orchies;Orchies;Orchies;8728658;87286583;50.477105;3.248977;FR;Europe/Paris;Q389524;Train TER;;uic;4869685772;Q1896163;;;87286583;Orchies
TN8728660;gare;Nomain;Nomain;Nomain;8728660;87286609;50.502107;3.206819;FR;Europe/Paris;Q752405;Train TER;;uic;2043416051;Q2656688;;;87286609;Nomain
TN8728662;gare;Templeuve;Templeuve;Templeuve;8728662;87286625;50.528649;3.176055;FR;Europe/Paris;Q1160662;Train TER;;uic;2043418938;Q3097845;;;87286625;Templeuve
TN8728664;gare;Fretin;Fretin;Fretin;8728664;87286641;50.560156;3.149346;FR;Europe/Paris;Q1165041;Train TER;;uic;2045769790;Q1947490;;;87286641;Fretin
TN8728671;gare;Croix - Wasquehal;Croix - Wasquehal;Croix - Wasquehal;8728671;87286716;50.678659;3.137938;FR;Europe/Paris;Q681563;TGV INOUI|Train TER;;uic;11373747135;Q2755422;;;87286716;Croix - Wasquehal
TN8728673;gare;Roubaix;Roubaix;Roubaix;8728673;87286732;50.695676;3.163011;FR;Europe/Paris;Q34001;TGV INOUI|Train TER;;uic;9853351883;Q2207342;;;87286732;Roubaix
TN8728683;gare;Pont de Bois;Pont de Bois;Pont de Bois;8728683;87286831;50.623995;3.129683;FR;Europe/Paris;Q43295;Train TER;;uic;3483925294;Q3097300;;;87286831;Pont de bois
TN8728684;gare;Lesquin;Lesquin;Lesquin;8728684;87286849;50.590521;3.118211;FR;Europe/Paris;Q696996;Train TER;;uic;1608968489;Q2080256;;;87286849;Lesquin
TN8728685;gare;Annappes;Annappes;Annappes;8728685;87286856;50.622832;3.147057;FR;Europe/Paris;Q43295;Train TER;;uic;8325981844;Q2499355;;;87286856;Annappes
TN8728686;gare;Ascq;Ascq;Ascq;8728686;87286864;50.621983;3.159744;FR;Europe/Paris;Q43295;Train TER;;uic;9965516794;Q2379109;;;87286864;Ascq
TN8728687;gare;Baisieux;Baisieux;Baisieux;8728687;87286872;50.618594;3.234666;FR;Europe/Paris;Q771753;Train TER;;uic;9043670620;Q3095897;;;87286872;Baisieux
TN8728710;gare;Lezennes;Lezennes;Lezennes;8728710;87287102;50.620505;3.098956;FR;Europe/Paris;Q648;Train TER;;uic;3483926094;Q2493685;;;87287102;Lezennes
TN8728712;gare;Mont-de-Terre;Mont-de-Terre;Mont-de-Terre;8728712;87287128;50.617755;3.096475;FR;Europe/Paris;Q648;Train TER;;uic;2275685069;Q2403582;;;87287128;Mont de Terre
TN8728715;gare;Nieppe;Nieppe;Nieppe;8728715;87287151;50.696684;2.829006;FR;Europe/Paris;Q681803;Train TER;;uic;314060255;Q934243;;;87287151;Nieppe
TN8728725;gare;Lille – Porte de Douai;Lille – Porte de Douai;Lille – Porte de Douai;8728725;87287250;50.611916;3.075851;FR;Europe/Paris;Q648;Train TER;;uic;1407143471;Q1989501;;;87287250;Lille Porte de Douai
TN8728727;gare;Ennevelin;Ennevelin;Ennevelin;8728727;87287276;50.549346;3.158646;FR;Europe/Paris;Q1160662;Train TER;;uic;2045759237;Q2414556;;;87287276;Ennevelin
TN8728729;gare;Nortkerque;Nortkerque;Nortkerque;8728729;87287292;50.882971;2.023152;FR;Europe/Paris;Q921846;Train TER;;uic;9782224333;Q2621173;;;87287292;Nortkerque
TN8728730;gare;Ruminghem;Ruminghem;Ruminghem;8728730;87287300;50.862074;2.157696;FR;Europe/Paris;Q6864;Train TER;Car TER;uic;8457413233;Q3097461;;;87287300;Ruminghem
TN8729500;gare;Maubeuge;Maubeuge;Maubeuge;8729500;87295006;50.272886;3.966631;FR;Europe/Paris;Q138648;Train TER;Car TER;uic;494794776;Q2559978;;;87295006;Maubeuge
TN8729501;gare;Jeumont;Jeumont;Jeumont;8729501;87295014;50.296233;4.086288;FR;Europe/Paris;Q600164;Train TER;Car TER;uic;662378733;Q2589735;;;87295014;Jeumont
TN8729502;gare;Recquignies;Recquignies;Recquignies;8729502;87295022;50.284068;4.04453;FR;Europe/Paris;Q548069;Train TER;;uic;672245178;Q2122876;;;87295022;Recquignies
TN8729504;gare;Fourmies;Fourmies;Fourmies;8729504;87295048;50.015413;4.053919;FR;Europe/Paris;Q305007;Train TER;Car TER;uic;726788950;Q3096468;;XFFMI;87295048;Fourmies
TN8729505;gare;Anor;Anor;Anor;8729505;87295055;49.984965;4.093088;FR;Europe/Paris;Q496268;Train TER;Car TER;uic;10162434506;Q3095644;;;87295055;Anor
TN8729506;gare;Hirson;Hirson;Hirson;8729506;87295063;49.914519;4.084382;FR;Europe/Paris;Q271090;Train TER;Car TER;uic;3945423282;Q2044263;;;87295063;Hirson
TN8729522;gare;Le Cateau;Le Cateau;Le Cateau;8729522;87295220;50.091406;3.54047;FR;Europe/Paris;Q329103;Train TER;Car TER;uic;10196420189;Q2516513;;;87295220;Le Cateau
TN8729553;gare;Louvroil;Louvroil;Louvroil;8729553;87295535;50.268462;3.953472;FR;Europe/Paris;Q673409;Train TER;;uic;497011328;Q2286058;;;87295535;Louvroil
TN8729554;gare;Sous le Bois;Sous le Bois;Sous le Bois;8729554;87295543;50.265687;3.939507;FR;Europe/Paris;Q138648;Train TER;;uic;498997616;Q3097769;;;87295543;Sous le Bois
TN8729556;gare;Hautmont;Hautmont;Hautmont;8729556;87295568;50.253959;3.915273;FR;Europe/Paris;Q498865;Train TER;Car TER;uic;506893780;Q3096619;;;87295568;Hautmont
TN8729560;gare;Aulnoye-Aymeries;Aulnoye-Aymeries;Aulnoye-Aymeries;8729560;87295600;50.197407;3.843385;FR;Europe/Paris;Q43411;Train|Train TER;Car TER;uic;11053172919;Q2868344;;;87295600;Aulnoye-Aymeries
TN8729564;gare;Landrecies;Landrecies;Landrecies;8729564;87295642;50.12838;3.682139;FR;Europe/Paris;Q632808;Train TER;Car TER;uic;513379985;Q2411869;;;87295642;Landrecies
TN8729566;gare;Ors;Ors;Ors;8729566;87295667;50.103202;3.626776;FR;Europe/Paris;Q983570;Train TER;;uic;2277021875;Q3095834;;;87295667;Ors
TN8729570;gare;Sains-du-Nord;Sains-du-Nord;Sains-du-Nord;8729570;87295709;50.088999;4.001474;FR;Europe/Paris;Q1068594;Train TER;Car TER;uic;10186408835;Q2237495;;;87295709;Sains-du-Nord
TN8729572;gare;Avesnelles;Avesnelles;Avesnelles;8729572;87295725;50.119759;3.946063;FR;Europe/Paris;Q779926;Train TER;;uic;10186408392;Q2133341;;XFAVL;87295725;Avesnelles
TN8729573;gare;Avesnes-sur-Helpe;Avesnes-sur-Helpe;Avesnes-sur-Helpe;8729573;87295733;50.126959;3.933017;FR;Europe/Paris;Q217178;Train TER;Car TER;uic;10186929392;Q3095711;;;87295733;Avesnes-sur-Helpe
TN8729577;gare;Dompierre;Dompierre;Dompierre;8729577;87295774;50.146108;3.871185;FR;Europe/Paris;Q1044397;Train TER;;uic;10186929360;Q3096389;;;87295774;Dompierre
TN8729579;gare;Leval;Leval;Leval;8729579;87295790;50.184552;3.836621;FR;Europe/Paris;Q1101484;Train TER;;uic;9798049126;Q3096878;;;87295790;Leval
TN8729580;gare;Berlaimont;Berlaimont;Berlaimont;8729580;87295808;50.197802;3.810844;FR;Europe/Paris;Q46007;Train TER;Car TER;uic;3490788042;Q2172006;;XFBET;87295808;Berlaimont
TN8729585;gare;Le Quesnoy;Le Quesnoy;Le Quesnoy;8729585;87295857;50.250388;3.645735;FR;Europe/Paris;Q180067;Train TER;Car TER;uic;990218728;Q2014463;;;87295857;Le Quesnoy
TN8729600;gare;Saint-Quentin;Saint-Quentin;Saint-Quentin;8729600;87296004;49.839979;3.297036;FR;Europe/Paris;Q182744;Train|Train TER;Car TER|Car à réservation;uic;3486467305;Q2031679;;;87296004;Saint-Quentin
TN8729601;gare;Laon;Laon;Laon;8729601;87296012;49.570891;3.625672;FR;Europe/Paris;Q167141;Train TER;Car TER;uic;4290857005;Q2385461;;XFLAO;87296012;Laon
TN8729609;arret_car;Marle sur Serre;Marle sur Serre;Marle sur Serre;8729609;87296095;49.747273;3.76966;FR;Europe/Paris;Q326586;;Car TER;uic;10751360397;Q516414;;;87296095;Marle sur Serre
TN8729612;arret_car;Vervins;Vervins;Vervins;8729612;87296129;49.830014;3.893525;FR;Europe/Paris;Q209840;;Car TER;uic;3486467201;Q3097968;;;87296129;Vervins
TN8729614;arret_car;Origny-en-Thiérache;Origny-en-Thiérache;Origny-en-Thiérache;8729614;87296145;49.890715;4.024088;FR;Europe/Paris;Q870835;;Car TER;uic;10210586262;Q2339922;;;87296145;Origny-en-Thiérache
TN8729615;gare;Crépy - Couvron;Crépy - Couvron;Crépy - Couvron;8729615;87296152;49.62334;3.516716;FR;Europe/Paris;Q379163;Train TER;Car TER;uic;2250936225;Q687475;;;87296152;Crépy - Couvron
TN8729617;gare;Clacy - Mons;Clacy - Mons;Clacy - Mons;8729617;87296178;49.543918;3.576754;FR;Europe/Paris;Q847885;Train TER;;uic;2068026787;Q3096250;;;87296178;Clacy - Mons
TN8729624;gare;Busigny;Busigny;Busigny;8729624;87296244;50.039767;3.446133;FR;Europe/Paris;Q660899;Train TER;Car TER;uic;916610464;Q1888691;;;87296244;Busigny
TN8729626;gare;Bohain;Bohain;Bohain;8729626;87296269;49.988347;3.442799;FR;Europe/Paris;Q271329;Train TER;Car TER;uic;2277221425;Q2010433;;XFBHI;87296269;Bohain
TN8729629;gare;Fresnoy-le-Grand;Fresnoy-le-Grand;Fresnoy-le-Grand;8729629;87296293;49.95029;3.432574;FR;Europe/Paris;Q852904;Train TER;;uic;916731121;Q2546900;;;87296293;Fresnoy-le-Grand
TN8729641;gare;Montescourt;Montescourt;Montescourt;8729641;87296418;49.738046;3.252193;FR;Europe/Paris;Q871850;Train TER;;uic;3528601965;Q2455013;;XFMCU;87296418;Montescourt
TN8729643;gare;Mennessis;Mennessis;Mennessis;8729643;87296434;49.691251;3.271465;FR;Europe/Paris;Q872458;Train TER;Car TER;uic;2277221452;Q2193491;;;87296434;Mennessis
TN8729644;gare;Tergnier;Tergnier;Tergnier;8729644;87296442;49.659148;3.296794;FR;Europe/Paris;Q378973;Train TER;Car TER;uic;3486466903;Q3097852;;;87296442;Tergnier
TN8729645;gare;Appilly;Appilly;Appilly;8729645;87296459;49.580836;3.120865;FR;Europe/Paris;Q621065;Train TER;;uic;1564553698;Q1912185;;;87296459;Appilly
TN8729656;gare;Anizy - Pinon;Anizy - Pinon;Anizy - Pinon;8729656;87296566;49.496077;3.448704;FR;Europe/Paris;Q325426;Train TER;Car TER;uic;2068026881;Q2696779;;;87296566;Anizy - Pinon
TN8729660;gare;Versigny;Versigny;Versigny;8729660;87296608;49.657469;3.43336;FR;Europe/Paris;Q867428;Train TER;Car TER;uic;2250936201;Q666103;;;87296608;Versigny
TN8729661;gare;Chauny;Chauny;Chauny;8729661;87296616;49.611165;3.223484;FR;Europe/Paris;Q269833;Train TER;Car TER;gtfs;;;;;87296616;Chauny
TN8729663;gare;La Fère;La Fère;La Fère;8729663;87296632;49.657976;3.369819;FR;Europe/Paris;Q332034;Train TER;Car TER;uic;8590038893;Q2565580;;;87296632;La Fère
TN8729687;gare;Flavy-le-Martel;Flavy-le-Martel;Flavy-le-Martel;8729687;87296871;49.718741;3.190386;FR;Europe/Paris;Q325587;Train TER;Car TER;uic;2013322131;Q2390007;;;87296871;Flavy-le-Martel
TN8729705;gare;Viry-Noureuil;Viry-Noureuil;Viry-Noureuil;8729705;87297051;49.627547;3.250249;FR;Europe/Paris;Q867323;Train TER;;uic;1564553659;Q2386825;;;87297051;Viry-Noureuil
TN8729708;arret_car;La Bouteille;La Bouteille;La Bouteille;8729708;87297085;49.859633;3.981703;FR;Europe/Paris;Q846026;;Car TER;uic;10210586242;Q2430408;;;87297085;La Bouteille
TN8729711;arret_car;Verneuil-sur-Serre;Verneuil-sur-Serre;Verneuil-sur-Serre;8729711;87297119;49.648743;3.667831;FR;Europe/Paris;Q637656;;Car TER;uic;10210311658;Q2230592;;;87297119;Verneuil-sur-Serre
TN8729714;arret_car;Dercy - Froidmont;Dercy - Froidmont;Dercy - Froidmont;8729714;87297143;49.70261;3.691997;FR;Europe/Paris;Q919438;;Car TER;uic;10210544642;Q2562340;;;87297143;Dercy - Froidmont
TN8729715;arret_car;Voyenne;Voyenne;Voyenne;8729715;87297150;49.726179;3.720677;FR;Europe/Paris;Q868809;;Car TER;uic;10210544627;Q3098046;;;87297150;Voyenne
TN8729728;gare;Vauxaillon;Vauxaillon;Vauxaillon;8729728;87297283;49.474163;3.409625;FR;Europe/Paris;Q868218;Train TER;;uic;1732924950;Q3097941;;;87297283;Vauxaillon
TN8729729;arret_car;Barenton-Bugny;Barenton-Bugny;Barenton-Bugny;8729729;87297291;49.630787;3.655887;FR;Europe/Paris;Q854163;;Car TER;uic;10210311674;Q2029724;;;87297291;Barenton-Bugny
TN8729751;gare;Les Bons Pères;Les Bons Pères;Les Bons Pères;8729751;87297515;50.279866;4.010988;FR;Europe/Paris;Q1063614;Train TER;;uic;672243496;Q3098143;;;87297515;Les Bons Pères
TN8729752;gare;Hachette;Hachette;Hachette;8729752;87297523;50.158251;3.743335;FR;Europe/Paris;Q1099000;Train TER;;uic;2277021873;Q2350138;;;87297523;Hachette
TN8729753;gare;Saint-Hilaire;Saint-Hilaire;Saint-Hilaire;8729753;87297531;50.132005;3.913912;FR;Europe/Paris;Q1098928;Train TER;;uic;9798039883;Q2362288;;;87297531;Saint-Hilaire
TN8730082;gare;Belfort-Montbéliard TGV;Belfort-Montbéliard TGV;Belfort-Montbéliard TGV;8730082;87300822;47.585867;6.89755;FR;Europe/Paris;Q3306597;ICE|Lyria|OUIGO|TGV INOUI;;uic;2502268295;Q800460;;XFBMT;87300822;Belfort - Montbéliard TGV
TN8730086;gare;Besançon Franche-Comté TGV;Besançon Franche-Comté TGV;Besançon Franche-Comté TGV;8730086;87300863;47.307267;5.953326;FR;Europe/Paris;Q18215109;ICE|OUIGO|TGV INOUI|Train TER;;uic;2502268299;Q599069;;;87300863;Besançon Franche-Comté TGV
TN8730387;gare;Ingersheim Cité Scolaire;Ingersheim Cité Scolaire;Ingersheim Cité Scolaire;8730387;87303875;48.08895;7.297996;FR;Europe/Paris;Q157729;Train TER;Car TER;uic;9200871262;Q2275567;;;87303875;Ingersheim Cité Scolaire
TN8731304;gare;Longueau;Longueau;Longueau;8731304;87313049;49.863512;2.35233;FR;Europe/Paris;Q651369;Train TER;Car TER;uic;8363542139;Q2050826;;;87313049;Longueau
TN8731305;gare;Corbie;Corbie;Corbie;8731305;87313056;49.911663;2.499668;FR;Europe/Paris;Q71469;Train TER;Car TER;uic;3487563593;Q2358337;;;87313056;Corbie
TN8731306;gare;Méricourt - Ribemont;Méricourt - Ribemont;Méricourt - Ribemont;8731306;87313064;49.955688;2.572611;FR;Europe/Paris;Q378641;Train TER;;uic;1048819306;Q2738092;;;87313064;Méricourt - Ribemont
TN8731307;gare;Albert;Albert;Albert;8731307;87313072;50.00573;2.644352;FR;Europe/Paris;Q30940;Train TER;Car TER;uic;8311086282;Q3095607;;;87313072;Albert
TN8731308;gare;Saint-Roch;Gare Saint-Roch;Gare Saint-Roch;8731308;87313080;49.893221;2.283436;FR;Europe/Paris;Q41604;Train TER;;uic;336121083;Q2170493;;XFSRO;87313080;Saint-Roch
TN8731309;gare;Ailly-sur-Somme;Ailly-sur-Somme;Ailly-sur-Somme;8731309;87313098;49.928431;2.200643;FR;Europe/Paris;Q30712;Train TER;;uic;5585817689;Q1974886;;;87313098;Ailly-sur-Somme
TN8731310;gare;Picquigny;Picquigny;Picquigny;8731310;87313106;49.946126;2.143258;FR;Europe/Paris;Q587061;Train TER;;uic;5583988491;Q2268433;;;87313106;Picquigny
TN8731311;gare;Hangest-sur-Somme;Hangest-sur-Somme;Hangest-sur-Somme;8731311;87313114;49.982201;2.066141;FR;Europe/Paris;Q818355;Train TER;;uic;2279594709;Q3095763;;;87313114;Hangest-sur-Somme
TN8731312;gare;Longpré-les-Corps-Saints;Longpré-les-Corps-Saints;Longpré-les-Corps-Saints;8731312;87313122;50.0116;2.002654;FR;Europe/Paris;Q314589;Train TER;;uic;1013679808;Q3096905;;;87313122;Longpré-les-Corps-Saints
TN8731313;gare;Pont-Remy;Pont-Remy;Pont-Remy;8731313;87313130;50.047247;1.898841;FR;Europe/Paris;Q668466;Train TER;;uic;1007486789;Q667061;;;87313130;Pont-Remy
TN8731321;gare;Boves;Boves;Boves;8731321;87313213;49.846186;2.397998;FR;Europe/Paris;Q651369;Train TER;;uic;939418569;Q2189357;;;87313213;Boves
TN8731322;gare;Ailly-sur-Noye;Ailly-sur-Noye;Ailly-sur-Noye;8731322;87313221;49.754516;2.364;FR;Europe/Paris;Q30759;Train TER;Car TER;uic;9803200389;Q1920000;;;87313221;Ailly-sur-Noye
TN8731323;gare;La Faloise;La Faloise;La Faloise;8731323;87313239;49.696518;2.348601;FR;Europe/Paris;Q122812;Train TER;;uic;9803220842;Q2726542;;;87313239;La Faloise
TN8731324;gare;Breteuil-Embranchement;Breteuil-Embranchement;Breteuil-Embranchement;8731324;87313247;49.626429;2.384496;FR;Europe/Paris;Q1106651;Train TER;Car TER;uic;9803189691;Q2519189;;;87313247;Breteuil-Embranchement
TN8731326;gare;Gannes;Gannes;Gannes;8731326;87313262;49.572341;2.437028;FR;Europe/Paris;Q1346868;Train TER;;uic;9803234479;Q684137;;;87313262;Gannes
TN8731327;gare;Saint-Just-en-Chaussée;Saint-Just-en-Chaussée;Saint-Just-en-Chaussée;8731327;87313270;49.503662;2.429229;FR;Europe/Paris;Q389077;Train TER;Car TER;uic;2414378108;Q2731083;;;87313270;Saint-Just-en-Chaussée
TN8731328;gare;Saint-Remy-en-l'Eau;Saint-Remy-en-l'Eau;Saint-Remy-en-l'Eau;8731328;87313288;49.468146;2.42588;FR;Europe/Paris;Q1365239;Train TER;;uic;9803251748;Q2731100;;;87313288;Saint-Remy-en-l'Eau
TN8731329;gare;Avrechy;Avrechy;Avrechy;8731329;87313296;49.444647;2.417985;FR;Europe/Paris;Q1106562;Train TER;;uic;9803251749;Q2762650;;;87313296;Avrechy
TN8731330;gare;Clermont de l'Oise;Clermont de l'Oise;Clermont de l'Oise;8731330;87313304;49.385494;2.417747;FR;Europe/Paris;Q462534;Train TER;Car TER;uic;1124950430;Q2753948;;;87313304;Clermont de l'Oise
TN8731332;gare;Moreuil;Moreuil;Moreuil;8731332;87313320;49.776955;2.475802;FR;Europe/Paris;Q115426;Train TER;;uic;8209692011;Q2734224;;;87313320;Moreuil
TN8731333;gare;Hargicourt - Pierrepont;Hargicourt - Pierrepont;Hargicourt - Pierrepont;8731333;87313338;49.714081;2.531555;FR;Europe/Paris;Q59505144;Train TER;;uic;2023547481;Q2536504;;;87313338;Hargicourt - Pierrepont
TN8731334;gare;Montdidier;Montdidier;Montdidier;8731334;87313346;49.641414;2.562924;FR;Europe/Paris;Q74308;Train TER;;uic;2021879444;Q2114830;;;87313346;Montdidier
TN8731335;gare;Tricot;Tricot;Tricot;8731335;87313353;49.562094;2.581819;FR;Europe/Paris;Q1336931;Train TER;;uic;2279594714;Q1894038;;;87313353;Tricot
TN8731337;gare;Namps - Quevauvillers;Namps - Quevauvillers;Namps - Quevauvillers;8731337;87313379;49.808147;2.105412;FR;Europe/Paris;Q430656;Train TER;;uic;2279594712;Q920278;;;87313379;Namps - Quevauvillers
TN8731338;gare;Estrées-Saint-Denis;Estrées-Saint-Denis;Estrées-Saint-Denis;8731338;87313387;49.438199;2.642246;FR;Europe/Paris;Q1096136;Train TER;;uic;842269886;Q2734233;;XFESD;87313387;Estrées-Saint-Denis
TN8731339;gare;Poix-de-Picardie;Poix-de-Picardie;Poix-de-Picardie;8731339;87313395;49.777856;1.989777;FR;Europe/Paris;Q586445;Train TER;;uic;1526778134;;;;87313395;Poix-de-Picardie
TN8731340;gare;Rémy;Rémy;Rémy;8731340;87313403;49.433257;2.705929;FR;Europe/Paris;Q1386960;Train TER;;uic;10253473066;Q2681989;;;87313403;Rémy
TN8731343;gare;Villers-Bretonneux;Villers-Bretonneux;Villers-Bretonneux;8731343;87313437;49.862778;2.521319;FR;Europe/Paris;Q677163;Train TER;Car TER;uic;10219444638;Q2734229;;;87313437;Villers-Bretonneux
TN8731344;gare;Marcelcave;Marcelcave;Marcelcave;8731344;87313445;49.853148;2.582517;FR;Europe/Paris;Q396860;Train TER;Car TER;uic;9798066377;Q3096973;;;87313445;Marcelcave
TN8731346;gare;Rosières;Rosières;Rosières;8731346;87313460;49.822605;2.711282;FR;Europe/Paris;Q115359;Train TER;Car TER;uic;8725196889;Q2187024;;;87313460;Rosières
TN8731347;gare;Chaulnes;Chaulnes;Chaulnes;8731347;87313478;49.807431;2.800881;FR;Europe/Paris;Q58892;Train TER;Car TER;uic;10219444890;Q2734834;;;87313478;Chaulnes
TN8731348;gare;Nesle;Nesle (Somme);Nesle (Somme);8731348;87313486;49.763987;2.909522;FR;Europe/Paris;Q585873;Train TER;Car TER;uic;1829453763;Q2337517;;XFNES;87313486;Nesle
TN8731349;gare;Ham;Ham;Ham;8731349;87313494;49.73965;3.07025;FR;Europe/Paris;Q1156771;Train TER;Car TER;uic;10218247089;Q2169562;;;87313494;Ham
TN8731351;gare;Beauvais;Beauvais;Beauvais;8731351;87313510;49.426199;2.088678;FR;Europe/Paris;Q174257;Train TER;Car TER;uic;2271425858;Q2204667;;XFBVS;87313510;Beauvais
TN8731354;gare;Cramoisy;Cramoisy;Cramoisy;8731354;87313544;49.256619;2.404842;FR;Europe/Paris;Q920523;Train TER;;uic;660939056;Q3096327;;;87313544;Cramoisy
TN8731355;gare;Cires-lès-Mello;Cires-lès-Mello;Cires-lès-Mello;8731355;87313551;49.271703;2.360174;FR;Europe/Paris;Q1096963;Train TER;Car TER;uic;660947887;Q2693023;;;87313551;Cires-lès-Mello
TN8731356;gare;Balagny - Saint-Épin;Balagny - Saint-Épin;Balagny - Saint-Épin;8731356;87313569;49.294224;2.344046;FR;Europe/Paris;Q1098975;Train TER;Car TER;uic;662072272;Q2559407;;;87313569;Balagny Saint-Épin
TN8731357;gare;Mouy - Bury;Mouy - Bury;Mouy - Bury;8731357;87313577;49.320521;2.326569;FR;Europe/Paris;Q1339412;Train TER;Car TER;uic;9805714785;Q2685832;;;87313577;Mouy - Bury
TN8731358;gare;Hermes - Berthecourt;Hermes - Berthecourt;Hermes - Berthecourt;8731358;87313585;49.35445;2.241729;FR;Europe/Paris;Q1098591;Train TER;Car TER;uic;9798069348;Q2220843;;;87313585;Hermes - Berthecourt
TN8731359;gare;Villers-Saint-Sépulcre;Villers-Saint-Sépulcre;Villers-Saint-Sépulcre;8731359;87313593;49.368164;2.220235;FR;Europe/Paris;Q1335027;Train TER;;uic;10782103833;Q749032;;;87313593;Villers-Saint-Sépulcre
TN8731360;gare;Rochy-Condé;Rochy-Condé;Rochy-Condé;8731360;87313601;49.398402;2.172949;FR;Europe/Paris;Q1335163;Train TER;;uic;9805714783;Q3097430;;;87313601;Rochy-Condé
TN8731366;gare;Méru;Méru;Méru;8731366;87313668;49.232054;2.132399;FR;Europe/Paris;Q816227;Train TER;;uic;1205918756;Q3097150;;;87313668;Méru
TN8731367;gare;Laboissière – Le Déluge;Laboissière – Le Déluge;Laboissière – Le Déluge;8731367;87313676;49.288566;2.136134;FR;Europe/Paris;Q302444;Train TER;;uic;939382014;Q2693689;;;87313676;Laboissière - Le Déluge
TN8731368;gare;Saint-Sulpice - Auteuil;Saint-Sulpice - Auteuil;Saint-Sulpice - Auteuil;8731368;87313684;49.347382;2.116413;FR;Europe/Paris;Q924614;Train TER;;uic;2008336725;Q1866418;;;87313684;Saint-Sulpice - Auteuil
TN8731369;gare;Herchies;Herchies;Herchies;8731369;87313692;49.487901;2.011069;FR;Europe/Paris;Q1346879;Train TER;Car TER;uic;2090658615;Q3095768;;;87313692;Herchies
TN8731370;gare;Milly-sur-Thérain;Milly-sur-Thérain;Milly-sur-Thérain;8731370;87313700;49.503789;1.988393;FR;Europe/Paris;Q750676;Train TER;Car TER;uic;10782103825;Q2527510;;;87313700;Milly-sur-Thérain
TN8731371;gare;Saint-Omer-en-Chaussée;Saint-Omer-en-Chaussée;Saint-Omer-en-Chaussée;8731371;87313718;49.530285;1.996936;FR;Europe/Paris;Q1365428;Train TER;Car TER;uic;10782103824;Q3097583;;;87313718;Saint-Omer-en-Chaussée
TN8731372;gare;Marseille-en-Beauvaisis;Marseille-en-Beauvaisis;Marseille-en-Beauvaisis;8731372;87313726;49.570948;1.954753;FR;Europe/Paris;Q971261;Train TER;Car TER;uic;1434213028;Q2069276;;;87313726;Marseille-en-Beauvaisis
TN8731373;gare;Grandvilliers;Grandvilliers;Grandvilliers;8731373;87313734;49.659269;1.93859;FR;Europe/Paris;Q691357;Train TER;Car TER;uic;1322229563;Q2211930;;XFGAR;87313734;Grandvilliers
TN8731374;gare;Feuquières - Broquiers;Feuquières - Broquiers;Feuquières - Broquiers;8731374;87313742;49.654434;1.830856;FR;Europe/Paris;Q748919;Train TER;Car TER;uic;1119703903;Q2176813;;;87313742;Feuquières - Broquiers
TN8731375;gare;Abancourt;Abancourt;Abancourt;8731375;87313759;49.68529;1.773954;FR;Europe/Paris;Q1098767;Train TER;Car TER;uic;2196757400;Q2136489;;XFABT;87313759;Abancourt
TN8731376;gare;Aumale;Aumale;Aumale;8731376;87313767;49.765037;1.756042;FR;Europe/Paris;Q632269;Train TER;Car TER;uic;1567012100;Q2950369;;;87313767;Aumale
TN8731380;gare;Blangy-sur-Bresle;Blangy-sur-Bresle;Blangy-sur-Bresle;8731380;87313809;49.932431;1.625749;FR;Europe/Paris;Q1071159;Train TER;Car TER;uic;9167915901;Q2146662;;;87313809;Blangy-sur-Bresle
TN8731381;gare;Longroy - Gamaches;Longroy - Gamaches;Longroy - Gamaches;8731381;87313817;49.981938;1.552745;FR;Europe/Paris;Q750500;Train TER;Car TER;uic;10914729787;Q2189575;;;87313817;Longroy - Gamaches
TN8731383;gare;Formerie;Formerie;Formerie;8731383;87313833;49.654218;1.722908;FR;Europe/Paris;Q61157972;Train TER;;uic;2328759342;Q2952792;;;87313833;Formerie
TN8731384;gare;Fouilloy;Fouilloy;Fouilloy;8731384;87313841;49.736539;1.826086;FR;Europe/Paris;Q938956;Train TER;;uic;2174979633;Q2958237;;;87313841;Fouilloy
TN8731387;gare;Amiens;Amiens;Amiens;8731387;87313874;49.89056;2.308199;FR;Europe/Paris;Q41604;Train TER;Car TER|Car à réservation;uic;1680885216;Q3095634;;;87313874;Amiens
TN8731388;gare;TGV Haute-Picardie;TGV Haute-Picardie;TGV Haute-Picardie;8731388;87313882;49.859237;2.831846;FR;Europe/Paris;Q82003;OUIGO|TGV INOUI;Car à réservation;uic;4290859692;Q801502;;XFHP;87313882;TGV Haute Picardie
TN8731504;gare;Daours;Daours;Daours;8731504;87315044;49.899267;2.459053;FR;Europe/Paris;Q45720;Train TER;;uic;2279594707;Q1808949;;;87315044;Daours
TN8731605;gare;Heilly;Heilly;Heilly;8731605;87316059;49.943582;2.539747;FR;Europe/Paris;Q691124;Train TER;;uic;3487563693;Q2681583;;;87316059;Heilly
TN8731606;gare;Buire-sur-l'Ancre;Buire-sur-l'Ancre;Buire-sur-l'Ancre;8731606;87316067;49.964867;2.598569;FR;Europe/Paris;Q1090210;Train TER;;uic;3487563193;Q2041436;;;87316067;Buire-sur-l'Ancre
TN8731607;gare;Dreuil-lès-Amiens;Dreuil-lès-Amiens;Dreuil-lès-Amiens;8731607;87316075;49.914729;2.230134;FR;Europe/Paris;Q68985;Train TER;;uic;10184443088;Q2795858;;;87316075;Dreuil-lès-Amiens
TN8731610;gare;Dommartin - Remiencourt;Dommartin - Remiencourt;Dommartin - Remiencourt;8731610;87316109;49.799726;2.392555;FR;Europe/Paris;Q68974;Train TER;;uic;10268590999;Q2702823;;;87316109;Dommartin - Remiencourt
TN8731612;gare;Thézy-Glimont;Thézy-Glimont;Thézy-Glimont;8731612;87316125;49.811722;2.435952;FR;Europe/Paris;Q795923;Train TER;;uic;1753782652;Q3097876;;;87316125;Thézy-Glimont
TN8731620;gare;Wacquemoulin;Wacquemoulin;Wacquemoulin;8731620;87316208;49.503334;2.61175;FR;Europe/Paris;Q1335015;Train TER;;uic;10251131172;Q2268717;;;87316208;Wacquemoulin
TN8731639;gare;Heilles - Mouchy;Heilles - Mouchy;Heilles - Mouchy;8731639;87316398;49.340323;2.273178;FR;Europe/Paris;Q378172;Train TER;;uic;10782103834;Q2395679;;;87316398;Heilles - Mouchy
TN8731640;gare;Montreuil-sur-Thérain;Montreuil-sur-Thérain;Montreuil-sur-Thérain;8731640;87316406;49.381527;2.20033;FR;Europe/Paris;Q1336373;Train TER;;uic;9805714784;Q2305081;;;87316406;Montreuil-sur-Thérain
TN8731660;gare;Aubin-Saint-Vaast;Aubin-Saint-Vaast;Aubin-Saint-Vaast;8731660;87316604;50.394588;1.970478;FR;Europe/Paris;Q540085;Train TER;;uic;10169392394;Q2022268;;;87316604;Aubin-Saint-Vaast
TN8731667;gare;Pihen;Pihen;Pihen;8731667;87316679;50.873013;1.785265;FR;Europe/Paris;Q1027419;Train TER;;uic;9780135528;Q2195668;;;87316679;Pihen
TN8731668;gare;Le Haut Banc;Le Haut Banc;Le Haut Banc;8731668;87316687;50.816338;1.772197;FR;Europe/Paris;Q587192;Train TER;;uic;9782200425;Q2844853;;;87316687;Le Haut Banc
TN8731701;gare;Boulogne - Tintelleries;Boulogne - Tintelleries;Boulogne - Tintelleries;8731701;87317016;50.727339;1.609293;FR;Europe/Paris;Q81997;Train TER;;uic;9797994564;Q2111474;;;87317016;Boulogne - Tintelleries
TN8731705;gare;Rang-du-Fliers - Verton - Berck;Rang-du-Fliers - Verton - Berck;Rang-du-Fliers - Verton - Berck;8731705;87317057;50.41575;1.648162;FR;Europe/Paris;Q877726;TGV INOUI|Train TER;Car TER;uic;8869974525;Q540880;;;87317057;Rang-du-Fliers - Verton - Berck
TN8731706;gare;Étaples - Le Touquet;Étaples - Le Touquet;Étaples - Le Touquet;8731706;87317065;50.51688;1.642372;FR;Europe/Paris;Q273522;TGV INOUI|Train TER;Car TER;uic;8756081197;Q2140131;;;87317065;Étaples - Le Touquet
TN8731708;gare;Dannes - Camiers;Dannes - Camiers;Dannes - Camiers;8731708;87317081;50.575925;1.61464;FR;Europe/Paris;Q874676;Train TER;Car TER;uic;2060697978;Q2515351;;;87317081;Dannes - Camiers
TN8731709;gare;Neufchâtel-Hardelot;Neufchâtel-Hardelot;Neufchâtel-Hardelot;8731709;87317099;50.62359;1.643253;FR;Europe/Paris;Q1025285;Train TER;Car TER;uic;8330295303;Q3097187;;;87317099;Neufchâtel-Hardelot
TN8731710;gare;Hesdigneul;Hesdigneul;Hesdigneul;8731710;87317107;50.661027;1.667107;FR;Europe/Paris;Q1029808;Train TER;Car TER;uic;2060688728;Q1889111;;;87317107;Hesdigneul
TN8731711;gare;Pont de Briques;Pont de Briques;Pont de Briques;8731711;87317115;50.682754;1.626884;FR;Europe/Paris;Q874139;Train TER;;uic;9980338118;Q2372306;;;87317115;Pont de Briques
TN8731712;gare;Wimille – Wimereux;Wimille – Wimereux;Wimille – Wimereux;8731712;87317123;50.764381;1.613641;FR;Europe/Paris;Q874994;Train TER;;uic;1027453809;Q2557064;;;87317123;Wimille - Wimereux
TN8731716;gare;Montreuil-sur-Mer;Montreuil-sur-Mer;Montreuil-sur-Mer;8731716;87317164;50.466369;1.769004;FR;Europe/Paris;Q213344;Train TER;;uic;9421097968;Q2993733;;;87317164;Montreuil sur Mer
TN8731718;gare;Brimeux;Brimeux;Brimeux;8731718;87317180;50.447086;1.831467;FR;Europe/Paris;Q322980;Train TER;;uic;10169392401;Q3096072;;;87317180;Brimeux
TN8731719;gare;Beaurainville;Beaurainville;Beaurainville;8731719;87317198;50.422868;1.895411;FR;Europe/Paris;Q37719;Train TER;;uic;9428906806;Q3095935;;;87317198;Beaurainville
TN8731720;gare;Maresquel;Maresquel;Maresquel;8731720;87317206;50.408091;1.930665;FR;Europe/Paris;Q1026764;Train TER;;uic;10169392397;Q3096975;;;87317206;Maresquel
TN8731722;gare;Hesdin;Hesdin;Hesdin;8731722;87317222;50.378187;2.035209;FR;Europe/Paris;Q130559071;Train TER;;uic;8725245643;Q2002851;;;87317222;Hesdin
TN8731723;gare;Auchy-lès-Hesdin;Auchy-lès-Hesdin;Auchy-lès-Hesdin;8731723;87317230;50.396328;2.102236;FR;Europe/Paris;Q604447;Train TER;;uic;10170100744;Q3095692;;;87317230;Auchy-lès-Hesdin
TN8731724;gare;Blangy-sur-Ternoise;Blangy-sur-Ternoise;Blangy-sur-Ternoise;8731724;87317248;50.424684;2.172157;FR;Europe/Paris;Q992612;Train TER;;uic;10170982171;Q1832264;;;87317248;Blangy-sur-Ternoise
TN8731725;gare;Anvin;Anvin;Anvin;8731725;87317255;50.446947;2.254993;FR;Europe/Paris;Q672621;Train TER;;uic;1129339594;Q2179845;;;87317255;Anvin
TN8731726;gare;Calais-Ville;Calais-Ville;Calais-Ville;8731726;87317263;50.953378;1.850365;FR;Europe/Paris;Q6454;TGV INOUI|Train TER;Car TER;uic;9183304884;Q2107509;;;87317263;Calais Ville
TN8731730;gare;Les Fontinettes;Les Fontinettes;Les Fontinettes;8731730;87317305;50.940761;1.849707;FR;Europe/Paris;Q6454;Train TER;Car TER;uic;299164114;Q2729495;;;87317305;Les Fontinettes
TN8731732;gare;Caffiers;Caffiers;Caffiers;8731732;87317321;50.849691;1.812162;FR;Europe/Paris;Q867055;Train TER;;uic;9796955622;Q577420;;;87317321;Caffiers
TN8731733;gare;Marquise - Rinxent;Marquise - Rinxent;Marquise - Rinxent;8731733;87317339;50.80563;1.72987;FR;Europe/Paris;Q1022917;Train TER;;uic;1056971794;Q2352497;;XFMRX;87317339;Marquise - Rinxent
TN8731736;gare;Abbeville;Abbeville;Abbeville;8731736;87317362;50.102147;1.824377;FR;Europe/Paris;Q28520;Train TER;Car TER;uic;7034430300;Q2182519;;;87317362;Abbeville
TN8731739;gare;Noyelles-sur-Mer;Noyelles-sur-Mer;Noyelles-sur-Mer;8731739;87317396;50.187432;1.704585;FR;Europe/Paris;Q489451;Train TER;Car TER;uic;1904436769;Q3097234;;;87317396;Noyelles-sur-Mer
TN8731740;gare;Rue;Rue;Rue;8731740;87317404;50.273115;1.67579;FR;Europe/Paris;Q629405;Train TER;Car TER;uic;2166732263;Q2792559;;;87317404;Rue
TN8731752;gare;Le Tréport – Mers-les-Bains;Le Tréport – Mers-les-Bains;Le Tréport – Mers-les-Bains;8731752;87317529;50.062841;1.376127;FR;Europe/Paris;Q473875;Train TER;Car TER;uic;369676606;Q2307231;;;87317529;Le Tréport - Mers-les-Bains
TN8731753;gare;Eu;Eu;Eu;8731753;87317537;50.054323;1.416847;FR;Europe/Paris;Q211593;Train TER;Car TER;uic;9973429213;Q2443663;;;87317537;Eu
TN8731758;gare;Boulogne sur Mer;Boulogne Ville;Boulogne Ville;8731758;87317586;50.715542;1.610136;FR;Europe/Paris;Q81997;TGV INOUI|Train TER;Car TER;uic;8213648712;Q2289209;;;87317586;Boulogne sur Mer
TN8731761;gare;Beau Marais;Beau Marais;Beau Marais;8731761;87317610;50.945464;1.898818;FR;Europe/Paris;Q6454;Train TER;;uic;8164736359;Q2109280;;;87317610;Beau Marais
TN8731896;gare;Avignon TGV;Avignon TGV;Avignon TGV;8731896;87318964;43.921783;4.786072;FR;Europe/Paris;Q6397;ICE|Lyria|OUIGO|TGV INOUI|Train TER;;nom;4907034453;Q174845;;;87318964;Avignon TGV
TN8731901;gare;Aix-en-Provence TGV;Aix-en-Provence TGV;Aix-en-Provence TGV;8731901;87319012;43.455145;5.317287;FR;Europe/Paris;Q47465;ICE|Lyria|OUIGO|TGV INOUI;;uic;4290854845;Q800366;;XFAX;87319012;Aix-en-Provence TGV
TN8731975;arret_car;Viéville;Viéville;Viéville;8731975;87319756;48.239342;5.135045;FR;Europe/Paris;Q1329383;;Car TER;gtfs;;;;;87319756;Viéville
TN8732174;gare;Penhoët;Penhoët;Penhoët;8732174;87321745;47.29049;-2.200846;FR;Europe/Paris;Q152027;Train TER;;uic;3486338300;Q2805583;;;87321745;Penhoët
TN8732199;arret_car;Le Mont-Saint-Michel;Le Mont-Saint-Michel;Le Mont-Saint-Michel;8732199;87321992;48.552761;-1.505646;FR;Europe/Paris;Q28464310;;Car TER;gtfs;;;;;87321992;Le Mont-Saint-Michel
TN8732234;gare;Traou Nez;Traou Nez;Traou Nez;8732234;87322347;48.748596;-3.135031;FR;Europe/Paris;Q387815;Train TER;;uic;1417609155;Q3126258;;;87322347;Traou Nez
TN8732367;gare;Montluçon-Rimard;Montluçon-Rimard;Montluçon-Rimard;8732367;87323675;46.335476;2.611262;FR;Europe/Paris;Q193256;Train TER;;uic;9954651274;Q2531756;;;87323675;Montluçon Rimard
TN8732409;gare;Futuroscope;Futuroscope;Futuroscope;8732409;87324095;46.669654;0.378161;FR;Europe/Paris;Q845994;OUIGO|TGV INOUI|Train TER;Car TER;uic;4440726274;Q686045;;;87324095;Futuroscope
TN8732433;gare;Hirson Écoles;Hirson Écoles;Hirson Écoles;8732433;87324335;49.929029;4.086135;FR;Europe/Paris;Q271090;Train TER;Car TER;uic;3486467303;Q2178893;;;87324335;Hirson Écoles
TN8732646;arret_car;Roôcourt-la-Côte;Roôcourt-la-Côte;Roôcourt-la-Côte;8732646;87326462;48.211961;5.145308;FR;Europe/Paris;Q665760;;Car TER;gtfs;;;;;87326462;Roôcourt-la-Côte
TN8732802;gare;Les Cauquillous;Les Cauquillous;Les Cauquillous;8732802;87328021;43.733994;1.754686;FR;Europe/Paris;Q514994;Train TER;Car TER;uic;774095189;;;;87328021;Les Cauquillous
TN8732819;gare;Thésée;Thésée;Thésée;8732819;87328195;47.322369;1.312118;FR;Europe/Paris;Q126094;Train TER;;uic;3951294372;Q3097869;;;87328195;Thésée
TN8733300;arret_car;Pouzauges;Pouzauges;Pouzauges;8733300;87333005;46.78031;-0.839446;FR;Europe/Paris;Q838334;;Car TER;gtfs;;;;;87333005;Pouzauges
TN8733449;gare;Cesson-Sévigné;Cesson-Sévigné;Cesson-Sévigné;8733449;87334490;48.112584;-1.602549;FR;Europe/Paris;Q227795;Train TER;;uic;8986308784;Q2540422;;;87334490;Cesson-Sévigné
TN8733450;gare;La Poterie;Rennes-La Poterie;Rennes-La Poterie;8733450;87334508;48.09234;-1.630791;FR;Europe/Paris;Q647;Train TER;Car TER;uic;245548852;Q3126251;;;87334508;La Poterie
TN8733552;arret_car;Grenoble;Grenoble;Grenoble;8733552;87335521;45.192693;5.714366;FR;Europe/Paris;Q1289;;Car TER;gtfs;;;;;87335521;Grenoble
TN8733697;arret_car;La Voulte-sur-Rhône Mairie;La Voulte-sur-Rhône Mairie;La Voulte-sur-Rhône Mairie;8733697;87336974;44.799429;4.781381;FR;Europe/Paris;Q325192;;Car TER;gtfs;;;;;87336974;La Voulte-sur-Rhône Mairie
TN8733698;arret_car;Saint-Julien-en-Saint-Alban Centre;Saint-Julien-en-Saint-Alban Centre;Saint-Julien-en-Saint-Alban Centre;8733698;87336982;44.754225;4.69801;FR;Europe/Paris;Q376620;;Car TER;gtfs;;;;;87336982;Saint-Julien-en-Saint-Alban Centre
TN8733699;arret_car;FLAVIAC René Cassin;FLAVIAC René Cassin;FLAVIAC René Cassin;8733699;87336990;44.746402;4.674194;FR;Europe/Paris;Q24117;;Car TER;gtfs;;;;;87336990;FLAVIAC René Cassin
TN8733700;arret_car;COUX Centre;COUX Centre;COUX Centre;8733700;87337006;44.736095;4.623871;FR;Europe/Paris;Q24233;;Car TER;gtfs;;;;;87337006;COUX Centre
TN8733708;arret_car;Aubenas Place de la Paix;Aubenas Place de la Paix;Aubenas Place de la Paix;8733708;87337089;44.618129;4.38922;FR;Europe/Paris;Q211121;;Car TER;gtfs;;;;;87337089;Aubenas Place de la Paix
TN8733709;arret_car;Lavilledieu Centre;Lavilledieu Centre;Lavilledieu Centre;8733709;87337097;44.574187;4.455409;FR;Europe/Paris;Q988900;;Car TER;gtfs;;;;;87337097;Lavilledieu Centre
TN8733814;arret_car;Saint-Dizier Saint-Amand;Saint-Dizier Saint-Amand;Saint-Dizier Saint-Amand;8733814;87338145;48.625016;4.967805;FR;Europe/Paris;Q208310;;Car TER;gtfs;;;;;87338145;Saint-Dizier Saint-Amand
TN8733815;arret_car;Gourzon;Gourzon;Gourzon;8733815;87338152;48.545851;5.084749;FR;Europe/Paris;Q740607;;Car TER;gtfs;;;;;87338152;Gourzon
TN8733816;arret_car;Rachecourt-sur-Marne;Rachecourt-sur-Marne;Rachecourt-sur-Marne;8733816;87338160;48.52696;5.100304;FR;Europe/Paris;Q1329250;;Car TER;gtfs;;;;;87338160;Rachecourt-sur-Marne
TN8733817;arret_car;Vecqueville;Vecqueville;Vecqueville;8733817;87338178;48.457357;5.143001;FR;Europe/Paris;Q980501;;Car TER;gtfs;;;;;87338178;Vecqueville
TN8733818;arret_car;Rupt;Rupt;Rupt;8733818;87338186;48.425223;5.139446;FR;Europe/Paris;Q1329526;;Car TER;gtfs;;;;;87338186;Rupt
TN8733819;arret_car;Rouvroy-sur-Marne;Rouvroy-sur-Marne;Rouvroy-sur-Marne;8733819;87338194;48.358072;5.147529;FR;Europe/Paris;Q1329186;;Car TER;gtfs;;;;;87338194;Rouvroy-sur-Marne
TN8733851;gare;Hoenheim Tram;Hœnheim Tram;Hœnheim Tram;8733851;87338517;48.62867;7.757877;FR;Europe/Paris;Q22422;Train TER;Car TER;uic;4450794833;Q2789917;;;87338517;Hoenheim Tram
TN8733852;gare;Krimmeri Meinau;Krimmeri Meinau;Krimmeri Meinau;8733852;87338525;48.563582;7.752632;FR;Europe/Paris;Q6602;Train TER;;uic;2931339093;Q2798057;;XFKM;87338525;Krimmeri Meinau
TN8734200;gare;Béthune;Béthune;Béthune;8734200;87342006;50.521328;2.640311;FR;Europe/Paris;Q207145;TGV INOUI|Train TER;Car TER;uic;676833841;Q1866833;;;87342006;Béthune
TN8734201;gare;Arras;Arras;Arras;8734201;87342014;50.286641;2.781695;FR;Europe/Paris;Q131329;TGV INOUI|Train TER;Car TER;uic;7167504997;Q1990647;;;87342014;Arras
TN8734203;gare;Miraumont;Miraumont;Miraumont;8734203;87342030;50.095702;2.734674;FR;Europe/Paris;Q380735;Train TER;;uic;2173024798;Q2174452;;;87342030;Miraumont
TN8734204;gare;Achiet;Achiet;Achiet;8734204;87342048;50.13164;2.780475;FR;Europe/Paris;Q507822;Train TER;;uic;5747289897;Q3095591;;;87342048;Achiet
TN8734206;gare;Courcelles-le-Comte;Courcelles-le-Comte;Courcelles-le-Comte;8734206;87342063;50.169427;2.787901;FR;Europe/Paris;Q995216;Train TER;;uic;8308352643;Q530684;;;87342063;Courcelles-le-Comte
TN8734207;gare;Boisleux;Boisleux;Boisleux;8734207;87342071;50.210623;2.771575;FR;Europe/Paris;Q874630;Train TER;;uic;6551378558;Q3096020;;;87342071;Boisleux
TN8734208;gare;Roeux;Rœux;Rœux;8734208;87342089;50.303578;2.894984;FR;Europe/Paris;Q1024519;Train TER;;uic;4290859608;Q2286546;;XFRUX;87342089;Roeux
TN8734209;gare;Biache-Saint-Vaast;Biache-Saint-Vaast;Biache-Saint-Vaast;8734209;87342097;50.316314;2.941019;FR;Europe/Paris;Q850668;Train TER;;uic;10560384421;Q2064695;;;87342097;Biache-Saint-Vaast
TN8734210;gare;Bully - Grenay;Bully - Grenay;Bully - Grenay;8734210;87342105;50.448553;2.733338;FR;Europe/Paris;Q991982;Train TER;;uic;2275623825;Q3096091;;;87342105;Bully - Grenay
TN8734211;gare;Vitry-en-Artois;Vitry-en-Artois;Vitry-en-Artois;8734211;87342113;50.327272;2.980823;FR;Europe/Paris;Q323593;Train TER;;uic;1332394597;Q2952359;;;87342113;Vitry-en-Artois
TN8734212;gare;Mazingarbe;Mazingarbe;Mazingarbe;8734212;87342121;50.460647;2.701191;FR;Europe/Paris;Q381476;Train TER;;uic;11982917078;Q3097006;;;87342121;Mazingarbe
TN8734213;gare;Noeux-Les-Mines;Nœux-les-Mines;Nœux-les-Mines;8734213;87342139;50.483109;2.674417;FR;Europe/Paris;Q161950;Train TER;;uic;8118649363;Q3097237;;;87342139;Noeux-Les-Mines
TN8734218;gare;Maroeuil;Marœuil;Marœuil;8734218;87342188;50.322534;2.698333;FR;Europe/Paris;Q673090;Train TER;Car TER;uic;6466754874;Q3096993;;;87342188;Maroeuil
TN8734220;gare;Fouquereuil;Fouquereuil;Fouquereuil;8734220;87342204;50.52552;2.607381;FR;Europe/Paris;Q852269;Train TER;;uic;2275685060;Q2767322;;;87342204;Fouquereuil
TN8734221;gare;Frévin-Capelle;Frévin-Capelle;Frévin-Capelle;8734221;87342212;50.347323;2.633805;FR;Europe/Paris;Q991102;Train TER;Car TER;uic;2307579757;Q3096497;;;87342212;Frévin-Capelle
TN8734222;gare;Chocques;Chocques;Chocques;8734222;87342220;50.538234;2.564624;FR;Europe/Paris;Q385717;Train TER;;uic;903686326;Q2100569;;;87342220;Chocques
TN8734223;gare;Lillers;Lillers;Lillers;8734223;87342238;50.561621;2.47878;FR;Europe/Paris;Q383388;Train TER;;uic;663457014;Q2435363;;;87342238;Lillers
TN8734224;gare;Aubigny-en-Artois;Aubigny-en-Artois;Aubigny-en-Artois;8734224;87342246;50.35297;2.592798;FR;Europe/Paris;Q325894;Train TER;Car TER;uic;6468375160;Q3095689;;;87342246;Aubigny-en-Artois
TN8734225;gare;Savy-Berlette;Savy-Berlette;Savy-Berlette;8734225;87342253;50.353868;2.558072;FR;Europe/Paris;Q1022797;Train TER;Car TER;uic;10177957412;Q3097698;;;87342253;Savy-Berlette
TN8734226;gare;Ham-en-Artois;Ham-en-Artois;Ham-en-Artois;8734226;87342261;50.589884;2.46596;FR;Europe/Paris;Q910805;Train TER;;uic;3484621793;Q2226896;;;87342261;Ham-en-Artois
TN8734227;gare;Berguette - Isbergues;Berguette - Isbergues;Berguette - Isbergues;8734227;87342279;50.614007;2.463021;FR;Europe/Paris;Q852015;Train TER;;uic;676672909;Q2552693;;;87342279;Berguette - Isbergues
TN8734228;gare;Thiennes;Thiennes;Thiennes;8734228;87342287;50.652449;2.473042;FR;Europe/Paris;Q768367;Train TER;;uic;11982917076;Q2361587;;;87342287;Thiennes
TN8734229;gare;Steenbecque;Steenbecque;Steenbecque;8734229;87342295;50.681315;2.510752;FR;Europe/Paris;Q1161421;Train TER;;uic;7622818562;Q2051204;;;87342295;Steenbecque
TN8734230;gare;Tincques;Tincques;Tincques;8734230;87342303;50.357024;2.498138;FR;Europe/Paris;Q955993;Train TER;Car TER;uic;2060742338;Q2725104;;;87342303;Tincques
TN8734233;gare;Saint-Pol-sur-Ternoise;Saint-Pol-sur-Ternoise;Saint-Pol-sur-Ternoise;8734233;87342337;50.379103;2.339313;FR;Europe/Paris;Q385527;Train TER;Car TER;uic;6468513099;Q2557790;;;87342337;Saint-Pol-sur-Ternoise
TN8734240;gare;Beuvry lès Béthune;Beuvry lès Béthune;Beuvry lès Béthune;8734240;87342402;50.535517;2.692763;FR;Europe/Paris;Q334249;Train TER;;uic;2275685055;Q3095981;;;87342402;Beuvry lès Béthune
TN8734241;gare;Cuinchy;Cuinchy;Cuinchy;8734241;87342410;50.522019;2.746936;FR;Europe/Paris;Q473587;Train TER;;uic;1826549194;Q3096339;;;87342410;Cuinchy
TN8734243;gare;La Bassée;La Bassée;La Bassée;8734243;87342436;50.527846;2.805394;FR;Europe/Paris;Q375776;Train TER;;uic;8772484535;Q3096743;;;87342436;La Bassée
TN8734245;gare;Salomé;Salomé;Salomé;8734245;87342451;50.541485;2.836765;FR;Europe/Paris;Q1160322;Train TER;;uic;8777190241;Q287559;;;87342451;Salomé
TN8734246;gare;Marquillies;Marquillies;Marquillies;8734246;87342469;50.547833;2.866729;FR;Europe/Paris;Q533911;Train TER;;uic;8777190309;Q2130876;;;87342469;Marquillies
TN8734252;gare;Farbus;Farbus;Farbus;8734252;87342527;50.357578;2.831115;FR;Europe/Paris;Q622738;Train TER;;uic;8411801736;Q16508004;;;87342527;Farbus
TN8734253;gare;Vis à Marles;Vis à Marles;Vis à Marles;8734253;87342535;50.504941;2.517135;FR;Europe/Paris;Q876642;Train TER;Car TER;uic;10844693630;Q2100158;;;87342535;Vis à Marles
TN8734254;gare;Calonne-Ricouart;Calonne-Ricouart;Calonne-Ricouart;8734254;87342543;50.482772;2.481102;FR;Europe/Paris;Q856488;Train TER;Car TER;uic;10844693682;Q500540;;;87342543;Calonne-Ricouart
TN8734255;gare;Pernes - Camblain;Pernes - Camblain;Pernes - Camblain;8734255;87342550;50.480315;2.431097;FR;Europe/Paris;Q58064;Train TER;Car TER;uic;914792090;Q1869616;;;87342550;Pernes - Camblain
TN8734257;gare;Vimy;Vimy;Vimy;8734257;87342576;50.373236;2.822976;FR;Europe/Paris;Q318759;Train TER;;uic;8714573297;Q3098013;;;87342576;Vimy
TN8734258;gare;Avion;Avion;Avion;8734258;87342584;50.407164;2.833988;FR;Europe/Paris;Q331624;Train TER;;uic;7598633347;Q3095708;;;87342584;Avion
TN8734259;gare;Bailleul-Sir-Berthoult;Bailleul-Sir-Berthoult;Bailleul-Sir-Berthoult;8734259;87342592;50.335122;2.841005;FR;Europe/Paris;Q873844;Train TER;;uic;9797955745;Q15865337;;;87342592;Bailleul-Sir-Berthoult
TN8734300;gare;Valenciennes;Valenciennes;Valenciennes;8734300;87343004;50.363464;3.516698;FR;Europe/Paris;Q163795;TGV INOUI|Train TER;Car TER;uic;1648968005;Q1887294;;;87343004;Valenciennes
TN8734310;gare;Saint-Amand-les-Eaux;Saint-Amand-les-Eaux;Saint-Amand-les-Eaux;8734310;87343103;50.443203;3.41878;FR;Europe/Paris;Q626309;Train TER;;uic;921105055;Q2258921;;;87343103;Saint-Amand-les-Eaux
TN8734316;gare;Beuvrages;Beuvrages;Beuvrages;8734316;87343160;50.389422;3.506609;FR;Europe/Paris;Q748806;Train TER;;uic;2084195352;Q2336942;;;87343160;Beuvrages
TN8734321;gare;Le Poirier Université;Le Poirier Université;Le Poirier Université;8734321;87343210;50.330091;3.502526;FR;Europe/Paris;Q1101255;Train TER;Car TER;uic;2054095909;Q2189705;;;87343210;Le Poirier Université
TN8734330;gare;Wallers;Wallers;Wallers;8734330;87343301;50.384611;3.393745;FR;Europe/Paris;Q473417;Train TER;;uic;907704250;Q1660435;;;87343301;Wallers
TN8734331;gare;Raismes;Raismes;Raismes;8734331;87343319;50.39006;3.478754;FR;Europe/Paris;Q664934;Train TER;;uic;9983369534;Q2913331;;;87343319;Raismes
TN8734340;gare;Trith-Saint-Léger;Trith-Saint-Léger;Trith-Saint-Léger;8734340;87343400;50.331756;3.489256;FR;Europe/Paris;Q1101255;Train TER;Car TER;uic;1199952566;Q2031918;;XFTSL;87343400;Trith-Saint-Léger
TN8734341;gare;Prouvy - Thiant;Prouvy - Thiant;Prouvy - Thiant;8734341;87343418;50.316763;3.46103;FR;Europe/Paris;Q1165063;Train TER;Car TER;uic;2096059137;Q3097348;;;87343418;Prouvy - Thiant
TN8734345;gare;Denain;Denain;Denain;8734345;87343459;50.334676;3.388651;FR;Europe/Paris;Q212959;Train TER;Car TER;uic;11053183532;Q2186917;;;87343459;Denain
TN8734347;gare;Lourches;Lourches;Lourches;8734347;87343475;50.310352;3.34354;FR;Europe/Paris;Q431065;Train TER;Car TER;uic;2275685064;Q1845098;;;87343475;Lourches
TN8734444;arret_car;Sainte-Gemme;Sainte-Gemme;Sainte-Gemme;8734444;87344440;46.901683;-0.28775;FR;Europe/Paris;Q1348756;;Car TER;gtfs;;;;;87344440;Sainte-Gemme
TN8734459;arret_car;Saint-Angel;Saint-Angel;Saint-Angel;8734459;87344598;45.503952;2.231627;FR;Europe/Paris;Q626116;;Car TER;gtfs;;;;;87344598;Saint-Angel
TN8734500;gare;Douai;Douai;Douai;8734500;87345009;50.371876;3.090751;FR;Europe/Paris;Q193826;TGV INOUI|Train TER;Car TER;uic;11556100824;Q2228617;;;87345009;Douai
TN8734502;gare;Lens;Lens;Lens;8734502;87345025;50.426535;2.8279;FR;Europe/Paris;Q165271;TGV INOUI|Train TER;;nom;14105621464;Q3096875;;;87345025;Lens
TN8734503;gare;Loos-en-Gohelle;Loos-en-Gohelle;Loos-en-Gohelle;8734503;87345033;50.437882;2.793058;FR;Europe/Paris;Q165271;Train TER;;uic;1889529783;Q3096902;;;87345033;Loos-en-Gohelle
TN8734504;gare;Liévin;Liévin;Liévin;8734504;87345041;50.434133;2.771799;FR;Europe/Paris;Q217841;Train TER;;uic;1186303821;Q2624678;;;87345041;Liévin
TN8734510;gare;Brebières Sud;Brebières Sud;Brebières Sud;8734510;87345108;50.33624;3.01414;FR;Europe/Paris;Q850917;Train TER;;uic;8319316795;Q509289;;;87345108;Brebières Sud
TN8734511;gare;Corbehem;Corbehem;Corbehem;8734511;87345116;50.342854;3.040494;FR;Europe/Paris;Q613137;Train TER;;uic;9654244721;Q536595;;;87345116;Corbehem
TN8734512;gare;Pont de Sallaumines;Pont de Sallaumines;Pont de Sallaumines;8734512;87345124;50.415858;2.863201;FR;Europe/Paris;Q453707;Train TER;;uic;2275685074;Q3097301;;;87345124;Pont de Sallaumines
TN8734513;gare;Coron de Méricourt;Corons de Méricourt;Corons de Méricourt;8734513;87345132;50.415004;2.885441;FR;Europe/Paris;Q876751;Train TER;;uic;2275683987;Q3096295;;;87345132;Coron de Méricourt
TN8734514;gare;Billy-Montigny;Billy-Montigny;Billy-Montigny;8734514;87345140;50.415243;2.910141;FR;Europe/Paris;Q772803;Train TER;;uic;11290899848;Q591802;;;87345140;Billy-Montigny
TN8734515;gare;Hénin-Beaumont;Hénin-Beaumont;Hénin-Beaumont;8734515;87345157;50.417001;2.952221;FR;Europe/Paris;Q240858;Train TER;;uic;11559168293;Q2466148;;;87345157;Hénin-Beaumont
TN8734516;gare;Dourges;Dourges;Dourges;8734516;87345165;50.432187;2.986959;FR;Europe/Paris;Q841275;Train TER;;uic;11559199631;Q3096395;;;87345165;Dourges
TN8734520;gare;Pont-de-la-Deûle;Pont-de-la-Deûle;Pont-de-la-Deûle;8734520;87345207;50.397898;3.084822;FR;Europe/Paris;Q640042;Train TER;;uic;8857468569;;;;87345207;Pont de la Deûle
TN8734521;gare;Sallaumines;Sallaumines;Sallaumines;8734521;87345215;50.422306;2.855624;FR;Europe/Paris;Q453707;Train TER;;uic;2275683991;Q3097654;;;87345215;Sallaumines
TN8734522;gare;Leforest;Leforest;Leforest;8734522;87345223;50.427619;3.059566;FR;Europe/Paris;Q607550;Train TER;;uic;5792383084;Q2406258;;;87345223;Leforest
TN8734523;gare;Loison-sous-Lens;Loison-sous-Lens;Loison-sous-Lens;8734523;87345231;50.440335;2.859252;FR;Europe/Paris;Q877564;Train TER;;uic;917150714;Q3096897;;;87345231;Loison-sous-Lens
TN8734524;gare;Ostricourt;Ostricourt;Ostricourt;8734524;87345249;50.445055;3.032436;FR;Europe/Paris;Q1134235;Train TER;;uic;4290854885;Q2191074;;XFOIC;87345249;Ostricourt
TN8734525;gare;Libercourt;Libercourt;Libercourt;8734525;87345256;50.480187;3.008905;FR;Europe/Paris;Q471100;Train TER;;uic;9135996123;Q2355136;;;87345256;Libercourt
TN8734526;gare;Pont-à-Vendin;Pont-à-Vendin;Pont-à-Vendin;8734526;87345264;50.471406;2.875208;FR;Europe/Paris;Q852562;Train TER;;uic;917150916;Q3097306;;;87345264;Pont-à-Vendin
TN8734527;gare;Meurchin;Meurchin;Meurchin;8734527;87345272;50.497718;2.893413;FR;Europe/Paris;Q1025125;Train TER;;uic;917150527;Q3097035;;;87345272;Meurchin
TN8734528;gare;Bauvin – Provin;Bauvin – Provin;Bauvin – Provin;8734528;87345280;50.511738;2.905186;FR;Europe/Paris;Q630871;Train TER;;uic;8346046107;Q3095922;;;87345280;Bauvin - Provin
TN8734530;gare;Montigny-en-Ostrevent;Montigny-en-Ostrevent;Montigny-en-Ostrevent;8734530;87345306;50.361377;3.188754;FR;Europe/Paris;Q665525;Train TER;;uic;8851515707;Q2913951;;;87345306;Montigny-en-Ostrevent
TN8734531;gare;Somain;Somain;Somain;8734531;87345314;50.355474;3.27769;FR;Europe/Paris;Q626382;Train TER;Car TER;uic;752842530;Q3097764;;;87345314;Somain
TN8734538;gare;Bouchain;Bouchain;Bouchain;8734538;87345389;50.278109;3.331901;FR;Europe/Paris;Q632348;Train TER;Car TER;uic;2108906492;Q130013;;;87345389;Bouchain
TN8734539;gare;Iwuy;Iwuy;Iwuy;8734539;87345397;50.225501;3.329863;FR;Europe/Paris;Q468666;Train TER;Car TER;uic;2090123993;Q2142874;;;87345397;Iwuy
TN8734540;gare;Sin-le-Noble;Sin-le-Noble;Sin-le-Noble;8734540;87345405;50.356516;3.112707;FR;Europe/Paris;Q48543;Train TER;Car TER;uic;8809971617;;;;87345405;Sin-le-Noble
TN8734541;gare;Cantin;Cantin;Cantin;8734541;87345413;50.312548;3.122067;FR;Europe/Paris;Q672549;Train TER;Car TER;uic;8947433029;Q614171;;;87345413;Cantin
TN8734542;gare;Arleux;Arleux;Arleux;8734542;87345421;50.286338;3.120656;FR;Europe/Paris;Q61573;Train TER;Car TER;uic;1314634130;Q2454325;;;87345421;Arleux
TN8734543;gare;Brunémont;Brunémont;Brunémont;8734543;87345439;50.278062;3.146266;FR;Europe/Paris;Q1068355;Train TER;;uic;2275683986;Q2792196;;;87345439;Brunémont
TN8734544;gare;Aubigny-au-Bac;Aubigny-au-Bac;Aubigny-au-Bac;8734544;87345447;50.268517;3.158438;FR;Europe/Paris;Q1105828;Train TER;Car TER;uic;8980904950;;;;87345447;Aubigny-au-Bac
TN8734549;gare;Escaudoeuvres;Escaudœuvres;Escaudœuvres;8734549;87345496;50.191724;3.275317;FR;Europe/Paris;Q630749;Train TER;;uic;2120468900;Q1910819;;;87345496;Escaudoeuvres
TN8734552;gare;Cambrai;Cambrai station;Cambrai;8734552;87345520;50.176693;3.241306;FR;Europe/Paris;Q181285;Train TER;Car TER;uic;9866795792;Q2203151;;;87345520;Cambrai
TN8734554;gare;Maurois;Maurois;Maurois;8734554;87345546;50.067526;3.456199;FR;Europe/Paris;Q1105639;Train TER;;uic;2088840575;Q2513781;;;87345546;Maurois
TN8734555;gare;Bertry;Bertry;Bertry;8734555;87345553;50.091181;3.448993;FR;Europe/Paris;Q1046194;Train TER;;uic;2960651287;Q1828585;;;87345553;Bertry
TN8734556;gare;Caudry;Caudry;Caudry;8734556;87345561;50.111296;3.409836;FR;Europe/Paris;Q476016;Train TER;Car TER;uic;916610605;Q1829323;;;87345561;Caudry
TN8734558;gare;Cattenières;Cattenières;Cattenières;8734558;87345587;50.128139;3.333755;FR;Europe/Paris;Q1064427;Train TER;;uic;2088862436;Q2170418;;;87345587;Cattenières
TN8734559;gare;Wambaix;Wambaix;Wambaix;8734559;87345595;50.13391;3.311332;FR;Europe/Paris;Q1100744;Train TER;;uic;2088864009;Q3098060;;;87345595;Wambaix
TN8735204;gare;Champagnole Paul-Émile Victor;Champagnole Paul-Émile Victor;Champagnole Paul-Émile Victor;8735204;87352047;46.742543;5.919457;FR;Europe/Paris;Q477013;Train TER;Car TER;uic;10784303972;Q23013004;;;87352047;Champagnole Paul-Émile Victor
TN8735357;gare;Le TOEC;Le TOEC;Le TOEC;8735357;87353573;43.595513;1.401714;FR;Europe/Paris;Q7880;Train TER;;uic;6128793119;Q2935745;;;87353573;Le Toec
TN8735358;gare;Les Ramassiers;Les Ramassiers;Les Ramassiers;8735358;87353581;43.602539;1.352974;FR;Europe/Paris;Q7880;Train TER;;uic;6128181711;Q2076458;;;87353581;Les Ramassiers
TN8735359;gare;Saint-Martin-du-Touch;Saint-Martin-du-Touch;Saint-Martin-du-Touch;8735359;87353599;43.599779;1.371868;FR;Europe/Paris;Q7880;Train TER;;uic;6128247101;Q3097574;;;87353599;Saint-Martin du Touch
TN8735458;gare;Saint-Sébastien Pas Enchantés;Saint-Sébastien Pas Enchantés;Saint-Sébastien Pas Enchantés;8735458;87354589;47.206898;-1.51098;FR;Europe/Paris;Q337636;Train TER;;uic;3486338597;Q1884909;;;87354589;Saint-Sébastien Pas Enchantés
TN8735459;gare;Saint-Sébastien Frêne Rond;Saint-Sébastien Frêne Rond;Saint-Sébastien Frêne Rond;8735459;87354597;47.190446;-1.495684;FR;Europe/Paris;Q337636;Train TER;;uic;3486338596;Q2675849;;;87354597;Saint-Sébastien Frêne Rond
TN8736198;arret_car;Rosiers-d'Égletons;Rosiers-d'Égletons;Rosiers-d'Égletons;8736198;87361980;45.376418;2.008132;FR;Europe/Paris;Q831022;;Car TER;gtfs;;;;;87361980;Rosiers-d'Égletons
TN8738150;gare;Mantes-la-Jolie;Mantes-la-Jolie;Mantes-la-Jolie;8738150;87381509;48.989397;1.703099;FR;Europe/Paris;Q760624;TGV INOUI|Train TER;Car TER;uic;1729433458;Q2504021;;XFMTE;87381509;Mantes-la-Jolie
TN8738162;gare;Bréval;Bréval;Bréval;8738162;87381624;48.943452;1.541753;FR;Europe/Paris;Q244508;Train TER;Car TER;uic;13092280372;Q3096081;;;87381624;Bréval
TN8738400;gare;Paris-Saint-Lazare;Paris-Saint-Lazare;Paris-Saint-Lazare;8738400;87384008;48.87653;2.325237;FR;Europe/Paris;Q90;Train TER;Car TER;uic;3533789791;Q747506;;XFPSL;87384008;Paris Saint-Lazare
TN8738654;gare;Munster Badischhof;Munster Badischhof;Munster Badischhof;8738654;87386540;48.039109;7.152877;FR;Europe/Paris;Q149419;Train TER;;uic;9200872118;Q3097135;;;87386540;Munster Badischhof
TN8738668;arret_car;Les Mureaux;Les Mureaux;Les Mureaux;8738668;87386680;48.992514;1.913299;FR;Europe/Paris;Q317433;;Car TER;uic;4672157071;Q2271585;;XFLMU;87386680;Les Mureaux
TN8738700;gare;Évreux - Normandie;Évreux - Normandie;Évreux - Normandie;8738700;87387001;49.018416;1.149704;FR;Europe/Paris;Q171800;Train TER;Car TER;uic;1482598216;Q2609238;;;87387001;Évreux Normandie
TN8738709;gare;Bueil;Bueil;Bueil;8738709;87387092;48.925365;1.443436;FR;Europe/Paris;Q1009834;Train TER;Car TER;gtfs;;;;;87387092;Bueil
TN8738714;gare;La Bonneville-sur-Iton;La Bonneville-sur-Iton;La Bonneville-sur-Iton;8738714;87387142;48.988464;1.035073;FR;Europe/Paris;Q539487;Train TER;;gtfs;;;;;87387142;La Bonneville-sur-Iton
TN8738715;gare;Conches;Conches;Conches;8738715;87387159;48.96236;0.93789;FR;Europe/Paris;Q326369;Train TER;;gtfs;;;;;87387159;Conches
TN8738717;gare;Romilly-la-Puthenaye;Romilly-la-Puthenaye;Romilly-la-Puthenaye;8738717;87387175;49.003942;0.854855;FR;Europe/Paris;Q1072947;Train TER;;uic;11009041154;Q1938997;;;87387175;Romilly-la-Puthenaye
TN8738718;gare;Beaumont-le-Roger;Beaumont-le-Roger;Beaumont-le-Roger;8738718;87387183;49.074176;0.772771;FR;Europe/Paris;Q326398;Train TER;;uic;8320826364;Q2202123;;;87387183;Beaumont-le-Roger
TN8738992;arret_car;Saint-Hilaire-De-Riez;Saint-Hilaire-De-Riez;Saint-Hilaire-De-Riez;8738992;87389924;46.71676;-1.948609;FR;Europe/Paris;Q1421948;;Car TER;gtfs;;;;;87389924;Saint-Hilaire-De-Riez
TN8739100;gare;Paris Montparnasse;Gare Montparnasse;Gare Montparnasse;8739100;87391003;48.840062;2.319109;FR;Europe/Paris;Q90;OUIGO|TGV INOUI|Train TER;Car TER;uic;65331500;Q631114;;XFPMP;87391003;Paris Montparnasse
TN8739110;gare;Paris Montparnasse Vaugirard;Paris Montparnasse 3 - Vaugirard;Paris Montparnasse 3 - Vaugirard;8739110;87391102;48.838385;2.315832;FR;Europe/Paris;Q90;TGV INOUI|Train TER;;uic;942695829;Q631114;;;87391102;Paris Montparnasse Vaugirard
TN8739130;gare;Morre;Morre;Morre;8739130;87391300;47.225969;6.067328;FR;Europe/Paris;Q906161;Train TER;Car TER;uic;10755386327;Q727069;;;87391300;Morre
TN8739282;arret_car;Saint-Martin-d'Hères;Saint-Martin-d'Hères;Saint-Martin-d'Hères;8739282;87392829;45.193022;5.768919;FR;Europe/Paris;Q243868;;Car TER;gtfs;;;;;87392829;Saint-Martin-d'Hères
TN8739300;gare;Versailles-Chantiers;Versailles-Chantiers;Versailles-Chantiers;8739300;87393009;48.79547;2.135516;FR;Europe/Paris;Q621;OUIGO|TGV INOUI|Train TER;Car TER;uic;3497428295;Q2422473;;;87393009;Versailles Chantiers
TN8739331;gare;Rambouillet;Rambouillet;Rambouillet;8739331;87393314;48.64375;1.832104;FR;Europe/Paris;Q191119;Train TER;;uic;3533697024;Q2176163;;;87393314;Rambouillet
TN8739334;gare;Gazeran;Gazeran;Gazeran;8739334;87393348;48.625996;1.771978;FR;Europe/Paris;Q246326;Train TER;;uic;9981291581;Q2231528;;;87393348;Gazeran
TN8739348;gare;Dreux;Dreux;Dreux;8739348;87393488;48.73121;1.370386;FR;Europe/Paris;Q142410;Train TER;;uic;10197668467;Q2155282;;;87393488;Dreux
TN8739355;gare;Nonancourt;Nonancourt;Nonancourt;8739355;87393553;48.775726;1.192916;FR;Europe/Paris;Q324105;Train TER;;uic;3470363993;Q3097217;;;87393553;Nonancourt
TN8739357;gare;Massy-Palaiseau;Massy-Palaiseau;Massy-Palaiseau;8739357;87393579;48.725769;2.258047;FR;Europe/Paris;Q274249;OUIGO|TGV INOUI;;uic;3555785349;Q801166;;XFMPU;87393579;Massy-Palaiseau
TN8739359;gare;Verneuil-sur-Avre;Verneuil-sur-Avre;Verneuil-sur-Avre;8739359;87393595;48.742737;0.929184;FR;Europe/Paris;Q26276612;Train TER;;uic;8863210696;Q3097967;;;87393595;Verneuil-sur-Avre
TN8739370;gare;Massy-TGV;Massy-TGV;Massy-TGV;8739370;87393702;48.725842;2.261344;FR;Europe/Paris;Q274249;OUIGO|TGV INOUI;;uic;3530841971;Q801170;;;87393702;Massy TGV
TN8739384;gare;Saint-Quentin-en-Yvelines;Saint-Quentin-en-Yvelines;Saint-Quentin-en-Yvelines;8739384;87393843;48.787452;2.044525;FR;Europe/Paris;Q240798;Train TER;;uic;3530910105;Q3097620;;;87393843;Saint-Quentin en Yvelines
TN8739400;gare;Chartres;Chartres;Chartres;8739400;87394007;48.448436;1.480857;FR;Europe/Paris;Q130272;OUIGO|Train TER;Car TER;uic;8303862255;Q2087872;;;87394007;Chartres
TN8739401;gare;Lucé;Lucé;Lucé;8739401;87394015;48.436711;1.453048;FR;Europe/Paris;Q1072289;Train TER;Car TER;uic;10751726526;Q2145386;;XFLCJ;87394015;Lucé
TN8739411;gare;Épernon;Épernon;Épernon;8739411;87394114;48.605204;1.681364;FR;Europe/Paris;Q287148;Train TER;;gtfs;;;;;87394114;Épernon
TN8739413;gare;Maintenon;Maintenon;Maintenon;8739413;87394130;48.585567;1.592534;FR;Europe/Paris;Q653559;Train TER;;uic;252615085;Q665887;;;87394130;Maintenon
TN8739414;gare;Saint-Piat;Saint-Piat;Saint-Piat;8739414;87394148;48.542875;1.590202;FR;Europe/Paris;Q204142;Train TER;;uic;5400818213;Q2545316;;;87394148;Saint-Piat
TN8739415;gare;Jouy;Jouy;Jouy;8739415;87394155;48.510079;1.55765;FR;Europe/Paris;Q1345116;Train TER;;uic;5400816538;Q3096665;;;87394155;Jouy
TN8739417;gare;La Villette - Saint-Prest;La Villette - Saint-Prest;La Villette - Saint-Prest;8739417;87394171;48.482706;1.523087;FR;Europe/Paris;Q1362102;Train TER;;uic;1879436732;Q2594740;;;87394171;La Villette Saint-Prest
TN8739420;gare;Amilly Ouerray;Amilly Ouerray;Amilly Ouerray;8739420;87394205;48.438259;1.389331;FR;Europe/Paris;Q1075377;Train TER;Car TER;uic;11367479991;Q2040993;;;87394205;Amilly - Ouerray
TN8739421;gare;Saint-Aubin - Saint-Luperce;Saint-Aubin - Saint-Luperce;Saint-Aubin - Saint-Luperce;8739421;87394213;48.447636;1.331852;FR;Europe/Paris;Q1139366;Train TER;Car TER;uic;385361577;Q3097495;;XFSBP;87394213;Saint-Aubin - Saint-Luperce
TN8739422;gare;Courville-sur-Eure;Courville-sur-Eure;Courville-sur-Eure;8739422;87394221;48.451432;1.234834;FR;Europe/Paris;Q1072386;Train TER;Car TER;uic;4213061795;Q3096314;;XFCVB;87394221;Courville-sur-Eure
TN8739424;gare;Pontgouin;Pontgouin;Pontgouin;8739424;87394247;48.47797;1.141501;FR;Europe/Paris;Q1139444;Train TER;Car TER;uic;11008724629;Q1828187;;;87394247;Pontgouin
TN8739425;gare;La Loupe;La Loupe;La Loupe;8739425;87394254;48.473888;1.010865;FR;Europe/Paris;Q514185;Train TER;Car TER;uic;4214034220;Q2101016;;;87394254;La Loupe
TN8739427;gare;Bretoncelles;Bretoncelles;Bretoncelles;8739427;87394270;48.432632;0.89233;FR;Europe/Paris;Q690788;Train TER;Car TER;uic;9819205721;Q2723066;;;87394270;Bretoncelles
TN8739428;gare;Condé-sur-Huisne;Condé-sur-Huisne;Condé-sur-Huisne;8739428;87394288;48.383534;0.848777;FR;Europe/Paris;Q21619546;Train TER;Car TER;uic;4215299314;Q2971091;;;87394288;Condé-sur-Huisne
TN8739429;gare;Nogent-le-Rotrou;Nogent-le-Rotrou;Nogent-le-Rotrou;8739429;87394296;48.32578;0.810274;FR;Europe/Paris;Q214432;Train TER;Car TER;uic;4215299316;Q2192067;;;87394296;Nogent-le-Rotrou
TN8739440;gare;La Taye;La Taye;La Taye;8739440;87394403;48.40774;1.373502;FR;Europe/Paris;Q610856;Train TER;;uic;1704175678;Q3096814;;;87394403;La Taye
TN8739441;gare;Bailleau-le-pin;Bailleau-le-pin;Bailleau-le-pin;8739441;87394411;48.366928;1.325333;FR;Europe/Paris;Q1075279;Train TER;Car TER;gtfs;;;;;87394411;Bailleau-le-pin
TN8739442;gare;Magny - Blandainville;Magny - Blandainville;Magny - Blandainville;8739442;87394429;48.334372;1.281097;FR;Europe/Paris;Q1140091;Train TER;;uic;319201201;Q3096955;;;87394429;Magny - Blandainville
TN8739443;gare;Illiers-Combray;Illiers-Combray;Illiers-Combray;8739443;87394437;48.30414;1.244808;FR;Europe/Paris;Q380444;Train TER;Car TER;uic;4290856993;Q3095789;;XFILC;87394437;Illiers-Combray
TN8739445;gare;Brou;Brou;Brou;8739445;87394452;48.215822;1.160532;FR;Europe/Paris;Q1081996;Train TER;Car TER;uic;4290854860;Q3096073;;XFBRO;87394452;Brou
TN8739448;gare;Arrou;Arrou;Arrou;8739448;87394486;48.099888;1.128387;FR;Europe/Paris;Q28335194;Train TER;;uic;10744715224;Q3095672;;XFAOU;87394486;Arrou
TN8739449;gare;Courtalain - Saint-Pellerin;Courtalain - Saint-Pellerin;Courtalain - Saint-Pellerin;8739449;87394494;48.073599;1.127004;FR;Europe/Paris;Q28335194;Train TER;Car TER;gtfs;;;;;87394494;Courtalain - Saint-Pellerin
TN8739565;arret_car;Brassac-les-Mines Lycée Rabelais;Brassac-les-Mines Lycée Rabelais;Brassac-les-Mines Lycée Rabelais;8739565;87395657;45.413632;3.32142;FR;Europe/Paris;Q476907;;Car TER;gtfs;;;;;87395657;Brassac-les-Mines Lycée Rabelais
TN8739566;arret_car;Issoire Lycée Deville;Issoire Lycée Deville;Issoire Lycée Deville;8739566;87395665;45.539947;3.258023;FR;Europe/Paris;Q133824;;Car TER;gtfs;;;;;87395665;Issoire Lycée Deville
TN8739567;arret_car;Issoire Lycée Murat;Issoire Lycée Murat;Issoire Lycée Murat;8739567;87395673;45.55041;3.249955;FR;Europe/Paris;Q133824;;Car TER;gtfs;;;;;87395673;Issoire Lycée Murat
TN8739583;arret_car;Le Breuil-sur-Couze Lycée Agricole;Le Breuil-sur-Couze Lycée Agricole;Le Breuil-sur-Couze Lycée Agricole;8739583;87395830;45.462636;3.281165;FR;Europe/Paris;Q1047198;;Car TER;gtfs;;;;;87395830;Le Breuil-sur-Couze Lycée Agricole
TN8739596;arret_car;Sainte-Florine Lycée Claude Favard;Sainte-Florine Lycée Claude Favard;Sainte-Florine Lycée Claude Favard;8739596;87395962;45.40158;3.321074;FR;Europe/Paris;Q275824;;Car TER;gtfs;;;;;87395962;Sainte-Florine Lycée Claude Favard
TN8739600;gare;Le Mans;Le Mans;Le Mans;8739600;87396002;47.995247;0.192139;FR;Europe/Paris;Q1476;OUIGO|TGV INOUI|Train TER;Car TER;uic;12992005144;Q2718010;;;87396002;Le Mans
TN8739602;gare;Neuville;Neuville-sur-Sarthe;Neuville-sur-Sarthe;8739602;87396028;48.070564;0.199718;FR;Europe/Paris;Q919734;Train TER;;uic;12951273103;;;;87396028;Neuville
TN8739603;gare;La Guierche;La Guierche;La Guierche;8739603;87396036;48.113877;0.193102;FR;Europe/Paris;Q660487;Train TER;;uic;3490787133;Q3096784;;;87396036;La Guierche
TN8739604;gare;Montbizot;Montbizot;Montbizot;8739604;87396044;48.151513;0.190861;FR;Europe/Paris;Q776135;Train TER;;uic;3486353295;Q3097066;;;87396044;Montbizot
TN8739605;gare;Teillé;Teillé;Teillé;8739605;87396051;48.181104;0.191338;FR;Europe/Paris;Q1226578;Train TER;;uic;14142635050;;;;87396051;Teillé
TN8739607;gare;Vivoin - Beaumont;Vivoin - Beaumont;Vivoin - Beaumont;8739607;87396077;48.229975;0.14506;FR;Europe/Paris;Q1234008;Train TER;;uic;11025735310;Q3098027;;;87396077;Vivoin - Beaumont
TN8739609;gare;La Hutte - Coulombiers;La Hutte - Coulombiers;La Hutte - Coulombiers;8739609;87396093;48.303473;0.105632;FR;Europe/Paris;Q60589068;Train TER;;uic;1935425733;Q3096791;;;87396093;La Hutte Coulombiers
TN8739620;gare;Domfront;Domfront;Domfront;8739620;87396200;48.107709;0.026236;FR;Europe/Paris;Q1228266;Train TER;Car TER;uic;4224368144;Q3096379;;;87396200;Domfront
TN8739621;gare;Conlie;Conlie;Conlie;8739621;87396218;48.127269;-0.011348;FR;Europe/Paris;Q833363;Train TER;Car TER;uic;1720987532;Q2610924;;;87396218;Conlie
TN8739623;gare;Sillé-le-Guillaume;Sillé-le-Guillaume;Sillé-le-Guillaume;8739623;87396234;48.18166;-0.128837;FR;Europe/Paris;Q1234103;Train TER;Car TER;uic;4336905212;Q579466;;;87396234;Sillé-le-Guillaume
TN8739627;gare;Champagné;Champagné;Champagné;8739627;87396275;48.019697;0.335203;FR;Europe/Paris;Q636699;Train TER;Car TER;uic;4337043080;Q1934692;;;87396275;Champagné
TN8739628;gare;Saint-Mars-la-Brière;Saint-Mars-la-Brière;Saint-Mars-la-Brière;8739628;87396283;48.028558;0.365655;FR;Europe/Paris;Q737130;Train TER;Car TER;uic;3486337798;Q2797166;;;87396283;Saint-Mars-la-Brière
TN8739629;gare;Montfort-le-Gesnois;Montfort-le-Gesnois;Montfort-le-Gesnois;8739629;87396291;48.040539;0.406404;FR;Europe/Paris;Q900283;Train TER;Car TER;uic;4220110114;Q2789698;;;87396291;Montfort-le-Gesnois
TN8739630;gare;Connerré Beillé;Connerré Beillé;Connerré Beillé;8739630;87396309;48.07376;0.486948;FR;Europe/Paris;Q1222934;Train TER;Car TER;uic;4217319781;Q2747705;;XFCOB;87396309;Connerré - Beillé
TN8739631;gare;Sceaux - Boëssé;Sceaux - Boëssé;Sceaux - Boëssé;8739631;87396317;48.12215;0.572409;FR;Europe/Paris;Q644807;Train TER;Car TER;uic;9819196164;Q2346854;;;87396317;Sceaux - Boëssé
TN8739632;gare;La Ferté-Bernard;La Ferté-Bernard;La Ferté-Bernard;8739632;87396325;48.186546;0.639331;FR;Europe/Paris;Q749860;Train TER;Car TER;uic;4216222898;Q2468105;;;87396325;La Ferté-Bernard
TN8739633;gare;Le Theil - La Rouge;Le Theil - La Rouge;Le Theil - La Rouge;8739633;87396333;48.267295;0.694394;FR;Europe/Paris;Q21634354;Train TER;Car TER;uic;1935227788;Q2453056;;;87396333;Le Theil - La Rouge
TN8739635;gare;Voivres;Voivres;Voivres;8739635;87396358;47.930423;0.085389;FR;Europe/Paris;Q1234773;Train TER;;uic;206134843;Q3098033;;;87396358;Voivres
TN8739636;gare;La Suze;La Suze;La Suze;8739636;87396366;47.89222;0.026584;FR;Europe/Paris;Q903827;Train TER;;uic;2009352116;Q3096812;;;87396366;La Suze
TN8739637;gare;Noyen;Noyen;Noyen;8739637;87396374;47.874458;-0.098194;FR;Europe/Paris;Q640794;Train TER;;uic;1437113213;Q3097229;;;87396374;Noyen
TN8739640;gare;Sablé-sur-Sarthe;Sablé-sur-Sarthe;Sablé-sur-Sarthe;8739640;87396408;47.841825;-0.342081;FR;Europe/Paris;Q828635;TGV INOUI|Train TER;;uic;7947787377;Q1928274;;;87396408;Sablé-sur-Sarthe
TN8739654;gare;Arnage;Arnage;Arnage;8739654;87396549;47.928578;0.190013;FR;Europe/Paris;Q731594;Train TER;Car TER;uic;4290854853;Q3095667;;XFAAG;87396549;Arnage
TN8739655;gare;Laigné - Saint-Gervais;Laigné - Saint-Gervais;Laigné - Saint-Gervais;8739655;87396556;47.874079;0.216947;FR;Europe/Paris;Q130550851;Train TER;Car TER;uic;3486338299;Q3096830;;XFLSG;87396556;Laigné - Saint-Gervais
TN8739656;gare;Écommoy;Écommoy;Écommoy;8739656;87396564;47.824466;0.268999;FR;Europe/Paris;Q273670;Train TER;Car TER;uic;269444864;Q3095866;;;87396564;Écommoy
TN8739657;gare;Aubigné-Racan;Aubigné-Racan;Aubigné-Racan;8739657;87396572;47.686946;0.265755;FR;Europe/Paris;Q1171493;Train TER;Car TER;uic;1252235078;Q3095688;;;87396572;Aubigné-Racan
TN8739658;gare;Mayet;Mayet;Mayet;8739658;87396580;47.760262;0.265935;FR;Europe/Paris;Q1224297;Train TER;Car TER;uic;4330810265;Q3097004;;;87396580;Mayet
TN8739659;gare;Vaas;Vaas;Vaas;8739659;87396598;47.670789;0.316499;FR;Europe/Paris;Q1222904;Train TER;Car TER;uic;10982114735;Q3097913;;;87396598;Vaas
TN8739660;gare;Château-du-Loir;Château-du-Loir;Château-du-Loir;8739660;87396606;47.683227;0.41499;FR;Europe/Paris;Q27044250;Train TER;Car TER;uic;3486338295;Q3096232;;;87396606;Château-du-Loir
TN8739689;gare;Clermont-La Rotonde;Clermont-La Rotonde;Clermont-La Rotonde;8739689;87396895;45.768095;3.09097;FR;Europe/Paris;Q42168;Train TER;;uic;3527310689;Q2189379;;;87396895;Clermont la Rotonde
TN8740098;gare;Magneux - Courlandon;Magneux - Courlandon;Magneux - Courlandon;8740098;87400986;49.309963;3.733501;FR;Europe/Paris;Q969820;Train TER;Car TER;uic;10137310136;Q3096953;;;87400986;Magneux - Courlandon
TN8740132;gare;Mouans-Sartoux;Mouans-Sartoux;Mouans-Sartoux;8740132;87401323;43.620455;6.974252;FR;Europe/Paris;Q322723;Train TER;;uic;29805512;Q3097118;;;87401323;Mouans-Sartoux
TN8740229;gare;Colmar Mésanges;Colmar Mésanges;Colmar Mésanges;8740229;87402297;48.085972;7.333668;FR;Europe/Paris;Q130994;Train TER;Car TER;uic;9200872125;Q2489577;;;87402297;Colmar Mésanges
TN8740282;arret_car;Bienville;Bienville;Bienville;8740282;87402826;48.581534;5.045461;FR;Europe/Paris;Q1100865;;Car TER;gtfs;;;;;87402826;Bienville
TN8740557;arret_car;Anzeling Carrefour;Anzeling Carrefour;Anzeling Carrefour;8740557;87405571;49.26394;6.463126;FR;Europe/Paris;Q21721;;Car TER;gtfs;;;;;87405571;Anzeling Carrefour
TN8740571;arret_car;Barisey-la-Côte Mairie;Barisey-la-Côte Mairie;Barisey-la-Côte Mairie;8740571;87405712;48.544182;5.842809;FR;Europe/Paris;Q193339;;Car TER;gtfs;;;;;87405712;Barisey-la-Côte Mairie
TN8740574;arret_car;Neufchâteau Hôpital;Neufchâteau Hôpital;Neufchâteau Hôpital;8740574;87405746;48.3697;5.707194;FR;Europe/Paris;Q131581675;;Car TER;gtfs;;;;;87405746;Neufchâteau Hôpital
TN8740575;arret_car;Toul Gare Routière;Toul Gare Routière;Toul Gare Routière;8740575;87405753;48.67379;5.88621;FR;Europe/Paris;Q154728;;Car TER;gtfs;;;;;87405753;Toul Gare Routière
TN8740599;arret_car;Mirecourt Lycée Agricole;Mirecourt Lycée Agricole;Mirecourt Lycée Agricole;8740599;87405993;48.293598;6.132072;FR;Europe/Paris;Q659969;;Car TER;gtfs;;;;;87405993;Mirecourt Lycée Agricole
TN8740661;arret_car;Longuyon Pont des Deux Eaux;Longuyon Pont des Deux Eaux;Longuyon Pont des Deux Eaux;8740661;87406611;49.448643;5.599476;FR;Europe/Paris;Q659931;;Car TER;gtfs;;;;;87406611;Longuyon Pont des Deux Eaux
TN8740666;arret_car;Cons-la-Grandville Haut Fourneau;Cons-la-Grandville Haut Fourneau;Cons-la-Grandville Haut Fourneau;8740666;87406660;49.486709;5.700295;FR;Europe/Paris;Q1026441;;Car TER;gtfs;;;;;87406660;Cons-la-Grandville Haut Fourneau
TN8740667;arret_car;Cons-la-Grandville Lotissement;Cons-la-Grandville Lotissement;Cons-la-Grandville Lotissement;8740667;87406678;49.488068;5.708309;FR;Europe/Paris;Q1026441;;Car TER;gtfs;;;;;87406678;Cons-la-Grandville Lotissement
TN8740668;arret_car;Lexy Providence Usine;Lexy Providence Usine;Lexy Providence Usine;8740668;87406686;49.49603;5.738452;FR;Europe/Paris;Q1064012;;Car TER;gtfs;;;;;87406686;Lexy Providence Usine
TN8740669;arret_car;Lexy Rue du Square;Lexy Rue du Square;Lexy Rue du Square;8740669;87406694;49.495579;5.727884;FR;Europe/Paris;Q1064012;;Car TER;gtfs;;;;;87406694;Lexy Rue du Square
TN8740670;arret_car;Longuyon La Machine;Longuyon La Machine;Longuyon La Machine;8740670;87406702;49.453923;5.600391;FR;Europe/Paris;Q659931;;Car TER;gtfs;;;;;87406702;Longuyon La Machine
TN8740671;arret_car;Longwy Espace Bus;Longwy Espace Bus;Longwy Espace Bus;8740671;87406710;49.513639;5.768715;FR;Europe/Paris;Q318535;;Car TER;gtfs;;;;;87406710;Longwy Espace Bus
TN8740672;arret_car;Bouzonville Rue d'Alzing;Bouzonville Rue d'Alzing;Bouzonville Rue d'Alzing;8740672;87406728;49.289873;6.535495;FR;Europe/Paris;Q22933;;Car TER;gtfs;;;;;87406728;Bouzonville Rue d'Alzing
TN8740673;arret_car;Creutzwald Gare Routière;Creutzwald Gare Routière;Creutzwald Gare Routière;8740673;87406736;49.207797;6.697243;FR;Europe/Paris;Q21763;;Car TER;gtfs;;;;;87406736;Creutzwald Gare Routière
TN8740674;arret_car;Distroff Église;Distroff Église;Distroff Église;8740674;87406744;49.332214;6.263028;FR;Europe/Paris;Q21813;;Car TER;gtfs;;;;;87406744;Distroff Église
TN8740675;arret_car;Ebersviller Centre;Ebersviller Centre;Ebersviller Centre;8740675;87406751;49.276338;6.401942;FR;Europe/Paris;Q21776;;Car TER;gtfs;;;;;87406751;Ebersviller Centre
TN8740676;arret_car;Falck Rue Principale;Falck Rue Principale;Falck Rue Principale;8740676;87406769;49.229231;6.632988;FR;Europe/Paris;Q22346;;Car TER;gtfs;;;;;87406769;Falck Rue Principale
TN8740677;arret_car;Hombourg Chapelle;Hombourg Chapelle;Hombourg Chapelle;8740677;87406777;49.295863;6.343475;FR;Europe/Paris;Q22152;;Car TER;gtfs;;;;;87406777;Hombourg Chapelle
TN8740679;arret_car;Hombourg Tilleuls;Hombourg Tilleuls;Hombourg Tilleuls;8740679;87406793;49.297728;6.339154;FR;Europe/Paris;Q22152;;Car TER;gtfs;;;;;87406793;Hombourg Tilleuls
TN8740680;arret_car;Kédange Église;Kédange Église;Kédange Église;8740680;87406801;49.308345;6.33836;FR;Europe/Paris;Q21692;;Car TER;gtfs;;;;;87406801;Kédange Église
TN8740681;arret_car;Kuntzig Bibiche;Kuntzig Bibiche;Kuntzig Bibiche;8740681;87406819;49.343873;6.24297;FR;Europe/Paris;Q21869;;Car TER;gtfs;;;;;87406819;Kuntzig Bibiche
TN8740682;arret_car;Kuntzig Place de la Liberté;Kuntzig Place de la Liberté;Kuntzig Place de la Liberté;8740682;87406827;49.34721;6.237059;FR;Europe/Paris;Q21869;;Car TER;gtfs;;;;;87406827;Kuntzig Place de la Liberté
TN8740683;arret_car;Metzervisse Centre;Metzervisse Centre;Metzervisse Centre;8740683;87406835;49.315557;6.285255;FR;Europe/Paris;Q22046;;Car TER;gtfs;;;;;87406835;Metzervisse Centre
TN8740684;arret_car;Metzervisse Église;Metzervisse Église;Metzervisse Église;8740684;87406843;49.314181;6.282173;FR;Europe/Paris;Q22046;;Car TER;gtfs;;;;;87406843;Metzervisse Église
TN8740685;arret_car;Cocheren Village;Cocheren Village;Cocheren Village;8740685;87406850;49.146401;6.856971;FR;Europe/Paris;Q22427;;Car TER;gtfs;;;;;87406850;Cocheren Village
TN8740686;arret_car;Farébersviller Cité;Farébersviller Cité;Farébersviller Cité;8740686;87406868;49.11764;6.873153;FR;Europe/Paris;Q22179;;Car TER;gtfs;;;;;87406868;Farébersviller Cité
TN8740688;arret_car;Farébersviller Rue du Moulin;Farébersviller Rue du Moulin;Farébersviller Rue du Moulin;8740688;87406884;49.116118;6.865806;FR;Europe/Paris;Q22179;;Car TER;gtfs;;;;;87406884;Farébersviller Rue du Moulin
TN8740689;arret_car;Farschviller Centre;Farschviller Centre;Farschviller Centre;8740689;87406892;49.095277;6.895772;FR;Europe/Paris;Q22362;;Car TER;gtfs;;;;;87406892;Farschviller Centre
TN8740690;arret_car;Sarreguemines Poste;Sarreguemines Poste;Sarreguemines Poste;8740690;87406900;49.113031;7.064134;FR;Europe/Paris;Q22642;;Car TER;gtfs;;;;;87406900;Sarreguemines Poste
TN8740691;arret_car;Mertzwiller Monuments aux Morts;Mertzwiller Monuments aux Morts;Mertzwiller Monuments aux Morts;8740691;87406918;48.8726;7.6772;FR;Europe/Paris;Q21442;;Car TER;gtfs;;;;;87406918;Mertzwiller Monuments aux Morts
TN8740692;arret_car;Philippsbourg Lieschbach;Philippsbourg Lieschbach;Philippsbourg Lieschbach;8740692;87406926;48.991408;7.558084;FR;Europe/Paris;Q22336;;Car TER;gtfs;;;;;87406926;Philippsbourg Lieschbach
TN8740693;arret_car;Bitche Rue de la Paix;Bitche Rue de la Paix;Bitche Rue de la Paix;8740693;87406934;49.048904;7.428641;FR;Europe/Paris;Q22754;;Car TER;gtfs;;;;;87406934;Bitche Rue de la Paix
TN8740695;arret_car;Enchenberg Mairie;Enchenberg Mairie;Enchenberg Mairie;8740695;87406959;49.014691;7.337816;FR;Europe/Paris;Q22013;;Car TER;gtfs;;;;;87406959;Enchenberg Mairie
TN8740696;arret_car;Rohrbach-les-Bitche Carrefour;Rohrbach-les-Bitche Carrefour;Rohrbach-les-Bitche Carrefour;8740696;87406967;49.0458;7.2653;FR;Europe/Paris;Q22028;;Car TER;gtfs;;;;;87406967;Rohrbach-les-Bitche Carrefour
TN8740697;arret_car;Fénétrange Gendarmerie;Fénétrange Gendarmerie;Fénétrange Gendarmerie;8740697;87406975;48.844289;7.019818;FR;Europe/Paris;Q22330;;Car TER;gtfs;;;;;87406975;Fénétrange Gendarmerie
TN8740698;arret_car;Fénétrange Le Val Fleuri;Fénétrange Le Val Fleuri;Fénétrange Le Val Fleuri;8740698;87406983;48.847801;7.019126;FR;Europe/Paris;Q22330;;Car TER;gtfs;;;;;87406983;Fénétrange Le Val Fleuri
TN8740699;arret_car;Sarralbe Centre;Sarralbe Centre;Sarralbe Centre;8740699;87406991;48.998501;7.028793;FR;Europe/Paris;Q21979;;Car TER;gtfs;;;;;87406991;Sarralbe Centre
TN8740701;arret_car;Sarraltroff Mairie;Sarraltroff Mairie;Sarraltroff Mairie;8740701;87407015;48.774013;7.060816;FR;Europe/Paris;Q22042;;Car TER;gtfs;;;;;87407015;Sarraltroff Mairie
TN8740703;arret_car;Sarrebourg Méphisto;Sarrebourg Méphisto;Sarrebourg Méphisto;8740703;87407031;48.749685;7.067186;FR;Europe/Paris;Q22544;;Car TER;gtfs;;;;;87407031;Sarrebourg Méphisto
TN8740704;arret_car;Avricourt Rue Des Halles;Avricourt Rue Des Halles;Avricourt Rue Des Halles;8740704;87407049;48.650559;6.806194;FR;Europe/Paris;Q22110;;Car TER;gtfs;;;;;87407049;Avricourt Rue Des Halles
TN8740705;arret_car;Avricourt Rue de Lorraine;Avricourt Rue de Lorraine;Avricourt Rue de Lorraine;8740705;87407056;48.650089;6.812851;FR;Europe/Paris;Q22110;;Car TER;gtfs;;;;;87407056;Avricourt Rue de Lorraine
TN8740706;arret_car;Igney Mairie;Igney Mairie;Igney Mairie;8740706;87407064;48.633706;6.813052;FR;Europe/Paris;Q635163;;Car TER;gtfs;;;;;87407064;Igney Mairie
TN8740709;arret_car;Réchicourt-le-Château Centre;Réchicourt-le-Château Centre;Réchicourt-le-Château Centre;8740709;87407098;48.665;6.840833;FR;Europe/Paris;Q22038;;Car TER;gtfs;;;;;87407098;Réchicourt-le-Château Centre
TN8740710;arret_car;Sarrebourg Verreries;Sarrebourg Verreries;Sarrebourg Verreries;8740710;87407106;48.733037;7.042797;FR;Europe/Paris;Q22544;;Car TER;gtfs;;;;;87407106;Sarrebourg Verreries
TN8740711;arret_car;Bénestroff Centre;Bénestroff Centre;Bénestroff Centre;8740711;87407114;48.904634;6.758975;FR;Europe/Paris;Q21631;;Car TER;gtfs;;;;;87407114;Bénestroff Centre
TN8740712;arret_car;Fénétrange Carrefour des Étangs;Fénétrange Carrefour des Étangs;Fénétrange Carrefour des Étangs;8740712;87407122;48.845572;7.014465;FR;Europe/Paris;Q22330;;Car TER;gtfs;;;;;87407122;Fénétrange Carrefour des Étangs
TN8740713;arret_car;Gosselming Poste;Gosselming Poste;Gosselming Poste;8740713;87407130;48.790791;7.00551;FR;Europe/Paris;Q21696;;Car TER;gtfs;;;;;87407130;Gosselming Poste
TN8740714;arret_car;Mittersheim l'Escale;Mittersheim l'Escale;Mittersheim l'Escale;8740714;87407148;48.860358;6.933793;FR;Europe/Paris;Q22067;;Car TER;gtfs;;;;;87407148;Mittersheim l'Escale
TN8740715;arret_car;Morhange Place de la République;Morhange Place de la République;Morhange Place de la République;8740715;87407155;48.923906;6.635026;FR;Europe/Paris;Q22353;;Car TER;gtfs;;;;;87407155;Morhange Place de la République
TN8740717;arret_car;Morhange Jeanne d'Arc;Morhange Jeanne d'Arc;Morhange Jeanne d'Arc;8740717;87407171;48.924639;6.641359;FR;Europe/Paris;Q22353;;Car TER;gtfs;;;;;87407171;Morhange Jeanne d'Arc
TN8740718;arret_car;Sarrebourg Place Mathey;Sarrebourg Place Mathey;Sarrebourg Place Mathey;8740718;87407189;48.736879;7.057152;FR;Europe/Paris;Q22544;;Car TER;gtfs;;;;;87407189;Sarrebourg Place Mathey
TN8740724;arret_car;Budange Rue D'Aboncourt;Budange Rue D'Aboncourt;Budange Rue D'Aboncourt;8740724;87407247;49.276705;6.344782;FR;Europe/Paris;Q22152;;Car TER;gtfs;;;;;87407247;Budange Rue D'Aboncourt
TN8740726;arret_car;Gundershoffen au Cygne;Gundershoffen au Cygne;Gundershoffen au Cygne;8740726;87407262;48.90724;7.658643;FR;Europe/Paris;Q22414;;Car TER;gtfs;;;;;87407262;Gundershoffen au Cygne
TN8740727;arret_car;Niederbronn-les-Bains Archéologie;Niederbronn-les-Bains Archéologie;Niederbronn-les-Bains Archéologie;8740727;87407270;48.947516;7.65058;FR;Europe/Paris;Q21387;;Car TER;gtfs;;;;;87407270;Niederbronn-les-Bains Archéologie
TN8740729;arret_car;Niederbronn-les-Bains Usine;Niederbronn-les-Bains Usine;Niederbronn-les-Bains Usine;8740729;87407296;48.95696;7.630582;FR;Europe/Paris;Q21387;;Car TER;gtfs;;;;;87407296;Niederbronn-les-Bains Usine
TN8740732;arret_car;Schweighouse-sur-Moder Villa;Schweighouse-sur-Moder Villa;Schweighouse-sur-Moder Villa;8740732;87407320;48.819182;7.742247;FR;Europe/Paris;Q22418;;Car TER;gtfs;;;;;87407320;Schweighouse-sur-Moder Villa
TN8740737;arret_car;Sarrewerden Lotissement;Sarrewerden Lotissement;Sarrewerden Lotissement;8740737;87407379;48.920772;7.085991;FR;Europe/Paris;Q21345;;Car TER;gtfs;;;;;87407379;Sarrewerden Lotissement
TN8740740;arret_car;Gondrexange Centre;Gondrexange Centre;Gondrexange Centre;8740740;87407403;48.685131;6.926093;FR;Europe/Paris;Q21687;;Car TER;gtfs;;;;;87407403;Gondrexange Centre
TN8740750;arret_car;Arrest Usine Melius;Arrest Usine Melius;Arrest Usine Melius;8740750;87407502;45.396438;3.326379;FR;Europe/Paris;Q275824;;Car TER;gtfs;;;;;87407502;Arrest Usine Melius
TN8740755;arret_car;Bretenoux - Biars-sur-Cère Croisement;Bretenoux - Biars-sur-Cère Croisement;Bretenoux - Biars-sur-Cère Croisement;8740755;87407551;44.92739;1.84443;FR;Europe/Paris;Q1327605;;Car TER;gtfs;;;;;87407551;Bretenoux - Biars-sur-Cère Croisement
TN8740769;arret_car;La Chomette;La Chomette;La Chomette;8740769;87407692;45.229495;3.474501;FR;Europe/Paris;Q1065825;;Car TER;gtfs;;;;;87407692;La Chomette
TN8740772;arret_car;La Grave Carrefour;La Grave Carrefour;La Grave Carrefour;8740772;87407726;46.533453;2.61985;FR;Europe/Paris;Q993870;;Car TER;gtfs;;;;;87407726;La Grave Carrefour
TN8740793;arret_car;Lanthenas;Lanthenas;Lanthenas;8740793;87407932;45.102324;3.773763;FR;Europe/Paris;Q264778;;Car TER;gtfs;;;;;87407932;Lanthenas
TN8740794;arret_car;Le Breuil-sur-C Salle des F.;Le Breuil-sur-C Salle des F.;Le Breuil-sur-C Salle des F.;8740794;87407940;45.472347;3.261952;FR;Europe/Paris;Q1047198;;Car TER;gtfs;;;;;87407940;Le Breuil-sur-C Salle des F.
TN8740798;arret_car;Langeac le Treuil;Langeac le Treuil;Langeac le Treuil;8740798;87407981;45.108772;3.521472;FR;Europe/Paris;Q1109595;;Car TER;gtfs;;;;;87407981;Langeac le Treuil
TN8740890;arret_car;Meaulne Place Centrale;Meaulne Place Centrale;Meaulne Place Centrale;8740890;87408906;46.598954;2.613322;FR;Europe/Paris;Q28001362;;Car TER;gtfs;;;;;87408906;Meaulne Place Centrale
TN8740897;arret_car;Reugny RN144;Reugny RN144;Reugny RN144;8740897;87408971;46.462027;2.615508;FR;Europe/Paris;Q272440;;Car TER;gtfs;;;;;87408971;Reugny RN144
TN8740941;arret_car;Pontmort RN9-D17;Pontmort RN9-D17;Pontmort RN9-D17;8740941;87409417;45.9438;3.1669;FR;Europe/Paris;Q21979671;;Car TER;gtfs;;;;;87409417;Pontmort RN9-D17
TN8740947;arret_car;Paulhaguet Monument;Paulhaguet Monument;Paulhaguet Monument;8740947;87409474;45.207507;3.510413;FR;Europe/Paris;Q270768;;Car TER;gtfs;;;;;87409474;Paulhaguet Monument
TN8740948;arret_car;Vieille-Brioude;Vieille-Brioude;Vieille-Brioude;8740948;87409482;45.264187;3.404474;FR;Europe/Paris;Q273145;;Car TER;gtfs;;;;;87409482;Vieille-Brioude
TN8740949;arret_car;Urcay Hôtel du Lyon d'Or;Urcay Hôtel du Lyon d'Or;Urcay Hôtel du Lyon d'Or;8740949;87409490;46.626834;2.589442;FR;Europe/Paris;Q657628;;Car TER;gtfs;;;;;87409490;Urcay Hôtel du Lyon d'Or
TN8740952;arret_car;Sainte-Florine Place François;Sainte-Florine Place François;Sainte-Florine Place François;8740952;87409524;45.405478;3.319408;FR;Europe/Paris;Q275824;;Car TER;gtfs;;;;;87409524;Sainte-Florine Place François
TN8740953;arret_car;Sainte-Eugénie-de-Villeneuve;Sainte-Eugénie-de-Villeneuve;Sainte-Eugénie-de-Villeneuve;8740953;87409532;45.138352;3.623917;FR;Europe/Paris;Q1323062;;Car TER;gtfs;;;;;87409532;Sainte-Eugénie-de-Villeneuve
TN8740969;arret_car;Saint-Eble;Saint-Eble;Saint-Eble;8740969;87409698;45.12974;3.557808;FR;Europe/Paris;Q1109595;;Car TER;gtfs;;;;;87409698;Saint-Eble
TN8740976;arret_car;Bois d'Oingt;Bois d'Oingt;Bois d'Oingt;8740976;87409763;45.921683;4.585309;FR;Europe/Paris;Q27838602;;Car TER;gtfs;;;;;87409763;Bois d'Oingt
TN8740977;arret_car;Létra Gabodière;Létra Gabodière;Létra Gabodière;8740977;87409771;45.961432;4.516467;FR;Europe/Paris;Q1470237;;Car TER;gtfs;;;;;87409771;Létra Gabodière
TN8741101;gare;Rouen Rive-Droite;Rouen Rive-Droite;Rouen Rive-Droite;8741101;87411017;49.449244;1.094223;FR;Europe/Paris;Q30974;TGV INOUI|Train TER;Car TER;uic;2076751841;Q3088372;;;87411017;Rouen Rive Droite
TN8741117;gare;Elbeuf - Saint-Aubin;Elbeuf - Saint-Aubin;Elbeuf - Saint-Aubin;8741117;87411173;49.302678;1.01018;FR;Europe/Paris;Q818300;Train TER;;uic;4290854879;Q2461569;;XFESA;87411173;Elbeuf - Saint-Aubin
TN8741118;gare;Tourville;Tourville-la-Rivière;Tourville-la-Rivière;8741118;87411181;49.324572;1.098478;FR;Europe/Paris;Q1422438;Train TER;;uic;5713113150;Q2355108;;;87411181;Tourville
TN8741120;gare;Oissel;Oissel;Oissel;8741120;87411207;49.343085;1.101937;FR;Europe/Paris;Q752885;Train TER;Car TER;gtfs;;;;;87411207;Oissel
TN8741121;gare;Saint-Étienne-du-Rouvray;Saint-Étienne-du-Rouvray;Saint-Étienne-du-Rouvray;8741121;87411215;49.377173;1.109537;FR;Europe/Paris;Q1058186;Train TER;;uic;256348496;Q2581625;;;87411215;Saint-Étienne-du-Rouvray
TN8741122;gare;Sotteville;Sotteville;Sotteville;8741122;87411223;49.412847;1.102388;FR;Europe/Paris;Q317082;Train TER;;uic;13011586117;Q608867;;;87411223;Sotteville
TN8741124;gare;Maromme;Maromme;Maromme;8741124;87411249;49.479936;1.050761;FR;Europe/Paris;Q605369;Train TER;;uic;6269685299;Q2409576;;;87411249;Maromme
TN8741125;gare;Malaunay - Le Houlme;Malaunay - Le Houlme;Malaunay - Le Houlme;8741125;87411256;49.513325;1.03962;FR;Europe/Paris;Q1377324;Train TER;;uic;6269685300;Q1837461;;;87411256;Malaunay - Le Houlme
TN8741126;gare;Barentin;Barentin;Barentin;8741126;87411264;49.549266;0.953753;FR;Europe/Paris;Q578638;Train TER;;uic;6269679528;Q3014650;;;87411264;Barentin
TN8741127;gare;Pavilly;Pavilly-Station;Pavilly-Station;8741127;87411272;49.564028;0.950513;FR;Europe/Paris;Q747830;Train TER;;uic;5699564584;Q3097262;;;87411272;Pavilly
TN8741128;gare;Motteville;Motteville;Motteville;8741128;87411280;49.636774;0.849872;FR;Europe/Paris;Q976956;Train TER;;uic;2245282673;Q2304270;;XFMOT;87411280;Motteville
TN8741143;gare;Morgny;Morgny;Morgny;8741143;87411439;49.522912;1.247519;FR;Europe/Paris;Q929488;Train TER;;uic;3470363893;Q3097109;;;87411439;Morgny
TN8741144;gare;Longuerue - Vieux-Manoir;Longuerue - Vieux-Manoir;Longuerue - Vieux-Manoir;8741144;87411447;49.556678;1.276228;FR;Europe/Paris;Q1416583;Train TER;;uic;3470363195;Q1870401;;;87411447;Longuerue - Vieux-Manoir
TN8741145;gare;Montérolier - Buchy;Montérolier - Buchy;Montérolier - Buchy;8741145;87411454;49.603087;1.334399;FR;Europe/Paris;Q750544;Train TER;;uic;3470363196;Q3097103;;XFMBY;87411454;Montérolier - Buchy
TN8741146;gare;Sommery;Sommery;Sommery;8741146;87411462;49.629486;1.435736;FR;Europe/Paris;Q368973;Train TER;;uic;360002656;Q2347809;;;87411462;Sommery
TN8741147;gare;Serqueux;Serqueux;Serqueux;8741147;87411470;49.631587;1.539293;FR;Europe/Paris;Q751793;Train TER;;uic;928289051;Q2608959;;XFSEQ;87411470;Serqueux
TN8741180;gare;Montville;Montville;Montville;8741180;87411801;49.551136;1.069838;FR;Europe/Paris;Q1166810;Train TER;;uic;2181820157;Q2166681;;;87411801;Montville
TN8741181;gare;Clères;Clères;Clères;8741181;87411819;49.599083;1.106248;FR;Europe/Paris;Q1057646;Train TER;;uic;2150318128;Q3096260;;;87411819;Clères
TN8741301;gare;Le Havre;Le Havre;Le Havre;8741301;87413013;49.492703;0.125609;FR;Europe/Paris;Q42810;TGV INOUI|Train TER;Car TER;uic;847701543;Q3098218;;XFHV;87413013;Le Havre
TN8741330;gare;Harfleur;Harfleur;Harfleur;8741330;87413302;49.513635;0.199011;FR;Europe/Paris;Q623363;Train TER;;uic;13006299716;;;;87413302;Harfleur
TN8741331;gare;Saint-Laurent - Gainneville;Saint-Laurent - Gainneville;Saint-Laurent - Gainneville;8741331;87413310;49.52856;0.252304;FR;Europe/Paris;Q1164666;Train TER;;uic;6269679532;Q24425;;;87413310;Saint-Laurent - Gainneville
TN8741332;gare;Étainhus-Saint-Romain;Étainhus-Saint-Romain;Étainhus-Saint-Romain;8741332;87413328;49.560705;0.330453;FR;Europe/Paris;Q593653;Train TER;;uic;6269679531;Q1870462;;;87413328;Étainhus - Saint-Romain
TN8741334;gare;Bréauté - Beuzeville;Bréauté - Beuzeville;Bréauté - Beuzeville;8741334;87413344;49.603551;0.41742;FR;Europe/Paris;Q665667;Train TER;Car TER;uic;6269679529;Q2117435;;;87413344;Bréauté - Beuzeville
TN8741337;gare;Foucart - Alvimare;Foucart - Alvimare;Foucart - Alvimare;8741337;87413377;49.608327;0.597137;FR;Europe/Paris;Q568910;Train TER;;uic;6269748759;Q3096464;;;87413377;Foucart - Alvimare
TN8741338;gare;Yvetot;Yvetot;Yvetot;8741338;87413385;49.622115;0.750139;FR;Europe/Paris;Q691278;Train TER;;gtfs;;;;;87413385;Yvetot
TN8741354;gare;Fécamp;Fécamp;Fécamp;8741354;87413542;49.759442;0.375282;FR;Europe/Paris;Q269732;Train TER;Car TER;uic;9167071356;Q2402132;;;87413542;Fécamp
TN8741501;gare;Dieppe;Dieppe;Dieppe;8741501;87415018;49.921424;1.081142;FR;Europe/Paris;Q183557;Train TER;;uic;13325173629;Q962179;;;87415018;Dieppe
TN8741512;gare;Saint-Aubin-sur-Scie;Saint-Aubin-sur-Scie;Saint-Aubin-sur-Scie;8741512;87415125;49.870835;1.066732;FR;Europe/Paris;Q507569;Train TER;;uic;3470363595;Q2325583;;;87415125;Saint-Aubin-sur-Scie
TN8741514;gare;Longueville-sur-Scie;Longueville-sur-Scie;Longueville-sur-Scie;8741514;87415141;49.791476;1.110628;FR;Europe/Paris;Q676695;Train TER;;uic;1157885153;Q3022757;;;87415141;Longueville-sur-Scie
TN8741515;gare;Auffay;Auffay;Auffay;8741515;87415158;49.715925;1.098264;FR;Europe/Paris;Q59503875;Train TER;;uic;8347172274;Q2383414;;;87415158;Auffay
TN8741516;gare;Saint-Victor l'Abbaye;Saint-Victor l'Abbaye;Saint-Victor l'Abbaye;8741516;87415166;49.677029;1.109725;FR;Europe/Paris;Q1164307;Train TER;;uic;256322724;Q2535233;;;87415166;Saint-Victor-l'Abbaye
TN8741532;gare;Bourgtheroulde - Thuit-Hébert;Bourgtheroulde - Thuit-Hébert;Bourgtheroulde - Thuit-Hébert;8741532;87415323;49.31763;0.838227;FR;Europe/Paris;Q21979837;Train TER;;uic;942520159;Q3096041;;;87415323;Bourgtheroulde - Thuit-Hébert
TN8741536;gare;Brionne;Brionne;Brionne;8741536;87415364;49.196434;0.711711;FR;Europe/Paris;Q474498;Train TER;;uic;4085385479;Q3096074;;;87415364;Brionne
TN8741560;gare;Vernon - Giverny;Vernon - Giverny;Vernon - Giverny;8741560;87415604;49.091359;1.478116;FR;Europe/Paris;Q236736;Train TER;Car TER;uic;5398421838;Q2288767;;;87415604;Vernon - Giverny
TN8741562;gare;Gaillon - Aubevoye;Gaillon - Aubevoye;Gaillon - Aubevoye;8741562;87415620;49.174664;1.352609;FR;Europe/Paris;Q21979856;Train TER;Car TER;gtfs;;;;;87415620;Gaillon - Aubevoye
TN8741566;gare;Pont-de-l'Arche;Pont-de-l'Arche;Pont-de-l'Arche;8741566;87415661;49.317088;1.159654;FR;Europe/Paris;Q1073113;Train TER;;uic;3470363894;Q2504721;;XFPAR;87415661;Pont-de-l'Arche
TN8741587;gare;Val de Reuil;Val de Reuil;Val de Reuil;8741587;87415877;49.275512;1.224912;FR;Europe/Paris;Q921780;Train TER;Car TER;uic;325181803;Q321927;;;87415877;Val-de-Reuil
TN8741588;gare;Rosny-sur-Seine;Rosny-sur-Seine;Rosny-sur-Seine;8741588;87415885;48.997403;1.630146;FR;Europe/Paris;Q1461290;Train TER;;uic;706197595;Q946610;;XFRSS;87415885;Rosny-sur-Seine
TN8741589;gare;Bonnières;Bonnières;Bonnières;8741589;87415893;49.038769;1.581569;FR;Europe/Paris;Q399509;Train TER;;uic;537989902;Q1826419;;;87415893;Bonnières
TN8741744;gare;Franchet d'Esperey;Franchet d'Esperey;Franchet d'Esperey;8741744;87417444;49.24257;4.013823;FR;Europe/Paris;Q41876;Train TER;;uic;10232492245;Q3096474;;;87417444;Franchet d'Esperey
TN8741750;gare;Lancey;Lancey;Lancey;8741750;87417501;45.234545;5.880871;FR;Europe/Paris;Q976866;Train TER;Car TER;uic;11197276409;Q13580954;;;87417501;Lancey
TN8741780;arret_car;Ajain;Ajain;Ajain;8741780;87417808;46.207153;1.99724;FR;Europe/Paris;Q673204;;Car TER;gtfs;;;;;87417808;Ajain
TN8741784;arret_car;Montluçon - LEM;Montluçon - LEM;Montluçon - LEM;8741784;87417840;46.338253;2.60962;FR;Europe/Paris;Q193256;;Car TER;gtfs;;;;;87417840;Montluçon - LEM
TN8741786;arret_car;Eyrein;Eyrein;Eyrein;8741786;87417865;45.341936;1.932601;FR;Europe/Paris;Q202947;;Car TER;gtfs;;;;;87417865;Eyrein
TN8741788;arret_car;Maussac le Poteau;Maussac le Poteau;Maussac le Poteau;8741788;87417881;45.468338;2.143238;FR;Europe/Paris;Q626081;;Car TER;gtfs;;;;;87417881;Maussac le Poteau
TN8741790;arret_car;Ussel Place Henri Queuille;Ussel Place Henri Queuille;Ussel Place Henri Queuille;8741790;87417907;45.549738;2.307346;FR;Europe/Paris;Q18101;;Car TER;gtfs;;;;;87417907;Ussel Place Henri Queuille
TN8742083;arret_car;Alba-la-Romaine Ruines Romaines;Alba-la-Romaine Ruines Romaines;Alba-la-Romaine Ruines Romaines;8742083;87420836;44.562774;4.595211;FR;Europe/Paris;Q273021;;Car TER;gtfs;;;;;87420836;Alba-la-Romaine Ruines Romaines
TN8742739;arret_car;Monnaie Jean-Baptiste Moreau;Monnaie Jean-Baptiste Moreau;Monnaie Jean-Baptiste Moreau;8742739;87427393;47.502397;0.79079;FR;Europe/Paris;Q1172014;;Car TER;gtfs;;;;;87427393;Monnaie Jean-Baptiste Moreau
TN8742976;arret_car;Auxon Route Nationale;Auxon Route Nationale;Auxon Route Nationale;8742976;87429761;48.109256;3.915937;FR;Europe/Paris;Q1085418;;Car TER;gtfs;;;;;87429761;Auxon Route Nationale
TN8743078;arret_car;Goderville;Goderville;Goderville;8743078;87430785;49.645581;0.367785;FR;Europe/Paris;Q1110763;;Car TER;gtfs;;;;;87430785;Goderville
TN8743779;gare;La Rochelle - Porte Dauphine;La Rochelle - Porte Dauphine;La Rochelle - Porte Dauphine;8743779;87437798;46.167556;-1.151869;FR;Europe/Paris;Q82185;Train TER;Car TER;uic;467359367;Q2458976;;;87437798;La Rochelle Porte Dauphine
TN8743780;gare;Aytré Plage;Aytré Plage;Aytré Plage;8743780;87437806;46.127582;-1.128358;FR;Europe/Paris;Q72240;Train TER;Car TER;uic;9874980553;Q2743854;;;87437806;Aytré Plage
TN8743955;gare;Vitrolles Aéroport Marseille P;Vitrolles Aéroport Marseille Provence;Vitrolles Aéroport Marseille Provence;8743955;87439554;43.441229;5.237115;FR;Europe/Paris;Q205709;Train TER;Car TER;uic;10782525261;Q2462992;;;87439554;Vitrolles Aéroport Marseille P
TN8744001;arret_car;La Fouillade;La Fouillade;La Fouillade;8744001;87440016;44.231109;2.041993;FR;Europe/Paris;Q1082376;;Car TER;gtfs;;;;;87440016;La Fouillade
TN8744244;arret_car;Montauban Prax Paris;Montauban Prax Paris;Montauban Prax Paris;8744244;87442442;44.017505;1.358185;FR;Europe/Paris;Q172593;;Car TER;gtfs;;;;;87442442;Montauban Prax Paris
TN8744400;gare;Caen;Caen;Caen;8744400;87444000;49.176762;-0.347466;FR;Europe/Paris;Q41185;Train TER;Car TER;uic;5598384401;Q3096112;;;87444000;Caen
TN8744404;gare;Bretteville-Norrey;Bretteville-Norrey;Bretteville-Norrey;8744404;87444042;49.203404;-0.512747;FR;Europe/Paris;Q27031429;Train TER;;uic;2015018013;Q3096062;;;87444042;Bretteville - Norrey
TN8744405;gare;Audrieu;Audrieu;Audrieu;8744405;87444059;49.216266;-0.596085;FR;Europe/Paris;Q513988;Train TER;;uic;3467066693;Q2353104;;;87444059;Audrieu
TN8744406;gare;Bayeux;Bayeux;Bayeux;8744406;87444067;49.269602;-0.697928;FR;Europe/Paris;Q183910;Train TER;;uic;5598395305;Q2189086;;;87444067;Bayeux
TN8744408;gare;Le Molay-Littry;Le Molay-Littry;Le Molay-Littry;8744408;87444083;49.249198;-0.881561;FR;Europe/Paris;Q537535;Train TER;;uic;4966009012;Q3098213;;;87444083;Le Molay-Littry
TN8744418;gare;Frénouville - Cagny;Frénouville - Cagny;Frénouville - Cagny;8744418;87444182;49.141251;-0.260379;FR;Europe/Paris;Q1013635;Train TER;;uic;3467074093;Q2739456;;;87444182;Frénouville - Cagny
TN8744419;gare;Moult - Argences;Moult - Argences;Moult - Argences;8744419;87444190;49.11121;-0.186423;FR;Europe/Paris;Q27062359;Train TER;;uic;3467078193;Q2662313;;;87444190;Moult - Argences
TN8744420;gare;Mézidon - Canon;Mézidon - Canon;Mézidon - Canon;8744420;87444208;49.070949;-0.074952;FR;Europe/Paris;Q27139740;Train TER;;uic;11135900285;Q2431537;;;87444208;Mézidon - Canon
TN8744421;gare;Saint-Pierre-sur-Dives;Saint-Pierre-sur-Dives;Saint-Pierre-sur-Dives;8744421;87444216;49.023137;-0.040623;FR;Europe/Paris;Q27098506;Train TER;;uic;3467079293;Q3097601;;;87444216;Saint-Pierre-sur-Dives
TN8744426;gare;Lisieux;Lisieux;Lisieux;8744426;87444265;49.138202;0.231231;FR;Europe/Paris;Q188743;Train TER;Car TER;uic;5310242686;Q927533;;;87444265;Lisieux
TN8744429;gare;Bernay;Bernay;Bernay;8744429;87444299;49.08709;0.595681;FR;Europe/Paris;Q18105;Train TER;;uic;10068108301;Q2342378;;;87444299;Bernay
TN8744431;gare;Serquigny;Serquigny;Serquigny;8744431;87444315;49.107524;0.718898;FR;Europe/Paris;Q662658;Train TER;;uic;4562308245;Q2263441;;;87444315;Serquigny
TN8744432;gare;Le Grand Jardin;Le Grand Jardin;Le Grand Jardin;8744432;87444323;49.150685;0.22701;FR;Europe/Paris;Q188743;Train TER;;uic;10745389120;Q770591;;;87444323;Le Grand Jardin
TN8744434;gare;Pont-l'Évêque;Pont-l'Évêque;Pont-l'Évêque;8744434;87444349;49.287044;0.191974;FR;Europe/Paris;Q221517;Train TER;Car TER;gtfs;;;;;87444349;Pont-l'Évêque
TN8744437;gare;Trouville - Deauville;Trouville - Deauville;Trouville - Deauville;8744437;87444372;49.359384;0.084719;FR;Europe/Paris;Q209021;Train TER;Car TER;uic;5586374035;Q2192230;;;87444372;Trouville - Deauville
TN8744453;gare;Argentan;Argentan;Argentan;8744453;87444539;48.738402;-0.025711;FR;Europe/Paris;Q207622;Train TER;Car TER;uic;13239075826;Q3095666;;;87444539;Argentan
TN8744456;gare;Surdon;Surdon;Surdon;8744456;87444562;48.665345;0.133398;FR;Europe/Paris;Q1096183;Train TER;Car TER;uic;2351574817;Q3097805;;;87444562;Surdon
TN8744460;gare;Sainte-Gauburge;Sainte-Gauburge;Sainte-Gauburge;8744460;87444604;48.71727;0.429079;FR;Europe/Paris;Q1410495;Train TER;;uic;2501389646;Q2340022;;;87444604;Sainte-Gauburge
TN8744463;gare;L'Aigle;L'Aigle;L'Aigle;8744463;87444638;48.766304;0.620073;FR;Europe/Paris;Q500588;Train TER;;uic;2351574804;Q3096721;;;87444638;L'Aigle
TN8744469;gare;Sées;Sées;Sées;8744469;87444695;48.599941;0.166197;FR;Europe/Paris;Q818913;Train TER;Car TER;uic;8862658245;Q2250897;;;87444695;Sées
TN8744471;gare;Alençon;Alençon;Alençon;8744471;87444711;48.433983;0.098634;FR;Europe/Paris;Q181269;Train TER;Car TER;uic;3467086693;Q2390674;;;87444711;Alençon
TN8744487;gare;Cherbourg;Cherbourg;Cherbourg;8744487;87444877;49.633518;-1.621487;FR;Europe/Paris;Q21008210;Train TER;;gtfs;;;;;87444877;Cherbourg
TN8744617;gare;Saint-Cyprien Arènes;Saint-Cyprien Arènes;Saint-Cyprien Arènes;8744617;87446179;43.594048;1.416493;FR;Europe/Paris;Q7880;Train TER;;gtfs;;;;;87446179;Saint-Cyprien Arènes
TN8744700;gare;Saint-Lô;Saint-Lô;Saint-Lô;8744700;87447003;49.116975;-1.099525;FR;Europe/Paris;Q181704;Train TER;Car TER;gtfs;;;;;87447003;Saint-Lô
TN8744711;gare;Coutances;Coutances;Coutances;8744711;87447110;49.04283;-1.44138;FR;Europe/Paris;Q202565;Train TER;Car TER;uic;8862955466;Q3096316;;;87447110;Coutances
TN8744721;gare;Lison;Lison;Lison;8744721;87447219;49.226905;-1.050379;FR;Europe/Paris;Q629887;Train TER;Car TER;uic;8862955467;Q3096895;;;87447219;Lison
TN8744724;gare;Carentan;Carentan;Carentan;8744724;87447243;49.302482;-1.244938;FR;Europe/Paris;Q28723557;Train TER;;gtfs;;;;;87447243;Carentan
TN8744728;gare;Valognes;Valognes;Valognes;8744728;87447284;49.505454;-1.47986;FR;Europe/Paris;Q326879;Train TER;;gtfs;;;;;87447284;Valognes
TN8744764;gare;Folligny;Folligny;Folligny;8744764;87447649;48.829863;-1.407376;FR;Europe/Paris;Q1063335;Train TER;;uic;12107173238;Q605114;;;87447649;Folligny
TN8744768;gare;Granville;Granville;Granville;8744768;87447680;48.838433;-1.587349;FR;Europe/Paris;Q333559;Train TER;Car TER;uic;13236290404;Q2485783;;;87447680;Granville
TN8744769;gare;Villedieu-les-Poêles;Villedieu-les-Poêles;Villedieu-les-Poêles;8744769;87447698;48.834226;-1.225484;FR;Europe/Paris;Q21294460;Train TER;Car TER;uic;13270982143;Q736869;;;87447698;Villedieu-les-Poêles
TN8744800;gare;Flers;Flers;Flers;8744800;87448001;48.744637;-0.573575;FR;Europe/Paris;Q534812;Train TER;;uic;13271119899;Q967312;;;87448001;Flers
TN8744808;gare;Briouze;Briouze;Briouze;8744808;87448084;48.702016;-0.368257;FR;Europe/Paris;Q660002;Train TER;;uic;13271862611;Q1811170;;;87448084;Briouze
TN8744815;gare;Vire;Vire;Vire;8744815;87448159;48.846462;-0.882899;FR;Europe/Paris;Q21979810;Train TER;;uic;5307181730;Q1997656;;;87448159;Vire
TN8744851;gare;Avranches;Avranches;Avranches;8744851;87448514;48.690273;-1.370041;FR;Europe/Paris;Q204430;Train TER;Car TER;uic;11142343440;Q2709420;;;87448514;Avranches
TN8744918;arret_car;Saint-Martory Centre;Saint-Martory Centre;Saint-Martory Centre;8744918;87449181;43.141141;0.930616;FR;Europe/Paris;Q816906;;Car TER;gtfs;;;;;87449181;Saint-Martory Centre
TN8745006;arret_car;Meymac Bourg;Meymac Bourg;Meymac Bourg;8745006;87450064;45.535035;2.146824;FR;Europe/Paris;Q191784;;Car TER;gtfs;;;;;87450064;Meymac Bourg
TN8745087;arret_car;Grèzes Séverac-l'Eglise;Grèzes Séverac-l'Eglise;Grèzes Séverac-l'Eglise;8745087;87450874;44.367687;2.851695;FR;Europe/Paris;Q21979702;;Car TER;gtfs;;;;;87450874;Grèzes Séverac-l'Eglise
TN8745365;arret_car;Costaros;Costaros;Costaros;8745365;87453654;44.894412;3.849557;FR;Europe/Paris;Q1111541;;Car TER;gtfs;;;;;87453654;Costaros
TN8745367;arret_car;Pradelles;Pradelles;Pradelles;8745367;87453670;44.769726;3.883214;FR;Europe/Paris;Q638239;;Car TER;gtfs;;;;;87453670;Pradelles
TN8745500;arret_car;Montgaillard;Montgaillard;Montgaillard;8745500;87455006;42.933631;1.634198;FR;Europe/Paris;Q925331;;Car TER;gtfs;;;;;87455006;Montgaillard
TN8745881;arret_car;Buzy Rue d'Etain;Buzy Rue d'Etain;Buzy Rue d'Etain;8745881;87458810;49.171077;5.709978;FR;Europe/Paris;Q1048050;;Car TER;gtfs;;;;;87458810;Buzy Rue d'Etain
TN8745882;arret_car;Étain Centre;Étain Centre;Étain Centre;8745882;87458828;49.213443;5.635104;FR;Europe/Paris;Q59724;;Car TER;gtfs;;;;;87458828;Étain Centre
TN8745883;arret_car;Verdun la Tour du Champ;Verdun la Tour du Champ;Verdun la Tour du Champ;8745883;87458836;49.163989;5.399661;FR;Europe/Paris;Q154748;;Car TER;gtfs;;;;;87458836;Verdun la Tour du Champ
TN8745886;arret_car;Neufchâteau Lycée Professionnel;Neufchâteau Lycée Professionnel;Neufchâteau Lycée Professionnel;8745886;87458869;48.360794;5.702226;FR;Europe/Paris;Q131581675;;Car TER;gtfs;;;;;87458869;Neufchâteau Lycée Professionnel
TN8746208;gare;Chamonix - Aiguille du Midi;Chamonix - Aiguille du Midi;Chamonix - Aiguille du Midi;8746208;87462085;45.919926;6.866725;FR;Europe/Paris;Q83236;Train TER;;uic;250865758;Q2667134;;;87462085;Chamonix Aiguille du Midi
TN8746239;arret_car;Fleurance Gendarmerie;Fleurance Gendarmerie;Fleurance Gendarmerie;8746239;87462390;43.849;0.663;FR;Europe/Paris;Q473923;;Car TER;gtfs;;;;;87462390;Fleurance Gendarmerie
TN8746279;arret_car;Saint-Sauvy;Saint-Sauvy;Saint-Sauvy;8746279;87462796;43.689879;0.826808;FR;Europe/Paris;Q1004792;;Car TER;gtfs;;;;;87462796;Saint-Sauvy
TN8746281;arret_car;Gimat Salle des Fetes;Gimat Salle des Fetes;Gimat Salle des Fetes;8746281;87462812;43.851156;0.941691;FR;Europe/Paris;Q1359632;;Car TER;gtfs;;;;;87462812;Gimat Salle des Fetes
TN8746282;arret_car;Bourret les Gourdis;Bourret les Gourdis;Bourret les Gourdis;8746282;87462820;43.946655;1.150947;FR;Europe/Paris;Q1217859;;Car TER;gtfs;;;;;87462820;Bourret les Gourdis
TN8746296;arret_car;Cholet Hôtel de Ville;Cholet Hôtel de Ville;Cholet Hôtel de Ville;8746296;87462960;47.058396;-0.879363;FR;Europe/Paris;Q185066;;Car TER;gtfs;;;;;87462960;Cholet Hôtel de Ville
TN8746308;arret_car;Nantes Pirmil;Nantes Pirmil;Nantes Pirmil;8746308;87463083;47.196728;-1.543024;FR;Europe/Paris;Q12191;;Car TER;gtfs;;;;;87463083;Nantes Pirmil
TN8746312;arret_car;Sainte-Pazanne rue du Vigneau;Sainte-Pazanne rue du Vigneau;Sainte-Pazanne rue du Vigneau;8746312;87463125;47.105861;-1.810864;FR;Europe/Paris;Q1165075;;Car TER;gtfs;;;;;87463125;Sainte-Pazanne rue du Vigneau
TN8747100;gare;Rennes;Rennes;Rennes;8747100;87471003;48.103193;-1.672381;FR;Europe/Paris;Q647;OUIGO|TGV INOUI|Train TER;Car TER|Car à réservation;uic;4250849558;Q1866058;;;87471003;Rennes
TN8747102;gare;Vern;Vern;Vern;8747102;87471029;48.047125;-1.596661;FR;Europe/Paris;Q637241;Train TER;Car TER;uic;13092312921;Q1998060;;;87471029;Vern
TN8747103;gare;Bruz;Bruz;Bruz;8747103;87471037;48.028608;-1.751806;FR;Europe/Paris;Q216837;Train TER;Car TER;uic;480250288;Q3096079;;;87471037;Bruz
TN8747104;gare;Betton;Betton;Betton;8747104;87471045;48.181429;-1.634308;FR;Europe/Paris;Q633861;Train TER;;uic;9554649081;Q2103004;;;87471045;Betton
TN8747105;gare;Saint-Jacques-de-la-Lande;Saint-Jacques-de-la-Lande;Saint-Jacques-de-la-Lande;8747105;87471052;48.067548;-1.71377;FR;Europe/Paris;Q535371;Train TER;;uic;4586439877;Q2622749;;;87471052;Saint-Jacques-de-la-Lande
TN8747106;gare;L'Hermitage-Mordelles;L'Hermitage-Mordelles;L'Hermitage-Mordelles;8747106;87471060;48.123186;-1.819765;FR;Europe/Paris;Q654918;Train TER;;uic;4253141654;Q2780102;;;87471060;L'Hermitage - Mordelles
TN8747107;gare;Montfort-sur-Meu;Montfort-sur-Meu;Montfort-sur-Meu;8747107;87471078;48.138954;-1.948825;FR;Europe/Paris;Q231771;Train TER;Car TER;uic;9554649084;Q2461161;;;87471078;Montfort-sur-Meu
TN8747108;gare;Montauban-de-Bretagne;Montauban-de-Bretagne;Montauban-de-Bretagne;8747108;87471086;48.190032;-2.052741;FR;Europe/Paris;Q162569;Train TER;Car TER;uic;4290857028;Q2270053;;XFMDT;87471086;Montauban-de-Bretagne
TN8747109;gare;La Brohinière;La Brohinière;La Brohinière;8747109;87471094;48.213466;-2.110335;FR;Europe/Paris;Q162569;Train TER;;uic;4264628732;Q3096755;;XFLBR;87471094;La Brohinière
TN8747110;gare;Breteil;Breteil;Breteil;8747110;87471102;48.140571;-1.897209;FR;Europe/Paris;Q210664;Train TER;;uic;3467544494;Q2847254;;;87471102;Breteil
TN8747114;gare;Laillé;Laillé;Laillé;8747114;87471144;47.971771;-1.749601;FR;Europe/Paris;Q864120;Train TER;;uic;2407791375;Q2910832;;;87471144;Laillé
TN8747115;gare;Guichen - Bourg-des-Comptes;Guichen - Bourg-des-Comptes;Guichen - Bourg-des-Comptes;8747115;87471151;47.935081;-1.760048;FR;Europe/Paris;Q864120;Train TER;Car TER;uic;835038952;Q2642356;;;87471151;Guichen - Bourg-des-Comptes
TN8747116;gare;Saint-Senoux - Pléchâtel;Saint-Senoux - Pléchâtel;Saint-Senoux - Pléchâtel;8747116;87471169;47.897729;-1.766331;FR;Europe/Paris;Q1070808;Train TER;;uic;3467892708;Q2632104;;;87471169;Saint-Senoux - Pléchâtel
TN8747117;gare;Pléchâtel;Pléchâtel;Pléchâtel;8747117;87471177;47.871941;-1.77656;FR;Europe/Paris;Q1011295;Train TER;;uic;8443057405;Q647170;;;87471177;Pléchâtel
TN8747118;gare;Messac - Guipry;Messac - Guipry;Messac - Guipry;8747118;87471185;47.822439;-1.818257;FR;Europe/Paris;Q20669771;Train TER;Car TER;uic;8443070543;Q2488806;;;87471185;Messac - Guipry
TN8747120;gare;Fougeray - Langon;Fougeray - Langon;Fougeray - Langon;8747120;87471201;47.729804;-1.851106;FR;Europe/Paris;Q475738;Train TER;;uic;8348872157;Q3096465;;;87471201;Fougeray - Langon
TN8747121;gare;Beslé;Beslé;Beslé;8747121;87471219;47.698879;-1.870637;FR;Europe/Paris;Q923382;Train TER;;gtfs;;;;;87471219;Beslé
TN8747122;gare;Massérac;Massérac;Massérac;8747122;87471227;47.674531;-1.91401;FR;Europe/Paris;Q1065350;Train TER;;uic;3486353394;;;;87471227;Massérac
TN8747130;gare;Redon;Redon;Redon;8747130;87471300;47.651814;-2.088404;FR;Europe/Paris;Q206837;TGV INOUI|Train TER;Car TER;uic;4325220462;Q2789845;;;87471300;Redon
TN8747131;gare;Saint-Armel;Saint-Armel;Saint-Armel;8747131;87471318;48.014682;-1.594855;FR;Europe/Paris;Q774666;Train TER;Car TER;uic;13092312920;Q2398457;;;87471318;Saint-Armel
TN8747132;gare;Corps-Nuds;Corps-Nuds;Corps-Nuds;8747132;87471326;47.985172;-1.575299;FR;Europe/Paris;Q1011038;Train TER;Car TER;uic;13092312919;Q2150105;;;87471326;Corps-Nuds
TN8747133;gare;Janzé;Janzé;Janzé;8747133;87471334;47.955308;-1.497627;FR;Europe/Paris;Q662265;Train TER;Car TER;gtfs;;;;;87471334;Janzé
TN8747134;gare;Le Theil-de-Bretagne;Le Theil-de-Bretagne;Le Theil-de-Bretagne;8747134;87471342;47.91875;-1.43196;FR;Europe/Paris;Q213656;Train TER;Car TER;uic;2505733637;Q3098241;;;87471342;Le Theil-de-Bretagne
TN8747135;gare;Retiers;Retiers;Retiers;8747135;87471359;47.913356;-1.389746;FR;Europe/Paris;Q301556;Train TER;Car TER;uic;4332171328;Q1826665;;;87471359;Retiers
TN8747136;gare;Martigné-Ferchaud;Martigné-Ferchaud;Martigné-Ferchaud;8747136;87471367;47.832071;-1.313827;FR;Europe/Paris;Q1074547;Train TER;Car TER;uic;4332184928;Q2191724;;;87471367;Martigné-Ferchaud
TN8747139;gare;Pontchaillou;Pontchaillou;Pontchaillou;8747139;87471391;48.118935;-1.69092;FR;Europe/Paris;Q647;Train TER;;uic;3385636901;Q3126252;;;87471391;Pontchaillou
TN8747145;gare;Chevaigné;Chevaigné;Chevaigné;8747145;87471458;48.208931;-1.630781;FR;Europe/Paris;Q1011045;Train TER;;uic;946524812;Q2686580;;;87471458;Chevaigné
TN8747150;gare;Vitré;Vitré;Vitré;8747150;87471508;48.122497;-1.212077;FR;Europe/Paris;Q234704;TGV INOUI|Train TER;Car TER;uic;4290859697;Q2330319;;XFVTE;87471508;Vitré
TN8747151;gare;Les Lacs;Les Lacs;Les Lacs;8747151;87471516;48.109417;-1.320891;FR;Europe/Paris;Q222962;Train TER;;uic;2486683860;Q2213900;;;87471516;Les Lacs
TN8747152;gare;Châteaubourg;Châteaubourg;Châteaubourg;8747152;87471524;48.106189;-1.40512;FR;Europe/Paris;Q456809;Train TER;Car TER;uic;9554649082;Q3096234;;;87471524;Châteaubourg
TN8747153;gare;Servon;Servon;Servon;8747153;87471532;48.112216;-1.466739;FR;Europe/Paris;Q1070460;Train TER;;uic;2486683556;Q2913679;;;87471532;Servon
TN8747154;gare;Noyal - Acigné;Noyal - Acigné;Noyal - Acigné;8747154;87471540;48.118766;-1.527991;FR;Europe/Paris;Q545801;Train TER;;uic;522070666;Q736002;;;87471540;Noyal - Acigné
TN8747260;gare;Thann Centre;Thann Centre;Thann Centre;8747260;87472605;47.810024;7.101056;FR;Europe/Paris;Q207570;Train TER|TramTrain;;uic;4396506776;Q3097850;;;87472605;Thann Centre
TN8747263;gare;Zu Rhein;Mulhouse Zu Rhein;Mulhouse Zu Rhein;8747263;87472639;47.743558;7.317002;FR;Europe/Paris;Q79815;TramTrain;;uic;13399426849;;;;87472639;Zu Rhein
TN8747300;gare;Saint-Brieuc;Saint-Brieuc;Saint-Brieuc;8747300;87473009;48.507317;-2.764901;FR;Europe/Paris;Q29234;OUIGO|TGV INOUI|Train TER;Car TER|Car à réservation;uic;4280767167;Q2206905;;XFSBC;87473009;Saint-Brieuc
TN8747305;gare;Quédillac;Quédillac;Quédillac;8747305;87473058;48.24859;-2.14533;FR;Europe/Paris;Q1074627;Train TER;Car TER;uic;2515241412;Q2223088;;;87473058;Quédillac
TN8747306;gare;Caulnes;Caulnes;Caulnes;8747306;87473066;48.284407;-2.155464;FR;Europe/Paris;Q380029;Train TER;Car TER;uic;4265825273;Q2312892;;;87473066;Caulnes
TN8747307;gare;Broons;Broons;Broons;8747307;87473074;48.333408;-2.235764;FR;Europe/Paris;Q214396;Train TER;Car TER;uic;4266629401;Q607222;;;87473074;Broons
TN8747308;gare;Plénée-Jugon;Plénée-Jugon;Plénée-Jugon;8747308;87473082;48.376701;-2.354593;FR;Europe/Paris;Q1014758;Train TER;;uic;4266757293;Q2154264;;;87473082;Plénée-Jugon
TN8747309;gare;Plestan;Plestan;Plestan;8747309;87473090;48.425661;-2.442546;FR;Europe/Paris;Q223157;Train TER;;uic;4270474962;Q2269977;;XFPLE;87473090;Plestan
TN8747310;gare;Lamballe;Lamballe;Lamballe;8747310;87473108;48.46588;-2.511222;FR;Europe/Paris;Q58841416;TGV INOUI|Train TER;Car TER|Car à réservation;uic;12386545;Q2352492;;XFLAM;87473108;Lamballe
TN8747311;gare;Yffiniac;Yffiniac;Yffiniac;8747311;87473116;48.470229;-2.652469;FR;Europe/Paris;Q868555;Train TER;Car TER;uic;4279920099;Q964680;;;87473116;Yffiniac
TN8747312;gare;La Méaugon;La Méaugon;La Méaugon;8747312;87473124;48.49937;-2.843572;FR;Europe/Paris;Q1013118;Train TER;;uic;4281112023;Q1965252;;;87473124;La Méaugon
TN8747313;gare;Plouvara - Plerneuf;Plouvara-Pleurneuf;Plouvara-Pleurneuf;8747313;87473132;48.508474;-2.892015;FR;Europe/Paris;Q958352;Train TER;;uic;4286681979;Q2360803;;;87473132;Plouvara - Plerneuf
TN8747314;gare;Châtelaudren - Plouagat;Châtelaudren - Plouagat;Châtelaudren - Plouagat;8747314;87473140;48.533254;-2.974613;FR;Europe/Paris;Q58840683;Train TER;Car TER;uic;4286681977;Q2637353;;;87473140;Châtelaudren - Plouagat
TN8747316;gare;Belle-Isle-Bégard;Belle-Isle-Bégard;Belle-Isle-Bégard;8747316;87473165;48.593587;-3.322868;FR;Europe/Paris;Q1014743;Train TER;;uic;4294187920;Q2375803;;;87473165;Belle-Isle - Bégard
TN8747318;gare;Plouaret - Trégor;Plouaret - Trégor;Plouaret - Trégor;8747318;87473181;48.606209;-3.466749;FR;Europe/Paris;Q225616;TGV INOUI|Train TER;Car TER;uic;4294306010;Q2434830;;;87473181;Plouaret Trégor
TN8747319;gare;Plounérin;Plounérin;Plounérin;8747319;87473199;48.581673;-3.568055;FR;Europe/Paris;Q1013483;Train TER;;uic;2531895267;Q2691468;;XFPNR;87473199;Plounérin
TN8747320;gare;Guingamp;Guingamp;Guingamp;8747320;87473207;48.555493;-3.143341;FR;Europe/Paris;Q193808;OUIGO|TGV INOUI|Train TER;Car TER;uic;4292695946;Q586244;;;87473207;Guingamp
TN8747322;gare;Lannion;Lannion;Lannion;8747322;87473223;48.72743;-3.46026;FR;Europe/Paris;Q207581;TGV INOUI|Train TER;Car TER;uic;12385878;Q2602045;;;87473223;Lannion
TN8747326;gare;Landébia;Landébia;Landébia;8747326;87473264;48.50743;-2.331375;FR;Europe/Paris;Q975635;Train TER;;uic;2286097271;Q2632632;;;87473264;Landébia
TN8747327;gare;Plancoët;Plancoët;Plancoët;8747327;87473272;48.521759;-2.228991;FR;Europe/Paris;Q868439;Train TER;;uic;9554676516;Q1964745;;;87473272;Plancoët
TN8747350;gare;Carhaix;Carhaix;Carhaix;8747350;87473504;48.277995;-3.562198;FR;Europe/Paris;Q208226;Train TER;;uic;11135871533;Q2675810;;;87473504;Carhaix
TN8747351;gare;Moustéru;Moustéru;Moustéru;8747351;87473512;48.507477;-3.243391;FR;Europe/Paris;Q841084;Train TER;;uic;8957042110;Q2109565;;;87473512;Moustéru
TN8747352;gare;Pont-Melvez;Pont-Melvez;Pont-Melvez;8747352;87473520;48.470201;-3.311375;FR;Europe/Paris;Q1013086;Train TER;;uic;2697718632;Q2650643;;;87473520;Pont-Melvez
TN8747353;gare;Plougonver;Plougonver;Plougonver;8747353;87473538;48.458413;-3.370458;FR;Europe/Paris;Q221408;Train TER;;uic;2697796113;Q3097284;;;87473538;Plougonver
TN8747354;gare;Callac;Callac;Callac;8747354;87473546;48.406192;-3.419732;FR;Europe/Paris;Q223699;Train TER;;uic;2530617158;Q2764808;;;87473546;Callac
TN8747355;gare;Le Pénity;Le Pénity;Le Pénity;8747355;87473553;48.364623;-3.476395;FR;Europe/Paris;Q868509;Train TER;;uic;3467582893;Q3098226;;;87473553;Le Pénity
TN8747356;gare;Carnoët - Locarn;Carnoët - Locarn;Carnoët - Locarn;8747356;87473561;48.340481;-3.490711;FR;Europe/Paris;Q868444;Train TER;;uic;1566306642;Q2469362;;;87473561;Carnoët - Locarn
TN8747357;gare;Coat-Guegan;Coat-Guegan;Coat-Guegan;8747357;87473579;48.480333;-3.273804;FR;Europe/Paris;Q1013086;Train TER;;uic;2697726323;Q2068634;;;87473579;Coat Guégan
TN8747358;gare;Les Mais;Lesmaes;Lesmaes;8747358;87473587;48.426294;-3.382873;FR;Europe/Paris;Q223699;Train TER;;uic;2697826532;Q2649057;;;87473587;Les Mais
TN8747380;gare;Gourland;Gourland;Gourland;8747380;87473801;48.560983;-3.16685;FR;Europe/Paris;Q1021363;Train TER;;uic;822544166;Q2580678;;;87473801;Gourland
TN8747381;gare;Trégonneau - Squiffiec;Trégonneau - Squiffiec;Trégonneau - Squiffiec;8747381;87473819;48.624745;-3.174201;FR;Europe/Paris;Q640723;Train TER;;uic;822544831;Q3097907;;;87473819;Trégonneau - Squiffiec
TN8747382;gare;Brélidy - Plouëc;Brélidy - Plouëc;Brélidy - Plouëc;8747382;87473827;48.669572;-3.19651;FR;Europe/Paris;Q1023496;Train TER;;uic;822544600;Q592960;;;87473827;Brélidy - Plouec
TN8747383;gare;Pontrieux Halte;Pontrieux Halte;Pontrieux Halte;8747383;87473835;48.698068;-3.164496;FR;Europe/Paris;Q226476;Train TER;;uic;822544382;Q1836347;;;87473835;Pontrieux Halte
TN8747384;gare;Pontrieux;Pontrieux;Pontrieux;8747384;87473843;48.70566;-3.15717;FR;Europe/Paris;Q226476;Train TER;;uic;13397415805;Q1810028;;;87473843;Pontrieux
TN8747385;gare;Lancerf;Lancerf;Lancerf;8747385;87473850;48.761873;-3.11814;FR;Europe/Paris;Q387815;Train TER;;uic;1417609159;Q1923442;;;87473850;Lancerf
TN8747386;gare;Paimpol;Paimpol;Paimpol;8747386;87473868;48.77691;-3.046079;FR;Europe/Paris;Q322453;Train TER;;uic;822544887;Q2343244;;;87473868;Paimpol
TN8747387;gare;Frynaudour;Frynaudour;Frynaudour;8747387;87473876;48.727605;-3.128471;FR;Europe/Paris;Q387815;Train TER;;uic;822544141;Q2178655;;;87473876;Frynaudour
TN8747400;gare;Brest;Brest;Brest;8747400;87474007;48.387694;-4.480093;FR;Europe/Paris;Q12193;OUIGO|TGV INOUI|Train TER;Car TER;uic;2207570062;Q2255490;;;87474007;Brest
TN8747401;gare;Dirinon;Dirinon-Loperhet;Dirinon-Loperhet;8747401;87474015;48.392624;-4.28552;FR;Europe/Paris;Q495647;Train TER;Car TER;uic;4327139689;Q1838040;;;87474015;Dirinon
TN8747405;gare;Pont-de-Buis;Pont-de-Buis;Pont-de-Buis;8747405;87474056;48.254282;-4.086341;FR;Europe/Paris;Q602550;Train TER;Car TER;uic;2544582427;Q2105624;;;87474056;Pont-de-Buis
TN8747406;gare;Châteaulin;Châteaulin;Châteaulin;8747406;87474064;48.20183;-4.094183;FR;Europe/Paris;Q202374;Train TER;Car TER;uic;4329628157;Q2644205;;;87474064;Châteaulin
TN8747409;gare;Quimper;Quimper;Quimper;8747409;87474098;47.994698;-4.092211;FR;Europe/Paris;Q342;OUIGO|TGV INOUI|Train TER;Car TER;uic;4986753876;Q2191696;;;87474098;Quimper
TN8747415;gare;Rosporden;Rosporden;Rosporden;8747415;87474155;47.960446;-3.832686;FR;Europe/Paris;Q328771;TGV INOUI|Train TER;Car TER;uic;4332170806;Q2739444;;;87474155;Rosporden
TN8747418;gare;Bannalec;Bannalec;Bannalec;8747418;87474189;47.92662;-3.70633;FR;Europe/Paris;Q318227;Train TER;Car TER;uic;13092312917;Q2445023;;;87474189;Bannalec
TN8747421;gare;Kerhuon;Kerhuon;Kerhuon;8747421;87474213;48.409615;-4.388172;FR;Europe/Paris;Q475519;Train TER;Car TER;uic;4317319449;Q1963578;;;87474213;Kerhuon
TN8747422;gare;La Forest-Landerneau;La Forest-Landerneau;La Forest-Landerneau;8747422;87474221;48.426377;-4.307263;FR;Europe/Paris;Q383345;Train TER;Car TER;uic;4316740708;Q2340141;;;87474221;La Forest-Landerneau
TN8747423;gare;Landerneau;Landerneau;Landerneau;8747423;87474239;48.453825;-4.256478;FR;Europe/Paris;Q325946;TGV INOUI|Train TER;Car TER;uic;8405611657;Q2878538;;;87474239;Landerneau
TN8747426;gare;La Roche-Maurice;La Roche-Maurice;La Roche-Maurice;8747426;87474262;48.474084;-4.205092;FR;Europe/Paris;Q208272;Train TER;;uic;4307622756;Q2268018;;;87474262;La Roche-Maurice
TN8747427;gare;Landivisiau;Landivisiau;Landivisiau;8747427;87474270;48.495804;-4.082203;FR;Europe/Paris;Q329653;Train TER;Car TER;uic;4307071349;Q1970255;;;87474270;Landivisiau
TN8747429;gare;Guimiliau;Guimiliau;Guimiliau;8747429;87474296;48.485253;-3.999597;FR;Europe/Paris;Q384471;Train TER;;uic;4305612287;Q2579335;;;87474296;Guimiliau
TN8747431;gare;Saint-Thégonnec;Saint-Thégonnec;Saint-Thégonnec;8747431;87474312;48.494492;-3.947852;FR;Europe/Paris;Q21948460;Train TER;;uic;4304803100;Q3097628;;;87474312;Saint-Thégonnec
TN8747432;gare;Pleyber-Christ;Pleyber-Christ;Pleyber-Christ;8747432;87474320;48.507814;-3.882546;FR;Europe/Paris;Q475828;Train TER;;uic;4337102790;Q1907723;;;87474320;Pleyber-Christ
TN8747433;gare;Morlaix;Morlaix;Morlaix;8747433;87474338;48.578071;-3.832853;FR;Europe/Paris;Q202368;OUIGO|TGV INOUI|Train TER;Car TER;uic;4301927151;Q2125764;;;87474338;Morlaix
TN8747441;gare;Plouigneau;Plouigneau;Plouigneau;8747441;87474411;48.564714;-3.710228;FR;Europe/Paris;Q60649712;Train TER;;uic;4337102791;Q954921;;;87474411;Plouigneau
TN8747600;gare;Lorient;Lorient;Lorient;8747600;87476002;47.755113;-3.36695;FR;Europe/Paris;Q71724;OUIGO|TGV INOUI|Train TER;Car TER|Car à réservation;uic;10940619366;Q3096910;;;87476002;Lorient
TN8747620;gare;Auray;Auray;Auray;8747620;87476200;47.680434;-3.001243;FR;Europe/Paris;Q62958;OUIGO|TGV INOUI|Train TER;Car TER|Car à réservation;uic;13092312918;Q3095699;;;87476200;Auray
TN8747622;gare;Landaul - Mendon;Landaul - Mendon;Landaul - Mendon;8747622;87476226;47.735733;-3.085744;FR;Europe/Paris;Q71048;Train TER;;uic;3467892707;Q3096845;;;87476226;Landaul - Mendon
TN8747623;gare;Landévant;Landévant;Landévant;8747623;87476234;47.759578;-3.125131;FR;Europe/Paris;Q71573;Train TER;;uic;3467899508;Q3096850;;;87476234;Landévant
TN8747624;gare;Brandérion;Brandérion;Brandérion;8747624;87476242;47.782209;-3.194181;FR;Europe/Paris;Q62863;Train TER;;uic;3467894401;Q1891517;;;87476242;Brandérion
TN8747625;gare;Hennebont;Hennebont;Hennebont;8747625;87476259;47.799163;-3.285803;FR;Europe/Paris;Q71503;Train TER;Car TER;uic;6530431419;Q2689206;;;87476259;Hennebont
TN8747630;gare;Gestel;Gestel;Gestel;8747630;87476309;47.802964;-3.443161;FR;Europe/Paris;Q69555;Train TER;Car TER;uic;10831754682;Q3096537;;;87476309;Gestel
TN8747631;gare;Quimperlé;Quimperlé;Quimperlé;8747631;87476317;47.86947;-3.553014;FR;Europe/Paris;Q235382;TGV INOUI|Train TER;Car TER;uic;9466606340;Q2461360;;;87476317;Quimperlé
TN8747660;gare;Vannes;Vannes;Vannes;8747660;87476606;47.665299;-2.75259;FR;Europe/Paris;Q6593;OUIGO|TGV INOUI|Train TER;Car TER|Car à réservation;uic;394710073;Q1867341;;XFVAN;87476606;Vannes
TN8747664;gare;Sainte-Anne;Sainte-Anne;Sainte-Anne;8747664;87476648;47.678493;-2.960444;FR;Europe/Paris;Q128997;Train TER;;nom;13861049373;;;;87476648;Sainte-Anne
TN8747667;gare;Questembert;Questembert;Questembert;8747667;87476671;47.683021;-2.449621;FR;Europe/Paris;Q127808;Train TER;Car TER;gtfs;;;;;87476671;Questembert
TN8747668;gare;Malansac;Malansac;Malansac;8747668;87476689;47.675722;-2.295526;FR;Europe/Paris;Q70751;Train TER;Car TER;uic;4050012616;Q2067488;;;87476689;Malansac
TN8747675;gare;Sévérac;Sévérac;Sévérac;8747675;87476754;47.54993;-2.072769;FR;Europe/Paris;Q673671;Train TER;Car TER;uic;4330657302;Q3097817;;;87476754;Sévérac
TN8747676;gare;Saint-Gildas-des-Bois;Saint-Gildas-des-Bois;Saint-Gildas-des-Bois;8747676;87476762;47.516644;-2.043976;FR;Europe/Paris;Q1064546;Train TER;Car TER;uic;3486353593;Q2315187;;;87476762;Saint-Gildas-des-bois
TN8747677;gare;Drefféac;Drefféac;Drefféac;8747677;87476770;47.48237;-2.050063;FR;Europe/Paris;Q942968;Train TER;Car TER;uic;8348859566;Q3096401;;;87476770;Drefféac
TN8747685;arret_car;Remilly Place du 11 Novembre;Remilly Place du 11 Novembre;Remilly Place du 11 Novembre;8747685;87476853;49.010775;6.39761;FR;Europe/Paris;Q22912;;Car TER;gtfs;;;;;87476853;Remilly Place du 11 Novembre
TN8747686;arret_car;Diebling Maison Forestière;Diebling Maison Forestière;Diebling Maison Forestière;8747686;87476861;49.112022;6.933545;FR;Europe/Paris;Q21649;;Car TER;gtfs;;;;;87476861;Diebling Maison Forestière
TN8747687;arret_car;Fénétrange Mairie;Fénétrange Mairie;Fénétrange Mairie;8747687;87476879;48.84575;7.016967;FR;Europe/Paris;Q22330;;Car TER;gtfs;;;;;87476879;Fénétrange Mairie
TN8747688;arret_car;Romelfling Rue de l'Europe;Romelfling Rue de l'Europe;Romelfling Rue de l'Europe;8747688;87476887;48.831943;7.020692;FR;Europe/Paris;Q22023;;Car TER;gtfs;;;;;87476887;Romelfling Rue de l'Europe
TN8747691;arret_car;Romelfing Église;Romelfing Église;Romelfing Église;8747691;87476911;48.831804;7.024711;FR;Europe/Paris;Q22023;;Car TER;gtfs;;;;;87476911;Romelfing Église
TN8747692;arret_car;Vatimont Mairie;Vatimont Mairie;Vatimont Mairie;8747692;87476929;48.980013;6.464483;FR;Europe/Paris;Q21835;;Car TER;gtfs;;;;;87476929;Vatimont Mairie
TN8747693;arret_car;Yutz Saint-Vitus;Yutz Saint-Vitus;Yutz Saint-Vitus;8747693;87476937;49.35616;6.19203;FR;Europe/Paris;Q21983;;Car TER;gtfs;;;;;87476937;Yutz Saint-Vitus
TN8747714;arret_car;Welferding Rue de France;Welferding Rue de France;Welferding Rue de France;8747714;87477141;49.112777;7.047472;FR;Europe/Paris;Q22642;;Car TER;gtfs;;;;;87477141;Welferding Rue de France
TN8747715;arret_car;Merten République;Merten République;Merten République;8747715;87477158;49.248988;6.667031;FR;Europe/Paris;Q21743;;Car TER;gtfs;;;;;87477158;Merten République
TN8747756;arret_car;Berthelming Mairie;Berthelming Mairie;Berthelming Mairie;8747756;87477562;48.81635;7.006759;FR;Europe/Paris;Q21864;;Car TER;gtfs;;;;;87477562;Berthelming Mairie
TN8747757;arret_car;Rehon Poste;Rehon Poste;Rehon Poste;8747757;87477570;49.504214;5.754301;FR;Europe/Paris;Q193865;;Car TER;gtfs;;;;;87477570;Rehon Poste
TN8747758;arret_car;Longwy Route de Metz;Longwy Route de Metz;Longwy Route de Metz;8747758;87477588;49.511948;5.762638;FR;Europe/Paris;Q318535;;Car TER;gtfs;;;;;87477588;Longwy Route de Metz
TN8747762;arret_car;Sarrebourg Route de Phalsbourg;Sarrebourg Route de Phalsbourg;Sarrebourg Route de Phalsbourg;8747762;87477620;48.73875;7.066387;FR;Europe/Paris;Q22544;;Car TER;gtfs;;;;;87477620;Sarrebourg Route de Phalsbourg
TN8747763;arret_car;Sarrebourg LP Messmer;Sarrebourg LP Messmer;Sarrebourg LP Messmer;8747763;87477638;48.737335;7.072717;FR;Europe/Paris;Q22544;;Car TER;gtfs;;;;;87477638;Sarrebourg LP Messmer
TN8747764;arret_car;Sarrebourg Mairie;Sarrebourg Mairie;Sarrebourg Mairie;8747764;87477646;48.732884;7.053491;FR;Europe/Paris;Q22544;;Car TER;gtfs;;;;;87477646;Sarrebourg Mairie
TN8747801;gare;Saint-Germain-sur-Ille;Saint-Germain-sur-Ille;Saint-Germain-sur-Ille;8747801;87478016;48.23948;-1.65418;FR;Europe/Paris;Q193671;Train TER;;uic;1534057395;Q2195016;;;87478016;Saint-Germain-sur-Ille
TN8747802;gare;Saint-Médard-sur-Ille;Saint-Médard-sur-Ille;Saint-Médard-sur-Ille;8747802;87478024;48.274365;-1.66779;FR;Europe/Paris;Q967037;Train TER;;uic;452435229;Q579587;;;87478024;Saint-Médard-sur-Ille
TN8747803;gare;Montreuil-sur-Ille;Montreuil-sur-Ille;Montreuil-sur-Ille;8747803;87478032;48.307329;-1.67455;FR;Europe/Paris;Q475463;Train TER;;uic;13017169898;Q2750216;;;87478032;Montreuil-sur-Ille
TN8747804;gare;Dingé;Dingé;Dingé;8747804;87478040;48.350772;-1.685983;FR;Europe/Paris;Q506948;Train TER;;uic;9868200488;Q2555932;;;87478040;Dingé
TN8747805;gare;Combourg;Combourg;Combourg;8747805;87478057;48.416183;-1.727717;FR;Europe/Paris;Q324273;Train TER;;uic;9868200487;Q2786192;;;87478057;Combourg
TN8747806;gare;Bonnemain;Bonnemain;Bonnemain;8747806;87478065;48.476405;-1.765413;FR;Europe/Paris;Q922880;Train TER;;uic;1229176730;Q2603485;;;87478065;Bonnemain
TN8747807;gare;Dol-de-Bretagne;Dol-de-Bretagne;Dol-de-Bretagne;8747807;87478073;48.543962;-1.750169;FR;Europe/Paris;Q318432;TGV INOUI|Train TER;;uic;4976946742;Q2352882;;;87478073;Dol-de-Bretagne
TN8747808;gare;La Fresnais;La Fresnais;La Fresnais;8747808;87478081;48.593685;-1.843277;FR;Europe/Paris;Q692901;Train TER;;uic;9476452136;Q2718288;;;87478081;La Fresnais
TN8747809;gare;La Gouesnière - Cancale;La Gouesnière - Cancale - Saint-Méloir-des-Ondes;La Gouesnière - Cancale - Saint-Méloir-des-Ondes;8747809;87478099;48.614531;-1.905884;FR;Europe/Paris;Q224012;Train TER;;uic;10766692018;Q3096787;;XFLGO;87478099;La Gouesnière - Cancale
TN8747810;gare;Saint-Malo;Saint-Malo;Saint-Malo;8747810;87478107;48.646604;-2.003981;FR;Europe/Paris;Q163108;TGV INOUI|Train TER;;uic;2971827322;Q2623224;;;87478107;Saint-Malo
TN8747812;gare;Plerguer;Plerguer;Plerguer;8747812;87478123;48.531464;-1.85059;FR;Europe/Paris;Q196505;Train TER;;uic;1257719584;Q3097277;;;87478123;Plerguer
TN8747813;gare;Miniac;Miniac;Miniac;8747813;87478131;48.531464;-1.914896;FR;Europe/Paris;Q748026;Train TER;;uic;9476535119;Q1893283;;;87478131;Miniac
TN8747814;gare;Pleudihen;Pleudihen;Pleudihen;8747814;87478149;48.499507;-1.96173;FR;Europe/Paris;Q383288;Train TER;;uic;9476535606;Q1916631;;;87478149;Pleudihen
TN8747815;gare;La Hisse;La Hisse;La Hisse;8747815;87478156;48.496104;-2.004214;FR;Europe/Paris;Q1012412;Train TER;;uic;9476525658;Q2591014;;;87478156;La Hisse
TN8747816;gare;Dinan;Dinan;Dinan;8747816;87478164;48.456895;-2.053537;FR;Europe/Paris;Q201311;Train TER;;uic;9554706318;Q2381874;;;87478164;Dinan
TN8747818;gare;Corseul - Languenan;Corseul - Languenan;Corseul - Languenan;8747818;87478180;48.496057;-2.141433;FR;Europe/Paris;Q193467;Train TER;;uic;1773504918;Q2389957;;;87478180;Corseul - Languenan
TN8747826;gare;Pontorson - Mont-Saint-Michel;Pontorson - Mont-Saint-Michel;Pontorson - Mont-Saint-Michel;8747826;87478263;48.552729;-1.504931;FR;Europe/Paris;Q28464310;Train TER;Car TER;gtfs;;;;;87478263;Pontorson - Mont-Saint-Michel
TN8747840;gare;Laval;Laval;Laval;8747840;87478404;48.076368;-0.76089;FR;Europe/Paris;Q184154;OUIGO|TGV INOUI|Train TER;Car TER;uic;4290857006;Q3096443;;XFLAL;87478404;Laval
TN8747853;gare;Montsûrs;Montsûrs;Montsûrs;8747853;87478537;48.141164;-0.551613;FR;Europe/Paris;Q625486;Train TER;Car TER;uic;4336905210;;;;87478537;Montsûrs
TN8747854;gare;Neau;Neau;Neau;8747854;87478545;48.15744;-0.476784;FR;Europe/Paris;Q1100692;Train TER;Car TER;uic;9476473327;Q2235793;;;87478545;Neau
TN8747855;gare;Évron;Évron;Évron;8747855;87478552;48.155591;-0.39699;FR;Europe/Paris;Q61058282;Train TER;Car TER;uic;4336905211;Q2727830;;;87478552;Évron
TN8747856;gare;Voutré;Voutré;Voutré;8747856;87478560;48.133994;-0.292118;FR;Europe/Paris;Q1100144;Train TER;Car TER;uic;852734443;Q2182950;;XFVOU;87478560;Voutré
TN8747869;arret_car;Digoin Lycée;Digoin Lycée;Digoin Lycée;8747869;87478693;46.477068;3.991903;FR;Europe/Paris;Q475418;;Car TER;gtfs;;;;;87478693;Digoin Lycée
TN8747874;gare;Le Genest;Le Genest;Le Genest;8747874;87478743;48.096744;-0.885797;FR;Europe/Paris;Q589845;Train TER;;uic;8986658386;Q2580610;;;87478743;Le Genest
TN8747875;gare;Port-Brillet;Port-Brillet;Port-Brillet;8747875;87478750;48.110707;-0.974047;FR;Europe/Paris;Q742451;Train TER;;gtfs;;;;;87478750;Port-Brillet
TN8747876;gare;Saint-Pierre-la-Cour;Saint-Pierre-la-Cour;Saint-Pierre-la-Cour;8747876;87478768;48.113607;-1.025313;FR;Europe/Paris;Q544967;Train TER;;uic;8312443539;;;;87478768;Saint-Pierre-la-Cour
TN8747878;arret_car;Le Guidon;Le Guidon;Le Guidon;8747878;87478784;46.378787;4.249622;FR;Europe/Paris;Q1626071;;Car TER;gtfs;;;;;87478784;Le Guidon
TN8748100;gare;Nantes;Nantes;Nantes;8748100;87481002;47.217095;-1.541423;FR;Europe/Paris;Q12191;INTERCITES|OUIGO|TGV INOUI|Train TER|TramTrain;Car TER;uic;3486337796;Q2180175;;;87481002;Nantes
TN8748103;gare;Rezé - Pont-Rousseau;Rezé - Pont-Rousseau;Rezé - Pont-Rousseau;8748103;87481036;47.193225;-1.549384;FR;Europe/Paris;Q326453;Train TER;Car TER;uic;5090503718;Q1900901;;;87481036;Rezé Pont-Rousseau
TN8748105;gare;Chantenay;Chantenay;Chantenay;8748105;87481051;47.197106;-1.594359;FR;Europe/Paris;Q12191;Train TER;;uic;335883956;Q3096188;;XFCHA;87481051;Chantenay
TN8748106;gare;La Basse Indre - Saint-Herblain;La Basse Indre - Saint-Herblain;La Basse Indre - Saint-Herblain;8748106;87481069;47.204116;-1.660531;FR;Europe/Paris;Q273922;Train TER;;gtfs;;;;;87481069;La Basse Indre - Saint-Herblain
TN8748114;gare;Thouaré;Thouaré;Thouaré;8748114;87481143;47.265114;-1.440963;FR;Europe/Paris;Q1165100;Train TER;;uic;3486337398;Q2390558;;;87481143;Thouaré
TN8748115;gare;Mauves-sur-Loire;Mauves-sur-Loire;Mauves-sur-Loire;8748115;87481150;47.293026;-1.389301;FR;Europe/Paris;Q747774;Train TER;;gtfs;;;;;87481150;Mauves-sur-Loire
TN8748116;gare;Le Cellier;Le Cellier;Le Cellier;8748116;87481168;47.313516;-1.350669;FR;Europe/Paris;Q664678;Train TER;;uic;3486337795;;;;87481168;Le Cellier
TN8748117;gare;Boussay - La Bruffière;Boussay - La Bruffière;Boussay - La Bruffière;8748117;87481176;47.050529;-1.182814;FR;Europe/Paris;Q1064508;Train TER;Car TER;uic;2215107482;Q3096040;;;87481176;Boussay - La Bruffière
TN8748118;gare;Oudon;Oudon;Oudon;8748118;87481184;47.343367;-1.292009;FR;Europe/Paris;Q753750;Train TER;;gtfs;;;;;87481184;Oudon
TN8748119;gare;Ancenis;Ancenis;Ancenis;8748119;87481192;47.369334;-1.177763;FR;Europe/Paris;Q57208924;TGV INOUI|Train TER;;gtfs;;;;;87481192;Ancenis
TN8748120;gare;Bouaye;Bouaye;Bouaye;8748120;87481200;47.138111;-1.681099;FR;Europe/Paris;Q764460;Train TER;Car TER;uic;1436795583;Q3096029;;;87481200;Bouaye
TN8748121;gare;Port-Saint-Père - Saint-Mars;Port-Saint-Père - Saint-Mars;Port-Saint-Père - Saint-Mars;8748121;87481218;47.11595;-1.740018;FR;Europe/Paris;Q650520;Train TER;Car TER;uic;3486337797;Q3097322;;;87481218;Port-Saint-Père - Saint-Mars
TN8748122;gare;Sainte-Pazanne;Sainte-Pazanne;Sainte-Pazanne;8748122;87481226;47.105441;-1.81396;FR;Europe/Paris;Q1165075;Train TER;Car TER;uic;8348905143;Q3097650;;;87481226;Sainte-Pazanne
TN8748123;gare;Saint-Hilaire-de-Chaléons;Saint-Hilaire-de-Chaléons;Saint-Hilaire-de-Chaléons;8748123;87481234;47.105784;-1.865188;FR;Europe/Paris;Q1069540;Train TER;Car TER;uic;9453314734;Q3097543;;;87481234;Saint-Hilaire-de-Chaléons
TN8748124;gare;Bourgneuf-en-Retz;Bourgneuf-en-Retz;Bourgneuf-en-Retz;8748124;87481242;47.047149;-1.95235;FR;Europe/Paris;Q21027266;Train TER;Car TER;uic;8410057908;Q3096039;;;87481242;Bourgneuf-en-Retz
TN8748125;gare;Les Moutiers-en-Retz;Les Moutiers-en-Retz;Les Moutiers-en-Retz;8748125;87481259;47.061883;-2.000958;FR;Europe/Paris;Q1165120;Train TER;Car TER;uic;8410088216;Q3098165;;;87481259;Les Moutiers-en-Retz
TN8748126;gare;La Bernerie-en-Retz;La Bernerie-en-Retz;La Bernerie-en-Retz;8748126;87481267;47.083165;-2.033861;FR;Europe/Paris;Q1001591;Train TER;Car TER;uic;8410110059;Q3096754;;;87481267;La Bernerie-en-Retz
TN8748128;gare;Pornic;Pornic;Pornic;8748128;87481283;47.114505;-2.097705;FR;Europe/Paris;Q752390;Train TER;Car TER;uic;8667983086;Q2044699;;;87481283;Pornic
TN8748136;gare;Machecoul;Machecoul;Machecoul;8748136;87481366;46.990629;-1.822662;FR;Europe/Paris;Q21294402;Train TER;Car TER;uic;471556177;Q3096947;;;87481366;Machecoul
TN8748139;gare;Challans;Challans;Challans;8748139;87481390;46.844148;-1.871814;FR;Europe/Paris;Q7148;Train TER;Car TER;gtfs;;;;;87481390;Challans
TN8748140;gare;Vertou;Vertou;Vertou;8748140;87481408;47.186149;-1.477956;FR;Europe/Paris;Q328077;Train TER;;gtfs;;;;;87481408;Vertou
TN8748141;gare;La Haie-Fouassière;La Haie-Fouassière;La Haie-Fouassière;8748141;87481416;47.161543;-1.392212;FR;Europe/Paris;Q145921;Train TER;;uic;2872782914;Q3096790;;;87481416;La Haie-Fouassière
TN8748142;gare;Le Pallet;Le Pallet;Le Pallet;8748142;87481424;47.143823;-1.34682;FR;Europe/Paris;Q606296;Train TER;;gtfs;;;;;87481424;Le Pallet
TN8748143;gare;Gorges;Gorges;Gorges;8748143;87481432;47.100327;-1.306114;FR;Europe/Paris;Q749819;Train TER;;uic;3287430375;Q3096555;;;87481432;Gorges
TN8748144;gare;Clisson;Clisson;Clisson;8748144;87481440;47.085942;-1.286551;FR;Europe/Paris;Q383472;Train TER;Car TER;uic;9241030819;Q3096256;;;87481440;Clisson
TN8748145;gare;Cugand;Cugand;Cugand;8748145;87481457;47.058321;-1.253272;FR;Europe/Paris;Q130550854;Train TER;Car TER;uic;13092041243;Q3096337;;;87481457;Cugand
TN8748146;gare;Montaigu;Montaigu;Montaigu;8748146;87481465;46.98372;-1.316189;FR;Europe/Paris;Q29650249;Train TER;Car TER;gtfs;;;;;87481465;Montaigu
TN8748156;gare;La Chapelle Centre;La Chapelle-sur-Erdre Centre;La Chapelle-sur-Erdre Centre;8748156;87481564;47.297595;-1.548039;FR;Europe/Paris;Q681819;TramTrain;;uic;3486353294;Q3096765;;;87481564;La Chapelle Centre
TN8748159;gare;Nort-sur-Erdre;Nort-sur-Erdre;Nort-sur-Erdre;8748159;87481598;47.441904;-1.503383;FR;Europe/Paris;Q818800;TramTrain;;uic;3269783827;Q933600;;;87481598;Nort-sur-Erdre
TN8748161;gare;Abbaretz;Abbaretz;Abbaretz;8748161;87481614;47.555128;-1.52436;FR;Europe/Paris;Q1001990;TramTrain;;uic;4923377312;Q3095579;;;87481614;Abbaretz
TN8748162;gare;Issé;Issé;Issé;8748162;87481622;47.626873;-1.45074;FR;Europe/Paris;Q1226649;TramTrain;;uic;3486337794;Q3095801;;;87481622;Issé
TN8748164;gare;Châteaubriant;Châteaubriant;Châteaubriant;8748164;87481648;47.717521;-1.371515;FR;Europe/Paris;Q211187;Train TER;Car TER;gtfs;;;;;87481648;Châteaubriant
TN8748168;gare;La Croix-de-Méan;La Croix-de-Méan;La Croix-de-Méan;8748168;87481689;47.300333;-2.193428;FR;Europe/Paris;Q152027;Train TER;;uic;4336770100;Q2491824;;;87481689;La Croix de Méan
TN8748169;gare;La Baule-Les-Pins;La Baule-Les-Pins;La Baule-Les-Pins;8748169;87481697;47.283651;-2.364812;FR;Europe/Paris;Q213481;Train TER;Car TER;uic;3486338298;Q2552507;;;87481697;La Baule les Pins
TN8748170;gare;Saint-Nazaire;Saint-Nazaire;Saint-Nazaire;8748170;87481705;47.286638;-2.211163;FR;Europe/Paris;Q152027;TGV INOUI|Train TER;Car TER;uic;3486353594;Q3097587;;;87481705;Saint-Nazaire
TN8748171;gare;Montoir-de-Bretagne;Montoir-de-Bretagne;Montoir-de-Bretagne;8748171;87481713;47.320946;-2.161606;FR;Europe/Paris;Q1065409;Train TER;;uic;3486353395;Q2744949;;;87481713;Montoir-de-Bretagne
TN8748172;gare;Donges;Donges;Donges;8748172;87481721;47.314797;-2.073832;FR;Europe/Paris;Q693048;Train TER;;uic;10003047039;Q3052088;;XFDGS;87481721;Donges
TN8748174;gare;Pornichet;Pornichet;Pornichet;8748174;87481747;47.270521;-2.344764;FR;Europe/Paris;Q656483;TGV INOUI|Train TER;Car TER;uic;4348352950;Q3097323;;;87481747;Pornichet
TN8748175;gare;La Baule-Escoublac;La Baule-Escoublac;La Baule-Escoublac;8748175;87481754;47.288459;-2.38921;FR;Europe/Paris;Q213481;TGV INOUI|Train TER;Car TER;gtfs;;;;;87481754;La Baule-Escoublac
TN8748176;gare;Le Pouliguen;Le Pouliguen;Le Pouliguen;8748176;87481762;47.282504;-2.433126;FR;Europe/Paris;Q1165029;TGV INOUI|Train TER;Car TER;gtfs;;;;;87481762;Le Pouliguen
TN8748177;gare;Batz-sur-Mer;Batz-sur-Mer;Batz-sur-Mer;8748177;87481770;47.280855;-2.478869;FR;Europe/Paris;Q1001582;Train TER;Car TER;gtfs;;;;;87481770;Batz-sur-Mer
TN8748178;gare;Le Croisic;Le Croisic;Le Croisic;8748178;87481788;47.28981;-2.506951;FR;Europe/Paris;Q840597;TGV INOUI|Train TER;Car TER;uic;12344088102;Q657183;;;87481788;Le Croisic
TN8748180;gare;Couëron;Couëron;Couëron;8748180;87481804;47.221952;-1.723625;FR;Europe/Paris;Q631274;Train TER;;uic;4336770102;Q3096322;;;87481804;Couëron
TN8748181;gare;Saint-Étienne-de-Montluc;Saint-Étienne-de-Montluc;Saint-Étienne-de-Montluc;8748181;87481812;47.274818;-1.785687;FR;Europe/Paris;Q1065377;Train TER;;uic;4336770101;Q3097635;;;87481812;Saint-Étienne-de-Montluc
TN8748182;gare;Cordemais;Cordemais;Cordemais;8748182;87481820;47.30227;-1.84655;FR;Europe/Paris;Q639618;Train TER;;uic;3486353393;Q2614799;;;87481820;Cordemais
TN8748183;gare;Savenay;Savenay;Savenay;8748183;87481838;47.358436;-1.950776;FR;Europe/Paris;Q816233;Train TER;Car TER;uic;4349488843;Q1987030;;;87481838;Savenay
TN8748184;gare;Pontchâteau;Pontchâteau;Pontchâteau;8748184;87481846;47.435326;-2.088511;FR;Europe/Paris;Q818116;Train TER;Car TER;uic;4330674807;Q2222789;;;87481846;Pontchâteau
TN8748400;gare;Angers Saint-Laud;Angers Saint-Laud;Angers Saint-Laud;8748400;87484006;47.464361;-0.556209;FR;Europe/Paris;Q38380;INTERCITES|OUIGO|TGV INOUI|Train TER;Car TER;uic;3486353293;Q952091;;XFASL;87484006;Angers Saint-Laud
TN8748404;gare;Angers - Maître-École;Angers - Maître-École;Angers - Maître-École;8748404;87484048;47.466911;-0.532406;FR;Europe/Paris;Q38380;Train TER;;uic;1333795164;Q641034;;;87484048;Angers Maître École
TN8748413;gare;Le Vieux Briollay;Le Vieux Briollay;Le Vieux Briollay;8748413;87484139;47.573968;-0.482938;FR;Europe/Paris;Q665680;Train TER;;uic;9954222019;Q3098245;;;87484139;Le Vieux Briollay
TN8748414;gare;Tiercé;Tiercé;Tiercé;8748414;87484147;47.61759;-0.469579;FR;Europe/Paris;Q1383550;Train TER;;uic;4543683433;Q3097874;;;87484147;Tiercé
TN8748415;gare;Étriché - Châteauneuf;Étriché - Châteauneuf;Étriché - Châteauneuf;8748415;87484154;47.656746;-0.460697;FR;Europe/Paris;Q425957;Train TER;;uic;1373792822;Q3095879;;;87484154;Étriché - Châteauneuf
TN8748417;gare;Morannes;Morannes;Morannes;8748417;87484170;47.739077;-0.41797;FR;Europe/Paris;Q27061597;Train TER;;uic;9975143689;Q3097100;;;87484170;Morannes
TN8748420;gare;Chalonnes;Chalonnes;Chalonnes;8748420;87484204;47.34302;-0.743799;FR;Europe/Paris;Q264416;Train TER;Car TER;uic;1333755982;Q3096169;;;87484204;Chalonnes
TN8748424;gare;Chemillé;Chemillé;Chemillé;8748424;87484246;47.217748;-0.731989;FR;Europe/Paris;Q21027217;Train TER;Car TER;gtfs;;;;;87484246;Chemillé
TN8748430;gare;Cholet;Cholet;Cholet;8748430;87484303;47.06577;-0.869808;FR;Europe/Paris;Q185066;Train TER;Car TER;uic;3486337095;Q3096229;;;87484303;Cholet
TN8748432;gare;Savennières - Béhuard;Savennières - Béhuard;Savennières - Béhuard;8748432;87484329;47.381398;-0.654839;FR;Europe/Paris;Q387232;Train TER;;uic;4924545943;Q3097691;;;87484329;Savennières - Béhuard
TN8748433;gare;La Possonnière;La Possonnière;La Possonnière;8748433;87484337;47.371323;-0.691658;FR;Europe/Paris;Q1384646;Train TER;Car TER;uic;8328559135;Q3096804;;;87484337;La Possonnière
TN8748435;gare;Champtocé-sur-Loire;Gare de Champtocé-sur-Loire;Gare de Champtocé-sur-Loire;8748435;87484352;47.41026;-0.868582;FR;Europe/Paris;Q674700;Train TER;;uic;4337102794;Q2140129;;;87484352;Champtocé-sur-Loire
TN8748436;gare;Ingrandes;Ingrandes-sur-Loire;Ingrandes-sur-Loire;8748436;87484360;47.40567;-0.921007;FR;Europe/Paris;Q123475717;Train TER;;uic;4337102793;Q3095790;;;87484360;Ingrandes
TN8748438;gare;Varades-Saint-Florent-le-Vieil;Varades-Saint-Florent-le-Vieil;Varades-Saint-Florent-le-Vieil;8748438;87484386;47.374527;-1.01984;FR;Europe/Paris;Q21935401;Train TER;;uic;4337102792;Q3097933;;;87484386;Varades - Saint-Florent-le-Vieil
TN8748457;arret_car;Lamure-sur-Azergues Collège;Lamure-sur-Azergues Collège;Lamure-sur-Azergues Collège;8748457;87484576;46.0521;4.492917;FR;Europe/Paris;Q1445012;;Car TER;gtfs;;;;;87484576;Lamure-sur-Azergues Collège
TN8748458;arret_car;Poule-les-Écharmeaux Mairie;Poule-les-Écharmeaux Mairie;Poule-les-Écharmeaux Mairie;8748458;87484584;46.148161;4.45663;FR;Europe/Paris;Q1388987;;Car TER;gtfs;;;;;87484584;Poule-les-Écharmeaux Mairie
TN8748500;gare;La Rochelle;La Rochelle;La Rochelle;8748500;87485003;46.152577;-1.145306;FR;Europe/Paris;Q82185;INTERCITES|OUIGO|TGV INOUI|Train TER;Car TER;uic;4975049664;Q2762145;;;87485003;La Rochelle
TN8748510;gare;Angoulins sur Mer;Angoulins sur Mer;Angoulins sur Mer;8748510;87485102;46.107863;-1.115621;FR;Europe/Paris;Q72220;Train TER;Car TER;uic;9875000921;Q1817868;;;87485102;Angoulins sur Mer
TN8748511;gare;Châtelaillon;Châtelaillon-Plage;Châtelaillon-Plage;8748511;87485110;46.078359;-1.09094;FR;Europe/Paris;Q72234;Train TER;Car TER;uic;2688097707;Q2800013;;;87485110;Châtelaillon
TN8748513;gare;Saint-Laurent-de-la-Prée - Fouras;Saint-Laurent-de-la-Prée - Fouras;Saint-Laurent-de-la-Prée - Fouras;8748513;87485136;45.992589;-1.026875;FR;Europe/Paris;Q1144557;Train TER;Car TER;uic;9964832833;Q2285744;;;87485136;Saint-Laurent-de-la-Prée - Fouras
TN8748514;gare;Rochefort;Rochefort;Rochefort;8748514;87485144;45.947269;-0.963706;FR;Europe/Paris;Q207587;INTERCITES|Train TER;Car TER;uic;324039828;Q2577090;;;87485144;Rochefort
TN8748515;gare;Tonnay-Charente;Tonnay-Charente;Tonnay-Charente;8748515;87485151;45.943385;-0.89805;FR;Europe/Paris;Q390905;Train TER;Car TER;uic;10774711786;Q2615985;;;87485151;Tonnay-Charente
TN8748518;gare;La Jarrie;La Jarrie;La Jarrie;8748518;87485185;46.120854;-1.024327;FR;Europe/Paris;Q638643;Train TER;;uic;4177879703;Q26257933;;;87485185;La Jarrie
TN8748519;gare;Aigrefeuille-le-Thou;Aigrefeuille-le-Thou;Aigrefeuille-le-Thou;8748519;87485193;46.093894;-0.952002;FR;Europe/Paris;Q597565;Train TER;;uic;4177879706;Q27149946;;;87485193;Aigrefeuille Le Thou
TN8748522;gare;Surgères;Surgères;Surgères;8748522;87485227;46.113341;-0.762091;FR;Europe/Paris;Q828767;OUIGO|TGV INOUI|Train TER;;uic;11135871099;Q613407;;;87485227;Surgères
TN8748525;gare;Mauzé;Mauzé;Mauzé;8748525;87485250;46.199672;-0.673639;FR;Europe/Paris;Q1149118;Train TER;Car TER;gtfs;;;;;87485250;Mauzé
TN8748526;gare;Prin-Deyrançon;Prin-Deyrançon;Prin-Deyrançon;8748526;87485268;46.219018;-0.636501;FR;Europe/Paris;Q1148868;Train TER;Car TER;uic;2839676865;Q2501811;;;87485268;Prin-Deyrançon
TN8748530;gare;Niort;Niort;Niort;8748530;87485300;46.31936;-0.454275;FR;Europe/Paris;Q184159;OUIGO|TGV INOUI|Train TER;Car TER;uic;4975045143;Q2530280;;;87485300;Niort
TN8748532;gare;Fors;Fors;Fors;8748532;87485326;46.23452;-0.406945;FR;Europe/Paris;Q596966;Train TER;Car TER;uic;2403422421;Q3096457;;;87485326;Fors
TN8748533;gare;Marigny;Marigny;Marigny;8748533;87485334;46.199117;-0.42841;FR;Europe/Paris;Q750709;Train TER;Car TER;uic;2379060527;Q3096978;;;87485334;Marigny
TN8748534;gare;Beauvoir-sur-Niort;Beauvoir-sur-Niort;Beauvoir-sur-Niort;8748534;87485342;46.176721;-0.468857;FR;Europe/Paris;Q1058535;Train TER;Car TER;uic;8339147357;Q3095939;;;87485342;Beauvoir-sur-Niort
TN8748535;gare;Prissé-la-Charrière;Prissé-la-Charrière;Prissé-la-Charrière;8748535;87485359;46.152832;-0.49354;FR;Europe/Paris;Q44012281;Train TER;Car TER;uic;2839676866;Q2182068;;;87485359;Prissé-la-Charrière
TN8748547;gare;La Crèche;La Crèche;La Crèche;8748547;87485474;46.360423;-0.296206;FR;Europe/Paris;Q1111084;Train TER;Car TER;uic;2839676862;Q1808439;;;87485474;La Crèche
TN8748549;gare;Saint-Maixent-l'École;Saint-Maixent-l'École;Saint-Maixent-l'École;8748549;87485490;46.406436;-0.20112;FR;Europe/Paris;Q638680;TGV INOUI|Train TER;Car TER;uic;2718046618;Q2320420;;;87485490;Saint-Maixent-L'École
TN8748550;gare;La Mothe-Saint-Héray;La Mothe-Saint-Héray;La Mothe-Saint-Héray;8748550;87485508;46.380756;-0.129832;FR;Europe/Paris;Q684013;Train TER;Car TER;uic;4290857002;Q3036487;;XFLHY;87485508;La Mothe-Saint-Héray
TN8748552;gare;Pamproux;Pamproux;Pamproux;8748552;87485524;46.39965;-0.051922;FR;Europe/Paris;Q766139;Train TER;Car TER;uic;8285066750;Q2497266;;;87485524;Pamproux
TN8748553;gare;Rouillé;Rouillé;Rouillé;8748553;87485532;46.418884;0.041859;FR;Europe/Paris;Q1437611;Train TER;Car TER;uic;8282168088;Q2871831;;;87485532;Rouillé
TN8748554;gare;Lusignan;Lusignan;Lusignan;8748554;87485540;46.435637;0.11657;FR;Europe/Paris;Q628226;Train TER;Car TER;uic;8285219967;Q2188462;;;87485540;Lusignan
TN8748601;gare;La Roche-sur-Yon;La Roche-sur-Yon;La Roche-sur-Yon;8748601;87486019;46.672148;-1.435972;FR;Europe/Paris;Q190118;INTERCITES|TGV INOUI|Train TER;Car TER;uic;236936915;Q2481560;;;87486019;La Roche-sur-Yon
TN8748612;gare;L'Herbergement - Les Brouzils;L'Herbergement - Les Brouzils;L'Herbergement - Les Brouzils;8748612;87486126;46.906975;-1.371347;FR;Europe/Paris;Q1104396;Train TER;Car TER;uic;3918806885;Q3096724;;;87486126;L'Herbergement - Les Brouzils
TN8748614;gare;Belleville-Vendée;Belleville-sur-Vie;Belleville-sur-Vie;8748614;87486142;46.788311;-1.434643;FR;Europe/Paris;Q21619405;Train TER;Car TER;uic;452936230;Q3095948;;;87486142;Belleville-Vendée
TN8748625;gare;Luçon;Luçon;Luçon;8748625;87486258;46.463822;-1.167469;FR;Europe/Paris;Q185352;INTERCITES|Train TER;;uic;2680576946;Q3096931;;;87486258;Luçon
TN8748630;gare;La Chaize-le-Vicomte;La Chaize-le-Vicomte;La Chaize-le-Vicomte;8748630;87486308;46.676882;-1.283311;FR;Europe/Paris;Q1104167;Train TER;;uic;1334080990;Q3096759;;;87486308;La Chaize-le-Vicomte
TN8748631;gare;Fougeré;Fougeré;Fougeré;8748631;87486316;46.665326;-1.232071;FR;Europe/Paris;Q1107626;Train TER;;uic;1334080965;Q3096463;;;87486316;Fougeré
TN8748632;gare;Bournezeau;Bournezeau;Bournezeau;8748632;87486324;46.651534;-1.178177;FR;Europe/Paris;Q1069234;Train TER;;uic;3091065985;Q3096037;;;87486324;Bournezeau
TN8748633;gare;Chantonnay;Chantonnay;Chantonnay;8748633;87486332;46.690123;-1.054389;FR;Europe/Paris;Q1068905;Train TER;Car TER;uic;3672040450;;;;87486332;Chantonnay
TN8748642;gare;La Mothe Achard;La Mothe Achard;La Mothe Achard;8748642;87486423;46.606955;-1.659641;FR;Europe/Paris;Q26832610;Train TER;Car TER;uic;441797161;Q3096799;;XFLEH;87486423;La Mothe-Achard
TN8748643;gare;Olonne-sur-Mer;Olonne-sur-Mer;Olonne-sur-Mer;8748643;87486431;46.548653;-1.767302;FR;Europe/Paris;Q50810269;Train TER;;gtfs;;;;;87486431;Olonne-sur-Mer
TN8748644;gare;Les Sables-d'Olonne;Les Sables-d'Olonne;Les Sables-d'Olonne;8748644;87486449;46.500032;-1.781116;FR;Europe/Paris;Q50810269;TGV INOUI|Train TER;Car TER;gtfs;;;;;87486449;Les Sables-d'Olonne
TN8748656;gare;Saint-Hilaire-de-Riez;Saint-Hilaire-de-Riez;Saint-Hilaire-de-Riez;8748656;87486563;46.716647;-1.949562;FR;Europe/Paris;Q1421948;Train TER;Car TER;uic;847118989;Q3097546;;;87486563;Saint-Hilaire-de-Riez
TN8748657;gare;Saint-Gilles-Croix-de-Vie;Saint-Gilles-Croix-de-Vie;Saint-Gilles-Croix-de-Vie;8748657;87486571;46.696599;-1.941954;FR;Europe/Paris;Q818702;Train TER;Car TER;uic;8410109528;Q1867385;;;87486571;Saint-Gilles-Croix-de-Vie
TN8748689;gare;Torfou;Torfou - Le Longeron - Tiffauges;Torfou - Le Longeron - Tiffauges;8748689;87486894;47.032841;-1.09373;FR;Europe/Paris;Q21027263;Train TER;Car TER;uic;5809575640;Q3097881;;;87486894;Torfou
TN8748700;gare;Thouars;Thouars;Thouars;8748700;87487009;46.985099;-0.209896;FR;Europe/Paris;Q279681;Train TER;Car TER;uic;2006842838;Q2227384;;;87487009;Thouars
TN8748723;arret_car;Noirterre;Noirterre;Noirterre;8748723;87487231;46.868341;-0.390147;FR;Europe/Paris;Q210760;;Car TER;gtfs;;;;;87487231;Noirterre
TN8748724;gare;Bressuire;Bressuire;Bressuire;8748724;87487249;46.838351;-0.496373;FR;Europe/Paris;Q210760;Train TER;Car TER;uic;12826038104;Q3096060;;;87487249;Bressuire
TN8748728;gare;Cerizay;Cerizay;Cerizay;8748728;87487280;46.817554;-0.667733;FR;Europe/Paris;Q1146338;Train TER;Car TER;uic;7029712805;Q3096159;;;87487280;Cerizay
TN8748729;arret_car;Saint-Mesmin le Vieux;Saint-Mesmin le Vieux;Saint-Mesmin le Vieux;8748729;87487298;46.790661;-0.731594;FR;Europe/Paris;Q838356;;Car TER;gtfs;;;;;87487298;Saint-Mesmin le Vieux
TN8748731;gare;Pouzauges;Pouzauges;Pouzauges;8748731;87487314;46.752429;-0.814588;FR;Europe/Paris;Q638782;Train TER;;uic;6958789617;;;;87487314;Pouzauges
TN8748760;gare;Saumur;Saumur;Saumur;8748760;87487603;47.268996;-0.07148;FR;Europe/Paris;Q193821;INTERCITES|OUIGO|TGV INOUI|Train TER;Car TER;uic;3486337297;Q3097693;;;87487603;Saumur
TN8748761;arret_car;Brion-près-Thouet;Brion-près-Thouet;Brion-près-Thouet;8748761;87487611;47.048536;-0.185059;FR;Europe/Paris;Q1146421;;Car TER;uic;1057034487;Q3096069;;;87487611;Brion-près-Thouet
TN8748763;gare;Montreuil-Bellay;Montreuil-Bellay;Montreuil-Bellay;8748763;87487637;47.125418;-0.148283;FR;Europe/Paris;Q838870;Train TER;Car TER;uic;1251803317;Q3097092;;XFMBE;87487637;Montreuil-Bellay
TN8748784;gare;La Bohalle;La Bohalle;La Bohalle;8748784;87487843;47.434351;-0.400526;FR;Europe/Paris;Q21979914;Train TER;;uic;9980728796;Q3096749;;;87487843;La Bohalle
TN8748787;gare;Les Rosiers-sur-Loire;Les Rosiers-sur-Loire;Les Rosiers-sur-Loire;8748787;87487876;47.362324;-0.220212;FR;Europe/Paris;Q45374336;Train TER;;uic;205432539;Q1925026;;;87487876;Les Rosiers-sur-Loire
TN8748788;gare;La Ménitré;La Ménitré;La Ménitré;8748788;87487884;47.397371;-0.275891;FR;Europe/Paris;Q1384871;Train TER;Car TER;uic;8330369701;Q2647106;;;87487884;La Ménitré
TN8748789;gare;Saint-Mathurin;Saint-Mathurin;Saint-Mathurin;8748789;87487892;47.412135;-0.318137;FR;Europe/Paris;Q21979914;Train TER;Car TER;uic;3946841117;Q2689390;;;87487892;Saint-Mathurin
TN8749100;gare;Saintes;Saintes;Saintes;8749100;87491001;45.748914;-0.617378;FR;Europe/Paris;Q191126;INTERCITES|Train TER;Car TER;uic;6786551627;Q3097655;;;87491001;Saintes
TN8749101;gare;Bords;Bords;Bords;8749101;87491019;45.894476;-0.798598;FR;Europe/Paris;Q1078534;Train TER;Car TER;uic;10774711779;Q2660977;;;87491019;Bords
TN8749103;gare;Saint-Savinien;Saint-Savinien;Saint-Savinien;8749103;87491035;45.875935;-0.677814;FR;Europe/Paris;Q549150;Train TER;Car TER;uic;2499751455;Q2683371;;;87491035;Saint-Savinien
TN8749107;gare;Beillant;Beillant;Beillant;8749107;87491076;45.700782;-0.526514;FR;Europe/Paris;Q1095000;Train TER;;uic;6786551628;Q3095943;;;87491076;Beillant
TN8749110;gare;Pons;Pons;Pons;8749110;87491100;45.578111;-0.539115;FR;Europe/Paris;Q741626;Train TER;Car TER;uic;10777426683;Q1914432;;;87491100;Pons
TN8749114;gare;Jonzac;Jonzac;Jonzac;8749114;87491142;45.438647;-0.441778;FR;Europe/Paris;Q213299;INTERCITES|Train TER;Car TER;uic;11136573617;Q1870480;;;87491142;Jonzac
TN8749118;gare;Montendre;Montendre;Montendre;8749118;87491183;45.280573;-0.396011;FR;Europe/Paris;Q753062;Train TER;Car TER;uic;13273881118;Q801194;;;87491183;Montendre
TN8749119;gare;Bussac;Bussac;Bussac;8749119;87491191;45.212034;-0.368249;FR;Europe/Paris;Q1349685;Train TER;Car TER;gtfs;;;;;87491191;Bussac
TN8749120;gare;Saint-Mariens - Saint-Yzan;Saint-Mariens - Saint-Yzan;Saint-Mariens - Saint-Yzan;8749120;87491209;45.139161;-0.391468;FR;Europe/Paris;Q1004685;Train TER;Car TER;uic;13273770520;Q251410;;;87491209;Saint-Mariens - Saint-Yzan
TN8749121;gare;Cavignac;Cavignac;Cavignac;8749121;87491217;45.105215;-0.382098;FR;Europe/Paris;Q201113;Train TER;;uic;13273076779;Q3096149;;;87491217;Cavignac
TN8749122;gare;Gauriaguet;Gauriaguet;Gauriaguet;8749122;87491225;45.054375;-0.399225;FR;Europe/Paris;Q717530;Train TER;;uic;10777350671;Q3096524;;;87491225;Gauriaguet
TN8749123;gare;Aubie - Saint-Antoine;Aubie - Saint-Antoine;Aubie - Saint-Antoine;8749123;87491233;45.015291;-0.41976;FR;Europe/Paris;Q21979655;Train TER;;uic;1694822437;Q3095686;;;87491233;Aubie - Saint-Antoine
TN8749124;gare;Saint-André-de-Cubzac;Saint-André-de-Cubzac;Saint-André-de-Cubzac;8749124;87491241;44.990993;-0.440476;FR;Europe/Paris;Q667867;Train TER;;uic;13271852855;Q3097485;;;87491241;Saint-André-de-Cubzac
TN8749125;gare;Villeneuve-la-Comtesse;Villeneuve-la-Comtesse;Villeneuve-la-Comtesse;8749125;87491258;46.098656;-0.513034;FR;Europe/Paris;Q1144420;Train TER;Car TER;uic;2839676868;Q2183486;;;87491258;Villeneuve-la-Comtesse
TN8749126;gare;Cubzac-les-Ponts;Cubzac-les-Ponts;Cubzac-les-Ponts;8749126;87491266;44.972973;-0.459094;FR;Europe/Paris;Q221831;Train TER;;uic;710657770;Q3096335;;;87491266;Cubzac-les-Ponts
TN8749127;gare;La Grave-d'Ambarès;La Grave-d'Ambarès;La Grave-d'Ambarès;8749127;87491274;44.935662;-0.476908;FR;Europe/Paris;Q243586;Train TER;;uic;1670557175;Q3098124;;;87491274;La Grave d'Ambarès
TN8749128;gare;Sainte-Eulalie - Carbon-Blanc;Sainte-Eulalie - Carbon-Blanc;Sainte-Eulalie - Carbon-Blanc;8749128;87491282;44.897798;-0.493978;FR;Europe/Paris;Q736202;Train TER;;uic;9465496647;Q3097640;;;87491282;Sainte-Eulalie - Carbon-Blanc
TN8749129;gare;Loulay;Loulay;Loulay;8749129;87491290;46.043484;-0.501683;FR;Europe/Paris;Q24599;Train TER;Car TER;uic;13935114964;Q2073351;;;87491290;Loulay
TN8749132;gare;Saint-Hilaire-Brizambourg;Saint-Hilaire-Brizambourg;Saint-Hilaire-Brizambourg;8749132;87491324;45.850089;-0.534821;FR;Europe/Paris;Q60585340;Train TER;Car TER;uic;4392016806;Q2699417;;;87491324;Saint-Hilaire - Brizambourg
TN8749135;gare;Saint-Jean-d'Angély;Saint-Jean-d'Angély;Saint-Jean-d'Angély;8749135;87491357;45.940756;-0.509957;FR;Europe/Paris;Q348807;Train TER;Car TER;uic;422854397;Q2493750;;;87491357;Saint-Jean-d'Angély
TN8749144;gare;Cognac;Cognac;Cognac;8749144;87491449;45.684557;-0.326067;FR;Europe/Paris;Q285;Train TER;Car TER;uic;6786551629;Q2448097;;;87491449;Cognac
TN8749147;gare;Jarnac;Jarnac-Charente;Jarnac-Charente;8749147;87491472;45.670878;-0.176973;FR;Europe/Paris;Q59433050;Train TER;Car TER;uic;6786551631;Q2839048;;;87491472;Jarnac
TN8749150;gare;Châteauneuf-sur-Charente;Châteauneuf-sur-Charente;Châteauneuf-sur-Charente;8749150;87491506;45.59992;-0.050089;FR;Europe/Paris;Q837510;Train TER;Car TER;uic;6786551632;Q2872674;;;87491506;Châteauneuf-sur-Charente
TN8749180;gare;Royan;Royan;Royan;8749180;87491803;45.625907;-1.016495;FR;Europe/Paris;Q81909;Train TER;Car TER;uic;6786551624;Q3097454;;;87491803;Royan
TN8749181;gare;Saujon;Saujon;Saujon;8749181;87491811;45.66649;-0.930052;FR;Europe/Paris;Q599075;Train TER;Car TER;uic;6786551626;Q2192093;;;87491811;Saujon
TN8749722;arret_car;Chantenay-Saint-Imbert Bourg;Chantenay-Saint-Imbert Bourg;Chantenay-Saint-Imbert Bourg;8749722;87497222;46.733098;3.183146;FR;Europe/Paris;Q890033;;Car TER;gtfs;;;;;87497222;Chantenay-Saint-Imbert Bourg
TN8749746;gare;Galliéni-Cancéropôle;Galliéni-Cancéropôle;Galliéni-Cancéropôle;8749746;87497461;43.572945;1.419651;FR;Europe/Paris;Q7880;Train TER;;uic;6121158811;Q2385584;;;87497461;Gallieni-Cancéropôle
TN8749989;arret_car;Decize Café Bel-Air;Decize Café Bel-Air;Decize Café Bel-Air;8749989;87499897;46.82826;3.480247;FR;Europe/Paris;Q217180;;Car TER;gtfs;;;;;87499897;Decize Café Bel-Air
TN8749991;arret_car;Decize Ville;Decize Ville;Decize Ville;8749991;87499913;46.828685;3.462038;FR;Europe/Paris;Q217180;;Car TER;gtfs;;;;;87499913;Decize Ville
TN8749993;arret_car;Imphy Grand Vernay;Imphy Grand Vernay;Imphy Grand Vernay;8749993;87499939;46.912;3.2785;FR;Europe/Paris;Q389357;;Car TER;gtfs;;;;;87499939;Imphy Grand Vernay
TN8749995;arret_car;Imphy Square Lamartine;Imphy Square Lamartine;Imphy Square Lamartine;8749995;87499954;46.9262;3.2647;FR;Europe/Paris;Q389357;;Car TER;gtfs;;;;;87499954;Imphy Square Lamartine
TN8750008;arret_car;Luzy Champs de Foire;Luzy Champs de Foire;Luzy Champs de Foire;8750008;87500082;46.7905;3.9704;FR;Europe/Paris;Q681237;;Car TER;gtfs;;;;;87500082;Luzy Champs de Foire
TN8750079;arret_car;Nevers Le Mouesse ANPE;Nevers Le Mouesse ANPE;Nevers Le Mouesse ANPE;8750079;87500793;46.987177;3.161602;FR;Europe/Paris;Q166997;;Car TER;gtfs;;;;;87500793;Nevers Le Mouesse ANPE
TN8750087;arret_car;Saint-Ouen Arrêt Cars;Saint-Ouen Arrêt Cars;Saint-Ouen Arrêt Cars;8750087;87500876;46.884638;3.304486;FR;Europe/Paris;Q37182;;Car TER;gtfs;;;;;87500876;Saint-Ouen Arrêt Cars
TN8750090;arret_car;Saint-Ouen le Port des Bois;Saint-Ouen le Port des Bois;Saint-Ouen le Port des Bois;8750090;87500900;46.8959;3.2948;FR;Europe/Paris;Q37182;;Car TER;gtfs;;;;;87500900;Saint-Ouen le Port des Bois
TN8750093;arret_car;Sougy-sur-Loire BIF;Sougy-sur-Loire BIF;Sougy-sur-Loire BIF;8750093;87500934;46.848848;3.389704;FR;Europe/Paris;Q663950;;Car TER;gtfs;;;;;87500934;Sougy-sur-Loire BIF
TN8750099;arret_car;Saint-Léger-des-Vignes Faubourg les Valettes;Saint-Léger-des-Vignes Faubourg les Valettes;Saint-Léger-des-Vignes Faubourg les Valettes;8750099;87500991;46.8392;3.4517;FR;Europe/Paris;Q37171;;Car TER;gtfs;;;;;87500991;Saint-Léger-des-Vignes Faubourg les Valettes
TN8750104;arret_car;Tannay Place de l'Église;Tannay Place de l'Église;Tannay Place de l'Église;8750104;87501049;47.367;3.5914;FR;Europe/Paris;Q33843;;Car TER;gtfs;;;;;87501049;Tannay Place de l'Église
TN8750352;arret_car;L'Habitarelle;L'Habitarelle;L'Habitarelle;8750352;87503524;44.640567;3.675259;FR;Europe/Paris;Q454435;;Car TER;gtfs;;;;;87503524;L'Habitarelle
TN8753354;arret_car;Béard Bourg;Béard Bourg;Béard Bourg;8753354;87533547;46.863155;3.326727;FR;Europe/Paris;Q531557;;Car TER;gtfs;;;;;87533547;Béard Bourg
TN8753359;gare;Mulhouse Tour Nessel;Mulhouse Tour Nessel;Mulhouse Tour Nessel;8753359;87533596;47.745054;7.328604;FR;Europe/Paris;Q79815;TramTrain;;gtfs;;;;;87533596;Mulhouse Tour Nessel
TN8753361;gare;Daguerre;Daguerre;Daguerre;8753361;87533612;47.742545;7.324362;FR;Europe/Paris;Q79815;TramTrain;;gtfs;;;;;87533612;Daguerre
TN8753362;gare;Mulhouse Gare Centrale;Mulhouse Gare Centrale;Mulhouse Gare Centrale;8753362;87533620;47.741818;7.342869;FR;Europe/Paris;Q79815;TramTrain;Car TER;gtfs;;;;;87533620;Mulhouse Gare Centrale
TN8753363;gare;Mulhouse Mairie;Mulhouse Mairie;Mulhouse Mairie;8753363;87533638;47.749294;7.335492;FR;Europe/Paris;Q79815;TramTrain;;gtfs;;;;;87533638;Mulhouse Mairie
TN8753364;gare;Mulhouse Porte Haute;Mulhouse Porte Haute;Mulhouse Porte Haute;8753364;87533646;47.74662;7.331872;FR;Europe/Paris;Q79815;TramTrain;;gtfs;;;;;87533646;Mulhouse Porte Haute
TN8753365;gare;Porte Jeune;Porte Jeune;Porte Jeune;8753365;87533653;47.749576;7.340188;FR;Europe/Paris;Q79815;TramTrain;;gtfs;;;;;87533653;Porte Jeune
TN8753366;gare;Mulhouse République;Mulhouse République;Mulhouse République;8753366;87533661;47.746062;7.34132;FR;Europe/Paris;Q79815;TramTrain;;gtfs;;;;;87533661;Mulhouse République
TN8753404;arret_car;Saint-Mihiel;Saint-Mihiel;Saint-Mihiel;8753404;87534040;48.8887;5.54194;FR;Europe/Paris;Q194932;;Car à réservation;gtfs;;;;;87534040;Saint-Mihiel
TN8753405;arret_car;Pierrefitte-sur-Aire;Pierrefitte-sur-Aire;Pierrefitte-sur-Aire;8753405;87534057;48.8995;5.3294;FR;Europe/Paris;Q193708;;Car à réservation;gtfs;;;;;87534057;Pierrefitte-sur-Aire
TN8753406;arret_car;Lérouville;Lérouville;Lérouville;8753406;87534065;48.791881;5.542713;FR;Europe/Paris;Q1159564;;Car à réservation;gtfs;;;;;87534065;Lérouville
TN8753409;arret_car;Bort-les-Orgues Ville;Bort-les-Orgues Ville;Bort-les-Orgues Ville;8753409;87534099;45.399341;2.499293;FR;Europe/Paris;Q203182;;Car TER;gtfs;;;;;87534099;Bort-les-Orgues Ville
TN8753432;gare;Mulhouse Dornach Tram Train;Mulhouse Dornach Tram Train;Mulhouse Dornach Tram Train;8753432;87534321;47.74678;7.307791;FR;Europe/Paris;Q79815;TramTrain;;gtfs;;;;;87534321;Mulhouse Dornach Tram Train
TN8753433;gare;Mulhouse Musées;Mulhouse Musées;Mulhouse Musées;8753433;87534339;47.75013;7.298472;FR;Europe/Paris;Q79815;TramTrain;;uic;13397838495;;;;87534339;Mulhouse Musées
TN8753434;gare;Lutterbach Tram-train;Lutterbach Tram-train;Lutterbach Tram-train;8753434;87534347;47.758214;7.276994;FR;Europe/Paris;Q124172;TramTrain;;gtfs;;;;;87534347;Lutterbach Tram-train
TN8753509;arret_car;Aubenas Gare Routière;Aubenas Gare Routière;Aubenas Gare Routière;8753509;87535096;44.61095;4.407164;FR;Europe/Paris;Q211121;;Car TER;gtfs;;;;;87535096;Aubenas Gare Routière
TN8754300;gare;Orléans;Orléans;Orléans;8754300;87543009;47.907795;1.904661;FR;Europe/Paris;Q6548;Train TER;Car TER;uic;6960862566;Q1965397;;;87543009;Orléans
TN8754301;gare;Les Aubrais;Les Aubrais;Les Aubrais;8754301;87543017;47.926675;1.906309;FR;Europe/Paris;Q857771;INTERCITES|INTERCITES de nuit|OUIGO|Train TER;Car TER;uic;4290857009;Q2544309;;XFAO;87543017;Les Aubrais
TN8754303;gare;Cercottes;Cercottes;Cercottes;8754303;87543033;47.986179;1.884753;FR;Europe/Paris;Q1166899;Train TER;Car TER;uic;3468358993;Q427992;;;87543033;Cercottes
TN8754304;gare;Chevilly;Chevilly;Chevilly;8754304;87543041;48.026671;1.879309;FR;Europe/Paris;Q131957;Train TER;Car TER;uic;8308508763;Q3044015;;;87543041;Chevilly
TN8754305;gare;Artenay;Artenay;Artenay;8754305;87543058;48.080876;1.88337;FR;Europe/Paris;Q706912;Train TER;Car TER;uic;960167854;Q2163650;;;87543058;Artenay
TN8754306;gare;Château-Gaillard;Château-Gaillard;Château-Gaillard;8754306;87543066;48.141724;1.912894;FR;Europe/Paris;Q377554;Train TER;Car TER;uic;9955632004;Q1983004;;;87543066;Château-Gaillard
TN8754307;gare;Toury;Toury;Toury;8754307;87543074;48.193074;1.939758;FR;Europe/Paris;Q662337;Train TER;Car TER;uic;8308434214;Q2905467;;;87543074;Toury
TN8754308;gare;Boisseaux;Boisseaux;Boisseaux;8754308;87543082;48.256545;1.973006;FR;Europe/Paris;Q1167478;Train TER;;uic;8308523947;Q2386157;;;87543082;Boisseaux
TN8754309;gare;Angerville;Angerville;Angerville;8754309;87543090;48.311547;2.00372;FR;Europe/Paris;Q538536;Train TER;Car TER;uic;10025822520;Q3095639;;;87543090;Angerville
TN8754311;gare;Saint-Cyr-en-Val;Saint-Cyr-en-Val La-Source;Saint-Cyr-en-Val La-Source;8754311;87543116;47.819196;1.947452;FR;Europe/Paris;Q1423781;Train TER;;uic;13315386502;Q2499133;;;87543116;Saint-Cyr-en-Val
TN8754312;gare;La Ferté Saint-Aubin;La Ferté Saint-Aubin;La Ferté Saint-Aubin;8754312;87543124;47.720931;1.932172;FR;Europe/Paris;Q181356;Train TER;Car TER;uic;13314856771;Q2641304;;;87543124;La Ferté-Saint-Aubin
TN8754314;gare;Lamotte-Beuvron;Lamotte-Beuvron;Lamotte-Beuvron;8754314;87543140;47.593836;2.02233;FR;Europe/Paris;Q1382948;Train TER;Car TER;uic;13276219375;Q2428202;;;87543140;Lamotte-Beuvron
TN8754315;gare;Nouan-le-Fuzelier;Nouan-le-Fuzelier;Nouan-le-Fuzelier;8754315;87543157;47.533798;2.033098;FR;Europe/Paris;Q1170112;Train TER;;uic;2163803349;Q3097228;;;87543157;Nouan-le-Fuzelier
TN8754316;gare;Salbris;Salbris;Salbris;8754316;87543165;47.425181;2.047573;FR;Europe/Paris;Q579654;Train TER;Car TER;uic;2163803354;Q2842657;;;87543165;Salbris
TN8754319;gare;Theillay;Theillay;Theillay;8754319;87543199;47.314408;2.04439;FR;Europe/Paris;Q1169891;Train TER;;uic;9956795633;Q3097853;;;87543199;Theillay
TN8754337;gare;La Chapelle Saint-Mesmin;La Chapelle Saint-Mesmin;La Chapelle Saint-Mesmin;8754337;87543371;47.893077;1.827172;FR;Europe/Paris;Q1157701;Train TER;;uic;6960862565;Q3096767;;;87543371;La Chapelle-Saint-Mesmin
TN8754511;gare;Monnerville;Monnerville;Monnerville;8754511;87545111;48.3484;2.032238;FR;Europe/Paris;Q266707;Train TER;;uic;3491814893;Q2428557;;;87545111;Monnerville
TN8754512;gare;Guillerval;Guillerval;Guillerval;8754512;87545129;48.374537;2.059961;FR;Europe/Paris;Q263473;Train TER;;uic;2987571732;Q2795225;;;87545129;Guillerval
TN8754513;gare;Étampes;Étampes;Étampes;8754513;87545137;48.436954;2.159499;FR;Europe/Paris;Q205584;Train TER;;uic;2365866314;Q2530992;;;87545137;Étampes
TN8754524;gare;Juvisy;Juvisy;Juvisy;8754524;87545244;48.690203;2.383819;FR;Europe/Paris;Q752255;OUIGO;;uic;3484229326;Q628695;;;87545244;Juvisy
TN8754552;gare;Dourdan;Dourdan;Dourdan;8754552;87545525;48.53359;2.009716;FR;Europe/Paris;Q646609;Train TER;;uic;6044969154;Q2398073;;;87545525;Dourdan
TN8754565;gare;Auneau;Auneau;Auneau;8754565;87545657;48.445885;1.780073;FR;Europe/Paris;Q1143375;Train TER;;uic;11014390349;Q3095696;;;87545657;Auneau
TN8754570;gare;Voves;Voves;Voves;8754570;87545707;48.274992;1.622251;FR;Europe/Paris;Q21294399;Train TER;;uic;12205325316;Q2155896;;;87545707;Voves
TN8754573;gare;Bonneval;Bonneval;Bonneval;8754573;87545731;48.186282;1.386289;FR;Europe/Paris;Q453498;Train TER;;uic;264575614;Q2315461;;;87545731;Bonneval
TN8754575;gare;Châteaudun;Châteaudun;Châteaudun;8754575;87545756;48.073417;1.338388;FR;Europe/Paris;Q181886;Train TER;;uic;9769689298;Q2782753;;;87545756;Châteaudun
TN8754700;gare;Paris Austerlitz;Gare d'Austerlitz;Gare d'Austerlitz;8754700;87547000;48.842401;2.36499;FR;Europe/Paris;Q90;INTERCITES|INTERCITES de nuit|OUIGO|Train TER;Car à réservation;uic;3493828793;Q1494179;;;87547000;Paris Austerlitz
TN8755194;arret_car;Toulouse Argoulets;Toulouse Argoulets;Toulouse Argoulets;8755194;87551945;43.6248;1.4772;FR;Europe/Paris;Q7880;;Car TER;gtfs;;;;;87551945;Toulouse Argoulets
TN8755214;arret_car;Ribeauville Gare Routière;Ribeauville Gare Routière;Ribeauville Gare Routière;8755214;87552141;48.19223;7.325821;FR;Europe/Paris;Q148483;;Car TER;gtfs;;;;;87552141;Ribeauville Gare Routière
TN8755650;arret_car;Valence Gare Routière;Valence Gare Routière;Valence Gare Routière;8755650;87556506;44.927222;4.892222;FR;Europe/Paris;Q8848;;Car TER;gtfs;;;;;87556506;Valence Gare Routière
TN8755652;arret_car;Montelimar Gare Routière;Montelimar Gare Routière;Montelimar Gare Routière;8755652;87556522;44.559439;4.745107;FR;Europe/Paris;Q234270;;Car TER;gtfs;;;;;87556522;Montelimar Gare Routière
TN8755907;gare;Nevers-le-Banlay;Nevers-le-Banlay;Nevers-le-Banlay;8755907;87559070;47.006938;3.163533;FR;Europe/Paris;Q890000;Train TER;Car TER;uic;8307951299;;;;87559070;Nevers le Banlay
TN8756242;gare;Aulnat Aéroport;Aulnat Aéroport;Aulnat Aéroport;8756242;87562421;45.79205;3.161434;FR;Europe/Paris;Q775445;Train TER;Car TER;uic;541423177;Q2383561;;;87562421;Aulnat Aéroport
TN8756514;gare;Halte de Fontanil - Lycée de Drap;Halte de Fontanil - Lycée de Drap;Halte de Fontanil - Lycée de Drap;8756514;87565143;43.76422;7.338873;FR;Europe/Paris;Q1089758;Train TER;Car TER;uic;35731049;Q21619066;;;87565143;Halte de Fontanil - Lycée de Drap
TN8756691;gare;Lentilly Charpenay;Lentilly Charpenay;Lentilly Charpenay;8756691;87566919;45.816519;4.682375;FR;Europe/Paris;Q654273;Train TER;Car TER;gtfs;;;;;87566919;Lentilly Charpenay
TN8757100;gare;Tours;Tours;Tours;8757100;87571000;47.389432;0.693929;FR;Europe/Paris;Q288;Navette|TGV INOUI|Train TER;Car TER;uic;4550029282;Q1876295;;;87571000;Tours
TN8757121;gare;Vendôme - Villiers-sur-Loir;Vendôme - Villiers-sur-Loir;Vendôme - Villiers-sur-Loir;8757121;87571216;47.821937;1.021143;FR;Europe/Paris;Q1111803;TGV INOUI;;gtfs;;;;;87571216;Vendôme - Villiers-sur-Loir
TN8757124;gare;Saint-Pierre-des-Corps;Saint-Pierre-des-Corps;Saint-Pierre-des-Corps;8757124;87571240;47.38567;0.723788;FR;Europe/Paris;Q1141332;INTERCITES|INTERCITES de nuit|Navette|OUIGO|TGV INOUI|Train TER;Car TER;uic;6960862545;Q3097610;;;87571240;Saint-Pierre-des-Corps
TN8757127;gare;Montlouis;Montlouis;Montlouis;8757127;87571273;47.391557;0.817271;FR;Europe/Paris;Q638668;Train TER;;uic;6960862546;Q3097083;;;87571273;Montlouis
TN8757140;gare;Montbazon;Montbazon;Montbazon;8757140;87571406;47.291755;0.721402;FR;Europe/Paris;Q693996;Train TER;;uic;12988575465;Q3097067;;;87571406;Montbazon
TN8757141;gare;Veigné;Veigné;Veigné;8757141;87571414;47.291504;0.73494;FR;Europe/Paris;Q1170702;Train TER;;uic;10929971257;Q3097944;;;87571414;Veigné
TN8757142;gare;Esvres-sur-Indre;Esvres-sur-Indre;Esvres-sur-Indre;8757142;87571422;47.284142;0.781684;FR;Europe/Paris;Q1070579;Train TER;;uic;10932204314;Q3095750;;;87571422;Esvres-sur-Indre
TN8757143;gare;Cormery;Cormery;Cormery;8757143;87571430;47.262461;0.833947;FR;Europe/Paris;Q1135988;Train TER;;uic;10932204311;Q3096288;;;87571430;Cormery
TN8757144;gare;Courcay-Tauxigny;Courcay-Tauxigny;Courcay-Tauxigny;8757144;87571448;47.237763;0.86782;FR;Europe/Paris;Q1135829;Train TER;;uic;10932204299;Q3096315;;;87571448;Courcay - Tauxigny
TN8757145;gare;Reignac;Reignac;Reignac;8757145;87571455;47.217926;0.9014;FR;Europe/Paris;Q429989;Train TER;;uic;793633189;Q3097388;;XFPGA;87571455;Reignac
TN8757146;gare;Chambourg;Chambourg;Chambourg;8757146;87571463;47.182387;0.964757;FR;Europe/Paris;Q1138709;Train TER;;uic;10932204276;Q3096179;;;87571463;Chambourg
TN8757147;gare;Loches;Loches;Loches;8757147;87571471;47.130451;1.000711;FR;Europe/Paris;Q213349;Train TER;;uic;11331176088;Q1892240;;;87571471;Loches
TN8757150;gare;Fondettes - Saint-Cyr-sur-Loire;Fondettes - Saint-Cyr-sur-Loire;Fondettes - Saint-Cyr-sur-Loire;8757150;87571505;47.398683;0.646125;FR;Europe/Paris;Q527676;Train TER;;nom;13208519170;;;;87571505;Fondettes - Saint-Cyr-sur-Loire
TN8757151;gare;La Membrolle-sur-Choisille;La Membrolle-sur-Choisille;La Membrolle-sur-Choisille;8757151;87571513;47.431255;0.640913;FR;Europe/Paris;Q656494;Train TER;;uic;4290857001;Q2401102;;XFLRL;87571513;La Membrolle-sur-Choisille
TN8757153;gare;Saint-Antoine-du-Rocher;Saint-Antoine-du-Rocher;Saint-Antoine-du-Rocher;8757153;87571539;47.503683;0.616591;FR;Europe/Paris;Q1170798;Train TER;;uic;4052518450;Q3097489;;;87571539;Saint-Antoine-du-Rocher
TN8757154;gare;Neuillé-Pont-Pierre;Neuillé-Pont-Pierre;Neuillé-Pont-Pierre;8757154;87571547;47.55805;0.564817;FR;Europe/Paris;Q1072145;Train TER;;uic;4052518445;Q3097190;;XFNPP;87571547;Neuillé-Pont-Pierre
TN8757155;gare;Saint-Paterne;Saint-Paterne;Saint-Paterne;8757155;87571554;47.603942;0.478311;FR;Europe/Paris;Q1171988;Train TER;;uic;3468358894;Q3097584;;;87571554;Saint-Paterne
TN8757160;arret_car;Ballan;Ballan;Ballan;8757160;87571604;47.336776;0.617989;FR;Europe/Paris;Q632428;;Car TER;uic;3670576334;Q3095896;;;87571604;Ballan
TN8757161;arret_car;Druye;Druye;Druye;8757161;87571612;47.306814;0.535317;FR;Europe/Paris;Q1171292;;Car TER;uic;10876011509;Q3096403;;;87571612;Druye
TN8757163;arret_car;Azay-le-Rideau;Azay-le-Rideau;Azay-le-Rideau;8757163;87571638;47.266349;0.447506;FR;Europe/Paris;Q243032;;Car TER;uic;3992478157;Q3095715;;;87571638;Azay-le-Rideau
TN8757165;arret_car;Rivarennes;Rivarennes;Rivarennes;8757165;87571653;47.267956;0.361861;FR;Europe/Paris;Q954622;;Car TER;gtfs;;;;;87571653;Rivarennes
TN8757168;arret_car;Chinon;Chinon;Chinon;8757168;87571687;47.163073;0.251645;FR;Europe/Paris;Q194138;;Car TER;gtfs;;;;;87571687;Chinon
TN8757179;gare;Port-Boulet;Port-Boulet;Port-Boulet;8757179;87571794;47.248776;0.155585;FR;Europe/Paris;Q681259;Train TER;Car TER;uic;3947264481;Q3097321;;;87571794;Port Boulet
TN8757180;gare;La Chapelle-sur-Loire;La Chapelle-sur-Loire;La Chapelle-sur-Loire;8757180;87571802;47.251274;0.218616;FR;Europe/Paris;Q977486;Train TER;;uic;9633273942;Q3096766;;;87571802;La Chapelle-sur-Loire
TN8757181;gare;Saint-Patrice;Saint-Patrice;Saint-Patrice;8757181;87571810;47.285567;0.309811;FR;Europe/Paris;Q28009455;Train TER;;uic;4055238302;Q3097590;;;87571810;Saint-Patrice
TN8757182;gare;Langeais;Langeais;Langeais;8757182;87571828;47.324058;0.410104;FR;Europe/Paris;Q28335215;Train TER;Car TER;gtfs;;;;;87571828;Langeais
TN8757183;gare;Cinq-Mars-la-Pile;Cinq-Mars-la-Pile;Cinq-Mars-la-Pile;8757183;87571836;47.345112;0.459387;FR;Europe/Paris;Q671169;Train TER;Car TER;gtfs;;;;;87571836;Cinq-Mars-la-Pile
TN8757184;gare;Savonnières;Savonnières;Savonnières;8757184;87571844;47.360606;0.543837;FR;Europe/Paris;Q748742;Train TER;;uic;1431191945;Q3097696;;;87571844;Savonnières
TN8757185;gare;Saint-Genouph;Saint-Genouph;Saint-Genouph;8757185;87571851;47.370921;0.596964;FR;Europe/Paris;Q1171980;Train TER;;uic;11611830640;Q3097524;;;87571851;Saint-Genouph
TN8757188;gare;Joué-les-Tours;Joué-les-Tours;Joué-les-Tours;8757188;87571885;47.354272;0.667654;FR;Europe/Paris;Q269364;Train TER;Car TER;uic;11599384852;Q405631;;;87571885;Joué-lès-Tours
TN8757400;gare;Blois - Chambord;Blois - Chambord;Blois - Chambord;8757400;87574004;47.585456;1.323458;FR;Europe/Paris;Q160927;OUIGO|Train TER;Car TER;uic;4550084940;Q2273271;;;87574004;Blois - Chambord
TN8757411;gare;Chaingy-Fourneaux-Plage;Chaingy-Fourneaux-Plage;Chaingy-Fourneaux-Plage;8757411;87574111;47.87708;1.7824;FR;Europe/Paris;Q1169595;Train TER;;uic;6960862562;Q3096173;;;87574111;Chaingy Fourneaux Plage
TN8757412;gare;Saint-Ay;Saint-Ay;Saint-Ay;8757412;87574129;47.863087;1.749813;FR;Europe/Paris;Q1422816;Train TER;;uic;6960862561;Q3097498;;;87574129;Saint-Ay
TN8757413;gare;Meung-sur-Loire;Meung-sur-Loire;Meung-sur-Loire;8757413;87574137;47.829933;1.691908;FR;Europe/Paris;Q658776;Train TER;Car TER;uic;6960862563;Q1931469;;;87574137;Meung-sur-Loire
TN8757415;gare;Baule;Baule;Baule;8757415;87574152;47.811854;1.668303;FR;Europe/Paris;Q1251125;Train TER;;uic;8312907319;Q3095924;;;87574152;Baule
TN8757416;gare;Beaugency;Beaugency;Beaugency;8757416;87574160;47.778448;1.625777;FR;Europe/Paris;Q429910;Train TER;Car TER;uic;4290854854;Q3095933;;XFBGY;87574160;Beaugency
TN8757419;gare;Mer;Mer;Mer;8757419;87574194;47.705975;1.506256;FR;Europe/Paris;Q732823;Train TER;Car TER;uic;1419161776;Q3097018;;XFMER;87574194;Mer
TN8757423;gare;Suèvres;Suèvres;Suèvres;8757423;87574236;47.68087;1.454935;FR;Europe/Paris;Q1169770;Train TER;;uic;6960862556;Q3097803;;;87574236;Suèvres
TN8757424;gare;Menars;Menars;Menars;8757424;87574244;47.645048;1.405644;FR;Europe/Paris;Q748682;Train TER;;uic;6960862555;Q3097014;;;87574244;Menars
TN8757425;gare;La Chaussée-Saint-Victor;La Chaussée-Saint-Victor;La Chaussée-Saint-Victor;8757425;87574251;47.613184;1.354398;FR;Europe/Paris;Q1470456;Train TER;;uic;6960862554;Q3096770;;;87574251;La Chaussée-Saint-Victor
TN8757430;gare;Chouzy;Chouzy;Chouzy;8757430;87574301;47.52034;1.247807;FR;Europe/Paris;Q24939857;Train TER;;uic;6960862553;Q3096226;;;87574301;Chouzy
TN8757431;gare;Onzain - Chaumont-sur-Loire;Onzain - Chaumont-sur-Loire;Onzain - Chaumont-sur-Loire;8757431;87574319;47.491881;1.186081;FR;Europe/Paris;Q27225805;Train TER;Car TER;uic;6960862552;Q3095830;;;87574319;Onzain - Chaumont-sur-Loire
TN8757432;gare;Veuves - Monteaux;Veuves - Monteaux;Veuves - Monteaux;8757432;87574327;47.475681;1.123801;FR;Europe/Paris;Q27225805;Train TER;;uic;6960862551;Q943479;;;87574327;Veuves - Monteaux
TN8757433;gare;Limeray;Limeray;Limeray;8757433;87574335;47.450224;1.049956;FR;Europe/Paris;Q1171941;Train TER;;uic;6960862550;Q3096886;;;87574335;Limeray
TN8757434;gare;Amboise;Amboise;Amboise;8757434;87574343;47.421434;0.980846;FR;Europe/Paris;Q205116;Train TER;Car TER;uic;6960862548;Q3095624;;;87574343;Amboise
TN8757436;gare;Noizay;Noizay;Noizay;8757436;87574368;47.409745;0.896275;FR;Europe/Paris;Q737400;Train TER;;uic;6960862547;Q3097215;;;87574368;Noizay
TN8757443;gare;Veretz - Montlouis;Veretz - Montlouis;Veretz - Montlouis;8757443;87574434;47.371516;0.819844;FR;Europe/Paris;Q638668;Train TER;;uic;9910934326;Q3098047;;;87574434;Véretz - Montlouis
TN8757444;gare;Azay-sur-Cher;Azay-sur-Cher;Azay-sur-Cher;8757444;87574442;47.365191;0.859855;FR;Europe/Paris;Q638668;Train TER;;uic;11599430718;Q3095716;;;87574442;Azay-sur-Cher
TN8757445;gare;Saint-Martin-le-Beau;Saint-Martin-le-Beau;Saint-Martin-le-Beau;8757445;87574459;47.355191;0.906004;FR;Europe/Paris;Q1171927;Train TER;;gtfs;;;;;87574459;Saint-Martin-le-Beau
TN8757447;gare;Bléré - La Croix;Bléré - La Croix;Bléré - La Croix;8757447;87574475;47.337724;0.987778;FR;Europe/Paris;Q1099027;Train TER;;uic;2110395516;Q3096007;;;87574475;Bléré - la Croix
TN8757449;gare;Chenonceaux;Chenonceaux;Chenonceaux;8757449;87574491;47.330737;1.064968;FR;Europe/Paris;Q274619;Train TER;;uic;5111215481;Q2695647;;;87574491;Chenonceaux
TN8757450;gare;Cloyes;Cloyes-sur-le-Loir;Cloyes-sur-le-Loir;8757450;87574509;47.992127;1.243425;FR;Europe/Paris;Q24938139;Train TER;;uic;9769769876;Q3096255;;;87574509;Cloyes
TN8757453;gare;Fréteval - Morée;Fréteval;Fréteval;8757453;87574533;47.891926;1.211818;FR;Europe/Paris;Q681308;Train TER;;uic;2189076736;Q3096495;;;87574533;Fréteval - Morée
TN8757454;gare;Pezou;Pezou;Pezou;8757454;87574541;47.86728;1.140926;FR;Europe/Paris;Q1170291;Train TER;;uic;50635656;Q3097269;;XFPEZ;87574541;Pezou
TN8757455;gare;Vendôme;Vendôme;Vendôme;8757455;87574558;47.802052;1.067735;FR;Europe/Paris;Q214575;Train TER;Car TER;uic;50640075;Q3097951;;XFVDM;87574558;Vendôme
TN8757464;gare;Saint-Amand de Vendôme;Saint-Amand de Vendôme;Saint-Amand de Vendôme;8757464;87574640;47.693085;1.012083;FR;Europe/Paris;Q1424723;Train TER;Car TER;uic;842089194;Q3097480;;;87574640;Saint-Amand de Vendôme
TN8757466;gare;Château-Renault;Château-Renault;Château-Renault;8757466;87574665;47.587796;0.901524;FR;Europe/Paris;Q476900;Train TER;Car TER;uic;2400741079;Q3096228;;XFCTR;87574665;Château-Renault
TN8757468;gare;Monnaie;Monnaie;Monnaie;8757468;87574681;47.498773;0.793238;FR;Europe/Paris;Q1172014;Train TER;;uic;11014727242;Q3097060;;;87574681;Monnaie
TN8757469;gare;Notre-Dame-d'Oé;Notre-Dame-d'Oé;Notre-Dame-d'Oé;8757469;87574699;47.459661;0.706996;FR;Europe/Paris;Q737461;Train TER;;uic;11138964494;Q3097220;;;87574699;Notre-Dame-d'Oé
TN8757484;gare;Chissay-en-Touraine;Chissay-en-Touraine;Chissay-en-Touraine;8757484;87574848;47.334778;1.13341;FR;Europe/Paris;Q965163;Train TER;;uic;2110395538;Q3096220;;;87574848;Chissay-en-Touraine
TN8757485;gare;Montrichard;Montrichard;Montrichard;8757485;87574855;47.34366;1.171815;FR;Europe/Paris;Q21979697;Train TER;;uic;3951275706;Q2362220;;;87574855;Montrichard
TN8757489;gare;Saint-Aignan - Noyers;Saint-Aignan - Noyers;Saint-Aignan - Noyers;8757489;87574897;47.286813;1.383677;FR;Europe/Paris;Q1169994;Train TER;;uic;3951294369;Q3097477;;XFSAN;87574897;Saint-Aignan - Noyers
TN8757500;gare;Poitiers;Poitiers;Poitiers;8757500;87575001;46.582522;0.332711;FR;Europe/Paris;Q6616;OUIGO|TGV INOUI|Train TER;Car TER;uic;9912502487;Q2786522;;;87575001;Poitiers
TN8757503;gare;Monts;Monts;Monts;8757503;87575035;47.281867;0.654661;FR;Europe/Paris;Q1170894;Train TER;Car TER;uic;4043661067;Q3097101;;;87575035;Monts
TN8757504;gare;Villeperdue;Villeperdue;Villeperdue;8757504;87575043;47.201893;0.633526;FR;Europe/Paris;Q1170302;Train TER;;uic;4035244566;Q2389054;;XFVIP;87575043;Villeperdue
TN8757505;gare;Sainte-Maure-Noyant;Sainte-Maure-Noyant;Sainte-Maure-Noyant;8757505;87575050;47.111152;0.577127;FR;Europe/Paris;Q788925;Train TER;Car TER;uic;4035244556;Q2478637;;;87575050;Sainte-Maure - Noyant
TN8757506;gare;Maillé;Maillé;Maillé;8757506;87575068;47.053579;0.583128;FR;Europe/Paris;Q1170908;Train TER;;uic;4072961553;Q3096962;;;87575068;Maillé
TN8757507;gare;Port-de-Piles;Port-de-Piles;Port-de-Piles;8757507;87575076;47.01017;0.598716;FR;Europe/Paris;Q1098068;Train TER;Car TER;uic;11012831321;Q520724;;XFPP;87575076;Port-de-Piles
TN8757511;gare;Les Ormes;Les Ormes;Les Ormes;8757511;87575118;46.972418;0.607794;FR;Europe/Paris;Q1469814;Train TER;;uic;685715747;Q2358754;;XFORE;87575118;Les Ormes
TN8757512;gare;Dangé-Saint-Romain;Dangé-Saint-Romain;Dangé-Saint-Romain;8757512;87575126;46.937892;0.608811;FR;Europe/Paris;Q1147040;Train TER;;uic;4550029283;Q1978811;;;87575126;Dangé-Saint-Romain
TN8757513;gare;Ingrandes sur Vienne;Ingrandes sur Vienne;Ingrandes sur Vienne;8757513;87575134;46.874628;0.569117;FR;Europe/Paris;Q971474;Train TER;;uic;4440832424;Q1940437;;;87575134;Ingrandes sur Vienne
TN8757514;gare;Châtellerault;Châtellerault;Châtellerault;8757514;87575142;46.818699;0.549287;FR;Europe/Paris;Q205576;TGV INOUI|Train TER;Car TER;uic;4290854867;Q1878152;;XFCRT;87575142;Châtellerault
TN8757516;gare;Nerpuy;Nerpuy;Nerpuy;8757516;87575167;46.783342;0.525765;FR;Europe/Paris;Q753358;Train TER;;uic;4550029286;Q2672815;;;87575167;Nerpuy
TN8757517;gare;Naintré-les-Barres;Naintré-les-Barres;Naintré-les-Barres;8757517;87575175;46.759524;0.496274;FR;Europe/Paris;Q753358;Train TER;Car TER;uic;4550029287;Q1970279;;;87575175;Naintré les Barres
TN8757518;gare;La Tricherie;La Tricherie;La Tricherie;8757518;87575183;46.728814;0.441238;FR;Europe/Paris;Q28039988;Train TER;Car TER;uic;249333739;Q2430077;;XFLTR;87575183;La Tricherie
TN8757519;gare;Dissay;Dissay;Dissay;8757519;87575191;46.703464;0.421067;FR;Europe/Paris;Q1353991;Train TER;;uic;4550029288;Q1995058;;;87575191;Dissay
TN8757521;gare;Jaunay-Clan;Jaunay-Clan;Jaunay-Clan;8757521;87575217;46.682033;0.381794;FR;Europe/Paris;Q26413668;Train TER;Car TER;uic;4440734950;Q2720958;;;87575217;Jaunay-Clan
TN8757522;gare;Chasseneuil-du-Poitou;Chasseneuil-du-Poitou;Chasseneuil-du-Poitou;8757522;87575225;46.65177;0.373028;FR;Europe/Paris;Q845994;Train TER;;uic;9646738124;Q2480414;;;87575225;Chasseneuil-du-Poitou
TN8757527;gare;Ligugé;Ligugé;Ligugé;8757527;87575274;46.520305;0.333317;FR;Europe/Paris;Q1471226;Train TER;Car TER;uic;10942991908;Q2030786;;;87575274;Ligugé
TN8757529;gare;Vivonne;Vivonne;Vivonne;8757529;87575290;46.426787;0.265241;FR;Europe/Paris;Q1613150;Train TER;Car TER;uic;718390151;Q2314920;;;87575290;Vivonne
TN8757533;gare;Anché-Voulon;Anché-Voulon;Anché-Voulon;8757533;87575332;46.349597;0.250198;FR;Europe/Paris;Q1356522;Train TER;Car TER;uic;2839676860;Q2598406;;;87575332;Anché - Voulon
TN8757535;gare;Epanvilliers;Epanvilliers;Epanvilliers;8757535;87575357;46.22723;0.23593;FR;Europe/Paris;Q1360137;Train TER;Car TER;uic;2839676861;Q2406713;;;87575357;Épanvilliers
TN8757536;gare;Saint-Saviol;Saint-Saviol;Saint-Saviol;8757536;87575365;46.146977;0.21796;FR;Europe/Paris;Q123269717;Train TER;Car TER;uic;249333899;Q2322939;;XFSSV;87575365;Saint-Saviol
TN8757548;gare;Montmorillon;Montmorillon;Montmorillon;8757548;87575480;46.417498;0.873747;FR;Europe/Paris;Q476242;Train TER;Car TER;gtfs;;;;;87575480;Montmorillon
TN8757549;arret_car;Lathus;Lathus;Lathus;8757549;87575498;46.338192;0.964869;FR;Europe/Paris;Q646454;;Car TER;uic;11068367237;Q3096858;;;87575498;Lathus
TN8757570;gare;Mignaloux-Nouaillé;Mignaloux-Nouaillé;Mignaloux-Nouaillé;8757570;87575704;46.526191;0.411757;FR;Europe/Paris;Q1436018;Train TER;Car TER;uic;9004536373;;;;87575704;Mignaloux - Nouaillé
TN8757584;gare;Lussac-les-Châteaux;Lussac-les-Châteaux;Lussac-les-Châteaux;8757584;87575845;46.40515;0.718698;FR;Europe/Paris;Q1454091;Train TER;Car TER;gtfs;;;;;87575845;Lussac-les-Châteaux
TN8757600;gare;Vierzon;Vierzon;Vierzon;8757600;87576009;47.226945;2.059921;FR;Europe/Paris;Q208538;INTERCITES|INTERCITES de nuit|Train TER;Car TER;uic;9252748403;Q2749385;;;87576009;Vierzon
TN8757602;gare;Romorantin Blanc Argent;Romorantin-Lanthenay;Romorantin-Lanthenay;8757602;87576025;47.355404;1.738871;FR;Europe/Paris;Q214600;Train TER;Car TER;uic;1962830126;Q2727107;;;87576025;Romorantin Blanc Argent
TN8757608;gare;La Ferté-Imbault;La Ferté-Imbault;La Ferté-Imbault;8757608;87576082;47.383572;1.958083;FR;Europe/Paris;Q1161950;Train TER;Car TER;uic;833871965;Q2167825;;;87576082;La Ferté-Imbault
TN8757609;gare;Vierzon-Forges;Vierzon-Forges;Vierzon-Forges;8757609;87576090;47.209883;2.099614;FR;Europe/Paris;Q208538;Train TER;;uic;9252880900;Q1901288;;;87576090;Vierzon Forges
TN8757610;gare;Foëcy;Foëcy;Foëcy;8757610;87576108;47.175733;2.16244;FR;Europe/Paris;Q1173543;Train TER;;uic;9252912958;Q2577332;;;87576108;Foëcy
TN8757611;gare;Mehun-sur-Yèvre;Mehun-sur-Yèvre;Mehun-sur-Yèvre;8757611;87576116;47.139494;2.207298;FR;Europe/Paris;Q606352;Train TER;;uic;9252941371;Q607296;;;87576116;Mehun-sur-Yèvre
TN8757613;gare;Marmagne;Marmagne;Marmagne;8757613;87576132;47.099954;2.282677;FR;Europe/Paris;Q1172536;Train TER;;uic;10565420835;Q3096981;;;87576132;Marmagne
TN8757614;gare;Selles-Saint-Denis;Selles-Saint-Denis;Selles-Saint-Denis;8757614;87576140;47.388386;1.922204;FR;Europe/Paris;Q1169902;Train TER;Car TER;uic;3468358895;Q3097715;;;87576140;Selles-Saint-Denis
TN8757615;gare;Loreux;Loreux;Loreux;8757615;87576157;47.39036;1.834388;FR;Europe/Paris;Q1382486;Train TER;Car TER;gtfs;;;;;87576157;Loreux
TN8757616;gare;Villeherviers;Villeherviers;Villeherviers;8757616;87576165;47.369401;1.797256;FR;Europe/Paris;Q1170597;Train TER;Car TER;uic;2051211763;Q1826289;;;87576165;Villeherviers
TN8757617;gare;Faubourg d'Orléans;Faubourg d'Orléans;Faubourg d'Orléans;8757617;87576173;47.367028;1.740188;FR;Europe/Paris;Q214600;Train TER;Car TER;uic;9432238253;Q2573173;;;87576173;Faubourg d'Orléans
TN8757618;gare;Les Quatre Roues;Les Quatre Roues;Les Quatre Roues;8757618;87576181;47.332552;1.702528;FR;Europe/Paris;Q752901;Train TER;;uic;3468359593;Q2390460;;;87576181;Les Quatre Roues
TN8757619;gare;Pruniers;Pruniers-en-Sologne;Pruniers-en-Sologne;8757619;87576199;47.313183;1.67215;FR;Europe/Paris;Q1172598;Train TER;;uic;11332065068;Q3097351;;;87576199;Pruniers
TN8757620;gare;Bourges;Bourges;Bourges;8757620;87576207;47.094328;2.394302;FR;Europe/Paris;Q132404;INTERCITES|Train TER;Car TER;uic;194212267;Q660934;;;87576207;Bourges
TN8757621;gare;Valençay;Valençay;Valençay;8757621;87576215;47.16316;1.558437;FR;Europe/Paris;Q474503;Train TER;Car TER;uic;8426733776;Q2508246;;;87576215;Valençay
TN8757622;gare;Chabris;Chabris;Chabris;8757622;87576223;47.255075;1.645991;FR;Europe/Paris;Q1080911;Train TER;Car TER;uic;1376094222;Q2612548;;;87576223;Chabris
TN8757623;gare;Varennes-sur-Fouzon;Varennes-sur-Fouzon;Varennes-sur-Fouzon;8757623;87576231;47.21441;1.614522;FR;Europe/Paris;Q21979695;Train TER;Car TER;uic;3468360093;Q534397;;;87576231;Varennes-sur-Fouzon
TN8757627;gare;Saint-Florent-sur-Cher;Saint-Florent-sur-Cher;Saint-Florent-sur-Cher;8757627;87576272;46.992101;2.252586;FR;Europe/Paris;Q1172299;Train TER;Car TER;uic;9980594904;Q2168788;;;87576272;Saint-Florent-sur-Cher
TN8757628;gare;Lunery;Lunery;Lunery;8757628;87576280;46.935164;2.27509;FR;Europe/Paris;Q1173494;Train TER;;gtfs;;;;;87576280;Lunery
TN8757629;gare;Châteauneuf-sur-Cher;Châteauneuf-sur-Cher;Châteauneuf-sur-Cher;8757629;87576298;46.856809;2.310376;FR;Europe/Paris;Q632443;Train TER;Car TER;uic;469994143;Q2521024;;XFCHC;87576298;Châteauneuf-sur-Cher
TN8757630;gare;Bigny;Bigny;Bigny;8757630;87576306;46.801587;2.368584;FR;Europe/Paris;Q831307;Train TER;;uic;262444176;Q2209490;;;87576306;Bigny
TN8757632;gare;Saint-Amand-Montrond - Orval;Saint-Amand-Montrond - Orval;Saint-Amand-Montrond - Orval;8757632;87576322;46.726515;2.485701;FR;Europe/Paris;Q1142113;Train TER;Car TER;uic;2125164252;Q3097478;;;87576322;Saint-Amand-Montrond - Orval
TN8757634;gare;Urçay;Urçay;Urçay;8757634;87576348;46.629547;2.586667;FR;Europe/Paris;Q1410499;Train TER;;uic;603362407;Q3095853;;;87576348;Urçay
TN8757636;arret_car;Luçay-le-Mâle;Luçay-le-Mâle;Luçay-le-Mâle;8757636;87576363;47.133;1.435824;FR;Europe/Paris;Q1137585;;Car TER;uic;2426866332;Q662797;;;87576363;Luçay-le-Mâle
TN8757640;gare;Saint-Germain-du-Puy;Saint-Germain-du-Puy;Saint-Germain-du-Puy;8757640;87576405;47.096383;2.484701;FR;Europe/Paris;Q924210;Train TER;Car TER;uic;1577096975;Q1817161;;;87576405;Saint-Germain-du-Puy
TN8757643;gare;Avord;Avord;Avord;8757643;87576439;47.034908;2.652578;FR;Europe/Paris;Q688046;Train TER;Car TER;uic;9980564046;Q3095714;;;87576439;Avord
TN8757644;gare;Bengy;Bengy;Bengy;8757644;87576447;47.000082;2.749869;FR;Europe/Paris;Q1139270;Train TER;Car TER;uic;9957960512;Q3095962;;;87576447;Bengy
TN8757645;gare;Nérondes;Nérondes;Nérondes;8757645;87576454;46.999644;2.822508;FR;Europe/Paris;Q1141361;Train TER;Car TER;uic;2108085014;Q2378542;;XFNDS;87576454;Nérondes
TN8757647;gare;La Guerche-sur-l'Aubois;La Guerche-sur-l'Aubois;La Guerche-sur-l'Aubois;8757647;87576470;46.947606;2.948613;FR;Europe/Paris;Q1163750;Train TER;Car TER;uic;13277182572;Q3096785;;;87576470;La Guerche-sur-l'Aubois
TN8757672;gare;Mennetou-sur-Cher;Mennetou-sur-Cher;Mennetou-sur-Cher;8757672;87576728;47.268962;1.876626;FR;Europe/Paris;Q1170191;Train TER;;uic;3468359194;Q2095460;;;87576728;Mennetou-sur-Cher
TN8757686;gare;Selles-sur-Cher;Selles-sur-Cher;Selles-sur-Cher;8757686;87576868;47.281511;1.546045;FR;Europe/Paris;Q832386;Train TER;;gtfs;;;;;87576868;Selles-sur-Cher
TN8757687;gare;Giévres;Giévres;Giévres;8757687;87576876;47.278908;1.667806;FR;Europe/Paris;Q1172598;Train TER;Car TER;uic;11332059906;Q935193;;;87576876;Gièvres
TN8757688;gare;Villefranche-sur-Cher;Villefranche-sur-Cher;Villefranche-sur-Cher;8757688;87576884;47.294803;1.768094;FR;Europe/Paris;Q732703;Train TER;;uic;2130946632;Q2006291;;XFVSC;87576884;Villefranche-sur-Cher
TN8757740;gare;Iteuil;Iteuil;Iteuil;8757740;87577403;46.484057;0.316837;FR;Europe/Paris;Q690794;Train TER;Car TER;uic;2717008174;Q2510926;;;87577403;Iteuil
TN8757822;arret_car;Bayard-Route-Eurville;Bayard-Route-Eurville;Bayard-Route-Eurville;8757822;87578229;48.553813;5.076853;FR;Europe/Paris;Q740607;;Car TER;gtfs;;;;;87578229;Bayard-Route-Eurville
TN8758034;gare;Marseille Arenc Euroméditerranée;Arenc-Euroméditerranée;Arenc-Euroméditerranée;8758034;87580340;43.313234;5.367615;FR;Europe/Paris;Q23482;Train TER;;uic;1099359855;Q16638550;;;87580340;Marseille Arenc Euroméditerranée
TN8758100;gare;Bordeaux-Saint-Jean;Bordeaux-Saint-Jean;Bordeaux-Saint-Jean;8758100;87581009;44.825523;-0.55565;FR;Europe/Paris;Q1479;INTERCITES|OUIGO|TGV INOUI|Train TER;Car TER|Car à réservation;uic;5615156624;Q800564;;;87581009;Bordeaux Saint-Jean
TN8758118;gare;Ludon;Ludon;Ludon;8758118;87581181;44.974479;-0.611751;FR;Europe/Paris;Q175512;Train TER;Car TER;uic;603645283;Q2395750;;;87581181;Ludon
TN8758119;gare;Macau;Macau;Macau;8758119;87581199;45.004185;-0.620081;FR;Europe/Paris;Q1004486;Train TER;Car TER;uic;648468234;Q3096944;;;87581199;Macau
TN8758121;gare;Margaux;Margaux;Margaux;8758121;87581215;45.03585;-0.685473;FR;Europe/Paris;Q27922737;Train TER;Car TER;uic;318667183;Q3096972;;;87581215;Margaux
TN8758123;gare;Moulis - Listrac;Moulis - Listrac;Moulis - Listrac;8758123;87581231;45.084175;-0.744856;FR;Europe/Paris;Q195102;Train TER;Car TER;uic;2349530883;Q3097116;;;87581231;Moulis - Listrac
TN8758125;gare;Pauillac;Pauillac;Pauillac;8758125;87581256;45.203816;-0.755176;FR;Europe/Paris;Q272528;Train TER;Car TER;uic;1430915271;Q3097256;;;87581256;Pauillac
TN8758131;gare;Lesparre;Lesparre;Lesparre;8758131;87581314;45.303618;-0.945364;FR;Europe/Paris;Q209795;Train TER;Car TER;uic;423011027;Q3096876;;;87581314;Lesparre
TN8758137;gare;Soulac-sur-Mer;Soulac-sur-Mer;Soulac-sur-Mer;8758137;87581371;45.50816;-1.117715;FR;Europe/Paris;Q478237;Train TER;Car TER;uic;12807262584;Q3097770;;;87581371;Soulac-sur-Mer
TN8758138;gare;Le Verdon;Le Verdon;Le Verdon;8758138;87581389;45.549445;-1.065283;FR;Europe/Paris;Q186324;Train TER;Car TER;uic;3436936192;Q3098243;;;87581389;Le Verdon
TN8758153;gare;Caudéran-Mérignac;Caudéran-Mérignac;Caudéran-Mérignac;8758153;87581538;44.8428;-0.62747;FR;Europe/Paris;Q1479;Train TER;Car TER;uic;9547002179;Q2194618;;;87581538;Caudéran-Mérignac
TN8758159;gare;Cenon;Cenon;Cenon;8758159;87581595;44.856318;-0.533652;FR;Europe/Paris;Q1053472;Train TER;;uic;3466158694;Q3096161;;;87581595;Cenon
TN8758171;gare;Parempuyre;Parempuyre;Parempuyre;8758171;87581710;44.944698;-0.619309;FR;Europe/Paris;Q680351;Train TER;Car TER;uic;318718039;Q3097246;;;87581710;Parempuyre
TN8758172;gare;Blanquefort;Blanquefort;Blanquefort;8758172;87581728;44.917591;-0.623752;FR;Europe/Paris;Q220592;Train TER;Car TER;uic;9547002180;Q2277962;;;87581728;Blanquefort
TN8758173;gare;Bruges;Bruges;Bruges;8758173;87581736;44.886997;-0.609476;FR;Europe/Paris;Q327025;Train TER;Car TER;uic;746849938;Q2631759;;;87581736;Bruges
TN8758175;gare;Pessac;Pessac;Pessac;8758175;87581751;44.804527;-0.631364;FR;Europe/Paris;Q207156;Train TER;Car TER;uic;9547002178;Q2407155;;;87581751;Pessac
TN8758179;gare;Pessac-Alouette;Pessac-Alouette;Pessac-Alouette;8758179;87581793;44.793448;-0.659581;FR;Europe/Paris;Q207156;Train TER;Car TER;uic;9547082872;Q2241014;;;87581793;Pessac-Alouette
TN8758180;gare;Bègles;Bègles;Bègles;8758180;87581801;44.79937;-0.555171;FR;Europe/Paris;Q192438;Train TER;;uic;12590103307;Q1976042;;;87581801;Bègles
TN8758183;gare;Villenave d'Ornon;Villenave d'Ornon;Villenave d'Ornon;8758183;87581835;44.768343;-0.547257;FR;Europe/Paris;Q235733;Train TER;Car TER;uic;2297183738;Q2517604;;;87581835;Villenave-d'Ornon
TN8758185;gare;Bassens;Bassens Ville;Bassens Ville;8758185;87581850;44.901293;-0.522314;FR;Europe/Paris;Q243682;Train TER;;uic;1670504896;Q951337;;XFBAS;87581850;Bassens
TN8758234;arret_car;Boé;Boé;Boé;8758234;87582346;44.177609;0.635013;FR;Europe/Paris;Q627217;;Car TER;gtfs;;;;;87582346;Boé
TN8758235;arret_car;Sainte-Mère;Sainte-Mère;Sainte-Mère;8758235;87582353;44.0026;0.669027;FR;Europe/Paris;Q1004073;;Car TER;gtfs;;;;;87582353;Sainte-Mère
TN8758240;gare;Gazinet-Cestas;Gazinet-Cestas;Gazinet-Cestas;8758240;87582403;44.772042;-0.699358;FR;Europe/Paris;Q326520;Train TER;Car TER;uic;9547082873;Q3096529;;;87582403;Gazinet - Cestas
TN8758244;gare;Marcheprime;Marcheprime;Marcheprime;8758244;87582445;44.690421;-0.853701;FR;Europe/Paris;Q194288;Train TER;Car TER;uic;9547050829;Q2656531;;;87582445;Marcheprime
TN8758247;gare;Biganos Facture;Facture-Biganos;Facture-Biganos;8758247;87582478;44.637241;-0.966178;FR;Europe/Paris;Q275609;INTERCITES de nuit|TGV INOUI|Train TER;Car TER;uic;9547050827;Q948578;;;87582478;Biganos Facture
TN8758253;gare;Ychoux;Ychoux;Ychoux;8758253;87582536;44.329222;-0.946269;FR;Europe/Paris;Q603453;Train TER;Car TER;uic;8718603257;Q2859024;;;87582536;Ychoux
TN8758255;gare;Labouheyre;Labouheyre;Labouheyre;8758255;87582551;44.210605;-0.92095;FR;Europe/Paris;Q654663;Train TER;Car TER;uic;2903068087;Q2703238;;;87582551;Labouheyre
TN8758260;gare;Le Teich;Le Teich;Le Teich;8758260;87582601;44.632384;-1.02573;FR;Europe/Paris;Q174909;Train TER;Car TER;uic;570217914;Q511850;;;87582601;Le Teich
TN8758261;gare;Gujan-Mestras;Gujan-Mestras;Gujan-Mestras;8758261;87582619;44.640606;-1.069083;FR;Europe/Paris;Q623481;Train TER;Car TER;uic;9547050826;Q2342346;;;87582619;Gujan-Mestras
TN8758263;gare;La Hume;La Hume;La Hume;8758263;87582635;44.639902;-1.116031;FR;Europe/Paris;Q623481;Train TER;Car TER;uic;9173923214;Q579347;;;87582635;La Hume
TN8758264;gare;La Teste;La Teste;La Teste;8758264;87582643;44.636973;-1.142934;FR;Europe/Paris;Q233133;TGV INOUI|Train TER;Car TER;uic;461610141;Q2274288;;;87582643;La Teste
TN8758266;gare;Arcachon;Arcachon;Arcachon;8758266;87582668;44.658966;-1.16557;FR;Europe/Paris;Q191460;TGV INOUI|Train TER;Car TER;uic;1307659491;Q2777199;;;87582668;Arcachon
TN8758268;gare;Cadaujac;Cadaujac;Cadaujac;8758268;87582684;44.752085;-0.537672;FR;Europe/Paris;Q320220;Train TER;Car TER;uic;12807331356;Q2649510;;;87582684;Cadaujac
TN8758269;gare;Saint-Médard-d'Eyrans;Saint-Médard-d'Eyrans;Saint-Médard-d'Eyrans;8758269;87582692;44.716858;-0.505741;FR;Europe/Paris;Q457662;Train TER;Car TER;uic;9153197620;Q1937391;;;87582692;Saint-Médard-d'Eyrans
TN8758270;gare;Beautiran;Beautiran;Beautiran;8758270;87582700;44.701172;-0.4502;FR;Europe/Paris;Q238469;Train TER;Car TER;uic;5612147985;Q3095941;;;87582700;Beautiran
TN8758271;gare;Portets;Portets;Portets;8758271;87582718;44.692866;-0.425387;FR;Europe/Paris;Q379674;Train TER;Car TER;uic;2295068527;Q2699649;;;87582718;Portets
TN8758272;gare;Arbanats;Arbanats;Arbanats;8758272;87582726;44.674629;-0.395889;FR;Europe/Paris;Q199449;Train TER;Car TER;uic;2295056788;Q2412880;;;87582726;Arbanats
TN8758273;gare;Podensac;Podensac;Podensac;8758273;87582734;44.64891;-0.358839;FR;Europe/Paris;Q194315;Train TER;Car TER;uic;5612147954;Q3097292;;;87582734;Podensac
TN8758274;gare;Cérons;Cérons;Cérons;8758274;87582742;44.632237;-0.340756;FR;Europe/Paris;Q327267;Train TER;Car TER;uic;4514300766;Q2743902;;;87582742;Cérons
TN8758275;gare;Barsac;Barsac;Barsac;8758275;87582759;44.605446;-0.321594;FR;Europe/Paris;Q236570;Train TER;Car TER;uic;9954778947;Q2380252;;;87582759;Barsac
TN8758276;gare;Preignac;Preignac;Preignac;8758276;87582767;44.578381;-0.302238;FR;Europe/Paris;Q194920;Train TER;;uic;9149252491;Q3097347;;;87582767;Preignac
TN8758277;gare;Langon;Langon;Langon;8758277;87582775;44.555554;-0.255747;FR;Europe/Paris;Q207154;Train TER;Car TER;uic;13176625563;Q2294438;;;87582775;Langon
TN8758282;gare;Saint-Macaire;Saint-Macaire;Saint-Macaire;8758282;87582825;44.568624;-0.226972;FR;Europe/Paris;Q471984;Train TER;Car TER;uic;3381677452;Q1920702;;;87582825;Saint-Macaire
TN8758283;gare;Saint-Pierre-d'Aurillac;Saint-Pierre-d'Aurillac;Saint-Pierre-d'Aurillac;8758283;87582833;44.575245;-0.187622;FR;Europe/Paris;Q1007402;Train TER;Car TER;uic;3381676130;Q2229872;;;87582833;Saint-Pierre-d'Aurillac
TN8758284;gare;Caudrot;Caudrot;Caudrot;8758284;87582841;44.580159;-0.145155;FR;Europe/Paris;Q861943;Train TER;Car TER;uic;9260764848;Q2004194;;;87582841;Caudrot
TN8758285;gare;Gironde;Gironde sur Dropt;Gironde sur Dropt;8758285;87582858;44.583123;-0.09206;FR;Europe/Paris;Q717130;Train TER;Car TER;uic;1377615755;Q687664;;;87582858;Gironde
TN8758286;gare;La Réole;La Réole;La Réole;8758286;87582866;44.579912;-0.030909;FR;Europe/Paris;Q263456;Train TER;Car TER;uic;12287790564;Q2702368;;;87582866;La Réole
TN8758288;gare;Lamothe-Landerron;Lamothe-Landerron;Lamothe-Landerron;8758288;87582882;44.562827;0.045128;FR;Europe/Paris;Q668688;Train TER;;uic;12951324557;;;;87582882;Lamothe-Landerron
TN8758300;gare;Angoulême;Angoulême;Angoulême;8758300;87583005;45.653731;0.164325;FR;Europe/Paris;Q134346;OUIGO|TGV INOUI|Train TER;Car TER;uic;5143401488;Q3095646;;;87583005;Angoulême
TN8758361;gare;La Couronne Charente;La Couronne Charente;La Couronne Charente;8758361;87583617;45.605085;0.101407;FR;Europe/Paris;Q670129;Train TER;Car TER;uic;11799452820;Q120757397;;;87583617;La Couronne Charente
TN8758367;gare;Montmoreau;Montmoreau;Montmoreau;8758367;87583674;45.398531;0.138067;FR;Europe/Paris;Q27343364;Train TER;Car TER;uic;2839676864;Q761396;;;87583674;Montmoreau
TN8758369;gare;Chalais;Chalais;Chalais;8758369;87583690;45.270864;0.043581;FR;Europe/Paris;Q1152948;Train TER;Car TER;uic;13176981318;Q527692;;;87583690;Chalais
TN8758382;gare;Luxé;Luxé;Luxé;8758382;87583823;45.887706;0.109589;FR;Europe/Paris;Q1626394;Train TER;Car TER;uic;12951263800;Q2249657;;;87583823;Luxé
TN8758384;gare;Ruffec;Ruffec (Charente);Ruffec (Charente);8758384;87583849;46.030617;0.190147;FR;Europe/Paris;Q730659;Train TER;Car TER;uic;10943037310;Q3097463;;;87583849;Ruffec
TN8758405;gare;Libourne;Libourne;Libourne;8758405;87584052;44.915872;-0.236337;FR;Europe/Paris;Q6544;TGV INOUI|Train TER;Car TER;uic;12992287635;Q2181974;;;87584052;Libourne
TN8758410;gare;Saint-Émilion;Saint-Émilion;Saint-Émilion;8758410;87584102;44.881171;-0.159334;FR;Europe/Paris;Q192548;Train TER;Car TER;uic;1573006210;;;;87584102;Saint-Émilion
TN8758413;gare;Castillon;Castillon-la-Bataille;Castillon-la-Bataille;8758413;87584136;44.857023;-0.040659;FR;Europe/Paris;Q269346;Train TER;Car TER;uic;688835892;;;;87584136;Castillon
TN8758415;gare;Lamothe-Montravel;Lamothe-Montravel;Lamothe-Montravel;8758415;87584151;44.853738;0.021568;FR;Europe/Paris;Q1078906;Train TER;Car TER;uic;1329633329;Q3096842;;;87584151;Lamothe-Montravel
TN8758417;gare;Vélines;Vélines;Vélines;8758417;87584177;44.852015;0.103658;FR;Europe/Paris;Q732674;Train TER;Car TER;uic;638778861;Q428774;;;87584177;Vélines
TN8758419;gare;Sainte-Foy la Grande;Sainte-Foy la Grande;Sainte-Foy la Grande;8758419;87584193;44.83676;0.221355;FR;Europe/Paris;Q778437;Train TER;Car TER;uic;13428206743;Q3097642;;;87584193;Sainte-Foy-la-Grande
TN8758420;gare;Saint-Antoine-de-Breuilh;Saint-Antoine-de-Breuilh;Saint-Antoine-de-Breuilh;8758420;87584201;44.846652;0.152001;FR;Europe/Paris;Q178452;Train TER;Car TER;uic;3435153501;Q657146;;;87584201;Saint-Antoine-de-Breuilh
TN8758423;gare;Gardonne;Gardonne;Gardonne;8758423;87584235;44.834754;0.331943;FR;Europe/Paris;Q1078919;Train TER;Car TER;uic;1590142735;Q3096523;;;87584235;Gardonne
TN8758424;gare;Lamonzie-Saint-Martin;Lamonzie-Saint-Martin;Lamonzie-Saint-Martin;8758424;87584243;44.843458;0.380281;FR;Europe/Paris;Q1078880;Train TER;Car TER;uic;3435151446;Q3096840;;;87584243;Lamonzie-Saint-Martin
TN8758426;gare;Bergerac;Bergerac;Bergerac;8758426;87584268;44.857314;0.489223;FR;Europe/Paris;Q187911;Train TER;Car TER;uic;13428219601;Q2224394;;;87584268;Bergerac
TN8758444;gare;Lalinde;Lalinde;Lalinde;8758444;87584441;44.839628;0.742768;FR;Europe/Paris;Q1079436;Train TER;Car TER;uic;13430045823;Q3096837;;;87584441;Lalinde
TN8758446;gare;Mauzac;Mauzac;Mauzac;8758446;87584466;44.855864;0.789921;FR;Europe/Paris;Q1077096;Train TER;;uic;13430270067;Q3097007;;;87584466;Mauzac
TN8758447;gare;Trémolat;Trémolat;Trémolat;8758447;87584474;44.862511;0.830328;FR;Europe/Paris;Q495689;Train TER;;uic;1788499465;Q1869059;;;87584474;Trémolat
TN8758450;gare;Saint-Denis de Pile;Saint-Denis de Pile;Saint-Denis de Pile;8758450;87584508;44.977643;-0.198845;FR;Europe/Paris;Q720555;Train TER;Car TER;uic;1490181690;Q542553;;;87584508;Saint-Denis-de-Pile
TN8758451;gare;Coutras;Coutras;Coutras;8758451;87584516;45.03656;-0.131286;FR;Europe/Paris;Q243898;Train TER;Car TER;uic;13009311802;Q2343526;;;87584516;Coutras
TN8758453;gare;Les Églisottes;Les Églisottes;Les Églisottes;8758453;87584532;45.094243;-0.043793;FR;Europe/Paris;Q199511;Train TER;Car TER;uic;2794462997;Q3098178;;;87584532;Les Églisottes
TN8758454;gare;Saint-Aigulin-la-Roche-Chalais;Saint-Aigulin-la-Roche-Chalais;Saint-Aigulin-la-Roche-Chalais;8758454;87584540;45.157263;-0.019104;FR;Europe/Paris;Q1350296;Train TER;Car TER;uic;2839676867;Q3097487;;;87584540;Saint-Aigulin - La Roche-Chalais
TN8758460;gare;Saint-Médard-de-Guizières;Saint-Médard-de-Guizières;Saint-Médard-de-Guizières;8758460;87584607;45.015558;-0.048811;FR;Europe/Paris;Q201760;Train TER;;gtfs;;;;;87584607;Saint-Médard-de-Guizières
TN8758461;gare;Saint-Seurin-sur-l'Isle;Saint-Seurin-sur-l'Isle;Saint-Seurin-sur-l'Isle;8758461;87584615;45.011422;-0.002672;FR;Europe/Paris;Q1004626;Train TER;;uic;13280671613;Q3097622;;;87584615;Saint-Seurin-sur-l'Isle
TN8758471;gare;Vayres;Vayres;Vayres;8758471;87584714;44.897163;-0.316858;FR;Europe/Paris;Q1007571;Train TER;;uic;599971449;Q3097948;;;87584714;Vayres
TN8758472;gare;Saint-Sulpice - Izon;Saint-Sulpice - Izon;Saint-Sulpice - Izon;8758472;87584722;44.914284;-0.392132;FR;Europe/Paris;Q501807;Train TER;;uic;1673655173;Q2866001;;;87584722;Saint-Sulpice - Izon
TN8758473;gare;Saint-Loubès;Saint-Loubès;Saint-Loubès;8758473;87584730;44.92239;-0.433224;FR;Europe/Paris;Q201784;Train TER;;uic;546635829;Q3097562;;XFSIT;87584730;Saint-Loubès
TN8758475;gare;La Gorp;La Gorp;La Gorp;8758475;87584755;44.928935;-0.496412;FR;Europe/Paris;Q243586;Train TER;;uic;9319497419;Q675874;;;87584755;La Gorp
TN8758600;gare;Agen;Agen;Agen;8758600;87586008;44.208355;0.620978;FR;Europe/Paris;Q6625;INTERCITES|OUIGO|TGV INOUI|Train TER;Car TER;uic;13290560063;Q2244575;;;87586008;Agen
TN8758610;gare;Port-Sainte-Marie;Port-Sainte-Marie;Port-Sainte-Marie;8758610;87586107;44.250486;0.390562;FR;Europe/Paris;Q1164132;Train TER;Car TER;uic;11135889820;Q3097329;;;87586107;Port-Sainte-Marie
TN8758626;arret_car;Lectoure;Lectoure;Lectoure;8758626;87586263;43.931311;0.615682;FR;Europe/Paris;Q473919;;Car TER;gtfs;;;;;87586263;Lectoure
TN8758630;arret_car;Layrac;Layrac;Layrac;8758630;87586305;44.132927;0.660435;FR;Europe/Paris;Q1104341;;Car TER;gtfs;;;;;87586305;Layrac
TN8758631;arret_car;Goulens;Goulens;Goulens;8758631;87586313;44.096539;0.654979;FR;Europe/Paris;Q1104341;;Car TER;gtfs;;;;;87586313;Goulens
TN8758632;arret_car;Astaffort;Astaffort;Astaffort;8758632;87586321;44.066944;0.651155;FR;Europe/Paris;Q514622;;Car TER;gtfs;;;;;87586321;Astaffort
TN8758633;arret_car;Fleurance Allée Aristide Briand;Fleurance Allée Aristide Briand;Fleurance Allée Aristide Briand;8758633;87586339;43.85247;0.656725;FR;Europe/Paris;Q473923;;Car TER;gtfs;;;;;87586339;Fleurance Allée Aristide Briand
TN8758634;arret_car;Montestruc-sur-Gers;Montestruc-sur-Gers;Montestruc-sur-Gers;8758634;87586347;43.793292;0.629399;FR;Europe/Paris;Q1006333;;Car TER;gtfs;;;;;87586347;Montestruc-sur-Gers
TN8758636;arret_car;Sainte-Christie;Sainte-Christie;Sainte-Christie;8758636;87586362;43.754884;0.631939;FR;Europe/Paris;Q767478;;Car TER;gtfs;;;;;87586362;Sainte-Christie
TN8758637;arret_car;Rambert Preignan;Rambert Preignan;Rambert Preignan;8758637;87586370;43.711122;0.621717;FR;Europe/Paris;Q1006217;;Car TER;gtfs;;;;;87586370;Rambert Preignan
TN8758641;gare;Laroque;Laroque;Laroque;8758641;87586412;44.287481;0.749752;FR;Europe/Paris;Q1070614;Train TER;Car TER;uic;2846928109;Q2084092;;;87586412;Laroque
TN8758643;gare;Penne;Penne;Penne;8758643;87586438;44.379933;0.802979;FR;Europe/Paris;Q225751;Train TER;Car TER;uic;1091270222;Q1844121;;;87586438;Penne
TN8758645;gare;Monsempron-Libos;Monsempron-Libos;Monsempron-Libos;8758645;87586453;44.486531;0.941287;FR;Europe/Paris;Q945006;Train TER;Car TER;uic;1211227701;Q2505358;;;87586453;Monsempron-Libos
TN8758647;gare;Sainte-Bazeille;Sainte-Bazeille;Sainte-Bazeille;8758647;87586479;44.532656;0.093095;FR;Europe/Paris;Q747513;Train TER;;uic;9954765983;Q3097645;;;87586479;Sainte-Bazeille
TN8758649;gare;Sauveterre-La-Lémance;Sauveterre-La-Lémance;Sauveterre-La-Lémance;8758649;87586495;44.58942;1.011635;FR;Europe/Paris;Q219670;Train TER;Car TER;uic;3096972760;Q3097694;;;87586495;Sauveterre-la-Lémance
TN8758654;gare;Marmande;Marmande;Marmande;8758654;87586545;44.503202;0.168216;FR;Europe/Paris;Q210742;INTERCITES|Train TER;Car TER;uic;8328564473;Q3096984;;XFMMD;87586545;Marmande
TN8758665;gare;Tonneins;Tonneins;Tonneins;8758665;87586651;44.392805;0.314105;FR;Europe/Paris;Q1070001;Train TER;Car TER;uic;4391633066;Q2402280;;;87586651;Tonneins
TN8758669;gare;Aiguillon;Aiguillon;Aiguillon;8758669;87586693;44.298739;0.335218;FR;Europe/Paris;Q404783;Train TER;Car TER;uic;9954804701;Q2325241;;;87586693;Aiguillon
TN8758920;arret_car;Ragegat;Ragegat;Ragegat;8758920;87589200;43.965368;0.663654;FR;Europe/Paris;Q473919;;Car TER;gtfs;;;;;87589200;Ragegat
TN8758956;arret_car;Gannat Lycee Eiffel;Gannat Lycee Eiffel;Gannat Lycee Eiffel;8758956;87589564;46.086182;3.197861;FR;Europe/Paris;Q272347;;Car TER;gtfs;;;;;87589564;Gannat Lycee Eiffel
TN8758957;arret_car;Gannat Lycee Ste Procule;Gannat Lycee Ste Procule;Gannat Lycee Ste Procule;8758957;87589572;46.099225;3.19001;FR;Europe/Paris;Q272347;;Car TER;gtfs;;;;;87589572;Gannat Lycee Ste Procule
TN8758958;arret_car;La Ville Gozet Square H. Duna;La Ville Gozet Square H. Duna;La Ville Gozet Square H. Duna;8758958;87589580;46.347927;2.593626;FR;Europe/Paris;Q193256;;Car TER;gtfs;;;;;87589580;La Ville Gozet Square H. Duna
TN8758959;arret_car;Le Puy En Velay Hôpital E.Roux;Le Puy En Velay Hôpital E.Roux;Le Puy En Velay Hôpital E.Roux;8758959;87589598;45.049219;3.8772;FR;Europe/Paris;Q1018522;;Car TER;gtfs;;;;;87589598;Le Puy En Velay Hôpital E.Roux
TN8758980;arret_car;Reugny Rue De La Bascul;Reugny Rue De La Bascul;Reugny Rue De La Bascul;8758980;87589804;46.462807;2.61546;FR;Europe/Paris;Q272440;;Car TER;gtfs;;;;;87589804;Reugny Rue De La Bascul
TN8759029;gare;Nice Pont Michel;Nice Pont Michel;Nice Pont Michel;8759029;87590299;43.722266;7.291424;FR;Europe/Paris;Q33959;Train TER;Car TER;uic;5284203138;Q18749562;;;87590299;Nice Pont Michel
TN8759033;gare;Haluchère Batignolles Beaujoire;Haluchère Batignolles Beaujoire;Haluchère Batignolles Beaujoire;8759033;87590331;47.249196;-1.522475;FR;Europe/Paris;Q12191;TramTrain;;gtfs;;;;;87590331;Haluchère Batignolles Beaujoire
TN8759034;gare;Babinière;Babinière;Babinière;8759034;87590349;47.258844;-1.544972;FR;Europe/Paris;Q681819;TramTrain;;uic;3486338294;Q3095887;;;87590349;Babinière
TN8759035;gare;Erdre Active;Erdre Active;Erdre Active;8759035;87590356;47.283028;-1.544677;FR;Europe/Paris;Q681819;TramTrain;;uic;3486338296;Q3095744;;;87590356;Erdre-Active
TN8759036;gare;La Chapelle - Aulnay;La Chapelle - Aulnay;La Chapelle - Aulnay;8759036;87590364;47.308601;-1.54153;FR;Europe/Paris;Q681819;TramTrain;;uic;8062833571;Q3096764;;;87590364;La Chapelle - Aulnay
TN8759037;gare;Châteaubriant Tram Train;Châteaubriant;Châteaubriant;8759037;87590372;47.71724;-1.371381;FR;Europe/Paris;Q211187;TramTrain;;uic;12992401318;;;;87590372;Châteaubriant Tram Train
TN8759082;gare;Sucé-sur-Erdre;Sucé-sur-Erdre;Sucé-sur-Erdre;8759082;87590828;47.342972;-1.530279;FR;Europe/Paris;Q829373;TramTrain;;uic;2279914741;Q3097782;;;87590828;Sucé-sur-Erdre
TN8759200;gare;Limoges-Bénédictins;Limoges-Bénédictins;Limoges-Bénédictins;8759200;87592006;45.836138;1.267435;FR;Europe/Paris;Q45656;INTERCITES|INTERCITES de nuit|Train TER;Car TER;uic;3471044194;Q658277;;;87592006;Limoges Bénédictins
TN8759202;gare;Limoges-Montjovis;Limoges-Montjovis;Limoges-Montjovis;8759202;87592022;45.838411;1.251512;FR;Europe/Paris;Q45656;Train TER;Car TER;uic;1480412805;Q2527927;;;87592022;Limoges Montjovis
TN8759204;gare;Les Bardys;Les Bardys;Les Bardys;8759204;87592048;45.904662;1.377452;FR;Europe/Paris;Q1075121;Train TER;Car TER;uic;9981045737;;;;87592048;Les Bardys
TN8759205;gare;Saint-Priest-Taurion;Saint-Priest-Taurion;Saint-Priest-Taurion;8759205;87592055;45.887217;1.400086;FR;Europe/Paris;Q1075121;Train TER;Car TER;uic;9008100945;Q3097608;;;87592055;Saint-Priest-Taurion
TN8759206;gare;Brignac;Brignac;Brignac;8759206;87592063;45.86425;1.440035;FR;Europe/Paris;Q202436;Train TER;Car TER;uic;9008100943;;;;87592063;Brignac
TN8759207;gare;Saint-Léonard-de-Noblat;Saint-Léonard-de-Noblat;Saint-Léonard-de-Noblat;8759207;87592071;45.832077;1.481882;FR;Europe/Paris;Q200202;Train TER;Car TER;gtfs;;;;;87592071;Saint-Léonard-de-Noblat
TN8759209;gare;Saint-Denis-des-Murs;Saint-Denis-des-Murs;Saint-Denis-des-Murs;8759209;87592097;45.789028;1.551308;FR;Europe/Paris;Q1087868;Train TER;Car TER;uic;718463021;;;;87592097;Saint-Denis-des-Murs
TN8759210;gare;Châteauneuf - Bujaleuf;Gare Chateauneuf-Bujaleuf;Gare Chateauneuf-Bujaleuf;8759210;87592105;45.759322;1.645181;FR;Europe/Paris;Q1075900;Train TER;Car TER;uic;12049717953;;;;87592105;Châteauneuf - Bujaleuf
TN8759212;gare;Eymoutiers Vassivière;Eymoutiers;Eymoutiers;8759212;87592121;45.739808;1.741182;FR;Europe/Paris;Q1078961;Train TER;Car TER;uic;9904071459;Q3095756;;;87592121;Eymoutiers Vassivière
TN8759214;gare;Lacelle Corrèze;Lacelle;Lacelle;8759214;87592147;45.641259;1.826324;FR;Europe/Paris;Q666806;Train TER;Car TER;uic;9008100940;Q3096826;;;87592147;Lacelle Corrèze
TN8759216;gare;Bugeat;Bugeat;Bugeat;8759216;87592162;45.600597;1.924815;FR;Europe/Paris;Q322395;Train TER;Car TER;gtfs;;;;;87592162;Bugeat
TN8759217;gare;Pérols-sur-Vézère;Perols;Perols;8759217;87592170;45.584869;1.977672;FR;Europe/Paris;Q624461;Train TER;Car TER;uic;9008100939;Q3097359;;;87592170;Pérols-sur-Vézère
TN8759224;gare;Solignac - Le-Vigen;Solignac - Le-Vigen;Solignac - Le-Vigen;8759224;87592246;45.756164;1.285669;FR;Europe/Paris;Q1060826;Train TER;Car TER;uic;9956913734;Q2514095;;;87592246;Solignac - Le Vigen
TN8759225;gare;Pierre-Buffière;Pierre-Buffière;Pierre-Buffière;8759225;87592253;45.699529;1.347238;FR;Europe/Paris;Q626156;Train TER;Car TER;uic;9956856446;Q647634;;;87592253;Pierre-Buffière
TN8759227;gare;Magnac-Vicq;Magnac-Vicq;Magnac-Vicq;8759227;87592279;45.628803;1.443806;FR;Europe/Paris;Q478560;Train TER;Car TER;uic;9956999889;Q3055175;;;87592279;Magnac - Vicq
TN8759228;gare;Saint-Germain-les-Belles;Saint-Germain-les-Belles;Saint-Germain-les-Belles;8759228;87592287;45.609878;1.479971;FR;Europe/Paris;Q607905;Train TER;Car TER;nom;11806734765;;;;87592287;Saint-Germain-les-Belles
TN8759229;gare;La Porcherie;La Porcherie;La Porcherie;8759229;87592295;45.574038;1.538397;FR;Europe/Paris;Q626124;Train TER;Car TER;uic;9956999884;Q3053389;;;87592295;La Porcherie
TN8759231;gare;Ambazac;Ambazac;Ambazac;8759231;87592311;45.952804;1.406552;FR;Europe/Paris;Q380236;Train TER;Car TER;uic;13308724911;Q2588907;;;87592311;Ambazac
TN8759233;gare;La Jonchère;La Jonchère;La Jonchère;8759233;87592337;45.994241;1.479967;FR;Europe/Paris;Q1062639;Train TER;Car TER;uic;9981094345;Q774362;;;87592337;La Jonchère
TN8759234;gare;Saint-Sulpice-Laurière;Saint-Sulpice-Laurière;Saint-Sulpice-Laurière;8759234;87592345;46.046788;1.47607;FR;Europe/Paris;Q1088246;Train TER;Car TER;uic;13310714676;Q2319803;;;87592345;Saint-Sulpice-Laurière
TN8759235;gare;Bersac;Bersac;Bersac;8759235;87592352;46.083764;1.432175;FR;Europe/Paris;Q175668;Train TER;Car TER;uic;9981109358;Q961103;;;87592352;Bersac
TN8759236;gare;Fromental;Fromental;Fromental;8759236;87592360;46.171488;1.432427;FR;Europe/Paris;Q202157;Train TER;Car TER;uic;9981106667;Q3096492;;;87592360;Fromental
TN8759237;gare;La Souterraine;La Souterraine;La Souterraine;8759237;87592378;46.239812;1.492373;FR;Europe/Paris;Q193349;INTERCITES|INTERCITES de nuit|Train TER;Car TER;uic;8998811048;Q2666389;;;87592378;La Souterraine
TN8759241;arret_car;Nieul;Nieul;Nieul;8759241;87592410;45.927371;1.172348;FR;Europe/Paris;Q1076330;;Car TER;uic;9004536369;;;;87592410;Nieul
TN8759242;arret_car;Peyrilhac-Saint-Jouvent;Peyrilhac-Saint-Jouvent;Peyrilhac-Saint-Jouvent;8759242;87592428;45.959489;1.169951;FR;Europe/Paris;Q190775;;Car TER;uic;9004536370;Q2167746;;;87592428;Peyrilhac - Saint-Jouvent
TN8759244;arret_car;Nantiat;Nantiat;Nantiat;8759244;87592444;46.005497;1.156625;FR;Europe/Paris;Q508836;;Car TER;uic;9004536371;Q3097172;;;87592444;Nantiat
TN8759248;arret_car;Bellac;Bellac;Bellac;8759248;87592485;46.125255;1.046104;FR;Europe/Paris;Q214597;;Car TER;gtfs;;;;;87592485;Bellac
TN8759249;gare;Saint-Sébastien;Saint-Sébastien;Saint-Sébastien;8759249;87592493;46.385908;1.546598;FR;Europe/Paris;Q1011170;Train TER;Car TER;uic;8998811046;Q3097625;;;87592493;Saint-Sébastien
TN8759250;gare;La Coquille;La Coquille;La Coquille;8759250;87592501;45.540766;0.974333;FR;Europe/Paris;Q191520;Train TER;Car TER;uic;12961057125;;;;87592501;La Coquille
TN8759254;arret_car;Le Dorat;Le Dorat;Le Dorat;8759254;87592543;46.21104;1.079166;FR;Europe/Paris;Q179186;;Car TER;uic;13242963804;Q970213;;;87592543;Le Dorat
TN8759263;gare;L'Aiguille;L'Aiguille;L'Aiguille;8759263;87592634;45.778256;1.204638;FR;Europe/Paris;Q1020075;Train TER;Car TER;uic;9023824867;Q1811546;;;87592634;L'Aiguille
TN8759266;gare;Aixe-sur-Vienne;Aixe-sur-Vienne;Aixe-sur-Vienne;8759266;87592667;45.796476;1.14568;FR;Europe/Paris;Q274245;Train TER;Car TER;uic;9729293371;Q3095598;;;87592667;Aixe-sur-Vienne
TN8759268;gare;Saint-Victurnien;Saint-Victurnien;Saint-Victurnien;8759268;87592683;45.876638;1.009567;FR;Europe/Paris;Q766537;Train TER;Car TER;uic;8995217921;Q2713487;;;87592683;Saint-Victurnien
TN8759269;gare;Saint-Brice-sur-Vienne;Saint-Brice-sur-Vienne;Saint-Brice-sur-Vienne;8759269;87592691;45.878226;0.952329;FR;Europe/Paris;Q1075490;Train TER;Car TER;uic;9981067760;Q2202693;;;87592691;Saint-Brice-sur-Vienne
TN8759270;gare;Saint-Junien;Saint-Junien;Saint-Junien;8759270;87592709;45.881369;0.900447;FR;Europe/Paris;Q472922;Train TER;Car TER;uic;8995217923;Q1865229;;;87592709;Saint-Junien
TN8759271;gare;Saillat - Chassenon;Saillat-sur-Vienne;Saillat-sur-Vienne;8759271;87592717;45.869652;0.811705;FR;Europe/Paris;Q193298;Train TER;Car TER;uic;8995218835;Q2300634;;;87592717;Saillat - Chassenon
TN8759272;gare;Nexon;Nexon;Nexon;8759272;87592725;45.691533;1.178265;FR;Europe/Paris;Q175770;Train TER;Car TER;uic;12998849957;Q2279223;;;87592725;Nexon
TN8759273;gare;Lafarge;Lafarge;Lafarge;8759273;87592733;45.633839;1.130807;FR;Europe/Paris;Q426469;Train TER;;uic;9023678896;Q3096834;;;87592733;Lafarge
TN8759274;gare;Bussière-Galant;Bussière-Galant;Bussière-Galant;8759274;87592741;45.607648;1.026153;FR;Europe/Paris;Q926467;Train TER;Car TER;uic;9729929128;Q3096095;;;87592741;Bussière-Galant
TN8759280;gare;La Meyze;La Meyze;La Meyze;8759280;87592808;45.621312;1.212307;FR;Europe/Paris;Q179285;Train TER;Car TER;uic;9981071391;Q1868554;;;87592808;La Meyze
TN8759282;gare;Saint-Yrieix;Saint-Yrieix la Perche;Saint-Yrieix la Perche;8759282;87592824;45.519301;1.205581;FR;Europe/Paris;Q523015;Train TER;Car TER;uic;3471044195;Q2862284;;;87592824;Saint-Yrieix
TN8759400;gare;Brive-la-Gaillarde;Brive-la-Gaillarde;Brive-la-Gaillarde;8759400;87594002;45.152324;1.528383;FR;Europe/Paris;Q6393;INTERCITES|INTERCITES de nuit|Train TER;Car TER;uic;12152111104;Q2749411;;;87594002;Brive-la-Gaillarde
TN8759408;gare;Jassonneix;Jassonneix;Jassonneix;8759408;87594085;45.543475;2.139681;FR;Europe/Paris;Q191784;Train TER;Car TER;uic;9008100938;Q3096652;;;87594085;Jassonneix
TN8759409;gare;Ussel;Ussel;Ussel;8759409;87594093;45.557382;2.314403;FR;Europe/Paris;Q18101;Train TER;Car TER;gtfs;;;;;87594093;Ussel
TN8759411;gare;Corrèze;Corrèze;Corrèze;8759411;87594119;45.32948;1.881079;FR;Europe/Paris;Q668253;Train TER;Car TER;gtfs;;;;;87594119;Corrèze
TN8759413;gare;Montaignac;Montaignac - Saint-Hippolyte;Montaignac - Saint-Hippolyte;8759413;87594135;45.35471;1.979704;FR;Europe/Paris;Q109012648;Train TER;Car TER;uic;9009418741;Q1869132;;;87594135;Montaignac
TN8759416;gare;Égletons;Égletons;Égletons;8759416;87594168;45.402476;2.065209;FR;Europe/Paris;Q274525;Train TER;Car TER;gtfs;;;;;87594168;Égletons
TN8759420;gare;Uzerche;Uzerche;Uzerche;8759420;87594200;45.440706;1.570401;FR;Europe/Paris;Q201906;INTERCITES|INTERCITES de nuit|Train TER;Car TER;uic;13277370286;Q3095863;;;87594200;Uzerche
TN8759421;gare;Vigeois;Vigeois;Vigeois;8759421;87594218;45.38289;1.515121;FR;Europe/Paris;Q1020845;Train TER;Car TER;uic;1823441227;Q3097992;;;87594218;Vigeois
TN8759423;gare;Allassac;Allassac;Allassac;8759423;87594234;45.258927;1.473143;FR;Europe/Paris;Q1016282;Train TER;Car TER;uic;9000636495;Q2571621;;;87594234;Allassac
TN8759427;gare;Meymac;Meymac;Meymac;8759427;87594275;45.530275;2.163953;FR;Europe/Paris;Q191784;Train TER;Car TER;gtfs;;;;;87594275;Meymac
TN8759432;gare;Gignac - Cressensac;Gignac-Cressensac (Lot);Gignac-Cressensac (Lot);8759432;87594325;45.014651;1.483135;FR;Europe/Paris;Q1326736;Train TER;;uic;8330304123;Q2616506;;;87594325;Gignac - Cressensac
TN8759433;gare;Souillac;Souillac;Souillac;8759433;87594333;44.902229;1.466647;FR;Europe/Paris;Q726680;INTERCITES|INTERCITES de nuit|Train TER;Car TER;uic;4290859480;Q2949969;;XFSOU;87594333;Souillac
TN8759438;gare;Condat - Le Lardin;Condat - Le Lardin;Condat - Le Lardin;8759438;87594382;45.126676;1.226512;FR;Europe/Paris;Q579445;Train TER;Car TER;uic;14240962373;Q3096276;;;87594382;Condat - Le Lardin
TN8759440;gare;Terrasson;Terrasson - Lavilledieu;Terrasson - Lavilledieu;8759440;87594408;45.135787;1.300403;FR;Europe/Paris;Q627200;Train TER;Car TER;uic;14232811382;Q3097848;;;87594408;Terrasson
TN8759441;gare;La Rivière-de-Mansac;La Rivière-de-Mansac;La Rivière-de-Mansac;8759441;87594416;45.139617;1.36545;FR;Europe/Paris;Q1082355;Train TER;Car TER;uic;9024571456;;;;87594416;La Rivière de Mansac
TN8759446;gare;Aubazines - Saint-Hilaire;Aubazine-Saint-Hilaire;Aubazine-Saint-Hilaire;8759446;87594465;45.181771;1.641407;FR;Europe/Paris;Q831074;Train TER;Car TER;uic;9009418745;Q1903430;;;87594465;Aubazines - Saint-Hilaire
TN8759448;gare;Cornil;Cornil;Cornil;8759448;87594481;45.215202;1.698178;FR;Europe/Paris;Q180500;Train TER;Car TER;uic;9009418744;;;;87594481;Cornil
TN8759449;gare;Tulle;Tulle;Tulle;8759449;87594499;45.258733;1.756445;FR;Europe/Paris;Q157713;Train TER;Car TER;gtfs;;;;;87594499;Tulle
TN8759455;gare;Turenne;Turenne;Turenne;8759455;87594556;45.03792;1.600596;FR;Europe/Paris;Q194569;Train TER;Car TER;uic;9574758980;Q5522732;;;87594556;Turenne
TN8759456;gare;Les Quatre-Routes;Les Quatre-Routes;Les Quatre-Routes;8759456;87594564;44.997514;1.643907;FR;Europe/Paris;Q60032414;Train TER;Car TER;uic;3423253720;Q3098166;;;87594564;Les Quatre-Routes
TN8759457;gare;Saint-Denis-près-Martel;Saint-Denis-près-Martel;Saint-Denis-près-Martel;8759457;87594572;44.94597;1.666192;FR;Europe/Paris;Q1361040;INTERCITES de nuit|Train TER;Car TER;uic;257391370;Q3097517;;;87594572;Saint-Denis-Près-Martel
TN8759460;gare;Varetz;Varetz;Varetz;8759460;87594606;45.191138;1.447286;FR;Europe/Paris;Q607766;Train TER;Car TER;uic;13004596335;Q5522733;;;87594606;Varetz
TN8759461;gare;Le Burg;Le Burg;Le Burg;8759461;87594614;45.215699;1.429867;FR;Europe/Paris;Q607766;Train TER;Car TER;uic;13004604427;Q16638606;;;87594614;Le Burg
TN8759462;gare;Saint-Aulaire;Saint-Aulaire;Saint-Aulaire;8759462;87594622;45.248733;1.398662;FR;Europe/Paris;Q191846;Train TER;Car TER;uic;13004607541;Q5522718;;;87594622;Saint-Aulaire
TN8759463;gare;Objat;Objat;Objat;8759463;87594630;45.264729;1.406785;FR;Europe/Paris;Q744058;Train TER;Car TER;uic;9001469933;Q5522676;;;87594630;Objat
TN8759471;arret_car;Martel;Martel;Martel;8759471;87594713;44.936361;1.607174;FR;Europe/Paris;Q732788;;Car TER;gtfs;;;;;87594713;Martel
TN8759473;gare;Vayrac;Vayrac;Vayrac;8759473;87594739;44.950178;1.706357;FR;Europe/Paris;Q1385704;Train TER;;uic;9635661066;Q3097939;;;87594739;Vayrac
TN8759474;gare;Bétaille;Bétaille;Bétaille;8759474;87594747;44.942429;1.734429;FR;Europe/Paris;Q1332754;Train TER;;uic;1533893357;Q16354631;;;87594747;Bétaille
TN8759475;gare;Puybrun;Puybrun;Puybrun;8759475;87594754;44.921624;1.784115;FR;Europe/Paris;Q1321472;Train TER;Car TER;uic;9635782696;Q16336066;;;87594754;Puybrun
TN8759476;gare;Bretenoux - Biars;Bretenoux - Biars;Bretenoux - Biars;8759476;87594762;44.927549;1.844242;FR;Europe/Paris;Q1327605;INTERCITES de nuit|Train TER;Car TER;uic;7389146997;Q16502904;;;87594762;Bretenoux - Biars
TN8759479;gare;Laval-de-Cère;Laval-de-Cère;Laval-de-Cère;8759479;87594796;44.951191;1.93155;FR;Europe/Paris;Q949109;Train TER;Car TER;uic;9635328234;Q16485880;;;87594796;Laval-de-Cère
TN8759482;gare;Masseret;Masseret;Masseret;8759482;87594820;45.53616;1.541454;FR;Europe/Paris;Q666779;Train TER;Car TER;uic;9956999872;Q2186957;;;87594820;Masseret
TN8759500;gare;Périgueux;Périgueux;Périgueux;8759500;87595009;45.187272;0.707548;FR;Europe/Paris;Q6588;Train TER;Car TER;uic;13236214290;Q1900058;;;87595009;Périgueux
TN8759512;gare;Thiviers;Thiviers;Thiviers;8759512;87595124;45.418977;0.92135;FR;Europe/Paris;Q629705;Train TER;Car TER;gtfs;;;;;87595124;Thiviers
TN8759513;gare;Négrondes;Négrondes;Négrondes;8759513;87595132;45.346033;0.861173;FR;Europe/Paris;Q191800;Train TER;Car TER;uic;9023678897;Q3097236;;;87595132;Négrondes
TN8759515;gare;Agonac;Agonac;Agonac;8759515;87595157;45.286615;0.748732;FR;Europe/Paris;Q861377;Train TER;Car TER;uic;9023678898;Q3095593;;;87595157;Agonac
TN8759516;gare;Château l'Évêque;Château l'Évêque;Château l'Évêque;8759516;87595165;45.24457;0.688223;FR;Europe/Paris;Q1013275;Train TER;Car TER;uic;9023678899;Q3096231;;;87595165;Château-l'Évêque
TN8759520;gare;Marsac (Dordogne);Marsac (Dordogne);Marsac (Dordogne);8759520;87595207;45.186271;0.663454;FR;Europe/Paris;Q1076670;Train TER;;uic;11211794747;Q389487;;;87595207;Marsac Dordogne
TN8759522;gare;Razac;Razac-sur-l'Isle;Razac-sur-l'Isle;8759522;87595223;45.165926;0.599242;FR;Europe/Paris;Q1076734;Train TER;;uic;13278059315;Q3097387;;;87595223;Razac
TN8759524;gare;Saint-Astier;Saint-Astier;Saint-Astier;8759524;87595249;45.138912;0.522904;FR;Europe/Paris;Q877550;Train TER;;uic;13277483690;Q2394855;;;87595249;Saint-Astier
TN8759526;gare;Saint-Léon-sur-l’Isle;Saint-Léon-sur-l’Isle;Saint-Léon-sur-l’Isle;8759526;87595264;45.123305;0.492254;FR;Europe/Paris;Q1077728;Train TER;;uic;3435153502;Q3097561;;;87595264;Saint-Léon-sur-l'Isle
TN8759527;gare;Neuvic;Neuvic;Neuvic;8759527;87595272;45.09989;0.445131;FR;Europe/Paris;Q1011543;Train TER;;uic;1593355669;Q3097196;;;87595272;Neuvic
TN8759529;gare;Mussidan;Mussidan;Mussidan;8759529;87595298;45.034487;0.353789;FR;Europe/Paris;Q204736;Train TER;;uic;13019360500;Q3097140;;;87595298;Mussidan
TN8759532;gare;Montpon-Ménestérol;Montpon-Ménestérol;Montpon-Ménestérol;8759532;87595322;45.006196;0.159328;FR;Europe/Paris;Q175625;Train TER;;uic;12997696120;Q3097093;;;87595322;Montpon-Ménestérol
TN8759551;gare;Niversac;Niversac;Niversac;8759551;87595512;45.138224;0.808108;FR;Europe/Paris;Q30041807;Train TER;Car TER;uic;9024571458;Q2121098;;;87595512;Niversac
TN8759552;gare;Saint-Pierre-de-Chignac;Saint-Pierre-de-Chignac;Saint-Pierre-de-Chignac;8759552;87595520;45.12351;0.856094;FR;Europe/Paris;Q1011380;Train TER;;uic;9024571457;;;;87595520;Saint-Pierre-de-Chignac
TN8759557;gare;Thenon;Thenon;Thenon;8759557;87595579;45.160078;1.06863;FR;Europe/Paris;Q176334;Train TER;Car TER;uic;9024492174;Q3097856;;;87595579;Thenon
TN8759570;gare;Les Versannes;Les Versannes;Les Versannes;8759570;87595702;45.088825;0.8573;FR;Europe/Paris;Q191294;Train TER;Car TER;gtfs;;;;;87595702;Les Versannes
TN8759573;gare;Les Eyzies;Les Eyzies;Les Eyzies;8759573;87595736;44.94121;1.008132;FR;Europe/Paris;Q57506528;Train TER;Car TER;uic;1094307434;Q2385436;;;87595736;Les Eyzies
TN8759574;gare;Le Bugue;Le Bugue;Le Bugue;8759574;87595744;44.905715;0.942817;FR;Europe/Paris;Q472132;Train TER;Car TER;uic;986092928;Q2399922;;;87595744;Le Bugue
TN8759575;gare;Le Buisson;Le Buisson;Le Buisson;8759575;87595751;44.847067;0.908084;FR;Europe/Paris;Q634086;Train TER;Car TER;uic;1576200966;Q2194785;;;87595751;Le Buisson
TN8759576;gare;Siorac-en-Périgord;Siorac-en-Périgord;Siorac-en-Périgord;8759576;87595769;44.819715;0.984459;FR;Europe/Paris;Q174902;Train TER;Car TER;uic;13430678569;Q2226987;;;87595769;Siorac-en-Périgord
TN8759577;gare;Saint-Cyprien;Saint-Cyprien;Saint-Cyprien;8759577;87595777;44.8633;1.043433;FR;Europe/Paris;Q201443;Train TER;Car TER;uic;3096999781;Q3097514;;;87595777;Saint-Cyprien
TN8759582;gare;Sarlat;Sarlat;Sarlat;8759582;87595827;44.87701;1.220282;FR;Europe/Paris;Q6381;Train TER;Car TER;uic;13430709628;Q402141;;;87595827;Sarlat
TN8759587;gare;Belvès;Belvès;Belvès;8759587;87595876;44.777315;1.011843;FR;Europe/Paris;Q21979649;Train TER;Car TER;uic;1572685247;Q2230851;;;87595876;Belvès
TN8759589;gare;Villefranche-du-Périgord;Villefranche-du-Périgord;Villefranche-du-Périgord;8759589;87595892;44.62707;1.049141;FR;Europe/Paris;Q1076761;Train TER;Car TER;uic;3438886142;Q2261228;;;87595892;Villefranche-du-Périgord
TN8759598;arret_car;La Walck Monument Aux Morts;La Walck Monument Aux Morts;La Walck Monument Aux Morts;8759598;87595983;48.848123;7.611428;FR;Europe/Paris;Q21979620;;Car TER;gtfs;;;;;87595983;La Walck Monument Aux Morts
TN8759700;gare;Châteauroux;Châteauroux;Châteauroux;8759700;87597005;46.80945;1.699431;FR;Europe/Paris;Q174251;INTERCITES|INTERCITES de nuit|Train TER;Car TER;uic;11599434805;Q1942680;;;87597005;Châteauroux
TN8759703;gare;Reuilly;Reuilly;Reuilly;8759703;87597039;47.085832;2.047429;FR;Europe/Paris;Q1137201;Train TER;;uic;9252914544;Q2230843;;;87597039;Reuilly
TN8759705;gare;Sainte-Lizaigne;Sainte-Lizaigne;Sainte-Lizaigne;8759705;87597054;47.002843;2.030147;FR;Europe/Paris;Q1136652;Train TER;;uic;10564877994;Q521647;;;87597054;Sainte-Lizaigne
TN8759706;gare;Issoudun;Issoudun;Issoudun;8759706;87597062;46.948602;1.98547;FR;Europe/Paris;Q210772;INTERCITES|INTERCITES de nuit|Train TER;Car TER;uic;389538268;Q2379431;;;87597062;Issoudun
TN8759707;gare;Neuvy-Pailloux;Neuvy-Pailloux;Neuvy-Pailloux;8759707;87597070;46.882659;1.862682;FR;Europe/Paris;Q662596;Train TER;;uic;10564057769;Q2055777;;;87597070;Neuvy-Pailloux
TN8759709;gare;Luant;Luant;Luant;8759709;87597096;46.735761;1.590122;FR;Europe/Paris;Q1137524;Train TER;;uic;11367547333;Q1970651;;;87597096;Luant
TN8759710;gare;Lothiers;Lothiers;Lothiers;8759710;87597104;46.694781;1.563008;FR;Europe/Paris;Q669881;Train TER;;uic;11367565870;Q1813754;;;87597104;Lothiers
TN8759711;gare;Chabenet;Chabenet;Chabenet;8759711;87597112;46.626495;1.507643;FR;Europe/Paris;Q666532;Train TER;;uic;11367562011;Q2657063;;;87597112;Chabenet
TN8759712;gare;Argenton-sur-Creuse;Argenton-sur-Creuse;Argenton-sur-Creuse;8759712;87597120;46.592309;1.518531;FR;Europe/Paris;Q275438;INTERCITES|INTERCITES de nuit|Train TER;Car TER;uic;8998811045;Q2727028;;;87597120;Argenton-sur-Creuse
TN8759715;gare;Éguzon;Éguzon;Éguzon;8759715;87597153;46.440488;1.552186;FR;Europe/Paris;Q274555;Train TER;;uic;13311221201;Q2161232;;;87597153;Éguzon
TN8759760;gare;Guéret;Guéret;Guéret;8759760;87597609;46.174142;1.879131;FR;Europe/Paris;Q188511;Train TER;Car TER;gtfs;;;;;87597609;Guéret
TN8759762;gare;Marsac;Marsac;Marsac;8759762;87597625;46.094248;1.58559;FR;Europe/Paris;Q932511;Train TER;Car TER;uic;9006329436;;;;87597625;Marsac
TN8759763;gare;Vieilleville;Vieilleville;Vieilleville;8759763;87597633;46.091179;1.673508;FR;Europe/Paris;Q1012110;Train TER;Car TER;uic;9006329435;Q2312849;;;87597633;Vieilleville
TN8759767;gare;Montaigut;Montaigut (Creuse);Montaigut (Creuse);8759767;87597674;46.136711;1.733966;FR;Europe/Paris;Q1016121;Train TER;Car TER;uic;7040477561;Q3097064;;;87597674;Montaigut
TN8759770;gare;Busseau-sur-Creuse;Busseau-sur-Creuse;Busseau-sur-Creuse;8759770;87597708;46.122805;2.023121;FR;Europe/Paris;Q193133;Train TER;;uic;9006329432;;;;87597708;Busseau sur Creuse
TN8759772;gare;Parsac-Gouzon;Parsac-Gouzon;Parsac-Gouzon;8759772;87597724;46.198438;2.17459;FR;Europe/Paris;Q130936105;Train TER;Car TER;uic;9006329431;;;;87597724;Parsac - Gouzon
TN8759774;gare;Lavaufranche;Lavaufranche;Lavaufranche;8759774;87597740;46.321287;2.270097;FR;Europe/Paris;Q1079098;Train TER;;gtfs;;;;;87597740;Lavaufranche
TN8759821;gare;Le Locle-Col-des-Roches;Le Locle-Col-des-Roches;Le Locle-Col-des-Roches;8759821;87598219;47.049932;6.72611;CH;Europe/Zurich;Q64093;Train TER;Car TER;nom;3081154398;Q3098207;;;87598219;Le Locle Col des Roches
TN8759875;gare;Limoux-Flassian;Limoux-Flassian;Limoux-Flassian;8759875;87598755;43.068487;2.21818;FR;Europe/Paris;Q192744;Train TER;Car TER;uic;12951387370;Q2781632;;;87598755;Limoux - Flassian
TN8759975;arret_car;Nevers Petit Canal;Nevers Petit Canal;Nevers Petit Canal;8759975;87599753;46.989408;3.187316;FR;Europe/Paris;Q166997;;Car TER;gtfs;;;;;87599753;Nevers Petit Canal
TN8761100;gare;Toulouse-Matabiau;Toulouse-Matabiau;Toulouse-Matabiau;8761100;87611004;43.611431;1.45421;FR;Europe/Paris;Q7880;INTERCITES|INTERCITES de nuit|OUIGO|TGV INOUI|Train TER;Car TER|Car à réservation;uic;6132514816;Q373449;;;87611004;Toulouse Matabiau
TN8761103;gare;Muret;Muret;Muret;8761103;87611038;43.464839;1.324406;FR;Europe/Paris;Q207593;Train TER;Car TER;uic;6121931085;Q2611740;;;87611038;Muret
TN8761104;gare;Le Fauga;Le Fauga;Le Fauga;8761104;87611046;43.404338;1.282661;FR;Europe/Paris;Q1419129;Train TER;Car TER;uic;8519451212;Q3064563;;;87611046;Le Fauga
TN8761105;gare;Longages - Noé;Longages - Noé;Longages - Noé;8761105;87611053;43.35645;1.252015;FR;Europe/Paris;Q1431501;Train TER;Car TER;uic;8519451213;Q1831134;;;87611053;Longages - Noé
TN8761106;gare;Carbonne;Carbonne;Carbonne;8761106;87611061;43.298149;1.212176;FR;Europe/Paris;Q1088735;Train TER;Car TER;uic;8519451210;Q2613993;;;87611061;Carbonne
TN8761107;gare;Cazères;Cazères;Cazères;8761107;87611079;43.21295;1.083052;FR;Europe/Paris;Q1079725;Train TER;Car TER;uic;8519453921;Q2670575;;;87611079;Cazères
TN8761108;gare;Martres-Tolosane;Martres-Tolosane;Martres-Tolosane;8761108;87611087;43.19618;1.016633;FR;Europe/Paris;Q831052;Train TER;Car TER;uic;10280261348;Q2295870;;;87611087;Martres-Tolosane
TN8761109;gare;Boussens;Boussens;Boussens;8761109;87611095;43.179717;0.972368;FR;Europe/Paris;Q835546;Train TER;Car TER;uic;4787365440;Q2129796;;;87611095;Boussens
TN8761110;gare;Saint-Martory;Saint-Martory;Saint-Martory;8761110;87611103;43.138416;0.933995;FR;Europe/Paris;Q816906;Train TER;;uic;8519453920;Q920512;;;87611103;Saint-Martory
TN8761113;gare;Saint-Gaudens;Saint-Gaudens;Saint-Gaudens;8761113;87611137;43.104878;0.729179;FR;Europe/Paris;Q209777;INTERCITES|Train TER;Car TER;uic;13306337243;Q958716;;;87611137;Saint-Gaudens
TN8761115;gare;Montréjeau - Gourdan-Polignan;Montréjeau - Gourdan-Polignan;Montréjeau - Gourdan-Polignan;8761115;87611152;43.078067;0.573499;FR;Europe/Paris;Q686452;INTERCITES|Train TER;Car TER;uic;8519451214;Q1862421;;;87611152;Montréjeau - Gourdan-Polignan
TN8761116;arret_car;Labroquère Moulin;Labroquère Moulin;Labroquère Moulin;8761116;87611160;43.035796;0.593307;FR;Europe/Paris;Q978973;;Car TER;gtfs;;;;;87611160;Labroquère Moulin
TN8761117;gare;Loures - Barbazan;Loures - Barbazan;Loures - Barbazan;8761117;87611178;43.021031;0.610396;FR;Europe/Paris;Q1325099;Train TER;Car TER;uic;3474055893;Q2421555;;;87611178;Loures - Barbazan
TN8761119;gare;Marignac - Saint-Béat;Marignac - Saint-Béat;Marignac - Saint-Béat;8761119;87611194;42.915349;0.651731;FR;Europe/Paris;Q572414;Train TER;Car TER;uic;9808436519;Q748493;;;87611194;Marignac - Saint-Béat
TN8761121;arret_car;Lège Pont;Lège Pont;Lège Pont;8761121;87611210;42.875556;0.613333;FR;Europe/Paris;Q1428363;;Car TER;gtfs;;;;;87611210;Lège Pont
TN8761122;arret_car;Cier-de-Luchon Castéra;Cier-de-Luchon Castéra;Cier-de-Luchon Castéra;8761122;87611228;42.852815;0.603076;FR;Europe/Paris;Q1341025;;Car TER;gtfs;;;;;87611228;Cier-de-Luchon Castéra
TN8761123;gare;Luchon;Luchon;Luchon;8761123;87611236;42.79734;0.596569;FR;Europe/Paris;Q238393;Train TER;Car TER;uic;955098353;Q2609166;;;87611236;Luchon
TN8761124;gare;Montauban Ville Bourbon;Montauban Ville Bourbon;Montauban Ville Bourbon;8761124;87611244;44.014308;1.341185;FR;Europe/Paris;Q172593;INTERCITES|INTERCITES de nuit|OUIGO|TGV INOUI|Train TER;Car TER;uic;8330376184;Q2373429;;XFMBN;87611244;Montauban Ville Bourbon
TN8761130;gare;Saint-Agne;Toulouse-Saint-Agne;Toulouse-Saint-Agne;8761130;87611301;43.57963;1.450307;FR;Europe/Paris;Q7880;Train TER;;uic;6121253683;Q2179915;;;87611301;Saint-Agne
TN8761132;gare;Varilhes;Varilhes;Varilhes;8761132;87611327;43.041602;1.628306;FR;Europe/Paris;Q1087294;Train TER;Car TER;uic;11102983397;Q2335942;;;87611327;Varilhes
TN8761134;gare;Pamiers;Pamiers;Pamiers;8761134;87611343;43.116213;1.619491;FR;Europe/Paris;Q209834;INTERCITES de nuit|Train TER;Car TER;uic;194740791;Q3097248;;;87611343;Pamiers
TN8761135;gare;Le Vernet d'Ariège;Le Vernet d'Ariège;Le Vernet d'Ariège;8761135;87611350;43.18942;1.611444;FR;Europe/Paris;Q1144031;Train TER;Car TER;uic;11097562409;Q2086547;;;87611350;Le Vernet d'Ariège
TN8761136;gare;Saverdun;Saverdun;Saverdun;8761136;87611368;43.239511;1.570565;FR;Europe/Paris;Q693973;INTERCITES de nuit|Train TER;Car TER;uic;8330305594;Q3097700;;;87611368;Saverdun
TN8761137;gare;Cintegabelle;Cintegabelle;Cintegabelle;8761137;87611376;43.305308;1.520634;FR;Europe/Paris;Q1152930;Train TER;;uic;11092981112;Q2292610;;;87611376;Cintegabelle
TN8761138;gare;Auterive;Auterive;Auterive;8761138;87611384;43.348993;1.468831;FR;Europe/Paris;Q390964;INTERCITES de nuit|Train TER;Car TER;gtfs;;;;;87611384;Auterive
TN8761139;gare;Venerque-Le-Vernet;Venerque-Le-Vernet;Venerque-Le-Vernet;8761139;87611392;43.433342;1.42589;FR;Europe/Paris;Q1429155;Train TER;Car TER;uic;61101734;Q2309454;;;87611392;Venerque - Le Vernet
TN8761140;gare;Portet Saint-Simon;Portet Saint-Simon;Portet Saint-Simon;8761140;87611400;43.527995;1.389104;FR;Europe/Paris;Q1371171;Train TER;Car TER;uic;6121942357;Q2047423;;;87611400;Portet Saint-Simon
TN8761143;gare;Lacourtensourt;Lacourtensourt;Lacourtensourt;8761143;87611434;43.663885;1.413844;FR;Europe/Paris;Q7880;Train TER;;uic;1099956456;Q2484686;;;87611434;Lacourtensourt
TN8761145;gare;La Ville-Dieu;La Ville-Dieu;La Ville-Dieu;8761145;87611459;44.035519;1.21484;FR;Europe/Paris;Q1624284;Train TER;Car TER;uic;9608338562;Q3096823;;;87611459;Lavilledieu
TN8761146;gare;Colomiers;Colomiers;Colomiers;8761146;87611467;43.603557;1.333887;FR;Europe/Paris;Q318071;Train TER;Car TER;uic;6123311121;Q3096269;;;87611467;Colomiers
TN8761147;arret_car;Larrazet;Larrazet;Larrazet;8761147;87611475;43.931944;1.082778;FR;Europe/Paris;Q532667;;Car TER;gtfs;;;;;87611475;Larrazet
TN8761148;gare;Latour-de-Carol - Enveitg;Latour-de-Carol - Enveitg;Latour-de-Carol - Enveitg;8761148;87611483;42.459037;1.904486;FR;Europe/Paris;Q752263;INTERCITES de nuit|Train TER;Car TER;uic;7524054413;Q2158378;;;87611483;Latour-de-Carol - Enveitg
TN8761150;gare;Porté-Puymorens;Porté-Puymorens;Porté-Puymorens;8761150;87611509;42.53914;1.824895;FR;Europe/Paris;Q198196;INTERCITES de nuit|Train TER;;uic;2322460957;Q2533987;;;87611509;Porté-Puymorens
TN8761151;gare;Andorre - L'Hospitalet;Andorre - L'Hospitalet;Andorre - L'Hospitalet;8761151;87611517;42.58995;1.80085;FR;Europe/Paris;Q1018525;INTERCITES de nuit|Train TER;;uic;2261676064;Q2187825;;;87611517;Andorre l'Hospitalet
TN8761152;gare;Mérens-les-Vals;Mérens-les-Vals;Mérens-les-Vals;8761152;87611525;42.659488;1.837128;FR;Europe/Paris;Q662289;INTERCITES de nuit|Train TER;;uic;2261597809;Q3097149;;;87611525;Mérens-les-Vals
TN8761153;gare;Ax-les-Thermes;Ax-les-Thermes;Ax-les-Thermes;8761153;87611533;42.724926;1.833478;FR;Europe/Paris;Q321204;INTERCITES de nuit|Train TER;Car TER;uic;9487998229;Q2611715;;;87611533;Ax-les-Thermes
TN8761155;gare;Luzenac-Garanou;Luzenac-Garanou;Luzenac-Garanou;8761155;87611558;42.764423;1.753094;FR;Europe/Paris;Q1142316;INTERCITES de nuit|Train TER;Car TER;uic;61104088;Q782990;;XFLUG;87611558;Luzenac - Garanou
TN8761156;arret_car;Vèbre;Vèbre;Vèbre;8761156;87611566;42.773927;1.719881;FR;Europe/Paris;Q655066;;Car TER;gtfs;;;;;87611566;Vèbre
TN8761157;gare;Les Cabannes;Les Cabannes;Les Cabannes;8761157;87611574;42.786452;1.686157;FR;Europe/Paris;Q1061297;INTERCITES de nuit|Train TER;;uic;9955326412;Q2697947;;;87611574;Les Cabannes
TN8761158;arret_car;Ussat les Bains;Ussat les Bains;Ussat les Bains;8761158;87611582;42.821052;1.621331;FR;Europe/Paris;Q1142509;;Car TER;gtfs;;;;;87611582;Ussat les Bains
TN8761159;gare;Tarascon-sur-Ariège;Tarascon-sur-Ariège;Tarascon-sur-Ariège;8761159;87611590;42.849498;1.600042;FR;Europe/Paris;Q670048;INTERCITES de nuit|Train TER;Car TER;gtfs;;;;;87611590;Tarascon-sur-Ariège
TN8761160;arret_car;Saint-Paul - Saint-Antoine;Saint-Paul - Saint-Antoine;Saint-Paul - Saint-Antoine;8761160;87611608;42.919428;1.640788;FR;Europe/Paris;Q1376006;;Car TER;gtfs;;;;;87611608;Saint-Paul - Saint-Antoine
TN8761161;gare;Foix;Foix;Foix;8761161;87611616;42.969748;1.606912;FR;Europe/Paris;Q184392;INTERCITES de nuit|Train TER;Car TER;uic;9955326411;Q2118181;;;87611616;Foix
TN8761162;gare;Saint-Jean-de-Verges;Saint-Jean-de-Verges;Saint-Jean-de-Verges;8761162;87611624;43.012762;1.607982;FR;Europe/Paris;Q1082532;Train TER;Car TER;uic;61102832;Q2714683;;;87611624;Saint-Jean-de-Verges
TN8761165;gare;Saint-Jory;Saint-Jory;Saint-Jory;8761165;87611657;43.738333;1.371455;FR;Europe/Paris;Q1429096;Train TER;Car TER;uic;6121347106;Q2245340;;;87611657;Saint-Jory
TN8761166;gare;Castelnau-d'Estrétefonds;Castelnau-d'Estrétefonds;Castelnau-d'Estrétefonds;8761166;87611665;43.786101;1.341617;FR;Europe/Paris;Q1345742;Train TER;Car TER;uic;8334192489;Q2204610;;;87611665;Castelnau-d'Estrétefonds
TN8761167;gare;Grisolles;Grisolles;Grisolles;8761167;87611673;43.826942;1.302323;FR;Europe/Paris;Q629890;Train TER;Car TER;uic;4482721252;Q3096589;;;87611673;Grisolles
TN8761168;gare;Dieupentale;Dieupentale;Dieupentale;8761168;87611681;43.865436;1.275992;FR;Europe/Paris;Q1432112;Train TER;Car TER;uic;9404446115;Q734551;;;87611681;Dieupentale
TN8761169;gare;Montbartier;Montbartier;Montbartier;8761169;87611699;43.924143;1.264476;FR;Europe/Paris;Q1614035;Train TER;Car TER;uic;7061169837;Q2192235;;;87611699;Montbartier
TN8761170;gare;Escalquens;Escalquens;Escalquens;8761170;87611707;43.517076;1.542279;FR;Europe/Paris;Q1428824;Train TER;Car TER;uic;6131085779;Q3095745;;;87611707;Escalquens
TN8761171;arret_car;Antignac Village;Antignac Village;Antignac Village;8761171;87611715;42.825917;0.600018;FR;Europe/Paris;Q1088660;;Car TER;gtfs;;;;;87611715;Antignac Village
TN8761172;gare;Baziège;Baziège;Baziège;8761172;87611723;43.453466;1.620662;FR;Europe/Paris;Q736117;Train TER;Car TER;uic;6131000048;Q3095928;;;87611723;Baziège
TN8761174;gare;Auch;Auch;Auch;8761174;87611749;43.64729;0.596931;FR;Europe/Paris;Q181725;Train TER;Car TER;uic;4197199099;Q2200917;;;87611749;Auch
TN8761176;gare;Aubiet;Aubiet;Aubiet;8761176;87611764;43.650014;0.789119;FR;Europe/Paris;Q1143441;Train TER;Car TER;uic;354538814;Q2676863;;;87611764;Aubiet
TN8761177;gare;Gimont Cahuzac;Gimont Cahuzac;Gimont Cahuzac;8761177;87611772;43.633194;0.867711;FR;Europe/Paris;Q322406;Train TER;Car TER;gtfs;;;;;87611772;Gimont Cahuzac
TN8761180;gare;L'Isle-Jourdain;L'Isle-Jourdain;L'Isle-Jourdain;8761180;87611806;43.617361;1.090136;FR;Europe/Paris;Q735931;Train TER;Car TER;uic;10680984420;Q2016061;;;87611806;L'Isle-Jourdain
TN8761181;gare;Mérenvielle;Mérenvielle;Mérenvielle;8761181;87611814;43.636688;1.150598;FR;Europe/Paris;Q955242;Train TER;Car TER;uic;338505772;Q3097148;;;87611814;Mérenvielle
TN8761182;gare;Brax-Léguevin;Brax-Léguevin;Brax-Léguevin;8761182;87611822;43.614928;1.236529;FR;Europe/Paris;Q1616394;Train TER;Car TER;uic;6123197047;Q2628524;;;87611822;Brax - Léguevin
TN8761183;gare;Pibrac;Pibrac;Pibrac;8761183;87611830;43.621509;1.289448;FR;Europe/Paris;Q733833;Train TER;Car TER;uic;6123232668;Q2227003;;;87611830;Pibrac
TN8761184;gare;Montrabé;Montrabé;Montrabé;8761184;87611848;43.645035;1.523996;FR;Europe/Paris;Q1428657;Train TER;Car TER;uic;6133025899;Q5522709;;;87611848;Montrabé
TN8761185;gare;Lamagistère;Lamagistère;Lamagistère;8761185;87611855;44.12681;0.825573;FR;Europe/Paris;Q1425635;Train TER;Car TER;uic;6594374383;Q2245601;;;87611855;Lamagistère
TN8761186;gare;Valence d'Agen;Valence d'Agen;Valence d'Agen;8761186;87611863;44.11179;0.891645;FR;Europe/Paris;Q1467944;Train TER;Car TER;uic;13289730198;Q2684440;;;87611863;Valence d'Agen
TN8761188;gare;Moissac;Moissac;Moissac;8761188;87611889;44.102418;1.077352;FR;Europe/Paris;Q383089;Train TER;Car TER;uic;2181909239;Q2796494;;;87611889;Moissac
TN8761189;gare;Castelsarrasin;Castelsarrasin;Castelsarrasin;8761189;87611897;44.040365;1.114347;FR;Europe/Paris;Q213285;Train TER;Car TER;uic;8413103333;Q667139;;;87611897;Castelsarrasin
TN8761192;gare;Colomiers-Lycée International;Colomiers-Lycée International;Colomiers-Lycée International;8761192;87611921;43.616352;1.314087;FR;Europe/Paris;Q318071;Train TER;Car TER;uic;6123256779;Q2804370;;;87611921;Colomiers Lycée International
TN8761193;gare;Lardenne;Lardenne;Lardenne;8761193;87611939;43.596618;1.384052;FR;Europe/Paris;Q7880;Train TER;;uic;6128768628;Q1931292;;;87611939;Lardenne
TN8761197;arret_car;Guran Artigueplan;Guran Artigueplan;Guran Artigueplan;8761197;87611970;42.884874;0.616732;FR;Europe/Paris;Q1616409;;Car TER;gtfs;;;;;87611970;Guran Artigueplan
TN8761200;gare;Labège-Innopole;Labège-Innopole;Labège-Innopole;8761200;87612002;43.5475;1.51281;FR;Europe/Paris;Q1467149;Train TER;Car TER;uic;6132447177;Q3096827;;;87612002;Labège Innopole
TN8761201;gare;Montaudran;Toulouse-Montaudran;Toulouse-Montaudran;8761201;87612010;43.573644;1.480091;FR;Europe/Paris;Q7880;Train TER;;uic;3474055993;Q630601;;;87612010;Montaudran
TN8761202;gare;Labège-Village;Labège-Village;Labège-Village;8761202;87612028;43.53057;1.532821;FR;Europe/Paris;Q1467149;Train TER;;uic;6131099113;Q3126240;;;87612028;Labège Village
TN8761235;arret_car;Seilhan le Bazert;Seilhan le Bazert;Seilhan le Bazert;8761235;87612358;43.060332;0.591127;FR;Europe/Paris;Q686452;;Car TER;gtfs;;;;;87612358;Seilhan le Bazert
TN8761300;gare;Cahors;Cahors;Cahors;8761300;87613000;44.449225;1.433096;FR;Europe/Paris;Q23047;INTERCITES|INTERCITES de nuit|Train TER;Car TER;uic;388185240;Q2361230;;;87613000;Cahors
TN8761304;gare;Rocamadour - Padirac;Rocamadour - Padirac;Rocamadour - Padirac;8761304;87613042;44.818315;1.657185;FR;Europe/Paris;Q382628;INTERCITES de nuit|Train TER;Car TER;uic;257391223;Q1880971;;;87613042;Rocamadour - Padirac
TN8761305;gare;Gramat;Gramat;Gramat;8761305;87613059;44.77351;1.722349;FR;Europe/Paris;Q430834;INTERCITES de nuit|Train TER;Car TER;uic;257391180;Q3096565;;;87613059;Gramat
TN8761307;gare;Assier;Assier;Assier;8761307;87613075;44.67462;1.869768;FR;Europe/Paris;Q610860;INTERCITES de nuit|Train TER;Car TER;uic;2911206491;Q3095682;;;87613075;Assier
TN8761309;gare;Figeac;Figeac;Figeac;8761309;87613091;44.603263;2.037109;FR;Europe/Paris;Q207614;INTERCITES de nuit|Train TER;Car TER|Car à réservation;uic;502702036;Q3096433;;;87613091;Figeac
TN8761310;gare;Capdenac;Capdenac;Capdenac;8761310;87613109;44.578246;2.077963;FR;Europe/Paris;Q692776;INTERCITES de nuit|Train TER;Car TER;gtfs;;;;;87613109;Capdenac
TN8761314;gare;Gourdon;Gourdon;Gourdon;8761314;87613141;44.741983;1.389487;FR;Europe/Paris;Q175525;INTERCITES|INTERCITES de nuit|Train TER;Car TER;uic;13285035034;Q2220602;;;87613141;Gourdon
TN8761317;gare;Dégagnac;Dégagnac;Dégagnac;8761317;87613174;44.653427;1.34012;FR;Europe/Paris;Q1379684;Train TER;;uic;9957435168;Q2391846;;;87613174;Dégagnac
TN8761322;gare;Aubin;Aubin;Aubin;8761322;87613224;44.527294;2.239323;FR;Europe/Paris;Q990646;INTERCITES de nuit|Train TER;Car TER;uic;429541478;Q5522675;;;87613224;Aubin
TN8761323;gare;Cransac;Cransac;Cransac;8761323;87613232;44.52282;2.271987;FR;Europe/Paris;Q389500;INTERCITES de nuit|Train TER;;uic;429535546;Q5522688;;;87613232;Cransac
TN8761325;gare;Saint-Christophe;Saint-Christophe;Saint-Christophe;8761325;87613257;44.464578;2.407699;FR;Europe/Paris;Q1366344;INTERCITES de nuit|Train TER;Car TER;uic;11079034556;Q5522719;;;87613257;Saint-Christophe
TN8761332;gare;Lalbenque - Fontanes;Lalbenque - Fontanes;Lalbenque - Fontanes;8761332;87613323;44.333645;1.511809;FR;Europe/Paris;Q1408460;Train TER;Car TER;uic;9955622760;Q1283201;;;87613323;Lalbenque - Fontanes
TN8761335;gare;Caussade;Caussade;Caussade;8761335;87613356;44.162267;1.533654;FR;Europe/Paris;Q839648;INTERCITES|INTERCITES de nuit|Train TER;Car TER;uic;1691968962;Q683751;;;87613356;Caussade
TN8761339;gare;Albias;Albias;Albias;8761339;87613398;44.091991;1.44469;FR;Europe/Paris;Q958475;Train TER;Car TER;uic;13282990916;Q2183967;;;87613398;Albias
TN8761342;gare;Rodez;Rodez;Rodez;8761342;87613422;44.362753;2.580597;FR;Europe/Paris;Q188780;INTERCITES de nuit|Train TER;Car TER;uic;276097757;Q2405585;;;87613422;Rodez
TN8761346;gare;Najac;Najac;Najac;8761346;87613463;44.221941;1.976107;FR;Europe/Paris;Q633653;Train TER;Car TER;uic;8975082718;Q5522711;;;87613463;Najac
TN8761347;gare;Laguépie;Laguépie;Laguépie;8761347;87613471;44.14556;1.968678;FR;Europe/Paris;Q1626789;Train TER;Car TER;uic;1073294950;Q5522699;;;87613471;Laguépie
TN8761348;gare;Lexos;Lexos;Lexos;8761348;87613489;44.142245;1.885083;FR;Europe/Paris;Q1626397;Train TER;Car TER;uic;1253962265;Q5522702;;;87613489;Lexos
TN8761360;gare;Bagnac;Bagnac;Bagnac;8761360;87613604;44.665173;2.160154;FR;Europe/Paris;Q1064007;Train TER;Car TER;uic;3421625228;Q99414252;;;87613604;Bagnac
TN8761366;gare;Viviez - Decazeville;Viviez - Decazeville;Viviez - Decazeville;8761366;87613661;44.555669;2.218405;FR;Europe/Paris;Q1429355;INTERCITES de nuit|Train TER;Car TER;uic;13286716071;Q5522738;;;87613661;Viviez - Decazeville
TN8761380;gare;Cordes-Vindrac;Cordes-Vindrac;Cordes-Vindrac;8761380;87613802;44.067131;1.900073;FR;Europe/Paris;Q1390519;Train TER;Car TER;uic;1253889134;Q3096287;;;87613802;Cordes - Vindrac
TN8761387;gare;Salles-Courbatiès;Salles-Courbatiès;Salles-Courbatiès;8761387;87613877;44.475196;2.078847;FR;Europe/Paris;Q1142001;Train TER;;uic;942950313;Q5522727;;;87613877;Salles-Courbatiès
TN8761388;arret_car;Villeneuve-d'Aveyron;Villeneuve-d'Aveyron;Villeneuve-d'Aveyron;8761388;87613885;44.436802;2.029952;FR;Europe/Paris;Q1152950;;Car TER;gtfs;;;;;87613885;Villeneuve-d'Aveyron
TN8761389;gare;Villefranche-de-Rouergue;Villefranche-de-Rouergue;Villefranche-de-Rouergue;8761389;87613893;44.347498;2.036459;FR;Europe/Paris;Q213501;Train TER;Car TER;gtfs;;;;;87613893;Villefranche-de-Rouergue
TN8761500;gare;Albi-Ville;Albi-Ville;Albi-Ville;8761500;87615005;43.922403;2.137947;FR;Europe/Paris;Q132801;INTERCITES de nuit|Train TER;Car TER;uic;4197199098;Q2650871;;;87615005;Albi Ville
TN8761501;gare;Villefranche-de-Lauragais;Villefranche-de-Lauragais;Villefranche-de-Lauragais;8761501;87615013;43.398342;1.714618;FR;Europe/Paris;Q671059;Train TER;Car TER;uic;10935373810;Q3097993;;;87615013;Villefranche-de-Lauragais
TN8761503;gare;Castelnaudary;Castelnaudary;Castelnaudary;8761503;87615039;43.312074;1.950284;FR;Europe/Paris;Q193861;Train TER;Car TER;uic;10935370465;Q677714;;;87615039;Castelnaudary
TN8761505;gare;Bram;Bram;Bram;8761505;87615054;43.243995;2.119428;FR;Europe/Paris;Q199478;Train TER;Car TER;uic;8320872726;Q3096058;;;87615054;Bram
TN8761511;gare;Lézignan-Corbières;Lézignan-Corbières;Lézignan-Corbières;8761511;87615112;43.199902;2.769441;FR;Europe/Paris;Q176341;Train TER;;uic;5551929712;Q2280048;;;87615112;Lézignan-Corbières
TN8761512;gare;Couffoulens - Leuc;Couffoulens - Leuc;Couffoulens - Leuc;8761512;87615120;43.155635;2.316421;FR;Europe/Paris;Q961678;Train TER;Car TER;gtfs;;;;;87615120;Couffoulens - Leuc
TN8761513;gare;Verzeille;Verzeille;Verzeille;8761513;87615138;43.130485;2.32142;FR;Europe/Paris;Q1086559;Train TER;Car TER;uic;965806065;Q1846637;;;87615138;Verzeille
TN8761514;gare;Pomas;Pomas;Pomas;8761514;87615146;43.112142;2.288314;FR;Europe/Paris;Q192323;Train TER;Car TER;uic;965806018;Q2362393;;;87615146;Pomas
TN8761516;gare;Limoux;Limoux;Limoux;8761516;87615161;43.056393;2.222783;FR;Europe/Paris;Q192744;Train TER;Car TER;gtfs;;;;;87615161;Limoux
TN8761518;arret_car;Alet-les-Bains;Alet-les-Bains;Alet-les-Bains;8761518;87615187;42.99738;2.251897;FR;Europe/Paris;Q173787;;Car TER;uic;1020300498;Q3095613;;;87615187;Alet-les-Bains
TN8761519;gare;Albi Madeleine;Albi Madeleine;Albi Madeleine;8761519;87615195;43.938196;2.141151;FR;Europe/Paris;Q132801;INTERCITES de nuit|Train TER;Car TER;uic;3049113103;Q2745699;;;87615195;Albi Madeleine
TN8761520;arret_car;Couiza-Montazels;Couiza-Montazels;Couiza-Montazels;8761520;87615203;42.94245;2.24813;FR;Europe/Paris;Q1086955;;Car TER;uic;8316977580;Q2700620;;;87615203;Couiza - Montazels
TN8761521;arret_car;Espéraza;Espéraza;Espéraza;8761521;87615211;42.935846;2.218262;FR;Europe/Paris;Q609690;;Car TER;uic;12951424940;Q2747246;;;87615211;Espéraza
TN8761524;gare;Tessonnières;Tessonières;Tessonières;8761524;87615245;43.928438;1.936954;FR;Europe/Paris;Q343613;Train TER;Car TER;uic;8791417166;Q2721691;;;87615245;Tessonnières
TN8761525;gare;Gaillac;Gaillac;Gaillac;8761525;87615252;43.906053;1.89475;FR;Europe/Paris;Q343613;Train TER;Car TER;uic;4197199100;Q3096513;;;87615252;Gaillac
TN8761526;arret_car;Quillan;Quillan;Quillan;8761526;87615260;42.873947;2.181787;FR;Europe/Paris;Q28381883;;Car TER;gtfs;;;;;87615260;Quillan
TN8761528;gare;Carcassonne;Carcassonne;Carcassonne;8761528;87615286;43.218212;2.351778;FR;Europe/Paris;Q6582;INTERCITES|TGV INOUI|Train TER;Car TER;uic;6980560663;Q2130184;;;87615286;Carcassonne
TN8761531;gare;Lisle-sur-Tarn;Lisle-sur-Tarn;Lisle-sur-Tarn;8761531;87615310;43.85639;1.80823;FR;Europe/Paris;Q687797;Train TER;Car TER;uic;413504294;Q5522703;;;87615310;Lisle-sur-Tarn
TN8761532;gare;Rabastens - Couffouleux;Rabastens-Coufouleux;Rabastens-Coufouleux;8761532;87615328;43.819648;1.730523;FR;Europe/Paris;Q1614349;Train TER;;uic;1119769298;Q3097369;;;87615328;Rabastens - Couffouleux
TN8761534;gare;Saint-Sulpice;Saint-Sulpice;Saint-Sulpice;8761534;87615344;43.775284;1.680371;FR;Europe/Paris;Q947141;Train TER;Car TER;uic;1657474677;Q3097624;;;87615344;Saint-Sulpice
TN8761535;gare;Roqueserière - Buzet;Roqueserière - Buzet;Roqueserière - Buzet;8761535;87615351;43.751241;1.619925;FR;Europe/Paris;Q1344893;Train TER;;uic;2754417537;Q18005424;;;87615351;Roquesérière - Buzet
TN8761536;gare;Montastruc-la-Conseillère;Montastruc-la-Conseillère;Montastruc-la-Conseillère;8761536;87615369;43.715982;1.59822;FR;Europe/Paris;Q689528;Train TER;Car TER;uic;6121207835;Q5522708;;;87615369;Montastruc-la-Conseillère
TN8761537;gare;Gragnague;Gragnague;Gragnague;8761537;87615377;43.696001;1.56771;FR;Europe/Paris;Q1431509;Train TER;Car TER;uic;6135314785;Q5522691;;;87615377;Gragnague
TN8761541;gare;Marssac-sur-Tarn;Marssac-sur-Tarn;Marssac-sur-Tarn;8761541;87615419;43.915158;2.026891;FR;Europe/Paris;Q1622845;Train TER;;uic;1123473025;Q3096988;;;87615419;Marssac-sur-tarn
TN8761546;gare;Castres;Castres;Castres;8761546;87615468;43.599231;2.23107;FR;Europe/Paris;Q188776;Train TER;Car TER;uic;10935371959;Q2786387;;;87615468;Castres
TN8761547;gare;Lavaur;Lavaur;Lavaur;8761547;87615476;43.703678;1.81291;FR;Europe/Paris;Q514994;Train TER;Car TER;uic;638424874;Q3096865;;;87615476;Lavaur
TN8761548;gare;Damiatte - Saint-Paul;Damiatte - Saint-Paul;Damiatte - Saint-Paul;8761548;87615484;43.656392;1.974014;FR;Europe/Paris;Q1598530;Train TER;Car TER;uic;774095163;Q2222023;;;87615484;Damiatte - Saint-Paul
TN8761549;gare;Vielmur-sur-Agoût;Vielmur-sur-Agoût;Vielmur-sur-Agoût;8761549;87615492;43.623986;2.089527;FR;Europe/Paris;Q1618497;Train TER;Car TER;uic;385498273;Q1890161;;;87615492;Vielmur-sur-Agout
TN8761552;gare;Labruguière;Labruguière;Labruguière;8761552;87615526;43.542557;2.259457;FR;Europe/Paris;Q1620117;Train TER;Car TER;uic;11138951678;Q2408107;;;87615526;Labruguière
TN8761554;gare;Mazamet;Mazamet;Mazamet;8761554;87615542;43.497922;2.374835;FR;Europe/Paris;Q631977;Train TER;Car TER;uic;4290857024;Q2606934;;XFMZT;87615542;Mazamet
TN8761562;gare;Carmaux;Carmaux;Carmaux;8761562;87615625;44.04863;2.151996;FR;Europe/Paris;Q637499;INTERCITES de nuit|Train TER;Car TER;uic;13241653558;Q2316352;;;87615625;Carmaux
TN8761567;gare;Tanus;Tanus;Tanus;8761567;87615674;44.100518;2.315418;FR;Europe/Paris;Q1390976;Train TER;Car TER;uic;12951443147;Q18380048;;;87615674;Tanus
TN8761573;gare;Naucelle;Naucelle;Naucelle;8761573;87615732;44.185487;2.363287;FR;Europe/Paris;Q1141399;INTERCITES de nuit|Train TER;Car TER;uic;1119744809;Q3097180;;;87615732;Naucelle
TN8761575;gare;Baraqueville;Baraqueville-Carcenac-Peyralès;Baraqueville-Carcenac-Peyralès;8761575;87615757;44.270482;2.427445;FR;Europe/Paris;Q1020801;Train TER;Car TER;uic;429502367;Q18214054;;;87615757;Baraqueville
TN8761577;gare;Luc-Primaube;La Primaube;La Primaube;8761577;87615773;44.291433;2.554517;FR;Europe/Paris;Q259263;Train TER;Car TER;uic;429485021;Q2134983;;;87615773;Luc-Primaube
TN8761601;gare;Avignonet;Avignonet;Avignonet;8761601;87616011;43.363877;1.787766;FR;Europe/Paris;Q671046;Train TER;;uic;8047068205;Q3095707;;;87616011;Avignonet
TN8761811;gare;Pins-Justaret;Pins-Justaret;Pins-Justaret;8761811;87618116;43.479194;1.399594;FR;Europe/Paris;Q1153151;Train TER;Car TER;uic;61101706;Q2374777;;;87618116;Pins-Justaret
TN8761820;gare;Montlaur;Montlaur;Montlaur;8761820;87618207;43.475157;1.577786;FR;Europe/Paris;Q952968;Train TER;;uic;6131017371;Q3097081;;;87618207;Montlaur
TN8761821;gare;Villenouvelle;Villenouvelle;Villenouvelle;8761821;87618215;43.433048;1.660968;FR;Europe/Paris;Q1616267;Train TER;;uic;9017592165;Q3098002;;;87618215;Villenouvelle
TN8761834;arret_car;Mercus-Garrabet;Mercus-Garrabet;Mercus-Garrabet;8761834;87618348;42.877269;1.627479;FR;Europe/Paris;Q1340820;;Car TER;gtfs;;;;;87618348;Mercus-Garrabet
TN8761870;arret_car;Bagiry Pont de Galié;Bagiry Pont de Galié;Bagiry Pont de Galié;8761870;87618702;42.990028;0.624982;FR;Europe/Paris;Q648547;;Car TER;gtfs;;;;;87618702;Bagiry Pont de Galié
TN8761871;gare;Saléchan - Siradan;Saléchan - Siradan;Saléchan - Siradan;8761871;87618710;42.958614;0.633516;FR;Europe/Paris;Q1323192;Train TER;Car TER;uic;12862385491;Q1897337;;;87618710;Saléchan - Siradan
TN8763558;gare;La Barasse;La Barasse;La Barasse;8763558;87635581;43.286057;5.483649;FR;Europe/Paris;Q23482;Train TER;;uic;4189058140;Q18710552;;;87635581;La Barasse
TN8763577;arret_car;Lemberg Mairie;Lemberg Mairie;Lemberg Mairie;8763577;87635771;49.005708;7.378757;FR;Europe/Paris;Q22394;;Car TER;gtfs;;;;;87635771;Lemberg Mairie
TN8763582;arret_car;Koenigsmacker Centre;Koenigsmacker Centre;Koenigsmacker Centre;8763582;87635821;49.396417;6.27991;FR;Europe/Paris;Q22147;;Car TER;gtfs;;;;;87635821;Koenigsmacker Centre
TN8763584;arret_car;Sierck-les-Bains Place Morbach;Sierck-les-Bains Place Morbach;Sierck-les-Bains Place Morbach;8763584;87635847;49.441533;6.357538;FR;Europe/Paris;Q22299;;Car TER;gtfs;;;;;87635847;Sierck-les-Bains Place Morbach
TN8763585;arret_car;Apach Église;Apach Église;Apach Église;8763585;87635854;49.459995;6.374717;FR;Europe/Paris;Q22659;;Car TER;gtfs;;;;;87635854;Apach Église
TN8763992;arret_car;Minversheim Rue Principale;Minversheim Rue Principale;Minversheim Rue Principale;8763992;87639922;48.784366;7.620869;FR;Europe/Paris;Q22519;;Car TER;gtfs;;;;;87639922;Minversheim Rue Principale
TN8763993;arret_car;Alteckendorf Eckendorf;Alteckendorf Eckendorf;Alteckendorf Eckendorf;8763993;87639930;48.789785;7.601602;FR;Europe/Paris;Q22802;;Car TER;gtfs;;;;;87639930;Alteckendorf Eckendorf
TN8763994;arret_car;Alteckendorf Mairie;Alteckendorf Mairie;Alteckendorf Mairie;8763994;87639948;48.792818;7.594688;FR;Europe/Paris;Q22802;;Car TER;gtfs;;;;;87639948;Alteckendorf Mairie
TN8763995;arret_car;Alteckendorf Altdorf;Alteckendorf Altdorf;Alteckendorf Altdorf;8763995;87639955;48.794562;7.589267;FR;Europe/Paris;Q22802;;Car TER;gtfs;;;;;87639955;Alteckendorf Altdorf
TN8763996;arret_car;Ettendorf Place de l'école;Ettendorf Place de l'école;Ettendorf Place de l'école;8763996;87639963;48.813093;7.583792;FR;Europe/Paris;Q21268;;Car TER;gtfs;;;;;87639963;Ettendorf Place de l'école
TN8763997;arret_car;Ettendorf Rue du Pont;Ettendorf Rue du Pont;Ettendorf Rue du Pont;8763997;87639971;48.812236;7.58117;FR;Europe/Paris;Q21268;;Car TER;gtfs;;;;;87639971;Ettendorf Rue du Pont
TN8764037;arret_car;Sélestat Schweisguth;Sélestat Schweisguth;Sélestat Schweisguth;8764037;87640375;48.261409;7.450064;FR;Europe/Paris;Q22737;;Car TER;gtfs;;;;;87640375;Sélestat Schweisguth
TN8764038;arret_car;Sélestat Koeberlé;Sélestat Koeberlé;Sélestat Koeberlé;8764038;87640383;48.26328;7.455365;FR;Europe/Paris;Q22737;;Car TER;gtfs;;;;;87640383;Sélestat Koeberlé
TN8764039;arret_car;Sélestat Schwilgué;Sélestat Schwilgué;Sélestat Schwilgué;8764039;87640391;48.251648;7.446681;FR;Europe/Paris;Q22737;;Car TER;gtfs;;;;;87640391;Sélestat Schwilgué
TN8764040;arret_car;Sélestat R. Ste-Marie-a.-Mines;Sélestat R. Ste-Marie-a.-Mines;Sélestat R. Ste-Marie-a.-Mines;8764040;87640409;48.263912;7.439898;FR;Europe/Paris;Q22737;;Car TER;gtfs;;;;;87640409;Sélestat R. Ste-Marie-a.-Mines
TN8764044;arret_car;Châtenois Gare;Châtenois Gare;Châtenois Gare;8764044;87640441;48.276073;7.402036;FR;Europe/Paris;Q21440;;Car TER;gtfs;;;;;87640441;Châtenois Gare
TN8764045;arret_car;Châtenois Val-de-Villé Gare;Châtenois Val-de-Villé Gare;Châtenois Val-de-Villé Gare;8764045;87640458;48.282952;7.381939;FR;Europe/Paris;Q21440;;Car TER;gtfs;;;;;87640458;Châtenois Val-de-Villé Gare
TN8764046;arret_car;La Vancelle Hurst;La Vancelle Hurst;La Vancelle Hurst;8764046;87640466;48.278908;7.342239;FR;Europe/Paris;Q22416;;Car TER;gtfs;;;;;87640466;La Vancelle Hurst
TN8764047;arret_car;La Vancelle Centre;La Vancelle Centre;La Vancelle Centre;8764047;87640474;48.285278;7.301402;FR;Europe/Paris;Q22416;;Car TER;gtfs;;;;;87640474;La Vancelle Centre
TN8764048;arret_car;Lièpvre Route La Vancelle;Lièpvre Route La Vancelle;Lièpvre Route La Vancelle;8764048;87640482;48.271918;7.289057;FR;Europe/Paris;Q124107;;Car TER;gtfs;;;;;87640482;Lièpvre Route La Vancelle
TN8764049;arret_car;Lièpvre Bois l'Abesse ZI;Lièpvre Bois l'Abesse ZI;Lièpvre Bois l'Abesse ZI;8764049;87640490;48.269132;7.319861;FR;Europe/Paris;Q124107;;Car TER;gtfs;;;;;87640490;Lièpvre Bois l'Abesse ZI
TN8764063;arret_car;Marvejols Place du Chayla;Marvejols Place du Chayla;Marvejols Place du Chayla;8764063;87640631;44.554383;3.294066;FR;Europe/Paris;Q457631;;Car TER;gtfs;;;;;87640631;Marvejols Place du Chayla
TN8764064;arret_car;Chirac Ville;Chirac Ville;Chirac Ville;8764064;87640649;44.523054;3.267454;FR;Europe/Paris;Q21979707;;Car TER;gtfs;;;;;87640649;Chirac Ville
TN8764065;arret_car;Balsièges Arrêt RN88;Balsièges Arrêt RN88;Balsièges Arrêt RN88;8764065;87640656;44.482325;3.456205;FR;Europe/Paris;Q192363;;Car TER;gtfs;;;;;87640656;Balsièges Arrêt RN88
TN8764067;arret_car;Les Salelles Embranchement RN 88;Les Salelles Embranchement RN 88;Les Salelles Embranchement RN 88;8764067;87640672;44.483291;3.278319;FR;Europe/Paris;Q670001;;Car TER;gtfs;;;;;87640672;Les Salelles Embranchement RN 88
TN8764068;arret_car;Le Bruel Route Nationale 88;Le Bruel Route Nationale 88;Le Bruel Route Nationale 88;8764068;87640680;44.481374;3.358177;FR;Europe/Paris;Q374510;;Car TER;gtfs;;;;;87640680;Le Bruel Route Nationale 88
TN8764069;arret_car;Le Monastier Ville;Le Monastier Ville;Le Monastier Ville;8764069;87640698;44.515309;3.25515;FR;Europe/Paris;Q21979707;;Car TER;gtfs;;;;;87640698;Le Monastier Ville
TN8764070;arret_car;Campagne-sur-Aude Le Vieux Pont;Campagne-sur-Aude Le Vieux Pont;Campagne-sur-Aude Le Vieux Pont;8764070;87640706;42.916866;2.20542;FR;Europe/Paris;Q1018181;;Car TER;gtfs;;;;;87640706;Campagne-sur-Aude Le Vieux Pont
TN8764071;arret_car;Couiza Saint-Anne;Couiza Saint-Anne;Couiza Saint-Anne;8764071;87640714;42.941324;2.253746;FR;Europe/Paris;Q188516;;Car TER;gtfs;;;;;87640714;Couiza Saint-Anne
TN8764078;arret_car;Lièpvre Centre;Lièpvre Centre;Lièpvre Centre;8764078;87640789;48.270932;7.282034;FR;Europe/Paris;Q124107;;Car TER;gtfs;;;;;87640789;Lièpvre Centre
TN8764079;arret_car;Lièpvre Écoles;Lièpvre Écoles;Lièpvre Écoles;8764079;87640797;48.272411;7.280824;FR;Europe/Paris;Q124107;;Car TER;gtfs;;;;;87640797;Lièpvre Écoles
TN8764080;arret_car;Rombach-le-Franc Place des Fêtes;Rombach-le-Franc Place des Fêtes;Rombach-le-Franc Place des Fêtes;8764080;87640805;48.281963;7.264459;FR;Europe/Paris;Q148586;;Car TER;gtfs;;;;;87640805;Rombach-le-Franc Place des Fêtes
TN8764081;arret_car;Rombach-le-Franc Scierie;Rombach-le-Franc Scierie;Rombach-le-Franc Scierie;8764081;87640813;48.278908;7.270575;FR;Europe/Paris;Q148586;;Car TER;gtfs;;;;;87640813;Rombach-le-Franc Scierie
TN8764082;arret_car;Lièpvre Rue du Vieux Moulin;Lièpvre Rue du Vieux Moulin;Lièpvre Rue du Vieux Moulin;8764082;87640821;48.277167;7.277606;FR;Europe/Paris;Q124107;;Car TER;gtfs;;;;;87640821;Lièpvre Rue du Vieux Moulin
TN8764083;arret_car;Lièpvre Rue Robert Guth;Lièpvre Rue Robert Guth;Lièpvre Rue Robert Guth;8764083;87640839;48.270081;7.269449;FR;Europe/Paris;Q124107;;Car TER;gtfs;;;;;87640839;Lièpvre Rue Robert Guth
TN8764084;arret_car;Lièpvre Musloch;Lièpvre Musloch;Lièpvre Musloch;8764084;87640847;48.267648;7.248574;FR;Europe/Paris;Q124107;;Car TER;gtfs;;;;;87640847;Lièpvre Musloch
TN8764085;arret_car;Ste-Croix-aux-Mines Stimbach;Ste-Croix-aux-Mines Stimbach;Ste-Croix-aux-Mines Stimbach;8764085;87640854;48.265375;7.235371;FR;Europe/Paris;Q83242;;Car TER;gtfs;;;;;87640854;Ste-Croix-aux-Mines Stimbach
TN8764087;arret_car;Ste-Croix Sq. G. de Gaulle;Ste-Croix Sq. G. de Gaulle;Ste-Croix Sq. G. de Gaulle;8764087;87640870;48.261131;7.218907;FR;Europe/Paris;Q83242;;Car TER;gtfs;;;;;87640870;Ste-Croix Sq. G. de Gaulle
TN8764091;arret_car;Ste-Marie-aux-M S. Techniques;Ste-Marie-aux-M S. Techniques;Ste-Marie-aux-M S. Techniques;8764091;87640912;48.252047;7.194723;FR;Europe/Paris;Q500400;;Car TER;gtfs;;;;;87640912;Ste-Marie-aux-M S. Techniques
TN8764092;arret_car;Ste-Marie-aux-Mines Espace Musées;Ste-Marie-aux-Mines Espace Musées;Ste-Marie-aux-Mines Espace Musées;8764092;87640920;48.248889;7.188331;FR;Europe/Paris;Q500400;;Car TER;gtfs;;;;;87640920;Ste-Marie-aux-Mines Espace Musées
TN8764093;arret_car;Ste-Marie-aux-Mines Mairie;Ste-Marie-aux-Mines Mairie;Ste-Marie-aux-Mines Mairie;8764093;87640938;48.245575;7.18224;FR;Europe/Paris;Q500400;;Car TER;gtfs;;;;;87640938;Ste-Marie-aux-Mines Mairie
TN8764094;arret_car;Ste-Marie-aux-Ms P. de Gaulle;Ste-Marie-aux-Ms P. de Gaulle;Ste-Marie-aux-Ms P. de Gaulle;8764094;87640946;48.243631;7.176407;FR;Europe/Paris;Q500400;;Car TER;gtfs;;;;;87640946;Ste-Marie-aux-Ms P. de Gaulle
TN8764095;arret_car;Ste-Marie-aux-Mines Théâtre;Ste-Marie-aux-Mines Théâtre;Ste-Marie-aux-Mines Théâtre;8764095;87640953;48.243805;7.180613;FR;Europe/Paris;Q500400;;Car TER;gtfs;;;;;87640953;Ste-Marie-aux-Mines Théâtre
TN8764096;arret_car;Ste-Marie-aux-Mines Super U;Ste-Marie-aux-Mines Super U;Ste-Marie-aux-Mines Super U;8764096;87640961;48.248212;7.189329;FR;Europe/Paris;Q500400;;Car TER;gtfs;;;;;87640961;Ste-Marie-aux-Mines Super U
TN8764098;arret_car;Remomeix Abri;Remomeix Abri;Remomeix Abri;8764098;87640987;48.264826;6.99321;FR;Europe/Paris;Q589265;;Car TER;gtfs;;;;;87640987;Remomeix Abri
TN8764099;arret_car;Sainte-Marguerite Village;Sainte-Marguerite Village;Sainte-Marguerite Village;8764099;87640995;48.268632;6.980849;FR;Europe/Paris;Q337804;;Car TER;gtfs;;;;;87640995;Sainte-Marguerite Village
TN8764100;gare;Montluçon;Montluçon-Ville;Montluçon-Ville;8764100;87641001;46.337879;2.596001;FR;Europe/Paris;Q193256;Train TER;Car TER;uic;13255520732;Q15953254;;;87641001;Montluçon
TN8764102;arret_car;Ste Marguerite Cora;Ste Marguerite Cora;Ste Marguerite Cora;8764102;87641027;48.273751;6.967577;FR;Europe/Paris;Q337804;;Car TER;gtfs;;;;;87641027;Ste Marguerite Cora
TN8764104;gare;Lapeyrouse;Lapeyrouse;Lapeyrouse;8764104;87641043;46.22676;2.893665;FR;Europe/Paris;Q1215116;Train TER;Car TER;uic;3462881687;Q3096852;;;87641043;Lapeyrouse
TN8764105;gare;Louroux-de-Bouble;Louroux-de-Bouble;Louroux-de-Bouble;8764105;87641050;46.224139;2.984932;FR;Europe/Paris;Q262885;Train TER;Car TER;uic;9954651280;Q3096909;;;87641050;Louroux-de-Bouble
TN8764106;gare;Bellenaves;Bellenaves;Bellenaves;8764106;87641068;46.199285;3.066536;FR;Europe/Paris;Q263971;Train TER;Car TER;uic;9954651278;Q2196566;;;87641068;Bellenaves
TN8764107;gare;Saint-Bonnet-de-Rochefort;Saint-Bonnet-de-Rochefort;Saint-Bonnet-de-Rochefort;8764107;87641076;46.14838;3.139388;FR;Europe/Paris;Q849165;Train TER;Car TER;uic;3020202373;Q3097496;;;87641076;Saint-Bonnet-de-Rochefort
TN8764119;gare;La Ville-Gozet;La Ville-Gozet;La Ville-Gozet;8764119;87641191;46.34982;2.591802;FR;Europe/Paris;Q193256;Train TER;;uic;840521791;Q3096819;;;87641191;La Ville Gozet
TN8764121;gare;Huriel;Huriel;Huriel;8764121;87641217;46.371341;2.476249;FR;Europe/Paris;Q273015;Train TER;;gtfs;;;;;87641217;Huriel
TN8764133;arret_car;Saint-Dié Rue d'Alsace;Saint-Dié Rue d'Alsace;Saint-Dié Rue d'Alsace;8764133;87641332;48.280005;6.955555;FR;Europe/Paris;Q34427;;Car TER;gtfs;;;;;87641332;Saint-Dié Rue d'Alsace
TN8764135;gare;Vallon-en-Sully;Vallon-en-Sully;Vallon-en-Sully;8764135;87641357;46.536358;2.610685;FR;Europe/Paris;Q993870;Train TER;;uic;292718321;Q16508093;;;87641357;Vallon-en-Sully
TN8764136;gare;Magnette;Magnette;Magnette;8764136;87641365;46.464119;2.602869;FR;Europe/Paris;Q583819;Train TER;Car TER;uic;603352848;Q3096954;;;87641365;Magnette
TN8764137;gare;Les Trillers;Les Trillers;Les Trillers;8764137;87641373;46.414753;2.600064;FR;Europe/Paris;Q865240;Train TER;Car TER;uic;603352990;Q16508099;;;87641373;Les Trillers
TN8764141;gare;Commentry;Commentry;Commentry;8764141;87641415;46.295166;2.739942;FR;Europe/Paris;Q510013;Train TER;Car TER;uic;1470956579;Q926219;;;87641415;Commentry
TN8764142;gare;Volvic;Volvic;Volvic;8764142;87641423;45.864715;3.003146;FR;Europe/Paris;Q623376;Train TER;Car TER;uic;1993059211;Q739202;;;87641423;Volvic
TN8764144;gare;Durtol-Nohanent;Durtol-Nohanent;Durtol-Nohanent;8764144;87641449;45.794767;3.048706;FR;Europe/Paris;Q548637;Train TER;;uic;8309280439;Q2383145;;;87641449;Durtol - Nohanent
TN8764208;arret_car;Fresnes-au-Mont;Fresnes-au-Mont;Fresnes-au-Mont;8764208;87642082;48.896119;5.439869;FR;Europe/Paris;Q207878;;Car à réservation;gtfs;;;;;87642082;Fresnes-au-Mont
TN8764209;arret_car;Saint-Mihiel Détention;Saint-Mihiel Détention;Saint-Mihiel Détention;8764209;87642090;48.885058;5.536063;FR;Europe/Paris;Q194932;;Car à réservation;gtfs;;;;;87642090;Saint-Mihiel Détention
TN8764210;arret_car;Sampigny Centre;Sampigny Centre;Sampigny Centre;8764210;87642108;48.830237;5.50868;FR;Europe/Paris;Q816511;;Car à réservation;gtfs;;;;;87642108;Sampigny Centre
TN8764222;arret_car;Saverne Lycée Verne;Saverne Lycée Verne;Saverne Lycée Verne;8764222;87642223;48.736039;7.373398;FR;Europe/Paris;Q22741;;Car TER;gtfs;;;;;87642223;Saverne Lycée Verne
TN8764224;arret_car;Saverne Place des Dragons;Saverne Place des Dragons;Saverne Place des Dragons;8764224;87642249;48.739602;7.361915;FR;Europe/Paris;Q22741;;Car TER;gtfs;;;;;87642249;Saverne Place des Dragons
TN8764225;arret_car;Saverne Haut Barr;Saverne Haut Barr;Saverne Haut Barr;8764225;87642256;48.73148;7.352343;FR;Europe/Paris;Q22741;;Car TER;gtfs;;;;;87642256;Saverne Haut Barr
TN8764226;arret_car;Dossenheim Mairie;Dossenheim Mairie;Dossenheim Mairie;8764226;87642264;48.805191;7.402476;FR;Europe/Paris;Q21241;;Car TER;gtfs;;;;;87642264;Dossenheim Mairie
TN8764227;arret_car;Dossenheim Lotissement;Dossenheim Lotissement;Dossenheim Lotissement;8764227;87642272;48.807528;7.402116;FR;Europe/Paris;Q21241;;Car TER;gtfs;;;;;87642272;Dossenheim Lotissement
TN8764228;arret_car;Neuwiller Pharmacie;Neuwiller Pharmacie;Neuwiller Pharmacie;8764228;87642280;48.823614;7.402853;FR;Europe/Paris;Q21417;;Car TER;gtfs;;;;;87642280;Neuwiller Pharmacie
TN8764229;arret_car;Neuwiller Rue de Bouxwiller;Neuwiller Rue de Bouxwiller;Neuwiller Rue de Bouxwiller;8764229;87642298;48.822848;7.407151;FR;Europe/Paris;Q21417;;Car TER;gtfs;;;;;87642298;Neuwiller Rue de Bouxwiller
TN8764230;arret_car;Bouxwiller Lycée Schattenmann;Bouxwiller Lycée Schattenmann;Bouxwiller Lycée Schattenmann;8764230;87642306;48.828994;7.476432;FR;Europe/Paris;Q22740;;Car TER;gtfs;;;;;87642306;Bouxwiller Lycée Schattenmann
TN8764231;arret_car;Bouxwiller Centre;Bouxwiller Centre;Bouxwiller Centre;8764231;87642314;48.827393;7.483024;FR;Europe/Paris;Q22740;;Car TER;gtfs;;;;;87642314;Bouxwiller Centre
TN8764233;arret_car;Menchhoffen Abri;Menchhoffen Abri;Menchhoffen Abri;8764233;87642330;48.858842;7.496546;FR;Europe/Paris;Q22514;;Car TER;gtfs;;;;;87642330;Menchhoffen Abri
TN8764234;arret_car;Wimmenau D.919 - Rue de la Gare;Wimmenau D.919 - Rue de la Gare;Wimmenau D.919 - Rue de la Gare;8764234;87642348;48.910025;7.420315;FR;Europe/Paris;Q21410;;Car TER;gtfs;;;;;87642348;Wimmenau D.919 - Rue de la Gare
TN8764235;arret_car;Wingen-sur-Moder Mairie;Wingen-sur-Moder Mairie;Wingen-sur-Moder Mairie;8764235;87642355;48.923275;7.371182;FR;Europe/Paris;Q22875;;Car TER;gtfs;;;;;87642355;Wingen-sur-Moder Mairie
TN8764236;arret_car;Rosteig Monument aux Morts;Rosteig Monument aux Morts;Rosteig Monument aux Morts;8764236;87642363;48.93297;7.340953;FR;Europe/Paris;Q21467;;Car TER;gtfs;;;;;87642363;Rosteig Monument aux Morts
TN8764237;arret_car;Col de Puberg;Col de Puberg;Col de Puberg;8764237;87642371;48.916898;7.318055;FR;Europe/Paris;Q21470;;Car TER;gtfs;;;;;87642371;Col de Puberg
TN8764238;arret_car;Frohmuhl Lavoir;Frohmuhl Lavoir;Frohmuhl Lavoir;8764238;87642389;48.907795;7.280985;FR;Europe/Paris;Q22892;;Car TER;gtfs;;;;;87642389;Frohmuhl Lavoir
TN8764280;arret_car;Bitche Quartier Driant;Bitche Quartier Driant;Bitche Quartier Driant;8764280;87642801;49.054942;7.456211;FR;Europe/Paris;Q22754;;Car TER;gtfs;;;;;87642801;Bitche Quartier Driant
TN8764340;arret_car;Cigoland;Cigoland;Cigoland;8764340;87643403;48.256268;7.419907;FR;Europe/Paris;Q21432;;Car TER;gtfs;;;;;87643403;Cigoland
TN8764341;arret_car;Kintzheim Mairie;Kintzheim Mairie;Kintzheim Mairie;8764341;87643411;48.254552;7.394972;FR;Europe/Paris;Q21432;;Car TER;gtfs;;;;;87643411;Kintzheim Mairie
TN8764342;arret_car;Orschwiller Chapelle;Orschwiller Chapelle;Orschwiller Chapelle;8764342;87643429;48.241195;7.384612;FR;Europe/Paris;Q21438;;Car TER;gtfs;;;;;87643429;Orschwiller Chapelle
TN8764343;arret_car;Saint-Hippolyte Hôtel Munsch;Saint-Hippolyte Hôtel Munsch;Saint-Hippolyte Hôtel Munsch;8764343;87643437;48.230526;7.373267;FR;Europe/Paris;Q126283;;Car TER;gtfs;;;;;87643437;Saint-Hippolyte Hôtel Munsch
TN8764344;arret_car;Saint-Hippolyte Parc Walter;Saint-Hippolyte Parc Walter;Saint-Hippolyte Parc Walter;8764344;87643445;48.232167;7.366947;FR;Europe/Paris;Q126283;;Car TER;gtfs;;;;;87643445;Saint-Hippolyte Parc Walter
TN8764345;arret_car;Rorschwihr Mairie;Rorschwihr Mairie;Rorschwihr Mairie;8764345;87643452;48.217302;7.36257;FR;Europe/Paris;Q148548;;Car TER;gtfs;;;;;87643452;Rorschwihr Mairie
TN8764346;arret_car;Bergheim Porte haute;Bergheim Porte haute;Bergheim Porte haute;8764346;87643460;48.205616;7.357543;FR;Europe/Paris;Q318168;;Car TER;gtfs;;;;;87643460;Bergheim Porte haute
TN8764500;gare;Aurillac;Aurillac;Aurillac;8764500;87645002;44.921054;2.435729;FR;Europe/Paris;Q174234;INTERCITES de nuit|Train TER;Car TER|Car à réservation;uic;4551617712;Q1860416;;;87645002;Aurillac
TN8764510;gare;Ytrac;Ytrac;Ytrac;8764510;87645101;44.910678;2.364465;FR;Europe/Paris;Q809761;Train TER;Car TER;uic;1825522475;Q3095857;;;87645101;Ytrac
TN8764513;gare;Laroquebrou;Laroquebrou;Laroquebrou;8764513;87645135;44.964167;2.192894;FR;Europe/Paris;Q241490;INTERCITES de nuit|Train TER;Car TER;uic;9272747828;Q16638572;;;87645135;Laroquebrou
TN8764515;gare;Lacapelle-Viescamp;Lacapelle-Viescamp;Lacapelle-Viescamp;8764515;87645150;44.920325;2.265524;FR;Europe/Paris;Q245497;Train TER;Car TER;uic;9635302280;Q3097265;;;87645150;Lacapelle-Viescamp
TN8764516;gare;Maurs;Maurs;Maurs;8764516;87645168;44.706;2.199785;FR;Europe/Paris;Q663915;Train TER;Car TER;uic;1826582413;Q99343604;;;87645168;Maurs
TN8764517;gare;Pers;Pers;Pers;8764517;87645176;44.887017;2.240349;FR;Europe/Paris;Q21979660;Train TER;Car TER;uic;1324834422;Q3097265;;;87645176;Pers
TN8764518;gare;Boisset;Boisset;Boisset;8764518;87645184;44.785686;2.249387;FR;Europe/Paris;Q734040;Train TER;Car TER;uic;1030628778;Q99414215;;;87645184;Boisset
TN8764519;gare;Le Rouget;Le Rouget;Le Rouget;8764519;87645192;44.856508;2.23528;FR;Europe/Paris;Q21979660;Train TER;Car TER;uic;1324672567;Q99415434;;;87645192;Le Rouget
TN8764544;gare;Vic-sur-Cère;Vic-sur-Cère;Vic-sur-Cère;8764544;87645440;44.975967;2.631597;FR;Europe/Paris;Q474476;Train TER;Car TER;uic;1029639106;Q2592189;;;87645440;Vic-sur-Cère
TN8764547;gare;Le Lioran;Le Lioran;Le Lioran;8764547;87645473;45.090665;2.753321;FR;Europe/Paris;Q657841;Train TER;Car TER;uic;1029638440;Q2623857;;;87645473;Le Lioran
TN8764548;gare;Murat;Murat;Murat;8764548;87645481;45.109018;2.869688;FR;Europe/Paris;Q28681217;Train TER;Car TER;uic;2657932134;Q3097137;;;87645481;Murat
TN8764550;gare;Neussargues;Neussargues;Neussargues;8764550;87645507;45.125328;2.97917;FR;Europe/Paris;Q131594083;INTERCITES|Train TER;Car TER;uic;9956762221;Q2156841;;;87645507;Neussargues
TN8764570;arret_car;Bort-les-Orgues;Bort-les-Orgues;Bort-les-Orgues;8764570;87645705;45.406435;2.502565;FR;Europe/Paris;Q203182;;Car TER;gtfs;;;;;87645705;Bort-les-Orgues
TN8765438;arret_car;Lichtenberg Église;Lichtenberg Église;Lichtenberg Église;8765438;87654384;48.921195;7.48176;FR;Europe/Paris;Q21568;;Car TER;gtfs;;;;;87654384;Lichtenberg Église
TN8765439;arret_car;Lichtenberg Picardie;Lichtenberg Picardie;Lichtenberg Picardie;8765439;87654392;48.925109;7.479277;FR;Europe/Paris;Q21568;;Car TER;gtfs;;;;;87654392;Lichtenberg Picardie
TN8765444;arret_car;Reipertswiller Salle Polyvalente;Reipertswiller Salle Polyvalente;Reipertswiller Salle Polyvalente;8765444;87654442;48.933187;7.464299;FR;Europe/Paris;Q21382;;Car TER;gtfs;;;;;87654442;Reipertswiller Salle Polyvalente
TN8765446;arret_car;Wimmenau Centre;Wimmenau Centre;Wimmenau Centre;8765446;87654467;48.910834;7.421714;FR;Europe/Paris;Q21410;;Car TER;gtfs;;;;;87654467;Wimmenau Centre
TN8765447;arret_car;Rouffach CHS;Rouffach CHS;Rouffach CHS;8765447;87654475;47.950572;7.291129;FR;Europe/Paris;Q149087;;Car TER;gtfs;;;;;87654475;Rouffach CHS
TN8765454;arret_car;Merxheim Pl. Général de Gaulle;Merxheim Pl. Général de Gaulle;Merxheim Pl. Général de Gaulle;8765454;87654541;47.910654;7.29265;FR;Europe/Paris;Q123691;;Car TER;gtfs;;;;;87654541;Merxheim Pl. Général de Gaulle
TN8765455;arret_car;Illfurth Croisement Gare-CD68;Illfurth Croisement Gare-CD68;Illfurth Croisement Gare-CD68;8765455;87654558;47.674465;7.266448;FR;Europe/Paris;Q83413;;Car TER;gtfs;;;;;87654558;Illfurth Croisement Gare-CD68
TN8765457;arret_car;Zillisheim Auberge Mohn;Zillisheim Auberge Mohn;Zillisheim Auberge Mohn;8765457;87654574;47.693805;7.294209;FR;Europe/Paris;Q203238;;Car TER;gtfs;;;;;87654574;Zillisheim Auberge Mohn
TN8765459;arret_car;Stephansfeld Hôpital;Stephansfeld Hôpital;Stephansfeld Hôpital;8765459;87654590;48.717012;7.706163;FR;Europe/Paris;Q22637;;Car TER;gtfs;;;;;87654590;Stephansfeld Hôpital
TN8765467;arret_car;Brumath Mairie;Brumath Mairie;Brumath Mairie;8765467;87654673;48.730876;7.708523;FR;Europe/Paris;Q22637;;Car TER;gtfs;;;;;87654673;Brumath Mairie
TN8765871;arret_car;Schwindratzheim Général Leclerc;Schwindratzheim Général Leclerc;Schwindratzheim Général Leclerc;8765871;87658716;48.754103;7.600012;FR;Europe/Paris;Q21295;;Car TER;gtfs;;;;;87658716;Schwindratzheim Général Leclerc
TN8765874;arret_car;Wilwisheim Haute-Montée;Wilwisheim Haute-Montée;Wilwisheim Haute-Montée;8765874;87658740;48.748004;7.506757;FR;Europe/Paris;Q21296;;Car TER;gtfs;;;;;87658740;Wilwisheim Haute-Montée
TN8765884;arret_car;Pfaffenhoffen Mairie;Pfaffenhoffen Mairie;Pfaffenhoffen Mairie;8765884;87658849;48.844724;7.610925;FR;Europe/Paris;Q21979620;;Car TER;gtfs;;;;;87658849;Pfaffenhoffen Mairie
TN8765885;arret_car;Adamswiller Lotissement la Forêt;Adamswiller Lotissement la Forêt;Adamswiller Lotissement la Forêt;8765885;87658856;48.905635;7.208238;FR;Europe/Paris;Q22769;;Car TER;gtfs;;;;;87658856;Adamswiller Lotissement la Forêt
TN8765892;arret_car;Adamswiller Mairie;Adamswiller Mairie;Adamswiller Mairie;8765892;87658922;48.903835;7.201179;FR;Europe/Paris;Q22769;;Car TER;gtfs;;;;;87658922;Adamswiller Mairie
TN8765893;arret_car;Bischheim Arrêt CTS R. Gare;Bischheim Arrêt CTS R. Gare;Bischheim Arrêt CTS R. Gare;8765893;87658930;48.610657;7.750844;FR;Europe/Paris;Q22639;;Car TER;gtfs;;;;;87658930;Bischheim Arrêt CTS R. Gare
TN8765894;arret_car;Kilstett 13 Route Nationale;Kilstett 13 Route Nationale;Kilstett 13 Route Nationale;8765894;87658948;48.679225;7.855337;FR;Europe/Paris;Q21555;;Car TER;gtfs;;;;;87658948;Kilstett 13 Route Nationale
TN8765963;arret_car;Bouverans Halte Routière;Bouverans Halte Routière;Bouverans Halte Routière;8765963;87659631;46.857975;6.209625;FR;Europe/Paris;Q839944;;Car TER;gtfs;;;;;87659631;Bouverans Halte Routière
TN8765964;arret_car;Domblans Halte Routière;Domblans Halte Routière;Domblans Halte Routière;8765964;87659649;46.763588;5.59737;FR;Europe/Paris;Q539629;;Car TER;gtfs;;;;;87659649;Domblans Halte Routière
TN8765965;arret_car;Buvilly Halte Routière;Buvilly Halte Routière;Buvilly Halte Routière;8765965;87659656;46.869346;5.71656;FR;Europe/Paris;Q938822;;Car TER;gtfs;;;;;87659656;Buvilly Halte Routière
TN8765966;arret_car;Dompierre Halte Routière;Dompierre Halte Routière;Dompierre Halte Routière;8765966;87659664;46.872118;6.186204;FR;Europe/Paris;Q845584;;Car TER;gtfs;;;;;87659664;Dompierre Halte Routière
TN8765972;arret_car;Voiteur Halte Routière;Voiteur Halte Routière;Voiteur Halte Routière;8765972;87659722;46.75511;5.611315;FR;Europe/Paris;Q1065312;;Car TER;gtfs;;;;;87659722;Voiteur Halte Routière
TN8765973;arret_car;Gambsheim Garage Peugeot;Gambsheim Garage Peugeot;Gambsheim Garage Peugeot;8765973;87659730;48.688786;7.872003;FR;Europe/Paris;Q21428;;Car TER;gtfs;;;;;87659730;Gambsheim Garage Peugeot
TN8765975;arret_car;Hoerdt Maison de Retraite;Hoerdt Maison de Retraite;Hoerdt Maison de Retraite;8765975;87659755;48.692017;7.782193;FR;Europe/Paris;Q22902;;Car TER;gtfs;;;;;87659755;Hoerdt Maison de Retraite
TN8765976;arret_car;Hoerdt Mairie;Hoerdt Mairie;Hoerdt Mairie;8765976;87659763;48.69819;7.784133;FR;Europe/Paris;Q22902;;Car TER;gtfs;;;;;87659763;Hoerdt Mairie
TN8765977;arret_car;Weyersheim Rue République;Weyersheim Rue République;Weyersheim Rue République;8765977;87659771;48.717811;7.800244;FR;Europe/Paris;Q21622;;Car TER;gtfs;;;;;87659771;Weyersheim Rue République
TN8765978;arret_car;Kurtzenhouse Mairie;Kurtzenhouse Mairie;Kurtzenhouse Mairie;8765978;87659789;48.739129;7.806639;FR;Europe/Paris;Q21547;;Car TER;gtfs;;;;;87659789;Kurtzenhouse Mairie
TN8765979;arret_car;Kurtzenhouse 71 Route Principale;Kurtzenhouse 71 Route Principale;Kurtzenhouse 71 Route Principale;8765979;87659797;48.742614;7.812572;FR;Europe/Paris;Q21547;;Car TER;gtfs;;;;;87659797;Kurtzenhouse 71 Route Principale
TN8765980;arret_car;Bischwiller Église Catholique;Bischwiller Église Catholique;Bischwiller Église Catholique;8765980;87659805;48.764098;7.859784;FR;Europe/Paris;Q22431;;Car TER;gtfs;;;;;87659805;Bischwiller Église Catholique
TN8765981;arret_car;Bischwiller Vestra;Bischwiller Vestra;Bischwiller Vestra;8765981;87659813;48.770589;7.847867;FR;Europe/Paris;Q22431;;Car TER;gtfs;;;;;87659813;Bischwiller Vestra
TN8765982;arret_car;Kaltenhouse Rue de Bischwiller;Kaltenhouse Rue de Bischwiller;Kaltenhouse Rue de Bischwiller;8765982;87659821;48.789926;7.836572;FR;Europe/Paris;Q21413;;Car TER;gtfs;;;;;87659821;Kaltenhouse Rue de Bischwiller
TN8765983;arret_car;Marienthal Basilique Notre-Dame;Marienthal Basilique Notre-Dame;Marienthal Basilique Notre-Dame;8765983;87659839;48.780133;7.816475;FR;Europe/Paris;Q22730;;Car TER;gtfs;;;;;87659839;Marienthal Basilique Notre-Dame
TN8765984;arret_car;Haguenau Statuette;Haguenau Statuette;Haguenau Statuette;8765984;87659847;48.804194;7.798091;FR;Europe/Paris;Q22730;;Car TER;gtfs;;;;;87659847;Haguenau Statuette
TN8765985;arret_car;Rixheim Arrêt Soléa Barrières;Rixheim Arrêt Soléa Barrières;Rixheim Arrêt Soléa Barrières;8765985;87659854;47.748244;7.409291;FR;Europe/Paris;Q148887;;Car TER;gtfs;;;;;87659854;Rixheim Arrêt Soléa Barrières
TN8765986;arret_car;Sierentz Centre;Sierentz Centre;Sierentz Centre;8765986;87659862;47.654216;7.454857;FR;Europe/Paris;Q635223;;Car TER;gtfs;;;;;87659862;Sierentz Centre
TN8765987;arret_car;Bartenheim Pharmacie;Bartenheim Pharmacie;Bartenheim Pharmacie;8765987;87659870;47.635011;7.476127;FR;Europe/Paris;Q320293;;Car TER;gtfs;;;;;87659870;Bartenheim Pharmacie
TN8765988;arret_car;Oderen La Poste;Oderen La Poste;Oderen La Poste;8765988;87659888;47.90946;6.975571;FR;Europe/Paris;Q148086;;Car TER;gtfs;;;;;87659888;Oderen La Poste
TN8765989;arret_car;Fellering Église;Fellering Église;Fellering Église;8765989;87659896;47.896397;6.985792;FR;Europe/Paris;Q463510;;Car TER;gtfs;;;;;87659896;Fellering Église
TN8765990;arret_car;Ranspach Ancienne Fonderie;Ranspach Ancienne Fonderie;Ranspach Ancienne Fonderie;8765990;87659904;47.881405;7.009459;FR;Europe/Paris;Q148765;;Car TER;gtfs;;;;;87659904;Ranspach Ancienne Fonderie
TN8765991;arret_car;Saint-Amarin Hôtel Le Cheval Blanc;Saint-Amarin Hôtel Le Cheval Blanc;Saint-Amarin Hôtel Le Cheval Blanc;8765991;87659912;47.874738;7.028348;FR;Europe/Paris;Q149080;;Car TER;gtfs;;;;;87659912;Saint-Amarin Hôtel Le Cheval Blanc
TN8765992;arret_car;Malmerspach Rond-point;Malmerspach Rond-point;Malmerspach Rond-point;8765992;87659920;47.867203;7.038704;FR;Europe/Paris;Q123667;;Car TER;gtfs;;;;;87659920;Malmerspach Rond-point
TN8765993;arret_car;Moosch Mairie;Moosch Mairie;Moosch Mairie;8765993;87659938;47.859868;7.04962;FR;Europe/Paris;Q148698;;Car TER;gtfs;;;;;87659938;Moosch Mairie
TN8765994;arret_car;Willer-sur-Thur Mairie;Willer-sur-Thur Mairie;Willer-sur-Thur Mairie;8765994;87659946;47.843071;7.071404;FR;Europe/Paris;Q384396;;Car TER;gtfs;;;;;87659946;Willer-sur-Thur Mairie
TN8765995;arret_car;Bitschwiller-lès-Thann Mairie;Bitschwiller-lès-Thann Mairie;Bitschwiller-lès-Thann Mairie;8765995;87659953;47.829182;7.079737;FR;Europe/Paris;Q317452;;Car TER;gtfs;;;;;87659953;Bitschwiller-lès-Thann Mairie
TN8765996;arret_car;Thann La Poste;Thann La Poste;Thann La Poste;8765996;87659961;47.810273;7.102514;FR;Europe/Paris;Q207570;;Car TER;gtfs;;;;;87659961;Thann La Poste
TN8765997;arret_car;Vieux-Thann Parking de la Gare;Vieux-Thann Parking de la Gare;Vieux-Thann Parking de la Gare;8765997;87659979;47.806072;7.119758;FR;Europe/Paris;Q122306;;Car TER;gtfs;;;;;87659979;Vieux-Thann Parking de la Gare
TN8765998;arret_car;Cernay Église;Cernay Église;Cernay Église;8765998;87659987;47.809321;7.174788;FR;Europe/Paris;Q274589;;Car TER;gtfs;;;;;87659987;Cernay Église
TN8765999;arret_car;Dornach Gare Dmc;Dornach Gare Dmc;Dornach Gare Dmc;8765999;87659995;47.747207;7.310264;FR;Europe/Paris;Q79815;;Car TER;gtfs;;;;;87659995;Dornach Gare Dmc
TN8766004;arret_car;Walbourg Séminaire;Walbourg Séminaire;Walbourg Séminaire;8766004;87660043;48.886536;7.789394;FR;Europe/Paris;Q21608;;Car TER;gtfs;;;;;87660043;Walbourg Séminaire
TN8766005;arret_car;Surbourg Rue Saint-Arbogast;Surbourg Rue Saint-Arbogast;Surbourg Rue Saint-Arbogast;8766005;87660050;48.906924;7.847097;FR;Europe/Paris;Q21498;;Car TER;gtfs;;;;;87660050;Surbourg Rue Saint-Arbogast
TN8766012;arret_car;Schoenenbourg Centre;Schoenenbourg Centre;Schoenenbourg Centre;8766012;87660126;48.952404;7.912312;FR;Europe/Paris;Q21575;;Car TER;gtfs;;;;;87660126;Schoenenbourg Centre
TN8766034;arret_car;Ingolsheim Centre;Ingolsheim Centre;Ingolsheim Centre;8766034;87660340;48.974765;7.937294;FR;Europe/Paris;Q21290;;Car TER;gtfs;;;;;87660340;Ingolsheim Centre
TN8766036;arret_car;Riedseltz Arrêt Chapelle;Riedseltz Arrêt Chapelle;Riedseltz Arrêt Chapelle;8766036;87660365;48.990344;7.950727;FR;Europe/Paris;Q21290;;Car TER;gtfs;;;;;87660365;Riedseltz Arrêt Chapelle
TN8766037;arret_car;Riedseltz Salle Polyvalente;Riedseltz Salle Polyvalente;Riedseltz Salle Polyvalente;8766037;87660373;48.994381;7.955299;FR;Europe/Paris;Q21290;;Car TER;gtfs;;;;;87660373;Riedseltz Salle Polyvalente
TN8766038;arret_car;Wissembourg Altenstadt;Wissembourg Altenstadt;Wissembourg Altenstadt;8766038;87660381;49.028254;7.963882;FR;Europe/Paris;Q22636;;Car TER;gtfs;;;;;87660381;Wissembourg Altenstadt
TN8766054;arret_car;Mutzig Passage à Niveau;Mutzig Passage à Niveau;Mutzig Passage à Niveau;8766054;87660548;48.533919;7.46108;FR;Europe/Paris;Q22390;;Car TER;gtfs;;;;;87660548;Mutzig Passage à Niveau
TN8766057;arret_car;Mutzig Porte Centre;Mutzig Porte Centre;Mutzig Porte Centre;8766057;87660571;48.538565;7.456477;FR;Europe/Paris;Q22390;;Car TER;gtfs;;;;;87660571;Mutzig Porte Centre
TN8766058;arret_car;Gresswiller Abri;Gresswiller Abri;Gresswiller Abri;8766058;87660589;48.535956;7.42571;FR;Europe/Paris;Q22515;;Car TER;gtfs;;;;;87660589;Gresswiller Abri
TN8766060;arret_car;Lutzelhouse Abri Église;Lutzelhouse Abri Église;Lutzelhouse Abri Église;8766060;87660605;48.519287;7.287589;FR;Europe/Paris;Q21536;;Car TER;gtfs;;;;;87660605;Lutzelhouse Abri Église
TN8766068;arret_car;Wisches Église;Wisches Église;Wisches Église;8766068;87660688;48.508635;7.268896;FR;Europe/Paris;Q21341;;Car TER;gtfs;;;;;87660688;Wisches Église
TN8766079;arret_car;Devant Fouday Abri RN 420;Devant Fouday Abri RN 420;Devant Fouday Abri RN 420;8766079;87660795;48.4214;7.183419;FR;Europe/Paris;Q22916;;Car TER;gtfs;;;;;87660795;Devant Fouday Abri RN 420
TN8766088;arret_car;Bourg-Bruche Église;Bourg-Bruche Église;Bourg-Bruche Église;8766088;87660886;48.359044;7.135169;FR;Europe/Paris;Q21253;;Car TER;gtfs;;;;;87660886;Bourg-Bruche Église
TN8766091;arret_car;Obernai Freppel - Gare;Obernai Freppel - Gare;Obernai Freppel - Gare;8766091;87660910;48.460966;7.489308;FR;Europe/Paris;Q22727;;Car TER;gtfs;;;;;87660910;Obernai Freppel - Gare
TN8766093;arret_car;Eichhoffen Carrefour Gare;Eichhoffen Carrefour Gare;Eichhoffen Carrefour Gare;8766093;87660936;48.382701;7.448245;FR;Europe/Paris;Q21429;;Car TER;gtfs;;;;;87660936;Eichhoffen Carrefour Gare
TN8766097;arret_car;Epfig Croisement Église - RN;Epfig Croisement Église - RN;Epfig Croisement Église - RN;8766097;87660977;48.359279;7.465738;FR;Europe/Paris;Q21320;;Car TER;gtfs;;;;;87660977;Epfig Croisement Église - RN
TN8766524;arret_car;Colmar St-Joseph Rue du Val St-Grégoire;Colmar St-Joseph Rue du Val St-Grégoire;Colmar St-Joseph Rue du Val St-Grégoire;8766524;87665240;48.080688;7.347182;FR;Europe/Paris;Q130994;;Car TER;gtfs;;;;;87665240;Colmar St-Joseph Rue du Val St-Grégoire
TN8766526;arret_car;Ingersheim Lycée R. Turckheim;Ingersheim Lycée R. Turckheim;Ingersheim Lycée R. Turckheim;8766526;87665265;48.09179;7.297819;FR;Europe/Paris;Q495490;;Car TER;gtfs;;;;;87665265;Ingersheim Lycée R. Turckheim
TN8766533;arret_car;Logelbach Hirn;Logelbach Hirn;Logelbach Hirn;8766533;87665331;48.088748;7.321808;FR;Europe/Paris;Q495490;;Car TER;gtfs;;;;;87665331;Logelbach Hirn
TN8766535;arret_car;Ingersheim Place du Général de Gaulle;Ingersheim Place du Général de Gaulle;Ingersheim Place du Général de Gaulle;8766535;87665356;48.094219;7.306305;FR;Europe/Paris;Q495490;;Car TER;gtfs;;;;;87665356;Ingersheim Place du Général de Gaulle
TN8766538;arret_car;Turckheim Place de la République;Turckheim Place de la République;Turckheim Place de la République;8766538;87665380;48.086214;7.278888;FR;Europe/Paris;Q157729;;Car TER;gtfs;;;;;87665380;Turckheim Place de la République
TN8766545;arret_car;Walbach La Forge Abri D 417;Walbach La Forge Abri D 417;Walbach La Forge Abri D 417;8766545;87665455;48.059876;7.233092;FR;Europe/Paris;Q495481;;Car TER;gtfs;;;;;87665455;Walbach La Forge Abri D 417
TN8766546;arret_car;Wihr-au-Val - Soultzbach D417;Wihr-au-Val - Soultzbach D417;Wihr-au-Val - Soultzbach D417;8766546;87665463;48.04677;7.209204;FR;Europe/Paris;Q635301;;Car TER;gtfs;;;;;87665463;Wihr-au-Val - Soultzbach D417
TN8766547;arret_car;Gunsbach D417;Gunsbach D417;Gunsbach D417;8766547;87665471;48.042642;7.17419;FR;Europe/Paris;Q392034;;Car TER;gtfs;;;;;87665471;Gunsbach D417
TN8766548;arret_car;Munster Inter. D417-Badischhof;Munster Inter. D417-Badischhof;Munster Inter. D417-Badischhof;8766548;87665489;48.040562;7.150211;FR;Europe/Paris;Q149419;;Car TER;gtfs;;;;;87665489;Munster Inter. D417-Badischhof
TN8766550;arret_car;Luttenbach Abri Route Principale;Luttenbach Abri Route Principale;Luttenbach Abri Route Principale;8766550;87665505;48.035854;7.118808;FR;Europe/Paris;Q124160;;Car TER;gtfs;;;;;87665505;Luttenbach Abri Route Principale
TN8766551;arret_car;Luttenbach Fronzell;Luttenbach Fronzell;Luttenbach Fronzell;8766551;87665513;48.032459;7.109984;FR;Europe/Paris;Q124160;;Car TER;gtfs;;;;;87665513;Luttenbach Fronzell
TN8766556;arret_car;Breitenbach Restaurant Breit's bar;Breitenbach Restaurant Breit's bar;Breitenbach Restaurant Breit's bar;8766556;87665562;48.026744;7.098981;FR;Europe/Paris;Q367794;;Car TER;gtfs;;;;;87665562;Breitenbach Restaurant Breit's bar
TN8766562;arret_car;Muhlbach-sur-Munster Mairie;Muhlbach-sur-Munster Mairie;Muhlbach-sur-Munster Mairie;8766562;87665620;48.025409;7.084476;FR;Europe/Paris;Q148746;;Car TER;gtfs;;;;;87665620;Muhlbach-sur-Munster Mairie
TN8766609;arret_car;Chamelet Centre;Chamelet Centre;Chamelet Centre;8766609;87666099;45.982752;4.508834;FR;Europe/Paris;Q1967;;Car TER;gtfs;;;;;87666099;Chamelet Centre
TN8766611;arret_car;Souilly;Souilly;Souilly;8766611;87666115;49.027971;5.285856;FR;Europe/Paris;Q1377718;;Car à réservation;gtfs;;;;;87666115;Souilly
TN8766798;arret_car;Diou Ville Bus;Diou Ville Bus;Diou Ville Bus;8766798;87667980;46.533357;3.747953;FR;Europe/Paris;Q263998;;Car TER;gtfs;;;;;87667980;Diou Ville Bus
TN8766800;arret_car;Villeneuve-sur-Allier Centre;Villeneuve-sur-Allier Centre;Villeneuve-sur-Allier Centre;8766800;87668004;46.660457;3.247131;FR;Europe/Paris;Q261404;;Car TER;gtfs;;;;;87668004;Villeneuve-sur-Allier Centre
TN8766809;arret_car;Thiel-sur-Acolin abris-bus;Thiel-sur-Acolin abris-bus;Thiel-sur-Acolin abris-bus;8766809;87668095;46.524233;3.579035;FR;Europe/Paris;Q273767;;Car TER;gtfs;;;;;87668095;Thiel-sur-Acolin abris-bus
TN8766811;arret_car;Montbeugny Centre;Montbeugny Centre;Montbeugny Centre;8766811;87668111;46.528502;3.488653;FR;Europe/Paris;Q648105;;Car TER;gtfs;;;;;87668111;Montbeugny Centre
TN8766813;arret_car;Philippsbourg Falkenstein;Philippsbourg Falkenstein;Philippsbourg Falkenstein;8766813;87668137;48.984021;7.567483;FR;Europe/Paris;Q22336;;Car TER;gtfs;;;;;87668137;Philippsbourg Falkenstein
TN8766815;arret_car;Éguelshardt Abri;Éguelshardt Abri;Éguelshardt Abri;8766815;87668152;49.021266;7.491201;FR;Europe/Paris;Q22025;;Car TER;gtfs;;;;;87668152;Éguelshardt Abri
TN8766837;arret_car;Séverac d'Aveyron Embrachement le Massegros;Séverac d'Aveyron Embrachement le Massegros;Séverac d'Aveyron Embrachement le Massegros;8766837;87668376;44.320164;3.074734;FR;Europe/Paris;Q21619554;;Car TER;gtfs;;;;;87668376;Séverac d'Aveyron Embrachement le Massegros
TN8766838;arret_car;Verrieres Engayresque;Verrieres Engayresque;Verrieres Engayresque;8766838;87668384;44.254859;3.055451;FR;Europe/Paris;Q751295;;Car TER;gtfs;;;;;87668384;Verrieres Engayresque
TN8766845;arret_car;Auch Allée Baylac;Auch Allée Baylac;Auch Allée Baylac;8766845;87668459;43.648288;0.582806;FR;Europe/Paris;Q181725;;Car TER;gtfs;;;;;87668459;Auch Allée Baylac
TN8767100;gare;Tarbes;Tarbes;Tarbes;8767100;87671008;43.240216;0.069356;FR;Europe/Paris;Q184023;INTERCITES|INTERCITES de nuit|TGV INOUI|Train TER;Car TER;uic;13234944526;Q2446168;;;87671008;Tarbes
TN8767101;gare;Mont-de-Marsan;Mont-de-Marsan;Mont-de-Marsan;8767101;87671016;43.884898;-0.50466;FR;Europe/Paris;Q188033;Train TER;Car TER;gtfs;;;;;87671016;Mont-de-Marsan
TN8767112;gare;Lannemezan;Lannemezan;Lannemezan;8767112;87671123;43.114251;0.387266;FR;Europe/Paris;Q383402;INTERCITES|Train TER;Car TER;uic;8519453917;Q1830641;;;87671123;Lannemezan
TN8767115;gare;Capvern;Capvern;Capvern;8767115;87671156;43.103345;0.329639;FR;Europe/Paris;Q1094400;Train TER;Car TER;gtfs;;;;;87671156;Capvern
TN8767117;gare;Tournay;Tournay;Tournay;8767117;87671172;43.183625;0.23892;FR;Europe/Paris;Q1099874;Train TER;Car TER;uic;13251300722;Q2673014;;;87671172;Tournay
TN8767133;gare;Lourdes;Lourdes;Lourdes;8767133;87671339;43.100451;-0.042173;FR;Europe/Paris;Q3327;INTERCITES|INTERCITES de nuit|TGV INOUI|Train TER;Car TER;uic;10931191994;Q968875;;;87671339;Lourdes
TN8767136;gare;Saint-Pé-de-Bigorre;Saint-Pé-de-Bigorre;Saint-Pé-de-Bigorre;8767136;87671362;43.101577;-0.162027;FR;Europe/Paris;Q1323215;Train TER;;uic;8519451215;Q367161;;;87671362;Saint-Pé-de-Bigorre
TN8767147;gare;Arengosse;Arengosse;Arengosse;8767147;87671479;44.007002;-0.809296;FR;Europe/Paris;Q652312;Train TER;Car TER;uic;1541262753;Q2744968;;;87671479;Arengosse
TN8767148;gare;Ygos;Ygos;Ygos;8767148;87671487;43.978247;-0.736186;FR;Europe/Paris;Q31201;Train TER;Car TER;uic;1905400219;Q2562620;;;87671487;Ygos
TN8767149;gare;Saint-Martin-d'Oney;Saint-Martin-d'Oney;Saint-Martin-d'Oney;8767149;87671495;43.930059;-0.651531;FR;Europe/Paris;Q40875;Train TER;Car TER;uic;3438988636;Q2685729;;;87671495;Saint-Martin-d'Oney
TN8767200;gare;Pau;Pau;Pau;8767200;87672006;43.29147;-0.369754;FR;Europe/Paris;Q132671;INTERCITES|INTERCITES de nuit|TGV INOUI|Train TER;Car TER;uic;8519451211;Q2260577;;;87672006;Pau
TN8767211;gare;Montaut-Bétharram;Montaut-Bétharram;Montaut-Bétharram;8767211;87672113;43.126979;-0.198264;FR;Europe/Paris;Q671281;Train TER;;uic;2334814665;Q3097074;;;87672113;Montaut Bétharram
TN8767213;gare;Coarraze - Nay;Coarraze - Nay;Coarraze - Nay;8767213;87672139;43.181844;-0.241623;FR;Europe/Paris;Q174462;Train TER;Car TER;uic;8519451208;Q2100756;;;87672139;Coarraze - Nay
TN8767216;gare;Assat;Assat;Assat;8767216;87672162;43.254432;-0.295018;FR;Europe/Paris;Q179787;Train TER;;uic;2334690134;Q3095681;;;87672162;Assat
TN8767221;gare;Artix;Artix;Artix;8767221;87672212;43.393195;-0.570108;FR;Europe/Paris;Q842695;Train TER;Car TER;uic;371761248;Q3095676;;;87672212;Artix
TN8767225;gare;Orthez;Orthez;Orthez;8767225;87672253;43.484215;-0.767645;FR;Europe/Paris;Q244248;INTERCITES|INTERCITES de nuit|TGV INOUI|Train TER;Car TER;uic;369774790;Q2219205;;;87672253;Orthez
TN8767227;gare;Puyoô;Puyoô;Puyoô;8767227;87672279;43.524653;-0.910819;FR;Europe/Paris;Q174508;Train TER;Car TER;uic;10688332562;Q1846734;;;87672279;Puyoô
TN8767233;gare;Peyrehorade;Peyrehorade;Peyrehorade;8767233;87672337;43.546836;-1.115724;FR;Europe/Paris;Q664928;INTERCITES de nuit|Train TER;Car TER;uic;13267627043;Q2342837;;;87672337;Peyrehorade
TN8767238;gare;Urt;Urt;Urt;8767238;87672386;43.499349;-1.30054;FR;Europe/Paris;Q842706;Train TER;Car TER;uic;8708986021;Q2099440;;;87672386;Urt
TN8767260;gare;Croix-du-Prince;Croix-du-Prince;Croix-du-Prince;8767260;87672600;43.285538;-0.379239;FR;Europe/Paris;Q199726;Train TER;Car TER;uic;2333975182;Q3096777;;;87672600;Croix du Prince
TN8767261;gare;Gan;Gan;Gan;8767261;87672618;43.234451;-0.391431;FR;Europe/Paris;Q859063;Train TER;Car TER;uic;8417436768;Q2188842;;;87672618;Gan
TN8767263;gare;Buzy-en-Béarn;Buzy-en-Béarn;Buzy-en-Béarn;8767263;87672634;43.148167;-0.455983;FR;Europe/Paris;Q180220;Train TER;Car TER;uic;355846706;Q612598;;;87672634;Buzy en Béarn
TN8767270;gare;Ogeu-les-Bains;Ogeu-les-Bains;Ogeu-les-Bains;8767270;87672709;43.153915;-0.507653;FR;Europe/Paris;Q858915;Train TER;Car TER;uic;2334363130;Q2676660;;;87672709;Ogeu-les-Bains
TN8767272;gare;Oloron-Sainte-Marie;Oloron-Sainte-Marie;Oloron-Sainte-Marie;8767272;87672725;43.194779;-0.61235;FR;Europe/Paris;Q208407;Train TER;Car TER;uic;13250655131;Q2572368;;;87672725;Oloron-Sainte-Marie
TN8767274;gare;Lurbe Saint-Christau;Lurbe Saint-Christau;Lurbe Saint-Christau;8767274;87672741;43.120505;-0.605233;FR;Europe/Paris;Q636054;Train TER;Car TER;uic;4352127161;Q16638575;;;87672741;Lurbe-Saint-Christau
TN8767276;gare;Sarrance;Sarrance;Sarrance;8767276;87672766;43.049685;-0.599612;FR;Europe/Paris;Q845063;Train TER;Car TER;uic;4352121707;Q24053005;;;87672766;Sarrance
TN8767277;gare;Bedous;Bedous;Bedous;8767277;87672774;42.995222;-0.603744;FR;Europe/Paris;Q188595;Train TER;Car TER;uic;3747542481;Q3095940;;;87672774;Bedous
TN8767300;gare;Bayonne;Bayonne;Bayonne;8767300;87673004;43.497002;-1.470361;FR;Europe/Paris;Q134674;INTERCITES|INTERCITES de nuit|OUIGO|TGV INOUI|Train TER;Car TER;uic;8312617455;Q3095942;;;87673004;Bayonne
TN8767309;gare;Boucau;Boucau;Boucau;8767309;87673095;43.523426;-1.490633;FR;Europe/Paris;Q320282;Train TER;Car TER;uic;8705508208;Q2365336;;;87673095;Boucau
TN8767310;gare;Morcenx;Morcenx;Morcenx;8767310;87673103;44.033542;-0.908512;FR;Europe/Paris;Q59342721;Train TER;Car TER;uic;2903069291;Q2218069;;XFMCX;87673103;Morcenx
TN8767320;gare;Dax;Dax;Dax;8767320;87673202;43.720604;-1.050308;FR;Europe/Paris;Q188878;INTERCITES de nuit|OUIGO|TGV INOUI|Train TER;Car TER;uic;3466186493;Q2167270;;;87673202;Dax
TN8767325;gare;Saubusse;Saubusse Les Bains;Saubusse Les Bains;8767325;87673251;43.660315;-1.190101;FR;Europe/Paris;Q220307;Train TER;;uic;8705780583;;;;87673251;Saubusse
TN8767326;gare;Saint-Geours;Saint-Geours-de-Maremne;Saint-Geours-de-Maremne;8767326;87673269;43.671303;-1.241092;FR;Europe/Paris;Q1112178;Train TER;Car TER;uic;8705837107;;;;87673269;Saint-Geours
TN8767327;gare;Saint-Vincent-de-Tyrosse;Saint-Vincent-de-Tyrosse;Saint-Vincent-de-Tyrosse;8767327;87673277;43.657714;-1.306397;FR;Europe/Paris;Q733301;INTERCITES de nuit|Train TER;Car TER;uic;8453575245;Q747358;;;87673277;Saint-Vincent-de-Tyrosse
TN8767328;gare;Bénesse-Maremne;Bénesse-Maremne;Bénesse-Maremne;8767328;87673285;43.627803;-1.36967;FR;Europe/Paris;Q200936;Train TER;Car TER;uic;8705728423;;;;87673285;Bénesse-Maremne
TN8767329;gare;Labenne;Labenne - Capbreton;Labenne - Capbreton;8767329;87673293;43.587175;-1.428732;FR;Europe/Paris;Q1114265;Train TER;Car TER;uic;8332300726;Q2361915;;;87673293;Labenne
TN8767331;gare;Ondres;Ondres;Ondres;8767331;87673319;43.568571;-1.4572;FR;Europe/Paris;Q1114119;Train TER;Car TER;uic;8705428706;Q2555791;;;87673319;Ondres
TN8767340;gare;Biarritz;Biarritz;Biarritz;8767340;87673400;43.459152;-1.545853;FR;Europe/Paris;Q132790;INTERCITES|OUIGO|TGV INOUI|Train TER;Car TER;uic;13240821006;Q1959795;;;87673400;Biarritz
TN8767345;gare;Guéthary;Guéthary;Guéthary;8767345;87673459;43.425468;-1.609194;FR;Europe/Paris;Q672766;Train TER;Car TER;uic;7321605816;Q2367995;;;87673459;Guéthary
TN8767361;gare;Villefranque;Villefranque;Villefranque;8767361;87673616;43.431349;-1.456418;FR;Europe/Paris;Q839575;Train TER;Car TER;uic;9218217980;Q2703740;;;87673616;Villefranque
TN8767362;gare;Ustaritz-Jatxou;Ustaritz;Ustaritz;8767362;87673624;43.404798;-1.449019;FR;Europe/Paris;Q269874;Train TER;Car TER;uic;9218234776;Q2655095;;;87673624;Ustaritz-Jatxou
TN8767364;gare;Halsou-Larressore;Halsou-Larressore;Halsou-Larressore;8767364;87673640;43.377968;-1.427734;FR;Europe/Paris;Q196980;Train TER;Car TER;uic;9218242934;Q2230939;;;87673640;Halsou - Larressore
TN8767365;gare;Cambo-les-Bains;Cambo-les-Bains;Cambo-les-Bains;8767365;87673657;43.365527;-1.396473;FR;Europe/Paris;Q197014;Train TER;Car TER;uic;9218237552;Q2587121;;;87673657;Cambo-les-Bains
TN8767366;gare;Itxassou;Itxassou;Itxassou;8767366;87673665;43.324056;-1.395684;FR;Europe/Paris;Q683474;Train TER;Car TER;uic;11088595866;Q2129810;;;87673665;Itxassou
TN8767369;gare;Bidarray-Pont-Noblia;Bidarray-Pont-Noblia;Bidarray-Pont-Noblia;8767369;87673699;43.268299;-1.345302;FR;Europe/Paris;Q746221;Train TER;Car TER;uic;9218564394;Q2207842;;;87673699;Bidarray Pont Noblia
TN8767370;gare;Ossès-St Martin d'Arrossa;Ossès-St Martin d'Arrossa;Ossès-St Martin d'Arrossa;8767370;87673707;43.235179;-1.304824;FR;Europe/Paris;Q843415;Train TER;Car TER;uic;9218661763;Q2693070;;;87673707;Ossès - Saint-Martin-d'Arrossa
TN8767372;gare;Saint-Jean-Pied-de-Port;Saint-Jean-Pied-de-Port;Saint-Jean-Pied-de-Port;8767372;87673723;43.167904;-1.238037;FR;Europe/Paris;Q270294;Train TER;Car TER;uic;848687508;Q2220150;;;87673723;Saint-Jean-Pied-de-Port
TN8767683;arret_car;Saint-Éloi Église;Saint-Éloi Église;Saint-Éloi Église;8767683;87676833;46.973906;3.221641;FR;Europe/Paris;Q41812;;Car TER;gtfs;;;;;87676833;Saint-Éloi Église
TN8767687;arret_car;Saint-Léger-des-Vignes Mairie;Saint-Léger-des-Vignes Mairie;Saint-Léger-des-Vignes Mairie;8767687;87676874;46.838552;3.450961;FR;Europe/Paris;Q37171;;Car TER;gtfs;;;;;87676874;Saint-Léger-des-Vignes Mairie
TN8767700;gare;Hendaye;Hendaye;Hendaye;8767700;87677005;43.353082;-1.781947;FR;Europe/Paris;Q191754;INTERCITES|OUIGO|TGV INOUI|Train TER;Car TER;uic;3916678066;Q2310209;;;87677005;Hendaye
TN8767704;arret_car;Brion - Laisy Mairie;Brion - Laisy Mairie;Brion - Laisy Mairie;8767704;87677047;46.908137;4.200381;FR;Europe/Paris;Q1467684;;Car TER;gtfs;;;;;87677047;Brion - Laisy Mairie
TN8767709;arret_car;Changy Tourny Monument;Changy Tourny Monument;Changy Tourny Monument;8767709;87677096;46.403337;4.253013;FR;Europe/Paris;Q210441;;Car TER;gtfs;;;;;87677096;Changy Tourny Monument
TN8767710;gare;Les Deux Jumeaux;Les Deux Jumeaux;Les Deux Jumeaux;8767710;87677104;43.370066;-1.764527;FR;Europe/Paris;Q191754;Train TER;Car TER;gtfs;;;;;87677104;Les Deux Jumeaux
TN8767712;gare;Saint-Jean-de-Luz - Ciboure;Saint-Jean-de-Luz - Ciboure;Saint-Jean-de-Luz - Ciboure;8767712;87677120;43.385801;-1.661121;FR;Europe/Paris;Q232135;INTERCITES|OUIGO|TGV INOUI|Train TER;Car TER;uic;860594526;Q2023049;;;87677120;Saint-Jean-de-Luz - Ciboure
TN8767713;arret_car;Chauffailles Gambetta;Chauffailles Gambetta;Chauffailles Gambetta;8767713;87677138;46.206915;4.336512;FR;Europe/Paris;Q750710;;Car TER;gtfs;;;;;87677138;Chauffailles Gambetta
TN8767719;arret_car;Voutenay-sur-Cure Place Mairie;Voutenay-sur-Cure Place Mairie;Voutenay-sur-Cure Place Mairie;8767719;87677195;47.561729;3.784688;FR;Europe/Paris;Q1375877;;Car TER;gtfs;;;;;87677195;Voutenay-sur-Cure Place Mairie
TN8767724;arret_car;Lucy-sur-Cure D606;Lucy-sur-Cure D606;Lucy-sur-Cure D606;8767724;87677245;47.627783;3.744664;FR;Europe/Paris;Q223257;;Car TER;gtfs;;;;;87677245;Lucy-sur-Cure D606
TN8767725;arret_car;Accolay Le Pont;Accolay Le Pont;Accolay Le Pont;8767725;87677252;47.663798;3.709584;FR;Europe/Paris;Q25396680;;Car TER;gtfs;;;;;87677252;Accolay Le Pont
TN8767794;arret_car;Mauvezin Place de la Halle;Mauvezin Place de la Halle;Mauvezin Place de la Halle;8767794;87677948;43.730606;0.878386;FR;Europe/Paris;Q380495;;Car TER;gtfs;;;;;87677948;Mauvezin Place de la Halle
TN8767795;arret_car;Solomiac Halle;Solomiac Halle;Solomiac Halle;8767795;87677955;43.805599;0.897019;FR;Europe/Paris;Q1004995;;Car TER;gtfs;;;;;87677955;Solomiac Halle
TN8767846;arret_car;Uttwiller Croisement;Uttwiller Croisement;Uttwiller Croisement;8767846;87678466;48.846149;7.487526;FR;Europe/Paris;Q21592;;Car TER;gtfs;;;;;87678466;Uttwiller Croisement
TN8767847;arret_car;Guémar Rond-point Sony;Guémar Rond-point Sony;Guémar Rond-point Sony;8767847;87678474;48.190018;7.370849;FR;Europe/Paris;Q381598;;Car TER;gtfs;;;;;87678474;Guémar Rond-point Sony
TN8767848;arret_car;Sainte-Croix-aux-Mines Centre;Sainte-Croix-aux-Mines Centre;Sainte-Croix-aux-Mines Centre;8767848;87678482;48.262741;7.225324;FR;Europe/Paris;Q83242;;Car TER;gtfs;;;;;87678482;Sainte-Croix-aux-Mines Centre
TN8767849;arret_car;Lièpvre Pharmacie;Lièpvre Pharmacie;Lièpvre Pharmacie;8767849;87678490;48.270855;7.280695;FR;Europe/Paris;Q124107;;Car TER;gtfs;;;;;87678490;Lièpvre Pharmacie
TN8767852;arret_car;Niederbronn Hotel de Ville;Niederbronn Hotel de Ville;Niederbronn Hotel de Ville;8767852;87678524;48.950801;7.642201;FR;Europe/Paris;Q21387;;Car TER;gtfs;;;;;87678524;Niederbronn Hotel de Ville
TN8767868;arret_car;Haguenau Arrêt Ritmo Moulin Neuf;Haguenau Arrêt Ritmo Moulin Neuf;Haguenau Arrêt Ritmo Moulin Neuf;8767868;87678680;48.815794;7.780509;FR;Europe/Paris;Q22730;;Car TER;gtfs;;;;;87678680;Haguenau Arrêt Ritmo Moulin Neuf
TN8767869;arret_car;Schweighouse Égl. protestante;Schweighouse Égl. protestante;Schweighouse Égl. protestante;8767869;87678698;48.820347;7.740845;FR;Europe/Paris;Q22418;;Car TER;gtfs;;;;;87678698;Schweighouse Égl. protestante
TN8767870;arret_car;Schweighouse Maréchal Leclerc;Schweighouse Maréchal Leclerc;Schweighouse Maréchal Leclerc;8767870;87678706;48.822099;7.731436;FR;Europe/Paris;Q22418;;Car TER;gtfs;;;;;87678706;Schweighouse Maréchal Leclerc
TN8767871;arret_car;Neubourg Église;Neubourg Église;Neubourg Église;8767871;87678714;48.838559;7.68113;FR;Europe/Paris;Q21234;;Car TER;gtfs;;;;;87678714;Neubourg Église
TN8767873;arret_car;Pfaffenhoffen Pl. République;Pfaffenhoffen Pl. République;Pfaffenhoffen Pl. République;8767873;87678730;48.844006;7.607554;FR;Europe/Paris;Q21979620;;Car TER;gtfs;;;;;87678730;Pfaffenhoffen Pl. République
TN8768050;arret_car;Les Trilliers Pn Carrefour;Les Trilliers Pn Carrefour;Les Trilliers Pn Carrefour;8768050;87680504;46.414351;2.599774;FR;Europe/Paris;Q865240;;Car TER;gtfs;;;;;87680504;Les Trilliers Pn Carrefour
TN8768057;arret_car;Royat T2C Beausite;Royat T2C Beausite;Royat T2C Beausite;8768057;87680579;45.768241;3.061838;FR;Europe/Paris;Q623487;;Car TER;gtfs;;;;;87680579;Royat T2C Beausite
TN8768069;arret_car;Chamalieres Place Parking M.;Chamalieres Place Parking M.;Chamalieres Place Parking M.;8768069;87680694;45.201023;3.983345;FR;Europe/Paris;Q1065733;;Car TER;gtfs;;;;;87680694;Chamalieres Place Parking M.
TN8768070;arret_car;Clermont Université T2C;Clermont Université T2C;Clermont Université T2C;8768070;87680702;45.771355;3.089133;FR;Europe/Paris;Q42168;;Car TER;gtfs;;;;;87680702;Clermont Université T2C
TN8768071;arret_car;Durtol T2C square Ch Sabourin;Durtol T2C square Ch Sabourin;Durtol T2C square Ch Sabourin;8768071;87680710;45.794429;3.052708;FR;Europe/Paris;Q548637;;Car TER;gtfs;;;;;87680710;Durtol T2C square Ch Sabourin
TN8768072;arret_car;Fix Saint-Geneys Rn102 Bourg;Fix Saint-Geneys Rn102 Bourg;Fix Saint-Geneys Rn102 Bourg;8768072;87680728;45.142783;3.668554;FR;Europe/Paris;Q1111383;;Car TER;gtfs;;;;;87680728;Fix Saint-Geneys Rn102 Bourg
TN8768073;arret_car;Lavoute Arrêt CG;Lavoute Arrêt CG;Lavoute Arrêt CG;8768073;87680736;45.118732;3.906718;FR;Europe/Paris;Q1109554;;Car TER;gtfs;;;;;87680736;Lavoute Arrêt CG
TN8768230;gare;Montereau;Montereau;Montereau;8768230;87682302;48.379424;2.942673;FR;Europe/Paris;Q242191;Train TER;Car TER;uic;562866213;Q2117756;;XFMTU;87682302;Montereau
TN8768245;gare;Champagne-sur-Seine;Champagne-sur-Seine;Champagne-sur-Seine;8768245;87682450;48.406676;2.799302;FR;Europe/Paris;Q272016;Train TER;;uic;103750380;Q1925713;;;87682450;Champagne-sur-Seine
TN8768300;gare;Sens;Sens;Sens;8768300;87683003;48.197896;3.267525;FR;Europe/Paris;Q212420;Train TER;Car TER;uic;3656710082;Q2545246;;;87683003;Sens
TN8768310;gare;Villeneuve-la-Guyard;Villeneuve-la-Guyard;Villeneuve-la-Guyard;8768310;87683102;48.342563;3.07188;FR;Europe/Paris;Q828595;Train TER;Car TER;uic;1836242934;Q2157274;;;87683102;Villeneuve-la-Guyard
TN8768312;gare;Champigny;Champigny-sur-Yonne;Champigny-sur-Yonne;8768312;87683128;48.323915;3.130675;FR;Europe/Paris;Q1140773;Train TER;Car TER;uic;1835420553;Q2623301;;;87683128;Champigny
TN8768313;gare;Pont-sur-Yonne;Pont-sur-Yonne;Pont-sur-Yonne;8768313;87683136;48.286296;3.201603;FR;Europe/Paris;Q752938;Train TER;Car TER;uic;3574378531;Q3097308;;;87683136;Pont-sur-Yonne
TN8768320;gare;Étigny - Véron;Étigny - Véron;Étigny - Véron;8768320;87683201;48.137553;3.290287;FR;Europe/Paris;Q1097637;Train TER;Car TER;uic;10243027808;Q20726458;;;87683201;Étigny - Véron
TN8768321;gare;Villeneuve-sur-Yonne;Villeneuve-sur-Yonne;Villeneuve-sur-Yonne;8768321;87683219;48.085104;3.286633;FR;Europe/Paris;Q898114;Train TER;Car TER;uic;1855307912;Q3098001;;;87683219;Villeneuve-sur-Yonne
TN8768322;gare;Saint-Julien-du-Sault;Saint-Julien-du-Sault;Saint-Julien-du-Sault;8768322;87683227;48.026846;3.302926;FR;Europe/Paris;Q1373341;Train TER;Car TER;uic;9924687579;Q2216630;;;87683227;Saint-Julien-du-Sault
TN8768324;gare;Joigny;Joigny;Joigny;8768324;87683243;47.973616;3.392959;FR;Europe/Paris;Q476584;Train TER;Car TER;uic;763106384;Q3096662;;;87683243;Joigny
TN8768326;gare;Laroche - Migennes;Laroche - Migennes;Laroche - Migennes;8768326;87683268;47.96103;3.513043;FR;Europe/Paris;Q229688;Train TER;Car TER;uic;2310924433;Q2577756;;XFLAR;87683268;Laroche - Migennes
TN8768331;gare;Saint-Florentin - Vergigny;Saint-Florentin - Vergigny;Saint-Florentin - Vergigny;8768331;87683318;47.980606;3.731146;FR;Europe/Paris;Q778656;Train TER;Car TER;uic;9924009923;Q3097523;;;87683318;Saint-Florentin - Vergigny
TN8768333;arret_car;Saint-Florentin-Ville;Saint-Florentin-Ville;Saint-Florentin-Ville;8768333;87683334;48.005065;3.741985;FR;Europe/Paris;Q840511;;Car TER;gtfs;;;;;87683334;Saint-Florentin-Ville
TN8768353;gare;Chemilly - Appoigny;Chemilly - Appoigny;Chemilly - Appoigny;8768353;87683532;47.897439;3.554283;FR;Europe/Paris;Q93793;Train TER;Car TER;uic;13397274813;;;;87683532;Chemilly - Appoigny
TN8768355;gare;Monéteau-Gurgy;Monéteau-Gurgy;Monéteau-Gurgy;8768355;87683557;47.850804;3.579803;FR;Europe/Paris;Q223162;Train TER;Car TER;uic;6725043369;Q2393009;;;87683557;Monéteau - Gurgy
TN8768357;gare;Auxerre Saint-Gervais;Auxerre Saint-Gervais;Auxerre Saint-Gervais;8768357;87683573;47.797607;3.585562;FR;Europe/Paris;Q167600;Train TER;Car TER;uic;9913138501;Q3095705;;;87683573;Auxerre Saint-Gervais
TN8768361;gare;Champs - Saint-Bris;Champs - Saint-Bris;Champs - Saint-Bris;8768361;87683615;47.738572;3.603589;FR;Europe/Paris;Q117551;Train TER;Car TER;uic;10788413039;Q3096182;;;87683615;Champs - Saint-Bris
TN8768363;gare;Vincelles;Vincelles;Vincelles;8768363;87683631;47.704082;3.628608;FR;Europe/Paris;Q130128;Train TER;Car TER;uic;11135205913;Q3098015;;;87683631;Vincelles
TN8768364;gare;Cravant - Bazarnes;Cravant - Bazarnes;Cravant - Bazarnes;8768364;87683649;47.678508;3.681174;FR;Europe/Paris;Q1376582;Train TER;Car TER;uic;2471554544;Q3096319;;;87683649;Cravant - Bazarnes
TN8768366;gare;Vermenton;Vermenton;Vermenton;8768366;87683664;47.660587;3.732016;FR;Europe/Paris;Q28732226;Train TER;Car TER;uic;1747979233;Q3097954;;;87683664;Vermenton
TN8768368;gare;Arcy sur Cure;Arcy sur Cure;Arcy sur Cure;8768368;87683680;47.600877;3.766795;FR;Europe/Paris;Q633111;Train TER;Car TER;uic;1042859967;;;;87683680;Arcy-sur-Cure
TN8768372;gare;Sermizelles - Vézelay;Sermizelles - Vézelay;Sermizelles - Vézelay;8768372;87683722;47.528873;3.792881;FR;Europe/Paris;Q130239;Train TER;Car TER;uic;12584726964;Q2234530;;;87683722;Sermizelles - Vézelay
TN8768378;gare;Avallon;Avallon;Avallon;8768378;87683789;47.495755;3.912446;FR;Europe/Paris;Q207572;Train TER;Car TER;uic;449331864;Q3095706;;;87683789;Avallon
TN8768384;gare;Mailly-la-Ville;Mailly-la-Ville;Mailly-la-Ville;8768384;87683847;47.604169;3.675147;FR;Europe/Paris;Q129998;Train TER;Car TER;uic;1748377754;Q15401658;;;87683847;Mailly-la-Ville
TN8768400;gare;Montargis;Montargis;Montargis;8768400;87684001;48.006948;2.743219;FR;Europe/Paris;Q212352;Train TER;;uic;252820585;Q961102;;;87684001;Montargis
TN8768412;gare;Nemours - Saint-Pierre;Nemours - Saint-Pierre;Nemours - Saint-Pierre;8768412;87684126;48.267841;2.685564;FR;Europe/Paris;Q378966;Train TER;;uic;251307982;Q963843;;;87684126;Nemours - Saint-Pierre
TN8768427;gare;Nogent-sur-Vernisson;Nogent-sur-Vernisson;Nogent-sur-Vernisson;8768427;87684274;47.852777;2.7376;FR;Europe/Paris;Q1391514;Train TER;;uic;629026637;Q2653378;;XFNGI;87684274;Nogent-sur-Vernisson
TN8768429;gare;Gien;Gien;Gien;8768429;87684290;47.69916;2.636503;FR;Europe/Paris;Q475599;Train TER;Car TER;uic;820664041;Q2456461;;XFGIE;87684290;Gien
TN8768577;arret_car;Rémilly Le Charnay Pont Bulvin;Rémilly Le Charnay Pont Bulvin;Rémilly Le Charnay Pont Bulvin;8768577;87685776;46.805342;3.806645;FR;Europe/Paris;Q41730;;Car TER;gtfs;;;;;87685776;Rémilly Le Charnay Pont Bulvin
TN8768578;arret_car;Les Tavins;Les Tavins;Les Tavins;8768578;87685784;46.741493;6.372939;FR;Europe/Paris;Q923421;;Car TER;gtfs;;;;;87685784;Les Tavins
TN8768600;gare;Paris Gare de Lyon;Gare de Lyon;Gare de Lyon;8768600;87686006;48.844683;2.373774;FR;Europe/Paris;Q90;ICE|INTERCITES|Lyria|OUIGO|TGV INOUI|Train TER;;uic;26824135;Q747541;;XFPG;87686006;Paris Gare de Lyon
TN8768636;arret_car;Lemberg Grand-Rue;Lemberg Grand-Rue;Lemberg Grand-Rue;8768636;87686360;49.00072;7.3801;FR;Europe/Paris;Q22394;;Car TER;gtfs;;;;;87686360;Lemberg Grand-Rue
TN8768666;gare;Paris-Bercy - Bourgogne-Pays d'Auvergne;Paris-Bercy - Bourgogne-Pays d'Auvergne;Paris-Bercy - Bourgogne-Pays d'Auvergne;8768666;87686667;48.839196;2.382849;FR;Europe/Paris;Q90;INTERCITES|INTERCITES de nuit|Train TER;;uic;1823210835;Q261320;;;87686667;Paris Bercy Bourg. Pays d'Auv.
TN8768740;arret_car;Coubladour Rond-Point;Coubladour Rond-Point;Coubladour Rond-Point;8768740;87687400;45.115378;3.743527;FR;Europe/Paris;Q264778;;Car TER;gtfs;;;;;87687400;Coubladour Rond-Point
TN8768888;gare;Montpellier-Sud-de-France;Montpellier-Sud-de-France;Montpellier-Sud-de-France;8768888;87688887;43.595115;3.923964;FR;Europe/Paris;Q6441;OUIGO|TGV INOUI;;uic;8096578751;Q3097089;;;87688887;Montpellier Sud de France
TN8769016;arret_car;Chinon-LEP-Cugnot;Chinon-LEP-Cugnot;Chinon-LEP-Cugnot;8769016;87690164;47.171536;0.259182;FR;Europe/Paris;Q194138;;Car TER;gtfs;;;;;87690164;Chinon-LEP-Cugnot
TN8769017;arret_car;Chinon-Lycée-Rabelais;Chinon-Lycée-Rabelais;Chinon-Lycée-Rabelais;8769017;87690172;47.163679;0.234865;FR;Europe/Paris;Q194138;;Car TER;gtfs;;;;;87690172;Chinon-Lycée-Rabelais
TN8769139;gare;La Marche;La Marche;La Marche;8769139;87691394;47.139694;3.039533;FR;Europe/Paris;Q816026;Train TER;Car TER;uic;8334210858;Q3096796;;;87691394;La Marche
TN8769143;gare;Garchizy;Garchizy;Garchizy;8769143;87691436;47.043065;3.085855;FR;Europe/Paris;Q1115233;Train TER;Car TER;uic;2429421464;Q3096522;;;87691436;Garchizy
TN8769146;gare;Vauzelles;Vauzelles;Vauzelles;8769146;87691469;47.001402;3.13426;FR;Europe/Paris;Q27619;Train TER;Car TER;uic;2429421496;Q749765;;;87691469;Vauzelles
TN8769160;gare;Les Perrières;Nevers-les-Perrières;Nevers-les-Perrières;8769160;87691600;47.005518;3.146694;FR;Europe/Paris;Q27619;Train TER;Car TER;uic;13298320260;Q3097197;;;87691600;Les Perrières
TN8769167;arret_car;Verneuil;Verneuil;Verneuil;8769167;87691675;46.861119;3.557435;FR;Europe/Paris;Q27664;;Car TER;gtfs;;;;;87691675;Verneuil
TN8769172;arret_car;Avrée;Avrée;Avrée;8769172;87691725;46.82338;3.880148;FR;Europe/Paris;Q890728;;Car TER;gtfs;;;;;87691725;Avrée
TN8769194;gare;Bidos;Bidos;Bidos;8769194;87691949;43.178984;-0.606899;FR;Europe/Paris;Q188600;Train TER;Car TER;uic;6345711633;Q16638563;;;87691949;Bidos
TN8769332;arret_car;Honfleur-Normandie;Honfleur-Normandie;Honfleur-Normandie;8769332;87693325;49.418557;0.238615;FR;Europe/Paris;Q231720;;Car TER;gtfs;;;;;87693325;Honfleur-Normandie
TN8769334;arret_car;Etretat-Normandie;Etretat-Normandie;Etretat-Normandie;8769334;87693341;49.707383;0.205801;FR;Europe/Paris;Q290936;;Car TER;gtfs;;;;;87693341;Etretat-Normandie
TN8769339;arret_car;Egletons-ville;Egletons-ville;Egletons-ville;8769339;87693390;45.403678;2.046053;FR;Europe/Paris;Q274525;;Car TER;gtfs;;;;;87693390;Egletons-ville
TN8769400;gare;Le Creusot;Le Creusot-Ville;Le Creusot-Ville;8769400;87694000;46.807837;4.430446;FR;Europe/Paris;Q329664;Train TER;Car TER;uic;2465939605;Q3098193;;;87694000;Le Creusot
TN8769410;gare;Le Creusot-TGV;Le Creusot TGV (Montceau - Montchanin);Le Creusot TGV (Montceau - Montchanin);8769410;87694109;46.765315;4.499502;FR;Europe/Paris;Q1454782;TGV INOUI;;uic;2470629064;Q801071;;;87694109;Le Creusot-TGV
TN8769414;gare;Étang-sur-Arroux;Étang;Étang;8769414;87694141;46.867912;4.183773;FR;Europe/Paris;Q1411218;Train TER;Car TER;uic;5147424230;Q3095878;;;87694141;Étang-sur-Arroux
TN8769415;gare;Mesvres;Mesvres;Mesvres;8769415;87694158;46.862953;4.244967;FR;Europe/Paris;Q1386588;Train TER;Car TER;uic;2564378844;Q3097030;;;87694158;Mesvres
TN8769416;gare;Broye;Broye;Broye;8769416;87694166;46.862001;4.296182;FR;Europe/Paris;Q1626558;Train TER;Car TER;uic;2564378843;Q3096075;;;87694166;Broye
TN8769417;gare;Saint-Symphorien-de-Marmagne;Saint-Symphorien-de-Marmagne;Saint-Symphorien-de-Marmagne;8769417;87694174;46.844203;4.337782;FR;Europe/Paris;Q1626558;Train TER;Car TER;uic;2564378845;Q3097621;;;87694174;Saint-Symphorien-de-Marmagne
TN8769418;gare;Marmagne-sous-Creusot;Marmagne-sous-Creusot;Marmagne-sous-Creusot;8769418;87694182;46.833461;4.360191;FR;Europe/Paris;Q1465460;Train TER;Car TER;uic;2819891727;Q3096980;;;87694182;Marmagne sous Creusot
TN8769425;arret_car;Parsac Centre;Parsac Centre;Parsac Centre;8769425;87694257;46.202177;2.152089;FR;Europe/Paris;Q130936105;;Car TER;gtfs;;;;;87694257;Parsac Centre
TN8769430;gare;Montchanin;Montchanin;Montchanin;8769430;87694307;46.759374;4.481492;FR;Europe/Paris;Q1465484;Train TER;Car TER;uic;10012023320;Q3097072;;;87694307;Montchanin
TN8769436;gare;Saint-Léger-sur-Dheune;Saint-Léger-sur-Dheune;Saint-Léger-sur-Dheune;8769436;87694364;46.84845;4.628609;FR;Europe/Paris;Q918127;Train TER;;uic;2438041423;;;;87694364;Saint-Léger-sur-Dheune
TN8769439;gare;Cheilly-Lès-Maranges;Cheilly-Lès-Maranges;Cheilly-Lès-Maranges;8769439;87694398;46.892477;4.675842;FR;Europe/Paris;Q819507;Train TER;;uic;2438041422;Q3096210;;;87694398;Cheilly-lès-Maranges
TN8769457;arret_car;Autun;Autun;Autun;8769457;87694570;46.954972;4.29281;FR;Europe/Paris;Q190827;;Car TER;uic;2466048223;Q3095701;;;87694570;Autun
TN8769459;arret_car;Brion-Laizy;Brion-Laizy;Brion-Laizy;8769459;87694596;46.908578;4.20699;FR;Europe/Paris;Q1467684;;Car TER;uic;935000649;Q3096068;;;87694596;Brion - Laizy
TN8769461;gare;Blanzy;Blanzy;Blanzy;8769461;87694612;46.694087;4.391349;FR;Europe/Paris;Q1365776;Train TER;Car TER;uic;1885667042;Q3096004;;;87694612;Blanzy
TN8769462;gare;Montceau-les-Mines;Montceau-les-Mines;Montceau-les-Mines;8769462;87694620;46.670664;4.361026;FR;Europe/Paris;Q457728;Train TER;Car TER;uic;2426061201;Q3097073;;;87694620;Montceau-les-Mines
TN8769463;gare;Galuzot;Galuzot;Galuzot;8769463;87694638;46.642107;4.330058;FR;Europe/Paris;Q1602947;Train TER;Car TER;uic;1829271934;Q3096510;;;87694638;Galuzot
TN8769464;gare;Ciry-le-Noble;Ciry-le-Noble;Ciry-le-Noble;8769464;87694646;46.604115;4.299731;FR;Europe/Paris;Q839543;Train TER;Car TER;uic;2424870285;Q3096246;;;87694646;Ciry-le-Noble
TN8769465;gare;Génelard;Génelard;Génelard;8769465;87694653;46.581218;4.237997;FR;Europe/Paris;Q949538;Train TER;Car TER;uic;2451156961;Q3096601;;;87694653;Génelard
TN8769468;gare;Paray-le-Monial;Paray-le-Monial;Paray-le-Monial;8769468;87694687;46.447265;4.113738;FR;Europe/Paris;Q654255;Train TER;Car TER;uic;2426061205;Q3097245;;;87694687;Paray-le-Monial
TN8769469;gare;Digoin;Digoin;Digoin;8769469;87694695;46.48516;3.987654;FR;Europe/Paris;Q475418;Train TER;Car TER;uic;2448819588;Q3096365;;;87694695;Digoin
TN8769472;arret_car;Dyo;Dyo;Dyo;8769472;87694729;46.351482;4.266005;FR;Europe/Paris;Q907739;;Car TER;gtfs;;;;;87694729;Dyo
TN8769473;gare;La Clayette - Baudemont;La Clayette - Baudemont;La Clayette - Baudemont;8769473;87694737;46.288147;4.298419;FR;Europe/Paris;Q1423486;Train TER;Car TER;uic;2448872661;Q3096769;;;87694737;La Clayette - Baudemont
TN8769477;gare;Chauffailles;Chauffailles;Chauffailles;8769477;87694778;46.207455;4.345428;FR;Europe/Paris;Q750710;Train TER;Car TER;uic;2449587564;Q3096206;;;87694778;Chauffailles
TN8769485;gare;Saint-Agnan;Saint-Agnan;Saint-Agnan;8769485;87694851;46.502088;3.878874;FR;Europe/Paris;Q1626159;Train TER;Car TER;uic;3669007658;Q3097475;;;87694851;Saint-Agnan
TN8769486;gare;Gilly-sur-Loire;Gilly-sur-Loire;Gilly-sur-Loire;8769486;87694869;46.537014;3.782161;FR;Europe/Paris;Q1174480;Train TER;Car TER;uic;2466927566;Q3096539;;;87694869;Gilly-sur-Loire
TN8769488;arret_car;Charolles;Charolles;Charolles;8769488;87694885;46.435019;4.273639;FR;Europe/Paris;Q213509;;Car TER;gtfs;;;;;87694885;Charolles
TN8769501;arret_car;Bagnères-de-Luchon Lycée;Bagnères-de-Luchon Lycée;Bagnères-de-Luchon Lycée;8769501;87695015;42.791496;0.597762;FR;Europe/Paris;Q238393;;Car TER;gtfs;;;;;87695015;Bagnères-de-Luchon Lycée
TN8769503;arret_car;Burgalays-Muna;Burgalays-Muna;Burgalays-Muna;8769503;87695031;42.89957;0.632937;FR;Europe/Paris;Q1340927;;Car TER;gtfs;;;;;87695031;Burgalays-Muna
TN8769595;arret_car;Aiguebelette-Centre;Aiguebelette-Centre;Aiguebelette-Centre;8769595;87695957;45.537542;5.812926;FR;Europe/Paris;Q1242257;;Car TER;gtfs;;;;;87695957;Aiguebelette-Centre
TN8769596;arret_car;Ambronay-Priay RD 1075;Ambronay-Priay RD 1075;Ambronay-Priay RD 1075;8769596;87695965;46.01159;5.338143;FR;Europe/Paris;Q193533;;Car TER;gtfs;;;;;87695965;Ambronay-Priay RD 1075
TN8769597;arret_car;Bellignat - Lycée-Arbez-Carme;Bellignat - Lycée-Arbez-Carme;Bellignat - Lycée-Arbez-Carme;8769597;87695973;46.248547;5.63221;FR;Europe/Paris;Q210917;;Car TER;gtfs;;;;;87695973;Bellignat - Lycée-Arbez-Carme
TN8769598;arret_car;Bellignat-Mairie;Bellignat-Mairie;Bellignat-Mairie;8769598;87695981;46.24246;5.629689;FR;Europe/Paris;Q210917;;Car TER;gtfs;;;;;87695981;Bellignat-Mairie
TN8769599;arret_car;Bourg-en-Bresse Archives;Bourg-en-Bresse Archives;Bourg-en-Bresse Archives;8769599;87695999;46.195328;5.226676;FR;Europe/Paris;Q133069;;Car TER;gtfs;;;;;87695999;Bourg-en-Bresse Archives
TN8769600;gare;Nevers;Nevers;Nevers;8769600;87696005;46.987297;3.150722;FR;Europe/Paris;Q166997;INTERCITES|Train TER;Car TER;uic;415753583;Q2749439;;;87696005;Nevers
TN8769601;arret_car;Bourg-en-Bresse Gare Routière;Bourg-en-Bresse Gare Routière;Bourg-en-Bresse Gare Routière;8769601;87696013;46.199498;5.215381;FR;Europe/Paris;Q133069;;Car TER;gtfs;;;;;87696013;Bourg-en-Bresse Gare Routière
TN8769608;gare;Briare;Briare;Briare;8769608;87696088;47.646455;2.733713;FR;Europe/Paris;Q818443;Train TER;Car TER;uic;13250279411;Q545754;;;87696088;Briare
TN8769614;gare;Cosne-sur-Loire;Cosne-sur-Loire;Cosne-sur-Loire;8769614;87696146;47.413965;2.931944;FR;Europe/Paris;Q476253;Train TER;Car TER;uic;8309308998;Q663055;;;87696146;Cosne-sur-Loire
TN8769616;gare;Tracy - Sancerre;Tracy - Sancerre;Tracy - Sancerre;8769616;87696161;47.337408;2.880358;FR;Europe/Paris;Q27647;Train TER;Car TER;uic;920809925;Q634761;;;87696161;Tracy Sancerre
TN8769617;gare;Pouilly-sur-Loire;Pouilly-sur-Loire;Pouilly-sur-Loire;8769617;87696179;47.282785;2.964069;FR;Europe/Paris;Q46529;Train TER;Car TER;uic;628964965;Q3097338;;;87696179;Pouilly-sur-Loire
TN8769618;gare;Mesves - Bulcy;Mesves - Bulcy;Mesves - Bulcy;8769618;87696187;47.242018;3.006418;FR;Europe/Paris;Q46888;Train TER;Car TER;uic;628965035;Q3097032;;;87696187;Mesves - Bulcy
TN8769619;gare;La Charité-sur-Loire;La Charité-sur-Loire;La Charité-sur-Loire;8769619;87696195;47.179959;3.023924;FR;Europe/Paris;Q504883;Train TER;Car TER;uic;1478892672;Q3096772;;;87696195;La Charité-sur-Loire
TN8769620;gare;Tronsanges;Tronsanges;Tronsanges;8769620;87696203;47.113105;3.053956;FR;Europe/Paris;Q27625;Train TER;Car TER;uic;9952866670;Q3097909;;;87696203;Tronsanges
TN8769621;gare;Pougues-les-Eaux;Pougues-les-Eaux;Pougues-les-Eaux;8769621;87696211;47.076791;3.094009;FR;Europe/Paris;Q46575;Train TER;Car TER;uic;1893893431;Q3097336;;;87696211;Pougues-les-Eaux
TN8769622;gare;Fourchambault;Fourchambault;Fourchambault;8769622;87696229;47.018973;3.0872;FR;Europe/Paris;Q694905;Train TER;Car TER;uic;246653482;Q3096470;;;87696229;Fourchambault
TN8769626;gare;Saincaize;Saincaize;Saincaize;8769626;87696260;46.931421;3.071712;FR;Europe/Paris;Q41724;INTERCITES|Train TER;Car TER;uic;9952793416;Q967434;;;87696260;Saincaize
TN8769629;gare;Saint-Pierre-le-Moûtier;Saint-Pierre-le-Moûtier;Saint-Pierre-le-Moûtier;8769629;87696294;46.793209;3.11169;FR;Europe/Paris;Q37176;Train TER;Car TER;uic;13249955459;Q3097600;;;87696294;Saint-Pierre-le-Moûtier
TN8769630;gare;Chantenay-Saint-Imbert;Chantenay-Saint-Imbert;Chantenay-Saint-Imbert;8769630;87696302;46.728403;3.171741;FR;Europe/Paris;Q890033;Train TER;Car TER;uic;2189113730;Q3096185;;;87696302;Chantenay-Saint-Imbert
TN8769631;gare;Villeneuve-sur-Allier;Villeneuve-sur-Allier;Villeneuve-sur-Allier;8769631;87696310;46.659137;3.246846;FR;Europe/Paris;Q261404;Train TER;;uic;9990780380;Q3097998;;;87696310;Villeneuve-sur-Allier
TN8769632;gare;Moulins-sur-Allier;Moulins-sur-Allier;Moulins-sur-Allier;8769632;87696328;46.561595;3.339368;FR;Europe/Paris;Q184883;INTERCITES|Train TER;Car TER;uic;1446199586;Q2570673;;;87696328;Moulins sur Allier
TN8769633;gare;Bessay;Bessay-sur-Allier;Bessay-sur-Allier;8769633;87696336;46.443615;3.360514;FR;Europe/Paris;Q853434;Train TER;Car TER;uic;298540544;Q3095977;;;87696336;Bessay
TN8769635;gare;Varennes-sur-Allier;Varennes-sur-Allier;Varennes-sur-Allier;8769635;87696351;46.315491;3.394179;FR;Europe/Paris;Q512351;Train TER;Car TER;uic;9901390176;Q510695;;;87696351;Varennes-sur-Allier
TN8769638;arret_car;Les Abrets - Rue-Italie;Les Abrets - Rue-Italie;Les Abrets - Rue-Italie;8769638;87696385;45.537332;5.584531;FR;Europe/Paris;Q21979666;;Car TER;gtfs;;;;;87696385;Les Abrets - Rue-Italie
TN8769642;gare;Dompierre-Sept-Fons;Dompierre-Sept-Fons;Dompierre-Sept-Fons;8769642;87696427;46.526317;3.674931;FR;Europe/Paris;Q243724;Train TER;Car TER;uic;1415983489;Q3096386;;;87696427;Dompierre Sept Fons
TN8769644;arret_car;Moutiers-Lycée;Moutiers-Lycée;Moutiers-Lycée;8769644;87696443;45.483121;6.527204;FR;Europe/Paris;Q818032;;Car TER;gtfs;;;;;87696443;Moutiers-Lycée
TN8769645;gare;Imphy;Imphy;Imphy;8769645;87696450;46.933366;3.259559;FR;Europe/Paris;Q389357;Train TER;Car TER;uic;2432769358;Q3095786;;;87696450;Imphy
TN8769646;gare;Béard;Béard;Béard;8769646;87696468;46.865196;3.318043;FR;Europe/Paris;Q531557;Train TER;Car TER;uic;10596537401;Q3096096;;;87696468;Béard
TN8769648;gare;Decize;Decize;Decize;8769648;87696484;46.837495;3.467286;FR;Europe/Paris;Q217180;Train TER;Car TER;uic;2433154885;Q3096352;;;87696484;Decize
TN8769649;gare;Cercy-la-Tour;Cercy-la-Tour;Cercy-la-Tour;8769649;87696492;46.857882;3.645203;FR;Europe/Paris;Q377533;Train TER;Car TER;uic;2433154883;Q3096157;;XFCLT;87696492;Cercy-la-Tour
TN8769650;arret_car;Saint-Martin-du-Mont Le Farget;Saint-Martin-du-Mont Le Farget;Saint-Martin-du-Mont Le Farget;8769650;87696500;46.072799;5.323927;FR;Europe/Paris;Q844243;;Car TER;gtfs;;;;;87696500;Saint-Martin-du-Mont Le Farget
TN8769651;arret_car;Fours;Fours;Fours;8769651;87696518;46.817134;3.720956;FR;Europe/Paris;Q740219;;Car TER;gtfs;;;;;87696518;Fours
TN8769653;gare;Luzy;Luzy;Luzy;8769653;87696534;46.794079;3.969325;FR;Europe/Paris;Q681237;Train TER;Car TER;uic;2433272071;Q3096928;;;87696534;Luzy
TN8769661;gare;Corbigny;Corbigny;Corbigny;8769661;87696617;47.254807;3.677323;FR;Europe/Paris;Q644025;Train TER;Car TER;uic;2451486902;Q3096284;;;87696617;Corbigny
TN8769663;gare;Flez Cuzy Tannay;Flez Cuzy Tannay;Flez Cuzy Tannay;8769663;87696633;47.363058;3.614993;FR;Europe/Paris;Q33843;Train TER;Car TER;uic;1752680252;Q3096437;;;87696633;Flez-Cuzy - Tannay
TN8769680;gare;Clamecy;Clamecy;Clamecy;8769680;87696807;47.466698;3.520767;FR;Europe/Paris;Q213294;Train TER;Car TER;uic;2471582800;Q3096248;;;87696807;Clamecy
TN8769683;gare;Coulanges-sur-Yonne;Coulanges-sur-Yonne;Coulanges-sur-Yonne;8769683;87696831;47.527132;3.547213;FR;Europe/Paris;Q1372146;Train TER;Car TER;uic;10788413033;Q15401642;;;87696831;Coulanges-sur-Yonne
TN8769685;gare;Châtel-Censoir;Châtel-Censoir;Châtel-Censoir;8769685;87696856;47.53779;3.635171;FR;Europe/Paris;Q734194;Train TER;Car TER;uic;570069401;Q15401655;;;87696856;Châtel-Censoir
TN8769700;arret_car;Albigny-Neuville-Arret-TCL-Gare;Albigny-Neuville-Arret-TCL-Gare;Albigny-Neuville-Arret-TCL-Gare;8769700;87697003;45.875356;4.833042;FR;Europe/Paris;Q840195;;Car TER;gtfs;;;;;87697003;Albigny-Neuville-Arret-TCL-Gare
TN8769701;arret_car;Anse-Monument;Anse-Monument;Anse-Monument;8769701;87697011;45.936999;4.718314;FR;Europe/Paris;Q1617103;;Car TER;gtfs;;;;;87697011;Anse-Monument
TN8769702;arret_car;Collonges Fontaines Arret Tcl Gare;Collonges Fontaines Arret Tcl Gare;Collonges Fontaines Arret Tcl Gare;8769702;87697029;45.829076;4.846677;FR;Europe/Paris;Q1469657;;Car TER;gtfs;;;;;87697029;Collonges Fontaines Arret Tcl Gare
TN8769703;arret_car;Couzon-Au-Mont-D'Or-Arret-Tcl-Gare;Couzon-Au-Mont-D'Or-Arret-Tcl-Gare;Couzon-Au-Mont-D'Or-Arret-Tcl-Gare;8769703;87697037;45.848577;4.832053;FR;Europe/Paris;Q1444999;;Car TER;gtfs;;;;;87697037;Couzon-Au-Mont-D'Or-Arret-Tcl-Gare
TN8769704;arret_car;Lyon-Vaise-Gare-Routière;Lyon-Vaise-Gare-Routière;Lyon-Vaise-Gare-Routière;8769704;87697045;45.779611;4.803685;FR;Europe/Paris;Q456;;Car TER;gtfs;;;;;87697045;Lyon-Vaise-Gare-Routière
TN8769712;arret_car;Lyon-Part-Dieu Gare Routière;Lyon-Part-Dieu Gare Routière;Lyon-Part-Dieu Gare Routière;8769712;87697128;45.761064;4.862984;FR;Europe/Paris;Q456;;Car TER;gtfs;;;;;87697128;Lyon-Part-Dieu Gare Routière
TN8769714;arret_car;Argentine-La-Combe;Argentine-La-Combe;Argentine-La-Combe;8769714;87697144;45.502072;6.318651;FR;Europe/Paris;Q511643;;Car TER;gtfs;;;;;87697144;Argentine-La-Combe
TN8769715;arret_car;Argentine-Gemelly-ou-Stade;Argentine-Gemelly-ou-Stade;Argentine-Gemelly-ou-Stade;8769715;87697151;45.51262;6.3152;FR;Europe/Paris;Q511643;;Car TER;gtfs;;;;;87697151;Argentine-Gemelly-ou-Stade
TN8769718;arret_car;Civrieux-d'Azergues D 385;Civrieux-d'Azergues D 385;Civrieux-d'Azergues D 385;8769718;87697185;45.857996;4.712116;FR;Europe/Paris;Q1363949;;Car TER;gtfs;;;;;87697185;Civrieux-d'Azergues D 385
TN8769719;arret_car;Clelles-Mairie;Clelles-Mairie;Clelles-Mairie;8769719;87697193;44.827245;5.622619;FR;Europe/Paris;Q1011535;;Car TER;gtfs;;;;;87697193;Clelles-Mairie
TN8769722;arret_car;Lissieu-Le Bois Dieu RD306;Lissieu-Le Bois Dieu RD306;Lissieu-Le Bois Dieu RD306;8769722;87697227;45.840796;4.736866;FR;Europe/Paris;Q1388948;;Car TER;gtfs;;;;;87697227;Lissieu-Le Bois Dieu RD306
TN8769746;arret_car;Grenoble-Eugène-Chavant;Grenoble-Eugène-Chavant;Grenoble-Eugène-Chavant;8769746;87697466;45.172844;5.724751;FR;Europe/Paris;Q1289;;Car TER;gtfs;;;;;87697466;Grenoble-Eugène-Chavant
TN8769747;arret_car;Grenoble-Victor-Hugo;Grenoble-Victor-Hugo;Grenoble-Victor-Hugo;8769747;87697474;45.188405;5.724939;FR;Europe/Paris;Q1289;;Car TER;gtfs;;;;;87697474;Grenoble-Victor-Hugo
TN8769748;arret_car;Grenoble-Champollion;Grenoble-Champollion;Grenoble-Champollion;8769748;87697482;45.186336;5.725304;FR;Europe/Paris;Q1289;;Car TER;gtfs;;;;;87697482;Grenoble-Champollion
TN8769749;arret_car;Grenoble Europole;Grenoble Europole;Grenoble Europole;8769749;87697490;45.191241;5.713017;FR;Europe/Paris;Q1289;;Car TER;gtfs;;;;;87697490;Grenoble Europole
TN8769750;arret_car;La-Bridoire-Abris-Bus-le-Haut;La-Bridoire-Abris-Bus-le-Haut;La-Bridoire-Abris-Bus-le-Haut;8769750;87697508;45.532004;5.743918;FR;Europe/Paris;Q731685;;Car TER;gtfs;;;;;87697508;La-Bridoire-Abris-Bus-le-Haut
TN8769751;arret_car;Lus-la-Croix-Haute RD 1075;Lus-la-Croix-Haute RD 1075;Lus-la-Croix-Haute RD 1075;8769751;87697516;44.665074;5.705284;FR;Europe/Paris;Q468568;;Car TER;gtfs;;;;;87697516;Lus-la-Croix-Haute RD 1075
TN8769752;arret_car;Monestier-de-Clermont Centre;Monestier-de-Clermont Centre;Monestier-de-Clermont Centre;8769752;87697524;44.916262;5.634443;FR;Europe/Paris;Q1012633;;Car TER;gtfs;;;;;87697524;Monestier-de-Clermont Centre
TN8769767;arret_car;Bourg-en-Bresse Charité;Bourg-en-Bresse Charité;Bourg-en-Bresse Charité;8769767;87697672;46.207629;5.21974;FR;Europe/Paris;Q133069;;Car TER;gtfs;;;;;87697672;Bourg-en-Bresse Charité
TN8769769;arret_car;La Chambre;La Chambre;La Chambre;8769769;87697698;45.359174;6.299657;FR;Europe/Paris;Q818036;;Car TER;gtfs;;;;;87697698;La Chambre
TN8769770;arret_car;Polliat-Mairie;Polliat-Mairie;Polliat-Mairie;8769770;87697706;46.24936;5.126289;FR;Europe/Paris;Q387650;;Car TER;gtfs;;;;;87697706;Polliat-Mairie
TN8769771;arret_car;Pontamafrey;Pontamafrey;Pontamafrey;8769771;87697714;45.31251;6.340528;FR;Europe/Paris;Q58568776;;Car TER;gtfs;;;;;87697714;Pontamafrey
TN8769772;arret_car;Saint-Étienne-de-Cuines;Saint-Étienne-de-Cuines;Saint-Étienne-de-Cuines;8769772;87697722;45.342056;6.291754;FR;Europe/Paris;Q1157988;;Car TER;gtfs;;;;;87697722;Saint-Étienne-de-Cuines
TN8769782;arret_car;Cintegabelle-Rond-Point;Cintegabelle-Rond-Point;Cintegabelle-Rond-Point;8769782;87697821;43.305381;1.521177;FR;Europe/Paris;Q1152930;;Car TER;gtfs;;;;;87697821;Cintegabelle-Rond-Point
TN8769783;arret_car;Perl Gare Routière;Perl Gare Routière;Perl Gare Routière;8769783;87697839;49.473147;6.370171;DE;Europe/Berlin;Q662505;;Car TER;gtfs;;;;;87697839;Perl Gare Routière
TN8769827;arret_car;Ecully Arrêt TCL Demi-Lune Vauboin;Ecully Arrêt TCL Demi-Lune Vauboin;Ecully Arrêt TCL Demi-Lune Vauboin;8769827;87698274;45.764424;4.782094;FR;Europe/Paris;Q1647506;;Car TER;gtfs;;;;;87698274;Ecully Arrêt TCL Demi-Lune Vauboin
TN8769828;arret_car;Fleurieux RN7;Fleurieux RN7;Fleurieux RN7;8769828;87698282;45.840513;4.653622;FR;Europe/Paris;Q1388779;;Car TER;gtfs;;;;;87698282;Fleurieux RN7
TN8769829;arret_car;Grandris-Centre;Grandris-Centre;Grandris-Centre;8769829;87698290;46.036825;4.472091;FR;Europe/Paris;Q1975;;Car TER;gtfs;;;;;87698290;Grandris-Centre
TN8769830;arret_car;Grésy-sur-Aix Le Chevret Ondéa;Grésy-sur-Aix Le Chevret Ondéa;Grésy-sur-Aix Le Chevret Ondéa;8769830;87698308;45.723536;5.922275;FR;Europe/Paris;Q819905;;Car TER;gtfs;;;;;87698308;Grésy-sur-Aix Le Chevret Ondéa
TN8769831;arret_car;La Tour-de-Salvagny Hippodrome;La Tour-de-Salvagny Hippodrome;La Tour-de-Salvagny Hippodrome;8769831;87698316;45.813816;4.716954;FR;Europe/Paris;Q1617494;;Car TER;gtfs;;;;;87698316;La Tour-de-Salvagny Hippodrome
TN8769832;arret_car;La Tour-de-Salvagny Centre;La Tour-de-Salvagny Centre;La Tour-de-Salvagny Centre;8769832;87698324;45.815018;4.717727;FR;Europe/Paris;Q1617494;;Car TER;gtfs;;;;;87698324;La Tour-de-Salvagny Centre
TN8769833;arret_car;Lyon-Saint-Paul Quai de Bondy;Lyon-Saint-Paul Quai de Bondy;Lyon-Saint-Paul Quai de Bondy;8769833;87698332;45.766595;4.828287;FR;Europe/Paris;Q456;;Car TER;gtfs;;;;;87698332;Lyon-Saint-Paul Quai de Bondy
TN8769834;arret_car;Lyon-Saint-Paul La Feuillée;Lyon-Saint-Paul La Feuillée;Lyon-Saint-Paul La Feuillée;8769834;87698340;45.765943;4.827477;FR;Europe/Paris;Q456;;Car TER;gtfs;;;;;87698340;Lyon-Saint-Paul La Feuillée
TN8769838;arret_car;Alai Arrêt TCL;Alai Arrêt TCL;Alai Arrêt TCL;8769838;87698381;45.751467;4.766994;FR;Europe/Paris;Q1647506;;Car TER;gtfs;;;;;87698381;Alai Arrêt TCL
TN8769839;arret_car;Balbigny-Gare-Routière;Balbigny-Gare-Routière;Balbigny-Gare-Routière;8769839;87698399;45.818022;4.187175;FR;Europe/Paris;Q636592;;Car TER;gtfs;;;;;87698399;Balbigny-Gare-Routière
TN8769841;arret_car;Beynost RD 1084 Gare;Beynost RD 1084 Gare;Beynost RD 1084 Gare;8769841;87698415;45.836729;5.005507;FR;Europe/Paris;Q10235;;Car TER;gtfs;;;;;87698415;Beynost RD 1084 Gare
TN8769842;arret_car;Chambery-Jacob-Bellecombette;Chambery-Jacob-Bellecombette;Chambery-Jacob-Bellecombette;8769842;87698423;45.55779;5.91021;FR;Europe/Paris;Q1233987;;Car TER;gtfs;;;;;87698423;Chambery-Jacob-Bellecombette
TN8769844;arret_car;Communay La Guicharde;Communay La Guicharde;Communay La Guicharde;8769844;87698449;45.605992;4.844531;FR;Europe/Paris;Q1390632;;Car TER;gtfs;;;;;87698449;Communay La Guicharde
TN8769845;arret_car;Communay Les Bonnières;Communay Les Bonnières;Communay Les Bonnières;8769845;87698456;45.604233;4.83576;FR;Europe/Paris;Q1390632;;Car TER;gtfs;;;;;87698456;Communay Les Bonnières
TN8769846;arret_car;Communay Les Brosses;Communay Les Brosses;Communay Les Brosses;8769846;87698464;45.604746;4.827676;FR;Europe/Paris;Q1390632;;Car TER;gtfs;;;;;87698464;Communay Les Brosses
TN8769850;arret_car;Feyzin-TCL-Gare;Feyzin-TCL-Gare;Feyzin-TCL-Gare;8769850;87698506;45.665875;4.853366;FR;Europe/Paris;Q13600;;Car TER;gtfs;;;;;87698506;Feyzin-TCL-Gare
TN8769851;arret_car;Flumet-Office-de-Tourisme;Flumet-Office-de-Tourisme;Flumet-Office-de-Tourisme;8769851;87698514;45.817764;6.513975;FR;Europe/Paris;Q899735;;Car TER;gtfs;;;;;87698514;Flumet-Office-de-Tourisme
TN8769856;arret_car;Megève-Autogare;Megève-Autogare;Megève-Autogare;8769856;87698563;45.858829;6.618276;FR;Europe/Paris;Q259283;;Car TER;gtfs;;;;;87698563;Megève-Autogare
TN8769857;arret_car;Miribel-RD1084-Élysée;Miribel-RD1084-Élysée;Miribel-RD1084-Élysée;8769857;87698571;45.824463;4.95419;FR;Europe/Paris;Q363100;;Car TER;gtfs;;;;;87698571;Miribel-RD1084-Élysée
TN8769860;arret_car;Neulise;Neulise;Neulise;8769860;87698605;45.902885;4.180287;FR;Europe/Paris;Q1151404;;Car TER;gtfs;;;;;87698605;Neulise
TN8769861;arret_car;Praz-sur-Arly Office de Tourisme;Praz-sur-Arly Office de Tourisme;Praz-sur-Arly Office de Tourisme;8769861;87698613;45.839413;6.577007;FR;Europe/Paris;Q688010;;Car TER;gtfs;;;;;87698613;Praz-sur-Arly Office de Tourisme
TN8769862;arret_car;Privas-Cours-du-Palais;Privas-Cours-du-Palais;Privas-Cours-du-Palais;8769862;87698621;44.734577;4.600045;FR;Europe/Paris;Q193060;;Car TER;gtfs;;;;;87698621;Privas-Cours-du-Palais
TN8769863;arret_car;Roanne-Gare-Routière;Roanne-Gare-Routière;Roanne-Gare-Routière;8769863;87698639;46.041249;4.060934;FR;Europe/Paris;Q3581;;Car TER;gtfs;;;;;87698639;Roanne-Gare-Routière
TN8769864;arret_car;Romans-Gare-Routière;Romans-Gare-Routière;Romans-Gare-Routière;8769864;87698647;45.048391;5.051393;FR;Europe/Paris;Q239078;;Car TER;gtfs;;;;;87698647;Romans-Gare-Routière
TN8769866;arret_car;St-Etienne-Châtcrx. G Routière;St-Etienne-Châtcrx. G Routière;St-Etienne-Châtcrx. G Routière;8769866;87698662;45.442658;4.401156;FR;Europe/Paris;Q42716;;Car TER;gtfs;;;;;87698662;St-Etienne-Châtcrx. G Routière
TN8769869;arret_car;St-Maurice-Beynost D1084 Cte;St-Maurice-Beynost D1084 Cte;St-Maurice-Beynost D1084 Cte;8769869;87698696;45.829203;4.977509;FR;Europe/Paris;Q11981;;Car TER;gtfs;;;;;87698696;St-Maurice-Beynost D1084 Cte
TN8769871;arret_car;Saint-Pierre-de-Chandieu Charmy;Saint-Pierre-de-Chandieu Charmy;Saint-Pierre-de-Chandieu Charmy;8769871;87698712;45.647168;5.023541;FR;Europe/Paris;Q910158;;Car TER;gtfs;;;;;87698712;Saint-Pierre-de-Chandieu Charmy
TN8769873;arret_car;Tassin-le-Baraillon;Tassin-le-Baraillon;Tassin-le-Baraillon;8769873;87698738;45.764511;4.758132;FR;Europe/Paris;Q1647506;;Car TER;gtfs;;;;;87698738;Tassin-le-Baraillon
TN8769874;arret_car;Ternay Boucherattes;Ternay Boucherattes;Ternay Boucherattes;8769874;87698746;45.60311;4.81913;FR;Europe/Paris;Q910038;;Car TER;gtfs;;;;;87698746;Ternay Boucherattes
TN8769875;arret_car;Ternay Centre;Ternay Centre;Ternay Centre;8769875;87698753;45.605421;4.8111;FR;Europe/Paris;Q910038;;Car TER;gtfs;;;;;87698753;Ternay Centre
TN8769876;arret_car;Ternay Chassagne Grandes Combes;Ternay Chassagne Grandes Combes;Ternay Chassagne Grandes Combes;8769876;87698761;45.598005;4.807667;FR;Europe/Paris;Q910038;;Car TER;gtfs;;;;;87698761;Ternay Chassagne Grandes Combes
TN8769877;arret_car;Ternay Chemin de la Gare;Ternay Chemin de la Gare;Ternay Chemin de la Gare;8769877;87698779;45.611681;4.809855;FR;Europe/Paris;Q910038;;Car TER;gtfs;;;;;87698779;Ternay Chemin de la Gare
TN8769878;arret_car;Ternay Croix du Morze;Ternay Croix du Morze;Ternay Croix du Morze;8769878;87698787;45.602096;4.8083;FR;Europe/Paris;Q910038;;Car TER;gtfs;;;;;87698787;Ternay Croix du Morze
TN8769879;arret_car;Ugine-Place-du-Val-d'Arly;Ugine-Place-du-Val-d'Arly;Ugine-Place-du-Val-d'Arly;8769879;87698795;45.746294;6.42127;FR;Europe/Paris;Q694800;;Car TER;gtfs;;;;;87698795;Ugine-Place-du-Val-d'Arly
TN8769880;arret_car;Vienne-Gare-Routière;Vienne-Gare-Routière;Vienne-Gare-Routière;8769880;87698803;45.521263;4.873992;FR;Europe/Paris;Q26849;;Car TER;gtfs;;;;;87698803;Vienne-Gare-Routière
TN8769900;arret_car;La Chapelle-sous-Dun;La Chapelle-sous-Dun;La Chapelle-sous-Dun;8769900;87699009;46.260405;4.293466;FR;Europe/Paris;Q731210;;Car TER;gtfs;;;;;87699009;La Chapelle-sous-Dun
TN8769922;gare;Base Aérienne;Base Aérienne;Base Aérienne;8769922;87699223;47.320197;1.68198;FR;Europe/Paris;Q1172598;Train TER;Car TER;uic;11332086466;;;;87699223;Base Aérienne
TN8769985;arret_car;Malbuisson;Malbuisson;Malbuisson;8769985;87699850;46.799206;6.304548;FR;Europe/Paris;Q749356;;Car TER;gtfs;;;;;87699850;Malbuisson
TN8770014;gare;Danjoutin;Danjoutin;Danjoutin;8770014;87700146;47.61875;6.868859;FR;Europe/Paris;Q816662;Train TER;;uic;6149374901;Q65130304;;;87700146;Danjoutin
TN8770015;gare;Joncherey;Joncherey;Joncherey;8770015;87700153;47.526399;6.998614;FR;Europe/Paris;Q914840;Train TER;;uic;6150297795;Q97500712;;;87700153;Joncherey
TN8770090;arret_car;Tantonville Rue Louis Pasteur;Tantonville Rue Louis Pasteur;Tantonville Rue Louis Pasteur;8770090;87700906;48.467881;6.135556;FR;Europe/Paris;Q684302;;Car TER;gtfs;;;;;87700906;Tantonville Rue Louis Pasteur
TN8770091;arret_car;Praye-sous-Vaudémont PN;Praye-sous-Vaudémont PN;Praye-sous-Vaudémont PN;8770091;87700914;48.433054;6.100488;FR;Europe/Paris;Q728571;;Car TER;gtfs;;;;;87700914;Praye-sous-Vaudémont PN
TN8770093;arret_car;Diarville Place Raymond Midon;Diarville Place Raymond Midon;Diarville Place Raymond Midon;8770093;87700930;48.39461;6.131793;FR;Europe/Paris;Q231904;;Car TER;gtfs;;;;;87700930;Diarville Place Raymond Midon
TN8770095;arret_car;Mattaincourt la Poste;Mattaincourt la Poste;Mattaincourt la Poste;8770095;87700955;48.278999;6.133343;FR;Europe/Paris;Q1157780;;Car TER;gtfs;;;;;87700955;Mattaincourt la Poste
TN8770096;arret_car;Hymont Mairie;Hymont Mairie;Hymont Mairie;8770096;87700963;48.265629;6.142194;FR;Europe/Paris;Q752827;;Car TER;gtfs;;;;;87700963;Hymont Mairie
TN8770097;arret_car;Haréville sous Monfort Centre;Haréville sous Monfort Centre;Haréville sous Monfort Centre;8770097;87700971;48.205615;5.999557;FR;Europe/Paris;Q567870;;Car TER;gtfs;;;;;87700971;Haréville sous Monfort Centre
TN8770098;arret_car;Martigny-les-Bains Thiébaut;Martigny-les-Bains Thiébaut;Martigny-les-Bains Thiébaut;8770098;87700989;48.104445;5.823891;FR;Europe/Paris;Q1157405;;Car TER;gtfs;;;;;87700989;Martigny-les-Bains Thiébaut
TN8770099;arret_car;Lamarche Centre;Lamarche Centre;Lamarche Centre;8770099;87700997;48.070778;5.782199;FR;Europe/Paris;Q208768;;Car TER;gtfs;;;;;87700997;Lamarche Centre
TN8770110;arret_car;Ceintrey Groupe Scolaire;Ceintrey Groupe Scolaire;Ceintrey Groupe Scolaire;8770110;87701102;48.52429;6.160471;FR;Europe/Paris;Q228782;;Car TER;gtfs;;;;;87701102;Ceintrey Groupe Scolaire
TN8770153;gare;Trélazé;Trélazé;Trélazé;8770153;87701532;47.452714;-0.469139;FR;Europe/Paris;Q1382861;Train TER;Car TER;uic;6271161685;Q16508084;;;87701532;Trélazé
TN8770206;arret_car;Zellenberg Route du Vin;Zellenberg Route du Vin;Zellenberg Route du Vin;8770206;87702068;48.170526;7.31838;FR;Europe/Paris;Q187714;;Car TER;gtfs;;;;;87702068;Zellenberg Route du Vin
TN8770207;arret_car;Riquewihr Poste;Riquewihr Poste;Riquewihr Poste;8770207;87702076;48.165896;7.299868;FR;Europe/Paris;Q148959;;Car TER;gtfs;;;;;87702076;Riquewihr Poste
TN8770208;arret_car;Bouxwiller Clos Des Seigneurs;Bouxwiller Clos Des Seigneurs;Bouxwiller Clos Des Seigneurs;8770208;87702084;48.828192;7.486641;FR;Europe/Paris;Q22740;;Car TER;gtfs;;;;;87702084;Bouxwiller Clos Des Seigneurs
TN8770342;arret_car;Rémelfing Centre;Rémelfing Centre;Rémelfing Centre;8770342;87703421;49.091669;7.092517;FR;Europe/Paris;Q22190;;Car TER;gtfs;;;;;87703421;Rémelfing Centre
TN8770343;arret_car;Sarreinsming Pont;Sarreinsming Pont;Sarreinsming Pont;8770343;87703439;49.086364;7.109377;FR;Europe/Paris;Q22044;;Car TER;gtfs;;;;;87703439;Sarreinsming Pont
TN8770344;arret_car;Zetting Salle des Fêtes;Zetting Salle des Fêtes;Zetting Salle des Fêtes;8770344;87703447;49.079405;7.135454;FR;Europe/Paris;Q22027;;Car TER;gtfs;;;;;87703447;Zetting Salle des Fêtes
TN8770345;arret_car;Wittring Pont;Wittring Pont;Wittring Pont;8770345;87703454;49.053325;7.150877;FR;Europe/Paris;Q22267;;Car TER;gtfs;;;;;87703454;Wittring Pont
TN8770346;arret_car;Sarrewerden Église;Sarrewerden Église;Sarrewerden Église;8770346;87703462;48.923799;7.082091;FR;Europe/Paris;Q21345;;Car TER;gtfs;;;;;87703462;Sarrewerden Église
TN8770347;arret_car;Bischtroff-sur-Sarre Mairie;Bischtroff-sur-Sarre Mairie;Bischtroff-sur-Sarre Mairie;8770347;87703470;48.901094;7.071829;FR;Europe/Paris;Q21345;;Car TER;gtfs;;;;;87703470;Bischtroff-sur-Sarre Mairie
TN8770348;arret_car;Wolfskirchen Rue du Moulin;Wolfskirchen Rue du Moulin;Wolfskirchen Rue du Moulin;8770348;87703488;48.879298;7.071746;FR;Europe/Paris;Q21526;;Car TER;gtfs;;;;;87703488;Wolfskirchen Rue du Moulin
TN8770349;arret_car;Diedendorf Rond-Point;Diedendorf Rond-Point;Diedendorf Rond-Point;8770349;87703496;48.876885;7.054301;FR;Europe/Paris;Q21239;;Car TER;gtfs;;;;;87703496;Diedendorf Rond-Point
TN8770355;arret_car;Niederstinzel Principale;Niederstinzel Principale;Niederstinzel Principale;8770355;87703553;48.863212;7.031502;FR;Europe/Paris;Q22060;;Car TER;gtfs;;;;;87703553;Niederstinzel Principale
TN8770356;arret_car;Berthelming Rue Principale;Berthelming Rue Principale;Berthelming Rue Principale;8770356;87703561;48.818607;7.00887;FR;Europe/Paris;Q21864;;Car TER;gtfs;;;;;87703561;Berthelming Rue Principale
TN8770357;arret_car;Bettborn Grand Rue;Bettborn Grand Rue;Bettborn Grand Rue;8770357;87703579;48.801309;7.020655;FR;Europe/Paris;Q832293;;Car TER;gtfs;;;;;87703579;Bettborn Grand Rue
TN8770358;arret_car;Saint-Jean-de-Bassel Église;Saint-Jean-de-Bassel Église;Saint-Jean-de-Bassel Église;8770358;87703587;48.803627;6.99114;FR;Europe/Paris;Q22276;;Car TER;gtfs;;;;;87703587;Saint-Jean-de-Bassel Église
TN8770359;arret_car;Gosselming Mairie;Gosselming Mairie;Gosselming Mairie;8770359;87703595;48.793028;7.000769;FR;Europe/Paris;Q21696;;Car TER;gtfs;;;;;87703595;Gosselming Mairie
TN8770362;arret_car;Oberstinzel Rue Principale;Oberstinzel Rue Principale;Oberstinzel Rue Principale;8770362;87703629;48.792843;7.034662;FR;Europe/Paris;Q22305;;Car TER;gtfs;;;;;87703629;Oberstinzel Rue Principale
TN8770367;arret_car;Dolving Rue de Sarrebourg;Dolving Rue de Sarrebourg;Dolving Rue de Sarrebourg;8770367;87703678;48.772285;7.021862;FR;Europe/Paris;Q21810;;Car TER;gtfs;;;;;87703678;Dolving Rue de Sarrebourg
TN8770368;arret_car;Sarraltroff Rue de Fénétrange;Sarraltroff Rue de Fénétrange;Sarraltroff Rue de Fénétrange;8770368;87703686;48.77713;7.056506;FR;Europe/Paris;Q22042;;Car TER;gtfs;;;;;87703686;Sarraltroff Rue de Fénétrange
TN8770369;arret_car;Koenigsmacker Metrich École;Koenigsmacker Metrich École;Koenigsmacker Metrich École;8770369;87703694;49.407556;6.2978;FR;Europe/Paris;Q22147;;Car TER;gtfs;;;;;87703694;Koenigsmacker Metrich École
TN8770374;arret_car;Sarrebourg Hôpital;Sarrebourg Hôpital;Sarrebourg Hôpital;8770374;87703744;48.730495;7.050648;FR;Europe/Paris;Q22544;;Car TER;gtfs;;;;;87703744;Sarrebourg Hôpital
TN8770376;arret_car;Basse-Ham Stade;Basse-Ham Stade;Basse-Ham Stade;8770376;87703769;49.380894;6.234288;FR;Europe/Paris;Q21678;;Car TER;gtfs;;;;;87703769;Basse-Ham Stade
TN8770397;gare;Nîmes Pont du Gard;Nîmes Pont du Gard;Nîmes Pont du Gard;8770397;87703975;43.816824;4.507654;FR;Europe/Paris;Q244249;OUIGO|TGV INOUI|Train TER;Car TER;uic;10825157948;Q28952413;;;87703975;Nîmes Pont du Gard
TN8770758;arret_car;Sarraltroff Rue de la Forêt;Sarraltroff Rue de la Forêt;Sarraltroff Rue de la Forêt;8770758;87707588;48.778587;7.056887;FR;Europe/Paris;Q22042;;Car TER;gtfs;;;;;87707588;Sarraltroff Rue de la Forêt
TN8771073;gare;École-Valentin;École-Valentin;École-Valentin;8771073;87710731;47.274708;5.99477;FR;Europe/Paris;Q273445;Train TER;;uic;3470215593;Q3095865;;;87710731;Ecole-Valentin
TN8771122;arret_car;Scherwiller Rue de la Gare;Scherwiller Rue de la Gare;Scherwiller Rue de la Gare;8771122;87711226;48.288308;7.429349;FR;Europe/Paris;Q21434;;Car TER;gtfs;;;;;87711226;Scherwiller Rue de la Gare
TN8771202;gare;Rully;Rully;Rully;8771202;87712026;46.880422;4.760932;FR;Europe/Paris;Q1464535;Train TER;Car TER;uic;10538989222;Q3097459;;;87712026;Rully
TN8771218;arret_car;Neuilly-lès-Dijon;Neuilly-lès-Dijon;Neuilly-lès-Dijon;8771218;87712182;47.281564;5.111183;FR;Europe/Paris;Q61712068;;Car TER;gtfs;;;;;87712182;Neuilly-lès-Dijon
TN8771226;gare;Bretigny - Norges;Bretigny - Norges;Bretigny - Norges;8771226;87712265;47.389799;5.110133;FR;Europe/Paris;Q20371;Train TER;Car TER;uic;1512194989;Q24940485;;;87712265;Bretigny - Norges
TN8771232;gare;Lantenay;Lantenay;Lantenay;8771232;87712323;47.335123;4.861035;FR;Europe/Paris;Q23930;Train TER;Car TER;uic;26825030;Q3096853;;;87712323;Lantenay
TN8771233;gare;Velars;Velars;Velars;8771233;87712331;47.326702;4.927645;FR;Europe/Paris;Q23935;Train TER;Car TER;uic;2446098455;Q3097947;;;87712331;Velars
TN8771260;gare;Ouges;Ouges;Ouges;8771260;87712604;47.255727;5.072969;FR;Europe/Paris;Q20326;Train TER;Car TER;uic;5439755755;Q24263120;;;87712604;Ouges
TN8771262;gare;Longecourt;Longecourt;Longecourt;8771262;87712620;47.193649;5.134876;FR;Europe/Paris;Q47704;Train TER;Car TER;uic;12218124092;Q23844879;;;87712620;Longecourt
TN8771267;gare;Chaugey;Chaugey;Chaugey;8771267;87712679;47.087216;5.25517;FR;Europe/Paris;Q16771;Train TER;Car TER;uic;9985565552;Q24936906;;;87712679;Chaugey
TN8771300;gare;Dijon Porte Neuve;Gare Dijon Porte Neuve;Gare Dijon Porte Neuve;8771300;87713008;47.322784;5.054915;FR;Europe/Paris;Q7003;Train TER;Car TER;uic;69264033;Q1836536;;;87713008;Dijon Porte Neuve
TN8771304;gare;Dijon;Dijon-Ville;Dijon-Ville;8771304;87713040;47.323045;5.027254;FR;Europe/Paris;Q7003;INTERCITES|Lyria|OUIGO|TGV INOUI|Train TER;Car TER;uic;251811298;Q3096374;;;87713040;Dijon
TN8771306;gare;Mâlain;Mâlain;Mâlain;8771306;87713065;47.327004;4.810151;FR;Europe/Paris;Q134404;Train TER;Car TER;uic;377149905;Q674287;;XFMLI;87713065;Mâlain
TN8771307;gare;Blaisy-Bas;Blaisy-Bas;Blaisy-Bas;8771307;87713073;47.37401;4.740524;FR;Europe/Paris;Q134328;Train TER;Car TER;uic;899687525;Q3096003;;;87713073;Blaisy-Bas
TN8771308;gare;Verrey;Verrey;Verrey;8771308;87713081;47.438767;4.669584;FR;Europe/Paris;Q860780;Train TER;Car TER;uic;2446099394;Q3097959;;;87713081;Verrey
TN8771309;gare;Thenissey;Thenissey;Thenissey;8771309;87713099;47.494756;4.622307;FR;Europe/Paris;Q636558;Train TER;Car TER;uic;2446101176;Q3097858;;;87713099;Thenissey
TN8771311;gare;Les Laumes Alésia;Les Laumes Alésia;Les Laumes Alésia;8771311;87713115;47.543273;4.462618;FR;Europe/Paris;Q224460;Train TER;Car TER;uic;2060296622;Q3098164;;XFLLA;87713115;Les Laumes - Alésia
TN8771313;gare;Montbard;Montbard;Montbard;8771313;87713131;47.618681;4.336225;FR;Europe/Paris;Q209838;TGV INOUI|Train TER;Car TER;uic;4269685461;Q2309911;;;87713131;Montbard
TN8771315;gare;Nuits sous Ravières;Nuits sous Ravières;Nuits sous Ravières;8771315;87713156;47.729326;4.211689;FR;Europe/Paris;Q1376848;Train TER;Car TER;uic;2054445274;Q2360723;;XFNUR;87713156;Nuits sous Ravières
TN8771319;gare;Tonnerre;Tonnerre;Tonnerre;8771319;87713198;47.8594;3.974194;FR;Europe/Paris;Q498854;Train TER;Car TER;uic;13092272141;Q1885176;;;87713198;Tonnerre
TN8771331;gare;Genlis;Genlis;Genlis;8771331;87713313;47.244293;5.223968;FR;Europe/Paris;Q47711;Train TER;;uic;2501995553;Q2480001;;;87713313;Genlis
TN8771332;gare;Collonges;Collonges;Collonges;8771332;87713321;47.220989;5.266105;FR;Europe/Paris;Q61742765;Train TER;;uic;4226660794;Q3096264;;;87713321;Collonges
TN8771333;arret_car;Villers-les-Pots;Villers-les-Pots;Villers-les-Pots;8771333;87713339;47.206732;5.347963;FR;Europe/Paris;Q20175;;Car TER;gtfs;;;;;87713339;Villers-les-Pots
TN8771334;gare;Auxonne;Auxonne;Auxonne;8771334;87713347;47.19268;5.377258;FR;Europe/Paris;Q20173;Train TER;Car TER;uic;2501995529;Q2625770;;;87713347;Auxonne
TN8771341;gare;Dole;Dole;Dole;8771341;87713412;47.096209;5.488029;FR;Europe/Paris;Q205586;Lyria|TGV INOUI|Train TER;Car TER;uic;1811292622;Q2656916;;;87713412;Dole
TN8771350;gare;Gevrey-Chambertin;Gevrey-Chambertin;Gevrey-Chambertin;8771350;87713503;47.227539;4.998954;FR;Europe/Paris;Q52871;Train TER;;uic;388276580;Q3096538;;;87713503;Gevrey-Chambertin
TN8771351;gare;Vougeot - Gilly-lès-Cîteaux;Vougeot - Gilly-lès-Cîteaux;Vougeot - Gilly-lès-Cîteaux;8771351;87713511;47.175695;4.971514;FR;Europe/Paris;Q16618;Train TER;;gtfs;;;;;87713511;Vougeot - Gilly-lès-Cîteaux
TN8771352;gare;Nuits-Saint-Georges;Nuits-Saint-Georges;Nuits-Saint-Georges;8771352;87713529;47.130619;4.956187;FR;Europe/Paris;Q16622;Train TER;;uic;2472016045;Q3097232;;;87713529;Nuits-Saint-Georges
TN8771353;gare;Corgoloin;Corgoloin;Corgoloin;8771353;87713537;47.084241;4.916994;FR;Europe/Paris;Q16602;Train TER;;uic;4106556356;Q3096291;;;87713537;Corgoloin
TN8771354;gare;Beaune;Beaune;Beaune;8771354;87713545;47.02294;4.84854;FR;Europe/Paris;Q16121;TGV INOUI|Train TER;;uic;2430998828;Q2535260;;;87713545;Beaune
TN8771356;gare;Meursault;Meursault;Meursault;8771356;87713560;46.969165;4.795452;FR;Europe/Paris;Q16140;Train TER;;gtfs;;;;;87713560;Meursault
TN8771357;gare;Chagny;Chagny;Chagny;8771357;87713578;46.907451;4.749561;FR;Europe/Paris;Q681457;Train TER;Car TER;uic;2460981162;Q2386091;;XFCGY;87713578;Chagny
TN8771358;gare;Fontaines - Mercurey;Fontaines - Mercurey;Fontaines - Mercurey;8771358;87713586;46.851261;4.775041;FR;Europe/Paris;Q1433896;Train TER;Car TER;uic;2520324055;Q3096448;;;87713586;Fontaines - Mercurey
TN8771359;gare;Santenay-les-Bains;Santenay-les-Bains;Santenay-les-Bains;8771359;87713594;46.910581;4.701773;FR;Europe/Paris;Q16325;Train TER;;uic;13248764689;Q2468656;;;87713594;Santenay les Bains
TN8771362;gare;Saulon;Saulon;Saulon;8771362;87713628;47.224106;5.104528;FR;Europe/Paris;Q52882;Train TER;Car TER;uic;8340183290;Q24937330;;;87713628;Saulon
TN8771363;gare;Aiserey;Aiserey;Aiserey;8771363;87713636;47.17053;5.158236;FR;Europe/Paris;Q46986;Train TER;Car TER;uic;8330424520;Q24238527;;;87713636;Aiserey
TN8771364;gare;Brazey en Plaine;Brazey en Plaine;Brazey en Plaine;8771364;87713644;47.131456;5.212149;FR;Europe/Paris;Q16777;Train TER;Car TER;uic;9985707348;Q24254541;;;87713644;Brazey-en-Plaine
TN8771365;gare;Saint-Jean de Losne;Saint-Jean de Losne;Saint-Jean de Losne;8771365;87713651;47.099724;5.244064;FR;Europe/Paris;Q193046;Train TER;Car TER;uic;9985669758;Q24937300;;;87713651;Saint-Jean-de-Losne
TN8771366;gare;Pagny;Pagny (Côte-d'Or);Pagny (Côte-d'Or);8771366;87713669;47.046265;5.201043;FR;Europe/Paris;Q6960;Train TER;Car TER;uic;9985512792;Q24648895;;;87713669;Pagny
TN8771367;gare;Seurre;Seurre;Seurre;8771367;87713677;46.996384;5.151276;FR;Europe/Paris;Q16896;Train TER;Car TER;uic;9985510721;Q3097728;;;87713677;Seurre
TN8771368;arret_car;Navilly;Navilly;Navilly;8771368;87713685;46.932463;5.138991;FR;Europe/Paris;Q1433843;;Car TER;gtfs;;;;;87713685;Navilly
TN8771369;arret_car;Saint-Bonnet-en-Bresse;Saint-Bonnet-en-Bresse;Saint-Bonnet-en-Bresse;8771369;87713693;46.85485;5.16595;FR;Europe/Paris;Q918115;;Car TER;gtfs;;;;;87713693;Saint-Bonnet-en-Bresse
TN8771370;gare;Mervans;Mervans;Mervans;8771370;87713701;46.79887;5.179391;FR;Europe/Paris;Q1433391;Train TER;Car TER;uic;5442484048;Q3097025;;;87713701;Mervans
TN8771373;gare;Louhans;Louhans;Louhans;8771373;87713735;46.630867;5.217379;FR;Europe/Paris;Q460787;Train TER;Car TER;uic;419359737;Q3096907;;;87713735;Louhans
TN8771382;gare;Ruffey;Ruffey;Ruffey;8771382;87713826;47.370505;5.07917;FR;Europe/Paris;Q20367;Train TER;Car TER;uic;1512195148;Q24940401;;;87713826;Ruffey
TN8771383;gare;Saint-Julien - Clénay;Saint-Julien - Clénay;Saint-Julien - Clénay;8771383;87713834;47.406029;5.128162;FR;Europe/Paris;Q20365;Train TER;Car TER;uic;1512195150;Q27910511;;;87713834;Saint-Julien - Clénay
TN8771384;gare;Gemeaux;Gemeaux;Gemeaux;8771384;87713842;47.478542;5.129274;FR;Europe/Paris;Q55346;Train TER;Car TER;uic;1513288865;Q27915639;;;87713842;Gemeaux
TN8771385;gare;Is-sur-Tille;Is-sur-Tille;Is-sur-Tille;8771385;87713859;47.520302;5.129704;FR;Europe/Paris;Q55343;Train TER;Car TER;uic;2503365447;Q3095794;;;87713859;Is-sur-Tille
TN8771416;arret_car;Damblain Église;Damblain Église;Damblain Église;8771416;87714162;48.097929;5.652857;FR;Europe/Paris;Q1463820;;Car TER;gtfs;;;;;87714162;Damblain Église
TN8771420;arret_car;Saxon-Sion Basilique;Saxon-Sion Basilique;Saxon-Sion Basilique;8771420;87714204;48.428594;6.084929;FR;Europe/Paris;Q224357;;Car TER;gtfs;;;;;87714204;Saxon-Sion Basilique
TN8771499;arret_car;Rémoncourt Route Principale;Rémoncourt Route Principale;Rémoncourt Route Principale;8771499;87714998;48.2252;6.048286;FR;Europe/Paris;Q1455570;;Car TER;gtfs;;;;;87714998;Rémoncourt Route Principale
TN8771500;gare;Pontarlier;Pontarlier;Pontarlier;8771500;87715003;46.900888;6.35338;FR;Europe/Paris;Q214540;Train TER;Car TER;uic;4236961491;Q2317658;;;87715003;Pontarlier
TN8771510;gare;Andelot;Andelot;Andelot;8771510;87715102;46.8594;5.923661;FR;Europe/Paris;Q490191;Train TER;Car TER;uic;4236588896;Q1886762;;;87715102;Andelot
TN8771513;gare;Frasne;Frasne;Frasne;8771513;87715136;46.857694;6.157554;FR;Europe/Paris;Q324488;Lyria|Train TER;Car TER;uic;10711708809;Q2151935;;;87715136;Frasne
TN8771514;gare;La Rivière;La Rivière-Drugeon;La Rivière-Drugeon;8771514;87715144;46.87013;6.213422;FR;Europe/Paris;Q909163;Train TER;Car TER;uic;10780289588;Q2052516;;;87715144;La Rivière
TN8771515;gare;Sainte-Colombe;Sainte-Colombe;Sainte-Colombe;8771515;87715151;46.879237;6.266049;FR;Europe/Paris;Q909127;Train TER;Car TER;uic;10780289568;Q3097641;;;87715151;Sainte-Colombe
TN8771516;arret_car;Les Granges-Narboz;Les Granges-Narboz;Les Granges-Narboz;8771516;87715169;46.879016;6.309022;FR;Europe/Paris;Q909977;;Car TER;gtfs;;;;;87715169;Les Granges-Narboz
TN8771519;arret_car;Bonnevaux;Bonnevaux;Bonnevaux;8771519;87715193;46.80852;6.184064;FR;Europe/Paris;Q660904;;Car TER;gtfs;;;;;87715193;Bonnevaux
TN8771520;arret_car;Vaux-et-Chantegrue;Vaux-et-Chantegrue;Vaux-et-Chantegrue;8771520;87715201;46.813674;6.248624;FR;Europe/Paris;Q768094;;Car TER;gtfs;;;;;87715201;Vaux-et-Chantegrue
TN8771521;gare;Labergement-Sainte-Marie;Labergement-Sainte-Marie;Labergement-Sainte-Marie;8771521;87715219;46.776592;6.280262;FR;Europe/Paris;Q909955;Train TER;Car TER;uic;10777523237;Q2629074;;;87715219;Labergement-Sainte-Marie
TN8771522;arret_car;Les Longevilles Rochejean;Les Longevilles Rochejean;Les Longevilles Rochejean;8771522;87715227;46.750918;6.309156;FR;Europe/Paris;Q909934;;Car TER;gtfs;;;;;87715227;Les Longevilles Rochejean
TN8771523;arret_car;Les Granges-Sainte-Marie;Les Granges-Sainte-Marie;Les Granges-Sainte-Marie;8771523;87715235;46.783576;6.284416;FR;Europe/Paris;Q909955;;Car TER;gtfs;;;;;87715235;Les Granges-Sainte-Marie
TN8771525;arret_car;Saint-Antoine (Doubs);Saint-Antoine (Doubs);Saint-Antoine (Doubs);8771525;87715250;46.775663;6.341869;FR;Europe/Paris;Q909193;;Car TER;gtfs;;;;;87715250;Saint-Antoine (Doubs)
TN8771526;arret_car;Métabief;Métabief;Métabief;8771526;87715268;46.773497;6.350183;FR;Europe/Paris;Q284515;;Car TER;gtfs;;;;;87715268;Métabief
TN8771532;gare;Champagnole;Champagnole;Champagnole;8771532;87715326;46.749315;5.910049;FR;Europe/Paris;Q477013;Train TER;Car TER;gtfs;;;;;87715326;Champagnole
TN8771538;gare;La Chaux-des-Crotenay;La Chaux-des-Crotenay;La Chaux-des-Crotenay;8771538;87715383;46.654568;5.943914;FR;Europe/Paris;Q132067;Train TER;Car TER;uic;10786976304;Q2011910;;;87715383;La Chaux-des-Crotenay
TN8771539;gare;La Chaumusse - Fort-du-Plasne;La Chaumusse - Fort-du-Plasne;La Chaumusse - Fort-du-Plasne;8771539;87715391;46.604857;5.961363;FR;Europe/Paris;Q116192;Train TER;Car TER;uic;10786963297;Q3096768;;;87715391;La Chaumusse - Fort-du-Plasne
TN8771541;gare;Saint-Laurent-en-Grandvaux;Gare de Saint-Laurent-en-Grandvaux;Gare de Saint-Laurent-en-Grandvaux;8771541;87715417;46.574825;5.951335;FR;Europe/Paris;Q820059;Train TER;Car TER;uic;12624445080;Q2097368;;;87715417;Saint-Laurent-en-Grandvaux
TN8771543;gare;Morbier;Morbier;Morbier;8771543;87715433;46.53924;6.017669;FR;Europe/Paris;Q633254;Train TER;Car TER;uic;10799567934;Q2745587;;;87715433;Morbier
TN8771544;gare;Morez;Morez;Morez;8771544;87715441;46.526217;6.023578;FR;Europe/Paris;Q21979682;Train TER;Car TER;uic;2491627769;Q2314163;;;87715441;Morez
TN8771551;arret_car;Les Hôpitaux-Neufs;Les Hôpitaux-Neufs;Les Hôpitaux-Neufs;8771551;87715516;46.776016;6.37141;FR;Europe/Paris;Q923496;;Car TER;gtfs;;;;;87715516;Les Hôpitaux-Neufs
TN8771552;arret_car;Jougne;Jougne;Jougne;8771552;87715524;46.75935;6.388285;FR;Europe/Paris;Q923421;;Car TER;gtfs;;;;;87715524;Jougne
TN8771582;arret_car;Mirecourt Hôpital;Mirecourt Hôpital;Mirecourt Hôpital;8771582;87715821;48.305636;6.13382;FR;Europe/Paris;Q659969;;Car TER;gtfs;;;;;87715821;Mirecourt Hôpital
TN8771644;arret_car;Saint-Léonard Centre;Saint-Léonard Centre;Saint-Léonard Centre;8771644;87716449;48.21668;6.943201;FR;Europe/Paris;Q1158103;;Car TER;gtfs;;;;;87716449;Saint-Léonard Centre
TN8771645;arret_car;Biffontaine Mairie;Biffontaine Mairie;Biffontaine Mairie;8771645;87716456;48.211291;6.805456;FR;Europe/Paris;Q1062910;;Car TER;gtfs;;;;;87716456;Biffontaine Mairie
TN8771647;arret_car;Lépanges-Vologn R. Poste;Lépanges-Vologn R. Poste;Lépanges-Vologn R. Poste;8771647;87716472;48.172701;6.671589;FR;Europe/Paris;Q581305;;Car TER;gtfs;;;;;87716472;Lépanges-Vologn R. Poste
TN8771669;arret_car;Corcieux le Conti;Corcieux le Conti;Corcieux le Conti;8771669;87716696;48.170746;6.882863;FR;Europe/Paris;Q832301;;Car TER;gtfs;;;;;87716696;Corcieux le Conti
TN8771681;arret_car;La Houssière Vanémont Centre;La Houssière Vanémont Centre;La Houssière Vanémont Centre;8771681;87716811;48.20039;6.878465;FR;Europe/Paris;Q223505;;Car TER;gtfs;;;;;87716811;La Houssière Vanémont Centre
TN8771682;arret_car;Laveline-devant-Bruyères Maison pour Tous;Laveline-devant-Bruyères Maison pour Tous;Laveline-devant-Bruyères Maison pour Tous;8771682;87716829;48.185079;6.751915;FR;Europe/Paris;Q200152;;Car TER;gtfs;;;;;87716829;Laveline-devant-Bruyères Maison pour Tous
TN8771691;arret_car;Morez Lycée;Morez Lycée;Morez Lycée;8771691;87716910;46.517289;6.025622;FR;Europe/Paris;Q21979682;;Car TER;gtfs;;;;;87716910;Morez Lycée
TN8771709;arret_car;Ceintrey Eglise;Ceintrey Eglise;Ceintrey Eglise;8771709;87717090;48.524463;6.163995;FR;Europe/Paris;Q228782;;Car TER;gtfs;;;;;87717090;Ceintrey Eglise
TN8771710;arret_car;Vézelise Beauregard;Vézelise Beauregard;Vézelise Beauregard;8771710;87717108;48.488983;6.093343;FR;Europe/Paris;Q733184;;Car TER;gtfs;;;;;87717108;Vézelise Beauregard
TN8771738;arret_car;Guilberville-le Saussey;Guilberville-le Saussey;Guilberville-le Saussey;8771738;87717389;48.982127;-0.954102;FR;Europe/Paris;Q21099825;;Car TER;gtfs;;;;;87717389;Guilberville-le Saussey
TN8771762;arret_car;Rennes Beaulieu Chimie;Rennes Beaulieu Chimie;Rennes Beaulieu Chimie;8771762;87717629;48.117098;-1.633905;FR;Europe/Paris;Q647;;Car TER;gtfs;;;;;87717629;Rennes Beaulieu Chimie
TN8771775;arret_car;Herbitzheim Mairie;Herbitzheim Mairie;Herbitzheim Mairie;8771775;87717751;49.01705;7.082943;FR;Europe/Paris;Q21342;;Car TER;gtfs;;;;;87717751;Herbitzheim Mairie
TN8771776;arret_car;Herbitzheim Msp;Herbitzheim Msp;Herbitzheim Msp;8771776;87717769;49.012883;7.081511;FR;Europe/Paris;Q21342;;Car TER;gtfs;;;;;87717769;Herbitzheim Msp
TN8771800;gare;Besançon-Viotte;Besançon-Viotte;Besançon-Viotte;8771800;87718007;47.247017;6.021866;FR;Europe/Paris;Q37776;TGV INOUI|Train TER;Car TER;uic;2500070617;Q687470;;;87718007;Besançon Viotte
TN8771801;gare;Besançon Mouillère;Besançon Mouillère;Besançon Mouillère;8771801;87718015;47.240397;6.033804;FR;Europe/Paris;Q37776;Train TER;Car TER;gtfs;;;;;87718015;Besançon Mouillère
TN8771810;gare;Montferrand - Thoraise;Montferrand - Thoraise;Montferrand - Thoraise;8771810;87718106;47.184741;5.907482;FR;Europe/Paris;Q906617;Train TER;;uic;268646241;Q2413225;;;87718106;Montferrand - Thoraise
TN8771811;gare;Torpes - Boussières;Torpes - Boussières;Torpes - Boussières;8771811;87718114;47.163755;5.88878;FR;Europe/Paris;Q305306;Train TER;;uic;3157782244;Q684413;;;87718114;Torpes - Boussières
TN8771812;gare;Byans;Byans;Byans;8771812;87718122;47.118558;5.852093;FR;Europe/Paris;Q837375;Train TER;Car TER;uic;4234550357;Q2841574;;;87718122;Byans
TN8771813;gare;Liesle;Liesle;Liesle;8771813;87718130;47.058768;5.820812;FR;Europe/Paris;Q983448;Train TER;Car TER;uic;3118342152;Q2090314;;;87718130;Liesle
TN8771815;gare;Arbois;Arbois;Arbois;8771815;87718155;46.912418;5.764878;FR;Europe/Paris;Q330888;Train TER;Car TER;uic;4253384837;Q2199980;;;87718155;Arbois
TN8771818;gare;Poligny;Poligny;Poligny;8771818;87718189;46.844301;5.700226;FR;Europe/Paris;Q131581677;Train TER;Car TER;uic;4253403551;Q955966;;;87718189;Poligny
TN8771819;gare;Saint-Lothain;Saint-Lothain;Saint-Lothain;8771819;87718197;46.823406;5.644482;FR;Europe/Paris;Q1168346;Train TER;Car TER;uic;8339205525;Q2041345;;;87718197;Saint-Lothain
TN8771820;arret_car;Passenans;Passenans;Passenans;8771820;87718205;46.798477;5.617946;FR;Europe/Paris;Q1227053;;Car TER;gtfs;;;;;87718205;Passenans
TN8771821;gare;Domblans - Voiteur;Domblans - Voiteur;Domblans - Voiteur;8771821;87718213;46.762774;5.597875;FR;Europe/Paris;Q539629;Train TER;;gtfs;;;;;87718213;Domblans - Voiteur
TN8771822;arret_car;Montain-Lavigny;Montain-Lavigny;Montain-Lavigny;8771822;87718221;46.715496;5.585196;FR;Europe/Paris;Q405455;;Car TER;gtfs;;;;;87718221;Montain-Lavigny
TN8771823;gare;Lons-le-Saunier;Lons-le-Saunier;Lons-le-Saunier;8771823;87718239;46.668505;5.551336;FR;Europe/Paris;Q203529;Train TER;Car TER;uic;4253813734;Q2184121;;;87718239;Lons-le-Saunier
TN8771827;gare;Cousance;Cousance;Cousance;8771827;87718270;46.535208;5.386938;FR;Europe/Paris;Q727728;Train TER;;uic;10796711168;Q659867;;;87718270;Cousance
TN8771829;gare;Saint-Amour;Saint-Amour;Saint-Amour;8771829;87718296;46.433823;5.334118;FR;Europe/Paris;Q750425;Train TER;;uic;9914139048;Q2691181;;;87718296;Saint-Amour
TN8771830;gare;Franois;Franois;Franois;8771830;87718304;47.227464;5.937497;FR;Europe/Paris;Q837386;Train TER;Car TER;uic;663421113;Q3096478;;;87718304;Franois
TN8771831;gare;Dannemarie - Velesmes;Dannemarie - Velesmes;Dannemarie - Velesmes;8771831;87718312;47.203754;5.873812;FR;Europe/Paris;Q204451;Train TER;Car TER;uic;4226237991;Q727322;;;87718312;Dannemarie - Velesmes
TN8771832;gare;Saint-Vit;Saint-Vit;Saint-Vit;8771832;87718320;47.183527;5.808914;FR;Europe/Paris;Q906399;Train TER;Car TER;uic;1025034974;Q2655559;;;87718320;Saint-Vit
TN8771833;gare;Ranchot;Ranchot;Ranchot;8771833;87718338;47.152507;5.724663;FR;Europe/Paris;Q633990;Train TER;;uic;26825379;Q2225878;;;87718338;Ranchot
TN8771836;gare;Orchamps;Orchamps;Orchamps;8771836;87718361;47.150096;5.659147;FR;Europe/Paris;Q405488;Train TER;;uic;26825369;Q2009927;;;87718361;Orchamps
TN8771840;gare;Roche-lez-Beaupré;Roche-lez-Beaupré;Roche-lez-Beaupré;8771840;87718403;47.276275;6.110984;FR;Europe/Paris;Q905402;Train TER;;uic;4223256475;Q2332908;;;87718403;Roche-lez-Beaupré
TN8771841;gare;Novillars;Novillars;Novillars;8771841;87718411;47.283955;6.132686;FR;Europe/Paris;Q905315;Train TER;;nom;12958817559;Q2051959;;;87718411;Novillars
TN8771842;gare;Deluz;Deluz;Deluz;8771842;87718429;47.292612;6.199576;FR;Europe/Paris;Q836627;Train TER;;uic;3488609893;Q2797747;;;87718429;Deluz
TN8771843;gare;Laissey;Laissey;Laissey;8771843;87718437;47.29882;6.233353;FR;Europe/Paris;Q905271;Train TER;;uic;4224896642;Q2012830;;;87718437;Laissey
TN8771846;gare;Baume-les-Dames;Baume-les-Dames;Baume-les-Dames;8771846;87718460;47.353944;6.359471;FR;Europe/Paris;Q733784;Train TER;;uic;4224959247;Q2500921;;;87718460;Baume-les-Dames
TN8771850;gare;Saône;Saône;Saône;8771850;87718502;47.20957;6.101379;FR;Europe/Paris;Q948345;Train TER;Car TER;gtfs;;;;;87718502;Saône
TN8771851;gare;Mamirolle;Mamirolle;Mamirolle;8771851;87718510;47.199943;6.161739;FR;Europe/Paris;Q131581678;Train TER;Car TER;uic;10755386322;Q1848176;;;87718510;Mamirolle
TN8771852;gare;L'Hôpital-du-Grosbois;L'Hôpital-du-Grosbois;L'Hôpital-du-Grosbois;8771852;87718528;47.169212;6.21327;FR;Europe/Paris;Q907399;Train TER;Car TER;gtfs;;;;;87718528;L'Hôpital-du-Grosbois
TN8771853;gare;Étalans;Étalans;Étalans;8771853;87718536;47.155891;6.270535;FR;Europe/Paris;Q28335208;Train TER;Car TER;uic;10755386307;Q2348604;;;87718536;Étalans
TN8771854;gare;Le Valdahon;Le Valdahon;Le Valdahon;8771854;87718544;47.149857;6.342337;FR;Europe/Paris;Q906787;Train TER;Car TER;uic;8320807421;Q2052258;;;87718544;Le Valdahon
TN8771855;gare;Avoudrey;Avoudrey;Avoudrey;8771855;87718551;47.129903;6.434566;FR;Europe/Paris;Q791323;Train TER;Car TER;uic;10756809154;Q2205403;;;87718551;Avoudrey
TN8771857;gare;Gilley;Gilley;Gilley;8771857;87718577;47.050362;6.492378;FR;Europe/Paris;Q477767;Train TER;Car TER;uic;10758227846;Q1861173;;;87718577;Gilley
TN8771860;gare;Le Valdahon Camp Militaire;Le Valdahon Camp Militaire;Le Valdahon Camp Militaire;8771860;87718601;47.151163;6.314109;FR;Europe/Paris;Q906787;Train TER;Car TER;uic;10756809190;Q2645004;;;87718601;Le Valdahon Camp Militaire
TN8771861;gare;Morteau;Morteau;Morteau;8771861;87718619;47.053704;6.604735;FR;Europe/Paris;Q200832;Train TER;Car TER;uic;2500070621;Q2483982;;;87718619;Morteau
TN8771883;gare;Mouchard;Mouchard;Mouchard;8771883;87718833;46.976863;5.799777;FR;Europe/Paris;Q1222773;Lyria|Train TER;Car TER;uic;2498953048;Q2143564;;;87718833;Mouchard
TN8771884;gare;Arc-et-Senans;Arc-et-Senans;Arc-et-Senans;8771884;87718841;47.030352;5.776784;FR;Europe/Paris;Q630932;Train TER;Car TER;uic;2413717825;Q3095662;;;87718841;Arc-et-Senans
TN8771886;gare;Montbarrey;Montbarrey;Montbarrey;8771886;87718866;47.036053;5.636684;FR;Europe/Paris;Q568008;Train TER;Car TER;uic;10715993196;Q2376752;;;87718866;Montbarrey
TN8772100;gare;Lyon Vaise;Lyon Vaise;Lyon Vaise;8772100;87721001;45.780278;4.803535;FR;Europe/Paris;Q456;Train TER;;uic;13236222075;;;;87721001;Lyon Vaise
TN8772103;gare;Amplepuis;Amplepuis;Amplepuis;8772103;87721035;45.970924;4.326632;FR;Europe/Paris;Q1549;Train TER;Car TER;uic;9491786815;Q3095622;;;87721035;Amplepuis
TN8772104;gare;Saint-Victor - Thizy;Saint-Victor - Thizy;Saint-Victor - Thizy;8772104;87721043;46.002337;4.281218;FR;Europe/Paris;Q1106334;Train TER;Car TER;uic;9491823171;Q3097633;;;87721043;Saint-Victor - Thizy
TN8772105;gare;Régny;Régny;Régny;8772105;87721050;45.98773;4.215111;FR;Europe/Paris;Q1107311;Train TER;Car TER;uic;5239464470;Q3097467;;;87721050;Régny
TN8772115;gare;Lyon-Saint-Paul;Lyon-Saint-Paul;Lyon-Saint-Paul;8772115;87721159;45.766123;4.826671;FR;Europe/Paris;Q456;Train TER;;uic;13239032058;Q2016;;;87721159;Lyon Saint-Paul
TN8772117;gare;Lyon Gorge de Loup;Lyon Gorge de Loup;Lyon Gorge de Loup;8772117;87721175;45.766095;4.804697;FR;Europe/Paris;Q456;Train TER;Car TER;gtfs;;;;;87721175;Lyon Gorge de Loup
TN8772122;gare;Collonges Fontaines;Collonges Fontaines;Collonges Fontaines;8772122;87721225;45.829087;4.846356;FR;Europe/Paris;Q1469657;Train TER;;uic;4290854872;;;XFCOF;87721225;Collonges - Fontaines
TN8772124;gare;Couzon-au-Mont-d'Or;Couzon-au-Mont-d'Or;Couzon-au-Mont-d'Or;8772124;87721241;45.848704;4.829282;FR;Europe/Paris;Q1444999;Train TER;;uic;9682152748;Q3096321;;;87721241;Couzon-au-Mont-d'Or
TN8772126;gare;Albigny - Neuville;Gare Albigny - Neuville;Gare Albigny - Neuville;8772126;87721266;45.874906;4.832573;FR;Europe/Paris;Q840195;Train TER;;uic;8330323631;Q3095609;;;87721266;Albigny - Neuville
TN8772128;gare;Saint-Germain-au-Mont-d'Or;Saint-Germain-au-Mont-d'Or;Saint-Germain-au-Mont-d'Or;8772128;87721282;45.88838;4.804575;FR;Europe/Paris;Q1617721;Train TER;Car TER;uic;9921034602;;;;87721282;Saint-Germain-au-Mont-d'Or
TN8772129;gare;Quincieux;Quincieux;Quincieux;8772129;87721290;45.906961;4.778399;FR;Europe/Paris;Q1445127;Train TER;Car TER;uic;9764342099;Q1926670;;;87721290;Quincieux
TN8772132;gare;Anse;Anse;Anse;8772132;87721324;45.939359;4.719856;FR;Europe/Paris;Q1617103;Train TER;;uic;2530903036;Q3078253;;;87721324;Anse
TN8772133;gare;Villefranche-sur-Saône;Villefranche-sur-Saône;Villefranche-sur-Saône;8772133;87721332;45.984526;4.7211;FR;Europe/Paris;Q208770;Train TER;Car TER;uic;2530903089;Q2576354;;;87721332;Villefranche-sur-Saône
TN8772134;gare;Saint-Georges-de-Reneins;Saint-Georges-de-Reneins;Saint-Georges-de-Reneins;8772134;87721340;46.062195;4.718891;FR;Europe/Paris;Q840216;Train TER;;uic;2530903075;Q3097531;;;87721340;Saint-Georges-de-Reneins
TN8772135;gare;Belleville-sur-Saône;Belleville-sur-Saône;Belleville-sur-Saône;8772135;87721357;46.111947;4.729008;FR;Europe/Paris;Q58183261;Train TER;Car TER;uic;1537436931;Q3095949;;XFBVL;87721357;Belleville sur Sâone
TN8772141;gare;Chazay - Marcilly;Chazay - Marcilly;Chazay - Marcilly;8772141;87721415;45.873252;4.725253;FR;Europe/Paris;Q1388941;Train TER;;gtfs;;;;;87721415;Chazay - Marcilly
TN8772142;gare;Lozanne;Lozanne;Lozanne;8772142;87721423;45.853978;4.682251;FR;Europe/Paris;Q1961;Train TER;Car TER;uic;7256103468;Q677672;;;87721423;Lozanne
TN8772143;gare;L'Arbresle;L'Arbresle;L'Arbresle;8772143;87721431;45.833285;4.618262;FR;Europe/Paris;Q1469437;Train TER;Car TER;gtfs;;;;;87721431;L'Arbresle
TN8772144;gare;Dardilly - Le Jubin;Dardilly - Le Jubin;Dardilly - Le Jubin;8772144;87721449;45.815763;4.761095;FR;Europe/Paris;Q8365;Train TER;Car TER;gtfs;;;;;87721449;Dardilly - Le Jubin
TN8772145;gare;Saint-Romain-de-Popey;Saint-Romain-de-Popey;Saint-Romain-de-Popey;8772145;87721456;45.861616;4.542363;FR;Europe/Paris;Q637947;Train TER;Car TER;uic;312864644;Q3097611;;;87721456;Saint-Romain-de-Popey
TN8772146;gare;Pontcharra - Saint-Forgeux;Pontcharra - Saint-Forgeux;Pontcharra - Saint-Forgeux;8772146;87721464;45.871468;4.492792;FR;Europe/Paris;Q60029747;Train TER;Car TER;uic;298449626;Q3097312;;;87721464;Pontcharra - Saint-Forgeux
TN8772147;gare;Tarare;Tarare;Tarare;8772147;87721472;45.889746;4.43902;FR;Europe/Paris;Q683037;Train TER;Car TER;uic;312864678;Q3097836;;;87721472;Tarare
TN8772148;gare;Dardilly Les Mouilles;Dardilly Les Mouilles;Dardilly Les Mouilles;8772148;87721480;45.796897;4.759982;FR;Europe/Paris;Q8365;Train TER;Car TER;uic;14148586161;;;;87721480;Dardilly les Mouilles
TN8772150;gare;Écully la Demi-Lune;Écully la Demi-Lune;Écully la Demi-Lune;8772150;87721506;45.765804;4.779261;FR;Europe/Paris;Q1647506;Train TER;;uic;13248351376;Q2203719;;;87721506;Écully la Demi-Lune
TN8772151;gare;Tassin;Tassin;Tassin;8772151;87721514;45.761701;4.758621;FR;Europe/Paris;Q1647506;Train TER;;uic;7257505688;Q3097842;;;87721514;Tassin
TN8772152;gare;Le Méridien La Ferrière;Le Méridien La Ferrière;Le Méridien La Ferrière;8772152;87721522;45.768499;4.748443;FR;Europe/Paris;Q817685;Train TER;Car TER;gtfs;;;;;87721522;Le Méridien La Ferrière
TN8772153;gare;Charbonnières-les-Bains;Charbonnières-les-Bains;Charbonnières-les-Bains;8772153;87721530;45.782173;4.735875;FR;Europe/Paris;Q817685;Train TER;Car TER;gtfs;;;;;87721530;Charbonnières-les-Bains
TN8772154;gare;La Tour-de-Salvagny;La Tour-de-Salvagny;La Tour-de-Salvagny;8772154;87721548;45.799882;4.716492;FR;Europe/Paris;Q1617494;Train TER;;gtfs;;;;;87721548;La Tour-de-Salvagny
TN8772155;gare;Lentilly;Lentilly;Lentilly;8772155;87721555;45.821684;4.667049;FR;Europe/Paris;Q654273;Train TER;Car TER;gtfs;;;;;87721555;Lentilly
TN8772156;gare;Fleurieux-sur-l'Arbresle;Fleurieux-sur-l'Arbresle;Fleurieux-sur-l'Arbresle;8772156;87721563;45.844994;4.660381;FR;Europe/Paris;Q1388779;Train TER;;gtfs;;;;;87721563;Fleurieux-sur-l'Arbresle
TN8772160;gare;Sain-Bel;Sain-Bel;Sain-Bel;8772160;87721605;45.811543;4.601708;FR;Europe/Paris;Q1388866;Train TER;Car TER;uic;12825750662;Q2037932;;;87721605;Sain-Bel
TN8772169;arret_car;Jumeaux;Jumeaux;Jumeaux;8772169;87721696;45.430201;3.339211;FR;Europe/Paris;Q271542;;Car TER;gtfs;;;;;87721696;Jumeaux
TN8772170;gare;Les Flachères;Les Flachères;Les Flachères;8772170;87721704;45.777405;4.754124;FR;Europe/Paris;Q817685;Train TER;;uic;25313126;Q3098153;;;87721704;Les Flachères
TN8772173;gare;Dommartin - Lissieu;Dommartin - Lissieu;Dommartin - Lissieu;8772173;87721738;45.84785;4.732157;FR;Europe/Paris;Q1364733;Train TER;;gtfs;;;;;87721738;Dommartin - Lissieu
TN8772174;gare;Civrieux d'Azergues;Civrieux d'Azergues;Civrieux d'Azergues;8772174;87721746;45.859259;4.718381;FR;Europe/Paris;Q1363949;Train TER;;uic;9682268241;Q3096247;;;87721746;Civrieux-d'Azergues
TN8772175;gare;Châtillon d'Azergues;Châtillon d'Azergues;Châtillon d'Azergues;8772175;87721753;45.875216;4.645199;FR;Europe/Paris;Q534664;Train TER;Car TER;uic;2930596534;Q3096237;;;87721753;Châtillon d'Azergues
TN8772176;gare;Chessy;Chessy;Chessy;8772176;87721761;45.885499;4.62246;FR;Europe/Paris;Q929575;Train TER;Car TER;uic;2930596535;Q3096219;;;87721761;Chessy
TN8772177;arret_car;Le Breuil (Rhône);Le Breuil (Rhône);Le Breuil (Rhône);8772177;87721779;45.896591;4.591384;FR;Europe/Paris;Q1364510;;Car TER;gtfs;;;;;87721779;Le Breuil (Rhône)
TN8772178;gare;Bois-d'Oingt-Légny;Bois-d'Oingt-Légny;Bois-d'Oingt-Légny;8772178;87721787;45.906516;4.575563;FR;Europe/Paris;Q1470355;Train TER;Car TER;uic;821273330;Q3096013;;;87721787;Bois-d'Oingt - Légny
TN8772181;arret_car;Ternand;Ternand;Ternand;8772181;87721811;45.946122;4.536302;FR;Europe/Paris;Q1969;;Car TER;gtfs;;;;;87721811;Ternand
TN8772182;gare;Chamelet;Chamelet;Chamelet;8772182;87721829;45.981627;4.506995;FR;Europe/Paris;Q1967;Train TER;Car TER;uic;2424314197;Q3096181;;;87721829;Chamelet
TN8772184;arret_car;Chambost-Allières;Chambost-Allières;Chambost-Allières;8772184;87721845;46.018641;4.499074;FR;Europe/Paris;Q2026;;Car TER;gtfs;;;;;87721845;Chambost-Allières
TN8772185;arret_car;Grandris La Folletière;Grandris La Folletière;Grandris La Folletière;8772185;87721852;46.03569;4.493623;FR;Europe/Paris;Q1445012;;Car TER;gtfs;;;;;87721852;Grandris La Folletière
TN8772186;gare;Lamure-sur-Azergues;Lamure-sur-Azergues;Lamure-sur-Azergues;8772186;87721860;46.061076;4.492116;FR;Europe/Paris;Q1445012;Train TER;Car TER;uic;2450705567;Q2478586;;;87721860;Lamure-sur-Azergues
TN8772187;arret_car;Saint-Nizier-d'Azergues;Saint-Nizier-d'Azergues;Saint-Nizier-d'Azergues;8772187;87721878;46.087028;4.480391;FR;Europe/Paris;Q1388914;;Car TER;gtfs;;;;;87721878;Saint-Nizier-d'Azergues
TN8772189;arret_car;Poule;Poule;Poule;8772189;87721894;46.148042;4.456603;FR;Europe/Paris;Q1388987;;Car TER;gtfs;;;;;87721894;Poule
TN8772202;gare;Lyon Perrache;Lyon Perrache;Lyon Perrache;8772202;87722025;45.748322;4.825327;FR;Europe/Paris;Q456;INTERCITES|OUIGO|TGV INOUI|Train TER;Car TER;uic;4290857018;Q1992;;XFLPR;87722025;Lyon Perrache
TN8772220;gare;Oullins;Oullins;Oullins;8772220;87722207;45.716684;4.813383;FR;Europe/Paris;Q123852858;Train TER;;uic;12533949884;Q1920677;;;87722207;Oullins
TN8772223;gare;Pierre-Bénite;Pierre-Bénite;Pierre-Bénite;8772223;87722231;45.706677;4.824506;FR;Europe/Paris;Q123852858;Train TER;;gtfs;;;;;87722231;Pierre-Bénite
TN8772224;gare;Irigny - Yvours;Irigny - Yvours;Irigny - Yvours;8772224;87722249;45.68951;4.832248;FR;Europe/Paris;Q1364250;Train TER;;uic;6576013600;Q71559362;;;87722249;Irigny - Yvours
TN8772226;gare;Vernaison;Vernaison;Vernaison;8772226;87722264;45.645602;4.813421;FR;Europe/Paris;Q1385472;Train TER;;uic;4490219335;Q2563981;;;87722264;Vernaison
TN8772229;gare;Grigny Le Sablon;Grigny Le Sablon;Grigny Le Sablon;8772229;87722298;45.6072;4.796197;FR;Europe/Paris;Q1388895;Train TER;;uic;7647464043;Q2260903;;;87722298;Grigny le Sablon
TN8772240;gare;Givors-Ville;Givors-Ville;Givors-Ville;8772240;87722405;45.585144;4.765702;FR;Europe/Paris;Q1976;Train TER;Car TER;uic;4290854884;Q2788094;;XFGIV;87722405;Givors Ville
TN8772243;gare;Givors Canal;Givors Canal;Givors Canal;8772243;87722439;45.596108;4.772283;FR;Europe/Paris;Q1976;Train TER;;uic;4290854888;Q2936724;;XFGIC;87722439;Givors Canal
TN8772253;gare;Feyzin;Feyzin;Feyzin;8772253;87722538;45.665922;4.85286;FR;Europe/Paris;Q13600;Train TER;;uic;13409527181;Q3096429;;;87722538;Feyzin
TN8772254;gare;Sérézin;Sérézin;Sérézin;8772254;87722546;45.627304;4.817881;FR;Europe/Paris;Q1617488;Train TER;Car TER;uic;13410100639;Q2382041;;;87722546;Sérézin
TN8772256;gare;Chasse-sur-Rhône;Chasse-sur-Rhône;Chasse-sur-Rhône;8772256;87722561;45.582534;4.79519;FR;Europe/Paris;Q926254;Train TER;Car TER;uic;4290854865;Q3096199;;XFCSR;87722561;Chasse-sur-Rhône
TN8772257;gare;Estressin;Vienne-Estressin;Vienne-Estressin;8772257;87722579;45.540184;4.868219;FR;Europe/Paris;Q26849;Train TER;;uic;13417652726;Q3095751;;;87722579;Estressin
TN8772258;gare;Vienne;Vienne;Vienne;8772258;87722587;45.51956;4.872774;FR;Europe/Paris;Q26849;Train TER;;uic;7647450474;Q2744807;;;87722587;Vienne
TN8772265;gare;Saint-Clair - Les Roches;Saint-Clair - Les Roches;Saint-Clair - Les Roches;8772265;87722652;45.450272;4.769831;FR;Europe/Paris;Q1068169;Train TER;Car TER;uic;13173329734;Q2053496;;;87722652;Saint-Clair - Les Roches
TN8772267;gare;Le Péage-de-Roussillon;Péage-de-Roussillon;Péage-de-Roussillon;8772267;87722678;45.371645;4.795284;FR;Europe/Paris;Q1068581;Train TER;Car TER;uic;7647430454;Q2678036;;;87722678;Le Péage-de-Roussillon
TN8772270;gare;Francheville;Francheville;Francheville;8772270;87722702;45.73371;4.769625;FR;Europe/Paris;Q4054;Train TER;Car TER;uic;12918785199;Q1852144;;;87722702;Francheville
TN8772271;gare;Chaponost;Chaponost;Chaponost;8772271;87722710;45.698463;4.7643;FR;Europe/Paris;Q1151735;Train TER;Car TER;nom;14228169114;;;;87722710;Chaponost
TN8772272;gare;Brignais;Brignais;Brignais;8772272;87722728;45.673538;4.76352;FR;Europe/Paris;Q582184;Train TER;Car TER;gtfs;;;;;87722728;Brignais
TN8772274;gare;Alaï;Alaï;Alaï;8772274;87722744;45.752316;4.771858;FR;Europe/Paris;Q1647506;Train TER;;uic;6855693760;Q3095600;;;87722744;Alaï
TN8772319;gare;Lyon Part-Dieu;Lyon Part-Dieu;Lyon Part-Dieu;8772319;87723197;45.760573;4.860163;FR;Europe/Paris;Q456;ICE|INTERCITES|Lyria|OUIGO|TGV INOUI|Train TER;;uic;4290857016;Q2008;;XFLPD;87723197;Lyon Part Dieu
TN8772332;gare;Vénissieux;Vénissieux;Vénissieux;8772332;87723320;45.705055;4.888303;FR;Europe/Paris;Q13598;Train TER;Car TER;uic;13208794098;Q2736094;;;87723320;Vénissieux
TN8772335;gare;Saint-Priest;Saint-Priest;Saint-Priest;8772335;87723353;45.686372;4.934496;FR;Europe/Paris;Q331083;Train TER;Car TER;uic;9924526220;Q2460346;;;87723353;Saint-Priest
TN8772336;arret_car;Saint-Pierre-de-Chandieu Ronin;Saint-Pierre-de-Chandieu Ronin;Saint-Pierre-de-Chandieu Ronin;8772336;87723361;45.647632;5.011816;FR;Europe/Paris;Q910158;;Car TER;gtfs;;;;;87723361;Saint-Pierre-de-Chandieu Ronin
TN8772338;gare;Saint-Quentin-Fallavier;Saint-Quentin-Fallavier;Saint-Quentin-Fallavier;8772338;87723387;45.638226;5.099903;FR;Europe/Paris;Q636250;Train TER;Car TER;uic;5437906418;Q2072293;;;87723387;Saint-Quentin-Fallavier
TN8772339;gare;La Verpillière;La Verpillière;La Verpillière;8772339;87723395;45.627509;5.150677;FR;Europe/Paris;Q1002751;Train TER;Car TER;uic;8074518199;Q2781996;;;87723395;La Verpillière
TN8772342;gare;Bourgoin-Jallieu;Bourgoin-Jallieu;Bourgoin-Jallieu;8772342;87723429;45.583741;5.273342;FR;Europe/Paris;Q208893;Train TER;Car TER;uic;4335421771;Q1958669;;;87723429;Bourgoin-Jallieu
TN8772345;gare;Cessieu;Cessieu;Cessieu;8772345;87723452;45.561035;5.376088;FR;Europe/Paris;Q1002973;Train TER;;uic;9924450842;Q1998901;;;87723452;Cessieu
TN8772347;gare;La Tour-du-Pin;La Tour-du-Pin;La Tour-du-Pin;8772347;87723478;45.56018;5.449541;FR;Europe/Paris;Q217591;Train TER;Car TER;uic;4582056165;Q2082423;;;87723478;La Tour-du-Pin
TN8772349;gare;Saint-André-le-Gaz;Saint-André-le-Gaz;Saint-André-le-Gaz;8772349;87723494;45.544565;5.524518;FR;Europe/Paris;Q1068157;Train TER;Car TER;uic;9913919873;Q1932215;;;87723494;Saint-André-le-Gaz
TN8772350;gare;Crépieux la Pape;Crépieux la Pape;Crépieux la Pape;8772350;87723502;45.803918;4.892701;FR;Europe/Paris;Q386122;Train TER;;gtfs;;;;;87723502;Crépieux la Pape
TN8772352;gare;Miribel;Miribel;Miribel;8772352;87723528;45.822091;4.953922;FR;Europe/Paris;Q363100;Train TER;;gtfs;;;;;87723528;Miribel
TN8772353;gare;Saint-Maurice-de-Beynost;Saint-Maurice-de-Beynost;Saint-Maurice-de-Beynost;8772353;87723536;45.827421;4.976986;FR;Europe/Paris;Q11981;Train TER;;gtfs;;;;;87723536;Saint-Maurice-de-Beynost
TN8772354;gare;Beynost;Beynost;Beynost;8772354;87723544;45.833974;5.00762;FR;Europe/Paris;Q10235;Train TER;;uic;12606526503;Q2752803;;;87723544;Beynost
TN8772356;gare;Montluel;Montluel;Montluel;8772356;87723569;45.847722;5.05791;FR;Europe/Paris;Q239858;Train TER;Car TER;uic;4016487666;Q2522225;;XFMLU;87723569;Montluel
TN8772357;gare;La Valbonne;La Valbonne;La Valbonne;8772357;87723577;45.849151;5.125078;FR;Europe/Paris;Q211116;Train TER;Car TER;uic;12696444032;Q2104220;;;87723577;La Valbonne
TN8772358;gare;Meximieux - Pérouges;Meximieux - Pérouges;Meximieux - Pérouges;8772358;87723585;45.901783;5.193296;FR;Europe/Paris;Q243579;Train TER;Car TER;gtfs;;;;;87723585;Meximieux - Pérouges
TN8772370;gare;Sathonay-Rillieux;Sathonay-Rillieux;Sathonay-Rillieux;8772370;87723700;45.820078;4.875517;FR;Europe/Paris;Q386122;Train TER;;uic;4290859477;Q3097685;;XFSRI;87723700;Sathonay - Rillieux
TN8772371;gare;Les Échets;Les Échets;Les Échets;8772371;87723718;45.874668;4.910821;FR;Europe/Paris;Q363100;Train TER;;uic;2390919891;Q3098172;;;87723718;Les Échets
TN8772372;gare;Mionnay;Mionnay;Mionnay;8772372;87723726;45.896678;4.919752;FR;Europe/Paris;Q274703;Train TER;;uic;2529744515;Q3097042;;;87723726;Mionnay
TN8772373;gare;Saint-André-de-Corcy;Saint-André-de-Corcy;Saint-André-de-Corcy;8772373;87723734;45.925931;4.948794;FR;Europe/Paris;Q841590;Train TER;Car TER;uic;2335526858;Q3097484;;;87723734;Saint-André-de-Corcy
TN8772374;gare;Saint-Marcel-en-Dombes;Saint-Marcel-en-Dombes;Saint-Marcel-en-Dombes;8772374;87723742;45.950096;4.977338;FR;Europe/Paris;Q853448;Train TER;;uic;2389935430;Q3097566;;;87723742;Saint-Marcel en Dombes
TN8772375;gare;Villars-les-Dombes;Villars-les-Dombes;Villars-les-Dombes;8772375;87723759;46.00423;5.028384;FR;Europe/Paris;Q18104;Train TER;Car TER;uic;2390919895;Q3097985;;;87723759;Villars-les-Dombes
TN8772376;gare;Marlieux Châtillon;Marlieux Châtillon;Marlieux Châtillon;8772376;87723767;46.063877;5.07311;FR;Europe/Paris;Q841608;Train TER;;uic;2390919892;Q3096977;;;87723767;Marlieux - Châtillon
TN8772378;gare;Saint-Paul-de-Varax;Saint-Paul-de-Varax;Saint-Paul-de-Varax;8772378;87723783;46.100033;5.128205;FR;Europe/Paris;Q274716;Train TER;Car TER;uic;2390919893;Q3097592;;;87723783;Saint-Paul-de-Varax
TN8772379;gare;Servas - Lent;Servas - Lent;Servas - Lent;8772379;87723791;46.130741;5.167955;FR;Europe/Paris;Q859349;Train TER;;uic;2390919894;Q1989588;;;87723791;Servas - Lent
TN8772500;gare;Chalon-sur-Saône;Chalon-sur-Saône;Chalon-sur-Saône;8772500;87725002;46.781585;4.843433;FR;Europe/Paris;Q203645;ICE|INTERCITES|TGV INOUI|Train TER;Car TER;uic;2460981163;Q680195;;;87725002;Chalon-sur-Saône
TN8772516;arret_car;St Pierre Chandieu C.Cassier;St Pierre Chandieu C.Cassier;St Pierre Chandieu C.Cassier;8772516;87725168;45.644353;5.001639;FR;Europe/Paris;Q910158;;Car TER;gtfs;;;;;87725168;St Pierre Chandieu C.Cassier
TN8772519;arret_car;ST PIERRE C. ZI porte Dauphiné;ST PIERRE C. ZI porte Dauphiné;ST PIERRE C. ZI porte Dauphiné;8772519;87725192;45.661841;5.002382;FR;Europe/Paris;Q910158;;Car TER;gtfs;;;;;87725192;ST PIERRE C. ZI porte Dauphiné
TN8772530;arret_car;Toussieu la Côte;Toussieu la Côte;Toussieu la Côte;8772530;87725309;45.657938;4.983263;FR;Europe/Paris;Q1617219;;Car TER;gtfs;;;;;87725309;Toussieu la Côte
TN8772541;arret_car;Toussieu Eglise;Toussieu Eglise;Toussieu Eglise;8772541;87725416;45.654894;4.990003;FR;Europe/Paris;Q1617219;;Car TER;gtfs;;;;;87725416;Toussieu Eglise
TN8772547;gare;Boulazac Isle Manoire;Boulazac Isle Manoire;Boulazac Isle Manoire;8772547;87725473;45.171842;0.772969;FR;Europe/Paris;Q30041807;Train TER;Car TER;uic;8325069300;Q102618789;;;87725473;Boulazac Isle Manoire
TN8772561;gare;Sennecey-le-Grand;Sennecey-le-Grand;Sennecey-le-Grand;8772561;87725614;46.640684;4.874489;FR;Europe/Paris;Q946351;Train TER;Car TER;uic;9937421058;Q3097718;;;87725614;Sennecey-le-Grand
TN8772562;gare;Tournus;Tournus;Tournus;8772562;87725622;46.566663;4.906415;FR;Europe/Paris;Q501900;Train TER;Car TER;uic;471984678;Q3097896;;;87725622;Tournus
TN8772566;gare;Fleurville - Pont-de-Vaux;Fleurville - Pont-de-Vaux;Fleurville - Pont-de-Vaux;8772566;87725663;46.450907;4.884044;FR;Europe/Paris;Q947113;Train TER;Car TER;uic;10538016349;Q15300178;;;87725663;Fleurville - Pont-de-Vaux
TN8772567;gare;Senozan;Senozan;Senozan;8772567;87725671;46.391473;4.870553;FR;Europe/Paris;Q918119;Train TER;Car TER;uic;6708159886;Q15300177;;;87725671;Senozan
TN8772568;gare;Mâcon;Mâcon-Ville;Mâcon-Ville;8772568;87725689;46.302795;4.825013;FR;Europe/Paris;Q174247;INTERCITES|TGV INOUI|Train TER;Car TER;uic;2530903051;Q2748547;;;87725689;Mâcon
TN8772570;gare;Mâcon-Loché-TGV;Mâcon-Loché-TGV;Mâcon-Loché-TGV;8772570;87725705;46.282912;4.778849;FR;Europe/Paris;Q174247;TGV INOUI;Car TER;uic;2391072377;Q2253062;;;87725705;Mâcon - Loché TGV
TN8772571;gare;Crêches-sur-Saône;Crêches-sur-Saône;Crêches-sur-Saône;8772571;87725713;46.246176;4.784023;FR;Europe/Paris;Q1423324;Train TER;;uic;2530903043;Q3096336;;;87725713;Crêches-sur-Saône
TN8772572;gare;Pontanevaux;Pontanevaux-La-Chapelle;Pontanevaux-La-Chapelle;8772572;87725721;46.213076;4.772689;FR;Europe/Paris;Q1157547;Train TER;;uic;2530903061;Q3097309;;;87725721;Pontanevaux
TN8772573;gare;Romanèche-Thorins-Maison Blanche;Romanèche-Thorins;Romanèche-Thorins;8772573;87725739;46.176391;4.742101;FR;Europe/Paris;Q947091;Train TER;;uic;2530903068;Q3097437;;;87725739;Romanèche-Thorins-Maison Blanche
TN8772580;gare;Pont-de-Veyle;Pont-de-Veyle;Pont-de-Veyle;8772580;87725804;46.267897;4.893025;FR;Europe/Paris;Q549825;Train TER;Car TER;uic;1410973966;Q2304544;;;87725804;Pont-de-Veyle
TN8772581;arret_car;St-Jean-sur-Veyle;St-Jean-sur-Veyle;St-Jean-sur-Veyle;8772581;87725812;46.260585;4.915607;FR;Europe/Paris;Q853385;;Car TER;gtfs;;;;;87725812;St-Jean-sur-Veyle
TN8772582;gare;Vonnas;Vonnas;Vonnas;8772582;87725820;46.227266;4.99173;FR;Europe/Paris;Q243104;Train TER;Car TER;uic;6708199809;Q2661260;;;87725820;Vonnas
TN8772583;gare;Mézériat;Mézériat;Mézériat;8772583;87725838;46.235025;5.046582;FR;Europe/Paris;Q842791;Train TER;Car TER;uic;775616557;Q2133524;;;87725838;Mézériat
TN8772584;gare;Polliat;Polliat;Polliat;8772584;87725846;46.244632;5.123831;FR;Europe/Paris;Q387650;Train TER;;uic;1105285000;Q2419249;;;87725846;Polliat
TN8772589;gare;Échirolles;Échirolles;Échirolles;8772589;87725895;45.152787;5.71988;FR;Europe/Paris;Q211134;Train TER;;uic;6901121490;Q2206243;;;87725895;Échirolles
TN8772600;gare;Saint-Étienne Châteaucreux;Saint-Étienne Châteaucreux;Saint-Étienne Châteaucreux;8772600;87726000;45.443615;4.399607;FR;Europe/Paris;Q42716;TGV INOUI|Train TER;;uic;2010251922;Q2486002;;;87726000;Saint-Étienne Châteaucreux
TN8772608;arret_car;Domfessel Abri Rue Principale;Domfessel Abri Rue Principale;Domfessel Abri Rue Principale;8772608;87726083;48.951581;7.160614;FR;Europe/Paris;Q21235;;Car TER;gtfs;;;;;87726083;Domfessel Abri Rue Principale
TN8772609;arret_car;Lorentzen Rue principale;Lorentzen Rue principale;Lorentzen Rue principale;8772609;87726091;48.952522;7.175649;FR;Europe/Paris;Q22749;;Car TER;gtfs;;;;;87726091;Lorentzen Rue principale
TN8772615;gare;Saint-Étienne-La Terrasse;Saint-Étienne-La Terrasse;Saint-Étienne-La Terrasse;8772615;87726158;45.464718;4.379564;FR;Europe/Paris;Q42716;Train TER;Car TER;uic;2483753166;Q2616388;;;87726158;Saint-Étienne La Terrasse
TN8772617;gare;Saint-Étienne-le-Clapier;Saint-Étienne-le-Clapier;Saint-Étienne-le-Clapier;8772617;87726174;45.43711;4.378239;FR;Europe/Paris;Q42716;Train TER;;uic;6789120821;Q3097638;;;87726174;Saint-Étienne Le Clapier
TN8772619;gare;Saint-Étienne Bellevue;Bellevue;Bellevue;8772619;87726190;45.417163;4.392517;FR;Europe/Paris;Q42716;Train TER;;uic;635387484;Q2545435;;;87726190;Saint-Étienne Bellevue
TN8772620;gare;Veauche-Saint-Galmier;Veauche-Saint-Galmier;Veauche-Saint-Galmier;8772620;87726208;45.565898;4.2934;FR;Europe/Paris;Q686031;Train TER;Car TER;uic;928648585;Q2437593;;;87726208;Veauche - Saint-Galmier
TN8772621;gare;Bouthéon;Bouthéon;Bouthéon;8772621;87726216;45.524633;4.277713;FR;Europe/Paris;Q1066223;Train TER;;uic;4356845091;Q3096044;;;87726216;Bouthéon
TN8772623;gare;La Fouillouse;La Fouillouse;La Fouillouse;8772623;87726232;45.497741;4.316962;FR;Europe/Paris;Q1066057;Train TER;;uic;2351933220;Q3096780;;;87726232;La Fouillouse
TN8772630;gare;Saint-Chamond;Saint-Chamond;Saint-Chamond;8772630;87726307;45.47237;4.517018;FR;Europe/Paris;Q235739;Train TER;Car TER;uic;1410957430;Q3097503;;;87726307;Saint-Chamond
TN8772633;gare;Rive-de-Gier;Rive-de-Gier;Rive-de-Gier;8772633;87726331;45.524372;4.606587;FR;Europe/Paris;Q659298;Train TER;Car TER;uic;6568598621;Q14918105;;;87726331;Rive-de-Gier
TN8772640;gare;Andrézieux;Andrézieux;Andrézieux;8772640;87726406;45.521704;4.254834;FR;Europe/Paris;Q1066223;Train TER;Car TER;uic;2502415635;Q3095632;;;87726406;Andrézieux
TN8772641;gare;Bonson;Bonson;Bonson;8772641;87726414;45.522194;4.216308;FR;Europe/Paris;Q1066255;Train TER;Car TER;uic;2488881600;Q2365846;;;87726414;Bonson
TN8772642;gare;Sury-le-Comtal;Sury-le-Comtal;Sury-le-Comtal;8772642;87726422;45.529119;4.18249;FR;Europe/Paris;Q1155235;Train TER;Car TER;uic;2663385051;Q2797918;;;87726422;Sury-le-Comtal
TN8772643;gare;Saint-Romain-le-Puy;Saint-Romain-le-Puy;Saint-Romain-le-Puy;8772643;87726430;45.554576;4.120989;FR;Europe/Paris;Q1106403;Train TER;Car TER;gtfs;;;;;87726430;Saint-Romain-le-Puy
TN8772644;gare;Montbrison;Montbrison;Montbrison;8772644;87726448;45.604481;4.07824;FR;Europe/Paris;Q213288;Train TER;Car TER;gtfs;;;;;87726448;Montbrison
TN8772647;gare;Boën;Boën;Boën;8772647;87726471;45.741386;4.005061;FR;Europe/Paris;Q1388426;Train TER;Car TER;gtfs;;;;;87726471;Boën
TN8772670;gare;La Ricamarie;La Ricamarie;La Ricamarie;8772670;87726703;45.404086;4.360406;FR;Europe/Paris;Q522853;Train TER;;uic;335773060;Q3096803;;;87726703;La Ricamarie
TN8772671;gare;Le Chambon-Feugerolles;Le Chambon-Feugerolles;Le Chambon-Feugerolles;8772671;87726711;45.39476;4.322456;FR;Europe/Paris;Q1388495;Train TER;;uic;2228574971;Q3098188;;;87726711;Le Chambon-Feugerolles
TN8772672;gare;Firminy;Firminy;Firminy;8772672;87726729;45.391798;4.286384;FR;Europe/Paris;Q387642;Train TER;Car TER;uic;1272916308;Q3096434;;;87726729;Firminy
TN8772673;gare;Fraisses - Unieux;Fraisses - Unieux;Fraisses - Unieux;8772673;87726737;45.394797;4.261192;FR;Europe/Paris;Q1066090;Train TER;;uic;9974582845;Q3096467;;;87726737;Fraisses - Unieux
TN8772676;gare;Aurec;Aurec;Aurec;8772676;87726760;45.371145;4.19837;FR;Europe/Paris;Q250555;Train TER;Car TER;uic;9720220114;Q3095697;;;87726760;Aurec
TN8772677;gare;Bas-Monistrol;Bas-Monistrol;Bas-Monistrol;8772677;87726778;45.297616;4.139491;FR;Europe/Paris;Q1065773;Train TER;Car TER;uic;2316457155;Q3095908;;;87726778;Bas - Monistrol
TN8772678;gare;Pont de Lignon;Pont de Lignon;Pont de Lignon;8772678;87726786;45.259811;4.137314;FR;Europe/Paris;Q251414;Train TER;;uic;3308075544;Q3097299;;;87726786;Pont de Lignon
TN8772679;arret_car;Beauzac;Beauzac;Beauzac;8772679;87726794;45.258168;4.099086;FR;Europe/Paris;Q251414;;Car TER;gtfs;;;;;87726794;Beauzac
TN8772680;gare;Roanne;Roanne;Roanne;8772680;87726802;46.039296;4.062974;FR;Europe/Paris;Q3581;INTERCITES|Train TER;Car TER;uic;2483753165;Q3055385;;;87726802;Roanne
TN8772682;gare;Le Coteau;Le Coteau;Le Coteau;8772682;87726828;46.023943;4.086254;FR;Europe/Paris;Q1164461;Train TER;Car TER;uic;1676955969;Q2155944;;;87726828;Le Coteau
TN8772685;gare;Saint-Jodard;Saint-Jodard;Saint-Jodard;8772685;87726851;45.885718;4.125258;FR;Europe/Paris;Q80584;Train TER;;uic;703098305;;;;87726851;Saint-Jodard
TN8772686;gare;Balbigny;Balbigny;Balbigny;8772686;87726869;45.817811;4.187653;FR;Europe/Paris;Q636592;Train TER;;uic;12951834325;;;;87726869;Balbigny
TN8772687;gare;Feurs;Feurs;Feurs;8772687;87726877;45.744064;4.230609;FR;Europe/Paris;Q504919;Train TER;Car TER;uic;2483753163;Q3096431;;;87726877;Feurs
TN8772688;gare;Montrond-les-Bains;Montrond-les-Bains;Montrond-les-Bains;8772688;87726885;45.64437;4.248978;FR;Europe/Paris;Q1116307;Train TER;Car TER;uic;2483753164;Q2286280;;;87726885;Montrond-les-Bains
TN8772690;gare;Saint-Étienne Carnot;Saint-Étienne Carnot;Saint-Étienne Carnot;8772690;87726901;45.446901;4.385383;FR;Europe/Paris;Q42716;Train TER;;uic;614960947;Q645671;;;87726901;Saint-Étienne Carnot
TN8772773;arret_car;Troyes Théâtre de Champagne;Troyes Théâtre de Champagne;Troyes Théâtre de Champagne;8772773;87727735;48.300295;4.074469;FR;Europe/Paris;Q5489;;Car TER;gtfs;;;;;87727735;Troyes Théâtre de Champagne
TN8772850;gare;Saint-Fons;Saint-Fons;Saint-Fons;8772850;87728501;45.705636;4.852366;FR;Europe/Paris;Q828676;Train TER;;uic;13015855392;Q3097522;;;87728501;Saint-Fons
TN8772858;arret_car;Sarre-Union Rue des Roses;Sarre-Union Rue des Roses;Sarre-Union Rue des Roses;8772858;87728584;48.937562;7.091307;FR;Europe/Paris;Q21569;;Car TER;gtfs;;;;;87728584;Sarre-Union Rue des Roses
TN8772859;arret_car;Herbitzheim Rue de Hambach;Herbitzheim Rue de Hambach;Herbitzheim Rue de Hambach;8772859;87728592;49.021414;7.076665;FR;Europe/Paris;Q21342;;Car TER;gtfs;;;;;87728592;Herbitzheim Rue de Hambach
TN8773099;arret_car;Keskastel Rue de la Libération;Keskastel Rue de la Libération;Keskastel Rue de la Libération;8773099;87730994;48.977149;7.046092;FR;Europe/Paris;Q21285;;Car TER;gtfs;;;;;87730994;Keskastel Rue de la Libération
TN8773160;arret_car;Celles-sur-Durolle Arrêt des Cars;Celles-sur-Durolle Arrêt des Cars;Celles-sur-Durolle Arrêt des Cars;8773160;87731604;45.866782;3.644889;FR;Europe/Paris;Q1047781;;Car TER;gtfs;;;;;87731604;Celles-sur-Durolle Arrêt des Cars
TN8773180;arret_car;Saint-Georges-d'Aurac Bourg;Saint-Georges-d'Aurac Bourg;Saint-Georges-d'Aurac Bourg;8773180;87731802;45.156213;3.54073;FR;Europe/Paris;Q264379;;Car TER;gtfs;;;;;87731802;Saint-Georges-d'Aurac Bourg
TN8773182;gare;Lachaud-Curmilhac;Lachaud-Curmilhac;Lachaud-Curmilhac;8773182;87731828;45.122835;3.610419;FR;Europe/Paris;Q930271;Train TER;;uic;9636982368;Q3096828;;;87731828;Lachaud-Curmilhac
TN8773188;gare;Alleyras;Alleyras;Alleyras;8773188;87731885;44.918996;3.67331;FR;Europe/Paris;Q624148;Train TER;Car TER;uic;10019620426;Q3095616;;;87731885;Alleyras
TN8773200;gare;Vichy;Vichy;Vichy;8773200;87732008;46.126903;3.430822;FR;Europe/Paris;Q93351;INTERCITES|Train TER;Car TER;uic;300441313;Q2578951;;;87732008;Vichy
TN8773220;gare;Saint-Germain-des-Fossés;Saint-Germain-des-Fossés;Saint-Germain-des-Fossés;8773220;87732206;46.209052;3.430426;FR;Europe/Paris;Q462647;INTERCITES|Train TER;Car TER;uic;1906980049;Q1875757;;;87732206;Saint-Germain-des-Fossés
TN8773240;gare;Gannat;Gannat;Gannat;8773240;87732404;46.09759;3.204852;FR;Europe/Paris;Q272347;Train TER;Car TER;uic;9954651283;Q2154970;;;87732404;Gannat
TN8773269;arret_car;Chenimenil Filature;Chenimenil Filature;Chenimenil Filature;8773269;87732693;48.133949;6.600507;FR;Europe/Paris;Q740154;;Car TER;gtfs;;;;;87732693;Chenimenil Filature
TN8773373;arret_car;Lucay-le-Mâle Champ de Foire;Lucay-le-Mâle Champ de Foire;Lucay-le-Mâle Champ de Foire;8773373;87733733;47.123286;1.438125;FR;Europe/Paris;Q1137585;;Car TER;gtfs;;;;;87733733;Lucay-le-Mâle Champ de Foire
TN8773400;gare;Clermont-Ferrand;Clermont-Ferrand;Clermont-Ferrand;8773400;87734004;45.778585;3.100933;FR;Europe/Paris;Q42168;INTERCITES|Train TER;Car TER;uic;10936459654;Q2167884;;;87734004;Clermont-Ferrand
TN8773403;gare;Royat - Chamalières;Royat - Chamalières;Royat - Chamalières;8773403;87734038;45.767739;3.061624;FR;Europe/Paris;Q623487;Train TER;;uic;5050398921;Q2578159;;;87734038;Royat - Chamalières
TN8773404;gare;Gerzat;Gerzat;Gerzat;8773404;87734046;45.833352;3.143066;FR;Europe/Paris;Q1059614;Train TER;;uic;856807207;Q3096533;;XFGEZ;87734046;Gerzat
TN8773405;gare;Riom - Châtel-Guyon;Riom - Châtel-Guyon;Riom - Châtel-Guyon;8773405;87734053;45.889987;3.120735;FR;Europe/Paris;Q207575;INTERCITES|Train TER;Car TER;uic;12144555005;Q521237;;;87734053;Riom - Châtel-Guyon
TN8773408;gare;Pont du Château;Pont du Château;Pont du Château;8773408;87734087;45.788554;3.237783;FR;Europe/Paris;Q375535;Train TER;Car TER;uic;1583198647;Q1970035;;;87734087;Pont-du-Château
TN8773410;gare;Pontmort;Pontmort;Pontmort;8773410;87734103;45.939686;3.160076;FR;Europe/Paris;Q21979671;Train TER;;uic;3462881688;Q3097317;;;87734103;Pontmort
TN8773411;gare;Aubiat;Aubiat;Aubiat;8773411;87734111;45.983827;3.160514;FR;Europe/Paris;Q663387;Train TER;;gtfs;;;;;87734111;Aubiat
TN8773412;gare;Aigueperse;Aigueperse;Aigueperse;8773412;87734129;46.01487;3.19811;FR;Europe/Paris;Q333447;Train TER;Car TER;uic;7316888307;Q3095589;;;87734129;Aigueperse
TN8773415;gare;Sarliève - Cournon;Sarliève - Cournon;Sarliève - Cournon;8773415;87734152;45.738768;3.168117;FR;Europe/Paris;Q732854;Train TER;Car TER;uic;11135842344;Q3097675;;;87734152;Sarliève - Cournon
TN8773416;gare;Le Cendre - Orcet;Le Cendre - Orcet;Le Cendre - Orcet;8773416;87734160;45.723896;3.18874;FR;Europe/Paris;Q632452;Train TER;Car TER;uic;298397050;Q3098186;;;87734160;Le Cendre - Orcet
TN8773417;gare;Les Martres-de-Veyre;Les Martres-de-Veyre;Les Martres-de-Veyre;8773417;87734178;45.688257;3.193315;FR;Europe/Paris;Q1159666;Train TER;Car TER;uic;9643602787;Q3098158;;;87734178;Les Martres-de-Veyre
TN8773418;gare;Vic-le-Comte;Vic-le-Comte;Vic-le-Comte;8773418;87734186;45.664943;3.206936;FR;Europe/Paris;Q41109;Train TER;Car TER;uic;9643581276;Q3097970;;;87734186;Vic-le-Comte
TN8773419;gare;Parent - Coudes - Champeix;Parent - Coudes - Champeix;Parent - Coudes - Champeix;8773419;87734194;45.614286;3.216674;FR;Europe/Paris;Q1098360;Train TER;Car TER;uic;300455726;Q3097244;;;87734194;Parent - Coudes - Champeix
TN8773420;gare;Issoire;Issoire;Issoire;8773420;87734202;45.544032;3.253997;FR;Europe/Paris;Q133824;INTERCITES|Train TER;Car TER;uic;3412032614;Q3095800;;;87734202;Issoire
TN8773422;gare;Le Breuil-sur-Couze;Le Breuil-sur-Couze;Le Breuil-sur-Couze;8773422;87734228;45.467116;3.262154;FR;Europe/Paris;Q1047198;Train TER;Car TER;uic;621240523;Q3098179;;;87734228;Le Breuil-sur-Couze
TN8773424;gare;Brassac-les-Mines - Sainte-Florine;Brassac-les-Mines - Sainte-Florine;Brassac-les-Mines - Sainte-Florine;8773424;87734244;45.414075;3.330164;FR;Europe/Paris;Q476907;INTERCITES|Train TER;Car TER;uic;2534336127;Q3096057;;;87734244;Brassac-les-Mines - Sainte-Florine
TN8773425;gare;Arvant;Arvant;Arvant;8773425;87734251;45.365429;3.310427;FR;Europe/Paris;Q1065741;INTERCITES|Train TER;Car TER;uic;3947473631;Q3095673;;;87734251;Arvant
TN8773426;gare;Brioude;Brioude;Brioude;8773426;87734269;45.300705;3.378741;FR;Europe/Paris;Q203303;Train TER;Car TER;uic;1398590829;Q3096071;;XFBRD;87734269;Brioude
TN8773429;gare;Paulhaguet;Paulhaguet;Paulhaguet;8773429;87734293;45.210185;3.500579;FR;Europe/Paris;Q264386;Train TER;Car TER;uic;9636549102;Q3097258;;;87734293;Paulhaguet
TN8773430;gare;Saint-Georges d'Aurac;Saint-Georges d'Aurac;Saint-Georges d'Aurac;8773430;87734301;45.160597;3.494806;FR;Europe/Paris;Q1109595;Train TER;Car TER;uic;3947473635;Q3097525;;;87734301;Saint-Georges-d'Aurac
TN8773431;gare;Langeac;Langeac;Langeac;8773431;87734319;45.10121;3.490502;FR;Europe/Paris;Q625570;Train TER;Car TER;uic;4290857004;Q3096847;;XFLNC;87734319;Langeac
TN8773433;gare;Monistrol d'Allier;Monistrol d'Allier;Monistrol d'Allier;8773433;87734335;44.969654;3.649948;FR;Europe/Paris;Q676996;Train TER;Car TER;uic;2073097449;Q3097058;;XFMNR;87734335;Monistrol-d'Allier
TN8773434;gare;Chapeauroux;Chapeauroux;Chapeauroux;8773434;87734343;44.837982;3.741914;FR;Europe/Paris;Q27098487;Train TER;Car TER;uic;1897014156;Q3096187;;XFCPX;87734343;Chapeauroux
TN8773435;gare;Langogne;Langogne;Langogne;8773435;87734350;44.732719;3.857226;FR;Europe/Paris;Q199549;Train TER;Car TER;uic;3947473634;Q1935573;;XFLGG;87734350;Langogne
TN8773436;gare;Luc;Luc (Lozère);Luc (Lozère);8773436;87734368;44.654075;3.891542;FR;Europe/Paris;Q277893;Train TER;Car TER;uic;3107840310;Q3096912;;;87734368;Luc
TN8773442;gare;Vertaizon;Vertaizon;Vertaizon;8773442;87734426;45.784552;3.28828;FR;Europe/Paris;Q1215048;Train TER;Car TER;uic;11135865888;Q1983613;;;87734426;Vertaizon
TN8773444;gare;Lezoux;Lezoux;Lezoux;8773444;87734442;45.821075;3.38588;FR;Europe/Paris;Q1221375;Train TER;Car TER;uic;13294191850;Q1921700;;;87734442;Lezoux
TN8773445;gare;Pont-de-Dore;Pont-de-Dore;Pont-de-Dore;8773445;87734459;45.842782;3.490344;FR;Europe/Paris;Q1098506;Train TER;Car TER;uic;9954919966;Q3097303;;;87734459;Pont de Dore
TN8773447;gare;Thiers;Thiers;Thiers;8773447;87734475;45.86105;3.54318;FR;Europe/Paris;Q217174;Train TER;Car TER;uic;2487106730;Q2691990;;;87734475;Thiers
TN8773449;arret_car;Chabreloche Pont Bascule;Chabreloche Pont Bascule;Chabreloche Pont Bascule;8773449;87734491;45.879388;3.694762;FR;Europe/Paris;Q745001;;Car TER;gtfs;;;;;87734491;Chabreloche Pont Bascule
TN8773467;gare;Darsac;Darsac;Darsac;8773467;87734673;45.142139;3.736519;FR;Europe/Paris;Q1333482;Train TER;;uic;9636675510;Q3096349;;;87734673;Darsac
TN8773468;arret_car;Borne (Haute-Loire);Borne (Haute-Loire);Borne (Haute-Loire);8773468;87734681;45.099563;3.799295;FR;Europe/Paris;Q1064552;;Car TER;gtfs;;;;;87734681;Borne (Haute-Loire)
TN8773469;gare;Le Puy-en-Velay;Le Puy-en-Velay;Le Puy-en-Velay;8773469;87734699;45.042729;3.892567;FR;Europe/Paris;Q184359;Train TER;Car TER;uic;13800157;Q1891124;;;87734699;Le Puy-en-Velay
TN8773470;gare;Lavoûte-sur-Loire;Lavoûte-sur-Loire;Lavoûte-sur-Loire;8773470;87734707;45.121404;3.905496;FR;Europe/Paris;Q1109554;Train TER;Car TER;uic;9649486831;Q3096866;;;87734707;Lavoûte-sur-Loire
TN8773471;gare;Saint-Vincent-le-Château;Saint-Vincent-le-Château;Saint-Vincent-le-Château;8773471;87734715;45.148971;3.918585;FR;Europe/Paris;Q1322789;Train TER;Car TER;uic;9974615380;Q3097634;;;87734715;Saint-Vincent le Château
TN8773472;gare;Vorey;Vorey;Vorey;8773472;87734723;45.182913;3.911422;FR;Europe/Paris;Q273295;Train TER;Car TER;uic;9720028954;Q3098038;;;87734723;Vorey
TN8773473;gare;Chamalières-sur-Loire;Chamalières-sur-Loire;Chamalières-sur-Loire;8773473;87734731;45.205503;3.991763;FR;Europe/Paris;Q1065733;Train TER;Car TER;uic;3308075543;Q3096170;;;87734731;Chamalières-sur-Loire
TN8773474;gare;Retournac;Retournac;Retournac;8773474;87734749;45.201251;4.036105;FR;Europe/Paris;Q264270;Train TER;Car TER;uic;9720179063;Q3097397;;;87734749;Retournac
TN8773487;gare;Massiac - Blesle;Massiac - Blesle;Massiac - Blesle;8773487;87734871;45.253764;3.196337;FR;Europe/Paris;Q470686;INTERCITES|Train TER;Car TER;uic;1691821540;Q2599851;;;87734871;Massiac - Blesle
TN8773552;arret_car;Bouzonville Institut Providenc;Bouzonville Institut Providenc;Bouzonville Institut Providenc;8773552;87735522;49.292247;6.531394;FR;Europe/Paris;Q22933;;Car TER;gtfs;;;;;87735522;Bouzonville Institut Providenc
TN8773741;arret_car;Les Aubrais Gare Routière;Les Aubrais Gare Routière;Les Aubrais Gare Routière;8773741;87737411;47.926667;1.907464;FR;Europe/Paris;Q857771;;Car TER;gtfs;;;;;87737411;Les Aubrais Gare Routière
TN8773742;arret_car;Paris-Austerlitz Routiere;Paris-Austerlitz Routiere;Paris-Austerlitz Routiere;8773742;87737429;48.841536;2.367945;FR;Europe/Paris;Q90;;Car TER;gtfs;;;;;87737429;Paris-Austerlitz Routiere
TN8773758;arret_car;Sarreguemines Collège Fulrad;Sarreguemines Collège Fulrad;Sarreguemines Collège Fulrad;8773758;87737585;49.11873;7.075506;FR;Europe/Paris;Q22642;;Car TER;gtfs;;;;;87737585;Sarreguemines Collège Fulrad
TN8773759;arret_car;Sarreguemines Lycée Technique;Sarreguemines Lycée Technique;Sarreguemines Lycée Technique;8773759;87737593;49.1163;7.079192;FR;Europe/Paris;Q22642;;Car TER;gtfs;;;;;87737593;Sarreguemines Lycée Technique
TN8773766;arret_car;Sarreguemines Barth;Sarreguemines Barth;Sarreguemines Barth;8773766;87737668;49.101996;7.050557;FR;Europe/Paris;Q22642;;Car TER;gtfs;;;;;87737668;Sarreguemines Barth
TN8773767;arret_car;Sarreguemines Collège Himmelsberg;Sarreguemines Collège Himmelsberg;Sarreguemines Collège Himmelsberg;8773767;87737676;49.109055;7.052791;FR;Europe/Paris;Q22642;;Car TER;gtfs;;;;;87737676;Sarreguemines Collège Himmelsberg
TN8773768;arret_car;Sarreguemines Collège Jean Jaurès;Sarreguemines Collège Jean Jaurès;Sarreguemines Collège Jean Jaurès;8773768;87737684;49.103116;7.048974;FR;Europe/Paris;Q22642;;Car TER;gtfs;;;;;87737684;Sarreguemines Collège Jean Jaurès
TN8773769;arret_car;Sarreguemines Lycée Pange;Sarreguemines Lycée Pange;Sarreguemines Lycée Pange;8773769;87737692;49.108478;7.064027;FR;Europe/Paris;Q22642;;Car TER;gtfs;;;;;87737692;Sarreguemines Lycée Pange
TN8773770;arret_car;Sarreguemines Utzschneider;Sarreguemines Utzschneider;Sarreguemines Utzschneider;8773770;87737700;49.111667;7.067294;FR;Europe/Paris;Q22642;;Car TER;gtfs;;;;;87737700;Sarreguemines Utzschneider
TN8773771;arret_car;Hundling Stade;Hundling Stade;Hundling Stade;8773771;87737718;49.107769;6.981527;FR;Europe/Paris;Q22199;;Car TER;gtfs;;;;;87737718;Hundling Stade
TN8773773;arret_car;Farschviller Croisement Gare;Farschviller Croisement Gare;Farschviller Croisement Gare;8773773;87737734;49.088581;6.901817;FR;Europe/Paris;Q22362;;Car TER;gtfs;;;;;87737734;Farschviller Croisement Gare
TN8773809;gare;Le Bouscat Sainte-Germaine;Le Bouscat Sainte-Germaine;Le Bouscat Sainte-Germaine;8773809;87738096;44.870918;-0.61402;FR;Europe/Paris;Q192461;Train TER;Car TER;uic;10948825437;Q116240835;;;87738096;Le Bouscat Sainte-Germaine
TN8773996;arret_car;Saint-Symphorien-des-Bois;Saint-Symphorien-des-Bois;Saint-Symphorien-des-Bois;8773996;87739961;46.332815;4.281244;FR;Europe/Paris;Q1626198;;Car TER;gtfs;;;;;87739961;Saint-Symphorien-des-Bois
TN8774100;gare;Chambéry - Challes-les-Eaux;Chambéry - Challes-les-Eaux;Chambéry - Challes-les-Eaux;8774100;87741009;45.571474;5.919873;FR;Europe/Paris;Q165090;TGV INOUI|Train TER;Car TER;uic;5066478129;Q3096183;;;87741009;Chambéry - Challes-les-Eaux
TN8774107;gare;Culoz;Culoz;Culoz;8774107;87741074;45.842934;5.778793;FR;Europe/Paris;Q115727934;Train TER;Car TER;uic;5071073125;Q2444752;;;87741074;Culoz
TN8774110;gare;Vions - Chanaz;Vions - Chanaz;Vions - Chanaz;8774110;87741108;45.824297;5.80728;FR;Europe/Paris;Q819082;Train TER;Car TER;uic;10341205831;Q650959;;;87741108;Vions - Chanaz
TN8774111;gare;Chindrieux;Chindrieux;Chindrieux;8774111;87741116;45.803471;5.84691;FR;Europe/Paris;Q841386;Train TER;Car TER;gtfs;;;;;87741116;Chindrieux
TN8774113;gare;Aix-les-Bains - Le Revard;Aix-les-Bains - Le Revard;Aix-les-Bains - Le Revard;8774113;87741132;45.688138;5.908928;FR;Europe/Paris;Q181955;TGV INOUI|Train TER;Car TER;uic;5071070558;Q3095602;;;87741132;Aix-les-Bains le Revard
TN8774114;gare;Viviers-du-Lac;Viviers-du-Lac;Viviers-du-Lac;8774114;87741140;45.648537;5.903325;FR;Europe/Paris;Q549492;Train TER;Car TER;gtfs;;;;;87741140;Viviers-du-Lac
TN8774118;gare;Montmélian;Montmélian;Montmélian;8774118;87741181;45.50308;6.043824;FR;Europe/Paris;Q1061877;Train TER;Car TER;uic;9924581786;Q3097088;;;87741181;Montmélian
TN8774122;gare;Saint-Pierre-d'Albigny;Saint-Pierre-d'Albigny;Saint-Pierre-d'Albigny;8774122;87741223;45.557173;6.156411;FR;Europe/Paris;Q738150;Train TER;Car TER;uic;9924581787;Q2121593;;;87741223;Saint-Pierre-d'Albigny
TN8774123;gare;Chamousset;Chamousset;Chamousset;8774123;87741231;45.557571;6.206997;FR;Europe/Paris;Q1231302;Train TER;Car TER;uic;2426817185;Q2033374;;;87741231;Chamousset
TN8774124;arret_car;Aiton-Salle-Polyvalente;Aiton-Salle-Polyvalente;Aiton-Salle-Polyvalente;8774124;87741249;45.560231;6.254831;FR;Europe/Paris;Q410809;;Car TER;gtfs;;;;;87741249;Aiton-Salle-Polyvalente
TN8774125;gare;Aiguebelle;Aiguebelle;Aiguebelle;8774125;87741256;45.543714;6.306962;FR;Europe/Paris;Q59863711;Train TER;Car TER;uic;9924581788;Q2758131;;;87741256;Aiguebelle
TN8774127;arret_car;Argentine;Argentine;Argentine;8774127;87741272;45.497151;6.314943;FR;Europe/Paris;Q511643;;Car TER;gtfs;;;;;87741272;Argentine
TN8774128;gare;Épierre - Saint-Léger;Épierre - Saint-Léger;Épierre - Saint-Léger;8774128;87741280;45.456874;6.292322;FR;Europe/Paris;Q1149969;Train TER;Car TER;uic;9924581789;Q3095873;;;87741280;Épierre - Saint-Léger
TN8774129;arret_car;Les Chavannes-Saint-Rémy;Les Chavannes-Saint-Rémy;Les Chavannes-Saint-Rémy;8774129;87741298;45.387608;6.275897;FR;Europe/Paris;Q1164492;;Car TER;gtfs;;;;;87741298;Les Chavannes-Saint-Rémy
TN8774130;gare;Saint-Avre - La Chambre;Saint-Avre - La Chambre;Saint-Avre - La Chambre;8774130;87741306;45.353557;6.301744;FR;Europe/Paris;Q1222442;TGV INOUI|Train TER;Car TER;uic;9911267225;Q1879855;;;87741306;Saint-Avre - La Chambre
TN8774142;gare;Aiguebelette-le-Lac;Aiguebelette-le-Lac;Aiguebelette-le-Lac;8774142;87741421;45.536251;5.813177;FR;Europe/Paris;Q1242257;Train TER;;uic;9913919878;Q2381767;;;87741421;Aiguebelette-le-Lac
TN8774143;gare;Lépin le Lac - La Bauche;Lépin le Lac - La Bauche;Lépin le Lac - La Bauche;8774143;87741439;45.541622;5.765004;FR;Europe/Paris;Q777847;Train TER;Car TER;uic;9913919877;Q2500969;;;87741439;Lépin-le-Lac - La Bauche
TN8774144;arret_car;La Bridoire;La Bridoire;La Bridoire;8774144;87741447;45.53104;5.742902;FR;Europe/Paris;Q731685;;Car TER;gtfs;;;;;87741447;La Bridoire
TN8774145;gare;Saint-Béron - La Bridoire;Saint-Béron - La Bridoire;Saint-Béron - La Bridoire;8774145;87741454;45.503968;5.731751;FR;Europe/Paris;Q1218370;Train TER;Car TER;uic;9913919876;Q3097504;;;87741454;Saint-Béron - La Bridoire
TN8774146;arret_car;Domessin-le-Bonnard;Domessin-le-Bonnard;Domessin-le-Bonnard;8774146;87741462;45.524916;5.694931;FR;Europe/Paris;Q1153919;;Car TER;gtfs;;;;;87741462;Domessin-le-Bonnard
TN8774147;gare;Pont-de-Beauvoisin;Le Pont-de-Beauvoisin;Le Pont-de-Beauvoisin;8774147;87741470;45.524467;5.680594;FR;Europe/Paris;Q1072118;Train TER;Car TER;uic;9913919875;Q2462692;;;87741470;Pont-de-Beauvoisin
TN8774149;gare;Les Abrets - Fitilieu;Les Abrets - Fitilieu;Les Abrets - Fitilieu;8774149;87741496;45.542159;5.575527;FR;Europe/Paris;Q21979666;Train TER;Car TER;uic;9913919874;Q642288;;;87741496;Les Abrets - Fitilieu
TN8774150;gare;Virieu-le-Grand - Belley;Virieu-le-Grand - Belley;Virieu-le-Grand - Belley;8774150;87741504;45.848224;5.653712;FR;Europe/Paris;Q239863;Train TER;Car TER;uic;9911095780;Q3098019;;;87741504;Virieu-le-Grand - Belley
TN8774161;gare;Grésy-sur-Isère;Grésy-sur-Isère;Grésy-sur-Isère;8774161;87741611;45.594438;6.258889;FR;Europe/Paris;Q1216917;Train TER;Car TER;uic;3080728380;Q3096591;;;87741611;Grésy-sur-Isère
TN8774162;gare;Frontenex;Frontenex;Frontenex;8774162;87741629;45.630568;6.314041;FR;Europe/Paris;Q666979;Train TER;Car TER;gtfs;;;;;87741629;Frontenex
TN8774164;gare;Albertville;Albertville;Albertville;8774164;87741645;45.673192;6.383243;FR;Europe/Paris;Q159469;OUIGO|TGV INOUI|Train TER;Car TER;uic;3080728368;Q2905334;;;87741645;Albertville
TN8774167;arret_car;La Bathie;La Bathie;La Bathie;8774167;87741678;45.630508;6.445101;FR;Europe/Paris;Q536061;;Car TER;gtfs;;;;;87741678;La Bathie
TN8774168;arret_car;Cévins-échangeur;Cévins-échangeur;Cévins-échangeur;8774168;87741686;45.595002;6.446614;FR;Europe/Paris;Q655680;;Car TER;gtfs;;;;;87741686;Cévins-échangeur
TN8774169;gare;Notre-Dame de Briançon;Notre-Dame de Briançon;Notre-Dame de Briançon;8774169;87741694;45.539384;6.468855;FR;Europe/Paris;Q83492945;Train TER;Car TER;gtfs;;;;;87741694;Notre-Dame de Briançon
TN8774170;arret_car;La Léchère les Bains Petit Coeur;La Léchère les Bains Petit Coeur;La Léchère les Bains Petit Coeur;8774170;87741702;45.520481;6.484015;FR;Europe/Paris;Q83492945;;Car TER;gtfs;;;;;87741702;La Léchère les Bains Petit Coeur
TN8774171;arret_car;Aigueblanche-Centre;Aigueblanche-Centre;Aigueblanche-Centre;8774171;87741710;45.501835;6.508605;FR;Europe/Paris;Q58565141;;Car TER;gtfs;;;;;87741710;Aigueblanche-Centre
TN8774172;gare;Moûtiers-Salins-Brides-les-Bains;Moûtiers-Salins-Brides-les-Bains;Moûtiers-Salins-Brides-les-Bains;8774172;87741728;45.486711;6.531432;FR;Europe/Paris;Q818032;OUIGO|TGV INOUI|Train TER;Car TER;uic;9911451819;Q3097131;;;87741728;Moûtiers-Salins-Brides-les-B.
TN8774176;gare;Aime - La Plagne;Aime - La Plagne;Aime - La Plagne;8774176;87741769;45.554265;6.648892;FR;Europe/Paris;Q21979674;OUIGO|TGV INOUI|Train TER;Car TER;uic;9911451821;Q2653180;;;87741769;Aime - La Plagne
TN8774177;gare;Landry;Landry;Landry;8774177;87741777;45.574244;6.733589;FR;Europe/Paris;Q591860;TGV INOUI|Train TER;Car TER;uic;9911451822;Q2783838;;;87741777;Landry
TN8774179;gare;Bourg-Saint-Maurice;Bourg-Saint-Maurice;Bourg-Saint-Maurice;8774179;87741793;45.618805;6.771617;FR;Europe/Paris;Q238039;OUIGO|TGV INOUI|Train TER;Car TER;uic;3080728371;Q2003411;;;87741793;Bourg-Saint-Maurice
TN8774200;gare;Modane;Modane;Modane;8774200;87742007;45.19333;6.659044;FR;Europe/Paris;Q537113;TGV INOUI|Train TER;Car TER;uic;11599419549;Q2767199;;;87742007;Modane
TN8774201;arret_car;Noirétable Place Passelière;Noirétable Place Passelière;Noirétable Place Passelière;8774201;87742015;45.814254;3.768636;FR;Europe/Paris;Q661710;;Car TER;gtfs;;;;;87742015;Noirétable Place Passelière
TN8774205;arret_car;Grenoble Cité Internationale;Grenoble Cité Internationale;Grenoble Cité Internationale;8774205;87742056;45.195332;5.710879;FR;Europe/Paris;Q1289;;Car TER;gtfs;;;;;87742056;Grenoble Cité Internationale
TN8774219;arret_car;Schirmeck Cité Scolaire;Schirmeck Cité Scolaire;Schirmeck Cité Scolaire;8774219;87742197;48.483402;7.231295;FR;Europe/Paris;Q22509;;Car TER;gtfs;;;;;87742197;Schirmeck Cité Scolaire
TN8774223;arret_car;Hagondange Ballastière;Hagondange Ballastière;Hagondange Ballastière;8774223;87742239;49.254162;6.162804;FR;Europe/Paris;Q21913;;Car TER;gtfs;;;;;87742239;Hagondange Ballastière
TN8774224;arret_car;Auboué Centre;Auboué Centre;Auboué Centre;8774224;87742247;49.210554;5.977673;FR;Europe/Paris;Q473158;;Car TER;gtfs;;;;;87742247;Auboué Centre
TN8774225;arret_car;Hatrize Centre;Hatrize Centre;Hatrize Centre;8774225;87742254;49.192222;5.907748;FR;Europe/Paris;Q922571;;Car TER;gtfs;;;;;87742254;Hatrize Centre
TN8774226;gare;Toulon Sainte-Musse;Toulon Sainte-Musse;Toulon Sainte-Musse;8774226;87742262;43.125028;5.971887;FR;Europe/Paris;Q44160;Train TER;Car TER;uic;10257977597;Q116938148;;;87742262;Toulon Sainte-Musse
TN8774232;gare;Saint-Jean-de-Maurienne Arvan;Saint-Jean-de-Maurienne - Vallée de l'Arvan;Saint-Jean-de-Maurienne - Vallée de l'Arvan;8774232;87742320;45.277926;6.354039;FR;Europe/Paris;Q208860;TGV INOUI|Train TER;Car TER;uic;9911267224;Q3097549;;;87742320;Saint-Jean-de-Maurienne Arvan
TN8774236;gare;Saint-Michel - Valloire;Saint-Michel - Valloire;Saint-Michel - Valloire;8774236;87742361;45.216902;6.471616;FR;Europe/Paris;Q910079;TGV INOUI|Train TER;Car TER;uic;9911267223;Q980154;;;87742361;Saint-Michel - Valloire
TN8774300;gare;Bourg-en-Bresse;Bourg-en-Bresse;Bourg-en-Bresse;8774300;87743005;46.200093;5.214988;FR;Europe/Paris;Q133069;Lyria|Train TER;Car TER;uic;2529744506;Q3096043;;;87743005;Bourg-en-Bresse
TN8774310;arret_car;La Vavrette Tossiat RD1075;La Vavrette Tossiat RD1075;La Vavrette Tossiat RD1075;8774310;87743104;46.134616;5.290295;FR;Europe/Paris;Q864300;;Car TER;gtfs;;;;;87743104;La Vavrette Tossiat RD1075
TN8774311;gare;Saint-Martin-du-Mont;Saint-Martin-du-Mont;Saint-Martin-du-Mont;8774311;87743112;46.095753;5.303212;FR;Europe/Paris;Q864455;Train TER;;uic;9803530040;Q2010435;;;87743112;Saint-Martin-du-Mont
TN8774312;gare;Pont-d'Ain;Pont-d'Ain;Pont-d'Ain;8774312;87743120;46.053912;5.334185;FR;Europe/Paris;Q269706;Train TER;Car TER;uic;2529744527;Q2330039;;;87743120;Pont-d'Ain
TN8774314;gare;Ambronay-Priay;Ambronay-Priay;Ambronay-Priay;8774314;87743146;46.011594;5.338258;FR;Europe/Paris;Q193533;Train TER;;uic;2529744500;Q2876103;;;87743146;Ambronay - Priay
TN8774330;gare;Ceyzériat;Ceyzériat;Ceyzériat;8774330;87743302;46.183437;5.325806;FR;Europe/Paris;Q210104;Train TER;;uic;6728230014;Q2010865;;;87743302;Ceyzériat
TN8774332;gare;Villereversure;Villereversure;Villereversure;8774332;87743328;46.194205;5.397392;FR;Europe/Paris;Q840146;Train TER;;uic;6728186308;Q1947731;;;87743328;Villereversure
TN8774333;gare;Simandre-sur-Suran;Simandre-sur-Suran;Simandre-sur-Suran;8774333;87743336;46.220305;5.421118;FR;Europe/Paris;Q777557;Train TER;;uic;6728233993;Q2679597;;;87743336;Simandre-sur-Suran
TN8774334;gare;Cize - Bolozon;Cize - Bolozon;Cize - Bolozon;8774334;87743344;46.213436;5.453991;FR;Europe/Paris;Q213404;Train TER;;uic;6728233992;Q2281639;;;87743344;Cize - Bolozon
TN8774335;gare;Nurieux Gare;Nurieux;Nurieux;8774335;87743351;46.18422;5.532749;FR;Europe/Paris;Q271322;Lyria|Train TER;Car TER;uic;2494019283;Q2945500;;;87743351;Nurieux Gare
TN8774352;gare;Bellignat;Bellignat;Bellignat;8774352;87743526;46.238757;5.630264;FR;Europe/Paris;Q210917;Train TER;;uic;283558010;Q2107415;;;87743526;Bellignat
TN8774353;gare;Oyonnax;Oyonnax;Oyonnax;8774353;87743534;46.259607;5.653281;FR;Europe/Paris;Q191856;Train TER;Car TER;uic;2494019284;Q2151859;;;87743534;Oyonnax
TN8774359;arret_car;Molinges Village;Molinges Village;Molinges Village;8774359;87743591;46.356939;5.76531;FR;Europe/Paris;Q59734242;;Car TER;gtfs;;;;;87743591;Molinges Village
TN8774363;gare;Saint-Claude;Saint-Claude;Saint-Claude;8774363;87743633;46.390042;5.860395;FR;Europe/Paris;Q212444;Train TER;Car TER;uic;4237477262;Q2519419;;;87743633;Saint-Claude
TN8774369;arret_car;Commercy Zone du Seugnon;Commercy Zone du Seugnon;Commercy Zone du Seugnon;8774369;87743690;48.749547;5.600013;FR;Europe/Paris;Q212456;;Car à réservation;gtfs;;;;;87743690;Commercy Zone du Seugnon
TN8774371;gare;Ambérieu-en-Bugey;Ambérieu-en-Bugey;Ambérieu-en-Bugey;8774371;87743716;45.954014;5.342402;FR;Europe/Paris;Q192166;Train TER;Car TER;gtfs;;;;;87743716;Ambérieu-en-Bugey
TN8774374;gare;Saint-Rambert-en-Bugey;Saint-Rambert-en-Bugey;Saint-Rambert-en-Bugey;8774374;87743740;45.947368;5.438605;FR;Europe/Paris;Q589126;Train TER;Car TER;gtfs;;;;;87743740;Saint-Rambert-en-Bugey
TN8774375;gare;Tenay/Hauteville;Tenay/Hauteville;Tenay/Hauteville;8774375;87743757;45.922191;5.501449;FR;Europe/Paris;Q637366;Train TER;Car TER;uic;9911095782;Q2049910;;;87743757;Tenay - Hauteville
TN8774387;gare;Le Mans Hôpital-Université;Le Mans-Hôpital;Le Mans-Hôpital;8774387;87743872;48.01348;0.174715;FR;Europe/Paris;Q1476;Train TER;;uic;11150265339;Q97293085;;;87743872;Le Mans Hôpital-Université
TN8774401;arret_car;Colombey-les-Belles Mairie;Colombey-les-Belles Mairie;Colombey-les-Belles Mairie;8774401;87744011;48.528805;5.897083;FR;Europe/Paris;Q388016;;Car TER;gtfs;;;;;87744011;Colombey-les-Belles Mairie
TN8774407;gare;Saint-Gervais-les-Bains;Saint-Gervais-les-Bains;Saint-Gervais-les-Bains;8774407;87744078;45.906535;6.70158;FR;Europe/Paris;Q534206;Train TER;;gtfs;;;;;87744078;Saint-Gervais-les-Bains
TN8774417;gare;Ancenis Bis;Ancenis Bis;Ancenis Bis;8774417;87744177;47.369334;-1.177763;FR;Europe/Paris;Q57208924;Train TER;;gtfs;;;;;87744177;Ancenis Bis
TN8774423;arret_car;Châtenois Collège;Châtenois Collège;Châtenois Collège;8774423;87744235;48.270312;7.407618;FR;Europe/Paris;Q21440;;Car TER;gtfs;;;;;87744235;Châtenois Collège
TN8774424;arret_car;Orléans Avenue de Paris;Orléans Avenue de Paris;Orléans Avenue de Paris;8774424;87744243;47.908277;1.904229;FR;Europe/Paris;Q6548;;Car TER;gtfs;;;;;87744243;Orléans Avenue de Paris
TN8774492;arret_car;Blois Gare Routière;Blois Gare Routière;Blois Gare Routière;8774492;87744920;47.586922;1.324094;FR;Europe/Paris;Q160927;;Car TER;gtfs;;;;;87744920;Blois Gare Routière
TN8774500;gare;Bellegarde;Bellegarde;Bellegarde;8774500;87745000;46.110906;5.825958;FR;Europe/Paris;Q57741710;Lyria|TGV INOUI|Train TER;Car TER;uic;5066506648;Q3095950;;;87745000;Bellegarde
TN8774538;gare;Pougny - Chancy;Pougny - Chancy;Pougny - Chancy;8774538;87745380;46.14473;5.96136;FR;Europe/Paris;Q250679;Train TER;;gtfs;;;;;87745380;Pougny - Chancy
TN8774541;gare;Valleiry;Valleiry;Valleiry;8774541;87745414;46.109396;5.967306;FR;Europe/Paris;Q917937;Train TER;Car TER;uic;4290859694;Q3097926;;XFVEY;87745414;Valleiry
TN8774543;gare;Saint-Julien-en-Genevois;Saint-Julien-en-Genevois;Saint-Julien-en-Genevois;8774543;87745430;46.141956;6.085618;FR;Europe/Paris;Q368160;Train TER;Car TER;uic;9911095779;Q2378019;;;87745430;Saint-Julien-en-Genevois
TN8774549;gare;Annemasse;Annemasse;Annemasse;8774549;87745497;46.199589;6.237111;FR;Europe/Paris;Q212901;TGV INOUI|Train TER;Car TER;uic;3457256296;Q2130915;;;87745497;Annemasse
TN8774558;gare;Machilly;Machilly;Machilly;8774558;87745588;46.251279;6.328182;FR;Europe/Paris;Q829400;Train TER;Car TER;uic;4290857020;Q3096946;;XFMCI;87745588;Machilly
TN8774559;gare;Bons-en-Chablais;Bons-en-Chablais;Bons-en-Chablais;8774559;87745596;46.27002;6.366195;FR;Europe/Paris;Q741188;Train TER;Car TER;uic;7093398419;Q2199856;;;87745596;Bons-en-Chablais
TN8774562;gare;Perrignier;Perrignier;Perrignier;8774562;87745620;46.303272;6.424932;FR;Europe/Paris;Q684476;Train TER;Car TER;uic;3081154420;Q2859532;;;87745620;Perrignier
TN8774564;gare;Thonon-les-Bains;Thonon-les-Bains;Thonon-les-Bains;8774564;87745646;46.368964;6.48157;FR;Europe/Paris;Q206165;TGV INOUI|Train TER;Car TER;uic;7093398420;Q1870688;;;87745646;Thonon-les-Bains
TN8774567;gare;Évian-les-Bains;Évian-les-Bains;Évian-les-Bains;8774567;87745679;46.39791;6.577777;FR;Europe/Paris;Q273017;TGV INOUI|Train TER;Car TER;uic;3081154460;Q1949828;;;87745679;Évian-les-Bains
TN8774582;gare;Seyssel - Corbonod;Seyssel - Corbonod;Seyssel - Corbonod;8774582;87745828;45.963056;5.831367;FR;Europe/Paris;Q237432;Train TER;;uic;7244798012;Q2388669;;;87745828;Seyssel - Corbonod
TN8774600;gare;Annecy;Annecy;Annecy;8774600;87746008;45.902023;6.120712;FR;Europe/Paris;Q50189;TGV INOUI|Train TER;Car TER;uic;5061961433;Q2043382;;;87746008;Annecy
TN8774610;gare;Grésy-sur-Aix;Grésy-sur-Aix;Grésy-sur-Aix;8774610;87746107;45.724527;5.922146;FR;Europe/Paris;Q819905;Train TER;;gtfs;;;;;87746107;Grésy-sur-Aix
TN8774611;gare;Albens;Albens;Albens;8774611;87746115;45.785996;5.948483;FR;Europe/Paris;Q21427211;Train TER;Car TER;uic;13397787400;;;;87746115;Albens
TN8774614;gare;Rumilly;Rumilly;Rumilly;8774614;87746149;45.863021;5.948182;FR;Europe/Paris;Q841518;Train TER;Car TER;uic;9914205232;Q919584;;;87746149;Rumilly
TN8774620;gare;Pringy;Pringy;Pringy;8774620;87746206;45.939567;6.123418;FR;Europe/Paris;Q50189;Train TER;Car TER;uic;7093491696;Q2448329;;;87746206;Pringy
TN8774624;gare;Groisy - Thorens - La Caille;Groisy - Thorens - La Caille;Groisy - Thorens - La Caille;8774624;87746248;46.01116;6.175733;FR;Europe/Paris;Q775014;Train TER;Car TER;gtfs;;;;;87746248;Groisy - Thorens - La Caille
TN8774630;gare;La Roche-sur-Foron;La Roche-sur-Foron;La Roche-sur-Foron;8774630;87746305;46.067534;6.303864;FR;Europe/Paris;Q164339;Train TER;Car TER;uic;7093491697;Q2174337;;;87746305;La Roche-sur-Foron
TN8774631;gare;Saint-Pierre-en-Faucigny;Saint-Pierre-en-Faucigny;Saint-Pierre-en-Faucigny;8774631;87746313;46.059132;6.375556;FR;Europe/Paris;Q519495;Train TER;Car TER;uic;9911035460;Q3097597;;;87746313;Saint-Pierre-en-Faucigny
TN8774633;gare;Bonneville;Bonneville;Bonneville;8774633;87746339;46.077691;6.416797;FR;Europe/Paris;Q460795;Train TER;Car TER;uic;9911035461;Q2055245;;;87746339;Bonneville
TN8774634;gare;Marignier;Marignier;Marignier;8774634;87746347;46.088679;6.507767;FR;Europe/Paris;Q225606;Train TER;Car TER;uic;9911035462;Q3096976;;;87746347;Marignier
TN8774637;gare;Cluses;Cluses;Cluses;8774637;87746370;46.061229;6.582997;FR;Europe/Paris;Q654153;TGV INOUI|Train TER;Car TER;uic;9910179801;Q743022;;;87746370;Cluses
TN8774641;gare;Magland;Magland;Magland;8774641;87746412;46.016855;6.621395;FR;Europe/Paris;Q506831;Train TER;Car TER;uic;9911035459;Q3096951;;;87746412;Magland
TN8774643;gare;Sallanches - Combloux - Megeve;Sallanches - Combloux - Megeve;Sallanches - Combloux - Megeve;8774643;87746438;45.935849;6.636513;FR;Europe/Paris;Q845855;TGV INOUI|Train TER;Car TER;uic;7092816881;Q2533028;;;87746438;Sallanches - Combloux - Megève
TN8774647;gare;Saint-Gervais-les-Bains - Le Fayet;Saint-Gervais-les-Bains - Le Fayet;Saint-Gervais-les-Bains - Le Fayet;8774647;87746479;45.906572;6.701457;FR;Europe/Paris;Q534206;TGV INOUI|Train TER;Car TER;uic;7092852440;Q1996450;;;87746479;Saint-Gervais-les-Bains-Le Fayet
TN8774651;gare;Reignier;Reignier;Reignier;8774651;87746511;46.125578;6.267495;FR;Europe/Paris;Q567863;Train TER;Car TER;uic;7093491698;Q3097389;;;87746511;Reignier
TN8774670;gare;Chedde;Chedde;Chedde;8774670;87746701;45.92634;6.719784;FR;Europe/Paris;Q388949;Train TER;;gtfs;;;;;87746701;Chedde
TN8774671;gare;Servoz;Servoz;Servoz;8774671;87746719;45.924493;6.763472;FR;Europe/Paris;Q735362;Train TER;Car TER;gtfs;;;;;87746719;Servoz
TN8774672;gare;Vaudagne;Vaudagne;Vaudagne;8774672;87746727;45.908852;6.772667;FR;Europe/Paris;Q735362;Train TER;;uic;1400465420;Q2913384;;;87746727;Vaudagne
TN8774673;gare;Viaduc Sainte-Marie;Viaduc Sainte-Marie;Viaduc Sainte-Marie;8774673;87746735;45.897123;6.785044;FR;Europe/Paris;Q735362;Train TER;;uic;800734277;Q3098247;;;87746735;Viaduc sainte-Marie
TN8774674;gare;Les Houches;Les Houches;Les Houches;8774674;87746743;45.893564;6.796924;FR;Europe/Paris;Q735362;Train TER;Car TER;gtfs;;;;;87746743;Les Houches
TN8774675;gare;Taconnaz;Taconnaz;Taconnaz;8774675;87746750;45.899212;6.825874;FR;Europe/Paris;Q735362;Train TER;Car TER;uic;800821346;;;;87746750;Taconnaz
TN8774676;gare;Les Bossons;Les Bossons;Les Bossons;8774676;87746768;45.9068;6.83918;FR;Europe/Paris;Q83236;Train TER;Car TER;gtfs;;;;;87746768;Les Bossons
TN8774677;gare;Les Pélerins;Les Pélerins;Les Pélerins;8774677;87746776;45.912498;6.847224;FR;Europe/Paris;Q83236;Train TER;Car TER;gtfs;;;;;87746776;Les Pélerins
TN8774678;gare;Chamonix-Mont-Blanc;Chamonix-Mont-Blanc;Chamonix-Mont-Blanc;8774678;87746784;45.92277;6.87363;FR;Europe/Paris;Q83236;Train TER;Car TER;gtfs;;;;;87746784;Chamonix-Mont-Blanc
TN8774679;arret_car;Paris-Montparnasse Point Rencontre Groupes;Paris-Montparnasse Point Rencontre Groupes;Paris-Montparnasse Point Rencontre Groupes;8774679;87746792;48.841158;2.318045;FR;Europe/Paris;Q90;;Car TER;gtfs;;;;;87746792;Paris-Montparnasse Point Rencontre Groupes
TN8774680;arret_car;Epernon Gare Routière;Epernon Gare Routière;Epernon Gare Routière;8774680;87746800;48.604753;1.680881;FR;Europe/Paris;Q287148;;Car TER;gtfs;;;;;87746800;Epernon Gare Routière
TN8774681;gare;Les Moussoux;Les Moussoux;Les Moussoux;8774681;87746818;45.916637;6.858991;FR;Europe/Paris;Q83236;Train TER;Car TER;uic;246119381;;;;87746818;Les Moussoux
TN8774682;gare;Les Praz-de-Chamonix;Les Praz-de-Chamonix;Les Praz-de-Chamonix;8774682;87746826;45.93946;6.88874;FR;Europe/Paris;Q83236;Train TER;Car TER;uic;275367386;Q2189243;;;87746826;Les Praz de Chamonix
TN8774683;gare;Les Tines;Les Tines;Les Tines;8774683;87746834;45.95053;6.899362;FR;Europe/Paris;Q83236;Train TER;Car TER;gtfs;;;;;87746834;Les Tines
TN8774684;gare;La Joux;La Joux;La Joux;8774684;87746842;45.965708;6.910179;FR;Europe/Paris;Q83236;Train TER;;uic;1398912476;;;;87746842;La Joux
TN8774685;gare;Argentière;Argentière;Argentière;8774685;87746859;45.981944;6.926484;FR;Europe/Paris;Q83236;Train TER;Car TER;gtfs;;;;;87746859;Argentière
TN8774686;gare;Montroc le Planet;Montroc le Planet;Montroc le Planet;8774686;87746867;45.996459;6.934548;FR;Europe/Paris;Q83236;Train TER;;gtfs;;;;;87746867;Montroc le Planet
TN8774687;gare;Vallorcine;Vallorcine;Vallorcine;8774687;87746875;46.032476;6.932667;FR;Europe/Paris;Q912354;Train TER;Car TER;uic;9543361428;Q1916822;;;87746875;Vallorcine
TN8774688;gare;Le Buet;Le Buet;Le Buet;8774688;87746883;46.019171;6.920406;FR;Europe/Paris;Q912354;Train TER;Car TER;uic;11764702632;Q2046458;;;87746883;Le Buet
TN8774689;arret_car;Maintenon Gare Routière;Maintenon Gare Routière;Maintenon Gare Routière;8774689;87746891;48.585382;1.591937;FR;Europe/Paris;Q653559;;Car TER;gtfs;;;;;87746891;Maintenon Gare Routière
TN8774690;arret_car;Saint-Piat Gare Routière;Saint-Piat Gare Routière;Saint-Piat Gare Routière;8774690;87746909;48.543646;1.588554;FR;Europe/Paris;Q204142;;Car TER;gtfs;;;;;87746909;Saint-Piat Gare Routière
TN8774691;arret_car;Jouy Gare Routière;Jouy Gare Routière;Jouy Gare Routière;8774691;87746917;48.510217;1.557323;FR;Europe/Paris;Q1345116;;Car TER;gtfs;;;;;87746917;Jouy Gare Routière
TN8774692;arret_car;La Villette-Saint Prest Gare Routière;La Villette-Saint Prest Gare Routière;La Villette-Saint Prest Gare Routière;8774692;87746925;48.482726;1.522931;FR;Europe/Paris;Q1362102;;Car TER;gtfs;;;;;87746925;La Villette-Saint Prest Gare Routière
TN8774693;arret_car;Chartres Gare Rue Nicole;Chartres Gare Rue Nicole;Chartres Gare Rue Nicole;8774693;87746933;48.447281;1.480992;FR;Europe/Paris;Q130272;;Car TER;gtfs;;;;;87746933;Chartres Gare Rue Nicole
TN8774700;gare;Grenoble;Grenoble;Grenoble;8774700;87747006;45.191307;5.714102;FR;Europe/Paris;Q1289;OUIGO|TGV INOUI|Train TER;;uic;5070332503;Q2545346;;;87747006;Grenoble
TN8774712;arret_car;Troyes Québec;Troyes Québec;Troyes Québec;8774712;87747121;48.269985;4.082472;FR;Europe/Paris;Q5489;;Car TER;gtfs;;;;;87747121;Troyes Québec
TN8774714;arret_car;Troyes Hôpital Simone Veil;Troyes Hôpital Simone Veil;Troyes Hôpital Simone Veil;8774714;87747147;48.2798;4.0682;FR;Europe/Paris;Q688404;;Car TER;gtfs;;;;;87747147;Troyes Hôpital Simone Veil
TN8774717;arret_car;Pont-Sainte-Marie Arcis Magasins;Pont-Sainte-Marie Arcis Magasins;Pont-Sainte-Marie Arcis Magasins;8774717;87747170;48.3281;4.0998;FR;Europe/Paris;Q1366500;;Car TER;gtfs;;;;;87747170;Pont-Sainte-Marie Arcis Magasins
TN8774718;arret_car;Voué Mairie;Voué Mairie;Voué Mairie;8774718;87747188;48.4576;4.123027;FR;Europe/Paris;Q937133;;Car TER;gtfs;;;;;87747188;Voué Mairie
TN8774719;arret_car;Arcis-sur-Aube Rue de Châlons;Arcis-sur-Aube Rue de Châlons;Arcis-sur-Aube Rue de Châlons;8774719;87747196;48.5376;4.1418;FR;Europe/Paris;Q269401;;Car TER;gtfs;;;;;87747196;Arcis-sur-Aube Rue de Châlons
TN8774720;gare;Virieu-sur-Bourbre;Virieu-sur-Bourbre;Virieu-sur-Bourbre;8774720;87747204;45.491876;5.472263;FR;Europe/Paris;Q57695189;Train TER;Car TER;uic;12951759554;Q2362554;;;87747204;Virieu sur Bourbre
TN8774721;gare;Châbons;Châbons;Châbons;8774721;87747212;45.438321;5.427985;FR;Europe/Paris;Q1002981;Train TER;Car TER;uic;12323248573;Q2351956;;;87747212;Châbons
TN8774722;gare;Le Grand-Lemps;Le Grand-Lemps;Le Grand-Lemps;8774722;87747220;45.396676;5.42314;FR;Europe/Paris;Q609373;Train TER;Car TER;gtfs;;;;;87747220;Le Grand-Lemps
TN8774724;gare;Rives;Rives;Rives;8774724;87747246;45.357594;5.491895;FR;Europe/Paris;Q1002906;Train TER;Car TER;gtfs;;;;;87747246;Rives
TN8774725;arret_car;Mailly-le-Camp Garage;Mailly-le-Camp Garage;Mailly-le-Camp Garage;8774725;87747253;48.674695;4.191327;FR;Europe/Paris;Q592356;;Car TER;gtfs;;;;;87747253;Mailly-le-Camp Garage
TN8774726;arret_car;Sommesous Nationale;Sommesous Nationale;Sommesous Nationale;8774726;87747261;48.738064;4.205993;FR;Europe/Paris;Q1219882;;Car TER;gtfs;;;;;87747261;Sommesous Nationale
TN8774727;gare;Réaumont-Saint-Cassien;Réaumont-Saint-Cassien;Réaumont-Saint-Cassien;8774727;87747279;45.36882;5.53472;FR;Europe/Paris;Q1094333;Train TER;Car TER;uic;2343566244;Q3097466;;;87747279;Réaumont - Saint-Cassien
TN8774728;gare;Voiron;Voiron;Voiron;8774728;87747287;45.363942;5.594741;FR;Europe/Paris;Q238205;Train TER;Car TER;uic;9924450843;Q3098036;;;87747287;Voiron
TN8774729;arret_car;Vatry Rue Principale;Vatry Rue Principale;Vatry Rue Principale;8774729;87747295;48.821098;4.244065;FR;Europe/Paris;Q686385;;Car TER;gtfs;;;;;87747295;Vatry Rue Principale
TN8774730;arret_car;Châlons-en-Champagne Tissier;Châlons-en-Champagne Tissier;Châlons-en-Champagne Tissier;8774730;87747303;48.957927;4.364458;FR;Europe/Paris;Q47135;;Car TER;gtfs;;;;;87747303;Châlons-en-Champagne Tissier
TN8774732;gare;Moirans;Moirans;Moirans;8774732;87747329;45.322076;5.581728;FR;Europe/Paris;Q1154587;Train TER;Car TER;uic;13236220783;Q1821433;;;87747329;Moirans
TN8774733;gare;Voreppe;Voreppe;Voreppe;8774733;87747337;45.290383;5.631967;FR;Europe/Paris;Q752466;Train TER;;uic;10804730586;Q739473;;;87747337;Voreppe
TN8774734;arret_car;Châlons-en-Champagne Greta;Châlons-en-Champagne Greta;Châlons-en-Champagne Greta;8774734;87747345;48.97383;4.358965;FR;Europe/Paris;Q47135;;Car TER;gtfs;;;;;87747345;Châlons-en-Champagne Greta
TN8774735;gare;Saint-Égrève - Saint-Robert;Saint-Égrève - Saint-Robert;Saint-Égrève - Saint-Robert;8774735;87747352;45.235717;5.671121;FR;Europe/Paris;Q1069745;Train TER;;uic;12320041197;Q3097637;;;87747352;Saint-Égrève Saint-Robert
TN8774736;arret_car;Reims Gouraud;Reims Gouraud;Reims Gouraud;8774736;87747360;49.244794;4.048719;FR;Europe/Paris;Q41876;;Car TER;gtfs;;;;;87747360;Reims Gouraud
TN8774737;arret_car;Reims Saint-Symphorien;Reims Saint-Symphorien;Reims Saint-Symphorien;8774737;87747378;49.255102;4.03603;FR;Europe/Paris;Q41876;;Car TER;gtfs;;;;;87747378;Reims Saint-Symphorien
TN8774740;gare;Grenoble Universités - Gières;Grenoble Universités - Gières;Grenoble Universités - Gières;8774740;87747402;45.185058;5.784935;FR;Europe/Paris;Q607642;Train TER;;uic;11197283241;Q2881946;;;87747402;Grenoble Universités - Gières
TN8774745;gare;Brignoud;Brignoud;Brignoud;8774745;87747451;45.262528;5.901341;FR;Europe/Paris;Q976866;Train TER;Car TER;uic;11197296076;Q2919187;;;87747451;Brignoud
TN8774747;gare;Goncelin;Goncelin;Goncelin;8774747;87747477;45.342234;5.974132;FR;Europe/Paris;Q1002896;Train TER;Car TER;uic;10847058490;Q2489058;;;87747477;Goncelin
TN8774749;gare;Pontcharra sur Bréda;Pontcharra-sur-Bréda - Allevard;Pontcharra-sur-Bréda - Allevard;8774749;87747493;45.434127;6.007705;FR;Europe/Paris;Q472184;Train TER;Car TER;uic;11197323874;Q2281291;;;87747493;Pontcharra sur Bréda
TN8774753;gare;Jarrie-Vizille;Jarrie-Vizille;Jarrie-Vizille;8774753;87747535;45.085425;5.742302;FR;Europe/Paris;Q1339478;Train TER;Car TER;uic;6270404815;Q2145513;;;87747535;Jarrie - Vizille
TN8774756;gare;Saint-Georges-de-Commiers;Saint-Georges-de-Commiers;Saint-Georges-de-Commiers;8774756;87747568;45.044049;5.701702;FR;Europe/Paris;Q686097;Train TER;Car TER;uic;6284610615;Q2068835;;;87747568;Saint-Georges-de-Commiers
TN8774757;gare;Vif;Vif;Vif;8774757;87747576;45.04759;5.685363;FR;Europe/Paris;Q776983;Train TER;Car TER;uic;6284610614;Q945156;;;87747576;Vif
TN8774759;gare;Monestier-de-Clermont;Monestier-de-Clermont;Monestier-de-Clermont;8774759;87747592;44.911994;5.633973;FR;Europe/Paris;Q1012633;Train TER;Car TER;uic;6284610613;Q3097062;;;87747592;Monestier-de-Clermont
TN8774762;gare;Clelles-Mens;Clelles-Mens;Clelles-Mens;8774762;87747626;44.827254;5.605022;FR;Europe/Paris;Q1011535;Train TER;Car TER;uic;6284610612;Q2395629;;;87747626;Clelles - Mens
TN8774766;gare;Lus-la-Croix-Haute;Lus-la-Croix-Haute;Lus-la-Croix-Haute;8774766;87747667;44.670979;5.697223;FR;Europe/Paris;Q468568;Train TER;Car TER;uic;13248054109;Q2215039;;;87747667;Lus-la-Croix-Haute
TN8774769;gare;Moirans la Galifette;Moirans-Galifette;Moirans-Galifette;8774769;87747691;45.32393;5.563758;FR;Europe/Paris;Q1154587;Train TER;Car TER;uic;2613729252;Q3097052;;;87747691;Moirans la Galifette
TN8774788;arret_car;Wissembourg Lycée Stanislas;Wissembourg Lycée Stanislas;Wissembourg Lycée Stanislas;8774788;87747881;49.035214;7.959664;FR;Europe/Paris;Q22636;;Car TER;gtfs;;;;;87747881;Wissembourg Lycée Stanislas
TN8774835;gare;Talence-Médoquine;Talence-Médoquine;Talence-Médoquine;8774835;87748350;44.815756;-0.602296;FR;Europe/Paris;Q192481;Train TER;Car TER;uic;29557929;Q3097820;;;87748350;Talence-Médoquine
TN8774837;arret_car;Hundling Hôtel de Ville;Hundling Hôtel de Ville;Hundling Hôtel de Ville;8774837;87748376;49.107585;6.98149;FR;Europe/Paris;Q22199;;Car TER;gtfs;;;;;87748376;Hundling Hôtel de Ville
TN8774852;arret_car;La Pelletière Crépieux-la-Pape (arrêt Tcl);La Pelletière Crépieux-la-Pape (arrêt Tcl);La Pelletière Crépieux-la-Pape (arrêt Tcl);8774852;87748525;45.807316;4.892888;FR;Europe/Paris;Q386122;;Car TER;gtfs;;;;;87748525;La Pelletière Crépieux-la-Pape (arrêt Tcl)
TN8774873;arret_car;Poussay Rue de Mirecourt;Poussay Rue de Mirecourt;Poussay Rue de Mirecourt;8774873;87748731;48.315946;6.125975;FR;Europe/Paris;Q224274;;Car TER;gtfs;;;;;87748731;Poussay Rue de Mirecourt
TN8774874;arret_car;Rorschwihr Cimetière;Rorschwihr Cimetière;Rorschwihr Cimetière;8774874;87748749;48.218332;7.362414;FR;Europe/Paris;Q148548;;Car TER;gtfs;;;;;87748749;Rorschwihr Cimetière
TN8775100;gare;Marseille Saint-Charles;Marseille Saint-Charles;Marseille Saint-Charles;8775100;87751008;43.303264;5.381193;FR;Europe/Paris;Q23482;ICE|INTERCITES|Lyria|OUIGO|TGV INOUI|Train TER;Car TER|Car à réservation;uic;4290857022;Q371217;;XFM;87751008;Marseille Saint-Charles
TN8775108;gare;Marseille-Blancarde;Marseille-Blancarde;Marseille-Blancarde;8775108;87751081;43.296502;5.406749;FR;Europe/Paris;Q23482;INTERCITES de nuit|Train TER;;uic;4290857021;Q1835221;;XFMBL;87751081;Marseille Blancarde
TN8775120;gare;Sisteron;Sisteron;Sisteron;8775120;87751206;44.190224;5.946726;FR;Europe/Paris;Q271085;Train TER;;uic;13695345689;Q3097754;;;87751206;Sisteron
TN8775123;gare;Château-Arnoux-Saint-Auban;Château-Arnoux-Saint-Auban;Château-Arnoux-Saint-Auban;8775123;87751230;44.061482;5.997502;FR;Europe/Paris;Q320205;Train TER;;uic;10940373631;Q3063125;;;87751230;Château-Arnoux-Saint-Auban
TN8775127;gare;La Brillanne-Oraison;La Brillanne-Oraison;La Brillanne-Oraison;8775127;87751271;43.924772;5.892444;FR;Europe/Paris;Q980466;Train TER;;uic;10936300511;Q2548471;;;87751271;La Brillanne - Oraison
TN8775132;gare;Manosque - Gréoux-les-Bains;Manosque-Gréoux;Manosque-Gréoux;8775132;87751321;43.823139;5.793442;FR;Europe/Paris;Q234274;Train TER;;uic;10936297979;Q2106331;;;87751321;Manosque - Gréoux-les-Bains
TN8775136;gare;Pertuis;Pertuis;Pertuis;8775136;87751362;43.684373;5.503597;FR;Europe/Paris;Q386778;Train TER;;uic;10936310876;Q2557517;;;87751362;Pertuis
TN8775137;gare;Meyrargues;Meyrargues;Meyrargues;8775137;87751370;43.644114;5.539576;FR;Europe/Paris;Q675992;Train TER;;uic;10719399021;Q2041563;;;87751370;Meyrargues
TN8775140;gare;Aix-en-Provence;Aix-en-Provence;Aix-en-Provence;8775140;87751404;43.522729;5.445115;FR;Europe/Paris;Q47465;Train TER;;uic;4290854846;Q2783816;;XFAXP;87751404;Aix-en-Provence
TN8775142;gare;Gardanne;Gardanne;Gardanne;8775142;87751420;43.456267;5.462772;FR;Europe/Paris;Q318085;Train TER;;uic;4232057510;Q2362882;;XFGA;87751420;Gardanne
TN8775143;gare;Simiane;Simiane;Simiane;8775143;87751438;43.434942;5.426144;FR;Europe/Paris;Q640934;Train TER;;uic;9954867883;Q3097749;;;87751438;Simiane
TN8775152;gare;L'Ariane - La Trinité;L'Ariane - La Trinité;L'Ariane - La Trinité;8775152;87751529;43.734415;7.302615;FR;Europe/Paris;Q383475;Train TER;Car TER;uic;2277046620;Q15188509;;;87751529;L'Ariane La Trinité
TN8775160;gare;L'Estaque;L'Estaque;L'Estaque;8775160;87751602;43.363738;5.321384;FR;Europe/Paris;Q23482;Train TER;;uic;4290856998;Q1908789;;XFLES;87751602;L'Estaque
TN8775170;gare;Saint-Marcel;Saint-Marcel;Saint-Marcel;8775170;87751701;43.288422;5.466578;FR;Europe/Paris;Q23482;Train TER;;uic;10942969680;Q2569951;;;87751701;Saint-Marcel
TN8775171;gare;La Pomme;La Pomme;La Pomme;8775171;87751719;43.290545;5.441141;FR;Europe/Paris;Q23482;Train TER;;uic;3257868013;Q2027721;;;87751719;La Pomme
TN8775174;gare;La Penne-sur-Huveaune;La Penne-sur-Huveaune;La Penne-sur-Huveaune;8775174;87751743;43.284688;5.515552;FR;Europe/Paris;Q389455;Train TER;;gtfs;;;;;87751743;La Penne-sur-Huveaune
TN8775175;gare;Aubagne;Aubagne;Aubagne;8775175;87751750;43.296205;5.566399;FR;Europe/Paris;Q184047;Train TER;;uic;9909375516;Q959669;;;87751750;Aubagne
TN8775177;gare;Cassis;Cassis;Cassis;8775177;87751776;43.234133;5.553172;FR;Europe/Paris;Q243002;Train TER;;uic;10942988779;Q732611;;;87751776;Cassis
TN8775178;gare;La Ciotat-Ceyreste;La Ciotat-Ceyreste;La Ciotat-Ceyreste;8775178;87751784;43.199615;5.632822;FR;Europe/Paris;Q231554;Train TER;;uic;10097979747;Q2619718;;;87751784;La Ciotat-Ceyreste
TN8775180;gare;Septèmes;Septèmes;Septèmes;8775180;87751800;43.403682;5.370315;FR;Europe/Paris;Q753846;Train TER;;uic;10611350063;Q2678689;;;87751800;Septèmes
TN8775182;gare;Saint-Antoine;Saint-Antoine;Saint-Antoine;8775182;87751826;43.369026;5.358654;FR;Europe/Paris;Q23482;Train TER;;uic;10197573421;Q2689067;;;87751826;Saint-Antoine
TN8775184;gare;Sainte-Marthe-en-Provence;Sainte-Marthe-en-Provence;Sainte-Marthe-en-Provence;8775184;87751842;43.339297;5.390664;FR;Europe/Paris;Q23482;Train TER;;uic;13192276102;Q2538961;;;87751842;Sainte-Marthe en Provence
TN8775239;arret_car;Docelles Monument;Docelles Monument;Docelles Monument;8775239;87752394;48.146158;6.618587;FR;Europe/Paris;Q163789;;Car TER;gtfs;;;;;87752394;Docelles Monument
TN8775241;arret_car;Laval-sur-Vologne Rue de la Vologne;Laval-sur-Vologne Rue de la Vologne;Laval-sur-Vologne Rue de la Vologne;8775241;87752410;48.195389;6.702722;FR;Europe/Paris;Q836189;;Car TER;gtfs;;;;;87752410;Laval-sur-Vologne Rue de la Vologne
TN8775267;arret_car;Thionville Porte Saarlouis;Thionville Porte Saarlouis;Thionville Porte Saarlouis;8775267;87752675;49.35295;6.176307;FR;Europe/Paris;Q22640;;Car TER;gtfs;;;;;87752675;Thionville Porte Saarlouis
TN8775289;gare;Pont de Claix L'Étoile;Pont de Claix L'Étoile;Pont de Claix L'Étoile;8775289;87752899;45.137519;5.702807;FR;Europe/Paris;Q688457;Train TER;Car TER;nom;13406585730;Q134328347;;;87752899;Pont-de-Claix l'Étoile
TN8775298;arret_car;Montauban la Fobio;Montauban la Fobio;Montauban la Fobio;8775298;87752980;44.012367;1.371558;FR;Europe/Paris;Q172593;;Car TER;gtfs;;;;;87752980;Montauban la Fobio
TN8775299;arret_car;Lacourt-Saint-Pierre Talicous;Lacourt-Saint-Pierre Talicous;Lacourt-Saint-Pierre Talicous;8775299;87752998;43.976529;1.284199;FR;Europe/Paris;Q957856;;Car TER;gtfs;;;;;87752998;Lacourt-Saint-Pierre Talicous
TN8775300;gare;Miramas;Miramas;Miramas;8775300;87753004;43.581047;4.999367;FR;Europe/Paris;Q235865;TGV INOUI|Train TER;Car TER;uic;8328498197;Q2212277;;;87753004;Miramas
TN8775302;arret_car;Montech Lacoste;Montech Lacoste;Montech Lacoste;8775302;87753020;43.959553;1.251369;FR;Europe/Paris;Q917979;;Car TER;gtfs;;;;;87753020;Montech Lacoste
TN8775303;arret_car;Montech Pont Canal;Montech Pont Canal;Montech Pont Canal;8775303;87753038;43.95917;1.235694;FR;Europe/Paris;Q917979;;Car TER;gtfs;;;;;87753038;Montech Pont Canal
TN8775304;arret_car;Montech Boulevard Lagal;Montech Boulevard Lagal;Montech Boulevard Lagal;8775304;87753046;43.956897;1.22736;FR;Europe/Paris;Q917979;;Car TER;gtfs;;;;;87753046;Montech Boulevard Lagal
TN8775306;arret_car;Larrazet Avenue de Gascogne;Larrazet Avenue de Gascogne;Larrazet Avenue de Gascogne;8775306;87753061;43.931097;1.084393;FR;Europe/Paris;Q532667;;Car TER;gtfs;;;;;87753061;Larrazet Avenue de Gascogne
TN8775308;arret_car;Beaumont-de-Lomagne Place Jean Moulin;Beaumont-de-Lomagne Place Jean Moulin;Beaumont-de-Lomagne Place Jean Moulin;8775308;87753087;43.882346;0.984017;FR;Europe/Paris;Q660118;;Car TER;gtfs;;;;;87753087;Beaumont-de-Lomagne Place Jean Moulin
TN8775309;arret_car;Beaumont-de-Lomagne L.e.p;Beaumont-de-Lomagne L.e.p;Beaumont-de-Lomagne L.e.p;8775309;87753095;43.876909;0.978298;FR;Europe/Paris;Q660118;;Car TER;gtfs;;;;;87753095;Beaumont-de-Lomagne L.e.p
TN8775320;gare;Saint-Chamas;Saint-Chamas;Saint-Chamas;8775320;87753202;43.551105;5.040104;FR;Europe/Paris;Q640829;Train TER;;uic;9788837500;Q2476213;;;87753202;Saint-Chamas
TN8775325;gare;Rognac;Rognac;Rognac;8775325;87753251;43.486643;5.230848;FR;Europe/Paris;Q675965;Train TER;;uic;4290859609;Q3097434;;XFPGC;87753251;Rognac
TN8775328;gare;Pas-des-Lanciers;Pas-des-Lanciers;Pas-des-Lanciers;8775328;87753285;43.409663;5.253991;FR;Europe/Paris;Q243317;Train TER;;uic;4290857034;Q2471508;;XFPDL;87753285;Pas des Lanciers
TN8775341;gare;Istres;Gare d'Istres;Gare d'Istres;8775341;87753418;43.515405;4.980263;FR;Europe/Paris;Q203759;Train TER;;uic;13173235072;Q2130806;;;87753418;Istres
TN8775342;gare;Rassuen;Rassuen;Rassuen;8775342;87753426;43.496661;4.973105;FR;Europe/Paris;Q203759;Train TER;;gtfs;;;;;87753426;Rassuen
TN8775344;gare;Fos-sur-Mer;Fos-sur-Mer;Fos-sur-Mer;8775344;87753442;43.42807;4.974578;FR;Europe/Paris;Q675925;Train TER;;gtfs;;;;;87753442;Fos-sur-Mer
TN8775345;gare;Port-de-Bouc;Port-de-Bouc;Port-de-Bouc;8775345;87753459;43.407312;4.984617;FR;Europe/Paris;Q675925;Train TER;;uic;13173291643;Q3097326;;;87753459;Port-de-Bouc
TN8775349;gare;Croix Sainte;Croix Sainte;Croix Sainte;8775349;87753491;43.408898;5.019669;FR;Europe/Paris;Q237516;Train TER;;uic;11194795885;Q3096325;;;87753491;Croix Sainte
TN8775350;gare;Martigues;Martigues;Martigues;8775350;87753509;43.392944;5.02563;FR;Europe/Paris;Q237516;Train TER;;uic;11225690169;Q2203403;;;87753509;Martigues
TN8775354;gare;La Couronne Carro;La Couronne Carro;La Couronne Carro;8775354;87753541;43.339942;5.051719;FR;Europe/Paris;Q237516;Train TER;;uic;12293895081;Q2438242;;;87753541;La Couronne Carro
TN8775355;gare;Sausset-Les-Pins;Sausset-Les-Pins;Sausset-Les-Pins;8775355;87753558;43.332983;5.110068;FR;Europe/Paris;Q498204;Train TER;;uic;12001643894;Q2346591;;;87753558;Sausset-les-Pins
TN8775356;gare;Carry-le-Rouet;Carry-le-Rouet;Carry-le-Rouet;8775356;87753566;43.336677;5.153598;FR;Europe/Paris;Q239631;Train TER;;uic;11099856257;Q3096137;;;87753566;Carry-le-Rouet
TN8775357;gare;La Redonne Ensuès;La Redonne Ensuès;La Redonne Ensuès;8775357;87753574;43.334358;5.197559;FR;Europe/Paris;Q498224;Train TER;;uic;11063027483;Q2574034;;;87753574;La Redonne Ensuès
TN8775358;gare;Niolon;Niolon;Niolon;8775358;87753582;43.340136;5.257024;FR;Europe/Paris;Q640736;Train TER;;uic;9789082324;Q1838017;;;87753582;Niolon
TN8775365;gare;Arles;Arles;Arles;8775365;87753657;43.684899;4.632233;FR;Europe/Paris;Q48292;INTERCITES|TGV INOUI|Train TER;Car TER;uic;10933963119;Q1897505;;;87753657;Arles
TN8775368;gare;Saint-Martin-de-Crau;Saint-Martin-de-Crau;Saint-Martin-de-Crau;8775368;87753681;43.622164;4.800495;FR;Europe/Paris;Q815764;Train TER;Car TER;uic;10936277754;Q3097572;;;87753681;Saint-Martin-de-Crau
TN8775370;gare;Orgon;Orgon;Orgon;8775370;87753707;43.785854;5.045545;FR;Europe/Paris;Q269268;Train TER;Car TER;uic;11871867666;Q16507943;;;87753707;Orgon
TN8775371;gare;Sénas;Sénas;Sénas;8775371;87753715;43.740885;5.073243;FR;Europe/Paris;Q640681;Train TER;Car TER;uic;12688143648;Q16508051;;;87753715;Sénas
TN8775373;gare;Lamanon;Lamanon;Lamanon;8775373;87753731;43.69996;5.091461;FR;Europe/Paris;Q675980;Train TER;Car TER;uic;12412804633;Q15199469;;;87753731;Lamanon
TN8775376;gare;Salon;Salon;Salon;8775376;87753764;43.639074;5.088443;FR;Europe/Paris;Q232567;Train TER;Car TER;uic;10940403869;Q2071148;;;87753764;Salon
TN8775419;arret_car;Dossenheim-sur-Zinsel Pressoir;Dossenheim-sur-Zinsel Pressoir;Dossenheim-sur-Zinsel Pressoir;8775419;87754192;48.802712;7.402685;FR;Europe/Paris;Q21241;;Car TER;gtfs;;;;;87754192;Dossenheim-sur-Zinsel Pressoir
TN8775454;arret_car;Mon Idée;Mon Idée;Mon Idée;8775454;87754549;49.872526;4.37965;FR;Europe/Paris;Q1020600;;Car TER;gtfs;;;;;87754549;Mon Idée
TN8775491;arret_car;Boen Parc Lignon;Boen Parc Lignon;Boen Parc Lignon;8775491;87754911;45.741437;4.007151;FR;Europe/Paris;Q1388426;;Car TER;gtfs;;;;;87754911;Boen Parc Lignon
TN8775492;arret_car;Mailly-le-Camp Camp Militaire;Mailly-le-Camp Camp Militaire;Mailly-le-Camp Camp Militaire;8775492;87754929;48.66338;4.217615;FR;Europe/Paris;Q592356;;Car TER;gtfs;;;;;87754929;Mailly-le-Camp Camp Militaire
TN8775500;gare;Toulon;Toulon;Toulon;8775500;87755009;43.128642;5.929521;FR;Europe/Paris;Q44160;INTERCITES de nuit|OUIGO|TGV INOUI|Train TER;Car TER;uic;3489660893;Q2683553;;;87755009;Toulon
TN8775514;arret_car;Onet-le-Château Route de Sévérac;Onet-le-Château Route de Sévérac;Onet-le-Château Route de Sévérac;8775514;87755140;44.362045;2.593256;FR;Europe/Paris;Q638992;;Car TER;gtfs;;;;;87755140;Onet-le-Château Route de Sévérac
TN8775521;gare;Saint-Cyr - Les Lecques - La Cadière;Saint-Cyr - Les Lecques - La Cadière;Saint-Cyr - Les Lecques - La Cadière;8775521;87755215;43.185393;5.70377;FR;Europe/Paris;Q659335;Train TER;;uic;10921197871;Q1816039;;;87755215;Saint-Cyr Les Lecques - La Cadière
TN8775522;gare;Bandol;Bandol;Bandol;8775522;87755223;43.140372;5.750147;FR;Europe/Paris;Q467338;Train TER;;uic;1585891509;Q2931894;;;87755223;Bandol
TN8775523;gare;Ollioules - Sanary-sur-Mer;Ollioules-Sanary;Ollioules-Sanary;8775523;87755231;43.122469;5.824994;FR;Europe/Paris;Q840237;Train TER;;uic;9953019883;Q2195891;;;87755231;Ollioules - Sanary-sur-Mer
TN8775526;gare;La Seyne Six Fours;La Seyne Six Fours;La Seyne Six Fours;8775526;87755264;43.116993;5.876757;FR;Europe/Paris;Q208866;Train TER;;uic;2108060582;Q2333352;;;87755264;La Seyne - Six Fours
TN8775530;gare;La Garde;La Garde;La Garde;8775530;87755306;43.1187;6.010081;FR;Europe/Paris;Q244718;Train TER;Car TER;uic;9952377766;Q3096782;;;87755306;La Garde
TN8775531;gare;La Pauline;La Pauline;La Pauline;8775531;87755314;43.136323;6.03499;FR;Europe/Paris;Q244718;Train TER;Car TER;uic;9909381014;Q2675705;;;87755314;La Pauline
TN8775533;gare;Solliès-Pont;Solliès-Pont;Solliès-Pont;8775533;87755330;43.190805;6.046426;FR;Europe/Paris;Q817597;Train TER;Car TER;uic;9952990042;Q3097763;;;87755330;Solliès-Pont
TN8775535;gare;Cuers - Pierrefeu;Cuers - Pierrefeu;Cuers - Pierrefeu;8775535;87755355;43.236425;6.085702;FR;Europe/Paris;Q478559;Train TER;Car TER;uic;9952377768;Q2489194;;;87755355;Cuers - Pierrefeu
TN8775536;gare;Puget-Ville;Puget-Ville;Puget-Ville;8775536;87755363;43.283074;6.138465;FR;Europe/Paris;Q816114;Train TER;Car TER;uic;9952990044;Q2454091;;;87755363;Puget-Ville
TN8775537;gare;Carnoules;Carnoules;Carnoules;8775537;87755371;43.297473;6.1864;FR;Europe/Paris;Q696746;Train TER;Car TER;uic;249290787;Q2684008;;;87755371;Carnoules
TN8775538;gare;Pignans;Pignans;Pignans;8775538;87755389;43.298466;6.224854;FR;Europe/Paris;Q818058;Train TER;Car TER;uic;9952990047;Q2253083;;;87755389;Pignans
TN8775539;gare;Gonfaron;Gonfaron;Gonfaron;8775539;87755397;43.317158;6.281779;FR;Europe/Paris;Q612401;Train TER;Car TER;uic;9952990048;Q3031449;;;87755397;Gonfaron
TN8775540;gare;Le Luc - Le Cannet;Le Luc - Le Cannet;Le Luc - Le Cannet;8775540;87755405;43.390232;6.343096;FR;Europe/Paris;Q688110;Train TER;Car TER;uic;9952990049;Q2597445;;;87755405;Le Luc - Le Cannet
TN8775542;gare;Vidauban;Vidauban;Vidauban;8775542;87755421;43.430918;6.433857;FR;Europe/Paris;Q180000;Train TER;Car TER;uic;9952377770;Q2134146;;;87755421;Vidauban
TN8775544;gare;Les Arcs - Draguignan;Les Arcs - Draguignan;Les Arcs - Draguignan;8775544;87755447;43.455656;6.482511;FR;Europe/Paris;Q636734;INTERCITES de nuit|OUIGO|TGV INOUI|Train TER;Car TER;uic;8018589177;Q3098144;;;87755447;Les Arcs - Draguignan
TN8775561;gare;La Crau;La Crau;La Crau;8775561;87755611;43.144998;6.068628;FR;Europe/Paris;Q636893;Train TER;;uic;10933962221;Q2110920;;;87755611;La Crau
TN8775562;gare;Hyères;Hyères;Hyères;8775562;87755629;43.108762;6.124109;FR;Europe/Paris;Q192574;TGV INOUI|Train TER;;uic;10555546116;Q2542662;;;87755629;Hyères
TN8775605;gare;Nice-Ville;Nice-Ville;Nice-Ville;8775605;87756056;43.704745;7.261598;FR;Europe/Paris;Q33959;INTERCITES de nuit|OUIGO|TGV INOUI|Train TER;Car TER;uic;33017158;Q738970;;;87756056;Nice-Ville
TN8775625;gare;Nice Saint-Augustin;Nice Saint-Augustin;Nice Saint-Augustin;8775625;87756254;43.668496;7.210612;FR;Europe/Paris;Q33959;Train TER;;nom;27333931;Q3097206;;;87756254;Nice Saint-Augustin
TN8775630;gare;Villeneuve-Loubet-Plage;Villeneuve-Loubet;Villeneuve-Loubet;8775630;87756304;43.629244;7.134056;FR;Europe/Paris;Q320197;Train TER;;uic;459470900;Q15199232;;;87756304;Villeneuve-Loubet-Plage
TN8775632;gare;Cagnes-sur-Mer;Cagnes-sur-Mer;Cagnes-sur-Mer;8775632;87756320;43.657728;7.148427;FR;Europe/Paris;Q193832;Train TER;;uic;8093626803;Q3096110;;;87756320;Cagnes-sur-Mer
TN8775633;gare;Cros de Cagnes;Le Cros-de-Cagnes;Le Cros-de-Cagnes;8775633;87756338;43.660559;7.167131;FR;Europe/Paris;Q193832;Train TER;;uic;1675170250;Q2546150;;;87756338;Cros de Cagnes
TN8775634;gare;Saint-Laurent-du-Var;Saint-Laurent-du-Var;Saint-Laurent-du-Var;8775634;87756346;43.662391;7.194589;FR;Europe/Paris;Q217755;Train TER;;uic;269037849;Q15188534;;;87756346;Saint-Laurent-du-Var
TN8775635;gare;Nice Riquier;Nice Riquier;Nice Riquier;8775635;87756353;43.70582;7.290498;FR;Europe/Paris;Q33959;Train TER;;uic;3667436504;Q975315;;;87756353;Nice Riquier
TN8775636;gare;Villefranche-sur-Mer;Villefranche-sur-Mer;Villefranche-sur-Mer;8775636;87756361;43.70694;7.314185;FR;Europe/Paris;Q207080;Train TER;;uic;33016767;Q1862280;;;87756361;Villefranche-sur-Mer
TN8775637;gare;Beaulieu-sur-Mer;Beaulieu-sur-Mer;Beaulieu-sur-Mer;8775637;87756379;43.706645;7.331712;FR;Europe/Paris;Q211622;Train TER;;uic;269029574;Q2561480;;;87756379;Beaulieu-sur-Mer
TN8775638;gare;Èze;Èze-sur-Mer;Èze-sur-Mer;8775638;87756387;43.7222;7.356881;FR;Europe/Paris;Q242617;Train TER;;uic;33016223;Q2267208;;;87756387;Èze
TN8775639;gare;Cap d'Ail;Cap d'Ail;Cap d'Ail;8775639;87756395;43.720528;7.394338;FR;Europe/Paris;Q274193;Train TER;;uic;33015605;Q2326438;;;87756395;Cap-d'Ail
TN8775640;gare;Monaco-Monte-Carlo;Monaco - Monte Carlo;Monaco - Monte Carlo;8775640;87756403;43.738262;7.419498;MC;Europe/Monaco;Q55115;Train TER;Car TER;uic;9952646938;Q801195;;;87756403;Monaco-Monte-Carlo
TN8775646;gare;Roquebrune-Cap-Martin;Roquebrune-Cap-Martin;Roquebrune-Cap-Martin;8775646;87756460;43.760605;7.457349;FR;Europe/Paris;Q220668;Train TER;Car TER;uic;642466130;Q1917107;;;87756460;Roquebrune-Cap-Martin
TN8775647;gare;Carnolès;Carnolès;Carnolès;8775647;87756478;43.76196;7.481526;FR;Europe/Paris;Q220668;Train TER;Car TER;uic;642522545;Q2388773;;;87756478;Carnoles
TN8775648;gare;Menton;Menton;Menton;8775648;87756486;43.774703;7.493116;FR;Europe/Paris;Q180083;Train TER;Car TER;uic;642423112;Q1999123;;;87756486;Menton
TN8775649;gare;Menton - Garavan;Menton - Garavan;Menton - Garavan;8775649;87756494;43.78528;7.517236;FR;Europe/Paris;Q180083;Train TER;;uic;1697333877;Q3097023;;;87756494;Menton Garavan
TN8775676;gare;La Trinité-Victor;La Trinité-Victor;La Trinité-Victor;8775676;87756767;43.74277;7.311501;FR;Europe/Paris;Q383475;Train TER;Car TER;uic;35727528;Q3096816;;;87756767;La Trinité Victor
TN8775677;gare;Drap - Cantaron;Drap - Cantaron;Drap - Cantaron;8775677;87756775;43.759993;7.316915;FR;Europe/Paris;Q845711;Train TER;Car TER;uic;1011304028;Q2608753;;;87756775;Drap - Cantaron
TN8775678;gare;Peillon Sainte-Thècle;Peillon Sainte-Thècle;Peillon Sainte-Thècle;8775678;87756783;43.767924;7.366866;FR;Europe/Paris;Q327669;Train TER;Car TER;uic;10933427079;Q3097260;;;87756783;Peillon - Sainte-Thècle
TN8775679;gare;Peille;Peille;Peille;8775679;87756791;43.791995;7.380066;FR;Europe/Paris;Q866754;Train TER;Car TER;uic;249625998;Q3097259;;;87756791;Peille
TN8775680;gare;L´Escarène;L´Escarène;L´Escarène;8775680;87756809;43.839774;7.351922;FR;Europe/Paris;Q1002059;Train TER;Car TER;uic;3219013230;Q3096722;;;87756809;L'Escarène
TN8775681;gare;Touët-de-l'Escarène;Touët-de-l'Escarène;Touët-de-l'Escarène;8775681;87756817;43.847002;7.364266;FR;Europe/Paris;Q569135;Train TER;Car TER;uic;10933399841;Q3097895;;;87756817;Touët-de-l'Escarène
TN8775682;gare;Sospel;Sospel;Sospel;8775682;87756825;43.87642;7.453619;FR;Europe/Paris;Q467020;Train TER;Car TER;uic;10933411937;Q3097766;;;87756825;Sospel
TN8775683;gare;Breil sur Roya;Breil sur Roya;Breil sur Roya;8775683;87756833;43.944053;7.516319;FR;Europe/Paris;Q321111;Train TER;Car TER;uic;1407569289;Q1922511;;;87756833;Breil-sur-Roya
TN8775685;gare;Fontan - Saorge;Fontan - Saorge;Fontan - Saorge;8775685;87756858;43.996705;7.551606;FR;Europe/Paris;Q846521;Train TER;;uic;1030666588;Q3096450;;;87756858;Fontan - Saorge
TN8775686;gare;Saint-Dalmas-de-Tende;Saint-Dalmas-de-Tende;Saint-Dalmas-de-Tende;8775686;87756866;44.055874;7.584006;FR;Europe/Paris;Q236609;Train TER;;uic;11292675871;Q920420;;;87756866;Saint-Dalmas de Tende
TN8775687;gare;La Brigue;La Brigue;La Brigue;8775687;87756874;44.062567;7.605624;FR;Europe/Paris;Q387498;Train TER;;uic;1022553570;Q3096761;;;87756874;La Brigue
TN8775688;gare;Tende;Tende;Tende;8775688;87756882;44.090001;7.594082;FR;Europe/Paris;Q236609;Train TER;;uic;1030666081;Q2637328;;;87756882;Tende
TN8775741;arret_car;La Wantzenau Église;La Wantzenau Église;La Wantzenau Église;8775741;87757419;48.663876;7.822897;FR;Europe/Paris;Q21804;;Car TER;gtfs;;;;;87757419;La Wantzenau Église
TN8775750;gare;Fréjus;Fréjus;Fréjus;8775750;87757500;43.431919;6.732901;FR;Europe/Paris;Q215155;Train TER;;uic;27604417;Q1891738;;;87757500;Fréjus
TN8775752;gare;Saint-Raphaël-Valescure;Saint-Raphaël-Valescure;Saint-Raphaël-Valescure;8775752;87757526;43.422784;6.770226;FR;Europe/Paris;Q234281;INTERCITES de nuit|OUIGO|TGV INOUI|Train TER;;uic;829527258;Q1871873;;;87757526;Saint-Raphaël Valescure
TN8775753;gare;Boulouris sur Mer;Boulouris sur Mer;Boulouris sur Mer;8775753;87757534;43.416339;6.808277;FR;Europe/Paris;Q234281;Train TER;;uic;830477183;Q2097781;;;87757534;Boulouris sur Mer
TN8775754;gare;Le Dramont;Le Dramont;Le Dramont;8775754;87757542;43.417811;6.844212;FR;Europe/Paris;Q234281;Train TER;;uic;830477187;Q3098197;;;87757542;Le Dramont
TN8775755;gare;Agay;Agay;Agay;8775755;87757559;43.431363;6.856532;FR;Europe/Paris;Q234281;Train TER;;uic;830477180;Q3095586;;;87757559;Agay
TN8775756;gare;Anthéor-Cap-Roux;Anthéor-Cap-Roux;Anthéor-Cap-Roux;8775756;87757567;43.435004;6.892103;FR;Europe/Paris;Q234281;Train TER;;uic;2429974428;Q3095643;;;87757567;Anthéor Cap Roux
TN8775757;gare;Le Trayas;Le Trayas;Le Trayas;8775757;87757575;43.47466;6.92434;FR;Europe/Paris;Q234281;Train TER;;uic;830477185;Q3098239;;;87757575;Le Trayas
TN8775758;gare;Théoule-sur-Mer;Théoule-sur-Mer;Théoule-sur-Mer;8775758;87757583;43.513491;6.936826;FR;Europe/Paris;Q471530;Train TER;;uic;2930601333;Q3097868;;;87757583;Théoule-sur-Mer
TN8775759;gare;Mandelieu-la-Napoule;Mandelieu-la-Napoule;Mandelieu-la-Napoule;8775759;87757591;43.524184;6.941494;FR;Europe/Paris;Q239317;Train TER;;uic;27557168;Q3096964;;;87757591;Mandelieu-la-Napoule
TN8775761;gare;Cannes-la-Bocca;Cannes-la-Bocca;Cannes-la-Bocca;8775761;87757617;43.548667;6.986554;FR;Europe/Paris;Q39984;Train TER;;uic;2437973560;Q2390127;;;87757617;Cannes La Bocca
TN8775762;gare;Cannes;Cannes;Cannes;8775762;87757625;43.554156;7.019954;FR;Europe/Paris;Q39984;INTERCITES de nuit|OUIGO|TGV INOUI|Train TER;;uic;8312564191;Q2186722;;;87757625;Cannes
TN8775764;gare;Golfe-Juan Vallauris;Golfe-Juan Vallauris;Golfe-Juan Vallauris;8775764;87757641;43.566405;7.07367;FR;Europe/Paris;Q234205;Train TER;;uic;2796845768;Q423702;;;87757641;Golfe Juan Vallauris
TN8775766;gare;Juan-les-Pins;Juan-les-Pins;Juan-les-Pins;8775766;87757666;43.571015;7.111406;FR;Europe/Paris;Q126898;Train TER;;uic;27331639;Q3096668;;;87757666;Juan les Pins
TN8775767;gare;Antibes;Antibes;Antibes;8775767;87757674;43.585769;7.119269;FR;Europe/Paris;Q126898;INTERCITES de nuit|OUIGO|TGV INOUI|Train TER;;uic;1376794642;Q800390;;;87757674;Antibes
TN8775769;gare;Biot;Biot;Biot;8775769;87757690;43.610884;7.126256;FR;Europe/Paris;Q126898;Train TER;;uic;162593948;Q3095990;;;87757690;Biot
TN8775772;gare;Grasse;Grasse;Grasse;8775772;87757724;43.653858;6.926419;FR;Europe/Paris;Q173705;Train TER;;uic;206149230;Q954856;;;87757724;Grasse
TN8775773;gare;Ranguin;Ranguin;Ranguin;8775773;87757732;43.569341;6.969116;FR;Europe/Paris;Q220673;Train TER;;uic;355763418;Q3097380;;;87757732;Ranguin
TN8775774;gare;La Frayère;La Frayère;La Frayère;8775774;87757740;43.558097;6.972033;FR;Europe/Paris;Q39984;Train TER;;uic;130137304;Q3096781;;;87757740;La Frayère
TN8775775;gare;Le Bosquet;Le Bosquet;Le Bosquet;8775775;87757757;43.551065;6.981968;FR;Europe/Paris;Q39984;Train TER;;uic;8196293190;Q1958124;;;87757757;Le Bosquet
TN8775929;gare;Picon Busserine;Picon Busserine;Picon Busserine;8775929;87759290;43.331082;5.393064;FR;Europe/Paris;Q23482;Train TER;;uic;13192277158;Q2308570;;;87759290;Picon Busserine
TN8775931;gare;Saint-Joseph-le-Castellas;Saint-Joseph-le-Castellas;Saint-Joseph-le-Castellas;8775931;87759316;43.352005;5.377114;FR;Europe/Paris;Q23482;Train TER;;uic;13191454096;Q938931;;;87759316;Saint-Joseph le Castellas
TN8776100;gare;Valence-Ville;Valence-Ville;Valence-Ville;8776100;87761007;44.927829;4.893471;FR;Europe/Paris;Q8848;TGV INOUI|Train TER;Car TER;uic;10935384072;Q3097931;;;87761007;Valence Ville
TN8776105;arret_car;Oingt Route de Saint-Laurent;Oingt Route de Saint-Laurent;Oingt Route de Saint-Laurent;8776105;87761056;45.946037;4.581479;FR;Europe/Paris;Q27838602;;Car TER;gtfs;;;;;87761056;Oingt Route de Saint-Laurent
TN8776106;arret_car;Val-d'Oingt - Saint-Laurent-d'Oingt Bourg;Val-d'Oingt - Saint-Laurent-d'Oingt Bourg;Val-d'Oingt - Saint-Laurent-d'Oingt Bourg;8776106;87761064;45.945156;4.563591;FR;Europe/Paris;Q27838602;;Car TER;gtfs;;;;;87761064;Val-d'Oingt - Saint-Laurent-d'Oingt Bourg
TN8776107;arret_car;Val-d'Oingt - Saint-Laurent-d'Oingt Gare;Val-d'Oingt - Saint-Laurent-d'Oingt Gare;Val-d'Oingt - Saint-Laurent-d'Oingt Gare;8776107;87761072;45.932289;4.551666;FR;Europe/Paris;Q27838602;;Car TER;gtfs;;;;;87761072;Val-d'Oingt - Saint-Laurent-d'Oingt Gare
TN8776110;gare;Saint-Rambert-d'Albon;Saint-Rambert-d'Albon;Saint-Rambert-d'Albon;8776110;87761106;45.297768;4.810386;FR;Europe/Paris;Q219310;Train TER;Car TER;uic;13420671165;Q3097619;;;87761106;Saint-Rambert-d'Albon
TN8776113;gare;Saint-Vallier-sur-Rhône;Saint-Vallier-sur-Rhône;Saint-Vallier-sur-Rhône;8776113;87761130;45.185723;4.814533;FR;Europe/Paris;Q219321;Train TER;Car TER;uic;13426210418;Q2134090;;;87761130;Saint-Vallier sur Rhône
TN8776116;gare;Tain l'Hermitage - Tournon;Tain l'Hermitage - Tournon;Tain l'Hermitage - Tournon;8776116;87761163;45.072313;4.839796;FR;Europe/Paris;Q280296;Train TER;Car TER;uic;10940342999;Q1851214;;;87761163;Tain-l'Hermitage - Tournon
TN8776123;gare;L'Isle-d'Abeau;L'Isle-d'Abeau;L'Isle-d'Abeau;8776123;87761239;45.607506;5.219479;FR;Europe/Paris;Q1106991;Train TER;Car TER;uic;9924450841;Q3096736;;;87761239;L'Isle-d'Abeau
TN8776124;gare;Livron;Livron;Livron;8776124;87761247;44.779711;4.830268;FR;Europe/Paris;Q468227;Train TER;;uic;10940388520;Q2563655;;;87761247;Livron
TN8776126;gare;Loriol;Loriol;Loriol;8776126;87761262;44.754534;4.817043;FR;Europe/Paris;Q864107;Train TER;;uic;13247906451;Q2462836;;;87761262;Loriol
TN8776127;arret_car;Annonay-Gare Routière;Annonay-Gare Routière;Annonay-Gare Routière;8776127;87761270;45.24373;4.66863;FR;Europe/Paris;Q238366;;Car TER;gtfs;;;;;87761270;Annonay-Gare Routière
TN8776146;arret_car;Tournon-Centre;Tournon-Centre;Tournon-Centre;8776146;87761460;45.06298;4.83421;FR;Europe/Paris;Q213155;;Car TER;gtfs;;;;;87761460;Tournon-Centre
TN8776149;gare;Saint-Péray;Saint-Péray;Saint-Péray;8776149;87761494;44.94771;4.85035;FR;Europe/Paris;Q245195;Train TER;;gtfs;;;;;87761494;Saint-Péray
TN8776151;arret_car;Charmes-sur-Rhône-centre;Charmes-sur-Rhône-centre;Charmes-sur-Rhône-centre;8776151;87761510;44.862645;4.834876;FR;Europe/Paris;Q323743;;Car TER;gtfs;;;;;87761510;Charmes-sur-Rhône-centre
TN8776165;gare;Romans - Bourg-de-Péage;Romans - Bourg-de-Péage;Romans - Bourg-de-Péage;8776165;87761650;45.048862;5.049574;FR;Europe/Paris;Q239078;Train TER;Car TER;gtfs;;;;;87761650;Romans - Bourg-de-Péage
TN8776168;gare;Saint-Hilaire - Saint-Nazaire;Saint-Hilaire - Saint-Nazaire;Saint-Hilaire - Saint-Nazaire;8776168;87761684;45.071446;5.243825;FR;Europe/Paris;Q1150691;Train TER;Car TER;uic;10311457982;Q3097541;;;87761684;Saint-Hilaire - Saint-Nazaire
TN8776171;gare;Saint-Marcellin;Saint-Marcellin;Saint-Marcellin;8776171;87761718;45.150474;5.323156;FR;Europe/Paris;Q521432;Train TER;Car TER;uic;13240503591;Q3097567;;;87761718;Saint-Marcellin
TN8776172;gare;Vinay;Vinay;Vinay;8776172;87761726;45.20809;5.410409;FR;Europe/Paris;Q632281;Train TER;Car TER;uic;12323248574;Q3098014;;;87761726;Vinay
TN8776174;gare;Poliénas;Poliénas;Poliénas;8776174;87761742;45.256153;5.473881;FR;Europe/Paris;Q963352;Train TER;Car TER;uic;12951472391;Q3097293;;;87761742;Poliénas
TN8776175;gare;Tullins-Fures;Tullins-Fures;Tullins-Fures;8776175;87761759;45.300869;5.492321;FR;Europe/Paris;Q470740;Train TER;Car TER;uic;13247496069;Q3097910;;;87761759;Tullins Fures
TN8776178;gare;Crest;Crest;Crest;8776178;87761783;44.730108;5.015929;FR;Europe/Paris;Q327259;INTERCITES de nuit|Train TER;Car TER|Car à réservation;uic;10942991731;Q2404429;;;87761783;Crest
TN8776181;gare;Saillans;Saillans;Saillans;8776181;87761817;44.694416;5.19413;FR;Europe/Paris;Q131581676;Train TER;Car TER;gtfs;;;;;87761817;Saillans
TN8776184;gare;Die;Die;Die;8776184;87761841;44.758238;5.363219;FR;Europe/Paris;Q209773;INTERCITES de nuit|Train TER;Car TER|Car à réservation;gtfs;;;;;87761841;Die
TN8776187;gare;Luc-en-Diois;Luc-en-Diois;Luc-en-Diois;8776187;87761874;44.613697;5.454618;FR;Europe/Paris;Q782469;INTERCITES de nuit|Train TER;Car TER;gtfs;;;;;87761874;Luc-en-Diois
TN8776258;arret_car;Aguessac Bellevue;Aguessac Bellevue;Aguessac Bellevue;8776258;87762583;44.16026;3.090917;FR;Europe/Paris;Q1082230;;Car TER;gtfs;;;;;87762583;Aguessac Bellevue
TN8776290;gare;Lyon-Saint-Exupéry TGV;Lyon-Saint-Exupéry TGV;Lyon-Saint-Exupéry TGV;8776290;87762906;45.721029;5.075805;FR;Europe/Paris;Q752476;OUIGO|TGV INOUI;;uic;9908985728;Q801144;;;87762906;Lyon Saint-Exupéry TGV
TN8776300;gare;Gap;Gap;Gap;8776300;87763003;44.563855;6.085659;FR;Europe/Paris;Q175081;INTERCITES de nuit|Train TER;Car TER|Car à réservation;uic;10940403868;Q2842615;;;87763003;Gap
TN8776302;gare;Valence TGV Rhône-Alpes Sud;Valence TGV Sud Rhône-Alpes;Valence TGV Sud Rhône-Alpes;8776302;87763029;44.991932;4.978434;FR;Europe/Paris;Q326786;OUIGO|TGV INOUI|Train TER;Car TER;uic;9909081028;Q2052261;;;87763029;Valence TGV Rhône-Alpes Sud
TN8776317;arret_car;Griesbach-le-Bastberg Église;Griesbach-le-Bastberg Église;Griesbach-le-Bastberg Église;8776317;87763177;48.815549;7.432742;FR;Europe/Paris;Q22740;;Car TER;gtfs;;;;;87763177;Griesbach-le-Bastberg Église
TN8776325;gare;Aspres-sur-Buëch;Aspres-sur-Buëch;Aspres-sur-Buëch;8776325;87763250;44.519412;5.754558;FR;Europe/Paris;Q379985;Train TER;Car TER;uic;10934022350;Q2468651;;;87763250;Aspres-sur-Buëch
TN8776330;gare;Veynes-Dévoluy;Veynes-Dévoluy;Veynes-Dévoluy;8776330;87763300;44.531909;5.815914;FR;Europe/Paris;Q470679;INTERCITES de nuit|Train TER;Car TER|Car à réservation;uic;10934043160;Q2669992;;;87763300;Veynes Dévoluy
TN8776342;gare;Chorges;Chorges;Chorges;8776342;87763425;44.545842;6.271889;FR;Europe/Paris;Q322959;INTERCITES de nuit|Train TER;Car à réservation;gtfs;;;;;87763425;Chorges
TN8776346;gare;Embrun;Embrun;Embrun;8776346;87763466;44.567012;6.496753;FR;Europe/Paris;Q207610;INTERCITES de nuit|Train TER;Car à réservation;gtfs;;;;;87763466;Embrun
TN8776350;gare;Mont-Dauphin - Guillestre;Mont-Dauphin - Guillestre;Mont-Dauphin - Guillestre;8776350;87763508;44.674625;6.61561;FR;Europe/Paris;Q951068;INTERCITES de nuit|Train TER;Car à réservation;gtfs;;;;;87763508;Mont-Dauphin - Guillestre
TN8776355;gare;L'Argentière les Écrins;L'Argentière les Écrins;L'Argentière les Écrins;8776355;87763557;44.791013;6.556408;FR;Europe/Paris;Q380689;INTERCITES de nuit|Train TER;Car à réservation;gtfs;;;;;87763557;L'Argentière les Écrins
TN8776360;gare;Briançon;Briançon;Briançon;8776360;87763607;44.889842;6.632966;FR;Europe/Paris;Q203298;INTERCITES de nuit|Train TER;Car à réservation;gtfs;;;;;87763607;Briançon
TN8776372;gare;Serres;Serres;Serres;8776372;87763722;44.424661;5.718297;FR;Europe/Paris;Q470668;Train TER;;uic;10934048371;Q2313377;;;87763722;Serres
TN8776375;gare;Laragne;Laragne;Laragne;8776375;87763755;44.316611;5.818888;FR;Europe/Paris;Q1020876;Train TER;;uic;13699048401;Q2280269;;;87763755;Laragne
TN8776400;gare;Montélimar;Montélimar;Montélimar;8776400;87764001;44.559014;4.744721;FR;Europe/Paris;Q234270;TGV INOUI|Train TER;;uic;9269995212;Q3097102;;;87764001;Montélimar
TN8776429;gare;Donzère;Donzère;Donzère;8776429;87764290;44.443339;4.704479;FR;Europe/Paris;Q817843;Train TER;;uic;10940383486;Q2161382;;;87764290;Donzère
TN8776430;gare;Pierrelatte;Pierrelatte;Pierrelatte;8776430;87764308;44.374704;4.704055;FR;Europe/Paris;Q324027;Train TER;Car TER;uic;10940381731;Q1873503;;;87764308;Pierrelatte
TN8776435;gare;Bollène - La Croisière;Bollène - La Croisière;Bollène - La Croisière;8776435;87764357;44.271569;4.708125;FR;Europe/Paris;Q331579;Train TER;;uic;4348387689;Q3096014;;;87764357;Bollène la Croisière
TN8776440;arret_car;Le Pouzin Place Maréchal Leclerc;Le Pouzin Place Maréchal Leclerc;Le Pouzin Place Maréchal Leclerc;8776440;87764407;44.756135;4.747765;FR;Europe/Paris;Q625492;;Car TER;gtfs;;;;;87764407;Le Pouzin Place Maréchal Leclerc
TN8776447;gare;Le Teil;Le Teil;Le Teil;8776447;87764472;44.552452;4.686184;FR;Europe/Paris;Q384423;Train TER;;uic;4290857008;Q3098232;;XFLTE;87764472;Le Teil
TN8776455;gare;Pont-Saint-Esprit;Pont-Saint-Esprit;Pont-Saint-Esprit;8776455;87764555;44.253506;4.643134;FR;Europe/Paris;Q243074;Train TER;;uic;10940388948;Q3096014;;;87764555;Pont-Saint-Esprit
TN8776457;gare;Bagnols-sur-Cèze;Bagnols-sur-Cèze;Bagnols-sur-Cèze;8776457;87764571;44.161658;4.626965;FR;Europe/Paris;Q274183;Train TER;;uic;10940381916;Q113573952;;;87764571;Bagnols-sur-Cèze
TN8776471;arret_car;Saint-Jean-le-Centenier Centre;Saint-Jean-le-Centenier Centre;Saint-Jean-le-Centenier Centre;8776471;87764712;44.58959;4.536514;FR;Europe/Paris;Q380211;;Car TER;gtfs;;;;;87764712;Saint-Jean-le-Centenier Centre
TN8776472;arret_car;Villeneuve-de-Berg-Centre;Villeneuve-de-Berg-Centre;Villeneuve-de-Berg-Centre;8776472;87764720;44.554919;4.498102;FR;Europe/Paris;Q325169;;Car TER;gtfs;;;;;87764720;Villeneuve-de-Berg-Centre
TN8776500;gare;Avignon-Centre;Avignon-Centre;Avignon-Centre;8776500;87765008;43.941688;4.805278;FR;Europe/Paris;Q6397;TGV INOUI|Train TER;Car TER;uic;3805976209;Q2553804;;;87765008;Avignon Centre
TN8776510;gare;Orange;Orange;Orange;8776510;87765107;44.137544;4.819514;FR;Europe/Paris;Q187796;TGV INOUI|Train TER;;uic;10936423882;Q2025211;;;87765107;Orange
TN8776518;gare;Courthézon;Courthézon;Courthézon;8776518;87765180;44.089982;4.888325;FR;Europe/Paris;Q377943;Train TER;;uic;13246715946;Q3096308;;;87765180;Courthézon
TN8776519;gare;Bédarrides;Bédarrides;Bédarrides;8776519;87765198;44.040808;4.892997;FR;Europe/Paris;Q377384;Train TER;;uic;13246607348;Q3096098;;;87765198;Bédarrides
TN8776520;gare;Sorgues - Châteauneuf-du-Pape;Sorgues - Châteauneuf-du-Pape;Sorgues - Châteauneuf-du-Pape;8776520;87765206;44.005383;4.875767;FR;Europe/Paris;Q538880;Train TER;;uic;256481308;Q3097765;;;87765206;Sorgues - Châteauneuf-du-Pape
TN8776535;gare;Tarascon-sur-Rhône;Tarascon;Tarascon;8776535;87765354;43.801056;4.657056;FR;Europe/Paris;Q234924;Train TER;Car TER;uic;10933961553;Q2413217;;;87765354;Tarascon-sur-Rhône
TN8776539;arret_car;Erlon;Erlon;Erlon;8776539;87765396;49.727376;3.714676;FR;Europe/Paris;Q989844;;Car TER;gtfs;;;;;87765396;Erlon
TN8776540;arret_car;Voyenne Ecole;Voyenne Ecole;Voyenne Ecole;8776540;87765404;49.723842;3.730776;FR;Europe/Paris;Q868809;;Car TER;gtfs;;;;;87765404;Voyenne Ecole
TN8776541;gare;Montfavet;Montfavet;Montfavet;8776541;87765412;43.93253;4.873939;FR;Europe/Paris;Q6397;Train TER;Car TER;uic;13227762957;Q16508050;;;87765412;Montfavet
TN8776542;gare;Morières-lès-Avignon;Morières-lès-Avignon;Morières-lès-Avignon;8776542;87765420;43.941427;4.908342;FR;Europe/Paris;Q471321;Train TER;Car TER;uic;13228175268;Q3097106;;;87765420;Morières-lès-Avignon
TN8776543;gare;Saint-Saturnin-lès-Avignon;Saint-Saturnin-lès-Avignon;Saint-Saturnin-lès-Avignon;8776543;87765438;43.953125;4.935174;FR;Europe/Paris;Q472426;Train TER;Car TER;uic;13228190193;Q3097613;;;87765438;Saint-Saturnin-lès-Avignon
TN8776544;gare;Gadagne;Gadagne;Gadagne;8776544;87765446;43.929752;4.956905;FR;Europe/Paris;Q377797;Train TER;Car TER;uic;13228187432;Q16508003;;;87765446;Gadagne
TN8776545;gare;Le Thor;Le Thor;Le Thor;8776545;87765453;43.926408;4.996304;FR;Europe/Paris;Q686591;Train TER;Car TER;uic;13228271580;Q16508095;;;87765453;Le Thor
TN8776547;gare;L'Isle-sur-Sorgue - Fontaine-V;L'Isle-sur-la-Sorgue - Fontaine-de-Vaucluse;L'Isle-sur-la-Sorgue - Fontaine-de-Vaucluse;8776547;87765479;43.917203;5.047511;FR;Europe/Paris;Q504204;Train TER;Car TER;uic;13228367306;Q3096732;;;87765479;L'Isle-sur-Sorgue - Fontaine-V
TN8776550;gare;Cavaillon;Cavaillon;Cavaillon;8776550;87765503;43.834631;5.043975;FR;Europe/Paris;Q208798;Train TER;Car TER;uic;10940411510;Q3096148;;;87765503;Cavaillon
TN8776573;gare;Carpentras;Carpentras;Carpentras;8776573;87765735;44.048245;5.044576;FR;Europe/Paris;Q202560;Train TER;;uic;10936313537;Q3096131;;;87765735;Carpentras
TN8776581;gare;Monteux;Monteux;Monteux;8776581;87765818;44.03737;4.994186;FR;Europe/Paris;Q472331;Train TER;;uic;9645248863;Q16508048;;;87765818;Monteux
TN8776582;gare;Entraigues-sur-la-Sorgue;Entraigues-sur-la-Sorgue;Entraigues-sur-la-Sorgue;8776582;87765826;44.005294;4.922106;FR;Europe/Paris;Q670313;Train TER;;uic;13227717898;Q16507939;;;87765826;Entraigues-sur-la-Sorgue
TN8776594;arret_car;Saint-Florentin Gare routière;Saint-Florentin Gare routière;Saint-Florentin Gare routière;8776594;87765941;47.981431;3.732662;FR;Europe/Paris;Q778656;;Car TER;gtfs;;;;;87765941;Saint-Florentin Gare routière
TN8776599;arret_car;Vallon-en-Sully Marché couvert;Vallon-en-Sully Marché couvert;Vallon-en-Sully Marché couvert;8776599;87765990;46.535873;2.607845;FR;Europe/Paris;Q993870;;Car TER;gtfs;;;;;87765990;Vallon-en-Sully Marché couvert
TN8776682;arret_car;Valençay Collège Alain Fournier;Valençay Collège Alain Fournier;Valençay Collège Alain Fournier;8776682;87766824;47.164462;1.564392;FR;Europe/Paris;Q474503;;Car TER;gtfs;;;;;87766824;Valençay Collège Alain Fournier
TN8776683;arret_car;Le Teil Rond-point Bénistant;Le Teil Rond-point Bénistant;Le Teil Rond-point Bénistant;8776683;87766832;44.554241;4.688876;FR;Europe/Paris;Q384423;;Car TER;gtfs;;;;;87766832;Le Teil Rond-point Bénistant
TN8776685;arret_car;Les Iles Grassonet;Les Iles Grassonet;Les Iles Grassonet;8776685;87766857;45.97043;6.91658;FR;Europe/Paris;Q83236;;Car TER;gtfs;;;;;87766857;Les Iles Grassonet
TN8776726;arret_car;Nances Maison du Lac;Nances Maison du Lac;Nances Maison du Lac;8776726;87767269;45.57481;5.80134;FR;Europe/Paris;Q430205;;Car TER;gtfs;;;;;87767269;Nances Maison du Lac
TN8776780;arret_car;Lusse-tunnel Maurice Lemaire;Lusse-tunnel Maurice Lemaire;Lusse-tunnel Maurice Lemaire;8776780;87767806;48.289812;7.109162;FR;Europe/Paris;Q1102819;;Car TER;gtfs;;;;;87767806;Lusse-tunnel Maurice Lemaire
TN8776896;arret_car;Contrexéville Centre;Contrexéville Centre;Contrexéville Centre;8776896;87768960;48.184181;5.894705;FR;Europe/Paris;Q633628;;Car TER;gtfs;;;;;87768960;Contrexéville Centre
TN8776942;arret_car;Ussel rue Thiers collège Voltaire;Ussel rue Thiers collège Voltaire;Ussel rue Thiers collège Voltaire;8776942;87769422;45.546167;2.307288;FR;Europe/Paris;Q18101;;Car TER;gtfs;;;;;87769422;Ussel rue Thiers collège Voltaire
TN8777280;arret_car;Corcieux 36 Rue de la Gare;Corcieux 36 Rue de la Gare;Corcieux 36 Rue de la Gare;8777280;87772806;48.178166;6.88387;FR;Europe/Paris;Q832301;;Car TER;gtfs;;;;;87772806;Corcieux 36 Rue de la Gare
TN8777299;arret_car;Montrejeau D817;Montrejeau D817;Montrejeau D817;8777299;87772996;43.085704;0.573266;FR;Europe/Paris;Q508546;;Car TER;gtfs;;;;;87772996;Montrejeau D817
TN8777300;gare;Montpellier Saint-Roch;Montpellier Saint-Roch;Montpellier Saint-Roch;8777300;87773002;43.604246;3.880322;FR;Europe/Paris;Q6441;INTERCITES|INTERCITES de nuit|OUIGO|TGV INOUI|Train TER;Car TER|Car à réservation;uic;1721162711;Q801197;;;87773002;Montpellier Saint-Roch
TN8777301;arret_car;Ausson Rue des Serres;Ausson Rue des Serres;Ausson Rue des Serres;8777301;87773010;43.092603;0.585003;FR;Europe/Paris;Q1148546;;Car TER;gtfs;;;;;87773010;Ausson Rue des Serres
TN8777309;arret_car;Villeneuve-de-Rivière Comminges;Villeneuve-de-Rivière Comminges;Villeneuve-de-Rivière Comminges;8777309;87773093;43.117384;0.666257;FR;Europe/Paris;Q1143525;;Car TER;gtfs;;;;;87773093;Villeneuve-de-Rivière Comminges
TN8777320;gare;Sète;Sète;Sète;8777320;87773200;43.412844;3.69653;FR;Europe/Paris;Q191141;INTERCITES|INTERCITES de nuit|OUIGO|TGV INOUI|Train TER;Car TER;uic;10931296312;Q2202002;;;87773200;Sète
TN8777340;gare;Lunel;Lunel;Lunel;8777340;87773408;43.679598;4.130984;FR;Europe/Paris;Q318082;Train TER;;uic;8512974532;Q2277923;;;87773408;Lunel
TN8777342;gare;Lunel-Viel;Lunel-Viel;Lunel-Viel;8777342;87773424;43.681147;4.09358;FR;Europe/Paris;Q204505;Train TER;;uic;5077322497;Q3096922;;;87773424;Lunel-Viel
TN8777343;gare;Valergues - Lansargues;Valergues - Lansargues;Valergues - Lansargues;8777343;87773432;43.6727;4.060162;FR;Europe/Paris;Q173507;Train TER;;uic;8661786874;Q3097921;;;87773432;Valergues - Lansargues
TN8777345;gare;Baillargues;Baillargues;Baillargues;8777345;87773457;43.653764;4.00836;FR;Europe/Paris;Q1073102;Train TER;;uic;4255936001;Q3095890;;;87773457;Baillargues
TN8777346;gare;Saint-Aunès;Saint-Aunès;Saint-Aunès;8777346;87773465;43.635447;3.962928;FR;Europe/Paris;Q187030;Train TER;;uic;8319807231;Q3097494;;;87773465;Saint-Aunès
TN8777351;gare;Villeneuve-lès-Maguelone;Villeneuve-lès-Maguelone;Villeneuve-lès-Maguelone;8777351;87773515;43.543737;3.849886;FR;Europe/Paris;Q681620;Train TER;;uic;4130625113;Q3097997;;;87773515;Villeneuve-lès-Maguelone
TN8777353;gare;Vic - Mireval;Vic - Mireval;Vic - Mireval;8777353;87773531;43.50071;3.799382;FR;Europe/Paris;Q669398;Train TER;;uic;4130625153;Q3097971;;;87773531;Vic - Mireval
TN8777355;gare;Frontignan;Frontignan;Frontignan;8777355;87773556;43.44493;3.758938;FR;Europe/Paris;Q216280;Train TER;Car TER;uic;113297094;Q3096491;;;87773556;Frontignan
TN8777438;arret_car;Le Bourget-du-Lac Technolac;Le Bourget-du-Lac Technolac;Le Bourget-du-Lac Technolac;8777438;87774380;45.643633;5.864899;FR;Europe/Paris;Q252974;;Car TER;gtfs;;;;;87774380;Le Bourget-du-Lac Technolac
TN8777451;arret_car;Saint-Gaudens Jardin Public;Saint-Gaudens Jardin Public;Saint-Gaudens Jardin Public;8777451;87774513;43.106485;0.72105;FR;Europe/Paris;Q209777;;Car TER;gtfs;;;;;87774513;Saint-Gaudens Jardin Public
TN8777452;arret_car;Saint-Gaudens Renaissance;Saint-Gaudens Renaissance;Saint-Gaudens Renaissance;8777452;87774521;43.10922;0.725339;FR;Europe/Paris;Q209777;;Car TER;gtfs;;;;;87774521;Saint-Gaudens Renaissance
TN8777500;gare;Nîmes Centre;Nîmes Centre;Nîmes Centre;8777500;87775007;43.832374;4.366255;FR;Europe/Paris;Q42807;INTERCITES|INTERCITES de nuit|OUIGO|TGV INOUI|Train TER;Car TER;uic;10933998114;Q2360563;;;87775007;Nîmes Centre
TN8777502;gare;Beaucaire;Beaucaire;Beaucaire;8777502;87775023;43.802213;4.647146;FR;Europe/Paris;Q211647;Train TER;Car TER;uic;7270737080;Q3095929;;;87775023;Beaucaire
TN8777507;gare;Saint-Césaire;Saint-Césaire;Saint-Césaire;8777507;87775072;43.813386;4.32764;FR;Europe/Paris;Q42807;Train TER;;uic;2035864965;Q3097509;;XFSCS;87775072;Saint-Césaire
TN8777509;gare;Milhaud;Milhaud;Milhaud;8777509;87775098;43.788566;4.303244;FR;Europe/Paris;Q861981;Train TER;;uic;7270705448;Q3097039;;;87775098;Milhaud
TN8777510;gare;Uchaud;Uchaud;Uchaud;8777510;87775106;43.757973;4.267275;FR;Europe/Paris;Q243963;Train TER;;uic;5077322500;Q3095850;;;87775106;Uchaud
TN8777511;gare;Vergèze - Codognan;Vergèze - Codognan;Vergèze - Codognan;8777511;87775114;43.73987;4.218885;FR;Europe/Paris;Q269225;Train TER;;uic;5077322499;Q3097953;;;87775114;Vergèze - Codognan
TN8777513;gare;Gallargues;Gallargues;Gallargues;8777513;87775130;43.716224;4.171498;FR;Europe/Paris;Q75014;Train TER;;uic;5077322498;Q3096509;;;87775130;Gallargues
TN8777514;gare;Chasseradès;Chasseradès;Chasseradès;8777514;87775148;44.554039;3.839941;FR;Europe/Paris;Q24938064;Train TER;Car TER;uic;991922268;Q3096201;;;87775148;Chasseradès
TN8777517;gare;La Bastide - Saint-Laurent-les-Bains;La Bastide - Saint-Laurent-les-Bains;La Bastide - Saint-Laurent-les-Bains;8777517;87775171;44.593502;3.904138;FR;Europe/Paris;Q382327;Train TER;Car TER;uic;911189027;Q3096747;;;87775171;La Bastide-St-Laurent-les-B.
TN8777519;gare;Villefort;Villefort;Villefort;8777519;87775197;44.43952;3.92402;FR;Europe/Paris;Q375723;Train TER;Car TER;uic;3947473636;Q3097995;;XFVLF;87775197;Villefort
TN8777521;gare;Génolhac;Génolhac;Génolhac;8777521;87775213;44.347146;3.951636;FR;Europe/Paris;Q273888;Train TER;Car TER;uic;3947473633;Q3096602;;XFGNC;87775213;Génolhac
TN8777522;gare;Chamborigaud;Chamborigaud;Chamborigaud;8777522;87775221;44.300249;3.979183;FR;Europe/Paris;Q324045;Train TER;Car TER;uic;425322095;Q3096177;;;87775221;Chamborigaud
TN8777523;gare;Sainte-Cécile-d'Andorge;Sainte-Cécile-d'Andorge;Sainte-Cécile-d'Andorge;8777523;87775239;44.254973;3.975801;FR;Europe/Paris;Q239957;Train TER;;uic;991376553;Q3097639;;;87775239;Sainte-Cécile-d'Andorge
TN8777524;gare;La Levade;La Levade;La Levade;8777524;87775247;44.22863;4.010295;FR;Europe/Paris;Q239967;Train TER;;uic;21355350;Q3096792;;;87775247;La Levade
TN8777525;gare;Grand-Combe-la-Pise;Grand-Combe-la-Pise;Grand-Combe-la-Pise;8777525;87775254;44.209953;4.03295;FR;Europe/Paris;Q239967;Train TER;Car TER;uic;3947473632;Q3096562;;;87775254;Grand-Combe la Pise
TN8777528;gare;Alès;Alès;Alès;8777528;87775288;44.127864;4.084933;FR;Europe/Paris;Q193183;Train TER;Car TER;uic;3947473630;Q3095618;;;87775288;Alès
TN8777534;gare;Boucoiran;Boucoiran;Boucoiran;8777534;87775346;43.992694;4.187634;FR;Europe/Paris;Q636753;Train TER;;gtfs;;;;;87775346;Boucoiran
TN8777535;gare;Nozières - Brignon;Nozières - Brignon;Nozières - Brignon;8777535;87775353;43.975941;4.207202;FR;Europe/Paris;Q636753;Train TER;;uic;9587553242;Q3097231;;;87775353;Nozières - Brignon
TN8777536;gare;Saint-Geniès-de-Malgoirès;Saint-Geniès-de-Malgoirès;Saint-Geniès-de-Malgoirès;8777536;87775361;43.95018;4.214805;FR;Europe/Paris;Q245721;Train TER;Car TER;uic;7270748259;Q3097537;;;87775361;Saint-Geniès-de-Malgoirès
TN8777537;gare;Fons-St-Mamert;Fons-St-Mamert;Fons-St-Mamert;8777537;87775379;43.907319;4.206659;FR;Europe/Paris;Q1009356;Train TER;;uic;10217275491;Q3096441;;;87775379;Fons - Saint-Mamert
TN8777579;gare;Générac;Générac;Générac;8777579;87775791;43.732341;4.343345;FR;Europe/Paris;Q477780;Train TER;;uic;415592704;Q3096603;;;87775791;Générac
TN8777580;gare;Beauvoisin;Beauvoisin;Beauvoisin;8777580;87775809;43.724549;4.321378;FR;Europe/Paris;Q274333;Train TER;;uic;415592608;Q3095936;;;87775809;Beauvoisin
TN8777581;gare;Vauvert;Vauvert;Vauvert;8777581;87775817;43.695112;4.27004;FR;Europe/Paris;Q268025;Train TER;;uic;7270715952;Q3097937;;;87775817;Vauvert
TN8777582;gare;Le Cailar;Le Cailar;Le Cailar;8777582;87775825;43.68328;4.234754;FR;Europe/Paris;Q844798;Train TER;;uic;256509330;Q3098183;;;87775825;Le Cailar
TN8777583;gare;Aimargues;Aimargues;Aimargues;8777583;87775833;43.678745;4.208743;FR;Europe/Paris;Q243915;Train TER;;uic;13947362244;Q3095594;;;87775833;Aimargues
TN8777584;gare;Saint-Laurent-d'Aigouze;Saint-Laurent-d'Aigouze;Saint-Laurent-d'Aigouze;8777584;87775841;43.639268;4.193116;FR;Europe/Paris;Q860003;Train TER;;uic;256537168;Q3097554;;;87775841;Saint-Laurent-d'Aigouze
TN8777585;gare;Aigues-Mortes;Aigues-Mortes;Aigues-Mortes;8777585;87775858;43.570917;4.191026;FR;Europe/Paris;Q193809;Train TER;;uic;847948799;Q3095590;;;87775858;Aigues-Mortes
TN8777586;gare;Le Grau-du-Roi;Le Grau-du-Roi;Le Grau-du-Roi;8777586;87775866;43.537013;4.140348;FR;Europe/Paris;Q328427;Train TER;;uic;7270769393;Q3098203;;;87775866;Le Grau-du-Roi
TN8778100;gare;Béziers;Béziers;Béziers;8778100;87781005;43.336099;3.218776;FR;Europe/Paris;Q174019;INTERCITES|INTERCITES de nuit|Navette|OUIGO|TGV INOUI|Train TER;Car TER|Car à réservation;uic;10933961551;Q2801649;;;87781005;Béziers
TN8778106;gare;Port-la-Nouvelle;Port-la-Nouvelle;Port-la-Nouvelle;8778106;87781062;43.019949;3.038785;FR;Europe/Paris;Q626282;Train TER;;uic;10935389113;Q2460968;;;87781062;Port-la-Nouvelle
TN8778108;gare;Leucate-La Franqui;Leucate-La Franqui;Leucate-La Franqui;8778108;87781088;42.932773;3.01287;FR;Europe/Paris;Q459673;Train TER;;uic;8312594831;Q2062228;;;87781088;Leucate la Franqui
TN8778110;gare;Narbonne;Narbonne;Narbonne;8778110;87781104;43.190629;3.00562;FR;Europe/Paris;Q6555;INTERCITES|INTERCITES de nuit|OUIGO|TGV INOUI|Train TER;Car à réservation;uic;8077757623;Q2591311;;;87781104;Narbonne
TN8778116;gare;Coursan;Coursan;Coursan;8778116;87781161;43.233743;3.050913;FR;Europe/Paris;Q379490;Train TER;;uic;10935382415;Q3096305;;;87781161;Coursan
TN8778126;gare;Vias;Vias;Vias;8778126;87781260;43.315758;3.425362;FR;Europe/Paris;Q815683;Train TER;;uic;1314291681;Q3097969;;;87781260;Vias
TN8778127;gare;Agde;Agde;Agde;8778127;87781278;43.317453;3.466103;FR;Europe/Paris;Q191396;INTERCITES de nuit|OUIGO|TGV INOUI|Train TER;Car TER;uic;6219752308;Q2028453;;;87781278;Agde
TN8778129;gare;Marseillan-Plage;Marseillan-Plage;Marseillan-Plage;8778129;87781294;43.318181;3.535529;FR;Europe/Paris;Q694955;Train TER;;uic;10931276738;Q2125963;;;87781294;Marseillan Plage
TN8778153;gare;Montpaon;Montpaon;Montpaon;8778153;87781534;43.868534;3.109709;FR;Europe/Paris;Q1374013;Train TER;Car TER;uic;11134203425;Q3097085;;;87781534;Montpaon
TN8778154;gare;Ceilhes - Roqueredonde;Ceilhes - Roqueredonde;Ceilhes - Roqueredonde;8778154;87781542;43.812358;3.155196;FR;Europe/Paris;Q198864;INTERCITES|Train TER;Car TER;uic;444383654;Q3096153;;;87781542;Ceilhes - Roqueredonde
TN8778155;gare;Les Cabrils;Les Cabrils;Les Cabrils;8778155;87781559;43.779993;3.186025;FR;Europe/Paris;Q198864;Train TER;;uic;444383478;Q3098145;;;87781559;Les Cabrils
TN8778157;gare;Lunas;Lunas;Lunas;8778157;87781575;43.709571;3.19492;FR;Europe/Paris;Q131573878;Train TER;Car TER;uic;444372348;Q3096920;;;87781575;Lunas
TN8778158;gare;Le Bousquet d'Orb;Le Bousquet d'Orb;Le Bousquet d'Orb;8778158;87781583;43.69127;3.16908;FR;Europe/Paris;Q195938;INTERCITES|Train TER;Car TER;uic;444366495;Q3098175;;;87781583;Le Bousquet-d'Orb
TN8778160;gare;Bédarieux;Bédarieux;Bédarieux;8778160;87781609;43.60862;3.149744;FR;Europe/Paris;Q274412;INTERCITES|Navette|Train TER;Car TER;uic;9689294351;Q3096097;;;87781609;Bédarieux
TN8778166;gare;Magalas;Magalas;Magalas;8778166;87781666;43.46758;3.229514;FR;Europe/Paris;Q1149298;INTERCITES|Train TER;Car TER;uic;550396542;Q3096949;;;87781666;Magalas
TN8778260;gare;Clermont - La Pardieu;Clermont - La Pardieu;Clermont - La Pardieu;8778260;87782607;45.767025;3.134212;FR;Europe/Paris;Q42168;Train TER;Car TER;uic;8309273399;Q3096253;;;87782607;Clermont la Pardieu
TN8778300;gare;Millau;Millau;Millau;8778300;87783001;44.102393;3.074407;FR;Europe/Paris;Q203278;INTERCITES|Train TER;Car TER;uic;10936292223;Q3097038;;;87783001;Millau
TN8778317;gare;Saint-Flour - Chaudes-Aigues;Saint-Flour - Chaudes-Aigues;Saint-Flour - Chaudes-Aigues;8778317;87783175;45.03502;3.106217;FR;Europe/Paris;Q210763;INTERCITES;Car TER;uic;957040374;Q3097518;;;87783175;Saint-Flour - Chaudes-Aigues
TN8778324;gare;Saint-Chély-d'Apcher;Saint-Chély-d'Apcher;Saint-Chély-d'Apcher;8778324;87783241;44.801708;3.270679;FR;Europe/Paris;Q720522;INTERCITES|Train TER;Car TER;uic;13196321018;Q3097505;;;87783241;Saint-Chély-d'Apcher
TN8778326;gare;Aumont-Aubrac;Aumont-Aubrac;Aumont-Aubrac;8778326;87783266;44.718252;3.283559;FR;Europe/Paris;Q27098436;INTERCITES|Train TER;Car TER;uic;493923803;Q2281625;;;87783266;Aumont-Aubrac
TN8778328;gare;Marvejols;Marvejols;Marvejols;8778328;87783282;44.544659;3.281096;FR;Europe/Paris;Q457631;INTERCITES|Train TER;Car TER;uic;369691089;Q3096989;;;87783282;Marvejols
TN8778329;gare;Chirac;Chirac;Chirac;8778329;87783290;44.524469;3.26375;FR;Europe/Paris;Q21979707;Train TER;Car TER;uic;799573565;Q3096221;;;87783290;Chirac
TN8778330;gare;Le Monastier;Le Monastier;Le Monastier;8778330;87783308;44.508993;3.252113;FR;Europe/Paris;Q21979707;INTERCITES|Train TER;Car TER;uic;470273463;Q3098214;;;87783308;Le Monastier
TN8778332;gare;Banassac - La Canourgue;Banassac - La Canourgue;Banassac - La Canourgue;8778332;87783324;44.447549;3.195884;FR;Europe/Paris;Q21426956;INTERCITES|Train TER;;uic;3470966794;Q2410794;;;87783324;Banassac - La Canourgue
TN8778334;gare;Campagnac - Saint-Geniez;Campagnac - Saint-Geniez;Campagnac - Saint-Geniez;8778334;87783340;44.422;3.066396;FR;Europe/Paris;Q1152945;INTERCITES|Train TER;;uic;1027947109;Q3096117;;;87783340;Campagnac - Saint-Geniez
TN8778336;gare;Sévérac-le-Château;Sévérac-le-Château;Sévérac-le-Château;8778336;87783365;44.324634;3.056986;FR;Europe/Paris;Q21619554;INTERCITES|Train TER;Car TER;uic;11134203424;Q2191151;;;87783365;Sévérac-le-Château
TN8778339;arret_car;Aguessac Avenue de Causses;Aguessac Avenue de Causses;Aguessac Avenue de Causses;8778339;87783399;44.153724;3.097892;FR;Europe/Paris;Q1082230;;Car TER;gtfs;;;;;87783399;Aguessac Avenue de Causses
TN8778342;gare;Saint-Georges-de-Luzençon;Saint-Georges-de-Luzençon;Saint-Georges-de-Luzençon;8778342;87783423;44.066553;2.983784;FR;Europe/Paris;Q630849;INTERCITES|Train TER;Car TER;gtfs;;;;;87783423;Saint-Georges-de-Luzençon
TN8778343;gare;Saint-Rome-de-Cernon;Saint-Rome-de-Cernon;Saint-Rome-de-Cernon;8778343;87783431;44.013991;2.967359;FR;Europe/Paris;Q932526;INTERCITES|Train TER;Car TER;uic;348356697;Q3097612;;;87783431;Saint-Rome-de-Cernon
TN8778345;gare;Tournemire - Roquefort;Tournemire - Roquefort;Tournemire - Roquefort;8778345;87783456;43.970018;3.016644;FR;Europe/Paris;Q932009;INTERCITES|Train TER;Car TER;uic;9689376063;Q3097889;;;87783456;Tournemire - Roquefort
TN8778351;gare;Les Salelles;Les Salelles;Les Salelles;8778351;87783514;44.483246;3.280276;FR;Europe/Paris;Q670001;Train TER;;uic;543749218;Q3126261;;;87783514;Les Salelles
TN8778353;gare;Chanac;Chanac;Chanac;8778353;87783530;44.473985;3.345517;FR;Europe/Paris;Q374510;Train TER;Car TER;uic;11599404126;Q1865145;;;87783530;Chanac
TN8778354;gare;Le Bruel;Le Bruel;Le Bruel;8778354;87783548;44.481318;3.35838;FR;Europe/Paris;Q374510;Train TER;;uic;2472123985;Q3098182;;;87783548;Le Bruel
TN8778356;gare;Barjac;Barjac;Barjac;8778356;87783563;44.499527;3.410587;FR;Europe/Paris;Q381311;Train TER;Car TER;uic;3470966893;;;;87783563;Barjac
TN8778360;gare;Mende;Mende;Mende;8778360;87783605;44.522239;3.502028;FR;Europe/Paris;Q191772;Train TER;Car TER;uic;9697103558;Q3097015;;;87783605;Mende
TN8778364;gare;Bagnols - Chadenet;Bagnols - Chadenet;Bagnols - Chadenet;8778364;87783647;44.528522;3.628253;FR;Europe/Paris;Q722250;Train TER;Car TER;uic;11134244806;Q2267810;;;87783647;Bagnols - Chadenet
TN8778365;gare;Allenc;Allenc;Allenc;8778365;87783654;44.541347;3.663885;FR;Europe/Paris;Q655496;Train TER;Car TER;uic;3470966793;;;;87783654;Allenc
TN8778367;gare;Belvezet;Belvezet;Belvezet;8778367;87783670;44.561797;3.751892;FR;Europe/Paris;Q24938064;Train TER;Car TER;uic;991871290;Q3095955;;;87783670;Belvezet
TN8778375;arret_car;Bertholène Centre;Bertholène Centre;Bertholène Centre;8778375;87783753;44.393806;2.776709;FR;Europe/Paris;Q1020455;;Car TER;gtfs;;;;;87783753;Bertholène Centre
TN8778379;arret_car;Severac-D-Aveyron Recoules;Severac-D-Aveyron Recoules;Severac-D-Aveyron Recoules;8778379;87783795;44.341035;2.96732;FR;Europe/Paris;Q21619554;;Car TER;gtfs;;;;;87783795;Severac-D-Aveyron Recoules
TN8778400;gare;Perpignan;Gare de Perpignan;Gare de Perpignan;8778400;87784009;42.696244;2.879693;FR;Europe/Paris;Q6730;INTERCITES de nuit|OUIGO|TGV INOUI|Train TER;Car TER;uic;448465221;Q2283118;;;87784009;Perpignan
TN8778415;gare;Salses;Salses;Salses;8778415;87784157;42.835596;2.917463;FR;Europe/Paris;Q821246;Train TER;;uic;10935389112;Q2054027;;;87784157;Salses
TN8778417;gare;Rivesaltes;Rivesaltes;Rivesaltes;8778417;87784173;42.76639;2.867744;FR;Europe/Paris;Q689466;Train TER;;uic;10935387511;;;;87784173;Rivesaltes
TN8778420;gare;Elne;Elne;Elne;8778420;87784207;42.597123;2.963437;FR;Europe/Paris;Q23073;INTERCITES de nuit|Train TER;Car TER;uic;5669434151;Q2016019;;;87784207;Elne
TN8778423;gare;Argelès-sur-Mer;Argelès-sur-Mer;Argelès-sur-Mer;8778423;87784231;42.543775;3.022118;FR;Europe/Paris;Q644728;INTERCITES de nuit|Train TER;Car TER;uic;1356834411;Q3033406;;;87784231;Argelès-sur-Mer
TN8778425;gare;Collioure;Collioure;Collioure;8778425;87784256;42.526883;3.078101;FR;Europe/Paris;Q254829;INTERCITES de nuit|Train TER;Car TER;uic;10940364804;Q2315101;;;87784256;Collioure
TN8778426;gare;Port-Vendres;Port-Vendres;Port-Vendres;8778426;87784264;42.513461;3.102606;FR;Europe/Paris;Q204648;INTERCITES de nuit|Train TER;Car TER;uic;5669448842;Q2212891;;;87784264;Port-Vendres
TN8778429;gare;Banyuls-sur-Mer;Banyuls-sur-Mer;Banyuls-sur-Mer;8778429;87784298;42.483018;3.124881;FR;Europe/Paris;Q6753;INTERCITES de nuit|Train TER;Car TER;uic;11611812802;Q2243839;;;87784298;Banyuls-sur-Mer
TN8778451;gare;Le Soler;Le Soler;Le Soler;8778451;87784512;42.679024;2.795188;FR;Europe/Paris;Q1163139;Train TER;Car TER;uic;9289429275;Q3098237;;;87784512;Le Soler
TN8778452;gare;Saint-Féliu-d'Avall;Saint-Féliu-d'Avall;Saint-Féliu-d'Avall;8778452;87784520;42.677318;2.737829;FR;Europe/Paris;Q191008;Train TER;Car TER;uic;9288070933;Q1937209;;;87784520;Saint-Féliu-d'Avall
TN8778454;gare;Millas;Millas;Millas;8778454;87784546;42.68895;2.693772;FR;Europe/Paris;Q1369210;Train TER;Car TER;uic;9286224580;Q2609571;;;87784546;Millas
TN8778456;gare;Ille-sur-Têt;Ille-sur-Têt;Ille-sur-Têt;8778456;87784561;42.668226;2.624337;FR;Europe/Paris;Q689461;Train TER;Car TER;uic;13246593429;Q3095787;;;87784561;Ille-sur-Têt
TN8778461;gare;Vinça;Vinça;Vinça;8778461;87784611;42.648153;2.527607;FR;Europe/Paris;Q1113972;Train TER;Car TER;uic;9737457187;Q3098022;;;87784611;Vinça
TN8778462;gare;Marquixanes;Marquixanes;Marquixanes;8778462;87784629;42.642772;2.485829;FR;Europe/Paris;Q199734;Train TER;Car TER;uic;9737372885;Q2437638;;;87784629;Marquixanes
TN8778463;gare;Prades - Molitg-les-Bains;Prades - Molitg-les-Bains;Prades - Molitg-les-Bains;8778463;87784637;42.617085;2.429486;FR;Europe/Paris;Q212450;Train TER;Car TER;gtfs;;;;;87784637;Prades - Molitg-les-Bains
TN8778466;gare;Ria;Ria;Ria;8778466;87784660;42.603408;2.390749;FR;Europe/Paris;Q752117;Train TER;Car TER;gtfs;;;;;87784660;Ria
TN8778468;gare;Villefranche - Vernet-les-Bains;Villefranche - Vernet-les-Bains;Villefranche - Vernet-les-Bains;8778468;87784686;42.5917;2.370354;FR;Europe/Paris;Q379442;Train TER;Car TER;gtfs;;;;;87784686;Villefranche - Vernet-les-Bains
TN8778470;gare;Serdinya;Serdinya;Serdinya;8778470;87784702;42.566993;2.32298;FR;Europe/Paris;Q943165;Train TER;Car TER;uic;297607149;Q430759;;;87784702;Serdinya
TN8778471;gare;Joncet;Joncet;Joncet;8778471;87784710;42.561548;2.31112;FR;Europe/Paris;Q943165;Train TER;Car TER;uic;349306741;Q2913010;;;87784710;Joncet
TN8778472;gare;Olette - Canaveilles-les-Bains;Olette - Canaveilles-les-Bains;Olette - Canaveilles-les-Bains;8778472;87784728;42.55469;2.271943;FR;Europe/Paris;Q752260;Train TER;Car TER;uic;11142252692;Q2999397;;;87784728;Olette - Canaveilles les Bains
TN8778473;gare;Nyer;Nyer;Nyer;8778473;87784736;42.541669;2.263037;FR;Europe/Paris;Q1369638;Train TER;;uic;653820721;Q2293147;;;87784736;Nyer
TN8778474;gare;Thuès-les-Bains;Thuès-les-Bains;Thuès-les-Bains;8778474;87784744;42.528797;2.249089;FR;Europe/Paris;Q1369638;Train TER;Car TER;uic;939391273;Q2043100;;;87784744;Thuès les Bains
TN8778475;gare;Thuès Carença;Thuès-Carança;Thuès-Carança;8778475;87784751;42.522949;2.222728;FR;Europe/Paris;Q1350627;Train TER;;uic;939389867;Q2402394;;;87784751;Thuès Carença
TN8778476;gare;Fontpédrouse Saint-Thomas les Bains;Fontpédrouse Saint-Thomas les Bains;Fontpédrouse Saint-Thomas les Bains;8778476;87784769;42.513802;2.188511;FR;Europe/Paris;Q1093130;Train TER;Car TER;uic;297605733;Q3096454;;;87784769;Fontpédrouse St-Thomas les B.
TN8778477;gare;Sauto;Sauto;Sauto;8778477;87784777;42.506371;2.160039;FR;Europe/Paris;Q1445541;Train TER;;uic;939390760;Q2022900;;;87784777;Sauto
TN8778478;gare;Planès;Planès;Planès;8778478;87784785;42.500906;2.136915;FR;Europe/Paris;Q524705;Train TER;;uic;35331128;Q2093892;;;87784785;Planès
TN8778479;gare;Mont-Louis - La Cabanasse;Mont-Louis - La Cabanasse;Mont-Louis - La Cabanasse;8778479;87784793;42.502057;2.113218;FR;Europe/Paris;Q190144;Train TER;Car TER;uic;9794503233;Q1879424;;;87784793;Mont-Louis - La Cabanasse
TN8778480;gare;Bolquère-Eyne;Bolquère-Eyne;Bolquère-Eyne;8778480;87784801;42.497875;2.087519;FR;Europe/Paris;Q1101891;Train TER;Car TER;uic;353099743;Q2718282;;;87784801;Bolquère - Eyne
TN8778481;gare;Font-Romeu-Odeillo-Via;Font-Romeu-Odeillo-Via;Font-Romeu-Odeillo-Via;8778481;87784819;42.491195;2.03843;FR;Europe/Paris;Q458715;Train TER;Car TER;uic;11151904315;Q2013866;;;87784819;Font-Romeu-Odeillo-Via
TN8778482;gare;Estavar;Estavar;Estavar;8778482;87784827;42.463243;2.017907;FR;Europe/Paris;Q190407;Train TER;;uic;281164412;Q2387136;;;87784827;Estavar
TN8778483;gare;Saillagouse;Saillagouse;Saillagouse;8778483;87784835;42.456899;2.032165;FR;Europe/Paris;Q582724;Train TER;Car TER;gtfs;;;;;87784835;Saillagouse
TN8778484;gare;Err;Err;Err;8778484;87784843;42.442783;2.028997;FR;Europe/Paris;Q1369252;Train TER;Car TER;uic;341917245;Q2402792;;;87784843;Err
TN8778485;gare;Sainte-Léocadie;Sainte-Léocadie;Sainte-Léocadie;8778485;87784850;42.441082;2.010326;FR;Europe/Paris;Q1369688;Train TER;;uic;345645600;Q3097651;;;87784850;Sainte-Léocadie
TN8778486;gare;Osséja;Osséja;Osséja;8778486;87784868;42.419967;1.977117;FR;Europe/Paris;Q1369732;Train TER;Car TER;uic;345645759;Q3095842;;;87784868;Osséja
TN8778487;gare;Bourg-Madame;Bourg-Madame;Bourg-Madame;8778487;87784876;42.432494;1.948633;FR;Europe/Paris;Q329276;Train TER;Car TER;uic;345645681;Q2182626;;;87784876;Bourg-Madame
TN8778488;gare;Ur-les-Escaldes;Ur-les-Escaldes;Ur-les-Escaldes;8778488;87784884;42.457477;1.940466;FR;Europe/Paris;Q632044;Train TER;Car TER;uic;341968236;Q1822149;;;87784884;Ur les Escaldes
TN8778489;gare;Béna-Fanès;Béna-Fanès;Béna-Fanès;8778489;87784892;42.458077;1.916719;FR;Europe/Paris;Q752263;Train TER;Car TER;uic;2989645245;Q3096108;;;87784892;Bena Fanes
TN8778500;gare;Cerbère;Cerbère;Cerbère;8778500;87785006;42.44156;3.163515;FR;Europe/Paris;Q6667;INTERCITES de nuit|Train TER;Car TER;uic;10940370468;Q977356;;;87785006;Cerbère
TN8793698;arret_car;Buswiller-Eglise;Buswiller-Eglise;Buswiller-Eglise;8793698;87936989;48.819704;7.559656;FR;Europe/Paris;Q21246;;Car TER;gtfs;;;;;87936989;Buswiller-Eglise
TN8814001;gare;Bruxelles-Midi - Brussel-Zuid;Brussels-Midi;Bruxelles-Midi - Brussel-Zuid;8814001;88140010;50.835775;4.336054;BE;Europe/Brussels;Q239;TGV INOUI|Train;;uic;17401552;Q800587;;XBB;88140010;Bruxelles Midi
TN8871605;gare;Erquelinnes;Erquelinnes;Erquelinnes;8871605;88716050;50.303655;4.112415;BE;Europe/Brussels;Q666335;Train TER;;uic;6016120140;;;;88716050;ERQUELINNES
TN8871647;gare;Erquelinnes-Village;Erquelinnes-Village;Erquelinnes-Village;8871647;88716472;50.309979;4.130904;BE;Europe/Brussels;Q666335;Train TER;;uic;6016120162;Q2687284;;;88716472;ERQUELINNES-VILLAGE
TN8871662;gare;Solre-sur-Sambre;Solre-sur-Sambre;Solre-sur-Sambre;8871662;88716621;50.312757;4.158126;BE;Europe/Brussels;Q666335;Train TER;;uic;6016124040;Q781852;;;88716621;SOLRE-SUR-SAMBRE
TN8871670;gare;Labuissière;Labuissière;Labuissière;8871670;88716704;50.31626;4.186276;BE;Europe/Brussels;Q668139;Train TER;;uic;6016124066;Q3096825;;;88716704;LABUISSIERE
TN8871688;gare;Fontaine-Valmont;Fontaine-Valmont;Fontaine-Valmont;8871688;88716886;50.321205;4.212932;BE;Europe/Brussels;Q668139;Train TER;;uic;6016124186;Q1855658;;;88716886;FONTAINE-VALMONT
TN8871712;gare;Lobbes;Lobbes;Lobbes;8871712;88717124;50.346173;4.261618;BE;Europe/Brussels;Q667936;Train TER;;uic;6015917266;Q2051889;;;88717124;LOBBES
TN8871811;gare;Thuin;Thuin;Thuin;8871811;88718114;50.342534;4.288462;BE;Europe/Brussels;Q669186;Train TER;;uic;4793334874;Q2599197;;;88718114;THUIN
TN8871829;gare;Hourpes;Hourpes;Hourpes;8871829;88718296;50.364913;4.308539;BE;Europe/Brussels;Q669186;Train TER;;uic;6015919700;Q659258;;;88718296;HOURPES
TN8871837;gare;Landelies;Landelies;Landelies;8871837;88718379;50.377352;4.350608;BE;Europe/Brussels;Q668437;Train TER;;uic;6013522669;Q2326429;;;88718379;LANDELIES
TN8871852;gare;Marchienne-Zone;Marchienne-Zone;Marchienne-Zone;8871852;88718528;50.397816;4.390431;BE;Europe/Brussels;Q81046;Train TER;;uic;6013524527;Q594080;;;88718528;MARCHIENNE-ZONE
TN8872009;gare;Charleroi-Central;Charleroi-Central;Charleroi-Central;8872009;88720090;50.404735;4.438781;BE;Europe/Brussels;Q81046;Train TER;Car TER;uic;6010646002;Q2043526;;;88720090;Charleroi-Central
TN8881000;gare;Mons;Mons;Mons;8881000;88810000;50.454044;3.941965;BE;Europe/Brussels;Q83407;Train;;uic;6360374596;Q3097068;;;88810000;Mons
TN8885001;gare;Tournai;Tournai;Tournai;8885001;88850010;50.612929;3.397119;BE;Europe/Brussels;Q173219;Train TER;;uic;7072155262;Q283437;;;88850010;Tournai
TN8885068;gare;Froyennes;Froyennes;Froyennes;8885068;88850685;50.628718;3.357141;BE;Europe/Brussels;Q173219;Train TER;;uic;436458637;Q3096496;;;88850685;FROYENNES
TN8885704;gare;Mouscron - Moeskroen;Mouscron - Moeskroen;Mouscron - Moeskroen;8885704;88857040;50.740112;3.227441;BE;Europe/Brussels;Q220145;Train TER;Car TER;uic;7299178958;Q3097128;;;88857040;Mouscron
TN8896008;gare;Kortrijk;Kortrijk;Kortrijk;8896008;88960080;50.824271;3.264454;BE;Europe/Brussels;Q12995;Train TER;;uic;21309047;Q2786619;;;88960080;Courtrai
