id;nom_fr;nom_en;pays;lat;lon
Q1000360;Foug;Foug;FR;48.684166666667;5.7863888888889
Q1000966;Barisey-au-Plain;Barisey-au-Plain;FR;48.525;5.8438888888889
Q1001582;Batz-sur-Mer;Batz-sur-Mer;FR;47.277222222222;-2.4802777777778
Q1001591;La Bernerie-en-Retz;La Bernerie-en-Retz;FR;47.081388888889;-2.0375
Q1001990;Abbaretz;Abbaretz;FR;47.5525;-1.5316666666667
Q1002059;L'Escarène;L'Escarène;FR;43.834444444444;7.3566666666667
Q1002751;La Verpillière;La Verpillière;FR;45.636944444444;5.1427777777778
Q1002896;Goncelin;Goncelin;FR;45.342777777778;5.9791666666667
Q1002906;Rives;Rives;FR;45.350833333333;5.5022222222222
Q1002973;Cessieu;Cessieu;FR;45.566666666667;5.3766666666667
Q1002981;Châbons;Châbons;FR;45.443888888889;5.4308333333333
Q1004073;Sainte-Mère;Sainte-Mère;FR;44.004722222222;0.66972222222222
Q1004486;Macau;Macau;FR;45.008333333333;-0.61388888888889
Q1004626;Saint-Seurin-sur-l'Isle;Saint-Seurin-sur-l'Isle;FR;45.014166666667;-0.0016666666666667
Q1004685;Saint-Yzan-de-Soudiac;Saint-Yzan-de-Soudiac;FR;45.140277777778;-0.41055555555556
Q1004792;Saint-Sauvy;Saint-Sauvy;FR;43.694166666667;0.82027777777778
Q1004995;Solomiac;Solomiac;FR;43.805277777778;0.8975
Q1006217;Preignan;Preignan;FR;43.7125;0.62972222222222
Q1006333;Montestruc-sur-Gers;Montestruc-sur-Gers;FR;43.792777777778;0.62888888888889
Q1007402;Saint-Pierre-d'Aurillac;Saint-Pierre-d'Aurillac;FR;44.571944444444;-0.19166666666667
Q1007571;Vayres;Vayres;FR;44.897222222222;-0.31444444444444
Q1009356;Fons;Fons;FR;43.907777777778;4.1944444444444
Q1009834;Bueil;Bueil;FR;48.93;1.4413888888889
Q1011038;Corps-Nuds;Corps-Nuds;FR;47.978055555556;-1.5863888888889
Q1011045;Chevaigné;Chevaigné;FR;48.211944444444;-1.6297222222222
Q1011170;Saint-Sébastien;Saint-Sébastien;FR;46.391111111111;1.5313888888889
Q1011295;Pléchâtel;Pléchâtel;FR;47.894444444444;-1.7486111111111
Q1011380;Saint-Pierre-de-Chignac;Saint-Pierre-de-Chignac;FR;45.124444444444;0.85666666666667
Q1011535;Clelles;Clelles;FR;44.827222222222;5.6230555555556
Q1011543;Neuvic;Neuvic;FR;45.100555555556;0.46888888888889
Q1012110;Mourioux-Vieilleville;Mourioux-Vieilleville;FR;46.077222222222;1.6452777777778
Q1012412;Saint-Samson-sur-Rance;Saint-Samson-sur-Rance;FR;48.491388888889;-2.0308333333333
Q1012633;Monestier-de-Clermont;Monestier-de-Clermont;FR;44.916944444444;5.6352777777778
Q1013086;Pont-Melvez;Pont-Melvez;FR;48.460277777778;-3.3061111111111
Q1013118;La Méaugon;La Méaugon;FR;48.498611111111;-2.8383333333333
Q1013275;Château-l'Évêque;Château-l'Évêque;FR;45.245277777778;0.68555555555556
Q1013483;Plounérin;Plounérin;FR;48.566666666667;-3.5411111111111
Q1013635;Frénouville;Frénouville;FR;49.136944444444;-0.24416666666667
Q1014743;Louargat;Louargat;FR;48.565555555556;-3.3388888888889
Q1014758;Plénée-Jugon;Plénée-Jugon;FR;48.364166666667;-2.4005555555556
Q1016121;Montaigut-le-Blanc;Montaigut-le-Blanc;FR;46.121111111111;1.735
Q1016282;Allassac;Allassac;FR;45.258333333333;1.4755555555556
Q1018181;Campagne-sur-Aude;Campagne-sur-Aude;FR;42.916666666666664;2.2069444444444444
Q1018522;Aiguilhe;Aiguilhe;FR;45.050833333333;3.8847222222222
Q1018525;L'Hospitalet-près-l'Andorre;L'Hospitalet-près-l'Andorre;FR;42.590833333333;1.8030555555556
Q1020075;Bosmie-l'Aiguille;Bosmie-l'Aiguille;FR;45.767777777778;1.2158333333333
Q1020449;Anchamps;Anchamps;FR;49.931388888889;4.6752777777778
Q1020455;Bertholène;Bertholène;FR;44.394444444444;2.7786111111111
Q1020600;Auvillers-les-Forges;Auvillers-les-Forges;FR;49.863055555556;4.3580555555556
Q1020801;Baraqueville;Baraqueville;FR;44.276944444444;2.4327777777778
Q1020845;Vigeois;Vigeois;FR;45.379444444444;1.5172222222222
Q1020876;Laragne-Montéglin;Laragne-Montéglin;FR;44.315;5.8216666666667
Q1021363;Grâces;Grâces;FR;48.555833333333;-3.185
Q1022;Stuttgart;Stuttgart;DE;48.7775;9.18
Q1022797;Savy-Berlette;Savy-Berlette;FR;50.3525;2.5647222222222
Q1022917;Rinxent;Rinxent;FR;50.805;1.7380555555556
Q1023496;Plouëc-du-Trieux;Plouëc-du-Trieux;FR;48.673888888889;-3.1919444444444
Q10235;Beynost;Beynost;FR;45.840277777778;5.0013888888889
Q1024519;Rœux;Rœux;FR;50.2975;2.8963888888889
Q1025125;Meurchin;Meurchin;FR;50.497222222222;2.8897222222222
Q1025285;Neufchâtel-Hardelot;Neufchâtel-Hardelot;FR;50.618611111111;1.6408333333333
Q1026441;Cons-la-Grandville;Cons-la-Grandville;FR;49.484166666667;5.7011111111111
Q1026764;Maresquel-Ecquemicourt;Maresquel-Ecquemicourt;FR;50.410277777778;1.9269444444444
Q1027419;Pihen-lès-Guînes;Pihen-lès-Guînes;FR;50.871388888889;1.7866666666667
Q1029808;Hesdigneul-lès-Boulogne;Hesdigneul-lès-Boulogne;FR;50.659166666667;1.6694444444444
Q1031443;Fréthun;Fréthun;FR;50.916944444444;1.8247222222222
Q1040;Karlsruhe;Karlsruhe;DE;49.016666666667;8.4
Q1044397;Dompierre-sur-Helpe;Dompierre-sur-Helpe;FR;50.144722222222;3.8663888888889
Q1046194;Bertry;Bertry;FR;50.0875;3.4425
Q1046929;Bavinchove;Bavinchove;FR;50.788055555556;2.4569444444444
Q1047198;Le Breuil-sur-Couze;Le Breuil-sur-Couze;FR;45.468611111111;3.2630555555556
Q1047781;Celles-sur-Durolle;Celles-sur-Durolle;FR;45.858333333333;3.6352777777778
Q1048050;Buzy-Darmont;Buzy-Darmont;FR;49.169444444444;5.7102777777778
Q1048554;Aubrives;Aubrives;FR;50.103611111111;4.7619444444444
Q1049800;Pont-Saint-Vincent;Pont-Saint-Vincent;FR;48.605;6.0972222222222
Q1049851;Viviers-sur-Chiers;Viviers-sur-Chiers;FR;49.473055555556;5.6336111111111
Q1053472;Cenon;Cenon;FR;44.856944444444;-0.53277777777778
Q1057646;Clères;Clères;FR;49.599444444444;1.1102777777778
Q1058186;Saint-Étienne-du-Rouvray;Saint-Étienne-du-Rouvray;FR;49.377777777778;1.1041666666667
Q1058535;Beauvoir-sur-Niort;Beauvoir-sur-Niort;FR;46.179444444444;-0.47388888888889
Q1059614;Gerzat;Gerzat;FR;45.825833333333;3.1447222222222
Q1060182;Belleville;Belleville;FR;48.818333333333;6.0977777777778
Q1060518;Einvaux;Einvaux;FR;48.489722222222;6.3963888888889
Q1060826;Le Vigen;Le Vigen;FR;45.751388888889;1.2888888888889
Q1061297;Les Cabannes;Les Cabannes;FR;42.785555555556;1.6872222222222
Q1061877;Montmélian;Montmélian;FR;45.502777777778;6.0536111111111
Q1062639;La Jonchère-Saint-Maurice;La Jonchère-Saint-Maurice;FR;45.999166666667;1.4677777777778
Q1062910;Biffontaine;Biffontaine;FR;48.211111111111;6.8047222222222
Q1063335;Folligny;Folligny;FR;48.823888888889;-1.4113888888889
Q1063614;Rousies;Rousies;FR;50.271666666667;4.0058333333333
Q1064007;Bagnac-sur-Célé;Bagnac-sur-Célé;FR;44.666388888889;2.1583333333333
Q1064012;Lexy;Lexy;FR;49.501111111111;5.7322222222222
Q1064427;Cattenières;Cattenières;FR;50.137222222222;3.3327777777778
Q1064508;Boussay;Boussay;FR;47.044166666667;-1.1863888888889
Q1064546;Saint-Gildas-des-Bois;Saint-Gildas-des-Bois;FR;47.516388888889;-2.0383333333333
Q1064552;Borne;Borne;FR;45.1;3.7988888888889
Q1065312;Voiteur;Voiteur;FR;46.754166666667;5.6116666666667
Q1065350;Massérac;Massérac;FR;47.672777777778;-1.9147222222222
Q1065377;Saint-Étienne-de-Montluc;Saint-Étienne-de-Montluc;FR;47.276388888889;-1.7802777777778
Q1065409;Montoir-de-Bretagne;Montoir-de-Bretagne;FR;47.328333333333;-2.1491666666667
Q1065731;Homécourt;Homécourt;FR;49.223055555556;5.9927777777778
Q1065733;Chamalières-sur-Loire;Chamalières-sur-Loire;FR;45.201111111111;3.9855555555556
Q1065741;Bournoncle-Saint-Pierre;Bournoncle-Saint-Pierre;FR;45.343611111111;3.3183333333333
Q1065773;Bas-en-Basset;Bas-en-Basset;FR;45.306111111111;4.1091666666667
Q1065814;Onville;Onville;FR;49.016944444444;5.97
Q1065825;La Chomette;La Chomette;FR;45.229722222222;3.4744444444444
Q1066057;La Fouillouse;La Fouillouse;FR;45.503888888889;4.3136111111111
Q1066090;Fraisses;Fraisses;FR;45.387777777778;4.2661111111111
Q1066223;Andrézieux-Bouthéon;Andrézieux-Bouthéon;FR;45.526111111111;4.2602777777778
Q1066255;Bonson;Bonson;FR;45.523333333333;4.2158333333333
Q1068157;Saint-André-le-Gaz;Saint-André-le-Gaz;FR;45.548888888889;5.5341666666667
Q1068169;Saint-Clair-du-Rhône;Saint-Clair-du-Rhône;FR;45.44;4.7730555555556
Q1068355;Brunémont;Brunémont;FR;50.273055555556;3.1391666666667
Q1068581;Le Péage-de-Roussillon;Le Péage-de-Roussillon;FR;45.373055555556;4.7975
Q1068594;Sains-du-Nord;Sains-du-Nord;FR;50.093611111111;4.01
Q1068905;Chantonnay;Chantonnay;FR;46.686944444444;-1.0505555555556
Q1069234;Bournezeau;Bournezeau;FR;46.635555555556;-1.1719444444444
Q1069540;Saint-Hilaire-de-Chaléons;Saint-Hilaire-de-Chaléons;FR;47.103055555556;-1.865
Q1069745;Saint-Égrève;Saint-Égrève;FR;45.231666666667;5.6830555555556
Q1070001;Tonneins;Tonneins;FR;44.389722222222;0.30833333333333
Q1070460;Servon-sur-Vilaine;Servon-sur-Vilaine;FR;48.121388888889;-1.4605555555556
Q1070579;Esvres;Esvres;FR;47.284444444444;0.78611111111111
Q1070614;Laroque-Timbaut;Laroque-Timbaut;FR;44.283055555556;0.76194444444444
Q1070808;Saint-Senoux;Saint-Senoux;FR;47.905833333333;-1.7877777777778
Q1071159;Blangy-sur-Bresle;Blangy-sur-Bresle;FR;49.931944444444;1.6286111111111
Q1072118;Le Pont-de-Beauvoisin;Le Pont-de-Beauvoisin;FR;45.534444444444;5.6663888888889
Q1072145;Neuillé-Pont-Pierre;Neuillé-Pont-Pierre;FR;47.547222222222;0.54777777777778
Q1072289;Lucé;Lucé;FR;48.438333333333;1.465
Q1072386;Courville-sur-Eure;Courville-sur-Eure;FR;48.45;1.2402777777778
Q1072947;Romilly-la-Puthenaye;Romilly-la-Puthenaye;FR;49.002222222222;0.8475
Q1073102;Baillargues;Baillargues;FR;43.661111111111;4.0127777777778
Q1073113;Alizay;Alizay;FR;49.320833333333;1.1755555555556
Q1074547;Martigné-Ferchaud;Martigné-Ferchaud;FR;47.827777777778;-1.3183333333333
Q1074627;Quédillac;Quédillac;FR;48.249444444444;-2.1425
Q1075121;Saint-Priest-Taurion;Saint-Priest-Taurion;FR;45.886666666667;1.4
Q1075279;Bailleau-le-Pin;Bailleau-le-Pin;FR;48.366944444444;1.33
Q1075377;Amilly;Amilly;FR;48.441944444444;1.3922222222222
Q1075490;Saint-Brice-sur-Vienne;Saint-Brice-sur-Vienne;FR;45.879722222222;0.95305555555556
Q1075900;Neuvic-Entier;Neuvic-Entier;FR;45.721666666667;1.6113888888889
Q1076330;Nieul;Nieul;FR;45.924444444444;1.1713888888889
Q1076338;Chessy;Chessy;FR;48.880277777778;2.7633333333333
Q1076670;Marsac-sur-l'Isle;Marsac-sur-l'Isle;FR;45.183058333333335;0.6562222222222223
Q1076734;Razac-sur-l'Isle;Razac-sur-l'Isle;FR;45.163888888889;0.59972222222222
Q1076761;Loubejac;Loubejac;FR;44.592777777778;1.0875
Q1077096;Mauzac-et-Grand-Castang;Mauzac-et-Grand-Castang;FR;44.864444444444;0.79722222222222
Q1077728;Saint-Léon-sur-l'Isle;Saint-Léon-sur-l'Isle;FR;45.114722222222;0.50444444444444
Q1078534;Bords;Bords;FR;45.896944444444;-0.79444444444444
Q1078880;Lamonzie-Saint-Martin;Lamonzie-Saint-Martin;FR;44.8425;0.38388888888889
Q1078906;Lamothe-Montravel;Lamothe-Montravel;FR;44.851388888889;0.025277777777778
Q1078919;Gardonne;Gardonne;FR;44.836388888889;0.33222222222222
Q1078961;Eymoutiers;Eymoutiers;FR;45.738888888889;1.7425
Q1079098;Lavaufranche;Lavaufranche;FR;46.320555555556;2.2713888888889
Q1079436;Lalinde;Lalinde;FR;44.836944444444;0.73805555555556
Q1079725;Cazères;Cazères;FR;43.206388888889;1.0858333333333
Q1080911;Chabris;Chabris;FR;47.255;1.6533333333333
Q1081886;Bachos;Bachos;FR;42.897777777778;0.6175
Q1081996;Brou;Brou;FR;48.210277777778;1.1672222222222
Q1082230;Aguessac;Aguessac;FR;44.156666666667;3.0983333333333
Q1082355;Mansac;Mansac;FR;45.168333333333;1.3833333333333
Q1082376;La Fouillade;La Fouillade;FR;44.231111111111;2.0419444444444
Q1082532;Crampagna;Crampagna;FR;43.028888888889;1.6066666666667
Q1084861;Nouvion-sur-Meuse;Nouvion-sur-Meuse;FR;49.7;4.795
Q1085418;Auxon;Auxon;FR;48.103888888889;3.9191666666667
Q1086297;Fromy;Fromy;FR;49.597222222222;5.2505555555556
Q1086391;Remilly-Aillicourt;Remilly-Aillicourt;FR;49.651666666667;4.9944444444444
Q1086559;Leuc;Leuc;FR;43.146666666667;2.3233333333333
Q1086955;Montazels;Montazels;FR;42.945;2.246111111111111
Q1087168;Allamps;Allamps;FR;48.547222222222;5.8094444444444
Q1087294;Varilhes;Varilhes;FR;43.045555555556;1.6283333333333
Q1087326;Bouilly;Bouilly;FR;48.196111111111;3.9994444444444
Q1087868;Saint-Denis-des-Murs;Saint-Denis-des-Murs;FR;45.785277777778;1.5444444444444
Q1088246;Saint-Sulpice-Laurière;Saint-Sulpice-Laurière;FR;46.052777777778;1.4705555555556
Q1088565;Lucquy;Lucquy;FR;49.532777777778;4.4777777777778
Q1088660;Antignac;Antignac;FR;42.826111111111;0.6
Q1088687;Fépin;Fépin;FR;50.019444444444;4.7291666666667
Q1088733;La Ferté-sur-Chiers;La Ferté-sur-Chiers;FR;49.575;5.2419444444444
Q1088735;Carbonne;Carbonne;FR;43.297222222222;1.2191666666667
Q1089170;Joigny-sur-Meuse;Joigny-sur-Meuse;FR;49.837777777778;4.7608333333333
Q1089758;Drap;Drap;FR;43.755;7.3213888888889
Q109012648;Montaignac-sur-Doustre;Montaignac-sur-Doustre;FR;45.35388888888889;1.978888888888889
Q1090210;Buire-sur-l'Ancre;Buire-sur-l'Ancre;FR;49.965;2.5922222222222
Q1092907;Bertren;Bertren;FR;43.000277777778;0.61805555555556
Q1093130;Fontpédrouse;Fontpédrouse;FR;42.511666666667;2.18
Q1094333;Saint-Cassien;Saint-Cassien;FR;45.36;5.5533333333333
Q1094400;Capvern;Capvern;FR;43.101666666667;0.31666666666667
Q1095000;Saint-Sever-de-Saintonge;Saint-Sever-de-Saintonge;FR;45.693888888889;-0.50833333333333
Q1096136;Estrées-Saint-Denis;Estrées-Saint-Denis;FR;49.425555555556;2.6427777777778
Q1096183;Le Château-d'Almenêches;Le Château-d'Almenêches;FR;48.679166666667;0.12194444444444
Q1096963;Cires-lès-Mello;Cires-lès-Mello;FR;49.273055555556;2.3566666666667
Q1097637;Étigny;Étigny;FR;48.138611111111;3.2916666666667
Q1098068;La Celle-Saint-Avant;La Celle-Saint-Avant;FR;47.021666666667;0.60416666666667
Q1098360;Parent;Parent;FR;45.623888888889;3.2302777777778
Q1098506;Peschadoires;Peschadoires;FR;45.826111111111;3.4925
Q1098591;Berthecourt;Berthecourt;FR;49.350555555556;2.2247222222222
Q1098685;Valleroy;Valleroy;FR;49.211944444444;5.9355555555556
Q1098767;Abancourt;Abancourt;FR;49.696944444444;1.765
Q1098928;Saint-Hilaire-sur-Helpe;Saint-Hilaire-sur-Helpe;FR;50.131666666667;3.9036111111111
Q1098975;Balagny-sur-Thérain;Balagny-sur-Thérain;FR;49.295277777778;2.3363888888889
Q1099000;Locquignol;Locquignol;FR;50.198611111111;3.7161111111111
Q1099027;La Croix-en-Touraine;La Croix-en-Touraine;FR;47.336666666667;0.99055555555556
Q1099874;Tournay;Tournay;FR;43.184166666667;0.24555555555556
Q1100144;Voutré;Voutré;FR;48.136388888889;-0.29083333333333
Q1100692;Neau;Neau;FR;48.156111111111;-0.47555555555556
Q1100744;Wambaix;Wambaix;FR;50.128888888889;3.305
Q1100865;Eurville-Bienville;Eurville-Bienville;FR;48.585;5.0366666666667
Q1101255;Trith-Saint-Léger;Trith-Saint-Léger;FR;50.325555555556;3.4858333333333
Q1101363;Laneuveville-devant-Nancy;Laneuveville-devant-Nancy;FR;48.655277777778;6.2313888888889
Q1101374;Flin;Flin;FR;48.4975;6.655
Q1101484;Leval;Leval;FR;50.188611111111;3.8383333333333
Q1101571;Curel;Curel;FR;48.491666666667;5.1366666666667
Q1101648;Donjeux;Donjeux;FR;48.363888888889;5.1555555555556
Q1101891;Bolquère;Bolquère;FR;42.503055555556;2.0775
Q1101976;Culmont;Culmont;FR;47.821111111111;5.4402777777778
Q1102150;Sainghin-en-Weppes;Sainghin-en-Weppes;FR;50.5625;2.9005555555556
Q1102819;Lusse;Lusse;FR;48.292222222222;7.1030555555556
Q1103472;Mourmelon-le-Petit;Mourmelon-le-Petit;FR;49.129722222222;4.3094444444444
Q1103524;Muizon;Muizon;FR;49.273888888889;3.8908333333333
Q1104167;La Chaize-le-Vicomte;La Chaize-le-Vicomte;FR;46.672222222222;-1.2925
Q1104341;Layrac;Layrac;FR;44.134166666667;0.66166666666667
Q1104396;L'Herbergement;L'Herbergement;FR;46.909166666667;-1.3769444444444
Q1104900;Villery;Villery;FR;48.170833333333;4.0188888888889
Q1105639;Honnechy;Honnechy;FR;50.068611111111;3.4713888888889
Q1105828;Aubigny-au-Bac;Aubigny-au-Bac;FR;50.2625;3.1644444444444
Q1106334;Saint-Victor-sur-Rhins;Saint-Victor-sur-Rhins;FR;46.004166666667;4.2816666666667
Q1106403;Saint-Romain-le-Puy;Saint-Romain-le-Puy;FR;45.555555555556;4.1230555555556
Q1106562;Avrechy;Avrechy;FR;49.446944444444;2.4261111111111
Q1106651;Bacouël;Bacouël;FR;49.618888888889;2.3858333333333
Q1106991;L'Isle-d'Abeau;L'Isle-d'Abeau;FR;45.619444444444;5.2330555555556
Q1107311;Régny;Régny;FR;45.990833333333;4.2147222222222
Q1107626;Fougeré;Fougeré;FR;46.658333333333;-1.2325
Q1109554;Lavoûte-sur-Loire;Lavoûte-sur-Loire;FR;45.118333333333;3.9058333333333
Q1109595;Mazeyrat-d'Allier;Mazeyrat-d'Allier;FR;45.120833333333;3.5280555555556
Q1110763;Goderville;Goderville;FR;49.646111111111;0.36555555555556
Q1111084;La Crèche;La Crèche;FR;46.360833333333;-0.3
Q1111383;Fix-Saint-Geneys;Fix-Saint-Geneys;FR;45.142777777778;3.6675
Q1111541;Costaros;Costaros;FR;44.895;3.8502777777778
Q1111803;Villiers-sur-Loir;Villiers-sur-Loir;FR;47.806666666667;0.99416666666667
Q1112178;Saint-Geours-de-Maremne;Saint-Geours-de-Maremne;FR;43.687222222222;-1.2291666666667
Q11131;Hazebrouck;Hazebrouck;FR;50.724444444444;2.5383333333333
Q1113972;Vinça;Vinça;FR;42.645;2.5286111111111
Q1114119;Ondres;Ondres;FR;43.560833333333;-1.4494444444444
Q1114265;Labenne;Labenne;FR;43.592777777778;-1.4266666666667
Q1115233;Garchizy;Garchizy;FR;47.047222222222;3.0952777777778
Q1116307;Montrond-les-Bains;Montrond-les-Bains;FR;45.643611111111;4.2305555555556
Q1134235;Ostricourt;Ostricourt;FR;50.454444444444;3.0308333333333
Q1135829;Courçay;Courçay;FR;47.250555555556;0.87583333333333
Q1135988;Cormery;Cormery;FR;47.267222222222;0.83666666666667
Q1136652;Sainte-Lizaigne;Sainte-Lizaigne;FR;47.006944444444;2.0227777777778
Q1137201;Reuilly;Reuilly;FR;47.083888888889;2.0441666666667
Q1137524;Luant;Luant;FR;46.733055555556;1.5586111111111
Q1137585;Luçay-le-Mâle;Luçay-le-Mâle;FR;47.13;1.4413888888889
Q1138709;Chambourg-sur-Indre;Chambourg-sur-Indre;FR;47.181388888889;0.96722222222222
Q1139270;Bengy-sur-Craon;Bengy-sur-Craon;FR;47.000277777778;2.7477777777778
Q1139366;Saint-Aubin-des-Bois;Saint-Aubin-des-Bois;FR;48.468055555556;1.3625
Q1139444;Pontgouin;Pontgouin;FR;48.480277777778;1.1611111111111
Q1140091;Magny;Magny;FR;48.349722222222;1.2630555555556
Q1140773;Champigny;Champigny;FR;48.319444444444;3.1275
Q1141332;Saint-Pierre-des-Corps;Saint-Pierre-des-Corps;FR;47.390833333333;0.72805555555556
Q1141361;Nérondes;Nérondes;FR;46.9975;2.8194444444444
Q1141399;Naucelle;Naucelle;FR;44.198333333333;2.3419444444444
Q1142001;Salles-Courbatiès;Salles-Courbatiès;FR;44.471388888889;2.0775
Q1142113;Orval;Orval;FR;46.725555555556;2.4816666666667
Q1142316;Garanou;Garanou;FR;42.766388888889;1.7513888888889
Q1142509;Ornolac-Ussat-les-Bains;Ornolac-Ussat-les-Bains;FR;42.819444444444;1.6316666666667
Q1143375;Roinville;Roinville;FR;48.445277777778;1.7483333333333
Q1143441;Aubiet;Aubiet;FR;43.646111111111;0.78361111111111
Q1143525;Villeneuve-de-Rivière;Villeneuve-de-Rivière;FR;43.120833333333;0.66666666666667
Q1144031;Le Vernet;Le Vernet;FR;43.185;1.6022222222222
Q1144420;Villeneuve-la-Comtesse;Villeneuve-la-Comtesse;FR;46.098333333333;-0.50416666666667
Q1144557;Saint-Laurent-de-la-Prée;Saint-Laurent-de-la-Prée;FR;45.981111111111;-1.0411111111111
Q1146338;Cerizay;Cerizay;FR;46.821388888889;-0.66472222222222
Q1146421;Brion-près-Thouet;Brion-près-Thouet;FR;47.051388888889;-0.18583333333333
Q1146931;Wadelincourt;Wadelincourt;FR;49.685277777778;4.9408333333333
Q1147040;Dangé-Saint-Romain;Dangé-Saint-Romain;FR;46.936388888889;0.60583333333333
Q1147090;Vrigne-Meuse;Vrigne-Meuse;FR;49.702777777778;4.8458333333333
Q1148546;Ausson;Ausson;FR;43.081666666667;0.59583333333333
Q1148868;Prin-Deyrançon;Prin-Deyrançon;FR;46.221666666667;-0.63638888888889
Q1149118;Mauzé-sur-le-Mignon;Mauzé-sur-le-Mignon;FR;46.195277777778;-0.67111111111111
Q1149298;Magalas;Magalas;FR;43.471111111111;3.2219444444444
Q1149969;Épierre;Épierre;FR;45.453888888889;6.2947222222222
Q1150691;Saint-Hilaire-du-Rosier;Saint-Hilaire-du-Rosier;FR;45.100833333333;5.2480555555556
Q1151404;Neulise;Neulise;FR;45.902222222222;4.18
Q1151735;Chaponost;Chaponost;FR;45.710277777778;4.7422222222222
Q1152930;Cintegabelle;Cintegabelle;FR;43.312777777778;1.5305555555556
Q1152945;Campagnac;Campagnac;FR;44.417222222222;3.0872222222222
Q1152948;Chalais;Chalais;FR;45.273055555556;0.039166666666667
Q1152950;Villeneuve;Villeneuve;FR;44.437222222222;2.0319444444444
Q1153151;Pins-Justaret;Pins-Justaret;FR;43.47972222222222;1.3833333333333333
Q1153349;Gaillac-d'Aveyron;Gaillac-d'Aveyron;FR;44.355555555556;2.9286111111111
Q115359;Rosières-en-Santerre;Rosières-en-Santerre;FR;49.814166666667;2.7027777777778
Q1153919;Domessin;Domessin;FR;45.540277777778;5.7091666666667
Q115426;Moreuil;Moreuil;FR;49.774444444444;2.4830555555556
Q1154587;Moirans;Moirans;FR;45.325;5.5644444444444
Q1155235;Sury-le-Comtal;Sury-le-Comtal;FR;45.5375;4.1830555555556
Q1156771;Muille-Villette;Muille-Villette;FR;49.7275;3.0666666666667
Q1156776;Ribécourt-Dreslincourt;Ribécourt-Dreslincourt;FR;49.51;2.9225
Q115727934;Culoz-Béon;Culoz-Béon;FR;45.8476;5.781
Q1157405;Martigny-les-Bains;Martigny-les-Bains;FR;48.106111111111;5.8230555555556
Q1157547;La Chapelle-de-Guinchay;La Chapelle-de-Guinchay;FR;46.210555555556;4.7547222222222
Q1157701;La Chapelle-Saint-Mesmin;La Chapelle-Saint-Mesmin;FR;47.88722222222222;1.8405555555555555
Q1157780;Mattaincourt;Mattaincourt;FR;48.278888888889;6.1330555555556
Q1157988;Saint-Étienne-de-Cuines;Saint-Étienne-de-Cuines;FR;45.342222222222;6.2916666666667
Q1158046;Martigny-les-Gerbonvaux;Martigny-les-Gerbonvaux;FR;48.445555555556;5.7944444444444
Q1158103;Saint-Léonard;Saint-Léonard;FR;48.216388888889;6.9438888888889
Q1158244;Margut;Margut;FR;49.584166666667;5.2608333333333
Q1159425;Revigny-sur-Ornain;Revigny-sur-Ornain;FR;48.828055555556;4.9872222222222
Q1159564;Lérouville;Lérouville;FR;48.791666666667;5.5441666666667
Q1159666;Les Martres-de-Veyre;Les Martres-de-Veyre;FR;45.684166666667;3.19
Q1160322;Salomé;Salomé;FR;50.531944444444;2.8427777777778
Q1160662;Templeuve-en-Pévèle;Templeuve-en-Pévèle;FR;50.526666666667;3.175
Q1160742;Strazeele;Strazeele;FR;50.726944444444;2.6308333333333
Q1161173;Rosult;Rosult;FR;50.447777777778;3.3638888888889
Q1161421;Steenbecque;Steenbecque;FR;50.674444444444;2.485
Q116192;La Chaumusse;La Chaumusse;FR;46.593611111111;5.9561111111111
Q1161950;La Ferté-Imbault;La Ferté-Imbault;FR;47.385833333333;1.9555555555556
Q1162289;Saint-Michel-sur-Meurthe;Saint-Michel-sur-Meurthe;FR;48.3175;6.8866666666667
Q1163139;Le Soler;Le Soler;FR;42.681944444444;2.7933333333333
Q1163750;La Guerche-sur-l'Aubois;La Guerche-sur-l'Aubois;FR;46.951111111111;2.9475
Q1164132;Port-Sainte-Marie;Port-Sainte-Marie;FR;44.250555555556;0.39722222222222
Q1164307;Saint-Maclou-de-Folleville;Saint-Maclou-de-Folleville;FR;49.680555555556;1.1066666666667
Q1164461;Le Coteau;Le Coteau;FR;46.027222222222;4.0866666666667
Q1164492;Les Chavannes-en-Maurienne;Les Chavannes-en-Maurienne;FR;45.391388888889;6.2819444444444
Q1164666;Saint-Laurent-de-Brèvedent;Saint-Laurent-de-Brèvedent;FR;49.526111111111;0.25638888888889
Q1164786;Ebblinghem;Ebblinghem;FR;50.732222222222;2.4097222222222
Q1165029;Le Pouliguen;Le Pouliguen;FR;47.276944444444;-2.4302777777778
Q1165041;Fretin;Fretin;FR;50.5575;3.1341666666667
Q1165063;Prouvy;Prouvy;FR;50.320555555556;3.4505555555556
Q1165075;Sainte-Pazanne;Sainte-Pazanne;FR;47.103055555556;-1.8108333333333
Q1165100;Thouaré-sur-Loire;Thouaré-sur-Loire;FR;47.2675;-1.4405555555556
Q1165120;Les Moutiers-en-Retz;Les Moutiers-en-Retz;FR;47.063333333333;-2.0016666666667
Q1166810;Eslettes;Eslettes;FR;49.546111111111;1.0525
Q1166899;Cercottes;Cercottes;FR;47.985277777778;1.8827777777778
Q1167478;Boisseaux;Boisseaux;FR;48.256666666667;1.9877777777778
Q1168346;Saint-Lothain;Saint-Lothain;FR;46.825555555556;5.6444444444444
Q1169595;Chaingy;Chaingy;FR;47.883611111111;1.7730555555556
Q1169770;Suèvres;Suèvres;FR;47.666666666667;1.4608333333333
Q1169891;Theillay;Theillay;FR;47.313888888889;2.0402777777778
Q1169902;Selles-Saint-Denis;Selles-Saint-Denis;FR;47.385833333333;1.9225
Q1169994;Noyers-sur-Cher;Noyers-sur-Cher;FR;47.276666666667;1.3997222222222
Q1170112;Nouan-le-Fuzelier;Nouan-le-Fuzelier;FR;47.536944444444;2.0380555555556
Q1170191;Mennetou-sur-Cher;Mennetou-sur-Cher;FR;47.269444444444;1.8658333333333
Q1170291;Pezou;Pezou;FR;47.866111111111;1.1427777777778
Q1170302;Villeperdue;Villeperdue;FR;47.200833333333;0.63222222222222
Q1170597;Villeherviers;Villeherviers;FR;47.366111111111;1.7980555555556
Q1170702;Veigné;Veigné;FR;47.2875;0.7375
Q1170798;Saint-Antoine-du-Rocher;Saint-Antoine-du-Rocher;FR;47.496111111111;0.63
Q1170894;Monts;Monts;FR;47.274722222222;0.64277777777778
Q1170908;Maillé;Maillé;FR;47.052777777778;0.58138888888889
Q1171292;Druye;Druye;FR;47.309166666667;0.53805555555556
Q1171493;Aubigné-Racan;Aubigné-Racan;FR;47.690833333333;0.26777777777778
Q1171927;Saint-Martin-le-Beau;Saint-Martin-le-Beau;FR;47.355833333333;0.90972222222222
Q1171941;Limeray;Limeray;FR;47.459444444444;1.0413888888889
Q1171980;Saint-Genouph;Saint-Genouph;FR;47.378333333333;0.59861111111111
Q1171988;Saint-Paterne-Racan;Saint-Paterne-Racan;FR;47.601944444444;0.48222222222222
Q1172014;Monnaie;Monnaie;FR;47.500555555556;0.78527777777778
Q1172299;Saint-Florent-sur-Cher;Saint-Florent-sur-Cher;FR;46.995555555556;2.2516666666667
Q1172536;Marmagne;Marmagne;FR;47.101388888889;2.2836111111111
Q1172598;Gièvres;Gièvres;FR;47.276388888889;1.6688888888889
Q1173440;Neuvy-Sautour;Neuvy-Sautour;FR;48.041944444444;3.7938888888889
Q1173494;Lunery;Lunery;FR;46.935277777778;2.2711111111111
Q1173543;Foëcy;Foëcy;FR;47.176944444444;2.1616666666667
Q1174262;Le Meux;Le Meux;FR;49.367777777778;2.7444444444444
Q1174480;Gilly-sur-Loire;Gilly-sur-Loire;FR;46.538055555556;3.7788888888889
Q117551;Champs-sur-Yonne;Champs-sur-Yonne;FR;47.737222222222;3.6011111111111
Q11981;Saint-Maurice-de-Beynost;Saint-Maurice-de-Beynost;FR;45.830277777778;4.9752777777778
Q1214970;Fismes;Fismes;FR;49.307222222222;3.6805555555556
Q1215048;Vertaizon;Vertaizon;FR;45.769722222222;3.2863888888889
Q1215116;Lapeyrouse;Lapeyrouse;FR;46.224166666667;2.8722222222222
Q12153;Vilafant;Vilafant;ES;42.246755;2.937935
Q121642;Metzeral;Metzeral;FR;48.012222222222;7.0702777777778
Q1216917;Grésy-sur-Isère;Grésy-sur-Isère;FR;45.601111111111;6.2536111111111
Q1217859;Bourret;Bourret;FR;43.943611111111;1.1680555555556
Q1218370;Saint-Béron;Saint-Béron;FR;45.501388888889;5.7291666666667
Q12191;Nantes;Nantes;FR;47.217222222222;-1.5538888888889
Q12193;Brest;Brest;FR;48.39055555555556;-4.486111111111111
Q1219578;Loivre;Loivre;FR;49.346111111111;3.9797222222222
Q1219882;Sommesous;Sommesous;FR;48.738333333333;4.1966666666667
Q1219955;Sept-Saulx;Sept-Saulx;FR;49.149166666667;4.2533333333333
Q1221301;Germaine;Germaine;FR;49.114444444444;4.0302777777778
Q1221375;Lezoux;Lezoux;FR;45.8275;3.38
Q1221970;Prunay;Prunay;FR;49.196944444444;4.1838888888889
Q1222442;Saint-Avre;Saint-Avre;FR;45.3525;6.31
Q1222773;Mouchard;Mouchard;FR;46.973333333333;5.7972222222222
Q1222904;Vaas;Vaas;FR;47.669166666667;0.31222222222222
Q1222934;Beillé;Beillé;FR;48.083055555556;0.51
Q122306;Vieux-Thann;Vieux-Thann;FR;47.801944444444;7.1208333333333
Q1224297;Mayet;Mayet;FR;47.758888888889;0.27472222222222
Q1224851;Rilly-la-Montagne;Rilly-la-Montagne;FR;49.165277777778;4.0455555555556
Q1226578;Teillé;Teillé;FR;48.181666666667;0.18805555555556
Q1226649;Issé;Issé;FR;47.623888888889;-1.4511111111111
Q1227053;Passenans;Passenans;FR;46.798055555556;5.6188888888889
Q122812;La Faloise;La Faloise;FR;49.699166666667;2.3411111111111
Q1228266;Domfront-en-Champagne;Domfront-en-Champagne;FR;48.104722222222;0.028055555555556
Q1231302;Chamousset;Chamousset;FR;45.555833333333;6.1991666666667
Q123191;Kruth;Kruth;FR;47.930833333333;6.9638888888889
Q123269717;Val-de-Comporté;Val-de-Comporté;FR;46.1333;0.2432
Q1233987;Jacob-Bellecombette;Jacob-Bellecombette;FR;45.555555555556;5.9136111111111
Q1234008;Vivoin;Vivoin;FR;48.233611111111;0.15583333333333
Q1234103;Sillé-le-Guillaume;Sillé-le-Guillaume;FR;48.183333333333;-0.12916666666667
Q123475717;Ingrandes-le-Fresne-sur-Loire;Ingrandes-le-Fresne-sur-Loire;FR;47.403888888888886;-0.9194444444444444
Q1234773;Voivres-lès-le-Mans;Voivres-lès-le-Mans;FR;47.929722222222;0.072222222222222
Q123667;Malmerspach;Malmerspach;FR;47.863888888889;7.0344444444444
Q123691;Merxheim;Merxheim;FR;47.910833333333;7.2925
Q123852858;Oullins-Pierre-Bénite;Oullins-Pierre-Bénite;FR;45.714166666666664;4.8075
Q124052546;Bazeilles;Bazeilles;FR;49.677222222222;4.9763888888889
Q124107;Lièpvre;Lièpvre;FR;48.272222222222;7.2825
Q124160;Luttenbach-près-Munster;Luttenbach-près-Munster;FR;48.032222222222;7.1191666666667
Q124172;Lutterbach;Lutterbach;FR;47.759722222222;7.2805555555556
Q1242257;Aiguebelette-le-Lac;Aiguebelette-le-Lac;FR;45.537777777778;5.815
Q1251125;Baule;Baule;FR;47.810833333333;1.6708333333333
Q126094;Thésée;Thésée;FR;47.326111111111;1.3038888888889
Q126283;Saint-Hippolyte;Saint-Hippolyte;FR;48.231944444444;7.3716666666667
Q126675;Chantilly;Chantilly;FR;49.186944444444;2.4608333333333
Q126898;Antibes;Antibes;FR;43.58;7.1230555555556
Q127808;Questembert;Questembert;FR;47.661388888889;-2.4530555555556
Q1289;Grenoble;Grenoble;FR;45.186944444444;5.7263888888889
Q128997;Pluneret;Pluneret;FR;47.675555555556;-2.9575
Q12995;Courtrai;Kortrijk;BE;50.8275;3.265833333333333
Q129998;Mailly-la-Ville;Mailly-la-Ville;FR;47.599166666667;3.6811111111111
Q130128;Vincelles;Vincelles;FR;47.704166666667;3.6316666666667
Q130239;Givry;Givry;FR;47.519722222222;3.795
Q130272;Chartres;Chartres;FR;48.446666666667;1.4883333333333
Q130550851;Laigné-Saint-Gervais;Laigné-Saint-Gervais;FR;47.878055555;0.229722222
Q130550854;Cugand-la-Bernardière;Cugand-la-Bernardière;FR;47.0625;-1.254444444
Q130559071;Hesdin-la-Forêt;Hesdin-la-Forêt;FR;50.37416666666667;2.0366666666666666
Q130936105;Parsac;Parsac;FR;46.2025;2.152222222222222
Q130994;Colmar;Colmar;FR;48.081111111111;7.355
Q131329;Arras;Arras;FR;50.289166666667;2.78
Q131573878;Lunas-les-Châteaux;Lunas-les-Châteaux;FR;43.7075;3.194166666666667
Q131581675;Neufchâteau;Neufchâteau;FR;48.355555555;5.696111111
Q131581676;Saillans;Saillans;FR;44.696388888;5.1975
Q131581677;Poligny;Poligny;FR;46.836111111;5.707777777
Q131581678;Mamirolle;Mamirolle;FR;47.196944444;6.161666666
Q131594083;Neussargues-Moissac;Neussargues-Moissac;FR;45.128333333;2.976111111
Q131957;Chevilly;Chevilly;FR;48.028888888889;1.8736111111111
Q132067;Chaux-des-Crotenay;Chaux-des-Crotenay;FR;46.6575;5.9672222222222
Q1321472;Puybrun;Puybrun;FR;44.918611111111;1.7869444444444
Q1322789;Saint-Vincent;Saint-Vincent;FR;45.144166666667;3.9094444444444
Q1323062;Sainte-Eugénie-de-Villeneuve;Sainte-Eugénie-de-Villeneuve;FR;45.139166666667;3.6233333333333
Q1323192;Saléchan;Saléchan;FR;42.955833333333;0.63111111111111
Q1323215;Saint-Pé-de-Bigorre;Saint-Pé-de-Bigorre;FR;43.101944444444;-0.15916666666667
Q132404;Bourges;Bourges;FR;47.07944444444445;2.3958333333333335
Q1325099;Loures-Barousse;Loures-Barousse;FR;43.024444444444;0.60527777777778
Q1325599;Gudmont-Villiers;Gudmont-Villiers;FR;48.343888888889;5.1372222222222
Q132671;Pau;Pau;FR;43.300833333333;-0.37
Q1326736;Gignac;Gignac;FR;45.005277777778;1.4577777777778
Q1327605;Biars-sur-Cère;Biars-sur-Cère;FR;44.928055555556;1.8472222222222
Q132790;Biarritz;Biarritz;FR;43.480555555556;-1.5572222222222
Q132801;Albi;Albi;FR;43.928055555556;2.1458333333333
Q1329186;Rouvroy-sur-Marne;Rouvroy-sur-Marne;FR;48.3575;5.1469444444444
Q1329250;Rachecourt-sur-Marne;Rachecourt-sur-Marne;FR;48.525833333333;5.1011111111111
Q1329383;Viéville;Viéville;FR;48.238888888889;5.1341666666667
Q1329471;Vouécourt;Vouécourt;FR;48.267222222222;5.1363888888889
Q1329526;Rupt;Rupt;FR;48.423888888889;5.1402777777778
Q133069;Bourg-en-Bresse;Bourg-en-Bresse;FR;46.204722222222;5.2280555555556
Q1331651;Froncles;Froncles;FR;48.299166666667;5.1461111111111
Q1331982;Rantigny;Rantigny;FR;49.329722222222;2.4413888888889
Q1332754;Bétaille;Bétaille;FR;44.943888888889;1.7338888888889
Q1333482;Vernassal;Vernassal;FR;45.149166666667;3.7027777777778
Q1335015;Wacquemoulin;Wacquemoulin;FR;49.502777777778;2.6166666666667
Q1335027;Villers-Saint-Sépulcre;Villers-Saint-Sépulcre;FR;49.365555555556;2.2158333333333
Q1335163;Rochy-Condé;Rochy-Condé;FR;49.400555555556;2.1838888888889
Q1336373;Montreuil-sur-Thérain;Montreuil-sur-Thérain;FR;49.380555555556;2.1933333333333
Q1336775;Pont-Sainte-Maxence;Pont-Sainte-Maxence;FR;49.301111111111;2.6036111111111
Q1336931;Tricot;Tricot;FR;49.561111111111;2.5888888888889
Q1337308;Laigneville;Laigneville;FR;49.296111111111;2.4455555555556
Q1337566;Jaux;Jaux;FR;49.389444444444;2.7761111111111
Q1337769;Pimprez;Pimprez;FR;49.514444444444;2.9519444444444
Q133824;Issoire;Issoire;FR;45.544166666667;3.2488888888889
Q1338650;Longueil-Annel;Longueil-Annel;FR;49.467777777778;2.8636111111111
Q1338762;Margny-lès-Compiègne;Margny-lès-Compiègne;FR;49.426111111111;2.8208333333333
Q1339256;Vraincourt;Vraincourt;FR;48.241388888889;5.1247222222222
Q1339412;Bury;Bury;FR;49.313888888889;2.3433333333333
Q1339421;Chevrières;Chevrières;FR;49.344722222222;2.6825
Q1339478;Jarrie;Jarrie;FR;45.096944444444;5.7425
Q1340820;Mercus-Garrabet;Mercus-Garrabet;FR;42.879722222222;1.6302777777778
Q1340927;Cierp-Gaud;Cierp-Gaud;FR;42.915555555556;0.63861111111111
Q1341025;Cier-de-Luchon;Cier-de-Luchon;FR;42.858333333333;0.60111111111111
Q134328;Blaisy-Bas;Blaisy-Bas;FR;47.372777777778;4.7402777777778
Q134346;Angoulême;Angoulême;FR;45.649444444444;0.15944444444444
Q134404;Mâlain;Mâlain;FR;47.325833333333;4.7947222222222
Q1344773;Cazaux-Layrisse;Cazaux-Layrisse;FR;42.868333333333;0.6075
Q1344893;Buzet-sur-Tarn;Buzet-sur-Tarn;FR;43.778888888889;1.6330555555556
Q1345116;Jouy;Jouy;FR;48.511944444444;1.55
Q1345723;Esténos;Esténos;FR;42.947222222222;0.64083333333333
Q1345742;Castelnau-d'Estrétefonds;Castelnau-d'Estrétefonds;FR;43.782222222222;1.3583333333333
Q134674;Bayonne;Bayonne;FR;43.4925;-1.4763888888889
Q1346868;Gannes;Gannes;FR;49.568888888889;2.4216666666667
Q1346879;Herchies;Herchies;FR;49.487777777778;2.0113888888889
Q1348756;Sainte-Gemme;Sainte-Gemme;FR;46.900555555556;-0.28777777777778
Q1349685;Bussac-Forêt;Bussac-Forêt;FR;45.2125;-0.36972222222222
Q1350296;Saint-Aigulin;Saint-Aigulin;FR;45.156944444444;-0.010277777777778
Q1350627;Thuès-Entre-Valls;Thuès-Entre-Valls;FR;42.524166666667;2.2233333333333
Q1353991;Dissay;Dissay;FR;46.700833333333;0.43166666666667
Q1356522;Anché;Anché;FR;46.344166666667;0.26444444444444
Q1359632;Gimat;Gimat;FR;43.851944444444;0.9425
Q13598;Vénissieux;Vénissieux;FR;45.696944444444;4.8858333333333
Q13600;Feyzin;Feyzin;FR;45.672777777778;4.8588888888889
Q1360137;Blanzay;Blanzay;FR;46.202222222222;0.25527777777778
Q1361040;Saint-Denis-lès-Martel;Saint-Denis-lès-Martel;FR;44.940833333333;1.6616666666667
Q1362102;Saint-Prest;Saint-Prest;FR;48.492222222222;1.5311111111111
Q1363949;Civrieux-d'Azergues;Civrieux-d'Azergues;FR;45.858055555556;4.7130555555556
Q1364250;Irigny;Irigny;FR;45.673055555556;4.8225
Q1364510;Le Breuil;Le Breuil;FR;45.894166666667;4.5875
Q1364733;Dommartin;Dommartin;FR;45.835;4.7113888888889
Q1365239;Saint-Remy-en-l'Eau;Saint-Remy-en-l'Eau;FR;49.471666666667;2.4311111111111
Q1365428;Saint-Omer-en-Chaussée;Saint-Omer-en-Chaussée;FR;49.531944444444;2.0022222222222
Q1365776;Blanzy;Blanzy;FR;46.703888888889;4.3902777777778
Q1366344;Saint-Christophe-Vallon;Saint-Christophe-Vallon;FR;44.470833333333;2.4119444444444
Q1366500;Pont-Sainte-Marie;Pont-Sainte-Marie;FR;48.320555555556;4.1013888888889
Q1369210;Millas;Millas;FR;42.691666666667;2.6955555555556
Q1369252;Err;Err;FR;42.44;2.0333333333333
Q1369638;Nyer;Nyer;FR;42.533611111111;2.2758333333333
Q1369688;Sainte-Léocadie;Sainte-Léocadie;FR;42.436666666667;2.0033333333333
Q1369732;Osséja;Osséja;FR;42.416111111111;1.9808333333333
Q1371171;Portet-sur-Garonne;Portet-sur-Garonne;FR;43.521944444444;1.4061111111111
Q1372146;Crain;Crain;FR;47.53;3.5538888888889
Q1373341;Saint-Julien-du-Sault;Saint-Julien-du-Sault;FR;48.031944444444;3.295
Q1374013;Fondamente;Fondamente;FR;43.876111111111;3.1236111111111
Q1375877;Voutenay-sur-Cure;Voutenay-sur-Cure;FR;47.561944444444;3.7847222222222
Q1376006;Saint-Paul-de-Jarrat;Saint-Paul-de-Jarrat;FR;42.913333333333;1.6605555555556
Q1376582;Bazarnes;Bazarnes;FR;47.660833333333;3.6627777777778
Q1376848;Nuits;Nuits;FR;47.731111111111;4.2133333333333
Q1377324;Le Houlme;Le Houlme;FR;49.508055555556;1.0361111111111
Q1377718;Souilly;Souilly;FR;49.027777777778;5.2863888888889
Q1379684;Dégagnac;Dégagnac;FR;44.665;1.3158333333333
Q1382486;Loreux;Loreux;FR;47.398888888889;1.8308333333333
Q1382861;Trélazé;Trélazé;FR;47.446111111111;-0.46638888888889
Q1382948;Lamotte-Beuvron;Lamotte-Beuvron;FR;47.602222222222;2.0247222222222
Q1383550;Tiercé;Tiercé;FR;47.615;-0.4675
Q1384646;La Possonnière;La Possonnière;FR;47.375277777778;-0.68638888888889
Q1384871;La Ménitré;La Ménitré;FR;47.4025;-0.26833333333333
Q1385066;Tronville-en-Barrois;Tronville-en-Barrois;FR;48.720277777778;5.2783333333333
Q1385134;Montigny-sur-Chiers;Montigny-sur-Chiers;FR;49.479722222222;5.6691666666667
Q1385472;Vernaison;Vernaison;FR;45.647777777778;4.8113888888889
Q1385704;Vayrac;Vayrac;FR;44.953055555556;1.7041666666667
Q138648;Maubeuge;Maubeuge;FR;50.276944444444;3.9725
Q1386588;Mesvres;Mesvres;FR;46.8625;4.2419444444444
Q1386960;Remy;Remy;FR;49.438055555556;2.7077777777778
Q1388426;Boën-sur-Lignon;Boën-sur-Lignon;FR;45.745833333333;4.0044444444444
Q1388495;Le Chambon-Feugerolles;Le Chambon-Feugerolles;FR;45.396111111111;4.325
Q1388779;Fleurieux-sur-l'Arbresle;Fleurieux-sur-l'Arbresle;FR;45.836388888889;4.6525
Q1388866;Sain-Bel;Sain-Bel;FR;45.810277777778;4.5980555555556
Q1388895;Grigny-sur-Rhône;Grigny-sur-Rhône;FR;45.608333333333;4.7897222222222
Q1388914;Saint-Nizier-d'Azergues;Saint-Nizier-d'Azergues;FR;46.0875;4.4658333333333
Q1388941;Marcilly-d'Azergues;Marcilly-d'Azergues;FR;45.871666666667;4.7294444444444
Q1388948;Lissieu;Lissieu;FR;45.865;4.7422222222222
Q1388987;Poule-les-Écharmeaux;Poule-les-Écharmeaux;FR;46.148888888889;4.4572222222222
Q1389265;Villers-Saint-Paul;Villers-Saint-Paul;FR;49.288888888889;2.4872222222222
Q1390519;Vindrac-Alayrac;Vindrac-Alayrac;FR;44.065277777778;1.9127777777778
Q1390632;Communay;Communay;FR;45.604444444444;4.835
Q1390976;Tanus;Tanus;FR;44.102222222222;2.3175
Q1391514;Nogent-sur-Vernisson;Nogent-sur-Vernisson;FR;47.846388888889;2.7422222222222
Q1408460;Fontanes;Fontanes;FR;44.311666666667;1.4977777777778
Q1410265;Rozières-sur-Mouzon;Rozières-sur-Mouzon;FR;48.12;5.7058333333333
Q1410495;Sainte-Gauburge-Sainte-Colombe;Sainte-Gauburge-Sainte-Colombe;FR;48.714444444444;0.43027777777778
Q1410499;La Perche;La Perche;FR;46.644722222222;2.5736111111111
Q1411218;Étang-sur-Arroux;Étang-sur-Arroux;FR;46.866111111111;4.1894444444444
Q1416583;Vieux-Manoir;Vieux-Manoir;FR;49.566944444444;1.2977777777778
Q1419129;Le Fauga;Le Fauga;FR;43.396388888889;1.2941666666667
Q1421948;Saint-Hilaire-de-Riez;Saint-Hilaire-de-Riez;FR;46.721111111111;-1.9455555555556
Q1422438;Tourville-la-Rivière;Tourville-la-Rivière;FR;49.328611111111;1.1052777777778
Q1422816;Saint-Ay;Saint-Ay;FR;47.858055555556;1.7538888888889
Q1423324;Crêches-sur-Saône;Crêches-sur-Saône;FR;46.246666666667;4.7863888888889
Q1423486;Baudemont;Baudemont;FR;46.287222222222;4.2852777777778
Q1423781;Saint-Cyr-en-Val;Saint-Cyr-en-Val;FR;47.83;1.9694444444444
Q142410;Dreux;Dreux;FR;48.736388888889;1.3655555555556
Q1424723;Saint-Amand-Longpré;Saint-Amand-Longpré;FR;47.69;1.0163888888889
Q1425635;Lamagistère;Lamagistère;FR;44.125;0.82333333333333
Q1428363;Lège;Lège;FR;42.876944444444;0.61083333333333
Q1428657;Montrabé;Montrabé;FR;43.6425;1.525
Q1428824;Escalquens;Escalquens;FR;43.517777777778;1.5608333333333
Q1429096;Saint-Jory;Saint-Jory;FR;43.742222222222;1.3697222222222
Q1429155;Vernet;Vernet;FR;43.432777777778;1.4316666666667
Q1429355;Viviez;Viviez;FR;44.556388888889;2.2158333333333
Q1429779;Moustajon;Moustajon;FR;42.814444444444;0.5975
Q1431501;Longages;Longages;FR;43.355;1.24
Q1431509;Gragnague;Gragnague;FR;43.6825;1.5830555555556
Q1432112;Dieupentale;Dieupentale;FR;43.8625;1.2694444444444
Q1433391;Mervans;Mervans;FR;46.798055555556;5.1866666666667
Q1433843;Navilly;Navilly;FR;46.936111111111;5.145
Q1433896;Fontaines;Fontaines;FR;46.850277777778;4.7722222222222
Q1436018;Mignaloux-Beauvoir;Mignaloux-Beauvoir;FR;46.543333333333;0.41611111111111
Q1436695;Villeneuve-au-Chemin;Villeneuve-au-Chemin;FR;48.089444444444;3.8502777777778
Q1437611;Rouillé;Rouillé;FR;46.420555555556;0.039722222222222
Q1444999;Couzon-au-Mont-d'Or;Couzon-au-Mont-d'Or;FR;45.844444444444;4.8288888888889
Q1445012;Lamure-sur-Azergues;Lamure-sur-Azergues;FR;46.0625;4.4919444444444
Q1445127;Quincieux;Quincieux;FR;45.913611111111;4.7769444444444
Q1445541;Sauto;Sauto;FR;42.5125;2.1511111111111
Q1454091;Lussac-les-Châteaux;Lussac-les-Châteaux;FR;46.402777777778;0.72666666666667
Q1454782;Écuisses;Écuisses;FR;46.759722222222;4.5147222222222
Q1455570;Remoncourt;Remoncourt;FR;48.229444444444;6.0516666666667
Q145921;La Haie-Fouassière;La Haie-Fouassière;FR;47.155555555556;-1.3991666666667
Q1460613;Longueville;Longueville;FR;48.514444444444;3.2469444444444
Q1461290;Rosny-sur-Seine;Rosny-sur-Seine;FR;48.999722222222;1.6316666666667
Q1463820;Damblain;Damblain;FR;48.096388888889;5.6538888888889
Q1464535;Rully;Rully;FR;46.875277777778;4.7402777777778
Q1465460;Marmagne;Marmagne;FR;46.8375;4.3580555555556
Q1465484;Montchanin;Montchanin;FR;46.748055555556;4.4688888888889
Q1467149;Labège;Labège;FR;43.529166666667;1.53
Q1467684;Laizy;Laizy;FR;46.908055555556;4.2005555555556
Q1467944;Valence;Valence;FR;44.110277777778;0.88944444444444
Q1469437;L'Arbresle;L'Arbresle;FR;45.835555555556;4.6169444444444
Q1469657;Collonges-au-Mont-d'Or;Collonges-au-Mont-d'Or;FR;45.823888888889;4.8402777777778
Q1469814;Les Ormes;Les Ormes;FR;46.972222222222;0.60611111111111
Q1470237;Létra;Létra;FR;45.9625;4.5244444444444
Q1470355;Légny;Légny;FR;45.908333333333;4.5836111111111
Q1470456;La Chaussée-Saint-Victor;La Chaussée-Saint-Victor;FR;47.613888888889;1.3652777777778
Q1471226;Ligugé;Ligugé;FR;46.518055555556;0.32972222222222
Q1476;Le Mans;Le Mans;FR;48.004166666667;0.19694444444444
Q1479;Bordeaux;Bordeaux;FR;44.837777777778;-0.57944444444444
Q148035;Raedersheim;Raedersheim;FR;47.888333333333;7.2813888888889
Q148038;Montreux-Vieux;Montreux-Vieux;FR;47.619722222222;7.0225
Q148086;Oderen;Oderen;FR;47.909166666667;6.9752777777778
Q148483;Ribeauvillé;Ribeauvillé;FR;48.195277777778;7.3183333333333
Q148548;Rorschwihr;Rorschwihr;FR;48.217222222222;7.3627777777778
Q148586;Rombach-le-Franc;Rombach-le-Franc;FR;48.284166666667;7.2605555555556
Q148698;Moosch;Moosch;FR;47.86;7.05
Q148746;Muhlbach-sur-Munster;Muhlbach-sur-Munster;FR;48.025555555556;7.0836111111111
Q148765;Ranspach;Ranspach;FR;47.885555555556;7.0088888888889
Q148887;Rixheim;Rixheim;FR;47.748611111111;7.4044444444444
Q148959;Riquewihr;Riquewihr;FR;48.166388888889;7.2969444444444
Q149080;Saint-Amarin;Saint-Amarin;FR;47.872222222222;7.0308333333333
Q149087;Rouffach;Rouffach;FR;47.957777777778;7.2977777777778
Q1492;Barcelone;Barcelona;ES;41.3825;2.1769444444444
Q149419;Munster;Munster;FR;48.041388888889;7.1341666666667
Q152027;Saint-Nazaire;Saint-Nazaire;FR;47.27361111111111;-2.213888888888889
Q154715;Montbéliard;Montbéliard;FR;47.509722222222;6.7983333333333
Q154728;Toul;Toul;FR;48.67611111111111;5.894444444444444
Q154748;Verdun;Verdun;FR;49.159722222222;5.3827777777778
Q1549;Amplepuis;Amplepuis;FR;45.9725;4.3302777777778
Q157713;Tulle;Tulle;FR;45.26777777777778;1.7705555555555557
Q157729;Turckheim;Turckheim;FR;48.086388888889;7.2805555555556
Q159469;Albertville;Albertville;FR;45.675833333333;6.3925
Q1597204;Val-de-Vesle;Val-de-Vesle;FR;49.175;4.2222222222222
Q15979;Kehl;Kehl;DE;48.571111111111;7.8088888888889
Q1598530;Damiatte;Damiatte;FR;43.653055555556;1.9758333333333
Q1602947;Saint-Vallier;Saint-Vallier;FR;46.641944444444;4.3711111111111
Q160927;Blois;Blois;FR;47.593055555556;1.3272222222222
Q16121;Beaune;Beaune;FR;47.024166666667;4.8388888888889
Q1613150;Vivonne;Vivonne;FR;46.430277777778;0.265
Q16140;Meursault;Meursault;FR;46.978055555556;4.7705555555556
Q1614035;Montbartier;Montbartier;FR;43.912777777778;1.2727777777778
Q1614349;Coufouleux;Coufouleux;FR;43.817777777778;1.7308333333333
Q1616267;Villenouvelle;Villenouvelle;FR;43.435555555556;1.6630555555556
Q1616394;Brax;Brax;FR;43.613611111111;1.2391666666667
Q1616409;Guran;Guran;FR;42.89;0.61611111111111
Q1617103;Anse;Anse;FR;45.935555555556;4.7194444444444
Q1617219;Toussieu;Toussieu;FR;45.654444444444;4.985
Q1617488;Sérézin-du-Rhône;Sérézin-du-Rhône;FR;45.628611111111;4.8238888888889
Q1617494;La Tour-de-Salvagny;La Tour-de-Salvagny;FR;45.813611111111;4.7166666666667
Q1617721;Saint-Germain-au-Mont-d'Or;Saint-Germain-au-Mont-d'Or;FR;45.881666666667;4.8019444444444
Q1618497;Vielmur-sur-Agout;Vielmur-sur-Agout;FR;43.620555555556;2.0894444444444
Q161950;Nœux-les-Mines;Nœux-les-Mines;FR;50.479722222222;2.6647222222222
Q1620117;Labruguière;Labruguière;FR;43.539166666667;2.2633333333333
Q1622845;Marssac-sur-Tarn;Marssac-sur-Tarn;FR;43.9175;2.0280555555556
Q1624284;La Ville-Dieu-du-Temple;La Ville-Dieu-du-Temple;FR;44.034722222222;1.2169444444444
Q162569;Montauban-de-Bretagne;Montauban-de-Bretagne;FR;48.199166666667;-2.0480555555556
Q1626071;Saint-Julien-de-Civry;Saint-Julien-de-Civry;FR;46.365555555556;4.2327777777778
Q1626159;Saint-Agnan;Saint-Agnan;FR;46.504722222222;3.88
Q1626198;Saint-Symphorien-des-Bois;Saint-Symphorien-des-Bois;FR;46.333888888889;4.2836111111111
Q1626394;Luxé;Luxé;FR;45.892777777778;0.11611111111111
Q1626397;Varen;Varen;FR;44.158055555556;1.8941666666667
Q1626558;Saint-Symphorien-de-Marmagne;Saint-Symphorien-de-Marmagne;FR;46.84;4.3302777777778
Q1626789;Laguépie;Laguépie;FR;44.144444444444;1.97
Q163108;Saint-Malo;Saint-Malo;FR;48.64944444444444;-2.026111111111111
Q16325;Santenay;Santenay;FR;46.912777777778;4.6975
Q163789;Docelles;Docelles;FR;48.145555555556;6.6177777777778
Q163795;Valenciennes;Valenciennes;FR;50.35805555555555;3.5233333333333334
Q164339;La Roche-sur-Foron;La Roche-sur-Foron;FR;46.066944444444;6.3119444444444
Q1647506;Tassin-la-Demi-Lune;Tassin-la-Demi-Lune;FR;45.763333333333;4.78
Q165090;Chambéry;Chambéry;FR;45.566388888889;5.9208333333333
Q165271;Lens;Lens;FR;50.431388888889;2.8325
Q16602;Corgoloin;Corgoloin;FR;47.083888888889;4.9144444444444
Q16618;Gilly-lès-Cîteaux;Gilly-lès-Cîteaux;FR;47.172777777778;4.9802777777778
Q16622;Nuits-Saint-Georges;Nuits-Saint-Georges;FR;47.1375;4.9502777777778
Q166997;Nevers;Nevers;FR;46.9925;3.1566666666667
Q167141;Laon;Laon;FR;49.56444444444445;3.6205555555555557
Q167152;Soissons;Soissons;FR;49.381111111111;3.3225
Q167600;Auxerre;Auxerre;FR;47.7975;3.5669444444444
Q16771;Losne;Losne;FR;47.098333333333;5.2630555555556
Q16777;Brazey-en-Plaine;Brazey-en-Plaine;FR;47.135;5.2172222222222
Q16896;Seurre;Seurre;FR;46.998611111111;5.1466666666667
Q171545;Belfort;Belfort;FR;47.6375;6.8627777777778
Q171800;Évreux;Évreux;FR;49.023333333333;1.1525
Q1720;Mayence;Mainz;DE;49.99944444444444;8.27361111111111
Q1724;Sarrebruck;Saarbrücken;DE;49.233333333333;7.0
Q172593;Montauban;Montauban;FR;44.017222222222;1.355
Q1726;Munich;Munich;DE;48.1375;11.575
Q1729;Erfurt;Erfurt;DE;50.97805555555556;11.028888888888888
Q173219;Tournai;Tournai;BE;50.605555555555554;3.388055555555556
Q173507;Valergues;Valergues;FR;43.6675;4.0616666666667
Q173695;Épinal;Épinal;FR;48.173611111111;6.4516666666667
Q173705;Grasse;Grasse;FR;43.658055555556;6.9252777777778
Q173787;Alet-les-Bains;Alet-les-Bains;FR;42.996388888889;2.2563888888889
Q174019;Béziers;Béziers;FR;43.343333333333;3.2161111111111
Q174234;Aurillac;Aurillac;FR;44.925277777778;2.4397222222222
Q174247;Mâcon;Mâcon;FR;46.306666666667;4.8319444444444
Q174251;Châteauroux;Châteauroux;FR;46.809722222222;1.6902777777778
Q174257;Beauvais;Beauvais;FR;49.434166666667;2.0875
Q174462;Coarraze;Coarraze;FR;43.17;-0.23
Q174508;Puyoô;Puyoô;FR;43.525833333333;-0.91194444444444
Q174902;Siorac-en-Périgord;Siorac-en-Périgord;FR;44.821388888889;0.98694444444444
Q174909;Le Teich;Le Teich;FR;44.633888888889;-1.0236111111111
Q175081;Gap;Gap;FR;44.558611111111;6.0777777777778
Q175512;Ludon-Médoc;Ludon-Médoc;FR;44.982222222222;-0.60388888888889
Q175525;Gourdon;Gourdon;FR;44.737222222222;1.3827777777778
Q175625;Montpon-Ménestérol;Montpon-Ménestérol;FR;45.009166666667;0.15916666666667
Q175668;Bersac-sur-Rivalier;Bersac-sur-Rivalier;FR;46.080555555556;1.4266666666667
Q175770;Nexon;Nexon;FR;45.678333333333;1.1872222222222
Q176334;Thenon;Thenon;FR;45.137222222222;1.0705555555556
Q176341;Lézignan-Corbières;Lézignan-Corbières;FR;43.200555555556;2.7577777777778
Q178452;Saint-Antoine-de-Breuilh;Saint-Antoine-de-Breuilh;FR;44.844166666667;0.15472222222222
Q179186;Le Dorat;Le Dorat;FR;46.215277777778;1.0813888888889
Q179285;La Meyze;La Meyze;FR;45.616944444444;1.2141666666667
Q1794;Francfort-sur-le-Main;Frankfurt;DE;50.11055555555556;8.682222222222222
Q179787;Assat;Assat;FR;43.249166666667;-0.30027777777778
Q180000;Vidauban;Vidauban;FR;43.427222222222;6.4319444444444
Q180067;Le Quesnoy;Le Quesnoy;FR;50.248888888889;3.6375
Q180083;Menton;Menton;FR;43.774722222222;7.4997222222222
Q180220;Buzy;Buzy;FR;43.133611111111;-0.45888888888889
Q180500;Cornil;Cornil;FR;45.210555555556;1.6916666666667
Q18101;Ussel;Ussel;FR;45.548055555556;2.3091666666667
Q18104;Villars-les-Dombes;Villars-les-Dombes;FR;46.0025;5.0297222222222
Q18105;Bernay;Bernay;FR;49.088611111111;0.59833333333333
Q181269;Alençon;Alençon;FR;48.429722222222;0.091944444444444
Q181285;Cambrai;Cambrai;FR;50.175833333333;3.2347222222222
Q181356;La Ferté-Saint-Aubin;La Ferté-Saint-Aubin;FR;47.717222222222;1.9413888888889
Q181704;Saint-Lô;Saint-Lô;FR;49.114444444444;-1.0916666666667
Q181725;Auch;Auch;FR;43.645277777778;0.58861111111111
Q181886;Châteaudun;Châteaudun;FR;48.070833333333;1.3377777777778
Q181955;Aix-les-Bains;Aix-les-Bains;FR;45.688611111111;5.915
Q18215109;Les Auxons;Les Auxons;FR;47.301388888889;5.9730555555556
Q182287;Crépy-en-Valois;Crépy-en-Valois;FR;49.234444444444;2.8875
Q182481;Tourcoing;Tourcoing;FR;50.7225;3.1602777777778
Q182744;Saint-Quentin;Saint-Quentin;FR;49.847777777778;3.2855555555556
Q183557;Dieppe;Dieppe;FR;49.925;1.075
Q183910;Bayeux;Bayeux;FR;49.278611111111;-0.70388888888889
Q184023;Tarbes;Tarbes;FR;43.232777777778;0.074444444444444
Q184047;Aubagne;Aubagne;FR;43.290833333333;5.5708333333333
Q184154;Laval;Laval;FR;48.072777777778;-0.77
Q184159;Niort;Niort;FR;46.325;-0.46222222222222
Q1842;Luxembourg;Luxembourg;LU;49.61138888888889;6.13
Q184359;Le Puy-en-Velay;Le Puy-en-Velay;FR;45.043333333333;3.885
Q184371;Sedan;Sedan;FR;49.701944444444;4.9402777777778
Q184392;Foix;Foix;FR;42.965277777778;1.6069444444444
Q184883;Moulins;Moulins;FR;46.564722222222;3.3325
Q185066;Cholet;Cholet;FR;47.058888888889;-0.87972222222222
Q185352;Luçon;Luçon;FR;46.454722222222;-1.1658333333333
Q185721;Bar-le-Duc;Bar-le-Duc;FR;48.771666666667;5.1672222222222
Q186324;Le Verdon-sur-Mer;Le Verdon-sur-Mer;FR;45.546388888889;-1.0616666666667
Q186880;Saint-Nabord;Saint-Nabord;FR;48.049444444444;6.5797222222222
Q187030;Saint-Aunès;Saint-Aunès;FR;43.64;3.9652777777778
Q187714;Zellenberg;Zellenberg;FR;48.170833333333;7.3197222222222
Q187796;Orange;Orange;FR;44.1375;4.8088888888889
Q187911;Bergerac;Bergerac;FR;44.853611111111114;0.4875
Q188033;Mont-de-Marsan;Mont-de-Marsan;FR;43.890277777778;-0.50055555555556
Q188511;Guéret;Guéret;FR;46.170555555556;1.8683333333333
Q188516;Couiza;Couiza;FR;42.942777777778;2.2561111111111
Q188595;Bedous;Bedous;FR;43.0;-0.60027777777778
Q188600;Bidos;Bidos;FR;43.178333333333;-0.60583333333333
Q188743;Lisieux;Lisieux;FR;49.145555555556;0.22555555555556
Q188776;Castres;Castres;FR;43.605833333333;2.24
Q188780;Rodez;Rodez;FR;44.35;2.5741666666667
Q188878;Dax;Dax;FR;43.706944444444;-1.0513888888889
Q190118;La Roche-sur-Yon;La Roche-sur-Yon;FR;46.669722222222;-1.4277777777778
Q190144;La Cabanasse;La Cabanasse;FR;42.501111111111;2.115
Q190407;Estavar;Estavar;FR;42.470555555556;1.9972222222222
Q190775;Peyrilhac;Peyrilhac;FR;45.949722222222;1.1358333333333
Q190827;Autun;Autun;FR;46.951111111111;4.2986111111111
Q191008;Saint-Féliu-d'Avall;Saint-Féliu-d'Avall;FR;42.681388888889;2.7386111111111
Q191119;Rambouillet;Rambouillet;FR;48.643611111111;1.83
Q191126;Saintes;Saintes;FR;45.745277777778;-0.63444444444444
Q191141;Sète;Sète;FR;43.404444444444;3.6966666666667
Q191294;La Douze;La Douze;FR;45.061388888889;0.86361111111111
Q191396;Agde;Agde;FR;43.31;3.4752777777778
Q191460;Arcachon;Arcachon;FR;44.658611111111;-1.1688888888889
Q191520;La Coquille;La Coquille;FR;45.542222222222;0.97638888888889
Q191754;Hendaye;Hendaye;FR;43.358611111111;-1.7744444444444
Q191759;Vintimille;Ventimiglia;IT;43.790277777778;7.6083333333333
Q191772;Mende;Mende;FR;44.518333333333;3.5005555555556
Q191784;Meymac;Meymac;FR;45.535833333333;2.1469444444444
Q191800;Négrondes;Négrondes;FR;45.344444444444;0.86416666666667
Q191846;Saint-Aulaire;Saint-Aulaire;FR;45.237777777778;1.3852777777778
Q191856;Oyonnax;Oyonnax;FR;46.255555555556;5.655
Q192166;Ambérieu-en-Bugey;Ambérieu-en-Bugey;FR;45.958055555556;5.3577777777778
Q192323;Pomas;Pomas;FR;43.111666666666665;2.292222222222222
Q192363;Balsièges;Balsièges;FR;44.480555555556;3.4577777777778
Q192438;Bègles;Bègles;FR;44.807777777778;-0.54888888888889
Q192461;Le Bouscat;Le Bouscat;FR;44.864722222222;-0.59861111111111
Q192481;Talence;Talence;FR;44.808598;-0.588308
Q192548;Saint-Émilion;Saint-Émilion;FR;44.894333333333336;-0.15572222222222223
Q192574;Hyères;Hyères;FR;43.118888888889;6.1286111111111
Q192744;Limoux;Limoux;FR;43.056944444444;2.2186111111111
Q193046;Saint-Usage;Saint-Usage;FR;47.109166666667;5.2616666666667
Q193060;Privas;Privas;FR;44.735;4.5991666666667
Q193133;Ahun;Ahun;FR;46.086388888889;2.045
Q193183;Alès;Alès;FR;44.127222222222;4.0808333333333
Q193256;Montluçon;Montluçon;FR;46.34;2.6025
Q193298;Saillat-sur-Vienne;Saillat-sur-Vienne;FR;45.871944444444;0.81583333333333
Q193339;Barisey-la-Côte;Barisey-la-Côte;FR;48.543333333333;5.8425
Q193349;La Souterraine;La Souterraine;FR;46.238055555556;1.4855555555556
Q193467;Languenan;Languenan;FR;48.510555555556;-2.1272222222222
Q193533;Ambronay;Ambronay;FR;46.005555555556;5.3605555555556
Q193671;Saint-Germain-sur-Ille;Saint-Germain-sur-Ille;FR;48.248888888889;-1.6591666666667
Q193708;Pierrefitte-sur-Aire;Pierrefitte-sur-Aire;FR;48.899166666667;5.3297222222222
Q193808;Guingamp;Guingamp;FR;48.5625;-3.1511111111111
Q193809;Aigues-Mortes;Aigues-Mortes;FR;43.566666666667;4.1925
Q193821;Saumur;Saumur;FR;47.259166666667;-0.078055555555556
Q193826;Douai;Douai;FR;50.370833333333;3.0791666666667
Q193832;Cagnes-sur-Mer;Cagnes-sur-Mer;FR;43.663611111111;7.1483333333333
Q193861;Castelnaudary;Castelnaudary;FR;43.318055555556;1.9538888888889
Q193865;Réhon;Réhon;FR;49.501666666667;5.755
Q193880;Chaumont;Chaumont;FR;48.110833333333;5.1386111111111
Q193925;Armentières;Armentières;FR;50.687222222222;2.8802777777778
Q194138;Chinon;Chinon;FR;47.166944444444;0.24277777777778
Q194145;Château-Thierry;Château-Thierry;FR;49.046388888889;3.4030555555556
Q194288;Marcheprime;Marcheprime;FR;44.692222222222;-0.855
Q194315;Podensac;Podensac;FR;44.651111111111;-0.35527777777778
Q194569;Turenne;Turenne;FR;45.054166666667;1.5825
Q194920;Preignac;Preignac;FR;44.585;-0.29527777777778
Q194932;Saint-Mihiel;Saint-Mihiel;FR;48.889444444444;5.54
Q195098;Frouard;Frouard;FR;48.760555555556;6.1288888888889
Q195102;Moulis-en-Médoc;Moulis-en-Médoc;FR;45.059444444444;-0.77027777777778
Q195938;Le Bousquet-d'Orb;Le Bousquet-d'Orb;FR;43.692777777778;3.1663888888889
Q1961;Lozanne;Lozanne;FR;45.857222222222;4.6808333333333
Q196340;Avricourt;Avricourt;FR;48.644722222222;6.8058333333333
Q196505;Plerguer;Plerguer;FR;48.526666666667;-1.8472222222222
Q1967;Chamelet;Chamelet;FR;45.983611111111;4.5097222222222
Q1969;Ternand;Ternand;FR;45.944722222222;4.5347222222222
Q196980;Halsou;Halsou;FR;43.374444444444;-1.4225
Q197014;Cambo-les-Bains;Cambo-les-Bains;FR;43.357777777778;-1.4016666666667
Q1975;Grandris;Grandris;FR;46.037777777778;4.4752777777778
Q1976;Givors;Givors;FR;45.590555555556;4.7688888888889
Q198196;Porta;Porta;FR;42.526388888889;1.8258333333333
Q198864;Roqueredonde;Roqueredonde;FR;43.800277777778;3.2122222222222
Q199449;Arbanats;Arbanats;FR;44.675277777778;-0.39555555555556
Q199478;Bram;Bram;FR;43.242777777778;2.1147222222222
Q199511;Les Églisottes-et-Chalaures;Les Églisottes-et-Chalaures;FR;45.099722222222;-0.0375
Q199549;Langogne;Langogne;FR;44.726666666667;3.855
Q199726;Jurançon;Jurançon;FR;43.287222222222;-0.38805555555556
Q199734;Marquixanes;Marquixanes;FR;42.641666666667;2.4855555555556
Q200152;Laveline-devant-Bruyères;Laveline-devant-Bruyères;FR;48.183888888889;6.7597222222222
Q200202;Saint-Léonard-de-Noblat;Saint-Léonard-de-Noblat;FR;45.8375;1.4905555555556
Q200575;Bruyères;Bruyères;FR;48.208333333333;6.7186111111111
Q200832;Morteau;Morteau;FR;47.058055555556;6.6061111111111
Q200936;Bénesse-Maremne;Bénesse-Maremne;FR;43.634166666667;-1.36
Q201113;Cavignac;Cavignac;FR;45.100555555556;-0.39
Q201311;Dinan;Dinan;FR;48.455555555556;-2.0502777777778
Q201443;Saint-Cyprien;Saint-Cyprien;FR;44.869722222222;1.0436111111111
Q20173;Tillenay;Tillenay;FR;47.180833333333;5.3522222222222
Q20175;Villers-les-Pots;Villers-les-Pots;FR;47.210833333333;5.3538888888889
Q201758;Pouxeux;Pouxeux;FR;48.107777777778;6.5663888888889
Q201760;Saint-Médard-de-Guizières;Saint-Médard-de-Guizières;FR;45.015277777778;-0.058888888888889
Q201784;Saint-Loubès;Saint-Loubès;FR;44.917222222222;-0.42805555555556
Q201906;Uzerche;Uzerche;FR;45.424722222222;1.5633333333333
Q202157;Fromental;Fromental;FR;46.159166666667;1.3963888888889
Q202368;Morlaix;Morlaix;FR;48.5775;-3.8277777777778
Q202374;Châteaulin;Châteaulin;FR;48.196666666667;-4.09
Q202436;Royères;Royères;FR;45.848611111111;1.4302777777778
Q202560;Carpentras;Carpentras;FR;44.055;5.0480555555556
Q202565;Coutances;Coutances;FR;49.045277777778;-1.4452777777778
Q2026;Chambost-Allières;Chambost-Allières;FR;46.018333333333;4.4986111111111
Q202947;Eyrein;Eyrein;FR;45.335;1.9441666666667
Q203182;Bort-les-Orgues;Bort-les-Orgues;FR;45.399722222222;2.4958333333333
Q203238;Zillisheim;Zillisheim;FR;47.695277777778;7.2955555555556
Q20326;Ouges;Ouges;FR;47.261388888889;5.0752777777778
Q203278;Millau;Millau;FR;44.097777777778;3.0777777777778
Q203293;Langres;Langres;FR;47.8625;5.3330555555556
Q203298;Briançon;Briançon;FR;44.895833333333;6.635
Q203303;Brioude;Brioude;FR;45.294166666667;3.3841666666667
Q203309;Vesoul;Vesoul;FR;47.622222222222;6.1552777777778
Q203529;Lons-le-Saunier;Lons-le-Saunier;FR;46.674444444444;5.5538888888889
Q203645;Chalon-sur-Saône;Chalon-sur-Saône;FR;46.781111111111;4.8538888888889
Q20365;Saint-Julien;Saint-Julien;FR;47.400833333333;5.1433333333333
Q20367;Ruffey-lès-Echirey;Ruffey-lès-Echirey;FR;47.366388888889;5.0808333333333
Q20371;Bretigny;Bretigny;FR;47.398611111111;5.1025
Q203759;Istres;Istres;FR;43.514166666667;4.9888888888889
Q204142;Saint-Piat;Saint-Piat;FR;48.547777777778;1.5844444444444
Q204430;Avranches;Avranches;FR;48.684444444444;-1.3569444444444
Q204451;Dannemarie-sur-Crète;Dannemarie-sur-Crète;FR;47.206111111111;5.8655555555556
Q204505;Lunel-Viel;Lunel-Viel;FR;43.677777777778;4.0916666666667
Q204648;Port-Vendres;Port-Vendres;FR;42.518055555556;3.105
Q204736;Saint-Médard-de-Mussidan;Saint-Médard-de-Mussidan;FR;45.043888888889;0.34694444444444
Q205116;Amboise;Amboise;FR;47.411388888889;0.9825
Q205537;Épernay;Épernay;FR;49.04;3.9591666666667
Q205551;Mérignac;Mérignac;FR;44.8425;-0.645
Q205576;Châtellerault;Châtellerault;FR;46.816944444444;0.54527777777778
Q205584;Étampes;Étampes;FR;48.435;2.1622222222222
Q205586;Dole;Dole;FR;47.092222222222;5.4897222222222
Q205709;Vitrolles;Vitrolles;FR;43.448055555556;5.2497222222222
Q206165;Thonon-les-Bains;Thonon-les-Bains;FR;46.370555555556;6.4797222222222
Q206523;Charmes;Charmes;FR;48.371666666667;6.2925
Q20669771;Guipry-Messac;Guipry-Messac;FR;47.8256;-1.84139
Q206837;Redon;Redon;FR;47.651388888889;-2.0847222222222
Q207080;Villefranche-sur-Mer;Villefranche-sur-Mer;FR;43.704166666667;7.3116666666667
Q207145;Béthune;Béthune;FR;50.53095;2.639326
Q207154;Langon;Langon;FR;44.553055555556;-0.24944444444444
Q207156;Pessac;Pessac;FR;44.805833333333;-0.63222222222222
Q207570;Thann;Thann;FR;47.806666666667;7.1044444444444
Q207572;Avallon;Avallon;FR;47.49;3.9083333333333
Q207575;Riom;Riom;FR;45.893611111111;3.1125
Q207581;Lannion;Lannion;FR;48.7325;-3.4552777777778
Q207587;Rochefort;Rochefort;FR;45.941944444444;-0.96694444444444
Q207593;Muret;Muret;FR;43.460277777778;1.3258333333333
Q207610;Embrun;Embrun;FR;44.565;6.4952777777778
Q207614;Figeac;Figeac;FR;44.608611111111;2.0316666666667
Q207622;Argentan;Argentan;FR;48.744444444444;-0.020277777777778
Q207878;Fresnes-au-Mont;Fresnes-au-Mont;FR;48.896944444444;5.4413888888889
Q208119;Altkirch;Altkirch;FR;47.623055555556;7.2394444444444
Q208226;Carhaix-Plouguer;Carhaix-Plouguer;FR;48.275833333333;-3.5744444444444
Q208272;La Roche-Maurice;La Roche-Maurice;FR;48.472222222222;-4.2033333333333
Q208276;Mont-sur-Meurthe;Mont-sur-Meurthe;FR;48.555;6.4427777777778
Q208310;Saint-Dizier;Saint-Dizier;FR;48.637777777778;4.9488888888889
Q208407;Oloron-Sainte-Marie;Oloron-Sainte-Marie;FR;43.194166666667;-0.60666666666667
Q208538;Vierzon;Vierzon;FR;47.221944444444;2.0683333333333
Q208666;Marbache;Marbache;FR;48.797222222222;6.1022222222222
Q208728;Azerailles;Azerailles;FR;48.488055555556;6.6944444444444
Q208768;Lamarche;Lamarche;FR;48.068611111111;5.7816666666667
Q208770;Villefranche-sur-Saône;Villefranche-sur-Saône;FR;45.989444444444;4.7197222222222
Q208793;Saint-Omer;Saint-Omer;FR;50.748333333333;2.2608333333333
Q208794;Lunéville;Lunéville;FR;48.589444444444;6.5016666666667
Q208798;Cavaillon;Cavaillon;FR;43.836666666667;5.0372222222222
Q208860;Saint-Jean-de-Maurienne;Saint-Jean-de-Maurienne;FR;45.276666666667;6.345
Q208866;La Seyne-sur-Mer;La Seyne-sur-Mer;FR;43.103055555556;5.8783333333333
Q208893;Bourgoin-Jallieu;Bourgoin-Jallieu;FR;45.590833333333;5.2791666666667
Q209021;Deauville;Deauville;FR;49.359166666667;0.074444444444444
Q209093;Bar-sur-Aube;Bar-sur-Aube;FR;48.233055555556;4.7063888888889
Q209773;Die;Die;FR;44.753611111111;5.3702777777778
Q209777;Saint-Gaudens;Saint-Gaudens;FR;43.108055555556;0.72333333333333
Q209790;Rethel;Rethel;FR;49.509722222222;4.3675
Q209795;Lesparre-Médoc;Lesparre-Médoc;FR;45.30586666666667;-0.9357000000000001
Q209834;Pamiers;Pamiers;FR;43.116388888889;1.6108333333333
Q209838;Montbard;Montbard;FR;47.623055555556;4.3369444444444
Q209840;Vervins;Vervins;FR;49.835;3.9091666666667
Q209943;Saint-Clément;Saint-Clément;FR;48.531388888889;6.6025
Q209949;Fontenoy-sur-Moselle;Fontenoy-sur-Moselle;FR;48.711111111111;5.9811111111111
Q21008210;Cherbourg-en-Cotentin;Cherbourg-en-Cotentin;FR;49.638889;-1.625
Q210104;Ceyzériat;Ceyzériat;FR;46.178333333333;5.3238888888889
Q21027217;Chemillé-en-Anjou;Chemillé-en-Anjou;FR;47.21;-0.7286
Q21027263;Sèvremoine;Sèvremoine;FR;47.1231;-0.9911
Q21027266;Villeneuve-en-Retz;Villeneuve-en-Retz;FR;47.0303545;-1.8985748
Q210441;Changy;Changy;FR;46.402222222222;4.2522222222222
Q210664;Breteil;Breteil;FR;48.145277777778;-1.8986111111111
Q210742;Marmande;Marmande;FR;44.5;0.16527777777778
Q210760;Bressuire;Bressuire;FR;46.84;-0.48861111111111
Q210763;Saint-Flour;Saint-Flour;FR;45.033611111111;3.0927777777778
Q210772;Issoudun;Issoudun;FR;46.948055555556;1.9933333333333
Q210917;Bellignat;Bellignat;FR;46.244722222222;5.6327777777778
Q21099825;Torigny-les-Villes;Torigny-les-Villes;FR;49.035556;-0.979444
Q211116;Béligneux;Béligneux;FR;45.852222222222;5.1288888888889
Q211121;Aubenas;Aubenas;FR;44.619722222222;4.3902777777778
Q211134;Échirolles;Échirolles;FR;45.142777777778;5.7177777777778
Q211187;Châteaubriant;Châteaubriant;FR;47.716944444444;-1.3761111111111
Q211593;Eu;Eu;FR;50.047222222222;1.4197222222222
Q211622;Beaulieu-sur-Mer;Beaulieu-sur-Mer;FR;43.706944444444;7.3313888888889
Q211647;Beaucaire;Beaucaire;FR;43.807222222222;4.6433333333333
Q211843;Étival-Clairefontaine;Étival-Clairefontaine;FR;48.363888888889;6.8580555555556
Q2119;Mannheim;Mannheim;DE;49.48777777777778;8.466111111111111
Q21211;Beinheim;Beinheim;FR;48.863055555556;8.0838888888889
Q21234;Dauendorf;Dauendorf;FR;48.830277777778;7.6552777777778
Q21235;Domfessel;Domfessel;FR;48.951111111111;7.1536111111111
Q212352;Montargis;Montargis;FR;47.996944444444;2.7325
Q21239;Diedendorf;Diedendorf;FR;48.879444444444;7.045
Q21241;Dossenheim-sur-Zinsel;Dossenheim-sur-Zinsel;FR;48.804722222222;7.4027777777778
Q212420;Sens;Sens;FR;48.197222222222;3.2833333333333
Q212444;Saint-Claude;Saint-Claude;FR;46.387222222222;5.8633333333333
Q212450;Prades;Prades;FR;42.617222222222;2.4219444444444
Q212456;Commercy;Commercy;FR;48.764166666667;5.5916666666667
Q21246;Buswiller;Buswiller;FR;48.819722222222;7.5591666666667
Q21253;Bourg-Bruche;Bourg-Bruche;FR;48.355833333333;7.1380555555556
Q21268;Ettendorf;Ettendorf;FR;48.812777777778;7.5822222222222
Q21280;Gertwiller;Gertwiller;FR;48.410833333333;7.4677777777778
Q21285;Keskastel;Keskastel;FR;48.971388888889;7.0438888888889
Q21287;Fouday;Fouday;FR;48.420833333333;7.1861111111111
Q21290;Riedseltz;Riedseltz;FR;48.993333333333;7.9530555555556
Q212901;Annemasse;Annemasse;FR;46.195;6.2355555555556
Q21294399;Les Villages Vovéens;Les Villages Vovéens;FR;48.2719;1.6286
Q21294402;Machecoul-Saint-Même;Machecoul-Saint-Même;FR;47.0078846;-1.8069077
Q21294460;Villedieu-les-Poêles-Rouffigny;Villedieu-les-Poêles-Rouffigny;FR;48.83861;-1.2225
Q21295;Schwindratzheim;Schwindratzheim;FR;48.756944444444;7.6016666666667
Q212959;Denain;Denain;FR;50.328611111111;3.395
Q21296;Wilwisheim;Wilwisheim;FR;48.748333333333;7.5075
Q212966;Pompey;Pompey;FR;48.768055555556;6.1275
Q21298;Reichshoffen;Reichshoffen;FR;48.934444444444;7.6661111111111
Q21302;Mothern;Mothern;FR;48.932222222222;8.1541666666667
Q21305;Sessenheim;Sessenheim;FR;48.796944444444;7.9863888888889
Q21312;Mommenheim;Mommenheim;FR;48.7575;7.6441666666667
Q213155;Tournon-sur-Rhône;Tournon-sur-Rhône;FR;45.067222222222;4.8327777777778
Q21317;Herrlisheim;Herrlisheim;FR;48.730277777778;7.9075
Q21320;Epfig;Epfig;FR;48.358888888889;7.4633333333333
Q213285;Castelsarrasin;Castelsarrasin;FR;44.04;1.1069444444444
Q213288;Montbrison;Montbrison;FR;45.6075;4.0652777777778
Q213294;Clamecy;Clamecy;FR;47.46;3.5194444444444
Q213295;Thiaville-sur-Meurthe;Thiaville-sur-Meurthe;FR;48.4125;6.8083333333333
Q213299;Jonzac;Jonzac;FR;45.446666666667;-0.43361111111111
Q213305;Houdemont;Houdemont;FR;48.646111111111;6.1747222222222
Q213344;Montreuil-sur-Mer;Montreuil-sur-Mer;FR;50.463611111111;1.7633333333333
Q213349;Loches;Loches;FR;47.128611111111;0.99527777777778
Q213404;Bolozon;Bolozon;FR;46.192777777778;5.4744444444444
Q21341;Wisches;Wisches;FR;48.508888888889;7.2686111111111
Q21342;Herbitzheim;Herbitzheim;FR;49.014722222222;7.0841666666667
Q21345;Sarrewerden;Sarrewerden;FR;48.922777777778;7.0836111111111
Q213481;La Baule-Escoublac;La Baule-Escoublac;FR;47.285833333333;-2.3922222222222
Q213501;Villefranche-de-Rouergue;Villefranche-de-Rouergue;FR;44.3525;2.0341666666667
Q213509;Charolles;Charolles;FR;46.434444444444;4.2752777777778
Q21365;Oermingen;Oermingen;FR;48.999166666667;7.1286111111111
Q213656;Le Theil-de-Bretagne;Le Theil-de-Bretagne;FR;47.919444444444;-1.4297222222222
Q21368;Matzenheim;Matzenheim;FR;48.395;7.6227777777778
Q21382;Reipertswiller;Reipertswiller;FR;48.931944444444;7.4647222222222
Q21387;Niederbronn-les-Bains;Niederbronn-les-Bains;FR;48.95;7.6438888888889
Q21388;Lingolsheim;Lingolsheim;FR;48.5575;7.6830555555556
Q213883;Villers-Cotterêts;Villers-Cotterêts;FR;49.253055555556;3.0902777777778
Q21397;Saint-Blaise-la-Roche;Saint-Blaise-la-Roche;FR;48.403888888889;7.1616666666667
Q21407;Mollkirch;Mollkirch;FR;48.506388888889;7.3852777777778
Q21410;Wimmenau;Wimmenau;FR;48.912222222222;7.4230555555556
Q21413;Kaltenhouse;Kaltenhouse;FR;48.790833333333;7.8319444444444
Q21417;Neuwiller-lès-Saverne;Neuwiller-lès-Saverne;FR;48.823055555556;7.4011111111111
Q21421;Hipsheim;Hipsheim;FR;48.466388888889;7.6761111111111
Q21422;Niedermodern;Niedermodern;FR;48.845277777778;7.6261111111111
Q21426956;Banassac-Canilhac;Banassac-Canilhac;FR;44.43694;3.20083
Q21427211;Entrelacs;Entrelacs;FR;45.7872222222;5.94583333333
Q21428;Gambsheim;Gambsheim;FR;48.692222222222;7.8833333333333
Q21429;Eichhoffen;Eichhoffen;FR;48.383611111111;7.4416666666667
Q21430;Seltz;Seltz;FR;48.894166666667;8.1069444444444
Q21432;Kintzheim;Kintzheim;FR;48.254444444444;7.3966666666667
Q21434;Scherwiller;Scherwiller;FR;48.2875;7.4177777777778
Q21438;Orschwiller;Orschwiller;FR;48.241388888889;7.3825
Q214396;Broons;Broons;FR;48.317222222222;-2.2608333333333
Q21440;Châtenois;Châtenois;FR;48.271944444444;7.4008333333333
Q21442;Mertzwiller;Mertzwiller;FR;48.863055555556;7.6797222222222
Q21443;Schopperten;Schopperten;FR;48.946944444444;7.0508333333333
Q214432;Nogent-le-Rotrou;Nogent-le-Rotrou;FR;48.321666666667;0.82166666666667
Q21446;Muhlbach-sur-Bruche;Muhlbach-sur-Bruche;FR;48.516111111111;7.2977777777778
Q21452;Steinbourg;Steinbourg;FR;48.769722222222;7.4133333333333
Q214540;Pontarlier;Pontarlier;FR;46.906111111111;6.3547222222222
Q21455;Rothau;Rothau;FR;48.454722222222;7.2086111111111
Q214575;Vendôme;Vendôme;FR;47.792777777778;1.0655555555556
Q214597;Bellac;Bellac;FR;46.121944444444;1.0494444444444
Q214600;Romorantin-Lanthenay;Romorantin-Lanthenay;FR;47.358333333333;1.7427777777778
Q21467;Rosteig;Rosteig;FR;48.933055555556;7.3402777777778
Q21470;Puberg;Puberg;FR;48.911666666667;7.3152777777778
Q21498;Surbourg;Surbourg;FR;48.908888888889;7.8477777777778
Q21510;Obermodern-Zutzendorf;Obermodern-Zutzendorf;FR;48.844722222222;7.5402777777778
Q215155;Fréjus;Fréjus;FR;43.433055555556;6.7355555555556
Q21519;Tieffenbach;Tieffenbach;FR;48.904722222222;7.25
Q21526;Wolfskirchen;Wolfskirchen;FR;48.88;7.0744444444444
Q21536;Lutzelhouse;Lutzelhouse;FR;48.52;7.2883333333333
Q21545;Kogenheim;Kogenheim;FR;48.337222222222;7.5413888888889
Q21547;Kurtzenhouse;Kurtzenhouse;FR;48.74;7.8069444444444
Q21555;Kilstett;Kilstett;FR;48.675555555556;7.8561111111111
Q21568;Lichtenberg;Lichtenberg;FR;48.920833333333;7.4805555555556
Q21569;Sarre-Union;Sarre-Union;FR;48.940833333333;7.0886111111111
Q21575;Schœnenbourg;Schœnenbourg;FR;48.951666666667;7.9130555555556
Q21583;Chenois;Chenois;FR;48.959166666667;6.4975
Q21587;Rœschwoog;Rœschwoog;FR;48.828611111111;8.0341666666667
Q21592;Uttwiller;Uttwiller;FR;48.847222222222;7.4886111111111
Q21597;Urmatt;Urmatt;FR;48.526944444444;7.325
Q21604;Vendenheim;Vendenheim;FR;48.6675;7.7130555555556
Q21608;Walbourg;Walbourg;FR;48.886666666667;7.7894444444444
Q21610;Han-sur-Nied;Han-sur-Nied;FR;48.990277777778;6.4375
Q21612;Arraincourt;Arraincourt;FR;48.973055555556;6.5327777777778
Q21619405;Bellevigny;Bellevigny;FR;46.7833;-1.4308
Q21619546;Sablons sur Huisne;Sablons-sur-Huisne;FR;48.380556;0.850278
Q21619554;Sévérac d'Aveyron;Sévérac-d'Aveyron;FR;44.3219444444;3.07138888889
Q21622;Weyersheim;Weyersheim;FR;48.716388888889;7.8038888888889
Q21624;Baudrecourt;Baudrecourt;FR;48.963333333333;6.4516666666667
Q216280;Frontignan;Frontignan;FR;43.447222222222;3.7555555555556
Q21629;Bermering;Bermering;FR;48.931666666667;6.7091666666667
Q21630;Bassing;Bassing;FR;48.868888888889;6.8016666666667
Q21631;Bénestroff;Bénestroff;FR;48.904444444444;6.7594444444444
Q21634354;Val-au-Perche;Val-au-Perche;FR;48.263889;0.688056
Q21647;Domnom-lès-Dieuze;Domnom-lès-Dieuze;FR;48.860555555556;6.8225
Q21649;Diebling;Diebling;FR;49.108611111111;6.9402777777778
Q21653;Nébing;Nébing;FR;48.904444444444;6.8105555555556
Q21665;Metzing;Metzing;FR;49.106944444444;6.9591666666667
Q21670;Kalhausen;Kalhausen;FR;49.021111111111;7.1547222222222
Q21671;Cutting;Cutting;FR;48.848888888889;6.8344444444444
Q21678;Basse-Ham;Basse-Ham;FR;49.385833333333;6.2430555555556
Q216837;Bruz;Bruz;FR;48.024722222222;-1.7458333333333
Q21687;Gondrexange;Gondrexange;FR;48.684444444444;6.9277777777778
Q21690;Baronville;Baronville;FR;48.933888888889;6.6086111111111
Q21692;Kédange-sur-Canner;Kédange-sur-Canner;FR;49.308333333333;6.34
Q21693;Loudrefing;Loudrefing;FR;48.851944444444;6.8791666666667
Q21696;Gosselming;Gosselming;FR;48.791944444444;7.0027777777778
Q217174;Thiers;Thiers;FR;45.856388888889;3.5475
Q217178;Avesnes-sur-Helpe;Avesnes-sur-Helpe;FR;50.122394;3.932676
Q217180;Decize;Decize;FR;46.829166666667;3.4613888888889
Q217183;Lure;Lure;FR;47.683055555556;6.4966666666667
Q21721;Anzeling;Anzeling;FR;49.262777777778;6.4661111111111
Q21726;Vahl-lès-Bénestroff;Vahl-lès-Bénestroff;FR;48.913055555556;6.7861111111111
Q21732;Lucy;Lucy;FR;48.941666666667;6.47
Q21743;Merten;Merten;FR;49.248888888889;6.6669444444444
Q21753;Courcelles-sur-Nied;Courcelles-sur-Nied;FR;49.066111111111;6.3077777777778
Q217591;La Tour-du-Pin;La Tour-du-Pin;FR;45.565833333333;5.445
Q21760;Hargarten-aux-Mines;Hargarten-aux-Mines;FR;49.224722222222;6.6086111111111
Q21763;Creutzwald;Creutzwald;FR;49.205277777778;6.6958333333333
Q21772;Holacourt;Holacourt;FR;48.972222222222;6.5133333333333
Q21773;Bébing;Bébing;FR;48.712222222222;6.9963888888889
Q217755;Saint-Laurent-du-Var;Saint-Laurent-du-Var;FR;43.673333333333;7.19
Q21776;Ébersviller;Ébersviller;FR;49.276666666667;6.4027777777778
Q21781;Aboncourt;Aboncourt;FR;49.260555555556;6.3469444444444
Q217841;Liévin;Liévin;FR;50.421944444444;2.7777777777778
Q21804;La Wantzenau;La Wantzenau;FR;48.658055555556;7.8283333333333
Q21810;Dolving;Dolving;FR;48.775277777778;7.0205555555556
Q21813;Distroff;Distroff;FR;49.331944444444;6.2666666666667
Q21816;Alzing;Alzing;FR;49.279444444444;6.5544444444444
Q21833;Ars-sur-Moselle;Ars-sur-Moselle;FR;49.078055555556;6.0741666666667
Q21835;Vatimont;Vatimont;FR;48.98;6.4663888888889
Q21836;Téterchen;Téterchen;FR;49.231944444444;6.5605555555556
Q21843;Maizières-lès-Metz;Maizières-lès-Metz;FR;49.212222222222;6.1611111111111
Q21845;Teting-sur-Nied;Teting-sur-Nied;FR;49.057222222222;6.6636111111111
Q21853;Tenteling;Tenteling;FR;49.125277777778;6.9386111111111
Q21856;Freistroff;Freistroff;FR;49.281666666667;6.4911111111111
Q21864;Berthelming;Berthelming;FR;48.816111111111;7.0058333333333
Q21869;Kuntzig;Kuntzig;FR;49.346388888889;6.2405555555556
Q21872;Hayange;Hayange;FR;49.329722222222;6.0619444444444
Q21877;Destry;Destry;FR;48.943888888889;6.585
Q21896;Faulquemont;Faulquemont;FR;49.041111111111;6.5991666666667
Q21898;Brettnach;Brettnach;FR;49.2575;6.5625
Q21907046;Aÿ-Champagne;Aÿ-Champagne;FR;49.056111;4.004444
Q21913;Hagondange;Hagondange;FR;49.254166666667;6.1680555555556
Q21925;Uckange;Uckange;FR;49.3025;6.1552777777778
Q219310;Saint-Rambert-d'Albon;Saint-Rambert-d'Albon;FR;45.293888888889;4.8169444444444
Q219321;Saint-Vallier;Saint-Vallier;FR;45.178611111111;4.8152777777778
Q21934;Hertzing;Hertzing;FR;48.6875;6.9519444444444
Q21935401;Loireauxence;Loireauxence;FR;47.439444444444;-1.0247222222222
Q21936;Louvigny;Louvigny;FR;48.961666666667;6.1844444444444
Q21945;Loupershouse;Loupershouse;FR;49.081111111111;6.9136111111111
Q21947;Marimont-lès-Bénestroff;Marimont-lès-Bénestroff;FR;48.889166666667;6.7833333333333
Q21948460;Saint-Thégonnec Loc-Eguiner;Saint-Thégonnec-Loc-Eguiner;FR;48.5212;-3.9463
Q219670;Sauveterre-la-Lémance;Sauveterre-la-Lémance;FR;44.589444444444;1.0147222222222
Q21971;Herny;Herny;FR;48.999166666667;6.4816666666667
Q21979;Sarralbe;Sarralbe;FR;48.996111111111;7.0277777777778
Q21979618;Ancy-Dornot;Ancy-Dornot;FR;49.0575;6.0589
Q21979620;Val-de-Moder;Val-de-Moder;FR;48.845277;7.611666
Q21979637;Provenchères-et-Colroy;Provenchères-et-Colroy;FR;48.3077777778;7.07944444444
Q21979638;Thaon-les-Vosges;Thaon-les-Vosges;FR;48.250507;6.419456
Q21979649;Pays de Belvès;Pays-de-Belvès;FR;44.776962;1.005596
Q21979655;Val de Virvée;Val de Virvée;FR;45.02;-0.40555555555555556
Q21979660;Le Rouget-Pers;Le Rouget-Pers;FR;44.8552777778;2.2325
Q21979666;Les Abrets en Dauphiné;Les Abrets-en-Dauphiné;FR;45.5375;5.58583333333
Q21979671;Chambaron sur Morge;Chambaron sur Morge;FR;45.9681;3.1614
Q21979674;Aime-la-Plagne;Aime-la-Plagne;FR;45.559739;6.651616
Q21979682;Hauts de Bienne;Hauts-de-Bienne;FR;46.5227777778;6.02305555556
Q21979695;Val-Fouzon;Val-Fouzon;FR;47.2138888889;1.60666666667
Q21979697;Montrichard Val de Cher;Montrichard Val de Cher;FR;47.3436111111;1.18416666667
Q21979702;Laissac-Sévérac l'Église;Laissac-Sévérac l'Église;FR;44.3817;2.8233
Q21979707;Bourgs sur Colagne;Bourgs-sur-Colagne;FR;44.52472;3.26611
Q21979810;Vire Normandie;Vire Normandie;FR;48.838611;-0.889167
Q21979837;Grand Bourgtheroulde;Grand Bourgtheroulde;FR;49.2991666667;0.874444444444
Q21979856;Le Val d'Hazey;Le Val-d'Hazey;FR;49.1744444444;1.33527777778
Q21979914;Loire-Authion;Loire-Authion;FR;47.4138888889;-0.317777777778
Q21981;Rombas;Rombas;FR;49.249444444444;6.0947222222222
Q21982;Sanry-sur-Nied;Sanry-sur-Nied;FR;49.052777777778;6.3438888888889
Q21983;Yutz;Yutz;FR;49.358888888889;6.1886111111111
Q21984;Metzeresche;Metzeresche;FR;49.298055555556;6.3080555555556
Q22013;Enchenberg;Enchenberg;FR;49.013611111111;7.3386111111111
Q220145;Mouscron;Mouscron;BE;50.7444;3.2156
Q22015;Hestroff;Hestroff;FR;49.262222222222;6.4347222222222
Q22020;Moyeuvre-Grande;Moyeuvre-Grande;FR;49.252777777778;6.0458333333333
Q22023;Romelfing;Romelfing;FR;48.830277777778;7.025
Q22025;Éguelshardt;Éguelshardt;FR;49.018888888889;7.4919444444444
Q22026;Valmont;Valmont;FR;49.085;6.6991666666667
Q22027;Zetting;Zetting;FR;49.080555555556;7.1302777777778
Q22028;Rohrbach-lès-Bitche;Rohrbach-lès-Bitche;FR;49.045277777778;7.265
Q220307;Saubusse;Saubusse;FR;43.657222222222;-1.1866666666667
Q22038;Réchicourt-le-Château;Réchicourt-le-Château;FR;48.665;6.8405555555556
Q22042;Sarraltroff;Sarraltroff;FR;48.773888888889;7.0627777777778
Q22044;Sarreinsming;Sarreinsming;FR;49.088888888889;7.1086111111111
Q22046;Metzervisse;Metzervisse;FR;49.315;6.2858333333333
Q22057;Malling;Malling;FR;49.422777777778;6.2963888888889
Q220592;Blanquefort;Blanquefort;FR;44.910555555556;-0.6375
Q22060;Niederstinzel;Niederstinzel;FR;48.8625;7.0313888888889
Q220668;Roquebrune-Cap-Martin;Roquebrune-Cap-Martin;FR;43.757222222222;7.4741666666667
Q22067;Mittersheim;Mittersheim;FR;48.861111111111;6.9419444444444
Q220673;Mougins;Mougins;FR;43.6;6.9947222222222
Q22108;Amnéville;Amnéville;FR;49.260833333333;6.1419444444444
Q22110;Avricourt;Avricourt;FR;48.650833333333;6.8063888888889
Q221408;Plougonver;Plougonver;FR;48.484722222222;-3.3786111111111
Q22144;Petit-Réderching;Petit-Réderching;FR;49.054444444444;7.3041666666667
Q22146;Réding;Réding;FR;48.751388888889;7.1069444444444
Q22147;Kœnigsmacker;Kœnigsmacker;FR;49.393333333333;6.2769444444444
Q22150;Béning-lès-Saint-Avold;Béning-lès-Saint-Avold;FR;49.131944444444;6.8391666666667
Q221517;Pont-l'Évêque;Pont-l'Évêque;FR;49.285555555556;0.18388888888889
Q22152;Hombourg-Budange;Hombourg-Budange;FR;49.296111111111;6.3455555555556
Q22179;Farébersviller;Farébersviller;FR;49.114722222222;6.8636111111111
Q221831;Cubzac-les-Ponts;Cubzac-les-Ponts;FR;44.970555555556;-0.45416666666667
Q22190;Rémelfing;Rémelfing;FR;49.091666666667;7.0922222222222
Q22199;Hundling;Hundling;FR;49.106944444444;6.9813888888889
Q22214;Novéant-sur-Moselle;Novéant-sur-Moselle;FR;49.021666666667;6.0463888888889
Q22230;Héming;Héming;FR;48.694166666667;6.9666666666667
Q22249;Wœlfling-lès-Sarreguemines;Wœlfling-lès-Sarreguemines;FR;49.085277777778;7.1741666666667
Q22262;Ippling;Ippling;FR;49.106111111111;7.0044444444444
Q22267;Wittring;Wittring;FR;49.054444444444;7.1461111111111
Q22276;Saint-Jean-de-Bassel;Saint-Jean-de-Bassel;FR;48.803611111111;6.9905555555556
Q222962;Saint-Aubin-des-Landes;Saint-Aubin-des-Landes;FR;48.094166666667;-1.2952777777778
Q22299;Sierck-les-Bains;Sierck-les-Bains;FR;49.4425;6.3602777777778
Q22300;Woippy;Woippy;FR;49.151111111111;6.1513888888889
Q22305;Oberstinzel;Oberstinzel;FR;48.794166666667;7.0341666666667
Q22312;Peltre;Peltre;FR;49.075;6.2238888888889
Q223157;Plestan;Plestan;FR;48.423888888889;-2.4469444444444
Q223162;Monéteau;Monéteau;FR;47.85;3.5783333333333
Q223257;Lucy-sur-Cure;Lucy-sur-Cure;FR;47.628611111111;3.7430555555556
Q22330;Fénétrange;Fénétrange;FR;48.845555555556;7.0197222222222
Q22336;Philippsbourg;Philippsbourg;FR;48.983333333333;7.5672222222222
Q22346;Falck;Falck;FR;49.224166666667;6.6377777777778
Q223505;La Houssière;La Houssière;FR;48.195277777778;6.8538888888889
Q22353;Morhange;Morhange;FR;48.923611111111;6.6358333333333
Q22356;Lesse;Lesse;FR;48.963611111111;6.5047222222222
Q22362;Farschviller;Farschviller;FR;49.093333333333;6.8941666666667
Q22365;Rémelfang;Rémelfang;FR;49.270555555556;6.5097222222222
Q223699;Callac;Callac;FR;48.404166666667;-3.4277777777778
Q22377;Vaudreching;Vaudreching;FR;49.284444444444;6.5247222222222
Q22381;Théding;Théding;FR;49.128333333333;6.8930555555556
Q22386;Lutzelbourg;Lutzelbourg;FR;48.734444444444;7.2513888888889
Q22387;Lipsheim;Lipsheim;FR;48.491388888889;7.6658333333333
Q22390;Mutzig;Mutzig;FR;48.538611111111;7.4541666666667
Q22392;Diemeringen;Diemeringen;FR;48.941666666667;7.1866666666667
Q22394;Lemberg;Lemberg;FR;49.004166666667;7.3794444444444
Q224012;Saint-Méloir-des-Ondes;Saint-Méloir-des-Ondes;FR;48.6375;-1.9030555555556
Q22402;Gros-Réderching;Gros-Réderching;FR;49.067777777778;7.2186111111111
Q22407;Racrange;Racrange;FR;48.922777777778;6.6733333333333
Q22414;Gundershoffen;Gundershoffen;FR;48.905555555556;7.6630555555556
Q22416;La Vancelle;La Vancelle;FR;48.286111111111;7.3038888888889
Q22418;Schweighouse-sur-Moder;Schweighouse-sur-Moder;FR;48.819166666667;7.7280555555556
Q22421;Saales;Saales;FR;48.348333333333;7.1058333333333
Q22422;Hœnheim;Hoenheim;FR;48.624166666667;7.7547222222222
Q22427;Cocheren;Cocheren;FR;49.143333333333;6.8563888888889
Q224274;Poussay;Poussay;FR;48.320555555556;6.1238888888889
Q22431;Bischwiller;Bischwiller;FR;48.766388888889;7.8569444444444
Q22435;Lauterbourg;Lauterbourg;FR;48.975277777778;8.1738888888889
Q224357;Saxon-Sion;Saxon-Sion;FR;48.425833333333;6.0788888888889
Q22438;Entzheim;Entzheim;FR;48.534722222222;7.6372222222222
Q22445;Brulange;Brulange;FR;48.970277777778;6.5497222222222
Q224460;Venarey-les-Laumes;Venarey-les-Laumes;FR;47.541944444444;4.4452777777778
Q22483;Ebersheim;Ebersheim;FR;48.303333333333;7.5
Q22496;Goxwiller;Goxwiller;FR;48.432777777778;7.4847222222222
Q22507;Ingwiller;Ingwiller;FR;48.873055555556;7.4769444444444
Q22509;Schirmeck;Schirmeck;FR;48.478611111111;7.2191666666667
Q22514;Menchhoffen;Menchhoffen;FR;48.859444444444;7.4983333333333
Q22515;Gresswiller;Gresswiller;FR;48.535277777778;7.4305555555556
Q22517;Erstein;Erstein;FR;48.421944444444;7.6611111111111
Q22519;Minversheim;Minversheim;FR;48.785277777778;7.6222222222222
Q22544;Sarrebourg;Sarrebourg;FR;48.734722222222;7.0538888888889
Q225606;Marignier;Marignier;FR;46.090277777778;6.4997222222222
Q225616;Plouaret;Plouaret;FR;48.611944444444;-3.4725
Q225751;Penne-d'Agenais;Penne-d'Agenais;FR;44.388611111111;0.81888888888889
Q225755;Audun-le-Roman;Audun-le-Roman;FR;49.370277777778;5.8958333333333
Q22636;Wissembourg;Wissembourg;FR;49.0375;7.9461111111111
Q22637;Brumath;Brumath;FR;48.731944444444;7.7083333333333
Q22639;Schiltigheim;Schiltigheim;FR;48.606944444444;7.7491666666667
Q22640;Thionville;Thionville;FR;49.35805555555555;6.168333333333333
Q226419;Ugny;Ugny;FR;49.471388888889;5.6986111111111
Q22642;Sarreguemines;Sarreguemines;FR;49.110555555556;7.0672222222222
Q22643;Geispolsheim;Geispolsheim;FR;48.515;7.6463888888889
Q226476;Pontrieux;Pontrieux;FR;48.698333333333;-3.1594444444444
Q22659;Apach;Apach;FR;49.458888888889;6.3747222222222
Q22690;Metz;Metz;FR;49.119722222222;6.1769444444444
Q22697;Molsheim;Molsheim;FR;48.542777777778;7.4922222222222
Q22700;Hoffen;Hoffen;FR;48.929722222222;7.9422222222222
Q22703;Forbach;Forbach;FR;49.188055555556;6.9
Q22727;Obernai;Obernai;FR;48.462222222222;7.4819444444444
Q22730;Haguenau;Haguenau;FR;48.816666666667;7.7877777777778
Q22737;Sélestat;Sélestat;FR;48.259444444444;7.4541666666667
Q22739;Hettange-Grande;Hettange-Grande;FR;49.405833333333;6.1530555555556
Q22740;Bouxwiller;Bouxwiller;FR;48.825277777778;7.4827777777778
Q22741;Saverne;Saverne;FR;48.741388888889;7.3619444444444
Q22749;Lorentzen;Lorentzen;FR;48.9525;7.1747222222222
Q22754;Bitche;Bitche;FR;49.051666666667;7.4252777777778
Q22758;Barr;Barr;FR;48.408055555556;7.4497222222222
Q22764;Bischoffsheim;Bischoffsheim;FR;48.486944444444;7.4894444444444
Q22769;Adamswiller;Adamswiller;FR;48.904722222222;7.2027777777778
Q22775;Dachstein;Dachstein;FR;48.560833333333;7.5319444444444
Q22776;Benfeld;Benfeld;FR;48.370555555556;7.5922222222222
Q22778;Drusenheim;Drusenheim;FR;48.761944444444;7.9516666666667
Q227783;Bulligny;Bulligny;FR;48.576944444444;5.8502777777778
Q22779;Duppigheim;Duppigheim;FR;48.528611111111;7.5936111111111
Q227795;Cesson-Sévigné;Cesson-Sévigné;FR;48.120833333333;-1.6036111111111
Q22802;Alteckendorf;Alteckendorf;FR;48.792777777778;7.5944444444444
Q22810;Dorlisheim;Dorlisheim;FR;48.525;7.4858333333333
Q22813;Dettwiller;Dettwiller;FR;48.753888888889;7.4666666666667
Q22870;Mundolsheim;Mundolsheim;FR;48.643611111111;7.7141666666667
Q22875;Wingen-sur-Moder;Wingen-sur-Moder;FR;48.920277777778;7.3761111111111
Q228782;Ceintrey;Ceintrey;FR;48.525;6.165
Q22892;Frohmuhl;Frohmuhl;FR;48.909444444444;7.2816666666667
Q22894;Munchhausen;Munchhausen;FR;48.921111111111;8.1463888888889
Q22902;Hœrdt;Hœrdt;FR;48.696388888889;7.7838888888889
Q22912;Rémilly;Rémilly;FR;49.013611111111;6.3933333333333
Q22916;Plaine;Plaine;FR;48.418333333333;7.1455555555556
Q22918;Reyersviller;Reyersviller;FR;49.041388888889;7.395
Q22926;Hombourg-Haut;Hombourg-Haut;FR;49.125833333333;6.7780555555556
Q22933;Bouzonville;Bouzonville;FR;49.291944444444;6.5344444444444
Q229339;Champigneulles;Champigneulles;FR;48.733611111111;6.1644444444444
Q229688;Migennes;Migennes;FR;47.964722222222;3.5166666666667
Q229792;Montmédy;Montmédy;FR;49.519444444444;5.3658333333333
Q22990;Rosheim;Rosheim;FR;48.496666666667;7.4694444444444
Q23022;Edesheim;Edesheim;DE;49.264166666667;8.1344444444444
Q23047;Cahors;Cahors;FR;44.4475;1.4405555555556
Q23073;Elne;Elne;FR;42.600277777778;2.9711111111111
Q231554;La Ciotat;La Ciotat;FR;43.176111111111;5.6080555555556
Q231720;Honfleur;Honfleur;FR;49.418888888889;0.23305555555556
Q231771;Montfort-sur-Meu;Montfort-sur-Meu;FR;48.138055555556;-1.9558333333333
Q231904;Diarville;Diarville;FR;48.395277777778;6.1325
Q232135;Saint-Jean-de-Luz;Saint-Jean-de-Luz;FR;43.390277777778;-1.6597222222222
Q232567;Salon-de-Provence;Salon-de-Provence;FR;43.640555555556;5.0972222222222
Q233133;La Teste-de-Buch;La Teste-de-Buch;FR;44.630995;-1.14823
Q234205;Vallauris;Vallauris;FR;43.579722222222;7.0533333333333
Q234270;Montélimar;Montélimar;FR;44.558611111111;4.7508333333333
Q234274;Manosque;Manosque;FR;43.833333333333;5.7830555555556
Q234281;Saint-Raphaël;Saint-Raphaël;FR;43.424722222222;6.7677777777778
Q234704;Vitré;Vitré;FR;48.123333333333;-1.2094444444444
Q23482;Marseille;Marseille;FR;43.296666666667;5.3763888888889
Q234924;Tarascon;Tarascon;FR;43.805;4.6594444444444
Q235382;Quimperlé;Quimperlé;FR;47.872777777778;-3.5497222222222
Q235733;Villenave-d'Ornon;Villenave-d'Ornon;FR;44.779444444444;-0.56694444444444
Q235739;Saint-Chamond;Saint-Chamond;FR;45.476388888889;4.5147222222222
Q235865;Miramas;Miramas;FR;43.581388888889;5.0013888888889
Q236570;Barsac;Barsac;FR;44.609166666667;-0.31416666666667
Q236609;Tende;Tende;FR;44.087777777778;7.5936111111111
Q236736;Vernon;Vernon;FR;49.091666666667;1.485
Q237432;Corbonod;Corbonod;FR;45.969722222222;5.8102777777778
Q237516;Martigues;Martigues;FR;43.405277777778;5.0475
Q238039;Bourg-Saint-Maurice;Bourg-Saint-Maurice;FR;45.616666666667;6.7686111111111
Q238205;Voiron;Voiron;FR;45.363333333333;5.59
Q238366;Annonay;Annonay;FR;45.24;4.6708333333333
Q238393;Bagnères-de-Luchon;Bagnères-de-Luchon;FR;42.790555555556;0.59388888888889
Q238469;Beautiran;Beautiran;FR;44.703611111111;-0.45222222222222
Q239;Bruxelles;Brussels;BE;50.846666666666664;4.351666666666667
Q239078;Romans-sur-Isère;Romans-sur-Isère;FR;45.045555555556;5.0508333333333
Q239091;Croix;Croix;FR;50.674722222222;3.1538888888889
Q23930;Lantenay;Lantenay;FR;47.342222222222;4.8666666666667
Q239317;Mandelieu-la-Napoule;Mandelieu-la-Napoule;FR;43.545555555556;6.9375
Q23935;Velars-sur-Ouche;Velars-sur-Ouche;FR;47.320555555556;4.9047222222222
Q239631;Carry-le-Rouet;Carry-le-Rouet;FR;43.331944444444;5.1519444444444
Q239858;Montluel;Montluel;FR;45.851666666667;5.0563888888889
Q239863;Virieu-le-Grand;Virieu-le-Grand;FR;45.849166666667;5.6516666666667
Q239957;Sainte-Cécile-d'Andorge;Sainte-Cécile-d'Andorge;FR;44.251944444444;3.9761111111111
Q239967;La Grand-Combe;La Grand-Combe;FR;44.211111111111;4.0294444444444
Q240798;Montigny-le-Bretonneux;Montigny-le-Bretonneux;FR;48.770555555556;2.0325
Q240858;Hénin-Beaumont;Hénin-Beaumont;FR;50.421111111111;2.95
Q24117;Flaviac;Flaviac;FR;44.7475;4.6738888888889
Q241490;Laroquebrou;Laroquebrou;FR;44.968611111111;2.1916666666667
Q241533;Brion;Brion;FR;46.172777777778;5.5525
Q241940;Givet;Givet;FR;50.138055555556;4.8241666666667
Q242191;Montereau-Fault-Yonne;Montereau-Fault-Yonne;FR;48.383055555556;2.9480555555556
Q24233;Coux;Coux;FR;44.733888888889;4.6202777777778
Q242497;Tremblay-en-France;Tremblay-en-France;FR;48.956111111111;2.5763888888889
Q242617;Èze;Èze;FR;43.727777777778;7.3611111111111
Q243002;Cassis;Cassis;FR;43.215555555556;5.5372222222222
Q243032;Azay-le-Rideau;Azay-le-Rideau;FR;47.261388888889;0.46611111111111
Q243074;Pont-Saint-Esprit;Pont-Saint-Esprit;FR;44.256388888889;4.6483333333333
Q243104;Vonnas;Vonnas;FR;46.219166666667;4.9908333333333
Q243317;Marignane;Marignane;FR;43.416944444444;5.2147222222222
Q243402;Saint-Mard;Saint-Mard;FR;49.038333333333;2.6952777777778
Q243579;Meximieux;Meximieux;FR;45.904444444444;5.1944444444444
Q243586;Ambarès-et-Lagrave;Ambarès-et-Lagrave;FR;44.924722222222;-0.48666666666667
Q243682;Bassens;Bassens;FR;44.903333333333;-0.51694444444444
Q243724;Dompierre-sur-Besbre;Dompierre-sur-Besbre;FR;46.522222222222;3.6811111111111
Q243851;Coudekerque-Branche;Coudekerque-Branche;FR;51.024722222222;2.3908333333333
Q243868;Saint-Martin-d'Hères;Saint-Martin-d'Hères;FR;45.183611111111;5.7552777777778
Q243898;Coutras;Coutras;FR;45.040833333333;-0.12888888888889
Q243915;Aimargues;Aimargues;FR;43.684722222222;4.2086111111111
Q243963;Uchaud;Uchaud;FR;43.756944444444;4.2694444444444
Q244248;Orthez;Orthez;FR;43.488055555556;-0.77083333333333
Q244249;Manduel;Manduel;FR;43.818333333333;4.4733333333333
Q244508;Bréval;Bréval;FR;48.944166666667;1.5336111111111
Q244718;La Garde;La Garde;FR;43.124722222222;6.0105555555556
Q244934;Bergues;Bergues;FR;50.968611111111;2.4341666666667
Q245195;Saint-Péray;Saint-Péray;FR;44.948611111111;4.845
Q245497;Lacapelle-Viescamp;Lacapelle-Viescamp;FR;44.922777777778;2.2627777777778
Q245721;Saint-Geniès-de-Malgoirès;Saint-Geniès-de-Malgoirès;FR;43.945555555556;4.2166666666667
Q24599;Loulay;Loulay;FR;46.046944444444;-0.51222222222222
Q246326;Gazeran;Gazeran;FR;48.633888888889;1.7736111111111
Q24938064;Mont Lozère et Goulet;Mont Lozère et Goulet;FR;44.48722;3.73583
Q24938139;Cloyes-les-Trois-Rivières;Cloyes-les-Trois-Rivières;FR;47.9978;1.2358
Q24939857;Valloire-sur-Cisse;Valloire-sur-Cisse;FR;47.5261111111;1.24805555556
Q250555;Aurec-sur-Loire;Aurec-sur-Loire;FR;45.369166666667;4.2016666666667
Q250679;Pougny;Pougny;FR;46.139722222222;5.9494444444444
Q251414;Beauzac;Beauzac;FR;45.259166666667;4.0986111111111
Q252974;Le Bourget-du-Lac;Le Bourget-du-Lac;FR;45.648333333333;5.8597222222222
Q25396680;Deux Rivières;Deux Rivières;FR;47.68388888888889;3.6916666666666664
Q254829;Collioure;Collioure;FR;42.525555555556;3.0808333333333
Q259263;Luc-la-Primaube;Luc-la-Primaube;FR;44.313888888889;2.535
Q259283;Megève;Megève;FR;45.856944444444;6.6175
Q261404;Villeneuve-sur-Allier;Villeneuve-sur-Allier;FR;46.660277777778;3.2486111111111
Q262456;Ardres;Ardres;FR;50.854722222222;1.9775
Q26276612;Verneuil d'Avre et d'Iton;Verneuil d'Avre et d'Iton;FR;48.7394444444;0.928611111111
Q262885;Louroux-de-Bouble;Louroux-de-Bouble;FR;46.225833333333;2.9777777777778
Q263456;La Réole;La Réole;FR;44.581066666667;-0.041219444444444
Q263473;Guillerval;Guillerval;FR;48.364722222222;2.1016666666667
Q263971;Bellenaves;Bellenaves;FR;46.200555555556;3.08
Q263998;Diou;Diou;FR;46.534444444444;3.7444444444444
Q26413668;Jaunay-Marigny;Jaunay-Marigny;FR;46.6863888889;0.370833333333
Q264270;Retournac;Retournac;FR;45.203888888889;4.0333333333333
Q264379;Saint-Georges-d'Aurac;Saint-Georges-d'Aurac;FR;45.156388888889;3.5408333333333
Q264386;Salzuit;Salzuit;FR;45.21;3.4836111111111
Q264416;Chalonnes-sur-Loire;Chalonnes-sur-Loire;FR;47.350555555556;-0.76388888888889
Q264778;Loudes;Loudes;FR;45.088055555556;3.7486111111111
Q266707;Monnerville;Monnerville;FR;48.346944444444;2.0444444444444
Q268025;Vauvert;Vauvert;FR;43.693333333333;4.2761111111111
Q26832610;Les Achards;Les Achards;FR;46.6194444444;-1.65777777778
Q26849;Vienne;Vienne;FR;45.525555555556;4.8747222222222
Q269225;Vergèze;Vergèze;FR;43.743333333333;4.22
Q269268;Orgon;Orgon;FR;43.791388888889;5.0388888888889
Q269346;Castillon-la-Bataille;Castillon-la-Bataille;FR;44.853333333333;-0.044444444444444
Q269364;Joué-lès-Tours;Joué-lès-Tours;FR;47.350555555556;0.66166666666667
Q269401;Arcis-sur-Aube;Arcis-sur-Aube;FR;48.53638888888889;4.141944444444444
Q269706;Pont-d'Ain;Pont-d'Ain;FR;46.048333333333;5.3363888888889
Q269732;Fécamp;Fécamp;FR;49.7575;0.37916666666667
Q269833;Chauny;Chauny;FR;49.615555555556;3.2191666666667
Q269874;Ustaritz;Ustaritz;FR;43.399444444444;-1.4563888888889
Q270294;Saint-Jean-Pied-de-Port;Saint-Jean-Pied-de-Port;FR;43.163222222222224;-1.2381111111111112
Q27031429;Thue et Mue;Thue et Mue;FR;49.211388888889;-0.51388888888889
Q27044250;Montval-sur-Loir;Montval-sur-Loir;FR;47.6953;0.4178
Q27061597;Morannes sur Sarthe-Daumeray;Morannes sur Sarthe-Daumeray;FR;47.7463888889;-0.415555555556
Q27062359;Moult-Chicheboville;Moult-Chicheboville;FR;49.115278;-0.165
Q270768;Paulhaguet;Paulhaguet;FR;45.208055555556;3.5133333333333
Q27098436;Peyre en Aubrac;Peyre en Aubrac;FR;44.72361;3.28472
Q27098487;Saint Bonnet-Laval;Saint Bonnet-Laval;FR;44.81639;3.72083
Q27098506;Saint-Pierre-en-Auge;Saint-Pierre-en-Auge;FR;49.018889;-0.0325
Q271085;Sisteron;Sisteron;FR;44.19;5.9463888888889
Q271090;Hirson;Hirson;FR;49.921666666667;4.0838888888889
Q271322;Nurieux-Volognat;Nurieux-Volognat;FR;46.180277777778;5.5219444444444
Q271329;Bohain-en-Vermandois;Bohain-en-Vermandois;FR;49.986388888889;3.4547222222222
Q27139740;Mézidon Vallée d'Auge;Mézidon Vallée d'Auge;FR;49.07361111111111;-0.07
Q271542;Jumeaux;Jumeaux;FR;45.431111111111;3.34
Q272016;Champagne-sur-Seine;Champagne-sur-Seine;FR;48.397222222222;2.8011111111111
Q27225787;Pays-de-Clerval;Pays-de-Clerval;FR;47.3930555556;6.49833333333
Q27225805;Veuzain-sur-Loire;Veuzain-sur-Loire;FR;47.500277777777775;1.175
Q272347;Gannat;Gannat;FR;46.1;3.1983333333333
Q272440;Reugny;Reugny;FR;46.461944444444;2.6147222222222
Q272528;Pauillac;Pauillac;FR;45.2;-0.74861111111111
Q273015;Huriel;Huriel;FR;46.373055555556;2.4766666666667
Q273017;Évian-les-Bains;Évian-les-Bains;FR;46.400555555556;6.59
Q273021;Alba-la-Romaine;Alba-la-Romaine;FR;44.555;4.5980555555556
Q273145;Vieille-Brioude;Vieille-Brioude;FR;45.264722222222;3.4047222222222
Q273295;Vorey;Vorey;FR;45.186388888889;3.91
Q27343364;Montmoreau;Montmoreau;FR;45.4;0.1317
Q273445;École-Valentin;École-Valentin;FR;47.272222222222;5.9847222222222
Q273522;Étaples;Étaples;FR;50.517777777778;1.6405555555556
Q273670;Écommoy;Écommoy;FR;47.828333333333;0.27305555555556
Q273767;Thiel-sur-Acolin;Thiel-sur-Acolin;FR;46.523333333333;3.5816666666667
Q273888;Génolhac;Génolhac;FR;44.349722222222;3.9494444444444
Q273922;Saint-Herblain;Saint-Herblain;FR;47.211388888889;-1.6511111111111
Q274183;Bagnols-sur-Cèze;Bagnols-sur-Cèze;FR;44.1625;4.62
Q274193;Cap-d'Ail;Cap-d'Ail;FR;43.721111111111;7.4055555555556
Q274245;Aixe-sur-Vienne;Aixe-sur-Vienne;FR;45.796388888889;1.1361111111111
Q274249;Massy;Massy;FR;48.730555555556;2.2763888888889
Q274325;Loos;Loos;FR;50.612222222222;3.0136111111111
Q274333;Beauvoisin;Beauvoisin;FR;43.718333333333;4.3236111111111
Q274412;Bédarieux;Bédarieux;FR;43.615930555556;3.1588055555556
Q274525;Égletons;Égletons;FR;45.406388888889;2.0452777777778
Q274555;Éguzon-Chantôme;Éguzon-Chantôme;FR;46.442222222222;1.5825
Q274589;Cernay;Cernay;FR;47.806666666667;7.1758333333333
Q274619;Chenonceaux;Chenonceaux;FR;47.331944444444;1.0683333333333
Q274703;Mionnay;Mionnay;FR;45.895;4.9297222222222
Q274716;Saint-Paul-de-Varax;Saint-Paul-de-Varax;FR;46.098888888889;5.1283333333333
Q274801;Éloyes;Éloyes;FR;48.095833333333;6.6094444444444
Q2749;Augsbourg;Augsburg;DE;48.36888888888889;10.897777777777778
Q275438;Argenton-sur-Creuse;Argenton-sur-Creuse;FR;46.588888888889;1.5191666666667
Q275609;Biganos;Biganos;FR;44.644166666667;-0.97833333333333
Q275824;Sainte-Florine;Sainte-Florine;FR;45.405277777778;3.3172222222222
Q27619;Varennes-Vauzelles;Varennes-Vauzelles;FR;47.012222222222;3.1463888888889
Q27625;Tronsanges;Tronsanges;FR;47.112777777778;3.0530555555556
Q27647;Tracy-sur-Loire;Tracy-sur-Loire;FR;47.319444444444;2.9105555555556
Q27664;Verneuil;Verneuil;FR;46.866944444444;3.5697222222222
Q277893;Luc;Luc;FR;44.650277777778;3.8908333333333
Q27838602;Val d'Oingt;Val d'Oingt;FR;45.9211111111;4.58611111111
Q27922737;Margaux-Cantenac;Margaux-Cantenac;FR;45.0419444444;-0.675555555556
Q279681;Thouars;Thouars;FR;46.975;-0.21527777777778
Q28001362;Meaulne-Vitray;Meaulne-Vitray;FR;46.598333333333;2.615
Q28009455;Coteaux-sur-Loire;Coteaux-sur-Loire;FR;47.2872222222;0.3075
Q280296;Tain-l'Hermitage;Tain-l'Hermitage;FR;45.070555555556;4.8425
Q28039988;Beaumont Saint-Cyr;Beaumont Saint-Cyr;FR;46.7383333333;0.429444444444
Q2814;Halle-sur-Saale;Halle (Saale);DE;51.48277777777778;11.969722222222222
Q2833;Fribourg-en-Brisgau;Freiburg im Breisgau;DE;47.995;7.85
Q28335194;Vald'Yerre;Vald'Yerre;FR;48.100555555556;1.1230555555556
Q28335204;Douzy;Douzy;FR;49.671388888889;5.0408333333333
Q28335208;Étalans;Étalans;FR;47.151388888889;6.2683333333333
Q28335215;Langeais;Langeais;FR;47.325555555556;0.40611111111111
Q28381883;Quillan;Quillan;FR;42.875277777778;2.1819444444444
Q284515;Métabief;Métabief;FR;46.773055555556;6.3516666666667
Q28464310;Pontorson;Pontorson;FR;48.553333333333;-1.5072222222222
Q28464551;Bornel;Bornel;FR;49.198333333333;2.2091666666667
Q285;Cognac;Cognac;FR;45.695833333333;-0.32916666666667
Q28520;Abbeville;Abbeville;FR;50.105277777778;1.8352777777778
Q285695;Laifour;Laifour;FR;49.9125;4.6927777777778
Q2865;Cassel;Kassel;DE;51.315777777778;9.4979166666667
Q28681217;Murat;Murat;FR;45.11;2.8686111111111
Q287123;Éperlecques;Éperlecques;FR;50.806388888889;2.1516666666667
Q287148;Épernon;Épernon;FR;48.610833333333;1.6741666666667
Q28723557;Carentan-les-Marais;Carentan-les-Marais;FR;49.303333333333;-1.2483333333333
Q28726656;Hochfelden;Hochfelden;FR;48.759444444444;7.57
Q28732226;Vermenton;Vermenton;FR;47.665;3.7352777777778
Q288;Tours;Tours;FR;47.392777777778;0.68833333333333
Q290936;Étretat;Étretat;FR;49.706388888889;0.20666666666667
Q2910;Ludwigshafen-sur-le-Rhin;Ludwigshafen;DE;49.481111111111;8.4352777777778
Q291404;Évette-Salbert;Évette-Salbert;FR;47.675;6.7983333333333
Q29234;Saint-Brieuc;Saint-Brieuc;FR;48.513611111111;-2.7602777777778
Q29650249;Montaigu-Vendée;Montaigu-Vendée;FR;46.97416667;-1.31361111
Q2966;Heidelberg;Heidelberg;DE;49.4093582;8.694724
Q30041807;Boulazac Isle Manoire;Boulazac Isle Manoire;FR;45.182002777778;0.76284722222222
Q3012;Ulm;Ulm;DE;48.39861111111111;9.991111111111111
Q301556;Retiers;Retiers;FR;47.913333333333;-1.3819444444444
Q302444;Laboissière-en-Thelle;Laboissière-en-Thelle;FR;49.289722222222;2.1583333333333
Q305007;Fourmies;Fourmies;FR;50.017222222222;4.0533333333333
Q305306;Torpes;Torpes;FR;47.169166666667;5.8905555555556
Q30712;Ailly-sur-Somme;Ailly-sur-Somme;FR;49.926666666667;2.1938888888889
Q30759;Ailly-sur-Noye;Ailly-sur-Noye;FR;49.756388888889;2.3633333333333
Q30940;Albert;Albert;FR;50.001944444444;2.6522222222222
Q30974;Rouen;Rouen;FR;49.443055555556;1.1025
Q31201;Ygos-Saint-Saturnin;Ygos-Saint-Saturnin;FR;43.976111111111;-0.73666666666667
Q3138;Trèves;Trier;DE;49.75565;6.63935
Q314589;Longpré-les-Corps-Saints;Longpré-les-Corps-Saints;FR;50.0125;1.9952777777778
Q317082;Sotteville-lès-Rouen;Sotteville-lès-Rouen;FR;49.408611111111;1.0891666666667
Q317287;Dambach-la-Ville;Dambach-la-Ville;FR;48.323888888889;7.4275
Q317433;Les Mureaux;Les Mureaux;FR;48.993055555556;1.9083333333333
Q317452;Bitschwiller-lès-Thann;Bitschwiller-lès-Thann;FR;47.830277777778;7.0802777777778
Q318071;Colomiers;Colomiers;FR;43.612777777778;1.3358333333333
Q318082;Lunel;Lunel;FR;43.676944444444;4.1352777777778
Q318085;Gardanne;Gardanne;FR;43.454444444444;5.4761111111111
Q318168;Bergheim;Bergheim;FR;48.205277777778;7.3616666666667
Q318227;Bannalec;Bannalec;FR;47.9325;-3.6969444444444
Q318432;Dol-de-Bretagne;Dol-de-Bretagne;FR;48.549722222222;-1.7508333333333
Q318535;Longwy;Longwy;FR;49.519722222222;5.7605555555556
Q318759;Vimy;Vimy;FR;50.3725;2.8105555555556
Q319282;Baccarat;Baccarat;FR;48.448611111111;6.7380555555556
Q320197;Villeneuve-Loubet;Villeneuve-Loubet;FR;43.658055555556;7.1213888888889
Q320205;Château-Arnoux-Saint-Auban;Château-Arnoux-Saint-Auban;FR;44.093333333333;6.0083333333333
Q320220;Cadaujac;Cadaujac;FR;44.755555555556;-0.53
Q320271;Bantzenheim;Bantzenheim;FR;47.824722222222;7.5155555555556
Q320282;Boucau;Boucau;FR;43.523611111111;-1.4866666666667
Q320293;Bartenheim;Bartenheim;FR;47.634722222222;7.4758333333333
Q320629;Fumay;Fumay;FR;49.993611111111;4.7069444444444
Q321111;Breil-sur-Roya;Breil-sur-Roya;FR;43.937222222222;7.5144444444444
Q321204;Ax-les-Thermes;Ax-les-Thermes;FR;42.719444444444;1.8388888888889
Q322395;Bugeat;Bugeat;FR;45.598055555556;1.9272222222222
Q322406;Gimont;Gimont;FR;43.626388888889;0.87666666666667
Q322453;Paimpol;Paimpol;FR;48.777777777778;-3.0463888888889
Q322723;Mouans-Sartoux;Mouans-Sartoux;FR;43.62;6.9719444444444
Q322959;Chorges;Chorges;FR;44.545555555556;6.2763888888889
Q322980;Brimeux;Brimeux;FR;50.444444444444;1.8338888888889
Q323399;Gravelines;Gravelines;FR;50.986388888889;2.1275
Q323593;Vitry-en-Artois;Vitry-en-Artois;FR;50.325833333333;2.9830555555556
Q323743;Charmes-sur-Rhône;Charmes-sur-Rhône;FR;44.863611111111;4.8352777777778
Q324027;Pierrelatte;Pierrelatte;FR;44.3775;4.6961111111111
Q324045;Chamborigaud;Chamborigaud;FR;44.301388888889;3.9777777777778
Q324105;Nonancourt;Nonancourt;FR;48.776388888889;1.1930555555556
Q324273;Combourg;Combourg;FR;48.408611111111;-1.7516666666667
Q324488;Frasne;Frasne;FR;46.855555555556;6.1597222222222
Q325043;Habsheim;Habsheim;FR;47.729444444444;7.4188888888889
Q325169;Villeneuve-de-Berg;Villeneuve-de-Berg;FR;44.556944444444;4.5022222222222
Q325192;La Voulte-sur-Rhône;La Voulte-sur-Rhône;FR;44.799444444444;4.7791666666667
Q325426;Pinon;Pinon;FR;49.488333333333;3.4463888888889
Q325587;Flavy-le-Martel;Flavy-le-Martel;FR;49.713333333333;3.1930555555556
Q325894;Aubigny-en-Artois;Aubigny-en-Artois;FR;50.350833333333;2.5905555555556
Q325946;Landerneau;Landerneau;FR;48.450833333333;-4.2494444444444
Q326352;Bollwiller;Bollwiller;FR;47.857222222222;7.2619444444444
Q326369;Conches-en-Ouche;Conches-en-Ouche;FR;48.960555555556;0.9425
Q326398;Beaumont-le-Roger;Beaumont-le-Roger;FR;49.08;0.77722222222222
Q326453;Rezé;Rezé;FR;47.181388888889;-1.5497222222222
Q326520;Cestas;Cestas;FR;44.744444444444;-0.68222222222222
Q326586;Marle;Marle;FR;49.74;3.7713888888889
Q326786;Alixan;Alixan;FR;44.975;5.0275
Q326879;Valognes;Valognes;FR;49.509166666667;-1.4691666666667
Q327025;Bruges;Bruges;FR;44.882777777778;-0.6125
Q327259;Crest;Crest;FR;44.728333333333;5.0222222222222
Q327267;Cérons;Cérons;FR;44.631388888889;-0.33638888888889
Q327669;Peillon;Peillon;FR;43.768611111111;7.3672222222222
Q328077;Vertou;Vertou;FR;47.168055555556;-1.4713888888889
Q32839;Corcy;Corcy;FR;49.253888888889;3.2116666666667
Q328427;Le Grau-du-Roi;Le Grau-du-Roi;FR;43.537222222222;4.1366666666667
Q328771;Rosporden;Rosporden;FR;47.960555555556;-3.8347222222222
Q329103;Le Cateau-Cambrésis;Le Cateau-Cambrésis;FR;50.105277777778;3.5411111111111
Q329276;Bourg-Madame;Bourg-Madame;FR;42.434166666667;1.9438888888889
Q329653;Landivisiau;Landivisiau;FR;48.509166666667;-4.0683333333333
Q329664;Le Creusot;Le Creusot;FR;46.800555555556;4.4402777777778
Q3306597;Meroux-Moval;Meroux-Moval;FR;47.595983333333;6.8971555555556
Q330888;Arbois;Arbois;FR;46.902777777778;5.7738888888889
Q331083;Saint-Priest;Saint-Priest;FR;45.696388888889;4.9438888888889
Q331087;Creil;Creil;FR;49.257777777778;2.4827777777778
Q331579;Bollène;Bollène;FR;44.280277777778;4.7488888888889
Q331624;Avion;Avion;FR;50.409722222222;2.8327777777778
Q332034;La Fère;La Fère;FR;49.661666666667;3.3655555555556
Q332310;Bailleul;Bailleul;FR;50.7375;2.7338888888889
Q3327;Lourdes;Lourdes;FR;43.094166666666666;-0.04694444444444444
Q333447;Aigueperse;Aigueperse;FR;46.0225;3.2022222222222
Q333559;Granville;Granville;FR;48.838055555556;-1.5869444444444
Q334249;Beuvry;Beuvry;FR;50.519722222222;2.6794444444444
Q337636;Saint-Sébastien-sur-Loire;Saint-Sébastien-sur-Loire;FR;47.207222222222;-1.5025
Q337804;Sainte-Marguerite;Sainte-Marguerite;FR;48.269166666667;6.9763888888889
Q33843;Tannay;Tannay;FR;47.367777777778;3.5916666666667
Q33959;Nice;Nice;FR;43.701944444444;7.2683333333333
Q34001;Roubaix;Roubaix;FR;50.69;3.1816666666667
Q342;Quimper;Quimper;FR;47.995833333333;-4.0977777777778
Q343613;Gaillac;Gaillac;FR;43.900555555556;1.8983333333333
Q34427;Saint-Dié-des-Vosges;Saint-Dié-des-Vosges;FR;48.284166666667;6.9491666666667
Q348807;Saint-Jean-d'Angély;Saint-Jean-d'Angély;FR;45.944166666667;-0.52111111111111
Q3581;Roanne;Roanne;FR;46.036111111111;4.0680555555556
Q363100;Miribel;Miribel;FR;45.824444444444;4.9530555555556
Q367794;Breitenbach-Haut-Rhin;Breitenbach-Haut-Rhin;FR;48.023333333333;7.1008333333333
Q368160;Saint-Julien-en-Genevois;Saint-Julien-en-Genevois;FR;46.144166666667;6.0841666666667
Q368725;Fronville;Fronville;FR;48.403888888889;5.1527777777778
Q368973;Sommery;Sommery;FR;49.634444444444;1.44
Q371084;Saint-Erme-Outre-et-Ramecourt;Saint-Erme-Outre-et-Ramecourt;FR;49.515;3.8394444444444
Q371412;Blagny;Blagny;FR;49.621111111111;5.1911111111111
Q37171;Saint-Léger-des-Vignes;Saint-Léger-des-Vignes;FR;46.84;3.4547222222222
Q37176;Saint-Pierre-le-Moûtier;Saint-Pierre-le-Moûtier;FR;46.790833333333;3.1180555555556
Q37182;Saint-Ouen-sur-Loire;Saint-Ouen-sur-Loire;FR;46.891666666667;3.3027777777778
Q374510;Esclanèdes;Esclanèdes;FR;44.481666666667;3.3613888888889
Q375535;Pont-du-Château;Pont-du-Château;FR;45.798333333333;3.2483333333333
Q375723;Villefort;Villefort;FR;44.439444444444;3.9319444444444
Q375776;La Bassée;La Bassée;FR;50.533611111111;2.8072222222222
Q3758;Kaiserslautern;Kaiserslautern;DE;49.444722222222;7.7688888888889
Q376620;Saint-Julien-en-Saint-Alban;Saint-Julien-en-Saint-Alban;FR;44.754444444444;4.6975
Q37719;Beaurainville;Beaurainville;FR;50.424722222222;1.8980555555556
Q377384;Bédarrides;Bédarrides;FR;44.040555555556;4.8980555555556
Q377533;Cercy-la-Tour;Cercy-la-Tour;FR;46.868611111111;3.645
Q377554;Santilly;Santilly;FR;48.146388888889;1.8719444444444
Q37776;Besançon;Besançon;FR;47.242222222222;6.0213888888889
Q377797;Châteauneuf-de-Gadagne;Châteauneuf-de-Gadagne;FR;43.9275;4.9463888888889
Q377943;Courthézon;Courthézon;FR;44.0875;4.8841666666667
Q378172;Heilles;Heilles;FR;49.334166666667;2.2619444444444
Q378496;Haybes;Haybes;FR;50.009722222222;4.7058333333333
Q378559;Donchery;Donchery;FR;49.696388888889;4.8744444444444
Q378641;Méricourt-l'Abbé;Méricourt-l'Abbé;FR;49.951944444444;2.5652777777778
Q378966;Saint-Pierre-lès-Nemours;Saint-Pierre-lès-Nemours;FR;48.265277777778;2.6797222222222
Q378973;Tergnier;Tergnier;FR;49.655833333333;3.2872222222222
Q379127;Nouzonville;Nouzonville;FR;49.815;4.745
Q379163;Crépy;Crépy;FR;49.604166666667;3.5138888888889
Q379442;Fuilla;Fuilla;FR;42.561944444444;2.3627777777778
Q379490;Coursan;Coursan;FR;43.2325;3.0588888888889
Q379674;Portets;Portets;FR;44.696944444444;-0.42416666666667
Q379985;Aspres-sur-Buëch;Aspres-sur-Buëch;FR;44.523611111111;5.7497222222222
Q380029;Caulnes;Caulnes;FR;48.288888888889;-2.1547222222222
Q380211;Saint-Jean-le-Centenier;Saint-Jean-le-Centenier;FR;44.591111111111;4.535
Q380236;Ambazac;Ambazac;FR;45.957777777778;1.4
Q380444;Illiers-Combray;Illiers-Combray;FR;48.300555555556;1.2475
Q380495;Mauvezin;Mauvezin;FR;43.730555555556;0.87805555555556
Q380689;L'Argentière-la-Bessée;L'Argentière-la-Bessée;FR;44.794444444444;6.5591666666667
Q380735;Miraumont;Miraumont;FR;50.094444444444;2.7294444444444
Q381311;Barjac;Barjac;FR;44.504444444444;3.4105555555556
Q381476;Mazingarbe;Mazingarbe;FR;50.473055555556;2.7180555555556
Q381549;Herrlisheim-près-Colmar;Herrlisheim-près-Colmar;FR;48.018888888889;7.3261111111111
Q381596;Griesbach-au-Val;Griesbach-au-Val;FR;48.035833333333;7.1730555555556
Q381598;Guémar;Guémar;FR;48.188611111111;7.3969444444444
Q381659;Soultz-sous-Forêts;Soultz-sous-Forêts;FR;48.938611111111;7.8805555555556
Q382327;La Bastide-Puylaurent;La Bastide-Puylaurent;FR;44.5925;3.9052777777778
Q382438;Dannemarie;Dannemarie;FR;47.63;7.1191666666667
Q382628;Rocamadour;Rocamadour;FR;44.799444444444;1.6177777777778
Q383089;Moissac;Moissac;FR;44.104722222222;1.0852777777778
Q383288;Pleudihen-sur-Rance;Pleudihen-sur-Rance;FR;48.510833333333;-1.9519444444444
Q383345;La Forest-Landerneau;La Forest-Landerneau;FR;48.4275;-4.315
Q383388;Lillers;Lillers;FR;50.563611111111;2.4819444444444
Q383402;Lannemezan;Lannemezan;FR;43.123888888889;0.38472222222222
Q383409;Bogny-sur-Meuse;Bogny-sur-Meuse;FR;49.855277777778;4.7658333333333
Q383472;Clisson;Clisson;FR;47.086944444444;-1.2836111111111
Q383475;La Trinité;La Trinité;FR;43.740833333333;7.3141666666667
Q38380;Angers;Angers;FR;47.472777777778;-0.55555555555556
Q384396;Willer-sur-Thur;Willer-sur-Thur;FR;47.843611111111;7.0730555555556
Q384423;Le Teil;Le Teil;FR;44.545277777778;4.6822222222222
Q384471;Guimiliau;Guimiliau;FR;48.487777777778;-3.9988888888889
Q384516;Saint-Louis;Saint-Louis;FR;47.585277777778;7.565
Q384945;Knöringen;Knöringen;DE;49.238055555556;8.1444444444444
Q3852;Worms;Worms;DE;49.6302618;8.3620898
Q385527;Saint-Pol-sur-Ternoise;Saint-Pol-sur-Ternoise;FR;50.379166666667;2.3347222222222
Q385717;Chocques;Chocques;FR;50.541944444444;2.5730555555556
Q386122;Rillieux-la-Pape;Rillieux-la-Pape;FR;45.820555555556;4.8975
Q386778;Pertuis;Pertuis;FR;43.694166666667;5.5030555555556
Q387232;Savennières;Savennières;FR;47.383055555556;-0.6575
Q387498;La Brigue;La Brigue;FR;44.0625;7.6163888888889
Q387642;Firminy;Firminy;FR;45.388055555556;4.2872222222222
Q387650;Polliat;Polliat;FR;46.248888888889;5.1258333333333
Q387815;Plourivo;Plourivo;FR;48.743888888889;-3.0727777777778
Q387821;Dombasle-sur-Meurthe;Dombasle-sur-Meurthe;FR;48.625;6.3497222222222
Q388016;Colombey-les-Belles;Colombey-les-Belles;FR;48.5275;5.8972222222222
Q388949;Passy;Passy;FR;45.923611111111;6.6863888888889
Q389077;Saint-Just-en-Chaussée;Saint-Just-en-Chaussée;FR;49.506111111111;2.4308333333333
Q389357;Imphy;Imphy;FR;46.928333333333;3.2611111111111
Q389455;La Penne-sur-Huveaune;La Penne-sur-Huveaune;FR;43.280555555556;5.5158333333333
Q389500;Cransac-les-Thermes;Cransac-les-Thermes;FR;44.525;2.2847222222222
Q389524;Orchies;Orchies;FR;50.474722222222;3.2441666666667
Q390905;Tonnay-Charente;Tonnay-Charente;FR;45.943611111111;-0.89138888888889
Q390964;Auterive;Auterive;FR;43.350277777778;1.4747222222222
Q392034;Gunsbach;Gunsbach;FR;48.0475;7.1758333333333
Q396860;Marcelcave;Marcelcave;FR;49.85;2.5744444444444
Q399509;Bonnières-sur-Seine;Bonnières-sur-Seine;FR;49.035277777778;1.5797222222222
Q39984;Cannes;Cannes;FR;43.5525;7.0213888888889
Q4044;Offenbourg;Offenburg;DE;48.470833333333;7.9408333333333
Q404783;Aiguillon;Aiguillon;FR;44.300555555556;0.3375
Q4054;Francheville;Francheville;FR;45.736388888889;4.7636111111111
Q405455;Montain;Montain;FR;46.72;5.5791666666667
Q405488;Orchamps;Orchamps;FR;47.148333333333;5.6575
Q40875;Saint-Martin-d'Oney;Saint-Martin-d'Oney;FR;43.928611111111;-0.64083333333333
Q40898;Nancy;Nancy;FR;48.692777777778;6.1836111111111
Q4100;Baden-Baden;Baden-Baden;DE;48.761944444444;8.2408333333333
Q410809;Aiton;Aiton;FR;45.561111111111;6.2586111111111
Q41109;Vic-le-Comte;Vic-le-Comte;FR;45.643055555556;3.2461111111111
Q41185;Caen;Caen;FR;49.18138888888889;-0.3636111111111111
Q4149;Neustadt an der Weinstraße;Neustadt an der Weinstraße;DE;49.353621;8.13607
Q41604;Amiens;Amiens;FR;49.891944444444;2.2977777777778
Q41724;Saincaize-Meauce;Saincaize-Meauce;FR;46.9275;3.0725
Q41730;Rémilly;Rémilly;FR;46.819166666667;3.8147222222222
Q41812;Saint-Éloi;Saint-Éloi;FR;46.980833333333;3.22
Q41876;Reims;Reims;FR;49.265277777778;4.0286111111111
Q42168;Clermont-Ferrand;Clermont-Ferrand;FR;45.779722222222;3.0869444444444
Q425957;Étriché;Étriché;FR;47.650833333333;-0.445
Q426469;Saint-Hilaire-les-Places;Saint-Hilaire-les-Places;FR;45.645;1.1591666666667
Q426998;Dippach;Dippach;LU;49.5875;5.9833333333333
Q42716;Saint-Étienne;Saint-Étienne;FR;45.433888888889;4.3897222222222
Q42807;Nîmes;Nîmes;FR;43.83833333333333;4.3597222222222225
Q42810;Le Havre;Le Havre;FR;49.494166666667;0.10805555555556
Q429910;Beaugency;Beaugency;FR;47.778333333333;1.6316666666667
Q429989;Reignac-sur-Indre;Reignac-sur-Indre;FR;47.232222222222;0.91666666666667
Q430205;Nances;Nances;FR;45.590277777778;5.7966666666667
Q430656;Namps-Maisnil;Namps-Maisnil;FR;49.802777777778;2.1069444444444
Q430834;Gramat;Gramat;FR;44.778888888889;1.725
Q431065;Rœulx;Rœulx;FR;50.309444444444;3.335
Q43195;Aigle;Aigle;CH;46.3173;6.9646
Q43201;Allaman;Allaman;CH;46.466666666667;6.4
Q43295;Villeneuve-d'Ascq;Villeneuve-d'Ascq;FR;50.622777777778;3.1441666666667
Q43411;Aulnoye-Aymeries;Aulnoye-Aymeries;FR;50.204722222222;3.8355555555556
Q44012281;Plaine-d'Argenson;Plaine-d'Argenson;FR;46.1533;-0.483055555556
Q44160;Toulon;Toulon;FR;43.125;5.9305555555556
Q453309;Vittel;Vittel;FR;48.201666666667;5.9494444444444
Q453411;Jœuf;Jœuf;FR;49.229722222222;6.0088888888889
Q453498;Bonneval;Bonneval;FR;48.181388888889;1.3880555555556
Q453707;Sallaumines;Sallaumines;FR;50.419722222222;2.8622222222222
Q45374336;Gennes-Val-de-Loire;Gennes-Val-de-Loire;FR;47.351388888889;-0.22527777777778
Q454435;Châteauneuf-de-Randon;Châteauneuf-de-Randon;FR;44.640555555556;3.6752777777778
Q456;Lyon;Lyon;FR;45.7675;4.835
Q45656;Limoges;Limoges;FR;45.834444444444;1.2616666666667
Q456809;Châteaubourg;Châteaubourg;FR;48.111111111111;-1.4033333333333
Q45720;Aubigny;Aubigny;FR;49.900555555556;2.4822222222222
Q457631;Marvejols;Marvejols;FR;44.553333333333;3.29
Q457662;Saint-Médard-d'Eyrans;Saint-Médard-d'Eyrans;FR;44.719166666667;-0.51027777777778
Q457728;Montceau-les-Mines;Montceau-les-Mines;FR;46.666944444444;4.3688888888889
Q45797;Dunkerque;Dunkirk;FR;51.037777777778;2.3763888888889
Q458715;Font-Romeu-Odeillo-Via;Font-Romeu-Odeillo-Via;FR;42.497777777778;2.0338888888889
Q458741;Revin;Revin;FR;49.9425;4.6386111111111
Q459673;Leucate;Leucate;FR;42.909444444444;3.0288888888889
Q46007;Berlaimont;Berlaimont;FR;50.202222222222;3.8113888888889
Q460787;Louhans-Châteaurenaud;Louhans-Châteaurenaud;FR;46.626388888889;5.2247222222222
Q460795;Bonneville;Bonneville;FR;46.078888888889;6.4008333333333
Q461413;Pont-à-Mousson;Pont-à-Mousson;FR;48.904444444444;6.0541666666667
Q462534;Clermont;Clermont;FR;49.378888888889;2.4125
Q462647;Saint-Germain-des-Fossés;Saint-Germain-des-Fossés;FR;46.206944444444;3.4336111111111
Q463510;Fellering;Fellering;FR;47.896111111111;6.9863888888889
Q46529;Pouilly-sur-Loire;Pouilly-sur-Loire;FR;47.282777777778;2.9577777777778
Q46575;Pougues-les-Eaux;Pougues-les-Eaux;FR;47.074444444444;3.1013888888889
Q467020;Sospel;Sospel;FR;43.876944444444;7.4483333333333
Q467338;Bandol;Bandol;FR;43.136388888889;5.7533333333333
Q468227;Livron-sur-Drôme;Livron-sur-Drôme;FR;44.772777777778;4.8430555555556
Q468568;Lus-la-Croix-Haute;Lus-la-Croix-Haute;FR;44.665277777778;5.7055555555556
Q468666;Iwuy;Iwuy;FR;50.233055555556;3.3222222222222
Q46888;Mesves-sur-Loire;Mesves-sur-Loire;FR;47.243333333333;2.9930555555556
Q46986;Aiserey;Aiserey;FR;47.172222222222;5.1622222222222
Q470668;Serres;Serres;FR;44.428611111111;5.715
Q470679;Veynes;Veynes;FR;44.534166666667;5.8236111111111
Q470686;Massiac;Massiac;FR;45.251388888889;3.1972222222222
Q470740;Tullins;Tullins;FR;45.2975;5.4833333333333
Q471100;Libercourt;Libercourt;FR;50.483888888889;3.0138888888889
Q471321;Morières-lès-Avignon;Morières-lès-Avignon;FR;43.941666666667;4.9047222222222
Q47135;Châlons-en-Champagne;Châlons-en-Champagne;FR;48.956666666667;4.3644444444444
Q471530;Théoule-sur-Mer;Théoule-sur-Mer;FR;43.506944444444;6.94
Q471984;Saint-Macaire;Saint-Macaire;FR;44.56523888888889;-0.22631666666666667
Q472132;Le Bugue;Le Bugue;FR;44.92;0.92722222222222
Q472184;Pontcharra;Pontcharra;FR;45.433055555556;6.0152777777778
Q472331;Monteux;Monteux;FR;44.035555555556;4.9972222222222
Q472426;Saint-Saturnin-lès-Avignon;Saint-Saturnin-lès-Avignon;FR;43.956666666667;4.9302777777778
Q472922;Saint-Junien;Saint-Junien;FR;45.887222222222;0.90111111111111
Q473158;Auboué;Auboué;FR;49.211944444444;5.9769444444444
Q473417;Wallers;Wallers;FR;50.375277777778;3.3919444444444
Q473587;Cuinchy;Cuinchy;FR;50.519444444444;2.7486111111111
Q47383;Charleville-Mézières;Charleville-Mézières;FR;49.76;4.7194444444444
Q473875;Le Tréport;Le Tréport;FR;50.060555555556;1.3711111111111
Q473892;Haubourdin;Haubourdin;FR;50.609166666667;2.9869444444444
Q473919;Lectoure;Lectoure;FR;43.934444444444;0.62111111111111
Q473923;Fleurance;Fleurance;FR;43.849444444444;0.66361111111111
Q473977;Longpont;Longpont;FR;49.272777777778;3.2205555555556
Q474291;Xertigny;Xertigny;FR;48.045555555556;6.4061111111111
Q474476;Vic-sur-Cère;Vic-sur-Cère;FR;44.98;2.625
Q474498;Brionne;Brionne;FR;49.194722222222;0.72027777777778
Q474503;Valençay;Valençay;FR;47.160555555556;1.5661111111111
Q47465;Aix-en-Provence;Aix-en-Provence;FR;43.527777777778;5.4455555555556
Q475418;Digoin;Digoin;FR;46.481944444444;3.9805555555556
Q475463;Montreuil-sur-Ille;Montreuil-sur-Ille;FR;48.307222222222;-1.6691666666667
Q475519;Le Relecq-Kerhuon;Le Relecq-Kerhuon;FR;48.408611111111;-4.3969444444444
Q475599;Gien;Gien;FR;47.698055555556;2.625
Q475738;Langon;Langon;FR;47.719722222222;-1.8480555555556
Q475828;Pleyber-Christ;Pleyber-Christ;FR;48.504722222222;-3.8752777777778
Q476016;Caudry;Caudry;FR;50.125;3.4116666666667
Q476242;Montmorillon;Montmorillon;FR;46.426111111111;0.87083333333333
Q476253;Cosne-Cours-sur-Loire;Cosne-Cours-sur-Loire;FR;47.410277777778;2.925
Q476584;Joigny;Joigny;FR;47.982222222222;3.3972222222222
Q476895;Nogent-sur-Seine;Nogent-sur-Seine;FR;48.493611111111;3.5025
Q476900;Château-Renault;Château-Renault;FR;47.591388888889;0.90944444444444
Q476907;Brassac-les-Mines;Brassac-les-Mines;FR;45.414166666667;3.3288888888889
Q477013;Champagnole;Champagnole;FR;46.747222222222;5.9072222222222
Q477031;Damelevières;Damelevières;FR;48.556944444444;6.3880555555556
Q47704;Longecourt-en-Plaine;Longecourt-en-Plaine;FR;47.198333333333;5.1494444444444
Q47711;Genlis;Genlis;FR;47.240833333333;5.2230555555556
Q477767;Gilley;Gilley;FR;47.0475;6.4844444444444
Q477780;Générac;Générac;FR;43.728333333333;4.3486111111111
Q478237;Soulac-sur-Mer;Soulac-sur-Mer;FR;45.511111111111;-1.1247222222222
Q478559;Cuers;Cuers;FR;43.2375;6.0708333333333
Q478560;Vicq-sur-Breuilh;Vicq-sur-Breuilh;FR;45.646111111111;1.3813888888889
Q48292;Arles;Arles;FR;43.676944444444;4.6286111111111
Q48543;Sin-le-Noble;Sin-le-Noble;FR;50.363055555556;3.1130555555556
Q48923;Genthod;Genthod;CH;46.266666666667;6.15
Q489451;Noyelles-sur-Mer;Noyelles-sur-Mer;FR;50.183611111111;1.7088888888889
Q490;Milan;Milan;IT;45.466944444444;9.19
Q490191;Andelot-en-Montagne;Andelot-en-Montagne;FR;46.852777777778;5.9336111111111
Q495;Turin;Turin;IT;45.079166666666666;7.676111111111111
Q495481;Wintzenheim;Wintzenheim;FR;48.073055555556;7.29
Q495490;Ingersheim;Ingersheim;FR;48.094722222222;7.3063888888889
Q495647;Loperhet;Loperhet;FR;48.374722222222;-4.3052777777778
Q495689;Trémolat;Trémolat;FR;44.875833333333;0.83055555555556
Q496268;Anor;Anor;FR;49.989444444444;4.0986111111111
Q498204;Sausset-les-Pins;Sausset-les-Pins;FR;43.332222222222;5.1138888888889
Q498224;Ensuès-la-Redonne;Ensuès-la-Redonne;FR;43.355833333333;5.2041666666667
Q49831;Noyon;Noyon;FR;49.581111111111;2.9988888888889
Q498854;Tonnerre;Tonnerre;FR;47.855277777778;3.9733333333333
Q498865;Hautmont;Hautmont;FR;50.248055555556;3.9244444444444
Q500400;Sainte-Marie-aux-Mines;Sainte-Marie-aux-Mines;FR;48.246666666667;7.1838888888889
Q500588;L'Aigle;L'Aigle;FR;48.765;0.6283333333333334
Q501807;Saint-Sulpice-et-Cameyrac;Saint-Sulpice-et-Cameyrac;FR;44.91;-0.39055555555556
Q50189;Annecy;Annecy;FR;45.899166666667;6.1294444444444
Q501900;Tournus;Tournus;FR;46.561666666667;4.9122222222222
Q503185;Konz;Konz;DE;49.702777777778;6.5794444444444
Q504204;L'Isle-sur-la-Sorgue;L'Isle-sur-la-Sorgue;FR;43.919444444444;5.0513888888889
Q504853;Remiremont;Remiremont;FR;48.016944444444;6.59
Q504883;La Charité-sur-Loire;La Charité-sur-Loire;FR;47.176944444444;3.0188888888889
Q504919;Feurs;Feurs;FR;45.740833333333;4.2258333333333
Q505468;Müllheim;Müllheim im Markgräflerland;DE;47.808333333333;7.6308333333333
Q506831;Magland;Magland;FR;46.021944444444;6.6197222222222
Q506948;Dingé;Dingé;FR;48.3575;-1.7161111111111
Q507569;Saint-Aubin-sur-Scie;Saint-Aubin-sur-Scie;FR;49.871388888889;1.0702777777778
Q507822;Achiet-le-Grand;Achiet-le-Grand;FR;50.130555555556;2.7825
Q50810269;Les Sables-d'Olonne;Les Sables-d'Olonne;FR;46.496388888889;-1.7847222222222
Q508546;Montréjeau;Montréjeau;FR;43.084722222222;0.56888888888889
Q508836;Nantiat;Nantiat;FR;46.009166666667;1.1733333333333
Q509783;Neuenburg am Rhein;Neuenburg am Rhein;DE;47.814722222222;7.5619444444444
Q510013;Commentry;Commentry;FR;46.288888888889;2.7416666666667
Q511643;Argentine;Argentine;FR;45.493888888889;6.3127777777778
Q511910;Esches;Esches;FR;49.218611111111;2.1652777777778
Q512351;Varennes-sur-Allier;Varennes-sur-Allier;FR;46.313055555556;3.4013888888889
Q513988;Audrieu;Audrieu;FR;49.209166666667;-0.59333333333333
Q514185;La Loupe;La Loupe;FR;48.471666666667;1.0152777777778
Q514622;Astaffort;Astaffort;FR;44.063888888889;0.65138888888889
Q514994;Lavaur;Lavaur;FR;43.698888888889;1.8188888888889
Q519495;Saint-Pierre-en-Faucigny;Saint-Pierre-en-Faucigny;FR;46.059722222222;6.3725
Q520698;Deville;Deville;FR;49.880833333333;4.7055555555556
Q521432;Saint-Marcellin;Saint-Marcellin;FR;45.151666666667;5.3197222222222
Q522165;Wörth am Rhein;Wörth am Rhein;DE;49.051666666667;8.2602777777778
Q52261;Bex;Bex;CH;46.25;7.0166666666667
Q522853;La Ricamarie;La Ricamarie;FR;45.403055555556;4.3644444444444
Q523015;Saint-Yrieix-la-Perche;Saint-Yrieix-la-Perche;FR;45.514444444444;1.2033333333333
Q524705;Planès;Planès;FR;42.491944444444;2.1397222222222
Q524836;Varangéville;Varangéville;FR;48.6338888889;6.31361111111
Q527676;Fondettes;Fondettes;FR;47.404166666667;0.59888888888889
Q527749;Appenweier;Appenweier;DE;48.539722222222;7.98
Q52871;Gevrey-Chambertin;Gevrey-Chambertin;FR;47.226666666667;4.9677777777778
Q52882;Saulon-la-Chapelle;Saulon-la-Chapelle;FR;47.215;5.0886111111111
Q531557;Béard;Béard;FR;46.8625;3.3275
Q532667;Larrazet;Larrazet;FR;43.930833333333;1.0825
Q533911;Marquillies;Marquillies;FR;50.556111111111;2.8705555555556
Q534206;Saint-Gervais-les-Bains;Saint-Gervais-les-Bains;FR;45.8925;6.7136111111111
Q534664;Châtillon;Châtillon;FR;45.877222222222;4.6458333333333
Q534812;Flers;Flers;FR;48.748333333333;-0.56944444444444
Q535371;Saint-Jacques-de-la-Lande;Saint-Jacques-de-la-Lande;FR;48.090277777778;-1.6955555555556
Q536061;La Bâthie;La Bâthie;FR;45.626944444444;6.4494444444444
Q537113;Modane;Modane;FR;45.201388888889;6.6733333333333
Q537535;Le Molay-Littry;Le Molay-Littry;FR;49.2425;-0.87305555555556
Q537985;Edenkoben;Edenkoben;DE;49.283888888889;8.1272222222222
Q537987;Bazancourt;Bazancourt;FR;49.363333333333;4.1702777777778
Q538536;Angerville;Angerville;FR;48.310277777778;1.9983333333333
Q538880;Sorgues;Sorgues;FR;44.008333333333;4.8725
Q539487;La Bonneville-sur-Iton;La Bonneville-sur-Iton;FR;48.992777777778;1.0358333333333
Q539534;Gouzon;Gouzon;FR;46.191666666667;2.2386111111111
Q539629;Domblans;Domblans;FR;46.763888888889;5.5972222222222
Q539699;Wavrin;Wavrin;FR;50.573888888889;2.9388888888889
Q540085;Aubin-Saint-Vaast;Aubin-Saint-Vaast;FR;50.395555555556;1.9736111111111
Q541669;Hagenbach;Hagenbach;DE;49.020555555556;8.2483333333333
Q544967;Saint-Pierre-la-Cour;Saint-Pierre-la-Cour;FR;48.115;-1.0263888888889
Q545801;Noyal-sur-Vilaine;Noyal-sur-Vilaine;FR;48.111666666667;-1.5244444444444
Q548069;Recquignies;Recquignies;FR;50.280833333333;4.0408333333333
Q548559;Linay;Linay;FR;49.615277777778;5.2238888888889
Q548574;Ronchin;Ronchin;FR;50.604722222222;3.0877777777778
Q548637;Durtol;Durtol;FR;45.796111111111;3.0516666666667
Q5489;Troyes;Troyes;FR;48.298888888889;4.0780555555556
Q549150;Saint-Savinien;Saint-Savinien;FR;45.877777777778;-0.68055555555556
Q549492;Viviers-du-Lac;Viviers-du-Lac;FR;45.648055555556;5.9058333333333
Q549825;Crottet;Crottet;FR;46.277222222222;4.8922222222222
Q550076;Perrigny-sur-Loire;Perrigny-sur-Loire;FR;46.539444444444;3.8372222222222
Q550656;Willstätt;Willstätt;DE;48.541666666667;7.8963888888889
Q55115;Monaco-Ville;Monaco-Ville;MC;43.73097;7.424815
Q55343;Marcilly-sur-Tille;Marcilly-sur-Tille;FR;47.519166666667;5.1319444444444
Q55346;Gemeaux;Gemeaux;FR;47.477777777778;5.1366666666667
Q557798;Ringsheim;Ringsheim;DE;48.2475;7.7788888888889
Q564476;Kapsweyer;Kapsweyer;DE;49.046388888889;8.0219444444444
Q567863;Reignier-Ésery;Reignier-Esery;FR;46.134444444444;6.2683333333333
Q567870;Haréville;Haréville;FR;48.205833333333;6.0002777777778
Q568008;Montbarrey;Montbarrey;FR;47.019722222222;5.6411111111111
Q568910;Foucart;Foucart;FR;49.613888888889;0.59527777777778
Q569100;Insheim;Insheim;DE;49.165277777778;8.1472222222222
Q569135;Touët-de-l'Escarène;Touët-de-l'Escarène;FR;43.8475;7.365
Q569262;Jonchery-sur-Vesle;Jonchery-sur-Vesle;FR;49.286388888889;3.8147222222222
Q570888;Neuburg am Rhein;Neuburg am Rhein;DE;48.988055555556;8.2497222222222
Q57097;Coppet;Coppet;CH;46.32135;6.18907
Q57208924;Ancenis-Saint-Géréon;Ancenis-Saint-Géréon;FR;47.3656;-1.1772
Q572414;Marignac;Marignac;FR;42.914166666667;0.65833333333333
Q57506528;Les Eyzies;Les Eyzies;FR;44.9366666667;1.01805555556
Q57695189;Val-de-Virieu;Val-de-Virieu;FR;45.4863888889;5.47611111111
Q57741710;Valserhône;Valserhône;FR;46.1083;5.8266
Q578638;Barentin;Barentin;FR;49.544444444444;0.95361111111111
Q579445;Le Lardin-Saint-Lazare;Le Lardin-Saint-Lazare;FR;45.129722222222;1.2269444444444
Q579654;Salbris;Salbris;FR;47.425277777778;2.0519444444444
Q58064;Camblain-Châtelain;Camblain-Châtelain;FR;50.482222222222;2.4630555555556
Q580919;Sachy;Sachy;FR;49.668333333333;5.1330555555556
Q581305;Lépanges-sur-Vologne;Lépanges-sur-Vologne;FR;48.172222222222;6.6711111111111
Q58183261;Belleville-en-Beaujolais;Belleville-en-Beaujolais;FR;46.1089;4.7491
Q582184;Brignais;Brignais;FR;45.673888888889;4.7541666666667
Q582724;Saillagouse;Saillagouse;FR;42.46;2.0397222222222
Q583819;Audes;Audes;FR;46.457777777778;2.5580555555556
Q58565141;Grand-Aigueblanche;Grand-Aigueblanche;FR;45.5016666667;6.51027777778
Q58568776;La Tour-en-Maurienne;La Tour-en-Maurienne;FR;45.2991666667;6.36305555556
Q585873;Nesle;Nesle;FR;49.758055555556;2.91
Q586445;Poix-de-Picardie;Poix-de-Picardie;FR;49.775833333333;1.9841666666667
Q587061;Picquigny;Picquigny;FR;49.944166666667;2.1436111111111
Q587192;Ferques;Ferques;FR;50.829166666667;1.76
Q58840683;Châtelaudren-Plouagat;Châtelaudren-Plouagat;FR;48.5375;-2.9975
Q58841416;Lamballe-Armor;Lamballe-Armor;FR;48.4694444444;-2.51666666667
Q58892;Chaulnes;Chaulnes;FR;49.815555555556;2.8041666666667
Q589126;Saint-Rambert-en-Bugey;Saint-Rambert-en-Bugey;FR;45.948611111111;5.4380555555556
Q589265;Remomeix;Remomeix;FR;48.268888888889;7.0011111111111
Q589845;Le Genest-Saint-Isle;Le Genest-Saint-Isle;FR;48.098333333333;-0.88888888888889
Q591860;Landry;Landry;FR;45.571111111111;6.7405555555556
Q59230;Dommary-Baroncourt;Dommary-Baroncourt;FR;49.285833333333;5.7033333333333
Q592356;Mailly-le-Camp;Mailly-le-Camp;FR;48.667777777778;4.2069444444444
Q59342721;Morcenx-la-Nouvelle;Morcenx-la-Nouvelle;FR;44.0339;-0.913055555556
Q593653;Étainhus;Étainhus;FR;49.567222222222;0.3125
Q59433050;Mainxe-Gondeville;Mainxe-Gondeville;FR;45.616;-0.1483
Q59488802;Rountzenheim-Auenheim;Rountzenheim-Auenheim;FR;48.7652;8.0063
Q59503875;Val-de-Scie;Val-de-Scie;FR;49.71861111111111;1.1011111111111112
Q59505144;Trois-Rivières;Trois-Rivières;FR;49.713055555555556;2.5430555555555556
Q59533578;Villeneuve-sur-Aisne;Villeneuve-sur-Aisne;FR;49.3842;3.9661
Q596966;Fors;Fors;FR;46.236388888889;-0.40916666666667
Q59724;Étain;Étain;FR;49.212777777778;5.6363888888889
Q59734242;Chassal-Molinges;Chassal-Molinges;FR;46.3569;5.7658
Q597565;Le Thou;Le Thou;FR;46.083611111111;-0.91666666666667
Q597800;Pagny-sur-Moselle;Pagny-sur-Moselle;FR;48.983333333333;6.0213888888889
Q598283;Arnèke;Arnèke;FR;50.8325;2.4105555555556
Q59863711;Val-d'Arc;Val-d'Arc;FR;45.545;6.310833333333333
Q599075;Saujon;Saujon;FR;45.671388888889;-0.92777777777778
Q600164;Jeumont;Jeumont;FR;50.294444444444;4.1013888888889
Q60029747;Vindry-sur-Turdine;Vindry-sur-Turdine;FR;45.875;4.49055555556
Q60032414;Le Vignon-en-Quercy;Le Vignon-en-Quercy;FR;44.9980555556;1.64611111111
Q602441;Pétange;Pétange;LU;49.556388888889;5.8769444444444
Q602550;Pont-de-Buis-lès-Quimerch;Pont-de-Buis-lès-Quimerch;FR;48.254444444444;-4.09
Q603453;Ychoux;Ychoux;FR;44.3275;-0.95805555555556
Q604447;Auchy-lès-Hesdin;Auchy-lès-Hesdin;FR;50.3975;2.1022222222222
Q605369;Notre-Dame-de-Bondeville;Notre-Dame-de-Bondeville;FR;49.488333333333;1.0483333333333
Q60585340;Saint-Hilaire-de-Villefranche;Saint-Hilaire-de-Villefranche;FR;45.850833333333;-0.52972222222222
Q60589068;Fresnay-sur-Sarthe;Fresnay-sur-Sarthe;FR;48.281666666667;0.021111111111111
Q606296;Le Pallet;Le Pallet;FR;47.138333333333;-1.3358333333333
Q606352;Mehun-sur-Yèvre;Mehun-sur-Yèvre;FR;47.145277777778;2.2158333333333
Q60649712;Plouigneau;Plouigneau;FR;48.5675;-3.7013888888889
Q607025;Vandières;Vandières;FR;48.954166666667;6.0363888888889
Q607550;Leforest;Leforest;FR;50.437222222222;3.0641666666667
Q607642;Gières;Gières;FR;45.181944444444;5.7919444444444
Q607766;Varetz;Varetz;FR;45.193888888889;1.4505555555556
Q607905;Saint-Germain-les-Belles;Saint-Germain-les-Belles;FR;45.615;1.4947222222222
Q609373;Le Grand-Lemps;Le Grand-Lemps;FR;45.398333333333;5.4197222222222
Q609690;Espéraza;Espéraza;FR;42.93527777777778;2.2205555555555554
Q61058282;Évron;Évron;FR;48.155555555556;-0.4025
Q610712;Coursan-en-Othe;Coursan-en-Othe;FR;48.071666666667;3.8388888888889
Q610856;Saint-Georges-sur-Eure;Saint-Georges-sur-Eure;FR;48.4175;1.3586111111111
Q610860;Assier;Assier;FR;44.675277777778;1.8766666666667
Q61157972;Formerie;Formerie;FR;49.650555555556;1.7297222222222
Q612401;Gonfaron;Gonfaron;FR;43.320555555556;6.2891666666667
Q612573;Siradan;Siradan;FR;42.97;0.61222222222222
Q613137;Corbehem;Corbehem;FR;50.335555555556;3.0491666666667
Q61573;Arleux;Arleux;FR;50.280277777778;3.1063888888889
Q61712068;Neuilly-Crimolois;Neuilly-Crimolois;FR;47.279444444444;5.1075
Q61742765;Collonges-et-Premières;Collonges-et-Premières;FR;47.224722222222;5.2683333333333
Q621;Versailles;Versailles;FR;48.805;2.135
Q621065;Appilly;Appilly;FR;49.583333333333;3.1155555555556
Q622738;Farbus;Farbus;FR;50.356944444444;2.8241666666667
Q623363;Harfleur;Harfleur;FR;49.506666666667;0.19805555555556
Q623374;Vitry-le-François;Vitry-le-François;FR;48.724722222222;4.5844444444444
Q623376;Volvic;Volvic;FR;45.870277777778;3.0369444444444
Q623481;Gujan-Mestras;Gujan-Mestras;FR;44.635277777778;-1.0677777777778
Q623487;Chamalières;Chamalières;FR;45.773611111111;3.0669444444444
Q624052;Courcy;Courcy;FR;49.323333333333;4.0025
Q624148;Alleyras;Alleyras;FR;44.906388888889;3.6825
Q624274;Wittelsheim;Wittelsheim;FR;47.805277777778;7.2375
Q624330;Carignan;Carignan;FR;49.6325;5.1680555555556
Q624461;Pérols-sur-Vézère;Pérols-sur-Vézère;FR;45.586111111111;1.9797222222222
Q624890;Esquelbecq;Esquelbecq;FR;50.886944444444;2.4313888888889
Q625486;Brée;Brée;FR;48.150555555556;-0.51916666666667
Q625492;Le Pouzin;Le Pouzin;FR;44.753333333333;4.7477777777778
Q625570;Langeac;Langeac;FR;45.100277777778;3.4941666666667
Q626081;Maussac;Maussac;FR;45.472222222222;2.1430555555556
Q626116;Saint-Angel;Saint-Angel;FR;45.503611111111;2.2316666666667
Q626124;La Porcherie;La Porcherie;FR;45.580833333333;1.5441666666667
Q626156;Pierre-Buffière;Pierre-Buffière;FR;45.694722222222;1.3591666666667
Q626282;Port-la-Nouvelle;Port-la-Nouvelle;FR;43.02;3.046111111111111
Q626309;Saint-Amand-les-Eaux;Saint-Amand-les-Eaux;FR;50.448055555556;3.4269444444444
Q626382;Somain;Somain;FR;50.3575;3.2802777777778
Q627024;Virecourt;Virecourt;FR;48.462222222222;6.3197222222222
Q627200;Terrasson-Lavilledieu;Terrasson-Lavilledieu;FR;45.13;1.3013888888889
Q627217;Boé;Boé;FR;44.159722222222;0.62861111111111
Q627247;Neuves-Maisons;Neuves-Maisons;FR;48.616111111111;6.1036111111111
Q627292;Dieulouard;Dieulouard;FR;48.839722222222;6.0697222222222
Q628226;Lusignan;Lusignan;FR;46.434722222222;0.12277777777778
Q628295;Vireux-Molhain;Vireux-Molhain;FR;50.083333333333;4.7241666666667
Q62863;Brandérion;Brandérion;FR;47.793611111111;-3.1947222222222
Q629405;Rue;Rue;FR;50.272222222222;1.6677777777778
Q62958;Auray;Auray;FR;47.667777777778;-2.9825
Q629705;Thiviers;Thiviers;FR;45.4175;0.92138888888889
Q629887;Moon-sur-Elle;Moon-sur-Elle;FR;49.208888888889;-1.0444444444444
Q629890;Grisolles;Grisolles;FR;43.828055555556;1.2958333333333
Q629891;Le Plessis-Belleville;Le Plessis-Belleville;FR;49.096666666667;2.7530555555556
Q630627;Seclin;Seclin;FR;50.548333333333;3.0294444444444
Q630749;Escaudœuvres;Escaudœuvres;FR;50.192777777778;3.265
Q630849;Saint-Georges-de-Luzençon;Saint-Georges-de-Luzençon;FR;44.064444444444;2.9855555555556
Q630871;Bauvin;Bauvin;FR;50.514166666667;2.8980555555556
Q630932;Arc-et-Senans;Arc-et-Senans;FR;47.032222222222;5.7783333333333
Q631274;Couëron;Couëron;FR;47.214722222222;-1.7238888888889
Q631977;Mazamet;Mazamet;FR;43.491666666667;2.3733333333333
Q632044;Ur;Ur;FR;42.461944444444;1.9375
Q632269;Aumale;Aumale;FR;49.770833333333;1.7519444444444
Q632281;Vinay;Vinay;FR;45.21;5.4036111111111
Q632348;Bouchain;Bouchain;FR;50.284166666667;3.3169444444444
Q632428;Ballan-Miré;Ballan-Miré;FR;47.341666666667;0.61305555555556
Q632443;Châteauneuf-sur-Cher;Châteauneuf-sur-Cher;FR;46.8575;2.3163888888889
Q632452;Le Cendre;Le Cendre;FR;45.7225;3.1872222222222
Q632808;Landrecies;Landrecies;FR;50.125555555556;3.69
Q632822;Bourbourg;Bourbourg;FR;50.946388888889;2.1977777777778
Q632848;Arches;Arches;FR;48.118333333333;6.5275
Q633111;Arcy-sur-Cure;Arcy-sur-Cure;FR;47.603055555556;3.7605555555556
Q633254;Morbier;Morbier;FR;46.536944444444;6.0166666666667
Q633420;Messein;Messein;FR;48.611666666667;6.1386111111111
Q633628;Contrexéville;Contrexéville;FR;48.184444444444;5.8955555555556
Q633653;Najac;Najac;FR;44.22;1.9791666666667
Q633861;Betton;Betton;FR;48.1825;-1.6438888888889
Q633884;Longueil-Sainte-Marie;Longueil-Sainte-Marie;FR;49.356666666667;2.7177777777778
Q633990;Ranchot;Ranchot;FR;47.150277777778;5.7225
Q634086;Le Buisson-de-Cadouin;Le Buisson-de-Cadouin;FR;44.845277777778;0.90972222222222
Q634124;Luxeuil-les-Bains;Luxeuil-les-Bains;FR;47.816111111111;6.3808333333333
Q635163;Igney;Igney;FR;48.633888888889;6.8138888888889
Q635223;Sierentz;Sierentz;FR;47.655555555556;7.4558333333333
Q635301;Wihr-au-Val;Wihr-au-Val;FR;48.053333333333;7.2055555555556
Q635411;Walheim;Walheim;FR;47.641944444444;7.2663888888889
Q635442;Staffelfelden;Staffelfelden;FR;47.826666666667;7.2530555555556
Q636054;Lurbe-Saint-Christau;Lurbe-Saint-Christau;FR;43.113888888889;-0.60722222222222
Q636250;Saint-Quentin-Fallavier;Saint Quentin-Fallavier;FR;45.632222222222;5.1105555555556
Q636558;Thenissey;Thenissey;FR;47.495833333333;4.6238888888889
Q636592;Balbigny;Balbigny;FR;45.818055555556;4.1872222222222
Q636699;Champagné;Champagné;FR;48.022777777778;0.33277777777778
Q636734;Les Arcs;Les Arcs;FR;43.463333333333;6.4788888888889
Q636753;Boucoiran-et-Nozières;Boucoiran-et-Nozières;FR;43.995277777778;4.1855555555556
Q636893;La Crau;La Crau;FR;43.149722222222;6.0741666666667
Q637241;Vern-sur-Seiche;Vern-sur-Seiche;FR;48.044722222222;-1.6002777777778
Q637366;Tenay;Tenay;FR;45.92;5.5083333333333
Q637499;Carmaux;Carmaux;FR;44.049166666667;2.1580555555556
Q637656;Verneuil-sur-Serre;Verneuil-sur-Serre;FR;49.650833333333;3.6736111111111
Q637947;Saint-Romain-de-Popey;Saint-Romain-de-Popey;FR;45.847222222222;4.5311111111111
Q6381;Sarlat-la-Canéda;Sarlat-la-Canéda;FR;44.89;1.2166666666667
Q638239;Pradelles;Pradelles;FR;44.769444444444;3.8822222222222
Q638573;Pérenchies;Pérenchies;FR;50.668055555556;2.9725
Q638643;La Jarrie;La Jarrie;FR;46.128611111111;-1.0097222222222
Q638668;Montlouis-sur-Loire;Montlouis-sur-Loire;FR;47.388333333333;0.82722222222222
Q638680;Saint-Maixent-l'École;Saint-Maixent-l'École;FR;46.412777777778;-0.20805555555556
Q638782;La Meilleraie-Tillay;La Meilleraie-Tillay;FR;46.741111111111;-0.84638888888889
Q638992;Onet-le-Château;Onet-le-Château;FR;44.365555555556;2.5936111111111
Q63922;Vernier;Vernier;CH;46.2;6.1
Q6393;Brive-la-Gaillarde;Brive-la-Gaillarde;FR;45.158888888889;1.5330555555556
Q639618;Cordemais;Cordemais;FR;47.290277777778;-1.8788888888889
Q6397;Avignon;Avignon;FR;43.948611111111;4.8083333333333
Q639784;Jarny;Jarny;FR;49.158888888889;5.8772222222222
Q63979;Versoix;Versoix;CH;46.283333333333;6.1666666666667
Q64;Berlin;Berlin;DE;52.516666666667;13.383333333333
Q640042;Flers-en-Escrebieux;Flers-en-Escrebieux;FR;50.397777777778;3.0625
Q64027;Nyon;Nyon;CH;46.38196166666667;6.23888
Q64065;Lancy;Lancy;CH;46.18969;6.11578
Q640681;Sénas;Sénas;FR;43.744444444444;5.0786111111111
Q640723;Squiffiec;Squiffiec;FR;48.627222222222;-3.1541666666667
Q640736;Le Rove;Le Rove;FR;43.369166666667;5.2502777777778
Q640794;Noyen-sur-Sarthe;Noyen-sur-Sarthe;FR;47.873055555556;-0.098888888888889
Q640829;Saint-Chamas;Saint-Chamas;FR;43.550277777778;5.0347222222222
Q64093;Le Locle;Le Locle;CH;47.05317;6.74816
Q640934;Simiane-Collongue;Simiane-Collongue;FR;43.431111111111;5.4325
Q643463;Schweighofen;Schweighofen;DE;49.040833333333;7.9958333333333
Q644025;Corbigny;Corbigny;FR;47.256666666667;3.6836111111111
Q6441;Montpellier;Montpellier;FR;43.610919444444;3.8772305555556
Q644728;Argelès-sur-Mer;Argelès-sur-Mer;FR;42.546111111111;3.0238888888889
Q644807;Boëssé-le-Sec;Boëssé-le-Sec;FR;48.135;0.56388888888889
Q6454;Calais;Calais;FR;50.9475;1.8555555555556
Q646454;Lathus-Saint-Rémy;Lathus-Saint-Rémy;FR;46.333611111111;0.95861111111111
Q646609;Dourdan;Dourdan;FR;48.528888888889;2.0108333333333
Q647;Rennes;Rennes;FR;48.114166666667;-1.6808333333333
Q648;Lille;Lille;FR;50.631944444444;3.0575
Q648105;Montbeugny;Montbeugny;FR;46.528888888889;3.4888888888889
Q648547;Bagiry;Bagiry;FR;42.977777777778;0.62583333333333
Q649169;Lumes;Lumes;FR;49.735277777778;4.7838888888889
Q650520;Port-Saint-Père;Port-Saint-Père;FR;47.133055555556;-1.7483333333333
Q651369;Boves;Boves;FR;49.845555555556;2.3908333333333
Q652312;Arengosse;Arengosse;FR;44.002222222222;-0.78611111111111
Q653559;Maintenon;Maintenon;FR;48.5865;1.57712
Q653766;Pagny-sur-Meuse;Pagny-sur-Meuse;FR;48.6875;5.7175
Q654122;Kirrweiler;Kirrweiler;DE;49.303888888889;8.1638888888889
Q654146;Winden;Winden;DE;49.099444444444;8.1138888888889
Q654153;Cluses;Cluses;FR;46.060277777778;6.5786111111111
Q654255;Paray-le-Monial;Paray-le-Monial;FR;46.451111111111;4.1194444444444
Q654273;Lentilly;Lentilly;FR;45.818611111111;4.6630555555556
Q6544;Libourne;Libourne;FR;44.915277777778;-0.24388888888889
Q654663;Labouheyre;Labouheyre;FR;44.2125;-0.91916666666667
Q6548;Orléans;Orléans;FR;47.902222222222;1.9041666666667
Q654918;L'Hermitage;L'Hermitage;FR;48.125833333333;-1.8158333333333
Q655066;Vèbre;Vèbre;FR;42.775555555556;1.7219444444444
Q655496;Allenc;Allenc;FR;44.541111111111;3.6611111111111
Q6555;Narbonne;Narbonne;FR;43.184722222222;3.0036111111111
Q655680;Cevins;Cevins;FR;45.591388888889;6.4563888888889
Q656436;Avenay-Val-d'Or;Avenay-Val-d'Or;FR;49.069166666667;4.0458333333333
Q656483;Pornichet;Pornichet;FR;47.265833333333;-2.34
Q656494;Saint-Cyr-sur-Loire;Saint-Cyr-sur-Loire;FR;47.402777777778;0.67805555555556
Q657628;Urçay;Urçay;FR;46.624722222222;2.5891666666667
Q657841;Laveissière;Laveissière;FR;45.116111111111;2.8061111111111
Q6582;Carcassonne;Carcassonne;FR;43.215833333333;2.3513888888889
Q658713;Breuil-sur-Vesle;Breuil-sur-Vesle;FR;49.310555555556;3.7666666666667
Q658776;Meung-sur-Loire;Meung-sur-Loire;FR;47.828611111111;1.6983333333333
Q6588;Périgueux;Périgueux;FR;45.184166666667;0.71805555555556
Q659298;Rive-de-Gier;Rive-de-Gier;FR;45.529444444444;4.6169444444444
Q6593;Vannes;Vannes;FR;47.655;-2.7616666666667
Q659335;Saint-Cyr-sur-Mer;Saint-Cyr-sur-Mer;FR;43.183611111111;5.7086111111111
Q659931;Longuyon;Longuyon;FR;49.446944444444;5.6005555555556
Q659969;Mirecourt;Mirecourt;FR;48.298611111111;6.1302777777778
Q660002;Briouze;Briouze;FR;48.698888888889;-0.36694444444444
Q660118;Beaumont-de-Lomagne;Beaumont-de-Lomagne;FR;43.883055555556;0.98833333333333
Q6602;Strasbourg;Strasbourg;FR;48.573333333333;7.7522222222222
Q660415;Steinfeld;Steinfeld;DE;49.050277777778;8.0380555555556
Q660487;La Guierche;La Guierche;FR;48.114166666667;0.19444444444444
Q660899;Busigny;Busigny;FR;50.033611111111;3.4672222222222
Q660904;Bonnevaux;Bonnevaux;FR;46.808333333333;6.1852777777778
Q6616;Poitiers;Poitiers;FR;46.581111111111;0.33527777777778
Q661710;Noirétable;Noirétable;FR;45.817222222222;3.765
Q662265;Janzé;Janzé;FR;47.960555555556;-1.4991666666667
Q662289;Mérens-les-Vals;Mérens-les-Vals;FR;42.658055555555556;1.836111111111111
Q662337;Toury;Toury;FR;48.194166666667;1.9355555555556
Q6625;Agen;Agen;FR;44.203055555556;0.61861111111111
Q662505;Perl;Perl;DE;49.47361111111111;6.385
Q662596;Neuvy-Pailloux;Neuvy-Pailloux;FR;46.886111111111;1.8602777777778
Q662658;Serquigny;Serquigny;FR;49.109722222222;0.71222222222222
Q663387;Aubiat;Aubiat;FR;45.977777777778;3.1675
Q663915;Maurs;Maurs;FR;44.710555555556;2.1980555555556
Q663950;Sougy-sur-Loire;Sougy-sur-Loire;FR;46.856388888889;3.3905555555556
Q663951;Bezannes;Bezannes;FR;49.223333333333;3.9886111111111
Q664678;Le Cellier;Le Cellier;FR;47.319444444444;-1.3463888888889
Q664928;Peyrehorade;Peyrehorade;FR;43.545;-1.1
Q664934;Raismes;Raismes;FR;50.389166666667;3.4858333333333
Q665107;Santes;Santes;FR;50.593333333333;2.9622222222222
Q665414;Landas;Landas;FR;50.473611111111;3.3013888888889
Q665525;Montigny-en-Ostrevent;Montigny-en-Ostrevent;FR;50.366666666667;3.1869444444444
Q665667;Bréauté;Bréauté;FR;49.628888888889;0.39944444444444
Q665680;Briollay;Briollay;FR;47.564166666667;-0.50833333333333
Q665760;Bologne;Bologne;FR;48.201944444444;5.1408333333333
Q666335;Erquelinnes;Erquelinnes;BE;50.3101002;4.1218718
Q666532;Le Pont-Chrétien-Chabenet;Le Pont-Chrétien-Chabenet;FR;46.628888888889;1.4802777777778
Q6667;Cerbère;Cerbère;FR;42.443333333333;3.1647222222222
Q666779;Masseret;Masseret;FR;45.545555555556;1.5205555555556
Q666806;Lacelle;Lacelle;FR;45.641111111111;1.8258333333333
Q666979;Frontenex;Frontenex;FR;45.636666666667;6.3088888888889
Q667867;Saint-André-de-Cubzac;Saint-André-de-Cubzac;FR;44.994722222222;-0.44583333333333
Q667936;Lobbes;Lobbes;BE;50.3460194;4.2654874
Q668139;Merbes-le-Château;Merbes-le-Château;BE;50.3234035;4.1644816
Q668253;Saint-Priest-de-Gimel;Saint-Priest-de-Gimel;FR;45.316666666667;1.8888888888889
Q668437;Montigny-le-Tilleul;Montigny-le-Tilleul;BE;50.38;4.38
Q668466;Pont-Remy;Pont-Remy;FR;50.053611111111;1.9027777777778
Q668688;Lamothe-Landerron;Lamothe-Landerron;FR;44.558333333333;0.060833333333333
Q669186;Thuin;Thuin;BE;50.3397445;4.2870475
Q669309;Chambly;Chambly;FR;49.166666666667;2.2480555555556
Q669333;Thourotte;Thourotte;FR;49.478611111111;2.8836111111111
Q669398;Vic-la-Gardiole;Vic-la-Gardiole;FR;43.489722222222;3.7966666666667
Q669774;Le Clerjus;Le Clerjus;FR;47.959444444444;6.3213888888889
Q669881;Tendu;Tendu;FR;46.644166666667;1.5580555555556
Q670001;Les Salelles;Les Salelles;FR;44.481388888889;3.2794444444444
Q670048;Tarascon-sur-Ariège;Tarascon-sur-Ariège;FR;42.8475;1.6061111111111
Q670129;La Couronne;La Couronne;FR;45.6075;0.1
Q670313;Entraigues-sur-la-Sorgue;Antraigues-sur-Volane;FR;44.003055555556;4.9266666666667
Q671046;Avignonet-Lauragais;Avignonet-Lauragais;FR;43.365833333333;1.7888888888889
Q671059;Villefranche-de-Lauragais;Villefranche-de-Lauragais;FR;43.399722222222;1.7180555555556
Q671169;Cinq-Mars-la-Pile;Cinq-Mars-la-Pile;FR;47.3475;0.46166666666667
Q671281;Montaut;Montaut;FR;43.13;-0.20027777777778
Q672549;Cantin;Cantin;FR;50.309166666667;3.1258333333333
Q672621;Anvin;Anvin;FR;50.446388888889;2.2552777777778
Q672766;Guéthary;Guéthary;FR;43.42411111111111;-1.6086388888888887
Q6730;Perpignan;Perpignan;FR;42.6975;2.8947222222222
Q673090;Marœuil;Marœuil;FR;50.323888888889;2.7055555555556
Q673204;Ajain;Ajain;FR;46.2075;1.9986111111111
Q673409;Louvroil;Louvroil;FR;50.265;3.96
Q673671;Sévérac;Sévérac;FR;47.55;-2.0766666666667
Q674700;Champtocé-sur-Loire;Champtocé-sur-Loire;FR;47.411944444444;-0.86333333333333
Q674821;Brienon-sur-Armançon;Brienon-sur-Armançon;FR;47.992777777778;3.6163888888889
Q6753;Banyuls-sur-Mer;Banyuls-sur-Mer;FR;42.482222222222;3.1275
Q675925;Port-de-Bouc;Port-de-Bouc;FR;43.405;4.9886111111111
Q675965;Rognac;Rognac;FR;43.487777777778;5.2322222222222
Q675980;Lamanon;Lamanon;FR;43.701944444444;5.0863888888889
Q675992;Meyrargues;Meyrargues;FR;43.635555555556;5.5283333333333
Q676305;Delle;Delle;FR;47.506944444444;6.9980555555556
Q676695;Longueville-sur-Scie;Longueville-sur-Scie;FR;49.792222222222;1.1094444444444
Q676966;Raon-l'Étape;Raon-l'Étape;FR;48.405833333333;6.8411111111111
Q676996;Monistrol-d'Allier;Monistrol-d'Allier;FR;44.968333333333;3.6436111111111
Q677163;Villers-Bretonneux;Villers-Bretonneux;FR;49.866944444444;2.52
Q679850;Chatonrupt-Sommermont;Chatonrupt-Sommermont;FR;48.487777777778;5.125
Q680351;Parempuyre;Parempuyre;FR;44.949166666667;-0.605
Q680403;Nierstein;Nierstein;DE;49.869444444444;8.3375
Q681063;Berg (Pfalz);Berg (Pfalz);DE;48.983055555556;8.1997222222222
Q681095;Rohrbach;Rohrbach, Palatinate;DE;49.139166666667;8.1325
Q681237;Luzy;Luzy;FR;46.789444444444;3.97
Q68124;La Chaux-de-Fonds;La Chaux-de-Fonds;CH;47.099627777778;6.8295583333333
Q681259;Chouzé-sur-Loire;Chouzé-sur-Loire;FR;47.236388888889;0.12694444444444
Q681308;Fréteval;Fréteval;FR;47.888055555556;1.2097222222222
Q681457;Chagny;Chagny;FR;46.910555555556;4.7533333333333
Q681563;Wasquehal;Wasquehal;FR;50.668611111111;3.13
Q68160;Vevey;Vevey;CH;46.466666666667;6.85
Q681620;Villeneuve-lès-Maguelone;Villeneuve-lès-Maguelone;FR;43.532222222222;3.8608333333333
Q681803;Nieppe;Nieppe;FR;50.703055555556;2.8388888888889
Q681819;La Chapelle-sur-Erdre;La Chapelle-sur-Erdre;FR;47.298888888889;-1.5527777777778
Q68230;Meyrin;Meyrin;CH;46.23222;6.07911
Q683037;Tarare;Tarare;FR;45.896111111111;4.4330555555556
Q683474;Itxassou;Itxassou;FR;43.329444444444;-1.4055555555556
Q684013;Sainte-Eanne;Sainte-Eanne;FR;46.398888888889;-0.13611111111111
Q684302;Tantonville;Tantonville;FR;48.469166666667;6.1388888888889
Q684476;Perrignier;Perrignier;FR;46.304166666667;6.4427777777778
Q68587;Vallorbe;Vallorbe;CH;46.716666666667;6.3833333333333
Q686031;Veauche;Veauche;FR;45.561944444444;4.2780555555556
Q686097;Saint-Georges-de-Commiers;Saint-Georges-de-Commiers;FR;45.038055555556;5.7036111111111
Q686385;Vatry;Vatry;FR;48.821944444444;4.245
Q6864;Ruminghem;Ruminghem;FR;50.859444444444;2.1577777777778
Q686452;Gourdan-Polignan;Gourdan-Polignan;FR;43.077777777778;0.57722222222222
Q686591;Le Thor;Le Thor;FR;43.929166666667;4.9944444444444
Q687797;Lisle-sur-Tarn;Lisle-sur-Tarn;FR;43.853611111111;1.8111111111111
Q688010;Praz-sur-Arly;Praz-sur-Arly;FR;45.837222222222;6.57
Q688046;Avord;Avord;FR;47.033055555556;2.6533333333333
Q688110;Le Cannet-des-Maures;Le Cannet-des-Maures;FR;43.391666666667;6.3408333333333
Q688404;Saint-André-les-Vergers;Saint-André-les-Vergers;FR;48.279722222222;4.0538888888889
Q688457;Le Pont-de-Claix;Le Pont-de-Claix;FR;45.123055555556;5.6980555555556
Q68877;Finhaut;Finhaut;CH;46.083;6.9767
Q68912;Salvan;Salvan;CH;46.116666666667;7.0166666666667
Q689461;Ille-sur-Têt;Ille-sur-Têt;FR;42.670555555556;2.6205555555556
Q689466;Rivesaltes;Rivesaltes;FR;42.768888888889;2.8738888888889
Q689528;Montastruc-la-Conseillère;Montastruc-la-Conseillère;FR;43.7175;1.5902777777778
Q68956;Martigny;Martigny;CH;46.1;7.07277777778
Q68974;Dommartin;Dommartin;FR;49.800833333333;2.3911111111111
Q68985;Dreuil-lès-Amiens;Dreuil-lès-Amiens;FR;49.915277777778;2.2294444444444
Q69035;Chêne-Bourg;Chêne-Bourg;CH;46.19737;6.19704
Q6905;Frankenthal;Frankenthal;DE;49.53333333333333;8.35
Q690788;Bretoncelles;Bretoncelles;FR;48.431666666667;0.8875
Q690794;Iteuil;Iteuil;FR;46.488611111111;0.31166666666667
Q691124;Heilly;Heilly;FR;49.953888888889;2.5369444444444
Q691278;Yvetot;Yvetot;FR;49.616944444444;0.75305555555556
Q691357;Grandvilliers;Grandvilliers;FR;49.666111111111;1.9405555555556
Q692776;Capdenac-Gare;Capdenac-Gare;FR;44.571666666667;2.0808333333333
Q692901;La Fresnais;La Fresnais;FR;48.595555555556;-1.8433333333333
Q69300;Gland;Gland;CH;46.416666666667;6.2666666666667
Q693048;Donges;Donges;FR;47.323055555556;-2.0761111111111
Q69312;Tannay;Tannay;CH;46.3;6.1833333333333
Q69329;Mies;Mies;CH;46.3;6.1666666666667
Q69345;Neuchâtel;Neuchâtel;CH;46.990277777778;6.9305555555556
Q69354;Montreux;Montreux;CH;46.435;6.9125
Q693973;Saverdun;Saverdun;FR;43.234444444444;1.5744444444444
Q693996;Montbazon;Montbazon;FR;47.287222222222;0.71361111111111
Q69401;Morges;Morges;CH;46.509447222222;6.4986111111111
Q694344;Grandvillars;Grandvillars;FR;47.538888888889;6.9730555555556
Q69451;Satigny;Satigny;CH;46.21406;6.03683
Q69471;Dardagny;Dardagny;CH;46.1952;5.9946
Q694800;Ugine;Ugine;FR;45.752777777778;6.4197222222222
Q694905;Fourchambault;Fourchambault;FR;47.018611111111;3.0847222222222
Q694955;Marseillan;Marseillan;FR;43.356388888889;3.5277777777778
Q69545;Saint-Maurice;Saint-Maurice;CH;46.219;7.0047
Q69555;Gestel;Gestel;FR;47.803333333333;-3.4441666666667
Q69570;Rolle;Rolle;CH;46.45755;6.33167
Q6960;Pagny-le-Château;Pagny-le-Château;FR;47.047222222222;5.1963888888889
Q696746;Carnoules;Carnoules;FR;43.301944444444;6.1886111111111
Q696996;Lesquin;Lesquin;FR;50.589722222222;3.1111111111111
Q69714;Grand-Saconnex;Le Grand-Saconnex;CH;46.233333333333;6.1166666666667
Q69745;Renens;Renens;CH;46.53528;6.58971
Q69822;Pregny-Chambésy;Pregny-Chambésy;CH;46.242138888889;6.1434722222222
Q69826;Russin;Russin;CH;46.19387;6.01397
Q69836;Bellevue;Bellevue;CH;46.25;6.15
Q69972;Villeneuve;Villeneuve;CH;46.396388888888886;6.925
Q70;Berne;Bern;CH;46.94798;7.44743
Q7003;Dijon;Dijon;FR;47.323055555556;5.0419444444444
Q7038;Gérone;Girona;ES;41.983333333333;2.8166666666667
Q7039;Lahr/Schwarzwald;Lahr/Schwarzwald;DE;48.339166666667;7.8722222222222
Q7052;Landau in der Pfalz;Landau in der Pfalz;DE;49.199444444444;8.1230555555556
Q70526;Val-de-Travers;Val-de-Travers;CH;46.9;6.6
Q706912;Artenay;Artenay;FR;48.082222222222;1.8783333333333
Q70751;Malansac;Malansac;FR;47.677777777778;-2.2947222222222
Q71;Genève;Geneva;CH;46.2;6.15
Q71048;Landaul;Landaul;FR;47.7483;-3.0761
Q71469;Corbie;Corbie;FR;49.908888888889;2.5072222222222
Q7148;Challans;Challans;FR;46.845833333333;-1.8791666666667
Q71503;Hennebont;Hennebont;FR;47.804166666667;-3.2788888888889
Q71573;Landévant;Landévant;FR;47.764722222222;-3.1216666666667
Q7165;Portbou;Portbou;ES;42.426666666667;3.1594444444444
Q717130;Gironde-sur-Dropt;Gironde-sur-Dropt;FR;44.583611111111;-0.089444444444444
Q71724;Lorient;Lorient;FR;47.745833333333;-3.3663888888889
Q717530;Gauriaguet;Gauriaguet;FR;45.039166666667;-0.39222222222222
Q72;Zurich;Zurich;CH;47.37444444444444;8.54111111111111
Q720522;Saint-Chély-d'Apcher;Saint-Chély-d'Apcher;FR;44.803055555556;3.2758333333333
Q720555;Saint-Denis-de-Pile;Saint-Denis-de-Pile;FR;44.991666666667;-0.20611111111111
Q72220;Angoulins;Angoulins;FR;46.104166666667;-1.11
Q722250;Chadenet;Chadenet;FR;44.519722222222;3.6341666666667
Q72234;Châtelaillon-Plage;Châtelaillon-Plage;FR;46.073055555556;-1.0880555555556
Q72240;Aytré;Aytré;FR;46.134166666667;-1.1144444444444
Q722611;Pouru-Saint-Remy;Pouru-Saint-Remy;FR;49.679166666667;5.0836111111111
Q726680;Souillac;Souillac;FR;44.897777777778;1.4741666666667
Q727297;Romilly-sur-Seine;Romilly-sur-Seine;FR;48.515833333333;3.7266666666667
Q727728;Cousance;Cousance;FR;46.531944444444;5.3905555555556
Q728517;Saint-André-lez-Lille;Saint-André-lez-Lille;FR;50.660277777778;3.0438888888889
Q728571;Praye;Praye;FR;48.434444444444;6.1063888888889
Q730659;Ruffec;Ruffec;FR;46.028611111111;0.19916666666667
Q731210;La Chapelle-sous-Dun;La Chapelle-sous-Dun;FR;46.26;4.2930555555556
Q731594;Arnage;Arnage;FR;47.926111111111;0.18777777777778
Q731685;La Bridoire;La Bridoire;FR;45.526111111111;5.7425
Q732674;Vélines;Vélines;FR;44.858888888889;0.10861111111111
Q732703;Villefranche-sur-Cher;Villefranche-sur-Cher;FR;47.293333333333;1.77
Q732788;Martel;Martel;FR;44.936944444444;1.6088888888889
Q732823;Mer;Mer;FR;47.698611111111;1.5077777777778
Q732854;Cournon-d'Auvergne;Cournon-d'Auvergne;FR;45.741111111111;3.1963888888889
Q733184;Vézelise;Vézelise;FR;48.486944444444;6.0877777777778
Q733301;Saint-Vincent-de-Tyrosse;Saint-Vincent-de-Tyrosse;FR;43.661111111111;-1.3041666666667
Q733784;Baume-les-Dames;Baume-les-Dames;FR;47.352222222222;6.36
Q733833;Pibrac;Pibrac;FR;43.616944444444;1.2847222222222
Q734040;Boisset;Boisset;FR;44.7825;2.2536111111111
Q734194;Châtel-Censoir;Châtel-Censoir;FR;47.531666666667;3.6338888888889
Q735362;Les Houches;Les Houches;FR;45.89;6.7986111111111
Q735931;L'Isle-Jourdain;L'Isle-Jourdain;FR;43.613611111111;1.0808333333333
Q736117;Baziège;Baziège;FR;43.454444444444;1.615
Q736202;Sainte-Eulalie;Sainte-Eulalie;FR;44.908889;-0.471944
Q737130;Saint-Mars-la-Brière;Saint-Mars-la-Brière;FR;48.029166666667;0.37277777777778
Q737400;Noizay;Noizay;FR;47.421388888889;0.89166666666667
Q737461;Notre-Dame-d'Oé;Notre-Dame-d'Oé;FR;47.457777777778;0.70805555555556
Q738150;Saint-Pierre-d'Albigny;Saint-Pierre-d'Albigny;FR;45.569722222222;6.1552777777778
Q740154;Cheniménil;Cheniménil;FR;48.138333333333;6.6041666666667
Q740219;Fours;Fours;FR;46.817222222222;3.7194444444444
Q740607;Bayard-sur-Marne;Bayard-sur-Marne;FR;48.554166666667;5.0766666666667
Q741188;Bons-en-Chablais;Bons-en-Chablais;FR;46.264444444444;6.3702777777778
Q741626;Pons;Pons;FR;45.580277777778;-0.54805555555556
Q742451;Port-Brillet;Port-Brillet;FR;48.112222222222;-0.97166666666667
Q74308;Montdidier;Montdidier;FR;49.648055555556;2.57
Q744058;Objat;Objat;FR;45.263055555556;1.4083333333333
Q744639;Renescure;Renescure;FR;50.730555555556;2.3711111111111
Q745001;Chabreloche;Chabreloche;FR;45.878888888889;3.6966666666667
Q745616;Phalempin;Phalempin;FR;50.516944444444;3.0163888888889
Q746221;Bidarray;Bidarray;FR;43.266666666667;-1.345
Q747513;Sainte-Bazeille;Sainte-Bazeille;FR;44.530277777778;0.094166666666667
Q747774;Mauves-sur-Loire;Mauves-sur-Loire;FR;47.296111111111;-1.3933333333333
Q747830;Pavilly;Pavilly;FR;49.568333333333;0.95361111111111
Q748026;Miniac-Morvan;Miniac-Morvan;FR;48.514722222222;-1.9
Q748682;Menars;Menars;FR;47.6425;1.4086111111111
Q748742;Savonnières;Savonnières;FR;47.347777777778;0.54833333333333
Q748806;Beuvrages;Beuvrages;FR;50.385833333333;3.5055555555556
Q748919;Feuquières;Feuquières;FR;49.646666666667;1.8466666666667
Q749059;La Loubière;La Loubière;FR;44.405555555556;2.6302777777778
Q749356;Malbuisson;Malbuisson;FR;46.798055555556;6.3033333333333
Q749819;Gorges;Gorges;FR;47.101666666667;-1.3038888888889
Q749860;La Ferté-Bernard;La Ferté-Bernard;FR;48.186666666667;0.65444444444444
Q75014;Gallargues-le-Montueux;Gallargues-le-Montueux;FR;43.721111111111;4.1727777777778
Q750425;Saint-Amour;Saint-Amour;FR;46.435555555556;5.3430555555556
Q750500;Longroy;Longroy;FR;49.988888888889;1.5366666666667
Q750544;Montérolier;Montérolier;FR;49.629166666667;1.3461111111111
Q750549;Chevillon;Chevillon;FR;48.528611111111;5.1313888888889
Q750676;Milly-sur-Thérain;Milly-sur-Thérain;FR;49.5025;1.9952777777778
Q750709;Marigny;Marigny;FR;46.1975;-0.41777777777778
Q750710;Chauffailles;Chauffailles;FR;46.206388888889;4.34
Q751295;Verrières;Verrières;FR;44.201388888889;3.0580555555556
Q751390;Rieux;Rieux;FR;49.299722222222;2.5186111111111
Q751793;Serqueux;Serqueux;FR;49.631666666667;1.5380555555556
Q752117;Ria-Sirach;Ria-Sirach;FR;42.608333333333;2.3997222222222
Q752255;Juvisy-sur-Orge;Juvisy-sur-Orge;FR;48.688333333333;2.3775
Q752260;Olette;Olette;FR;42.555277777778;2.2697222222222
Q752263;Enveitg;Enveitg;FR;42.46;1.9147222222222
Q752390;Pornic;Pornic;FR;47.115555555556;-2.1033333333333
Q752405;Nomain;Nomain;FR;50.498888888889;3.2502777777778
Q752466;Voreppe;Voreppe;FR;45.297777777778;5.6369444444444
Q752476;Colombier-Saugnieu;Colombier-Saugnieu;FR;45.711388888889;5.1122222222222
Q752827;Hymont;Hymont;FR;48.265833333333;6.1416666666667
Q752885;Oissel-sur-Seine;Oissel-sur-Seine;FR;49.341944444444;1.0913888888889
Q752901;Pruniers-en-Sologne;Pruniers-en-Sologne;FR;47.322777777778;1.6711111111111
Q752938;Pont-sur-Yonne;Pont-sur-Yonne;FR;48.285833333333;3.2030555555556
Q753062;Montendre;Montendre;FR;45.284722222222;-0.4075
Q753258;Nomexy;Nomexy;FR;48.306388888889;6.385
Q753302;Igney;Igney;FR;48.274722222222;6.3955555555556
Q753358;Naintré;Naintré;FR;46.763611111111;0.48638888888889
Q753495;Nanteuil-le-Haudouin;Nanteuil-le-Haudouin;FR;49.141666666667;2.8105555555556
Q753750;Oudon;Oudon;FR;47.346388888889;-1.2869444444444
Q753846;Septèmes-les-Vallons;Septèmes-les-Vallons;FR;43.398333333333;5.3658333333333
Q760624;Mantes-la-Ville;Mantes-la-Ville;FR;48.974166666667;1.7108333333333
Q763901;Templemars;Templemars;FR;50.574166666667;3.0544444444444
Q764460;Bouaye;Bouaye;FR;47.143611111111;-1.6888888888889
Q766139;Pamproux;Pamproux;FR;46.395833333333;-0.055555555555556
Q766537;Saint-Victurnien;Saint-Victurnien;FR;45.877777777778;1.0133333333333
Q767478;Sainte-Christie;Sainte-Christie;FR;43.755;0.63305555555556
Q768094;Vaux-et-Chantegrue;Vaux-et-Chantegrue;FR;46.810833333333;6.2497222222222
Q768367;Thiennes;Thiennes;FR;50.651666666667;2.4669444444444
Q769160;Grande-Synthe;Grande-Synthe;FR;51.013055555556;2.3022222222222
Q771753;Baisieux;Baisieux;FR;50.615277777778;3.2408333333333
Q772803;Billy-Montigny;Billy-Montigny;FR;50.418055555556;2.9119444444444
Q774666;Saint-Armel;Saint-Armel;FR;48.011666666667;-1.5905555555556
Q775014;Groisy;Groisy;FR;46.018333333333;6.1713888888889
Q775445;Aulnat;Aulnat;FR;45.799166666667;3.1675
Q776135;Montbizot;Montbizot;FR;48.147222222222;0.1825
Q776642;Käerjeng;Käerjeng;LU;49.583611111111;5.9
Q776983;Vif;Vif;FR;45.055277777778;5.67
Q777557;Simandre-sur-Suran;Simandre-sur-Suran;FR;46.225277777778;5.4169444444444
Q777847;Lépin-le-Lac;Lépin-le-Lac;FR;45.535277777778;5.7944444444444
Q778437;Pineuilh;Pineuilh;FR;44.831111111111;0.2275
Q778656;Vergigny;Vergigny;FR;47.970277777778;3.7191666666667
Q779926;Avesnelles;Avesnelles;FR;50.1175;3.9430555555556
Q779944;Noyers-Pont-Maugis;Noyers-Pont-Maugis;FR;49.662222222222;4.9372222222222
Q78;Bâle;Basel;CH;47.560555555556;7.5905555555556
Q781372;Soulosse-sous-Saint-Élophe;Soulosse-sous-Saint-Élophe;FR;48.409166666667;5.7391666666667
Q782469;Luc-en-Diois;Luc-en-Diois;FR;44.615;5.4527777777778
Q7880;Toulouse;Toulouse;FR;43.60444444444445;1.4433333333333334
Q788925;Noyant-de-Touraine;Noyant-de-Touraine;FR;47.109444444444;0.55916666666667
Q789353;Autreville;Autreville;FR;48.484166666667;5.8488888888889
Q791323;Avoudrey;Avoudrey;FR;47.136388888889;6.4355555555556
Q795923;Thézy-Glimont;Thézy-Glimont;FR;49.812777777778;2.4302777777778
Q79815;Mulhouse;Mulhouse;FR;47.748611111111;7.3391666666667
Q80584;Saint-Jodard;Saint-Jodard;FR;45.880555555556;4.1322222222222
Q807;Lausanne;Lausanne;CH;46.533333333333;6.6333333333333
Q809761;Ytrac;Ytrac;FR;44.911944444444;2.3625
Q81046;Charleroi;Charleroi;BE;50.416666666667;4.4441666666667
Q815683;Vias;Vias;FR;43.312777777778;3.4186111111111
Q815764;Saint-Martin-de-Crau;Saint-Martin-de-Crau;FR;43.639722222222;4.8125
Q816026;La Marche;La Marche;FR;47.140555555556;3.0338888888889
Q816114;Puget-Ville;Puget-Ville;FR;43.289444444444;6.1361111111111
Q816227;Méru;Méru;FR;49.235833333333;2.135
Q816233;Savenay;Savenay;FR;47.361111111111;-1.9419444444444
Q816511;Sampigny;Sampigny;FR;48.825;5.5113888888889
Q816662;Danjoutin;Danjoutin;FR;47.617777777778;6.8638888888889
Q816906;Saint-Martory;Saint-Martory;FR;43.142777777778;0.92944444444444
Q817018;Champagney;Champagney;FR;47.705833333333;6.6822222222222
Q817418;Joinville;Joinville;FR;48.4425;5.1380555555556
Q817597;Solliès-Pont;Solliès-Pont;FR;43.19;6.0411111111111
Q817685;Charbonnières-les-Bains;Charbonnières-les-Bains;FR;45.780555555556;4.7463888888889
Q817843;Donzère;Donzère;FR;44.443611111111;4.71
Q818032;Moûtiers;Moûtiers;FR;45.485;6.5338888888889
Q818036;La Chambre;La Chambre;FR;45.359444444444;6.3
Q818058;Pignans;Pignans;FR;43.300555555556;6.2266666666667
Q818116;Pontchâteau;Pontchâteau;FR;47.436944444444;-2.0877777777778
Q818255;Montataire;Montataire;FR;49.255555555556;2.4383333333333
Q818300;Saint-Aubin-lès-Elbeuf;Saint-Aubin-lès-Elbeuf;FR;49.300277777778;1.0111111111111
Q818355;Hangest-sur-Somme;Hangest-sur-Somme;FR;49.980833333333;2.0652777777778
Q818443;Briare;Briare;FR;47.638055555556;2.7391666666667
Q818702;Saint-Gilles-Croix-de-Vie;Saint-Gilles-Croix-de-Vie;FR;46.6975;-1.9444444444444
Q818800;Nort-sur-Erdre;Nort-sur-Erdre;FR;47.439444444444;-1.4983333333333
Q818913;Sées;Sées;FR;48.604722222222;0.17138888888889
Q819082;Vions;Vions;FR;45.824444444444;5.8069444444444
Q81909;Royan;Royan;FR;45.623055555556;-1.0430555555556
Q819507;Cheilly-lès-Maranges;Cheilly-lès-Maranges;FR;46.895555555556;4.6708333333333
Q819905;Grésy-sur-Aix;Grésy-sur-Aix;FR;45.723055555556;5.9338888888889
Q81997;Boulogne-sur-Mer;Boulogne-sur-Mer;FR;50.725555555556;1.6138888888889
Q82003;Estrées-Deniécourt;Estrées-Deniécourt;FR;49.875;2.8236111111111
Q820059;Saint-Laurent-en-Grandvaux;Saint-Laurent-en-Grandvaux;FR;46.575555555556;5.9561111111111
Q821246;Salses-le-Château;Salses-le-Château;FR;42.832777777778;2.9188888888889
Q82185;La Rochelle;La Rochelle;FR;46.159444444444;-1.1513888888889
Q828595;Villeneuve-la-Guyard;Villeneuve-la-Guyard;FR;48.34;3.0644444444444
Q828635;Sablé-sur-Sarthe;Sablé-sur-Sarthe;FR;47.84;-0.33416666666667
Q828676;Saint-Fons;Saint-Fons;FR;45.708611111111;4.8533333333333
Q828682;Vendeuvre-sur-Barse;Vendeuvre-sur-Barse;FR;48.238333333333;4.4677777777778
Q828767;Surgères;Surgères;FR;46.108055555556;-0.75166666666667
Q829280;Vignory;Vignory;FR;48.278055555556;5.1030555555556
Q829373;Sucé-sur-Erdre;Sucé-sur-Erdre;FR;47.344722222222;-1.5294444444444
Q829400;Machilly;Machilly;FR;46.251666666667;6.3313888888889
Q829617;Ludres;Ludres;FR;48.621666666667;6.1616666666667
Q831022;Rosiers-d'Égletons;Rosiers-d'Égletons;FR;45.3775;2.0080555555556
Q831052;Martres-Tolosane;Martres-Tolosane;FR;43.198611111111;1.0108333333333
Q831074;Saint-Hilaire-Peyroux;Saint-Hilaire-Peyroux;FR;45.213888888889;1.6486111111111
Q831307;Vallenay;Vallenay;FR;46.801388888889;2.3711111111111
Q832293;Bettborn;Bettborn;FR;48.800833333333;7.0213888888889
Q832301;Corcieux;Corcieux;FR;48.172222222222;6.8794444444444
Q832342;Bettembourg;Bettembourg;LU;49.516666666667;6.1
Q83236;Chamonix-Mont-Blanc;Chamonix-Mont-Blanc;FR;45.922222222222;6.8688888888889
Q832386;Selles-sur-Cher;Selles-sur-Cher;FR;47.275555555556;1.5547222222222
Q83242;Sainte-Croix-aux-Mines;Sainte-Croix-aux-Mines;FR;48.262222222222;7.2252777777778
Q832455;Corbenay;Corbenay;FR;47.890833333333;6.3252777777778
Q833363;Conlie;Conlie;FR;48.123333333333;-0.0175
Q833380;Dormans;Dormans;FR;49.076388888889;3.6394444444444
Q83407;Mons;Mons;BE;50.45472222222222;3.9525
Q834094;Orry-la-Ville;Orry-la-Ville;FR;49.132222222222;2.5127777777778
Q83413;Illfurth;Illfurth;FR;47.6725;7.265
Q83492945;La Léchère;La Léchère;FR;45.533055555555556;6.474166666666667
Q835546;Boussens;Boussens;FR;43.175833333333;0.97277777777778
Q835889;Colombier-Fontaine;Colombier-Fontaine;FR;47.4525;6.6897222222222
Q836189;Laval-sur-Vologne;Laval-sur-Vologne;FR;48.194722222222;6.7002777777778
Q836332;Portieux;Portieux;FR;48.343888888889;6.3447222222222
Q8365;Dardilly;Dardilly;FR;45.805555555556;4.7530555555556
Q836627;Deluz;Deluz;FR;47.294444444444;6.2008333333333
Q837375;Byans-sur-Doubs;Byans-sur-Doubs;FR;47.115277777778;5.8552777777778
Q837386;Franois;Franois;FR;47.2325;5.9255555555556
Q837510;Châteauneuf-sur-Charente;Châteauneuf-sur-Charente;FR;45.598611111111;-0.053611111111111
Q838334;Pouzauges;Pouzauges;FR;46.782222222222;-0.83722222222222
Q838356;Saint-Mesmin;Saint-Mesmin;FR;46.793333333333;-0.73416666666667
Q838870;Montreuil-Bellay;Montreuil-Bellay;FR;47.131388888889;-0.15361111111111
Q839114;Les Trois-Domaines;Les Trois-Domaines;FR;48.966666666667;5.2866666666667
Q839543;Ciry-le-Noble;Ciry-le-Noble;FR;46.605277777778;4.3005555555556
Q839575;Villefranque;Villefranque;FR;43.437222222222;-1.4527777777778
Q839648;Caussade;Caussade;FR;44.161666666667;1.5369444444444
Q839944;Bouverans;Bouverans;FR;46.853333333333;6.2080555555556
Q840146;Villereversure;Villereversure;FR;46.191944444444;5.3961111111111
Q840195;Albigny-sur-Saône;Albigny-sur-Saône;FR;45.865277777778;4.8319444444444
Q840216;Saint-Georges-de-Reneins;Saint-Georges-de-Reneins;FR;46.061944444444;4.7216666666667
Q840237;Ollioules;Ollioules;FR;43.139444444444;5.8469444444444
Q840511;Saint-Florentin;Saint-Florentin;FR;48.001944444444;3.725
Q840597;Le Croisic;Le Croisic;FR;47.293055555556;-2.5105555555556
Q841084;Bourbriac;Bourbriac;FR;48.473055555556;-3.1883333333333
Q841275;Dourges;Dourges;FR;50.436111111111;2.9866666666667
Q841386;Chindrieux;Chindrieux;FR;45.821388888889;5.8522222222222
Q841518;Rumilly;Rumilly;FR;45.86666666666667;5.944444444444445
Q841590;Saint-André-de-Corcy;Saint-André-de-Corcy;FR;45.926388888889;4.9522222222222
Q841608;Marlieux;Marlieux;FR;46.064722222222;5.0727777777778
Q842003;La Madeleine;La Madeleine;FR;50.655277777778;3.0702777777778
Q842695;Artix;Artix;FR;43.39694444444444;-0.5722222222222223
Q842706;Urt;Urt;FR;43.494166666667;-1.2905555555556
Q842791;Mézériat;Mézériat;FR;46.234722222222;5.0472222222222
Q843415;Saint-Martin-d'Arrossa;Saint-Martin-d'Arrossa;FR;43.238055555556;-1.3133333333333
Q844243;Druillat;Druillat;FR;46.06;5.3172222222222
Q844798;Le Cailar;Le Cailar;FR;43.675833333333;4.2361111111111
Q844979;Héricourt;Héricourt;FR;47.5775;6.7616666666667
Q845063;Sarrance;Sarrance;FR;43.051111111111;-0.60194444444444
Q845584;Dompierre-les-Tilleuls;Dompierre-les-Tilleuls;FR;46.871666666667;6.1844444444444
Q845711;Cantaron;Cantaron;FR;43.761666666667;7.3186111111111
Q845855;Sallanches;Sallanches;FR;45.936388888889;6.6319444444444
Q845928;Ronchamp;Ronchamp;FR;47.700277777778;6.6333333333333
Q845994;Chasseneuil-du-Poitou;Chasseneuil-du-Poitou;FR;46.651111111111;0.37222222222222
Q846026;La Bouteille;La Bouteille;FR;49.859444444444;3.9719444444444
Q846521;Fontan;Fontan;FR;44.003888888889;7.5536111111111
Q847293;Crouy;Crouy;FR;49.4025;3.36
Q847885;Clacy-et-Thierret;Clacy-et-Thierret;FR;49.544444444444;3.5702777777778
Q849165;Saint-Bonnet-de-Rochefort;Saint-Bonnet-de-Rochefort;FR;46.146388888889;3.1383333333333
Q849618;Coyolles;Coyolles;FR;49.234166666667;3.0436111111111
Q850668;Biache-Saint-Vaast;Biache-Saint-Vaast;FR;50.311666666667;2.9441666666667
Q850917;Brebières;Brebières;FR;50.336944444444;3.0227777777778
Q852015;Isbergues;Isbergues;FR;50.623333333333;2.4566666666667
Q852269;Fouquereuil;Fouquereuil;FR;50.518888888889;2.6011111111111
Q852562;Vendin-le-Vieil;Vendin-le-Vieil;FR;50.473888888889;2.8661111111111
Q852904;Fresnoy-le-Grand;Fresnoy-le-Grand;FR;49.9475;3.4172222222222
Q853128;Margival;Margival;FR;49.434722222222;3.4016666666667
Q853385;Saint-Jean-sur-Veyle;Saint-Jean-sur-Veyle;FR;46.258055555556;4.9155555555556
Q853434;Bessay-sur-Allier;Bessay-sur-Allier;FR;46.441944444444;3.3625
Q853448;Saint-Marcel;Saint-Marcel;FR;45.948611111111;4.9872222222222
Q853600;Audruicq;Audruicq;FR;50.879166666667;2.0805555555556
Q854163;Barenton-Bugny;Barenton-Bugny;FR;49.633055555556;3.6513888888889
Q856488;Calonne-Ricouart;Calonne-Ricouart;FR;50.486944444444;2.4836111111111
Q857771;Fleury-les-Aubrais;Fleury-les-Aubrais;FR;47.931944444444;1.9211111111111
Q858915;Ogeu-les-Bains;Ogeu-les-Bains;FR;43.147222222222;-0.50472222222222
Q859063;Gan;Gan;FR;43.228611111111;-0.3875
Q859349;Servas;Servas;FR;46.132777777778;5.1655555555556
Q860003;Saint-Laurent-d'Aigouze;Saint-Laurent-d'Aigouze;FR;43.634444444444;4.1955555555556
Q860780;Verrey-sous-Salmaise;Verrey-sous-Salmaise;FR;47.438611111111;4.6675
Q861377;Agonac;Agonac;FR;45.292777777778;0.75027777777778
Q861943;Caudrot;Caudrot;FR;44.576666666667;-0.14361111111111
Q861981;Milhaud;Milhaud;FR;43.789722222222;4.3075
Q864107;Loriol-sur-Drôme;Loriol-sur-Drôme;FR;44.751666666667;4.8225
Q864120;Guichen;Guichen;FR;47.9675;-1.795
Q864300;Tossiat;Tossiat;FR;46.141111111111;5.315
Q864455;Saint-Martin-du-Mont;Saint-Martin-du-Mont;FR;46.101666666667;5.3283333333333
Q865240;Vaux;Vaux;FR;46.426666666667;2.5972222222222
Q866754;Peille;Peille;FR;43.8025;7.4016666666667
Q867055;Caffiers;Caffiers;FR;50.84;1.8116666666667
Q867323;Viry-Noureuil;Viry-Noureuil;FR;49.631388888889;3.2427777777778
Q867428;Versigny;Versigny;FR;49.6525;3.4352777777778
Q867676;Variscourt;Variscourt;FR;49.417777777778;3.9855555555556
Q868218;Vauxaillon;Vauxaillon;FR;49.478888888889;3.4083333333333
Q868439;Plancoët;Plancoët;FR;48.523055555556;-2.2341666666667
Q868444;Locarn;Locarn;FR;48.319722222222;-3.4222222222222
Q868509;Duault;Duault;FR;48.361111111111;-3.4352777777778
Q868555;Yffiniac;Yffiniac;FR;48.485;-2.6775
Q868809;Voyenne;Voyenne;FR;49.724722222222;3.7308333333333
Q868917;Vierzy;Vierzy;FR;49.29;3.2852777777778
Q870835;Origny-en-Thiérache;Origny-en-Thiérache;FR;49.895;4.0183333333333
Q871850;Montescourt-Lizerolles;Montescourt-Lizerolles;FR;49.738611111111;3.2575
Q872458;Mennessis;Mennessis;FR;49.693888888889;3.2727777777778
Q873844;Bailleul-Sir-Berthoult;Bailleul-Sir-Berthoult;FR;50.338333333333;2.8502777777778
Q874139;Saint-Étienne-au-Mont;Saint-Étienne-au-Mont;FR;50.681666666667;1.6258333333333
Q874630;Boisleux-au-Mont;Boisleux-au-Mont;FR;50.21;2.7816666666667
Q874676;Camiers;Camiers;FR;50.566111111111;1.6136111111111
Q874994;Wimille;Wimille;FR;50.763055555556;1.6325
Q876642;Marles-les-Mines;Marles-les-Mines;FR;50.502222222222;2.5022222222222
Q876751;Méricourt;Méricourt;FR;50.402222222222;2.8658333333333
Q877550;Saint-Astier;Saint-Astier;FR;45.145277777778;0.52805555555556
Q877564;Loison-sous-Lens;Loison-sous-Lens;FR;50.438333333333;2.8683333333333
Q877726;Rang-du-Fliers;Rang-du-Fliers;FR;50.4175;1.6397222222222
Q8848;Valence;Valence;FR;44.9325;4.8908333333333
Q890000;Coulanges-lès-Nevers;Coulanges-lès-Nevers;FR;47.005277777778;3.1866666666667
Q890033;Chantenay-Saint-Imbert;Chantenay-Saint-Imbert;FR;46.732777777778;3.1841666666667
Q890728;Avrée;Avrée;FR;46.818611111111;3.8694444444444
Q898114;Villeneuve-sur-Yonne;Villeneuve-sur-Yonne;FR;48.081388888889;3.2966666666667
Q899735;Flumet;Flumet;FR;45.819444444444;6.5169444444444
Q90;Paris;Paris;FR;48.85666666666667;2.352222222222222
Q900283;Montfort-le-Gesnois;Montfort-le-Gesnois;FR;48.048333333333;0.41833333333333
Q901506;Saint-Loup-sur-Semouse;Saint-Loup-sur-Semouse;FR;47.884722222222;6.2733333333333
Q903665;Liverdun;Liverdun;FR;48.750277777778;6.0619444444444
Q903827;La Suze-sur-Sarthe;La Suze-sur-Sarthe;FR;47.889722222222;0.025277777777778
Q905143;Voujeaucourt;Voujeaucourt;FR;47.475555555556;6.7744444444444
Q905271;Laissey;Laissey;FR;47.297777777778;6.2308333333333
Q905315;Novillars;Novillars;FR;47.285833333333;6.1294444444444
Q905402;Roche-lez-Beaupré;Roche-lez-Beaupré;FR;47.276111111111;6.1141666666667
Q906161;Morre;Morre;FR;47.225555555556;6.0652777777778
Q906399;Saint-Vit;Saint-Vit;FR;47.181388888889;5.8108333333333
Q906617;Montferrand-le-Château;Montferrand-le-Château;FR;47.183055555556;5.9077777777778
Q906787;Valdahon;Valdahon;FR;47.149722222222;6.3447222222222
Q907399;L'Hôpital-du-Grosbois;L'Hôpital-du-Grosbois;FR;47.171944444444;6.2163888888889
Q907721;La Ferté-sous-Jouarre;La Ferté-sous-Jouarre;FR;48.949166666667;3.1294444444444
Q907739;Dyo;Dyo;FR;46.36;4.2763888888889
Q909127;Sainte-Colombe;Sainte-Colombe;FR;46.878611111111;6.2675
Q909163;La Rivière-Drugeon;La Rivière-Drugeon;FR;46.8675;6.2158333333333
Q909193;Saint-Antoine;Saint-Antoine;FR;46.776944444444;6.3377777777778
Q909934;Longevilles-Mont-d'Or;Longevilles-Mont-d'Or;FR;46.753888888889;6.3166666666667
Q909955;Labergement-Sainte-Marie;Labergement-Sainte-Marie;FR;46.774722222222;6.2805555555556
Q909977;Granges-Narboz;Granges-Narboz;FR;46.879166666667;6.3105555555556
Q910038;Ternay;Ternay;FR;45.602222222222;4.8105555555556
Q910079;Saint-Michel-de-Maurienne;Saint-Michel-de-Maurienne;FR;45.218333333333;6.4736111111111
Q910158;Saint-Pierre-de-Chandieu;Saint-Pierre-de-Chandieu;FR;45.646388888889;5.0147222222222
Q910805;Ham-en-Artois;Ham-en-Artois;FR;50.588888888889;2.4580555555556
Q912354;Vallorcine;Vallorcine;FR;46.034444444444;6.9330555555556
Q914290;Montreux-Château;Montreux-Château;FR;47.610277777778;7.0011111111111
Q914394;Morvillars;Morvillars;FR;47.546944444444;6.9333333333333
Q914840;Joncherey;Joncherey;FR;47.528888888889;7.0013888888889
Q917937;Valleiry;Valleiry;FR;46.108055555556;5.9680555555556
Q917979;Montech;Montech;FR;43.956944444444;1.2297222222222
Q918115;Saint-Bonnet-en-Bresse;Saint-Bonnet-en-Bresse;FR;46.853888888889;5.1761111111111
Q918119;Senozan;Senozan;FR;46.394166666667;4.8661111111111
Q918127;Saint-Léger-sur-Dheune;Saint-Léger-sur-Dheune;FR;46.845833333333;4.6363888888889
Q919438;Dercy;Dercy;FR;49.703611111111;3.685
Q919734;Neuville-sur-Sarthe;Neuville-sur-Sarthe;FR;48.075833333333;0.19083333333333
Q920523;Cramoisy;Cramoisy;FR;49.255277777778;2.4013888888889
Q921321;Hesperange;Hesperange;LU;49.570833333333;6.1513888888889
Q921780;Val-de-Reuil;Val-de-Reuil;FR;49.274444444444;1.2102777777778
Q921846;Nortkerque;Nortkerque;FR;50.875;2.025
Q922571;Hatrize;Hatrize;FR;49.191944444444;5.9077777777778
Q922699;L'Isle-sur-le-Doubs;L'Isle-sur-le-Doubs;FR;47.447777777778;6.5861111111111
Q922880;Bonnemain;Bonnemain;FR;48.466944444444;-1.7658333333333
Q923191;Persan;Persan;FR;49.153333333333;2.2711111111111
Q923382;Guémené-Penfao;Guémené-Penfao;FR;47.63;-1.8325
Q923421;Jougne;Jougne;FR;46.763611111111;6.3877777777778
Q923496;Les Hôpitaux-Neufs;Les Hôpitaux-Neufs;FR;46.776388888889;6.3727777777778
Q924210;Saint-Germain-du-Puy;Saint-Germain-du-Puy;FR;47.099166666667;2.4811111111111
Q924614;Saint-Sulpice;Saint-Sulpice;FR;49.350555555556;2.1241666666667
Q925331;Montgailhard;Montgailhard;FR;42.934444444444;1.6347222222222
Q926254;Chasse-sur-Rhône;Chasse-sur-Rhône;FR;45.580555555555556;4.8
Q926467;Bussière-Galant;Bussière-Galant;FR;45.627222222222;1.0369444444444
Q929488;Morgny-la-Pommeraye;Morgny-la-Pommeraye;FR;49.523333333333;1.2480555555556
Q929575;Chessy;Chessy;FR;45.887222222222;4.6233333333333
Q929765;Poix-Terron;Poix-Terron;FR;49.648888888889;4.64
Q930271;Vissac-Auteyrac;Vissac-Auteyrac;FR;45.121944444444;3.6097222222222
Q932009;Tournemire;Tournemire;FR;43.969166666667;3.0194444444444
Q932511;Marsac;Marsac;FR;46.097777777778;1.5897222222222
Q932526;Saint-Rome-de-Cernon;Saint-Rome-de-Cernon;FR;44.012222222222;2.9658333333333
Q93351;Vichy;Vichy;FR;46.126944444444;3.4258333333333
Q937133;Voué;Voué;FR;48.456666666667;4.1225
Q93793;Chemilly-sur-Yonne;Chemilly-sur-Yonne;FR;47.898611111111;3.5616666666667
Q938822;Buvilly;Buvilly;FR;46.868055555556;5.7194444444444
Q938956;Fouilloy;Fouilloy;FR;49.733055555556;1.8266666666667
Q942968;Drefféac;Drefféac;FR;47.476388888889;-2.0566666666667
Q943165;Serdinya;Serdinya;FR;42.568055555556;2.3216666666667
Q945006;Monsempron-Libos;Monsempron-Libos;FR;44.490833333333;0.94083333333333
Q946351;Sennecey-le-Grand;Sennecey-le-Grand;FR;46.6425;4.8702777777778
Q947091;Romanèche-Thorins;Romanèche-Thorins;FR;46.189722222222;4.7361111111111
Q947113;Fleurville;Fleurville;FR;46.444722222222;4.8805555555556
Q947141;Saint-Sulpice-la-Pointe;Saint-Sulpice-la-Pointe;FR;43.774166666667;1.6863888888889
Q948345;Saône;Saône;FR;47.224722222222;6.1177777777778
Q949109;Laval-de-Cère;Laval-de-Cère;FR;44.9525;1.9341666666667
Q949538;Génelard;Génelard;FR;46.581944444444;4.2369444444444
Q951068;Eygliers;Eygliers;FR;44.675833333333;6.6338888888889
Q9527;Oulx;Oulx;IT;45.033052;6.83251
Q952968;Montlaur;Montlaur;FR;43.488333333333;1.5711111111111
Q954562;Jarville-la-Malgrange;Jarville-la-Malgrange;FR;48.669444444444;6.2061111111111
Q954622;Rivarennes;Rivarennes;FR;47.266388888889;0.35388888888889
Q955056;Soncourt-sur-Marne;Soncourt-sur-Marne;FR;48.2525;5.1141666666667
Q955242;Mérenvielle;Mérenvielle;FR;43.627777777778;1.1563888888889
Q955993;Tincques;Tincques;FR;50.357777777778;2.4919444444444
Q957856;Lacourt-Saint-Pierre;Lacourt-Saint-Pierre;FR;43.985833333333;1.2641666666667
Q958352;Plouvara;Plouvara;FR;48.506944444444;-2.9152777777778
Q958475;Albias;Albias;FR;44.09;1.4494444444444
Q961678;Couffoulens;Couffoulens;FR;43.155277777778;2.3063888888889
Q963118;Montrozier;Montrozier;FR;44.393055555556;2.7061111111111
Q963352;Poliénas;Poliénas;FR;45.248888888889;5.4713888888889
Q965163;Chissay-en-Touraine;Chissay-en-Touraine;FR;47.337222222222;1.1330555555556
Q966579;Chenevières;Chenevières;FR;48.518611111111;6.6308333333333
Q967037;Saint-Médard-sur-Ille;Saint-Médard-sur-Ille;FR;48.272777777778;-1.6597222222222
Q969820;Magneux;Magneux;FR;49.306388888889;3.7211111111111
Q971261;Marseille-en-Beauvaisis;Marseille-en-Beauvaisis;FR;49.575555555556;1.9555555555556
Q971474;Ingrandes;Ingrandes;FR;46.875833333333;0.56694444444444
Q975635;Landébia;Landébia;FR;48.514166666667;-2.3363888888889
Q976866;Villard-Bonnot;Villard-Bonnot;FR;45.238055555556;5.8883333333333
Q976956;Motteville;Motteville;FR;49.635277777778;0.85527777777778
Q977486;La Chapelle-sur-Loire;La Chapelle-sur-Loire;FR;47.248611111111;0.22388888888889
Q978973;Labroquère;Labroquère;FR;43.038333333333;0.59194444444444
Q980466;La Brillanne;La Brillanne;FR;43.926666666667;5.8911111111111
Q980501;Vecqueville;Vecqueville;FR;48.458333333333;5.1405555555556
Q983448;Liesle;Liesle;FR;47.061666666667;5.8147222222222
Q983570;Ors;Ors;FR;50.099722222222;3.6338888888889
Q988900;Lavilledieu;Lavilledieu;FR;44.575555555556;4.4530555555556
Q989844;Erlon;Erlon;FR;49.729166666667;3.7138888888889
Q990646;Aubin;Aubin;FR;44.527777777778;2.2458333333333
Q990689;Amifontaine;Amifontaine;FR;49.483055555556;3.9183333333333
Q990790;Blénod-lès-Toul;Blénod-lès-Toul;FR;48.599444444444;5.8333333333333
Q990896;Bertrichamps;Bertrichamps;FR;48.429166666667;6.7938888888889
Q991102;Frévin-Capelle;Frévin-Capelle;FR;50.350555555556;2.6344444444444
Q991750;Coucy-lès-Eppes;Coucy-lès-Eppes;FR;49.5525;3.77
Q991982;Grenay;Grenay;FR;50.452222222222;2.7430555555556
Q992612;Blangy-sur-Ternoise;Blangy-sur-Ternoise;FR;50.421666666667;2.1694444444444
Q993870;Vallon-en-Sully;Vallon-en-Sully;FR;46.536388888889;2.6080555555556
Q995216;Courcelles-le-Comte;Courcelles-le-Comte;FR;50.1625;2.7747222222222
