gare_id;source;code
TN8011068;IFOPT;de:6412:10:1
TN8011068;OSM;205364328
TN8011068;SNCB;gs:nmbssncb:8011068
TN8011068;UIC;8011068
TN8011068;WIKIDATA;Q165368
TN8015190;OSM;36492131
TN8015190;SNCB;gs:nmbssncb:8015190
TN8015190;UIC;8015190
TN8015190;WIKIDATA;Q800917
TN8015199;SNCB;gs:nmbssncb:8015199
TN8015199;UIC;8015199
TN8015321;OSM;4551541317
TN8015321;SNCB;gs:nmbssncb:8015321
TN8015321;UIC;8015321
TN8015321;WIKIDATA;Q3131028
TN8015345;IFOPT;de:05334:1008
TN8015345;OSM;3070631211
TN8015345;SNCB;gs:nmbssncb:8015345
TN8015345;UIC;8015345
TN8015345;WIKIDATA;Q300706
TN8015458;OSM;2399559029
TN8015458;SNCB;gs:nmbssncb:8015458
TN8015458;UIC;8015458
TN8015458;WIKIDATA;Q1954
TN8015485;OSM;2713060210
TN8015485;SNCB;gs:nmbssncb:8015485
TN8015485;UIC;8015485
TN8015485;WIKIDATA;Q55423
TN8015577;OSM;1271017705
TN8015577;SNCB;gs:nmbssncb:8015577
TN8015577;UIC;8015577
TN8015577;WIKIDATA;Q800550
TN8015588;SNCB;gs:nmbssncb:8015588
TN8015588;UIC;8015588
TN8015714;OSM;3044304327
TN8015714;SNCB;gs:nmbssncb:8015714
TN8015714;UIC;8015714
TN8015714;WIKIDATA;Q801050
TN8019023;OSM;3524305897
TN8019023;SNCB;gs:nmbssncb:8019023
TN8019023;UIC;8019023
TN8019023;WIKIDATA;Q469682
TN8019051;SNCB;gs:nmbssncb:8019051
TN8019051;UIC;8019051
TN8019585;OSM;2453992382
TN8019585;SNCB;gs:nmbssncb:8019585
TN8019585;UIC;8019585
TN8019585;WIKIDATA;Q469336
TN8020110;OSM;3508395174
TN8020110;SNCB;gs:nmbssncb:8020110
TN8020110;UIC;8020110
TN8020110;WIKIDATA;Q800783
TN8020174;OSM;2578699502
TN8020174;SNCB;gs:nmbssncb:8020174
TN8020174;UIC;8020174
TN8020174;WIKIDATA;Q473903
TN8020234;IFOPT;de:09162:5
TN8020234;OSM;2465304880
TN8020234;SNCB;gs:nmbssncb:8020234
TN8020234;UIC;8020234
TN8020234;WIKIDATA;Q801228
TN8032572;OSM;4530820013
TN8032572;SNCB;gs:nmbssncb:8032572
TN8032572;UIC;8032572
TN8032572;WIKIDATA;Q322806
TN8061676;SNCB;gs:nmbssncb:8061676
TN8061676;UIC;8061676
TN8101003;OSM;1839787470
TN8101003;SNCB;gs:nmbssncb:8101003
TN8101003;UIC;8101003
TN8101003;WIKIDATA;Q697300
TN8101032;OSM;2465563392
TN8101032;SNCB;gs:nmbssncb:8101032
TN8101032;UIC;8101032
TN8101032;WIKIDATA;Q662913
TN8101073;OSM;215682892
TN8101073;SNCB;gs:nmbssncb:8101073
TN8101073;UIC;8101073
TN8101073;WIKIDATA;Q763157
TN8101114;OSM;302097253
TN8101114;SNCB;gs:nmbssncb:8101114
TN8101114;UIC;8101114
TN8101114;WIKIDATA;Q694694
TN8103107;OSM;66432827
TN8103107;SNCB;gs:nmbssncb:8103107
TN8103107;UIC;8103107
TN8103107;WIKIDATA;Q514441
TN8200100;OSM;3964570119
TN8200100;SNCB;gs:nmbssncb:8200100
TN8200100;UIC;8200100
TN8200100;WIKIDATA;Q801140
TN8200102;OSM;5221201562
TN8200102;SNCB;gs:nmbssncb:8200102
TN8200102;UIC;8200102
TN8200102;WIKIDATA;Q25583594
TN8200110;OSM;3732003472
TN8200110;SNCB;gs:nmbssncb:8200110
TN8200110;UIC;8200110
TN8200110;WIKIDATA;Q801177
TN8200120;OSM;5072163539
TN8200120;SNCB;gs:nmbssncb:8200120
TN8200120;UIC;8200120
TN8200120;WIKIDATA;Q2680903
TN8200128;OSM;3728214590
TN8200128;SNCB;gs:nmbssncb:8200128
TN8200128;UIC;8200128
TN8200128;WIKIDATA;Q2912368
TN8200129;OSM;3728214639
TN8200129;SNCB;gs:nmbssncb:8200129
TN8200129;UIC;8200129
TN8200129;WIKIDATA;Q2009897
TN8200130;OSM;3728214640
TN8200130;SNCB;gs:nmbssncb:8200130
TN8200130;UIC;8200130
TN8200130;WIKIDATA;Q3067847
TN8200132;OSM;3727997833
TN8200132;SNCB;gs:nmbssncb:8200132
TN8200132;UIC;8200132
TN8200132;WIKIDATA;Q2298354
TN8200133;OSM;420756851
TN8200133;SNCB;gs:nmbssncb:8200133
TN8200133;UIC;8200133
TN8200133;WIKIDATA;Q3067835
TN8200134;OSM;3730912911
TN8200134;SNCB;gs:nmbssncb:8200134
TN8200134;UIC;8200134
TN8200134;WIKIDATA;Q2542828
TN8200136;OSM;3727995454
TN8200136;SNCB;gs:nmbssncb:8200136
TN8200136;UIC;8200136
TN8200136;WIKIDATA;Q3097920
TN8200510;OSM;3734674986
TN8200510;SNCB;gs:nmbssncb:8200510
TN8200510;UIC;8200510
TN8200510;WIKIDATA;Q2299753
TN8200516;OSM;3734422882
TN8200516;SNCB;gs:nmbssncb:8200516
TN8200516;UIC;8200516
TN8200516;WIKIDATA;Q2596197
TN8200518;OSM;3734423238
TN8200518;SNCB;gs:nmbssncb:8200518
TN8200518;UIC;8200518
TN8200518;WIKIDATA;Q2093199
TN8200520;OSM;3734399406
TN8200520;SNCB;gs:nmbssncb:8200520
TN8200520;UIC;8200520
TN8200520;WIKIDATA;Q2753608
TN8200710;OSM;10773674667
TN8200710;SNCB;gs:nmbssncb:8200710
TN8200710;UIC;8200710
TN8200710;WIKIDATA;Q3079945
TN8200712;OSM;3721698138
TN8200712;SNCB;gs:nmbssncb:8200712
TN8200712;UIC;8200712
TN8200712;WIKIDATA;Q3096880
TN8200714;OSM;3721698137
TN8200714;SNCB;gs:nmbssncb:8200714
TN8200714;UIC;8200714
TN8200714;WIKIDATA;Q3096376
TN8200716;OSM;3721698934
TN8200716;SNCB;gs:nmbssncb:8200716
TN8200716;UIC;8200716
TN8200716;WIKIDATA;Q3097712
TN8200718;OSM;2361763085
TN8200718;SNCB;gs:nmbssncb:8200718
TN8200718;UIC;8200718
TN8200718;WIKIDATA;Q3095913
TN8200930;OSM;3721698933
TN8200930;SNCB;gs:nmbssncb:8200930
TN8200930;UIC;8200930
TN8200930;WIKIDATA;Q801342
TN8200935;SNCB;gs:nmbssncb:8200935
TN8200935;UIC;8200935
TN8200940;OSM;704409331
TN8200940;SNCB;gs:nmbssncb:8200940
TN8200940;UIC;8200940
TN8200940;WIKIDATA;Q2805202
TN8210014;OSM;3734422881
TN8210014;SNCB;gs:nmbssncb:8210014
TN8210014;UIC;8210014
TN8210014;WIKIDATA;Q3067850
TN8400131;OSM;43174364
TN8400131;SNCB;gs:nmbssncb:8400131
TN8400131;UIC;8400131
TN8400131;WIKIDATA;Q800561
TN8400219;OSM;7072277768
TN8400219;SNCB;gs:nmbssncb:8400219
TN8400219;UIC;8400219
TN8400219;WIKIDATA;Q2508625
TN8400234;OSM;4018000913
TN8400234;SNCB;gs:nmbssncb:8400234
TN8400234;UIC;8400234
TN8400234;WIKIDATA;Q2616812
TN8400307;OSM;1506143976
TN8400307;SNCB;gs:nmbssncb:8400307
TN8400307;UIC;8400307
TN8400307;WIKIDATA;Q800901
TN8400424;OSM;5311118145
TN8400424;SNCB;gs:nmbssncb:8400424
TN8400424;UIC;8400424
TN8400424;WIKIDATA;Q689931
TN8400426;OSM;7047043027
TN8400426;SNCB;gs:nmbssncb:8400426
TN8400426;UIC;8400426
TN8400426;WIKIDATA;Q1935405
TN8400434;OSM;11208806839
TN8400434;SNCB;gs:nmbssncb:8400434
TN8400434;UIC;8400434
TN8400434;WIKIDATA;Q3539623
TN8400526;OSM;42966392
TN8400526;SNCB;gs:nmbssncb:8400526
TN8400526;UIC;8400526
TN8400526;WIKIDATA;Q801378
TN8400530;CRS;ROT
TN8400530;OSM;4048801967
TN8400530;SNCB;gs:nmbssncb:8400530
TN8400530;UIC;8400530
TN8400530;WIKIDATA;Q801388
TN8400548;OSM;5316997912
TN8400548;SNCB;gs:nmbssncb:8400548
TN8400548;UIC;8400548
TN8400548;WIKIDATA;Q2522892
TN8400632;OSM;2815620698
TN8400632;SNCB;gs:nmbssncb:8400632
TN8400632;UIC;8400632
TN8400632;WIKIDATA;Q2066241
TN8714210;OSM;4043327190
TN8714210;SNCB;gs:nmbssncb:8714210
TN8714210;UIC;8714210
TN8714210;WIKIDATA;Q801121
TN8714732;OSM;4043327191
TN8714732;SNCB;gs:nmbssncb:8714732
TN8714732;UIC;8714732
TN8714732;WIKIDATA;Q801181
TN8717192;OSM;4043327189
TN8717192;SNCB;gs:nmbssncb:8717192
TN8717192;UIC;8717192
TN8717192;WIKIDATA;Q800616
TN8721202;OSM;3069229440
TN8721202;SNCB;gs:nmbssncb:8721202
TN8721202;UIC;8721202
TN8721202;WIKIDATA;Q801473
TN8722326;OSM;8745537418
TN8722326;SNCB;gs:nmbssncb:8722326
TN8722326;UIC;8722326
TN8722326;WIKIDATA;Q801099
TN8727149;OSM;4269245656
TN8727149;SNCB;gs:nmbssncb:8727149
TN8727149;UIC;8727149
TN8727149;WIKIDATA;Q800424
TN8728105;OSM;7042284669
TN8728105;SNCB;gs:nmbssncb:8728105
TN8728105;UIC;8728105
TN8728105;WIKIDATA;Q3096324
TN8728600;OSM;8745537419
TN8728600;SNCB;gs:nmbssncb:8728600
TN8728600;UIC;8728600
TN8728600;WIKIDATA;Q801098
TN8728606;OSM;3483925793
TN8728606;SNCB;gs:nmbssncb:8728606
TN8728606;UIC;8728606
TN8728606;WIKIDATA;Q1969332
TN8728654;OSM;9573053023
TN8728654;SNCB;gs:nmbssncb:8728654
TN8728654;UIC;8728654
TN8728654;WIKIDATA;Q2598042
TN8728671;OSM;11373747135
TN8728671;SNCB;gs:nmbssncb:8728671
TN8728671;UIC;8728671
TN8728671;WIKIDATA;Q2755422
TN8728673;OSM;9853351883
TN8728673;SNCB;gs:nmbssncb:8728673
TN8728673;UIC;8728673
TN8728673;WIKIDATA;Q2207342
TN8728683;OSM;3483925294
TN8728683;SNCB;gs:nmbssncb:8728683
TN8728683;UIC;8728683
TN8728683;WIKIDATA;Q3097300
TN8728685;OSM;8325981844
TN8728685;SNCB;gs:nmbssncb:8728685
TN8728685;UIC;8728685
TN8728685;WIKIDATA;Q2499355
TN8728686;OSM;9965516794
TN8728686;SNCB;gs:nmbssncb:8728686
TN8728686;UIC;8728686
TN8728686;WIKIDATA;Q2379109
TN8728687;OSM;9043670620
TN8728687;SNCB;gs:nmbssncb:8728687
TN8728687;UIC;8728687
TN8728687;WIKIDATA;Q3095897
TN8728710;OSM;3483926094
TN8728710;SNCB;gs:nmbssncb:8728710
TN8728710;UIC;8728710
TN8728710;WIKIDATA;Q2493685
TN8729500;OSM;494794776
TN8729500;SNCB;gs:nmbssncb:8729500
TN8729500;UIC;8729500
TN8729500;WIKIDATA;Q2559978
TN8811007;OSM;3833189777
TN8811007;SNCB;gs:nmbssncb:8811007
TN8811007;SNCB;gs:nmbssncb:8811007_10
TN8811007;SNCB;gs:nmbssncb:8811007_11
TN8811007;SNCB;gs:nmbssncb:8811007_12
TN8811007;SNCB;gs:nmbssncb:8811007_13
TN8811007;SNCB;gs:nmbssncb:8811007_14
TN8811007;SNCB;gs:nmbssncb:8811007_15
TN8811007;SNCB;gs:nmbssncb:8811007_3
TN8811007;SNCB;gs:nmbssncb:8811007_316
TN8811007;SNCB;gs:nmbssncb:8811007_4
TN8811007;SNCB;gs:nmbssncb:8811007_5
TN8811007;SNCB;gs:nmbssncb:8811007_6
TN8811007;SNCB;gs:nmbssncb:8811007_7
TN8811007;SNCB;gs:nmbssncb:8811007_8
TN8811007;SNCB;gs:nmbssncb:8811007_9
TN8811007;SNCB;gs:nmbssncb:S8811007
TN8811007;UIC;8811007
TN8811007;WIKIDATA;Q801418
TN8811106;OSM;7243258290
TN8811106;SNCB;gs:nmbssncb:8811106
TN8811106;SNCB;gs:nmbssncb:8811106_1
TN8811106;SNCB;gs:nmbssncb:8811106_2
TN8811106;SNCB;gs:nmbssncb:8811106_Evere 55
TN8811106;SNCB;gs:nmbssncb:S8811106
TN8811106;UIC;8811106
TN8811106;WIKIDATA;Q2969853
TN8811130;OSM;5673285175
TN8811130;SNCB;gs:nmbssncb:8811130
TN8811130;SNCB;gs:nmbssncb:8811130_1
TN8811130;SNCB;gs:nmbssncb:8811130_3
TN8811130;SNCB;gs:nmbssncb:8811130_4
TN8811130;SNCB;gs:nmbssncb:S8811130
TN8811130;UIC;8811130
TN8811130;WIKIDATA;Q2697132
TN8811148;OSM;7253672949
TN8811148;SNCB;gs:nmbssncb:8811148
TN8811148;SNCB;gs:nmbssncb:8811148_1
TN8811148;SNCB;gs:nmbssncb:8811148_2
TN8811148;SNCB;gs:nmbssncb:S8811148
TN8811148;UIC;8811148
TN8811148;WIKIDATA;Q2621086
TN8811155;OSM;7243435730
TN8811155;SNCB;gs:nmbssncb:8811155
TN8811155;SNCB;gs:nmbssncb:8811155_1
TN8811155;SNCB;gs:nmbssncb:8811155_2
TN8811155;SNCB;gs:nmbssncb:S8811155
TN8811155;UIC;8811155
TN8811155;WIKIDATA;Q736902
TN8811163;OSM;7243435736
TN8811163;SNCB;gs:nmbssncb:8811163
TN8811163;SNCB;gs:nmbssncb:8811163_1
TN8811163;SNCB;gs:nmbssncb:8811163_2
TN8811163;SNCB;gs:nmbssncb:S8811163
TN8811163;UIC;8811163
TN8811163;WIKIDATA;Q3096028
TN8811171;OSM;3887855857
TN8811171;SNCB;gs:nmbssncb:8811171
TN8811171;SNCB;gs:nmbssncb:8811171_1
TN8811171;SNCB;gs:nmbssncb:8811171_2
TN8811171;SNCB;gs:nmbssncb:S8811171
TN8811171;UIC;8811171
TN8811171;WIKIDATA;Q654988
TN8811189;OSM;7253672929
TN8811189;SNCB;gs:nmbssncb:8811189
TN8811189;SNCB;gs:nmbssncb:8811189_1
TN8811189;SNCB;gs:nmbssncb:8811189_107
TN8811189;SNCB;gs:nmbssncb:8811189_2
TN8811189;SNCB;gs:nmbssncb:8811189_3
TN8811189;SNCB;gs:nmbssncb:8811189_4
TN8811189;SNCB;gs:nmbssncb:8811189_5
TN8811189;SNCB;gs:nmbssncb:8811189_6
TN8811189;SNCB;gs:nmbssncb:S8811189
TN8811189;UIC;8811189
TN8811189;WIKIDATA;Q3166079
TN8811197;OSM;7243258350
TN8811197;SNCB;gs:nmbssncb:8811197
TN8811197;SNCB;gs:nmbssncb:8811197_1
TN8811197;SNCB;gs:nmbssncb:8811197_2
TN8811197;SNCB;gs:nmbssncb:S8811197
TN8811197;UIC;8811197
TN8811197;WIKIDATA;Q16964678
TN8811205;OSM;7243104972
TN8811205;SNCB;gs:nmbssncb:8811205
TN8811205;SNCB;gs:nmbssncb:8811205_1
TN8811205;SNCB;gs:nmbssncb:8811205_2
TN8811205;SNCB;gs:nmbssncb:S8811205
TN8811205;UIC;8811205
TN8811205;WIKIDATA;Q663260
TN8811213;OSM;5667469663
TN8811213;SNCB;gs:nmbssncb:8811213
TN8811213;SNCB;gs:nmbssncb:8811213_1
TN8811213;SNCB;gs:nmbssncb:8811213_2
TN8811213;SNCB;gs:nmbssncb:8811213_3
TN8811213;SNCB;gs:nmbssncb:8811213_4
TN8811213;SNCB;gs:nmbssncb:S8811213
TN8811213;UIC;8811213
TN8811213;WIKIDATA;Q2112006
TN8811221;OSM;5667469692
TN8811221;SNCB;gs:nmbssncb:8811221
TN8811221;SNCB;gs:nmbssncb:8811221_1
TN8811221;SNCB;gs:nmbssncb:8811221_2
TN8811221;SNCB;gs:nmbssncb:8811221_3
TN8811221;SNCB;gs:nmbssncb:8811221_4
TN8811221;SNCB;gs:nmbssncb:S8811221
TN8811221;UIC;8811221
TN8811221;WIKIDATA;Q4370800
TN8811247;OSM;5654460048
TN8811247;SNCB;gs:nmbssncb:8811247
TN8811247;SNCB;gs:nmbssncb:8811247_1
TN8811247;SNCB;gs:nmbssncb:8811247_2
TN8811247;SNCB;gs:nmbssncb:8811247_3
TN8811247;SNCB;gs:nmbssncb:8811247_4
TN8811247;SNCB;gs:nmbssncb:S8811247
TN8811247;UIC;8811247
TN8811247;WIKIDATA;Q2029216
TN8811254;OSM;5654460111
TN8811254;SNCB;gs:nmbssncb:8811254
TN8811254;SNCB;gs:nmbssncb:8811254_1
TN8811254;SNCB;gs:nmbssncb:8811254_2
TN8811254;SNCB;gs:nmbssncb:8811254_3
TN8811254;SNCB;gs:nmbssncb:8811254_4
TN8811254;SNCB;gs:nmbssncb:S8811254
TN8811254;UIC;8811254
TN8811254;WIKIDATA;Q3214244
TN8811262;OSM;5654460255
TN8811262;SNCB;gs:nmbssncb:8811262
TN8811262;SNCB;gs:nmbssncb:8811262_1
TN8811262;SNCB;gs:nmbssncb:8811262_2
TN8811262;SNCB;gs:nmbssncb:8811262_3
TN8811262;SNCB;gs:nmbssncb:8811262_4
TN8811262;SNCB;gs:nmbssncb:S8811262
TN8811262;UIC;8811262
TN8811262;WIKIDATA;Q2088913
TN8811270;OSM;5654321189
TN8811270;SNCB;gs:nmbssncb:8811270
TN8811270;SNCB;gs:nmbssncb:8811270_1
TN8811270;SNCB;gs:nmbssncb:8811270_2
TN8811270;SNCB;gs:nmbssncb:8811270_3
TN8811270;SNCB;gs:nmbssncb:8811270_4
TN8811270;SNCB;gs:nmbssncb:S8811270
TN8811270;UIC;8811270
TN8811270;WIKIDATA;Q2415450
TN8811288;OSM;5654321201
TN8811288;SNCB;gs:nmbssncb:8811288
TN8811288;SNCB;gs:nmbssncb:8811288_1
TN8811288;SNCB;gs:nmbssncb:8811288_2
TN8811288;SNCB;gs:nmbssncb:8811288_3
TN8811288;SNCB;gs:nmbssncb:8811288_4
TN8811288;SNCB;gs:nmbssncb:S8811288
TN8811288;UIC;8811288
TN8811288;WIKIDATA;Q2601999
TN8811304;OSM;3887847332
TN8811304;SNCB;gs:nmbssncb:8811304
TN8811304;SNCB;gs:nmbssncb:8811304_1
TN8811304;SNCB;gs:nmbssncb:8811304_2
TN8811304;SNCB;gs:nmbssncb:8811304_3
TN8811304;SNCB;gs:nmbssncb:8811304_4
TN8811304;SNCB;gs:nmbssncb:8811304_5
TN8811304;SNCB;gs:nmbssncb:8811304_6
TN8811304;SNCB;gs:nmbssncb:S8811304
TN8811304;UIC;8811304
TN8811304;WIKIDATA;Q800583
TN8811403;OSM;5924593392
TN8811403;SNCB;gs:nmbssncb:8811403
TN8811403;SNCB;gs:nmbssncb:8811403_1
TN8811403;SNCB;gs:nmbssncb:8811403_2
TN8811403;SNCB;gs:nmbssncb:S8811403
TN8811403;UIC;8811403
TN8811403;WIKIDATA;Q3033646
TN8811411;OSM;5924236536
TN8811411;SNCB;gs:nmbssncb:8811411
TN8811411;SNCB;gs:nmbssncb:8811411_1
TN8811411;SNCB;gs:nmbssncb:8811411_2
TN8811411;SNCB;gs:nmbssncb:8811411_3
TN8811411;SNCB;gs:nmbssncb:8811411_4
TN8811411;SNCB;gs:nmbssncb:S8811411
TN8811411;UIC;8811411
TN8811411;WIKIDATA;Q2723162
TN8811429;OSM;2194362683
TN8811429;SNCB;gs:nmbssncb:8811429
TN8811429;SNCB;gs:nmbssncb:8811429_1
TN8811429;SNCB;gs:nmbssncb:8811429_4
TN8811429;SNCB;gs:nmbssncb:S8811429
TN8811429;UIC;8811429
TN8811429;WIKIDATA;Q739090
TN8811437;OSM;5639369120
TN8811437;SNCB;gs:nmbssncb:8811437
TN8811437;SNCB;gs:nmbssncb:8811437_1
TN8811437;SNCB;gs:nmbssncb:8811437_2
TN8811437;SNCB;gs:nmbssncb:8811437_3
TN8811437;SNCB;gs:nmbssncb:8811437_4
TN8811437;SNCB;gs:nmbssncb:S8811437
TN8811437;UIC;8811437
TN8811437;WIKIDATA;Q1932552
TN8811445;OSM;5639369119
TN8811445;SNCB;gs:nmbssncb:8811445
TN8811445;SNCB;gs:nmbssncb:8811445_1
TN8811445;SNCB;gs:nmbssncb:8811445_2
TN8811445;SNCB;gs:nmbssncb:8811445_3
TN8811445;SNCB;gs:nmbssncb:8811445_4
TN8811445;SNCB;gs:nmbssncb:S8811445
TN8811445;UIC;8811445
TN8811445;WIKIDATA;Q2231881
TN8811460;OSM;360210242
TN8811460;SNCB;gs:nmbssncb:8811460
TN8811460;SNCB;gs:nmbssncb:8811460_1
TN8811460;SNCB;gs:nmbssncb:8811460_4
TN8811460;SNCB;gs:nmbssncb:S8811460
TN8811460;UIC;8811460
TN8811460;WIKIDATA;Q3096630
TN8811510;OSM;2203525892
TN8811510;SNCB;gs:nmbssncb:8811510
TN8811510;SNCB;gs:nmbssncb:8811510_1
TN8811510;SNCB;gs:nmbssncb:8811510_4
TN8811510;SNCB;gs:nmbssncb:S8811510
TN8811510;UIC;8811510
TN8811510;WIKIDATA;Q3096793
TN8811528;OSM;5639369118
TN8811528;SNCB;gs:nmbssncb:8811528
TN8811528;SNCB;gs:nmbssncb:8811528_1
TN8811528;SNCB;gs:nmbssncb:8811528_4
TN8811528;SNCB;gs:nmbssncb:S8811528
TN8811528;UIC;8811528
TN8811528;WIKIDATA;Q2845873
TN8811536;OSM;5639369117
TN8811536;SNCB;gs:nmbssncb:8811536
TN8811536;SNCB;gs:nmbssncb:8811536_1
TN8811536;SNCB;gs:nmbssncb:8811536_4
TN8811536;SNCB;gs:nmbssncb:S8811536
TN8811536;UIC;8811536
TN8811536;WIKIDATA;Q2026879
TN8811544;OSM;2203525893
TN8811544;SNCB;gs:nmbssncb:8811544
TN8811544;SNCB;gs:nmbssncb:8811544_1
TN8811544;SNCB;gs:nmbssncb:8811544_4
TN8811544;SNCB;gs:nmbssncb:S8811544
TN8811544;UIC;8811544
TN8811544;WIKIDATA;Q2195610
TN8811601;OSM;867138069
TN8811601;SNCB;gs:nmbssncb:8811601
TN8811601;SNCB;gs:nmbssncb:8811601_1
TN8811601;SNCB;gs:nmbssncb:8811601_10
TN8811601;SNCB;gs:nmbssncb:8811601_11
TN8811601;SNCB;gs:nmbssncb:8811601_2
TN8811601;SNCB;gs:nmbssncb:8811601_3
TN8811601;SNCB;gs:nmbssncb:8811601_4
TN8811601;SNCB;gs:nmbssncb:8811601_5
TN8811601;SNCB;gs:nmbssncb:8811601_6
TN8811601;SNCB;gs:nmbssncb:8811601_8
TN8811601;SNCB;gs:nmbssncb:8811601_9
TN8811601;SNCB;gs:nmbssncb:8811601_????????
TN8811601;SNCB;gs:nmbssncb:8811601_A
TN8811601;SNCB;gs:nmbssncb:8811601_A DETERM
TN8811601;SNCB;gs:nmbssncb:S8811601
TN8811601;UIC;8811601
TN8811601;WIKIDATA;Q2521322
TN8811635;OSM;5760584208
TN8811635;SNCB;gs:nmbssncb:8811635
TN8811635;SNCB;gs:nmbssncb:8811635_1
TN8811635;SNCB;gs:nmbssncb:8811635_2
TN8811635;SNCB;gs:nmbssncb:S8811635
TN8811635;UIC;8811635
TN8811635;WIKIDATA;Q2053788
TN8811676;OSM;5041130444
TN8811676;SNCB;gs:nmbssncb:8811676
TN8811676;SNCB;gs:nmbssncb:8811676_1
TN8811676;SNCB;gs:nmbssncb:8811676_2
TN8811676;SNCB;gs:nmbssncb:8811676_3
TN8811676;SNCB;gs:nmbssncb:S8811676
TN8811676;UIC;8811676
TN8811676;WIKIDATA;Q2681097
TN8811718;OSM;5760591325
TN8811718;SNCB;gs:nmbssncb:8811718
TN8811718;SNCB;gs:nmbssncb:8811718_1
TN8811718;SNCB;gs:nmbssncb:8811718_2
TN8811718;SNCB;gs:nmbssncb:S8811718
TN8811718;UIC;8811718
TN8811718;WIKIDATA;Q1854489
TN8811726;OSM;5760591330
TN8811726;SNCB;gs:nmbssncb:8811726
TN8811726;SNCB;gs:nmbssncb:8811726_1
TN8811726;SNCB;gs:nmbssncb:8811726_2
TN8811726;SNCB;gs:nmbssncb:8811726_3
TN8811726;SNCB;gs:nmbssncb:S8811726
TN8811726;UIC;8811726
TN8811726;WIKIDATA;Q2493508
TN8811734;OSM;5760402787
TN8811734;SNCB;gs:nmbssncb:8811734
TN8811734;SNCB;gs:nmbssncb:8811734_1
TN8811734;SNCB;gs:nmbssncb:8811734_2
TN8811734;SNCB;gs:nmbssncb:S8811734
TN8811734;UIC;8811734
TN8811734;WIKIDATA;Q2625038
TN8811742;OSM;5760402799
TN8811742;SNCB;gs:nmbssncb:8811742
TN8811742;SNCB;gs:nmbssncb:8811742_1
TN8811742;SNCB;gs:nmbssncb:8811742_2
TN8811742;SNCB;gs:nmbssncb:S8811742
TN8811742;UIC;8811742
TN8811742;WIKIDATA;Q2158561
TN8811759;OSM;5760402815
TN8811759;SNCB;gs:nmbssncb:8811759
TN8811759;SNCB;gs:nmbssncb:8811759_1
TN8811759;SNCB;gs:nmbssncb:8811759_2
TN8811759;SNCB;gs:nmbssncb:S8811759
TN8811759;UIC;8811759
TN8811759;WIKIDATA;Q2731280
TN8811767;OSM;5760403126
TN8811767;SNCB;gs:nmbssncb:8811767
TN8811767;SNCB;gs:nmbssncb:8811767_1
TN8811767;SNCB;gs:nmbssncb:8811767_2
TN8811767;SNCB;gs:nmbssncb:S8811767
TN8811767;UIC;8811767
TN8811767;WIKIDATA;Q2270879
TN8811775;OSM;5760403131
TN8811775;SNCB;gs:nmbssncb:8811775
TN8811775;SNCB;gs:nmbssncb:8811775_1
TN8811775;SNCB;gs:nmbssncb:8811775_2
TN8811775;SNCB;gs:nmbssncb:S8811775
TN8811775;UIC;8811775
TN8811775;WIKIDATA;Q2840656
TN8811817;OSM;5959608038
TN8811817;SNCB;gs:nmbssncb:8811817
TN8811817;SNCB;gs:nmbssncb:8811817_1
TN8811817;SNCB;gs:nmbssncb:8811817_2
TN8811817;SNCB;gs:nmbssncb:S8811817
TN8811817;UIC;8811817
TN8811817;WIKIDATA;Q2225606
TN8811825;OSM;5959607997
TN8811825;SNCB;gs:nmbssncb:8811825
TN8811825;SNCB;gs:nmbssncb:8811825_1
TN8811825;SNCB;gs:nmbssncb:8811825_2
TN8811825;SNCB;gs:nmbssncb:S8811825
TN8811825;UIC;8811825
TN8811825;WIKIDATA;Q2688690
TN8811916;OSM;5924443350
TN8811916;SNCB;gs:nmbssncb:8811916
TN8811916;SNCB;gs:nmbssncb:8811916_1
TN8811916;SNCB;gs:nmbssncb:8811916_2
TN8811916;SNCB;gs:nmbssncb:8811916_3
TN8811916;SNCB;gs:nmbssncb:8811916_4
TN8811916;SNCB;gs:nmbssncb:S8811916
TN8811916;UIC;8811916
TN8811916;WIKIDATA;Q800589
TN8811940;OSM;7970194823
TN8811940;SNCB;gs:nmbssncb:8811940
TN8811940;SNCB;gs:nmbssncb:8811940_1
TN8811940;SNCB;gs:nmbssncb:8811940_4
TN8811940;SNCB;gs:nmbssncb:S8811940
TN8811940;UIC;8811940
TN8811940;WIKIDATA;Q98436002
TN8812005;OSM;66180313
TN8812005;SNCB;gs:nmbssncb:8812005
TN8812005;SNCB;gs:nmbssncb:8812005_1
TN8812005;SNCB;gs:nmbssncb:8812005_10
TN8812005;SNCB;gs:nmbssncb:8812005_11
TN8812005;SNCB;gs:nmbssncb:8812005_12
TN8812005;SNCB;gs:nmbssncb:8812005_2
TN8812005;SNCB;gs:nmbssncb:8812005_3
TN8812005;SNCB;gs:nmbssncb:8812005_4
TN8812005;SNCB;gs:nmbssncb:8812005_5
TN8812005;SNCB;gs:nmbssncb:8812005_6
TN8812005;SNCB;gs:nmbssncb:8812005_7
TN8812005;SNCB;gs:nmbssncb:8812005_8
TN8812005;SNCB;gs:nmbssncb:8812005_9
TN8812005;SNCB;gs:nmbssncb:8812005_TE BEPAL
TN8812005;SNCB;gs:nmbssncb:S8812005
TN8812005;UIC;8812005
TN8812005;WIKIDATA;Q660792
TN8812013;OSM;7285776320
TN8812013;SNCB;gs:nmbssncb:8812013
TN8812013;SNCB;gs:nmbssncb:8812013_1
TN8812013;SNCB;gs:nmbssncb:8812013_2
TN8812013;SNCB;gs:nmbssncb:S8812013
TN8812013;UIC;8812013
TN8812013;WIKIDATA;Q3097746
TN8812021;OSM;7444365729
TN8812021;SNCB;gs:nmbssncb:8812021
TN8812021;SNCB;gs:nmbssncb:8812021_1
TN8812021;SNCB;gs:nmbssncb:8812021_2
TN8812021;SNCB;gs:nmbssncb:S8812021
TN8812021;UIC;8812021
TN8812021;WIKIDATA;Q4936291
TN8812047;OSM;7339999848
TN8812047;SNCB;gs:nmbssncb:8812047
TN8812047;SNCB;gs:nmbssncb:8812047_1
TN8812047;SNCB;gs:nmbssncb:8812047_2
TN8812047;SNCB;gs:nmbssncb:8812047_3
TN8812047;SNCB;gs:nmbssncb:8812047_4
TN8812047;SNCB;gs:nmbssncb:S8812047
TN8812047;UIC;8812047
TN8812047;WIKIDATA;Q2745256
TN8812062;OSM;7339975216
TN8812062;SNCB;gs:nmbssncb:8812062
TN8812062;SNCB;gs:nmbssncb:8812062_1
TN8812062;SNCB;gs:nmbssncb:8812062_2
TN8812062;SNCB;gs:nmbssncb:S8812062
TN8812062;UIC;8812062
TN8812062;WIKIDATA;Q1943023
TN8812070;OSM;7339933058
TN8812070;SNCB;gs:nmbssncb:8812070
TN8812070;SNCB;gs:nmbssncb:8812070_1
TN8812070;SNCB;gs:nmbssncb:8812070_2
TN8812070;SNCB;gs:nmbssncb:S8812070
TN8812070;UIC;8812070
TN8812070;WIKIDATA;Q4518769
TN8812112;OSM;7339933394
TN8812112;SNCB;gs:nmbssncb:8812112
TN8812112;SNCB;gs:nmbssncb:8812112_1
TN8812112;SNCB;gs:nmbssncb:8812112_2
TN8812112;SNCB;gs:nmbssncb:S8812112
TN8812112;UIC;8812112
TN8812112;WIKIDATA;Q4948356
TN8812120;OSM;7335737169
TN8812120;SNCB;gs:nmbssncb:8812120
TN8812120;SNCB;gs:nmbssncb:8812120_1
TN8812120;SNCB;gs:nmbssncb:8812120_2
TN8812120;SNCB;gs:nmbssncb:S8812120
TN8812120;UIC;8812120
TN8812120;WIKIDATA;Q1976034
TN8812146;OSM;7335760697
TN8812146;SNCB;gs:nmbssncb:8812146
TN8812146;SNCB;gs:nmbssncb:8812146_1
TN8812146;SNCB;gs:nmbssncb:8812146_2
TN8812146;SNCB;gs:nmbssncb:8812146_3
TN8812146;SNCB;gs:nmbssncb:S8812146
TN8812146;UIC;8812146
TN8812146;WIKIDATA;Q2963496
TN8812153;OSM;7335760741
TN8812153;SNCB;gs:nmbssncb:8812153
TN8812153;SNCB;gs:nmbssncb:8812153_1
TN8812153;SNCB;gs:nmbssncb:8812153_2
TN8812153;SNCB;gs:nmbssncb:S8812153
TN8812153;UIC;8812153
TN8812153;WIKIDATA;Q4340253
TN8812161;OSM;7333177233
TN8812161;SNCB;gs:nmbssncb:8812161
TN8812161;SNCB;gs:nmbssncb:8812161_1
TN8812161;SNCB;gs:nmbssncb:8812161_2
TN8812161;SNCB;gs:nmbssncb:S8812161
TN8812161;UIC;8812161
TN8812161;WIKIDATA;Q2357975
TN8812211;OSM;7454369596
TN8812211;SNCB;gs:nmbssncb:8812211
TN8812211;SNCB;gs:nmbssncb:8812211_1
TN8812211;SNCB;gs:nmbssncb:8812211_2
TN8812211;SNCB;gs:nmbssncb:S8812211
TN8812211;UIC;8812211
TN8812211;WIKIDATA;Q3095968
TN8812229;OSM;7454486448
TN8812229;SNCB;gs:nmbssncb:8812229
TN8812229;SNCB;gs:nmbssncb:8812229_1
TN8812229;SNCB;gs:nmbssncb:8812229_2
TN8812229;SNCB;gs:nmbssncb:S8812229
TN8812229;UIC;8812229
TN8812229;WIKIDATA;Q636471
TN8812237;OSM;7454473279
TN8812237;SNCB;gs:nmbssncb:8812237
TN8812237;SNCB;gs:nmbssncb:8812237_1
TN8812237;SNCB;gs:nmbssncb:8812237_2
TN8812237;SNCB;gs:nmbssncb:S8812237
TN8812237;UIC;8812237
TN8812245;OSM;7454473238
TN8812245;SNCB;gs:nmbssncb:8812245
TN8812245;SNCB;gs:nmbssncb:8812245_1
TN8812245;SNCB;gs:nmbssncb:8812245_2
TN8812245;SNCB;gs:nmbssncb:S8812245
TN8812245;UIC;8812245
TN8812245;WIKIDATA;Q2350566
TN8812252;OSM;7454739809
TN8812252;SNCB;gs:nmbssncb:8812252
TN8812252;SNCB;gs:nmbssncb:8812252_1
TN8812252;SNCB;gs:nmbssncb:8812252_2
TN8812252;SNCB;gs:nmbssncb:8812252_3
TN8812252;SNCB;gs:nmbssncb:S8812252
TN8812252;UIC;8812252
TN8812252;WIKIDATA;Q2339070
TN8812260;OSM;7454731314
TN8812260;SNCB;gs:nmbssncb:8812260
TN8812260;SNCB;gs:nmbssncb:8812260_1
TN8812260;SNCB;gs:nmbssncb:8812260_2
TN8812260;SNCB;gs:nmbssncb:S8812260
TN8812260;UIC;8812260
TN8813003;OSM;3266203405
TN8813003;SNCB;gs:nmbssncb:8813003
TN8813003;SNCB;gs:nmbssncb:8813003_1
TN8813003;SNCB;gs:nmbssncb:8813003_2
TN8813003;SNCB;gs:nmbssncb:8813003_3
TN8813003;SNCB;gs:nmbssncb:8813003_4
TN8813003;SNCB;gs:nmbssncb:8813003_5
TN8813003;SNCB;gs:nmbssncb:8813003_6
TN8813003;SNCB;gs:nmbssncb:S8813003
TN8813003;UIC;8813003
TN8813003;WIKIDATA;Q800588
TN8813037;OSM;7846763865
TN8813037;SNCB;gs:nmbssncb:8813037
TN8813037;SNCB;gs:nmbssncb:8813037_3
TN8813037;SNCB;gs:nmbssncb:8813037_5
TN8813037;SNCB;gs:nmbssncb:8813037_6
TN8813037;SNCB;gs:nmbssncb:S8813037
TN8813037;UIC;8813037
TN8813037;WIKIDATA;Q2627408
TN8813045;OSM;7846790400
TN8813045;SNCB;gs:nmbssncb:8813045
TN8813045;SNCB;gs:nmbssncb:8813045_3
TN8813045;SNCB;gs:nmbssncb:8813045_4
TN8813045;SNCB;gs:nmbssncb:8813045_5
TN8813045;SNCB;gs:nmbssncb:8813045_6
TN8813045;SNCB;gs:nmbssncb:S8813045
TN8813045;UIC;8813045
TN8813045;WIKIDATA;Q2201793
TN8814001;CRS;BXS
TN8814001;OSM;17401552
TN8814001;SNCB;gs:nmbssncb:8814001
TN8814001;SNCB;gs:nmbssncb:8814001_1
TN8814001;SNCB;gs:nmbssncb:8814001_10
TN8814001;SNCB;gs:nmbssncb:8814001_11
TN8814001;SNCB;gs:nmbssncb:8814001_12
TN8814001;SNCB;gs:nmbssncb:8814001_13
TN8814001;SNCB;gs:nmbssncb:8814001_14
TN8814001;SNCB;gs:nmbssncb:8814001_15
TN8814001;SNCB;gs:nmbssncb:8814001_16
TN8814001;SNCB;gs:nmbssncb:8814001_17
TN8814001;SNCB;gs:nmbssncb:8814001_18
TN8814001;SNCB;gs:nmbssncb:8814001_19
TN8814001;SNCB;gs:nmbssncb:8814001_2
TN8814001;SNCB;gs:nmbssncb:8814001_20
TN8814001;SNCB;gs:nmbssncb:8814001_21
TN8814001;SNCB;gs:nmbssncb:8814001_3
TN8814001;SNCB;gs:nmbssncb:8814001_4
TN8814001;SNCB;gs:nmbssncb:8814001_5
TN8814001;SNCB;gs:nmbssncb:8814001_6
TN8814001;SNCB;gs:nmbssncb:8814001_7
TN8814001;SNCB;gs:nmbssncb:8814001_8
TN8814001;SNCB;gs:nmbssncb:8814001_9
TN8814001;SNCB;gs:nmbssncb:8814001_TE BEPAL
TN8814001;SNCB;gs:nmbssncb:S8814001
TN8814001;UIC;8814001
TN8814001;WIKIDATA;Q800587
TN8814118;OSM;6040151017
TN8814118;SNCB;gs:nmbssncb:8814118
TN8814118;SNCB;gs:nmbssncb:8814118_1
TN8814118;SNCB;gs:nmbssncb:8814118_2
TN8814118;SNCB;gs:nmbssncb:S8814118
TN8814118;UIC;8814118
TN8814118;WIKIDATA;Q2479446
TN8814126;OSM;6036364129
TN8814126;SNCB;gs:nmbssncb:8814126
TN8814126;SNCB;gs:nmbssncb:8814126_1
TN8814126;SNCB;gs:nmbssncb:8814126_2
TN8814126;SNCB;gs:nmbssncb:S8814126
TN8814126;UIC;8814126
TN8814126;WIKIDATA;Q2478426
TN8814134;OSM;6036364137
TN8814134;SNCB;gs:nmbssncb:8814134
TN8814134;SNCB;gs:nmbssncb:8814134_1
TN8814134;SNCB;gs:nmbssncb:8814134_2
TN8814134;SNCB;gs:nmbssncb:S8814134
TN8814134;UIC;8814134
TN8814134;WIKIDATA;Q3095852
TN8814142;OSM;3887858947
TN8814142;SNCB;gs:nmbssncb:8814142
TN8814142;SNCB;gs:nmbssncb:8814142_1
TN8814142;SNCB;gs:nmbssncb:8814142_2
TN8814142;SNCB;gs:nmbssncb:S8814142
TN8814142;UIC;8814142
TN8814142;WIKIDATA;Q545517
TN8814159;OSM;6036209435
TN8814159;SNCB;gs:nmbssncb:8814159
TN8814159;SNCB;gs:nmbssncb:8814159_1
TN8814159;SNCB;gs:nmbssncb:8814159_2
TN8814159;SNCB;gs:nmbssncb:S8814159
TN8814159;UIC;8814159
TN8814159;WIKIDATA;Q3022258
TN8814167;OSM;6036209709
TN8814167;SNCB;gs:nmbssncb:8814167
TN8814167;SNCB;gs:nmbssncb:8814167_1
TN8814167;SNCB;gs:nmbssncb:8814167_2
TN8814167;SNCB;gs:nmbssncb:S8814167
TN8814167;UIC;8814167
TN8814167;WIKIDATA;Q2780991
TN8814175;OSM;6036209726
TN8814175;SNCB;gs:nmbssncb:8814175
TN8814175;SNCB;gs:nmbssncb:8814175_1
TN8814175;SNCB;gs:nmbssncb:8814175_2
TN8814175;SNCB;gs:nmbssncb:S8814175
TN8814175;UIC;8814175
TN8814209;OSM;26912267
TN8814209;SNCB;gs:nmbssncb:8814209
TN8814209;SNCB;gs:nmbssncb:8814209_1
TN8814209;SNCB;gs:nmbssncb:8814209_2
TN8814209;SNCB;gs:nmbssncb:8814209_3
TN8814209;SNCB;gs:nmbssncb:8814209_4
TN8814209;SNCB;gs:nmbssncb:8814209_5
TN8814209;SNCB;gs:nmbssncb:8814209_6
TN8814209;SNCB;gs:nmbssncb:S8814209
TN8814209;UIC;8814209
TN8814209;WIKIDATA;Q2953782
TN8814241;OSM;6031556542
TN8814241;SNCB;gs:nmbssncb:8814241
TN8814241;SNCB;gs:nmbssncb:8814241_1
TN8814241;SNCB;gs:nmbssncb:8814241_2
TN8814241;SNCB;gs:nmbssncb:S8814241
TN8814241;UIC;8814241
TN8814241;WIKIDATA;Q3096887
TN8814258;OSM;6033722936
TN8814258;SNCB;gs:nmbssncb:8814258
TN8814258;SNCB;gs:nmbssncb:8814258_1
TN8814258;SNCB;gs:nmbssncb:8814258_2
TN8814258;SNCB;gs:nmbssncb:8814258_3
TN8814258;SNCB;gs:nmbssncb:8814258_4
TN8814258;SNCB;gs:nmbssncb:S8814258
TN8814258;UIC;8814258
TN8814258;WIKIDATA;Q2060145
TN8814266;OSM;6033722909
TN8814266;SNCB;gs:nmbssncb:8814266
TN8814266;SNCB;gs:nmbssncb:8814266_1
TN8814266;SNCB;gs:nmbssncb:8814266_2
TN8814266;SNCB;gs:nmbssncb:8814266_3
TN8814266;SNCB;gs:nmbssncb:8814266_4
TN8814266;SNCB;gs:nmbssncb:S8814266
TN8814266;UIC;8814266
TN8814266;WIKIDATA;Q2695662
TN8814308;OSM;7106577481
TN8814308;SNCB;gs:nmbssncb:8814308
TN8814308;SNCB;gs:nmbssncb:8814308_1
TN8814308;SNCB;gs:nmbssncb:8814308_2
TN8814308;SNCB;gs:nmbssncb:8814308_3
TN8814308;SNCB;gs:nmbssncb:8814308_4
TN8814308;SNCB;gs:nmbssncb:8814308_5
TN8814308;SNCB;gs:nmbssncb:S8814308
TN8814308;UIC;8814308
TN8814308;WIKIDATA;Q2549821
TN8814332;OSM;7072163247
TN8814332;SNCB;gs:nmbssncb:8814332
TN8814332;SNCB;gs:nmbssncb:8814332_1
TN8814332;SNCB;gs:nmbssncb:8814332_2
TN8814332;SNCB;gs:nmbssncb:S8814332
TN8814332;UIC;8814332
TN8814332;WIKIDATA;Q3096873
TN8814340;OSM;7072245012
TN8814340;SNCB;gs:nmbssncb:8814340
TN8814340;SNCB;gs:nmbssncb:8814340_1
TN8814340;SNCB;gs:nmbssncb:8814340_2
TN8814340;SNCB;gs:nmbssncb:8814340_3
TN8814340;SNCB;gs:nmbssncb:S8814340
TN8814340;UIC;8814340
TN8814357;OSM;7072200482
TN8814357;SNCB;gs:nmbssncb:8814357
TN8814357;SNCB;gs:nmbssncb:8814357_1
TN8814357;SNCB;gs:nmbssncb:8814357_2
TN8814357;SNCB;gs:nmbssncb:8814357_3
TN8814357;SNCB;gs:nmbssncb:S8814357
TN8814357;UIC;8814357
TN8814357;WIKIDATA;Q1824209
TN8814365;OSM;7072245726
TN8814365;SNCB;gs:nmbssncb:8814365
TN8814365;SNCB;gs:nmbssncb:8814365_1
TN8814365;SNCB;gs:nmbssncb:8814365_2
TN8814365;SNCB;gs:nmbssncb:S8814365
TN8814365;UIC;8814365
TN8814365;WIKIDATA;Q2509613
TN8814373;OSM;7072204237
TN8814373;SNCB;gs:nmbssncb:8814373
TN8814373;SNCB;gs:nmbssncb:8814373_1
TN8814373;SNCB;gs:nmbssncb:8814373_2
TN8814373;SNCB;gs:nmbssncb:8814373_4
TN8814373;SNCB;gs:nmbssncb:S8814373
TN8814373;UIC;8814373
TN8814373;WIKIDATA;Q952542
TN8814415;OSM;7237394394
TN8814415;SNCB;gs:nmbssncb:8814415
TN8814415;SNCB;gs:nmbssncb:8814415_1
TN8814415;SNCB;gs:nmbssncb:8814415_2
TN8814415;SNCB;gs:nmbssncb:S8814415
TN8814415;UIC;8814415
TN8814415;WIKIDATA;Q2089790
TN8814423;OSM;7237371053
TN8814423;SNCB;gs:nmbssncb:8814423
TN8814423;SNCB;gs:nmbssncb:8814423_1
TN8814423;SNCB;gs:nmbssncb:8814423_2
TN8814423;SNCB;gs:nmbssncb:S8814423
TN8814423;UIC;8814423
TN8814423;WIKIDATA;Q2462704
TN8814431;OSM;7241012430
TN8814431;SNCB;gs:nmbssncb:8814431
TN8814431;SNCB;gs:nmbssncb:8814431_5
TN8814431;SNCB;gs:nmbssncb:8814431_6
TN8814431;SNCB;gs:nmbssncb:S8814431
TN8814431;UIC;8814431
TN8814431;WIKIDATA;Q2331977
TN8814449;OSM;7241012405
TN8814449;SNCB;gs:nmbssncb:8814449
TN8814449;SNCB;gs:nmbssncb:8814449_1
TN8814449;SNCB;gs:nmbssncb:8814449_2
TN8814449;SNCB;gs:nmbssncb:S8814449
TN8814449;UIC;8814449
TN8814449;WIKIDATA;Q1823157
TN8814456;OSM;7241012389
TN8814456;SNCB;gs:nmbssncb:8814456
TN8814456;SNCB;gs:nmbssncb:8814456_1
TN8814456;SNCB;gs:nmbssncb:8814456_2
TN8814456;SNCB;gs:nmbssncb:S8814456
TN8814456;UIC;8814456
TN8814456;WIKIDATA;Q2100626
TN8814464;OSM;7241012404
TN8814464;SNCB;gs:nmbssncb:8814464
TN8814464;SNCB;gs:nmbssncb:8814464_1
TN8814464;SNCB;gs:nmbssncb:8814464_2
TN8814464;SNCB;gs:nmbssncb:S8814464
TN8814464;UIC;8814464
TN8814464;WIKIDATA;Q749343
TN8814472;OSM;7243129010
TN8814472;SNCB;gs:nmbssncb:8814472
TN8814472;SNCB;gs:nmbssncb:8814472_1
TN8814472;SNCB;gs:nmbssncb:8814472_2
TN8814472;SNCB;gs:nmbssncb:S8814472
TN8814472;UIC;8814472
TN8814472;WIKIDATA;Q537979
TN8815016;OSM;9439320362
TN8815016;SNCB;gs:nmbssncb:8815016
TN8815016;SNCB;gs:nmbssncb:8815016_1
TN8815016;SNCB;gs:nmbssncb:8815016_2
TN8815016;SNCB;gs:nmbssncb:S8815016
TN8815016;UIC;8815016
TN8815016;WIKIDATA;Q2314359
TN8815040;OSM;7289380465
TN8815040;SNCB;gs:nmbssncb:8815040
TN8815040;SNCB;gs:nmbssncb:8815040_1
TN8815040;SNCB;gs:nmbssncb:8815040_2
TN8815040;SNCB;gs:nmbssncb:S8815040
TN8815040;UIC;8815040
TN8815040;WIKIDATA;Q3096078
TN8819406;OSM;8313215285
TN8819406;SNCB;gs:nmbssncb:8819406
TN8819406;SNCB;gs:nmbssncb:8819406_1
TN8819406;SNCB;gs:nmbssncb:8819406_2
TN8819406;SNCB;gs:nmbssncb:8819406_3
TN8819406;SNCB;gs:nmbssncb:S8819406
TN8819406;UIC;8819406
TN8819406;WIKIDATA;Q852880
TN8821006;OSM;348421822
TN8821006;SNCB;gs:nmbssncb:8821006
TN8821006;SNCB;gs:nmbssncb:8821006_1
TN8821006;SNCB;gs:nmbssncb:8821006_11
TN8821006;SNCB;gs:nmbssncb:8821006_12
TN8821006;SNCB;gs:nmbssncb:8821006_13
TN8821006;SNCB;gs:nmbssncb:8821006_14
TN8821006;SNCB;gs:nmbssncb:8821006_2
TN8821006;SNCB;gs:nmbssncb:8821006_21
TN8821006;SNCB;gs:nmbssncb:8821006_22
TN8821006;SNCB;gs:nmbssncb:8821006_23
TN8821006;SNCB;gs:nmbssncb:8821006_24
TN8821006;SNCB;gs:nmbssncb:8821006_3
TN8821006;SNCB;gs:nmbssncb:8821006_4
TN8821006;SNCB;gs:nmbssncb:8821006_5
TN8821006;SNCB;gs:nmbssncb:8821006_6
TN8821006;SNCB;gs:nmbssncb:8821006_????????
TN8821006;SNCB;gs:nmbssncb:8821006_TE BEPAL
TN8821006;SNCB;gs:nmbssncb:S8821006
TN8821006;UIC;8821006
TN8821006;WIKIDATA;Q800398
TN8821063;OSM;7216689580
TN8821063;SNCB;gs:nmbssncb:8821063
TN8821063;SNCB;gs:nmbssncb:8821063_1
TN8821063;SNCB;gs:nmbssncb:8821063_2
TN8821063;SNCB;gs:nmbssncb:8821063_3
TN8821063;SNCB;gs:nmbssncb:8821063_4
TN8821063;SNCB;gs:nmbssncb:8821063_5
TN8821063;SNCB;gs:nmbssncb:8821063_6
TN8821063;SNCB;gs:nmbssncb:S8821063
TN8821063;UIC;8821063
TN8821063;WIKIDATA;Q800391
TN8821071;OSM;4623345562
TN8821071;SNCB;gs:nmbssncb:8821071
TN8821071;SNCB;gs:nmbssncb:8821071_1
TN8821071;SNCB;gs:nmbssncb:8821071_2
TN8821071;SNCB;gs:nmbssncb:S8821071
TN8821071;UIC;8821071
TN8821071;WIKIDATA;Q2202866
TN8821089;OSM;7216689571
TN8821089;SNCB;gs:nmbssncb:8821089
TN8821089;SNCB;gs:nmbssncb:8821089_1
TN8821089;SNCB;gs:nmbssncb:8821089_2
TN8821089;SNCB;gs:nmbssncb:8821089_3
TN8821089;SNCB;gs:nmbssncb:8821089_4
TN8821089;SNCB;gs:nmbssncb:S8821089
TN8821089;UIC;8821089
TN8821089;WIKIDATA;Q800393
TN8821105;OSM;7216069540
TN8821105;SNCB;gs:nmbssncb:8821105
TN8821105;SNCB;gs:nmbssncb:8821105_1
TN8821105;SNCB;gs:nmbssncb:8821105_2
TN8821105;SNCB;gs:nmbssncb:8821105_782
TN8821105;SNCB;gs:nmbssncb:S8821105
TN8821105;UIC;8821105
TN8821105;WIKIDATA;Q1916027
TN8821121;OSM;7272811038
TN8821121;SNCB;gs:nmbssncb:8821121
TN8821121;SNCB;gs:nmbssncb:8821121_1
TN8821121;SNCB;gs:nmbssncb:8821121_10
TN8821121;SNCB;gs:nmbssncb:8821121_2
TN8821121;SNCB;gs:nmbssncb:8821121_3
TN8821121;SNCB;gs:nmbssncb:8821121_4
TN8821121;SNCB;gs:nmbssncb:8821121_5
TN8821121;SNCB;gs:nmbssncb:8821121_6
TN8821121;SNCB;gs:nmbssncb:8821121_7
TN8821121;SNCB;gs:nmbssncb:8821121_8
TN8821121;SNCB;gs:nmbssncb:8821121_9
TN8821121;SNCB;gs:nmbssncb:8821121_????????
TN8821121;SNCB;gs:nmbssncb:8821121_TE BEPAL
TN8821121;SNCB;gs:nmbssncb:S8821121
TN8821121;UIC;8821121
TN8821121;WIKIDATA;Q800387
TN8821147;OSM;7359586102
TN8821147;SNCB;gs:nmbssncb:8821147
TN8821147;SNCB;gs:nmbssncb:8821147_1
TN8821147;SNCB;gs:nmbssncb:8821147_2
TN8821147;SNCB;gs:nmbssncb:8821147_3
TN8821147;SNCB;gs:nmbssncb:8821147_4
TN8821147;SNCB;gs:nmbssncb:S8821147
TN8821147;UIC;8821147
TN8821147;WIKIDATA;Q6915000
TN8821196;OSM;351590239
TN8821196;SNCB;gs:nmbssncb:8821196
TN8821196;SNCB;gs:nmbssncb:8821196_1
TN8821196;SNCB;gs:nmbssncb:8821196_2
TN8821196;SNCB;gs:nmbssncb:8821196_3
TN8821196;SNCB;gs:nmbssncb:8821196_4
TN8821196;SNCB;gs:nmbssncb:S8821196
TN8821196;UIC;8821196
TN8821196;WIKIDATA;Q1935700
TN8821238;OSM;7267350074
TN8821238;SNCB;gs:nmbssncb:8821238
TN8821238;SNCB;gs:nmbssncb:8821238_1
TN8821238;SNCB;gs:nmbssncb:8821238_2
TN8821238;SNCB;gs:nmbssncb:S8821238
TN8821238;UIC;8821238
TN8821238;WIKIDATA;Q2128736
TN8821246;OSM;7359338065
TN8821246;SNCB;gs:nmbssncb:8821246
TN8821246;SNCB;gs:nmbssncb:8821246_1
TN8821246;SNCB;gs:nmbssncb:8821246_2
TN8821246;SNCB;gs:nmbssncb:S8821246
TN8821246;UIC;8821246
TN8821246;WIKIDATA;Q2136907
TN8821311;OSM;7267350804
TN8821311;SNCB;gs:nmbssncb:8821311
TN8821311;SNCB;gs:nmbssncb:8821311_1
TN8821311;SNCB;gs:nmbssncb:8821311_2
TN8821311;SNCB;gs:nmbssncb:8821311_3
TN8821311;SNCB;gs:nmbssncb:8821311_4
TN8821311;SNCB;gs:nmbssncb:8821311_5
TN8821311;SNCB;gs:nmbssncb:S8821311
TN8821311;UIC;8821311
TN8821311;WIKIDATA;Q2801243
TN8821337;OSM;7267350785
TN8821337;SNCB;gs:nmbssncb:8821337
TN8821337;SNCB;gs:nmbssncb:8821337_1
TN8821337;SNCB;gs:nmbssncb:8821337_2
TN8821337;SNCB;gs:nmbssncb:8821337_3
TN8821337;SNCB;gs:nmbssncb:8821337_4
TN8821337;SNCB;gs:nmbssncb:S8821337
TN8821337;UIC;8821337
TN8821337;WIKIDATA;Q2511105
TN8821402;OSM;4623339106
TN8821402;SNCB;gs:nmbssncb:8821402
TN8821402;SNCB;gs:nmbssncb:8821402_1
TN8821402;SNCB;gs:nmbssncb:8821402_2
TN8821402;SNCB;gs:nmbssncb:8821402_3
TN8821402;SNCB;gs:nmbssncb:8821402_VARIA
TN8821402;SNCB;gs:nmbssncb:S8821402
TN8821402;UIC;8821402
TN8821402;WIKIDATA;Q2157270
TN8821436;OSM;4623344475
TN8821436;SNCB;gs:nmbssncb:8821436
TN8821436;SNCB;gs:nmbssncb:8821436_1
TN8821436;SNCB;gs:nmbssncb:8821436_2
TN8821436;SNCB;gs:nmbssncb:S8821436
TN8821436;UIC;8821436
TN8821436;WIKIDATA;Q2216154
TN8821444;OSM;4623344474
TN8821444;SNCB;gs:nmbssncb:8821444
TN8821444;SNCB;gs:nmbssncb:8821444_1
TN8821444;SNCB;gs:nmbssncb:8821444_2
TN8821444;SNCB;gs:nmbssncb:S8821444
TN8821444;UIC;8821444
TN8821444;WIKIDATA;Q2197004
TN8821451;OSM;4623345363
TN8821451;SNCB;gs:nmbssncb:8821451
TN8821451;SNCB;gs:nmbssncb:8821451_1
TN8821451;SNCB;gs:nmbssncb:8821451_2
TN8821451;SNCB;gs:nmbssncb:S8821451
TN8821451;UIC;8821451
TN8821451;WIKIDATA;Q2844115
TN8821519;OSM;3724964726
TN8821519;SNCB;gs:nmbssncb:8821519
TN8821519;SNCB;gs:nmbssncb:8821519_1
TN8821519;SNCB;gs:nmbssncb:8821519_2
TN8821519;SNCB;gs:nmbssncb:S8821519
TN8821519;UIC;8821519
TN8821519;WIKIDATA;Q2455656
TN8821535;OSM;1516414635
TN8821535;SNCB;gs:nmbssncb:8821535
TN8821535;SNCB;gs:nmbssncb:8821535_1
TN8821535;SNCB;gs:nmbssncb:8821535_2
TN8821535;SNCB;gs:nmbssncb:8821535_3
TN8821535;SNCB;gs:nmbssncb:S8821535
TN8821535;UIC;8821535
TN8821535;WIKIDATA;Q1861733
TN8821543;OSM;4623345362
TN8821543;SNCB;gs:nmbssncb:8821543
TN8821543;SNCB;gs:nmbssncb:8821543_1
TN8821543;SNCB;gs:nmbssncb:8821543_2
TN8821543;SNCB;gs:nmbssncb:S8821543
TN8821543;UIC;8821543
TN8821543;WIKIDATA;Q1865600
TN8821600;OSM;5391076209
TN8821600;SNCB;gs:nmbssncb:8821600
TN8821600;SNCB;gs:nmbssncb:8821600_1
TN8821600;SNCB;gs:nmbssncb:8821600_2
TN8821600;SNCB;gs:nmbssncb:8821600_3
TN8821600;SNCB;gs:nmbssncb:8821600_4
TN8821600;SNCB;gs:nmbssncb:8821600_5
TN8821600;SNCB;gs:nmbssncb:8821600_????????
TN8821600;SNCB;gs:nmbssncb:S8821600
TN8821600;UIC;8821600
TN8821634;OSM;5236690424
TN8821634;SNCB;gs:nmbssncb:8821634
TN8821634;SNCB;gs:nmbssncb:8821634_1
TN8821634;SNCB;gs:nmbssncb:8821634_2
TN8821634;SNCB;gs:nmbssncb:S8821634
TN8821634;UIC;8821634
TN8821634;WIKIDATA;Q2073294
TN8821659;OSM;5564945148
TN8821659;SNCB;gs:nmbssncb:8821659
TN8821659;SNCB;gs:nmbssncb:8821659_1
TN8821659;SNCB;gs:nmbssncb:8821659_2
TN8821659;SNCB;gs:nmbssncb:S8821659
TN8821659;UIC;8821659
TN8821659;WIKIDATA;Q13641258
TN8821667;OSM;5236691811
TN8821667;SNCB;gs:nmbssncb:8821667
TN8821667;SNCB;gs:nmbssncb:8821667_1
TN8821667;SNCB;gs:nmbssncb:8821667_2
TN8821667;SNCB;gs:nmbssncb:S8821667
TN8821667;UIC;8821667
TN8821667;WIKIDATA;Q2462335
TN8821709;OSM;5236693738
TN8821709;SNCB;gs:nmbssncb:8821709
TN8821709;SNCB;gs:nmbssncb:8821709_1
TN8821709;SNCB;gs:nmbssncb:8821709_2
TN8821709;SNCB;gs:nmbssncb:S8821709
TN8821709;UIC;8821709
TN8821709;WIKIDATA;Q2297802
TN8821717;OSM;2235412281
TN8821717;SNCB;gs:nmbssncb:8821717
TN8821717;SNCB;gs:nmbssncb:8821717_1
TN8821717;SNCB;gs:nmbssncb:8821717_2
TN8821717;SNCB;gs:nmbssncb:8821717_3
TN8821717;SNCB;gs:nmbssncb:8821717_5
TN8821717;SNCB;gs:nmbssncb:8821717_A
TN8821717;SNCB;gs:nmbssncb:S8821717
TN8821717;UIC;8821717
TN8821717;WIKIDATA;Q2513386
TN8821725;OSM;5236691898
TN8821725;SNCB;gs:nmbssncb:8821725
TN8821725;SNCB;gs:nmbssncb:8821725_1
TN8821725;SNCB;gs:nmbssncb:8821725_2
TN8821725;SNCB;gs:nmbssncb:S8821725
TN8821725;UIC;8821725
TN8821725;WIKIDATA;Q2846933
TN8821816;OSM;5543574057
TN8821816;SNCB;gs:nmbssncb:8821816
TN8821816;SNCB;gs:nmbssncb:8821816_1
TN8821816;SNCB;gs:nmbssncb:8821816_2
TN8821816;SNCB;gs:nmbssncb:S8821816
TN8821816;UIC;8821816
TN8821816;WIKIDATA;Q2243397
TN8821824;OSM;5543574065
TN8821824;SNCB;gs:nmbssncb:8821824
TN8821824;SNCB;gs:nmbssncb:8821824_1
TN8821824;SNCB;gs:nmbssncb:8821824_2
TN8821824;SNCB;gs:nmbssncb:S8821824
TN8821824;UIC;8821824
TN8821824;WIKIDATA;Q1911395
TN8821832;OSM;3392485194
TN8821832;SNCB;gs:nmbssncb:8821832
TN8821832;SNCB;gs:nmbssncb:8821832_1
TN8821832;SNCB;gs:nmbssncb:8821832_2
TN8821832;SNCB;gs:nmbssncb:8821832_3
TN8821832;SNCB;gs:nmbssncb:S8821832
TN8821832;UIC;8821832
TN8821832;WIKIDATA;Q2488076
TN8821857;OSM;5543493727
TN8821857;SNCB;gs:nmbssncb:8821857
TN8821857;SNCB;gs:nmbssncb:8821857_1
TN8821857;SNCB;gs:nmbssncb:8821857_2
TN8821857;SNCB;gs:nmbssncb:S8821857
TN8821857;UIC;8821857
TN8821857;WIKIDATA;Q1993758
TN8821865;OSM;5543493747
TN8821865;SNCB;gs:nmbssncb:8821865
TN8821865;SNCB;gs:nmbssncb:8821865_1
TN8821865;SNCB;gs:nmbssncb:8821865_2
TN8821865;SNCB;gs:nmbssncb:S8821865
TN8821865;UIC;8821865
TN8821865;WIKIDATA;Q2468390
TN8821907;OSM;5632288792
TN8821907;SNCB;gs:nmbssncb:8821907
TN8821907;SNCB;gs:nmbssncb:8821907_1
TN8821907;SNCB;gs:nmbssncb:8821907_2
TN8821907;SNCB;gs:nmbssncb:S8821907
TN8821907;UIC;8821907
TN8821964;OSM;5632289465
TN8821964;SNCB;gs:nmbssncb:8821964
TN8821964;SNCB;gs:nmbssncb:8821964_1
TN8821964;SNCB;gs:nmbssncb:8821964_2
TN8821964;SNCB;gs:nmbssncb:S8821964
TN8821964;UIC;8821964
TN8821964;WIKIDATA;Q4583672
TN8822004;OSM;256563112
TN8822004;SNCB;gs:nmbssncb:8822004
TN8822004;SNCB;gs:nmbssncb:8822004_1
TN8822004;SNCB;gs:nmbssncb:8822004_11
TN8822004;SNCB;gs:nmbssncb:8822004_12
TN8822004;SNCB;gs:nmbssncb:8822004_2
TN8822004;SNCB;gs:nmbssncb:8822004_3
TN8822004;SNCB;gs:nmbssncb:8822004_4
TN8822004;SNCB;gs:nmbssncb:8822004_5
TN8822004;SNCB;gs:nmbssncb:8822004_6
TN8822004;SNCB;gs:nmbssncb:8822004_7
TN8822004;SNCB;gs:nmbssncb:8822004_????????
TN8822004;SNCB;gs:nmbssncb:8822004_DSP 310
TN8822004;SNCB;gs:nmbssncb:S8822004
TN8822004;UIC;8822004
TN8822004;WIKIDATA;Q770919
TN8822053;OSM;5752361427
TN8822053;SNCB;gs:nmbssncb:8822053
TN8822053;SNCB;gs:nmbssncb:8822053_1
TN8822053;SNCB;gs:nmbssncb:8822053_2
TN8822053;SNCB;gs:nmbssncb:S8822053
TN8822053;UIC;8822053
TN8822053;WIKIDATA;Q2777622
TN8822111;OSM;5752361314
TN8822111;SNCB;gs:nmbssncb:8822111
TN8822111;SNCB;gs:nmbssncb:8822111_1
TN8822111;SNCB;gs:nmbssncb:8822111_2
TN8822111;SNCB;gs:nmbssncb:8822111_3
TN8822111;SNCB;gs:nmbssncb:S8822111
TN8822111;UIC;8822111
TN8822111;WIKIDATA;Q2697121
TN8822137;OSM;5752361304
TN8822137;SNCB;gs:nmbssncb:8822137
TN8822137;SNCB;gs:nmbssncb:8822137_1
TN8822137;SNCB;gs:nmbssncb:8822137_2
TN8822137;SNCB;gs:nmbssncb:S8822137
TN8822137;UIC;8822137
TN8822137;WIKIDATA;Q2918495
TN8822145;OSM;5752361290
TN8822145;SNCB;gs:nmbssncb:8822145
TN8822145;SNCB;gs:nmbssncb:8822145_1
TN8822145;SNCB;gs:nmbssncb:8822145_2
TN8822145;SNCB;gs:nmbssncb:S8822145
TN8822145;UIC;8822145
TN8822145;WIKIDATA;Q2634729
TN8822160;OSM;5752361275
TN8822160;SNCB;gs:nmbssncb:8822160
TN8822160;SNCB;gs:nmbssncb:8822160_1
TN8822160;SNCB;gs:nmbssncb:8822160_2
TN8822160;SNCB;gs:nmbssncb:S8822160
TN8822160;UIC;8822160
TN8822160;WIKIDATA;Q2342675
TN8822210;OSM;7261826893
TN8822210;SNCB;gs:nmbssncb:8822210
TN8822210;SNCB;gs:nmbssncb:8822210_1
TN8822210;SNCB;gs:nmbssncb:8822210_2
TN8822210;SNCB;gs:nmbssncb:8822210_3
TN8822210;SNCB;gs:nmbssncb:8822210_4
TN8822210;SNCB;gs:nmbssncb:S8822210
TN8822210;UIC;8822210
TN8822210;WIKIDATA;Q2070235
TN8822228;OSM;7261826896
TN8822228;SNCB;gs:nmbssncb:8822228
TN8822228;SNCB;gs:nmbssncb:8822228_1
TN8822228;SNCB;gs:nmbssncb:8822228_2
TN8822228;SNCB;gs:nmbssncb:8822228_3
TN8822228;SNCB;gs:nmbssncb:8822228_4
TN8822228;SNCB;gs:nmbssncb:S8822228
TN8822228;UIC;8822228
TN8822228;WIKIDATA;Q3921076
TN8822251;OSM;7259032381
TN8822251;SNCB;gs:nmbssncb:8822251
TN8822251;SNCB;gs:nmbssncb:8822251_1
TN8822251;SNCB;gs:nmbssncb:8822251_2
TN8822251;SNCB;gs:nmbssncb:8822251_3
TN8822251;SNCB;gs:nmbssncb:8822251_4
TN8822251;SNCB;gs:nmbssncb:S8822251
TN8822251;UIC;8822251
TN8822251;WIKIDATA;Q2036100
TN8822269;OSM;7253672907
TN8822269;SNCB;gs:nmbssncb:8822269
TN8822269;SNCB;gs:nmbssncb:8822269_1
TN8822269;SNCB;gs:nmbssncb:8822269_2
TN8822269;SNCB;gs:nmbssncb:8822269_3
TN8822269;SNCB;gs:nmbssncb:8822269_4
TN8822269;SNCB;gs:nmbssncb:S8822269
TN8822269;UIC;8822269
TN8822277;OSM;7366110667
TN8822277;SNCB;gs:nmbssncb:8822277
TN8822277;SNCB;gs:nmbssncb:8822277_1
TN8822277;SNCB;gs:nmbssncb:8822277_2
TN8822277;SNCB;gs:nmbssncb:S8822277
TN8822277;UIC;8822277
TN8822277;WIKIDATA;Q2493903
TN8822343;OSM;7261826908
TN8822343;SNCB;gs:nmbssncb:8822343
TN8822343;SNCB;gs:nmbssncb:8822343_1
TN8822343;SNCB;gs:nmbssncb:8822343_2
TN8822343;SNCB;gs:nmbssncb:8822343_3
TN8822343;SNCB;gs:nmbssncb:8822343_4
TN8822343;SNCB;gs:nmbssncb:8822343_5
TN8822343;SNCB;gs:nmbssncb:8822343_6
TN8822343;SNCB;gs:nmbssncb:S8822343
TN8822343;UIC;8822343
TN8822343;WIKIDATA;Q2288688
TN8822426;OSM;5709413346
TN8822426;SNCB;gs:nmbssncb:8822426
TN8822426;SNCB;gs:nmbssncb:8822426_1
TN8822426;SNCB;gs:nmbssncb:8822426_2
TN8822426;SNCB;gs:nmbssncb:8822426_3
TN8822426;SNCB;gs:nmbssncb:8822426_4
TN8822426;SNCB;gs:nmbssncb:S8822426
TN8822426;UIC;8822426
TN8822426;WIKIDATA;Q2662472
TN8822459;OSM;5709413378
TN8822459;SNCB;gs:nmbssncb:8822459
TN8822459;SNCB;gs:nmbssncb:8822459_1
TN8822459;SNCB;gs:nmbssncb:8822459_2
TN8822459;SNCB;gs:nmbssncb:S8822459
TN8822459;UIC;8822459
TN8822459;WIKIDATA;Q3096627
TN8822475;OSM;5706148705
TN8822475;SNCB;gs:nmbssncb:8822475
TN8822475;SNCB;gs:nmbssncb:8822475_1
TN8822475;SNCB;gs:nmbssncb:8822475_2
TN8822475;SNCB;gs:nmbssncb:S8822475
TN8822475;UIC;8822475
TN8822475;WIKIDATA;Q613480
TN8822517;OSM;525922925
TN8822517;SNCB;gs:nmbssncb:8822517
TN8822517;SNCB;gs:nmbssncb:8822517_1
TN8822517;SNCB;gs:nmbssncb:8822517_2
TN8822517;SNCB;gs:nmbssncb:S8822517
TN8822517;UIC;8822517
TN8822517;WIKIDATA;Q289086
TN8822525;OSM;631428707
TN8822525;SNCB;gs:nmbssncb:8822525
TN8822525;SNCB;gs:nmbssncb:8822525_1
TN8822525;SNCB;gs:nmbssncb:8822525_2
TN8822525;SNCB;gs:nmbssncb:S8822525
TN8822525;UIC;8822525
TN8822525;WIKIDATA;Q1925047
TN8822533;OSM;5706148842
TN8822533;SNCB;gs:nmbssncb:8822533
TN8822533;SNCB;gs:nmbssncb:8822533_1
TN8822533;SNCB;gs:nmbssncb:8822533_2
TN8822533;SNCB;gs:nmbssncb:S8822533
TN8822533;UIC;8822533
TN8822533;WIKIDATA;Q2604327
TN8822608;OSM;7390621895
TN8822608;SNCB;gs:nmbssncb:8822608
TN8822608;SNCB;gs:nmbssncb:8822608_1
TN8822608;SNCB;gs:nmbssncb:8822608_2
TN8822608;SNCB;gs:nmbssncb:S8822608
TN8822608;UIC;8822608
TN8822608;WIKIDATA;Q2442412
TN8822715;OSM;7391633177
TN8822715;SNCB;gs:nmbssncb:8822715
TN8822715;SNCB;gs:nmbssncb:8822715_1
TN8822715;SNCB;gs:nmbssncb:8822715_2
TN8822715;SNCB;gs:nmbssncb:8822715_3
TN8822715;SNCB;gs:nmbssncb:S8822715
TN8822715;UIC;8822715
TN8822715;WIKIDATA;Q1820790
TN8822772;OSM;7391633116
TN8822772;SNCB;gs:nmbssncb:8822772
TN8822772;SNCB;gs:nmbssncb:8822772_1
TN8822772;SNCB;gs:nmbssncb:S8822772
TN8822772;UIC;8822772
TN8822772;WIKIDATA;Q2231970
TN8822814;OSM;7394315782
TN8822814;SNCB;gs:nmbssncb:8822814
TN8822814;SNCB;gs:nmbssncb:8822814_2
TN8822814;SNCB;gs:nmbssncb:8822814_3
TN8822814;SNCB;gs:nmbssncb:8822814_4
TN8822814;SNCB;gs:nmbssncb:S8822814
TN8822814;UIC;8822814
TN8822814;WIKIDATA;Q2531617
TN8822848;OSM;7394213288
TN8822848;SNCB;gs:nmbssncb:8822848
TN8822848;SNCB;gs:nmbssncb:8822848_1
TN8822848;SNCB;gs:nmbssncb:S8822848
TN8822848;UIC;8822848
TN8822848;WIKIDATA;Q1882840
TN8824158;OSM;7395943708
TN8824158;SNCB;gs:nmbssncb:8824158
TN8824158;SNCB;gs:nmbssncb:8824158_1
TN8824158;SNCB;gs:nmbssncb:8824158_2
TN8824158;SNCB;gs:nmbssncb:S8824158
TN8824158;UIC;8824158
TN8824158;WIKIDATA;Q2186964
TN8824224;OSM;7395943757
TN8824224;SNCB;gs:nmbssncb:8824224
TN8824224;SNCB;gs:nmbssncb:8824224_1
TN8824224;SNCB;gs:nmbssncb:8824224_2
TN8824224;SNCB;gs:nmbssncb:S8824224
TN8824224;UIC;8824224
TN8824224;WIKIDATA;Q2596940
TN8824232;OSM;7394315721
TN8824232;SNCB;gs:nmbssncb:8824232
TN8824232;SNCB;gs:nmbssncb:8824232_1
TN8824232;SNCB;gs:nmbssncb:8824232_2
TN8824232;SNCB;gs:nmbssncb:S8824232
TN8824232;UIC;8824232
TN8824232;WIKIDATA;Q1850441
TN8824240;OSM;7394315746
TN8824240;SNCB;gs:nmbssncb:8824240
TN8824240;SNCB;gs:nmbssncb:8824240_1
TN8824240;SNCB;gs:nmbssncb:8824240_2
TN8824240;SNCB;gs:nmbssncb:S8824240
TN8824240;UIC;8824240
TN8824240;WIKIDATA;Q5058460
TN8831005;OSM;5454793748
TN8831005;SNCB;gs:nmbssncb:8831005
TN8831005;SNCB;gs:nmbssncb:8831005_1
TN8831005;SNCB;gs:nmbssncb:8831005_2
TN8831005;SNCB;gs:nmbssncb:8831005_3
TN8831005;SNCB;gs:nmbssncb:8831005_4
TN8831005;SNCB;gs:nmbssncb:8831005_5
TN8831005;SNCB;gs:nmbssncb:8831005_6
TN8831005;SNCB;gs:nmbssncb:8831005_7
TN8831005;SNCB;gs:nmbssncb:8831005_8
TN8831005;SNCB;gs:nmbssncb:8831005_9
TN8831005;SNCB;gs:nmbssncb:8831005_A
TN8831005;SNCB;gs:nmbssncb:S8831005
TN8831005;UIC;8831005
TN8831005;WIKIDATA;Q534987
TN8831039;OSM;5455051620
TN8831039;SNCB;gs:nmbssncb:8831039
TN8831039;SNCB;gs:nmbssncb:8831039_1
TN8831039;SNCB;gs:nmbssncb:8831039_2
TN8831039;SNCB;gs:nmbssncb:S8831039
TN8831039;UIC;8831039
TN8831039;WIKIDATA;Q4714536
TN8831088;OSM;5465245211
TN8831088;SNCB;gs:nmbssncb:8831088
TN8831088;SNCB;gs:nmbssncb:8831088_1
TN8831088;SNCB;gs:nmbssncb:8831088_2
TN8831088;SNCB;gs:nmbssncb:S8831088
TN8831088;UIC;8831088
TN8831088;WIKIDATA;Q2958031
TN8831112;OSM;5454793812
TN8831112;SNCB;gs:nmbssncb:8831112
TN8831112;SNCB;gs:nmbssncb:8831112_1
TN8831112;SNCB;gs:nmbssncb:8831112_2
TN8831112;SNCB;gs:nmbssncb:S8831112
TN8831112;UIC;8831112
TN8831112;WIKIDATA;Q1947277
TN8831138;OSM;1640542561
TN8831138;SNCB;gs:nmbssncb:8831138
TN8831138;SNCB;gs:nmbssncb:8831138_1
TN8831138;SNCB;gs:nmbssncb:8831138_2
TN8831138;SNCB;gs:nmbssncb:S8831138
TN8831138;UIC;8831138
TN8831138;WIKIDATA;Q742547
TN8831310;OSM;5451889159
TN8831310;SNCB;gs:nmbssncb:8831310
TN8831310;SNCB;gs:nmbssncb:8831310_1
TN8831310;SNCB;gs:nmbssncb:8831310_2
TN8831310;SNCB;gs:nmbssncb:8831310_3
TN8831310;SNCB;gs:nmbssncb:8831310_4
TN8831310;SNCB;gs:nmbssncb:8831310_5
TN8831310;SNCB;gs:nmbssncb:S8831310
TN8831310;UIC;8831310
TN8831310;WIKIDATA;Q681688
TN8831401;OSM;5467705903
TN8831401;SNCB;gs:nmbssncb:8831401
TN8831401;SNCB;gs:nmbssncb:8831401_1
TN8831401;SNCB;gs:nmbssncb:8831401_2
TN8831401;SNCB;gs:nmbssncb:8831401_3
TN8831401;SNCB;gs:nmbssncb:S8831401
TN8831401;UIC;8831401
TN8831401;WIKIDATA;Q2615724
TN8831765;OSM;5528806498
TN8831765;SNCB;gs:nmbssncb:8831765
TN8831765;SNCB;gs:nmbssncb:8831765_1
TN8831765;SNCB;gs:nmbssncb:8831765_2
TN8831765;SNCB;gs:nmbssncb:8831765_3
TN8831765;SNCB;gs:nmbssncb:S8831765
TN8831765;UIC;8831765
TN8831765;WIKIDATA;Q2930117
TN8831781;OSM;5528742324
TN8831781;SNCB;gs:nmbssncb:8831781
TN8831781;SNCB;gs:nmbssncb:8831781_1
TN8831781;SNCB;gs:nmbssncb:8831781_2
TN8831781;SNCB;gs:nmbssncb:S8831781
TN8831781;UIC;8831781
TN8831781;WIKIDATA;Q2343284
TN8831807;OSM;5455053023
TN8831807;SNCB;gs:nmbssncb:8831807
TN8831807;SNCB;gs:nmbssncb:8831807_1
TN8831807;SNCB;gs:nmbssncb:8831807_2
TN8831807;SNCB;gs:nmbssncb:S8831807
TN8831807;UIC;8831807
TN8831807;WIKIDATA;Q2055506
TN8832003;OSM;5550976744
TN8832003;SNCB;gs:nmbssncb:8832003
TN8832003;SNCB;gs:nmbssncb:8832003_1
TN8832003;SNCB;gs:nmbssncb:8832003_2
TN8832003;SNCB;gs:nmbssncb:S8832003
TN8832003;UIC;8832003
TN8832003;WIKIDATA;Q2459980
TN8832045;OSM;5557401938
TN8832045;SNCB;gs:nmbssncb:8832045
TN8832045;SNCB;gs:nmbssncb:8832045_1
TN8832045;SNCB;gs:nmbssncb:S8832045
TN8832045;UIC;8832045
TN8832045;WIKIDATA;Q2342272
TN8832227;OSM;5550976763
TN8832227;SNCB;gs:nmbssncb:8832227
TN8832227;SNCB;gs:nmbssncb:8832227_1
TN8832227;SNCB;gs:nmbssncb:S8832227
TN8832227;UIC;8832227
TN8832227;WIKIDATA;Q2463957
TN8832235;OSM;5550976800
TN8832235;SNCB;gs:nmbssncb:8832235
TN8832235;SNCB;gs:nmbssncb:8832235_1
TN8832235;SNCB;gs:nmbssncb:8832235_2
TN8832235;SNCB;gs:nmbssncb:S8832235
TN8832235;UIC;8832235
TN8832235;WIKIDATA;Q2240386
TN8832243;OSM;5550819846
TN8832243;SNCB;gs:nmbssncb:8832243
TN8832243;SNCB;gs:nmbssncb:8832243_1
TN8832243;SNCB;gs:nmbssncb:8832243_2
TN8832243;SNCB;gs:nmbssncb:S8832243
TN8832243;UIC;8832243
TN8832243;WIKIDATA;Q2082340
TN8832250;OSM;5550819877
TN8832250;SNCB;gs:nmbssncb:8832250
TN8832250;SNCB;gs:nmbssncb:8832250_1
TN8832250;SNCB;gs:nmbssncb:S8832250
TN8832250;UIC;8832250
TN8832250;WIKIDATA;Q2154797
TN8832334;OSM;5550819908
TN8832334;SNCB;gs:nmbssncb:8832334
TN8832334;SNCB;gs:nmbssncb:8832334_1
TN8832334;SNCB;gs:nmbssncb:S8832334
TN8832334;UIC;8832334
TN8832334;WIKIDATA;Q2190432
TN8832375;OSM;5528676168
TN8832375;SNCB;gs:nmbssncb:8832375
TN8832375;SNCB;gs:nmbssncb:8832375_1
TN8832375;SNCB;gs:nmbssncb:8832375_2
TN8832375;SNCB;gs:nmbssncb:S8832375
TN8832375;UIC;8832375
TN8832375;WIKIDATA;Q2626891
TN8832409;OSM;5548769849
TN8832409;SNCB;gs:nmbssncb:8832409
TN8832409;SNCB;gs:nmbssncb:8832409_1
TN8832409;SNCB;gs:nmbssncb:8832409_2
TN8832409;SNCB;gs:nmbssncb:8832409_3
TN8832409;SNCB;gs:nmbssncb:8832409_A
TN8832409;SNCB;gs:nmbssncb:8832409_TE BEPAL
TN8832409;SNCB;gs:nmbssncb:S8832409
TN8832409;UIC;8832409
TN8832409;WIKIDATA;Q2189072
TN8832433;OSM;5560033966
TN8832433;SNCB;gs:nmbssncb:8832433
TN8832433;SNCB;gs:nmbssncb:8832433_1
TN8832433;SNCB;gs:nmbssncb:8832433_2
TN8832433;SNCB;gs:nmbssncb:S8832433
TN8832433;UIC;8832433
TN8832433;WIKIDATA;Q2453559
TN8832458;OSM;5562750103
TN8832458;SNCB;gs:nmbssncb:8832458
TN8832458;SNCB;gs:nmbssncb:8832458_1
TN8832458;SNCB;gs:nmbssncb:8832458_2
TN8832458;SNCB;gs:nmbssncb:S8832458
TN8832458;UIC;8832458
TN8832458;WIKIDATA;Q14386812
TN8832565;OSM;5548769877
TN8832565;SNCB;gs:nmbssncb:8832565
TN8832565;SNCB;gs:nmbssncb:8832565_1
TN8832565;SNCB;gs:nmbssncb:S8832565
TN8832565;UIC;8832565
TN8832565;WIKIDATA;Q1981771
TN8832573;OSM;5546029861
TN8832573;SNCB;gs:nmbssncb:8832573
TN8832573;SNCB;gs:nmbssncb:8832573_1
TN8832573;SNCB;gs:nmbssncb:S8832573
TN8832573;UIC;8832573
TN8832573;WIKIDATA;Q2673121
TN8832615;OSM;2078764164
TN8832615;SNCB;gs:nmbssncb:8832615
TN8832615;SNCB;gs:nmbssncb:8832615_1
TN8832615;SNCB;gs:nmbssncb:8832615_2
TN8832615;SNCB;gs:nmbssncb:8832615_3
TN8832615;SNCB;gs:nmbssncb:S8832615
TN8832615;UIC;8832615
TN8832615;WIKIDATA;Q1925275
TN8832664;OSM;5546029881
TN8832664;SNCB;gs:nmbssncb:8832664
TN8832664;SNCB;gs:nmbssncb:8832664_1
TN8832664;SNCB;gs:nmbssncb:S8832664
TN8832664;UIC;8832664
TN8832664;WIKIDATA;Q2386018
TN8833001;OSM;5467988372
TN8833001;SNCB;gs:nmbssncb:8833001
TN8833001;SNCB;gs:nmbssncb:8833001_1
TN8833001;SNCB;gs:nmbssncb:8833001_2
TN8833001;SNCB;gs:nmbssncb:8833001_3
TN8833001;SNCB;gs:nmbssncb:8833001_4
TN8833001;SNCB;gs:nmbssncb:8833001_5
TN8833001;SNCB;gs:nmbssncb:8833001_6
TN8833001;SNCB;gs:nmbssncb:8833001_7
TN8833001;SNCB;gs:nmbssncb:8833001_8
TN8833001;SNCB;gs:nmbssncb:8833001_9
TN8833001;SNCB;gs:nmbssncb:8833001_????????
TN8833001;SNCB;gs:nmbssncb:8833001_A
TN8833001;SNCB;gs:nmbssncb:8833001_B
TN8833001;SNCB;gs:nmbssncb:8833001_C
TN8833001;SNCB;gs:nmbssncb:8833001_D
TN8833001;SNCB;gs:nmbssncb:8833001_TE BEPAL
TN8833001;SNCB;gs:nmbssncb:S8833001
TN8833001;UIC;8833001
TN8833001;WIKIDATA;Q801090
TN8833050;OSM;5652190940
TN8833050;SNCB;gs:nmbssncb:8833050
TN8833050;SNCB;gs:nmbssncb:8833050_1
TN8833050;SNCB;gs:nmbssncb:8833050_2
TN8833050;SNCB;gs:nmbssncb:S8833050
TN8833050;UIC;8833050
TN8833050;WIKIDATA;Q2778419
TN8833126;OSM;5760185207
TN8833126;SNCB;gs:nmbssncb:8833126
TN8833126;SNCB;gs:nmbssncb:8833126_1
TN8833126;SNCB;gs:nmbssncb:8833126_2
TN8833126;SNCB;gs:nmbssncb:S8833126
TN8833126;UIC;8833126
TN8833126;WIKIDATA;Q2191466
TN8833134;OSM;5760185165
TN8833134;SNCB;gs:nmbssncb:8833134
TN8833134;SNCB;gs:nmbssncb:8833134_1
TN8833134;SNCB;gs:nmbssncb:8833134_2
TN8833134;SNCB;gs:nmbssncb:S8833134
TN8833134;UIC;8833134
TN8833134;WIKIDATA;Q14386939
TN8833159;OSM;5760185139
TN8833159;SNCB;gs:nmbssncb:8833159
TN8833159;SNCB;gs:nmbssncb:8833159_1
TN8833159;SNCB;gs:nmbssncb:8833159_2
TN8833159;SNCB;gs:nmbssncb:8833159_3
TN8833159;SNCB;gs:nmbssncb:S8833159
TN8833159;UIC;8833159
TN8833159;WIKIDATA;Q2190537
TN8833175;OSM;5688678697
TN8833175;SNCB;gs:nmbssncb:8833175
TN8833175;SNCB;gs:nmbssncb:8833175_1
TN8833175;SNCB;gs:nmbssncb:8833175_2
TN8833175;SNCB;gs:nmbssncb:S8833175
TN8833175;UIC;8833175
TN8833175;WIKIDATA;Q2177319
TN8833209;OSM;5467940363
TN8833209;SNCB;gs:nmbssncb:8833209
TN8833209;SNCB;gs:nmbssncb:8833209_1
TN8833209;SNCB;gs:nmbssncb:8833209_2
TN8833209;SNCB;gs:nmbssncb:8833209_3
TN8833209;SNCB;gs:nmbssncb:8833209_4
TN8833209;SNCB;gs:nmbssncb:8833209_5
TN8833209;SNCB;gs:nmbssncb:8833209_TE BEPAL
TN8833209;SNCB;gs:nmbssncb:S8833209
TN8833209;UIC;8833209
TN8833209;WIKIDATA;Q2399238
TN8833233;OSM;5467940340
TN8833233;SNCB;gs:nmbssncb:8833233
TN8833233;SNCB;gs:nmbssncb:8833233_1
TN8833233;SNCB;gs:nmbssncb:8833233_2
TN8833233;SNCB;gs:nmbssncb:S8833233
TN8833233;UIC;8833233
TN8833233;WIKIDATA;Q3098079
TN8833258;OSM;5467705840
TN8833258;SNCB;gs:nmbssncb:8833258
TN8833258;SNCB;gs:nmbssncb:8833258_1
TN8833258;SNCB;gs:nmbssncb:8833258_2
TN8833258;SNCB;gs:nmbssncb:S8833258
TN8833258;UIC;8833258
TN8833258;WIKIDATA;Q1848026
TN8833266;OSM;5467705856
TN8833266;SNCB;gs:nmbssncb:8833266
TN8833266;SNCB;gs:nmbssncb:8833266_1
TN8833266;SNCB;gs:nmbssncb:8833266_2
TN8833266;SNCB;gs:nmbssncb:8833266_3
TN8833266;SNCB;gs:nmbssncb:S8833266
TN8833266;UIC;8833266
TN8833266;WIKIDATA;Q3097851
TN8833274;OSM;5467705869
TN8833274;SNCB;gs:nmbssncb:8833274
TN8833274;SNCB;gs:nmbssncb:8833274_1
TN8833274;SNCB;gs:nmbssncb:8833274_2
TN8833274;SNCB;gs:nmbssncb:S8833274
TN8833274;UIC;8833274
TN8833274;WIKIDATA;Q3098109
TN8833308;OSM;5334823333
TN8833308;SNCB;gs:nmbssncb:8833308
TN8833308;SNCB;gs:nmbssncb:8833308_1
TN8833308;SNCB;gs:nmbssncb:8833308_4
TN8833308;SNCB;gs:nmbssncb:S8833308
TN8833308;UIC;8833308
TN8833308;WIKIDATA;Q1966021
TN8833449;OSM;5651934790
TN8833449;SNCB;gs:nmbssncb:8833449
TN8833449;SNCB;gs:nmbssncb:8833449_1
TN8833449;SNCB;gs:nmbssncb:8833449_2
TN8833449;SNCB;gs:nmbssncb:S8833449
TN8833449;UIC;8833449
TN8833449;WIKIDATA;Q22911288
TN8833605;OSM;5455053029
TN8833605;SNCB;gs:nmbssncb:8833605
TN8833605;SNCB;gs:nmbssncb:8833605_1
TN8833605;SNCB;gs:nmbssncb:8833605_2
TN8833605;SNCB;gs:nmbssncb:8833605_3
TN8833605;SNCB;gs:nmbssncb:8833605_4
TN8833605;SNCB;gs:nmbssncb:8833605_5
TN8833605;SNCB;gs:nmbssncb:8833605_TE BEPAL
TN8833605;SNCB;gs:nmbssncb:S8833605
TN8833605;UIC;8833605
TN8833605;WIKIDATA;Q2251844
TN8833670;OSM;5651934816
TN8833670;SNCB;gs:nmbssncb:8833670
TN8833670;SNCB;gs:nmbssncb:8833670_1
TN8833670;SNCB;gs:nmbssncb:8833670_2
TN8833670;SNCB;gs:nmbssncb:S8833670
TN8833670;UIC;8833670
TN8833670;WIKIDATA;Q2132331
TN8841004;OSM;5307127700
TN8841004;SNCB;gs:nmbssncb:8841004
TN8841004;SNCB;gs:nmbssncb:8841004_1
TN8841004;SNCB;gs:nmbssncb:8841004_2
TN8841004;SNCB;gs:nmbssncb:8841004_3
TN8841004;SNCB;gs:nmbssncb:8841004_4
TN8841004;SNCB;gs:nmbssncb:8841004_5
TN8841004;SNCB;gs:nmbssncb:8841004_6
TN8841004;SNCB;gs:nmbssncb:8841004_7
TN8841004;SNCB;gs:nmbssncb:8841004_8
TN8841004;SNCB;gs:nmbssncb:8841004_9
TN8841004;SNCB;gs:nmbssncb:8841004_????????
TN8841004;SNCB;gs:nmbssncb:8841004_A DETERM
TN8841004;SNCB;gs:nmbssncb:8841004_BUS
TN8841004;SNCB;gs:nmbssncb:S8841004
TN8841004;UIC;8841004
TN8841004;WIKIDATA;Q801116
TN8841202;OSM;5650133165
TN8841202;SNCB;gs:nmbssncb:8841202
TN8841202;SNCB;gs:nmbssncb:8841202_1
TN8841202;SNCB;gs:nmbssncb:8841202_2
TN8841202;SNCB;gs:nmbssncb:8841202_3
TN8841202;SNCB;gs:nmbssncb:8841202_4
TN8841202;SNCB;gs:nmbssncb:8841202_5
TN8841202;SNCB;gs:nmbssncb:S8841202
TN8841202;UIC;8841202
TN8841202;WIKIDATA;Q2481173
TN8841319;OSM;5650133149
TN8841319;SNCB;gs:nmbssncb:8841319
TN8841319;SNCB;gs:nmbssncb:8841319_1
TN8841319;SNCB;gs:nmbssncb:8841319_2
TN8841319;SNCB;gs:nmbssncb:S8841319
TN8841319;UIC;8841319
TN8841319;WIKIDATA;Q2229953
TN8841327;OSM;5650206985
TN8841327;SNCB;gs:nmbssncb:8841327
TN8841327;SNCB;gs:nmbssncb:8841327_1
TN8841327;SNCB;gs:nmbssncb:8841327_2
TN8841327;SNCB;gs:nmbssncb:S8841327
TN8841327;UIC;8841327
TN8841327;WIKIDATA;Q2410737
TN8841400;OSM;5651261635
TN8841400;SNCB;gs:nmbssncb:8841400
TN8841400;SNCB;gs:nmbssncb:8841400_1
TN8841400;SNCB;gs:nmbssncb:8841400_2
TN8841400;SNCB;gs:nmbssncb:8841400_3
TN8841400;SNCB;gs:nmbssncb:8841400_4
TN8841400;SNCB;gs:nmbssncb:S8841400
TN8841400;UIC;8841400
TN8841400;WIKIDATA;Q2393685
TN8841434;OSM;5650203509
TN8841434;SNCB;gs:nmbssncb:8841434
TN8841434;SNCB;gs:nmbssncb:8841434_1
TN8841434;SNCB;gs:nmbssncb:8841434_2
TN8841434;SNCB;gs:nmbssncb:S8841434
TN8841434;UIC;8841434
TN8841434;WIKIDATA;Q2460146
TN8841442;OSM;5650206932
TN8841442;SNCB;gs:nmbssncb:8841442
TN8841442;SNCB;gs:nmbssncb:8841442_1
TN8841442;SNCB;gs:nmbssncb:8841442_2
TN8841442;SNCB;gs:nmbssncb:S8841442
TN8841442;UIC;8841442
TN8841442;WIKIDATA;Q2264702
TN8841459;OSM;5650206942
TN8841459;SNCB;gs:nmbssncb:8841459
TN8841459;SNCB;gs:nmbssncb:8841459_1
TN8841459;SNCB;gs:nmbssncb:8841459_2
TN8841459;SNCB;gs:nmbssncb:S8841459
TN8841459;UIC;8841459
TN8841459;WIKIDATA;Q1857831
TN8841467;OSM;5650206955
TN8841467;SNCB;gs:nmbssncb:8841467
TN8841467;SNCB;gs:nmbssncb:8841467_1
TN8841467;SNCB;gs:nmbssncb:8841467_2
TN8841467;SNCB;gs:nmbssncb:S8841467
TN8841467;UIC;8841467
TN8841467;WIKIDATA;Q2026015
TN8841525;OSM;5451456278
TN8841525;SNCB;gs:nmbssncb:8841525
TN8841525;SNCB;gs:nmbssncb:8841525_1
TN8841525;SNCB;gs:nmbssncb:8841525_2
TN8841525;SNCB;gs:nmbssncb:8841525_3
TN8841525;SNCB;gs:nmbssncb:8841525_4
TN8841525;SNCB;gs:nmbssncb:S8841525
TN8841525;UIC;8841525
TN8841525;WIKIDATA;Q739816
TN8841558;OSM;5451456277
TN8841558;SNCB;gs:nmbssncb:8841558
TN8841558;SNCB;gs:nmbssncb:8841558_1
TN8841558;SNCB;gs:nmbssncb:8841558_2
TN8841558;SNCB;gs:nmbssncb:S8841558
TN8841558;UIC;8841558
TN8841558;WIKIDATA;Q2173920
TN8841608;OSM;5451456298
TN8841608;SNCB;gs:nmbssncb:8841608
TN8841608;SNCB;gs:nmbssncb:8841608_1
TN8841608;SNCB;gs:nmbssncb:8841608_2
TN8841608;SNCB;gs:nmbssncb:8841608_3
TN8841608;SNCB;gs:nmbssncb:8841608_4
TN8841608;SNCB;gs:nmbssncb:8841608_????????
TN8841608;SNCB;gs:nmbssncb:S8841608
TN8841608;UIC;8841608
TN8841608;WIKIDATA;Q2249000
TN8841665;OSM;5451456318
TN8841665;SNCB;gs:nmbssncb:8841665
TN8841665;SNCB;gs:nmbssncb:8841665_1
TN8841665;SNCB;gs:nmbssncb:8841665_2
TN8841665;SNCB;gs:nmbssncb:S8841665
TN8841665;UIC;8841665
TN8841665;WIKIDATA;Q3097043
TN8841673;OSM;5451456319
TN8841673;SNCB;gs:nmbssncb:8841673
TN8841673;SNCB;gs:nmbssncb:8841673_1
TN8841673;SNCB;gs:nmbssncb:8841673_2
TN8841673;SNCB;gs:nmbssncb:8841673_3
TN8841673;SNCB;gs:nmbssncb:S8841673
TN8841673;UIC;8841673
TN8841673;WIKIDATA;Q2066548
TN8841731;OSM;5451463141
TN8841731;SNCB;gs:nmbssncb:8841731
TN8841731;SNCB;gs:nmbssncb:8841731_2
TN8841731;SNCB;gs:nmbssncb:S8841731
TN8841731;UIC;8841731
TN8841731;WIKIDATA;Q3096549
TN8842002;OSM;5370990616
TN8842002;SNCB;gs:nmbssncb:8842002
TN8842002;SNCB;gs:nmbssncb:8842002_1
TN8842002;SNCB;gs:nmbssncb:8842002_2
TN8842002;SNCB;gs:nmbssncb:8842002_4
TN8842002;SNCB;gs:nmbssncb:8842002_5
TN8842002;SNCB;gs:nmbssncb:S8842002
TN8842002;UIC;8842002
TN8842002;WIKIDATA;Q601108
TN8842036;OSM;5370990582
TN8842036;SNCB;gs:nmbssncb:8842036
TN8842036;SNCB;gs:nmbssncb:8842036_1
TN8842036;SNCB;gs:nmbssncb:8842036_2
TN8842036;SNCB;gs:nmbssncb:S8842036
TN8842036;UIC;8842036
TN8842036;WIKIDATA;Q2463355
TN8842051;OSM;5878212496
TN8842051;SNCB;gs:nmbssncb:8842051
TN8842051;SNCB;gs:nmbssncb:8842051_1
TN8842051;SNCB;gs:nmbssncb:8842051_2
TN8842051;SNCB;gs:nmbssncb:S8842051
TN8842051;UIC;8842051
TN8842630;OSM;2343212512
TN8842630;SNCB;gs:nmbssncb:8842630
TN8842630;SNCB;gs:nmbssncb:8842630_1
TN8842630;SNCB;gs:nmbssncb:8842630_2
TN8842630;SNCB;gs:nmbssncb:S8842630
TN8842630;UIC;8842630
TN8842630;WIKIDATA;Q2441708
TN8842648;OSM;5451076130
TN8842648;SNCB;gs:nmbssncb:8842648
TN8842648;SNCB;gs:nmbssncb:8842648_1
TN8842648;SNCB;gs:nmbssncb:8842648_2
TN8842648;SNCB;gs:nmbssncb:S8842648
TN8842648;UIC;8842648
TN8842648;WIKIDATA;Q2490956
TN8842655;OSM;5451076171
TN8842655;SNCB;gs:nmbssncb:8842655
TN8842655;SNCB;gs:nmbssncb:8842655_1
TN8842655;SNCB;gs:nmbssncb:8842655_2
TN8842655;SNCB;gs:nmbssncb:S8842655
TN8842655;UIC;8842655
TN8842655;WIKIDATA;Q2933609
TN8842663;OSM;5450896270
TN8842663;SNCB;gs:nmbssncb:8842663
TN8842663;SNCB;gs:nmbssncb:8842663_1
TN8842663;SNCB;gs:nmbssncb:8842663_2
TN8842663;SNCB;gs:nmbssncb:S8842663
TN8842663;UIC;8842663
TN8842663;WIKIDATA;Q2604456
TN8842689;OSM;5450896295
TN8842689;SNCB;gs:nmbssncb:8842689
TN8842689;SNCB;gs:nmbssncb:8842689_1
TN8842689;SNCB;gs:nmbssncb:8842689_2
TN8842689;SNCB;gs:nmbssncb:S8842689
TN8842689;UIC;8842689
TN8842689;WIKIDATA;Q2556799
TN8842705;OSM;5450903203
TN8842705;SNCB;gs:nmbssncb:8842705
TN8842705;SNCB;gs:nmbssncb:8842705_1
TN8842705;SNCB;gs:nmbssncb:8842705_2
TN8842705;SNCB;gs:nmbssncb:S8842705
TN8842705;UIC;8842705
TN8842705;WIKIDATA;Q2210608
TN8842754;OSM;9794478411
TN8842754;SNCB;gs:nmbssncb:8842754
TN8842754;SNCB;gs:nmbssncb:8842754_1
TN8842754;SNCB;gs:nmbssncb:8842754_2
TN8842754;SNCB;gs:nmbssncb:S8842754
TN8842754;UIC;8842754
TN8842754;WIKIDATA;Q2568244
TN8842838;OSM;5450677961
TN8842838;SNCB;gs:nmbssncb:8842838
TN8842838;SNCB;gs:nmbssncb:8842838_1
TN8842838;SNCB;gs:nmbssncb:8842838_2
TN8842838;SNCB;gs:nmbssncb:S8842838
TN8842838;UIC;8842838
TN8842838;WIKIDATA;Q2779368
TN8842846;OSM;5450678272
TN8842846;SNCB;gs:nmbssncb:8842846
TN8842846;SNCB;gs:nmbssncb:8842846_1
TN8842846;SNCB;gs:nmbssncb:8842846_2
TN8842846;SNCB;gs:nmbssncb:S8842846
TN8842846;UIC;8842846
TN8842846;WIKIDATA;Q2733445
TN8842853;OSM;5450583991
TN8842853;SNCB;gs:nmbssncb:8842853
TN8842853;SNCB;gs:nmbssncb:8842853_1
TN8842853;SNCB;gs:nmbssncb:8842853_2
TN8842853;SNCB;gs:nmbssncb:S8842853
TN8842853;UIC;8842853
TN8842853;WIKIDATA;Q1881203
TN8843067;OSM;5734657962
TN8843067;SNCB;gs:nmbssncb:8843067
TN8843067;SNCB;gs:nmbssncb:8843067_1
TN8843067;SNCB;gs:nmbssncb:8843067_2
TN8843067;SNCB;gs:nmbssncb:S8843067
TN8843067;UIC;8843067
TN8843133;OSM;5635888058
TN8843133;SNCB;gs:nmbssncb:8843133
TN8843133;SNCB;gs:nmbssncb:8843133_1
TN8843133;SNCB;gs:nmbssncb:8843133_2
TN8843133;SNCB;gs:nmbssncb:S8843133
TN8843133;UIC;8843133
TN8843133;WIKIDATA;Q2165464
TN8843141;OSM;5635887491
TN8843141;SNCB;gs:nmbssncb:8843141
TN8843141;SNCB;gs:nmbssncb:8843141_1
TN8843141;SNCB;gs:nmbssncb:8843141_2
TN8843141;SNCB;gs:nmbssncb:S8843141
TN8843141;UIC;8843141
TN8843141;WIKIDATA;Q1922640
TN8843158;OSM;5642377434
TN8843158;SNCB;gs:nmbssncb:8843158
TN8843158;SNCB;gs:nmbssncb:8843158_1
TN8843158;SNCB;gs:nmbssncb:8843158_2
TN8843158;SNCB;gs:nmbssncb:S8843158
TN8843158;UIC;8843158
TN8843158;WIKIDATA;Q1906418
TN8843166;OSM;5642377435
TN8843166;SNCB;gs:nmbssncb:8843166
TN8843166;SNCB;gs:nmbssncb:8843166_1
TN8843166;SNCB;gs:nmbssncb:8843166_2
TN8843166;SNCB;gs:nmbssncb:S8843166
TN8843166;UIC;8843166
TN8843166;WIKIDATA;Q2069997
TN8843174;OSM;5734657961
TN8843174;SNCB;gs:nmbssncb:8843174
TN8843174;SNCB;gs:nmbssncb:8843174_1
TN8843174;SNCB;gs:nmbssncb:8843174_2
TN8843174;SNCB;gs:nmbssncb:S8843174
TN8843174;UIC;8843174
TN8843208;OSM;5642377321
TN8843208;SNCB;gs:nmbssncb:8843208
TN8843208;SNCB;gs:nmbssncb:8843208_1
TN8843208;SNCB;gs:nmbssncb:8843208_2
TN8843208;SNCB;gs:nmbssncb:8843208_3
TN8843208;SNCB;gs:nmbssncb:8843208_4
TN8843208;SNCB;gs:nmbssncb:8843208_5
TN8843208;SNCB;gs:nmbssncb:S8843208
TN8843208;UIC;8843208
TN8843208;WIKIDATA;Q2316410
TN8843224;OSM;5642377351
TN8843224;SNCB;gs:nmbssncb:8843224
TN8843224;SNCB;gs:nmbssncb:8843224_1
TN8843224;SNCB;gs:nmbssncb:8843224_2
TN8843224;SNCB;gs:nmbssncb:S8843224
TN8843224;UIC;8843224
TN8843224;WIKIDATA;Q2322474
TN8843240;OSM;5644012757
TN8843240;SNCB;gs:nmbssncb:8843240
TN8843240;SNCB;gs:nmbssncb:8843240_1
TN8843240;SNCB;gs:nmbssncb:8843240_2
TN8843240;SNCB;gs:nmbssncb:S8843240
TN8843240;UIC;8843240
TN8843240;WIKIDATA;Q3095739
TN8843307;OSM;5644510035
TN8843307;SNCB;gs:nmbssncb:8843307
TN8843307;SNCB;gs:nmbssncb:8843307_1
TN8843307;SNCB;gs:nmbssncb:8843307_2
TN8843307;SNCB;gs:nmbssncb:8843307_3
TN8843307;SNCB;gs:nmbssncb:8843307_4
TN8843307;SNCB;gs:nmbssncb:S8843307
TN8843307;UIC;8843307
TN8843307;WIKIDATA;Q2187214
TN8843323;OSM;5644362262
TN8843323;SNCB;gs:nmbssncb:8843323
TN8843323;SNCB;gs:nmbssncb:8843323_1
TN8843323;SNCB;gs:nmbssncb:8843323_2
TN8843323;SNCB;gs:nmbssncb:S8843323
TN8843323;UIC;8843323
TN8843323;WIKIDATA;Q2295195
TN8843331;OSM;5644362279
TN8843331;SNCB;gs:nmbssncb:8843331
TN8843331;SNCB;gs:nmbssncb:8843331_1
TN8843331;SNCB;gs:nmbssncb:8843331_2
TN8843331;SNCB;gs:nmbssncb:S8843331
TN8843331;UIC;8843331
TN8843331;WIKIDATA;Q3088711
TN8843349;OSM;5644362288
TN8843349;SNCB;gs:nmbssncb:8843349
TN8843349;SNCB;gs:nmbssncb:8843349_1
TN8843349;SNCB;gs:nmbssncb:8843349_2
TN8843349;SNCB;gs:nmbssncb:S8843349
TN8843349;UIC;8843349
TN8843349;WIKIDATA;Q2786157
TN8843406;OSM;5644508194
TN8843406;SNCB;gs:nmbssncb:8843406
TN8843406;SNCB;gs:nmbssncb:8843406_5
TN8843406;SNCB;gs:nmbssncb:8843406_6
TN8843406;SNCB;gs:nmbssncb:8843406_7
TN8843406;SNCB;gs:nmbssncb:8843406_8
TN8843406;SNCB;gs:nmbssncb:S8843406
TN8843406;UIC;8843406
TN8843406;WIKIDATA;Q2229980
TN8843430;OSM;5644508151
TN8843430;SNCB;gs:nmbssncb:8843430
TN8843430;SNCB;gs:nmbssncb:8843430_1
TN8843430;SNCB;gs:nmbssncb:8843430_2
TN8843430;SNCB;gs:nmbssncb:S8843430
TN8843430;UIC;8843430
TN8843430;WIKIDATA;Q2666286
TN8843901;OSM;5368442765
TN8843901;SNCB;gs:nmbssncb:8843901
TN8843901;SNCB;gs:nmbssncb:8843901_1
TN8843901;SNCB;gs:nmbssncb:8843901_2
TN8843901;SNCB;gs:nmbssncb:S8843901
TN8843901;UIC;8843901
TN8843901;WIKIDATA;Q2229337
TN8844008;OSM;26446051
TN8844008;SNCB;gs:nmbssncb:8844008
TN8844008;SNCB;gs:nmbssncb:8844008_1
TN8844008;SNCB;gs:nmbssncb:8844008_2
TN8844008;SNCB;gs:nmbssncb:8844008_3
TN8844008;SNCB;gs:nmbssncb:8844008_4
TN8844008;SNCB;gs:nmbssncb:8844008_5
TN8844008;SNCB;gs:nmbssncb:S8844008
TN8844008;UIC;8844008
TN8844008;WIKIDATA;Q2234830
TN8844057;OSM;2981565079
TN8844057;SNCB;gs:nmbssncb:8844057
TN8844057;SNCB;gs:nmbssncb:8844057_1
TN8844057;SNCB;gs:nmbssncb:8844057_2
TN8844057;SNCB;gs:nmbssncb:S8844057
TN8844057;UIC;8844057
TN8844057;WIKIDATA;Q1824615
TN8844206;OSM;2981565078
TN8844206;SNCB;gs:nmbssncb:8844206
TN8844206;SNCB;gs:nmbssncb:8844206_1
TN8844206;SNCB;gs:nmbssncb:8844206_2
TN8844206;SNCB;gs:nmbssncb:8844206_3
TN8844206;SNCB;gs:nmbssncb:8844206_4
TN8844206;SNCB;gs:nmbssncb:S8844206
TN8844206;UIC;8844206
TN8844206;WIKIDATA;Q2622077
TN8844230;OSM;5383309894
TN8844230;SNCB;gs:nmbssncb:8844230
TN8844230;SNCB;gs:nmbssncb:8844230_1
TN8844230;SNCB;gs:nmbssncb:8844230_2
TN8844230;SNCB;gs:nmbssncb:S8844230
TN8844230;UIC;8844230
TN8844230;WIKIDATA;Q3097185
TN8844255;OSM;5383310865
TN8844255;SNCB;gs:nmbssncb:8844255
TN8844255;SNCB;gs:nmbssncb:8844255_1
TN8844255;SNCB;gs:nmbssncb:8844255_2
TN8844255;SNCB;gs:nmbssncb:S8844255
TN8844255;UIC;8844255
TN8844255;WIKIDATA;Q508527
TN8844271;OSM;5378745728
TN8844271;SNCB;gs:nmbssncb:8844271
TN8844271;SNCB;gs:nmbssncb:8844271_1
TN8844271;SNCB;gs:nmbssncb:8844271_2
TN8844271;SNCB;gs:nmbssncb:S8844271
TN8844271;UIC;8844271
TN8844271;WIKIDATA;Q2123787
TN8844313;OSM;4021608027
TN8844313;SNCB;gs:nmbssncb:8844313
TN8844313;SNCB;gs:nmbssncb:8844313_1
TN8844313;SNCB;gs:nmbssncb:S8844313
TN8844313;UIC;8844313
TN8844313;WIKIDATA;Q2622080
TN8844321;OSM;5435074763
TN8844321;SNCB;gs:nmbssncb:8844321
TN8844321;SNCB;gs:nmbssncb:8844321_1
TN8844321;SNCB;gs:nmbssncb:S8844321
TN8844321;UIC;8844321
TN8844321;WIKIDATA;Q2886515
TN8844339;OSM;13475755620
TN8844339;SNCB;gs:nmbssncb:8844339
TN8844339;SNCB;gs:nmbssncb:8844339_1
TN8844339;SNCB;gs:nmbssncb:8844339_2
TN8844339;SNCB;gs:nmbssncb:S8844339
TN8844339;UIC;8844339
TN8844347;OSM;4021608025
TN8844347;SNCB;gs:nmbssncb:8844347
TN8844347;SNCB;gs:nmbssncb:8844347_1
TN8844347;SNCB;gs:nmbssncb:S8844347
TN8844347;UIC;8844347
TN8844347;WIKIDATA;Q2679330
TN8844404;OSM;4021608030
TN8844404;SNCB;gs:nmbssncb:8844404
TN8844404;SNCB;gs:nmbssncb:8844404_1
TN8844404;SNCB;gs:nmbssncb:S8844404
TN8844404;UIC;8844404
TN8844404;WIKIDATA;Q2337875
TN8844420;OSM;4021608031
TN8844420;SNCB;gs:nmbssncb:8844420
TN8844420;SNCB;gs:nmbssncb:8844420_1
TN8844420;SNCB;gs:nmbssncb:S8844420
TN8844420;UIC;8844420
TN8844420;WIKIDATA;Q2560619
TN8844503;OSM;2540120495
TN8844503;SNCB;gs:nmbssncb:8844503
TN8844503;SNCB;gs:nmbssncb:8844503_2
TN8844503;SNCB;gs:nmbssncb:8844503_3
TN8844503;SNCB;gs:nmbssncb:8844503_4
TN8844503;SNCB;gs:nmbssncb:8844503_461
TN8844503;SNCB;gs:nmbssncb:8844503_474
TN8844503;SNCB;gs:nmbssncb:8844503_5
TN8844503;SNCB;gs:nmbssncb:8844503_6
TN8844503;SNCB;gs:nmbssncb:8844503_A DETERM
TN8844503;SNCB;gs:nmbssncb:S8844503
TN8844503;UIC;8844503
TN8844503;WIKIDATA;Q2614479
TN8844545;OSM;4209210889
TN8844545;SNCB;gs:nmbssncb:8844545
TN8844545;SNCB;gs:nmbssncb:8844545_1
TN8844545;SNCB;gs:nmbssncb:8844545_2
TN8844545;SNCB;gs:nmbssncb:S8844545
TN8844545;UIC;8844545
TN8844545;WIKIDATA;Q2453072
TN8844628;OSM;506056777
TN8844628;SNCB;gs:nmbssncb:8844628
TN8844628;SNCB;gs:nmbssncb:8844628_1
TN8844628;SNCB;gs:nmbssncb:8844628_2
TN8844628;SNCB;gs:nmbssncb:S8844628
TN8844628;UIC;8844628
TN8844628;WIKIDATA;Q2659653
TN8844644;OSM;4019772510
TN8844644;SNCB;gs:nmbssncb:8844644
TN8844644;SNCB;gs:nmbssncb:8844644_1
TN8844644;SNCB;gs:nmbssncb:8844644_2
TN8844644;SNCB;gs:nmbssncb:S8844644
TN8844644;UIC;8844644
TN8844644;WIKIDATA;Q2082795
TN8845005;OSM;5450310126
TN8845005;SNCB;gs:nmbssncb:8845005
TN8845005;SNCB;gs:nmbssncb:8845005_1
TN8845005;SNCB;gs:nmbssncb:8845005_2
TN8845005;SNCB;gs:nmbssncb:8845005_3
TN8845005;SNCB;gs:nmbssncb:S8845005
TN8845005;UIC;8845005
TN8845005;WIKIDATA;Q3096564
TN8845146;OSM;5450310140
TN8845146;SNCB;gs:nmbssncb:8845146
TN8845146;SNCB;gs:nmbssncb:8845146_1
TN8845146;SNCB;gs:nmbssncb:8845146_2
TN8845146;SNCB;gs:nmbssncb:S8845146
TN8845146;UIC;8845146
TN8845146;WIKIDATA;Q3097974
TN8845203;OSM;4333858841
TN8845203;SNCB;gs:nmbssncb:8845203
TN8845203;SNCB;gs:nmbssncb:8845203_1
TN8845203;SNCB;gs:nmbssncb:8845203_2
TN8845203;SNCB;gs:nmbssncb:S8845203
TN8845203;UIC;8845203
TN8845203;WIKIDATA;Q2256421
TN8845229;OSM;5450310145
TN8845229;SNCB;gs:nmbssncb:8845229
TN8845229;SNCB;gs:nmbssncb:8845229_1
TN8845229;SNCB;gs:nmbssncb:S8845229
TN8845229;UIC;8845229
TN8845229;WIKIDATA;Q2690435
TN8846201;OSM;2365928002
TN8846201;SNCB;gs:nmbssncb:8846201
TN8846201;SNCB;gs:nmbssncb:8846201_1
TN8846201;SNCB;gs:nmbssncb:8846201_2
TN8846201;SNCB;gs:nmbssncb:8846201_3
TN8846201;SNCB;gs:nmbssncb:S8846201
TN8846201;UIC;8846201
TN8846201;WIKIDATA;Q2354611
TN8860012;SNCB;gs:nmbssncb:8860012_508
TN8860012;SNCB;gs:nmbssncb:S8860012
TN8860012;UIC;8860012
TN8861119;OSM;5990597788
TN8861119;SNCB;gs:nmbssncb:8861119
TN8861119;SNCB;gs:nmbssncb:8861119_1
TN8861119;SNCB;gs:nmbssncb:8861119_2
TN8861119;SNCB;gs:nmbssncb:8861119_3
TN8861119;SNCB;gs:nmbssncb:S8861119
TN8861119;UIC;8861119
TN8861119;WIKIDATA;Q2440909
TN8861127;OSM;5990597565
TN8861127;SNCB;gs:nmbssncb:8861127
TN8861127;SNCB;gs:nmbssncb:8861127_1
TN8861127;SNCB;gs:nmbssncb:8861127_2
TN8861127;SNCB;gs:nmbssncb:8861127_3
TN8861127;SNCB;gs:nmbssncb:S8861127
TN8861127;UIC;8861127
TN8861127;WIKIDATA;Q3096439
TN8861135;OSM;5993889206
TN8861135;SNCB;gs:nmbssncb:8861135
TN8861135;SNCB;gs:nmbssncb:8861135_1
TN8861135;SNCB;gs:nmbssncb:8861135_2
TN8861135;SNCB;gs:nmbssncb:S8861135
TN8861135;UIC;8861135
TN8861135;WIKIDATA;Q2197630
TN8861143;OSM;5993889166
TN8861143;SNCB;gs:nmbssncb:8861143
TN8861143;SNCB;gs:nmbssncb:8861143_1
TN8861143;SNCB;gs:nmbssncb:8861143_2
TN8861143;SNCB;gs:nmbssncb:S8861143
TN8861143;UIC;8861143
TN8861143;WIKIDATA;Q781005
TN8861150;OSM;5993888914
TN8861150;SNCB;gs:nmbssncb:8861150
TN8861150;SNCB;gs:nmbssncb:8861150_1
TN8861150;SNCB;gs:nmbssncb:8861150_2
TN8861150;SNCB;gs:nmbssncb:S8861150
TN8861150;UIC;8861150
TN8861150;WIKIDATA;Q2389923
TN8861200;OSM;10760025171
TN8861200;SNCB;gs:nmbssncb:8861200
TN8861200;SNCB;gs:nmbssncb:8861200_1
TN8861200;SNCB;gs:nmbssncb:8861200_2
TN8861200;SNCB;gs:nmbssncb:8861200_3
TN8861200;SNCB;gs:nmbssncb:8861200_4
TN8861200;SNCB;gs:nmbssncb:8861200_5
TN8861200;SNCB;gs:nmbssncb:S8861200
TN8861200;UIC;8861200
TN8861317;OSM;5952310967
TN8861317;SNCB;gs:nmbssncb:8861317
TN8861317;SNCB;gs:nmbssncb:8861317_1
TN8861317;SNCB;gs:nmbssncb:S8861317
TN8861317;UIC;8861317
TN8861317;WIKIDATA;Q2627157
TN8861333;OSM;5952310677
TN8861333;SNCB;gs:nmbssncb:8861333
TN8861333;SNCB;gs:nmbssncb:8861333_1
TN8861333;SNCB;gs:nmbssncb:S8861333
TN8861333;UIC;8861333
TN8861333;WIKIDATA;Q2329797
TN8861416;OSM;5922824134
TN8861416;SNCB;gs:nmbssncb:8861416
TN8861416;SNCB;gs:nmbssncb:8861416_1
TN8861416;SNCB;gs:nmbssncb:8861416_2
TN8861416;SNCB;gs:nmbssncb:S8861416
TN8861416;UIC;8861416
TN8861416;WIKIDATA;Q1981583
TN8861424;OSM;5922824143
TN8861424;SNCB;gs:nmbssncb:8861424
TN8861424;SNCB;gs:nmbssncb:8861424_1
TN8861424;SNCB;gs:nmbssncb:8861424_2
TN8861424;SNCB;gs:nmbssncb:S8861424
TN8861424;UIC;8861424
TN8861424;WIKIDATA;Q2438529
TN8861432;OSM;5922824148
TN8861432;SNCB;gs:nmbssncb:8861432
TN8861432;SNCB;gs:nmbssncb:8861432_1
TN8861432;SNCB;gs:nmbssncb:8861432_2
TN8861432;SNCB;gs:nmbssncb:S8861432
TN8861432;UIC;8861432
TN8861432;WIKIDATA;Q3073188
TN8861440;OSM;5922824179
TN8861440;SNCB;gs:nmbssncb:8861440
TN8861440;SNCB;gs:nmbssncb:8861440_1
TN8861440;SNCB;gs:nmbssncb:8861440_2
TN8861440;SNCB;gs:nmbssncb:8861440_3
TN8861440;SNCB;gs:nmbssncb:S8861440
TN8861440;UIC;8861440
TN8861440;WIKIDATA;Q2712393
TN8861515;OSM;5923793897
TN8861515;SNCB;gs:nmbssncb:8861515
TN8861515;SNCB;gs:nmbssncb:8861515_1
TN8861515;SNCB;gs:nmbssncb:8861515_2
TN8861515;SNCB;gs:nmbssncb:S8861515
TN8861515;UIC;8861515
TN8861515;WIKIDATA;Q2228103
TN8861523;OSM;5923793878
TN8861523;SNCB;gs:nmbssncb:8861523
TN8861523;SNCB;gs:nmbssncb:8861523_1
TN8861523;SNCB;gs:nmbssncb:8861523_2
TN8861523;SNCB;gs:nmbssncb:S8861523
TN8861523;UIC;8861523
TN8861523;WIKIDATA;Q2628870
TN8861531;OSM;5923793859
TN8861531;SNCB;gs:nmbssncb:8861531
TN8861531;SNCB;gs:nmbssncb:8861531_1
TN8861531;SNCB;gs:nmbssncb:8861531_2
TN8861531;SNCB;gs:nmbssncb:S8861531
TN8861531;UIC;8861531
TN8861531;WIKIDATA;Q2505776
TN8861549;OSM;5923793846
TN8861549;SNCB;gs:nmbssncb:8861549
TN8861549;SNCB;gs:nmbssncb:8861549_1
TN8861549;SNCB;gs:nmbssncb:8861549_2
TN8861549;SNCB;gs:nmbssncb:S8861549
TN8861549;UIC;8861549
TN8861549;WIKIDATA;Q1991759
TN8862018;OSM;5876112723
TN8862018;SNCB;gs:nmbssncb:8862018
TN8862018;SNCB;gs:nmbssncb:8862018_1
TN8862018;SNCB;gs:nmbssncb:8862018_2
TN8862018;SNCB;gs:nmbssncb:S8862018
TN8862018;UIC;8862018
TN8862018;WIKIDATA;Q2728895
TN8863008;OSM;5645805399
TN8863008;SNCB;gs:nmbssncb:8863008
TN8863008;SNCB;gs:nmbssncb:8863008_1
TN8863008;SNCB;gs:nmbssncb:8863008_10
TN8863008;SNCB;gs:nmbssncb:8863008_11
TN8863008;SNCB;gs:nmbssncb:8863008_2
TN8863008;SNCB;gs:nmbssncb:8863008_3
TN8863008;SNCB;gs:nmbssncb:8863008_4
TN8863008;SNCB;gs:nmbssncb:8863008_5
TN8863008;SNCB;gs:nmbssncb:8863008_6
TN8863008;SNCB;gs:nmbssncb:8863008_7
TN8863008;SNCB;gs:nmbssncb:8863008_8
TN8863008;SNCB;gs:nmbssncb:8863008_9
TN8863008;SNCB;gs:nmbssncb:8863008_A DETERM
TN8863008;SNCB;gs:nmbssncb:S8863008
TN8863008;UIC;8863008
TN8863008;WIKIDATA;Q1951230
TN8863115;OSM;5929598749
TN8863115;SNCB;gs:nmbssncb:8863115
TN8863115;SNCB;gs:nmbssncb:8863115_1
TN8863115;SNCB;gs:nmbssncb:8863115_2
TN8863115;SNCB;gs:nmbssncb:8863115_3
TN8863115;SNCB;gs:nmbssncb:S8863115
TN8863115;UIC;8863115
TN8863115;WIKIDATA;Q947570
TN8863156;OSM;5927394126
TN8863156;SNCB;gs:nmbssncb:8863156
TN8863156;SNCB;gs:nmbssncb:8863156_1
TN8863156;SNCB;gs:nmbssncb:8863156_2
TN8863156;SNCB;gs:nmbssncb:S8863156
TN8863156;UIC;8863156
TN8863156;WIKIDATA;Q2549896
TN8863354;OSM;5899667608
TN8863354;SNCB;gs:nmbssncb:8863354
TN8863354;SNCB;gs:nmbssncb:8863354_1
TN8863354;SNCB;gs:nmbssncb:8863354_2
TN8863354;SNCB;gs:nmbssncb:S8863354
TN8863354;UIC;8863354
TN8863354;WIKIDATA;Q2294676
TN8863362;OSM;5896990423
TN8863362;SNCB;gs:nmbssncb:8863362
TN8863362;SNCB;gs:nmbssncb:8863362_1
TN8863362;SNCB;gs:nmbssncb:8863362_2
TN8863362;SNCB;gs:nmbssncb:S8863362
TN8863362;UIC;8863362
TN8863362;WIKIDATA;Q2360781
TN8863404;OSM;5645451376
TN8863404;SNCB;gs:nmbssncb:8863404
TN8863404;SNCB;gs:nmbssncb:8863404_1
TN8863404;SNCB;gs:nmbssncb:8863404_2
TN8863404;SNCB;gs:nmbssncb:S8863404
TN8863404;UIC;8863404
TN8863404;WIKIDATA;Q2620535
TN8863438;OSM;5645450994
TN8863438;SNCB;gs:nmbssncb:8863438
TN8863438;SNCB;gs:nmbssncb:8863438_1
TN8863438;SNCB;gs:nmbssncb:8863438_2
TN8863438;SNCB;gs:nmbssncb:S8863438
TN8863438;UIC;8863438
TN8863438;WIKIDATA;Q1977260
TN8863446;OSM;5645730470
TN8863446;SNCB;gs:nmbssncb:8863446
TN8863446;SNCB;gs:nmbssncb:8863446_1
TN8863446;SNCB;gs:nmbssncb:8863446_2
TN8863446;SNCB;gs:nmbssncb:S8863446
TN8863446;UIC;8863446
TN8863446;WIKIDATA;Q2481140
TN8863453;OSM;5645730383
TN8863453;SNCB;gs:nmbssncb:8863453
TN8863453;SNCB;gs:nmbssncb:8863453_1
TN8863453;SNCB;gs:nmbssncb:8863453_2
TN8863453;SNCB;gs:nmbssncb:S8863453
TN8863453;UIC;8863453
TN8863453;WIKIDATA;Q3097166
TN8863461;OSM;5645729915
TN8863461;SNCB;gs:nmbssncb:8863461
TN8863461;SNCB;gs:nmbssncb:8863461_1
TN8863461;SNCB;gs:nmbssncb:8863461_2
TN8863461;SNCB;gs:nmbssncb:S8863461
TN8863461;UIC;8863461
TN8863461;WIKIDATA;Q2292564
TN8863503;OSM;5927413236
TN8863503;SNCB;gs:nmbssncb:8863503
TN8863503;SNCB;gs:nmbssncb:8863503_1
TN8863503;SNCB;gs:nmbssncb:8863503_2
TN8863503;SNCB;gs:nmbssncb:8863503_3
TN8863503;SNCB;gs:nmbssncb:S8863503
TN8863503;UIC;8863503
TN8863503;WIKIDATA;Q2746627
TN8863545;OSM;5927413089
TN8863545;SNCB;gs:nmbssncb:8863545
TN8863545;SNCB;gs:nmbssncb:8863545_1
TN8863545;SNCB;gs:nmbssncb:8863545_2
TN8863545;SNCB;gs:nmbssncb:8863545_3
TN8863545;SNCB;gs:nmbssncb:S8863545
TN8863545;UIC;8863545
TN8863545;WIKIDATA;Q2766631
TN8863560;OSM;5927412913
TN8863560;SNCB;gs:nmbssncb:8863560
TN8863560;SNCB;gs:nmbssncb:8863560_1
TN8863560;SNCB;gs:nmbssncb:8863560_2
TN8863560;SNCB;gs:nmbssncb:S8863560
TN8863560;UIC;8863560
TN8863560;WIKIDATA;Q2073820
TN8863818;OSM;5875529913
TN8863818;SNCB;gs:nmbssncb:8863818
TN8863818;SNCB;gs:nmbssncb:8863818_1
TN8863818;SNCB;gs:nmbssncb:8863818_2
TN8863818;SNCB;gs:nmbssncb:S8863818
TN8863818;UIC;8863818
TN8863818;WIKIDATA;Q3095645
TN8863834;OSM;5875529958
TN8863834;SNCB;gs:nmbssncb:8863834
TN8863834;SNCB;gs:nmbssncb:8863834_1
TN8863834;SNCB;gs:nmbssncb:8863834_2
TN8863834;SNCB;gs:nmbssncb:8863834_3
TN8863834;SNCB;gs:nmbssncb:S8863834
TN8863834;UIC;8863834
TN8863834;WIKIDATA;Q16964673
TN8863842;OSM;5864086201
TN8863842;SNCB;gs:nmbssncb:8863842
TN8863842;SNCB;gs:nmbssncb:8863842_1
TN8863842;SNCB;gs:nmbssncb:8863842_3
TN8863842;SNCB;gs:nmbssncb:8863842_4
TN8863842;SNCB;gs:nmbssncb:8863842_412
TN8863842;SNCB;gs:nmbssncb:S8863842
TN8863842;UIC;8863842
TN8863842;WIKIDATA;Q3096642
TN8863867;OSM;5863700965
TN8863867;SNCB;gs:nmbssncb:8863867
TN8863867;SNCB;gs:nmbssncb:8863867_1
TN8863867;SNCB;gs:nmbssncb:8863867_2
TN8863867;SNCB;gs:nmbssncb:8863867_3
TN8863867;SNCB;gs:nmbssncb:S8863867
TN8863867;UIC;8863867
TN8863867;WIKIDATA;Q2489858
TN8864006;OSM;5888612385
TN8864006;SNCB;gs:nmbssncb:8864006
TN8864006;SNCB;gs:nmbssncb:8864006_1
TN8864006;SNCB;gs:nmbssncb:8864006_129
TN8864006;SNCB;gs:nmbssncb:8864006_2
TN8864006;SNCB;gs:nmbssncb:8864006_3
TN8864006;SNCB;gs:nmbssncb:8864006_4
TN8864006;SNCB;gs:nmbssncb:8864006_5
TN8864006;SNCB;gs:nmbssncb:8864006_6
TN8864006;SNCB;gs:nmbssncb:8864006_7
TN8864006;SNCB;gs:nmbssncb:S8864006
TN8864006;UIC;8864006
TN8864006;WIKIDATA;Q3096654
TN8864311;OSM;5885099289
TN8864311;SNCB;gs:nmbssncb:8864311
TN8864311;SNCB;gs:nmbssncb:8864311_1
TN8864311;SNCB;gs:nmbssncb:8864311_2
TN8864311;SNCB;gs:nmbssncb:S8864311
TN8864311;UIC;8864311
TN8864311;WIKIDATA;Q962739
TN8864337;OSM;5885099337
TN8864337;SNCB;gs:nmbssncb:8864337
TN8864337;SNCB;gs:nmbssncb:8864337_1
TN8864337;SNCB;gs:nmbssncb:8864337_2
TN8864337;SNCB;gs:nmbssncb:S8864337
TN8864337;UIC;8864337
TN8864337;WIKIDATA;Q2537972
TN8864345;OSM;5450440093
TN8864345;SNCB;gs:nmbssncb:8864345
TN8864345;SNCB;gs:nmbssncb:8864345_1
TN8864345;SNCB;gs:nmbssncb:8864345_2
TN8864345;SNCB;gs:nmbssncb:8864345_3
TN8864345;SNCB;gs:nmbssncb:8864345_4
TN8864345;SNCB;gs:nmbssncb:S8864345
TN8864345;UIC;8864345
TN8864345;WIKIDATA;Q2456324
TN8864352;OSM;5892762838
TN8864352;SNCB;gs:nmbssncb:8864352
TN8864352;SNCB;gs:nmbssncb:8864352_1
TN8864352;SNCB;gs:nmbssncb:8864352_2
TN8864352;SNCB;gs:nmbssncb:S8864352
TN8864352;UIC;8864352
TN8864352;WIKIDATA;Q3095717
TN8864410;OSM;5450440057
TN8864410;SNCB;gs:nmbssncb:8864410
TN8864410;SNCB;gs:nmbssncb:8864410_1
TN8864410;SNCB;gs:nmbssncb:S8864410
TN8864410;UIC;8864410
TN8864410;WIKIDATA;Q528743
TN8864436;OSM;5450434202
TN8864436;SNCB;gs:nmbssncb:8864436
TN8864436;SNCB;gs:nmbssncb:8864436_1
TN8864436;SNCB;gs:nmbssncb:8864436_2
TN8864436;SNCB;gs:nmbssncb:S8864436
TN8864436;UIC;8864436
TN8864436;WIKIDATA;Q2044362
TN8864451;OSM;5450587713
TN8864451;SNCB;gs:nmbssncb:8864451
TN8864451;SNCB;gs:nmbssncb:8864451_1
TN8864451;SNCB;gs:nmbssncb:S8864451
TN8864451;UIC;8864451
TN8864451;WIKIDATA;Q2684760
TN8864469;OSM;5450587661
TN8864469;SNCB;gs:nmbssncb:8864469
TN8864469;SNCB;gs:nmbssncb:8864469_1
TN8864469;SNCB;gs:nmbssncb:8864469_2
TN8864469;SNCB;gs:nmbssncb:8864469_3
TN8864469;SNCB;gs:nmbssncb:S8864469
TN8864469;UIC;8864469
TN8864469;WIKIDATA;Q2596555
TN8864501;OSM;5892984186
TN8864501;SNCB;gs:nmbssncb:8864501
TN8864501;SNCB;gs:nmbssncb:8864501_1
TN8864501;SNCB;gs:nmbssncb:8864501_2
TN8864501;SNCB;gs:nmbssncb:8864501_3
TN8864501;SNCB;gs:nmbssncb:8864501_4
TN8864501;SNCB;gs:nmbssncb:8864501_5
TN8864501;SNCB;gs:nmbssncb:S8864501
TN8864501;UIC;8864501
TN8864501;WIKIDATA;Q2300665
TN8864816;OSM;5892984213
TN8864816;SNCB;gs:nmbssncb:8864816
TN8864816;SNCB;gs:nmbssncb:8864816_1
TN8864816;SNCB;gs:nmbssncb:8864816_2
TN8864816;SNCB;gs:nmbssncb:S8864816
TN8864816;UIC;8864816
TN8864816;WIKIDATA;Q1845673
TN8864824;OSM;5892984242
TN8864824;SNCB;gs:nmbssncb:8864824
TN8864824;SNCB;gs:nmbssncb:8864824_1
TN8864824;SNCB;gs:nmbssncb:8864824_2
TN8864824;SNCB;gs:nmbssncb:S8864824
TN8864824;UIC;8864824
TN8864824;WIKIDATA;Q2680946
TN8864832;OSM;5892762022
TN8864832;SNCB;gs:nmbssncb:8864832
TN8864832;SNCB;gs:nmbssncb:8864832_1
TN8864832;SNCB;gs:nmbssncb:8864832_2
TN8864832;SNCB;gs:nmbssncb:S8864832
TN8864832;UIC;8864832
TN8864832;WIKIDATA;Q743820
TN8864915;OSM;5894141336
TN8864915;SNCB;gs:nmbssncb:8864915
TN8864915;SNCB;gs:nmbssncb:8864915_1
TN8864915;SNCB;gs:nmbssncb:8864915_2
TN8864915;SNCB;gs:nmbssncb:S8864915
TN8864915;UIC;8864915
TN8864915;WIKIDATA;Q2181220
TN8864931;OSM;5894141314
TN8864931;SNCB;gs:nmbssncb:8864931
TN8864931;SNCB;gs:nmbssncb:8864931_1
TN8864931;SNCB;gs:nmbssncb:8864931_2
TN8864931;SNCB;gs:nmbssncb:S8864931
TN8864931;UIC;8864931
TN8864931;WIKIDATA;Q3095683
TN8864949;OSM;5896990873
TN8864949;SNCB;gs:nmbssncb:8864949
TN8864949;SNCB;gs:nmbssncb:8864949_1
TN8864949;SNCB;gs:nmbssncb:8864949_2
TN8864949;SNCB;gs:nmbssncb:S8864949
TN8864949;UIC;8864949
TN8864949;WIKIDATA;Q2393942
TN8864956;OSM;5896990821
TN8864956;SNCB;gs:nmbssncb:8864956
TN8864956;SNCB;gs:nmbssncb:8864956_1
TN8864956;SNCB;gs:nmbssncb:8864956_2
TN8864956;SNCB;gs:nmbssncb:S8864956
TN8864956;UIC;8864956
TN8864956;WIKIDATA;Q3097683
TN8864964;OSM;5896990450
TN8864964;SNCB;gs:nmbssncb:8864964
TN8864964;SNCB;gs:nmbssncb:8864964_1
TN8864964;SNCB;gs:nmbssncb:8864964_2
TN8864964;SNCB;gs:nmbssncb:S8864964
TN8864964;UIC;8864964
TN8864964;WIKIDATA;Q3097171
TN8865003;OSM;5779840185
TN8865003;SNCB;gs:nmbssncb:8865003
TN8865003;SNCB;gs:nmbssncb:8865003_1
TN8865003;SNCB;gs:nmbssncb:8865003_2
TN8865003;SNCB;gs:nmbssncb:8865003_3
TN8865003;SNCB;gs:nmbssncb:8865003_4
TN8865003;SNCB;gs:nmbssncb:8865003_5
TN8865003;SNCB;gs:nmbssncb:8865003_6
TN8865003;SNCB;gs:nmbssncb:S8865003
TN8865003;UIC;8865003
TN8865003;WIKIDATA;Q2856503
TN8865227;OSM;5884971672
TN8865227;SNCB;gs:nmbssncb:8865227
TN8865227;SNCB;gs:nmbssncb:8865227_1
TN8865227;SNCB;gs:nmbssncb:8865227_2
TN8865227;SNCB;gs:nmbssncb:S8865227
TN8865227;UIC;8865227
TN8865227;WIKIDATA;Q1993729
TN8865300;OSM;5771497176
TN8865300;SNCB;gs:nmbssncb:8865300
TN8865300;SNCB;gs:nmbssncb:8865300_1
TN8865300;SNCB;gs:nmbssncb:8865300_2
TN8865300;SNCB;gs:nmbssncb:8865300_3
TN8865300;SNCB;gs:nmbssncb:S8865300
TN8865300;UIC;8865300
TN8865300;WIKIDATA;Q2145703
TN8865540;OSM;5861541102
TN8865540;SNCB;gs:nmbssncb:8865540
TN8865540;SNCB;gs:nmbssncb:8865540_1
TN8865540;SNCB;gs:nmbssncb:8865540_2
TN8865540;SNCB;gs:nmbssncb:S8865540
TN8865540;UIC;8865540
TN8865540;WIKIDATA;Q2098757
TN8865565;OSM;5863457530
TN8865565;SNCB;gs:nmbssncb:8865565
TN8865565;SNCB;gs:nmbssncb:8865565_1
TN8865565;SNCB;gs:nmbssncb:8865565_2
TN8865565;SNCB;gs:nmbssncb:S8865565
TN8865565;UIC;8865565
TN8865565;WIKIDATA;Q2389574
TN8865615;OSM;5863457476
TN8865615;SNCB;gs:nmbssncb:8865615
TN8865615;SNCB;gs:nmbssncb:8865615_1
TN8865615;SNCB;gs:nmbssncb:8865615_2
TN8865615;SNCB;gs:nmbssncb:S8865615
TN8865615;UIC;8865615
TN8865615;WIKIDATA;Q2743727
TN8865649;OSM;5863457409
TN8865649;SNCB;gs:nmbssncb:8865649
TN8865649;SNCB;gs:nmbssncb:8865649_1
TN8865649;SNCB;gs:nmbssncb:8865649_2
TN8865649;SNCB;gs:nmbssncb:S8865649
TN8865649;UIC;8865649
TN8865649;WIKIDATA;Q2013241
TN8866001;OSM;5875951223
TN8866001;SNCB;gs:nmbssncb:8866001
TN8866001;SNCB;gs:nmbssncb:8866001_1
TN8866001;SNCB;gs:nmbssncb:8866001_2
TN8866001;SNCB;gs:nmbssncb:8866001_3
TN8866001;SNCB;gs:nmbssncb:8866001_4
TN8866001;SNCB;gs:nmbssncb:8866001_5
TN8866001;SNCB;gs:nmbssncb:8866001_????????
TN8866001;SNCB;gs:nmbssncb:S8866001
TN8866001;UIC;8866001
TN8866001;WIKIDATA;Q2043244
TN8866118;OSM;5876112729
TN8866118;SNCB;gs:nmbssncb:8866118
TN8866118;SNCB;gs:nmbssncb:8866118_1
TN8866118;SNCB;gs:nmbssncb:8866118_2
TN8866118;SNCB;gs:nmbssncb:S8866118
TN8866118;UIC;8866118
TN8866118;WIKIDATA;Q2777083
TN8866142;OSM;2033131286
TN8866142;SNCB;gs:nmbssncb:8866142
TN8866142;SNCB;gs:nmbssncb:8866142_1
TN8866142;SNCB;gs:nmbssncb:8866142_2
TN8866142;SNCB;gs:nmbssncb:S8866142
TN8866142;UIC;8866142
TN8866142;WIKIDATA;Q961508
TN8866175;OSM;5882541161
TN8866175;SNCB;gs:nmbssncb:8866175
TN8866175;SNCB;gs:nmbssncb:8866175_2
TN8866175;SNCB;gs:nmbssncb:8866175_3
TN8866175;SNCB;gs:nmbssncb:S8866175
TN8866175;UIC;8866175
TN8866175;WIKIDATA;Q662867
TN8866258;OSM;5884549412
TN8866258;SNCB;gs:nmbssncb:8866258
TN8866258;SNCB;gs:nmbssncb:8866258_1
TN8866258;SNCB;gs:nmbssncb:8866258_2
TN8866258;SNCB;gs:nmbssncb:S8866258
TN8866258;UIC;8866258
TN8866258;WIKIDATA;Q3097183
TN8866407;OSM;5766470106
TN8866407;SNCB;gs:nmbssncb:8866407
TN8866407;SNCB;gs:nmbssncb:8866407_1
TN8866407;SNCB;gs:nmbssncb:8866407_2
TN8866407;SNCB;gs:nmbssncb:8866407_3
TN8866407;SNCB;gs:nmbssncb:S8866407
TN8866407;UIC;8866407
TN8866407;WIKIDATA;Q3098024
TN8866530;OSM;5764358887
TN8866530;SNCB;gs:nmbssncb:8866530
TN8866530;SNCB;gs:nmbssncb:8866530_1
TN8866530;SNCB;gs:nmbssncb:8866530_2
TN8866530;SNCB;gs:nmbssncb:S8866530
TN8866530;UIC;8866530
TN8866530;WIKIDATA;Q3096607
TN8866605;OSM;5117245255
TN8866605;SNCB;gs:nmbssncb:8866605
TN8866605;SNCB;gs:nmbssncb:8866605_1
TN8866605;SNCB;gs:nmbssncb:8866605_2
TN8866605;SNCB;gs:nmbssncb:8866605_3
TN8866605;SNCB;gs:nmbssncb:S8866605
TN8866605;UIC;8866605
TN8866605;WIKIDATA;Q2194045
TN8866654;OSM;5764359919
TN8866654;SNCB;gs:nmbssncb:8866654
TN8866654;SNCB;gs:nmbssncb:8866654_1
TN8866654;SNCB;gs:nmbssncb:8866654_2
TN8866654;SNCB;gs:nmbssncb:S8866654
TN8866654;UIC;8866654
TN8866654;WIKIDATA;Q1844932
TN8866662;OSM;5761481284
TN8866662;SNCB;gs:nmbssncb:8866662
TN8866662;SNCB;gs:nmbssncb:8866662_1
TN8866662;SNCB;gs:nmbssncb:S8866662
TN8866662;UIC;8866662
TN8866662;WIKIDATA;Q2372985
TN8866845;OSM;5768862934
TN8866845;SNCB;gs:nmbssncb:8866845
TN8866845;SNCB;gs:nmbssncb:8866845_1
TN8866845;SNCB;gs:nmbssncb:8866845_2
TN8866845;SNCB;gs:nmbssncb:S8866845
TN8866845;UIC;8866845
TN8866845;WIKIDATA;Q2479235
TN8871100;OSM;6023088536
TN8871100;SNCB;gs:nmbssncb:8871100
TN8871100;SNCB;gs:nmbssncb:8871100_1
TN8871100;SNCB;gs:nmbssncb:8871100_2
TN8871100;SNCB;gs:nmbssncb:8871100_3
TN8871100;SNCB;gs:nmbssncb:8871100_4
TN8871100;SNCB;gs:nmbssncb:S8871100
TN8871100;UIC;8871100
TN8871100;WIKIDATA;Q2310045
TN8871175;OSM;2663744947
TN8871175;SNCB;gs:nmbssncb:8871175
TN8871175;SNCB;gs:nmbssncb:8871175_1
TN8871175;SNCB;gs:nmbssncb:8871175_2
TN8871175;SNCB;gs:nmbssncb:S8871175
TN8871175;UIC;8871175
TN8871175;WIKIDATA;Q1921102
TN8871183;OSM;5986613579
TN8871183;SNCB;gs:nmbssncb:8871183
TN8871183;SNCB;gs:nmbssncb:8871183_1
TN8871183;SNCB;gs:nmbssncb:8871183_2
TN8871183;SNCB;gs:nmbssncb:S8871183
TN8871183;UIC;8871183
TN8871183;WIKIDATA;Q2607733
TN8871217;OSM;6025570232
TN8871217;SNCB;gs:nmbssncb:8871217
TN8871217;SNCB;gs:nmbssncb:8871217_1
TN8871217;SNCB;gs:nmbssncb:8871217_2
TN8871217;SNCB;gs:nmbssncb:8871217_3
TN8871217;SNCB;gs:nmbssncb:8871217_4
TN8871217;SNCB;gs:nmbssncb:8871217_5
TN8871217;SNCB;gs:nmbssncb:S8871217
TN8871217;UIC;8871217
TN8871217;WIKIDATA;Q643231
TN8871225;OSM;6028140032
TN8871225;SNCB;gs:nmbssncb:8871225
TN8871225;SNCB;gs:nmbssncb:8871225_1
TN8871225;SNCB;gs:nmbssncb:8871225_2
TN8871225;SNCB;gs:nmbssncb:8871225_3
TN8871225;SNCB;gs:nmbssncb:8871225_4
TN8871225;SNCB;gs:nmbssncb:S8871225
TN8871225;UIC;8871225
TN8871225;WIKIDATA;Q2147999
TN8871308;OSM;6028139914
TN8871308;SNCB;gs:nmbssncb:8871308
TN8871308;SNCB;gs:nmbssncb:8871308_1
TN8871308;SNCB;gs:nmbssncb:8871308_2
TN8871308;SNCB;gs:nmbssncb:8871308_3
TN8871308;SNCB;gs:nmbssncb:8871308_4
TN8871308;SNCB;gs:nmbssncb:8871308_5
TN8871308;SNCB;gs:nmbssncb:S8871308
TN8871308;UIC;8871308
TN8871308;WIKIDATA;Q2171146
TN8871332;OSM;6029157282
TN8871332;SNCB;gs:nmbssncb:8871332
TN8871332;SNCB;gs:nmbssncb:8871332_1
TN8871332;SNCB;gs:nmbssncb:8871332_2
TN8871332;SNCB;gs:nmbssncb:S8871332
TN8871332;UIC;8871332
TN8871332;WIKIDATA;Q2928602
TN8871365;OSM;6356156295
TN8871365;SNCB;gs:nmbssncb:8871365
TN8871365;SNCB;gs:nmbssncb:8871365_1
TN8871365;SNCB;gs:nmbssncb:8871365_2
TN8871365;SNCB;gs:nmbssncb:S8871365
TN8871365;UIC;8871365
TN8871365;WIKIDATA;Q1945111
TN8871373;OSM;6356156198
TN8871373;SNCB;gs:nmbssncb:8871373
TN8871373;SNCB;gs:nmbssncb:8871373_1
TN8871373;SNCB;gs:nmbssncb:8871373_2
TN8871373;SNCB;gs:nmbssncb:S8871373
TN8871373;UIC;8871373
TN8871373;WIKIDATA;Q2780180
TN8871381;OSM;6356156143
TN8871381;SNCB;gs:nmbssncb:8871381
TN8871381;SNCB;gs:nmbssncb:8871381_1
TN8871381;SNCB;gs:nmbssncb:8871381_2
TN8871381;SNCB;gs:nmbssncb:S8871381
TN8871381;UIC;8871381
TN8871381;WIKIDATA;Q2566814
TN8871415;OSM;6345874210
TN8871415;SNCB;gs:nmbssncb:8871415
TN8871415;SNCB;gs:nmbssncb:8871415_1
TN8871415;SNCB;gs:nmbssncb:8871415_2
TN8871415;SNCB;gs:nmbssncb:8871415_3
TN8871415;SNCB;gs:nmbssncb:S8871415
TN8871415;UIC;8871415
TN8871415;WIKIDATA;Q3097276
TN8871514;OSM;3327004794
TN8871514;SNCB;gs:nmbssncb:8871514
TN8871514;SNCB;gs:nmbssncb:8871514_1
TN8871514;SNCB;gs:nmbssncb:8871514_2
TN8871514;SNCB;gs:nmbssncb:S8871514
TN8871514;UIC;8871514
TN8871514;WIKIDATA;Q3096452
TN8871605;OSM;6016120140
TN8871605;SNCB;gs:nmbssncb:8871605
TN8871605;SNCB;gs:nmbssncb:8871605_1
TN8871605;SNCB;gs:nmbssncb:8871605_2
TN8871605;SNCB;gs:nmbssncb:8871605_C
TN8871605;SNCB;gs:nmbssncb:S8871605
TN8871605;UIC;8871605
TN8871647;OSM;6016120162
TN8871647;SNCB;gs:nmbssncb:8871647
TN8871647;SNCB;gs:nmbssncb:8871647_1
TN8871647;SNCB;gs:nmbssncb:8871647_2
TN8871647;SNCB;gs:nmbssncb:S8871647
TN8871647;UIC;8871647
TN8871647;WIKIDATA;Q2687284
TN8871662;OSM;6016124040
TN8871662;SNCB;gs:nmbssncb:8871662
TN8871662;SNCB;gs:nmbssncb:8871662_1
TN8871662;SNCB;gs:nmbssncb:8871662_2
TN8871662;SNCB;gs:nmbssncb:S8871662
TN8871662;UIC;8871662
TN8871662;WIKIDATA;Q781852
TN8871670;OSM;6016124066
TN8871670;SNCB;gs:nmbssncb:8871670
TN8871670;SNCB;gs:nmbssncb:8871670_1
TN8871670;SNCB;gs:nmbssncb:8871670_2
TN8871670;SNCB;gs:nmbssncb:S8871670
TN8871670;UIC;8871670
TN8871670;WIKIDATA;Q3096825
TN8871688;OSM;6016124186
TN8871688;SNCB;gs:nmbssncb:8871688
TN8871688;SNCB;gs:nmbssncb:8871688_1
TN8871688;SNCB;gs:nmbssncb:8871688_2
TN8871688;SNCB;gs:nmbssncb:S8871688
TN8871688;UIC;8871688
TN8871688;WIKIDATA;Q1855658
TN8871712;OSM;6015917266
TN8871712;SNCB;gs:nmbssncb:8871712
TN8871712;SNCB;gs:nmbssncb:8871712_2
TN8871712;SNCB;gs:nmbssncb:S8871712
TN8871712;UIC;8871712
TN8871712;WIKIDATA;Q2051889
TN8871811;OSM;4793334874
TN8871811;SNCB;gs:nmbssncb:8871811
TN8871811;SNCB;gs:nmbssncb:8871811_2
TN8871811;SNCB;gs:nmbssncb:S8871811
TN8871811;UIC;8871811
TN8871811;WIKIDATA;Q2599197
TN8871829;OSM;6015919700
TN8871829;SNCB;gs:nmbssncb:8871829
TN8871829;SNCB;gs:nmbssncb:8871829_1
TN8871829;SNCB;gs:nmbssncb:S8871829
TN8871829;UIC;8871829
TN8871829;WIKIDATA;Q659258
TN8871837;OSM;6013522669
TN8871837;SNCB;gs:nmbssncb:8871837
TN8871837;SNCB;gs:nmbssncb:8871837_1
TN8871837;SNCB;gs:nmbssncb:8871837_2
TN8871837;SNCB;gs:nmbssncb:S8871837
TN8871837;UIC;8871837
TN8871837;WIKIDATA;Q2326429
TN8871852;OSM;6013524527
TN8871852;SNCB;gs:nmbssncb:8871852
TN8871852;SNCB;gs:nmbssncb:8871852_1
TN8871852;SNCB;gs:nmbssncb:8871852_2
TN8871852;SNCB;gs:nmbssncb:S8871852
TN8871852;UIC;8871852
TN8871852;WIKIDATA;Q594080
TN8872009;OSM;6010646002
TN8872009;SNCB;gs:nmbssncb:8872009
TN8872009;SNCB;gs:nmbssncb:8872009_1
TN8872009;SNCB;gs:nmbssncb:8872009_10
TN8872009;SNCB;gs:nmbssncb:8872009_11
TN8872009;SNCB;gs:nmbssncb:8872009_12
TN8872009;SNCB;gs:nmbssncb:8872009_2
TN8872009;SNCB;gs:nmbssncb:8872009_3
TN8872009;SNCB;gs:nmbssncb:8872009_4
TN8872009;SNCB;gs:nmbssncb:8872009_5
TN8872009;SNCB;gs:nmbssncb:8872009_6
TN8872009;SNCB;gs:nmbssncb:8872009_7
TN8872009;SNCB;gs:nmbssncb:8872009_8
TN8872009;SNCB;gs:nmbssncb:8872009_9
TN8872009;SNCB;gs:nmbssncb:8872009_BUS
TN8872009;SNCB;gs:nmbssncb:S8872009
TN8872009;UIC;8872009
TN8872009;WIKIDATA;Q2043526
TN8872066;OSM;5967211577
TN8872066;SNCB;gs:nmbssncb:8872066
TN8872066;SNCB;gs:nmbssncb:8872066_1
TN8872066;SNCB;gs:nmbssncb:8872066_2
TN8872066;SNCB;gs:nmbssncb:8872066_3
TN8872066;SNCB;gs:nmbssncb:S8872066
TN8872066;UIC;8872066
TN8872066;WIKIDATA;Q954149
TN8872306;OSM;5967212231
TN8872306;SNCB;gs:nmbssncb:8872306
TN8872306;SNCB;gs:nmbssncb:8872306_1
TN8872306;SNCB;gs:nmbssncb:8872306_2
TN8872306;SNCB;gs:nmbssncb:S8872306
TN8872306;UIC;8872306
TN8872306;WIKIDATA;Q2206766
TN8872413;OSM;5955060055
TN8872413;SNCB;gs:nmbssncb:8872413
TN8872413;SNCB;gs:nmbssncb:8872413_1
TN8872413;SNCB;gs:nmbssncb:8872413_2
TN8872413;SNCB;gs:nmbssncb:8872413_3
TN8872413;SNCB;gs:nmbssncb:S8872413
TN8872413;UIC;8872413
TN8872413;WIKIDATA;Q2033211
TN8872520;OSM;5960998344
TN8872520;SNCB;gs:nmbssncb:8872520
TN8872520;SNCB;gs:nmbssncb:8872520_1
TN8872520;SNCB;gs:nmbssncb:8872520_2
TN8872520;SNCB;gs:nmbssncb:S8872520
TN8872520;UIC;8872520
TN8872520;WIKIDATA;Q971743
TN8872553;OSM;5960998507
TN8872553;SNCB;gs:nmbssncb:8872553
TN8872553;SNCB;gs:nmbssncb:8872553_1
TN8872553;SNCB;gs:nmbssncb:8872553_2
TN8872553;SNCB;gs:nmbssncb:S8872553
TN8872553;UIC;8872553
TN8872553;WIKIDATA;Q2137620
TN8872579;OSM;5960998566
TN8872579;SNCB;gs:nmbssncb:8872579
TN8872579;SNCB;gs:nmbssncb:8872579_1
TN8872579;SNCB;gs:nmbssncb:8872579_2
TN8872579;SNCB;gs:nmbssncb:S8872579
TN8872579;UIC;8872579
TN8872579;WIKIDATA;Q2173560
TN8872587;OSM;5959607907
TN8872587;SNCB;gs:nmbssncb:8872587
TN8872587;SNCB;gs:nmbssncb:8872587_1
TN8872587;SNCB;gs:nmbssncb:8872587_2
TN8872587;SNCB;gs:nmbssncb:S8872587
TN8872587;UIC;8872587
TN8872587;WIKIDATA;Q2284821
TN8872611;OSM;5959607965
TN8872611;SNCB;gs:nmbssncb:8872611
TN8872611;SNCB;gs:nmbssncb:8872611_1
TN8872611;SNCB;gs:nmbssncb:8872611_2
TN8872611;SNCB;gs:nmbssncb:S8872611
TN8872611;UIC;8872611
TN8872611;WIKIDATA;Q730167
TN8873007;OSM;5982811887
TN8873007;SNCB;gs:nmbssncb:8873007
TN8873007;SNCB;gs:nmbssncb:8873007_1
TN8873007;SNCB;gs:nmbssncb:8873007_2
TN8873007;SNCB;gs:nmbssncb:8873007_3
TN8873007;SNCB;gs:nmbssncb:8873007_625
TN8873007;SNCB;gs:nmbssncb:S8873007
TN8873007;UIC;8873007
TN8873007;WIKIDATA;Q2061873
TN8873122;OSM;5979541222
TN8873122;SNCB;gs:nmbssncb:8873122
TN8873122;SNCB;gs:nmbssncb:8873122_1
TN8873122;SNCB;gs:nmbssncb:8873122_2
TN8873122;SNCB;gs:nmbssncb:S8873122
TN8873122;UIC;8873122
TN8873122;WIKIDATA;Q2234535
TN8873239;OSM;5979539469
TN8873239;SNCB;gs:nmbssncb:8873239
TN8873239;SNCB;gs:nmbssncb:8873239_1
TN8873239;SNCB;gs:nmbssncb:S8873239
TN8873239;UIC;8873239
TN8873239;WIKIDATA;Q2401773
TN8873312;OSM;2480347498
TN8873312;SNCB;gs:nmbssncb:8873312
TN8873312;SNCB;gs:nmbssncb:8873312_1
TN8873312;SNCB;gs:nmbssncb:8873312_2
TN8873312;SNCB;gs:nmbssncb:S8873312
TN8873312;UIC;8873312
TN8873312;WIKIDATA;Q1950097
TN8873320;OSM;5982811684
TN8873320;SNCB;gs:nmbssncb:8873320
TN8873320;SNCB;gs:nmbssncb:8873320_1
TN8873320;SNCB;gs:nmbssncb:8873320_2
TN8873320;SNCB;gs:nmbssncb:S8873320
TN8873320;UIC;8873320
TN8873320;WIKIDATA;Q1959254
TN8873379;OSM;5986613670
TN8873379;SNCB;gs:nmbssncb:8873379
TN8873379;SNCB;gs:nmbssncb:8873379_1
TN8873379;SNCB;gs:nmbssncb:8873379_2
TN8873379;SNCB;gs:nmbssncb:S8873379
TN8873379;UIC;8873379
TN8873379;WIKIDATA;Q3918483
TN8873387;OSM;5986613624
TN8873387;SNCB;gs:nmbssncb:8873387
TN8873387;SNCB;gs:nmbssncb:8873387_1
TN8873387;SNCB;gs:nmbssncb:8873387_2
TN8873387;SNCB;gs:nmbssncb:S8873387
TN8873387;UIC;8873387
TN8873387;WIKIDATA;Q4695214
TN8874005;OSM;5976088018
TN8874005;SNCB;gs:nmbssncb:8874005
TN8874005;SNCB;gs:nmbssncb:8874005_1
TN8874005;SNCB;gs:nmbssncb:8874005_2
TN8874005;SNCB;gs:nmbssncb:8874005_3
TN8874005;SNCB;gs:nmbssncb:8874005_319
TN8874005;SNCB;gs:nmbssncb:8874005_4
TN8874005;SNCB;gs:nmbssncb:8874005_5
TN8874005;SNCB;gs:nmbssncb:S8874005
TN8874005;UIC;8874005
TN8874005;WIKIDATA;Q3096240
TN8874054;OSM;6008152951
TN8874054;SNCB;gs:nmbssncb:8874054
TN8874054;SNCB;gs:nmbssncb:8874054_1
TN8874054;SNCB;gs:nmbssncb:8874054_2
TN8874054;SNCB;gs:nmbssncb:8874054_3
TN8874054;SNCB;gs:nmbssncb:8874054_4
TN8874054;SNCB;gs:nmbssncb:S8874054
TN8874054;UIC;8874054
TN8874054;WIKIDATA;Q2948946
TN8874559;OSM;5996234891
TN8874559;SNCB;gs:nmbssncb:8874559
TN8874559;SNCB;gs:nmbssncb:8874559_1
TN8874559;SNCB;gs:nmbssncb:8874559_2
TN8874559;SNCB;gs:nmbssncb:S8874559
TN8874559;UIC;8874559
TN8874559;WIKIDATA;Q2080628
TN8874567;OSM;5996234927
TN8874567;SNCB;gs:nmbssncb:8874567
TN8874567;SNCB;gs:nmbssncb:8874567_1
TN8874567;SNCB;gs:nmbssncb:8874567_2
TN8874567;SNCB;gs:nmbssncb:S8874567
TN8874567;UIC;8874567
TN8874567;WIKIDATA;Q2283816
TN8874583;OSM;5996235005
TN8874583;SNCB;gs:nmbssncb:8874583
TN8874583;SNCB;gs:nmbssncb:8874583_1
TN8874583;SNCB;gs:nmbssncb:8874583_2
TN8874583;SNCB;gs:nmbssncb:S8874583
TN8874583;UIC;8874583
TN8874583;WIKIDATA;Q2616513
TN8874609;OSM;5996235083
TN8874609;SNCB;gs:nmbssncb:8874609
TN8874609;SNCB;gs:nmbssncb:8874609_1
TN8874609;SNCB;gs:nmbssncb:8874609_2
TN8874609;SNCB;gs:nmbssncb:8874609_3
TN8874609;SNCB;gs:nmbssncb:8874609_4
TN8874609;SNCB;gs:nmbssncb:S8874609
TN8874609;UIC;8874609
TN8874609;WIKIDATA;Q2492695
TN8874716;OSM;5955059898
TN8874716;SNCB;gs:nmbssncb:8874716
TN8874716;SNCB;gs:nmbssncb:8874716_1
TN8874716;SNCB;gs:nmbssncb:8874716_2
TN8874716;SNCB;gs:nmbssncb:S8874716
TN8874716;UIC;8874716
TN8874716;WIKIDATA;Q977561
TN8874724;OSM;5952310602
TN8874724;SNCB;gs:nmbssncb:8874724
TN8874724;SNCB;gs:nmbssncb:8874724_2
TN8874724;SNCB;gs:nmbssncb:8874724_3
TN8874724;SNCB;gs:nmbssncb:8874724_4
TN8874724;SNCB;gs:nmbssncb:S8874724
TN8874724;UIC;8874724
TN8874724;WIKIDATA;Q2284577
TN8875002;OSM;5976176285
TN8875002;SNCB;gs:nmbssncb:8875002
TN8875002;SNCB;gs:nmbssncb:8875002_1
TN8875002;SNCB;gs:nmbssncb:8875002_2
TN8875002;SNCB;gs:nmbssncb:8875002_BUS
TN8875002;SNCB;gs:nmbssncb:S8875002
TN8875002;UIC;8875002
TN8875002;WIKIDATA;Q2789199
TN8875127;OSM;5976176358
TN8875127;SNCB;gs:nmbssncb:8875127
TN8875127;SNCB;gs:nmbssncb:8875127_1
TN8875127;SNCB;gs:nmbssncb:8875127_2
TN8875127;SNCB;gs:nmbssncb:S8875127
TN8875127;UIC;8875127
TN8875127;WIKIDATA;Q2162997
TN8881000;OSM;6360374596
TN8881000;SNCB;gs:nmbssncb:8881000
TN8881000;SNCB;gs:nmbssncb:8881000_1
TN8881000;SNCB;gs:nmbssncb:8881000_2
TN8881000;SNCB;gs:nmbssncb:8881000_3
TN8881000;SNCB;gs:nmbssncb:8881000_4
TN8881000;SNCB;gs:nmbssncb:8881000_5
TN8881000;SNCB;gs:nmbssncb:8881000_508
TN8881000;SNCB;gs:nmbssncb:8881000_6
TN8881000;SNCB;gs:nmbssncb:8881000_7
TN8881000;SNCB;gs:nmbssncb:S8881000
TN8881000;UIC;8881000
TN8881000;WIKIDATA;Q3097068
TN8881125;OSM;7072157528
TN8881125;SNCB;gs:nmbssncb:8881125
TN8881125;SNCB;gs:nmbssncb:8881125_1
TN8881125;SNCB;gs:nmbssncb:8881125_2
TN8881125;SNCB;gs:nmbssncb:S8881125
TN8881125;UIC;8881125
TN8881125;WIKIDATA;Q2860050
TN8881158;OSM;2982874234
TN8881158;SNCB;gs:nmbssncb:8881158
TN8881158;SNCB;gs:nmbssncb:8881158_1
TN8881158;SNCB;gs:nmbssncb:8881158_2
TN8881158;SNCB;gs:nmbssncb:S8881158
TN8881158;UIC;8881158
TN8881158;WIKIDATA;Q1920074
TN8881166;OSM;7072219492
TN8881166;SNCB;gs:nmbssncb:8881166
TN8881166;SNCB;gs:nmbssncb:8881166_1
TN8881166;SNCB;gs:nmbssncb:8881166_2
TN8881166;SNCB;gs:nmbssncb:8881166_3
TN8881166;SNCB;gs:nmbssncb:8881166_4
TN8881166;SNCB;gs:nmbssncb:8881166_5
TN8881166;SNCB;gs:nmbssncb:S8881166
TN8881166;UIC;8881166
TN8881166;WIKIDATA;Q2048462
TN8881174;OSM;7072202016
TN8881174;SNCB;gs:nmbssncb:8881174
TN8881174;SNCB;gs:nmbssncb:8881174_1
TN8881174;SNCB;gs:nmbssncb:8881174_2
TN8881174;SNCB;gs:nmbssncb:S8881174
TN8881174;UIC;8881174
TN8881174;WIKIDATA;Q1840242
TN8881190;OSM;7164736822
TN8881190;SNCB;gs:nmbssncb:8881190
TN8881190;SNCB;gs:nmbssncb:8881190_1
TN8881190;SNCB;gs:nmbssncb:8881190_2
TN8881190;SNCB;gs:nmbssncb:S8881190
TN8881190;UIC;8881190
TN8881190;WIKIDATA;Q3096874
TN8881315;OSM;6360374646
TN8881315;SNCB;gs:nmbssncb:8881315
TN8881315;SNCB;gs:nmbssncb:8881315_1
TN8881315;SNCB;gs:nmbssncb:8881315_2
TN8881315;SNCB;gs:nmbssncb:S8881315
TN8881315;UIC;8881315
TN8881315;WIKIDATA;Q2782047
TN8881406;OSM;6360111540
TN8881406;SNCB;gs:nmbssncb:8881406
TN8881406;SNCB;gs:nmbssncb:8881406_1
TN8881406;SNCB;gs:nmbssncb:8881406_2
TN8881406;SNCB;gs:nmbssncb:S8881406
TN8881406;UIC;8881406
TN8881406;WIKIDATA;Q2169820
TN8881430;OSM;6360111590
TN8881430;SNCB;gs:nmbssncb:8881430
TN8881430;SNCB;gs:nmbssncb:8881430_1
TN8881430;SNCB;gs:nmbssncb:8881430_2
TN8881430;SNCB;gs:nmbssncb:S8881430
TN8881430;UIC;8881430
TN8881455;OSM;6360111671
TN8881455;SNCB;gs:nmbssncb:8881455
TN8881455;SNCB;gs:nmbssncb:8881455_1
TN8881455;SNCB;gs:nmbssncb:8881455_2
TN8881455;SNCB;gs:nmbssncb:S8881455
TN8881455;UIC;8881455
TN8881455;WIKIDATA;Q3097865
TN8881463;OSM;6360111912
TN8881463;SNCB;gs:nmbssncb:8881463
TN8881463;SNCB;gs:nmbssncb:8881463_1
TN8881463;SNCB;gs:nmbssncb:8881463_2
TN8881463;SNCB;gs:nmbssncb:S8881463
TN8881463;UIC;8881463
TN8881505;OSM;6363460603
TN8881505;SNCB;gs:nmbssncb:8881505
TN8881505;SNCB;gs:nmbssncb:8881505_A
TN8881505;SNCB;gs:nmbssncb:8881505_B
TN8881505;SNCB;gs:nmbssncb:8881505_C
TN8881505;SNCB;gs:nmbssncb:S8881505
TN8881505;UIC;8881505
TN8881505;WIKIDATA;Q2441411
TN8881562;OSM;6363460509
TN8881562;SNCB;gs:nmbssncb:8881562
TN8881562;SNCB;gs:nmbssncb:8881562_1
TN8881562;SNCB;gs:nmbssncb:8881562_2
TN8881562;SNCB;gs:nmbssncb:S8881562
TN8881562;UIC;8881562
TN8881562;WIKIDATA;Q1822497
TN8881570;OSM;1307660429
TN8881570;SNCB;gs:nmbssncb:8881570
TN8881570;SNCB;gs:nmbssncb:8881570_1
TN8881570;SNCB;gs:nmbssncb:8881570_2
TN8881570;SNCB;gs:nmbssncb:S8881570
TN8881570;UIC;8881570
TN8881570;WIKIDATA;Q3096472
TN8882107;OSM;446059037
TN8882107;SNCB;gs:nmbssncb:8882107
TN8882107;SNCB;gs:nmbssncb:8882107_1
TN8882107;SNCB;gs:nmbssncb:8882107_2
TN8882107;SNCB;gs:nmbssncb:8882107_3
TN8882107;SNCB;gs:nmbssncb:S8882107
TN8882107;UIC;8882107
TN8882107;WIKIDATA;Q1892465
TN8882206;OSM;6348185815
TN8882206;SNCB;gs:nmbssncb:8882206
TN8882206;SNCB;gs:nmbssncb:8882206_1
TN8882206;SNCB;gs:nmbssncb:8882206_2
TN8882206;SNCB;gs:nmbssncb:8882206_3
TN8882206;SNCB;gs:nmbssncb:8882206_4
TN8882206;SNCB;gs:nmbssncb:8882206_5
TN8882206;SNCB;gs:nmbssncb:8882206_507
TN8882206;SNCB;gs:nmbssncb:8882206_508
TN8882206;SNCB;gs:nmbssncb:S8882206
TN8882206;UIC;8882206
TN8882206;WIKIDATA;Q2132655
TN8882230;OSM;6348185856
TN8882230;SNCB;gs:nmbssncb:8882230
TN8882230;SNCB;gs:nmbssncb:8882230_1
TN8882230;SNCB;gs:nmbssncb:8882230_2
TN8882230;SNCB;gs:nmbssncb:S8882230
TN8882230;UIC;8882230
TN8882230;WIKIDATA;Q3097111
TN8882248;OSM;6348185909
TN8882248;SNCB;gs:nmbssncb:8882248
TN8882248;SNCB;gs:nmbssncb:8882248_1
TN8882248;SNCB;gs:nmbssncb:8882248_2
TN8882248;SNCB;gs:nmbssncb:S8882248
TN8882248;UIC;8882248
TN8882248;WIKIDATA;Q2364337
TN8882339;OSM;6341861680
TN8882339;SNCB;gs:nmbssncb:8882339
TN8882339;SNCB;gs:nmbssncb:8882339_1
TN8882339;SNCB;gs:nmbssncb:S8882339
TN8882339;UIC;8882339
TN8882339;WIKIDATA;Q2240980
TN8882362;OSM;6341861702
TN8882362;SNCB;gs:nmbssncb:8882362
TN8882362;SNCB;gs:nmbssncb:8882362_1
TN8882362;SNCB;gs:nmbssncb:8882362_2
TN8882362;SNCB;gs:nmbssncb:8882362_3
TN8882362;SNCB;gs:nmbssncb:S8882362
TN8882362;UIC;8882362
TN8882362;WIKIDATA;Q3095993
TN8882701;OSM;5972727723
TN8882701;SNCB;gs:nmbssncb:8882701
TN8882701;SNCB;gs:nmbssncb:8882701_1
TN8882701;SNCB;gs:nmbssncb:8882701_2
TN8882701;SNCB;gs:nmbssncb:8882701_3
TN8882701;SNCB;gs:nmbssncb:8882701_4
TN8882701;SNCB;gs:nmbssncb:8882701_5
TN8882701;SNCB;gs:nmbssncb:S8882701
TN8882701;UIC;8882701
TN8882701;WIKIDATA;Q2110854
TN8883006;OSM;5865167974
TN8883006;SNCB;gs:nmbssncb:8883006
TN8883006;SNCB;gs:nmbssncb:8883006_1
TN8883006;SNCB;gs:nmbssncb:8883006_2
TN8883006;SNCB;gs:nmbssncb:8883006_3
TN8883006;SNCB;gs:nmbssncb:8883006_4
TN8883006;SNCB;gs:nmbssncb:8883006_5
TN8883006;SNCB;gs:nmbssncb:8883006_6
TN8883006;SNCB;gs:nmbssncb:8883006_7
TN8883006;SNCB;gs:nmbssncb:8883006_8
TN8883006;SNCB;gs:nmbssncb:8883006_9
TN8883006;SNCB;gs:nmbssncb:S8883006
TN8883006;UIC;8883006
TN8883006;WIKIDATA;Q3096055
TN8883022;OSM;7072182304
TN8883022;SNCB;gs:nmbssncb:8883022
TN8883022;SNCB;gs:nmbssncb:8883022_1
TN8883022;SNCB;gs:nmbssncb:8883022_2
TN8883022;SNCB;gs:nmbssncb:S8883022
TN8883022;UIC;8883022
TN8883022;WIKIDATA;Q2089017
TN8883113;OSM;7088051898
TN8883113;SNCB;gs:nmbssncb:8883113
TN8883113;SNCB;gs:nmbssncb:8883113_1
TN8883113;SNCB;gs:nmbssncb:8883113_2
TN8883113;SNCB;gs:nmbssncb:8883113_3
TN8883113;SNCB;gs:nmbssncb:S8883113
TN8883113;UIC;8883113
TN8883113;WIKIDATA;Q1868452
TN8883121;OSM;5713037711
TN8883121;SNCB;gs:nmbssncb:8883121
TN8883121;SNCB;gs:nmbssncb:8883121_1
TN8883121;SNCB;gs:nmbssncb:8883121_2
TN8883121;SNCB;gs:nmbssncb:S8883121
TN8883121;UIC;8883121
TN8883121;WIKIDATA;Q2135183
TN8883212;OSM;6359993170
TN8883212;SNCB;gs:nmbssncb:8883212
TN8883212;SNCB;gs:nmbssncb:8883212_1
TN8883212;SNCB;gs:nmbssncb:8883212_2
TN8883212;SNCB;gs:nmbssncb:S8883212
TN8883212;UIC;8883212
TN8883212;WIKIDATA;Q1819726
TN8883220;OSM;6356278778
TN8883220;SNCB;gs:nmbssncb:8883220
TN8883220;SNCB;gs:nmbssncb:8883220_1
TN8883220;SNCB;gs:nmbssncb:8883220_2
TN8883220;SNCB;gs:nmbssncb:S8883220
TN8883220;UIC;8883220
TN8883220;WIKIDATA;Q2180260
TN8883238;OSM;6356279544
TN8883238;SNCB;gs:nmbssncb:8883238
TN8883238;SNCB;gs:nmbssncb:8883238_1
TN8883238;SNCB;gs:nmbssncb:8883238_2
TN8883238;SNCB;gs:nmbssncb:S8883238
TN8883238;UIC;8883238
TN8883238;WIKIDATA;Q2749541
TN8883311;OSM;306203775
TN8883311;SNCB;gs:nmbssncb:8883311
TN8883311;SNCB;gs:nmbssncb:8883311_1
TN8883311;SNCB;gs:nmbssncb:8883311_2
TN8883311;SNCB;gs:nmbssncb:8883311_3
TN8883311;SNCB;gs:nmbssncb:8883311_4
TN8883311;SNCB;gs:nmbssncb:8883311_5
TN8883311;SNCB;gs:nmbssncb:S8883311
TN8883311;UIC;8883311
TN8883311;WIKIDATA;Q3095735
TN8883436;OSM;7122412274
TN8883436;SNCB;gs:nmbssncb:8883436
TN8883436;SNCB;gs:nmbssncb:8883436_1
TN8883436;SNCB;gs:nmbssncb:8883436_2
TN8883436;SNCB;gs:nmbssncb:S8883436
TN8883436;UIC;8883436
TN8883436;WIKIDATA;Q946889
TN8883808;OSM;7072202031
TN8883808;SNCB;gs:nmbssncb:8883808
TN8883808;SNCB;gs:nmbssncb:8883808_1
TN8883808;SNCB;gs:nmbssncb:8883808_2
TN8883808;SNCB;gs:nmbssncb:S8883808
TN8883808;UIC;8883808
TN8883808;WIKIDATA;Q2293791
TN8884004;OSM;6360977251
TN8884004;SNCB;gs:nmbssncb:8884004
TN8884004;SNCB;gs:nmbssncb:8884004_1
TN8884004;SNCB;gs:nmbssncb:8884004_2
TN8884004;SNCB;gs:nmbssncb:8884004_3
TN8884004;SNCB;gs:nmbssncb:8884004_4
TN8884004;SNCB;gs:nmbssncb:8884004_5
TN8884004;SNCB;gs:nmbssncb:S8884004
TN8884004;UIC;8884004
TN8884004;WIKIDATA;Q3097536
TN8884319;OSM;13589530993
TN8884319;SNCB;gs:nmbssncb:8884319
TN8884319;SNCB;gs:nmbssncb:8884319_1
TN8884319;SNCB;gs:nmbssncb:S8884319
TN8884319;UIC;8884319
TN8884319;WIKIDATA;Q1980169
TN8884327;OSM;270630922
TN8884327;SNCB;gs:nmbssncb:8884327
TN8884327;SNCB;gs:nmbssncb:8884327_1
TN8884327;SNCB;gs:nmbssncb:S8884327
TN8884327;UIC;8884327
TN8884327;WIKIDATA;Q2056896
TN8884335;OSM;6360708248
TN8884335;SNCB;gs:nmbssncb:8884335
TN8884335;SNCB;gs:nmbssncb:8884335_1
TN8884335;SNCB;gs:nmbssncb:8884335_2
TN8884335;SNCB;gs:nmbssncb:8884335_3
TN8884335;SNCB;gs:nmbssncb:S8884335
TN8884335;UIC;8884335
TN8884335;WIKIDATA;Q3097372
TN8884350;OSM;270630931
TN8884350;SNCB;gs:nmbssncb:8884350
TN8884350;SNCB;gs:nmbssncb:8884350_1
TN8884350;SNCB;gs:nmbssncb:S8884350
TN8884350;UIC;8884350
TN8884350;WIKIDATA;Q593251
TN8884541;OSM;6360977218
TN8884541;SNCB;gs:nmbssncb:8884541
TN8884541;SNCB;gs:nmbssncb:8884541_1
TN8884541;SNCB;gs:nmbssncb:8884541_2
TN8884541;SNCB;gs:nmbssncb:S8884541
TN8884541;UIC;8884541
TN8884541;WIKIDATA;Q2312094
TN8884566;OSM;1146307282
TN8884566;SNCB;gs:nmbssncb:8884566
TN8884566;SNCB;gs:nmbssncb:8884566_1
TN8884566;SNCB;gs:nmbssncb:8884566_2
TN8884566;SNCB;gs:nmbssncb:S8884566
TN8884566;UIC;8884566
TN8884566;WIKIDATA;Q2411271
TN8884632;OSM;7140746104
TN8884632;SNCB;gs:nmbssncb:8884632
TN8884632;SNCB;gs:nmbssncb:8884632_1
TN8884632;SNCB;gs:nmbssncb:8884632_2
TN8884632;SNCB;gs:nmbssncb:S8884632
TN8884632;UIC;8884632
TN8884632;WIKIDATA;Q2482209
TN8884640;OSM;506266542
TN8884640;SNCB;gs:nmbssncb:8884640
TN8884640;SNCB;gs:nmbssncb:8884640_1
TN8884640;SNCB;gs:nmbssncb:8884640_2
TN8884640;SNCB;gs:nmbssncb:S8884640
TN8884640;UIC;8884640
TN8884640;WIKIDATA;Q644404
TN8884715;OSM;7140841728
TN8884715;SNCB;gs:nmbssncb:8884715
TN8884715;SNCB;gs:nmbssncb:8884715_1
TN8884715;SNCB;gs:nmbssncb:8884715_2
TN8884715;SNCB;gs:nmbssncb:8884715_3
TN8884715;SNCB;gs:nmbssncb:S8884715
TN8884715;UIC;8884715
TN8884715;WIKIDATA;Q2326107
TN8884855;OSM;10940262959
TN8884855;SNCB;gs:nmbssncb:8884855
TN8884855;SNCB;gs:nmbssncb:8884855_1
TN8884855;SNCB;gs:nmbssncb:8884855_2
TN8884855;SNCB;gs:nmbssncb:S8884855
TN8884855;UIC;8884855
TN8884855;WIKIDATA;Q2297369
TN8884889;OSM;2077994093
TN8884889;SNCB;gs:nmbssncb:8884889
TN8884889;SNCB;gs:nmbssncb:8884889_1
TN8884889;SNCB;gs:nmbssncb:8884889_2
TN8884889;SNCB;gs:nmbssncb:S8884889
TN8884889;UIC;8884889
TN8884889;WIKIDATA;Q2171720
TN8885001;OSM;7072155262
TN8885001;SNCB;gs:nmbssncb:8885001
TN8885001;SNCB;gs:nmbssncb:8885001_1
TN8885001;SNCB;gs:nmbssncb:8885001_2
TN8885001;SNCB;gs:nmbssncb:8885001_3
TN8885001;SNCB;gs:nmbssncb:8885001_4
TN8885001;SNCB;gs:nmbssncb:8885001_5
TN8885001;SNCB;gs:nmbssncb:8885001_A
TN8885001;SNCB;gs:nmbssncb:S8885001
TN8885001;UIC;8885001
TN8885001;WIKIDATA;Q283437
TN8885068;OSM;436458637
TN8885068;SNCB;gs:nmbssncb:8885068
TN8885068;SNCB;gs:nmbssncb:8885068_1
TN8885068;SNCB;gs:nmbssncb:8885068_2
TN8885068;SNCB;gs:nmbssncb:S8885068
TN8885068;UIC;8885068
TN8885068;WIKIDATA;Q3096496
TN8885522;OSM;7147256328
TN8885522;SNCB;gs:nmbssncb:8885522
TN8885522;SNCB;gs:nmbssncb:8885522_1
TN8885522;SNCB;gs:nmbssncb:8885522_2
TN8885522;SNCB;gs:nmbssncb:S8885522
TN8885522;UIC;8885522
TN8885522;WIKIDATA;Q1814722
TN8885530;OSM;6588503649
TN8885530;SNCB;gs:nmbssncb:8885530
TN8885530;SNCB;gs:nmbssncb:8885530_1
TN8885530;SNCB;gs:nmbssncb:8885530_2
TN8885530;SNCB;gs:nmbssncb:S8885530
TN8885530;UIC;8885530
TN8885704;OSM;7299178958
TN8885704;SNCB;gs:nmbssncb:8885704
TN8885704;SNCB;gs:nmbssncb:8885704_1
TN8885704;SNCB;gs:nmbssncb:8885704_2
TN8885704;SNCB;gs:nmbssncb:8885704_3
TN8885704;SNCB;gs:nmbssncb:8885704_4
TN8885704;SNCB;gs:nmbssncb:8885704_5
TN8885704;SNCB;gs:nmbssncb:S8885704
TN8885704;UIC;8885704
TN8885704;WIKIDATA;Q3097128
TN8885753;OSM;7293064010
TN8885753;SNCB;gs:nmbssncb:8885753
TN8885753;SNCB;gs:nmbssncb:8885753_1
TN8885753;SNCB;gs:nmbssncb:8885753_2
TN8885753;SNCB;gs:nmbssncb:S8885753
TN8885753;UIC;8885753
TN8885753;WIKIDATA;Q2530450
TN8886009;OSM;7122715807
TN8886009;SNCB;gs:nmbssncb:8886009
TN8886009;SNCB;gs:nmbssncb:8886009_1
TN8886009;SNCB;gs:nmbssncb:8886009_2
TN8886009;SNCB;gs:nmbssncb:8886009_3
TN8886009;SNCB;gs:nmbssncb:8886009_4
TN8886009;SNCB;gs:nmbssncb:8886009_5
TN8886009;SNCB;gs:nmbssncb:S8886009
TN8886009;UIC;8886009
TN8886041;OSM;7167500348
TN8886041;SNCB;gs:nmbssncb:8886041
TN8886041;SNCB;gs:nmbssncb:8886041_1
TN8886041;SNCB;gs:nmbssncb:8886041_2
TN8886041;SNCB;gs:nmbssncb:S8886041
TN8886041;UIC;8886041
TN8886058;OSM;7167500376
TN8886058;SNCB;gs:nmbssncb:8886058
TN8886058;SNCB;gs:nmbssncb:8886058_1
TN8886058;SNCB;gs:nmbssncb:8886058_2
TN8886058;SNCB;gs:nmbssncb:S8886058
TN8886058;UIC;8886058
TN8886066;OSM;7164733853
TN8886066;SNCB;gs:nmbssncb:8886066
TN8886066;SNCB;gs:nmbssncb:8886066_1
TN8886066;SNCB;gs:nmbssncb:8886066_2
TN8886066;SNCB;gs:nmbssncb:S8886066
TN8886066;UIC;8886066
TN8886066;WIKIDATA;Q2796893
TN8886074;OSM;7164733864
TN8886074;SNCB;gs:nmbssncb:8886074
TN8886074;SNCB;gs:nmbssncb:8886074_1
TN8886074;SNCB;gs:nmbssncb:8886074_2
TN8886074;SNCB;gs:nmbssncb:S8886074
TN8886074;UIC;8886074
TN8886348;OSM;7129248830
TN8886348;SNCB;gs:nmbssncb:8886348
TN8886348;SNCB;gs:nmbssncb:8886348_1
TN8886348;SNCB;gs:nmbssncb:8886348_2
TN8886348;SNCB;gs:nmbssncb:8886348_3
TN8886348;SNCB;gs:nmbssncb:S8886348
TN8886348;UIC;8886348
TN8886348;WIKIDATA;Q2226990
TN8886504;OSM;7072164180
TN8886504;SNCB;gs:nmbssncb:8886504
TN8886504;SNCB;gs:nmbssncb:8886504_1
TN8886504;SNCB;gs:nmbssncb:8886504_2
TN8886504;SNCB;gs:nmbssncb:8886504_3
TN8886504;SNCB;gs:nmbssncb:8886504_719
TN8886504;SNCB;gs:nmbssncb:S8886504
TN8886504;UIC;8886504
TN8886504;WIKIDATA;Q2139525
TN8886546;OSM;7173056192
TN8886546;SNCB;gs:nmbssncb:8886546
TN8886546;SNCB;gs:nmbssncb:8886546_1
TN8886546;SNCB;gs:nmbssncb:8886546_2
TN8886546;SNCB;gs:nmbssncb:S8886546
TN8886546;UIC;8886546
TN8886546;WIKIDATA;Q2296160
TN8886553;OSM;7170188405
TN8886553;SNCB;gs:nmbssncb:8886553
TN8886553;SNCB;gs:nmbssncb:8886553_1
TN8886553;SNCB;gs:nmbssncb:8886553_2
TN8886553;SNCB;gs:nmbssncb:S8886553
TN8886553;UIC;8886553
TN8886553;WIKIDATA;Q2506668
TN8886561;OSM;7170188410
TN8886561;SNCB;gs:nmbssncb:8886561
TN8886561;SNCB;gs:nmbssncb:8886561_1
TN8886561;SNCB;gs:nmbssncb:8886561_2
TN8886561;SNCB;gs:nmbssncb:S8886561
TN8886561;UIC;8886561
TN8886561;WIKIDATA;Q2651117
TN8886587;OSM;7170188451
TN8886587;SNCB;gs:nmbssncb:8886587
TN8886587;SNCB;gs:nmbssncb:8886587_1
TN8886587;SNCB;gs:nmbssncb:8886587_2
TN8886587;SNCB;gs:nmbssncb:S8886587
TN8886587;UIC;8886587
TN8886587;WIKIDATA;Q1884481
TN8891009;OSM;2929614444
TN8891009;SNCB;gs:nmbssncb:8891009
TN8891009;SNCB;gs:nmbssncb:8891009_1
TN8891009;SNCB;gs:nmbssncb:8891009_10
TN8891009;SNCB;gs:nmbssncb:8891009_2
TN8891009;SNCB;gs:nmbssncb:8891009_3
TN8891009;SNCB;gs:nmbssncb:8891009_4
TN8891009;SNCB;gs:nmbssncb:8891009_5
TN8891009;SNCB;gs:nmbssncb:8891009_6
TN8891009;SNCB;gs:nmbssncb:8891009_7
TN8891009;SNCB;gs:nmbssncb:8891009_8
TN8891009;SNCB;gs:nmbssncb:8891009_9
TN8891009;SNCB;gs:nmbssncb:S8891009
TN8891009;UIC;8891009
TN8891009;WIKIDATA;Q800580
TN8891033;OSM;7598205491
TN8891033;SNCB;gs:nmbssncb:8891033
TN8891033;SNCB;gs:nmbssncb:8891033_1
TN8891033;SNCB;gs:nmbssncb:8891033_2
TN8891033;SNCB;gs:nmbssncb:S8891033
TN8891033;UIC;8891033
TN8891033;WIKIDATA;Q1911408
TN8891116;OSM;7072274498
TN8891116;SNCB;gs:nmbssncb:8891116
TN8891116;SNCB;gs:nmbssncb:8891116_1
TN8891116;SNCB;gs:nmbssncb:8891116_2
TN8891116;SNCB;gs:nmbssncb:8891116_3
TN8891116;SNCB;gs:nmbssncb:8891116_4
TN8891116;SNCB;gs:nmbssncb:S8891116
TN8891116;UIC;8891116
TN8891116;WIKIDATA;Q2589968
TN8891124;OSM;7072212783
TN8891124;SNCB;gs:nmbssncb:8891124
TN8891124;SNCB;gs:nmbssncb:8891124_1
TN8891124;SNCB;gs:nmbssncb:8891124_2
TN8891124;SNCB;gs:nmbssncb:8891124_3
TN8891124;SNCB;gs:nmbssncb:S8891124
TN8891124;UIC;8891124
TN8891124;WIKIDATA;Q2090018
TN8891132;OSM;7072271646
TN8891132;SNCB;gs:nmbssncb:8891132
TN8891132;SNCB;gs:nmbssncb:8891132_1
TN8891132;SNCB;gs:nmbssncb:8891132_2
TN8891132;SNCB;gs:nmbssncb:8891132_3
TN8891132;SNCB;gs:nmbssncb:S8891132
TN8891132;UIC;8891132
TN8891132;WIKIDATA;Q2417780
TN8891140;OSM;827977507
TN8891140;SNCB;gs:nmbssncb:8891140
TN8891140;SNCB;gs:nmbssncb:8891140_1
TN8891140;SNCB;gs:nmbssncb:8891140_2
TN8891140;SNCB;gs:nmbssncb:8891140_3
TN8891140;SNCB;gs:nmbssncb:8891140_4
TN8891140;SNCB;gs:nmbssncb:S8891140
TN8891140;UIC;8891140
TN8891140;WIKIDATA;Q2198493
TN8891157;OSM;7072260984
TN8891157;SNCB;gs:nmbssncb:8891157
TN8891157;SNCB;gs:nmbssncb:8891157_2
TN8891157;SNCB;gs:nmbssncb:8891157_3
TN8891157;SNCB;gs:nmbssncb:S8891157
TN8891157;UIC;8891157
TN8891157;WIKIDATA;Q2417603
TN8891165;OSM;7072257971
TN8891165;SNCB;gs:nmbssncb:8891165
TN8891165;SNCB;gs:nmbssncb:8891165_2
TN8891165;SNCB;gs:nmbssncb:8891165_3
TN8891165;SNCB;gs:nmbssncb:S8891165
TN8891165;UIC;8891165
TN8891165;WIKIDATA;Q2688151
TN8891173;OSM;7598463775
TN8891173;SNCB;gs:nmbssncb:8891173
TN8891173;SNCB;gs:nmbssncb:8891173_1
TN8891173;SNCB;gs:nmbssncb:8891173_SAS 504
TN8891173;SNCB;gs:nmbssncb:8891173_SAS 505
TN8891173;SNCB;gs:nmbssncb:S8891173
TN8891173;UIC;8891173
TN8891173;WIKIDATA;Q1978037
TN8891264;OSM;7332857770
TN8891264;SNCB;gs:nmbssncb:8891264
TN8891264;SNCB;gs:nmbssncb:8891264_1
TN8891264;SNCB;gs:nmbssncb:8891264_2
TN8891264;SNCB;gs:nmbssncb:S8891264
TN8891264;UIC;8891264
TN8891264;WIKIDATA;Q2752064
TN8891314;OSM;7332212663
TN8891314;SNCB;gs:nmbssncb:8891314
TN8891314;SNCB;gs:nmbssncb:8891314_1
TN8891314;SNCB;gs:nmbssncb:8891314_2
TN8891314;SNCB;gs:nmbssncb:S8891314
TN8891314;UIC;8891314
TN8891405;OSM;1634330013
TN8891405;SNCB;gs:nmbssncb:8891405
TN8891405;SNCB;gs:nmbssncb:8891405_1
TN8891405;SNCB;gs:nmbssncb:8891405_2
TN8891405;SNCB;gs:nmbssncb:8891405_3
TN8891405;SNCB;gs:nmbssncb:8891405_4
TN8891405;SNCB;gs:nmbssncb:8891405_5
TN8891405;SNCB;gs:nmbssncb:8891405_6
TN8891405;SNCB;gs:nmbssncb:8891405_7
TN8891405;SNCB;gs:nmbssncb:8891405_VARIA
TN8891405;SNCB;gs:nmbssncb:S8891405
TN8891405;UIC;8891405
TN8891553;OSM;1016392118
TN8891553;SNCB;gs:nmbssncb:8891553
TN8891553;SNCB;gs:nmbssncb:8891553_1
TN8891553;SNCB;gs:nmbssncb:S8891553
TN8891553;UIC;8891553
TN8891553;WIKIDATA;Q339697
TN8891629;OSM;7598316088
TN8891629;SNCB;gs:nmbssncb:8891629
TN8891629;SNCB;gs:nmbssncb:8891629_1
TN8891629;SNCB;gs:nmbssncb:8891629_2
TN8891629;SNCB;gs:nmbssncb:S8891629
TN8891629;UIC;8891629
TN8891629;WIKIDATA;Q3096894
TN8891645;OSM;1015988681
TN8891645;SNCB;gs:nmbssncb:8891645
TN8891645;SNCB;gs:nmbssncb:8891645_1
TN8891645;SNCB;gs:nmbssncb:8891645_2
TN8891645;SNCB;gs:nmbssncb:S8891645
TN8891645;UIC;8891645
TN8891645;WIKIDATA;Q3096625
TN8891652;OSM;1015981197
TN8891652;SNCB;gs:nmbssncb:8891652
TN8891652;SNCB;gs:nmbssncb:8891652_1
TN8891652;SNCB;gs:nmbssncb:8891652_2
TN8891652;SNCB;gs:nmbssncb:S8891652
TN8891652;UIC;8891652
TN8891652;WIKIDATA;Q2347428
TN8891660;OSM;1015981231
TN8891660;SNCB;gs:nmbssncb:8891660
TN8891660;SNCB;gs:nmbssncb:8891660_1
TN8891660;SNCB;gs:nmbssncb:8891660_2
TN8891660;SNCB;gs:nmbssncb:8891660_3
TN8891660;SNCB;gs:nmbssncb:S8891660
TN8891660;UIC;8891660
TN8891660;WIKIDATA;Q2785861
TN8891702;OSM;1027979508
TN8891702;SNCB;gs:nmbssncb:8891702
TN8891702;SNCB;gs:nmbssncb:8891702_10
TN8891702;SNCB;gs:nmbssncb:8891702_3
TN8891702;SNCB;gs:nmbssncb:8891702_4
TN8891702;SNCB;gs:nmbssncb:8891702_5
TN8891702;SNCB;gs:nmbssncb:8891702_6
TN8891702;SNCB;gs:nmbssncb:8891702_7
TN8891702;SNCB;gs:nmbssncb:8891702_8
TN8891702;SNCB;gs:nmbssncb:8891702_9
TN8891702;SNCB;gs:nmbssncb:8891702_VARIA
TN8891702;SNCB;gs:nmbssncb:S8891702
TN8891702;UIC;8891702
TN8891702;WIKIDATA;Q2292734
TN8892007;OSM;1178257779
TN8892007;SNCB;gs:nmbssncb:8892007
TN8892007;SNCB;gs:nmbssncb:8892007_10
TN8892007;SNCB;gs:nmbssncb:8892007_11
TN8892007;SNCB;gs:nmbssncb:8892007_12
TN8892007;SNCB;gs:nmbssncb:8892007_4
TN8892007;SNCB;gs:nmbssncb:8892007_5
TN8892007;SNCB;gs:nmbssncb:8892007_6
TN8892007;SNCB;gs:nmbssncb:8892007_7
TN8892007;SNCB;gs:nmbssncb:8892007_8
TN8892007;SNCB;gs:nmbssncb:8892007_9
TN8892007;SNCB;gs:nmbssncb:8892007_????????
TN8892007;SNCB;gs:nmbssncb:8892007_TE BEPAL
TN8892007;SNCB;gs:nmbssncb:S8892007
TN8892007;UIC;8892007
TN8892007;WIKIDATA;Q800814
TN8892031;OSM;7072255873
TN8892031;SNCB;gs:nmbssncb:8892031
TN8892031;SNCB;gs:nmbssncb:8892031_1
TN8892031;SNCB;gs:nmbssncb:8892031_2
TN8892031;SNCB;gs:nmbssncb:8892031_3
TN8892031;SNCB;gs:nmbssncb:8892031_4
TN8892031;SNCB;gs:nmbssncb:S8892031
TN8892031;UIC;8892031
TN8892031;WIKIDATA;Q2297616
TN8892056;OSM;7072265390
TN8892056;SNCB;gs:nmbssncb:8892056
TN8892056;SNCB;gs:nmbssncb:8892056_1
TN8892056;SNCB;gs:nmbssncb:8892056_2
TN8892056;SNCB;gs:nmbssncb:8892056_3
TN8892056;SNCB;gs:nmbssncb:8892056_4
TN8892056;SNCB;gs:nmbssncb:S8892056
TN8892056;UIC;8892056
TN8892056;WIKIDATA;Q1818284
TN8892080;OSM;660115815
TN8892080;SNCB;gs:nmbssncb:8892080
TN8892080;SNCB;gs:nmbssncb:8892080_1
TN8892080;SNCB;gs:nmbssncb:8892080_2
TN8892080;SNCB;gs:nmbssncb:8892080_3
TN8892080;SNCB;gs:nmbssncb:8892080_4
TN8892080;SNCB;gs:nmbssncb:S8892080
TN8892080;UIC;8892080
TN8892080;WIKIDATA;Q3096355
TN8892106;OSM;7306660825
TN8892106;SNCB;gs:nmbssncb:8892106
TN8892106;SNCB;gs:nmbssncb:8892106_1
TN8892106;SNCB;gs:nmbssncb:8892106_2
TN8892106;SNCB;gs:nmbssncb:8892106_3
TN8892106;SNCB;gs:nmbssncb:8892106_4
TN8892106;SNCB;gs:nmbssncb:8892106_5
TN8892106;SNCB;gs:nmbssncb:S8892106
TN8892106;UIC;8892106
TN8892106;WIKIDATA;Q729472
TN8892205;OSM;3009257603
TN8892205;SNCB;gs:nmbssncb:8892205
TN8892205;SNCB;gs:nmbssncb:8892205_1
TN8892205;SNCB;gs:nmbssncb:8892205_2
TN8892205;SNCB;gs:nmbssncb:8892205_3
TN8892205;SNCB;gs:nmbssncb:8892205_4
TN8892205;SNCB;gs:nmbssncb:8892205_5
TN8892205;SNCB;gs:nmbssncb:S8892205
TN8892205;UIC;8892205
TN8892205;WIKIDATA;Q1925338
TN8892254;OSM;7310113505
TN8892254;SNCB;gs:nmbssncb:8892254
TN8892254;SNCB;gs:nmbssncb:8892254_1
TN8892254;SNCB;gs:nmbssncb:8892254_2
TN8892254;SNCB;gs:nmbssncb:S8892254
TN8892254;UIC;8892254
TN8892254;WIKIDATA;Q2675511
TN8892288;OSM;1584951481
TN8892288;SNCB;gs:nmbssncb:8892288
TN8892288;SNCB;gs:nmbssncb:8892288_1
TN8892288;SNCB;gs:nmbssncb:8892288_2
TN8892288;SNCB;gs:nmbssncb:S8892288
TN8892288;UIC;8892288
TN8892288;WIKIDATA;Q2681247
TN8892304;OSM;7314829304
TN8892304;SNCB;gs:nmbssncb:8892304
TN8892304;SNCB;gs:nmbssncb:8892304_1
TN8892304;SNCB;gs:nmbssncb:8892304_2
TN8892304;SNCB;gs:nmbssncb:S8892304
TN8892304;UIC;8892304
TN8892304;WIKIDATA;Q3096503
TN8892320;OSM;7314816866
TN8892320;SNCB;gs:nmbssncb:8892320
TN8892320;SNCB;gs:nmbssncb:8892320_1
TN8892320;SNCB;gs:nmbssncb:S8892320
TN8892320;UIC;8892320
TN8892320;WIKIDATA;Q526990
TN8892338;OSM;506944265
TN8892338;SNCB;gs:nmbssncb:8892338
TN8892338;SNCB;gs:nmbssncb:8892338_1
TN8892338;SNCB;gs:nmbssncb:8892338_2
TN8892338;SNCB;gs:nmbssncb:8892338_3
TN8892338;SNCB;gs:nmbssncb:8892338_TE BEPAL
TN8892338;SNCB;gs:nmbssncb:S8892338
TN8892338;UIC;8892338
TN8892338;WIKIDATA;Q2419184
TN8892403;OSM;506950667
TN8892403;SNCB;gs:nmbssncb:8892403
TN8892403;SNCB;gs:nmbssncb:8892403_1
TN8892403;SNCB;gs:nmbssncb:8892403_2
TN8892403;SNCB;gs:nmbssncb:S8892403
TN8892403;UIC;8892403
TN8892403;WIKIDATA;Q2055540
TN8892452;OSM;7313242380
TN8892452;SNCB;gs:nmbssncb:8892452
TN8892452;SNCB;gs:nmbssncb:8892452_1
TN8892452;SNCB;gs:nmbssncb:8892452_2
TN8892452;SNCB;gs:nmbssncb:S8892452
TN8892452;UIC;8892452
TN8892452;WIKIDATA;Q2431799
TN8892601;OSM;60849950
TN8892601;SNCB;gs:nmbssncb:8892601
TN8892601;SNCB;gs:nmbssncb:8892601_1
TN8892601;SNCB;gs:nmbssncb:8892601_2
TN8892601;SNCB;gs:nmbssncb:8892601_3
TN8892601;SNCB;gs:nmbssncb:8892601_4
TN8892601;SNCB;gs:nmbssncb:8892601_5
TN8892601;SNCB;gs:nmbssncb:8892601_????????
TN8892601;SNCB;gs:nmbssncb:8892601_TE BEPAL
TN8892601;SNCB;gs:nmbssncb:S8892601
TN8892601;UIC;8892601
TN8892601;WIKIDATA;Q2507498
TN8892627;OSM;7236721465
TN8892627;SNCB;gs:nmbssncb:8892627
TN8892627;SNCB;gs:nmbssncb:8892627_1
TN8892627;SNCB;gs:nmbssncb:S8892627
TN8892627;UIC;8892627
TN8892627;WIKIDATA;Q2184110
TN8892635;OSM;7236721442
TN8892635;SNCB;gs:nmbssncb:8892635
TN8892635;SNCB;gs:nmbssncb:8892635_1
TN8892635;SNCB;gs:nmbssncb:8892635_2
TN8892635;SNCB;gs:nmbssncb:S8892635
TN8892635;UIC;8892635
TN8892635;WIKIDATA;Q2652325
TN8892643;OSM;7236964210
TN8892643;SNCB;gs:nmbssncb:8892643
TN8892643;SNCB;gs:nmbssncb:8892643_1
TN8892643;SNCB;gs:nmbssncb:8892643_2
TN8892643;SNCB;gs:nmbssncb:S8892643
TN8892643;UIC;8892643
TN8892643;WIKIDATA;Q2343950
TN8892650;OSM;7236962666
TN8892650;SNCB;gs:nmbssncb:8892650
TN8892650;SNCB;gs:nmbssncb:8892650_1
TN8892650;SNCB;gs:nmbssncb:S8892650
TN8892650;UIC;8892650
TN8892650;WIKIDATA;Q2770505
TN8892692;OSM;7228471881
TN8892692;SNCB;gs:nmbssncb:8892692
TN8892692;SNCB;gs:nmbssncb:8892692_1
TN8892692;SNCB;gs:nmbssncb:8892692_2
TN8892692;SNCB;gs:nmbssncb:S8892692
TN8892692;UIC;8892692
TN8892692;WIKIDATA;Q2524775
TN8892734;OSM;7223472933
TN8892734;SNCB;gs:nmbssncb:8892734
TN8892734;SNCB;gs:nmbssncb:8892734_1
TN8892734;SNCB;gs:nmbssncb:8892734_2
TN8892734;SNCB;gs:nmbssncb:S8892734
TN8892734;UIC;8892734
TN8892734;WIKIDATA;Q2295816
TN8892908;OSM;7236631369
TN8892908;SNCB;gs:nmbssncb:8892908
TN8892908;SNCB;gs:nmbssncb:8892908_1
TN8892908;SNCB;gs:nmbssncb:8892908_2
TN8892908;SNCB;gs:nmbssncb:S8892908
TN8892908;UIC;8892908
TN8892908;WIKIDATA;Q2227924
TN8893013;OSM;3047301202
TN8893013;SNCB;gs:nmbssncb:8893013
TN8893013;SNCB;gs:nmbssncb:8893013_1
TN8893013;SNCB;gs:nmbssncb:8893013_2
TN8893013;SNCB;gs:nmbssncb:8893013_3
TN8893013;SNCB;gs:nmbssncb:8893013_4
TN8893013;SNCB;gs:nmbssncb:S8893013
TN8893013;UIC;8893013
TN8893013;WIKIDATA;Q2680012
TN8893039;OSM;7470496830
TN8893039;SNCB;gs:nmbssncb:8893039
TN8893039;SNCB;gs:nmbssncb:8893039_1
TN8893039;SNCB;gs:nmbssncb:8893039_2
TN8893039;SNCB;gs:nmbssncb:S8893039
TN8893039;UIC;8893039
TN8893039;WIKIDATA;Q2332107
TN8893047;OSM;7214796411
TN8893047;SNCB;gs:nmbssncb:8893047
TN8893047;SNCB;gs:nmbssncb:8893047_1
TN8893047;SNCB;gs:nmbssncb:8893047_2
TN8893047;SNCB;gs:nmbssncb:S8893047
TN8893047;UIC;8893047
TN8893047;WIKIDATA;Q5018909
TN8893054;OSM;7214796416
TN8893054;SNCB;gs:nmbssncb:8893054
TN8893054;SNCB;gs:nmbssncb:8893054_1
TN8893054;SNCB;gs:nmbssncb:8893054_2
TN8893054;SNCB;gs:nmbssncb:S8893054
TN8893054;UIC;8893054
TN8893054;WIKIDATA;Q2949315
TN8893062;OSM;7214719677
TN8893062;SNCB;gs:nmbssncb:8893062
TN8893062;SNCB;gs:nmbssncb:8893062_1
TN8893062;SNCB;gs:nmbssncb:8893062_2
TN8893062;SNCB;gs:nmbssncb:S8893062
TN8893062;UIC;8893062
TN8893062;WIKIDATA;Q2668416
TN8893070;OSM;7214745585
TN8893070;SNCB;gs:nmbssncb:8893070
TN8893070;SNCB;gs:nmbssncb:8893070_1
TN8893070;SNCB;gs:nmbssncb:8893070_2
TN8893070;SNCB;gs:nmbssncb:S8893070
TN8893070;UIC;8893070
TN8893070;WIKIDATA;Q1824804
TN8893120;OSM;56336696
TN8893120;SNCB;gs:nmbssncb:8893120
TN8893120;SNCB;gs:nmbssncb:8893120_1
TN8893120;SNCB;gs:nmbssncb:8893120_2
TN8893120;SNCB;gs:nmbssncb:S8893120
TN8893120;UIC;8893120
TN8893120;WIKIDATA;Q3096519
TN8893179;OSM;7442778959
TN8893179;SNCB;gs:nmbssncb:8893179
TN8893179;SNCB;gs:nmbssncb:8893179_1
TN8893179;SNCB;gs:nmbssncb:8893179_2
TN8893179;SNCB;gs:nmbssncb:S8893179
TN8893179;UIC;8893179
TN8893179;WIKIDATA;Q2180210
TN8893211;OSM;7439120741
TN8893211;SNCB;gs:nmbssncb:8893211
TN8893211;SNCB;gs:nmbssncb:8893211_1
TN8893211;SNCB;gs:nmbssncb:8893211_2
TN8893211;SNCB;gs:nmbssncb:S8893211
TN8893211;UIC;8893211
TN8893211;WIKIDATA;Q2619109
TN8893252;OSM;7438915765
TN8893252;SNCB;gs:nmbssncb:8893252
TN8893252;SNCB;gs:nmbssncb:8893252_1
TN8893252;SNCB;gs:nmbssncb:S8893252
TN8893252;UIC;8893252
TN8893252;WIKIDATA;Q2661638
TN8893260;OSM;7438915784
TN8893260;SNCB;gs:nmbssncb:8893260
TN8893260;SNCB;gs:nmbssncb:8893260_1
TN8893260;SNCB;gs:nmbssncb:S8893260
TN8893260;UIC;8893260
TN8893260;WIKIDATA;Q2264984
TN8893401;OSM;967026850
TN8893401;SNCB;gs:nmbssncb:8893401
TN8893401;SNCB;gs:nmbssncb:8893401_1
TN8893401;SNCB;gs:nmbssncb:8893401_2
TN8893401;SNCB;gs:nmbssncb:8893401_3
TN8893401;SNCB;gs:nmbssncb:8893401_4
TN8893401;SNCB;gs:nmbssncb:8893401_5
TN8893401;SNCB;gs:nmbssncb:8893401_6
TN8893401;SNCB;gs:nmbssncb:8893401_7
TN8893401;SNCB;gs:nmbssncb:8893401_8
TN8893401;SNCB;gs:nmbssncb:8893401_9
TN8893401;SNCB;gs:nmbssncb:S8893401
TN8893401;UIC;8893401
TN8893401;WIKIDATA;Q2426602
TN8893443;OSM;7333177284
TN8893443;SNCB;gs:nmbssncb:8893443
TN8893443;SNCB;gs:nmbssncb:8893443_1
TN8893443;SNCB;gs:nmbssncb:8893443_2
TN8893443;SNCB;gs:nmbssncb:S8893443
TN8893443;UIC;8893443
TN8893443;WIKIDATA;Q3006672
TN8893518;OSM;5759149238
TN8893518;SNCB;gs:nmbssncb:8893518
TN8893518;SNCB;gs:nmbssncb:8893518_1
TN8893518;SNCB;gs:nmbssncb:8893518_2
TN8893518;SNCB;gs:nmbssncb:S8893518
TN8893518;UIC;8893518
TN8893518;WIKIDATA;Q1995918
TN8893526;OSM;5759149230
TN8893526;SNCB;gs:nmbssncb:8893526
TN8893526;SNCB;gs:nmbssncb:8893526_1
TN8893526;SNCB;gs:nmbssncb:8893526_2
TN8893526;SNCB;gs:nmbssncb:S8893526
TN8893526;UIC;8893526
TN8893526;WIKIDATA;Q1952616
TN8893534;OSM;5759145919
TN8893534;SNCB;gs:nmbssncb:8893534
TN8893534;SNCB;gs:nmbssncb:8893534_1
TN8893534;SNCB;gs:nmbssncb:8893534_2
TN8893534;SNCB;gs:nmbssncb:S8893534
TN8893534;UIC;8893534
TN8893534;WIKIDATA;Q2856149
TN8893542;OSM;7467997988
TN8893542;SNCB;gs:nmbssncb:8893542
TN8893542;SNCB;gs:nmbssncb:8893542_1
TN8893542;SNCB;gs:nmbssncb:8893542_2
TN8893542;SNCB;gs:nmbssncb:8893542_3
TN8893542;SNCB;gs:nmbssncb:S8893542
TN8893542;UIC;8893542
TN8893542;WIKIDATA;Q2159970
TN8893559;OSM;3084588309
TN8893559;SNCB;gs:nmbssncb:8893559
TN8893559;SNCB;gs:nmbssncb:8893559_1
TN8893559;SNCB;gs:nmbssncb:8893559_2
TN8893559;SNCB;gs:nmbssncb:S8893559
TN8893559;UIC;8893559
TN8893559;WIKIDATA;Q2252106
TN8893567;OSM;7470496840
TN8893567;SNCB;gs:nmbssncb:8893567
TN8893567;SNCB;gs:nmbssncb:8893567_1
TN8893567;SNCB;gs:nmbssncb:8893567_2
TN8893567;SNCB;gs:nmbssncb:S8893567
TN8893567;UIC;8893567
TN8893567;WIKIDATA;Q2397828
TN8893583;OSM;7467997996
TN8893583;SNCB;gs:nmbssncb:8893583
TN8893583;SNCB;gs:nmbssncb:8893583_1
TN8893583;SNCB;gs:nmbssncb:8893583_2
TN8893583;SNCB;gs:nmbssncb:S8893583
TN8893583;UIC;8893583
TN8893583;WIKIDATA;Q3097724
TN8893708;OSM;269183362
TN8893708;SNCB;gs:nmbssncb:8893708
TN8893708;SNCB;gs:nmbssncb:8893708_1
TN8893708;SNCB;gs:nmbssncb:8893708_2
TN8893708;SNCB;gs:nmbssncb:S8893708
TN8893708;UIC;8893708
TN8893708;WIKIDATA;Q12446
TN8893815;OSM;7438942295
TN8893815;SNCB;gs:nmbssncb:8893815
TN8893815;SNCB;gs:nmbssncb:8893815_1
TN8893815;SNCB;gs:nmbssncb:S8893815
TN8893815;UIC;8893815
TN8893815;WIKIDATA;Q12445
TN8894151;OSM;3091116156
TN8894151;SNCB;gs:nmbssncb:8894151
TN8894151;SNCB;gs:nmbssncb:8894151_1
TN8894151;SNCB;gs:nmbssncb:8894151_2
TN8894151;SNCB;gs:nmbssncb:S8894151
TN8894151;UIC;8894151
TN8894151;WIKIDATA;Q3075755
TN8894201;OSM;496893320
TN8894201;SNCB;gs:nmbssncb:8894201
TN8894201;SNCB;gs:nmbssncb:8894201_1
TN8894201;SNCB;gs:nmbssncb:8894201_2
TN8894201;SNCB;gs:nmbssncb:8894201_3
TN8894201;SNCB;gs:nmbssncb:8894201_4
TN8894201;SNCB;gs:nmbssncb:8894201_A
TN8894201;SNCB;gs:nmbssncb:S8894201
TN8894201;UIC;8894201
TN8894201;WIKIDATA;Q2614291
TN8894235;OSM;96658277
TN8894235;SNCB;gs:nmbssncb:8894235
TN8894235;SNCB;gs:nmbssncb:8894235_1
TN8894235;SNCB;gs:nmbssncb:8894235_2
TN8894235;SNCB;gs:nmbssncb:S8894235
TN8894235;UIC;8894235
TN8894235;WIKIDATA;Q2076395
TN8894425;OSM;7398779690
TN8894425;SNCB;gs:nmbssncb:8894425
TN8894425;SNCB;gs:nmbssncb:8894425_1
TN8894425;SNCB;gs:nmbssncb:8894425_2
TN8894425;SNCB;gs:nmbssncb:S8894425
TN8894425;UIC;8894425
TN8894425;WIKIDATA;Q3188190
TN8894433;OSM;5699706957
TN8894433;SNCB;gs:nmbssncb:8894433
TN8894433;SNCB;gs:nmbssncb:8894433_1
TN8894433;SNCB;gs:nmbssncb:8894433_2
TN8894433;SNCB;gs:nmbssncb:S8894433
TN8894433;UIC;8894433
TN8894433;WIKIDATA;Q1886053
TN8894508;OSM;7391741770
TN8894508;SNCB;gs:nmbssncb:8894508
TN8894508;SNCB;gs:nmbssncb:8894508_1
TN8894508;SNCB;gs:nmbssncb:8894508_2
TN8894508;SNCB;gs:nmbssncb:8894508_3
TN8894508;SNCB;gs:nmbssncb:8894508_4
TN8894508;SNCB;gs:nmbssncb:8894508_5
TN8894508;SNCB;gs:nmbssncb:8894508_????????
TN8894508;SNCB;gs:nmbssncb:8894508_A
TN8894508;SNCB;gs:nmbssncb:S8894508
TN8894508;UIC;8894508
TN8894508;WIKIDATA;Q1907355
TN8894672;OSM;7391744403
TN8894672;SNCB;gs:nmbssncb:8894672
TN8894672;SNCB;gs:nmbssncb:8894672_1
TN8894672;SNCB;gs:nmbssncb:8894672_2
TN8894672;SNCB;gs:nmbssncb:S8894672
TN8894672;UIC;8894672
TN8894672;WIKIDATA;Q2195482
TN8894714;OSM;7398182156
TN8894714;SNCB;gs:nmbssncb:8894714
TN8894714;SNCB;gs:nmbssncb:8894714_1
TN8894714;SNCB;gs:nmbssncb:8894714_2
TN8894714;SNCB;gs:nmbssncb:S8894714
TN8894714;UIC;8894714
TN8894714;WIKIDATA;Q2579795
TN8894748;OSM;7398182178
TN8894748;SNCB;gs:nmbssncb:8894748
TN8894748;SNCB;gs:nmbssncb:8894748_1
TN8894748;SNCB;gs:nmbssncb:8894748_2
TN8894748;SNCB;gs:nmbssncb:S8894748
TN8894748;UIC;8894748
TN8894748;WIKIDATA;Q1865803
TN8894755;OSM;7398197229
TN8894755;SNCB;gs:nmbssncb:8894755
TN8894755;SNCB;gs:nmbssncb:8894755_1
TN8894755;SNCB;gs:nmbssncb:8894755_2
TN8894755;SNCB;gs:nmbssncb:S8894755
TN8894755;UIC;8894755
TN8894755;WIKIDATA;Q2793118
TN8894821;OSM;7397978134
TN8894821;SNCB;gs:nmbssncb:8894821
TN8894821;SNCB;gs:nmbssncb:8894821_1
TN8894821;SNCB;gs:nmbssncb:8894821_2
TN8894821;SNCB;gs:nmbssncb:S8894821
TN8894821;UIC;8894821
TN8894821;WIKIDATA;Q2733471
TN8894839;OSM;13789509157
TN8894839;SNCB;gs:nmbssncb:8894839
TN8894839;SNCB;gs:nmbssncb:8894839_1
TN8894839;SNCB;gs:nmbssncb:8894839_2
TN8894839;SNCB;gs:nmbssncb:S8894839
TN8894839;UIC;8894839
TN8894839;WIKIDATA;Q1827418
TN8895000;OSM;565768238
TN8895000;SNCB;gs:nmbssncb:8895000
TN8895000;SNCB;gs:nmbssncb:8895000_1
TN8895000;SNCB;gs:nmbssncb:8895000_2
TN8895000;SNCB;gs:nmbssncb:8895000_3
TN8895000;SNCB;gs:nmbssncb:8895000_4
TN8895000;SNCB;gs:nmbssncb:8895000_5
TN8895000;SNCB;gs:nmbssncb:8895000_6
TN8895000;SNCB;gs:nmbssncb:8895000_7
TN8895000;SNCB;gs:nmbssncb:S8895000
TN8895000;UIC;8895000
TN8895000;WIKIDATA;Q2741273
TN8895067;OSM;497075392
TN8895067;SNCB;gs:nmbssncb:8895067
TN8895067;SNCB;gs:nmbssncb:8895067_1
TN8895067;SNCB;gs:nmbssncb:8895067_2
TN8895067;SNCB;gs:nmbssncb:S8895067
TN8895067;UIC;8895067
TN8895067;WIKIDATA;Q2059550
TN8895091;OSM;7459261457
TN8895091;SNCB;gs:nmbssncb:8895091
TN8895091;SNCB;gs:nmbssncb:8895091_1
TN8895091;SNCB;gs:nmbssncb:8895091_2
TN8895091;SNCB;gs:nmbssncb:S8895091
TN8895091;UIC;8895091
TN8895091;WIKIDATA;Q2749511
TN8895125;OSM;3070612638
TN8895125;SNCB;gs:nmbssncb:8895125
TN8895125;SNCB;gs:nmbssncb:8895125_1
TN8895125;SNCB;gs:nmbssncb:S8895125
TN8895125;UIC;8895125
TN8895125;WIKIDATA;Q14385553
TN8895208;OSM;7209134042
TN8895208;SNCB;gs:nmbssncb:8895208
TN8895208;SNCB;gs:nmbssncb:8895208_1
TN8895208;SNCB;gs:nmbssncb:8895208_2
TN8895208;SNCB;gs:nmbssncb:8895208_3
TN8895208;SNCB;gs:nmbssncb:8895208_4
TN8895208;SNCB;gs:nmbssncb:8895208_5
TN8895208;SNCB;gs:nmbssncb:8895208_6
TN8895208;SNCB;gs:nmbssncb:8895208_7
TN8895208;SNCB;gs:nmbssncb:8895208_????????
TN8895208;SNCB;gs:nmbssncb:8895208_TE BEPAL
TN8895208;SNCB;gs:nmbssncb:S8895208
TN8895208;UIC;8895208
TN8895208;WIKIDATA;Q750872
TN8895232;OSM;7228471857
TN8895232;SNCB;gs:nmbssncb:8895232
TN8895232;SNCB;gs:nmbssncb:8895232_1
TN8895232;SNCB;gs:nmbssncb:8895232_2
TN8895232;SNCB;gs:nmbssncb:S8895232
TN8895232;UIC;8895232
TN8895232;WIKIDATA;Q2255433
TN8895240;OSM;7213778055
TN8895240;SNCB;gs:nmbssncb:8895240
TN8895240;SNCB;gs:nmbssncb:8895240_1
TN8895240;SNCB;gs:nmbssncb:8895240_2
TN8895240;SNCB;gs:nmbssncb:S8895240
TN8895240;UIC;8895240
TN8895240;WIKIDATA;Q2355151
TN8895257;OSM;7214745591
TN8895257;SNCB;gs:nmbssncb:8895257
TN8895257;SNCB;gs:nmbssncb:8895257_1
TN8895257;SNCB;gs:nmbssncb:8895257_2
TN8895257;SNCB;gs:nmbssncb:S8895257
TN8895257;UIC;8895257
TN8895257;WIKIDATA;Q4400061
TN8895422;OSM;7234066184
TN8895422;SNCB;gs:nmbssncb:8895422
TN8895422;SNCB;gs:nmbssncb:8895422_1
TN8895422;SNCB;gs:nmbssncb:8895422_2
TN8895422;SNCB;gs:nmbssncb:S8895422
TN8895422;UIC;8895422
TN8895430;OSM;7234066165
TN8895430;SNCB;gs:nmbssncb:8895430
TN8895430;SNCB;gs:nmbssncb:8895430_1
TN8895430;SNCB;gs:nmbssncb:8895430_2
TN8895430;SNCB;gs:nmbssncb:S8895430
TN8895430;UIC;8895430
TN8895430;WIKIDATA;Q2774199
TN8895448;OSM;7234066135
TN8895448;SNCB;gs:nmbssncb:8895448
TN8895448;SNCB;gs:nmbssncb:8895448_1
TN8895448;SNCB;gs:nmbssncb:8895448_2
TN8895448;SNCB;gs:nmbssncb:S8895448
TN8895448;UIC;8895448
TN8895448;WIKIDATA;Q2629119
TN8895455;OSM;7234066119
TN8895455;SNCB;gs:nmbssncb:8895455
TN8895455;SNCB;gs:nmbssncb:8895455_1
TN8895455;SNCB;gs:nmbssncb:8895455_2
TN8895455;SNCB;gs:nmbssncb:8895455_3
TN8895455;SNCB;gs:nmbssncb:S8895455
TN8895455;UIC;8895455
TN8895455;WIKIDATA;Q14385724
TN8895463;OSM;7237069606
TN8895463;SNCB;gs:nmbssncb:8895463
TN8895463;SNCB;gs:nmbssncb:8895463_1
TN8895463;SNCB;gs:nmbssncb:S8895463
TN8895463;UIC;8895463
TN8895463;WIKIDATA;Q2795959
TN8895471;OSM;7237069594
TN8895471;SNCB;gs:nmbssncb:8895471
TN8895471;SNCB;gs:nmbssncb:8895471_1
TN8895471;SNCB;gs:nmbssncb:S8895471
TN8895471;UIC;8895471
TN8895471;WIKIDATA;Q2390227
TN8895489;OSM;7237056880
TN8895489;SNCB;gs:nmbssncb:8895489
TN8895489;SNCB;gs:nmbssncb:8895489_1
TN8895489;SNCB;gs:nmbssncb:S8895489
TN8895489;UIC;8895489
TN8895489;WIKIDATA;Q2218674
TN8895505;OSM;7181505776
TN8895505;SNCB;gs:nmbssncb:8895505
TN8895505;SNCB;gs:nmbssncb:8895505_1
TN8895505;SNCB;gs:nmbssncb:8895505_2
TN8895505;SNCB;gs:nmbssncb:8895505_3
TN8895505;SNCB;gs:nmbssncb:8895505_4
TN8895505;SNCB;gs:nmbssncb:8895505_5
TN8895505;SNCB;gs:nmbssncb:8895505_A
TN8895505;SNCB;gs:nmbssncb:8895505_DSP 464
TN8895505;SNCB;gs:nmbssncb:S8895505
TN8895505;UIC;8895505
TN8895505;WIKIDATA;Q2515358
TN8895570;OSM;7209156592
TN8895570;SNCB;gs:nmbssncb:8895570
TN8895570;SNCB;gs:nmbssncb:8895570_1
TN8895570;SNCB;gs:nmbssncb:8895570_2
TN8895570;SNCB;gs:nmbssncb:S8895570
TN8895570;UIC;8895570
TN8895570;WIKIDATA;Q1932336
TN8895612;OSM;7182456188
TN8895612;SNCB;gs:nmbssncb:8895612
TN8895612;SNCB;gs:nmbssncb:8895612_1
TN8895612;SNCB;gs:nmbssncb:8895612_2
TN8895612;SNCB;gs:nmbssncb:S8895612
TN8895612;UIC;8895612
TN8895612;WIKIDATA;Q2345009
TN8895620;OSM;7182456225
TN8895620;SNCB;gs:nmbssncb:8895620
TN8895620;SNCB;gs:nmbssncb:8895620_1
TN8895620;SNCB;gs:nmbssncb:8895620_2
TN8895620;SNCB;gs:nmbssncb:S8895620
TN8895620;UIC;8895620
TN8895638;OSM;7182456277
TN8895638;SNCB;gs:nmbssncb:8895638
TN8895638;SNCB;gs:nmbssncb:8895638_1
TN8895638;SNCB;gs:nmbssncb:8895638_2
TN8895638;SNCB;gs:nmbssncb:S8895638
TN8895638;UIC;8895638
TN8895638;WIKIDATA;Q2619951
TN8895646;OSM;7182456295
TN8895646;SNCB;gs:nmbssncb:8895646
TN8895646;SNCB;gs:nmbssncb:8895646_1
TN8895646;SNCB;gs:nmbssncb:8895646_2
TN8895646;SNCB;gs:nmbssncb:S8895646
TN8895646;UIC;8895646
TN8895646;WIKIDATA;Q2261485
TN8895711;OSM;1543246317
TN8895711;SNCB;gs:nmbssncb:8895711
TN8895711;SNCB;gs:nmbssncb:8895711_1
TN8895711;SNCB;gs:nmbssncb:8895711_2
TN8895711;SNCB;gs:nmbssncb:S8895711
TN8895711;UIC;8895711
TN8895711;WIKIDATA;Q521146
TN8895729;OSM;2165827963
TN8895729;SNCB;gs:nmbssncb:8895729
TN8895729;SNCB;gs:nmbssncb:8895729_1
TN8895729;SNCB;gs:nmbssncb:8895729_2
TN8895729;SNCB;gs:nmbssncb:S8895729
TN8895729;UIC;8895729
TN8895729;WIKIDATA;Q2393849
TN8895737;OSM;319871278
TN8895737;SNCB;gs:nmbssncb:8895737
TN8895737;SNCB;gs:nmbssncb:8895737_1
TN8895737;SNCB;gs:nmbssncb:8895737_2
TN8895737;SNCB;gs:nmbssncb:S8895737
TN8895737;UIC;8895737
TN8895737;WIKIDATA;Q927374
TN8895745;OSM;319871281
TN8895745;SNCB;gs:nmbssncb:8895745
TN8895745;SNCB;gs:nmbssncb:8895745_1
TN8895745;SNCB;gs:nmbssncb:8895745_2
TN8895745;SNCB;gs:nmbssncb:S8895745
TN8895745;UIC;8895745
TN8895745;WIKIDATA;Q2630402
TN8895752;OSM;2165827962
TN8895752;SNCB;gs:nmbssncb:8895752
TN8895752;SNCB;gs:nmbssncb:8895752_1
TN8895752;SNCB;gs:nmbssncb:8895752_2
TN8895752;SNCB;gs:nmbssncb:S8895752
TN8895752;UIC;8895752
TN8895752;WIKIDATA;Q3095728
TN8895760;OSM;499183563
TN8895760;SNCB;gs:nmbssncb:8895760
TN8895760;SNCB;gs:nmbssncb:8895760_1
TN8895760;SNCB;gs:nmbssncb:8895760_2
TN8895760;SNCB;gs:nmbssncb:S8895760
TN8895760;UIC;8895760
TN8895760;WIKIDATA;Q2226318
TN8895778;OSM;1164168322
TN8895778;SNCB;gs:nmbssncb:8895778
TN8895778;SNCB;gs:nmbssncb:8895778_1
TN8895778;SNCB;gs:nmbssncb:8895778_2
TN8895778;SNCB;gs:nmbssncb:S8895778
TN8895778;UIC;8895778
TN8895778;WIKIDATA;Q3095824
TN8895802;OSM;60475728
TN8895802;SNCB;gs:nmbssncb:8895802
TN8895802;SNCB;gs:nmbssncb:8895802_1
TN8895802;SNCB;gs:nmbssncb:8895802_2
TN8895802;SNCB;gs:nmbssncb:8895802_3
TN8895802;SNCB;gs:nmbssncb:8895802_4
TN8895802;SNCB;gs:nmbssncb:8895802_5
TN8895802;SNCB;gs:nmbssncb:8895802_6
TN8895802;SNCB;gs:nmbssncb:8895802_7
TN8895802;SNCB;gs:nmbssncb:8895802_8
TN8895802;SNCB;gs:nmbssncb:8895802_9
TN8895802;SNCB;gs:nmbssncb:S8895802
TN8895802;UIC;8895802
TN8895802;WIKIDATA;Q1938674
TN8895836;OSM;7454731296
TN8895836;SNCB;gs:nmbssncb:8895836
TN8895836;SNCB;gs:nmbssncb:8895836_1
TN8895836;SNCB;gs:nmbssncb:8895836_2
TN8895836;SNCB;gs:nmbssncb:8895836_3
TN8895836;SNCB;gs:nmbssncb:8895836_4
TN8895836;SNCB;gs:nmbssncb:S8895836
TN8895836;UIC;8895836
TN8895836;WIKIDATA;Q2634732
TN8895844;OSM;369391005
TN8895844;SNCB;gs:nmbssncb:8895844
TN8895844;SNCB;gs:nmbssncb:8895844_1
TN8895844;SNCB;gs:nmbssncb:8895844_2
TN8895844;SNCB;gs:nmbssncb:S8895844
TN8895844;UIC;8895844
TN8895844;WIKIDATA;Q2299014
TN8895851;OSM;7236460071
TN8895851;SNCB;gs:nmbssncb:8895851
TN8895851;SNCB;gs:nmbssncb:8895851_1
TN8895851;SNCB;gs:nmbssncb:8895851_2
TN8895851;SNCB;gs:nmbssncb:S8895851
TN8895851;UIC;8895851
TN8895851;WIKIDATA;Q2309107
TN8895869;OSM;7236474885
TN8895869;SNCB;gs:nmbssncb:8895869
TN8895869;SNCB;gs:nmbssncb:8895869_1
TN8895869;SNCB;gs:nmbssncb:8895869_2
TN8895869;SNCB;gs:nmbssncb:S8895869
TN8895869;UIC;8895869
TN8895869;WIKIDATA;Q2527008
TN8895877;OSM;7236474964
TN8895877;SNCB;gs:nmbssncb:8895877
TN8895877;SNCB;gs:nmbssncb:8895877_1
TN8895877;SNCB;gs:nmbssncb:8895877_2
TN8895877;SNCB;gs:nmbssncb:S8895877
TN8895877;UIC;8895877
TN8895877;WIKIDATA;Q1893696
TN8896008;OSM;21309047
TN8896008;SNCB;gs:nmbssncb:8896008
TN8896008;SNCB;gs:nmbssncb:8896008_1
TN8896008;SNCB;gs:nmbssncb:8896008_2
TN8896008;SNCB;gs:nmbssncb:8896008_3
TN8896008;SNCB;gs:nmbssncb:8896008_4
TN8896008;SNCB;gs:nmbssncb:8896008_5
TN8896008;SNCB;gs:nmbssncb:8896008_6
TN8896008;SNCB;gs:nmbssncb:8896008_7
TN8896008;SNCB;gs:nmbssncb:8896008_8
TN8896008;SNCB;gs:nmbssncb:S8896008
TN8896008;UIC;8896008
TN8896008;WIKIDATA;Q2786619
TN8896115;OSM;2959833649
TN8896115;SNCB;gs:nmbssncb:8896115
TN8896115;SNCB;gs:nmbssncb:8896115_1
TN8896115;SNCB;gs:nmbssncb:8896115_2
TN8896115;SNCB;gs:nmbssncb:S8896115
TN8896115;UIC;8896115
TN8896115;WIKIDATA;Q281153
TN8896149;OSM;3028253065
TN8896149;SNCB;gs:nmbssncb:8896149
TN8896149;SNCB;gs:nmbssncb:8896149_1
TN8896149;SNCB;gs:nmbssncb:8896149_2
TN8896149;SNCB;gs:nmbssncb:8896149_3
TN8896149;SNCB;gs:nmbssncb:S8896149
TN8896149;UIC;8896149
TN8896230;OSM;7223472983
TN8896230;SNCB;gs:nmbssncb:8896230
TN8896230;SNCB;gs:nmbssncb:8896230_1
TN8896230;SNCB;gs:nmbssncb:8896230_2
TN8896230;SNCB;gs:nmbssncb:S8896230
TN8896230;UIC;8896230
TN8896230;WIKIDATA;Q3523144
TN8896305;OSM;355017335
TN8896305;SNCB;gs:nmbssncb:8896305
TN8896305;SNCB;gs:nmbssncb:8896305_1
TN8896305;SNCB;gs:nmbssncb:8896305_2
TN8896305;SNCB;gs:nmbssncb:S8896305
TN8896305;UIC;8896305
TN8896305;WIKIDATA;Q3097017
TN8896370;OSM;727306052
TN8896370;SNCB;gs:nmbssncb:8896370
TN8896370;SNCB;gs:nmbssncb:8896370_1
TN8896370;SNCB;gs:nmbssncb:8896370_2
TN8896370;SNCB;gs:nmbssncb:S8896370
TN8896370;UIC;8896370
TN8896370;WIKIDATA;Q2171382
TN8896388;OSM;537521128
TN8896388;SNCB;gs:nmbssncb:8896388
TN8896388;SNCB;gs:nmbssncb:8896388_1
TN8896388;SNCB;gs:nmbssncb:8896388_2
TN8896388;SNCB;gs:nmbssncb:S8896388
TN8896388;UIC;8896388
TN8896388;WIKIDATA;Q2518871
TN8896396;OSM;315220553
TN8896396;SNCB;gs:nmbssncb:8896396
TN8896396;SNCB;gs:nmbssncb:8896396_1
TN8896396;SNCB;gs:nmbssncb:8896396_2
TN8896396;SNCB;gs:nmbssncb:S8896396
TN8896396;UIC;8896396
TN8896396;WIKIDATA;Q2746917
TN8896412;OSM;3005610525
TN8896412;SNCB;gs:nmbssncb:8896412
TN8896412;SNCB;gs:nmbssncb:8896412_1
TN8896412;SNCB;gs:nmbssncb:8896412_2
TN8896412;SNCB;gs:nmbssncb:S8896412
TN8896412;UIC;8896412
TN8896412;WIKIDATA;Q3096272
TN8896503;OSM;11283649993
TN8896503;SNCB;gs:nmbssncb:8896503
TN8896503;SNCB;gs:nmbssncb:8896503_1
TN8896503;SNCB;gs:nmbssncb:8896503_2
TN8896503;SNCB;gs:nmbssncb:S8896503
TN8896503;UIC;8896503
TN8896503;WIKIDATA;Q2098094
TN8896735;OSM;537522410
TN8896735;SNCB;gs:nmbssncb:8896735
TN8896735;SNCB;gs:nmbssncb:8896735_1
TN8896735;SNCB;gs:nmbssncb:8896735_2
TN8896735;SNCB;gs:nmbssncb:8896735_3
TN8896735;SNCB;gs:nmbssncb:S8896735
TN8896735;UIC;8896735
TN8896735;WIKIDATA;Q2221445
TN8896800;OSM;3023557446
TN8896800;SNCB;gs:nmbssncb:8896800
TN8896800;SNCB;gs:nmbssncb:8896800_1
TN8896800;SNCB;gs:nmbssncb:8896800_2
TN8896800;SNCB;gs:nmbssncb:8896800_3
TN8896800;SNCB;gs:nmbssncb:S8896800
TN8896800;UIC;8896800
TN8896800;WIKIDATA;Q516477
TN8896909;OSM;1782729462
TN8896909;SNCB;gs:nmbssncb:8896909
TN8896909;SNCB;gs:nmbssncb:8896909_1
TN8896909;SNCB;gs:nmbssncb:8896909_2
TN8896909;SNCB;gs:nmbssncb:S8896909
TN8896909;UIC;8896909
TN8896909;WIKIDATA;Q3095810
TN8896925;OSM;705226902
TN8896925;SNCB;gs:nmbssncb:8896925
TN8896925;SNCB;gs:nmbssncb:8896925_1
TN8896925;SNCB;gs:nmbssncb:8896925_2
TN8896925;SNCB;gs:nmbssncb:S8896925
TN8896925;UIC;8896925
TN8896925;WIKIDATA;Q2007374
