gare_id;source;code
TN5457076;OSM;3134751791
TN5457076;SWISS;5457076
TN5457076;UIC;5457076
TN5457076;WIKIDATA;Q751174
TN8001093;OSM;3183841635
TN8001093;SWISS;8001093
TN8001093;UIC;8001093
TN8001093;WIKIDATA;Q650270
TN8003005;OSM;3419894993
TN8003005;SWISS;8003005
TN8003005;UIC;8003004
TN8003005;UIC;8003005
TN8003005;WIKIDATA;Q683239
TN8011068;IFOPT;de:6412:10:1
TN8011068;OSM;205364328
TN8011068;SWISS;8011068
TN8011068;UIC;8011068
TN8011068;WIKIDATA;Q165368
TN8014008;IFOPT;de:08222:2417
TN8014008;OSM;25439439
TN8014008;SWISS;8014008
TN8014008;UIC;8014008
TN8014008;WIKIDATA;Q706994
TN8014010;SWISS;8014010
TN8014010;UIC;8014010
TN8014021;IFOPT;de:08221:1160
TN8014021;OSM;2820941790
TN8014021;SWISS;8014021
TN8014021;UIC;8014021
TN8014021;WIKIDATA;Q467998
TN8014309;IFOPT;de:08317:14506
TN8014309;OSM;2931428598
TN8014309;SWISS;8014309
TN8014309;SWISS;8014309:
TN8014309;SWISS;8014309:2
TN8014309;SWISS;8014309:3
TN8014309;SWISS;8014309:4
TN8014309;SWISS;8014309:5
TN8014309;SWISS;8014309:6
TN8014309;SWISS;8014309:7
TN8014309;UIC;8014309
TN8014309;WIKIDATA;Q470320
TN8014319;IFOPT;de:08317:12103
TN8014319;OSM;3123473867
TN8014319;SWISS;8014319
TN8014319;SWISS;8014319:
TN8014319;SWISS;8014319:1
TN8014319;SWISS;8014319:2
TN8014319;UIC;8014319
TN8014319;WIKIDATA;Q15785182
TN8014325;IFOPT;de:08317:16700
TN8014325;OSM;3740588666
TN8014325;SWISS;8014325
TN8014325;SWISS;8014325:
TN8014325;SWISS;8014325:1
TN8014325;UIC;8014325
TN8014325;WIKIDATA;Q110233880
TN8014326;IFOPT;de:08316:6562
TN8014326;OSM;2857866102
TN8014326;SWISS;8014326
TN8014326;SWISS;8014326:
TN8014326;SWISS;8014326:1
TN8014326;SWISS;8014326:2
TN8014326;UIC;8014326
TN8014326;WIKIDATA;Q116017292
TN8014331;IFOPT;de:08316:90
TN8014331;OSM;2870063084
TN8014331;SWISS;8014331
TN8014331;SWISS;8014331:
TN8014331;SWISS;8014331:1
TN8014331;SWISS;8014331:2
TN8014331;SWISS;8014331:3
TN8014331;UIC;8014331
TN8014331;WIKIDATA;Q28119419
TN8014350;IFOPT;de:08311:6508
TN8014350;OSM;21769883
TN8014350;SWISS;8014350
TN8014350;SWISS;8014350:
TN8014350;SWISS;8014350:1
TN8014350;SWISS;8014350:3
TN8014350;SWISS;8014350:4
TN8014350;UIC;8014350
TN8014350;WIKIDATA;Q473572
TN8014413;IFOPT;de:08315:6522
TN8014413;OSM;2870447635
TN8014413;SWISS;8014413
TN8014413;SWISS;8014413:
TN8014413;SWISS;8014413:3
TN8014413;SWISS;8014413:4
TN8014413;SWISS;8014413:6
TN8014413;UIC;8014413
TN8014413;WIKIDATA;Q3097154
TN8014428;IFOPT;de:08336:6639
TN8014428;OSM;2691597727
TN8014428;SWISS;8014428
TN8014428;SWISS;8014428:
TN8014428;SWISS;8014428:1
TN8014428;SWISS;8014428:2
TN8014428;SWISS;8014428:8
TN8014428;UIC;8014427
TN8014428;UIC;8014428
TN8014428;WIKIDATA;Q3098065
TN8014429;IFOPT;de:08336:6684
TN8014429;OSM;3250602414
TN8014429;SWISS;8014429
TN8014429;SWISS;8014429:1
TN8014429;UIC;8014429
TN8014429;WIKIDATA;Q3098069
TN8014431;SWISS;8014431
TN8014431;UIC;8014431
TN8014440;IFOPT;de:08336:6635
TN8014440;OSM;3244358735
TN8014440;SWISS;8014440
TN8014440;SWISS;8014440:
TN8014440;SWISS;8014440:1
TN8014440;UIC;8014440
TN8014440;WIKIDATA;Q3096945
TN8014441;IFOPT;de:08336:6600
TN8014441;OSM;3244393949
TN8014441;SWISS;8014441
TN8014441;SWISS;8014441:
TN8014441;SWISS;8014441:1
TN8014441;SWISS;8014441:2
TN8014441;SWISS;8014441:3
TN8014441;UIC;8014441
TN8014441;WIKIDATA;Q443661
TN8014443;IFOPT;de:08336:6636
TN8014443;OSM;3244409887
TN8014443;SWISS;8014443
TN8014443;SWISS;8014443:
TN8014443;SWISS;8014443:1
TN8014443;SWISS;8014443:2
TN8014443;UIC;8014443
TN8014443;WIKIDATA;Q3096938
TN8014444;IFOPT;de:08336:6630
TN8014444;OSM;3254807133
TN8014444;SWISS;8014444
TN8014444;SWISS;8014444:
TN8014444;SWISS;8014444:1
TN8014444;UIC;8014444
TN8014444;WIKIDATA;Q3096937
TN8014445;IFOPT;de:08336:6603
TN8014445;OSM;2144712496
TN8014445;SWISS;8014445
TN8014445;SWISS;8014445:
TN8014445;SWISS;8014445:1
TN8014445;SWISS;8014445:2
TN8014445;UIC;8014445
TN8014445;WIKIDATA;Q3097777
TN8014446;IFOPT;de:08336:6602
TN8014446;OSM;11672142805
TN8014446;SWISS;8014446
TN8014446;SWISS;8014446:
TN8014446;SWISS;8014446:1
TN8014446;UIC;8014446
TN8014446;WIKIDATA;Q3097002
TN8014447;IFOPT;de:08336:6601
TN8014447;OSM;3254999702
TN8014447;SWISS;8014447
TN8014447;SWISS;8014447:
TN8014447;SWISS;8014447:1
TN8014447;SWISS;8014447:2
TN8014447;SWISS;8014447:3
TN8014447;UIC;8014447
TN8014447;WIKIDATA;Q3097705
TN8014448;IFOPT;de:08336:6663
TN8014448;OSM;3254959800
TN8014448;SWISS;8014448
TN8014448;SWISS;8014448:
TN8014448;SWISS;8014448:1
TN8014448;UIC;8014448
TN8014448;WIKIDATA;Q3096410
TN8014449;IFOPT;de:08336:6637
TN8014449;OSM;3254953179
TN8014449;SWISS;8014449
TN8014449;SWISS;8014449:
TN8014449;SWISS;8014449:1
TN8014449;UIC;8014449
TN8014449;WIKIDATA;Q3096615
TN8014450;IFOPT;de:08336:6599
TN8014450;OSM;3254822491
TN8014450;SWISS;8014450
TN8014450;SWISS;8014450:
TN8014450;SWISS;8014450:1
TN8014450;UIC;8014450
TN8014450;WIKIDATA;Q21035440
TN8014474;IFOPT;de:08337:6575
TN8014474;OSM;2427074801
TN8014474;SWISS;8014474
TN8014474;SWISS;8014474:5
TN8014474;UIC;8014474
TN8014474;WIKIDATA;Q7961648
TN8014481;IFOPT;de:08337:6568
TN8014481;OSM;3189843120
TN8014481;SWISS;8014481
TN8014481;SWISS;8014481:
TN8014481;UIC;8014481
TN8014481;WIKIDATA;Q9254908
TN8014491;IFOPT;de:08335:6722
TN8014491;OSM;2133665776
TN8014491;SWISS;8014491
TN8014491;SWISS;8014491:
TN8014491;SWISS;8014491:1
TN8014491;SWISS;8014491:2
TN8014491;UIC;8014491
TN8014491;WIKIDATA;Q9171448
TN8014492;IFOPT;de:08335:6552
TN8014492;OSM;2133683018
TN8014492;SWISS;8014492
TN8014492;SWISS;8014492:
TN8014492;SWISS;8014492:1
TN8014492;SWISS;8014492:2
TN8014492;UIC;8014492
TN8014492;WIKIDATA;Q9274890
TN8014502;IFOPT;de:08317:18620
TN8014502;OSM;3079177755
TN8014502;SWISS;8014502
TN8014502;SWISS;8014502:
TN8014502;SWISS;8014502:2
TN8014502;SWISS;8014502:3
TN8014502;UIC;8014502
TN8014502;WIKIDATA;Q101131852
TN8014511;IFOPT;de:08317:18820
TN8014511;OSM;21387242
TN8014511;SWISS;8014511
TN8014511;SWISS;8014511:
TN8014511;SWISS;8014511:1
TN8014511;SWISS;8014511:2
TN8014511;UIC;8014511
TN8014511;WIKIDATA;Q111822449
TN8014513;IFOPT;de:08326:6591
TN8014513;OSM;3750401729
TN8014513;SWISS;8014513
TN8014513;SWISS;8014513:
TN8014513;SWISS;8014513:1
TN8014513;SWISS;8014513:2
TN8014513;UIC;8014513
TN8014513;WIKIDATA;Q9361535
TN8014518;IFOPT;de:08326:6597
TN8014518;OSM;3750401728
TN8014518;SWISS;8014518
TN8014518;SWISS;8014518:
TN8014518;SWISS;8014518:1
TN8014518;SWISS;8014518:2
TN8014518;UIC;8014518
TN8014518;WIKIDATA;Q801395
TN8014521;IFOPT;de:08326:6592
TN8014521;OSM;2866952341
TN8014521;SWISS;8014521
TN8014521;SWISS;8014521:
TN8014521;SWISS;8014521:1
TN8014521;SWISS;8014521:2
TN8014521;SWISS;8014521:3
TN8014521;UIC;8014521
TN8014521;WIKIDATA;Q801560
TN8014529;IFOPT;de:08326:6537
TN8014529;OSM;3750401727
TN8014529;SWISS;8014529
TN8014529;SWISS;8014529:
TN8014529;SWISS;8014529:1
TN8014529;SWISS;8014529:2
TN8014529;SWISS;8014529:3
TN8014529;UIC;8014529
TN8014529;WIKIDATA;Q213233
TN8014554;IFOPT;de:08335:6551
TN8014554;OSM;1128306281
TN8014554;SWISS;8014554
TN8014554;SWISS;8014554:
TN8014554;SWISS;8014554:1
TN8014554;SWISS;8014554:2
TN8014554;SWISS;8014554:3
TN8014554;UIC;8014554
TN8014554;WIKIDATA;Q28029178
TN8014555;IFOPT;de:08335:6564
TN8014555;OSM;1128306312
TN8014555;SWISS;8014555
TN8014555;SWISS;8014555:
TN8014555;SWISS;8014555:1
TN8014555;SWISS;8014555:2
TN8014555;UIC;8014555
TN8014556;IFOPT;de:08335:6559
TN8014556;OSM;1128306320
TN8014556;SWISS;8014556
TN8014556;SWISS;8014556:
TN8014556;SWISS;8014556:1
TN8014556;SWISS;8014556:2
TN8014556;UIC;8014556
TN8014558;IFOPT;de:08335:6588
TN8014558;OSM;3267688508
TN8014558;SWISS;8014558
TN8014558;SWISS;8014558:
TN8014558;SWISS;8014558:1
TN8014558;SWISS;8014558:2
TN8014558;SWISS;8014558:3
TN8014558;SWISS;8014558:4
TN8014558;SWISS;8014558:5
TN8014558;SWISS;8014558:5F
TN8014558;SWISS;8014558:6
TN8014558;SWISS;8014558:8
TN8014558;UIC;8000494
TN8014558;UIC;8014558
TN8014558;WIKIDATA;Q18682229
TN8014570;IFOPT;de:08335:6550
TN8014570;OSM;262733560
TN8014570;SWISS;8014570
TN8014570;SWISS;8014570:
TN8014570;SWISS;8014570:1
TN8014570;SWISS;8014570:2
TN8014570;UIC;8014570
TN8014570;WIKIDATA;Q9182989
TN8014571;IFOPT;de:08335:6560
TN8014571;OSM;1128306277
TN8014571;SWISS;8014571
TN8014571;SWISS;8014571:
TN8014571;SWISS;8014571:2
TN8014571;SWISS;8014571:3
TN8014571;SWISS;8014571:5
TN8014571;SWISS;8014571:6
TN8014571;UIC;8014571
TN8014571;WIKIDATA;Q11833501
TN8014580;IFOPT;de:08335:6558
TN8014580;OSM;1374853679
TN8014580;SWISS;8014580
TN8014580;SWISS;8014580:
TN8014580;SWISS;8014580:1
TN8014580;SWISS;8014580:2
TN8014580;UIC;8014580
TN8014580;WIKIDATA;Q11770331
TN8014581;IFOPT;de:08335:6549
TN8014581;OSM;598664903
TN8014581;SWISS;8014581
TN8014581;SWISS;8014581:
TN8014581;SWISS;8014581:1
TN8014581;SWISS;8014581:2
TN8014581;UIC;8014581
TN8014581;WIKIDATA;Q11685458
TN8014582;IFOPT;de:08335:6553
TN8014582;OSM;4029009848
TN8014582;SWISS;8014582
TN8014582;SWISS;8014582:
TN8014582;SWISS;8014582:1
TN8014582;SWISS;8014582:2
TN8014582;UIC;8014582
TN8014582;WIKIDATA;Q9287000
TN8014583;IFOPT;de:08335:6561
TN8014583;OSM;416864962
TN8014583;SWISS;8014583
TN8014583;SWISS;8014583:
TN8014583;SWISS;8014583:1
TN8014583;SWISS;8014583:2
TN8014583;UIC;8014583
TN8014583;WIKIDATA;Q9305658
TN8014584;IFOPT;de:08335:6555
TN8014584;OSM;1039014423
TN8014584;SWISS;8014584
TN8014584;SWISS;8014584:
TN8014584;SWISS;8014584:1
TN8014584;SWISS;8014584:2
TN8014584;UIC;8014584
TN8014584;WIKIDATA;Q11743020
TN8014586;IFOPT;de:08335:6554
TN8014586;OSM;939682216
TN8014586;SWISS;8014586
TN8014586;SWISS;8014586:
TN8014586;SWISS;8014586:1
TN8014586;SWISS;8014586:1a
TN8014586;SWISS;8014586:2
TN8014586;SWISS;8014586:2a
TN8014586;SWISS;8014586:3
TN8014586;SWISS;8014586:3a
TN8014586;UIC;8003400
TN8014586;UIC;8014586
TN8014586;WIKIDATA;Q438791
TN8021703;IFOPT;de:08336:5426
TN8021703;OSM;5618177517
TN8021703;SWISS;8021703
TN8021703;SWISS;8021703:
TN8021703;SWISS;8021703:1
TN8021703;UIC;8021703
TN8021703;WIKIDATA;Q105713906
TN8023179;OSM;376142577
TN8023179;SWISS;8023179
TN8023179;UIC;8023179
TN8023179;WIKIDATA;Q703916
TN8060978;IFOPT;de:08336:6700
TN8060978;OSM;3250602413
TN8060978;SWISS;8060978
TN8060978;SWISS;8060978:1
TN8060978;UIC;8060814
TN8060978;UIC;8060978
TN8060978;WIKIDATA;Q3098066
TN8060979;SWISS;8060979
TN8060979;SWISS;8060979:1
TN8060979;UIC;8060979
TN8063365;IFOPT;de:08335:2390
TN8063365;OSM;1128306273
TN8063365;SWISS;8063365
TN8063365;SWISS;8063365:
TN8063365;SWISS;8063365:1
TN8063365;SWISS;8063365:2
TN8063365;UIC;8063365
TN8069220;SWISS;8069220
TN8069220;SWISS;8069220:1
TN8069220;UIC;8069220
TN8069221;IFOPT;de:08336:3603
TN8069221;OSM;3244358733
TN8069221;SWISS;8069221
TN8069221;SWISS;8069221:
TN8069221;SWISS;8069221:1
TN8069221;SWISS;8069221:2
TN8069221;UIC;8069221
TN8069221;UIC;8080355
TN8069221;WIKIDATA;Q3096941
TN8080251;IFOPT;de:08335:20878
TN8080251;OSM;603374676
TN8080251;SWISS;8080251
TN8080251;SWISS;8080251:
TN8080251;SWISS;8080251:1
TN8080251;SWISS;8080251:2
TN8080251;UIC;8080251
TN8080251;WIKIDATA;Q11743019
TN8083840;IFOPT;de:08336:6551
TN8083840;OSM;2405743699
TN8083840;SWISS;8083840
TN8083840;SWISS;8083840:
TN8083840;SWISS;8083840:1
TN8083840;UIC;8083840
TN8083840;WIKIDATA;Q3097706
TN8083846;SWISS;8083846
TN8083846;SWISS;8083846:
TN8083846;SWISS;8083846:1
TN8083846;SWISS;8083846:2
TN8083846;UIC;8083846
TN8099982;IFOPT;de:08335:6556
TN8099982;OSM;665147294
TN8099982;SWISS;8099982
TN8099982;SWISS;8099982:
TN8099982;SWISS;8099982:1
TN8099982;SWISS;8099982:2
TN8099982;UIC;8039347
TN8099982;UIC;8099982
TN8099982;WIKIDATA;Q11743021
TN8099985;SWISS;8099985
TN8099985;SWISS;8099985:
TN8099985;SWISS;8099985:1
TN8099985;SWISS;8099985:2
TN8099985;UIC;8099985
TN8101236;OSM;2661465941
TN8101236;SWISS;8101236
TN8101236;SWISS;8101236:
TN8101236;UIC;8100197
TN8101236;UIC;8101236
TN8101236;WIKIDATA;Q698785
TN8102329;OSM;185525285
TN8102329;SWISS;8102329
TN8102329;UIC;8100122
TN8102329;UIC;8102329
TN8102329;WIKIDATA;Q24817320
TN8102336;OSM;2459480034
TN8102336;SWISS;8102336
TN8102336;SWISS;8102336:
TN8102336;UIC;8102336
TN8102336;WIKIDATA;Q15282663
TN8102352;OSM;3005481020
TN8102352;SWISS;8102352
TN8102352;SWISS;8102352:
TN8102352;UIC;8100123
TN8102352;UIC;8102352
TN8102352;WIKIDATA;Q43305542
TN8301003;OSM;2837216238
TN8301003;SWISS;8301003
TN8301003;SWISS;8301003:
TN8301003;SWISS;8301003:31
TN8301003;SWISS;8301003:9
TN8301003;UIC;8301003
TN8301003;UIC;8501607
TN8301003;WIKIDATA;Q3969541
TN8301030;OSM;251033595
TN8301030;SWISS;8301030
TN8301030;UIC;8301030
TN8301030;WIKIDATA;Q3969679
TN8301031;OSM;7441321210
TN8301031;SWISS;8301031
TN8301031;UIC;8301031
TN8301031;WIKIDATA;Q800599
TN8301037;OSM;30064437
TN8301037;SWISS;8301037
TN8301037;UIC;8301037
TN8301037;WIKIDATA;Q3970669
TN8301039;SWISS;8301039
TN8301039;UIC;8301039
TN8301113;OSM;5730531775
TN8301113;SWISS;8301113
TN8301113;UIC;8301113
TN8301113;UIC;8505860
TN8301113;WIKIDATA;Q3969990
TN8301116;OSM;10042314992
TN8301116;SWISS;8301116
TN8301116;UIC;8301116
TN8301116;WIKIDATA;Q3970576
TN8301117;OSM;3389449904
TN8301117;SWISS;8301117
TN8301117;UIC;8301117
TN8301117;WIKIDATA;Q16608900
TN8301118;OSM;10042314990
TN8301118;SWISS;8301118
TN8301118;UIC;8301118
TN8301118;WIKIDATA;Q3969930
TN8301140;OSM;10042323712
TN8301140;SWISS;8301140
TN8301140;UIC;8301140
TN8301141;OSM;10042323711
TN8301141;SWISS;8301141
TN8301141;UIC;8301141
TN8301141;WIKIDATA;Q3969032
TN8301142;OSM;10042323708
TN8301142;SWISS;8301142
TN8301142;UIC;8301142
TN8301142;WIKIDATA;Q3971174
TN8301143;OSM;10042323709
TN8301143;SWISS;8301143
TN8301143;UIC;8301143
TN8301143;WIKIDATA;Q3971100
TN8301144;OSM;10042347731
TN8301144;SWISS;8301144
TN8301144;UIC;8301144
TN8301144;WIKIDATA;Q3970232
TN8301145;OSM;10042347732
TN8301145;SWISS;8301145
TN8301145;UIC;8301145
TN8301203;OSM;679149458
TN8301203;SWISS;8301203
TN8301203;UIC;8301116
TN8301203;UIC;8301203
TN8301203;WIKIDATA;Q45048320
TN8301204;OSM;10042541707
TN8301204;SWISS;8301204
TN8301204;UIC;8301204
TN8301204;UIC;8301609
TN8301204;WIKIDATA;Q45048345
TN8301205;OSM;251035239
TN8301205;SWISS;8301205
TN8301205;UIC;8301205
TN8301205;WIKIDATA;Q801552
TN8301206;OSM;1543102156
TN8301206;SWISS;8301206
TN8301206;UIC;8301206
TN8301207;OSM;793765655
TN8301207;SWISS;8301207
TN8301207;UIC;8301207
TN8301207;WIKIDATA;Q3969694
TN8301208;SWISS;8301208
TN8301208;UIC;8301208
TN8301209;OSM;793765658
TN8301209;SWISS;8301209
TN8301209;UIC;8301209
TN8301209;WIKIDATA;Q3968853
TN8301210;SWISS;8301210
TN8301210;UIC;8301210
TN8301307;OSM;4126950607
TN8301307;SWISS;8301307
TN8301307;UIC;8301307
TN8301307;WIKIDATA;Q260886
TN8301312;OSM;30951483
TN8301312;SWISS;8301312
TN8301312;UIC;8301312
TN8301312;WIKIDATA;Q339435
TN8301313;OSM;4126970662
TN8301313;SWISS;8301313
TN8301313;UIC;8301313
TN8301313;WIKIDATA;Q338761
TN8301315;OSM;534611818
TN8301315;SWISS;8301315
TN8301315;UIC;8301315
TN8301315;WIKIDATA;Q339411
TN8301316;OSM;7787958359
TN8301316;SWISS;8301316
TN8301316;UIC;8301316
TN8301316;WIKIDATA;Q3969173
TN8301318;OSM;248861230
TN8301318;SWISS;8301318
TN8301318;UIC;8301318
TN8301318;WIKIDATA;Q3970949
TN8301320;OSM;280358343
TN8301320;SWISS;8301320
TN8301320;UIC;8301320
TN8301320;WIKIDATA;Q3969526
TN8301321;OSM;500096385
TN8301321;SWISS;8301321
TN8301321;UIC;8301321
TN8301321;WIKIDATA;Q3969967
TN8301322;OSM;256975055
TN8301322;SWISS;8301322
TN8301322;UIC;8301322
TN8301322;WIKIDATA;Q801199
TN8301325;SWISS;8301325
TN8301325;UIC;8301325
TN8301326;OSM;30049024
TN8301326;SWISS;8301326
TN8301326;UIC;8301326
TN8301326;WIKIDATA;Q801183
TN8301640;OSM;705664733
TN8301640;SWISS;8301640
TN8301640;UIC;8301640
TN8301640;WIKIDATA;Q3970119
TN8301645;OSM;11635678177
TN8301645;SWISS;8301645
TN8301645;UIC;8301645
TN8301645;WIKIDATA;Q801187
TN8301666;OSM;337541091
TN8301666;SWISS;8301666
TN8301666;UIC;8301666
TN8301666;WIKIDATA;Q937168
TN8301700;OSM;6067258870
TN8301700;SWISS;8301700
TN8301700;UIC;8301700
TN8301700;WIKIDATA;Q801193
TN8301701;OSM;169701311
TN8301701;SWISS;8301701
TN8301701;UIC;8301701
TN8301701;WIKIDATA;Q801184
TN8301717;OSM;4553822557
TN8301717;SWISS;8301717
TN8301717;UIC;8301717
TN8301717;WIKIDATA;Q727319
TN8301820;OSM;9635608905
TN8301820;SWISS;8301820
TN8301820;UIC;8301820
TN8301820;WIKIDATA;Q801189
TN8301860;OSM;211030020
TN8301860;SWISS;8301860
TN8301860;UIC;8301860
TN8301860;WIKIDATA;Q179302
TN8302088;OSM;3324817342
TN8302088;SWISS;8302088
TN8302088;UIC;8302088
TN8302088;WIKIDATA;Q3970454
TN8302430;OSM;3738591149
TN8302430;SWISS;8302430
TN8302430;UIC;8302430
TN8302430;WIKIDATA;Q908640
TN8302446;OSM;6061881431
TN8302446;SWISS;8302446
TN8302446;UIC;8302446
TN8302446;WIKIDATA;Q3971299
TN8302581;OSM;6063641896
TN8302581;SWISS;8302581
TN8302581;UIC;8302581
TN8302581;WIKIDATA;Q1150874
TN8302589;OSM;6063641892
TN8302589;SWISS;8302589
TN8302589;UIC;8302589
TN8302589;WIKIDATA;Q520844
TN8302593;SWISS;8302593
TN8302593;UIC;8302593
TN8305000;OSM;13742535643
TN8305000;SWISS;8305000
TN8305000;UIC;8305000
TN8305000;WIKIDATA;Q613204
TN8305014;OSM;5836604869
TN8305014;SWISS;8305014
TN8305014;UIC;8305014
TN8305014;UIC;8328306
TN8305014;WIKIDATA;Q3970427
TN8305023;OSM;82549162
TN8305023;SWISS;8305023
TN8305023;UIC;8305023
TN8305023;WIKIDATA;Q1604991
TN8305032;OSM;726611782
TN8305032;SWISS;8305032
TN8305032;UIC;8305032
TN8305032;WIKIDATA;Q1451461
TN8305043;OSM;12294207488
TN8305043;SWISS;8305043
TN8305043;UIC;8305043
TN8305043;WIKIDATA;Q800557
TN8306421;OSM;1835203780
TN8306421;SWISS;8306421
TN8306421;UIC;8306421
TN8306421;WIKIDATA;Q800761
TN8306725;OSM;4131026718
TN8306725;SWISS;8306725
TN8306725;UIC;8306725
TN8306725;WIKIDATA;Q3969976
TN8319371;OSM;7881944028
TN8319371;SWISS;8319371
TN8319371;UIC;8319371
TN8319371;WIKIDATA;Q3969594
TN8320005;OSM;8369368052
TN8320005;SWISS;8320005
TN8320005;UIC;8320005
TN8320005;WIKIDATA;Q22319589
TN8325432;OSM;3212140241
TN8325432;SWISS;8325432
TN8325432;UIC;8325432
TN8325432;WIKIDATA;Q3969463
TN8325631;OSM;7881981463
TN8325631;SWISS;8325631
TN8325631;UIC;8325631
TN8325631;WIKIDATA;Q3969143
TN8325635;OSM;7881984237
TN8325635;SWISS;8325635
TN8325635;UIC;8325635
TN8325635;WIKIDATA;Q3970021
TN8400058;CRS;AMS
TN8400058;OSM;4290854847
TN8400058;SWISS;8400058
TN8400058;UIC;8400058
TN8400058;WIKIDATA;Q50719
TN8500010;OSM;3080746011
TN8500010;SWISS;8500010
TN8500010;SWISS;8500010:
TN8500010;SWISS;8500010:1
TN8500010;SWISS;8500010:10
TN8500010;SWISS;8500010:11
TN8500010;SWISS;8500010:12
TN8500010;SWISS;8500010:14
TN8500010;SWISS;8500010:15
TN8500010;SWISS;8500010:16
TN8500010;SWISS;8500010:18
TN8500010;SWISS;8500010:19
TN8500010;SWISS;8500010:2
TN8500010;SWISS;8500010:20
TN8500010;SWISS;8500010:3
TN8500010;SWISS;8500010:30
TN8500010;SWISS;8500010:31
TN8500010;SWISS;8500010:33
TN8500010;SWISS;8500010:35
TN8500010;SWISS;8500010:4
TN8500010;SWISS;8500010:5
TN8500010;SWISS;8500010:6
TN8500010;SWISS;8500010:7
TN8500010;SWISS;8500010:8
TN8500010;SWISS;8500010:9
TN8500010;SWISS;8500010:A
TN8500010;SWISS;8500010:A-C
TN8500010;SWISS;8500010:A-D
TN8500010;SWISS;8500010:AB
TN8500010;SWISS;8500010:B
TN8500010;SWISS;8500010:CD
TN8500010;UIC;8500010
TN8500010;WIKIDATA;Q667201
TN8500016;OSM;3806362883
TN8500016;SWISS;8500016
TN8500016;SWISS;8500016:6
TN8500016;SWISS;8500016:7
TN8500016;UIC;8500016
TN8500016;WIKIDATA;Q664381
TN8500020;OSM;3080746020
TN8500020;SWISS;8500020
TN8500020;SWISS;8500020:1
TN8500020;SWISS;8500020:2
TN8500020;SWISS;8500020:3
TN8500020;SWISS;8500020:4
TN8500020;UIC;8500020
TN8500020;WIKIDATA;Q3097139
TN8500021;OSM;3080746023
TN8500021;SWISS;8500021
TN8500021;SWISS;8500021:1
TN8500021;SWISS;8500021:2
TN8500021;SWISS;8500021:4
TN8500021;SWISS;8500021:5
TN8500021;UIC;8500021
TN8500021;WIKIDATA;Q3097339
TN8500022;OSM;3080746013
TN8500022;SWISS;8500022
TN8500022;SWISS;8500022:1
TN8500022;SWISS;8500022:2
TN8500022;SWISS;8500022:3
TN8500022;UIC;8500022
TN8500022;WIKIDATA;Q3096480
TN8500023;OSM;3080746017
TN8500023;SWISS;8500023
TN8500023;SWISS;8500023:
TN8500023;SWISS;8500023:1
TN8500023;SWISS;8500023:2
TN8500023;SWISS;8500023:3
TN8500023;SWISS;8500023:4
TN8500023;SWISS;8500023:40
TN8500023;UIC;8500023
TN8500023;WIKIDATA;Q3096881
TN8500024;OSM;1915327468
TN8500024;SWISS;8500024
TN8500024;SWISS;8500024:1
TN8500024;SWISS;8500024:3
TN8500024;UIC;8500024
TN8500024;WIKIDATA;Q3096861
TN8500025;OSM;1915400199
TN8500025;SWISS;8500025
TN8500025;SWISS;8500025:1
TN8500025;SWISS;8500025:2
TN8500025;UIC;8500025
TN8500025;WIKIDATA;Q3095807
TN8500026;OSM;2288214840
TN8500026;SWISS;8500026
TN8500026;SWISS;8500026:1
TN8500026;SWISS;8500026:3
TN8500026;SWISS;8500026:4
TN8500026;UIC;8500026
TN8500026;WIKIDATA;Q3097750
TN8500027;OSM;3080746014
TN8500027;SWISS;8500027
TN8500027;SWISS;8500027:2
TN8500027;SWISS;8500027:3
TN8500027;SWISS;8500027:4
TN8500027;UIC;8500027
TN8500027;WIKIDATA;Q3096527
TN8500028;OSM;3080746030
TN8500028;SWISS;8500028
TN8500028;SWISS;8500028:3
TN8500028;SWISS;8500028:4
TN8500028;UIC;8500028
TN8500028;WIKIDATA;Q3097843
TN8500031;OSM;2374814929
TN8500031;SWISS;8500031
TN8500031;SWISS;8500031:1
TN8500031;UIC;8500031
TN8500031;WIKIDATA;Q3096363
TN8500032;OSM;10221549133
TN8500032;SWISS;8500032
TN8500032;SWISS;8500032:1
TN8500032;UIC;8500032
TN8500032;WIKIDATA;Q3097761
TN8500033;OSM;10221549188
TN8500033;SWISS;8500033
TN8500033;SWISS;8500033:1
TN8500033;UIC;8500033
TN8500033;WIKIDATA;Q3097471
TN8500034;OSM;5713168754
TN8500034;SWISS;8500034
TN8500034;SWISS;8500034:1
TN8500034;UIC;8500034
TN8500034;WIKIDATA;Q3096083
TN8500035;OSM;3080746018
TN8500035;SWISS;8500035
TN8500035;SWISS;8500035:1
TN8500035;SWISS;8500035:2
TN8500035;UIC;8500035
TN8500035;WIKIDATA;Q3096933
TN8500037;OSM;4360322376
TN8500037;SWISS;8500037
TN8500037;SWISS;8500037:1
TN8500037;UIC;8500037
TN8500037;WIKIDATA;Q3097902
TN8500038;OSM;1909651801
TN8500038;SWISS;8500038
TN8500038;SWISS;8500038:1
TN8500038;UIC;8500038
TN8500038;WIKIDATA;Q3096099
TN8500090;OSM;3080746010
TN8500090;SWISS;8500090
TN8500090;SWISS;8500090:
TN8500090;SWISS;8500090:10
TN8500090;SWISS;8500090:11
TN8500090;SWISS;8500090:4
TN8500090;SWISS;8500090:6
TN8500090;SWISS;8500090:7
TN8500090;SWISS;8500090:8
TN8500090;SWISS;8500090:9
TN8500090;UIC;8500090
TN8500090;WIKIDATA;Q666725
TN8500100;OSM;3081154441
TN8500100;SWISS;8500100
TN8500100;SWISS;8500100:
TN8500100;SWISS;8500100:2
TN8500100;SWISS;8500100:3
TN8500100;SWISS;8500100:52
TN8500100;UIC;8500100
TN8500100;WIKIDATA;Q30240657
TN8500101;OSM;3081154422
TN8500101;SWISS;8500101
TN8500101;UIC;8500101
TN8500101;WIKIDATA;Q30240674
TN8500102;OSM;4989695703
TN8500102;SWISS;8500102
TN8500102;UIC;8500102
TN8500102;WIKIDATA;Q30240685
TN8500103;OSM;307385185
TN8500103;SWISS;8500103
TN8500103;SWISS;8500103:1
TN8500103;UIC;8500103
TN8500103;WIKIDATA;Q31440676
TN8500104;OSM;3081154366
TN8500104;SWISS;8500104
TN8500104;UIC;8500104
TN8500104;WIKIDATA;Q31440071
TN8500105;OSM;3081154410
TN8500105;SWISS;8500105
TN8500105;SWISS;8500105:2
TN8500105;SWISS;8500105:4
TN8500105;SWISS;8500105:5
TN8500105;UIC;8500105
TN8500105;WIKIDATA;Q5846774
TN8500109;OSM;3080770164
TN8500109;SWISS;8500109
TN8500109;SWISS;8500109:1
TN8500109;SWISS;8500109:2
TN8500109;SWISS;8500109:3
TN8500109;SWISS;8500109:4
TN8500109;SWISS;8500109:5
TN8500109;SWISS;8500109:AB
TN8500109;SWISS;8500109:CD
TN8500109;UIC;8500109
TN8500109;WIKIDATA;Q1098098
TN8500113;OSM;3080770169
TN8500113;SWISS;8500113
TN8500113;SWISS;8500113:2
TN8500113;SWISS;8500113:3
TN8500113;SWISS;8500113:4
TN8500113;UIC;8500113
TN8500113;WIKIDATA;Q3096857
TN8500114;OSM;3080770174
TN8500114;SWISS;8500114
TN8500114;SWISS;8500114:3
TN8500114;SWISS;8500114:4
TN8500114;UIC;8500114
TN8500114;WIKIDATA;Q3098108
TN8500115;OSM;3080770168
TN8500115;SWISS;8500115
TN8500115;SWISS;8500115:1
TN8500115;SWISS;8500115:2
TN8500115;UIC;8500115
TN8500115;WIKIDATA;Q3096575
TN8500116;OSM;3080770166
TN8500116;SWISS;8500116
TN8500116;SWISS;8500116:1
TN8500116;SWISS;8500116:2
TN8500116;UIC;8500116
TN8500116;WIKIDATA;Q2381221
TN8500117;OSM;3080770153
TN8500117;SWISS;8500117
TN8500117;SWISS;8500117:2
TN8500117;SWISS;8500117:3
TN8500117;UIC;8500117
TN8500117;WIKIDATA;Q3095587
TN8500118;OSM;3080770165
TN8500118;SWISS;8500118
TN8500118;SWISS;8500118:2
TN8500118;SWISS;8500118:3
TN8500118;UIC;8500118
TN8500118;WIKIDATA;Q3096391
TN8500119;OSM;3080770170
TN8500119;SWISS;8500119
TN8500119;SWISS;8500119:1
TN8500119;SWISS;8500119:2
TN8500119;SWISS;8500119:3
TN8500119;UIC;8500119
TN8500119;WIKIDATA;Q3097155
TN8500120;OSM;3080770162
TN8500120;SWISS;8500120
TN8500120;SWISS;8500120:1
TN8500120;UIC;8500120
TN8500120;WIKIDATA;Q3096313
TN8500121;OSM;3080770159
TN8500121;SWISS;8500121
TN8500121;SWISS;8500121:1
TN8500121;SWISS;8500121:2
TN8500121;UIC;8500121
TN8500121;WIKIDATA;Q3096306
TN8500122;OSM;3080770155
TN8500122;SWISS;8500122
TN8500122;SWISS;8500122:1
TN8500122;SWISS;8500122:2
TN8500122;UIC;8500122
TN8500122;WIKIDATA;Q3095912
TN8500123;OSM;3080770167
TN8500123;SWISS;8500123
TN8500123;SWISS;8500123:1
TN8500123;SWISS;8500123:12
TN8500123;SWISS;8500123:13
TN8500123;SWISS;8500123:2
TN8500123;UIC;8500123
TN8500123;WIKIDATA;Q3096547
TN8500124;OSM;3080770172
TN8500124;SWISS;8500124
TN8500124;UIC;8500124
TN8500124;WIKIDATA;Q3097626
TN8500125;OSM;3080770160
TN8500125;SWISS;8500125
TN8500125;SWISS;8500125:1
TN8500125;SWISS;8500125:2
TN8500125;UIC;8500125
TN8500125;WIKIDATA;Q3096303
TN8500126;OSM;3080770171
TN8500126;SWISS;8500126
TN8500126;SWISS;8500126:1
TN8500126;SWISS;8500126:2
TN8500126;SWISS;8500126:3
TN8500126;SWISS;8500126:AB
TN8500126;SWISS;8500126:CD
TN8500126;UIC;8500126
TN8500126;WIKIDATA;Q3097320
TN8500127;OSM;3080770161
TN8500127;SWISS;8500127
TN8500127;SWISS;8500127:1
TN8500127;SWISS;8500127:2
TN8500127;UIC;8500127
TN8500127;WIKIDATA;Q31440723
TN8500128;OSM;3080770156
TN8500128;SWISS;8500128
TN8500128;SWISS;8500128:3
TN8500128;UIC;8500128
TN8500128;WIKIDATA;Q15278863
TN8500135;OSM;305682094
TN8500135;SWISS;8500135
TN8500135;SWISS;8500135:1
TN8500135;UIC;8500135
TN8500135;WIKIDATA;Q31441225
TN8500136;OSM;1899779534
TN8500136;SWISS;8500136
TN8500136;SWISS;8500136:1
TN8500136;SWISS;8500136:2
TN8500136;UIC;8500136
TN8500136;WIKIDATA;Q683366
TN8500138;SWISS;8500138
TN8500138;SWISS;8500138:
TN8500138;UIC;8500138
TN8500141;OSM;419894858
TN8500141;SWISS;8500141
TN8500141;SWISS;8500141:1
TN8500141;UIC;8500141
TN8500141;WIKIDATA;Q15278830
TN8500144;OSM;3080770158
TN8500144;SWISS;8500144
TN8500144;SWISS;8500144:1
TN8500144;UIC;8500144
TN8500144;WIKIDATA;Q31443722
TN8500159;OSM;3081154378
TN8500159;SWISS;8500159
TN8500159;SWISS;8500159:1
TN8500159;SWISS;8500159:2
TN8500159;SWISS;8500159:3
TN8500159;UIC;8500159
TN8500159;WIKIDATA;Q15964154
TN8500162;OSM;2058454118
TN8500162;SWISS;8500162
TN8500162;SWISS;8500162:1
TN8500162;UIC;8500162
TN8500162;WIKIDATA;Q33437983
TN8500164;OSM;2058454113
TN8500164;SWISS;8500164
TN8500164;SWISS;8500164:1
TN8500164;UIC;8500164
TN8500164;WIKIDATA;Q33438001
TN8500165;OSM;2058530067
TN8500165;SWISS;8500165
TN8500165;SWISS;8500165:1
TN8500165;UIC;8500165
TN8500165;WIKIDATA;Q33438018
TN8500167;OSM;2058540307
TN8500167;SWISS;8500167
TN8500167;SWISS;8500167:1
TN8500167;UIC;8500167
TN8500167;WIKIDATA;Q33438035
TN8500169;OSM;2181550105
TN8500169;SWISS;8500169
TN8500169;SWISS;8500169:1
TN8500169;UIC;8500169
TN8500169;WIKIDATA;Q33438051
TN8500170;OSM;3081154446
TN8500170;SWISS;8500170
TN8500170;SWISS;8500170:1
TN8500170;SWISS;8500170:2
TN8500170;UIC;8500170
TN8500170;WIKIDATA;Q33438068
TN8500171;OSM;3081154402
TN8500171;SWISS;8500171
TN8500171;SWISS;8500171:3
TN8500171;UIC;8500171
TN8500171;WIKIDATA;Q33438082
TN8500172;OSM;3657454718
TN8500172;SWISS;8500172
TN8500172;SWISS;8500172:1
TN8500172;UIC;8500172
TN8500172;WIKIDATA;Q33438098
TN8500173;OSM;3081154401
TN8500173;SWISS;8500173
TN8500173;SWISS;8500173:2
TN8500173;SWISS;8500173:3
TN8500173;UIC;8500173
TN8500173;WIKIDATA;Q33438112
TN8500174;OSM;2069321265
TN8500174;SWISS;8500174
TN8500174;SWISS;8500174:1
TN8500174;SWISS;8500174:2
TN8500174;SWISS;8500174:3
TN8500174;UIC;8500174
TN8500174;WIKIDATA;Q33438124
TN8500175;OSM;3386266246
TN8500175;SWISS;8500175
TN8500175;SWISS;8500175:1
TN8500175;UIC;8500175
TN8500175;WIKIDATA;Q33438139
TN8500176;OSM;3386266244
TN8500176;SWISS;8500176
TN8500176;SWISS;8500176:1
TN8500176;UIC;8500176
TN8500176;WIKIDATA;Q33438154
TN8500177;OSM;3386266247
TN8500177;SWISS;8500177
TN8500177;SWISS;8500177:2
TN8500177;UIC;8500177
TN8500177;WIKIDATA;Q33438171
TN8500178;OSM;3386266242
TN8500178;SWISS;8500178
TN8500178;SWISS;8500178:2
TN8500178;UIC;8500178
TN8500178;WIKIDATA;Q33438231
TN8500179;OSM;3386266241
TN8500179;SWISS;8500179
TN8500179;SWISS;8500179:2
TN8500179;UIC;8500179
TN8500179;WIKIDATA;Q33438251
TN8500180;OSM;3386266243
TN8500180;SWISS;8500180
TN8500180;SWISS;8500180:1
TN8500180;UIC;8500180
TN8500180;WIKIDATA;Q33438269
TN8500181;OSM;10271275713
TN8500181;SWISS;8500181
TN8500181;SWISS;8500181:1
TN8500181;UIC;8500181
TN8500181;WIKIDATA;Q33438289
TN8500184;OSM;305652307
TN8500184;SWISS;8500184
TN8500184;SWISS;8500184:1
TN8500184;UIC;8500184
TN8500184;WIKIDATA;Q33438327
TN8500186;OSM;3080770154
TN8500186;SWISS;8500186
TN8500186;SWISS;8500186:1
TN8500186;SWISS;8500186:2
TN8500186;UIC;8500186
TN8500186;WIKIDATA;Q15278832
TN8500187;OSM;3080770173
TN8500187;SWISS;8500187
TN8500187;SWISS;8500187:1
TN8500187;UIC;8500187
TN8500187;WIKIDATA;Q33438364
TN8500188;OSM;3080770157
TN8500188;SWISS;8500188
TN8500188;SWISS;8500188:1
TN8500188;UIC;8500188
TN8500188;WIKIDATA;Q33438382
TN8500190;OSM;3386266248
TN8500190;SWISS;8500190
TN8500190;SWISS;8500190:1
TN8500190;UIC;8500190
TN8500190;WIKIDATA;Q33438398
TN8500191;OSM;3081154427
TN8500191;SWISS;8500191
TN8500191;SWISS;8500191:1
TN8500191;SWISS;8500191:2
TN8500191;SWISS;8500191:3
TN8500191;UIC;8500191
TN8500191;WIKIDATA;Q33438419
TN8500192;OSM;2058674605
TN8500192;SWISS;8500192
TN8500192;SWISS;8500192:1
TN8500192;UIC;8500192
TN8500192;WIKIDATA;Q33438442
TN8500194;OSM;3081154421
TN8500194;SWISS;8500194
TN8500194;SWISS;8500194:2
TN8500194;UIC;8500194
TN8500194;WIKIDATA;Q28058356
TN8500195;OSM;920254802
TN8500195;SWISS;8500195
TN8500195;SWISS;8500195:1
TN8500195;UIC;8500195
TN8500195;WIKIDATA;Q28952435
TN8500196;OSM;3081154351
TN8500196;SWISS;8500196
TN8500196;SWISS;8500196:2
TN8500196;UIC;8500196
TN8500196;WIKIDATA;Q16508020
TN8500199;OSM;3081154392
TN8500199;SWISS;8500199
TN8500199;SWISS;8500199:1
TN8500199;SWISS;8500199:2
TN8500199;UIC;8500199
TN8500199;WIKIDATA;Q33438522
TN8500200;OSM;2584267263
TN8500200;SWISS;8500200
TN8500200;SWISS;8500200:1
TN8500200;SWISS;8500200:2
TN8500200;UIC;8500200
TN8500200;WIKIDATA;Q15964210
TN8500201;OSM;1688527654
TN8500201;SWISS;8500201
TN8500201;SWISS;8500201:1
TN8500201;SWISS;8500201:2
TN8500201;SWISS;8500201:3
TN8500201;UIC;8500201
TN8500201;WIKIDATA;Q15964165
TN8500202;OSM;1688510585
TN8500202;SWISS;8500202
TN8500202;SWISS;8500202:
TN8500202;SWISS;8500202:1
TN8500202;SWISS;8500202:2
TN8500202;SWISS;8500202:3
TN8500202;UIC;8500202
TN8500202;WIKIDATA;Q800838
TN8500203;OSM;1688507207
TN8500203;SWISS;8500203
TN8500203;SWISS;8500203:1
TN8500203;SWISS;8500203:2
TN8500203;UIC;8500203
TN8500204;OSM;1688504321
TN8500204;SWISS;8500204
TN8500204;SWISS;8500204:1
TN8500204;SWISS;8500204:2
TN8500204;UIC;8500204
TN8500204;WIKIDATA;Q15964256
TN8500205;OSM;2574141833
TN8500205;SWISS;8500205
TN8500205;SWISS;8500205:1
TN8500205;SWISS;8500205:2
TN8500205;UIC;8500205
TN8500205;WIKIDATA;Q15964064
TN8500206;OSM;1688491262
TN8500206;SWISS;8500206
TN8500206;SWISS;8500206:1
TN8500206;SWISS;8500206:2
TN8500206;UIC;8500206
TN8500206;WIKIDATA;Q31443768
TN8500207;OSM;3081128632
TN8500207;SWISS;8500207
TN8500207;SWISS;8500207:
TN8500207;SWISS;8500207:1
TN8500207;SWISS;8500207:10
TN8500207;SWISS;8500207:2
TN8500207;SWISS;8500207:3
TN8500207;SWISS;8500207:5
TN8500207;SWISS;8500207:6
TN8500207;SWISS;8500207:9
TN8500207;SWISS;8500207:A-C
TN8500207;SWISS;8500207:E-G
TN8500207;UIC;8500207
TN8500207;WIKIDATA;Q22941
TN8500208;OSM;3081128613
TN8500208;SWISS;8500208
TN8500208;SWISS;8500208:2
TN8500208;SWISS;8500208:3
TN8500208;UIC;8500208
TN8500208;WIKIDATA;Q15964189
TN8500209;OSM;3081128593
TN8500209;SWISS;8500209
TN8500209;SWISS;8500209:1
TN8500209;SWISS;8500209:2
TN8500209;UIC;8500209
TN8500209;WIKIDATA;Q15964114
TN8500210;OSM;3081128635
TN8500210;SWISS;8500210
TN8500210;SWISS;8500210:2
TN8500210;SWISS;8500210:3
TN8500210;UIC;8500210
TN8500210;WIKIDATA;Q15964284
TN8500211;OSM;3081128619
TN8500211;SWISS;8500211
TN8500211;SWISS;8500211:3
TN8500211;SWISS;8500211:4
TN8500211;UIC;8500211
TN8500211;WIKIDATA;Q31443857
TN8500212;OSM;3081128623
TN8500212;SWISS;8500212
TN8500212;SWISS;8500212:
TN8500212;SWISS;8500212:3
TN8500212;SWISS;8500212:4
TN8500212;SWISS;8500212:5
TN8500212;UIC;8500212
TN8500212;WIKIDATA;Q15785193
TN8500213;OSM;3081128621
TN8500213;SWISS;8500213
TN8500213;SWISS;8500213:3
TN8500213;SWISS;8500213:4
TN8500213;UIC;8500213
TN8500213;WIKIDATA;Q15964211
TN8500214;OSM;3081128594
TN8500214;SWISS;8500214
TN8500214;SWISS;8500214:1
TN8500214;SWISS;8500214:2
TN8500214;UIC;8500214
TN8500214;WIKIDATA;Q15964115
TN8500215;OSM;3081128602
TN8500215;SWISS;8500215
TN8500215;SWISS;8500215:3
TN8500215;SWISS;8500215:4
TN8500215;UIC;8500215
TN8500215;WIKIDATA;Q15964141
TN8500216;OSM;3081128636
TN8500216;SWISS;8500216
TN8500216;SWISS;8500216:3
TN8500216;SWISS;8500216:4
TN8500216;UIC;8500216
TN8500216;WIKIDATA;Q15964285
TN8500217;OSM;3081128624
TN8500217;SWISS;8500217
TN8500217;SWISS;8500217:2
TN8500217;SWISS;8500217:3
TN8500217;UIC;8500217
TN8500217;WIKIDATA;Q15964212
TN8500218;OSM;636798044
TN8500218;SWISS;8500218
TN8500218;SWISS;8500218:
TN8500218;SWISS;8500218:1
TN8500218;SWISS;8500218:10
TN8500218;SWISS;8500218:11
TN8500218;SWISS;8500218:12
TN8500218;SWISS;8500218:2
TN8500218;SWISS;8500218:3
TN8500218;SWISS;8500218:4
TN8500218;SWISS;8500218:7
TN8500218;SWISS;8500218:8
TN8500218;SWISS;8500218:9
TN8500218;SWISS;8500218:A
TN8500218;SWISS;8500218:AB
TN8500218;SWISS;8500218:B-D
TN8500218;SWISS;8500218:CD
TN8500218;UIC;8500218
TN8500218;WIKIDATA;Q29370
TN8500220;OSM;4839971313
TN8500220;SWISS;8500220
TN8500220;SWISS;8500220:1
TN8500220;UIC;8500220
TN8500221;OSM;8131464808
TN8500221;SWISS;8500221
TN8500221;SWISS;8500221:1
TN8500221;UIC;8500221
TN8500221;WIKIDATA;Q31444036
TN8500260;OSM;4175581859
TN8500260;SWISS;8500260
TN8500260;SWISS;8500260:1
TN8500260;UIC;8500260
TN8500260;WIKIDATA;Q33438835
TN8500261;OSM;307378159
TN8500261;SWISS;8500261
TN8500261;SWISS;8500261:
TN8500261;SWISS;8500261:2
TN8500261;UIC;8500261
TN8500261;WIKIDATA;Q33412494
TN8500262;OSM;2528279663
TN8500262;SWISS;8500262
TN8500262;UIC;8500262
TN8500262;WIKIDATA;Q33438877
TN8500263;OSM;2483818331
TN8500263;SWISS;8500263
TN8500263;UIC;8500263
TN8500264;OSM;4513900665
TN8500264;SWISS;8500264
TN8500264;SWISS;8500264:1
TN8500264;SWISS;8500264:2
TN8500264;UIC;8500264
TN8500264;WIKIDATA;Q33438923
TN8500265;OSM;4173052025
TN8500265;SWISS;8500265
TN8500265;SWISS;8500265:1
TN8500265;UIC;8500265
TN8500265;WIKIDATA;Q33438944
TN8500266;OSM;3092219558
TN8500266;SWISS;8500266
TN8500266;UIC;8500266
TN8500266;WIKIDATA;Q33438967
TN8500267;OSM;3092219559
TN8500267;SWISS;8500267
TN8500267;UIC;8500267
TN8500267;WIKIDATA;Q33438990
TN8500268;OSM;3092219561
TN8500268;SWISS;8500268
TN8500268;UIC;8500268
TN8500268;WIKIDATA;Q33439027
TN8500292;OSM;3081128606
TN8500292;SWISS;8500292
TN8500292;UIC;8500292
TN8500292;WIKIDATA;Q33440496
TN8500293;OSM;4160585596
TN8500293;SWISS;8500293
TN8500293;UIC;8500293
TN8500293;WIKIDATA;Q33440520
TN8500294;OSM;4160552343
TN8500294;SWISS;8500294
TN8500294;SWISS;8500294:2
TN8500294;UIC;8500294
TN8500294;WIKIDATA;Q33440541
TN8500300;OSM;3080746015
TN8500300;SWISS;8500300
TN8500300;SWISS;8500300:4
TN8500300;SWISS;8500300:5
TN8500300;UIC;8500300
TN8500300;WIKIDATA;Q3096669
TN8500301;OSM;3080746024
TN8500301;SWISS;8500301
TN8500301;SWISS;8500301:
TN8500301;SWISS;8500301:3
TN8500301;SWISS;8500301:4
TN8500301;UIC;8500301
TN8500301;WIKIDATA;Q20020599
TN8500302;OSM;3080746021
TN8500302;SWISS;8500302
TN8500302;SWISS;8500302:
TN8500302;SWISS;8500302:2
TN8500302;SWISS;8500302:3
TN8500302;UIC;8500302
TN8500302;WIKIDATA;Q3097153
TN8500303;OSM;3080746019
TN8500303;SWISS;8500303
TN8500303;SWISS;8500303:2
TN8500303;SWISS;8500303:3
TN8500303;UIC;8500303
TN8500303;WIKIDATA;Q3097132
TN8500304;OSM;3080695740
TN8500304;SWISS;8500304
TN8500304;SWISS;8500304:1
TN8500304;SWISS;8500304:2
TN8500304;UIC;8500304
TN8500304;WIKIDATA;Q3095722
TN8500305;OSM;3080695742
TN8500305;SWISS;8500305
TN8500305;SWISS;8500305:
TN8500305;SWISS;8500305:1
TN8500305;SWISS;8500305:2
TN8500305;SWISS;8500305:3
TN8500305;UIC;8500305
TN8500305;WIKIDATA;Q2919733
TN8500309;OSM;3080695737
TN8500309;SWISS;8500309
TN8500309;SWISS;8500309:
TN8500309;SWISS;8500309:1
TN8500309;SWISS;8500309:2
TN8500309;SWISS;8500309:3
TN8500309;SWISS;8500309:33
TN8500309;SWISS;8500309:4
TN8500309;SWISS;8500309:5
TN8500309;UIC;8500309
TN8500309;WIKIDATA;Q800578
TN8500313;OSM;1934882110
TN8500313;SWISS;8500313
TN8500313;SWISS;8500313:1
TN8500313;SWISS;8500313:2
TN8500313;UIC;8500313
TN8500320;OSM;3080746029
TN8500320;SWISS;8500320
TN8500320;SWISS;8500320:
TN8500320;SWISS;8500320:2
TN8500320;SWISS;8500320:3
TN8500320;SWISS;8500320:4
TN8500320;SWISS;8500320:5
TN8500320;UIC;8500320
TN8500320;WIKIDATA;Q801463
TN8500322;OSM;3080695747
TN8500322;SWISS;8500322
TN8500322;SWISS;8500322:1
TN8500322;UIC;8500322
TN8500322;WIKIDATA;Q3096855
TN8500329;OSM;3080695746
TN8500329;SWISS;8500329
TN8500329;SWISS;8500329:1
TN8500329;SWISS;8500329:3
TN8500329;SWISS;8500329:4
TN8500329;UIC;8500329
TN8500329;WIKIDATA;Q801024
TN8501000;OSM;7073204960
TN8501000;SWISS;8501000
TN8501000;SWISS;8501000:1
TN8501000;SWISS;8501000:2
TN8501000;UIC;8501000
TN8501000;WIKIDATA;Q15616936
TN8501001;OSM;3059714407
TN8501001;SWISS;8501001
TN8501001;SWISS;8501001:1
TN8501001;UIC;8501001
TN8501001;WIKIDATA;Q3096800
TN8501002;OSM;3059714408
TN8501002;SWISS;8501002
TN8501002;SWISS;8501002:1
TN8501002;SWISS;8501002:2
TN8501002;UIC;8501002
TN8501002;WIKIDATA;Q15953342
TN8501003;OSM;3057789420
TN8501003;SWISS;8501003
TN8501003;SWISS;8501003:1
TN8501003;SWISS;8501003:2
TN8501003;UIC;8501003
TN8501003;WIKIDATA;Q3097684
TN8501006;OSM;3057742963
TN8501006;SWISS;8501006
TN8501006;SWISS;8501006:1
TN8501006;SWISS;8501006:2
TN8501006;UIC;8501006
TN8501006;WIKIDATA;Q15616905
TN8501007;OSM;2754246079
TN8501007;SWISS;8501007
TN8501007;SWISS;8501007:1
TN8501007;SWISS;8501007:2
TN8501007;UIC;8501007
TN8501007;WIKIDATA;Q15616901
TN8501008;OSM;4890696636
TN8501008;SWISS;8501008
TN8501008;SWISS;8501008:
TN8501008;SWISS;8501008:1
TN8501008;SWISS;8501008:10
TN8501008;SWISS;8501008:2
TN8501008;SWISS;8501008:3
TN8501008;SWISS;8501008:4
TN8501008;SWISS;8501008:5
TN8501008;SWISS;8501008:6
TN8501008;SWISS;8501008:7
TN8501008;SWISS;8501008:E-H
TN8501008;UIC;8501008
TN8501008;WIKIDATA;Q800819
TN8501011;OSM;3053406950
TN8501011;SWISS;8501011
TN8501011;SWISS;8501011:
TN8501011;SWISS;8501011:1
TN8501011;UIC;8501011
TN8501011;WIKIDATA;Q5847371
TN8501012;OSM;3053167578
TN8501012;SWISS;8501012
TN8501012;SWISS;8501012:
TN8501012;SWISS;8501012:1
TN8501012;SWISS;8501012:2
TN8501012;UIC;8501012
TN8501012;WIKIDATA;Q5846087
TN8501013;OSM;3053167579
TN8501013;SWISS;8501013
TN8501013;SWISS;8501013:
TN8501013;SWISS;8501013:1
TN8501013;UIC;8501013
TN8501013;WIKIDATA;Q5846952
TN8501014;OSM;3051986691
TN8501014;SWISS;8501014
TN8501014;SWISS;8501014:
TN8501014;SWISS;8501014:1
TN8501014;SWISS;8501014:2
TN8501014;UIC;8501014
TN8501015;OSM;3051986692
TN8501015;SWISS;8501015
TN8501015;SWISS;8501015:
TN8501015;SWISS;8501015:1
TN8501015;UIC;8501015
TN8501015;WIKIDATA;Q5847308
TN8501020;OSM;3053406948
TN8501020;SWISS;8501020
TN8501020;SWISS;8501020:
TN8501020;SWISS;8501020:1
TN8501020;SWISS;8501020:2
TN8501020;UIC;8501020
TN8501020;WIKIDATA;Q5846029
TN8501021;OSM;3053406949
TN8501021;SWISS;8501021
TN8501021;SWISS;8501021:
TN8501021;SWISS;8501021:1
TN8501021;UIC;8501021
TN8501021;WIKIDATA;Q5846294
TN8501022;OSM;3053167580
TN8501022;SWISS;8501022
TN8501022;SWISS;8501022:
TN8501022;SWISS;8501022:1
TN8501022;SWISS;8501022:2
TN8501022;SWISS;8501022:3
TN8501022;UIC;8501022
TN8501022;WIKIDATA;Q5847444
TN8501023;OSM;3052044268
TN8501023;SWISS;8501023
TN8501023;SWISS;8501023:
TN8501023;SWISS;8501023:1
TN8501023;SWISS;8501023:2
TN8501023;SWISS;8501023:3
TN8501023;UIC;8501023
TN8501023;WIKIDATA;Q5846075
TN8501026;OSM;2388447150
TN8501026;SWISS;8501026
TN8501026;SWISS;8501026:1
TN8501026;SWISS;8501026:2
TN8501026;SWISS;8501026:3
TN8501026;SWISS;8501026:4
TN8501026;SWISS;8501026:A-D
TN8501026;SWISS;8501026:E-H
TN8501026;UIC;8501026
TN8501026;WIKIDATA;Q677158
TN8501030;OSM;5148276768
TN8501030;SWISS;8501030
TN8501030;SWISS;8501030:1
TN8501030;SWISS;8501030:2
TN8501030;SWISS;8501030:3
TN8501030;UIC;8501030
TN8501030;WIKIDATA;Q8841131
TN8501031;OSM;3035352284
TN8501031;SWISS;8501031
TN8501031;SWISS;8501031:1
TN8501031;SWISS;8501031:3
TN8501031;UIC;8501031
TN8501031;WIKIDATA;Q8779843
TN8501033;OSM;3025234417
TN8501033;SWISS;8501033
TN8501033;SWISS;8501033:1
TN8501033;SWISS;8501033:2
TN8501033;UIC;8501033
TN8501033;WIKIDATA;Q8841638
TN8501035;OSM;3022131191
TN8501035;SWISS;8501035
TN8501035;SWISS;8501035:1
TN8501035;SWISS;8501035:2
TN8501035;SWISS;8501035:3
TN8501035;UIC;8501035
TN8501035;WIKIDATA;Q10947344
TN8501036;OSM;3022062409
TN8501036;SWISS;8501036
TN8501036;SWISS;8501036:1
TN8501036;SWISS;8501036:2
TN8501036;SWISS;8501036:3
TN8501036;UIC;8501036
TN8501036;WIKIDATA;Q8841673
TN8501037;OSM;3081154409
TN8501037;SWISS;8501037
TN8501037;SWISS;8501037:1
TN8501037;SWISS;8501037:2
TN8501037;SWISS;8501037:3
TN8501037;SWISS;8501037:4
TN8501037;SWISS;8501037:5
TN8501037;UIC;8501037
TN8501037;WIKIDATA;Q2384426
TN8501042;OSM;3022024057
TN8501042;SWISS;8501042
TN8501042;SWISS;8501042:1
TN8501042;SWISS;8501042:2
TN8501042;UIC;8501042
TN8501042;WIKIDATA;Q8779753
TN8501045;OSM;2774872400
TN8501045;SWISS;8501045
TN8501045;SWISS;8501045:1
TN8501045;SWISS;8501045:2
TN8501045;UIC;8501045
TN8501045;WIKIDATA;Q15964104
TN8501047;OSM;3010408570
TN8501047;SWISS;8501047
TN8501047;SWISS;8501047:1
TN8501047;SWISS;8501047:2
TN8501047;SWISS;8501047:307
TN8501047;UIC;8501047
TN8501047;WIKIDATA;Q15964179
TN8501048;OSM;3007369527
TN8501048;SWISS;8501048
TN8501048;SWISS;8501048:1
TN8501048;SWISS;8501048:2
TN8501048;SWISS;8501048:306
TN8501048;UIC;8501048
TN8501048;WIKIDATA;Q15964180
TN8501054;OSM;10751249267
TN8501054;SWISS;8501054
TN8501054;SWISS;8501054:1
TN8501054;UIC;8501054
TN8501054;WIKIDATA;Q33441788
TN8501080;OSM;3030010488
TN8501080;SWISS;8501080
TN8501080;SWISS;8501080:1
TN8501080;UIC;8501080
TN8501080;WIKIDATA;Q33442156
TN8501081;OSM;281646166
TN8501081;SWISS;8501081
TN8501081;SWISS;8501081:1
TN8501081;SWISS;8501081:2
TN8501081;UIC;8501081
TN8501082;OSM;361468627
TN8501082;SWISS;8501082
TN8501082;SWISS;8501082:1
TN8501082;UIC;8501082
TN8501082;WIKIDATA;Q33442199
TN8501083;OSM;3030010490
TN8501083;SWISS;8501083
TN8501083;SWISS;8501083:1
TN8501083;UIC;8501083
TN8501083;WIKIDATA;Q33442221
TN8501084;OSM;1773927650
TN8501084;SWISS;8501084
TN8501084;SWISS;8501084:1
TN8501084;UIC;8501084
TN8501084;WIKIDATA;Q33442244
TN8501085;OSM;3019483996
TN8501085;SWISS;8501085
TN8501085;SWISS;8501085:1
TN8501085;UIC;8501085
TN8501085;WIKIDATA;Q33442269
TN8501087;OSM;3019483998
TN8501087;SWISS;8501087
TN8501087;SWISS;8501087:1
TN8501087;UIC;8501087
TN8501087;WIKIDATA;Q33442293
TN8501088;OSM;3019484001
TN8501088;SWISS;8501088
TN8501088;SWISS;8501088:1
TN8501088;UIC;8501088
TN8501088;WIKIDATA;Q33442319
TN8501089;OSM;3019484002
TN8501089;SWISS;8501089
TN8501089;SWISS;8501089:1
TN8501089;UIC;8501089
TN8501089;WIKIDATA;Q33442338
TN8501090;OSM;3030010489
TN8501090;SWISS;8501090
TN8501090;SWISS;8501090:1
TN8501090;UIC;8501090
TN8501090;WIKIDATA;Q33442361
TN8501091;OSM;3030010491
TN8501091;SWISS;8501091
TN8501091;SWISS;8501091:1
TN8501091;UIC;8501091
TN8501091;WIKIDATA;Q33442383
TN8501092;OSM;262012132
TN8501092;SWISS;8501092
TN8501092;SWISS;8501092:1
TN8501092;SWISS;8501092:3
TN8501092;UIC;8501092
TN8501092;WIKIDATA;Q33442407
TN8501093;OSM;286044669
TN8501093;SWISS;8501093
TN8501093;SWISS;8501093:
TN8501093;UIC;8501093
TN8501093;WIKIDATA;Q33442430
TN8501094;OSM;313698590
TN8501094;SWISS;8501094
TN8501094;SWISS;8501094:
TN8501094;SWISS;8501094:5
TN8501094;UIC;8501094
TN8501094;WIKIDATA;Q3095655
TN8501095;OSM;286044718
TN8501095;SWISS;8501095
TN8501095;SWISS;8501095:1
TN8501095;UIC;8501095
TN8501095;WIKIDATA;Q33442463
TN8501096;OSM;308165414
TN8501096;SWISS;8501096
TN8501096;SWISS;8501096:1
TN8501096;SWISS;8501096:2
TN8501096;UIC;8501096
TN8501096;WIKIDATA;Q3095999
TN8501097;OSM;3019484000
TN8501097;SWISS;8501097
TN8501097;SWISS;8501097:1
TN8501097;UIC;8501097
TN8501097;WIKIDATA;Q33442497
TN8501098;OSM;3019483999
TN8501098;SWISS;8501098
TN8501098;SWISS;8501098:1
TN8501098;UIC;8501098
TN8501098;WIKIDATA;Q33442520
TN8501099;OSM;983788188
TN8501099;SWISS;8501099
TN8501099;SWISS;8501099:1
TN8501099;UIC;8501099
TN8501099;WIKIDATA;Q3098113
TN8501100;OSM;2770485920
TN8501100;SWISS;8501100
TN8501100;SWISS;8501100:
TN8501100;UIC;8501100
TN8501100;WIKIDATA;Q33443007
TN8501103;OSM;52208883
TN8501103;SWISS;8501103
TN8501103;SWISS;8501103:
TN8501103;SWISS;8501103:1
TN8501103;SWISS;8501103:3
TN8501103;SWISS;8501103:4
TN8501103;SWISS;8501103:5
TN8501103;UIC;8501103
TN8501103;WIKIDATA;Q3097934
TN8501104;OSM;9743235642
TN8501104;SWISS;8501104
TN8501104;SWISS;8501104:
TN8501104;SWISS;8501104:1
TN8501104;SWISS;8501104:2
TN8501104;SWISS;8501104:AB
TN8501104;SWISS;8501104:CD
TN8501104;UIC;8501104
TN8501105;OSM;2732142802
TN8501105;SWISS;8501105
TN8501105;SWISS;8501105:
TN8501105;SWISS;8501105:1
TN8501105;SWISS;8501105:2
TN8501105;UIC;8501105
TN8501105;WIKIDATA;Q15964082
TN8501106;OSM;2732142816
TN8501106;SWISS;8501106
TN8501106;SWISS;8501106:
TN8501106;SWISS;8501106:1
TN8501106;SWISS;8501106:2
TN8501106;UIC;8501106
TN8501106;WIKIDATA;Q15964103
TN8501107;OSM;2711195164
TN8501107;SWISS;8501107
TN8501107;SWISS;8501107:
TN8501107;SWISS;8501107:1
TN8501107;SWISS;8501107:2
TN8501107;UIC;8501107
TN8501107;WIKIDATA;Q15964055
TN8501108;OSM;2711195165
TN8501108;SWISS;8501108
TN8501108;SWISS;8501108:
TN8501108;SWISS;8501108:1
TN8501108;SWISS;8501108:2
TN8501108;UIC;8501108
TN8501108;WIKIDATA;Q15964160
TN8501110;OSM;3081154371
TN8501110;SWISS;8501110
TN8501110;SWISS;8501110:1
TN8501110;SWISS;8501110:2
TN8501110;UIC;8501110
TN8501110;WIKIDATA;Q12174797
TN8501111;OSM;2708957738
TN8501111;SWISS;8501111
TN8501111;SWISS;8501111:1
TN8501111;SWISS;8501111:2
TN8501111;UIC;8501111
TN8501111;WIKIDATA;Q12174798
TN8501112;OSM;3081154359
TN8501112;SWISS;8501112
TN8501112;SWISS;8501112:2
TN8501112;SWISS;8501112:3
TN8501112;UIC;8501112
TN8501112;WIKIDATA;Q12174787
TN8501113;OSM;5289790223
TN8501113;SWISS;8501113
TN8501113;SWISS;8501113:1
TN8501113;SWISS;8501113:2
TN8501113;UIC;8501113
TN8501113;WIKIDATA;Q12174782
TN8501114;OSM;253238168
TN8501114;SWISS;8501114
TN8501114;SWISS;8501114:1
TN8501114;SWISS;8501114:2
TN8501114;UIC;8501114
TN8501114;WIKIDATA;Q12174796
TN8501115;OSM;2732654252
TN8501115;SWISS;8501115
TN8501115;SWISS;8501115:
TN8501115;SWISS;8501115:1
TN8501115;SWISS;8501115:2
TN8501115;SWISS;8501115:3
TN8501115;UIC;8501115
TN8501115;WIKIDATA;Q15964081
TN8501116;OSM;2772060002
TN8501116;SWISS;8501116
TN8501116;SWISS;8501116:1
TN8501116;SWISS;8501116:2
TN8501116;UIC;8501116
TN8501116;WIKIDATA;Q15964273
TN8501117;OSM;2772059993
TN8501117;SWISS;8501117
TN8501117;SWISS;8501117:
TN8501117;SWISS;8501117:1
TN8501117;SWISS;8501117:3
TN8501117;SWISS;8501117:4
TN8501117;UIC;8501117
TN8501117;WIKIDATA;Q16060680
TN8501118;OSM;5153454609
TN8501118;SWISS;8501118
TN8501118;SWISS;8501118:
TN8501118;SWISS;8501118:1
TN8501118;SWISS;8501118:2
TN8501118;SWISS;8501118:3
TN8501118;SWISS;8501118:4
TN8501118;SWISS;8501118:5
TN8501118;SWISS;8501118:7
TN8501118;UIC;8501118
TN8501118;WIKIDATA;Q3097393
TN8501120;OSM;1800313662
TN8501120;SWISS;8501120
TN8501120;SWISS;8501120:
TN8501120;SWISS;8501120:1
TN8501120;SWISS;8501120:113
TN8501120;SWISS;8501120:3
TN8501120;SWISS;8501120:4
TN8501120;SWISS;8501120:5
TN8501120;SWISS;8501120:6
TN8501120;SWISS;8501120:7
TN8501120;SWISS;8501120:70
TN8501120;SWISS;8501120:8
TN8501120;SWISS;8501120:A-D
TN8501120;SWISS;8501120:E-H
TN8501120;UIC;8501120
TN8501121;OSM;2789209699
TN8501121;SWISS;8501121
TN8501121;SWISS;8501121:
TN8501121;SWISS;8501121:1
TN8501121;SWISS;8501121:2
TN8501121;UIC;8501121
TN8501121;WIKIDATA;Q10950526
TN8501122;OSM;2793378029
TN8501122;SWISS;8501122
TN8501122;SWISS;8501122:
TN8501122;SWISS;8501122:1
TN8501122;SWISS;8501122:2
TN8501122;UIC;8501122
TN8501122;WIKIDATA;Q10949227
TN8501123;OSM;2790310986
TN8501123;SWISS;8501123
TN8501123;SWISS;8501123:
TN8501123;SWISS;8501123:1
TN8501123;SWISS;8501123:2
TN8501123;UIC;8501123
TN8501123;WIKIDATA;Q10953216
TN8501124;OSM;2790344845
TN8501124;SWISS;8501124
TN8501124;SWISS;8501124:
TN8501124;SWISS;8501124:1
TN8501124;SWISS;8501124:2
TN8501124;SWISS;8501124:3
TN8501124;UIC;8501124
TN8501124;WIKIDATA;Q10948129
TN8501125;OSM;2790335363
TN8501125;SWISS;8501125
TN8501125;SWISS;8501125:
TN8501125;SWISS;8501125:1
TN8501125;SWISS;8501125:2
TN8501125;UIC;8501125
TN8501125;WIKIDATA;Q10948238
TN8501126;OSM;2790700971
TN8501126;SWISS;8501126
TN8501126;SWISS;8501126:
TN8501126;SWISS;8501126:1
TN8501126;SWISS;8501126:2
TN8501126;UIC;8501126
TN8501126;WIKIDATA;Q10950827
TN8501127;OSM;2790700978
TN8501127;SWISS;8501127
TN8501127;SWISS;8501127:
TN8501127;SWISS;8501127:1
TN8501127;SWISS;8501127:2
TN8501127;UIC;8501127
TN8501127;WIKIDATA;Q10951147
TN8501151;OSM;2774668468
TN8501151;SWISS;8501151
TN8501151;SWISS;8501151:1
TN8501151;UIC;8501151
TN8501151;WIKIDATA;Q33443355
TN8501152;OSM;2774680777
TN8501152;SWISS;8501152
TN8501152;SWISS;8501152:1
TN8501152;UIC;8501152
TN8501152;WIKIDATA;Q33443376
TN8501153;OSM;2774680775
TN8501153;SWISS;8501153
TN8501153;SWISS;8501153:1
TN8501153;UIC;8501153
TN8501153;WIKIDATA;Q33443401
TN8501154;OSM;429938988
TN8501154;SWISS;8501154
TN8501154;SWISS;8501154:1
TN8501154;UIC;8501154
TN8501154;WIKIDATA;Q33443423
TN8501155;OSM;429939014
TN8501155;SWISS;8501155
TN8501155;SWISS;8501155:1
TN8501155;UIC;8501155
TN8501155;WIKIDATA;Q33443449
TN8501156;OSM;2774680784
TN8501156;SWISS;8501156
TN8501156;SWISS;8501156:1
TN8501156;UIC;8501156
TN8501156;WIKIDATA;Q33443474
TN8501157;OSM;2774680779
TN8501157;SWISS;8501157
TN8501157;SWISS;8501157:1
TN8501157;SWISS;8501157:2
TN8501157;UIC;8501157
TN8501157;WIKIDATA;Q33443497
TN8501159;OSM;2774680774
TN8501159;SWISS;8501159
TN8501159;SWISS;8501159:1
TN8501159;SWISS;8501159:2
TN8501159;UIC;8501159
TN8501159;WIKIDATA;Q33443523
TN8501160;OSM;3223997328
TN8501160;SWISS;8501160
TN8501160;SWISS;8501160:1
TN8501160;SWISS;8501160:2
TN8501160;UIC;8501160
TN8501160;WIKIDATA;Q3096863
TN8501162;OSM;3223616161
TN8501162;SWISS;8501162
TN8501162;SWISS;8501162:1
TN8501162;SWISS;8501162:2
TN8501162;UIC;8501162
TN8501162;WIKIDATA;Q3126225
TN8501163;OSM;3223613359
TN8501163;SWISS;8501163
TN8501163;SWISS;8501163:1
TN8501163;UIC;8501163
TN8501163;WIKIDATA;Q3126247
TN8501164;OSM;3223613352
TN8501164;SWISS;8501164
TN8501164;SWISS;8501164:1
TN8501164;UIC;8501164
TN8501164;WIKIDATA;Q3126232
TN8501165;OSM;3223613355
TN8501165;SWISS;8501165
TN8501165;SWISS;8501165:1
TN8501165;SWISS;8501165:2
TN8501165;UIC;8501165
TN8501165;WIKIDATA;Q3096664
TN8501166;OSM;3223613360
TN8501166;SWISS;8501166
TN8501166;SWISS;8501166:1
TN8501166;SWISS;8501166:2
TN8501166;UIC;8501166
TN8501166;WIKIDATA;Q3097435
TN8501168;OSM;3223616162
TN8501168;SWISS;8501168
TN8501168;SWISS;8501168:1
TN8501168;UIC;8501168
TN8501168;WIKIDATA;Q3126260
TN8501169;OSM;3223613353
TN8501169;SWISS;8501169
TN8501169;SWISS;8501169:1
TN8501169;SWISS;8501169:2
TN8501169;UIC;8501169
TN8501169;WIKIDATA;Q3096217
TN8501170;OSM;3223613351
TN8501170;SWISS;8501170
TN8501170;SWISS;8501170:1
TN8501170;UIC;8501170
TN8501170;WIKIDATA;Q3126231
TN8501171;OSM;3223613354
TN8501171;SWISS;8501171
TN8501171;SWISS;8501171:1
TN8501171;UIC;8501171
TN8501171;WIKIDATA;Q3126228
TN8501172;OSM;3223613350
TN8501172;SWISS;8501172
TN8501172;SWISS;8501172:1
TN8501172;SWISS;8501172:2
TN8501172;UIC;8501172
TN8501172;WIKIDATA;Q3095678
TN8501173;OSM;1071633268
TN8501173;SWISS;8501173
TN8501173;SWISS;8501173:1
TN8501173;SWISS;8501173:2
TN8501173;SWISS;8501173:3
TN8501173;UIC;8501173
TN8501173;WIKIDATA;Q3095864
TN8501174;OSM;3214139343
TN8501174;SWISS;8501174
TN8501174;SWISS;8501174:1
TN8501174;UIC;8501174
TN8501174;WIKIDATA;Q3126257
TN8501175;OSM;983813947
TN8501175;SWISS;8501175
TN8501175;SWISS;8501175:1
TN8501175;SWISS;8501175:2
TN8501175;UIC;8501175
TN8501175;WIKIDATA;Q3097787
TN8501176;OSM;3214126028
TN8501176;SWISS;8501176
TN8501176;SWISS;8501176:1
TN8501176;UIC;8501176
TN8501176;WIKIDATA;Q3126237
TN8501177;OSM;3214117289
TN8501177;SWISS;8501177
TN8501177;SWISS;8501177:1
TN8501177;UIC;8501177
TN8501177;WIKIDATA;Q3095963
TN8501178;OSM;3214139342
TN8501178;SWISS;8501178
TN8501178;SWISS;8501178:1
TN8501178;UIC;8501178
TN8501178;WIKIDATA;Q3126263
TN8501179;OSM;599200172
TN8501179;SWISS;8501179
TN8501179;SWISS;8501179:1
TN8501179;UIC;8501179
TN8501179;WIKIDATA;Q33444594
TN8501181;OSM;3200281819
TN8501181;SWISS;8501181
TN8501181;SWISS;8501181:1
TN8501181;SWISS;8501181:2
TN8501181;UIC;8501181
TN8501181;WIKIDATA;Q672214
TN8501198;OSM;7101631560
TN8501198;SWISS;8501198
TN8501198;UIC;8501198
TN8501198;WIKIDATA;Q33445143
TN8501199;OSM;684607116
TN8501199;SWISS;8501199
TN8501199;SWISS;8501199:1
TN8501199;UIC;8501199
TN8501199;WIKIDATA;Q33445167
TN8501200;OSM;2793245894
TN8501200;SWISS;8501200
TN8501200;SWISS;8501200:
TN8501200;SWISS;8501200:1
TN8501200;SWISS;8501200:2
TN8501200;SWISS;8501200:4
TN8501200;SWISS;8501200:5
TN8501200;SWISS;8501200:A-D
TN8501200;SWISS;8501200:E-H
TN8501200;UIC;8501200
TN8501200;WIKIDATA;Q569784
TN8501201;OSM;2793405375
TN8501201;SWISS;8501201
TN8501201;SWISS;8501201:1
TN8501201;SWISS;8501201:2
TN8501201;UIC;8501201
TN8501202;OSM;2793407517
TN8501202;SWISS;8501202
TN8501202;SWISS;8501202:1
TN8501202;SWISS;8501202:2
TN8501202;UIC;8501202
TN8501202;WIKIDATA;Q10947816
TN8501203;OSM;2793811935
TN8501203;SWISS;8501203
TN8501203;SWISS;8501203:1
TN8501203;SWISS;8501203:2
TN8501203;UIC;8501203
TN8501203;WIKIDATA;Q10948043
TN8501229;OSM;1678698664
TN8501229;SWISS;8501229
TN8501229;SWISS;8501229:1
TN8501229;UIC;8501229
TN8501229;WIKIDATA;Q33445263
TN8501300;OSM;2793870896
TN8501300;SWISS;8501300
TN8501300;SWISS;8501300:
TN8501300;SWISS;8501300:1
TN8501300;SWISS;8501300:3
TN8501300;SWISS;8501300:4
TN8501300;SWISS;8501300:5
TN8501300;SWISS;8501300:6
TN8501300;SWISS;8501300:7
TN8501300;UIC;8501300
TN8501300;WIKIDATA;Q680986
TN8501301;OSM;2797706069
TN8501301;SWISS;8501301
TN8501301;SWISS;8501301:1
TN8501301;SWISS;8501301:2
TN8501301;UIC;8501301
TN8501301;WIKIDATA;Q10952194
TN8501302;OSM;2809386072
TN8501302;SWISS;8501302
TN8501302;SWISS;8501302:1
TN8501302;SWISS;8501302:2
TN8501302;UIC;8501302
TN8501302;WIKIDATA;Q10952911
TN8501303;OSM;2809386073
TN8501303;SWISS;8501303
TN8501303;SWISS;8501303:1
TN8501303;SWISS;8501303:2
TN8501303;SWISS;8501303:3
TN8501303;UIC;8501303
TN8501303;WIKIDATA;Q3098005
TN8501304;OSM;2893378527
TN8501304;SWISS;8501304
TN8501304;SWISS;8501304:1
TN8501304;SWISS;8501304:2
TN8501304;UIC;8501304
TN8501304;WIKIDATA;Q31444516
TN8501374;OSM;2797768526
TN8501374;SWISS;8501374
TN8501374;UIC;8501374
TN8501374;WIKIDATA;Q33445928
TN8501375;OSM;2797750712
TN8501375;SWISS;8501375
TN8501375;UIC;8501375
TN8501375;WIKIDATA;Q33445951
TN8501376;OSM;2797758582
TN8501376;SWISS;8501376
TN8501376;UIC;8501376
TN8501376;WIKIDATA;Q33445978
TN8501377;OSM;264552651
TN8501377;SWISS;8501377
TN8501377;UIC;8501377
TN8501377;WIKIDATA;Q33446001
TN8501378;OSM;2827316047
TN8501378;SWISS;8501378
TN8501378;UIC;8501378
TN8501378;WIKIDATA;Q33446024
TN8501379;OSM;426953627
TN8501379;SWISS;8501379
TN8501379;SWISS;8501379:1
TN8501379;SWISS;8501379:2
TN8501379;UIC;8501379
TN8501379;WIKIDATA;Q33446071
TN8501380;OSM;2793864786
TN8501380;SWISS;8501380
TN8501380;UIC;8501380
TN8501380;WIKIDATA;Q33446098
TN8501381;OSM;306500168
TN8501381;SWISS;8501381
TN8501381;UIC;8501381
TN8501381;WIKIDATA;Q33446123
TN8501382;OSM;374342357
TN8501382;SWISS;8501382
TN8501382;UIC;8501382
TN8501382;WIKIDATA;Q33446150
TN8501383;OSM;983835739
TN8501383;SWISS;8501383
TN8501383;UIC;8501383
TN8501383;WIKIDATA;Q33446177
TN8501384;OSM;6457421092
TN8501384;SWISS;8501384
TN8501384;UIC;8501384
TN8501385;OSM;983835747
TN8501385;SWISS;8501385
TN8501385;UIC;8501385
TN8501385;WIKIDATA;Q33446239
TN8501386;OSM;2827606185
TN8501386;SWISS;8501386
TN8501386;UIC;8501386
TN8501386;WIKIDATA;Q16508243
TN8501387;OSM;2827598128
TN8501387;SWISS;8501387
TN8501387;UIC;8501387
TN8501387;WIKIDATA;Q33446275
TN8501388;OSM;3752152080
TN8501388;SWISS;8501388
TN8501388;UIC;8501388
TN8501388;WIKIDATA;Q33446305
TN8501390;OSM;207308604
TN8501390;SWISS;8501390
TN8501390;UIC;8501390
TN8501390;WIKIDATA;Q33446333
TN8501391;OSM;306504177
TN8501391;SWISS;8501391
TN8501391;UIC;8501391
TN8501391;WIKIDATA;Q33446360
TN8501392;OSM;8131835131
TN8501392;SWISS;8501392
TN8501392;UIC;8501392
TN8501392;WIKIDATA;Q33446388
TN8501393;OSM;306504206
TN8501393;SWISS;8501393
TN8501393;UIC;8501393
TN8501393;WIKIDATA;Q33446418
TN8501394;OSM;306504255
TN8501394;SWISS;8501394
TN8501394;SWISS;8501394:1
TN8501394;SWISS;8501394:2
TN8501394;SWISS;8501394:3
TN8501394;UIC;8501394
TN8501394;WIKIDATA;Q33446444
TN8501395;OSM;306507866
TN8501395;SWISS;8501395
TN8501395;UIC;8501395
TN8501395;WIKIDATA;Q33446471
TN8501396;OSM;306507932
TN8501396;SWISS;8501396
TN8501396;UIC;8501396
TN8501396;WIKIDATA;Q33446499
TN8501397;OSM;306507958
TN8501397;SWISS;8501397
TN8501397;UIC;8501397
TN8501397;WIKIDATA;Q33446525
TN8501398;OSM;3877871123
TN8501398;SWISS;8501398
TN8501398;UIC;8501398
TN8501398;WIKIDATA;Q33446550
TN8501399;OSM;6314721997
TN8501399;SWISS;8501399
TN8501399;SWISS;8501399:1
TN8501399;SWISS;8501399:2
TN8501399;SWISS;8501399:3
TN8501399;UIC;8501399
TN8501399;WIKIDATA;Q33446580
TN8501400;OSM;2893316867
TN8501400;SWISS;8501400
TN8501400;SWISS;8501400:1
TN8501400;SWISS;8501400:11
TN8501400;SWISS;8501400:12
TN8501400;SWISS;8501400:13
TN8501400;SWISS;8501400:14
TN8501400;SWISS;8501400:15
TN8501400;SWISS;8501400:16
TN8501400;SWISS;8501400:2
TN8501400;SWISS;8501400:3
TN8501400;UIC;8501400
TN8501400;WIKIDATA;Q5845601
TN8501402;OSM;2892181159
TN8501402;SWISS;8501402
TN8501402;SWISS;8501402:0
TN8501402;SWISS;8501402:1
TN8501402;SWISS;8501402:2
TN8501402;SWISS;8501402:3
TN8501402;UIC;8501402
TN8501402;WIKIDATA;Q12174783
TN8501403;OSM;9905350128
TN8501403;SWISS;8501403
TN8501403;SWISS;8501403:1
TN8501403;SWISS;8501403:2
TN8501403;SWISS;8501403:3
TN8501403;SWISS;8501403:4
TN8501403;SWISS;8501403:6
TN8501403;SWISS;8501403:AB
TN8501403;UIC;8501403
TN8501403;WIKIDATA;Q10951368
TN8501404;OSM;2888990902
TN8501404;SWISS;8501404
TN8501404;SWISS;8501404:1
TN8501404;SWISS;8501404:2
TN8501404;UIC;8501404
TN8501404;WIKIDATA;Q10948282
TN8501405;OSM;2888950257
TN8501405;SWISS;8501405
TN8501405;SWISS;8501405:1
TN8501405;SWISS;8501405:2
TN8501405;UIC;8501405
TN8501405;WIKIDATA;Q10952886
TN8501420;OSM;2892181160
TN8501420;SWISS;8501420
TN8501420;SWISS;8501420:1
TN8501420;UIC;8501420
TN8501420;WIKIDATA;Q12174808
TN8501421;OSM;2893199502
TN8501421;SWISS;8501421
TN8501421;UIC;8501421
TN8501421;WIKIDATA;Q12174813
TN8501422;OSM;2893491204
TN8501422;SWISS;8501422
TN8501422;SWISS;8501422:1
TN8501422;UIC;8501422
TN8501422;WIKIDATA;Q12174791
TN8501423;OSM;2893491205
TN8501423;SWISS;8501423
TN8501423;SWISS;8501423:1
TN8501423;UIC;8501423
TN8501423;WIKIDATA;Q12174838
TN8501424;OSM;2893482975
TN8501424;SWISS;8501424
TN8501424;SWISS;8501424:1
TN8501424;UIC;8501424
TN8501424;WIKIDATA;Q12174839
TN8501425;OSM;2893482974
TN8501425;SWISS;8501425
TN8501425;SWISS;8501425:1
TN8501425;UIC;8501425
TN8501425;WIKIDATA;Q12174807
TN8501426;OSM;2893470286
TN8501426;SWISS;8501426
TN8501426;SWISS;8501426:1
TN8501426;SWISS;8501426:2
TN8501426;UIC;8501426
TN8501426;WIKIDATA;Q12174805
TN8501428;OSM;3081154430
TN8501428;SWISS;8501428
TN8501428;SWISS;8501428:1
TN8501428;UIC;8501428
TN8501428;WIKIDATA;Q12174821
TN8501446;OSM;281283590
TN8501446;SWISS;8501446
TN8501446;SWISS;8501446:1
TN8501446;UIC;8501446
TN8501446;WIKIDATA;Q33446833
TN8501447;OSM;281282248
TN8501447;SWISS;8501447
TN8501447;SWISS;8501447:33
TN8501447;SWISS;8501447:43
TN8501447;UIC;8501447
TN8501447;WIKIDATA;Q33446866
TN8501448;OSM;339478753
TN8501448;SWISS;8501448
TN8501448;SWISS;8501448:1
TN8501448;UIC;8501448
TN8501448;WIKIDATA;Q33446894
TN8501452;OSM;1626951653
TN8501452;SWISS;8501452
TN8501452;SWISS;8501452:1
TN8501452;UIC;8501452
TN8501452;WIKIDATA;Q33446920
TN8501453;OSM;339478673
TN8501453;SWISS;8501453
TN8501453;SWISS;8501453:1
TN8501453;UIC;8501453
TN8501453;WIKIDATA;Q33446949
TN8501454;OSM;1678698620
TN8501454;SWISS;8501454
TN8501454;SWISS;8501454:1
TN8501454;UIC;8501454
TN8501454;WIKIDATA;Q33446976
TN8501457;OSM;1685688861
TN8501457;SWISS;8501457
TN8501457;SWISS;8501457:1
TN8501457;UIC;8501457
TN8501457;WIKIDATA;Q33447032
TN8501458;OSM;8131895051
TN8501458;SWISS;8501458
TN8501458;SWISS;8501458:2
TN8501458;UIC;8501458
TN8501458;WIKIDATA;Q33447059
TN8501460;OSM;320374836
TN8501460;SWISS;8501460
TN8501460;SWISS;8501460:1
TN8501460;UIC;8501460
TN8501460;WIKIDATA;Q33447118
TN8501461;OSM;316019885
TN8501461;SWISS;8501461
TN8501461;SWISS;8501461:1
TN8501461;SWISS;8501461:2
TN8501461;UIC;8501461
TN8501461;WIKIDATA;Q33447146
TN8501462;OSM;281283423
TN8501462;SWISS;8501462
TN8501462;SWISS;8501462:11
TN8501462;UIC;8501462
TN8501462;WIKIDATA;Q33447173
TN8501463;OSM;1685688885
TN8501463;SWISS;8501463
TN8501463;SWISS;8501463:1
TN8501463;SWISS;8501463:2
TN8501463;SWISS;8501463:3
TN8501463;UIC;8501463
TN8501463;WIKIDATA;Q33447227
TN8501464;OSM;1651345786
TN8501464;SWISS;8501464
TN8501464;SWISS;8501464:1
TN8501464;SWISS;8501464:2
TN8501464;UIC;8501464
TN8501464;WIKIDATA;Q33447253
TN8501465;OSM;3619958672
TN8501465;SWISS;8501465
TN8501465;SWISS;8501465:1
TN8501465;UIC;8501465
TN8501465;WIKIDATA;Q33447281
TN8501466;OSM;339478347
TN8501466;SWISS;8501466
TN8501466;SWISS;8501466:1
TN8501466;UIC;8501466
TN8501466;WIKIDATA;Q33447308
TN8501468;OSM;286908368
TN8501468;SWISS;8501468
TN8501468;SWISS;8501468:1
TN8501468;UIC;8501468
TN8501468;WIKIDATA;Q33447337
TN8501470;OSM;684583716
TN8501470;SWISS;8501470
TN8501470;SWISS;8501470:1
TN8501470;UIC;8501470
TN8501470;WIKIDATA;Q33447393
TN8501471;OSM;689288192
TN8501471;SWISS;8501471
TN8501471;SWISS;8501471:2
TN8501471;UIC;8501471
TN8501471;WIKIDATA;Q33447421
TN8501472;OSM;717842510
TN8501472;SWISS;8501472
TN8501472;SWISS;8501472:1
TN8501472;UIC;8501472
TN8501472;WIKIDATA;Q33447447
TN8501473;OSM;5157449182
TN8501473;SWISS;8501473
TN8501473;SWISS;8501473:1
TN8501473;SWISS;8501473:2
TN8501473;UIC;8501473
TN8501473;WIKIDATA;Q33447474
TN8501474;OSM;5929437856
TN8501474;SWISS;8501474
TN8501474;SWISS;8501474:1
TN8501474;SWISS;8501474:2
TN8501474;UIC;8501474
TN8501474;WIKIDATA;Q33447502
TN8501475;OSM;1107014704
TN8501475;SWISS;8501475
TN8501475;SWISS;8501475:1
TN8501475;UIC;8501475
TN8501475;WIKIDATA;Q33447529
TN8501476;OSM;286905667
TN8501476;SWISS;8501476
TN8501476;SWISS;8501476:1
TN8501476;UIC;8501476
TN8501476;WIKIDATA;Q33447554
TN8501477;OSM;286905687
TN8501477;SWISS;8501477
TN8501477;SWISS;8501477:1
TN8501477;UIC;8501477
TN8501477;WIKIDATA;Q33447580
TN8501479;OSM;534853889
TN8501479;SWISS;8501479
TN8501479;SWISS;8501479:1
TN8501479;UIC;8501479
TN8501479;WIKIDATA;Q33447609
TN8501480;OSM;983835728
TN8501480;SWISS;8501480
TN8501480;SWISS;8501480:1
TN8501480;SWISS;8501480:2
TN8501480;UIC;8501480
TN8501480;WIKIDATA;Q33447636
TN8501481;OSM;603714630
TN8501481;SWISS;8501481
TN8501481;SWISS;8501481:1
TN8501481;UIC;8501481
TN8501481;WIKIDATA;Q33447665
TN8501482;OSM;1100949260
TN8501482;SWISS;8501482
TN8501482;SWISS;8501482:1
TN8501482;UIC;8501482
TN8501482;WIKIDATA;Q33447690
TN8501483;OSM;333789840
TN8501483;SWISS;8501483
TN8501483;SWISS;8501483:1
TN8501483;UIC;8501483
TN8501483;WIKIDATA;Q33447714
TN8501484;OSM;365018294
TN8501484;SWISS;8501484
TN8501484;SWISS;8501484:1
TN8501484;UIC;8501484
TN8501484;WIKIDATA;Q33447740
TN8501485;OSM;599237865
TN8501485;SWISS;8501485
TN8501485;SWISS;8501485:1
TN8501485;UIC;8501485
TN8501485;WIKIDATA;Q33447768
TN8501487;OSM;701096341
TN8501487;SWISS;8501487
TN8501487;SWISS;8501487:1
TN8501487;UIC;8501487
TN8501487;WIKIDATA;Q33447794
TN8501488;OSM;2631132529
TN8501488;SWISS;8501488
TN8501488;SWISS;8501488:2
TN8501488;SWISS;8501488:3
TN8501488;UIC;8501488
TN8501488;WIKIDATA;Q33447820
TN8501490;OSM;701206300
TN8501490;SWISS;8501490
TN8501490;SWISS;8501490:1
TN8501490;SWISS;8501490:2
TN8501490;UIC;8501490
TN8501490;WIKIDATA;Q33447845
TN8501491;OSM;701182379
TN8501491;SWISS;8501491
TN8501491;SWISS;8501491:1
TN8501491;UIC;8501491
TN8501491;WIKIDATA;Q33447871
TN8501492;OSM;701192319
TN8501492;SWISS;8501492
TN8501492;SWISS;8501492:1
TN8501492;SWISS;8501492:2
TN8501492;UIC;8501492
TN8501492;WIKIDATA;Q33447900
TN8501493;OSM;1458694906
TN8501493;SWISS;8501493
TN8501493;SWISS;8501493:1
TN8501493;UIC;8501493
TN8501493;WIKIDATA;Q33447927
TN8501494;OSM;983835733
TN8501494;SWISS;8501494
TN8501494;SWISS;8501494:1
TN8501494;UIC;8501494
TN8501494;WIKIDATA;Q33447953
TN8501495;OSM;5019596958
TN8501495;SWISS;8501495
TN8501495;SWISS;8501495:1
TN8501495;SWISS;8501495:3
TN8501495;UIC;8501495
TN8501495;WIKIDATA;Q33447979
TN8501497;OSM;281285800
TN8501497;SWISS;8501497
TN8501497;SWISS;8501497:1
TN8501497;SWISS;8501497:2
TN8501497;UIC;8501497
TN8501497;WIKIDATA;Q33448007
TN8501498;OSM;281282993
TN8501498;SWISS;8501498
TN8501498;SWISS;8501498:1
TN8501498;SWISS;8501498:2
TN8501498;UIC;8501498
TN8501498;WIKIDATA;Q33448035
TN8501499;OSM;4325099118
TN8501499;SWISS;8501499
TN8501499;SWISS;8501499:2
TN8501499;UIC;8501499
TN8501499;WIKIDATA;Q33448062
TN8501500;OSM;5155410595
TN8501500;SWISS;8501500
TN8501500;SWISS;8501500:1
TN8501500;SWISS;8501500:2
TN8501500;SWISS;8501500:3
TN8501500;SWISS;8501500:50
TN8501500;UIC;8501500
TN8501500;WIKIDATA;Q3096986
TN8501501;OSM;2886808634
TN8501501;SWISS;8501501
TN8501501;SWISS;8501501:1
TN8501501;SWISS;8501501:2
TN8501501;UIC;8501501
TN8501501;WIKIDATA;Q12174790
TN8501502;OSM;2874250804
TN8501502;SWISS;8501502
TN8501502;SWISS;8501502:1
TN8501502;SWISS;8501502:2
TN8501502;SWISS;8501502:3
TN8501502;UIC;8501502
TN8501502;WIKIDATA;Q12174829
TN8501503;OSM;2881817100
TN8501503;SWISS;8501503
TN8501503;SWISS;8501503:1
TN8501503;SWISS;8501503:2
TN8501503;UIC;8501503
TN8501503;WIKIDATA;Q12174817
TN8501504;OSM;2881803413
TN8501504;SWISS;8501504
TN8501504;SWISS;8501504:1
TN8501504;SWISS;8501504:2
TN8501504;UIC;8501504
TN8501504;WIKIDATA;Q12174786
TN8501505;OSM;2879732601
TN8501505;SWISS;8501505
TN8501505;SWISS;8501505:2
TN8501505;SWISS;8501505:3
TN8501505;UIC;8501505
TN8501505;WIKIDATA;Q12174781
TN8501506;OSM;2862668748
TN8501506;SWISS;8501506
TN8501506;SWISS;8501506:
TN8501506;SWISS;8501506:1
TN8501506;SWISS;8501506:2
TN8501506;SWISS;8501506:3
TN8501506;UIC;8501506
TN8501506;WIKIDATA;Q288651
TN8501507;OSM;2862464856
TN8501507;SWISS;8501507
TN8501507;SWISS;8501507:1
TN8501507;SWISS;8501507:2
TN8501507;UIC;8501507
TN8501507;WIKIDATA;Q12174826
TN8501509;OSM;2859798310
TN8501509;SWISS;8501509
TN8501509;SWISS;8501509:1
TN8501509;SWISS;8501509:2
TN8501509;SWISS;8501509:3
TN8501509;UIC;8501509
TN8501509;WIKIDATA;Q3097745
TN8501510;OSM;2879653641
TN8501510;SWISS;8501510
TN8501510;SWISS;8501510:1
TN8501510;SWISS;8501510:2
TN8501510;UIC;8501510
TN8501510;WIKIDATA;Q12174788
TN8501554;OSM;365018366
TN8501554;SWISS;8501554
TN8501554;SWISS;8501554:1
TN8501554;SWISS;8501554:2
TN8501554;UIC;8501554
TN8501572;OSM;2886970163
TN8501572;SWISS;8501572
TN8501572;SWISS;8501572:1
TN8501572;SWISS;8501572:2
TN8501572;UIC;8501572
TN8501572;WIKIDATA;Q1891056
TN8501573;OSM;2886970164
TN8501573;SWISS;8501573
TN8501573;SWISS;8501573:1
TN8501573;UIC;8501573
TN8501573;WIKIDATA;Q2047644
TN8501575;OSM;9544645068
TN8501575;SWISS;8501575
TN8501575;SWISS;8501575:2
TN8501575;UIC;8501575
TN8501575;WIKIDATA;Q3366042
TN8501576;OSM;9543361436
TN8501576;SWISS;8501576
TN8501576;SWISS;8501576:1
TN8501576;SWISS;8501576:2
TN8501576;SWISS;8501576:3
TN8501576;SWISS;8501576:4
TN8501576;UIC;8501576
TN8501577;OSM;983828546
TN8501577;SWISS;8501577
TN8501577;SWISS;8501577:1
TN8501577;UIC;8501577
TN8501577;WIKIDATA;Q2365843
TN8501578;OSM;9543361429
TN8501578;SWISS;8501578
TN8501578;SWISS;8501578:1
TN8501578;SWISS;8501578:2
TN8501578;UIC;8501578
TN8501578;WIKIDATA;Q1968217
TN8501579;OSM;9543468701
TN8501579;SWISS;8501579
TN8501579;SWISS;8501579:1
TN8501579;SWISS;8501579:2
TN8501579;UIC;8501579
TN8501580;OSM;2300294063
TN8501580;SWISS;8501580
TN8501580;SWISS;8501580:1
TN8501580;UIC;8501580
TN8501580;WIKIDATA;Q2110844
TN8501600;OSM;983986576
TN8501600;SWISS;8501600
TN8501600;SWISS;8501600:1
TN8501600;SWISS;8501600:2
TN8501600;UIC;8501600
TN8501600;WIKIDATA;Q12174824
TN8501601;OSM;2855659605
TN8501601;SWISS;8501601
TN8501601;SWISS;8501601:1
TN8501601;SWISS;8501601:2
TN8501601;UIC;8501601
TN8501601;WIKIDATA;Q5846591
TN8501602;OSM;2855641882
TN8501602;SWISS;8501602
TN8501602;SWISS;8501602:1
TN8501602;SWISS;8501602:2
TN8501602;UIC;8501602
TN8501602;WIKIDATA;Q12174833
TN8501603;OSM;2855488952
TN8501603;SWISS;8501603
TN8501603;SWISS;8501603:3
TN8501603;SWISS;8501603:4
TN8501603;UIC;8501603
TN8501603;WIKIDATA;Q12174800
TN8501604;OSM;2855488953
TN8501604;SWISS;8501604
TN8501604;SWISS;8501604:2
TN8501604;SWISS;8501604:3
TN8501604;UIC;8501604
TN8501604;WIKIDATA;Q12174816
TN8501605;OSM;3080728390
TN8501605;SWISS;8501605
TN8501605;SWISS;8501605:
TN8501605;SWISS;8501605:2
TN8501605;SWISS;8501605:3
TN8501605;SWISS;8501605:4
TN8501605;SWISS;8501605:5
TN8501605;SWISS;8501605:6
TN8501605;SWISS;8501605:7
TN8501605;UIC;8501605
TN8501605;WIKIDATA;Q801563
TN8501609;OSM;3080728372
TN8501609;SWISS;8501609
TN8501609;SWISS;8501609:
TN8501609;SWISS;8501609:1
TN8501609;SWISS;8501609:3
TN8501609;SWISS;8501609:345
TN8501609;SWISS;8501609:348
TN8501609;SWISS;8501609:4
TN8501609;SWISS;8501609:6
TN8501609;SWISS;8501609:7
TN8501609;SWISS;8501609:8
TN8501609;SWISS;8501609:9
TN8501609;UIC;8501609
TN8501609;WIKIDATA;Q2082964
TN8501632;OSM;13333876465
TN8501632;SWISS;8501632
TN8501632;SWISS;8501632:1
TN8501632;SWISS;8501632:2
TN8501632;UIC;8501632
TN8501636;OSM;3161471076
TN8501636;SWISS;8501636
TN8501636;UIC;8501636
TN8501636;WIKIDATA;Q33450303
TN8501661;OSM;3019498808
TN8501661;SWISS;8501661
TN8501661;SWISS;8501661:3
TN8501661;SWISS;8501661:4
TN8501661;UIC;8501661
TN8501661;WIKIDATA;Q7074832
TN8501662;OSM;3158063995
TN8501662;SWISS;8501662
TN8501662;UIC;8501662
TN8501662;WIKIDATA;Q33450373
TN8501663;OSM;3158063996
TN8501663;SWISS;8501663
TN8501663;SWISS;8501663:1
TN8501663;SWISS;8501663:2
TN8501663;UIC;8501663
TN8501663;WIKIDATA;Q33450397
TN8501664;OSM;3249865033
TN8501664;SWISS;8501664
TN8501664;UIC;8501664
TN8501664;WIKIDATA;Q33450423
TN8501665;OSM;3158061219
TN8501665;SWISS;8501665
TN8501665;UIC;8501665
TN8501665;WIKIDATA;Q33450452
TN8501666;OSM;3158061220
TN8501666;SWISS;8501666
TN8501666;SWISS;8501666:3
TN8501666;UIC;8501666
TN8501666;WIKIDATA;Q33450482
TN8501667;OSM;3249865034
TN8501667;SWISS;8501667
TN8501667;UIC;8501667
TN8501667;WIKIDATA;Q33450507
TN8501668;OSM;3249865031
TN8501668;SWISS;8501668
TN8501668;UIC;8501668
TN8501668;WIKIDATA;Q33450535
TN8501669;OSM;3249865032
TN8501669;SWISS;8501669
TN8501669;UIC;8501669
TN8501669;WIKIDATA;Q33450560
TN8501670;OSM;3249865035
TN8501670;SWISS;8501670
TN8501670;UIC;8501670
TN8501670;WIKIDATA;Q33450584
TN8501671;OSM;3158045230
TN8501671;SWISS;8501671
TN8501671;UIC;8501671
TN8501671;WIKIDATA;Q33450611
TN8501672;OSM;3158045228
TN8501672;SWISS;8501672
TN8501672;SWISS;8501672:1
TN8501672;SWISS;8501672:2
TN8501672;UIC;8501672
TN8501672;WIKIDATA;Q5447300
TN8501673;OSM;3158020540
TN8501673;SWISS;8501673
TN8501673;SWISS;8501673:1
TN8501673;UIC;8501673
TN8501673;WIKIDATA;Q33450654
TN8501674;OSM;3158020539
TN8501674;SWISS;8501674
TN8501674;SWISS;8501674:1
TN8501674;SWISS;8501674:2
TN8501674;UIC;8501674
TN8501674;WIKIDATA;Q33450680
TN8501675;OSM;3158078843
TN8501675;SWISS;8501675
TN8501675;UIC;8501675
TN8501675;WIKIDATA;Q33450705
TN8501676;OSM;3158078844
TN8501676;SWISS;8501676
TN8501676;SWISS;8501676:1
TN8501676;SWISS;8501676:2
TN8501676;UIC;8501676
TN8501676;WIKIDATA;Q33450734
TN8501677;OSM;3938035089
TN8501677;SWISS;8501677
TN8501677;SWISS;8501677:1
TN8501677;SWISS;8501677:2
TN8501677;UIC;8501677
TN8501677;WIKIDATA;Q33450759
TN8501679;OSM;3110648194
TN8501679;SWISS;8501679
TN8501679;UIC;8501679
TN8501679;WIKIDATA;Q17076013
TN8501683;OSM;7252899033
TN8501683;SWISS;8501683
TN8501683;SWISS;8501683:1
TN8501683;SWISS;8501683:2
TN8501683;UIC;8501683
TN8501683;WIKIDATA;Q33450786
TN8501684;OSM;14024760451
TN8501684;SWISS;8501684
TN8501684;SWISS;8501684:1
TN8501684;SWISS;8501684:2
TN8501684;UIC;8501684
TN8501684;WIKIDATA;Q33450811
TN8501685;OSM;240025702
TN8501685;SWISS;8501685
TN8501685;UIC;8501685
TN8501685;WIKIDATA;Q33450837
TN8501686;OSM;14024760446
TN8501686;SWISS;8501686
TN8501686;UIC;8501686
TN8501686;WIKIDATA;Q33450863
TN8501687;OSM;240052658
TN8501687;SWISS;8501687
TN8501687;UIC;8501687
TN8501687;WIKIDATA;Q33450891
TN8501688;OSM;240052843
TN8501688;SWISS;8501688
TN8501688;SWISS;8501688:1
TN8501688;SWISS;8501688:3
TN8501688;SWISS;8501688:4
TN8501688;UIC;8501688
TN8501688;WIKIDATA;Q7862167
TN8501689;OSM;240052938
TN8501689;SWISS;8501689
TN8501689;SWISS;8501689:2
TN8501689;SWISS;8501689:3
TN8501689;SWISS;8501689:4
TN8501689;SWISS;8501689:5
TN8501689;SWISS;8501689:6
TN8501689;UIC;8501689
TN8501689;WIKIDATA;Q8069422
TN8501690;OSM;13306669016
TN8501690;SWISS;8501690
TN8501690;UIC;8501690
TN8501691;SWISS;8501691
TN8501691;UIC;8501691
TN8501692;OSM;3110648198
TN8501692;SWISS;8501692
TN8501692;UIC;8501692
TN8501692;WIKIDATA;Q17100114
TN8501693;OSM;3110648199
TN8501693;SWISS;8501693
TN8501693;UIC;8501693
TN8501693;WIKIDATA;Q15144803
TN8501694;SWISS;8501694
TN8501694;UIC;8501694
TN8501725;OSM;334362413
TN8501725;SWISS;8501725
TN8501725;SWISS;8501725:1
TN8501725;UIC;8501725
TN8501725;WIKIDATA;Q33450952
TN8501726;OSM;9556969367
TN8501726;SWISS;8501726
TN8501726;SWISS;8501726:1
TN8501726;UIC;8501726
TN8501726;WIKIDATA;Q33450977
TN8501727;OSM;983835807
TN8501727;SWISS;8501727
TN8501727;SWISS;8501727:1
TN8501727;UIC;8501727
TN8501727;WIKIDATA;Q33451003
TN8501729;OSM;3158045229
TN8501729;SWISS;8501729
TN8501729;UIC;8501729
TN8501729;WIKIDATA;Q33451027
TN8501950;OSM;1122682854
TN8501950;SWISS;8501950
TN8501950;UIC;8501950
TN8501950;WIKIDATA;Q17637471
TN8501951;OSM;52135743
TN8501951;SWISS;8501951
TN8501951;UIC;8501951
TN8501951;WIKIDATA;Q17637626
TN8501952;OSM;52255676
TN8501952;SWISS;8501952
TN8501952;SWISS;8501952:
TN8501952;SWISS;8501952:1
TN8501952;SWISS;8501952:3
TN8501952;UIC;8501952
TN8501952;WIKIDATA;Q800957
TN8502000;OSM;3081128586
TN8502000;SWISS;8502000
TN8502000;SWISS;8502000:1
TN8502000;SWISS;8502000:2
TN8502000;SWISS;8502000:3
TN8502000;UIC;8502000
TN8502000;WIKIDATA;Q15964068
TN8502001;OSM;3081128643
TN8502001;SWISS;8502001
TN8502001;SWISS;8502001:
TN8502001;SWISS;8502001:1
TN8502001;SWISS;8502001:2
TN8502001;SWISS;8502001:3
TN8502001;SWISS;8502001:40
TN8502001;UIC;8502001
TN8502001;WIKIDATA;Q801665
TN8502002;OSM;305595184
TN8502002;SWISS;8502002
TN8502002;SWISS;8502002:2
TN8502002;SWISS;8502002:3
TN8502002;UIC;8502002
TN8502002;WIKIDATA;Q15964097
TN8502003;OSM;3081128626
TN8502003;SWISS;8502003
TN8502003;SWISS;8502003:1
TN8502003;SWISS;8502003:2
TN8502003;UIC;8502003
TN8502003;WIKIDATA;Q15964218
TN8502004;OSM;3081128592
TN8502004;SWISS;8502004
TN8502004;SWISS;8502004:2
TN8502004;SWISS;8502004:3
TN8502004;UIC;8502004
TN8502004;WIKIDATA;Q15964122
TN8502005;OSM;3081128618
TN8502005;SWISS;8502005
TN8502005;SWISS;8502005:2
TN8502005;SWISS;8502005:3
TN8502005;UIC;8502005
TN8502005;WIKIDATA;Q15964216
TN8502006;OSM;2064785665
TN8502006;SWISS;8502006
TN8502006;SWISS;8502006:1
TN8502006;SWISS;8502006:2
TN8502006;UIC;8502006
TN8502006;WIKIDATA;Q15964288
TN8502007;OSM;3081128633
TN8502007;SWISS;8502007
TN8502007;SWISS;8502007:
TN8502007;SWISS;8502007:1
TN8502007;SWISS;8502007:2
TN8502007;SWISS;8502007:3
TN8502007;SWISS;8502007:AB
TN8502007;SWISS;8502007:CD
TN8502007;UIC;8502007
TN8502007;WIKIDATA;Q801493
TN8502008;OSM;3081128620
TN8502008;SWISS;8502008
TN8502008;SWISS;8502008:1
TN8502008;SWISS;8502008:2
TN8502008;UIC;8502008
TN8502008;WIKIDATA;Q15964214
TN8502009;OSM;3081128631
TN8502009;SWISS;8502009
TN8502009;SWISS;8502009:1
TN8502009;SWISS;8502009:2
TN8502009;UIC;8502009
TN8502009;WIKIDATA;Q15964260
TN8502010;OSM;2064810984
TN8502010;SWISS;8502010
TN8502010;SWISS;8502010:1
TN8502010;SWISS;8502010:2
TN8502010;UIC;8502010
TN8502010;WIKIDATA;Q15964261
TN8502011;OSM;2064865737
TN8502011;SWISS;8502011
TN8502011;SWISS;8502011:1
TN8502011;SWISS;8502011:2
TN8502011;UIC;8502011
TN8502011;WIKIDATA;Q15964215
TN8502012;OSM;1388479511
TN8502012;SWISS;8502012
TN8502012;SWISS;8502012:1
TN8502012;SWISS;8502012:2
TN8502012;UIC;8502012
TN8502012;WIKIDATA;Q15964235
TN8502017;OSM;2076741875
TN8502017;SWISS;8502017
TN8502017;SWISS;8502017:
TN8502017;SWISS;8502017:1
TN8502017;SWISS;8502017:2
TN8502017;UIC;8502017
TN8502017;WIKIDATA;Q31444568
TN8502019;OSM;2164248357
TN8502019;SWISS;8502019
TN8502019;SWISS;8502019:1
TN8502019;UIC;8502019
TN8502019;WIKIDATA;Q31444624
TN8502020;OSM;3081128629
TN8502020;SWISS;8502020
TN8502020;SWISS;8502020:1
TN8502020;SWISS;8502020:2
TN8502020;SWISS;8502020:3
TN8502020;UIC;8502020
TN8502020;WIKIDATA;Q15964236
TN8502021;OSM;1371159723
TN8502021;SWISS;8502021
TN8502021;SWISS;8502021:
TN8502021;SWISS;8502021:1
TN8502021;SWISS;8502021:2
TN8502021;SWISS;8502021:3
TN8502021;UIC;8502021
TN8502021;WIKIDATA;Q20012446
TN8502022;OSM;3080695741
TN8502022;SWISS;8502022
TN8502022;UIC;8502022
TN8502022;WIKIDATA;Q31444625
TN8502023;OSM;2164426874
TN8502023;SWISS;8502023
TN8502023;SWISS;8502023:
TN8502023;SWISS;8502023:1
TN8502023;UIC;8502023
TN8502023;WIKIDATA;Q31444630
TN8502024;OSM;3080695743
TN8502024;SWISS;8502024
TN8502024;SWISS;8502024:
TN8502024;SWISS;8502024:1
TN8502024;SWISS;8502024:2
TN8502024;UIC;8502024
TN8502024;WIKIDATA;Q31444634
TN8502025;OSM;3080695734
TN8502025;SWISS;8502025
TN8502025;SWISS;8502025:2
TN8502025;UIC;8502025
TN8502025;WIKIDATA;Q31444638
TN8502026;OSM;2164248358
TN8502026;SWISS;8502026
TN8502026;SWISS;8502026:1
TN8502026;UIC;8502026
TN8502026;WIKIDATA;Q31444642
TN8502027;OSM;2164248359
TN8502027;SWISS;8502027
TN8502027;SWISS;8502027:1
TN8502027;SWISS;8502027:2
TN8502027;UIC;8502027
TN8502027;WIKIDATA;Q31444648
TN8502028;OSM;1388458944
TN8502028;SWISS;8502028
TN8502028;SWISS;8502028:
TN8502028;SWISS;8502028:1
TN8502028;SWISS;8502028:2
TN8502028;UIC;8502028
TN8502028;WIKIDATA;Q31444654
TN8502029;OSM;2164196869
TN8502029;SWISS;8502029
TN8502029;SWISS;8502029:1
TN8502029;UIC;8502029
TN8502029;WIKIDATA;Q31444660
TN8502030;OSM;2162332936
TN8502030;SWISS;8502030
TN8502030;SWISS;8502030:1
TN8502030;SWISS;8502030:2
TN8502030;UIC;8502030
TN8502030;WIKIDATA;Q31444664
TN8502031;OSM;2162383110
TN8502031;SWISS;8502031
TN8502031;SWISS;8502031:1
TN8502031;UIC;8502031
TN8502031;WIKIDATA;Q31444670
TN8502032;OSM;2162383109
TN8502032;SWISS;8502032
TN8502032;SWISS;8502032:1
TN8502032;UIC;8502032
TN8502032;WIKIDATA;Q31444685
TN8502033;OSM;3080695736
TN8502033;SWISS;8502033
TN8502033;SWISS;8502033:1
TN8502033;SWISS;8502033:2
TN8502033;UIC;8502033
TN8502033;WIKIDATA;Q31444707
TN8502034;OSM;3080695735
TN8502034;SWISS;8502034
TN8502034;SWISS;8502034:1
TN8502034;SWISS;8502034:2
TN8502034;UIC;8502034
TN8502034;WIKIDATA;Q31444755
TN8502042;OSM;2164304366
TN8502042;SWISS;8502042
TN8502042;SWISS;8502042:
TN8502042;SWISS;8502042:1
TN8502042;UIC;8502042
TN8502042;WIKIDATA;Q31444810
TN8502043;OSM;10293227098
TN8502043;SWISS;8502043
TN8502043;SWISS;8502043:1
TN8502043;UIC;8502043
TN8502043;WIKIDATA;Q115527985
TN8502100;OSM;3080746025
TN8502100;SWISS;8502100
TN8502100;SWISS;8502100:1
TN8502100;SWISS;8502100:2
TN8502100;UIC;8502100
TN8502100;WIKIDATA;Q15964238
TN8502101;OSM;3080746016
TN8502101;SWISS;8502101
TN8502101;SWISS;8502101:1
TN8502101;SWISS;8502101:2
TN8502101;UIC;8502101
TN8502101;WIKIDATA;Q15964168
TN8502102;OSM;3080746022
TN8502102;SWISS;8502102
TN8502102;SWISS;8502102:1
TN8502102;UIC;8502102
TN8502102;WIKIDATA;Q15964219
TN8502103;OSM;3876912031
TN8502103;SWISS;8502103
TN8502103;SWISS;8502103:5
TN8502103;SWISS;8502103:6
TN8502103;UIC;8502103
TN8502103;WIKIDATA;Q15964220
TN8502104;OSM;3080695744
TN8502104;SWISS;8502104
TN8502104;SWISS;8502104:1
TN8502104;SWISS;8502104:2
TN8502104;UIC;8502104
TN8502104;WIKIDATA;Q31444867
TN8502105;OSM;3080695755
TN8502105;SWISS;8502105
TN8502105;SWISS;8502105:2
TN8502105;SWISS;8502105:3
TN8502105;SWISS;8502105:4
TN8502105;SWISS;8502105:5
TN8502105;UIC;8502105
TN8502106;OSM;3080695753
TN8502106;SWISS;8502106
TN8502106;SWISS;8502106:1
TN8502106;SWISS;8502106:2
TN8502106;SWISS;8502106:3
TN8502106;UIC;8502106
TN8502106;WIKIDATA;Q15260560
TN8502110;OSM;1502109772
TN8502110;SWISS;8502110
TN8502110;SWISS;8502110:1
TN8502110;SWISS;8502110:2
TN8502110;SWISS;8502110:3
TN8502110;SWISS;8502110:4
TN8502110;UIC;8502110
TN8502110;WIKIDATA;Q15964116
TN8502111;OSM;3080746012
TN8502111;SWISS;8502111
TN8502111;SWISS;8502111:2
TN8502111;SWISS;8502111:3
TN8502111;SWISS;8502111:4
TN8502111;UIC;8502111
TN8502111;WIKIDATA;Q15964117
TN8502112;OSM;3080746026
TN8502112;SWISS;8502112
TN8502112;SWISS;8502112:1
TN8502112;SWISS;8502112:2
TN8502112;UIC;8502112
TN8502112;WIKIDATA;Q15964257
TN8502113;OSM;3080746008
TN8502113;SWISS;8502113
TN8502113;SWISS;8502113:0
TN8502113;SWISS;8502113:1
TN8502113;SWISS;8502113:2
TN8502113;SWISS;8502113:3
TN8502113;SWISS;8502113:4
TN8502113;SWISS;8502113:5
TN8502113;SWISS;8502113:6
TN8502113;UIC;8502113
TN8502113;WIKIDATA;Q682274
TN8502114;OSM;3080695756
TN8502114;SWISS;8502114
TN8502114;SWISS;8502114:1
TN8502114;SWISS;8502114:4
TN8502114;UIC;8502114
TN8502114;WIKIDATA;Q15964233
TN8502115;OSM;3080695763
TN8502115;SWISS;8502115
TN8502115;SWISS;8502115:1
TN8502115;SWISS;8502115:2
TN8502115;UIC;8502115
TN8502115;WIKIDATA;Q15964286
TN8502116;OSM;2090657942
TN8502116;SWISS;8502116
TN8502116;SWISS;8502116:1
TN8502116;SWISS;8502116:2
TN8502116;UIC;8502116
TN8502116;WIKIDATA;Q15964258
TN8502119;OSM;3080695749
TN8502119;SWISS;8502119
TN8502119;SWISS;8502119:1
TN8502119;SWISS;8502119:2
TN8502119;SWISS;8502119:3
TN8502119;SWISS;8502119:4
TN8502119;SWISS;8502119:5
TN8502119;SWISS;8502119:6
TN8502119;SWISS;8502119:7
TN8502119;SWISS;8502119:A
TN8502119;SWISS;8502119:AB
TN8502119;SWISS;8502119:B
TN8502119;SWISS;8502119:CD
TN8502119;UIC;8502119
TN8502119;WIKIDATA;Q801081
TN8502120;OSM;3893349035
TN8502120;SWISS;8502120
TN8502120;SWISS;8502120:1
TN8502120;UIC;8502120
TN8502121;OSM;6601485806
TN8502121;SWISS;8502121
TN8502121;SWISS;8502121:1
TN8502121;UIC;8502121
TN8502121;WIKIDATA;Q15964290
TN8502122;OSM;984024177
TN8502122;SWISS;8502122
TN8502122;SWISS;8502122:1
TN8502122;UIC;8502122
TN8502122;WIKIDATA;Q15964167
TN8502128;OSM;2090662658
TN8502128;SWISS;8502128
TN8502128;SWISS;8502128:1
TN8502128;SWISS;8502128:2
TN8502128;UIC;8502128
TN8502128;WIKIDATA;Q15964142
TN8502200;OSM;1388516085
TN8502200;SWISS;8502200
TN8502200;SWISS;8502200:1
TN8502200;SWISS;8502200:3
TN8502200;SWISS;8502200:4
TN8502200;UIC;8502200
TN8502200;WIKIDATA;Q15964121
TN8502201;OSM;1398679344
TN8502201;SWISS;8502201
TN8502201;SWISS;8502201:1
TN8502201;SWISS;8502201:2
TN8502201;SWISS;8502201:3
TN8502201;UIC;8502201
TN8502201;WIKIDATA;Q15964146
TN8502202;OSM;3080372096
TN8502202;SWISS;8502202
TN8502202;SWISS;8502202:
TN8502202;SWISS;8502202:1
TN8502202;SWISS;8502202:2
TN8502202;SWISS;8502202:3
TN8502202;SWISS;8502202:5
TN8502202;SWISS;8502202:6
TN8502202;SWISS;8502202:645
TN8502202;SWISS;8502202:CD
TN8502202;UIC;8502202
TN8502202;WIKIDATA;Q801379
TN8502203;OSM;3080372083
TN8502203;SWISS;8502203
TN8502203;SWISS;8502203:2
TN8502203;SWISS;8502203:3
TN8502203;UIC;8502203
TN8502203;WIKIDATA;Q15964094
TN8502204;OSM;1280652702
TN8502204;SWISS;8502204
TN8502204;SWISS;8502204:
TN8502204;SWISS;8502204:1
TN8502204;SWISS;8502204:2
TN8502204;SWISS;8502204:3
TN8502204;SWISS;8502204:4
TN8502204;SWISS;8502204:5
TN8502204;SWISS;8502204:6
TN8502204;SWISS;8502204:7
TN8502204;SWISS;8502204:B
TN8502204;SWISS;8502204:CD
TN8502204;UIC;8502204
TN8502204;WIKIDATA;Q178444
TN8502205;OSM;3080372102
TN8502205;SWISS;8502205
TN8502205;SWISS;8502205:2
TN8502205;SWISS;8502205:3
TN8502205;UIC;8502205
TN8502205;WIKIDATA;Q15964289
TN8502206;OSM;3080372077
TN8502206;SWISS;8502206
TN8502206;SWISS;8502206:
TN8502206;SWISS;8502206:1
TN8502206;SWISS;8502206:2
TN8502206;SWISS;8502206:3
TN8502206;UIC;8502206
TN8502206;WIKIDATA;Q576514
TN8502208;OSM;1273321595
TN8502208;SWISS;8502208
TN8502208;SWISS;8502208:1
TN8502208;SWISS;8502208:3
TN8502208;SWISS;8502208:4
TN8502208;UIC;8502208
TN8502208;WIKIDATA;Q15225131
TN8502209;OSM;1273164743
TN8502209;SWISS;8502209
TN8502209;SWISS;8502209:1
TN8502209;SWISS;8502209:2
TN8502209;UIC;8502209
TN8502209;WIKIDATA;Q7074806
TN8502211;OSM;4530557688
TN8502211;SWISS;8502211
TN8502211;SWISS;8502211:1
TN8502211;SWISS;8502211:2
TN8502211;SWISS;8502211:3
TN8502211;UIC;8502211
TN8502211;WIKIDATA;Q15964143
TN8502212;OSM;3080695738
TN8502212;SWISS;8502212
TN8502212;SWISS;8502212:1
TN8502212;SWISS;8502212:2
TN8502212;SWISS;8502212:3
TN8502212;UIC;8502212
TN8502212;WIKIDATA;Q15964118
TN8502213;OSM;3882179349
TN8502213;SWISS;8502213
TN8502213;SWISS;8502213:2
TN8502213;SWISS;8502213:3
TN8502213;UIC;8502213
TN8502213;WIKIDATA;Q16740955
TN8502214;OSM;3074886737
TN8502214;SWISS;8502214
TN8502214;SWISS;8502214:1
TN8502214;SWISS;8502214:2
TN8502214;UIC;8502214
TN8502214;WIKIDATA;Q15964093
TN8502215;OSM;3080695752
TN8502215;SWISS;8502215
TN8502215;SWISS;8502215:1
TN8502215;SWISS;8502215:3
TN8502215;SWISS;8502215:4
TN8502215;SWISS;8502215:A-C
TN8502215;SWISS;8502215:DE
TN8502215;UIC;8502215
TN8502215;WIKIDATA;Q15964190
TN8502216;OSM;3074886736
TN8502216;SWISS;8502216
TN8502216;SWISS;8502216:2
TN8502216;SWISS;8502216:3
TN8502216;UIC;8502216
TN8502216;WIKIDATA;Q15964066
TN8502217;OSM;2089341161
TN8502217;SWISS;8502217
TN8502217;SWISS;8502217:1
TN8502217;SWISS;8502217:2
TN8502217;UIC;8502217
TN8502217;WIKIDATA;Q15964191
TN8502218;OSM;3080695759
TN8502218;SWISS;8502218
TN8502218;SWISS;8502218:2
TN8502218;SWISS;8502218:3
TN8502218;UIC;8502218
TN8502218;WIKIDATA;Q15964259
TN8502219;OSM;3080695754
TN8502219;SWISS;8502219
TN8502219;SWISS;8502219:2
TN8502219;SWISS;8502219:3
TN8502219;UIC;8502219
TN8502219;WIKIDATA;Q15964213
TN8502220;OSM;3080695761
TN8502220;SWISS;8502220
TN8502220;SWISS;8502220:1
TN8502220;SWISS;8502220:2
TN8502220;UIC;8502220
TN8502220;WIKIDATA;Q7900321
TN8502221;OSM;1319059823
TN8502221;SWISS;8502221
TN8502221;SWISS;8502221:1
TN8502221;SWISS;8502221:2
TN8502221;UIC;8502221
TN8502221;WIKIDATA;Q4916567
TN8502222;OSM;3080372080
TN8502222;SWISS;8502222
TN8502222;SWISS;8502222:2
TN8502222;SWISS;8502222:3
TN8502222;UIC;8502222
TN8502222;WIKIDATA;Q4942600
TN8502223;OSM;3080372089
TN8502223;SWISS;8502223
TN8502223;SWISS;8502223:1
TN8502223;SWISS;8502223:2
TN8502223;UIC;8502223
TN8502223;WIKIDATA;Q5846360
TN8502224;OSM;3080372075
TN8502224;SWISS;8502224
TN8502224;SWISS;8502224:1
TN8502224;SWISS;8502224:2
TN8502224;SWISS;8502224:3
TN8502224;UIC;8502224
TN8502224;WIKIDATA;Q2032410
TN8502225;OSM;2264609200
TN8502225;SWISS;8502225
TN8502225;SWISS;8502225:1
TN8502225;UIC;8502225
TN8502225;WIKIDATA;Q5846711
TN8502226;OSM;3080372093
TN8502226;SWISS;8502226
TN8502226;SWISS;8502226:1
TN8502226;SWISS;8502226:2
TN8502226;UIC;8502226
TN8502226;WIKIDATA;Q5846446
TN8502227;OSM;3080372100
TN8502227;SWISS;8502227
TN8502227;SWISS;8502227:2
TN8502227;SWISS;8502227:3
TN8502227;UIC;8502227
TN8502227;WIKIDATA;Q16900708
TN8502229;OSM;1318982221
TN8502229;SWISS;8502229
TN8502229;SWISS;8502229:1
TN8502229;SWISS;8502229:2
TN8502229;UIC;8502229
TN8502229;WIKIDATA;Q7900319
TN8502230;OSM;1320344049
TN8502230;SWISS;8502230
TN8502230;SWISS;8502230:1
TN8502230;SWISS;8502230:2
TN8502230;UIC;8502230
TN8502230;WIKIDATA;Q15964302
TN8502231;OSM;2171580321
TN8502231;SWISS;8502231
TN8502231;SWISS;8502231:1
TN8502231;SWISS;8502231:2
TN8502231;UIC;8502231
TN8502231;WIKIDATA;Q801666
TN8502237;OSM;3080695750
TN8502237;SWISS;8502237
TN8502237;SWISS;8502237:5
TN8502237;SWISS;8502237:6
TN8502237;UIC;8502237
TN8502237;WIKIDATA;Q31444925
TN8502247;OSM;2088870941
TN8502247;SWISS;8502247
TN8502247;SWISS;8502247:5
TN8502247;SWISS;8502247:6
TN8502247;UIC;8502247
TN8502247;WIKIDATA;Q31444986
TN8502300;OSM;2171684358
TN8502300;SWISS;8502300
TN8502300;SWISS;8502300:1
TN8502300;UIC;8502300
TN8502300;WIKIDATA;Q15964304
TN8502306;OSM;2083729358
TN8502306;SWISS;8502306
TN8502306;SWISS;8502306:1
TN8502306;SWISS;8502306:2
TN8502306;UIC;8502306
TN8502306;WIKIDATA;Q15964144
TN8503000;OSM;1236383343
TN8503000;SWISS;8503000
TN8503000;SWISS;8503000:
TN8503000;SWISS;8503000:10
TN8503000;SWISS;8503000:11
TN8503000;SWISS;8503000:12
TN8503000;SWISS;8503000:13
TN8503000;SWISS;8503000:14
TN8503000;SWISS;8503000:15
TN8503000;SWISS;8503000:16
TN8503000;SWISS;8503000:17
TN8503000;SWISS;8503000:18
TN8503000;SWISS;8503000:21
TN8503000;SWISS;8503000:22
TN8503000;SWISS;8503000:3
TN8503000;SWISS;8503000:31
TN8503000;SWISS;8503000:32
TN8503000;SWISS;8503000:33
TN8503000;SWISS;8503000:34
TN8503000;SWISS;8503000:4
TN8503000;SWISS;8503000:41/42
TN8503000;SWISS;8503000:43/44
TN8503000;SWISS;8503000:5
TN8503000;SWISS;8503000:6
TN8503000;SWISS;8503000:7
TN8503000;SWISS;8503000:8
TN8503000;SWISS;8503000:9
TN8503000;SWISS;8503000:AB
TN8503000;UIC;8503000
TN8503000;WIKIDATA;Q224494
TN8503001;OSM;3080372105
TN8503001;SWISS;8503001
TN8503001;SWISS;8503001:2
TN8503001;SWISS;8503001:3
TN8503001;SWISS;8503001:4
TN8503001;SWISS;8503001:5
TN8503001;SWISS;8503001:6
TN8503001;SWISS;8503001:7
TN8503001;UIC;8503001
TN8503001;WIKIDATA;Q678652
TN8503003;OSM;1239733410
TN8503003;SWISS;8503003
TN8503003;SWISS;8503003:
TN8503003;SWISS;8503003:1
TN8503003;SWISS;8503003:2
TN8503003;SWISS;8503003:3
TN8503003;UIC;8503003
TN8503003;WIKIDATA;Q673228
TN8503004;OSM;1291611923
TN8503004;SWISS;8503004
TN8503004;SWISS;8503004:
TN8503004;SWISS;8503004:1
TN8503004;SWISS;8503004:2
TN8503004;SWISS;8503004:3
TN8503004;UIC;8503004
TN8503004;WIKIDATA;Q505460
TN8503006;OSM;1189482494
TN8503006;SWISS;8503006
TN8503006;SWISS;8503006:
TN8503006;SWISS;8503006:1
TN8503006;SWISS;8503006:2
TN8503006;SWISS;8503006:3
TN8503006;SWISS;8503006:4
TN8503006;SWISS;8503006:5
TN8503006;SWISS;8503006:6
TN8503006;SWISS;8503006:7
TN8503006;SWISS;8503006:8
TN8503006;UIC;8503006
TN8503006;WIKIDATA;Q194887
TN8503007;OSM;1293202658
TN8503007;SWISS;8503007
TN8503007;SWISS;8503007:
TN8503007;SWISS;8503007:2
TN8503007;SWISS;8503007:3
TN8503007;UIC;8503007
TN8503007;WIKIDATA;Q250500
TN8503008;OSM;1293232953
TN8503008;SWISS;8503008
TN8503008;SWISS;8503008:
TN8503008;SWISS;8503008:1
TN8503008;SWISS;8503008:2
TN8503008;UIC;8503008
TN8503008;WIKIDATA;Q1771435
TN8503009;OSM;3080372106
TN8503009;SWISS;8503009
TN8503009;SWISS;8503009:
TN8503009;SWISS;8503009:3
TN8503009;SWISS;8503009:4
TN8503009;UIC;8503009
TN8503009;WIKIDATA;Q801680
TN8503010;OSM;1270614835
TN8503010;SWISS;8503010
TN8503010;SWISS;8503010:
TN8503010;SWISS;8503010:1
TN8503010;SWISS;8503010:2
TN8503010;UIC;8503010
TN8503010;WIKIDATA;Q801676
TN8503011;OSM;1270323047
TN8503011;SWISS;8503011
TN8503011;SWISS;8503011:
TN8503011;SWISS;8503011:1
TN8503011;SWISS;8503011:2
TN8503011;SWISS;8503011:3
TN8503011;UIC;8503011
TN8503011;WIKIDATA;Q679393
TN8503015;OSM;4416076342
TN8503015;SWISS;8503015
TN8503015;SWISS;8503015:1
TN8503015;SWISS;8503015:2
TN8503015;UIC;8503015
TN8503015;WIKIDATA;Q679416
TN8503016;OSM;1240260092
TN8503016;SWISS;8503016
TN8503016;SWISS;8503016:
TN8503016;SWISS;8503016:1
TN8503016;SWISS;8503016:2
TN8503016;SWISS;8503016:3
TN8503016;SWISS;8503016:4
TN8503016;SWISS;8503016:AB
TN8503016;UIC;8503016
TN8503016;WIKIDATA;Q40700
TN8503020;OSM;1231420538
TN8503020;SWISS;8503020
TN8503020;SWISS;8503020:
TN8503020;SWISS;8503020:1
TN8503020;SWISS;8503020:2
TN8503020;SWISS;8503020:3
TN8503020;SWISS;8503020:4
TN8503020;SWISS;8503020:5
TN8503020;UIC;8503020
TN8503020;WIKIDATA;Q801678
TN8503051;OSM;1261444152
TN8503051;SWISS;8503051
TN8503051;SWISS;8503051:1
TN8503051;UIC;8503051
TN8503051;WIKIDATA;Q8076076
TN8503052;OSM;1261958523
TN8503052;SWISS;8503052
TN8503052;SWISS;8503052:1
TN8503052;UIC;8503052
TN8503052;WIKIDATA;Q10640221
TN8503053;OSM;3313770935
TN8503053;SWISS;8503053
TN8503053;SWISS;8503053:1
TN8503053;UIC;8503053
TN8503053;WIKIDATA;Q8076080
TN8503054;OSM;1261981415
TN8503054;SWISS;8503054
TN8503054;SWISS;8503054:1
TN8503054;UIC;8503054
TN8503054;WIKIDATA;Q8076081
TN8503055;OSM;3313765161
TN8503055;SWISS;8503055
TN8503055;SWISS;8503055:1
TN8503055;UIC;8503055
TN8503055;WIKIDATA;Q7878137
TN8503056;OSM;1262073820
TN8503056;SWISS;8503056
TN8503056;SWISS;8503056:1
TN8503056;SWISS;8503056:2
TN8503056;UIC;8503056
TN8503056;WIKIDATA;Q7334922
TN8503057;OSM;1262086033
TN8503057;SWISS;8503057
TN8503057;SWISS;8503057:1
TN8503057;SWISS;8503057:2
TN8503057;UIC;8503057
TN8503057;WIKIDATA;Q201977
TN8503086;OSM;1264882620
TN8503086;SWISS;8503086
TN8503086;SWISS;8503086:1
TN8503086;SWISS;8503086:2
TN8503086;UIC;8503086
TN8503086;WIKIDATA;Q8075390
TN8503087;OSM;1264808495
TN8503087;SWISS;8503087
TN8503087;SWISS;8503087:1
TN8503087;SWISS;8503087:2
TN8503087;UIC;8503087
TN8503087;WIKIDATA;Q8076079
TN8503089;OSM;3316144421
TN8503089;SWISS;8503089
TN8503089;SWISS;8503089:1
TN8503089;UIC;8503089
TN8503089;WIKIDATA;Q10640354
TN8503090;OSM;1261444104
TN8503090;SWISS;8503090
TN8503090;SWISS;8503090:1
TN8503090;SWISS;8503090:2
TN8503090;UIC;8503090
TN8503090;WIKIDATA;Q637602
TN8503091;OSM;1264771132
TN8503091;SWISS;8503091
TN8503091;SWISS;8503091:1
TN8503091;UIC;8503091
TN8503091;WIKIDATA;Q801675
TN8503093;OSM;3316140071
TN8503093;SWISS;8503093
TN8503093;SWISS;8503093:1
TN8503093;UIC;8503093
TN8503093;WIKIDATA;Q8075397
TN8503094;OSM;1265011513
TN8503094;SWISS;8503094
TN8503094;SWISS;8503094:1
TN8503094;SWISS;8503094:2
TN8503094;UIC;8503094
TN8503094;WIKIDATA;Q8075395
TN8503095;OSM;3316144420
TN8503095;SWISS;8503095
TN8503095;SWISS;8503095:1
TN8503095;UIC;8503095
TN8503095;WIKIDATA;Q10640357
TN8503096;OSM;1265111168
TN8503096;SWISS;8503096
TN8503096;SWISS;8503096:2
TN8503096;SWISS;8503096:3
TN8503096;UIC;8503096
TN8503096;WIKIDATA;Q4683323
TN8503097;OSM;1265472081
TN8503097;SWISS;8503097
TN8503097;SWISS;8503097:1
TN8503097;SWISS;8503097:2
TN8503097;UIC;8503097
TN8503097;WIKIDATA;Q10640352
TN8503098;OSM;1265471983
TN8503098;SWISS;8503098
TN8503098;SWISS;8503098:
TN8503098;SWISS;8503098:2
TN8503098;UIC;8503098
TN8503098;WIKIDATA;Q7513438
TN8503099;OSM;3316144419
TN8503099;SWISS;8503099
TN8503099;SWISS;8503099:1
TN8503099;UIC;8503099
TN8503099;WIKIDATA;Q10640355
TN8503100;OSM;1300628760
TN8503100;SWISS;8503100
TN8503100;SWISS;8503100:2
TN8503100;SWISS;8503100:3
TN8503100;UIC;8503100
TN8503100;WIKIDATA;Q8073578
TN8503101;OSM;1300717238
TN8503101;SWISS;8503101
TN8503101;SWISS;8503101:
TN8503101;SWISS;8503101:3
TN8503101;SWISS;8503101:4
TN8503101;UIC;8503101
TN8503101;WIKIDATA;Q6454194
TN8503102;OSM;1305029643
TN8503102;SWISS;8503102
TN8503102;SWISS;8503102:2
TN8503102;SWISS;8503102:3
TN8503102;UIC;8503102
TN8503102;WIKIDATA;Q15089930
TN8503103;OSM;1305607315
TN8503103;SWISS;8503103
TN8503103;SWISS;8503103:2
TN8503103;SWISS;8503103:3
TN8503103;UIC;8503103
TN8503103;WIKIDATA;Q15089920
TN8503104;OSM;1305660372
TN8503104;SWISS;8503104
TN8503104;SWISS;8503104:2
TN8503104;SWISS;8503104:3
TN8503104;UIC;8503104
TN8503104;WIKIDATA;Q4405750
TN8503105;OSM;1305717852
TN8503105;SWISS;8503105
TN8503105;SWISS;8503105:1
TN8503105;SWISS;8503105:2
TN8503105;SWISS;8503105:3
TN8503105;UIC;8503105
TN8503105;WIKIDATA;Q5847377
TN8503106;OSM;2412401899
TN8503106;SWISS;8503106
TN8503106;SWISS;8503106:1
TN8503106;UIC;8503106
TN8503106;WIKIDATA;Q4405921
TN8503107;OSM;1348076004
TN8503107;SWISS;8503107
TN8503107;SWISS;8503107:3
TN8503107;SWISS;8503107:4
TN8503107;UIC;8503107
TN8503107;WIKIDATA;Q5847287
TN8503108;OSM;1348149623
TN8503108;SWISS;8503108
TN8503108;SWISS;8503108:2
TN8503108;SWISS;8503108:3
TN8503108;UIC;8503108
TN8503108;WIKIDATA;Q10640359
TN8503109;OSM;1348193962
TN8503109;SWISS;8503109
TN8503109;SWISS;8503109:2
TN8503109;SWISS;8503109:3
TN8503109;UIC;8503109
TN8503109;WIKIDATA;Q5441639
TN8503110;OSM;3074774945
TN8503110;SWISS;8503110
TN8503110;SWISS;8503110:
TN8503110;SWISS;8503110:1
TN8503110;SWISS;8503110:2
TN8503110;SWISS;8503110:3
TN8503110;SWISS;8503110:35
TN8503110;SWISS;8503110:4
TN8503110;SWISS;8503110:5
TN8503110;SWISS;8503110:6
TN8503110;SWISS;8503110:7
TN8503110;SWISS;8503110:AB
TN8503110;SWISS;8503110:C
TN8503110;UIC;8503110
TN8503110;WIKIDATA;Q597204
TN8503111;OSM;1305115032
TN8503111;SWISS;8503111
TN8503111;SWISS;8503111:1
TN8503111;SWISS;8503111:2
TN8503111;UIC;8503111
TN8503111;WIKIDATA;Q15089925
TN8503112;OSM;2413525746
TN8503112;SWISS;8503112
TN8503112;SWISS;8503112:1
TN8503112;UIC;8503112
TN8503112;WIKIDATA;Q6387108
TN8503113;OSM;3138127429
TN8503113;SWISS;8503113
TN8503113;SWISS;8503113:
TN8503113;SWISS;8503113:1
TN8503113;UIC;8503113
TN8503113;WIKIDATA;Q15088514
TN8503115;OSM;3074774949
TN8503115;SWISS;8503115
TN8503115;SWISS;8503115:1
TN8503115;SWISS;8503115:2
TN8503115;UIC;8503115
TN8503115;WIKIDATA;Q12174831
TN8503116;OSM;3074774952
TN8503116;SWISS;8503116
TN8503116;SWISS;8503116:
TN8503116;SWISS;8503116:1
TN8503116;SWISS;8503116:2
TN8503116;SWISS;8503116:3
TN8503116;SWISS;8503116:4
TN8503116;UIC;8503116
TN8503116;WIKIDATA;Q12174836
TN8503117;OSM;1821182403
TN8503117;SWISS;8503117
TN8503117;SWISS;8503117:
TN8503117;SWISS;8503117:2
TN8503117;UIC;8503117
TN8503117;WIKIDATA;Q18386760
TN8503118;OSM;7366890428
TN8503118;SWISS;8503118
TN8503118;SWISS;8503118:1
TN8503118;UIC;8503118
TN8503118;WIKIDATA;Q5845819
TN8503119;OSM;5349488970
TN8503119;SWISS;8503119
TN8503119;SWISS;8503119:1
TN8503119;UIC;8503119
TN8503119;WIKIDATA;Q5847214
TN8503120;OSM;2271423425
TN8503120;SWISS;8503120
TN8503120;SWISS;8503120:1
TN8503120;SWISS;8503120:2
TN8503120;UIC;8503120
TN8503120;WIKIDATA;Q551883
TN8503121;OSM;4574932116
TN8503121;SWISS;8503121
TN8503121;SWISS;8503121:1
TN8503121;SWISS;8503121:2
TN8503121;SWISS;8503121:3
TN8503121;UIC;8503121
TN8503121;WIKIDATA;Q7386787
TN8503122;OSM;2414247964
TN8503122;SWISS;8503122
TN8503122;SWISS;8503122:2
TN8503122;SWISS;8503122:3
TN8503122;UIC;8503122
TN8503122;WIKIDATA;Q4982310
TN8503123;OSM;1247229579
TN8503123;SWISS;8503123
TN8503123;SWISS;8503123:1
TN8503123;SWISS;8503123:2
TN8503123;SWISS;8503123:3
TN8503123;SWISS;8503123:4
TN8503123;SWISS;8503123:5
TN8503123;UIC;8503123
TN8503123;WIKIDATA;Q2032616
TN8503124;OSM;1247695897
TN8503124;SWISS;8503124
TN8503124;SWISS;8503124:1
TN8503124;SWISS;8503124:2
TN8503124;UIC;8503124
TN8503124;WIKIDATA;Q5845572
TN8503125;OSM;1248313818
TN8503125;SWISS;8503125
TN8503125;SWISS;8503125:1
TN8503125;SWISS;8503125:2
TN8503125;SWISS;8503125:3
TN8503125;UIC;8503125
TN8503125;WIKIDATA;Q555254
TN8503126;OSM;1248354066
TN8503126;SWISS;8503126
TN8503126;SWISS;8503126:1
TN8503126;SWISS;8503126:2
TN8503126;UIC;8503126
TN8503126;WIKIDATA;Q2033229
TN8503127;OSM;1248429948
TN8503127;SWISS;8503127
TN8503127;SWISS;8503127:2
TN8503127;SWISS;8503127:3
TN8503127;UIC;8503127
TN8503127;WIKIDATA;Q5847212
TN8503128;OSM;1248535234
TN8503128;SWISS;8503128
TN8503128;SWISS;8503128:3
TN8503128;SWISS;8503128:4
TN8503128;UIC;8503128
TN8503128;WIKIDATA;Q1961198
TN8503129;OSM;1240218104
TN8503129;SWISS;8503129
TN8503129;SWISS;8503129:
TN8503129;SWISS;8503129:3
TN8503129;SWISS;8503129:4
TN8503129;UIC;8503129
TN8503129;WIKIDATA;Q801576
TN8503130;OSM;2414295811
TN8503130;SWISS;8503130
TN8503130;SWISS;8503130:2
TN8503130;SWISS;8503130:3
TN8503130;UIC;8503130
TN8503130;WIKIDATA;Q5767755
TN8503134;OSM;762194590
TN8503134;SWISS;8503134
TN8503134;SWISS;8503134:1
TN8503134;UIC;8503134
TN8503134;WIKIDATA;Q10640358
TN8503135;OSM;2443333883
TN8503135;SWISS;8503135
TN8503135;SWISS;8503135:1
TN8503135;UIC;8503135
TN8503135;WIKIDATA;Q15086051
TN8503136;OSM;2141115746
TN8503136;SWISS;8503136
TN8503136;SWISS;8503136:1
TN8503136;SWISS;8503136:2
TN8503136;UIC;8503136
TN8503136;WIKIDATA;Q15086148
TN8503137;OSM;2441859903
TN8503137;SWISS;8503137
TN8503137;SWISS;8503137:1
TN8503137;UIC;8503137
TN8503137;WIKIDATA;Q15088502
TN8503138;OSM;2141146352
TN8503138;SWISS;8503138
TN8503138;SWISS;8503138:1
TN8503138;UIC;8503138
TN8503138;WIKIDATA;Q7961361
TN8503139;OSM;2414238691
TN8503139;SWISS;8503139
TN8503139;SWISS;8503139:1
TN8503139;SWISS;8503139:2
TN8503139;UIC;8503139
TN8503139;WIKIDATA;Q15088508
TN8503141;OSM;1300646901
TN8503141;SWISS;8503141
TN8503141;SWISS;8503141:1
TN8503141;SWISS;8503141:2
TN8503141;UIC;8503141
TN8503141;WIKIDATA;Q6454193
TN8503147;OSM;1239941343
TN8503147;SWISS;8503147
TN8503147;SWISS;8503147:1
TN8503147;SWISS;8503147:2
TN8503147;UIC;8503147
TN8503147;WIKIDATA;Q801466
TN8503200;OSM;3074886740
TN8503200;SWISS;8503200
TN8503200;SWISS;8503200:
TN8503200;SWISS;8503200:1
TN8503200;SWISS;8503200:2
TN8503200;UIC;8503200
TN8503200;WIKIDATA;Q2110348
TN8503201;OSM;3080372097
TN8503201;SWISS;8503201
TN8503201;SWISS;8503201:
TN8503201;SWISS;8503201:1
TN8503201;SWISS;8503201:2
TN8503201;UIC;8503201
TN8503201;WIKIDATA;Q2110655
TN8503202;OSM;3080372101
TN8503202;SWISS;8503202
TN8503202;SWISS;8503202:
TN8503202;SWISS;8503202:3
TN8503202;SWISS;8503202:4
TN8503202;SWISS;8503202:5
TN8503202;SWISS;8503202:6
TN8503202;UIC;8503202
TN8503202;WIKIDATA;Q801512
TN8503203;OSM;3074886742
TN8503203;SWISS;8503203
TN8503203;SWISS;8503203:
TN8503203;SWISS;8503203:1
TN8503203;SWISS;8503203:2
TN8503203;UIC;8503203
TN8503203;WIKIDATA;Q2110622
TN8503204;OSM;3080372090
TN8503204;SWISS;8503204
TN8503204;SWISS;8503204:
TN8503204;SWISS;8503204:3
TN8503204;SWISS;8503204:4
TN8503204;UIC;8503204
TN8503204;WIKIDATA;Q2157409
TN8503205;OSM;1345694391
TN8503205;SWISS;8503205
TN8503205;SWISS;8503205:
TN8503205;SWISS;8503205:3
TN8503205;SWISS;8503205:4
TN8503205;UIC;8503205
TN8503205;WIKIDATA;Q2157807
TN8503206;OSM;3080372104
TN8503206;SWISS;8503206
TN8503206;SWISS;8503206:
TN8503206;SWISS;8503206:1
TN8503206;SWISS;8503206:2
TN8503206;SWISS;8503206:3
TN8503206;SWISS;8503206:9
TN8503206;UIC;8503206
TN8503206;WIKIDATA;Q2157839
TN8503207;OSM;1345880152
TN8503207;SWISS;8503207
TN8503207;SWISS;8503207:
TN8503207;SWISS;8503207:1
TN8503207;SWISS;8503207:2
TN8503207;UIC;8503207
TN8503207;WIKIDATA;Q2912665
TN8503208;OSM;1345899497
TN8503208;SWISS;8503208
TN8503208;SWISS;8503208:
TN8503208;SWISS;8503208:1
TN8503208;SWISS;8503208:2
TN8503208;UIC;8503208
TN8503208;WIKIDATA;Q5845873
TN8503209;OSM;3074774944
TN8503209;SWISS;8503209
TN8503209;SWISS;8503209:
TN8503209;SWISS;8503209:2
TN8503209;SWISS;8503209:3
TN8503209;SWISS;8503209:5
TN8503209;SWISS;8503209:6
TN8503209;SWISS;8503209:7
TN8503209;SWISS;8503209:A-C
TN8503209;SWISS;8503209:D-H
TN8503209;UIC;8503209
TN8503209;WIKIDATA;Q582292
TN8503210;OSM;1345927699
TN8503210;SWISS;8503210
TN8503210;SWISS;8503210:
TN8503210;SWISS;8503210:1
TN8503210;SWISS;8503210:2
TN8503210;UIC;8503210
TN8503210;WIKIDATA;Q15089966
TN8503211;OSM;1723221304
TN8503211;SWISS;8503211
TN8503211;SWISS;8503211:1
TN8503211;SWISS;8503211:2
TN8503211;UIC;8503211
TN8503211;WIKIDATA;Q15089973
TN8503220;OSM;2897444037
TN8503220;SWISS;8503220
TN8503220;SWISS;8503220:
TN8503220;SWISS;8503220:2
TN8503220;SWISS;8503220:3
TN8503220;UIC;8503220
TN8503220;WIKIDATA;Q5846544
TN8503221;OSM;1722774299
TN8503221;SWISS;8503221
TN8503221;SWISS;8503221:
TN8503221;SWISS;8503221:3
TN8503221;SWISS;8503221:4
TN8503221;UIC;8503221
TN8503221;WIKIDATA;Q5847248
TN8503222;OSM;1725152278
TN8503222;SWISS;8503222
TN8503222;SWISS;8503222:1
TN8503222;SWISS;8503222:2
TN8503222;UIC;8503222
TN8503222;WIKIDATA;Q5847216
TN8503223;OSM;1725086798
TN8503223;SWISS;8503223
TN8503223;SWISS;8503223:3
TN8503223;SWISS;8503223:4
TN8503223;UIC;8503223
TN8503223;WIKIDATA;Q5847034
TN8503224;OSM;1724275556
TN8503224;SWISS;8503224
TN8503224;SWISS;8503224:3
TN8503224;SWISS;8503224:4
TN8503224;UIC;8503224
TN8503224;WIKIDATA;Q5845826
TN8503225;OSM;1720777156
TN8503225;SWISS;8503225
TN8503225;SWISS;8503225:
TN8503225;SWISS;8503225:10
TN8503225;SWISS;8503225:5
TN8503225;SWISS;8503225:6
TN8503225;SWISS;8503225:7
TN8503225;SWISS;8503225:8
TN8503225;SWISS;8503225:9
TN8503225;SWISS;8503225:A-C
TN8503225;SWISS;8503225:AB
TN8503225;SWISS;8503225:D-G
TN8503225;UIC;8503225
TN8503225;WIKIDATA;Q801663
TN8503226;OSM;5349482085
TN8503226;SWISS;8503226
TN8503226;SWISS;8503226:
TN8503226;SWISS;8503226:3
TN8503226;UIC;8503226
TN8503226;WIKIDATA;Q15262313
TN8503227;OSM;5349482084
TN8503227;SWISS;8503227
TN8503227;SWISS;8503227:
TN8503227;SWISS;8503227:1
TN8503227;UIC;8503227
TN8503227;WIKIDATA;Q15263139
TN8503228;OSM;5294279261
TN8503228;SWISS;8503228
TN8503228;SWISS;8503228:
TN8503228;SWISS;8503228:1
TN8503228;UIC;8503228
TN8503228;WIKIDATA;Q15261830
TN8503230;OSM;3136256208
TN8503230;SWISS;8503230
TN8503230;SWISS;8503230:
TN8503230;SWISS;8503230:1
TN8503230;SWISS;8503230:2
TN8503230;UIC;8503230
TN8503230;WIKIDATA;Q5846306
TN8503231;OSM;4355360889
TN8503231;SWISS;8503231
TN8503231;SWISS;8503231:
TN8503231;SWISS;8503231:1
TN8503231;UIC;8503231
TN8503231;WIKIDATA;Q15216671
TN8503232;OSM;5349482083
TN8503232;SWISS;8503232
TN8503232;SWISS;8503232:
TN8503232;SWISS;8503232:2
TN8503232;UIC;8503232
TN8503232;WIKIDATA;Q15253722
TN8503233;OSM;5349482082
TN8503233;SWISS;8503233
TN8503233;SWISS;8503233:
TN8503233;SWISS;8503233:2
TN8503233;SWISS;8503233:3
TN8503233;UIC;8503233
TN8503233;WIKIDATA;Q5847207
TN8503234;OSM;5349482081
TN8503234;SWISS;8503234
TN8503234;SWISS;8503234:
TN8503234;SWISS;8503234:1
TN8503234;UIC;8503234
TN8503234;WIKIDATA;Q5846811
TN8503235;OSM;5349482080
TN8503235;SWISS;8503235
TN8503235;SWISS;8503235:
TN8503235;SWISS;8503235:1
TN8503235;UIC;8503235
TN8503235;WIKIDATA;Q5406426
TN8503236;OSM;5349482079
TN8503236;SWISS;8503236
TN8503236;SWISS;8503236:
TN8503236;SWISS;8503236:1
TN8503236;UIC;8503236
TN8503236;WIKIDATA;Q5642491
TN8503237;OSM;5349482078
TN8503237;SWISS;8503237
TN8503237;SWISS;8503237:
TN8503237;SWISS;8503237:1
TN8503237;UIC;8503237
TN8503237;WIKIDATA;Q5846112
TN8503238;OSM;5349482077
TN8503238;SWISS;8503238
TN8503238;SWISS;8503238:
TN8503238;SWISS;8503238:1
TN8503238;UIC;8503238
TN8503238;WIKIDATA;Q5847086
TN8503239;OSM;2421944630
TN8503239;SWISS;8503239
TN8503239;UIC;8503239
TN8503239;WIKIDATA;Q5846603
TN8503240;OSM;7366890425
TN8503240;SWISS;8503240
TN8503240;SWISS;8503240:
TN8503240;SWISS;8503240:1
TN8503240;UIC;8503240
TN8503240;WIKIDATA;Q5846605
TN8503280;OSM;285656003
TN8503280;SWISS;8503280
TN8503280;SWISS;8503280:1
TN8503280;SWISS;8503280:2
TN8503280;UIC;8503280
TN8503280;WIKIDATA;Q15964254
TN8503282;OSM;2255957890
TN8503282;SWISS;8503282
TN8503282;SWISS;8503282:
TN8503282;SWISS;8503282:1
TN8503282;SWISS;8503282:2
TN8503282;UIC;8503282
TN8503282;WIKIDATA;Q15964226
TN8503283;OSM;1741399260
TN8503283;SWISS;8503283
TN8503283;SWISS;8503283:1
TN8503283;SWISS;8503283:2
TN8503283;SWISS;8503283:3
TN8503283;SWISS;8503283:4
TN8503283;SWISS;8503283:C
TN8503283;UIC;8503283
TN8503283;WIKIDATA;Q800712
TN8503284;OSM;1370216560
TN8503284;SWISS;8503284
TN8503284;SWISS;8503284:
TN8503284;SWISS;8503284:2
TN8503284;SWISS;8503284:3
TN8503284;SWISS;8503284:4
TN8503284;SWISS;8503284:5
TN8503284;UIC;8503284
TN8503284;WIKIDATA;Q800523
TN8503285;OSM;1370020172
TN8503285;SWISS;8503285
TN8503285;SWISS;8503285:2
TN8503285;SWISS;8503285:3
TN8503285;UIC;8503285
TN8503285;WIKIDATA;Q5847203
TN8503286;OSM;3074774947
TN8503286;SWISS;8503286
TN8503286;SWISS;8503286:1
TN8503286;SWISS;8503286:2
TN8503286;SWISS;8503286:3
TN8503286;SWISS;8503286:CD
TN8503286;UIC;8503286
TN8503286;WIKIDATA;Q5493882
TN8503287;OSM;3080372082
TN8503287;SWISS;8503287
TN8503287;SWISS;8503287:1
TN8503287;SWISS;8503287:2
TN8503287;UIC;8503287
TN8503287;WIKIDATA;Q2157443
TN8503288;OSM;1363420493
TN8503288;SWISS;8503288
TN8503288;SWISS;8503288:2
TN8503288;SWISS;8503288:3
TN8503288;UIC;8503288
TN8503288;WIKIDATA;Q15964299
TN8503289;OSM;1363390558
TN8503289;SWISS;8503289
TN8503289;SWISS;8503289:1
TN8503289;SWISS;8503289:2
TN8503289;UIC;8503289
TN8503289;WIKIDATA;Q15089963
TN8503290;OSM;984740011
TN8503290;SWISS;8503290
TN8503290;SWISS;8503290:1
TN8503290;UIC;8503290
TN8503290;WIKIDATA;Q15964054
TN8503292;OSM;2255957882
TN8503292;SWISS;8503292
TN8503292;SWISS;8503292:1
TN8503292;UIC;8503292
TN8503292;WIKIDATA;Q15964053
TN8503293;OSM;4575686445
TN8503293;SWISS;8503293
TN8503293;SWISS;8503293:1
TN8503293;UIC;8503293
TN8503293;WIKIDATA;Q5846327
TN8503294;OSM;2218798340
TN8503294;SWISS;8503294
TN8503294;SWISS;8503294:
TN8503294;SWISS;8503294:1
TN8503294;UIC;8503294
TN8503294;WIKIDATA;Q15272547
TN8503295;OSM;1856416198
TN8503295;SWISS;8503295
TN8503295;SWISS;8503295:
TN8503295;SWISS;8503295:1
TN8503295;UIC;8503295
TN8503295;WIKIDATA;Q15964272
TN8503299;OSM;1346684212
TN8503299;SWISS;8503299
TN8503299;SWISS;8503299:1
TN8503299;UIC;8503299
TN8503299;WIKIDATA;Q15089954
TN8503300;OSM;1247149601
TN8503300;SWISS;8503300
TN8503300;SWISS;8503300:1
TN8503300;UIC;8503300
TN8503300;WIKIDATA;Q6387141
TN8503301;OSM;1247061685
TN8503301;SWISS;8503301
TN8503301;SWISS;8503301:1
TN8503301;SWISS;8503301:2
TN8503301;UIC;8503301
TN8503301;WIKIDATA;Q15082377
TN8503302;OSM;1246927285
TN8503302;SWISS;8503302
TN8503302;SWISS;8503302:1
TN8503302;SWISS;8503302:2
TN8503302;UIC;8503302
TN8503302;WIKIDATA;Q15082526
TN8503303;OSM;1246649935
TN8503303;SWISS;8503303
TN8503303;SWISS;8503303:1
TN8503303;SWISS;8503303:2
TN8503303;UIC;8503303
TN8503303;WIKIDATA;Q6000178
TN8503304;OSM;1241075021
TN8503304;SWISS;8503304
TN8503304;SWISS;8503304:2
TN8503304;SWISS;8503304:3
TN8503304;UIC;8503304
TN8503304;WIKIDATA;Q15083538
TN8503305;OSM;1241005663
TN8503305;SWISS;8503305
TN8503305;SWISS;8503305:
TN8503305;SWISS;8503305:1
TN8503305;SWISS;8503305:2
TN8503305;SWISS;8503305:3
TN8503305;SWISS;8503305:4
TN8503305;SWISS;8503305:5
TN8503305;SWISS;8503305:6
TN8503305;UIC;8503305
TN8503305;WIKIDATA;Q5347522
TN8503306;OSM;1240354282
TN8503306;SWISS;8503306
TN8503306;SWISS;8503306:
TN8503306;SWISS;8503306:1
TN8503306;SWISS;8503306:2
TN8503306;SWISS;8503306:3
TN8503306;UIC;8503306
TN8503306;WIKIDATA;Q1960552
TN8503307;OSM;1240277150
TN8503307;SWISS;8503307
TN8503307;SWISS;8503307:2
TN8503307;SWISS;8503307:3
TN8503307;UIC;8503307
TN8503307;WIKIDATA;Q15088450
TN8503308;OSM;1240269753
TN8503308;SWISS;8503308
TN8503308;SWISS;8503308:3
TN8503308;SWISS;8503308:4
TN8503308;UIC;8503308
TN8503308;WIKIDATA;Q1771183
TN8503309;OSM;2292713288
TN8503309;SWISS;8503309
TN8503309;SWISS;8503309:1
TN8503309;SWISS;8503309:2
TN8503309;UIC;8503309
TN8503309;WIKIDATA;Q6421405
TN8503310;OSM;1321496221
TN8503310;SWISS;8503310
TN8503310;SWISS;8503310:2
TN8503310;SWISS;8503310:3
TN8503310;UIC;8503310
TN8503310;WIKIDATA;Q5567244
TN8503311;OSM;1321840643
TN8503311;SWISS;8503311
TN8503311;SWISS;8503311:3
TN8503311;SWISS;8503311:4
TN8503311;UIC;8503311
TN8503311;WIKIDATA;Q15108737
TN8503312;OSM;1327631013
TN8503312;SWISS;8503312
TN8503312;SWISS;8503312:1
TN8503312;SWISS;8503312:2
TN8503312;SWISS;8503312:3
TN8503312;UIC;8503312
TN8503312;WIKIDATA;Q15094361
TN8503313;OSM;1329658757
TN8503313;SWISS;8503313
TN8503313;SWISS;8503313:5
TN8503313;SWISS;8503313:6
TN8503313;UIC;8503313
TN8503313;WIKIDATA;Q15094352
TN8503314;OSM;984028481
TN8503314;SWISS;8503314
TN8503314;SWISS;8503314:1
TN8503314;UIC;8503314
TN8503314;UIC;8590723
TN8503314;WIKIDATA;Q15108744
TN8503315;OSM;1328354702
TN8503315;SWISS;8503315
TN8503315;SWISS;8503315:2
TN8503315;SWISS;8503315:3
TN8503315;UIC;8503315
TN8503315;WIKIDATA;Q5274922
TN8503316;OSM;2422688629
TN8503316;SWISS;8503316
TN8503316;SWISS;8503316:1
TN8503316;UIC;8503316
TN8503317;OSM;2422703739
TN8503317;SWISS;8503317
TN8503317;SWISS;8503317:1
TN8503317;UIC;8503317
TN8503317;WIKIDATA;Q7433314
TN8503318;OSM;2422703738
TN8503318;SWISS;8503318
TN8503318;SWISS;8503318:1
TN8503318;UIC;8503318
TN8503318;WIKIDATA;Q7031187
TN8503319;OSM;1328512534
TN8503319;SWISS;8503319
TN8503319;SWISS;8503319:1
TN8503319;UIC;8503319
TN8503319;WIKIDATA;Q7031189
TN8503340;OSM;1240254898
TN8503340;SWISS;8503340
TN8503340;SWISS;8503340:1
TN8503340;SWISS;8503340:2
TN8503340;UIC;8503340
TN8503340;WIKIDATA;Q1771424
TN8503400;OSM;1329773238
TN8503400;SWISS;8503400
TN8503400;SWISS;8503400:1
TN8503400;SWISS;8503400:2
TN8503400;SWISS;8503400:3
TN8503400;SWISS;8503400:4
TN8503400;SWISS;8503400:5
TN8503400;SWISS;8503400:6
TN8503400;UIC;8503400
TN8503400;WIKIDATA;Q1097222
TN8503401;OSM;1353867068
TN8503401;SWISS;8503401
TN8503401;SWISS;8503401:1
TN8503401;SWISS;8503401:2
TN8503401;UIC;8503401
TN8503401;WIKIDATA;Q5567247
TN8503402;OSM;1353944373
TN8503402;SWISS;8503402
TN8503402;SWISS;8503402:1
TN8503402;SWISS;8503402:2
TN8503402;SWISS;8503402:3
TN8503402;UIC;8503402
TN8503402;WIKIDATA;Q5348085
TN8503403;OSM;1354055720
TN8503403;SWISS;8503403
TN8503403;SWISS;8503403:3
TN8503403;SWISS;8503403:4
TN8503403;UIC;8503403
TN8503403;WIKIDATA;Q5964939
TN8503404;OSM;1354086304
TN8503404;SWISS;8503404
TN8503404;SWISS;8503404:3
TN8503404;SWISS;8503404:4
TN8503404;UIC;8503404
TN8503404;WIKIDATA;Q7282749
TN8503405;OSM;2425891024
TN8503405;SWISS;8503405
TN8503405;UIC;8503405
TN8503405;WIKIDATA;Q8075646
TN8503408;OSM;2426996363
TN8503408;SWISS;8503408
TN8503408;SWISS;8503408:6
TN8503408;SWISS;8503408:7
TN8503408;UIC;8503408
TN8503408;WIKIDATA;Q15094776
TN8503409;OSM;2427045409
TN8503409;SWISS;8503409
TN8503409;SWISS;8503409:1
TN8503409;SWISS;8503409:2
TN8503409;UIC;8503409
TN8503409;WIKIDATA;Q4840457
TN8503410;OSM;2427056804
TN8503410;SWISS;8503410
TN8503410;SWISS;8503410:1
TN8503410;UIC;8503410
TN8503410;WIKIDATA;Q15096114
TN8503411;OSM;2427056803
TN8503411;SWISS;8503411
TN8503411;SWISS;8503411:1
TN8503411;UIC;8503411
TN8503411;WIKIDATA;Q15096125
TN8503413;OSM;2425891019
TN8503413;SWISS;8503413
TN8503413;SWISS;8503413:1
TN8503413;UIC;8503413
TN8503413;WIKIDATA;Q6348524
TN8503414;OSM;2426976604
TN8503414;SWISS;8503414
TN8503414;SWISS;8503414:1
TN8503414;UIC;8503414
TN8503414;WIKIDATA;Q15094771
TN8503415;OSM;2425912033
TN8503415;SWISS;8503415
TN8503415;SWISS;8503415:1
TN8503415;UIC;8503415
TN8503415;WIKIDATA;Q15094442
TN8503420;IFOPT;de:08337:6572
TN8503420;OSM;1354214609
TN8503420;SWISS;8503420
TN8503420;SWISS;8503420:1
TN8503420;UIC;8503420
TN8503420;WIKIDATA;Q6685070
TN8503421;IFOPT;de:08337:6570
TN8503421;OSM;1354214607
TN8503421;SWISS;8503421
TN8503421;SWISS;8503421:1
TN8503421;SWISS;8503421:2
TN8503421;SWISS;8503421:3
TN8503421;UIC;8503421
TN8503421;WIKIDATA;Q6187971
TN8503423;OSM;1317271480
TN8503423;SWISS;8503423
TN8503423;SWISS;8503423:2
TN8503423;SWISS;8503423:3
TN8503423;UIC;8503423
TN8503423;WIKIDATA;Q15098423
TN8503424;OSM;2428167137
TN8503424;SWISS;8503424
TN8503424;SWISS;8503424:
TN8503424;SWISS;8503424:1
TN8503424;SWISS;8503424:2
TN8503424;SWISS;8503424:3
TN8503424;SWISS;8503424:4
TN8503424;SWISS;8503424:5
TN8503424;SWISS;8503424:6
TN8503424;SWISS;8503424:A-C
TN8503424;SWISS;8503424:AB
TN8503424;SWISS;8503424:CD
TN8503424;SWISS;8503424:D
TN8503424;UIC;8503424
TN8503425;OSM;2475026135
TN8503425;SWISS;8503425
TN8503425;SWISS;8503425:
TN8503425;SWISS;8503425:1
TN8503425;SWISS;8503425:2
TN8503425;UIC;8503425
TN8503425;WIKIDATA;Q31449831
TN8503426;OSM;2351925301
TN8503426;SWISS;8503426
TN8503426;SWISS;8503426:1
TN8503426;UIC;8503426
TN8503426;WIKIDATA;Q15964170
TN8503427;OSM;2475048383
TN8503427;SWISS;8503427
TN8503427;SWISS;8503427:
TN8503427;SWISS;8503427:2
TN8503427;SWISS;8503427:3
TN8503427;UIC;8503427
TN8503428;OSM;3080372084
TN8503428;SWISS;8503428
TN8503428;SWISS;8503428:1
TN8503428;UIC;8503428
TN8503428;WIKIDATA;Q15964127
TN8503429;OSM;2475106740
TN8503429;SWISS;8503429
TN8503429;SWISS;8503429:1
TN8503429;UIC;8503429
TN8503429;WIKIDATA;Q15964269
TN8503461;OSM;1317155980
TN8503461;SWISS;8503461
TN8503461;SWISS;8503461:
TN8503461;SWISS;8503461:1
TN8503461;SWISS;8503461:2
TN8503461;SWISS;8503461:3
TN8503461;UIC;8503461
TN8503461;WIKIDATA;Q15108713
TN8503462;OSM;1317210221
TN8503462;SWISS;8503462
TN8503462;SWISS;8503462:
TN8503462;SWISS;8503462:1
TN8503462;SWISS;8503462:2
TN8503462;UIC;8503462
TN8503462;WIKIDATA;Q15108711
TN8503463;OSM;274773496
TN8503463;SWISS;8503463
TN8503463;UIC;8503463
TN8503463;WIKIDATA;Q11790768
TN8503464;OSM;3189849099
TN8503464;SWISS;8503464
TN8503464;UIC;8503464
TN8503464;WIKIDATA;Q9169065
TN8503465;OSM;3189849100
TN8503465;SWISS;8503465
TN8503465;UIC;8503465
TN8503465;WIKIDATA;Q11790775
TN8503466;OSM;489946514
TN8503466;SWISS;8503466
TN8503466;UIC;8503466
TN8503466;WIKIDATA;Q9374306
TN8503467;OSM;270499968
TN8503467;SWISS;8503467
TN8503467;UIC;8503467
TN8503467;WIKIDATA;Q9361343
TN8503501;OSM;3080695739
TN8503501;SWISS;8503501
TN8503501;SWISS;8503501:1
TN8503501;SWISS;8503501:2
TN8503501;UIC;8503501
TN8503501;WIKIDATA;Q31449903
TN8503502;OSM;3877090354
TN8503502;SWISS;8503502
TN8503502;SWISS;8503502:1
TN8503502;UIC;8503502
TN8503502;WIKIDATA;Q31449980
TN8503503;OSM;3080695760
TN8503503;SWISS;8503503
TN8503503;SWISS;8503503:1
TN8503503;SWISS;8503503:2
TN8503503;SWISS;8503503:3
TN8503503;SWISS;8503503:4
TN8503503;UIC;8503503
TN8503503;WIKIDATA;Q801531
TN8503504;OSM;3080695733
TN8503504;SWISS;8503504
TN8503504;SWISS;8503504:
TN8503504;SWISS;8503504:1
TN8503504;SWISS;8503504:2
TN8503504;SWISS;8503504:3
TN8503504;SWISS;8503504:4
TN8503504;SWISS;8503504:5
TN8503504;SWISS;8503504:AB
TN8503504;SWISS;8503504:CD
TN8503504;UIC;8503504
TN8503504;WIKIDATA;Q800441
TN8503505;OSM;3080695762
TN8503505;SWISS;8503505
TN8503505;SWISS;8503505:
TN8503505;SWISS;8503505:1
TN8503505;SWISS;8503505:3
TN8503505;SWISS;8503505:4
TN8503505;SWISS;8503505:5
TN8503505;UIC;8503505
TN8503505;WIKIDATA;Q801598
TN8503506;OSM;3080695745
TN8503506;SWISS;8503506
TN8503506;SWISS;8503506:3
TN8503506;SWISS;8503506:4
TN8503506;SWISS;8503506:5
TN8503506;SWISS;8503506:6
TN8503506;UIC;8503506
TN8503506;WIKIDATA;Q801003
TN8503508;OSM;1219787004
TN8503508;SWISS;8503508
TN8503508;SWISS;8503508:1
TN8503508;SWISS;8503508:3
TN8503508;SWISS;8503508:4
TN8503508;SWISS;8503508:5
TN8503508;SWISS;8503508:6
TN8503508;UIC;8503508
TN8503508;WIKIDATA;Q800666
TN8503509;OSM;4415254993
TN8503509;SWISS;8503509
TN8503509;SWISS;8503509:1
TN8503509;SWISS;8503509:3
TN8503509;SWISS;8503509:4
TN8503509;UIC;8503509
TN8503509;WIKIDATA;Q1960753
TN8503511;OSM;1297096971
TN8503511;SWISS;8503511
TN8503511;SWISS;8503511:1
TN8503511;SWISS;8503511:2
TN8503511;UIC;8503511
TN8503511;WIKIDATA;Q15261842
TN8503512;OSM;1221379984
TN8503512;SWISS;8503512
TN8503512;SWISS;8503512:1
TN8503512;SWISS;8503512:2
TN8503512;SWISS;8503512:3
TN8503512;SWISS;8503512:4
TN8503512;UIC;8503512
TN8503512;WIKIDATA;Q1960777
TN8503525;OSM;2291723099
TN8503525;SWISS;8503525
TN8503525;SWISS;8503525:
TN8503525;SWISS;8503525:1
TN8503525;UIC;8503525
TN8503525;WIKIDATA;Q5391049
TN8503526;OSM;1295126213
TN8503526;SWISS;8503526
TN8503526;SWISS;8503526:
TN8503526;SWISS;8503526:3
TN8503526;SWISS;8503526:4
TN8503526;UIC;8503526
TN8503526;WIKIDATA;Q1771429
TN8503527;OSM;1295286856
TN8503527;SWISS;8503527
TN8503527;SWISS;8503527:
TN8503527;SWISS;8503527:1
TN8503527;UIC;8503527
TN8503527;WIKIDATA;Q1771486
TN8503528;OSM;1295889766
TN8503528;SWISS;8503528
TN8503528;SWISS;8503528:
TN8503528;SWISS;8503528:1
TN8503528;SWISS;8503528:2
TN8503528;UIC;8503528
TN8503528;WIKIDATA;Q5846852
TN8503529;OSM;1296263124
TN8503529;SWISS;8503529
TN8503529;SWISS;8503529:
TN8503529;SWISS;8503529:2
TN8503529;SWISS;8503529:3
TN8503529;UIC;8503529
TN8503529;WIKIDATA;Q5847538
TN8504000;OSM;983813089
TN8504000;SWISS;8504000
TN8504000;SWISS;8504000:1
TN8504000;SWISS;8504000:2
TN8504000;UIC;8504000
TN8504000;WIKIDATA;Q15964202
TN8504003;OSM;2790204444
TN8504003;SWISS;8504003
TN8504003;SWISS;8504003:1
TN8504003;SWISS;8504003:2
TN8504003;UIC;8504003
TN8504003;WIKIDATA;Q15964083
TN8504007;OSM;2390023800
TN8504007;SWISS;8504007
TN8504007;SWISS;8504007:1
TN8504007;SWISS;8504007:2
TN8504007;UIC;8504007
TN8504007;WIKIDATA;Q15964185
TN8504010;OSM;2052186417
TN8504010;SWISS;8504010
TN8504010;SWISS;8504010:1
TN8504010;SWISS;8504010:2
TN8504010;UIC;8504010
TN8504010;WIKIDATA;Q15964161
TN8504011;OSM;2790204448
TN8504011;SWISS;8504011
TN8504011;SWISS;8504011:2
TN8504011;SWISS;8504011:3
TN8504011;UIC;8504011
TN8504011;WIKIDATA;Q15964134
TN8504012;OSM;2813798087
TN8504012;SWISS;8504012
TN8504012;SWISS;8504012:1
TN8504012;SWISS;8504012:2
TN8504012;SWISS;8504012:3
TN8504012;UIC;8504012
TN8504012;WIKIDATA;Q15964203
TN8504013;OSM;2790766803
TN8504013;SWISS;8504013
TN8504013;SWISS;8504013:1
TN8504013;UIC;8504013
TN8504013;WIKIDATA;Q15964085
TN8504014;OSM;2815709554
TN8504014;SWISS;8504014
TN8504014;SWISS;8504014:1
TN8504014;SWISS;8504014:11
TN8504014;SWISS;8504014:12
TN8504014;SWISS;8504014:2
TN8504014;SWISS;8504014:3
TN8504014;SWISS;8504014:AB
TN8504014;SWISS;8504014:CD
TN8504014;UIC;8504014
TN8504014;WIKIDATA;Q5552050
TN8504016;OSM;335685612
TN8504016;SWISS;8504016
TN8504016;SWISS;8504016:1
TN8504016;UIC;8504016
TN8504016;WIKIDATA;Q7128892
TN8504017;OSM;5097597874
TN8504017;SWISS;8504017
TN8504017;SWISS;8504017:1
TN8504017;UIC;8504017
TN8504017;WIKIDATA;Q3096236
TN8504018;OSM;2817283213
TN8504018;SWISS;8504018
TN8504018;SWISS;8504018:1
TN8504018;SWISS;8504018:2
TN8504018;UIC;8504018
TN8504018;WIKIDATA;Q15964106
TN8504020;OSM;2816125955
TN8504020;SWISS;8504020
TN8504020;SWISS;8504020:1
TN8504020;SWISS;8504020:2
TN8504020;UIC;8504020
TN8504020;WIKIDATA;Q15964205
TN8504021;OSM;983848011
TN8504021;SWISS;8504021
TN8504021;SWISS;8504021:1
TN8504021;SWISS;8504021:2
TN8504021;UIC;8504021
TN8504021;WIKIDATA;Q15964278
TN8504023;OSM;206936372
TN8504023;SWISS;8504023
TN8504023;SWISS;8504023:1
TN8504023;SWISS;8504023:2
TN8504023;SWISS;8504023:3
TN8504023;SWISS;8504023:4
TN8504023;SWISS;8504023:6
TN8504023;UIC;8504023
TN8504023;WIKIDATA;Q5847067
TN8504024;OSM;2390026176
TN8504024;SWISS;8504024
TN8504024;SWISS;8504024:1
TN8504024;SWISS;8504024:2
TN8504024;UIC;8504024
TN8504025;OSM;2822261468
TN8504025;SWISS;8504025
TN8504025;SWISS;8504025:3
TN8504025;SWISS;8504025:4
TN8504025;UIC;8504025
TN8504025;WIKIDATA;Q15964086
TN8504026;OSM;2390023783
TN8504026;SWISS;8504026
TN8504026;SWISS;8504026:1
TN8504026;SWISS;8504026:2
TN8504026;UIC;8504026
TN8504027;OSM;2390023802
TN8504027;SWISS;8504027
TN8504027;SWISS;8504027:1
TN8504027;SWISS;8504027:2
TN8504027;UIC;8504027
TN8504027;WIKIDATA;Q15964206
TN8504028;SWISS;8504028
TN8504028;SWISS;8504028:4
TN8504028;UIC;8504028
TN8504030;OSM;2390026173
TN8504030;SWISS;8504030
TN8504030;SWISS;8504030:1
TN8504030;SWISS;8504030:2
TN8504030;UIC;8504030
TN8504040;OSM;2793245889
TN8504040;SWISS;8504040
TN8504040;SWISS;8504040:1
TN8504040;UIC;8504040
TN8504040;WIKIDATA;Q10948087
TN8504060;OSM;13192207806
TN8504060;SWISS;8504060
TN8504060;SWISS;8504060:1
TN8504060;UIC;8504060
TN8504061;OSM;313818302
TN8504061;SWISS;8504061
TN8504061;SWISS;8504061:1
TN8504061;UIC;8504061
TN8504061;WIKIDATA;Q33462451
TN8504062;OSM;313818273
TN8504062;SWISS;8504062
TN8504062;SWISS;8504062:1
TN8504062;SWISS;8504062:2
TN8504062;UIC;8504062
TN8504062;WIKIDATA;Q33462476
TN8504063;OSM;313815917
TN8504063;SWISS;8504063
TN8504063;SWISS;8504063:
TN8504063;SWISS;8504063:1
TN8504063;SWISS;8504063:2
TN8504063;UIC;8504063
TN8504063;WIKIDATA;Q33462500
TN8504064;OSM;313815890
TN8504064;SWISS;8504064
TN8504064;SWISS;8504064:
TN8504064;SWISS;8504064:1
TN8504064;SWISS;8504064:2
TN8504064;UIC;8504064
TN8504064;WIKIDATA;Q33462523
TN8504065;OSM;313814754
TN8504065;SWISS;8504065
TN8504065;SWISS;8504065:
TN8504065;SWISS;8504065:1
TN8504065;SWISS;8504065:2
TN8504065;UIC;8504065
TN8504065;WIKIDATA;Q33462547
TN8504066;OSM;1420063325
TN8504066;SWISS;8504066
TN8504066;SWISS;8504066:1
TN8504066;UIC;8504066
TN8504066;WIKIDATA;Q33462572
TN8504067;OSM;2880099986
TN8504067;SWISS;8504067
TN8504067;SWISS;8504067:1
TN8504067;UIC;8504067
TN8504070;OSM;13992652435
TN8504070;SWISS;8504070
TN8504070;SWISS;8504070:1
TN8504070;SWISS;8504070:2
TN8504070;SWISS;8504070:3
TN8504070;UIC;8504070
TN8504070;WIKIDATA;Q33462666
TN8504071;OSM;1425079641
TN8504071;SWISS;8504071
TN8504071;SWISS;8504071:
TN8504071;UIC;8504071
TN8504071;WIKIDATA;Q33462688
TN8504072;OSM;1425079621
TN8504072;SWISS;8504072
TN8504072;SWISS;8504072:1
TN8504072;UIC;8504072
TN8504072;WIKIDATA;Q33462713
TN8504073;OSM;1425079647
TN8504073;SWISS;8504073
TN8504073;SWISS;8504073:1
TN8504073;UIC;8504073
TN8504073;WIKIDATA;Q33462738
TN8504074;OSM;1417748841
TN8504074;SWISS;8504074
TN8504074;SWISS;8504074:
TN8504074;SWISS;8504074:1
TN8504074;SWISS;8504074:3
TN8504074;UIC;8504074
TN8504074;WIKIDATA;Q33462761
TN8504075;OSM;313812083
TN8504075;SWISS;8504075
TN8504075;SWISS;8504075:1
TN8504075;UIC;8504075
TN8504075;WIKIDATA;Q33462784
TN8504077;OSM;313812092
TN8504077;SWISS;8504077
TN8504077;SWISS;8504077:1
TN8504077;SWISS;8504077:2
TN8504077;UIC;8504077
TN8504077;WIKIDATA;Q33462833
TN8504078;OSM;2880178411
TN8504078;SWISS;8504078
TN8504078;SWISS;8504078:1
TN8504078;UIC;8504078
TN8504078;WIKIDATA;Q33462855
TN8504079;OSM;2880178410
TN8504079;SWISS;8504079
TN8504079;SWISS;8504079:1
TN8504079;UIC;8504079
TN8504086;OSM;3080728373
TN8504086;SWISS;8504086
TN8504086;SWISS;8504086:1
TN8504086;SWISS;8504086:2
TN8504086;SWISS;8504086:3
TN8504086;SWISS;8504086:4
TN8504086;SWISS;8504086:5
TN8504086;SWISS;8504086:7
TN8504086;UIC;8504086
TN8504086;WIKIDATA;Q33462900
TN8504088;OSM;2880099985
TN8504088;SWISS;8504088
TN8504088;SWISS;8504088:1
TN8504088;UIC;8504088
TN8504088;WIKIDATA;Q33462924
TN8504089;OSM;2880099984
TN8504089;SWISS;8504089
TN8504089;SWISS;8504089:1
TN8504089;SWISS;8504089:2
TN8504089;UIC;8504089
TN8504089;WIKIDATA;Q33462947
TN8504100;OSM;3081154375
TN8504100;SWISS;8504100
TN8504100;SWISS;8504100:
TN8504100;SWISS;8504100:1
TN8504100;SWISS;8504100:143
TN8504100;SWISS;8504100:2
TN8504100;SWISS;8504100:3
TN8504100;SWISS;8504100:4
TN8504100;SWISS;8504100:5
TN8504100;SWISS;8504100:51
TN8504100;SWISS;8504100:A-D
TN8504100;SWISS;8504100:AB
TN8504100;SWISS;8504100:E-H
TN8504100;UIC;8504100
TN8504100;WIKIDATA;Q3067114
TN8504101;OSM;3081154370
TN8504101;SWISS;8504101
TN8504101;SWISS;8504101:
TN8504101;SWISS;8504101:1
TN8504101;SWISS;8504101:2
TN8504101;UIC;8504101
TN8504101;WIKIDATA;Q31450402
TN8504102;OSM;2038162407
TN8504102;SWISS;8504102
TN8504102;SWISS;8504102:
TN8504102;SWISS;8504102:1
TN8504102;SWISS;8504102:2
TN8504102;SWISS;8504102:3
TN8504102;UIC;8504102
TN8504102;WIKIDATA;Q31450486
TN8504103;OSM;3081154374
TN8504103;SWISS;8504103
TN8504103;SWISS;8504103:
TN8504103;SWISS;8504103:1
TN8504103;SWISS;8504103:2
TN8504103;SWISS;8504103:3
TN8504103;UIC;8504103
TN8504103;WIKIDATA;Q15964128
TN8504104;OSM;2023667093
TN8504104;SWISS;8504104
TN8504104;SWISS;8504104:
TN8504104;SWISS;8504104:1
TN8504104;SWISS;8504104:2
TN8504104;SWISS;8504104:3
TN8504104;UIC;8504104
TN8504104;WIKIDATA;Q30088642
TN8504105;OSM;2023645789
TN8504105;SWISS;8504105
TN8504105;SWISS;8504105:
TN8504105;SWISS;8504105:1
TN8504105;SWISS;8504105:2
TN8504105;UIC;8504105
TN8504105;WIKIDATA;Q31450565
TN8504106;OSM;3081154356
TN8504106;SWISS;8504106
TN8504106;SWISS;8504106:
TN8504106;SWISS;8504106:1
TN8504106;SWISS;8504106:2
TN8504106;UIC;8504106
TN8504106;WIKIDATA;Q31450662
TN8504108;OSM;1870377640
TN8504108;SWISS;8504108
TN8504108;SWISS;8504108:
TN8504108;SWISS;8504108:1
TN8504108;SWISS;8504108:2
TN8504108;SWISS;8504108:3
TN8504108;SWISS;8504108:4
TN8504108;UIC;8504108
TN8504108;WIKIDATA;Q31450758
TN8504113;OSM;831323757
TN8504113;SWISS;8504113
TN8504113;SWISS;8504113:
TN8504113;SWISS;8504113:1
TN8504113;SWISS;8504113:2
TN8504113;UIC;8504113
TN8504115;OSM;3081154444
TN8504115;SWISS;8504115
TN8504115;SWISS;8504115:
TN8504115;SWISS;8504115:1
TN8504115;SWISS;8504115:2
TN8504115;UIC;8504115
TN8504117;OSM;2023749384
TN8504117;SWISS;8504117
TN8504117;SWISS;8504117:
TN8504117;SWISS;8504117:1
TN8504117;SWISS;8504117:2
TN8504117;UIC;8504117
TN8504117;WIKIDATA;Q31451038
TN8504120;OSM;699886357
TN8504120;SWISS;8504120
TN8504120;SWISS;8504120:
TN8504120;SWISS;8504120:1
TN8504120;UIC;8504120
TN8504120;WIKIDATA;Q15964186
TN8504121;OSM;2400947089
TN8504121;SWISS;8504121
TN8504121;SWISS;8504121:1
TN8504121;SWISS;8504121:2
TN8504121;UIC;8504121
TN8504121;WIKIDATA;Q14475054
TN8504122;OSM;2824962936
TN8504122;SWISS;8504122
TN8504122;SWISS;8504122:1
TN8504122;UIC;8504122
TN8504122;WIKIDATA;Q14475084
TN8504123;OSM;3081154363
TN8504123;SWISS;8504123
TN8504123;SWISS;8504123:1
TN8504123;UIC;8504123
TN8504123;WIKIDATA;Q31451131
TN8504124;OSM;1446930653
TN8504124;SWISS;8504124
TN8504124;SWISS;8504124:2
TN8504124;UIC;8504124
TN8504124;WIKIDATA;Q31451213
TN8504125;OSM;5286177951
TN8504125;SWISS;8504125
TN8504125;SWISS;8504125:1
TN8504125;UIC;8504125
TN8504125;WIKIDATA;Q31451294
TN8504126;OSM;1425180890
TN8504126;SWISS;8504126
TN8504126;SWISS;8504126:
TN8504126;SWISS;8504126:1
TN8504126;SWISS;8504126:2
TN8504126;UIC;8504126
TN8504126;WIKIDATA;Q31451373
TN8504127;OSM;1975565226
TN8504127;SWISS;8504127
TN8504127;SWISS;8504127:1
TN8504127;UIC;8504127
TN8504127;WIKIDATA;Q31451474
TN8504128;OSM;3081154411
TN8504128;SWISS;8504128
TN8504128;SWISS;8504128:1
TN8504128;SWISS;8504128:2
TN8504128;SWISS;8504128:3
TN8504128;SWISS;8504128:4
TN8504128;UIC;8504128
TN8504128;WIKIDATA;Q5846782
TN8504129;OSM;1976391941
TN8504129;SWISS;8504129
TN8504129;SWISS;8504129:1
TN8504129;UIC;8504129
TN8504129;WIKIDATA;Q31451567
TN8504130;OSM;3081154458
TN8504130;SWISS;8504130
TN8504130;SWISS;8504130:2
TN8504130;UIC;8504130
TN8504130;WIKIDATA;Q15964301
TN8504131;OSM;1980868929
TN8504131;SWISS;8504131
TN8504131;SWISS;8504131:1
TN8504131;SWISS;8504131:2
TN8504131;UIC;8504131
TN8504131;WIKIDATA;Q15964087
TN8504132;OSM;3081154372
TN8504132;SWISS;8504132
TN8504132;SWISS;8504132:1
TN8504132;SWISS;8504132:2
TN8504132;UIC;8504132
TN8504132;WIKIDATA;Q15964108
TN8504133;OSM;3081154369
TN8504133;SWISS;8504133
TN8504133;SWISS;8504133:1
TN8504133;UIC;8504133
TN8504133;WIKIDATA;Q15964109
TN8504134;OSM;3081154419
TN8504134;SWISS;8504134
TN8504134;SWISS;8504134:1
TN8504134;SWISS;8504134:2
TN8504134;SWISS;8504134:3
TN8504134;SWISS;8504134:4
TN8504134;SWISS;8504134:5
TN8504134;UIC;8504134
TN8504134;WIKIDATA;Q5846899
TN8504135;OSM;3081154362
TN8504135;SWISS;8504135
TN8504135;SWISS;8504135:1
TN8504135;UIC;8504135
TN8504135;WIKIDATA;Q15964088
TN8504136;OSM;3081154368
TN8504136;SWISS;8504136
TN8504136;SWISS;8504136:1
TN8504136;UIC;8504136
TN8504136;WIKIDATA;Q15964110
TN8504137;OSM;2043344991
TN8504137;SWISS;8504137
TN8504137;SWISS;8504137:1
TN8504137;UIC;8504137
TN8504137;WIKIDATA;Q15964188
TN8504138;OSM;3081154379
TN8504138;SWISS;8504138
TN8504138;SWISS;8504138:1
TN8504138;SWISS;8504138:2
TN8504138;UIC;8504138
TN8504138;WIKIDATA;Q15964136
TN8504139;OSM;3081154345
TN8504139;SWISS;8504139
TN8504139;SWISS;8504139:1
TN8504139;UIC;8504139
TN8504139;WIKIDATA;Q15964056
TN8504140;OSM;1976379410
TN8504140;SWISS;8504140
TN8504140;SWISS;8504140:1
TN8504140;UIC;8504140
TN8504140;WIKIDATA;Q31451640
TN8504141;OSM;2824897789
TN8504141;SWISS;8504141
TN8504141;SWISS;8504141:1
TN8504141;UIC;8504141
TN8504141;WIKIDATA;Q15964135
TN8504181;OSM;3081154376
TN8504181;SWISS;8504181
TN8504181;SWISS;8504181:1
TN8504181;SWISS;8504181:2
TN8504181;UIC;8504181
TN8504181;WIKIDATA;Q15964138
TN8504182;OSM;3081154346
TN8504182;SWISS;8504182
TN8504182;SWISS;8504182:1
TN8504182;SWISS;8504182:2
TN8504182;UIC;8504182
TN8504182;WIKIDATA;Q15964057
TN8504183;OSM;3664792747
TN8504183;SWISS;8504183
TN8504183;SWISS;8504183:1
TN8504183;SWISS;8504183:2
TN8504183;UIC;8504183
TN8504183;WIKIDATA;Q15964207
TN8504184;OSM;3664792744
TN8504184;SWISS;8504184
TN8504184;SWISS;8504184:1
TN8504184;SWISS;8504184:2
TN8504184;UIC;8504184
TN8504184;WIKIDATA;Q15964111
TN8504185;OSM;3664792745
TN8504185;SWISS;8504185
TN8504185;SWISS;8504185:1
TN8504185;UIC;8504185
TN8504185;WIKIDATA;Q15964112
TN8504186;OSM;3664792746
TN8504186;SWISS;8504186
TN8504186;SWISS;8504186:1
TN8504186;SWISS;8504186:2
TN8504186;UIC;8504186
TN8504186;WIKIDATA;Q15964208
TN8504188;OSM;3838637244
TN8504188;SWISS;8504188
TN8504188;SWISS;8504188:1
TN8504188;SWISS;8504188:2
TN8504188;UIC;8504188
TN8504188;WIKIDATA;Q33463532
TN8504191;OSM;3081154373
TN8504191;SWISS;8504191
TN8504191;SWISS;8504191:
TN8504191;SWISS;8504191:1
TN8504191;UIC;8504191
TN8504191;WIKIDATA;Q33463962
TN8504192;OSM;3081154415
TN8504192;SWISS;8504192
TN8504192;SWISS;8504192:
TN8504192;SWISS;8504192:1
TN8504192;SWISS;8504192:2
TN8504192;UIC;8504192
TN8504192;WIKIDATA;Q33463987
TN8504194;OSM;3081154396
TN8504194;SWISS;8504194
TN8504194;SWISS;8504194:
TN8504194;SWISS;8504194:1
TN8504194;UIC;8504194
TN8504194;WIKIDATA;Q15964174
TN8504200;OSM;3081154457
TN8504200;SWISS;8504200
TN8504200;SWISS;8504200:1
TN8504200;SWISS;8504200:13
TN8504200;SWISS;8504200:14
TN8504200;SWISS;8504200:2
TN8504200;SWISS;8504200:3
TN8504200;SWISS;8504200:AB
TN8504200;SWISS;8504200:D
TN8504200;UIC;8504200
TN8504200;WIKIDATA;Q12174841
TN8504201;OSM;3081154377
TN8504201;SWISS;8504201
TN8504201;SWISS;8504201:1
TN8504201;SWISS;8504201:2
TN8504201;SWISS;8504201:3
TN8504201;UIC;8504201
TN8504201;WIKIDATA;Q15964137
TN8504203;OSM;983805184
TN8504203;SWISS;8504203
TN8504203;SWISS;8504203:1
TN8504203;SWISS;8504203:2
TN8504203;UIC;8504203
TN8504203;WIKIDATA;Q15964089
TN8504205;OSM;696524685
TN8504205;SWISS;8504205
TN8504205;SWISS;8504205:2
TN8504205;SWISS;8504205:3
TN8504205;UIC;8504205
TN8504205;WIKIDATA;Q15964139
TN8504206;OSM;3081154350
TN8504206;SWISS;8504206
TN8504206;SWISS;8504206:1
TN8504206;SWISS;8504206:2
TN8504206;UIC;8504206
TN8504206;WIKIDATA;Q15964058
TN8504208;OSM;1951472692
TN8504208;SWISS;8504208
TN8504208;SWISS;8504208:2
TN8504208;SWISS;8504208:3
TN8504208;UIC;8504208
TN8504208;WIKIDATA;Q15964090
TN8504209;OSM;3081154360
TN8504209;SWISS;8504209
TN8504209;SWISS;8504209:1
TN8504209;SWISS;8504209:2
TN8504209;SWISS;8504209:3
TN8504209;UIC;8504209
TN8504209;WIKIDATA;Q15964091
TN8504215;OSM;1944846875
TN8504215;SWISS;8504215
TN8504215;SWISS;8504215:2
TN8504215;UIC;8504215
TN8504215;WIKIDATA;Q31451724
TN8504219;OSM;3081154344
TN8504219;SWISS;8504219
TN8504219;SWISS;8504219:1
TN8504219;SWISS;8504219:2
TN8504219;UIC;8504219
TN8504219;WIKIDATA;Q15964060
TN8504220;OSM;1948006333
TN8504220;SWISS;8504220
TN8504220;SWISS;8504220:1
TN8504220;SWISS;8504220:2
TN8504220;UIC;8504220
TN8504220;WIKIDATA;Q15964209
TN8504221;OSM;3081154414
TN8504221;SWISS;8504221
TN8504221;SWISS;8504221:1
TN8504221;SWISS;8504221:2
TN8504221;SWISS;8504221:3
TN8504221;SWISS;8504221:4
TN8504221;SWISS;8504221:5
TN8504221;SWISS;8504221:6
TN8504221;SWISS;8504221:7
TN8504221;SWISS;8504221:AB
TN8504221;SWISS;8504221:CD
TN8504221;SWISS;8504221:E-G
TN8504221;UIC;8504221
TN8504221;WIKIDATA;Q972299
TN8504222;OSM;3081154429
TN8504222;SWISS;8504222
TN8504222;SWISS;8504222:1
TN8504222;SWISS;8504222:2
TN8504222;UIC;8504222
TN8504222;WIKIDATA;Q15964232
TN8504223;OSM;3081154365
TN8504223;SWISS;8504223
TN8504223;SWISS;8504223:1
TN8504223;SWISS;8504223:2
TN8504223;SWISS;8504223:3
TN8504223;UIC;8504223
TN8504223;WIKIDATA;Q15964092
TN8504224;OSM;3200044857
TN8504224;SWISS;8504224
TN8504224;SWISS;8504224:1
TN8504224;SWISS;8504224:2
TN8504224;UIC;8504224
TN8504224;WIKIDATA;Q15964113
TN8504225;OSM;5137617912
TN8504225;SWISS;8504225
TN8504225;SWISS;8504225:1
TN8504225;SWISS;8504225:2
TN8504225;SWISS;8504225:3
TN8504225;UIC;8504225
TN8504225;WIKIDATA;Q15964162
TN8504226;OSM;3081154393
TN8504226;SWISS;8504226
TN8504226;SWISS;8504226:1
TN8504226;SWISS;8504226:2
TN8504226;UIC;8504226
TN8504226;WIKIDATA;Q15964163
TN8504228;OSM;3081154447
TN8504228;SWISS;8504228
TN8504228;SWISS;8504228:2
TN8504228;SWISS;8504228:3
TN8504228;UIC;8504228
TN8504228;WIKIDATA;Q15964282
TN8504229;OSM;1946558958
TN8504229;SWISS;8504229
TN8504229;SWISS;8504229:1
TN8504229;SWISS;8504229:2
TN8504229;UIC;8504229
TN8504229;WIKIDATA;Q15964283
TN8504231;OSM;1949801868
TN8504231;SWISS;8504231
TN8504231;SWISS;8504231:1
TN8504231;UIC;8504231
TN8504231;WIKIDATA;Q31452046
TN8504232;OSM;3081154361
TN8504232;SWISS;8504232
TN8504232;UIC;8504232
TN8504232;WIKIDATA;Q31452115
TN8504234;OSM;1955142185
TN8504234;SWISS;8504234
TN8504234;UIC;8504234
TN8504234;WIKIDATA;Q31452200
TN8504236;OSM;1955180993
TN8504236;SWISS;8504236
TN8504236;UIC;8504236
TN8504236;WIKIDATA;Q31452361
TN8504237;OSM;1955180999
TN8504237;SWISS;8504237
TN8504237;SWISS;8504237:1
TN8504237;SWISS;8504237:2
TN8504237;UIC;8504237
TN8504237;WIKIDATA;Q31452431
TN8504291;OSM;292522046
TN8504291;SWISS;8504291
TN8504291;UIC;8504291
TN8504291;WIKIDATA;Q33465184
TN8504292;OSM;3019558873
TN8504292;SWISS;8504292
TN8504292;UIC;8504292
TN8504292;WIKIDATA;Q33465205
TN8504293;OSM;3019555389
TN8504293;SWISS;8504293
TN8504293;SWISS;8504293:1
TN8504293;SWISS;8504293:2
TN8504293;UIC;8504293
TN8504293;WIKIDATA;Q33465229
TN8504294;OSM;292533984
TN8504294;SWISS;8504294
TN8504294;SWISS;8504294:1
TN8504294;SWISS;8504294:2
TN8504294;UIC;8504294
TN8504294;WIKIDATA;Q33465250
TN8504295;OSM;3019544675
TN8504295;SWISS;8504295
TN8504295;SWISS;8504295:1
TN8504295;SWISS;8504295:2
TN8504295;UIC;8504295
TN8504295;WIKIDATA;Q33465272
TN8504296;OSM;3019544676
TN8504296;SWISS;8504296
TN8504296;UIC;8504296
TN8504296;WIKIDATA;Q33465305
TN8504298;OSM;3019503522
TN8504298;SWISS;8504298
TN8504298;SWISS;8504298:1
TN8504298;UIC;8504298
TN8504298;WIKIDATA;Q33465347
TN8504300;OSM;3046153730
TN8504300;SWISS;8504300
TN8504300;SWISS;8504300:
TN8504300;SWISS;8504300:1
TN8504300;SWISS;8504300:10
TN8504300;SWISS;8504300:2
TN8504300;SWISS;8504300:3
TN8504300;SWISS;8504300:4
TN8504300;SWISS;8504300:5
TN8504300;SWISS;8504300:6
TN8504300;SWISS;8504300:7
TN8504300;SWISS;8504300:9
TN8504300;SWISS;8504300:AB
TN8504300;SWISS;8504300:BC
TN8504300;SWISS;8504300:CD
TN8504300;UIC;8504300
TN8504301;OSM;2736378317
TN8504301;SWISS;8504301
TN8504301;SWISS;8504301:1
TN8504301;UIC;8504301
TN8504301;WIKIDATA;Q31452517
TN8504302;OSM;3081154424
TN8504302;SWISS;8504302
TN8504302;UIC;8504302
TN8504302;WIKIDATA;Q31452599
TN8504303;OSM;262211167
TN8504303;SWISS;8504303
TN8504303;SWISS;8504303:1
TN8504303;UIC;8504303
TN8504303;WIKIDATA;Q31452678
TN8504304;OSM;3081154435
TN8504304;SWISS;8504304
TN8504304;SWISS;8504304:1
TN8504304;SWISS;8504304:2
TN8504304;SWISS;8504304:3
TN8504304;SWISS;8504304:AB
TN8504304;SWISS;8504304:CD
TN8504304;UIC;8504304
TN8504304;WIKIDATA;Q5847270
TN8504305;OSM;3081154364
TN8504305;SWISS;8504305
TN8504305;SWISS;8504305:1
TN8504305;UIC;8504305
TN8504305;WIKIDATA;Q31452758
TN8504306;OSM;262211081
TN8504306;SWISS;8504306
TN8504306;SWISS;8504306:1
TN8504306;UIC;8504306
TN8504306;WIKIDATA;Q31452842
TN8504307;OSM;3081154367
TN8504307;SWISS;8504307
TN8504307;SWISS;8504307:2
TN8504307;SWISS;8504307:3
TN8504307;UIC;8504307
TN8504307;WIKIDATA;Q31452930
TN8504308;OSM;3297422894
TN8504308;SWISS;8504308
TN8504308;SWISS;8504308:1
TN8504308;UIC;8504308
TN8504308;WIKIDATA;Q31453011
TN8504309;OSM;6323044430
TN8504309;SWISS;8504309
TN8504309;SWISS;8504309:1
TN8504309;UIC;8504309
TN8504309;WIKIDATA;Q31453094
TN8504310;OSM;3081154437
TN8504310;SWISS;8504310
TN8504310;SWISS;8504310:1
TN8504310;SWISS;8504310:3
TN8504310;UIC;8504310
TN8504310;WIKIDATA;Q31453170
TN8504311;OSM;3081154436
TN8504311;SWISS;8504311
TN8504311;SWISS;8504311:1
TN8504311;UIC;8504311
TN8504311;WIKIDATA;Q31453259
TN8504312;OSM;3081154423
TN8504312;SWISS;8504312
TN8504312;UIC;8504312
TN8504312;WIKIDATA;Q31453340
TN8504314;OSM;3081154391
TN8504314;SWISS;8504314
TN8504314;SWISS;8504314:1
TN8504314;SWISS;8504314:3
TN8504314;SWISS;8504314:4
TN8504314;SWISS;8504314:5
TN8504314;SWISS;8504314:6
TN8504314;SWISS;8504314:AB
TN8504314;SWISS;8504314:CD
TN8504314;UIC;8504314
TN8504314;WIKIDATA;Q3096773
TN8504315;OSM;3389508515
TN8504315;SWISS;8504315
TN8504315;SWISS;8504315:1
TN8504315;UIC;8504315
TN8504315;WIKIDATA;Q3098196
TN8504316;OSM;3081154399
TN8504316;SWISS;8504316
TN8504316;SWISS;8504316:1
TN8504316;SWISS;8504316:2
TN8504316;UIC;8504316
TN8504316;WIKIDATA;Q935212
TN8504317;OSM;3081154398
TN8504317;SWISS;8504317
TN8504317;SWISS;8504317:1
TN8504317;UIC;8504317
TN8504317;WIKIDATA;Q3098207
TN8504321;OSM;9182807866
TN8504321;SWISS;8504321
TN8504321;SWISS;8504321:1
TN8504321;UIC;8504321
TN8504321;WIKIDATA;Q110527421
TN8504400;OSM;3081154388
TN8504400;SWISS;8504400
TN8504400;SWISS;8504400:
TN8504400;SWISS;8504400:1
TN8504400;SWISS;8504400:3
TN8504400;SWISS;8504400:4
TN8504400;SWISS;8504400:6
TN8504400;SWISS;8504400:A
TN8504400;SWISS;8504400:B
TN8504400;UIC;8504400
TN8504400;WIKIDATA;Q5846439
TN8504401;OSM;1976395718
TN8504401;SWISS;8504401
TN8504401;SWISS;8504401:1
TN8504401;UIC;8504401
TN8504402;OSM;3081154386
TN8504402;SWISS;8504402
TN8504402;SWISS;8504402:1
TN8504402;UIC;8504402
TN8504402;WIKIDATA;Q5846437
TN8504403;OSM;1958407189
TN8504403;SWISS;8504403
TN8504403;SWISS;8504403:1
TN8504403;UIC;8504403
TN8504403;WIKIDATA;Q31453420
TN8504404;OSM;3081154343
TN8504404;SWISS;8504404
TN8504404;SWISS;8504404:1
TN8504404;UIC;8504404
TN8504404;WIKIDATA;Q5845568
TN8504410;OSM;3081154459
TN8504410;SWISS;8504410
TN8504410;SWISS;8504410:1
TN8504410;SWISS;8504410:2
TN8504410;SWISS;8504410:21
TN8504410;SWISS;8504410:22
TN8504410;SWISS;8504410:3
TN8504410;UIC;8504410
TN8504410;WIKIDATA;Q15964310
TN8504411;OSM;3081154412
TN8504411;SWISS;8504411
TN8504411;SWISS;8504411:1
TN8504411;SWISS;8504411:2
TN8504411;UIC;8504411
TN8504411;WIKIDATA;Q31453515
TN8504412;OSM;3081154433
TN8504412;SWISS;8504412
TN8504412;SWISS;8504412:2
TN8504412;SWISS;8504412:3
TN8504412;UIC;8504412
TN8504412;WIKIDATA;Q31453595
TN8504413;OSM;3081154440
TN8504413;SWISS;8504413
TN8504413;SWISS;8504413:3
TN8504413;SWISS;8504413:4
TN8504413;UIC;8504413
TN8504413;WIKIDATA;Q31453671
TN8504414;OSM;3081154405
TN8504414;SWISS;8504414
TN8504414;SWISS;8504414:1
TN8504414;SWISS;8504414:2
TN8504414;SWISS;8504414:3
TN8504414;SWISS;8504414:4
TN8504414;SWISS;8504414:5
TN8504414;UIC;8504414
TN8504414;WIKIDATA;Q15964198
TN8504415;OSM;3081154354
TN8504415;SWISS;8504415
TN8504415;SWISS;8504415:1
TN8504415;SWISS;8504415:2
TN8504415;SWISS;8504415:3
TN8504415;UIC;8504415
TN8504415;WIKIDATA;Q31453752
TN8504416;OSM;3037139891
TN8504416;SWISS;8504416
TN8504416;SWISS;8504416:2
TN8504416;SWISS;8504416:3
TN8504416;UIC;8504416
TN8504416;WIKIDATA;Q31453825
TN8504419;OSM;6440817029
TN8504419;SWISS;8504419
TN8504419;SWISS;8504419:1
TN8504419;SWISS;8504419:2
TN8504419;UIC;8504419
TN8504419;WIKIDATA;Q15964061
TN8504441;OSM;3852504717
TN8504441;SWISS;8504441
TN8504441;SWISS;8504441:1
TN8504441;SWISS;8504441:2
TN8504441;UIC;8504441
TN8504441;WIKIDATA;Q31453915
TN8504480;OSM;3081154428
TN8504480;SWISS;8504480
TN8504480;SWISS;8504480:
TN8504480;SWISS;8504480:1
TN8504480;UIC;8504480
TN8504480;WIKIDATA;Q15964249
TN8504481;OSM;3081154407
TN8504481;SWISS;8504481
TN8504481;SWISS;8504481:3
TN8504481;SWISS;8504481:4
TN8504481;UIC;8504481
TN8504481;WIKIDATA;Q15964197
TN8504482;OSM;3092219560
TN8504482;SWISS;8504482
TN8504482;SWISS;8504482:1
TN8504482;SWISS;8504482:2
TN8504482;UIC;8504482
TN8504482;WIKIDATA;Q33466688
TN8504483;OSM;1425180904
TN8504483;SWISS;8504483
TN8504483;SWISS;8504483:2
TN8504483;SWISS;8504483:3
TN8504483;SWISS;8504483:4
TN8504483;UIC;8504483
TN8504483;WIKIDATA;Q33466716
TN8504484;OSM;3836116267
TN8504484;SWISS;8504484
TN8504484;SWISS;8504484:1
TN8504484;SWISS;8504484:2
TN8504484;UIC;8504484
TN8504484;WIKIDATA;Q33466736
TN8504486;OSM;3081154382
TN8504486;SWISS;8504486
TN8504486;SWISS;8504486:
TN8504486;SWISS;8504486:1
TN8504486;SWISS;8504486:2
TN8504486;UIC;8504486
TN8504486;WIKIDATA;Q15964156
TN8504487;OSM;3081154425
TN8504487;SWISS;8504487
TN8504487;SWISS;8504487:
TN8504487;SWISS;8504487:2
TN8504487;SWISS;8504487:3
TN8504487;UIC;8504487
TN8504487;WIKIDATA;Q33466788
TN8504488;OSM;1870460759
TN8504488;SWISS;8504488
TN8504488;SWISS;8504488:1
TN8504488;SWISS;8504488:2
TN8504488;UIC;8504488
TN8504488;WIKIDATA;Q33466805
TN8504489;OSM;3081154355
TN8504489;SWISS;8504489
TN8504489;SWISS;8504489:
TN8504489;SWISS;8504489:4
TN8504489;SWISS;8504489:5
TN8504489;UIC;8504489
TN8504489;WIKIDATA;Q33466824
TN8504490;OSM;11808339007
TN8504490;SWISS;8504490
TN8504490;UIC;8504490
TN8504490;WIKIDATA;Q33466842
TN8505000;OSM;2051794005
TN8505000;SWISS;8505000
TN8505000;SWISS;8505000:
TN8505000;SWISS;8505000:10
TN8505000;SWISS;8505000:11
TN8505000;SWISS;8505000:12
TN8505000;SWISS;8505000:13
TN8505000;SWISS;8505000:14
TN8505000;SWISS;8505000:15
TN8505000;SWISS;8505000:2
TN8505000;SWISS;8505000:3
TN8505000;SWISS;8505000:4
TN8505000;SWISS;8505000:5
TN8505000;SWISS;8505000:6
TN8505000;SWISS;8505000:7
TN8505000;SWISS;8505000:8
TN8505000;SWISS;8505000:9
TN8505000;SWISS;8505000:B
TN8505000;SWISS;8505000:B-D
TN8505000;SWISS;8505000:BC
TN8505000;SWISS;8505000:CD
TN8505000;UIC;8505000
TN8505000;WIKIDATA;Q455450
TN8505001;OSM;1398833212
TN8505001;SWISS;8505001
TN8505001;SWISS;8505001:
TN8505001;SWISS;8505001:2
TN8505001;UIC;8505001
TN8505001;WIKIDATA;Q12174812
TN8505002;OSM;2074359564
TN8505002;SWISS;8505002
TN8505002;SWISS;8505002:
TN8505002;SWISS;8505002:1
TN8505002;SWISS;8505002:2
TN8505002;UIC;8505002
TN8505002;WIKIDATA;Q801051
TN8505003;OSM;3080372091
TN8505003;SWISS;8505003
TN8505003;SWISS;8505003:
TN8505003;SWISS;8505003:2
TN8505003;SWISS;8505003:3
TN8505003;UIC;8505003
TN8505003;WIKIDATA;Q800950
TN8505004;OSM;1356798952
TN8505004;SWISS;8505004
TN8505004;SWISS;8505004:
TN8505004;SWISS;8505004:2
TN8505004;SWISS;8505004:3
TN8505004;SWISS;8505004:4
TN8505004;SWISS;8505004:5
TN8505004;SWISS;8505004:6
TN8505004;SWISS;8505004:8
TN8505004;UIC;8505004
TN8505004;WIKIDATA;Q365122
TN8505005;OSM;3074774951
TN8505005;SWISS;8505005
TN8505005;SWISS;8505005:
TN8505005;SWISS;8505005:1
TN8505005;SWISS;8505005:2
TN8505005;UIC;8505005
TN8505005;WIKIDATA;Q15964251
TN8505006;OSM;3074774950
TN8505006;SWISS;8505006
TN8505006;SWISS;8505006:
TN8505006;SWISS;8505006:2
TN8505006;SWISS;8505006:3
TN8505006;UIC;8505006
TN8505006;WIKIDATA;Q677588
TN8505007;OSM;3074774938
TN8505007;SWISS;8505007
TN8505007;SWISS;8505007:
TN8505007;SWISS;8505007:2
TN8505007;SWISS;8505007:4
TN8505007;SWISS;8505007:5
TN8505007;UIC;8505007
TN8505007;WIKIDATA;Q186519
TN8505011;OSM;3074886741
TN8505011;SWISS;8505011
TN8505011;SWISS;8505011:
TN8505011;SWISS;8505011:1
TN8505011;UIC;8505011
TN8505011;WIKIDATA;Q12174811
TN8505018;OSM;1398789169
TN8505018;SWISS;8505018
TN8505018;SWISS;8505018:
TN8505018;SWISS;8505018:1
TN8505018;UIC;8505018
TN8505018;WIKIDATA;Q12174810
TN8505111;OSM;1362070306
TN8505111;SWISS;8505111
TN8505111;SWISS;8505111:
TN8505111;SWISS;8505111:1
TN8505111;SWISS;8505111:2
TN8505111;UIC;8505111
TN8505111;WIKIDATA;Q10640296
TN8505112;OSM;3074774940
TN8505112;SWISS;8505112
TN8505112;SWISS;8505112:
TN8505112;SWISS;8505112:1
TN8505112;SWISS;8505112:2
TN8505112;SWISS;8505112:3
TN8505112;UIC;8505112
TN8505112;WIKIDATA;Q800758
TN8505113;OSM;3074774935
TN8505113;SWISS;8505113
TN8505113;SWISS;8505113:
TN8505113;SWISS;8505113:1
TN8505113;SWISS;8505113:3
TN8505113;SWISS;8505113:4
TN8505113;UIC;8505113
TN8505113;WIKIDATA;Q4736224
TN8505114;OSM;2842461934
TN8505114;SWISS;8505114
TN8505114;SWISS;8505114:
TN8505114;SWISS;8505114:1
TN8505114;SWISS;8505114:2
TN8505114;SWISS;8505114:4
TN8505114;UIC;8505114
TN8505114;WIKIDATA;Q637435
TN8505119;OSM;3074774942
TN8505119;SWISS;8505119
TN8505119;SWISS;8505119:1
TN8505119;SWISS;8505119:11
TN8505119;SWISS;8505119:13
TN8505119;UIC;8505119
TN8505119;WIKIDATA;Q684298
TN8505163;OSM;10049046053
TN8505163;SWISS;8505163
TN8505163;SWISS;8505163:1
TN8505163;SWISS;8505163:3
TN8505163;UIC;8505163
TN8505163;WIKIDATA;Q7301357
TN8505164;OSM;3118134977
TN8505164;SWISS;8505164
TN8505164;UIC;8505164
TN8505164;WIKIDATA;Q33467193
TN8505165;OSM;1059035581
TN8505165;SWISS;8505165
TN8505165;SWISS;8505165:4
TN8505165;SWISS;8505165:5
TN8505165;SWISS;8505165:6
TN8505165;UIC;8505165
TN8505165;WIKIDATA;Q4753704
TN8505170;OSM;3118134978
TN8505170;SWISS;8505170
TN8505170;SWISS;8505170:1
TN8505170;UIC;8505170
TN8505170;WIKIDATA;Q33467259
TN8505172;OSM;3154868043
TN8505172;SWISS;8505172
TN8505172;UIC;8505172
TN8505172;WIKIDATA;Q33467291
TN8505173;OSM;3154882261
TN8505173;SWISS;8505173
TN8505173;SWISS;8505173:1
TN8505173;UIC;8505173
TN8505173;WIKIDATA;Q33467326
TN8505174;OSM;3156484476
TN8505174;SWISS;8505174
TN8505174;SWISS;8505174:1
TN8505174;SWISS;8505174:2
TN8505174;UIC;8505174
TN8505174;WIKIDATA;Q33467363
TN8505175;OSM;3156484477
TN8505175;SWISS;8505175
TN8505175;UIC;8505175
TN8505175;WIKIDATA;Q33467395
TN8505176;OSM;3156502888
TN8505176;SWISS;8505176
TN8505176;SWISS;8505176:
TN8505176;SWISS;8505176:1
TN8505176;UIC;8505176
TN8505176;WIKIDATA;Q10640193
TN8505177;OSM;258541203
TN8505177;SWISS;8505177
TN8505177;UIC;8505177
TN8505177;WIKIDATA;Q33467457
TN8505178;OSM;258541175
TN8505178;SWISS;8505178
TN8505178;UIC;8505178
TN8505178;WIKIDATA;Q33467490
TN8505179;OSM;258541142
TN8505179;SWISS;8505179
TN8505179;UIC;8505179
TN8505179;WIKIDATA;Q33467516
TN8505180;OSM;258541119
TN8505180;SWISS;8505180
TN8505180;UIC;8505180
TN8505180;WIKIDATA;Q33467534
TN8505201;OSM;3080372076
TN8505201;SWISS;8505201
TN8505201;SWISS;8505201:2
TN8505201;SWISS;8505201:3
TN8505201;UIC;8505201
TN8505201;WIKIDATA;Q15964050
TN8505202;OSM;3074774936
TN8505202;SWISS;8505202
TN8505202;SWISS;8505202:2
TN8505202;SWISS;8505202:3
TN8505202;UIC;8505202
TN8505202;WIKIDATA;Q15964051
TN8505204;OSM;3080372087
TN8505204;SWISS;8505204
TN8505204;SWISS;8505204:2
TN8505204;SWISS;8505204:3
TN8505204;UIC;8505204
TN8505204;WIKIDATA;Q5429646
TN8505205;OSM;3074774943
TN8505205;SWISS;8505205
TN8505205;SWISS;8505205:1
TN8505205;UIC;8505205
TN8505205;WIKIDATA;Q15964159
TN8505207;OSM;3074774937
TN8505207;SWISS;8505207
TN8505207;SWISS;8505207:2
TN8505207;UIC;8505207
TN8505207;WIKIDATA;Q4936630
TN8505209;OSM;3080372079
TN8505209;SWISS;8505209
TN8505209;SWISS;8505209:
TN8505209;SWISS;8505209:2
TN8505209;SWISS;8505209:3
TN8505209;UIC;8505209
TN8505209;WIKIDATA;Q800520
TN8505212;OSM;2266207797
TN8505212;SWISS;8505212
TN8505212;SWISS;8505212:
TN8505212;SWISS;8505212:1
TN8505212;SWISS;8505212:2
TN8505212;SWISS;8505212:3
TN8505212;UIC;8505212
TN8505212;WIKIDATA;Q5049962
TN8505213;OSM;3080372078
TN8505213;SWISS;8505213
TN8505213;SWISS;8505213:
TN8505213;SWISS;8505213:1
TN8505213;SWISS;8505213:2
TN8505213;SWISS;8505213:3
TN8505213;SWISS;8505213:4
TN8505213;SWISS;8505213:6
TN8505213;UIC;8505213
TN8505213;WIKIDATA;Q662556
TN8505214;OSM;3080372088
TN8505214;SWISS;8505214
TN8505214;SWISS;8505214:
TN8505214;SWISS;8505214:1
TN8505214;SWISS;8505214:2
TN8505214;SWISS;8505214:3
TN8505214;SWISS;8505214:4
TN8505214;SWISS;8505214:5
TN8505214;UIC;8505214
TN8505214;WIKIDATA;Q5565186
TN8505216;OSM;274374392
TN8505216;SWISS;8505216
TN8505216;SWISS;8505216:3
TN8505216;SWISS;8505216:4
TN8505216;UIC;8505216
TN8505216;WIKIDATA;Q3970685
TN8505217;OSM;2458547741
TN8505217;SWISS;8505217
TN8505217;SWISS;8505217:1
TN8505217;SWISS;8505217:2
TN8505217;UIC;8505217
TN8505217;WIKIDATA;Q3970104
TN8505218;OSM;2458507606
TN8505218;SWISS;8505218
TN8505218;SWISS;8505218:2
TN8505218;SWISS;8505218:3
TN8505218;UIC;8505218
TN8505218;WIKIDATA;Q3971091
TN8505219;OSM;2458507605
TN8505219;SWISS;8505219
TN8505219;SWISS;8505219:1
TN8505219;SWISS;8505219:2
TN8505219;UIC;8505219
TN8505219;WIKIDATA;Q3969914
TN8505226;OSM;7071956822
TN8505226;SWISS;8505226
TN8505226;SWISS;8505226:1
TN8505226;UIC;8505226
TN8505300;OSM;2460241310
TN8505300;SWISS;8505300
TN8505300;SWISS;8505300:
TN8505300;SWISS;8505300:1
TN8505300;SWISS;8505300:2
TN8505300;SWISS;8505300:3
TN8505300;SWISS;8505300:4
TN8505300;SWISS;8505300:A-C
TN8505300;SWISS;8505300:DE
TN8505300;UIC;8505300
TN8505300;WIKIDATA;Q174946
TN8505301;OSM;2460241311
TN8505301;SWISS;8505301
TN8505301;SWISS;8505301:
TN8505301;SWISS;8505301:1
TN8505301;SWISS;8505301:2
TN8505301;UIC;8505301
TN8505302;OSM;2460272281
TN8505302;SWISS;8505302
TN8505302;SWISS;8505302:
TN8505302;SWISS;8505302:3
TN8505302;SWISS;8505302:4
TN8505302;UIC;8505302
TN8505302;WIKIDATA;Q4996512
TN8505303;OSM;2460281903
TN8505303;SWISS;8505303
TN8505303;SWISS;8505303:
TN8505303;SWISS;8505303:3
TN8505303;SWISS;8505303:4
TN8505303;UIC;8505303
TN8505303;WIKIDATA;Q3970054
TN8505304;OSM;1843809989
TN8505304;SWISS;8505304
TN8505304;SWISS;8505304:
TN8505304;SWISS;8505304:1
TN8505304;SWISS;8505304:2
TN8505304;SWISS;8505304:3
TN8505304;UIC;8505304
TN8505304;WIKIDATA;Q3969216
TN8505305;OSM;1846603347
TN8505305;SWISS;8505305
TN8505305;SWISS;8505305:
TN8505305;SWISS;8505305:1
TN8505305;SWISS;8505305:2
TN8505305;SWISS;8505305:3
TN8505305;SWISS;8505305:4
TN8505305;SWISS;8505305:5
TN8505305;SWISS;8505305:AB
TN8505305;SWISS;8505305:CD
TN8505305;UIC;8505305
TN8505305;WIKIDATA;Q3970088
TN8505306;OSM;3142358425
TN8505306;SWISS;8505306
TN8505306;SWISS;8505306:
TN8505306;SWISS;8505306:1
TN8505306;SWISS;8505306:2
TN8505306;UIC;8505306
TN8505306;WIKIDATA;Q3968955
TN8505307;OSM;3092179807
TN8505307;SWISS;8505307
TN8505307;SWISS;8505307:
TN8505307;SWISS;8505307:1
TN8505307;SWISS;8505307:11
TN8505307;SWISS;8505307:4
TN8505307;SWISS;8505307:5
TN8505307;SWISS;8505307:6
TN8505307;SWISS;8505307:E-H
TN8505307;SWISS;8505307:F-H
TN8505307;UIC;8505307
TN8505307;WIKIDATA;Q683236
TN8505350;OSM;11383511039
TN8505350;SWISS;8505350
TN8505350;SWISS;8505350:1
TN8505350;UIC;8505350
TN8505350;WIKIDATA;Q124053863
TN8505390;OSM;273490211
TN8505390;SWISS;8505390
TN8505390;SWISS;8505390:1
TN8505390;SWISS;8505390:2
TN8505390;UIC;8505390
TN8505390;WIKIDATA;Q7455018
TN8505391;OSM;2472559165
TN8505391;SWISS;8505391
TN8505391;SWISS;8505391:11
TN8505391;UIC;8505391
TN8505391;WIKIDATA;Q17637344
TN8505392;OSM;273490187
TN8505392;SWISS;8505392
TN8505392;SWISS;8505392:
TN8505392;UIC;8505392
TN8505392;WIKIDATA;Q6731197
TN8505393;OSM;273490069
TN8505393;SWISS;8505393
TN8505393;SWISS;8505393:1
TN8505393;SWISS;8505393:2
TN8505393;UIC;8505393
TN8505393;WIKIDATA;Q5036145
TN8505394;OSM;273490210
TN8505394;SWISS;8505394
TN8505394;SWISS;8505394:1
TN8505394;SWISS;8505394:2
TN8505394;UIC;8505394
TN8505394;WIKIDATA;Q4914856
TN8505395;OSM;273490212
TN8505395;SWISS;8505395
TN8505395;SWISS;8505395:
TN8505395;UIC;8505395
TN8505395;WIKIDATA;Q4693270
TN8505396;OSM;273490192
TN8505396;SWISS;8505396
TN8505396;SWISS;8505396:1
TN8505396;SWISS;8505396:2
TN8505396;UIC;8505396
TN8505396;WIKIDATA;Q6731198
TN8505397;OSM;9972364806
TN8505397;SWISS;8505397
TN8505397;SWISS;8505397:
TN8505397;UIC;8505397
TN8505397;WIKIDATA;Q5048971
TN8505398;OSM;4126897996
TN8505398;SWISS;8505398
TN8505398;SWISS;8505398:1
TN8505398;UIC;8505398
TN8505398;WIKIDATA;Q7228113
TN8505399;OSM;273490046
TN8505399;SWISS;8505399
TN8505399;SWISS;8505399:
TN8505399;UIC;8505399
TN8505399;WIKIDATA;Q7563428
TN8505400;OSM;2462102646
TN8505400;SWISS;8505400
TN8505400;SWISS;8505400:1
TN8505400;SWISS;8505400:2
TN8505400;SWISS;8505400:3
TN8505400;UIC;8505400
TN8505400;WIKIDATA;Q686540
TN8505401;OSM;2462102649
TN8505401;SWISS;8505401
TN8505401;SWISS;8505401:1
TN8505401;SWISS;8505401:2
TN8505401;UIC;8505401
TN8505401;WIKIDATA;Q12174832
TN8505402;OSM;2462102645
TN8505402;SWISS;8505402
TN8505402;SWISS;8505402:1
TN8505402;SWISS;8505402:2
TN8505402;UIC;8505402
TN8505402;WIKIDATA;Q12174801
TN8505404;OSM;2278756340
TN8505404;SWISS;8505404
TN8505404;SWISS;8505404:1
TN8505404;SWISS;8505404:2
TN8505404;SWISS;8505404:3
TN8505404;UIC;8505404
TN8505404;WIKIDATA;Q5016368
TN8505405;OSM;5837846196
TN8505405;SWISS;8505405
TN8505405;SWISS;8505405:1
TN8505405;UIC;8505405
TN8505405;WIKIDATA;Q15964201
TN8505406;OSM;2463259314
TN8505406;SWISS;8505406
TN8505406;SWISS;8505406:2
TN8505406;UIC;8505406
TN8505406;WIKIDATA;Q15964178
TN8505407;OSM;2463259316
TN8505407;SWISS;8505407
TN8505407;SWISS;8505407:1
TN8505407;UIC;8505407
TN8505407;WIKIDATA;Q15964229
TN8505408;OSM;2463259315
TN8505408;SWISS;8505408
TN8505408;SWISS;8505408:1
TN8505408;UIC;8505408
TN8505408;WIKIDATA;Q22319067
TN8505410;OSM;2463259313
TN8505410;SWISS;8505410
TN8505410;SWISS;8505410:1
TN8505410;UIC;8505410
TN8505410;WIKIDATA;Q22319266
TN8505412;OSM;2462102647
TN8505412;SWISS;8505412
TN8505412;SWISS;8505412:1
TN8505412;SWISS;8505412:2
TN8505412;UIC;8505412
TN8505412;WIKIDATA;Q12174819
TN8505415;OSM;3074926248
TN8505415;SWISS;8505415
TN8505415;SWISS;8505415:1
TN8505415;SWISS;8505415:2
TN8505415;UIC;8505415
TN8505415;WIKIDATA;Q15964228
TN8505417;OSM;11283897236
TN8505417;SWISS;8505417
TN8505417;SWISS;8505417:1
TN8505417;SWISS;8505417:2
TN8505417;UIC;8505417
TN8505417;WIKIDATA;Q123688992
TN8505467;OSM;2836798675
TN8505467;SWISS;8505467
TN8505467;SWISS;8505467:
TN8505467;UIC;8505467
TN8505467;WIKIDATA;Q17637533
TN8505470;OSM;354739910
TN8505470;SWISS;8505470
TN8505470;SWISS;8505470:11
TN8505470;SWISS;8505470:21
TN8505470;UIC;8505470
TN8505470;WIKIDATA;Q17637331
TN8505471;OSM;3634561523
TN8505471;SWISS;8505471
TN8505471;SWISS;8505471:
TN8505471;UIC;8505471
TN8505471;WIKIDATA;Q17637334
TN8505472;OSM;354740600
TN8505472;SWISS;8505472
TN8505472;SWISS;8505472:
TN8505472;UIC;8505472
TN8505472;WIKIDATA;Q17637562
TN8505491;OSM;2836798676
TN8505491;SWISS;8505491
TN8505491;SWISS;8505491:
TN8505491;UIC;8505491
TN8505491;WIKIDATA;Q17637585
TN8505492;OSM;690893499
TN8505492;SWISS;8505492
TN8505492;SWISS;8505492:1
TN8505492;SWISS;8505492:2
TN8505492;UIC;8505492
TN8505492;WIKIDATA;Q17637634
TN8505493;OSM;2836813325
TN8505493;SWISS;8505493
TN8505493;SWISS;8505493:
TN8505493;UIC;8505493
TN8505493;WIKIDATA;Q17637180
TN8505494;OSM;1546861622
TN8505494;SWISS;8505494
TN8505494;SWISS;8505494:
TN8505494;UIC;8505494
TN8505494;WIKIDATA;Q17637306
TN8505495;OSM;2836847702
TN8505495;SWISS;8505495
TN8505495;SWISS;8505495:
TN8505495;UIC;8505495
TN8505495;WIKIDATA;Q17637209
TN8505496;OSM;776949252
TN8505496;SWISS;8505496
TN8505496;SWISS;8505496:
TN8505496;UIC;8505496
TN8505496;WIKIDATA;Q17637629
TN8505497;OSM;2838387489
TN8505497;SWISS;8505497
TN8505497;SWISS;8505497:
TN8505497;UIC;8505497
TN8505497;WIKIDATA;Q17637428
TN8505499;OSM;2836876118
TN8505499;SWISS;8505499
TN8505499;SWISS;8505499:
TN8505499;UIC;8505499
TN8505499;WIKIDATA;Q17637154
TN8505578;OSM;2838387494
TN8505578;SWISS;8505578
TN8505578;UIC;8505578
TN8505578;WIKIDATA;Q17637645
TN8505580;OSM;2338638827
TN8505580;SWISS;8505580
TN8505580;UIC;8505580
TN8505580;WIKIDATA;Q17637487
TN8505581;OSM;2838387491
TN8505581;SWISS;8505581
TN8505581;UIC;8302808
TN8505581;UIC;8505581
TN8505581;WIKIDATA;Q17637544
TN8505584;OSM;2838387486
TN8505584;SWISS;8505584
TN8505584;UIC;8505584
TN8505584;WIKIDATA;Q17637358
TN8505585;OSM;2838387481
TN8505585;SWISS;8505585
TN8505585;UIC;8505585
TN8505585;WIKIDATA;Q17637235
TN8505588;OSM;1224781781
TN8505588;SWISS;8505588
TN8505588;UIC;8505588
TN8505588;WIKIDATA;Q17637214
TN8505589;OSM;2838387482
TN8505589;SWISS;8505589
TN8505589;UIC;8505589
TN8505590;OSM;13927852369
TN8505590;SWISS;8505590
TN8505590;UIC;8505590
TN8505590;WIKIDATA;Q17637269
TN8505593;OSM;2838387488
TN8505593;SWISS;8505593
TN8505593;UIC;8505593
TN8505593;WIKIDATA;Q17637376
TN8505594;OSM;2838387490
TN8505594;SWISS;8505594
TN8505594;UIC;8505594
TN8505594;WIKIDATA;Q17637478
TN8505597;OSM;2838387492
TN8505597;SWISS;8505597
TN8505597;UIC;8505597
TN8505597;WIKIDATA;Q17637611
TN8505599;OSM;2838387493
TN8505599;SWISS;8505599
TN8505599;UIC;8505599
TN8505599;WIKIDATA;Q17637630
TN8505861;OSM;302392144
TN8505861;SWISS;8505861
TN8505861;SWISS;8505861:1
TN8505861;SWISS;8505861:2
TN8505861;UIC;8505861
TN8505861;WIKIDATA;Q3969998
TN8505862;OSM;6973944629
TN8505862;SWISS;8505862
TN8505862;SWISS;8505862:1
TN8505862;UIC;8505862
TN8505862;WIKIDATA;Q3970489
TN8505874;OSM;6974287792
TN8505874;SWISS;8505874
TN8505874;SWISS;8505874:
TN8505874;UIC;8505874
TN8505874;WIKIDATA;Q3969459
TN8506000;OSM;1286602751
TN8506000;SWISS;8506000
TN8506000;SWISS;8506000:
TN8506000;SWISS;8506000:1
TN8506000;SWISS;8506000:2
TN8506000;SWISS;8506000:3
TN8506000;SWISS;8506000:4
TN8506000;SWISS;8506000:5
TN8506000;SWISS;8506000:6
TN8506000;SWISS;8506000:7
TN8506000;SWISS;8506000:8
TN8506000;SWISS;8506000:9
TN8506000;SWISS;8506000:A-C
TN8506000;SWISS;8506000:A-D
TN8506000;SWISS;8506000:D-F
TN8506000;SWISS;8506000:E-H
TN8506000;UIC;8506000
TN8506000;WIKIDATA;Q677527
TN8506001;OSM;1309502573
TN8506001;SWISS;8506001
TN8506001;SWISS;8506001:4
TN8506001;SWISS;8506001:5
TN8506001;SWISS;8506001:6
TN8506001;SWISS;8506001:7
TN8506001;UIC;8506001
TN8506001;WIKIDATA;Q801617
TN8506002;OSM;1310783650
TN8506002;SWISS;8506002
TN8506002;SWISS;8506002:1
TN8506002;SWISS;8506002:2
TN8506002;UIC;8506002
TN8506002;WIKIDATA;Q801618
TN8506003;OSM;2446120411
TN8506003;SWISS;8506003
TN8506003;SWISS;8506003:1
TN8506003;SWISS;8506003:2
TN8506003;UIC;8506003
TN8506003;WIKIDATA;Q14553574
TN8506004;OSM;1352638414
TN8506004;SWISS;8506004
TN8506004;SWISS;8506004:1
TN8506004;UIC;8506004
TN8506004;WIKIDATA;Q6427358
TN8506005;OSM;1352668875
TN8506005;SWISS;8506005
TN8506005;SWISS;8506005:1
TN8506005;SWISS;8506005:2
TN8506005;UIC;8506005
TN8506005;WIKIDATA;Q7334094
TN8506006;OSM;2446019572
TN8506006;SWISS;8506006
TN8506006;SWISS;8506006:1
TN8506006;UIC;8506006
TN8506006;WIKIDATA;Q15088578
TN8506007;OSM;2446048209
TN8506007;SWISS;8506007
TN8506007;SWISS;8506007:1
TN8506007;UIC;8506007
TN8506007;WIKIDATA;Q15088574
TN8506008;OSM;2446055623
TN8506008;SWISS;8506008
TN8506008;SWISS;8506008:1
TN8506008;SWISS;8506008:2
TN8506008;UIC;8506008
TN8506008;WIKIDATA;Q8000034
TN8506009;OSM;2443368760
TN8506009;SWISS;8506009
TN8506009;SWISS;8506009:1
TN8506009;SWISS;8506009:2
TN8506009;UIC;8506009
TN8506009;WIKIDATA;Q15088567
TN8506010;OSM;307392748
TN8506010;SWISS;8506010
TN8506010;SWISS;8506010:1
TN8506010;SWISS;8506010:2
TN8506010;UIC;8506010
TN8506010;WIKIDATA;Q5847259
TN8506011;OSM;2488676494
TN8506011;SWISS;8506011
TN8506011;SWISS;8506011:1
TN8506011;SWISS;8506011:2
TN8506011;UIC;8506011
TN8506011;WIKIDATA;Q5846210
TN8506012;OSM;303022594
TN8506012;SWISS;8506012
TN8506012;SWISS;8506012:1
TN8506012;SWISS;8506012:2
TN8506012;UIC;8506012
TN8506012;WIKIDATA;Q5846352
TN8506013;OSM;303022601
TN8506013;SWISS;8506013
TN8506013;SWISS;8506013:1
TN8506013;SWISS;8506013:2
TN8506013;UIC;8506013
TN8506013;WIKIDATA;Q5845566
TN8506014;OSM;307391788
TN8506014;SWISS;8506014
TN8506014;SWISS;8506014:2
TN8506014;SWISS;8506014:3
TN8506014;UIC;8506014
TN8506014;WIKIDATA;Q5359988
TN8506015;OSM;1351838924
TN8506015;SWISS;8506015
TN8506015;SWISS;8506015:1
TN8506015;SWISS;8506015:2
TN8506015;UIC;8506015
TN8506015;WIKIDATA;Q4348861
TN8506016;OSM;1311007154
TN8506016;SWISS;8506016
TN8506016;SWISS;8506016:3
TN8506016;SWISS;8506016:4
TN8506016;UIC;8506016
TN8506016;WIKIDATA;Q801283
TN8506017;OSM;1352757256
TN8506017;SWISS;8506017
TN8506017;SWISS;8506017:2
TN8506017;SWISS;8506017:3
TN8506017;UIC;8506017
TN8506017;WIKIDATA;Q5847529
TN8506018;OSM;1352769914
TN8506018;SWISS;8506018
TN8506018;SWISS;8506018:2
TN8506018;SWISS;8506018:3
TN8506018;UIC;8506018
TN8506018;WIKIDATA;Q5847052
TN8506019;OSM;6349202737
TN8506019;SWISS;8506019
TN8506019;SWISS;8506019:2
TN8506019;SWISS;8506019:3
TN8506019;UIC;8506019
TN8506019;WIKIDATA;Q5846405
TN8506020;OSM;1313973484
TN8506020;SWISS;8506020
TN8506020;SWISS;8506020:1
TN8506020;SWISS;8506020:2
TN8506020;UIC;8506020
TN8506020;WIKIDATA;Q5847239
TN8506021;OSM;2453133360
TN8506021;SWISS;8506021
TN8506021;SWISS;8506021:1
TN8506021;UIC;8506021
TN8506021;WIKIDATA;Q5846114
TN8506022;OSM;2453133359
TN8506022;SWISS;8506022
TN8506022;SWISS;8506022:
TN8506022;SWISS;8506022:2
TN8506022;SWISS;8506022:3
TN8506022;UIC;8506022
TN8506022;WIKIDATA;Q5847328
TN8506023;OSM;2455946411
TN8506023;SWISS;8506023
TN8506023;SWISS;8506023:
TN8506023;SWISS;8506023:2
TN8506023;SWISS;8506023:3
TN8506023;UIC;8506023
TN8506023;WIKIDATA;Q5846849
TN8506024;OSM;2456031550
TN8506024;SWISS;8506024
TN8506024;SWISS;8506024:1
TN8506024;SWISS;8506024:2
TN8506024;UIC;8506024
TN8506024;WIKIDATA;Q5847284
TN8506025;OSM;2456031549
TN8506025;SWISS;8506025
TN8506025;SWISS;8506025:
TN8506025;SWISS;8506025:2
TN8506025;SWISS;8506025:3
TN8506025;UIC;8506025
TN8506025;WIKIDATA;Q5405186
TN8506035;OSM;1351877724
TN8506035;SWISS;8506035
TN8506035;SWISS;8506035:1
TN8506035;SWISS;8506035:2
TN8506035;UIC;8506035
TN8506035;WIKIDATA;Q5847205
TN8506036;SWISS;8506036
TN8506036;SWISS;8506036:1
TN8506036;UIC;8506036
TN8506038;OSM;25586596
TN8506038;SWISS;8506038
TN8506038;SWISS;8506038:1
TN8506038;UIC;8506038
TN8506038;WIKIDATA;Q16903530
TN8506039;OSM;2427867574
TN8506039;SWISS;8506039
TN8506039;SWISS;8506039:1
TN8506039;UIC;8506039
TN8506039;WIKIDATA;Q7431736
TN8506041;OSM;1330470648
TN8506041;SWISS;8506041
TN8506041;SWISS;8506041:1
TN8506041;UIC;8506041
TN8506041;WIKIDATA;Q13423578
TN8506042;OSM;2482900821
TN8506042;SWISS;8506042
TN8506042;SWISS;8506042:1
TN8506042;SWISS;8506042:2
TN8506042;UIC;8506042
TN8506042;WIKIDATA;Q15094246
TN8506043;OSM;1330676298
TN8506043;SWISS;8506043
TN8506043;SWISS;8506043:1
TN8506043;UIC;8506043
TN8506043;WIKIDATA;Q801620
TN8506044;OSM;1330704266
TN8506044;SWISS;8506044
TN8506044;SWISS;8506044:
TN8506044;SWISS;8506044:4
TN8506044;UIC;8506044
TN8506044;WIKIDATA;Q801619
TN8506045;OSM;1317463581
TN8506045;SWISS;8506045
TN8506045;SWISS;8506045:1
TN8506045;SWISS;8506045:2
TN8506045;UIC;8506045
TN8506045;WIKIDATA;Q5748058
TN8506046;OSM;1317425466
TN8506046;SWISS;8506046
TN8506046;SWISS;8506046:1
TN8506046;SWISS;8506046:2
TN8506046;UIC;8506046
TN8506046;WIKIDATA;Q5714280
TN8506047;OSM;1317354601
TN8506047;SWISS;8506047
TN8506047;SWISS;8506047:1
TN8506047;SWISS;8506047:2
TN8506047;UIC;8506047
TN8506047;WIKIDATA;Q4753679
TN8506048;OSM;1317339977
TN8506048;SWISS;8506048
TN8506048;SWISS;8506048:1
TN8506048;SWISS;8506048:2
TN8506048;UIC;8506048
TN8506048;WIKIDATA;Q6774635
TN8506049;OSM;1317308966
TN8506049;SWISS;8506049
TN8506049;SWISS;8506049:1
TN8506049;SWISS;8506049:2
TN8506049;UIC;8506049
TN8506049;WIKIDATA;Q5207606
TN8506100;OSM;2508696539
TN8506100;SWISS;8506100
TN8506100;SWISS;8506100:
TN8506100;SWISS;8506100:1
TN8506100;SWISS;8506100:11
TN8506100;SWISS;8506100:2
TN8506100;SWISS;8506100:3
TN8506100;UIC;8506100
TN8506100;WIKIDATA;Q800779
TN8506101;OSM;2508724562
TN8506101;SWISS;8506101
TN8506101;SWISS;8506101:2
TN8506101;SWISS;8506101:3
TN8506101;UIC;8506101
TN8506101;WIKIDATA;Q5483347
TN8506102;OSM;2508778216
TN8506102;SWISS;8506102
TN8506102;SWISS;8506102:1
TN8506102;SWISS;8506102:2
TN8506102;UIC;8506102
TN8506102;WIKIDATA;Q5846391
TN8506103;OSM;2508783701
TN8506103;SWISS;8506103
TN8506103;SWISS;8506103:2
TN8506103;SWISS;8506103:3
TN8506103;UIC;8506103
TN8506103;WIKIDATA;Q5846793
TN8506104;OSM;2508778217
TN8506104;SWISS;8506104
TN8506104;SWISS;8506104:1
TN8506104;SWISS;8506104:2
TN8506104;UIC;8506104
TN8506104;WIKIDATA;Q5846784
TN8506105;OSM;1848502699
TN8506105;SWISS;8506105
TN8506105;SWISS;8506105:
TN8506105;SWISS;8506105:1
TN8506105;SWISS;8506105:3
TN8506105;SWISS;8506105:4
TN8506105;SWISS;8506105:5
TN8506105;SWISS;8506105:AB
TN8506105;SWISS;8506105:CD
TN8506105;UIC;8506105
TN8506105;WIKIDATA;Q801587
TN8506106;OSM;2509489215
TN8506106;SWISS;8506106
TN8506106;SWISS;8506106:2
TN8506106;SWISS;8506106:3
TN8506106;UIC;8506106
TN8506106;WIKIDATA;Q5845878
TN8506107;OSM;263828133
TN8506107;SWISS;8506107
TN8506107;SWISS;8506107:1
TN8506107;SWISS;8506107:2
TN8506107;UIC;8506107
TN8506107;WIKIDATA;Q5550634
TN8506108;OSM;263830914
TN8506108;SWISS;8506108
TN8506108;SWISS;8506108:1
TN8506108;SWISS;8506108:2
TN8506108;UIC;8506108
TN8506108;WIKIDATA;Q5846823
TN8506109;OSM;263830918
TN8506109;SWISS;8506109
TN8506109;SWISS;8506109:
TN8506109;SWISS;8506109:1
TN8506109;SWISS;8506109:2
TN8506109;UIC;8506109
TN8506109;WIKIDATA;Q5845683
TN8506118;OSM;2486375615
TN8506118;SWISS;8506118
TN8506118;SWISS;8506118:1
TN8506118;UIC;8506118
TN8506118;WIKIDATA;Q31454136
TN8506119;OSM;2510438892
TN8506119;SWISS;8506119
TN8506119;SWISS;8506119:1
TN8506119;UIC;8506119
TN8506119;WIKIDATA;Q31454144
TN8506121;OSM;2509270355
TN8506121;SWISS;8506121
TN8506121;SWISS;8506121:
TN8506121;SWISS;8506121:1
TN8506121;SWISS;8506121:2
TN8506121;SWISS;8506121:3
TN8506121;SWISS;8506121:4
TN8506121;SWISS;8506121:5
TN8506121;SWISS;8506121:A
TN8506121;SWISS;8506121:B
TN8506121;UIC;8506121
TN8506121;WIKIDATA;Q508197
TN8506122;OSM;2510493283
TN8506122;SWISS;8506122
TN8506122;SWISS;8506122:1
TN8506122;UIC;8506122
TN8506122;WIKIDATA;Q15964293
TN8506123;OSM;2510481016
TN8506123;SWISS;8506123
TN8506123;SWISS;8506123:1
TN8506123;UIC;8506123
TN8506123;WIKIDATA;Q15964169
TN8506124;OSM;2510469066
TN8506124;SWISS;8506124
TN8506124;SWISS;8506124:1
TN8506124;UIC;8506124
TN8506124;WIKIDATA;Q15964150
TN8506125;OSM;2349962689
TN8506125;SWISS;8506125
TN8506125;SWISS;8506125:1
TN8506125;SWISS;8506125:2
TN8506125;UIC;8506125
TN8506125;WIKIDATA;Q15964074
TN8506126;OSM;2510438893
TN8506126;SWISS;8506126
TN8506126;SWISS;8506126:1
TN8506126;UIC;8506126
TN8506126;WIKIDATA;Q31454151
TN8506127;OSM;2510438891
TN8506127;SWISS;8506127
TN8506127;SWISS;8506127:1
TN8506127;UIC;8506127
TN8506127;WIKIDATA;Q31454158
TN8506128;OSM;2486668293
TN8506128;SWISS;8506128
TN8506128;SWISS;8506128:1
TN8506128;SWISS;8506128:3
TN8506128;UIC;8506128
TN8506128;WIKIDATA;Q31454163
TN8506131;OSM;2486660800
TN8506131;SWISS;8506131
TN8506131;SWISS;8506131:1
TN8506131;SWISS;8506131:2
TN8506131;SWISS;8506131:3
TN8506131;SWISS;8506131:A
TN8506131;SWISS;8506131:B
TN8506131;UIC;8506131
TN8506131;WIKIDATA;Q801035
TN8506132;OSM;2486660802
TN8506132;SWISS;8506132
TN8506132;SWISS;8506132:
TN8506132;SWISS;8506132:1
TN8506132;UIC;8506132
TN8506132;WIKIDATA;Q31454167
TN8506133;OSM;2486375605
TN8506133;SWISS;8506133
TN8506133;SWISS;8506133:1
TN8506133;UIC;8506133
TN8506133;WIKIDATA;Q15964126
TN8506134;OSM;2486375610
TN8506134;SWISS;8506134
TN8506134;SWISS;8506134:1
TN8506134;UIC;8506134
TN8506134;WIKIDATA;Q15964194
TN8506135;OSM;2486344596
TN8506135;SWISS;8506135
TN8506135;SWISS;8506135:1
TN8506135;SWISS;8506135:2
TN8506135;UIC;8506135
TN8506135;WIKIDATA;Q15964075
TN8506136;OSM;2486323397
TN8506136;SWISS;8506136
TN8506136;SWISS;8506136:
TN8506136;SWISS;8506136:1
TN8506136;UIC;8506136
TN8506136;WIKIDATA;Q15964268
TN8506137;OSM;2486323396
TN8506137;SWISS;8506137
TN8506137;SWISS;8506137:1
TN8506137;UIC;8506137
TN8506137;WIKIDATA;Q15964193
TN8506138;OSM;2479971948
TN8506138;SWISS;8506138
TN8506138;SWISS;8506138:1
TN8506138;UIC;8506138
TN8506138;WIKIDATA;Q15964125
TN8506139;OSM;2456031551
TN8506139;SWISS;8506139
TN8506139;SWISS;8506139:1
TN8506139;SWISS;8506139:2
TN8506139;SWISS;8506139:3
TN8506139;UIC;8506139
TN8506139;WIKIDATA;Q13416896
TN8506143;OSM;2510453410
TN8506143;SWISS;8506143
TN8506143;SWISS;8506143:1
TN8506143;UIC;8506143
TN8506143;WIKIDATA;Q31454173
TN8506148;OSM;2475106741
TN8506148;SWISS;8506148
TN8506148;SWISS;8506148:1
TN8506148;UIC;8506148
TN8506148;WIKIDATA;Q15964270
TN8506168;OSM;2508247902
TN8506168;SWISS;8506168
TN8506168;SWISS;8506168:1
TN8506168;UIC;8506168
TN8506168;WIKIDATA;Q33505142
TN8506169;OSM;549339154
TN8506169;SWISS;8506169
TN8506169;UIC;8506169
TN8506169;WIKIDATA;Q33505313
TN8506170;OSM;549315239
TN8506170;SWISS;8506170
TN8506170;UIC;8506170
TN8506170;WIKIDATA;Q33505330
TN8506171;OSM;2508647786
TN8506171;SWISS;8506171
TN8506171;UIC;8506171
TN8506171;WIKIDATA;Q33505342
TN8506173;OSM;2157546310
TN8506173;SWISS;8506173
TN8506173;UIC;8506173
TN8506173;WIKIDATA;Q33505371
TN8506174;OSM;484308388
TN8506174;SWISS;8506174
TN8506174;SWISS;8506174:1
TN8506174;SWISS;8506174:2
TN8506174;UIC;8506174
TN8506174;WIKIDATA;Q33505389
TN8506175;OSM;287798274
TN8506175;SWISS;8506175
TN8506175;UIC;8506175
TN8506175;WIKIDATA;Q33505408
TN8506176;OSM;549309454
TN8506176;SWISS;8506176
TN8506176;UIC;8506176
TN8506176;WIKIDATA;Q33505426
TN8506177;OSM;549328645
TN8506177;SWISS;8506177
TN8506177;SWISS;8506177:1
TN8506177;SWISS;8506177:2
TN8506177;UIC;8506177
TN8506177;WIKIDATA;Q33505444
TN8506178;OSM;301508650
TN8506178;SWISS;8506178
TN8506178;UIC;8506178
TN8506178;WIKIDATA;Q33505470
TN8506179;OSM;287798135
TN8506179;SWISS;8506179
TN8506179;UIC;8506179
TN8506179;WIKIDATA;Q33505488
TN8506181;OSM;243715787
TN8506181;SWISS;8506181
TN8506181;SWISS;8506181:1
TN8506181;UIC;8506181
TN8506181;WIKIDATA;Q33505500
TN8506182;OSM;243715773
TN8506182;SWISS;8506182
TN8506182;SWISS;8506182:1
TN8506182;UIC;8506182
TN8506182;WIKIDATA;Q33505514
TN8506183;OSM;243715751
TN8506183;SWISS;8506183
TN8506183;SWISS;8506183:1
TN8506183;SWISS;8506183:2
TN8506183;UIC;8506183
TN8506183;WIKIDATA;Q33505531
TN8506184;OSM;81321512
TN8506184;SWISS;8506184
TN8506184;SWISS;8506184:
TN8506184;SWISS;8506184:1
TN8506184;UIC;8506184
TN8506184;WIKIDATA;Q33505548
TN8506185;OSM;2508217818
TN8506185;SWISS;8506185
TN8506185;SWISS;8506185:1
TN8506185;UIC;8506185
TN8506185;WIKIDATA;Q33505571
TN8506188;OSM;2492259058
TN8506188;SWISS;8506188
TN8506188;SWISS;8506188:1
TN8506188;UIC;8506188
TN8506188;WIKIDATA;Q33505594
TN8506190;OSM;2508186999
TN8506190;SWISS;8506190
TN8506190;SWISS;8506190:2
TN8506190;UIC;8506190
TN8506190;WIKIDATA;Q33505610
TN8506193;OSM;2507443665
TN8506193;SWISS;8506193
TN8506193;SWISS;8506193:1
TN8506193;SWISS;8506193:2
TN8506193;UIC;8506193
TN8506193;WIKIDATA;Q33505620
TN8506194;OSM;263825644
TN8506194;SWISS;8506194
TN8506194;SWISS;8506194:1
TN8506194;SWISS;8506194:2
TN8506194;UIC;8506194
TN8506194;WIKIDATA;Q33505628
TN8506195;OSM;2507429705
TN8506195;SWISS;8506195
TN8506195;SWISS;8506195:
TN8506195;SWISS;8506195:1
TN8506195;UIC;8506195
TN8506195;WIKIDATA;Q33505639
TN8506196;OSM;263825561
TN8506196;SWISS;8506196
TN8506196;SWISS;8506196:
TN8506196;SWISS;8506196:1
TN8506196;UIC;8506196
TN8506196;WIKIDATA;Q33505647
TN8506197;OSM;263825515
TN8506197;SWISS;8506197
TN8506197;SWISS;8506197:
TN8506197;SWISS;8506197:1
TN8506197;UIC;8506197
TN8506197;WIKIDATA;Q33505655
TN8506198;OSM;2486660801
TN8506198;SWISS;8506198
TN8506198;SWISS;8506198:1
TN8506198;SWISS;8506198:2
TN8506198;UIC;8506198
TN8506198;WIKIDATA;Q33505670
TN8506200;OSM;243717707
TN8506200;SWISS;8506200
TN8506200;SWISS;8506200:
TN8506200;SWISS;8506200:1
TN8506200;SWISS;8506200:2
TN8506200;SWISS;8506200:3
TN8506200;SWISS;8506200:4
TN8506200;SWISS;8506200:5
TN8506200;SWISS;8506200:AB
TN8506200;SWISS;8506200:CD
TN8506200;UIC;8506200
TN8506200;WIKIDATA;Q5847525
TN8506201;OSM;243717690
TN8506201;SWISS;8506201
TN8506201;SWISS;8506201:1
TN8506201;SWISS;8506201:2
TN8506201;UIC;8506201
TN8506201;WIKIDATA;Q33505684
TN8506202;OSM;1825303888
TN8506202;SWISS;8506202
TN8506202;SWISS;8506202:1
TN8506202;UIC;8506202
TN8506202;WIKIDATA;Q31454180
TN8506203;OSM;1825303887
TN8506203;SWISS;8506203
TN8506203;SWISS;8506203:1
TN8506203;SWISS;8506203:2
TN8506203;UIC;8506203
TN8506203;WIKIDATA;Q31454185
TN8506204;OSM;2502523894
TN8506204;SWISS;8506204
TN8506204;SWISS;8506204:1
TN8506204;UIC;8506204
TN8506204;WIKIDATA;Q31454191
TN8506205;OSM;1825303886
TN8506205;SWISS;8506205
TN8506205;SWISS;8506205:1
TN8506205;UIC;8506205
TN8506205;WIKIDATA;Q31454211
TN8506206;OSM;19485633
TN8506206;SWISS;8506206
TN8506206;SWISS;8506206:
TN8506206;SWISS;8506206:1
TN8506206;SWISS;8506206:11
TN8506206;SWISS;8506206:12
TN8506206;SWISS;8506206:2
TN8506206;SWISS;8506206:3
TN8506206;SWISS;8506206:4
TN8506206;SWISS;8506206:5
TN8506206;SWISS;8506206:6
TN8506206;UIC;8506206
TN8506206;WIKIDATA;Q5847532
TN8506208;OSM;2489918542
TN8506208;SWISS;8506208
TN8506208;SWISS;8506208:3
TN8506208;SWISS;8506208:4
TN8506208;UIC;8506208
TN8506208;WIKIDATA;Q5847390
TN8506209;OSM;1317682772
TN8506209;SWISS;8506209
TN8506209;SWISS;8506209:1
TN8506209;SWISS;8506209:2
TN8506209;UIC;8506209
TN8506209;WIKIDATA;Q5695569
TN8506210;OSM;1350137496
TN8506210;SWISS;8506210
TN8506210;SWISS;8506210:1
TN8506210;SWISS;8506210:11
TN8506210;SWISS;8506210:3
TN8506210;SWISS;8506210:4
TN8506210;UIC;8506210
TN8506210;WIKIDATA;Q5846308
TN8506211;OSM;338474121
TN8506211;SWISS;8506211
TN8506211;SWISS;8506211:2
TN8506211;UIC;8506211
TN8506211;WIKIDATA;Q5845723
TN8506212;OSM;338474122
TN8506212;SWISS;8506212
TN8506212;SWISS;8506212:1
TN8506212;SWISS;8506212:2
TN8506212;UIC;8506212
TN8506212;WIKIDATA;Q5846358
TN8506213;OSM;273414949
TN8506213;SWISS;8506213
TN8506213;SWISS;8506213:1
TN8506213;UIC;8506213
TN8506213;WIKIDATA;Q5845838
TN8506214;OSM;2509540325
TN8506214;SWISS;8506214
TN8506214;SWISS;8506214:1
TN8506214;UIC;8506214
TN8506214;WIKIDATA;Q5847263
TN8506215;OSM;273415547
TN8506215;SWISS;8506215
TN8506215;SWISS;8506215:3
TN8506215;UIC;8506215
TN8506215;WIKIDATA;Q5845836
TN8506216;OSM;2509529986
TN8506216;SWISS;8506216
TN8506216;SWISS;8506216:1
TN8506216;SWISS;8506216:2
TN8506216;UIC;8506216
TN8506216;WIKIDATA;Q5846448
TN8506217;OSM;108092258
TN8506217;SWISS;8506217
TN8506217;SWISS;8506217:1
TN8506217;SWISS;8506217:2
TN8506217;SWISS;8506217:3
TN8506217;UIC;8506217
TN8506217;WIKIDATA;Q801492
TN8506270;OSM;2338312976
TN8506270;SWISS;8506270
TN8506270;UIC;8506270
TN8506271;OSM;291432639
TN8506271;SWISS;8506271
TN8506271;UIC;8506271
TN8506271;WIKIDATA;Q33506110
TN8506275;OSM;5352651570
TN8506275;SWISS;8506275
TN8506275;UIC;8506275
TN8506276;OSM;7371045480
TN8506276;SWISS;8506276
TN8506276;UIC;8506276
TN8506276;WIKIDATA;Q33506133
TN8506277;OSM;11681958474
TN8506277;SWISS;8506277
TN8506277;UIC;8506277
TN8506277;WIKIDATA;Q33506153
TN8506278;OSM;2498640505
TN8506278;SWISS;8506278
TN8506278;UIC;8506278
TN8506278;WIKIDATA;Q33506170
TN8506280;OSM;1351406368
TN8506280;SWISS;8506280
TN8506280;SWISS;8506280:2
TN8506280;UIC;8506280
TN8506280;WIKIDATA;Q16903415
TN8506281;OSM;41141842
TN8506281;SWISS;8506281
TN8506281;SWISS;8506281:1
TN8506281;SWISS;8506281:2
TN8506281;UIC;8506281
TN8506281;WIKIDATA;Q33506188
TN8506282;OSM;295308628
TN8506282;SWISS;8506282
TN8506282;UIC;8506282
TN8506282;WIKIDATA;Q33506201
TN8506283;OSM;5352651569
TN8506283;SWISS;8506283
TN8506283;SWISS;8506283:1
TN8506283;SWISS;8506283:2
TN8506283;UIC;8506283
TN8506283;WIKIDATA;Q33506215
TN8506284;OSM;41147989
TN8506284;SWISS;8506284
TN8506284;UIC;8506284
TN8506284;WIKIDATA;Q33506229
TN8506285;OSM;291432620
TN8506285;SWISS;8506285
TN8506285;UIC;8506285
TN8506285;WIKIDATA;Q33506244
TN8506286;OSM;2040133184
TN8506286;SWISS;8506286
TN8506286;SWISS;8506286:
TN8506286;SWISS;8506286:2
TN8506286;SWISS;8506286:3
TN8506286;SWISS;8506286:3/4
TN8506286;SWISS;8506286:4
TN8506286;SWISS;8506286:A
TN8506286;UIC;8506286
TN8506286;WIKIDATA;Q33506261
TN8506288;OSM;2040544557
TN8506288;SWISS;8506288
TN8506288;UIC;8506288
TN8506288;WIKIDATA;Q33506291
TN8506289;OSM;2040794201
TN8506289;SWISS;8506289
TN8506289;SWISS;8506289:1
TN8506289;UIC;8506289
TN8506289;WIKIDATA;Q33506307
TN8506290;OSM;1351166985
TN8506290;SWISS;8506290
TN8506290;SWISS;8506290:
TN8506290;SWISS;8506290:1
TN8506290;SWISS;8506290:11
TN8506290;SWISS;8506290:12
TN8506290;SWISS;8506290:2
TN8506290;SWISS;8506290:3
TN8506290;SWISS;8506290:30
TN8506290;SWISS;8506290:AB
TN8506290;SWISS;8506290:CD
TN8506290;UIC;8506290
TN8506290;WIKIDATA;Q15964151
TN8506291;OSM;294976499
TN8506291;SWISS;8506291
TN8506291;SWISS;8506291:1
TN8506291;UIC;8506291
TN8506291;WIKIDATA;Q33506338
TN8506292;OSM;1888488782
TN8506292;SWISS;8506292
TN8506292;SWISS;8506292:2
TN8506292;SWISS;8506292:3
TN8506292;UIC;8506292
TN8506292;WIKIDATA;Q33506347
TN8506293;OSM;294976331
TN8506293;SWISS;8506293
TN8506293;SWISS;8506293:
TN8506293;SWISS;8506293:2
TN8506293;UIC;8506293
TN8506293;WIKIDATA;Q33506355
TN8506294;OSM;984734050
TN8506294;SWISS;8506294
TN8506294;SWISS;8506294:
TN8506294;SWISS;8506294:1
TN8506294;SWISS;8506294:2
TN8506294;UIC;8506294
TN8506294;WIKIDATA;Q33506366
TN8506297;OSM;984733167
TN8506297;SWISS;8506297
TN8506297;SWISS;8506297:1
TN8506297;UIC;8506297
TN8506297;WIKIDATA;Q33506377
TN8506298;OSM;1825319424
TN8506298;SWISS;8506298
TN8506298;SWISS;8506298:1
TN8506298;UIC;8506298
TN8506298;WIKIDATA;Q33506386
TN8506299;OSM;1825319428
TN8506299;SWISS;8506299
TN8506299;SWISS;8506299:1
TN8506299;UIC;8506299
TN8506299;WIKIDATA;Q15214446
TN8506300;OSM;1349359710
TN8506300;SWISS;8506300
TN8506300;SWISS;8506300:1
TN8506300;SWISS;8506300:2
TN8506300;UIC;8506300
TN8506300;WIKIDATA;Q5847128
TN8506301;OSM;1349282462
TN8506301;SWISS;8506301
TN8506301;SWISS;8506301:1
TN8506301;SWISS;8506301:2
TN8506301;UIC;8506301
TN8506301;WIKIDATA;Q5847125
TN8506302;OSM;1346888802
TN8506302;SWISS;8506302
TN8506302;SWISS;8506302:
TN8506302;SWISS;8506302:1
TN8506302;SWISS;8506302:11
TN8506302;SWISS;8506302:12
TN8506302;SWISS;8506302:2
TN8506302;SWISS;8506302:3
TN8506302;SWISS;8506302:4
TN8506302;SWISS;8506302:5
TN8506302;SWISS;8506302:6
TN8506302;SWISS;8506302:7
TN8506302;SWISS;8506302:A-D
TN8506302;SWISS;8506302:AB
TN8506302;SWISS;8506302:C-E
TN8506302;SWISS;8506302:E-H
TN8506302;UIC;8506302
TN8506302;WIKIDATA;Q117694
TN8506303;OSM;2494757819
TN8506303;SWISS;8506303
TN8506303;SWISS;8506303:1
TN8506303;SWISS;8506303:3
TN8506303;SWISS;8506303:4
TN8506303;UIC;8506303
TN8506303;WIKIDATA;Q801453
TN8506304;OSM;1349145827
TN8506304;SWISS;8506304
TN8506304;SWISS;8506304:1
TN8506304;SWISS;8506304:2
TN8506304;UIC;8506304
TN8506304;WIKIDATA;Q15964195
TN8506305;OSM;1349145783
TN8506305;SWISS;8506305
TN8506305;SWISS;8506305:1
TN8506305;SWISS;8506305:2
TN8506305;UIC;8506305
TN8506305;WIKIDATA;Q15964149
TN8506306;OSM;1349145903
TN8506306;SWISS;8506306
TN8506306;SWISS;8506306:1
TN8506306;SWISS;8506306:2
TN8506306;UIC;8506306
TN8506306;WIKIDATA;Q15964243
TN8506307;OSM;1354654530
TN8506307;SWISS;8506307
TN8506307;SWISS;8506307:1
TN8506307;SWISS;8506307:2
TN8506307;UIC;8506307
TN8506307;WIKIDATA;Q15964148
TN8506308;OSM;1354779312
TN8506308;SWISS;8506308
TN8506308;SWISS;8506308:
TN8506308;SWISS;8506308:1
TN8506308;UIC;8506308
TN8506308;WIKIDATA;Q15964072
TN8506309;OSM;2510528837
TN8506309;SWISS;8506309
TN8506309;SWISS;8506309:1
TN8506309;UIC;8506309
TN8506309;WIKIDATA;Q15964123
TN8506311;OSM;1349145879
TN8506311;SWISS;8506311
TN8506311;SWISS;8506311:1
TN8506311;SWISS;8506311:2
TN8506311;SWISS;8506311:3
TN8506311;SWISS;8506311:4
TN8506311;SWISS;8506311:5
TN8506311;UIC;8506311
TN8506311;WIKIDATA;Q15639408
TN8506312;OSM;1170405678
TN8506312;SWISS;8506312
TN8506312;SWISS;8506312:1
TN8506312;SWISS;8506312:2
TN8506312;UIC;8506312
TN8506312;WIKIDATA;Q15964265
TN8506313;OSM;1364650809
TN8506313;SWISS;8506313
TN8506313;SWISS;8506313:1
TN8506313;SWISS;8506313:11
TN8506313;SWISS;8506313:2
TN8506313;UIC;8506313
TN8506313;WIKIDATA;Q15639347
TN8506314;OSM;4886725252
TN8506314;SWISS;8506314
TN8506314;SWISS;8506314:
TN8506314;SWISS;8506314:1
TN8506314;SWISS;8506314:2
TN8506314;SWISS;8506314:3
TN8506314;SWISS;8506314:54
TN8506314;UIC;8506314
TN8506314;WIKIDATA;Q15639432
TN8506316;OSM;1365243196
TN8506316;SWISS;8506316
TN8506316;SWISS;8506316:1
TN8506316;UIC;8506316
TN8506316;WIKIDATA;Q15964071
TN8506317;OSM;1365382704
TN8506317;SWISS;8506317
TN8506317;SWISS;8506317:1
TN8506317;SWISS;8506317:2
TN8506317;UIC;8506317
TN8506317;WIKIDATA;Q15964147
TN8506318;OSM;2031584146
TN8506318;SWISS;8506318
TN8506318;SWISS;8506318:1
TN8506318;UIC;8506318
TN8506318;WIKIDATA;Q15964222
TN8506319;OSM;2031997035
TN8506319;SWISS;8506319
TN8506319;SWISS;8506319:1
TN8506319;SWISS;8506319:2
TN8506319;SWISS;8506319:3
TN8506319;SWISS;8506319:A
TN8506319;SWISS;8506319:C
TN8506319;UIC;8506319
TN8506319;WIKIDATA;Q15964070
TN8506322;OSM;2496687343
TN8506322;SWISS;8506322
TN8506322;SWISS;8506322:1
TN8506322;SWISS;8506322:2
TN8506322;UIC;8506322
TN8506322;WIKIDATA;Q15964244
TN8506350;OSM;5352678325
TN8506350;SWISS;8506350
TN8506350;UIC;8506350
TN8506351;OSM;6786738144
TN8506351;SWISS;8506351
TN8506351;UIC;8506351
TN8506351;WIKIDATA;Q33506597
TN8506352;OSM;2498640506
TN8506352;SWISS;8506352
TN8506352;UIC;8506352
TN8506352;WIKIDATA;Q33506615
TN8506353;OSM;2498640507
TN8506353;SWISS;8506353
TN8506353;UIC;8506353
TN8506353;WIKIDATA;Q33506632
TN8506354;OSM;2498640504
TN8506354;SWISS;8506354
TN8506354;UIC;8506354
TN8506354;WIKIDATA;Q33506650
TN8506355;OSM;2498640502
TN8506355;SWISS;8506355
TN8506355;UIC;8506355
TN8506355;WIKIDATA;Q33506670
TN8506358;OSM;2338313418
TN8506358;SWISS;8506358
TN8506358;UIC;8506358
TN8506359;OSM;2338313410
TN8506359;SWISS;8506359
TN8506359;UIC;8506359
TN8506359;WIKIDATA;Q33506687
TN8506361;OSM;1346975631
TN8506361;SWISS;8506361
TN8506361;SWISS;8506361:
TN8506361;SWISS;8506361:2
TN8506361;UIC;8506361
TN8506361;WIKIDATA;Q33506698
TN8506362;OSM;1346975650
TN8506362;SWISS;8506362
TN8506362;SWISS;8506362:
TN8506362;SWISS;8506362:1
TN8506362;SWISS;8506362:2
TN8506362;UIC;8506362
TN8506362;WIKIDATA;Q33506717
TN8506364;OSM;1346975665
TN8506364;SWISS;8506364
TN8506364;SWISS;8506364:
TN8506364;SWISS;8506364:1
TN8506364;UIC;8506364
TN8506364;WIKIDATA;Q33506753
TN8506365;OSM;7169758977
TN8506365;SWISS;8506365
TN8506365;UIC;8506365
TN8506365;WIKIDATA;Q33506771
TN8506366;OSM;60769200
TN8506366;SWISS;8506366
TN8506366;SWISS;8506366:
TN8506366;SWISS;8506366:1
TN8506366;SWISS;8506366:2
TN8506366;UIC;8506366
TN8506366;WIKIDATA;Q33506780
TN8506367;OSM;605081667
TN8506367;SWISS;8506367
TN8506367;UIC;8506367
TN8506367;WIKIDATA;Q33506789
TN8506368;OSM;7169758978
TN8506368;SWISS;8506368
TN8506368;UIC;8506368
TN8506368;WIKIDATA;Q33506799
TN8506369;OSM;7169758979
TN8506369;SWISS;8506369
TN8506369;UIC;8506369
TN8506369;WIKIDATA;Q33506809
TN8506371;OSM;310826343
TN8506371;SWISS;8506371
TN8506371;UIC;8506371
TN8506371;WIKIDATA;Q33506827
TN8506372;OSM;1347073388
TN8506372;SWISS;8506372
TN8506372;UIC;8506372
TN8506372;WIKIDATA;Q33506837
TN8506373;OSM;1347073433
TN8506373;SWISS;8506373
TN8506373;SWISS;8506373:
TN8506373;SWISS;8506373:1
TN8506373;SWISS;8506373:2
TN8506373;UIC;8506373
TN8506373;WIKIDATA;Q33506846
TN8506374;OSM;7169758975
TN8506374;SWISS;8506374
TN8506374;UIC;8506374
TN8506374;WIKIDATA;Q33506855
TN8506375;OSM;2039027792
TN8506375;SWISS;8506375
TN8506375;SWISS;8506375:
TN8506375;SWISS;8506375:1
TN8506375;SWISS;8506375:2
TN8506375;SWISS;8506375:3
TN8506375;UIC;8506375
TN8506375;WIKIDATA;Q33506866
TN8506376;OSM;2038584248
TN8506376;SWISS;8506376
TN8506376;UIC;8506376
TN8506376;WIKIDATA;Q33506879
TN8506377;OSM;2038567622
TN8506377;SWISS;8506377
TN8506377;UIC;8506377
TN8506377;WIKIDATA;Q33506891
TN8506378;OSM;2036444760
TN8506378;SWISS;8506378
TN8506378;SWISS;8506378:
TN8506378;SWISS;8506378:1
TN8506378;SWISS;8506378:2
TN8506378;SWISS;8506378:3
TN8506378;UIC;8506378
TN8506378;WIKIDATA;Q33506900
TN8506379;OSM;2035405343
TN8506379;SWISS;8506379
TN8506379;UIC;8506379
TN8506379;WIKIDATA;Q33506910
TN8506380;OSM;7371045479
TN8506380;SWISS;8506380
TN8506380;UIC;8506380
TN8506380;WIKIDATA;Q33506921
TN8506381;OSM;2039979031
TN8506381;SWISS;8506381
TN8506381;SWISS;8506381:
TN8506381;SWISS;8506381:1
TN8506381;SWISS;8506381:2
TN8506381;UIC;8506381
TN8506381;WIKIDATA;Q33506933
TN8506382;OSM;7371045481
TN8506382;SWISS;8506382
TN8506382;UIC;8506382
TN8506382;WIKIDATA;Q33506942
TN8506383;OSM;7370690898
TN8506383;SWISS;8506383
TN8506383;UIC;8506383
TN8506383;WIKIDATA;Q33506951
TN8506384;OSM;7370690897
TN8506384;SWISS;8506384
TN8506384;UIC;8506384
TN8506384;WIKIDATA;Q33506962
TN8506385;OSM;2036318726
TN8506385;SWISS;8506385
TN8506385;UIC;8506385
TN8506385;WIKIDATA;Q33506972
TN8506386;OSM;7370690896
TN8506386;SWISS;8506386
TN8506386;UIC;8506386
TN8506386;WIKIDATA;Q33506982
TN8506387;OSM;7370690895
TN8506387;SWISS;8506387
TN8506387;UIC;8506387
TN8506387;WIKIDATA;Q33506993
TN8506388;OSM;7370690894
TN8506388;SWISS;8506388
TN8506388;UIC;8506388
TN8506388;WIKIDATA;Q33507002
TN8506389;OSM;2036280057
TN8506389;SWISS;8506389
TN8506389;UIC;8506389
TN8506389;WIKIDATA;Q33507013
TN8506392;OSM;1349112911
TN8506392;SWISS;8506392
TN8506392;SWISS;8506392:3
TN8506392;SWISS;8506392:4
TN8506392;UIC;8506392
TN8506392;WIKIDATA;Q15964245
TN8506393;OSM;1354868350
TN8506393;SWISS;8506393
TN8506393;SWISS;8506393:2
TN8506393;SWISS;8506393:3
TN8506393;UIC;8506393
TN8506393;WIKIDATA;Q15964309
TN8506394;OSM;1354868348
TN8506394;SWISS;8506394
TN8506394;SWISS;8506394:1
TN8506394;SWISS;8506394:2
TN8506394;UIC;8506394
TN8506394;WIKIDATA;Q33507037
TN8506395;OSM;25522992
TN8506395;SWISS;8506395
TN8506395;SWISS;8506395:2
TN8506395;SWISS;8506395:3
TN8506395;UIC;8506395
TN8506395;WIKIDATA;Q33507046
TN8506396;OSM;984751856
TN8506396;SWISS;8506396
TN8506396;SWISS;8506396:1
TN8506396;UIC;8506396
TN8506396;WIKIDATA;Q33507054
TN8506397;OSM;984751870
TN8506397;SWISS;8506397
TN8506397;SWISS;8506397:1
TN8506397;UIC;8506397
TN8506397;WIKIDATA;Q33507064
TN8506398;OSM;5352729692
TN8506398;SWISS;8506398
TN8506398;SWISS;8506398:1
TN8506398;UIC;8506398
TN8506398;WIKIDATA;Q33507079
TN8506400;OSM;2498640503
TN8506400;SWISS;8506400
TN8506400;UIC;8506400
TN8506400;WIKIDATA;Q33507091
TN8506470;OSM;7169758974
TN8506470;SWISS;8506470
TN8506470;UIC;8506470
TN8506470;WIKIDATA;Q33507107
TN8507000;OSM;3081154349
TN8507000;SWISS;8507000
TN8507000;SWISS;8507000:
TN8507000;SWISS;8507000:1
TN8507000;SWISS;8507000:10
TN8507000;SWISS;8507000:12
TN8507000;SWISS;8507000:13
TN8507000;SWISS;8507000:2
TN8507000;SWISS;8507000:21
TN8507000;SWISS;8507000:22
TN8507000;SWISS;8507000:23
TN8507000;SWISS;8507000:24
TN8507000;SWISS;8507000:3
TN8507000;SWISS;8507000:4
TN8507000;SWISS;8507000:49
TN8507000;SWISS;8507000:5
TN8507000;SWISS;8507000:50
TN8507000;SWISS;8507000:6
TN8507000;SWISS;8507000:7
TN8507000;SWISS;8507000:8
TN8507000;SWISS;8507000:9
TN8507000;SWISS;8507000:A-C
TN8507000;SWISS;8507000:A-D
TN8507000;SWISS;8507000:AB
TN8507000;SWISS;8507000:D-F
TN8507000;SWISS;8507000:E-H
TN8507000;SWISS;8507000:F-H
TN8507000;UIC;8507000
TN8507000;WIKIDATA;Q28870
TN8507002;OSM;3081154418
TN8507002;SWISS;8507002
TN8507002;SWISS;8507002:
TN8507002;SWISS;8507002:1
TN8507002;SWISS;8507002:2
TN8507002;UIC;8507002
TN8507002;WIKIDATA;Q31454228
TN8507003;OSM;3081154381
TN8507003;SWISS;8507003
TN8507003;SWISS;8507003:
TN8507003;SWISS;8507003:1
TN8507003;SWISS;8507003:2
TN8507003;SWISS;8507003:3
TN8507003;UIC;8507003
TN8507003;WIKIDATA;Q31454242
TN8507005;OSM;3081154426
TN8507005;SWISS;8507005
TN8507005;SWISS;8507005:
TN8507005;SWISS;8507005:1
TN8507005;SWISS;8507005:2
TN8507005;UIC;8507005
TN8507005;WIKIDATA;Q31454278
TN8507006;OSM;3081154413
TN8507006;SWISS;8507006
TN8507006;SWISS;8507006:
TN8507006;SWISS;8507006:1
TN8507006;SWISS;8507006:2
TN8507006;SWISS;8507006:3
TN8507006;UIC;8507006
TN8507006;WIKIDATA;Q31454313
TN8507007;OSM;3081154454
TN8507007;SWISS;8507007
TN8507007;SWISS;8507007:
TN8507007;SWISS;8507007:2
TN8507007;SWISS;8507007:3
TN8507007;UIC;8507007
TN8507007;WIKIDATA;Q31454354
TN8507008;OSM;1829415808
TN8507008;SWISS;8507008
TN8507008;SWISS;8507008:
TN8507008;SWISS;8507008:1
TN8507008;SWISS;8507008:2
TN8507008;UIC;8507008
TN8507009;OSM;3081154450
TN8507009;SWISS;8507009
TN8507009;SWISS;8507009:
TN8507009;SWISS;8507009:2
TN8507009;SWISS;8507009:3
TN8507009;UIC;8507009
TN8507009;WIKIDATA;Q31454434
TN8507063;OSM;688686496
TN8507063;SWISS;8507063
TN8507063;SWISS;8507063:3
TN8507063;SWISS;8507063:4
TN8507063;UIC;8507063
TN8507063;WIKIDATA;Q33507172
TN8507064;OSM;8376141918
TN8507064;SWISS;8507064
TN8507064;SWISS;8507064:1
TN8507064;UIC;8507064
TN8507064;WIKIDATA;Q33507181
TN8507065;OSM;2620062615
TN8507065;SWISS;8507065
TN8507065;SWISS;8507065:1
TN8507065;SWISS;8507065:2
TN8507065;UIC;8507065
TN8507065;WIKIDATA;Q33507190
TN8507066;OSM;3809691479
TN8507066;SWISS;8507066
TN8507066;SWISS;8507066:1
TN8507066;UIC;8507066
TN8507066;WIKIDATA;Q33507203
TN8507067;OSM;3809691478
TN8507067;SWISS;8507067
TN8507067;SWISS;8507067:1
TN8507067;UIC;8507067
TN8507068;OSM;2620076962
TN8507068;SWISS;8507068
TN8507068;SWISS;8507068:1
TN8507068;SWISS;8507068:2
TN8507068;UIC;8507068
TN8507068;WIKIDATA;Q33507229
TN8507069;OSM;3808299602
TN8507069;SWISS;8507069
TN8507069;SWISS;8507069:1
TN8507069;SWISS;8507069:2
TN8507069;UIC;8507069
TN8507069;WIKIDATA;Q33507245
TN8507070;OSM;3081154449
TN8507070;SWISS;8507070
TN8507070;SWISS;8507070:2
TN8507070;SWISS;8507070:3
TN8507070;UIC;8507070
TN8507070;WIKIDATA;Q33507262
TN8507071;OSM;3081154434
TN8507071;SWISS;8507071
TN8507071;UIC;8507071
TN8507071;WIKIDATA;Q33507275
TN8507072;OSM;3081154353
TN8507072;SWISS;8507072
TN8507072;SWISS;8507072:1
TN8507072;SWISS;8507072:2
TN8507072;UIC;8507072
TN8507072;WIKIDATA;Q33507294
TN8507073;OSM;3081154443
TN8507073;SWISS;8507073
TN8507073;UIC;8507073
TN8507073;WIKIDATA;Q33507310
TN8507074;OSM;2014914353
TN8507074;SWISS;8507074
TN8507074;SWISS;8507074:1
TN8507074;SWISS;8507074:2
TN8507074;UIC;8507074
TN8507075;OSM;3081154445
TN8507075;SWISS;8507075
TN8507075;SWISS;8507075:1
TN8507075;SWISS;8507075:2
TN8507075;UIC;8507075
TN8507075;WIKIDATA;Q15964294
TN8507076;OSM;3081154347
TN8507076;SWISS;8507076
TN8507076;SWISS;8507076:1
TN8507076;SWISS;8507076:2
TN8507076;SWISS;8507076:3
TN8507076;UIC;8507076
TN8507076;WIKIDATA;Q15964076
TN8507077;OSM;3081154387
TN8507077;SWISS;8507077
TN8507077;SWISS;8507077:1
TN8507077;SWISS;8507077:2
TN8507077;UIC;8507077
TN8507077;WIKIDATA;Q33507357
TN8507078;OSM;3081154452
TN8507078;SWISS;8507078
TN8507078;SWISS;8507078:1
TN8507078;SWISS;8507078:2
TN8507078;UIC;8507078
TN8507078;WIKIDATA;Q33507372
TN8507079;OSM;3081154348
TN8507079;SWISS;8507079
TN8507079;SWISS;8507079:1
TN8507079;SWISS;8507079:2
TN8507079;UIC;8507079
TN8507079;WIKIDATA;Q33507383
TN8507083;OSM;3081154390
TN8507083;SWISS;8507083
TN8507083;SWISS;8507083:1
TN8507083;SWISS;8507083:2
TN8507083;UIC;8507083
TN8507083;WIKIDATA;Q33507421
TN8507084;OSM;2022943248
TN8507084;SWISS;8507084
TN8507084;SWISS;8507084:1
TN8507084;UIC;8507084
TN8507084;WIKIDATA;Q33507437
TN8507085;OSM;2022954220
TN8507085;SWISS;8507085
TN8507085;SWISS;8507085:1
TN8507085;SWISS;8507085:2
TN8507085;UIC;8507085
TN8507085;WIKIDATA;Q33507448
TN8507086;OSM;3081154416
TN8507086;SWISS;8507086
TN8507086;SWISS;8507086:2
TN8507086;SWISS;8507086:3
TN8507086;UIC;8507086
TN8507086;WIKIDATA;Q33507465
TN8507087;OSM;2023106356
TN8507087;SWISS;8507087
TN8507087;SWISS;8507087:1
TN8507087;SWISS;8507087:2
TN8507087;UIC;8507087
TN8507087;WIKIDATA;Q33507480
TN8507088;OSM;3081154395
TN8507088;SWISS;8507088
TN8507088;SWISS;8507088:1
TN8507088;UIC;8507088
TN8507088;WIKIDATA;Q33507491
TN8507089;OSM;3081154431
TN8507089;SWISS;8507089
TN8507089;SWISS;8507089:1
TN8507089;SWISS;8507089:2
TN8507089;UIC;8507089
TN8507089;WIKIDATA;Q33507507
TN8507091;OSM;2022960561
TN8507091;SWISS;8507091
TN8507091;UIC;8507091
TN8507091;WIKIDATA;Q33507525
TN8507092;OSM;2014866998
TN8507092;SWISS;8507092
TN8507092;SWISS;8507092:1
TN8507092;SWISS;8507092:2
TN8507092;UIC;8507092
TN8507092;WIKIDATA;Q33507542
TN8507093;OSM;158849968
TN8507093;SWISS;8507093
TN8507093;SWISS;8507093:1
TN8507093;SWISS;8507093:2
TN8507093;UIC;8507093
TN8507093;WIKIDATA;Q33507556
TN8507094;OSM;6213045104
TN8507094;SWISS;8507094
TN8507094;SWISS;8507094:1
TN8507094;SWISS;8507094:2
TN8507094;UIC;8507094
TN8507094;WIKIDATA;Q33507569
TN8507095;OSM;2023106362
TN8507095;SWISS;8507095
TN8507095;UIC;8507095
TN8507096;OSM;2055907448
TN8507096;SWISS;8507096
TN8507096;SWISS;8507096:1
TN8507096;SWISS;8507096:2
TN8507096;UIC;8507096
TN8507096;WIKIDATA;Q33507596
TN8507100;OSM;3081154442
TN8507100;SWISS;8507100
TN8507100;SWISS;8507100:
TN8507100;SWISS;8507100:1
TN8507100;SWISS;8507100:16
TN8507100;SWISS;8507100:18
TN8507100;SWISS;8507100:2
TN8507100;SWISS;8507100:3
TN8507100;SWISS;8507100:4
TN8507100;SWISS;8507100:5
TN8507100;UIC;8507100
TN8507100;WIKIDATA;Q801516
TN8507270;OSM;6314760040
TN8507270;SWISS;8507270
TN8507270;SWISS;8507270:1
TN8507270;SWISS;8507270:2
TN8507270;UIC;8507270
TN8507270;WIKIDATA;Q33507614
TN8507271;OSM;187228398
TN8507271;SWISS;8507271
TN8507271;UIC;8507271
TN8507271;WIKIDATA;Q33507623
TN8507272;OSM;3877902839
TN8507272;SWISS;8507272
TN8507272;SWISS;8507272:1
TN8507272;SWISS;8507272:2
TN8507272;UIC;8507272
TN8507272;WIKIDATA;Q33507635
TN8507273;OSM;6136596724
TN8507273;SWISS;8507273
TN8507273;UIC;8507273
TN8507273;WIKIDATA;Q33507645
TN8507274;OSM;2663516100
TN8507274;SWISS;8507274
TN8507274;UIC;8507274
TN8507274;WIKIDATA;Q33507653
TN8507275;OSM;2662923136
TN8507275;SWISS;8507275
TN8507275;UIC;8507275
TN8507275;WIKIDATA;Q33507664
TN8507276;OSM;2662927320
TN8507276;SWISS;8507276
TN8507276;UIC;8507276
TN8507276;WIKIDATA;Q33507673
TN8507277;OSM;555006353
TN8507277;SWISS;8507277
TN8507277;UIC;8507277
TN8507277;WIKIDATA;Q33507683
TN8507278;OSM;983835278
TN8507278;SWISS;8507278
TN8507278;UIC;8507278
TN8507278;WIKIDATA;Q33507693
TN8507279;OSM;8131826725
TN8507279;SWISS;8507279
TN8507279;UIC;8507279
TN8507279;WIKIDATA;Q33507697
TN8507281;OSM;2112820736
TN8507281;SWISS;8507281
TN8507281;UIC;8507281
TN8507281;WIKIDATA;Q33507703
TN8507284;OSM;3074926247
TN8507284;SWISS;8507284
TN8507284;UIC;8507284
TN8507284;WIKIDATA;Q33507707
TN8507286;OSM;2116757796
TN8507286;SWISS;8507286
TN8507286;UIC;8507286
TN8507286;WIKIDATA;Q33507717
TN8507287;OSM;8176304043
TN8507287;SWISS;8507287
TN8507287;UIC;8507287
TN8507288;OSM;2140608102
TN8507288;SWISS;8507288
TN8507288;UIC;8507288
TN8507288;WIKIDATA;Q33507739
TN8507290;OSM;2752093541
TN8507290;SWISS;8507290
TN8507290;SWISS;8507290:12
TN8507290;SWISS;8507290:3
TN8507290;SWISS;8507290:4
TN8507290;SWISS;8507290:5
TN8507290;SWISS;8507290:6
TN8507290;SWISS;8507290:7
TN8507290;SWISS;8507290:8
TN8507290;UIC;8507290
TN8507290;WIKIDATA;Q15964311
TN8507291;OSM;3080728391
TN8507291;SWISS;8507291
TN8507291;UIC;8507291
TN8507291;WIKIDATA;Q33507757
TN8507292;OSM;3080728370
TN8507292;SWISS;8507292
TN8507292;SWISS;8507292:1
TN8507292;SWISS;8507292:2
TN8507292;UIC;8507292
TN8507292;WIKIDATA;Q33507765
TN8507293;OSM;3080728386
TN8507293;SWISS;8507293
TN8507293;UIC;8507293
TN8507293;WIKIDATA;Q33507775
TN8507294;OSM;3080728392
TN8507294;SWISS;8507294
TN8507294;UIC;8507294
TN8507294;WIKIDATA;Q33507785
TN8507295;OSM;3080728375
TN8507295;SWISS;8507295
TN8507295;SWISS;8507295:1
TN8507295;SWISS;8507295:2
TN8507295;UIC;8507295
TN8507295;WIKIDATA;Q33507795
TN8507296;OSM;3080728376
TN8507296;SWISS;8507296
TN8507296;SWISS;8507296:1
TN8507296;SWISS;8507296:2
TN8507296;UIC;8507296
TN8507296;WIKIDATA;Q33507807
TN8507297;OSM;3080728387
TN8507297;SWISS;8507297
TN8507297;SWISS;8507297:1
TN8507297;SWISS;8507297:2
TN8507297;UIC;8507297
TN8507297;WIKIDATA;Q33507823
TN8507298;OSM;2140550810
TN8507298;SWISS;8507298
TN8507298;SWISS;8507298:1
TN8507298;SWISS;8507298:2
TN8507298;UIC;8507298
TN8507298;WIKIDATA;Q33507839
TN8507299;OSM;2140608108
TN8507299;SWISS;8507299
TN8507299;UIC;8507299
TN8507299;WIKIDATA;Q33507853
TN8507361;OSM;4313036324
TN8507361;SWISS;8507361
TN8507361;SWISS;8507361:1
TN8507361;SWISS;8507361:2
TN8507361;SWISS;8507361:3
TN8507361;UIC;8507361
TN8507361;WIKIDATA;Q800710
TN8507364;OSM;4313036325
TN8507364;SWISS;8507364
TN8507364;SWISS;8507364:1
TN8507364;SWISS;8507364:3
TN8507364;UIC;8507364
TN8507364;WIKIDATA;Q3695590
TN8507372;OSM;12070060833
TN8507372;SWISS;8507372
TN8507372;SWISS;8507372:1
TN8507372;SWISS;8507372:2
TN8507372;SWISS;8507372:3
TN8507372;UIC;8507372
TN8507372;WIKIDATA;Q5636610
TN8507373;OSM;4161784980
TN8507373;SWISS;8507373
TN8507373;SWISS;8507373:1
TN8507373;UIC;8507373
TN8507373;WIKIDATA;Q7982859
TN8507374;OSM;3668308747
TN8507374;SWISS;8507374
TN8507374;SWISS;8507374:
TN8507374;SWISS;8507374:11
TN8507374;SWISS;8507374:21
TN8507374;SWISS;8507374:3
TN8507374;UIC;8507374
TN8507374;WIKIDATA;Q869540
TN8507375;OSM;3816971171
TN8507375;SWISS;8507375
TN8507375;SWISS;8507375:
TN8507375;SWISS;8507375:1
TN8507375;UIC;8507375
TN8507375;WIKIDATA;Q4735442
TN8507376;OSM;6037884615
TN8507376;SWISS;8507376
TN8507376;SWISS;8507376:
TN8507376;SWISS;8507376:1
TN8507376;UIC;8507376
TN8507376;WIKIDATA;Q5609422
TN8507380;OSM;6037884614
TN8507380;SWISS;8507380
TN8507380;SWISS;8507380:
TN8507380;SWISS;8507380:2
TN8507380;SWISS;8507380:3
TN8507380;UIC;8507380
TN8507380;WIKIDATA;Q5609422
TN8507381;OSM;6037884613
TN8507381;SWISS;8507381
TN8507381;SWISS;8507381:2
TN8507381;UIC;8507381
TN8507381;WIKIDATA;Q7433271
TN8507382;OSM;4611497644
TN8507382;SWISS;8507382
TN8507382;SWISS;8507382:1
TN8507382;SWISS;8507382:2
TN8507382;UIC;8507382
TN8507382;WIKIDATA;Q4998659
TN8507383;OSM;4611497645
TN8507383;SWISS;8507383
TN8507383;SWISS;8507383:2
TN8507383;UIC;8507383
TN8507383;WIKIDATA;Q6711578
TN8507384;OSM;6037884620
TN8507384;SWISS;8507384
TN8507384;SWISS;8507384:2
TN8507384;SWISS;8507384:3
TN8507384;SWISS;8507384:4
TN8507384;UIC;8507384
TN8507384;WIKIDATA;Q1278888
TN8507386;OSM;3790241420
TN8507386;SWISS;8507386
TN8507386;UIC;8507386
TN8507386;WIKIDATA;Q4960452
TN8507387;OSM;6037884622
TN8507387;SWISS;8507387
TN8507387;SWISS;8507387:
TN8507387;SWISS;8507387:1
TN8507387;UIC;8507387
TN8507387;WIKIDATA;Q617181
TN8507388;OSM;13474047137
TN8507388;SWISS;8507388
TN8507388;SWISS;8507388:
TN8507388;SWISS;8507388:2
TN8507388;SWISS;8507388:3
TN8507388;SWISS;8507388:AB
TN8507388;SWISS;8507388:CD
TN8507388;UIC;8507388
TN8507388;WIKIDATA;Q8001195
TN8507389;OSM;6037884621
TN8507389;SWISS;8507389
TN8507389;SWISS;8507389:1
TN8507389;SWISS;8507389:2
TN8507389;SWISS;8507389:AB
TN8507389;SWISS;8507389:CD
TN8507389;UIC;8507389
TN8507389;WIKIDATA;Q8075650
TN8507470;OSM;12592521074
TN8507470;SWISS;8507470
TN8507470;SWISS;8507470:2
TN8507470;SWISS;8507470:3
TN8507470;UIC;8507470
TN8507471;OSM;4485700468
TN8507471;SWISS;8507471
TN8507471;SWISS;8507471:
TN8507471;SWISS;8507471:1
TN8507471;SWISS;8507471:2
TN8507471;UIC;8507471
TN8507471;WIKIDATA;Q15216169
TN8507472;OSM;3080728369
TN8507472;SWISS;8507472
TN8507472;SWISS;8507472:
TN8507472;SWISS;8507472:2
TN8507472;SWISS;8507472:3
TN8507472;UIC;8507472
TN8507472;WIKIDATA;Q15194031
TN8507473;OSM;3080728381
TN8507473;SWISS;8507473
TN8507473;SWISS;8507473:
TN8507473;SWISS;8507473:2
TN8507473;SWISS;8507473:3
TN8507473;UIC;8507473
TN8507473;WIKIDATA;Q15224429
TN8507474;OSM;3080728379
TN8507474;SWISS;8507474
TN8507474;SWISS;8507474:
TN8507474;SWISS;8507474:1
TN8507474;SWISS;8507474:2
TN8507474;UIC;8507474
TN8507474;WIKIDATA;Q15072301
TN8507475;OSM;3080728382
TN8507475;SWISS;8507475
TN8507475;SWISS;8507475:
TN8507475;SWISS;8507475:1
TN8507475;SWISS;8507475:2
TN8507475;UIC;8507475
TN8507475;WIKIDATA;Q15233436
TN8507478;OSM;3080728378
TN8507478;SWISS;8507478
TN8507478;SWISS;8507478:
TN8507478;SWISS;8507478:1
TN8507478;SWISS;8507478:2
TN8507478;SWISS;8507478:3
TN8507478;UIC;8507478
TN8507478;WIKIDATA;Q5643489
TN8507480;OSM;3080728388
TN8507480;SWISS;8507480
TN8507480;SWISS;8507480:
TN8507480;SWISS;8507480:1
TN8507480;SWISS;8507480:2
TN8507480;UIC;8507480
TN8507480;WIKIDATA;Q15272265
TN8507481;OSM;3080728385
TN8507481;SWISS;8507481
TN8507481;SWISS;8507481:
TN8507481;SWISS;8507481:1
TN8507481;SWISS;8507481:2
TN8507481;UIC;8507481
TN8507481;WIKIDATA;Q15260581
TN8507483;OSM;3080728389
TN8507483;SWISS;8507483
TN8507483;SWISS;8507483:
TN8507483;SWISS;8507483:1
TN8507483;SWISS;8507483:2
TN8507483;SWISS;8507483:3
TN8507483;SWISS;8507483:4
TN8507483;SWISS;8507483:5
TN8507483;SWISS;8507483:AB
TN8507483;SWISS;8507483:CD
TN8507483;UIC;8507483
TN8507483;WIKIDATA;Q1709253
TN8507492;OSM;3114762827
TN8507492;SWISS;8507492
TN8507492;SWISS;8507492:1
TN8507492;SWISS;8507492:2
TN8507492;SWISS;8507492:3
TN8507492;SWISS;8507492:4
TN8507492;SWISS;8507492:5
TN8507492;SWISS;8507492:7
TN8507492;SWISS;8507492:8
TN8507492;SWISS;8507492:A
TN8507492;SWISS;8507492:B
TN8507492;UIC;8507492
TN8507492;WIKIDATA;Q672006
TN8507493;OSM;3080372092
TN8507493;SWISS;8507493
TN8507493;SWISS;8507493:1
TN8507493;SWISS;8507493:2
TN8507493;UIC;8507493
TN8507493;WIKIDATA;Q663794
TN8507550;OSM;5292629070
TN8507550;SWISS;8507550
TN8507550;SWISS;8507550:1
TN8507550;UIC;8507550
TN8507550;WIKIDATA;Q4732953
TN8507552;OSM;4377500956
TN8507552;SWISS;8507552
TN8507552;SWISS;8507552:
TN8507552;SWISS;8507552:1
TN8507552;UIC;8507552
TN8507552;WIKIDATA;Q4956623
TN8507555;OSM;4161782530
TN8507555;SWISS;8507555
TN8507555;SWISS;8507555:1
TN8507555;UIC;8507555
TN8507555;WIKIDATA;Q7982862
TN8508001;OSM;3081154432
TN8508001;SWISS;8508001
TN8508001;SWISS;8508001:3
TN8508001;SWISS;8508001:4
TN8508001;UIC;8508001
TN8508001;WIKIDATA;Q31454456
TN8508003;OSM;3835307276
TN8508003;SWISS;8508003
TN8508003;SWISS;8508003:1
TN8508003;SWISS;8508003:2
TN8508003;UIC;8508003
TN8508003;WIKIDATA;Q31454471
TN8508004;OSM;3091234665
TN8508004;SWISS;8508004
TN8508004;SWISS;8508004:1
TN8508004;SWISS;8508004:2
TN8508004;UIC;8508004
TN8508005;OSM;2887957046
TN8508005;SWISS;8508005
TN8508005;SWISS;8508005:1
TN8508005;SWISS;8508005:11
TN8508005;SWISS;8508005:2
TN8508005;SWISS;8508005:3
TN8508005;SWISS;8508005:4
TN8508005;SWISS;8508005:5
TN8508005;SWISS;8508005:A
TN8508005;SWISS;8508005:AB
TN8508005;SWISS;8508005:B
TN8508005;SWISS;8508005:BC
TN8508005;SWISS;8508005:C
TN8508005;SWISS;8508005:CD
TN8508005;UIC;8508005
TN8508005;WIKIDATA;Q5845864
TN8508006;OSM;3081128641
TN8508006;SWISS;8508006
TN8508006;SWISS;8508006:1
TN8508006;SWISS;8508006:2
TN8508006;UIC;8508006
TN8508006;WIKIDATA;Q5847534
TN8508008;OSM;3081128600
TN8508008;SWISS;8508008
TN8508008;SWISS;8508008:1
TN8508008;SWISS;8508008:2
TN8508008;UIC;8508008
TN8508008;WIKIDATA;Q5846371
TN8508051;OSM;3809847197
TN8508051;SWISS;8508051
TN8508051;SWISS;8508051:1
TN8508051;SWISS;8508051:2
TN8508051;UIC;8508051
TN8508051;WIKIDATA;Q33508961
TN8508052;OSM;3809847201
TN8508052;SWISS;8508052
TN8508052;SWISS;8508052:1
TN8508052;SWISS;8508052:2
TN8508052;UIC;8508052
TN8508052;WIKIDATA;Q33508970
TN8508053;OSM;3809847198
TN8508053;SWISS;8508053
TN8508053;SWISS;8508053:1
TN8508053;UIC;8508053
TN8508053;WIKIDATA;Q33508979
TN8508054;OSM;3081154456
TN8508054;SWISS;8508054
TN8508054;SWISS;8508054:1
TN8508054;SWISS;8508054:2
TN8508054;SWISS;8508054:3
TN8508054;SWISS;8508054:4
TN8508054;SWISS;8508054:5
TN8508054;SWISS;8508054:6
TN8508054;UIC;8508054
TN8508054;WIKIDATA;Q33508989
TN8508055;OSM;3809847202
TN8508055;SWISS;8508055
TN8508055;SWISS;8508055:1
TN8508055;UIC;8508055
TN8508055;WIKIDATA;Q33509000
TN8508056;OSM;3809746731
TN8508056;SWISS;8508056
TN8508056;SWISS;8508056:1
TN8508056;SWISS;8508056:2
TN8508056;UIC;8508056
TN8508056;WIKIDATA;Q33509008
TN8508057;OSM;983969271
TN8508057;SWISS;8508057
TN8508057;SWISS;8508057:1
TN8508057;SWISS;8508057:2
TN8508057;UIC;8508057
TN8508057;WIKIDATA;Q33509018
TN8508058;OSM;3304941061
TN8508058;SWISS;8508058
TN8508058;SWISS;8508058:1
TN8508058;SWISS;8508058:2
TN8508058;UIC;8508058
TN8508058;WIKIDATA;Q33509028
TN8508059;OSM;3081154384
TN8508059;SWISS;8508059
TN8508059;SWISS;8508059:2
TN8508059;SWISS;8508059:3
TN8508059;UIC;8508059
TN8508059;WIKIDATA;Q33509038
TN8508060;OSM;3081154385
TN8508060;SWISS;8508060
TN8508060;SWISS;8508060:1
TN8508060;SWISS;8508060:2
TN8508060;UIC;8508060
TN8508060;WIKIDATA;Q33509049
TN8508061;OSM;3809746730
TN8508061;SWISS;8508061
TN8508061;SWISS;8508061:1
TN8508061;SWISS;8508061:2
TN8508061;UIC;8508061
TN8508061;WIKIDATA;Q33509064
TN8508062;OSM;3081154358
TN8508062;SWISS;8508062
TN8508062;SWISS;8508062:1
TN8508062;UIC;8508062
TN8508062;WIKIDATA;Q33509075
TN8508063;OSM;3809746733
TN8508063;SWISS;8508063
TN8508063;SWISS;8508063:1
TN8508063;UIC;8508063
TN8508064;OSM;3081128591
TN8508064;SWISS;8508064
TN8508064;SWISS;8508064:1
TN8508064;SWISS;8508064:2
TN8508064;UIC;8508064
TN8508064;WIKIDATA;Q33509114
TN8508066;OSM;3081128611
TN8508066;SWISS;8508066
TN8508066;SWISS;8508066:3
TN8508066;UIC;8508066
TN8508066;WIKIDATA;Q33509126
TN8508068;OSM;2472416440
TN8508068;SWISS;8508068
TN8508068;SWISS;8508068:1
TN8508068;SWISS;8508068:2
TN8508068;UIC;8508068
TN8508068;WIKIDATA;Q33509137
TN8508070;OSM;3809746732
TN8508070;SWISS;8508070
TN8508070;SWISS;8508070:1
TN8508070;SWISS;8508070:2
TN8508070;UIC;8508070
TN8508070;WIKIDATA;Q33509147
TN8508071;OSM;6953226434
TN8508071;SWISS;8508071
TN8508071;SWISS;8508071:1
TN8508071;SWISS;8508071:2
TN8508071;UIC;8508071
TN8508071;WIKIDATA;Q33509157
TN8508080;OSM;3081128622
TN8508080;SWISS;8508080
TN8508080;SWISS;8508080:2
TN8508080;SWISS;8508080:3
TN8508080;UIC;8508080
TN8508080;WIKIDATA;Q33509168
TN8508081;OSM;2887957047
TN8508081;SWISS;8508081
TN8508081;SWISS;8508081:1
TN8508081;SWISS;8508081:2
TN8508081;UIC;8508081
TN8508081;WIKIDATA;Q33509180
TN8508083;OSM;315935032
TN8508083;SWISS;8508083
TN8508083;UIC;8508083
TN8508083;WIKIDATA;Q33509192
TN8508084;OSM;3081128604
TN8508084;SWISS;8508084
TN8508084;SWISS;8508084:1
TN8508084;SWISS;8508084:2
TN8508084;UIC;8508084
TN8508084;WIKIDATA;Q33509202
TN8508085;OSM;3081128587
TN8508085;SWISS;8508085
TN8508085;SWISS;8508085:1
TN8508085;SWISS;8508085:2
TN8508085;UIC;8508085
TN8508085;WIKIDATA;Q15964077
TN8508086;OSM;8131420240
TN8508086;SWISS;8508086
TN8508086;SWISS;8508086:1
TN8508086;SWISS;8508086:2
TN8508086;UIC;8508086
TN8508086;WIKIDATA;Q15964296
TN8508087;OSM;3081128638
TN8508087;SWISS;8508087
TN8508087;SWISS;8508087:2
TN8508087;SWISS;8508087:3
TN8508087;UIC;8508087
TN8508087;WIKIDATA;Q15964295
TN8508088;OSM;3081128597
TN8508088;SWISS;8508088
TN8508088;SWISS;8508088:1
TN8508088;UIC;8508088
TN8508088;WIKIDATA;Q33509247
TN8508089;OSM;3081128590
TN8508089;SWISS;8508089
TN8508089;SWISS;8508089:1
TN8508089;UIC;8508089
TN8508089;WIKIDATA;Q33509259
TN8508100;OSM;3081128607
TN8508100;SWISS;8508100
TN8508100;SWISS;8508100:1
TN8508100;SWISS;8508100:13
TN8508100;SWISS;8508100:14
TN8508100;SWISS;8508100:2
TN8508100;SWISS;8508100:3
TN8508100;UIC;8508100
TN8508100;WIKIDATA;Q5846546
TN8508101;OSM;3092099794
TN8508101;SWISS;8508101
TN8508101;SWISS;8508101:3
TN8508101;SWISS;8508101:4
TN8508101;UIC;8508101
TN8508101;WIKIDATA;Q15964248
TN8508102;OSM;3081128617
TN8508102;SWISS;8508102
TN8508102;SWISS;8508102:1
TN8508102;SWISS;8508102:2
TN8508102;UIC;8508102
TN8508102;WIKIDATA;Q15964196
TN8508103;OSM;3876626738
TN8508103;SWISS;8508103
TN8508103;SWISS;8508103:1
TN8508103;SWISS;8508103:4
TN8508103;UIC;8508103
TN8508103;WIKIDATA;Q15964247
TN8508174;OSM;2048030448
TN8508174;SWISS;8508174
TN8508174;UIC;8508174
TN8508174;WIKIDATA;Q33509523
TN8508181;OSM;2048030452
TN8508181;SWISS;8508181
TN8508181;SWISS;8508181:1
TN8508181;UIC;8508181
TN8508181;WIKIDATA;Q33509534
TN8508182;OSM;3081128612
TN8508182;SWISS;8508182
TN8508182;SWISS;8508182:
TN8508182;SWISS;8508182:1
TN8508182;UIC;8508182
TN8508182;WIKIDATA;Q33509551
TN8508183;OSM;3081128614
TN8508183;SWISS;8508183
TN8508183;SWISS;8508183:2
TN8508183;SWISS;8508183:3
TN8508183;UIC;8508183
TN8508183;WIKIDATA;Q33509563
TN8508184;OSM;3081128609
TN8508184;SWISS;8508184
TN8508184;SWISS;8508184:1
TN8508184;UIC;8508184
TN8508184;WIKIDATA;Q33509579
TN8508185;OSM;3081128605
TN8508185;SWISS;8508185
TN8508185;UIC;8508185
TN8508185;WIKIDATA;Q33509595
TN8508186;OSM;3081128628
TN8508186;SWISS;8508186
TN8508186;SWISS;8508186:1
TN8508186;UIC;8508186
TN8508186;WIKIDATA;Q33509613
TN8508187;OSM;3081128601
TN8508187;SWISS;8508187
TN8508187;SWISS;8508187:1
TN8508187;SWISS;8508187:2
TN8508187;SWISS;8508187:3
TN8508187;UIC;8508187
TN8508187;WIKIDATA;Q33509628
TN8508200;OSM;3081154455
TN8508200;SWISS;8508200
TN8508200;SWISS;8508200:2
TN8508200;SWISS;8508200:3
TN8508200;UIC;8508200
TN8508200;WIKIDATA;Q31454500
TN8508201;OSM;3081154448
TN8508201;SWISS;8508201
TN8508201;SWISS;8508201:1
TN8508201;SWISS;8508201:2
TN8508201;UIC;8508201
TN8508201;WIKIDATA;Q31454513
TN8508202;OSM;3081154389
TN8508202;SWISS;8508202
TN8508202;SWISS;8508202:2
TN8508202;SWISS;8508202:3
TN8508202;SWISS;8508202:4
TN8508202;SWISS;8508202:5
TN8508202;SWISS;8508202:6
TN8508202;UIC;8508202
TN8508202;WIKIDATA;Q15964172
TN8508203;OSM;3836061409
TN8508203;SWISS;8508203
TN8508203;SWISS;8508203:1
TN8508203;SWISS;8508203:2
TN8508203;UIC;8508203
TN8508203;WIKIDATA;Q31454526
TN8508204;OSM;1867062538
TN8508204;SWISS;8508204
TN8508204;SWISS;8508204:1
TN8508204;UIC;8508204
TN8508204;WIKIDATA;Q31454541
TN8508205;OSM;3836061408
TN8508205;SWISS;8508205
TN8508205;SWISS;8508205:1
TN8508205;SWISS;8508205:2
TN8508205;UIC;8508205
TN8508205;WIKIDATA;Q31454556
TN8508206;OSM;3081128595
TN8508206;SWISS;8508206
TN8508206;SWISS;8508206:1
TN8508206;UIC;8508206
TN8508206;WIKIDATA;Q31454572
TN8508207;OSM;5132879028
TN8508207;SWISS;8508207
TN8508207;SWISS;8508207:1
TN8508207;SWISS;8508207:2
TN8508207;SWISS;8508207:3
TN8508207;SWISS;8508207:A
TN8508207;SWISS;8508207:BC
TN8508207;UIC;8508207
TN8508207;WIKIDATA;Q15964171
TN8508208;OSM;3081128634
TN8508208;SWISS;8508208
TN8508208;SWISS;8508208:2
TN8508208;SWISS;8508208:3
TN8508208;UIC;8508208
TN8508208;WIKIDATA;Q31454589
TN8508210;OSM;3080372086
TN8508210;SWISS;8508210
TN8508210;SWISS;8508210:1
TN8508210;SWISS;8508210:2
TN8508210;UIC;8508210
TN8508210;WIKIDATA;Q31454600
TN8508211;OSM;3080372098
TN8508211;SWISS;8508211
TN8508211;SWISS;8508211:2
TN8508211;SWISS;8508211:3
TN8508211;UIC;8508211
TN8508211;WIKIDATA;Q31454616
TN8508212;OSM;3081128599
TN8508212;SWISS;8508212
TN8508212;SWISS;8508212:1
TN8508212;UIC;8508212
TN8508212;WIKIDATA;Q31454631
TN8508213;OSM;3081128596
TN8508213;SWISS;8508213
TN8508213;SWISS;8508213:
TN8508213;SWISS;8508213:2
TN8508213;SWISS;8508213:3
TN8508213;UIC;8508213
TN8508213;WIKIDATA;Q31454644
TN8508215;OSM;3081128640
TN8508215;SWISS;8508215
TN8508215;SWISS;8508215:1
TN8508215;SWISS;8508215:2
TN8508215;SWISS;8508215:3
TN8508215;SWISS;8508215:AB
TN8508215;SWISS;8508215:CD
TN8508215;UIC;8508215
TN8508215;WIKIDATA;Q31454658
TN8508216;OSM;3074886745
TN8508216;SWISS;8508216
TN8508216;SWISS;8508216:1
TN8508216;UIC;8508216
TN8508216;WIKIDATA;Q31454672
TN8508217;OSM;3081128630
TN8508217;SWISS;8508217
TN8508217;SWISS;8508217:
TN8508217;SWISS;8508217:2
TN8508217;UIC;8508217
TN8508217;WIKIDATA;Q31454685
TN8508218;OSM;3081128615
TN8508218;SWISS;8508218
TN8508218;SWISS;8508218:2
TN8508218;SWISS;8508218:3
TN8508218;UIC;8508218
TN8508218;WIKIDATA;Q31454697
TN8508219;OSM;3081128610
TN8508219;SWISS;8508219
TN8508219;SWISS;8508219:1
TN8508219;SWISS;8508219:2
TN8508219;UIC;8508219
TN8508219;WIKIDATA;Q31454712
TN8508250;OSM;983974261
TN8508250;SWISS;8508250
TN8508250;UIC;8508250
TN8508250;WIKIDATA;Q33509798
TN8508251;OSM;3081154439
TN8508251;SWISS;8508251
TN8508251;SWISS;8508251:1
TN8508251;SWISS;8508251:2
TN8508251;UIC;8508251
TN8508251;WIKIDATA;Q33509807
TN8508252;OSM;1868437676
TN8508252;SWISS;8508252
TN8508252;UIC;8508252
TN8508252;WIKIDATA;Q33509817
TN8508253;OSM;3081154383
TN8508253;SWISS;8508253
TN8508253;SWISS;8508253:1
TN8508253;SWISS;8508253:2
TN8508253;UIC;8508253
TN8508253;WIKIDATA;Q33509828
TN8508254;OSM;3081154352
TN8508254;SWISS;8508254
TN8508254;SWISS;8508254:
TN8508254;SWISS;8508254:1
TN8508254;UIC;8508254
TN8508254;WIKIDATA;Q33509840
TN8508255;OSM;3081154417
TN8508255;SWISS;8508255
TN8508255;SWISS;8508255:1
TN8508255;SWISS;8508255:2
TN8508255;UIC;8508255
TN8508255;WIKIDATA;Q33509855
TN8508256;OSM;3081154438
TN8508256;SWISS;8508256
TN8508256;UIC;8508256
TN8508256;WIKIDATA;Q33509870
TN8508260;OSM;3081154380
TN8508260;SWISS;8508260
TN8508260;UIC;8508260
TN8508260;WIKIDATA;Q33509885
TN8508261;OSM;1868716178
TN8508261;SWISS;8508261
TN8508261;SWISS;8508261:
TN8508261;SWISS;8508261:1
TN8508261;SWISS;8508261:2
TN8508261;UIC;8508261
TN8508261;WIKIDATA;Q33509901
TN8508262;OSM;1868716191
TN8508262;SWISS;8508262
TN8508262;SWISS;8508262:1
TN8508262;SWISS;8508262:2
TN8508262;UIC;8508262
TN8508262;WIKIDATA;Q33509915
TN8508263;OSM;1868716159
TN8508263;SWISS;8508263
TN8508263;UIC;8508263
TN8508263;WIKIDATA;Q33509930
TN8508264;OSM;3092219562
TN8508264;SWISS;8508264
TN8508264;SWISS;8508264:1
TN8508264;UIC;8508264
TN8508264;WIKIDATA;Q33509945
TN8508265;OSM;2887795830
TN8508265;SWISS;8508265
TN8508265;SWISS;8508265:133
TN8508265;SWISS;8508265:2
TN8508265;SWISS;8508265:3
TN8508265;SWISS;8508265:4
TN8508265;SWISS;8508265:5
TN8508265;UIC;8508265
TN8508265;WIKIDATA;Q15964153
TN8508266;OSM;3835322807
TN8508266;SWISS;8508266
TN8508266;SWISS;8508266:1
TN8508266;SWISS;8508266:2
TN8508266;UIC;8508266
TN8508266;WIKIDATA;Q15964199
TN8508267;OSM;3081128625
TN8508267;SWISS;8508267
TN8508267;SWISS;8508267:1
TN8508267;SWISS;8508267:2
TN8508267;UIC;8508267
TN8508267;WIKIDATA;Q33509977
TN8508268;OSM;3081128644
TN8508268;SWISS;8508268
TN8508268;UIC;8508268
TN8508268;WIKIDATA;Q33509992
TN8508269;OSM;242743325
TN8508269;SWISS;8508269
TN8508269;UIC;8508269
TN8508269;WIKIDATA;Q33510006
TN8508271;OSM;3074886739
TN8508271;SWISS;8508271
TN8508271;UIC;8508271
TN8508271;WIKIDATA;Q33510021
TN8508272;OSM;3074886744
TN8508272;SWISS;8508272
TN8508272;SWISS;8508272:1
TN8508272;UIC;8508272
TN8508272;WIKIDATA;Q33510035
TN8508292;OSM;3081128603
TN8508292;SWISS;8508292
TN8508292;UIC;8508292
TN8508292;WIKIDATA;Q33510134
TN8508293;OSM;3081128642
TN8508293;SWISS;8508293
TN8508293;SWISS;8508293:1
TN8508293;SWISS;8508293:2
TN8508293;UIC;8508293
TN8508293;WIKIDATA;Q33510150
TN8508294;OSM;3081128598
TN8508294;SWISS;8508294
TN8508294;SWISS;8508294:1
TN8508294;SWISS;8508294:2
TN8508294;UIC;8508294
TN8508294;WIKIDATA;Q33510164
TN8508295;OSM;3081128639
TN8508295;SWISS;8508295
TN8508295;SWISS;8508295:1
TN8508295;SWISS;8508295:2
TN8508295;SWISS;8508295:3
TN8508295;UIC;8508295
TN8508295;WIKIDATA;Q33510180
TN8508297;OSM;3081128616
TN8508297;SWISS;8508297
TN8508297;SWISS;8508297:1
TN8508297;SWISS;8508297:2
TN8508297;UIC;8508297
TN8508297;WIKIDATA;Q33510199
TN8508301;OSM;8131633128
TN8508301;SWISS;8508301
TN8508301;SWISS;8508301:2
TN8508301;UIC;8508301
TN8508301;WIKIDATA;Q7334867
TN8508302;OSM;6034006570
TN8508302;SWISS;8508302
TN8508302;SWISS;8508302:1
TN8508302;UIC;8508302
TN8508302;WIKIDATA;Q7031161
TN8508303;OSM;6034006571
TN8508303;SWISS;8508303
TN8508303;SWISS;8508303:2
TN8508303;SWISS;8508303:3
TN8508303;UIC;8508303
TN8508303;WIKIDATA;Q10640342
TN8508304;OSM;6034006572
TN8508304;SWISS;8508304
TN8508304;SWISS;8508304:1
TN8508304;UIC;8508304
TN8508304;WIKIDATA;Q10640344
TN8508305;OSM;6034007293
TN8508305;SWISS;8508305
TN8508305;SWISS;8508305:1
TN8508305;SWISS;8508305:2
TN8508305;UIC;8508305
TN8508306;OSM;6034007290
TN8508306;SWISS;8508306
TN8508306;SWISS;8508306:1
TN8508306;SWISS;8508306:2
TN8508306;UIC;8508306
TN8508306;WIKIDATA;Q4967056
TN8508308;OSM;5007055738
TN8508308;SWISS;8508308
TN8508308;SWISS;8508308:1
TN8508308;SWISS;8508308:13
TN8508308;SWISS;8508308:2
TN8508308;SWISS;8508308:3
TN8508308;UIC;8508308
TN8508308;WIKIDATA;Q5544215
TN8508309;OSM;6034007289
TN8508309;SWISS;8508309
TN8508309;SWISS;8508309:1
TN8508309;SWISS;8508309:2
TN8508309;UIC;8508309
TN8508309;WIKIDATA;Q4981938
TN8508310;OSM;6034007288
TN8508310;SWISS;8508310
TN8508310;SWISS;8508310:1
TN8508310;SWISS;8508310:2
TN8508310;UIC;8508310
TN8508310;WIKIDATA;Q6704319
TN8508311;OSM;6034007287
TN8508311;SWISS;8508311
TN8508311;SWISS;8508311:
TN8508311;SWISS;8508311:1
TN8508311;UIC;8508311
TN8508311;WIKIDATA;Q6348526
TN8508312;OSM;2924982500
TN8508312;SWISS;8508312
TN8508312;SWISS;8508312:1
TN8508312;SWISS;8508312:2
TN8508312;SWISS;8508312:3
TN8508312;SWISS;8508312:4
TN8508312;SWISS;8508312:5
TN8508312;SWISS;8508312:52
TN8508312;UIC;8508312
TN8508312;WIKIDATA;Q5565002
TN8508313;OSM;2993022444
TN8508313;SWISS;8508313
TN8508313;SWISS;8508313:1
TN8508313;SWISS;8508313:2
TN8508313;UIC;8508313
TN8508313;WIKIDATA;Q7396779
TN8508314;OSM;2993051586
TN8508314;SWISS;8508314
TN8508314;SWISS;8508314:1
TN8508314;SWISS;8508314:2
TN8508314;UIC;8508314
TN8508314;WIKIDATA;Q7424333
TN8508316;OSM;3103520832
TN8508316;SWISS;8508316
TN8508316;SWISS;8508316:1
TN8508316;UIC;8508316
TN8508316;WIKIDATA;Q4735625
TN8508317;OSM;3103498752
TN8508317;SWISS;8508317
TN8508317;SWISS;8508317:1
TN8508317;SWISS;8508317:2
TN8508317;UIC;8508317
TN8508317;WIKIDATA;Q4735626
TN8508318;OSM;3095367597
TN8508318;SWISS;8508318
TN8508318;SWISS;8508318:1
TN8508318;SWISS;8508318:2
TN8508318;SWISS;8508318:3
TN8508318;UIC;8508318
TN8508318;WIKIDATA;Q10640346
TN8508319;OSM;3095343997
TN8508319;SWISS;8508319
TN8508319;SWISS;8508319:1
TN8508319;SWISS;8508319:2
TN8508319;SWISS;8508319:3
TN8508319;UIC;8508319
TN8508319;WIKIDATA;Q5907042
TN8508320;OSM;3098264663
TN8508320;SWISS;8508320
TN8508320;SWISS;8508320:1
TN8508320;SWISS;8508320:2
TN8508320;UIC;8508320
TN8508320;WIKIDATA;Q5738385
TN8508321;OSM;2055934582
TN8508321;SWISS;8508321
TN8508321;SWISS;8508321:1
TN8508321;SWISS;8508321:2
TN8508321;UIC;8508321
TN8508321;WIKIDATA;Q10640348
TN8508323;OSM;4562293489
TN8508323;SWISS;8508323
TN8508323;SWISS;8508323:1
TN8508323;SWISS;8508323:2
TN8508323;UIC;8508323
TN8508323;WIKIDATA;Q33510439
TN8508327;OSM;3103763722
TN8508327;SWISS;8508327
TN8508327;SWISS;8508327:1
TN8508327;UIC;8508327
TN8508327;WIKIDATA;Q5419036
TN8508329;OSM;13474642114
TN8508329;SWISS;8508329
TN8508329;SWISS;8508329:1
TN8508329;UIC;8508329
TN8508329;WIKIDATA;Q4967054
TN8508350;OSM;6034007294
TN8508350;SWISS;8508350
TN8508350;UIC;8508350
TN8508351;OSM;4419923380
TN8508351;SWISS;8508351
TN8508351;UIC;8508351
TN8508351;WIKIDATA;Q33510675
TN8508352;OSM;5391211016
TN8508352;SWISS;8508352
TN8508352;UIC;8508352
TN8508352;WIKIDATA;Q33510687
TN8508359;OSM;4920624335
TN8508359;SWISS;8508359
TN8508359;SWISS;8508359:1
TN8508359;UIC;8508359
TN8508359;WIKIDATA;Q33510803
TN8508384;OSM;3096963295
TN8508384;SWISS;8508384
TN8508384;SWISS;8508384:1
TN8508384;UIC;8508384
TN8508384;WIKIDATA;Q7031159
TN8508390;OSM;3095850718
TN8508390;SWISS;8508390
TN8508390;SWISS;8508390:2
TN8508390;SWISS;8508390:3
TN8508390;UIC;8508390
TN8508390;WIKIDATA;Q7600185
TN8508391;OSM;3096774485
TN8508391;SWISS;8508391
TN8508391;SWISS;8508391:1
TN8508391;SWISS;8508391:2
TN8508391;UIC;8508391
TN8508391;WIKIDATA;Q7600170
TN8508392;OSM;3096963294
TN8508392;SWISS;8508392
TN8508392;SWISS;8508392:1
TN8508392;SWISS;8508392:2
TN8508392;UIC;8508392
TN8508392;WIKIDATA;Q5211468
TN8508394;OSM;3097149275
TN8508394;SWISS;8508394
TN8508394;SWISS;8508394:1
TN8508394;SWISS;8508394:2
TN8508394;SWISS;8508394:3
TN8508394;UIC;8508394
TN8508394;WIKIDATA;Q8029999
TN8508395;OSM;4920624334
TN8508395;SWISS;8508395
TN8508395;SWISS;8508395:1
TN8508395;UIC;8508395
TN8508395;WIKIDATA;Q33510844
TN8508396;OSM;984013992
TN8508396;SWISS;8508396
TN8508396;SWISS;8508396:1
TN8508396;UIC;8508396
TN8508396;WIKIDATA;Q5592445
TN8508399;OSM;3097782203
TN8508399;SWISS;8508399
TN8508399;SWISS;8508399:1
TN8508399;SWISS;8508399:2
TN8508399;SWISS;8508399:3
TN8508399;UIC;8508399
TN8508399;WIKIDATA;Q5377491
TN8508449;OSM;11010892856
TN8508449;SWISS;8508449
TN8508449;UIC;8508449
TN8508449;WIKIDATA;Q33511138
TN8508456;OSM;11184000039
TN8508456;SWISS;8508456
TN8508456;UIC;8508456
TN8508456;WIKIDATA;Q33511147
TN8508458;OSM;3103498753
TN8508458;SWISS;8508458
TN8508458;UIC;8508458
TN8508458;WIKIDATA;Q33511156
TN8509000;OSM;2522151337
TN8509000;SWISS;8509000
TN8509000;SWISS;8509000:
TN8509000;SWISS;8509000:1
TN8509000;SWISS;8509000:10
TN8509000;SWISS;8509000:11
TN8509000;SWISS;8509000:12
TN8509000;SWISS;8509000:13
TN8509000;SWISS;8509000:14
TN8509000;SWISS;8509000:2
TN8509000;SWISS;8509000:4
TN8509000;SWISS;8509000:5
TN8509000;SWISS;8509000:7
TN8509000;SWISS;8509000:8
TN8509000;SWISS;8509000:9
TN8509000;SWISS;8509000:A
TN8509000;SWISS;8509000:AB
TN8509000;SWISS;8509000:B
TN8509000;SWISS;8509000:C
TN8509000;SWISS;8509000:CD
TN8509000;SWISS;8509000:DE
TN8509000;UIC;8509000
TN8509000;WIKIDATA;Q663869
TN8509002;OSM;2517831407
TN8509002;SWISS;8509002
TN8509002;SWISS;8509002:
TN8509002;SWISS;8509002:2
TN8509002;SWISS;8509002:3
TN8509002;SWISS;8509002:4
TN8509002;SWISS;8509002:5
TN8509002;SWISS;8509002:6
TN8509002;SWISS;8509002:8
TN8509002;SWISS;8509002:AB
TN8509002;SWISS;8509002:B
TN8509002;UIC;8509002
TN8509002;WIKIDATA;Q382743
TN8509003;OSM;1352346215
TN8509003;SWISS;8509003
TN8509003;SWISS;8509003:1
TN8509003;SWISS;8509003:2
TN8509003;UIC;8509003
TN8509003;WIKIDATA;Q801149
TN8509004;OSM;1352330377
TN8509004;SWISS;8509004
TN8509004;SWISS;8509004:3
TN8509004;SWISS;8509004:4
TN8509004;UIC;8509004
TN8509004;WIKIDATA;Q15964069
TN8509006;OSM;255076727
TN8509006;SWISS;8509006
TN8509006;UIC;8509006
TN8509006;WIKIDATA;Q5116512
TN8509050;OSM;12884455184
TN8509050;SWISS;8509050
TN8509050;SWISS;8509050:1
TN8509050;SWISS;8509050:2
TN8509050;UIC;8509050
TN8509050;WIKIDATA;Q1089688
TN8509051;OSM;13853589352
TN8509051;SWISS;8509051
TN8509051;UIC;8509051
TN8509051;WIKIDATA;Q5641254
TN8509053;OSM;266216968
TN8509053;SWISS;8509053
TN8509053;SWISS;8509053:1
TN8509053;UIC;8509053
TN8509053;WIKIDATA;Q7897601
TN8509054;OSM;2519818871
TN8509054;SWISS;8509054
TN8509054;SWISS;8509054:1
TN8509054;UIC;8509054
TN8509054;WIKIDATA;Q8072926
TN8509055;OSM;13853589407
TN8509055;SWISS;8509055
TN8509055;SWISS;8509055:1
TN8509055;UIC;8509055
TN8509055;WIKIDATA;Q5991734
TN8509056;OSM;13853589408
TN8509056;SWISS;8509056
TN8509056;UIC;8509056
TN8509056;WIKIDATA;Q6484948
TN8509057;OSM;26032373
TN8509057;SWISS;8509057
TN8509057;SWISS;8509057:1
TN8509057;SWISS;8509057:2
TN8509057;UIC;8509057
TN8509057;WIKIDATA;Q6741292
TN8509058;OSM;266218277
TN8509058;SWISS;8509058
TN8509058;UIC;8509058
TN8509058;WIKIDATA;Q33511440
TN8509059;OSM;26032347
TN8509059;SWISS;8509059
TN8509059;SWISS;8509059:1
TN8509059;UIC;8509059
TN8509059;WIKIDATA;Q5612288
TN8509060;OSM;265649369
TN8509060;SWISS;8509060
TN8509060;SWISS;8509060:1
TN8509060;SWISS;8509060:2
TN8509060;SWISS;8509060:3
TN8509060;SWISS;8509060:CD
TN8509060;UIC;8509060
TN8509060;WIKIDATA;Q7431273
TN8509061;OSM;26032291
TN8509061;SWISS;8509061
TN8509061;UIC;8509061
TN8509061;WIKIDATA;Q33511456
TN8509062;OSM;26032254
TN8509062;SWISS;8509062
TN8509062;UIC;8509062
TN8509062;WIKIDATA;Q6177395
TN8509063;OSM;373469866
TN8509063;SWISS;8509063
TN8509063;UIC;8509063
TN8509063;WIKIDATA;Q33511467
TN8509064;OSM;265649390
TN8509064;SWISS;8509064
TN8509064;SWISS;8509064:1
TN8509064;SWISS;8509064:2
TN8509064;UIC;8509064
TN8509064;WIKIDATA;Q6441284
TN8509065;OSM;26032230
TN8509065;SWISS;8509065
TN8509065;SWISS;8509065:1
TN8509065;UIC;8509065
TN8509065;WIKIDATA;Q7395704
TN8509067;OSM;5370737666
TN8509067;SWISS;8509067
TN8509067;SWISS;8509067:1
TN8509067;SWISS;8509067:2
TN8509067;UIC;8509067
TN8509067;WIKIDATA;Q6421399
TN8509068;OSM;1231713221
TN8509068;SWISS;8509068
TN8509068;SWISS;8509068:1
TN8509068;SWISS;8509068:2
TN8509068;SWISS;8509068:3
TN8509068;SWISS;8509068:AB
TN8509068;SWISS;8509068:B
TN8509068;SWISS;8509068:BC
TN8509068;SWISS;8509068:C
TN8509068;SWISS;8509068:CD
TN8509068;SWISS;8509068:D
TN8509068;UIC;8509068
TN8509068;WIKIDATA;Q3969874
TN8509069;OSM;265654508
TN8509069;SWISS;8509069
TN8509069;UIC;8509069
TN8509069;WIKIDATA;Q5054733
TN8509070;OSM;265654564
TN8509070;SWISS;8509070
TN8509070;UIC;8509070
TN8509070;WIKIDATA;Q5242112
TN8509071;OSM;5403117216
TN8509071;SWISS;8509071
TN8509071;UIC;8509071
TN8509071;WIKIDATA;Q5242115
TN8509072;OSM;623883948
TN8509072;SWISS;8509072
TN8509072;UIC;8509072
TN8509072;WIKIDATA;Q5242109
TN8509073;OSM;3815047735
TN8509073;SWISS;8509073
TN8509073;SWISS;8509073:1
TN8509073;SWISS;8509073:2
TN8509073;SWISS;8509073:3
TN8509073;SWISS;8509073:A
TN8509073;SWISS;8509073:AB
TN8509073;SWISS;8509073:B
TN8509073;SWISS;8509073:BC
TN8509073;SWISS;8509073:C
TN8509073;UIC;8509073
TN8509073;WIKIDATA;Q5242114
TN8509075;OSM;265790277
TN8509075;SWISS;8509075
TN8509075;UIC;8509075
TN8509075;WIKIDATA;Q5242110
TN8509076;OSM;265790339
TN8509076;SWISS;8509076
TN8509076;UIC;8509076
TN8509076;WIKIDATA;Q5242111
TN8509077;OSM;265790395
TN8509077;SWISS;8509077
TN8509077;UIC;8509077
TN8509077;WIKIDATA;Q5242113
TN8509078;OSM;3678623855
TN8509078;SWISS;8509078
TN8509078;UIC;8509078
TN8509078;WIKIDATA;Q7999371
TN8509150;OSM;5181963448
TN8509150;SWISS;8509150
TN8509150;UIC;8509150
TN8509150;WIKIDATA;Q801744
TN8509152;OSM;267730860
TN8509152;SWISS;8509152
TN8509152;UIC;8509152
TN8509152;WIKIDATA;Q15243248
TN8509153;OSM;2266006370
TN8509153;SWISS;8509153
TN8509153;UIC;8509153
TN8509153;WIKIDATA;Q15275126
TN8509154;OSM;267736421
TN8509154;SWISS;8509154
TN8509154;UIC;8509154
TN8509154;WIKIDATA;Q15265827
TN8509155;OSM;267736500
TN8509155;SWISS;8509155
TN8509155;UIC;8509155
TN8509155;WIKIDATA;Q15241547
TN8509156;OSM;267736568
TN8509156;SWISS;8509156
TN8509156;SWISS;8509156:1
TN8509156;SWISS;8509156:2
TN8509156;UIC;8509156
TN8509156;WIKIDATA;Q10640399
TN8509157;OSM;3882483572
TN8509157;SWISS;8509157
TN8509157;SWISS;8509157:1
TN8509157;SWISS;8509157:2
TN8509157;UIC;8509157
TN8509157;WIKIDATA;Q800397
TN8509167;OSM;266196878
TN8509167;SWISS;8509167
TN8509167;UIC;8509167
TN8509167;WIKIDATA;Q7842275
TN8509168;OSM;3678636246
TN8509168;SWISS;8509168
TN8509168;SWISS;8509168:2
TN8509168;UIC;8509168
TN8509168;WIKIDATA;Q10640384
TN8509169;OSM;257555031
TN8509169;SWISS;8509169
TN8509169;UIC;8509169
TN8509169;WIKIDATA;Q7910694
TN8509170;OSM;258400840
TN8509170;SWISS;8509170
TN8509170;UIC;8509170
TN8509170;WIKIDATA;Q5050776
TN8509171;OSM;258400869
TN8509171;SWISS;8509171
TN8509171;SWISS;8509171:1
TN8509171;SWISS;8509171:2
TN8509171;SWISS;8509171:3
TN8509171;SWISS;8509171:A
TN8509171;SWISS;8509171:B
TN8509171;SWISS;8509171:C
TN8509171;UIC;8509171
TN8509171;WIKIDATA;Q800945
TN8509173;OSM;258404237
TN8509173;SWISS;8509173
TN8509173;UIC;8509173
TN8509173;WIKIDATA;Q7377865
TN8509174;OSM;258404264
TN8509174;SWISS;8509174
TN8509174;UIC;8509174
TN8509174;WIKIDATA;Q7964100
TN8509175;OSM;258509057
TN8509175;SWISS;8509175
TN8509175;UIC;8509175
TN8509175;WIKIDATA;Q7689014
TN8509176;OSM;258509119
TN8509176;SWISS;8509176
TN8509176;SWISS;8509176:1
TN8509176;UIC;8509176
TN8509176;WIKIDATA;Q7847840
TN8509177;OSM;258509146
TN8509177;SWISS;8509177
TN8509177;UIC;8509177
TN8509177;WIKIDATA;Q7278781
TN8509178;OSM;258510891
TN8509178;SWISS;8509178
TN8509178;UIC;8509178
TN8509178;WIKIDATA;Q7638102
TN8509179;OSM;3156558654
TN8509179;SWISS;8509179
TN8509179;SWISS;8509179:1
TN8509179;SWISS;8509179:2
TN8509179;SWISS;8509179:3
TN8509179;SWISS;8509179:A
TN8509179;SWISS;8509179:AB
TN8509179;SWISS;8509179:BC
TN8509179;UIC;8509179
TN8509179;WIKIDATA;Q5282157
TN8509180;OSM;8131642927
TN8509180;SWISS;8509180
TN8509180;SWISS;8509180:2
TN8509180;SWISS;8509180:3
TN8509180;UIC;8509180
TN8509180;WIKIDATA;Q5442613
TN8509181;OSM;2533670535
TN8509181;SWISS;8509181
TN8509181;SWISS;8509181:1
TN8509181;SWISS;8509181:2
TN8509181;UIC;8509181
TN8509181;WIKIDATA;Q5289956
TN8509182;OSM;2533670536
TN8509182;SWISS;8509182
TN8509182;SWISS;8509182:1
TN8509182;SWISS;8509182:2
TN8509182;UIC;8509182
TN8509182;WIKIDATA;Q25399837
TN8509183;OSM;2627149262
TN8509183;SWISS;8509183
TN8509183;SWISS;8509183:3
TN8509183;SWISS;8509183:4
TN8509183;UIC;8509183
TN8509183;WIKIDATA;Q7309894
TN8509184;OSM;2627149261
TN8509184;SWISS;8509184
TN8509184;SWISS;8509184:1
TN8509184;SWISS;8509184:2
TN8509184;UIC;8509184
TN8509184;WIKIDATA;Q4941080
TN8509185;OSM;2627149263
TN8509185;SWISS;8509185
TN8509185;SWISS;8509185:1
TN8509185;SWISS;8509185:2
TN8509185;UIC;8509185
TN8509185;WIKIDATA;Q7322027
TN8509186;OSM;2627167879
TN8509186;SWISS;8509186
TN8509186;UIC;8509186
TN8509186;WIKIDATA;Q7370406
TN8509187;OSM;2627167878
TN8509187;SWISS;8509187
TN8509187;UIC;8509187
TN8509187;WIKIDATA;Q7356525
TN8509188;OSM;2627167875
TN8509188;SWISS;8509188
TN8509188;UIC;8509188
TN8509188;WIKIDATA;Q5055531
TN8509189;OSM;2627208365
TN8509189;SWISS;8509189
TN8509189;SWISS;8509189:1
TN8509189;SWISS;8509189:2
TN8509189;SWISS;8509189:3
TN8509189;UIC;8509189
TN8509189;WIKIDATA;Q7799482
TN8509192;OSM;2627208366
TN8509192;SWISS;8509192
TN8509192;UIC;8509192
TN8509192;WIKIDATA;Q7800986
TN8509193;OSM;2627208364
TN8509193;SWISS;8509193
TN8509193;UIC;8509193
TN8509193;WIKIDATA;Q33511660
TN8509194;OSM;12570975664
TN8509194;SWISS;8509194
TN8509194;SWISS;8509194:
TN8509194;SWISS;8509194:1
TN8509194;SWISS;8509194:2
TN8509194;UIC;8509194
TN8509194;WIKIDATA;Q15303026
TN8509195;OSM;12999393359
TN8509195;SWISS;8509195
TN8509195;SWISS;8509195:1
TN8509195;SWISS;8509195:2
TN8509195;SWISS;8509195:3
TN8509195;UIC;8509195
TN8509195;WIKIDATA;Q3969608
TN8509197;SWISS;8509197
TN8509197;UIC;8509197
TN8509198;OSM;2627301864
TN8509198;SWISS;8509198
TN8509198;SWISS;8509198:2
TN8509198;SWISS;8509198:3
TN8509198;UIC;8509198
TN8509198;WIKIDATA;Q7239594
TN8509199;OSM;2627301866
TN8509199;SWISS;8509199
TN8509199;SWISS;8509199:1
TN8509199;UIC;8509199
TN8509199;WIKIDATA;Q7577481
TN8509250;OSM;85763797
TN8509250;SWISS;8509250
TN8509250;SWISS;8509250:2
TN8509250;SWISS;8509250:3
TN8509250;UIC;8509250
TN8509250;WIKIDATA;Q4899363
TN8509251;OSM;2627301865
TN8509251;SWISS;8509251
TN8509251;SWISS;8509251:1
TN8509251;SWISS;8509251:2
TN8509251;SWISS;8509251:3
TN8509251;SWISS;8509251:4
TN8509251;SWISS;8509251:5
TN8509251;SWISS;8509251:AB
TN8509251;SWISS;8509251:CD
TN8509251;UIC;8509251
TN8509251;WIKIDATA;Q7409226
TN8509252;OSM;85763770
TN8509252;SWISS;8509252
TN8509252;UIC;8509252
TN8509252;WIKIDATA;Q5057816
TN8509253;OSM;2628526118
TN8509253;SWISS;8509253
TN8509253;SWISS;8509253:1
TN8509253;SWISS;8509253:2
TN8509253;SWISS;8509253:3
TN8509253;SWISS;8509253:6
TN8509253;SWISS;8509253:7
TN8509253;UIC;8509253
TN8509253;WIKIDATA;Q644577
TN8509254;OSM;346948339
TN8509254;SWISS;8509254
TN8509254;UIC;8509254
TN8509254;WIKIDATA;Q7260493
TN8509255;OSM;256446013
TN8509255;SWISS;8509255
TN8509255;SWISS;8509255:1
TN8509255;SWISS;8509255:3
TN8509255;SWISS;8509255:4
TN8509255;UIC;8509255
TN8509255;WIKIDATA;Q7228365
TN8509256;OSM;266199247
TN8509256;SWISS;8509256
TN8509256;UIC;8509256
TN8509256;WIKIDATA;Q6464663
TN8509257;OSM;266199255
TN8509257;SWISS;8509257
TN8509257;SWISS;8509257:1
TN8509257;UIC;8509257
TN8509257;WIKIDATA;Q6728777
TN8509258;OSM;3080728393
TN8509258;SWISS;8509258
TN8509258;UIC;8509258
TN8509258;WIKIDATA;Q8075325
TN8509259;OSM;266199297
TN8509259;SWISS;8509259
TN8509259;UIC;8509259
TN8509259;WIKIDATA;Q7387100
TN8509260;OSM;266203328
TN8509260;SWISS;8509260
TN8509260;SWISS;8509260:1
TN8509260;UIC;8509260
TN8509260;WIKIDATA;Q5121124
TN8509262;OSM;3831110959
TN8509262;SWISS;8509262
TN8509262;SWISS;8509262:1
TN8509262;SWISS;8509262:2
TN8509262;SWISS;8509262:BC
TN8509262;UIC;8509262
TN8509262;WIKIDATA;Q10640057
TN8509263;OSM;266207902
TN8509263;SWISS;8509263
TN8509263;UIC;8509263
TN8509263;WIKIDATA;Q7648841
TN8509264;OSM;266207958
TN8509264;SWISS;8509264
TN8509264;SWISS;8509264:1
TN8509264;SWISS;8509264:2
TN8509264;UIC;8509264
TN8509264;WIKIDATA;Q6502683
TN8509265;OSM;266208069
TN8509265;SWISS;8509265
TN8509265;UIC;8509265
TN8509265;WIKIDATA;Q5613993
TN8509266;OSM;266211413
TN8509266;SWISS;8509266
TN8509266;UIC;8509266
TN8509266;WIKIDATA;Q4787998
TN8509267;OSM;266211446
TN8509267;SWISS;8509267
TN8509267;UIC;8509267
TN8509267;WIKIDATA;Q5506810
TN8509268;OSM;334580415
TN8509268;SWISS;8509268
TN8509268;SWISS;8509268:1
TN8509268;SWISS;8509268:2
TN8509268;SWISS;8509268:A
TN8509268;SWISS;8509268:B
TN8509268;UIC;8509268
TN8509268;WIKIDATA;Q360749
TN8509269;OSM;2731339186
TN8509269;SWISS;8509269
TN8509269;SWISS;8509269:3
TN8509269;SWISS;8509269:4
TN8509269;UIC;8509269
TN8509269;WIKIDATA;Q686977
TN8509350;OSM;256445955
TN8509350;SWISS;8509350
TN8509350;UIC;8509350
TN8509350;WIKIDATA;Q5057814
TN8509351;OSM;256445984
TN8509351;SWISS;8509351
TN8509351;UIC;8509351
TN8509351;WIKIDATA;Q7260495
TN8509352;OSM;205214903
TN8509352;SWISS;8509352
TN8509352;UIC;8509352
TN8509352;WIKIDATA;Q10640070
TN8509353;OSM;205214880
TN8509353;SWISS;8509353
TN8509353;UIC;8509353
TN8509353;WIKIDATA;Q6914572
TN8509354;OSM;256451508
TN8509354;SWISS;8509354
TN8509354;UIC;8509354
TN8509354;WIKIDATA;Q4894541
TN8509356;OSM;256455728
TN8509356;SWISS;8509356
TN8509356;UIC;8509356
TN8509356;WIKIDATA;Q686930
TN8509357;OSM;256458497
TN8509357;SWISS;8509357
TN8509357;UIC;8509357
TN8509357;WIKIDATA;Q870514
TN8509358;OSM;256459553
TN8509358;SWISS;8509358
TN8509358;UIC;8509358
TN8509358;WIKIDATA;Q766046
TN8509359;OSM;256494674
TN8509359;SWISS;8509359
TN8509359;UIC;8509359
TN8509359;WIKIDATA;Q5016390
TN8509361;OSM;256496188
TN8509361;SWISS;8509361
TN8509361;SWISS;8509361:1
TN8509361;SWISS;8509361:AB
TN8509361;SWISS;8509361:CD
TN8509361;UIC;8509361
TN8509361;WIKIDATA;Q10640085
TN8509363;OSM;299169584
TN8509363;SWISS;8509363
TN8509363;UIC;8509363
TN8509363;WIKIDATA;Q6538723
TN8509364;OSM;4695930938
TN8509364;SWISS;8509364
TN8509364;UIC;8509364
TN8509364;WIKIDATA;Q6507519
TN8509365;OSM;299167652
TN8509365;SWISS;8509365
TN8509365;UIC;8509365
TN8509365;WIKIDATA;Q10640094
TN8509366;OSM;299167536
TN8509366;SWISS;8509366
TN8509366;UIC;8509366
TN8509366;WIKIDATA;Q4979766
TN8509367;OSM;434747194
TN8509367;SWISS;8509367
TN8509367;UIC;8509367
TN8509367;WIKIDATA;Q5027947
TN8509368;OSM;299357596
TN8509368;SWISS;8509368
TN8509368;SWISS;8509368:1
TN8509368;SWISS;8509368:2
TN8509368;UIC;8509368
TN8509368;WIKIDATA;Q5028488
TN8509369;OSM;298165903
TN8509369;SWISS;8509369
TN8509369;SWISS;8509369:3
TN8509369;SWISS;8509369:4
TN8509369;UIC;8509369
TN8509369;WIKIDATA;Q3971120
TN8509373;OSM;256455632
TN8509373;SWISS;8509373
TN8509373;UIC;8509373
TN8509373;WIKIDATA;Q4894538
TN8509400;OSM;1367639353
TN8509400;SWISS;8509400
TN8509400;SWISS;8509400:1
TN8509400;SWISS;8509400:2
TN8509400;UIC;8509400
TN8509400;WIKIDATA;Q15964221
TN8509401;OSM;2514357667
TN8509401;SWISS;8509401
TN8509401;SWISS;8509401:1
TN8509401;SWISS;8509401:2
TN8509401;UIC;8509401
TN8509401;WIKIDATA;Q15964241
TN8509402;OSM;1343271671
TN8509402;SWISS;8509402
TN8509402;SWISS;8509402:1
TN8509402;UIC;8509402
TN8509402;WIKIDATA;Q15964240
TN8509404;OSM;1339769454
TN8509404;SWISS;8509404
TN8509404;SWISS;8509404:1
TN8509404;SWISS;8509404:2
TN8509404;SWISS;8509404:3
TN8509404;SWISS;8509404:4
TN8509404;UIC;8509404
TN8509404;WIKIDATA;Q15964098
TN8509406;OSM;1338388633
TN8509406;SWISS;8509406
TN8509406;SWISS;8509406:1
TN8509406;UIC;8509406
TN8509406;WIKIDATA;Q15964263
TN8509411;OSM;1333665650
TN8509411;SWISS;8509411
TN8509411;SWISS;8509411:
TN8509411;SWISS;8509411:2
TN8509411;SWISS;8509411:3
TN8509411;SWISS;8509411:4
TN8509411;SWISS;8509411:5
TN8509411;SWISS;8509411:6
TN8509411;SWISS;8509411:7
TN8509411;SWISS;8509411:AB
TN8509411;SWISS;8509411:CD
TN8509411;UIC;8509411
TN8509411;WIKIDATA;Q605247
TN8509412;OSM;1344340307
TN8509412;SWISS;8509412
TN8509412;SWISS;8509412:3
TN8509412;SWISS;8509412:4
TN8509412;UIC;8509412
TN8509412;WIKIDATA;Q15964184
TN8509413;OSM;2042234574
TN8509413;SWISS;8509413
TN8509413;SWISS;8509413:3
TN8509413;SWISS;8509413:4
TN8509413;UIC;8509413
TN8509413;WIKIDATA;Q15964105
TN8509414;OSM;2048248456
TN8509414;SWISS;8509414
TN8509414;SWISS;8509414:2
TN8509414;SWISS;8509414:3
TN8509414;SWISS;8509414:4
TN8509414;UIC;8509414
TN8509414;WIKIDATA;Q15964276
TN8509416;OSM;2051540372
TN8509416;SWISS;8509416
TN8509416;SWISS;8509416:1
TN8509416;SWISS;8509416:2
TN8509416;UIC;8509416
TN8509416;WIKIDATA;Q15964275
TN8509417;OSM;2051897360
TN8509417;SWISS;8509417
TN8509417;SWISS;8509417:1
TN8509417;SWISS;8509417:2
TN8509417;UIC;8509417
TN8509417;WIKIDATA;Q15964182
TN8509418;OSM;1793087592
TN8509418;SWISS;8509418
TN8509418;SWISS;8509418:1
TN8509418;SWISS;8509418:2
TN8509418;UIC;8509418
TN8509418;WIKIDATA;Q15964181
TN8510456;OSM;12549142755
TN8510456;SWISS;8510456
TN8510456;UIC;8510456
TN8510456;WIKIDATA;Q125695451
TN8510470;OSM;13135048911
TN8510470;SWISS;8510470
TN8510470;SWISS;8510470:1
TN8510470;SWISS;8510470:AB
TN8510470;SWISS;8510470:CD
TN8510470;UIC;8510470
TN8512191;OSM;983835725
TN8512191;SWISS;8512191
TN8512191;SWISS;8512191:1
TN8512191;UIC;8501456
TN8512191;UIC;8512191
TN8512191;WIKIDATA;Q33447003
TN8515296;OSM;3158326264
TN8515296;SWISS;8515296
TN8515296;SWISS;8515296:11
TN8515296;SWISS;8515296:12
TN8515296;SWISS;8515296:14
TN8515296;UIC;8515296
TN8515296;WIKIDATA;Q33511938
TN8515992;OSM;1278195652
TN8515992;SWISS;8515992
TN8515992;SWISS;8515992:1
TN8515992;SWISS;8515992:2
TN8515992;UIC;8515992
TN8515993;OSM;1278205325
TN8515993;SWISS;8515993
TN8515993;SWISS;8515993:1
TN8515993;SWISS;8515993:2
TN8515993;SWISS;8515993:3
TN8515993;UIC;8515993
TN8515993;WIKIDATA;Q15964067
TN8515994;OSM;2171609674
TN8515994;SWISS;8515994
TN8515994;SWISS;8515994:1
TN8515994;UIC;8515994
TN8515994;WIKIDATA;Q15964306
TN8515995;OSM;2083764529
TN8515995;SWISS;8515995
TN8515995;SWISS;8515995:1
TN8515995;SWISS;8515995:2
TN8515995;UIC;8515995
TN8515996;OSM;2083729364
TN8515996;SWISS;8515996
TN8515996;SWISS;8515996:1
TN8515996;SWISS;8515996:2
TN8515996;UIC;8515996
TN8515997;OSM;1398638153
TN8515997;SWISS;8515997
TN8515997;SWISS;8515997:1
TN8515997;SWISS;8515997:2
TN8515997;UIC;8515997
TN8515997;WIKIDATA;Q15964237
TN8516154;OSM;1870421883
TN8516154;SWISS;8516154
TN8516154;SWISS;8516154:
TN8516154;SWISS;8516154:1
TN8516154;SWISS;8516154:2
TN8516154;UIC;8516154
TN8516154;WIKIDATA;Q33511982
TN8516155;OSM;3060828206
TN8516155;SWISS;8516155
TN8516155;SWISS;8516155:
TN8516155;SWISS;8516155:1
TN8516155;SWISS;8516155:2
TN8516155;UIC;8516155
TN8516155;WIKIDATA;Q1583893
TN8516161;OSM;3081154453
TN8516161;SWISS;8516161
TN8516161;SWISS;8516161:
TN8516161;SWISS;8516161:1
TN8516161;SWISS;8516161:2
TN8516161;SWISS;8516161:3
TN8516161;SWISS;8516161:5
TN8516161;SWISS;8516161:6
TN8516161;SWISS;8516161:7
TN8516161;UIC;8516161
TN8516161;WIKIDATA;Q31454839
TN8516176;OSM;2095964520
TN8516176;SWISS;8516176
TN8516176;SWISS;8516176:1
TN8516176;UIC;8516176
TN8516176;WIKIDATA;Q31454866
TN8516187;OSM;1320360333
TN8516187;SWISS;8516187
TN8516187;SWISS;8516187:1
TN8516187;SWISS;8516187:2
TN8516187;UIC;8516187
TN8516187;WIKIDATA;Q15964303
TN8516218;OSM;1351838940
TN8516218;SWISS;8516218
TN8516218;SWISS;8516218:1
TN8516218;SWISS;8516218:2
TN8516218;UIC;8516218
TN8516219;OSM;1248689899
TN8516219;SWISS;8516219
TN8516219;SWISS;8516219:1
TN8516219;SWISS;8516219:2
TN8516219;UIC;8516219
TN8516219;WIKIDATA;Q15252947
TN8516270;OSM;2510554798
TN8516270;SWISS;8516270
TN8516270;SWISS;8516270:1
TN8516270;UIC;8516270
TN8516270;WIKIDATA;Q15964073
TN8516271;OSM;2320699196
TN8516271;SWISS;8516271
TN8516271;SWISS;8516271:1
TN8516271;UIC;8516271
TN8516271;WIKIDATA;Q15964266
TN8516272;OSM;6886690043
TN8516272;SWISS;8516272
TN8516272;SWISS;8516272:
TN8516272;SWISS;8516272:1
TN8516272;SWISS;8516272:2
TN8516272;UIC;8516272
TN8516272;WIKIDATA;Q48610587
TN8516273;OSM;6044426066
TN8516273;SWISS;8516273
TN8516273;SWISS;8516273:
TN8516273;SWISS;8516273:1
TN8516273;SWISS;8516273:2
TN8516273;UIC;8516273
TN8516273;WIKIDATA;Q3098155
TN8516274;OSM;6044426065
TN8516274;SWISS;8516274
TN8516274;SWISS;8516274:
TN8516274;SWISS;8516274:1
TN8516274;SWISS;8516274:2
TN8516274;UIC;8516274
TN8516274;WIKIDATA;Q3096243
TN8516283;OSM;3053436437
TN8516283;SWISS;8516283
TN8516283;SWISS;8516283:
TN8516283;SWISS;8516283:1
TN8516283;UIC;8516283
TN8516283;WIKIDATA;Q431299
TN8516350;OSM;1388558213
TN8516350;SWISS;8516350
TN8516350;SWISS;8516350:1
TN8516350;SWISS;8516350:2
TN8516350;UIC;8516350
TN8516350;WIKIDATA;Q15964096
TN8516351;OSM;1982975911
TN8516351;SWISS;8516351
TN8516351;SWISS;8516351:1
TN8516351;SWISS;8516351:2
TN8516351;UIC;8516351
TN8516351;WIKIDATA;Q6437006
TN8516353;OSM;2164304365
TN8516353;SWISS;8516353
TN8516353;SWISS;8516353:1
TN8516353;UIC;8516353
TN8516353;WIKIDATA;Q31454881
TN8516354;OSM;2066198381
TN8516354;SWISS;8516354
TN8516354;UIC;8516354
TN8516354;WIKIDATA;Q33512066
TN8516444;OSM;2873268542
TN8516444;SWISS;8516444
TN8516444;SWISS;8516444:1
TN8516444;UIC;8516444
TN8516764;OSM;2077879362
TN8516764;SWISS;8516764
TN8516764;SWISS;8516764:
TN8516764;SWISS;8516764:1
TN8516764;SWISS;8516764:2
TN8516764;UIC;8014439
TN8516764;UIC;8516764
TN8516764;WIKIDATA;Q3097408
TN8517010;OSM;4313260354
TN8517010;SWISS;8517010
TN8517010;SWISS;8517010:
TN8517010;SWISS;8517010:1
TN8517010;UIC;8517010
TN8517010;WIKIDATA;Q3097410
TN8517112;OSM;2171580314
TN8517112;SWISS;8517112
TN8517112;SWISS;8517112:1
TN8517112;UIC;8517112
TN8517112;WIKIDATA;Q801666
TN8517131;OSM;1934892399
TN8517131;SWISS;8517131
TN8517131;SWISS;8517131:1
TN8517131;SWISS;8517131:2
TN8517131;UIC;8517131
TN8517142;OSM;6886527481
TN8517142;SWISS;8517142
TN8517142;SWISS;8517142:
TN8517142;SWISS;8517142:1
TN8517142;SWISS;8517142:2
TN8517142;UIC;8517142
TN8517142;WIKIDATA;Q43890330
TN8517336;OSM;1398733009
TN8517336;SWISS;8517336
TN8517336;SWISS;8517336:
TN8517336;SWISS;8517336:1
TN8517336;SWISS;8517336:2
TN8517336;UIC;8517336
TN8517336;WIKIDATA;Q801133
TN8517484;OSM;286908364
TN8517484;SWISS;8517484
TN8517484;SWISS;8517484:1
TN8517484;UIC;8517484
TN8517484;WIKIDATA;Q33512139
TN8517485;OSM;286908523
TN8517485;SWISS;8517485
TN8517485;SWISS;8517485:1
TN8517485;UIC;8517485
TN8517485;WIKIDATA;Q33512147
TN8517519;OSM;3114699244
TN8517519;SWISS;8517519
TN8517519;SWISS;8517519:1
TN8517519;SWISS;8517519:2
TN8517519;UIC;8517519
TN8517519;WIKIDATA;Q18420525
TN8517527;OSM;2171609667
TN8517527;SWISS;8517527
TN8517527;SWISS;8517527:1
TN8517527;UIC;8517527
TN8517527;WIKIDATA;Q15964305
TN8518100;OSM;7169758976
TN8518100;SWISS;8518100
TN8518100;UIC;8518100
TN8518100;WIKIDATA;Q33512173
TN8518243;OSM;2482949117
TN8518243;SWISS;8518243
TN8518243;UIC;8518243
TN8518243;WIKIDATA;Q33512182
TN8518452;OSM;2207090144
TN8518452;SWISS;8518452
TN8518452;SWISS;8518452:
TN8518452;SWISS;8518452:1
TN8518452;SWISS;8518452:2
TN8518452;SWISS;8518452:3
TN8518452;SWISS;8518452:4
TN8518452;UIC;8518452
TN8518452;WIKIDATA;Q3126248
TN8518459;OSM;2264637884
TN8518459;SWISS;8518459
TN8518459;SWISS;8518459:1
TN8518459;UIC;8518459
TN8518459;WIKIDATA;Q31454891
TN8518475;OSM;2629119873
TN8518475;SWISS;8518475
TN8518475;SWISS;8518475:
TN8518475;SWISS;8518475:1
TN8518475;SWISS;8518475:2
TN8518475;UIC;8518475
TN8518475;WIKIDATA;Q17637381
TN8518749;OSM;2586903361
TN8518749;SWISS;8518749
TN8518749;SWISS;8518749:1
TN8518749;UIC;8518749
TN8518749;WIKIDATA;Q31454893
TN8518771;OSM;2574726798
TN8518771;SWISS;8518771
TN8518771;SWISS;8518771:1
TN8518771;SWISS;8518771:2
TN8518771;UIC;8518771
TN8518771;WIKIDATA;Q31454898
TN8518924;OSM;3829351824
TN8518924;SWISS;8518924
TN8518924;SWISS;8518924:1
TN8518924;UIC;8518924
TN8518924;WIKIDATA;Q25102181
TN8518963;OSM;2422198534
TN8518963;SWISS;8518963
TN8518963;SWISS;8518963:1
TN8518963;SWISS;8518963:2
TN8518963;UIC;8518963
TN8519133;OSM;2930847414
TN8519133;SWISS;8519133
TN8519133;SWISS;8519133:
TN8519133;SWISS;8519133:1
TN8519133;SWISS;8519133:2
TN8519133;UIC;8519133
TN8519133;WIKIDATA;Q31454904
TN8519306;OSM;9482063916
TN8519306;SWISS;8519306
TN8519306;UIC;8519306
TN8519306;WIKIDATA;Q115632069
TN8519370;OSM;256451525
TN8519370;SWISS;8519370
TN8519370;UIC;8519370
TN8519370;WIKIDATA;Q4894537
TN8530064;OSM;442540869
TN8530064;SWISS;8530064
TN8530064;SWISS;8530064:1
TN8530064;UIC;8530064
TN8530064;WIKIDATA;Q33512289
TN8530066;OSM;701161962
TN8530066;SWISS;8530066
TN8530066;SWISS;8530066:2
TN8530066;UIC;8530066
TN8530066;WIKIDATA;Q33512297
TN8530067;OSM;701161958
TN8530067;SWISS;8530067
TN8530067;SWISS;8530067:1
TN8530067;UIC;8530067
TN8530067;WIKIDATA;Q33512304
TN8530246;OSM;701092699
TN8530246;SWISS;8530246
TN8530246;SWISS;8530246:1
TN8530246;UIC;8530246
TN8530246;WIKIDATA;Q33512326
TN8530263;OSM;292533978
TN8530263;SWISS;8530263
TN8530263;UIC;8530263
TN8530263;WIKIDATA;Q33512356
TN8530355;OSM;1696162005
TN8530355;SWISS;8530355
TN8530355;SWISS;8530355:1
TN8530355;UIC;8530355
TN8530355;WIKIDATA;Q33512396
TN8530366;OSM;684629295
TN8530366;SWISS;8530366
TN8530366;SWISS;8530366:1
TN8530366;UIC;8530366
TN8530366;WIKIDATA;Q33512413
TN8530378;OSM;339473312
TN8530378;SWISS;8530378
TN8530378;SWISS;8530378:1
TN8530378;UIC;8530378
TN8530378;WIKIDATA;Q33512421
TN8530430;OSM;1678698730
TN8530430;SWISS;8530430
TN8530430;SWISS;8530430:1
TN8530430;UIC;8530430
TN8530430;WIKIDATA;Q33512432
TN8530463;OSM;339478542
TN8530463;SWISS;8530463
TN8530463;SWISS;8530463:1
TN8530463;UIC;8530463
TN8530463;WIKIDATA;Q33512442
TN8530523;OSM;701092662
TN8530523;SWISS;8530523
TN8530523;SWISS;8530523:1
TN8530523;UIC;8530523
TN8530523;WIKIDATA;Q33512453
TN8530760;OSM;6034006575
TN8530760;SWISS;8530760
TN8530760;SWISS;8530760:1
TN8530760;UIC;8530760
TN8530760;WIKIDATA;Q33512537
TN8530783;OSM;429939081
TN8530783;SWISS;8530783
TN8530783;SWISS;8530783:1
TN8530783;UIC;8530783
TN8530783;WIKIDATA;Q33512546
TN8530789;OSM;273490208
TN8530789;SWISS;8530789
TN8530789;SWISS;8530789:
TN8530789;UIC;8530789
TN8530789;WIKIDATA;Q4914855
TN8530790;OSM;273490207
TN8530790;SWISS;8530790
TN8530790;SWISS;8530790:
TN8530790;UIC;8530790
TN8530790;WIKIDATA;Q7563427
TN8530799;OSM;6034006576
TN8530799;SWISS;8530799
TN8530799;SWISS;8530799:1
TN8530799;UIC;8530799
TN8530799;WIKIDATA;Q33512566
TN8530800;OSM;6034006574
TN8530800;SWISS;8530800
TN8530800;SWISS;8530800:1
TN8530800;UIC;8530800
TN8530800;WIKIDATA;Q33512574
TN8530801;OSM;292275663
TN8530801;SWISS;8530801
TN8530801;SWISS;8530801:1
TN8530801;UIC;8530801
TN8530801;WIKIDATA;Q33512582
TN8530858;SWISS;8530858
TN8530858;UIC;8530858
TN8587727;OSM;3223613357
TN8587727;SWISS;8587727
TN8587727;SWISS;8587727:1
TN8587727;SWISS;8587727:2
TN8587727;UIC;8587727
TN8587727;WIKIDATA;Q3126223
TN8588122;OSM;678571598
TN8588122;SWISS;8588122
TN8588122;SWISS;8588122:1
TN8588122;UIC;8588122
TN8588122;WIKIDATA;Q31454036
TN8588193;OSM;983834950
TN8588193;SWISS;8588193
TN8588193;SWISS;8588193:1
TN8588193;UIC;8588193
TN8588193;WIKIDATA;Q33515933
TN8589198;OSM;8376103316
TN8589198;SWISS;8589198
TN8589198;SWISS;8589198:1
TN8589198;UIC;8589198
TN8589198;WIKIDATA;Q33515978
TN8593467;OSM;1678698673
TN8593467;SWISS;8593467
TN8593467;SWISS;8593467:1
TN8593467;UIC;8593467
TN8593467;WIKIDATA;Q33516161
TN8593772;OSM;701192322
TN8593772;SWISS;8593772
TN8593772;SWISS;8593772:1
TN8593772;UIC;8593772
TN8593772;WIKIDATA;Q33516178
TN8593773;OSM;983835519
TN8593773;SWISS;8593773
TN8593773;SWISS;8593773:1
TN8593773;UIC;8593773
TN8593773;WIKIDATA;Q33516186
TN8593774;OSM;286906849
TN8593774;SWISS;8593774
TN8593774;SWISS;8593774:1
TN8593774;UIC;8593774
TN8593774;WIKIDATA;Q33516190
TN8593775;OSM;286905685
TN8593775;SWISS;8593775
TN8593775;SWISS;8593775:1
TN8593775;UIC;8593775
TN8593775;WIKIDATA;Q33516197
TN8593776;OSM;727950557
TN8593776;SWISS;8593776
TN8593776;SWISS;8593776:1
TN8593776;UIC;8593776
TN8593776;WIKIDATA;Q33516202
TN8594466;OSM;2886974378
TN8594466;SWISS;8594466
TN8594466;SWISS;8594466:1
TN8594466;UIC;8594466
TN8594466;WIKIDATA;Q116008665
TN8718201;OSM;398836628
TN8718201;SWISS;8718201
TN8718201;UIC;8718201
TN8718201;WIKIDATA;Q958671
TN8718206;OSM;2502268309
TN8718206;SWISS;8718206
TN8718206;UIC;8718206
TN8718206;WIKIDATA;Q801205
TN8718213;OSM;3464978327
TN8718213;SWISS;8718213
TN8718213;UIC;8718213
TN8718213;WIKIDATA;Q662776
TN8718444;OSM;3080770163
TN8718444;SWISS;8718444
TN8718444;UIC;8718444
TN8718444;WIKIDATA;Q2461880
TN8768600;OSM;26824135
TN8768600;SWISS;8768600
TN8768600;UIC;8768600
TN8768600;WIKIDATA;Q747541
TN8771304;OSM;251811298
TN8771304;SWISS;8771304
TN8771304;UIC;8771304
TN8771304;WIKIDATA;Q3096374
TN8771500;OSM;4236961491
TN8771500;SWISS;8771500
TN8771500;UIC;8771500
TN8771500;WIKIDATA;Q2317658
TN8771513;OSM;10711708809
TN8771513;SWISS;8771513
TN8771513;UIC;8771513
TN8771513;WIKIDATA;Q2151935
TN8771521;OSM;10777523237
TN8771521;SWISS;8771521
TN8771521;UIC;8771521
TN8771521;WIKIDATA;Q2629074
TN8771861;OSM;2500070621
TN8771861;SWISS;8771861
TN8771861;UIC;8771861
TN8771861;WIKIDATA;Q2483982
TN8774500;OSM;5066506648
TN8774500;SWISS;8774500
TN8774500;UIC;8774500
TN8774500;WIKIDATA;Q3095950
TN8774538;SWISS;8774538
TN8774538;UIC;8774538
TN8774549;OSM;3457256296
TN8774549;SWISS;8774549
TN8774549;UIC;8774549
TN8774549;WIKIDATA;Q2130915
