id;type;nom_fr;nom_en;nom_local;uic;uic8;lat;lon;pays;fuseau;ville_id;trains;cars;statut;osm_id;wikidata;ifopt;code_db;cle;nom_gtfs
TN5457076;gare;Praha hlavní nádraží;Prague Main Station;Praha hlavní nádraží;5457076;;50.082963;14.436094;CZ;Europe/Prague;Q1085;EC;;uic;3134751791;Q751174;;;5457076;Praha hl. n.
TN8001093;gare;Hamburg-Altona;Hamburg-Altona;Hamburg-Altona;8001093;;53.553829;9.935145;DE;Europe/Berlin;Q1055;NJ;;uic;3183841635;Q650270;;AA;8001093;Hamburg-Altona
TN8003005;gare;Berlin Ostbahnhof;Berlin Eastern Station;Berlin Ostbahnhof;8003005;;52.510382;13.434911;DE;Europe/Berlin;Q64;ICE;;nom;3419894993;Q683239;;BHF;8003005;Berlin Ostbahnhof
TN8011068;gare;Frankfurt(Main)Hbf;Frankfurt (Main) Hauptbahnhof;Frankfurt (Main) Hauptbahnhof;8011068;;50.106654;8.662581;DE;Europe/Berlin;Q1794;EC;;uic;205364328;Q165368;de:6412:10:1;FF;8011068;Frankfurt (Main) Hbf
TN8014008;gare;Mannheim Hauptbahnhof;Mannheim Hauptbahnhof;Mannheim Hauptbahnhof;8014008;;49.479236;8.469411;DE;Europe/Berlin;Q2119;EC|NJ;;uic;25439439;Q706994;de:08222:2417;RM;8014008;Mannheim Hbf
TN8014010;gare;Mannheim Hgbf;Mannheim Hgbf;Mannheim Hgbf;8014010;;49.4982;8.4475;DE;Europe/Berlin;Q2119;EC|NJ;;gtfs;;;;;8014010;Mannheim Hgbf
TN8014021;gare;Heidelberg Hauptbahnhof;Heidelberg Hauptbahnhof;Heidelberg Hauptbahnhof;8014021;;49.403474;8.675422;DE;Europe/Berlin;Q2966;NJ;;uic;2820941790;Q467998;de:08221:1160;RH;8014021;Heidelberg Hbf
TN8014309;gare;Offenburg;Offenburg;Offenburg;8014309;;48.476515;7.946541;DE;Europe/Berlin;Q4044;EC|NJ|RB|RE|S;;uic;2931428598;Q470320;de:08317:14506;RO;8014309;Offenburg
TN8014319;gare;Lahr (Schwarzwald);Lahr (Schwarzwald);Lahr (Schwarzwald);8014319;;48.341829;7.836064;DE;Europe/Berlin;Q7039;RB|RE;;uic;3123473867;Q15785182;de:08317:12103;RLSW;8014319;Lahr (Schwarzw)
TN8014325;gare;Ringsheim/Europa-Park;Ringsheim/Europa-Park;Ringsheim/Europa-Park;8014325;;48.248649;7.773031;DE;Europe/Berlin;Q557798;IC|RE|S;;uic;3740588666;Q110233880;de:08317:16700;RRI;8014325;Ringsheim/Europa-Park
TN8014326;gare;Herbolzheim(Breisg);Herbolzheim (Breisgau);Herbolzheim (Breisgau);8014326;;48.223994;7.767865;DE;Europe/Berlin;Q506864;RB|RE;;uic;2857866102;Q116017292;de:08316:6562;RHZ;8014326;Herbolzheim (Breisgau)
TN8014331;gare;Emmendingen;Emmendingen;Emmendingen;8014331;;48.119338;7.847834;DE;Europe/Berlin;Q494521;RB|RE;;uic;2870063084;Q28119419;de:08316:90;REMM;8014331;Emmendingen
TN8014350;gare;Freiburg (Breisgau) Hauptbahnhof;Freiburg (Breisgau) Hauptbahnhof;Freiburg (Breisgau) Hauptbahnhof;8014350;;47.997731;7.841295;DE;Europe/Berlin;Q2833;ICE|RB|RE|S;;uic;21769883;Q473572;de:08311:6508;RF;8014350;Freiburg(Breisgau) Hbf
TN8014413;gare;Müllheim (Baden);Müllheim im Markgräflerland;Müllheim im Markgräflerland;8014413;;47.810102;7.599561;DE;Europe/Berlin;Q505468;IC|RB|RE;;uic;2870447635;Q3097154;de:08315:6522;RML;8014413;Müllheim im Markgräflerland
TN8014428;gare;Weil am Rhein (D);Weil am Rhein;Weil am Rhein;8014428;;47.593541;7.608414;DE;Europe/Berlin;Q61909;S;;nom;2691597727;Q3098065;de:08336:6639;RW;8014428;Weil am Rhein
TN8014429;gare;Weil am Rhein Ost (D);Weil am Rhein Ost;Weil am Rhein Ost;8014429;;47.590774;7.634902;DE;Europe/Berlin;Q61909;S;;uic;3250602414;Q3098069;de:08336:6684;RWEI;8014429;Weil am Rhein-Ost
TN8014431;gare;Basel Bad Bf;Basel Bad Bf;Basel Bad Bf;8014431;;47.5678;7.6082;CH;Europe/Zurich;Q78;RE;;gtfs;;;;;8014431;Basel Bad Bf
TN8014440;gare;Lörrach-Stetten (D);Lörrach-Stetten;Lörrach-Stetten;8014440;;47.601797;7.659182;DE;Europe/Berlin;Q6855;RB|S;;uic;3244358735;Q3096945;de:08336:6635;RLST;8014440;Lörrach-Stetten
TN8014441;gare;Lörrach Hbf;Lörrach Hauptbahnhof;Lörrach Hauptbahnhof;8014441;;47.613965;7.665322;DE;Europe/Berlin;Q6855;RB|RE|S;;uic;3244393949;Q443661;de:08336:6600;RLR;8014441;Lörrach Hbf
TN8014443;gare;Lörrach-Haagen/Messe;Lörrach-Haagen/Messe;Lörrach-Haagen/Messe;8014443;;47.633274;7.681228;DE;Europe/Berlin;Q6855;S;;uic;3244409887;Q3096938;de:08336:6636;RHAG;8014443;Lörrach Haagen/Messe
TN8014444;gare;Lörrach Brombach/Hauingen;Lörrach-Brombach/Hauingen;Lörrach-Brombach/Hauingen;8014444;;47.63775;7.695755;DE;Europe/Berlin;Q6855;S;;uic;3254807133;Q3096937;de:08336:6630;RBRM;8014444;Lörrach Brombach/Hauingen
TN8014445;gare;Steinen (D);Steinen;Steinen;8014445;;47.641603;7.741244;DE;Europe/Berlin;Q62014;S;;uic;2144712496;Q3097777;de:08336:6603;RSTN;8014445;Steinen
TN8014446;gare;Maulburg (D);Maulburg;Maulburg;8014446;;47.644436;7.781072;DE;Europe/Berlin;Q61989;S;;uic;11672142805;Q3097002;de:08336:6602;RMLG;8014446;Maulburg
TN8014447;gare;Schopfheim (D);Schopfheim;Schopfheim;8014447;;47.648135;7.822838;DE;Europe/Berlin;Q61734;S;;uic;3254999702;Q3097705;de:08336:6601;RSCH;8014447;Schopfheim
TN8014448;gare;Fahrnau (D);Fahrnau;Fahrnau;8014448;;47.661795;7.839519;DE;Europe/Berlin;Q61734;S;;uic;3254959800;Q3096410;de:08336:6663;RFN;8014448;Fahrnau
TN8014449;gare;Hausen-Raitbach (D);Hausen-Raitbach;Hausen-Raitbach;8014449;;47.679248;7.846094;DE;Europe/Berlin;Q61734;S;;uic;3254953179;Q3096615;de:08336:6637;RHSN;8014449;Hausen-Raitbach
TN8014450;gare;Zell im Wiesental (D);Zell (Wiesental);Zell (Wiesental);8014450;;47.705441;7.848878;DE;Europe/Berlin;Q61618;S;;uic;3254822491;Q21035440;de:08336:6599;RZ;8014450;Zell (Wiesental)
TN8014474;gare;Waldshut;Waldshut;Waldshut;8014474;;47.621215;8.219519;DE;Europe/Berlin;Q505433;S;;nom;2427074801;Q7961648;de:08337:6575;RWU;8014474;Waldshut
TN8014481;gare;Erzingen (Baden);Erzingen (Baden);Erzingen (Baden);8014481;;47.66022;8.430736;DE;Europe/Berlin;Q539839;S;;uic;3189843120;Q9254908;de:08337:6568;RERZ;8014481;Erzingen (Baden)
TN8014491;gare;Bietingen;Bietingen;Bietingen;8014491;;47.744156;8.738451;DE;Europe/Berlin;Q61999;RB|S|SN;;uic;2133665776;Q9171448;de:08335:6722;RBGN;8014491;Bietingen
TN8014492;gare;Gottmadingen;Gottmadingen;Gottmadingen;8014492;;47.737378;8.775132;DE;Europe/Berlin;Q61999;RB|S|SN;;uic;2133683018;Q9274890;de:08335:6552;RG;8014492;Gottmadingen
TN8014502;gare;Hausach;Hausach;Hausach;8014502;;48.284913;8.181713;DE;Europe/Berlin;Q506856;RB|RE|S;;uic;3079177755;Q101131852;de:08317:18620;RHA;8014502;Hausach
TN8014511;gare;Hornberg;Hornberg;Hornberg;8014511;;48.211991;8.233082;DE;Europe/Berlin;Q507581;RE|S;;uic;21387242;Q111822449;de:08317:18820;RHBG;8014511;Hornberg (Schwarzw)
TN8014513;gare;Triberg;Triberg;Triberg;8014513;;48.140372;8.236862;DE;Europe/Berlin;Q83271;RE|S;;uic;3750401729;Q9361535;de:08326:6591;RTR;8014513;Triberg
TN8014518;gare;St. Georgen (Schwarzwald);St. Georgen(Schwarzw);St. Georgen(Schwarzw);8014518;;48.124001;8.341906;DE;Europe/Berlin;Q83036;RE|S;;uic;3750401728;Q801395;de:08326:6597;RSGO;8014518;St Georgen(Schwarzw)
TN8014521;gare;Villingen (Schwarzwald);Villingen train station;Villingen (Schwarzwald);8014521;;48.057815;8.465287;DE;Europe/Berlin;Q3865;RB|RE|S;;uic;2866952341;Q801560;de:08326:6592;RVL;8014521;Villingen (Schwarzw)
TN8014529;gare;Donaueschingen;Donaueschingen;Donaueschingen;8014529;;47.947972;8.498756;DE;Europe/Berlin;Q83062;RB|RE|S;;uic;3750401727;Q213233;de:08326:6537;RDO;8014529;Donaueschingen
TN8014554;gare;Engen;Engen;Engen;8014554;;47.856258;8.772839;DE;Europe/Berlin;Q515527;RB|S|SN;;uic;1128306281;Q28029178;de:08335:6551;RENG;8014554;Engen
TN8014555;gare;Welschingen-Neuhausen;Welschingen-Neuhausen;Welschingen-Neuhausen;8014555;;47.833627;8.7693;DE;Europe/Berlin;Q515527;RB|S|SN;;uic;1128306312;;de:08335:6564;RWEL;8014555;Welschingen-Neuhausen
TN8014556;gare;Mühlhausen (bei Engen);Mühlhausen (bei Engen);Mühlhausen (bei Engen);8014556;;47.813701;8.804001;DE;Europe/Berlin;Q62125;RB|S|SN;;uic;1128306320;;de:08335:6559;RMH;8014556;Mühlhausen (b Engen)
TN8014558;gare;Singen (Hohentwiel);Singen (Hohentwiel);Singen (Hohentwiel);8014558;;47.759084;8.840912;DE;Europe/Berlin;Q6979;EC|IC|ICE|NJ|RB|RE|S|SN;;nom;3267688508;Q18682229;de:08335:6588;RSI;8014558;Singen (Hohentwiel)
TN8014570;gare;Böhringen-Rickelshausen;Böhringen-Rickelshausen;Böhringen-Rickelshausen;8014570;;47.748807;8.926329;DE;Europe/Berlin;Q16113;RB|RE|S|SN;;uic;262733560;Q9182989;de:08335:6550;RBER;8014570;Böhringen-Rickelshausen
TN8014571;gare;Radolfzell;Radolfzell;Radolfzell;8014571;;47.73619;8.968906;DE;Europe/Berlin;Q16113;RB|RE|S|SN;;uic;1128306277;Q11833501;de:08335:6560;RRZ;8014571;Radolfzell
TN8014580;gare;Markelfingen;Markelfingen;Markelfingen;8014580;;47.739261;9.002939;DE;Europe/Berlin;Q16113;RB|RE|S|SN;;uic;1374853679;Q11770331;de:08335:6558;RMAR;8014580;Markelfingen
TN8014581;gare;Allensbach;Allensbach;Allensbach;8014581;;47.714623;9.068328;DE;Europe/Berlin;Q61939;RB|RE|S|SN;;uic;598664903;Q11685458;de:08335:6549;RAB;8014581;Allensbach
TN8014582;gare;Hegne;Hegne;Hegne;8014582;;47.705967;9.099697;DE;Europe/Berlin;Q61939;RB|RE|S|SN;;uic;4029009848;Q9287000;de:08335:6553;RHGN;8014582;Hegne
TN8014583;gare;Reichenau (Baden);Reichenau (Baden);Reichenau (Baden);8014583;;47.689226;9.12629;DE;Europe/Berlin;Q632880;RB|RE|S|SN;;uic;416864962;Q9305658;de:08335:6561;RRU;8014583;Reichenau (Baden)
TN8014584;gare;Konstanz-Petershausen;Konstanz-Petershausen;Konstanz-Petershausen;8014584;;47.673789;9.174444;DE;Europe/Berlin;Q3834;RB|RE|S|SN;;uic;1039014423;Q11743020;de:08335:6555;RKOP;8014584;Konstanz-Petershausen
TN8014586;gare;Konstanz;Konstanz;Konstanz;8014586;;47.658869;9.177217;DE;Europe/Berlin;Q3834;IR|RB|RE|S|SN;;nom;939682216;Q438791;de:08335:6554;RKO;8014586;Konstanz
TN8021703;gare;Schopfheim Schlattholz;Schopfheim Schlattholz;Schopfheim Schlattholz;8021703;;47.653337;7.83247;DE;Europe/Berlin;Q61734;S;;nom;5618177517;Q105713906;de:08336:5426;RSCS;8021703;Schopfheim-Schlattholz
TN8023179;gare;Leipzig Hbf;Leipzig Hauptbahnhof;Leipzig Hauptbahnhof;8023179;;51.346552;12.383086;DE;Europe/Berlin;Q2079;EC;;uic;376142577;Q703916;;LL;8023179;Leipzig Hbf
TN8060978;gare;Weil am Rhein Gartenstadt;Weil am Rhein Gartenstadt;Weil am Rhein Gartenstadt;8060978;;47.588705;7.616369;DE;Europe/Berlin;Q61909;S;;nom;3250602413;Q3098066;de:08336:6700;RWGA;8060978;Weil am Rhein Gartenstadt
TN8060979;gare;Weil am Rhein Pfädlistrasse;Weil am Rhein Pfädlistrasse;Weil am Rhein Pfädlistrasse;8060979;;47.589015;7.626493;DE;Europe/Berlin;Q61909;S;;gtfs;;;;;8060979;Weil am Rhein Pfädlistrasse
TN8063365;gare;Singen Landesgartenschau;Singen Landesgartenschau;Singen Landesgartenschau;8063365;;47.760921;8.827079;DE;Europe/Berlin;Q6979;RB|S|SN;;uic;1128306273;;de:08335:2390;RSIS;8063365;Singen (Htw)-Landesgartenschau
TN8069220;gare;Lörrach Dammstrasse;Lörrach Dammstrasse;Lörrach Dammstrasse;8069220;;47.597713;7.655224;DE;Europe/Berlin;Q6855;S;;gtfs;;;;;8069220;Lörrach Dammstrasse
TN8069221;gare;Lörrach Museum/Burghof;Lörrach Museum/Burghof;Lörrach Museum/Burghof;8069221;;47.608038;7.661292;DE;Europe/Berlin;Q6855;RB|S;;nom;3244358733;Q3096941;de:08336:3603;RLRS;8069221;Lörrach Museum/Burghof
TN8080251;gare;Konstanz-Fürstenberg;Konstanz-Fürstenberg;Konstanz-Fürstenberg;8080251;;47.677417;9.16306;DE;Europe/Berlin;Q3834;RB|RE|S|SN;;uic;603374676;Q11743019;de:08335:20878;RKOF;8080251;Konstanz-Fürstenberg
TN8083840;gare;Schopfheim West;Schopfheim West;Schopfheim West;8083840;;47.645573;7.801615;DE;Europe/Berlin;Q61734;S;;uic;2405743699;Q3097706;de:08336:6551;RSCW;8083840;Schopfheim West
TN8083846;gare;Lörrach Schwarzwaldstrasse;Lörrach Schwarzwaldstrasse;Lörrach Schwarzwaldstrasse;8083846;;47.624425;7.672486;DE;Europe/Berlin;Q6855;S;;gtfs;;;;;8083846;Lörrach Schwarzwaldstrasse
TN8099982;gare;Konstanz-Wollmatingen;Konstanz-Wollmatingen;Konstanz-Wollmatingen;8099982;;47.682515;9.147181;DE;Europe/Berlin;Q3834;RB|RE|S|SN;;nom;665147294;Q11743021;de:08335:6556;RKOW;8099982;Konstanz-Wollmatingen
TN8099985;gare;Singen (Htw) Industriegebiet;Singen (Htw) Industriegebiet;Singen (Htw) Industriegebiet;8099985;;47.75945;8.872131;DE;Europe/Berlin;Q6979;RB|RE|S|SN;;gtfs;;;;;8099985;Singen (Htw) Industriegebiet
TN8101236;gare;Feldkirch;Feldkirch;Feldkirch;8101236;;47.240926;9.604311;AT;Europe/Vienna;Q183104;EC|NJ|RJX;;nom;2661465941;Q698785;;;8101236;Feldkirch
TN8102329;gare;Dornbirn;Dornbirn;Dornbirn;8102329;;47.417584;9.738669;AT;Europe/Vienna;Q171219;EC|RJX;;nom;185525285;Q24817320;;;8102329;Dornbirn
TN8102336;gare;Bregenz;Bregenz;Bregenz;8102336;;47.50302;9.739763;AT;Europe/Vienna;Q1737;EC|NJ|S;;uic;2459480034;Q15282663;;XAB;8102336;Bregenz
TN8102352;gare;Lustenau;Lustenau;Lustenau;8102352;;47.450629;9.667294;AT;Europe/Vienna;Q488315;S;;nom;3005481020;Q43305542;;XALUU;8102352;Lustenau
TN8301003;gare;Domodossola;Domodossola;Domodossola;8301003;;46.115422;8.296402;IT;Europe/Rome;Q23325;EC|EXT|IC|IR|PE|RE;;nom;2837216238;Q3969541;;;8301003;Domodossola
TN8301030;gare;Gallarate;Gallarate;Gallarate;8301030;;45.659624;8.798256;IT;Europe/Rome;Q40854;RE|S;;nom;251033595;Q3969679;;;8301030;Gallarate
TN8301031;gare;Busto Arsizio FS;Busto Arsizio FS;Busto Arsizio FS;8301031;;45.616073;8.86473;IT;Europe/Rome;Q1155;S;;nom;7441321210;Q800599;;;8301031;Busto Arsizio
TN8301037;gare;Rho;Rho;Rho;8301037;;45.524102;9.043565;IT;Europe/Rome;Q42784;S;;nom;30064437;Q3970669;;;8301037;Rho
TN8301039;gare;Rho Fiera Milano;Rho Fiera Milano;Rho Fiera Milano;8301039;;45.521128;9.088574;IT;Europe/Rome;Q42784;RE|S;;gtfs;;;;;8301039;Rho Fiera Milano
TN8301113;gare;Luino;Luino;Luino;8301113;;45.996864;8.737368;IT;Europe/Rome;Q40120;RE|S;;nom;5730531775;Q3969990;;;8301113;Luino
TN8301116;gare;Porto Valtravaglia;Porto Valtravaglia;Porto Valtravaglia;8301116;;45.958373;8.674055;IT;Europe/Rome;Q39860;S;;nom;10042314992;Q3970576;;;8301116;Porto Valtravaglia
TN8301117;gare;Caldè;Caldè;Caldè;8301117;;45.945626;8.663238;IT;Europe/Rome;Q40903;S;;nom;3389449904;Q16608900;;;8301117;Calde
TN8301118;gare;Laveno-Mombello;Laveno-Mombello;Laveno-Mombello;8301118;;45.903259;8.62443;IT;Europe/Rome;Q39550;S;;nom;10042314990;Q3969930;;;8301118;Laveno-Mombello
TN8301140;gare;Sangiano;Sangiano;Sangiano;8301140;;45.874494;8.630876;IT;Europe/Rome;Q39790;S;;nom;10042323712;;;;8301140;Sangiano
TN8301141;gare;Besozzo;Besozzo;Besozzo;8301141;;45.842322;8.663218;IT;Europe/Rome;Q39922;S;;nom;10042323711;Q3969032;;;8301141;Besozzo
TN8301142;gare;Travedona-Biandronno;Travedona-Biandronno;Travedona-Biandronno;8301142;;45.809603;8.69629;IT;Europe/Rome;Q40863;S;;nom;10042323708;Q3971174;;;8301142;Travedona-Biandronno
TN8301143;gare;Ternate-Varano Borghi;Ternate-Varano Borghi;Ternate-Varano Borghi;8301143;;45.781834;8.700634;IT;Europe/Rome;Q40452;S;;nom;10042323709;Q3971100;;;8301143;Ternate-Varano Borghi
TN8301144;gare;Mornago-Cimbro;Mornago-Cimbro;Mornago-Cimbro;8301144;;45.729771;8.734253;IT;Europe/Rome;Q39105;S;;nom;10042347731;Q3970232;;;8301144;Mornago-Cimbro
TN8301145;gare;Besnate;Besnate;Besnate;8301145;;45.695455;8.761279;IT;Europe/Rome;Q39361;S;;nom;10042347732;;;;8301145;Besnate
TN8301203;gare;Arcisate;Arcisate;Arcisate;8301203;;45.858557;8.863117;IT;Europe/Rome;Q39489;S;;nom;679149458;Q45048320;;;8301203;Arcisate
TN8301204;gare;Induno Olona;Induno Olona;Induno Olona;8301204;;45.846867;8.838444;IT;Europe/Rome;Q40229;S;;nom;10042541707;Q45048345;;;8301204;Induno Olona
TN8301205;gare;Varese;Varese;Varese;8301205;;45.8162;8.832948;IT;Europe/Rome;Q6285;RE|S;;nom;251035239;Q801552;;;8301205;Varese
TN8301206;gare;Cantello-Gaggiolo;Cantello-Gaggiolo;Cantello-Gaggiolo;8301206;;45.837837;8.907397;IT;Europe/Rome;Q39493;S;;nom;1543102156;;;;8301206;Cantello Gaggiolo
TN8301207;gare;Gazzada-Schianno-Morazzone;Gazzada-Schianno-Morazzone;Gazzada-Schianno-Morazzone;8301207;;45.778611;8.824855;IT;Europe/Rome;Q40786;S;;nom;793765655;Q3969694;;;8301207;Gazzada-Schianno-Morazzone
TN8301208;gare;Castronno;Castronno;Castronno;8301208;;45.757647;8.838143;IT;Europe/Rome;Q40644;S;;gtfs;;;;;8301208;Castronno
TN8301209;gare;Albizzate-Solbiate Arno;Albizzate-Solbiate Arno;Albizzate-Solbiate Arno;8301209;;45.723211;8.806282;IT;Europe/Rome;Q40962;S;;nom;793765658;Q3968853;;;8301209;Albizzate-Solbiate Arno
TN8301210;gare;Cavaria-Oggiona-Ierago;Cavaria-Oggiona-Ierago;Cavaria-Oggiona-Ierago;8301210;;45.675749;8.766759;IT;Europe/Rome;Q40854;S;;gtfs;;;;;8301210;Cavaria-Oggiona-Ierago
TN8301307;gare;Como San Giovanni;Como San Giovanni;Como San Giovanni;8301307;;45.809083;9.07273;IT;Europe/Rome;Q1308;EC|RE|S;;uic;4126950607;Q260886;;;8301307;Como S. Giovanni
TN8301312;gare;Cucciago;Cucciago;Cucciago;8301312;;45.740813;9.082107;IT;Europe/Rome;Q47460;RE|S;;nom;30951483;Q339435;;;8301312;Cucciago
TN8301313;gare;Cantù-Cermenate;Cantù-Cermenate;Cantù-Cermenate;8301313;;45.716199;9.099464;IT;Europe/Rome;Q36295;S;;nom;4126970662;Q338761;;;8301313;Cantù-Cermenate
TN8301315;gare;Carimate;Carimate;Carimate;8301315;;45.697172;9.107334;IT;Europe/Rome;Q244316;S;;nom;534611818;Q339411;;;8301315;Carimate
TN8301316;gare;Camnago-Lentate;Camnago-Lentate;Camnago-Lentate;8301316;;45.668194;9.133631;IT;Europe/Rome;Q39762;S;;nom;7787958359;Q3969173;;;8301316;Camnago-Lentate
TN8301318;gare;Seregno;Seregno;Seregno;8301318;;45.646087;9.202963;IT;Europe/Rome;Q40813;RE|S;;nom;248861230;Q3970949;;;8301318;Seregno
TN8301320;gare;Desio;Desio;Desio;8301320;;45.6201;9.218317;IT;Europe/Rome;Q40416;S;;nom;280358343;Q3969526;;;8301320;Desio
TN8301321;gare;Lissone-Muggiò;Lissone-Muggiò;Lissone-Muggiò;8301321;;45.606077;9.235462;IT;Europe/Rome;Q40583;S;;nom;500096385;Q3969967;;;8301321;Lissone-Muggiò
TN8301322;gare;Monza;Monza;Monza;8301322;;45.577777;9.272821;IT;Europe/Rome;Q6252;RE|S;;nom;256975055;Q801199;;;8301322;Monza
TN8301325;gare;Sesto S. Giovanni;Sesto S. Giovanni;Sesto S. Giovanni;8301325;;45.541034;9.239354;IT;Europe/Rome;Q43005;RE|S;;gtfs;;;;;8301325;Sesto S. Giovanni
TN8301326;gare;Milano Greco Pirelli;Milano Greco Pirelli;Milano Greco Pirelli;8301326;;45.512889;9.214188;IT;Europe/Rome;Q490;RE|S;;nom;30049024;Q801183;;;8301326;Milano Greco Pirelli
TN8301640;gare;Milano Certosa;Milano Certosa;Milano Certosa;8301640;;45.506783;9.136257;IT;Europe/Rome;Q490;S;;uic;705664733;Q3970119;;;8301640;Milano Certosa
TN8301645;gare;Milano Porta Garibaldi (superficie);Milano Porta Garibaldi railway station;Milano Porta Garibaldi (superficie);8301645;;45.484561;9.187344;IT;Europe/Rome;Q490;EC|RE|S;;uic;11635678177;Q801187;;;8301645;Milano Porta Garibaldi
TN8301666;gare;Milano Villapizzone;Milano Villapizzone;Milano Villapizzone;8301666;;45.502014;9.150981;IT;Europe/Rome;Q490;S;;nom;337541091;Q937168;;;8301666;Milano Villapizzone
TN8301700;gare;Milano Centrale;Milano Centrale;Milano Centrale;8301700;;45.485879;9.204262;IT;Europe/Rome;Q490;EC|RE|S;;uic;6067258870;Q801193;;;8301700;Milano Centrale
TN8301701;gare;Milano Lambrate;Milano Lambrate;Milano Lambrate;8301701;;45.485475;9.237686;IT;Europe/Rome;Q490;EC;;nom;169701311;Q801184;;;8301701;Milano Lambrate
TN8301717;gare;Brescia;Brescia;Brescia;8301717;;45.532334;10.21284;IT;Europe/Rome;Q6221;EC;;uic;4553822557;Q727319;;;8301717;Brescia
TN8301820;gare;Milano Rogoredo;Milano Rogoredo;Milano Rogoredo;8301820;;45.433595;9.238601;IT;Europe/Rome;Q490;EC;;nom;9635608905;Q801189;;;8301820;Milano Rogoredo
TN8301860;gare;Pavia;Pavia;Pavia;8301860;;45.188796;9.144903;IT;Europe/Rome;Q6259;EXT;;nom;211030020;Q179302;;;8301860;Pavia
TN8302088;gare;Peschiera del Garda;Peschiera del Garda station;Peschiera del Garda;8302088;;45.438575;10.702309;IT;Europe/Rome;Q47649;EC;;nom;3324817342;Q3970454;;;8302088;Peschiera del Garda
TN8302430;gare;Verona Porta Nuova;Verona Porta Nuova;Verona Porta Nuova;8302430;;45.429182;10.982371;IT;Europe/Rome;Q2028;EC;;uic;3738591149;Q908640;;;8302430;Verona Porta Nuova
TN8302446;gare;Vicenza;Vicenza;Vicenza;8302446;;45.541481;11.540764;IT;Europe/Rome;Q6537;EC;;nom;6061881431;Q3971299;;;8302446;Vicenza
TN8302581;gare;Padova;Padova;Padova;8302581;;45.417742;11.880497;IT;Europe/Rome;Q617;EC;;uic;6063641896;Q1150874;;;8302581;Padova
TN8302589;gare;Venezia Mestre;Venezia Mestre;Venezia Mestre;8302589;;45.482462;12.231702;IT;Europe/Rome;Q641;EC;;nom;6063641892;Q520844;;;8302589;Venezia Mestre
TN8302593;gare;Venezia S. Lucia;Venezia S. Lucia;Venezia S. Lucia;8302593;;45.441393;12.320459;IT;Europe/Rome;Q641;EC;;gtfs;;;;;8302593;Venezia S. Lucia
TN8305000;gare;Piacenza;Piacenza;Piacenza;8305000;;45.05202;9.706129;IT;Europe/Rome;Q13329;EC;;uic;13742535643;Q613204;;;8305000;Piacenza
TN8305014;gare;Parma;Parma;Parma;8305014;;44.809967;10.328444;IT;Europe/Rome;Q2683;EC;;nom;5836604869;Q3970427;;;8305014;Parma
TN8305023;gare;Reggio Emilia;Reggio Emilia;Reggio Emilia;8305023;;44.697623;10.643268;IT;Europe/Rome;Q13360;EC;;uic;82549162;Q1604991;;;8305023;Reggio Emilia
TN8305032;gare;Modena;Modena;Modena;8305032;;44.654331;10.930529;IT;Europe/Rome;Q279;EC;;uic;726611782;Q1451461;;;8305032;Modena
TN8305043;gare;Bologna Centrale;Bologna Centrale;Bologna Centrale;8305043;;44.505878;11.343343;IT;Europe/Rome;Q1891;EC;;uic;12294207488;Q800557;;;8305043;Bologna Centrale
TN8306421;gare;Firenze Santa Maria Novella;Firenze Santa Maria Novella;Firenze Santa Maria Novella;8306421;;43.777572;11.247418;IT;Europe/Rome;Q2044;EC;;uic;1835203780;Q800761;;;8306421;Firenze S. M. N.
TN8306725;gare;Livorno Centrale;Livorno Centrale;Livorno Centrale;8306725;;43.554199;10.336101;IT;Europe/Rome;Q6761;EC;;uic;4131026718;Q3969976;;;8306725;Livorno Centrale
TN8319371;gare;Ferno-Lonate Pozzolo;Ferno-Lonate Pozzolo;Ferno-Lonate Pozzolo;8319371;;45.608558;8.755304;IT;Europe/Rome;Q39432;S;;nom;7881944028;Q3969594;;;8319371;Ferno-Lonate Pozzolo
TN8320005;gare;Malpensa Aeroporto T2;Malpensa Aeroporto T2;Malpensa Aeroporto T2;8320005;;45.650635;8.721936;IT;Europe/Rome;Q40588;S;;nom;8369368052;Q22319589;;;8320005;Malpensa Aeroporto T2
TN8325432;gare;Como Camerlata;Como Camerlata;Como Camerlata;8325432;;45.784574;9.079411;IT;Europe/Rome;Q1308;RE|S;;nom;3212140241;Q3969463;;;8325432;Como Camerlata
TN8325631;gare;Busto Arsizio Nord;Busto Arsizio Nord;Busto Arsizio Nord;8325631;;45.606208;8.851403;IT;Europe/Rome;Q1155;S;;nom;7881981463;Q3969143;;;8325631;Busto Arsizio Nord
TN8325635;gare;Malpensa Aeroporto T1;Malpensa Aeroporto T1;Malpensa Aeroporto T1;8325635;;45.627153;8.711253;IT;Europe/Rome;Q39630;S;;nom;7881984237;Q3970021;;;8325635;Malpensa Aeroporto T1
TN8400058;gare;Amsterdam Centraal;Amsterdam Central Station;Amsterdam Centraal;8400058;;52.378901;4.900581;NL;Europe/Amsterdam;Q727;NJ;;uic;4290854847;Q50719;;XNAC;8400058;Amsterdam Centraal
TN8500010;gare;Basel SBB;Basel SBB;Basel SBB;8500010;;47.547623;7.589642;CH;Europe/Zurich;Q78;EC|EXT|IC|ICE|IR|NJ|RB|RE|S|SN|TER|TGV;;uic;3080746011;Q667201;;XSB;8500010;Basel SBB
TN8500016;gare;Basel St. Johann;Basel St. Johann;Basel St. Johann;8500016;;47.570053;7.572074;CH;Europe/Zurich;Q78;TER;;uic;3806362883;Q664381;;XFBAJ;8500016;Basel St. Johann
TN8500020;gare;Muttenz;Muttenz;Muttenz;8500020;;47.533564;7.647854;CH;Europe/Zurich;Q66191;EXT|IR|S;;uic;3080746020;Q3097139;;;8500020;Muttenz
TN8500021;gare;Pratteln;Pratteln;Pratteln;8500021;;47.522619;7.690712;CH;Europe/Zurich;Q64679;EXT|IR|S;;uic;3080746023;Q3097339;;;8500021;Pratteln
TN8500022;gare;Frenkendorf-Füllinsdorf;Frenkendorf-Füllinsdorf;Frenkendorf-Füllinsdorf;8500022;;47.501507;7.719223;CH;Europe/Zurich;Q66593;EXT|S;;uic;3080746013;Q3096480;;;8500022;Frenkendorf-Füllinsdorf
TN8500023;gare;Liestal;Liestal;Liestal;8500023;;47.484517;7.731379;CH;Europe/Zurich;Q68972;EC|EXT|IC|ICE|IR|RE|S;;uic;3080746017;Q3096881;;;8500023;Liestal
TN8500024;gare;Lausen;Lausen;Lausen;8500024;;47.470374;7.75984;CH;Europe/Zurich;Q66733;EXT|IC|IR|S;;uic;1915327468;Q3096861;;;8500024;Lausen
TN8500025;gare;Itingen;Itingen;Itingen;8500025;;47.467457;7.787201;CH;Europe/Zurich;Q66537;EXT|S;;uic;1915400199;Q3095807;;;8500025;Itingen
TN8500026;gare;Sissach;Sissach;Sissach;8500026;;47.462824;7.812066;CH;Europe/Zurich;Q66554;EXT|IC|IR|S;;uic;2288214840;Q3097750;;;8500026;Sissach
TN8500027;gare;Gelterkinden;Gelterkinden;Gelterkinden;8500027;;47.465804;7.847518;CH;Europe/Zurich;Q65936;EXT|IC|IR|S;;uic;3080746014;Q3096527;;;8500027;Gelterkinden
TN8500028;gare;Tecknau;Tecknau;Tecknau;8500028;;47.445788;7.887695;CH;Europe/Zurich;Q67262;EXT|S;;uic;3080746030;Q3097843;;;8500028;Tecknau
TN8500031;gare;Diepflingen;Diepflingen;Diepflingen;8500031;;47.449546;7.837699;CH;Europe/Zurich;Q67280;EXT|S;;uic;2374814929;Q3096363;;;8500031;Diepflingen
TN8500032;gare;Sommerau;Sommerau;Sommerau;8500032;;47.439005;7.851432;CH;Europe/Zurich;Q65936;EXT|S;;uic;10221549133;Q3097761;;;8500032;Sommerau
TN8500033;gare;Rümlingen;Rümlingen;Rümlingen;8500033;;47.425399;7.850527;CH;Europe/Zurich;Q67954;EXT|S;;uic;10221549188;Q3097471;;;8500033;Rümlingen
TN8500034;gare;Buckten;Buckten;Buckten;8500034;;47.408976;7.847785;CH;Europe/Zurich;Q66570;EXT|S;;uic;5713168754;Q3096083;;;8500034;Buckten
TN8500035;gare;Läufelfingen;Läufelfingen;Läufelfingen;8500035;;47.392134;7.85625;CH;Europe/Zurich;Q64719;EXT|S;;uic;3080746018;Q3096933;;;8500035;Läufelfingen
TN8500037;gare;Trimbach;Trimbach;Trimbach;8500037;;47.366069;7.904283;CH;Europe/Zurich;Q65037;EXT|S;;uic;4360322376;Q3097902;;;8500037;Trimbach
TN8500038;gare;Basel St. Jakob;Basel St. Jakob;Basel St. Jakob;8500038;;47.542626;7.619268;CH;Europe/Zurich;Q78;EXT|S;;uic;1909651801;Q3096099;;;8500038;Basel St. Jakob
TN8500090;gare;Basel Bad Bf;Basel German Railway Station;Basel Badischer Bahnhof;8500090;;47.567462;7.60731;CH;Europe/Zurich;Q78;EC|IC|ICE|NJ|RB|RE|S|SN;;uic;3080746010;Q666725;;;8500090;Basel Bad Bf
TN8500100;gare;Tavannes;Tavannes;Tavannes;8500100;;47.220004;7.201809;CH;Europe/Zurich;Q67203;R;;uic;3081154441;Q30240657;;;8500100;Tavannes
TN8500101;gare;Reconvilier;Reconvilier;Reconvilier;8500101;;47.235153;7.227567;CH;Europe/Zurich;Q67249;R;;uic;3081154422;Q30240674;;;8500101;Reconvilier
TN8500102;gare;Malleray-Bévilard;Malleray-Bévilard;Malleray-Bévilard;8500102;;47.23864;7.276022;CH;Europe/Zurich;Q17326749;R;;uic;4989695703;Q30240685;;;8500102;Malleray-Bévilard
TN8500103;gare;Sorvilier;Sorvilier;Sorvilier;8500103;;47.239387;7.30582;CH;Europe/Zurich;Q67458;R;;uic;307385185;Q31440676;;;8500103;Sorvilier
TN8500104;gare;Court;Court;Court;8500104;;47.240679;7.342083;CH;Europe/Zurich;Q69897;R;;uic;3081154366;Q31440071;;;8500104;Court
TN8500105;gare;Moutier;Moutier;Moutier;8500105;;47.280859;7.381236;CH;Europe/Zurich;Q67157;EXT|IC|IR|R|RE|S;;uic;3081154410;Q5846774;;;8500105;Moutier
TN8500109;gare;Delémont;Delémont;Delémont;8500109;;47.362049;7.350156;CH;Europe/Zurich;Q63896;EXT|IC|IR|R|RE|S;;uic;3080770164;Q1098098;;;8500109;Delémont
TN8500113;gare;Laufen;Laufen;Laufen;8500113;;47.419305;7.502568;CH;Europe/Zurich;Q68363;EXT|IC|IR|S;;uic;3080770169;Q3096857;;;8500113;Laufen
TN8500114;gare;Zwingen;Zwingen;Zwingen;8500114;;47.433752;7.530498;CH;Europe/Zurich;Q66702;EXT|IC|IR|S;;uic;3080770174;Q3098108;;;8500114;Zwingen
TN8500115;gare;Grellingen;Grellingen;Grellingen;8500115;;47.441334;7.591972;CH;Europe/Zurich;Q66821;EXT|S;;uic;3080770168;Q3096575;;;8500115;Grellingen
TN8500116;gare;Duggingen;Duggingen;Duggingen;8500116;;47.453485;7.603555;CH;Europe/Zurich;Q66736;EXT|S;;uic;3080770166;Q2381221;;;8500116;Duggingen
TN8500117;gare;Aesch BL;Aesch BL;Aesch BL;8500117;;47.467793;7.603;CH;Europe/Zurich;Q68367;EXT|IC|IR|S;;uic;3080770153;Q3095587;;;8500117;Aesch BL
TN8500118;gare;Dornach-Arlesheim;Dornach-Arlesheim;Dornach-Arlesheim;8500118;;47.488603;7.611041;CH;Europe/Zurich;Q64694;EXT|S;;uic;3080770165;Q3096391;;;8500118;Dornach-Arlesheim
TN8500119;gare;Münchenstein;Münchenstein;Münchenstein;8500119;;47.513366;7.617637;CH;Europe/Zurich;Q69030;EXT|IC|IR|S;;uic;3080770170;Q3097155;;;8500119;Münchenstein
TN8500120;gare;Courtételle;Courtételle;Courtételle;8500120;;47.342861;7.317922;CH;Europe/Zurich;Q67463;R|RE|S;;uic;3080770162;Q3096313;;;8500120;Courtételle
TN8500121;gare;Courfaivre;Courfaivre;Courfaivre;8500121;;47.335052;7.291163;CH;Europe/Zurich;Q5682949;R|RE|S;;uic;3080770159;Q3096306;;;8500121;Courfaivre
TN8500122;gare;Bassecourt;Bassecourt;Bassecourt;8500122;;47.336725;7.246796;CH;Europe/Zurich;Q5682949;R|RE|S;;uic;3080770155;Q3095912;;;8500122;Bassecourt
TN8500123;gare;Glovelier;Glovelier;Glovelier;8500123;;47.33512;7.209319;CH;Europe/Zurich;Q5682949;R|RE|S;;uic;3080770167;Q3096547;;;8500123;Glovelier
TN8500124;gare;St-Ursanne;St-Ursanne;St-Ursanne;8500124;;47.367717;7.165966;CH;Europe/Zurich;Q68869;R|RE|S;;uic;3080770172;Q3097626;;;8500124;St-Ursanne
TN8500125;gare;Courgenay;Courgenay;Courgenay;8500125;;47.405172;7.124259;CH;Europe/Zurich;Q67414;R|RE|S;;uic;3080770160;Q3096303;;;8500125;Courgenay
TN8500126;gare;Porrentruy;Porrentruy;Porrentruy;8500126;;47.420935;7.080005;CH;Europe/Zurich;Q68256;R|RE|S;;uic;3080770171;Q3097320;;;8500126;Porrentruy
TN8500127;gare;Courtemaîche;Courtemaîche;Courtemaîche;8500127;;47.45584;7.055335;CH;Europe/Zurich;Q70531;R|RE;;uic;3080770161;Q31440723;;;8500127;Courtemaîche
TN8500128;gare;Boncourt;Boncourt;Boncourt;8500128;;47.492376;7.016723;CH;Europe/Zurich;Q66980;R|RE;;uic;3080770156;Q15278863;;;8500128;Boncourt
TN8500135;gare;Pontenet;Pontenet;Pontenet;8500135;;47.238797;7.254329;CH;Europe/Zurich;Q17326749;R;;uic;305682094;Q31441225;;;8500135;Pontenet
TN8500136;gare;Basel Dreispitz;Basel Dreispitz;Basel Dreispitz;8500136;;47.537529;7.609405;CH;Europe/Zurich;Q78;EXT|S;;uic;1899779534;Q683366;;;8500136;Basel Dreispitz
TN8500138;gare;Basel, St-Louis Grenze;Basel, St-Louis Grenze;Basel, St-Louis Grenze;8500138;;47.57595;7.57295;CH;Europe/Zurich;Q78;TER;;gtfs;;;;;8500138;Basel, St-Louis Grenze
TN8500141;gare;Courchavon;Courchavon;Courchavon;8500141;;47.439831;7.057602;CH;Europe/Zurich;Q69935;R|RE;;uic;419894858;Q15278830;;;8500141;Courchavon
TN8500144;gare;Buix;Buix;Buix;8500144;;47.479342;7.029984;CH;Europe/Zurich;Q70531;R|RE;;uic;3080770158;Q31443722;;;8500144;Buix
TN8500159;gare;Grenchen Nord;Grenchen Nord;Grenchen Nord;8500159;;47.191652;7.389717;CH;Europe/Zurich;Q68248;EXT|IC|IR|RE;;uic;3081154378;Q15964154;;;8500159;Grenchen Nord
TN8500162;gare;Tramelan-Dessous;Tramelan-Dessous;Tramelan-Dessous;8500162;;47.22249;7.112707;CH;Europe/Zurich;Q66384;R;;uic;2058454118;Q33437983;;;8500162;Tramelan-Dessous
TN8500164;gare;Tramelan-Chalet;Tramelan-Chalet;Tramelan-Chalet;8500164;;47.223541;7.092331;CH;Europe/Zurich;Q66384;R;;uic;2058454113;Q33438001;;;8500164;Tramelan-Chalet
TN8500165;gare;Le Pied-d'Or;Le Pied-d'Or;Le Pied-d'Or;8500165;;47.222099;7.056223;CH;Europe/Zurich;Q66384;R;;uic;2058530067;Q33438018;;;8500165;Le Pied-d'Or
TN8500167;gare;Les Breuleux-Eglise;Les Breuleux-Eglise;Les Breuleux-Eglise;8500167;;47.212997;7.002434;CH;Europe/Zurich;Q68086;R;;uic;2058540307;Q33438035;;;8500167;Les Breuleux-Eglise
TN8500169;gare;Muriaux;Muriaux;Muriaux;8500169;;47.244216;6.985234;CH;Europe/Zurich;Q68506;R;;uic;2181550105;Q33438051;;;8500169;Muriaux
TN8500170;gare;Tramelan;Tramelan;Tramelan;8500170;;47.222863;7.104312;CH;Europe/Zurich;Q66384;R;;uic;3081154446;Q33438068;;;8500170;Tramelan
TN8500171;gare;Les Reussilles;Les Reussilles;Les Reussilles;8500171;;47.224345;7.083365;CH;Europe/Zurich;Q66384;R;;uic;3081154402;Q33438082;;;8500171;Les Reussilles
TN8500172;gare;La Chaux-des-Breuleux;La Chaux-des-Breuleux;La Chaux-des-Breuleux;8500172;;47.220491;7.025416;CH;Europe/Zurich;Q68086;R;;uic;3657454718;Q33438098;;;8500172;La Chaux-des-Breuleux
TN8500173;gare;Les Breuleux;Les Breuleux;Les Breuleux;8500173;;47.210667;7.005562;CH;Europe/Zurich;Q68086;R;;uic;3081154401;Q33438112;;;8500173;Les Breuleux
TN8500174;gare;Le Noirmont;Le Noirmont;Le Noirmont;8500174;;47.223281;6.956473;CH;Europe/Zurich;Q68522;R;;uic;2069321265;Q33438124;;;8500174;Le Noirmont
TN8500175;gare;Le Creux-des-Biches;Le Creux-des-Biches;Le Creux-des-Biches;8500175;;47.203506;6.940855;CH;Europe/Zurich;Q68522;R;;uic;3386266246;Q33438139;;;8500175;Le Creux-des-Biches
TN8500176;gare;Le Boéchet;Le Boéchet;Le Boéchet;8500176;;47.194277;6.922035;CH;Europe/Zurich;Q70232;R;;uic;3386266244;Q33438154;;;8500176;Le Boéchet
TN8500177;gare;Les Bois;Les Bois;Les Bois;8500177;;47.177062;6.906085;CH;Europe/Zurich;Q70232;R;;uic;3386266247;Q33438171;;;8500177;Les Bois
TN8500178;gare;La Ferrière;La Ferrière;La Ferrière;8500178;;47.142726;6.894123;CH;Europe/Zurich;Q69879;R;;uic;3386266242;Q33438231;;;8500178;La Ferrière
TN8500179;gare;La Cibourg;La Cibourg;La Cibourg;8500179;;47.122222;6.883714;CH;Europe/Zurich;Q68124;R;;uic;3386266241;Q33438251;;;8500179;La Cibourg
TN8500180;gare;La Large-Journée;La Large-Journée;La Large-Journée;8500180;;47.161278;6.896555;CH;Europe/Zurich;Q70232;R;;uic;3386266243;Q33438269;;;8500180;La Large-Journée
TN8500181;gare;La Chaux-d'Abel;La Chaux-d'Abel;La Chaux-d'Abel;8500181;;47.152807;6.898771;CH;Europe/Zurich;Q69879;R;;uic;10271275713;Q33438289;;;8500181;La Chaux-d'Abel
TN8500184;gare;La Chaux-de-Fonds Est;La Chaux-de-Fonds Est;La Chaux-de-Fonds Est;8500184;;47.103382;6.836936;CH;Europe/Zurich;Q68124;R;;uic;305652307;Q33438327;;;8500184;La Chaux-de-Fonds-Est
TN8500186;gare;Alle;Alle;Alle;8500186;;47.424296;7.128406;CH;Europe/Zurich;Q25333;R;;uic;3080770154;Q15278832;;;8500186;Alle
TN8500187;gare;Vendlincourt;Vendlincourt;Vendlincourt;8500187;;47.45206;7.157201;CH;Europe/Zurich;Q58038;R;;uic;3080770173;Q33438364;;;8500187;Vendlincourt
TN8500188;gare;Bonfol;Bonfol;Bonfol;8500188;;47.474501;7.154829;CH;Europe/Zurich;Q113535598;R;;uic;3080770157;Q33438382;;;8500188;Bonfol
TN8500190;gare;Les Emibois;Les Emibois;Les Emibois;8500190;;47.231902;6.984838;CH;Europe/Zurich;Q68506;R;;uic;3386266248;Q33438398;;;8500190;Les Emibois
TN8500191;gare;Saignelégier;Saignelégier;Saignelégier;8500191;;47.254655;6.994118;CH;Europe/Zurich;Q67666;R;;uic;3081154427;Q33438419;;;8500191;Saignelégier
TN8500192;gare;Le Bémont JU;Le Bémont;Le Bémont;8500192;;47.263221;7.014093;CH;Europe/Zurich;Q68502;R;;uic;2058674605;Q33438442;;;8500192;Le Bémont JU
TN8500194;gare;Pré-Petitjean;Pré-Petitjean;Pré-Petitjean;8500194;;47.277091;7.058532;CH;Europe/Zurich;Q68081;R;;uic;3081154421;Q28058356;;;8500194;Pré-Petitjean
TN8500195;gare;La Combe;La Combe;La Combe;8500195;;47.284326;7.099519;CH;Europe/Zurich;Q68081;R;;uic;920254802;Q28952435;;;8500195;La Combe
TN8500196;gare;Bollement;Bollement;Bollement;8500196;;47.296924;7.123869;CH;Europe/Zurich;Q68513;R;;uic;3081154351;Q16508020;;;8500196;Bollement
TN8500199;gare;Combe-Tabeillon;Combe-Tabeillon;Combe-Tabeillon;8500199;;47.313578;7.157866;CH;Europe/Zurich;Q5682949;R;;uic;3081154392;Q33438522;;;8500199;Combe-Tabeillon
TN8500200;gare;Pieterlen;Pieterlen;Pieterlen;8500200;;47.171377;7.340173;CH;Europe/Zurich;Q67849;S;;uic;2584267263;Q15964210;;;8500200;Pieterlen
TN8500201;gare;Lengnau BE;Lengnau BE;Lengnau BE;8500201;;47.179474;7.366634;CH;Europe/Zurich;Q66473;EXT|IR|S;;uic;1688527654;Q15964165;;;8500201;Lengnau BE
TN8500202;gare;Grenchen Süd;Grenchen Süd;Grenchen Süd;8500202;;47.188877;7.398464;CH;Europe/Zurich;Q68248;EXT|IC|IR|RE|S;;uic;1688510585;Q800838;;;8500202;Grenchen Süd
TN8500203;gare;Bettlach;Bettlach;Bettlach;8500203;;47.194849;7.428041;CH;Europe/Zurich;Q66831;EXT|S;;uic;1688507207;;;;8500203;Bettlach
TN8500204;gare;Selzach;Selzach;Selzach;8500204;;47.200607;7.456778;CH;Europe/Zurich;Q67935;EXT|S;;uic;1688504321;Q15964256;;;8500204;Selzach
TN8500205;gare;Bellach;Bellach;Bellach;8500205;;47.208879;7.507709;CH;Europe/Zurich;Q66403;EXT|S;;uic;2574141833;Q15964064;;;8500205;Bellach
TN8500206;gare;Solothurn West;Solothurn West;Solothurn West;8500206;;47.20675;7.531988;CH;Europe/Zurich;Q68965;EXT|S;;uic;1688491262;Q31443768;;;8500206;Solothurn West
TN8500207;gare;Solothurn;Solothurn;Solothurn;8500207;;47.204252;7.542679;CH;Europe/Zurich;Q68965;EXT|IC|IR|RE|S;;uic;3081128632;Q22941;;;8500207;Solothurn
TN8500208;gare;Luterbach-Attisholz;Luterbach-Attisholz;Luterbach-Attisholz;8500208;;47.217133;7.583596;CH;Europe/Zurich;Q66839;EXT|S;;uic;3081128613;Q15964189;;;8500208;Luterbach-Attisholz
TN8500209;gare;Deitingen;Deitingen;Deitingen;8500209;;47.218222;7.618761;CH;Europe/Zurich;Q66142;EXT|S;;uic;3081128593;Q15964114;;;8500209;Deitingen
TN8500210;gare;Wangen an der Aare;Wangen an der Aare;Wangen an der Aare;8500210;;47.231983;7.656177;CH;Europe/Zurich;Q67536;EXT|S;;uic;3081128635;Q15964284;;;8500210;Wangen an der Aare
TN8500211;gare;Niederbipp;Niederbipp;Niederbipp;8500211;;47.270538;7.694843;CH;Europe/Zurich;Q69168;EXT|S;;uic;3081128619;Q31443857;;;8500211;Niederbipp
TN8500212;gare;Oensingen;Oensingen;Oensingen;8500212;;47.285048;7.70978;CH;Europe/Zurich;Q65846;EXT|IC|IR|RE|S;;uic;3081128623;Q15785193;;XSOE;8500212;Oensingen
TN8500213;gare;Oberbuchsiten;Oberbuchsiten;Oberbuchsiten;8500213;;47.305241;7.771594;CH;Europe/Zurich;Q67008;EXT|S;;uic;3081128621;Q15964211;;;8500213;Oberbuchsiten
TN8500214;gare;Egerkingen;Egerkingen;Egerkingen;8500214;;47.314861;7.798865;CH;Europe/Zurich;Q64275;EXT|S;;uic;3081128594;Q15964115;;;8500214;Egerkingen
TN8500215;gare;Hägendorf;Hägendorf;Hägendorf;8500215;;47.330304;7.843689;CH;Europe/Zurich;Q67184;EXT|S;;uic;3081128602;Q15964141;;;8500215;Hägendorf
TN8500216;gare;Wangen bei Olten;Wangen bei Olten;Wangen bei Olten;8500216;;47.34136;7.86822;CH;Europe/Zurich;Q69967;EXT|S;;uic;3081128636;Q15964285;;;8500216;Wangen bei Olten
TN8500217;gare;Olten Hammer;Olten Hammer;Olten Hammer;8500217;;47.348535;7.897878;CH;Europe/Zurich;Q68129;EXT|S;;uic;3081128624;Q15964212;;;8500217;Olten Hammer
TN8500218;gare;Olten;Olten;Olten;8500218;;47.351935;7.907522;CH;Europe/Zurich;Q68129;EC|EXT|IC|ICE|IR|RE|S|SN;;uic;636798044;Q29370;;;8500218;Olten
TN8500220;gare;Dotzigen;Dotzigen;Dotzigen;8500220;;47.119142;7.338202;CH;Europe/Zurich;Q69861;S;;uic;4839971313;;;;8500220;Dotzigen
TN8500221;gare;Büren an der Aare;Büren an der Aare;Büren an der Aare;8500221;;47.138074;7.371242;CH;Europe/Zurich;Q66360;S;;uic;8131464808;Q31444036;;;8500221;Büren an der Aare
TN8500260;gare;Crémines-Zoo;Crémines-Zoo;Crémines-Zoo;8500260;;47.272645;7.456542;CH;Europe/Zurich;Q68599;S;;uic;4175581859;Q33438835;;;8500260;Crémines-Zoo
TN8500261;gare;Langendorf;Langendorf;Langendorf;8500261;;47.21788;7.513671;CH;Europe/Zurich;Q66984;EXT|S;;uic;307378159;Q33412494;;;8500261;Langendorf
TN8500262;gare;Lommiswil;Lommiswil;Lommiswil;8500262;;47.218586;7.469299;CH;Europe/Zurich;Q66971;EXT|S;;uic;2528279663;Q33438877;;;8500262;Lommiswil
TN8500263;gare;Im Holz;Im Holz;Im Holz;8500263;;47.230955;7.474855;CH;Europe/Zurich;Q66971;EXT|S;;uic;2483818331;;;;8500263;Im Holz
TN8500264;gare;Oberdorf SO;Oberdorf SO;Oberdorf SO;8500264;;47.23584;7.493639;CH;Europe/Zurich;Q70237;EXT|S;;uic;4513900665;Q33438923;;;8500264;Oberdorf SO
TN8500265;gare;Gänsbrunnen;Gänsbrunnen;Gänsbrunnen;8500265;;47.265691;7.464926;CH;Europe/Zurich;Q68599;S;;uic;4173052025;Q33438944;;;8500265;Gänsbrunnen
TN8500266;gare;Corcelles BE;Corcelles;Corcelles;8500266;;47.285647;7.450331;CH;Europe/Zurich;Q68599;S;;uic;3092219558;Q33438967;;;8500266;Corcelles BE
TN8500267;gare;Crémines;Crémines;Crémines;8500267;;47.285558;7.435229;CH;Europe/Zurich;Q68599;S;;uic;3092219559;Q33438990;;;8500267;Crémines
TN8500268;gare;Grandval;Grandval;Grandval;8500268;;47.283587;7.421927;CH;Europe/Zurich;Q67029;S;;uic;3092219561;Q33439027;;;8500268;Grandval
TN8500292;gare;Klus;Klus;Klus;8500292;;47.304283;7.693863;CH;Europe/Zurich;Q65455;S;;uic;3081128606;Q33440496;;;8500292;Klus
TN8500293;gare;Thalbrücke;Thalbrücke;Thalbrücke;8500293;;47.308411;7.688325;CH;Europe/Zurich;Q65455;S;;uic;4160585596;Q33440520;;;8500293;Thalbrücke
TN8500294;gare;Balsthal;Balsthal;Balsthal;8500294;;47.313231;7.694625;CH;Europe/Zurich;Q65455;S;;uic;4160552343;Q33440541;;;8500294;Balsthal
TN8500300;gare;Kaiseraugst;Kaiseraugst;Kaiseraugst;8500300;;47.538453;7.724152;CH;Europe/Zurich;Q69048;EXT|IR|S;;uic;3080746015;Q3096669;;;8500300;Kaiseraugst
TN8500301;gare;Rheinfelden;Rheinfelden;Rheinfelden;8500301;;47.55126;7.792137;CH;Europe/Zurich;Q269667;EXT|IC|IR|NJ|RE|S;;uic;3080746024;Q20020599;;;8500301;Rheinfelden
TN8500302;gare;Möhlin;Möhlin;Möhlin;8500302;;47.56169;7.833337;CH;Europe/Zurich;Q69126;EXT|IC|IR|NJ|RE|S;;uic;3080746021;Q3097153;;;8500302;Möhlin
TN8500303;gare;Mumpf;Mumpf;Mumpf;8500303;;47.547574;7.909847;CH;Europe/Zurich;Q66293;EXT|S;;uic;3080746019;Q3097132;;;8500303;Mumpf
TN8500304;gare;Eiken;Eiken;Eiken;8500304;;47.532998;7.989765;CH;Europe/Zurich;Q66433;EXT|S;;uic;3080695740;Q3095722;;;8500304;Eiken
TN8500305;gare;Frick;Frick;Frick;8500305;;47.507337;8.013125;CH;Europe/Zurich;Q66617;EXT|IC|IR|NJ|RE|S;;uic;3080695742;Q2919733;;;8500305;Frick
TN8500309;gare;Brugg AG;Brugg;Brugg;8500309;;47.480827;8.208746;CH;Europe/Zurich;Q64099;EXT|IC|IR|NJ|RE|S|SN;;uic;3080695737;Q800578;;;8500309;Brugg AG
TN8500313;gare;Rheinfelden Augarten;Augarten;Augarten;8500313;;47.545818;7.76807;CH;Europe/Zurich;Q269667;EXT|S;;uic;1934882110;;;;8500313;Rheinfelden Augarten
TN8500320;gare;Stein-Säckingen;Stein-Säckingen;Stein-Säckingen;8500320;;47.54164;7.948925;CH;Europe/Zurich;Q65914;EXT|IC|IR|NJ|RE|S;;uic;3080746029;Q801463;;;8500320;Stein-Säckingen
TN8500322;gare;Laufenburg;Laufenburg;Laufenburg;8500322;;47.559799;8.06124;CH;Europe/Zurich;Q69191;S;;uic;3080695747;Q3096855;;;8500322;Laufenburg
TN8500329;gare;Koblenz;Koblenz;Koblenz;8500329;;47.600349;8.226996;CH;Europe/Zurich;Q69441;EXT|S;;uic;3080695746;Q801024;;;8500329;Koblenz
TN8501000;gare;Zimeysa;Zimeysa;Zimeysa;8501000;;46.221208;6.065663;CH;Europe/Zurich;Q68230;R;;uic;7073204960;Q15616936;;;8501000;Zimeysa
TN8501001;gare;La Plaine;La Plaine;La Plaine;8501001;;46.178649;5.999524;CH;Europe/Zurich;Q69471;R;;uic;3059714407;Q3096800;;;8501001;La Plaine
TN8501002;gare;Russin;Russin;Russin;8501002;;46.187767;6.017514;CH;Europe/Zurich;Q69826;R;;uic;3059714408;Q15953342;;;8501002;Russin
TN8501003;gare;Satigny;Satigny;Satigny;8501003;;46.214251;6.037496;CH;Europe/Zurich;Q69451;EXT|R;;uic;3057789420;Q3097684;;;8501003;Satigny
TN8501006;gare;Meyrin;Meyrin;Meyrin;8501006;;46.222266;6.076289;CH;Europe/Zurich;Q68230;R;;uic;3057742963;Q15616905;;;8501006;Meyrin
TN8501007;gare;Vernier;Vernier;Vernier;8501007;;46.220454;6.094707;CH;Europe/Zurich;Q63922;R;;uic;2754246079;Q15616901;;;8501007;Vernier
TN8501008;gare;Genève;Geneva Railway Station;Genève;8501008;;46.210229;6.142622;CH;Europe/Zurich;Q71;EC|EXT|IC|IR|R|RE|SN|TER|TGV;;uic;4890696636;Q800819;;;8501008;Genève
TN8501011;gare;Les Tuileries;Les Tuileries;Les Tuileries;8501011;;46.249939;6.147358;CH;Europe/Zurich;Q69836;R|RE|SN;;uic;3053406950;Q5847371;;;8501011;Les Tuileries
TN8501012;gare;Creux-de-Genthod;Creux-de-Genthod;Creux-de-Genthod;8501012;;46.263684;6.161146;CH;Europe/Zurich;Q48923;R|RE|SN;;uic;3053167578;Q5846087;;;8501012;Creux-de-Genthod
TN8501013;gare;Pont-Céard;Pont-Céard;Pont-Céard;8501013;;46.287445;6.162678;CH;Europe/Zurich;Q63979;R|RE|SN;;uic;3053167579;Q5846952;;;8501013;Pont-Céard
TN8501014;gare;Mies;Mies;Mies;8501014;;46.298806;6.168218;CH;Europe/Zurich;Q69329;R|RE|SN;;uic;3051986691;;;;8501014;Mies
TN8501015;gare;Tannay;Tannay;Tannay;8501015;;46.307616;6.181206;CH;Europe/Zurich;Q69312;R|RE|SN;;uic;3051986692;Q5847308;;;8501015;Tannay
TN8501020;gare;Chambésy;Chambésy;Chambésy;8501020;;46.241128;6.147415;CH;Europe/Zurich;Q69822;R|RE|SN;;uic;3053406948;Q5846029;;;8501020;Chambésy
TN8501021;gare;Genthod-Bellevue;Genthod-Bellevue;Genthod-Bellevue;8501021;;46.256713;6.153992;CH;Europe/Zurich;Q48923;R|RE|SN;;uic;3053406949;Q5846294;;;8501021;Genthod-Bellevue
TN8501022;gare;Versoix;Versoix;Versoix;8501022;;46.27974;6.165805;CH;Europe/Zurich;Q63979;EXT|R|RE|SN;;uic;3053167580;Q5847444;;;8501022;Versoix
TN8501023;gare;Coppet;Coppet;Coppet;8501023;;46.317287;6.187895;CH;Europe/Zurich;Q57097;EXT|IR|R|RE|SN;;uic;3052044268;Q5846075;;;8501023;Coppet
TN8501026;gare;Genève-Aéroport;Genève-Aéroport;Genève-Aéroport;8501026;;46.231334;6.110271;CH;Europe/Zurich;Q69714;EC|EXT|IC|IR|R|RE;;uic;2388447150;Q677158;;;8501026;Genève-Aéroport
TN8501030;gare;Nyon;Nyon;Nyon;8501030;;46.384312;6.235993;CH;Europe/Zurich;Q64027;EC|EXT|IC|IR|RE;;uic;5148276768;Q8841131;;;8501030;Nyon
TN8501031;gare;Gland;Gland;Gland;8501031;;46.420005;6.269099;CH;Europe/Zurich;Q69300;EXT|IR|RE;;uic;3035352284;Q8779843;;;8501031;Gland
TN8501033;gare;Rolle;Rolle;Rolle;8501033;;46.462829;6.336423;CH;Europe/Zurich;Q69570;EXT|IR|RE;;uic;3025234417;Q8841638;;;8501033;Rolle
TN8501035;gare;Allaman;Allaman;Allaman;8501035;;46.475778;6.399682;CH;Europe/Zurich;Q43201;EXT|IC|IR|R|RE|SN;;uic;3022131191;Q10947344;;;8501035;Allaman
TN8501036;gare;St-Prex;St-Prex;St-Prex;8501036;;46.482298;6.455965;CH;Europe/Zurich;Q68063;R|RE|SN;;uic;3022062409;Q8841673;;;8501036;St-Prex
TN8501037;gare;Morges;Morges;Morges;8501037;;46.511072;6.494003;CH;Europe/Zurich;Q69401;EC|EXT|IC|IR|R|RE|SN;;uic;3081154409;Q2384426;;;8501037;Morges
TN8501042;gare;Etoy;Etoy;Etoy;8501042;;46.474996;6.426958;CH;Europe/Zurich;Q70216;R|RE|SN;;uic;3022024057;Q8779753;;;8501042;Etoy
TN8501045;gare;Denges-Echandens;Denges-Echandens;Denges-Echandens;8501045;;46.529121;6.540463;CH;Europe/Zurich;Q68671;EXT|R|SN;;uic;2774872400;Q15964104;;;8501045;Denges-Echandens
TN8501047;gare;Morges-Saint-Jean;Morges-Saint-Jean;Morges-Saint-Jean;8501047;;46.518113;6.508189;CH;Europe/Zurich;Q69401;R|SN;;uic;3010408570;Q15964179;;;8501047;Morges-St-Jean
TN8501048;gare;Lonay-Préverenges;Lonay-Préverenges;Lonay-Préverenges;8501048;;46.522899;6.51913;CH;Europe/Zurich;Q68068;R|SN;;uic;3007369527;Q15964180;;;8501048;Lonay-Préverenges
TN8501054;gare;La Gottaz;La Gottaz;La Gottaz;8501054;;46.506572;6.484482;CH;Europe/Zurich;Q69401;R;;uic;10751249267;Q33441788;;;8501054;La Gottaz
TN8501080;gare;Le Marais;Le Marais;Le Marais;8501080;;46.527472;6.462574;CH;Europe/Zurich;Q69445;R;;uic;3030010488;Q33442156;;;8501080;Le Marais
TN8501081;gare;Chigny;Chigny;Chigny;8501081;;46.516261;6.47204;CH;Europe/Zurich;Q57086;R;;uic;281646166;;;;8501081;Chigny
TN8501082;gare;Chardonney-Château;Chardonney-Château;Chardonney-Château;8501082;;46.534711;6.432566;CH;Europe/Zurich;Q104776665;R;;uic;361468627;Q33442199;;;8501082;Chardonney-Château
TN8501083;gare;Reverolle;Reverolle;Reverolle;8501083;;46.540714;6.430966;CH;Europe/Zurich;Q104776665;R;;uic;3030010490;Q33442221;;;8501083;Reverolle
TN8501084;gare;Le Manège;Le Manège;Le Manège;8501084;;46.558687;6.431662;CH;Europe/Zurich;Q104776665;R;;uic;1773927650;Q33442244;;;8501084;Le Manège
TN8501085;gare;Ballens-Froideville;Ballens-Froideville;Ballens-Froideville;8501085;;46.549666;6.390107;CH;Europe/Zurich;Q43240;R;;uic;3019483996;Q33442269;;;8501085;Ballens-Froideville
TN8501087;gare;Mauraz;Mauraz;Mauraz;8501087;;46.584828;6.429817;CH;Europe/Zurich;Q104776665;R;;uic;3019483998;Q33442293;;;8501087;Mauraz
TN8501088;gare;Tuilerie;Tuilerie;Tuilerie;8501088;;46.592866;6.414321;CH;Europe/Zurich;Q104776665;R;;uic;3019484001;Q33442319;;;8501088;Tuilerie
TN8501089;gare;Villars-Bozon;Villars-Bozon;Villars-Bozon;8501089;;46.610447;6.402344;CH;Europe/Zurich;Q68387;R;;uic;3019484002;Q33442338;;;8501089;Villars-Bozon
TN8501090;gare;Prélionne;Prélionne;Prélionne;8501090;;46.509447;6.480302;CH;Europe/Zurich;Q69401;R;;uic;3030010489;Q33442361;;;8501090;Prélionne
TN8501091;gare;Vufflens-le-Château;Vufflens-le-Château;Vufflens-le-Château;8501091;;46.52482;6.473188;CH;Europe/Zurich;Q69445;R;;uic;3030010491;Q33442383;;;8501091;Vufflens-le-Château
TN8501092;gare;Bussy-Chardonney;Bussy-Chardonney;Bussy-Chardonney;8501092;;46.527093;6.447468;CH;Europe/Zurich;Q104776665;R;;uic;262012132;Q33442407;;;8501092;Bussy-Chardonney
TN8501093;gare;Yens;Yens;Yens;8501093;;46.51989;6.427636;CH;Europe/Zurich;Q68642;R;;uic;286044669;Q33442430;;;8501093;Yens
TN8501094;gare;Apples;Apples;Apples;8501094;;46.550942;6.423289;CH;Europe/Zurich;Q104776665;R;;uic;313698590;Q3095655;;;8501094;Apples
TN8501095;gare;Ballens;Ballens;Ballens;8501095;;46.55229;6.374438;CH;Europe/Zurich;Q43240;R;;uic;286044718;Q33442463;;;8501095;Ballens
TN8501096;gare;Bière;Bière;Bière;8501096;;46.537485;6.336885;CH;Europe/Zurich;Q52262;R;;uic;308165414;Q3095999;;;8501096;Bière
TN8501097;gare;Pampigny-Sévery;Pampigny-Sévery;Pampigny-Sévery;8501097;;46.577027;6.432198;CH;Europe/Zurich;Q104776665;R;;uic;3019484000;Q33442497;;;8501097;Pampigny-Sévery
TN8501098;gare;Montricher;Montricher;Montricher;8501098;;46.596417;6.393061;CH;Europe/Zurich;Q68626;R;;uic;3019483999;Q33442520;;;8501098;Montricher
TN8501099;gare;L'Isle;L'Isle;L'Isle;8501099;;46.617269;6.411182;CH;Europe/Zurich;Q68387;R;;uic;983788188;Q3098113;;;8501099;L'Isle
TN8501100;gare;Le Pont;Le Pont;Le Pont;8501100;;46.668688;6.324789;CH;Europe/Zurich;Q69520;EXT|R;;uic;2770485920;Q33443007;;;8501100;Le Pont
TN8501103;gare;Vallorbe;Vallorbe;Vallorbe;8501103;;46.712286;6.370641;CH;Europe/Zurich;Q68587;EXT|R|SN|TER|TGV;;uic;52208883;Q3097934;;;8501103;Vallorbe
TN8501104;gare;Le Day;Le Day;Le Day;8501104;;46.719942;6.399152;CH;Europe/Zurich;Q68587;EXT|R|SN;;uic;9743235642;;;;8501104;Le Day
TN8501105;gare;Bretonnières;Bretonnières;Bretonnières;8501105;;46.715042;6.474728;CH;Europe/Zurich;Q52289;R|SN;;uic;2732142802;Q15964082;;;8501105;Bretonnières
TN8501106;gare;Croy-Romainmôtier;Croy-Romainmôtier;Croy-Romainmôtier;8501106;;46.696672;6.47809;CH;Europe/Zurich;Q70671;R|SN;;uic;2732142816;Q15964103;;;8501106;Croy-Romainmôtier
TN8501107;gare;Arnex;Arnex;Arnex;8501107;;46.69805;6.518929;CH;Europe/Zurich;Q43212;R|SN;;uic;2711195164;Q15964055;;;8501107;Arnex
TN8501108;gare;La Sarraz;La Sarraz;La Sarraz;8501108;;46.658743;6.517342;CH;Europe/Zurich;Q70210;R|SN;;uic;2711195165;Q15964160;;;8501108;La Sarraz
TN8501110;gare;Ependes VD;Ependes;Ependes;8501110;;46.746342;6.607639;CH;Europe/Zurich;Q69403;R|SN;;uic;3081154371;Q12174797;;;8501110;Ependes VD
TN8501111;gare;Essert-Pittet;Essert-Pittet;Essert-Pittet;8501111;;46.727746;6.580626;CH;Europe/Zurich;Q52726;R|SN;;uic;2708957738;Q12174798;;;8501111;Essert-Pittet
TN8501112;gare;Chavornay;Chavornay;Chavornay;8501112;;46.710093;6.568127;CH;Europe/Zurich;Q52726;EXT|R|SN;;uic;3081154359;Q12174787;;;8501112;Chavornay
TN8501113;gare;Bavois;Bavois;Bavois;8501113;;46.687494;6.559496;CH;Europe/Zurich;Q43248;R|SN;;uic;5289790223;Q12174782;;;8501113;Bavois
TN8501114;gare;Eclépens;Eclépens;Eclépens;8501114;;46.65717;6.552381;CH;Europe/Zurich;Q70525;R|SN;;uic;253238168;Q12174796;;;8501114;Eclépens
TN8501115;gare;Cossonay-Penthalaz;Cossonay-Penthalaz;Cossonay-Penthalaz;8501115;;46.606011;6.523622;CH;Europe/Zurich;Q70659;EXT|R|SN;;uic;2732654252;Q15964081;;;8501115;Cossonay-Penthalaz
TN8501116;gare;Vufflens-la-Ville;Vufflens-la-Ville;Vufflens-la-Ville;8501116;;46.576222;6.530809;CH;Europe/Zurich;Q70540;EXT|R|SN;;uic;2772060002;Q15964273;;;8501116;Vufflens-la-Ville
TN8501117;gare;Bussigny;Bussigny;Bussigny;8501117;;46.547647;6.551854;CH;Europe/Zurich;Q52300;EXT|R|SN;;uic;2772059993;Q16060680;;;8501117;Bussigny
TN8501118;gare;Renens VD;Renens;Renens;8501118;;46.53701;6.578914;CH;Europe/Zurich;Q69745;EC|EXT|IC|IR|R|RE|SN;;uic;5153454609;Q3097393;;;8501118;Renens VD
TN8501120;gare;Lausanne;Lausanne;Lausanne;8501120;;46.517002;6.629169;CH;Europe/Zurich;Q807;EC|EXT|IC|IR|R|RE|S|SN|TGV;;uic;1800313662;;;;8501120;Lausanne
TN8501121;gare;Pully;Pully;Pully;8501121;;46.510945;6.659231;CH;Europe/Zurich;Q69738;EXT|IR|R|RE|SN;;uic;2789209699;Q10950526;;;8501121;Pully
TN8501122;gare;Lutry;Lutry;Lutry;8501122;;46.503893;6.690264;CH;Europe/Zurich;Q69697;EXT|R|RE|SN;;uic;2793378029;Q10949227;;;8501122;Lutry
TN8501123;gare;Villette VD;Villette VD;Villette VD;8501123;;46.495398;6.707367;CH;Europe/Zurich;Q52274;EXT|R|RE|SN;;uic;2790310986;Q10953216;;;8501123;Villette VD
TN8501124;gare;Cully;Cully;Cully;8501124;;46.488607;6.727154;CH;Europe/Zurich;Q52274;EXT|R|RE|SN;;uic;2790344845;Q10948129;;;8501124;Cully
TN8501125;gare;Epesses;Epesses;Epesses;8501125;;46.48934;6.745189;CH;Europe/Zurich;Q52274;EXT|R|RE|SN;;uic;2790335363;Q10948238;;;8501125;Epesses
TN8501126;gare;Rivaz;Rivaz;Rivaz;8501126;;46.474211;6.784594;CH;Europe/Zurich;Q70515;EXT|R|RE|SN;;uic;2790700971;Q10950827;;;8501126;Rivaz
TN8501127;gare;Saint-Saphorin;Saint-Saphorin;Saint-Saphorin;8501127;;46.472535;6.797024;CH;Europe/Zurich;Q70535;EXT|R|RE|SN;;uic;2790700978;Q10951147;;;8501127;St-Saphorin
TN8501151;gare;Les Charbonnières;Charbonnieres;Charbonnieres;8501151;;46.664375;6.317051;CH;Europe/Zurich;Q69546;R;;uic;2774668468;Q33443355;;;8501151;Les Charbonnières
TN8501152;gare;Le Séchey;Sechey;Sechey;8501152;;46.658538;6.305944;CH;Europe/Zurich;Q69546;R;;uic;2774680777;Q33443376;;;8501152;Le Séchey
TN8501153;gare;Le Lieu;Le Lieu;Le Lieu;8501153;;46.646889;6.283259;CH;Europe/Zurich;Q69546;R;;uic;2774680775;Q33443401;;;8501153;Le Lieu
TN8501154;gare;Les Esserts-de-Rive;Esserts-de-Rive;Esserts-de-Rive;8501154;;46.63197;6.260416;CH;Europe/Zurich;Q69546;R;;uic;429938988;Q33443423;;;8501154;Les Esserts-de-Rive
TN8501155;gare;Le Rocheray;Le Rocheray;Le Rocheray;8501155;;46.624485;6.250203;CH;Europe/Zurich;Q52743;R;;uic;429939014;Q33443449;;;8501155;Le Rocheray
TN8501156;gare;Le Solliat-La Golisse;Solliat-Golisse;Solliat-Golisse;8501156;;46.614459;6.2389;CH;Europe/Zurich;Q52743;R;;uic;2774680784;Q33443474;;;8501156;Le Solliat-La Golisse
TN8501157;gare;Le Sentier-L'Orient;Sentier-Orient;Sentier-Orient;8501157;;46.605723;6.231052;CH;Europe/Zurich;Q52743;EXT|R;;uic;2774680779;Q33443497;;;8501157;Le Sentier-L'Orient
TN8501159;gare;Le Brassus;Le Brassus;Le Brassus;8501159;;46.585422;6.213712;CH;Europe/Zurich;Q52743;R;;uic;2774680774;Q33443523;;;8501159;Le Brassus
TN8501160;gare;Lausanne-Chauderon;Lausanne-Chauderon;Lausanne-Chauderon;8501160;;46.523415;6.625904;CH;Europe/Zurich;Q807;R;;uic;3223997328;Q3096863;;;8501160;Lausanne-Chauderon
TN8501162;gare;Union-Prilly;Union-Prilly;Union-Prilly;8501162;;46.534087;6.610269;CH;Europe/Zurich;Q69757;R;;uic;3223616161;Q3126225;;;8501162;Union-Prilly
TN8501163;gare;Prilly-Chasseur;Prilly-Chasseur;Prilly-Chasseur;8501163;;46.539711;6.607401;CH;Europe/Zurich;Q69757;R;;uic;3223613359;Q3126247;;;8501163;Prilly-Chasseur
TN8501164;gare;Cery-Fleur-de-Lys;Cery-Fleur-de-Lys;Cery-Fleur-de-Lys;8501164;;46.544334;6.605141;CH;Europe/Zurich;Q69757;R;;uic;3223613352;Q3126232;;;8501164;Cery-Fleur-de-Lys
TN8501165;gare;Jouxtens-Mézery;Jouxtens-Mézery;Jouxtens-Mézery;8501165;;46.548392;6.601698;CH;Europe/Zurich;Q70243;R;;uic;3223613355;Q3096664;;;8501165;Jouxtens-Mézery
TN8501166;gare;Romanel-sur-Lausanne;Romanel-sur-Lausanne;Romanel-sur-Lausanne;8501166;;46.562306;6.603237;CH;Europe/Zurich;Q70254;R;;uic;3223613360;Q3097435;;;8501166;Romanel-sur-Lausanne
TN8501168;gare;Vernand-Camarès;Vernand-Camarès;Vernand-Camarès;8501168;;46.57025;6.604906;CH;Europe/Zurich;Q807;R;;uic;3223616162;Q3126260;;;8501168;Vernand-Camarès
TN8501169;gare;Cheseaux;Cheseaux;Cheseaux;8501169;;46.584402;6.605962;CH;Europe/Zurich;Q52773;R;;uic;3223613353;Q3096217;;;8501169;Cheseaux
TN8501170;gare;Bel-Air LEB;Bel-Air;Bel-Air;8501170;;46.578492;6.605592;CH;Europe/Zurich;Q807;R;;uic;3223613351;Q3126231;;;8501170;Bel-Air LEB
TN8501171;gare;Etagnières;Etagnières;Etagnières;8501171;;46.602443;6.614377;CH;Europe/Zurich;Q68739;R;;uic;3223613354;Q3126228;;;8501171;Etagnières
TN8501172;gare;Assens;Assens;Assens;8501172;;46.61324;6.620556;CH;Europe/Zurich;Q43225;R;;uic;3223613350;Q3095678;;;8501172;Assens
TN8501173;gare;Echallens;Echallens;Echallens;8501173;;46.639465;6.633084;CH;Europe/Zurich;Q70714;R;;uic;1071633268;Q3095864;;;8501173;Echallens
TN8501174;gare;Sur Roche;Sur Roche;Sur Roche;8501174;;46.640572;6.63903;CH;Europe/Zurich;Q70714;R;;uic;3214139343;Q3126257;;;8501174;Sur Roche
TN8501175;gare;Sugnens;Sugnens;Sugnens;8501175;;46.65492;6.665613;CH;Europe/Zurich;Q70731;R;;uic;983813947;Q3097787;;;8501175;Sugnens
TN8501176;gare;Fey;Fey;Fey;8501176;;46.674246;6.684856;CH;Europe/Zurich;Q68915;R;;uic;3214126028;Q3126237;;;8501176;Fey
TN8501177;gare;Bercher;Bercher;Bercher;8501177;;46.69288;6.703769;CH;Europe/Zurich;Q52256;R;;uic;3214117289;Q3095963;;;8501177;Bercher
TN8501178;gare;Grésaley;Grésaley;Grésaley;8501178;;46.643252;6.642137;CH;Europe/Zurich;Q70714;R;;uic;3214139342;Q3126263;;;8501178;Grésaley
TN8501179;gare;Pont-de-Drapel;Pont-de-Drapel;Pont-de-Drapel;8501179;;46.31987;6.986488;CH;Europe/Zurich;Q43195;R;;uic;599200172;Q33444594;;;8501179;Pont-de-Drapel
TN8501181;gare;Lausanne-Flon;Lausanne-Flon;Lausanne-Flon;8501181;;46.520673;6.630333;CH;Europe/Zurich;Q807;R;;uic;3200281819;Q672214;;;8501181;Lausanne-Flon
TN8501198;gare;Château-d'Oex La Palaz;Château-d'Oex La Palaz;Château-d'Oex La Palaz;8501198;;46.475854;7.143787;CH;Europe/Zurich;Q52699;EXT|PE|R;;uic;7101631560;Q33445143;;;8501198;Château-d'Oex La Palaz
TN8501199;gare;La Roulaz;La Roulaz;La Roulaz;8501199;;46.331354;7.001504;CH;Europe/Zurich;Q69610;R;;uic;684607116;Q33445167;;;8501199;La Roulaz
TN8501200;gare;Vevey;Vevey;Vevey;8501200;;46.462948;6.843389;CH;Europe/Zurich;Q68160;EC|EXT|IR|R|RE|SN;;uic;2793245894;Q569784;;;8501200;Vevey
TN8501201;gare;La Tour-de-Peilz;La Tour-de-Peilz;La Tour-de-Peilz;8501201;;46.455377;6.859588;CH;Europe/Zurich;Q69721;EXT|R|SN;;uic;2793405375;;;;8501201;La Tour-de-Peilz
TN8501202;gare;Burier;Burier;Burier;8501202;;46.44786;6.877292;CH;Europe/Zurich;Q69721;EXT|R|SN;;uic;2793407517;Q10947816;;;8501202;Burier
TN8501203;gare;Clarens;Clarens;Clarens;8501203;;46.442783;6.895494;CH;Europe/Zurich;Q69354;EXT|R|SN;;uic;2793811935;Q10948043;;;8501203;Clarens
TN8501229;gare;Monthey-En Place;Monthey-En Place;Monthey-En Place;8501229;;46.259559;6.945981;CH;Europe/Zurich;Q64051;R;;uic;1678698664;Q33445263;;;8501229;Monthey-En Place
TN8501300;gare;Montreux;Montreux;Montreux;8501300;;46.43586;6.910369;CH;Europe/Zurich;Q69354;EC|EXT|IR|PE|R|RE|SN;;uic;2793870896;Q680986;;;8501300;Montreux
TN8501301;gare;Territet;Territet;Territet;8501301;;46.426415;6.922733;CH;Europe/Zurich;Q69354;R|SN;;uic;2797706069;Q10952194;;;8501301;Territet
TN8501302;gare;Veytaux-Chillon;Veytaux-Chillon;Veytaux-Chillon;8501302;;46.417611;6.927739;CH;Europe/Zurich;Q68071;R|RE|SN;;uic;2809386072;Q10952911;;;8501302;Veytaux-Chillon
TN8501303;gare;Villeneuve VD;Villeneuve VD;Villeneuve VD;8501303;;46.39838;6.926911;CH;Europe/Zurich;Q69972;EC|EXT|IR|R|RE|SN;;uic;2809386073;Q3098005;;XSVL;8501303;Villeneuve VD
TN8501304;gare;Roche VD;Roche VD;Roche VD;8501304;;46.358742;6.927144;CH;Europe/Zurich;Q70224;R|SN;;uic;2893378527;Q31444516;;;8501304;Roche VD
TN8501374;gare;Fontanivent;Fontanivent;Fontanivent;8501374;;46.452799;6.902256;CH;Europe/Zurich;Q69354;EXT|PE|R;;uic;2797768526;Q33445928;;;8501374;Fontanivent
TN8501375;gare;Chernex;Chernex;Chernex;8501375;;46.446367;6.909559;CH;Europe/Zurich;Q69354;EXT|PE|R;;uic;2797750712;Q33445951;;;8501375;Chernex
TN8501376;gare;Chamby;Chamby;Chamby;8501376;;46.449321;6.913524;CH;Europe/Zurich;Q69354;EXT|PE|R;;uic;2797758582;Q33445978;;;8501376;Chamby
TN8501377;gare;Les Avants;Les Avants;Les Avants;8501377;;46.453635;6.943456;CH;Europe/Zurich;Q69354;EXT|PE|R;;uic;264552651;Q33446001;;;8501377;Les Avants
TN8501378;gare;Allières;Allières;Allières;8501378;;46.469711;7.008046;CH;Europe/Zurich;Q66876;PE|R|S;;uic;2827316047;Q33446024;;;8501378;Allières
TN8501379;gare;Les Sciernes;Les Sciernes;Les Sciernes;8501379;;46.491612;7.034615;CH;Europe/Zurich;Q66876;PE|R|S;;uic;426953627;Q33446071;;;8501379;Les Sciernes
TN8501380;gare;Montreux-Collège;Montreux-Collège;Montreux-Collège;8501380;;46.436073;6.912668;CH;Europe/Zurich;Q69354;EXT|PE|R;;uic;2793864786;Q33446098;;;8501380;Montreux-Collège
TN8501381;gare;Vuarennes;Vuarennes;Vuarennes;8501381;;46.439138;6.910993;CH;Europe/Zurich;Q69354;EXT|R;;uic;306500168;Q33446123;;;8501381;Vuarennes
TN8501382;gare;Châtelard VD;Châtelard;Châtelard;8501382;;46.44679;6.901147;CH;Europe/Zurich;Q69354;EXT|R;;uic;374342357;Q33446150;;;8501382;Châtelard VD
TN8501383;gare;Planchamp;Planchamp;Planchamp;8501383;;46.45105;6.901059;CH;Europe/Zurich;Q69354;EXT|R;;uic;983835739;Q33446177;;;8501383;Planchamp
TN8501384;gare;Sonzier;Sonzier;Sonzier;8501384;;46.439324;6.921513;CH;Europe/Zurich;Q69354;EXT|PE|R;;uic;6457421092;;;;8501384;Sonzier
TN8501385;gare;Sendy-Sollard;Sendy-Sollard;Sendy-Sollard;8501385;;46.447162;6.930197;CH;Europe/Zurich;Q69354;EXT|PE|R;;uic;983835747;Q33446239;;;8501385;Sendy-Sollard
TN8501386;gare;Jor;Jor;Jor;8501386;;46.454641;6.965147;CH;Europe/Zurich;Q69354;PE|R;;uic;2827606185;Q16508243;;;8501386;Jor
TN8501387;gare;Les Cases;Les Cases;Les Cases;8501387;;46.455941;6.997848;CH;Europe/Zurich;Q66876;PE|R;;uic;2827598128;Q33446275;;;8501387;Les Cases
TN8501388;gare;Les Combes;Les Combes;Les Combes;8501388;;46.477452;7.171805;CH;Europe/Zurich;Q52699;EXT|PE|R;;uic;3752152080;Q33446305;;;8501388;Les Combes
TN8501390;gare;Belmont-sur-Montreux;Belmont-sur-Montreux;Belmont-sur-Montreux;8501390;;46.442099;6.905965;CH;Europe/Zurich;Q69354;EXT|R;;uic;207308604;Q33446333;;;8501390;Belmont-sur-Montreux
TN8501391;gare;La Tine;La Tine;La Tine;8501391;;46.467181;7.046538;CH;Europe/Zurich;Q67694;EXT|PE|R|S;;uic;306504177;Q33446360;;;8501391;La Tine
TN8501392;gare;Rossinière;Rossinière;Rossinière;8501392;;46.464791;7.082927;CH;Europe/Zurich;Q67694;EXT|PE|R|S;;uic;8131835131;Q33446388;;;8501392;Rossinière
TN8501393;gare;La Chaudanne-Les Moulins;La Chaudanne-Les Moulins;La Chaudanne-Les Moulins;8501393;;46.466014;7.096779;CH;Europe/Zurich;Q67694;EXT|PE|R|S;;uic;306504206;Q33446418;;;8501393;La Chaudanne-Les Moulins
TN8501394;gare;Château-d'Oex;Château-d'Oex;Château-d'Oex;8501394;;46.474907;7.132611;CH;Europe/Zurich;Q52699;EXT|PE|R|S;;uic;306504255;Q33446444;;;8501394;Château-d'Oex
TN8501395;gare;Les Granges-Gérignoz;Les Granges-Gérignoz;Les Granges-Gérignoz;8501395;;46.474137;7.154891;CH;Europe/Zurich;Q52699;EXT|PE|R;;uic;306507866;Q33446471;;;8501395;Les Granges-Gérignoz
TN8501396;gare;Flendruz;Flendruz;Flendruz;8501396;;46.482389;7.186575;CH;Europe/Zurich;Q70000;EXT|PE|R;;uic;306507932;Q33446499;;;8501396;Flendruz
TN8501397;gare;Rougemont;Rougemont;Rougemont;8501397;;46.488391;7.208906;CH;Europe/Zurich;Q70000;EXT|PE|R|S;;uic;306507958;Q33446525;;;8501397;Rougemont
TN8501398;gare;Saanen;Saanen;Saanen;8501398;;46.488604;7.260502;CH;Europe/Zurich;Q66629;EXT|PE|R|S;;uic;3877871123;Q33446550;;;8501398;Saanen
TN8501399;gare;Gstaad;Gstaad;Gstaad;8501399;;46.475091;7.284139;CH;Europe/Zurich;Q66629;EXT|PE|R|S;;uic;6314721997;Q33446580;;;8501399;Gstaad
TN8501400;gare;Aigle;Aigle;Aigle;8501400;;46.316842;6.96377;CH;Europe/Zurich;Q43195;EC|EXT|IR|R|RE|SN;;uic;2893316867;Q5845601;;;8501400;Aigle
TN8501402;gare;Bex;Bex;Bex;8501402;;46.251448;7.00072;CH;Europe/Zurich;Q52261;EC|EXT|IR|R|RE|SN;;uic;2892181159;Q12174783;;;8501402;Bex
TN8501403;gare;Saint-Maurice;Saint-Maurice;Saint-Maurice;8501403;;46.216366;7.00215;CH;Europe/Zurich;Q69545;EC|EXT|IR|R|RE|SN;;uic;9905350128;Q10951368;;;8501403;St-Maurice
TN8501404;gare;Evionnaz;Evionnaz;Evionnaz;8501404;;46.169122;7.025544;CH;Europe/Zurich;Q70163;R;;uic;2888990902;Q10948282;;;8501404;Evionnaz
TN8501405;gare;Vernayaz;Vernayaz;Vernayaz;8501405;;46.138455;7.038325;CH;Europe/Zurich;Q68713;R;;uic;2888950257;Q10952886;;;8501405;Vernayaz
TN8501420;gare;Massongex;Massongex;Massongex;8501420;;46.241248;6.985546;CH;Europe/Zurich;Q70184;R;;uic;2892181160;Q12174808;;;8501420;Massongex
TN8501421;gare;Monthey;Monthey;Monthey;8501421;;46.255632;6.955147;CH;Europe/Zurich;Q64051;R;;uic;2893199502;Q12174813;;;8501421;Monthey
TN8501422;gare;Collombey;Collombey;Collombey;8501422;;46.271213;6.948716;CH;Europe/Zurich;Q70165;R;;uic;2893491204;Q12174791;;;8501422;Collombey
TN8501423;gare;Vionnaz;Vionnaz;Vionnaz;8501423;;46.314982;6.916222;CH;Europe/Zurich;Q70165;R;;uic;2893491205;Q12174838;;;8501423;Vionnaz
TN8501424;gare;Vouvry;Vouvry;Vouvry;8501424;;46.336943;6.897952;CH;Europe/Zurich;Q68889;R;;uic;2893482975;Q12174839;;;8501424;Vouvry
TN8501425;gare;Les Evouettes;Les Evouettes;Les Evouettes;8501425;;46.362819;6.879463;CH;Europe/Zurich;Q70393;R;;uic;2893482974;Q12174807;;;8501425;Les Evouettes
TN8501426;gare;Bouveret;Le Bouveret;Le Bouveret;8501426;;46.385738;6.853286;CH;Europe/Zurich;Q70393;R;;uic;2893470286;Q12174805;;;8501426;Bouveret
TN8501428;gare;Saint-Gingolph (Suisse);Saint-Gingolph (Suisse);Saint-Gingolph (Suisse);8501428;;46.39217;6.805891;CH;Europe/Zurich;Q70528;R;;uic;3081154430;Q12174821;;;8501428;St-Gingolph (Suisse)
TN8501446;gare;Villars-sur-Ollon Golf;Le Golf;Le Golf;8501446;;46.309476;7.075633;CH;Europe/Zurich;Q70115;R;;uic;281283590;Q33446833;;;8501446;Villars-sur-Ollon Golf
TN8501447;gare;Roches Grises;Roches Grises;Roches Grises;8501447;;46.294018;7.061789;CH;Europe/Zurich;Q70115;R;;uic;281282248;Q33446866;;;8501447;Roches Grises
TN8501448;gare;Champéry;Champéry;Champéry;8501448;;46.175;6.871372;CH;Europe/Zurich;Q70099;R;;uic;339478753;Q33446894;;;8501448;Champéry
TN8501452;gare;Saint-Triphon-Gare;Saint-Triphon-Gare;Saint-Triphon-Gare;8501452;;46.278318;6.973651;CH;Europe/Zurich;Q70115;R;;uic;1626951653;Q33446920;;;8501452;St-Triphon-Gare
TN8501453;gare;La Cour;La Cour;La Cour;8501453;;46.194245;6.886678;CH;Europe/Zurich;Q68528;R;;uic;339478673;Q33446949;;;8501453;La Cour
TN8501454;gare;Fayot;Fayot;Fayot;8501454;;46.212072;6.899488;CH;Europe/Zurich;Q68528;R;;uic;1678698620;Q33446976;;;8501454;Fayot
TN8501457;gare;Monthey-Hôpital;Monthey-Hôpital;Monthey-Hôpital;8501457;;46.251872;6.940734;CH;Europe/Zurich;Q64051;R;;uic;1685688861;Q33447032;;;8501457;Monthey-Hôpital
TN8501458;gare;Villy;Villy;Villy;8501458;;46.286882;6.994281;CH;Europe/Zurich;Q70115;R;;uic;8131895051;Q33447059;;;8501458;Villy
TN8501460;gare;Croix-du-Nant;Croix-du-Nant;Croix-du-Nant;8501460;;46.239694;6.927475;CH;Europe/Zurich;Q68823;R;;uic;320374836;Q33447118;;;8501460;Croix-du-Nant
TN8501461;gare;Ollon VD;Ollon VD;Ollon VD;8501461;;46.296791;6.993272;CH;Europe/Zurich;Q70115;R;;uic;316019885;Q33447146;;;8501461;Ollon VD
TN8501462;gare;Collombey-Village;Collombey-Village;Collombey-Village;8501462;;46.269365;6.945996;CH;Europe/Zurich;Q70165;R;;uic;281283423;Q33447173;;;8501462;Collombey-Village
TN8501463;gare;Monthey-Ville;Monthey-Ville;Monthey-Ville;8501463;;46.253901;6.947541;CH;Europe/Zurich;Q64051;R;;uic;1685688885;Q33447227;;;8501463;Monthey-Ville
TN8501464;gare;Troistorrents;Troistorrents;Troistorrents;8501464;;46.228128;6.915786;CH;Europe/Zurich;Q68823;R;;uic;1651345786;Q33447253;;;8501464;Troistorrents
TN8501465;gare;Val-d'Illiez;Val-d'Illiez;Val-d'Illiez;8501465;;46.203819;6.893098;CH;Europe/Zurich;Q68528;R;;uic;3619958672;Q33447281;;;8501465;Val-d'Illiez
TN8501466;gare;Champéry-Village;Champéry-Village;Champéry-Village;8501466;;46.181384;6.874204;CH;Europe/Zurich;Q70099;R;;uic;339478347;Q33447308;;;8501466;Champéry-Village
TN8501468;gare;Aigle-Château;Aigle-Château;Aigle-Château;8501468;;46.316835;6.978903;CH;Europe/Zurich;Q43195;R;;uic;286908368;Q33447337;;;8501468;Aigle-Château
TN8501470;gare;Verschiez;Verschiez;Verschiez;8501470;;46.308109;6.983436;CH;Europe/Zurich;Q70115;R;;uic;684583716;Q33447393;;;8501470;Verschiez
TN8501471;gare;Plambuit;Plambuit;Plambuit;8501471;;46.327145;7.023774;CH;Europe/Zurich;Q43195;R;;uic;689288192;Q33447421;;;8501471;Plambuit
TN8501472;gare;Exergillod;Exergillod;Exergillod;8501472;;46.336998;7.038289;CH;Europe/Zurich;Q70115;R;;uic;717842510;Q33447447;;;8501472;Exergillod
TN8501473;gare;Les Planches (Aigle);Les Planches (Aigle);Les Planches (Aigle);8501473;;46.354672;7.05543;CH;Europe/Zurich;Q70227;R;;uic;5157449182;Q33447474;;;8501473;Les Planches (Aigle)
TN8501474;gare;Le Sépey;Le Sépey;Le Sépey;8501474;;46.361387;7.052116;CH;Europe/Zurich;Q70227;R;;uic;5929437856;Q33447502;;;8501474;Le Sépey
TN8501475;gare;Les Echenards;Les Echenards;Les Echenards;8501475;;46.355482;7.084804;CH;Europe/Zurich;Q70227;R;;uic;1107014704;Q33447529;;;8501475;Les Echenards
TN8501476;gare;Les Aviolats;Les Aviolats;Les Aviolats;8501476;;46.352974;7.113323;CH;Europe/Zurich;Q70082;R;;uic;286905667;Q33447554;;;8501476;Les Aviolats
TN8501477;gare;Vers l'Église;Vers l'Église;Vers l'Église;8501477;;46.353709;7.134058;CH;Europe/Zurich;Q70082;R;;uic;286905687;Q33447580;;;8501477;Vers-l'Eglise
TN8501479;gare;Les Diablerets;Les Diablerets;Les Diablerets;8501479;;46.35141;7.154522;CH;Europe/Zurich;Q70082;R;;uic;534853889;Q33447609;;;8501479;Les Diablerets
TN8501480;gare;Rennaz (Leysin);Rennaz;Rennaz;8501480;;46.327345;7.000796;CH;Europe/Zurich;Q69610;R;;uic;983835728;Q33447636;;;8501480;Rennaz (Leysin)
TN8501481;gare;Leysin-Village;Leysin-Village;Leysin-Village;8501481;;46.339284;7.006042;CH;Europe/Zurich;Q69610;R;;uic;603714630;Q33447665;;;8501481;Leysin-Village
TN8501482;gare;Leysin-Feydey;Leysin-Feydey;Leysin-Feydey;8501482;;46.344647;7.008541;CH;Europe/Zurich;Q69610;R;;uic;1100949260;Q33447690;;;8501482;Leysin-Feydey
TN8501483;gare;Leysin-Grand-Hôtel;Leysin-Grand-Hôtel;Leysin-Grand-Hôtel;8501483;;46.345611;7.006744;CH;Europe/Zurich;Q69610;R;;uic;333789840;Q33447714;;;8501483;Leysin-Grand-Hôtel
TN8501484;gare;Aigle-Dépôt;Aigle-Dépôt;Aigle-Dépôt;8501484;;46.318279;6.975454;CH;Europe/Zurich;Q43195;R;;uic;365018294;Q33447740;;;8501484;Aigle-Dépôt
TN8501485;gare;Fontanney;Fontanney;Fontanney;8501485;;46.318229;6.982244;CH;Europe/Zurich;Q43195;R;;uic;599237865;Q33447768;;;8501485;Fontanney
TN8501487;gare;Bex-Place-du-Marché;Place-du-Marché;Place-du-Marché;8501487;;46.250869;7.014406;CH;Europe/Zurich;Q52261;R;;uic;701096341;Q33447794;;;8501487;Bex-Place-du-Marché
TN8501488;gare;Bévieux;Bévieux;Bévieux;8501488;;46.259244;7.03097;CH;Europe/Zurich;Q52261;R;;uic;2631132529;Q33447820;;;8501488;Bévieux
TN8501490;gare;Fontannaz-Seulaz;Fontannaz-Seulaz;Fontannaz-Seulaz;8501490;;46.267539;7.055932;CH;Europe/Zurich;Q52261;R;;uic;701206300;Q33447845;;;8501490;Fontannaz-Seulaz
TN8501491;gare;Les Posses;Les Posses;Les Posses;8501491;;46.271158;7.050928;CH;Europe/Zurich;Q52261;R;;uic;701182379;Q33447871;;;8501491;Les Posses
TN8501492;gare;Gryon;Gryon;Gryon;8501492;;46.273721;7.060249;CH;Europe/Zurich;Q69522;R;;uic;701192319;Q33447900;;;8501492;Gryon
TN8501493;gare;Gryon Barboleuse;La Barboleuse;La Barboleuse;8501493;;46.282901;7.070537;CH;Europe/Zurich;Q69522;R;;uic;1458694906;Q33447927;;;8501493;Gryon Barboleuse
TN8501494;gare;Arveyes;Arveyes;Arveyes;8501494;;46.291299;7.062816;CH;Europe/Zurich;Q70115;R;;uic;983835733;Q33447953;;;8501494;Arveyes
TN8501495;gare;Villars-sur-Ollon;Villars-sur-Ollon;Villars-sur-Ollon;8501495;;46.295902;7.056261;CH;Europe/Zurich;Q70115;R;;uic;5019596958;Q33447979;;;8501495;Villars-sur-Ollon
TN8501497;gare;Col-de-Soud;Col-de-Soud;Col-de-Soud;8501497;;46.304889;7.069574;CH;Europe/Zurich;Q70115;R;;uic;281285800;Q33448007;;;8501497;Col-de-Soud
TN8501498;gare;Bouquetins;Bouquetins;Bouquetins;8501498;;46.316529;7.072194;CH;Europe/Zurich;Q70115;R;;uic;281282993;Q33448035;;;8501498;Bouquetins
TN8501499;gare;Col de Bretaye;Col de Bretaye;Col de Bretaye;8501499;;46.321887;7.073167;CH;Europe/Zurich;Q70115;R;;uic;4325099118;Q33448062;;;8501499;Col-de-Bretaye
TN8501500;gare;Martigny;Martigny;Martigny;8501500;;46.105799;7.079135;CH;Europe/Zurich;Q68956;EC|EXT|IR|R|RE|SN;;uic;5155410595;Q3096986;;;8501500;Martigny
TN8501501;gare;Charrat-Fully;Charrat-Fully;Charrat-Fully;8501501;;46.126787;7.126488;CH;Europe/Zurich;Q68956;EXT|R;;uic;2886808634;Q12174790;;;8501501;Charrat-Fully
TN8501502;gare;Saxon;Saxon;Saxon;8501502;;46.149348;7.173456;CH;Europe/Zurich;Q69572;EXT|R;;uic;2874250804;Q12174829;;;8501502;Saxon
TN8501503;gare;Riddes;Riddes;Riddes;8501503;;46.172397;7.217744;CH;Europe/Zurich;Q68504;EXT|R;;uic;2881817100;Q12174817;;;8501503;Riddes
TN8501504;gare;Chamoson-St-Pierre-de-Clages;Chamoson-St-Pierre-de-Clages;Chamoson-St-Pierre-de-Clages;8501504;;46.188995;7.240852;CH;Europe/Zurich;Q70178;EXT|R;;uic;2881803413;Q12174786;;;8501504;Chamoson-St-Pierre-de-Clages
TN8501505;gare;Ardon;Ardon;Ardon;8501505;;46.208622;7.270943;CH;Europe/Zurich;Q69556;EXT|R;;uic;2879732601;Q12174781;;;8501505;Ardon
TN8501506;gare;Sion;Sion;Sion;8501506;;46.227462;7.35933;CH;Europe/Zurich;Q68136;EC|EXT|IR|R|RE|SN;;uic;2862668748;Q288651;;;8501506;Sion
TN8501507;gare;Saint-Léonard;Saint-Léonard;Saint-Léonard;8501507;;46.25151;7.419538;CH;Europe/Zurich;Q68222;EXT|R;;uic;2862464856;Q12174826;;;8501507;St-Léonard
TN8501509;gare;Sierre/Siders;Sierre/Siders;Sierre/Siders;8501509;;46.292136;7.532721;CH;Europe/Zurich;Q68297;EC|EXT|IR|R|RE;;uic;2859798310;Q3097745;;;8501509;Sierre/Siders
TN8501510;gare;Châteauneuf-Conthey;Châteauneuf-Conthey;Châteauneuf-Conthey;8501510;;46.215992;7.30459;CH;Europe/Zurich;Q69563;EXT|R;;uic;2879653641;Q12174788;;;8501510;Châteauneuf-Conthey
TN8501554;gare;Aigle-Place-du-Marché;Aigle-Place-du-Marché;Aigle-Place-du-Marché;8501554;;46.317842;6.971088;CH;Europe/Zurich;Q43195;R;;uic;365018366;;;;8501554;Aigle-Place-du-Marché
TN8501572;gare;Martigny-Bourg;Martigny-Bourg;Martigny-Bourg;8501572;;46.093331;7.070122;CH;Europe/Zurich;Q68956;EXT|R|RE;;uic;2886970163;Q1891056;;;8501572;Martigny-Bourg
TN8501573;gare;Martigny-Croix;Martigny-Croix;Martigny-Croix;8501573;;46.08669;7.058486;CH;Europe/Zurich;Q68956;EXT|R|RE;;uic;2886970164;Q2047644;;;8501573;Martigny-Croix
TN8501575;gare;Bovernier;Bovernier;Bovernier;8501575;;46.078575;7.082248;CH;Europe/Zurich;Q70145;EXT|R|RE;;uic;9544645068;Q3366042;;;8501575;Bovernier
TN8501576;gare;Sembrancher;Sembrancher;Sembrancher;8501576;;46.07699;7.145908;CH;Europe/Zurich;Q70101;EXT|R|RE;;uic;9543361436;;;;8501576;Sembrancher
TN8501577;gare;La Douay;La Douay;La Douay;8501577;;46.052606;7.148783;CH;Europe/Zurich;Q70206;R;;uic;983828546;Q2365843;;;8501577;La Douay
TN8501578;gare;Orsières;Orsières;Orsières;8501578;;46.028046;7.143696;CH;Europe/Zurich;Q70206;EXT|R;;uic;9543361429;Q1968217;;;8501578;Orsières
TN8501579;gare;Le Châble VS;Le Châble;Le Châble;8501579;;46.078722;7.215195;CH;Europe/Zurich;Q99519700;R|RE;;uic;9543468701;;;;8501579;Le Châble VS
TN8501580;gare;Etiez;Etiez;Etiez;8501580;;46.082959;7.160627;CH;Europe/Zurich;Q99519700;R|RE;;uic;2300294063;Q2110844;;;8501580;Etiez
TN8501600;gare;Salgesch;Salgesch;Salgesch;8501600;;46.30947;7.57895;CH;Europe/Zurich;Q70317;R;;uic;983986576;Q12174824;;;8501600;Salgesch
TN8501601;gare;Leuk;Leuk;Leuk;8501601;;46.311902;7.643597;CH;Europe/Zurich;Q69590;IR|R|RE;;uic;2855659605;Q5846591;;;8501601;Leuk
TN8501602;gare;Turtmann;Turtmann;Turtmann;8501602;;46.309334;7.700068;CH;Europe/Zurich;Q2363869;R;;uic;2855641882;Q12174833;;;8501602;Turtmann
TN8501603;gare;Gampel-Steg;Gampel-Steg;Gampel-Steg;8501603;;46.30651;7.74781;CH;Europe/Zurich;Q70624;R;;uic;2855488952;Q12174800;;;8501603;Gampel-Steg
TN8501604;gare;Raron;Raron;Raron;8501604;;46.30622;7.801522;CH;Europe/Zurich;Q69786;R;;uic;2855488953;Q12174816;;;8501604;Raron
TN8501605;gare;Visp;Visp;Visp;8501605;;46.29402;7.881488;CH;Europe/Zurich;Q64147;EC|EXT|IC|ICE|IR|R|RE;;uic;3080728390;Q801563;;;8501605;Visp
TN8501609;gare;Brig;Brig;Brig;8501609;;46.319319;7.988264;CH;Europe/Zurich;Q15583;EC|EXT|IC|ICE|IR|R|RE;;uic;3080728372;Q2082964;;;8501609;Brig
TN8501632;gare;Avry-Matran;Avry-Matran;Avry-Matran;8501632;;46.785895;7.080284;CH;Europe/Zurich;Q67073;R|RE|S|SN;;uic;13333876465;;;;8501632;Avry-Matran
TN8501636;gare;Eyholz;Eyholz;Eyholz;8501636;;46.296758;7.916319;CH;Europe/Zurich;Q64147;EXT|R;;uic;3161471076;Q33450303;;;8501636;Eyholz
TN8501661;gare;Oberwald;Oberwald;Oberwald;8501661;;46.530917;8.342925;CH;Europe/Zurich;Q70614;EXT|R;;uic;3019498808;Q7074832;;;8501661;Oberwald
TN8501662;gare;Obergesteln;Obergesteln;Obergesteln;8501662;;46.513388;8.326208;CH;Europe/Zurich;Q70614;EXT|R;;uic;3158063995;Q33450373;;;8501662;Obergesteln
TN8501663;gare;Ulrichen;Ulrichen;Ulrichen;8501663;;46.505543;8.309304;CH;Europe/Zurich;Q70614;EXT|R;;uic;3158063996;Q33450397;;;8501663;Ulrichen
TN8501664;gare;Geschinen;Geschinen;Geschinen;8501664;;46.491678;8.282079;CH;Europe/Zurich;Q26836831;EXT|R;;uic;3249865033;Q33450423;;;8501664;Geschinen
TN8501665;gare;Münster VS;Münster VS;Münster VS;8501665;;46.485396;8.266481;CH;Europe/Zurich;Q26836831;EXT|R;;uic;3158061219;Q33450452;;;8501665;Münster VS
TN8501666;gare;Reckingen VS;Reckingen;Reckingen;8501666;;46.468235;8.243836;CH;Europe/Zurich;Q26836831;EXT|R;;uic;3158061220;Q33450482;;;8501666;Reckingen VS
TN8501667;gare;Gluringen;Gluringen;Gluringen;8501667;;46.46279;8.23387;CH;Europe/Zurich;Q26836831;EXT|R;;uic;3249865034;Q33450507;;;8501667;Gluringen
TN8501668;gare;Biel (Goms);Biel;Biel;8501668;;46.45508;8.219401;CH;Europe/Zurich;Q26836831;EXT|R;;uic;3249865031;Q33450535;;;8501668;Biel (Goms)
TN8501669;gare;Blitzingen;Blitzingen;Blitzingen;8501669;;46.444688;8.204977;CH;Europe/Zurich;Q26836831;EXT|R;;uic;3249865032;Q33450560;;;8501669;Blitzingen
TN8501670;gare;Niederwald;Niederwald;Niederwald;8501670;;46.435353;8.190287;CH;Europe/Zurich;Q26836831;EXT|R;;uic;3249865035;Q33450584;;;8501670;Niederwald
TN8501671;gare;Fürgangen-Bellwald Talstation;Fürgangen-Bellwald;Fürgangen-Bellwald;8501671;;46.411666;8.152135;CH;Europe/Zurich;Q68466;EXT|R;;uic;3158045230;Q33450611;;;8501671;Fürgangen-Bellwald Talstation
TN8501672;gare;Fiesch;Fiesch;Fiesch;8501672;;46.406077;8.134086;CH;Europe/Zurich;Q68051;EXT|R;;uic;3158045228;Q5447300;;;8501672;Fiesch
TN8501673;gare;Lax;Lax;Lax;8501673;;46.387004;8.11709;CH;Europe/Zurich;Q70363;EXT|R;;uic;3158020540;Q33450654;;;8501673;Lax
TN8501674;gare;Grengiols;Grengiols;Grengiols;8501674;;46.375288;8.091678;CH;Europe/Zurich;Q67332;EXT|R;;uic;3158020539;Q33450680;;;8501674;Grengiols
TN8501675;gare;Bettmeralp Talstation;Bettmeralp Talstation;Bettmeralp Talstation;8501675;;46.371246;8.076635;CH;Europe/Zurich;Q67332;EXT|R;;uic;3158078843;Q33450705;;;8501675;Bettmeralp Talstation
TN8501676;gare;Mörel;Mörel;Mörel;8501676;;46.356217;8.047055;CH;Europe/Zurich;Q70643;EXT|R;;uic;3158078844;Q33450734;;;8501676;Mörel
TN8501677;gare;Bitsch;Bitsch;Bitsch;8501677;;46.335885;8.017131;CH;Europe/Zurich;Q68046;EXT|R;;uic;3938035089;Q33450759;;;8501677;Bitsch
TN8501679;gare;Findelbach;Findelbach;Findelbach;8501679;;46.009619;7.748849;CH;Europe/Zurich;Q27494;CC;;uic;3110648194;Q17076013;;;8501679;Findelbach
TN8501683;gare;Stalden-Saas;Stalden-Saas;Stalden-Saas;8501683;;46.231958;7.870574;CH;Europe/Zurich;Q68460;EXT|R;;uic;7252899033;Q33450786;;;8501683;Stalden-Saas
TN8501684;gare;Kalpetran;Kalpetran;Kalpetran;8501684;;46.214108;7.836903;CH;Europe/Zurich;Q68026;EXT|R;;uic;14024760451;Q33450811;;;8501684;Kalpetran
TN8501685;gare;St. Niklaus;St. Niklaus;St. Niklaus;8501685;;46.177405;7.801957;CH;Europe/Zurich;Q68464;EXT|R;;uic;240025702;Q33450837;;;8501685;St. Niklaus VS
TN8501686;gare;Herbriggen;Herbriggen;Herbriggen;8501686;;46.132151;7.791554;CH;Europe/Zurich;Q68464;EXT|R;;uic;14024760446;Q33450863;;;8501686;Herbriggen
TN8501687;gare;Randa;Randa;Randa;8501687;;46.099898;7.781528;CH;Europe/Zurich;Q67720;EXT|R;;uic;240052658;Q33450891;;;8501687;Randa
TN8501688;gare;Täsch;Täsch;Täsch;8501688;;46.067175;7.77454;CH;Europe/Zurich;Q69305;EXT|R;;uic;240052843;Q7862167;;;8501688;Täsch
TN8501689;gare;Zermatt;Zermatt;Zermatt;8501689;;46.024573;7.748129;CH;Europe/Zurich;Q27494;EXT|PE|R;;uic;240052938;Q8069422;;;8501689;Zermatt
TN8501690;gare;Zermatt GGB;Zermatt GGB;Zermatt GGB;8501690;;46.023935;7.748621;CH;Europe/Zurich;Q27494;CC;;nom;13306669016;;;;8501690;Zermatt GGB
TN8501691;gare;Riffelalp;Riffelalp;Riffelalp;8501691;;46.004897;7.754346;CH;Europe/Zurich;Q27494;CC;;gtfs;;;;;8501691;Riffelalp
TN8501692;gare;Riffelberg;Riffelberg;Riffelberg;8501692;;45.992945;7.755083;CH;Europe/Zurich;Q27494;CC;;uic;3110648198;Q17100114;;;8501692;Riffelberg
TN8501693;gare;Rotenboden;Rotenboden;Rotenboden;8501693;;45.984514;7.765238;CH;Europe/Zurich;Q27494;CC;;uic;3110648199;Q15144803;;;8501693;Rotenboden
TN8501694;gare;Gornergrat;Gornergrat;Gornergrat;8501694;;45.983313;7.782193;CH;Europe/Zurich;Q27494;CC;;gtfs;;;;;8501694;Gornergrat
TN8501725;gare;Versmont;Versmont;Versmont;8501725;;46.341553;7.007029;CH;Europe/Zurich;Q69610;R;;uic;334362413;Q33450952;;;8501725;Versmont
TN8501726;gare;Corbier;Corbier;Corbier;8501726;;46.272365;6.952074;CH;Europe/Zurich;Q70165;R;;uic;9556969367;Q33450977;;;8501726;Corbier
TN8501727;gare;La Clairière;La Clairière;La Clairière;8501727;;46.28831;7.0679;CH;Europe/Zurich;Q70115;R;;uic;983835807;Q33451003;;;8501727;La Clairière
TN8501729;gare;Fiesch Feriendorf;Feriendorf;Feriendorf;8501729;;46.397667;8.131277;CH;Europe/Zurich;Q68051;EXT|R;;uic;3158045229;Q33451027;;;8501729;Fiesch Feriendorf
TN8501950;gare;Preglia;Preglia;Preglia;8501950;;46.145495;8.292875;IT;Europe/Rome;Q23316;EXT|RE;;uic;1122682854;Q17637471;;;8501950;Preglia
TN8501951;gare;Varzo;Varzo;Varzo;8501951;;46.206422;8.245195;IT;Europe/Rome;Q23713;EXT|RE;;uic;52135743;Q17637626;;;8501951;Varzo
TN8501952;gare;Iselle di Trasquera;Iselle di Trasquera;Iselle di Trasquera;8501952;;46.207087;8.207048;IT;Europe/Rome;Q23706;EXT|RE;;uic;52255676;Q800957;;;8501952;Iselle di Trasquera
TN8502000;gare;Aarburg-Oftringen;Aarburg-Oftringen;Aarburg-Oftringen;8502000;;47.320226;7.908153;CH;Europe/Zurich;Q64165;EXT|RE|S|SN;;uic;3081128586;Q15964068;;;8502000;Aarburg-Oftringen
TN8502001;gare;Zofingen;Zofingen;Zofingen;8502001;;47.287998;7.942927;CH;Europe/Zurich;Q63986;EXT|IC|IR|RE|S|SN;;uic;3081128643;Q801665;;;8502001;Zofingen
TN8502002;gare;Brittnau-Wikon;Brittnau-Wikon;Brittnau-Wikon;8502002;;47.261689;7.95779;CH;Europe/Zurich;Q14625;EXT|RE|S|SN;;uic;305595184;Q15964097;;;8502002;Brittnau-Wikon
TN8502003;gare;Reiden;Reiden;Reiden;8502003;;47.241626;7.968759;CH;Europe/Zurich;Q14614;EXT|RE|S|SN;;uic;3081128626;Q15964218;;;8502003;Reiden
TN8502004;gare;Dagmersellen;Dagmersellen;Dagmersellen;8502004;;47.217545;7.979068;CH;Europe/Zurich;Q14587;EXT|RE|S|SN;;uic;3081128592;Q15964122;;;8502004;Dagmersellen
TN8502005;gare;Nebikon;Nebikon;Nebikon;8502005;;47.192375;7.977395;CH;Europe/Zurich;Q14610;EXT|RE|S|SN;;uic;3081128618;Q15964216;;;8502005;Nebikon
TN8502006;gare;Wauwil;Wauwil;Wauwil;8502006;;47.183864;8.019089;CH;Europe/Zurich;Q14623;EXT|RE|S|SN;;uic;2064785665;Q15964288;;;8502006;Wauwil
TN8502007;gare;Sursee;Sursee;Sursee;8502007;;47.170821;8.097954;CH;Europe/Zurich;Q7123;EXT|IC|IR|RE|S|SN;;uic;3081128633;Q801493;;;8502007;Sursee
TN8502008;gare;Nottwil;Nottwil;Nottwil;8502008;;47.138799;8.138538;CH;Europe/Zurich;Q7131;EXT|RE|S|SN;;uic;3081128620;Q15964214;;;8502008;Nottwil
TN8502009;gare;Sempach-Neuenkirch;Sempach-Neuenkirch;Sempach-Neuenkirch;8502009;;47.116116;8.195989;CH;Europe/Zurich;Q7128;EXT|RE|S|SN;;uic;3081128631;Q15964260;;;8502009;Sempach-Neuenkirch
TN8502010;gare;St. Erhard-Knutwil;St. Erhard-Knutwil;St. Erhard-Knutwil;8502010;;47.180028;8.074407;CH;Europe/Zurich;Q7137;EXT|RE|S;;uic;2064810984;Q15964261;;;8502010;St. Erhard-Knutwil
TN8502011;gare;Oberkirch LU;Oberkirch LU;Oberkirch LU;8502011;;47.155166;8.114195;CH;Europe/Zurich;Q7135;EXT|RE|S|SN;;uic;2064865737;Q15964215;;;8502011;Oberkirch LU
TN8502012;gare;Emmenbrücke Kapf;Emmenbrücke Kapf;Emmenbrücke Kapf;8502012;;47.09083;8.273182;CH;Europe/Zurich;Q4225;EXT|RE|S|SN;;uic;1388479511;Q15964235;;;8502012;Emmenbrücke Kapf
TN8502017;gare;Waldibrücke;Waldibrücke;Waldibrücke;8502017;;47.107744;8.319614;CH;Europe/Zurich;Q4225;EXT|S;;uic;2076741875;Q31444568;;;8502017;Waldibrücke
TN8502019;gare;Ermensee;Ermensee;Ermensee;8502019;;47.229573;8.242473;CH;Europe/Zurich;Q7115;EXT|S;;uic;2164248357;Q31444624;;;8502019;Ermensee
TN8502020;gare;Rothenburg Station;Rothenburg Station;Rothenburg Station;8502020;;47.089128;8.247574;CH;Europe/Zurich;Q7083;EXT|IC|IR|RE|S|SN;;uic;3081128629;Q15964236;;;8502020;Rothenburg Station
TN8502021;gare;Emmenbrücke;Emmenbrücke;Emmenbrücke;8502021;;47.070606;8.282457;CH;Europe/Zurich;Q4225;EXT|IC|IR|RE|S|SN;;uic;1371159723;Q20012446;;;8502021;Emmenbrücke
TN8502022;gare;Eschenbach LU;Eschenbach LU;Eschenbach LU;8502022;;47.132439;8.322727;CH;Europe/Zurich;Q7092;EXT|S;;uic;3080695741;Q31444625;;;8502022;Eschenbach LU
TN8502023;gare;Ballwil;Ballwil;Ballwil;8502023;;47.153814;8.316843;CH;Europe/Zurich;Q7096;EXT|S;;uic;2164426874;Q31444630;;;8502023;Ballwil
TN8502024;gare;Hochdorf;Hochdorf;Hochdorf;8502024;;47.166968;8.288776;CH;Europe/Zurich;Q7102;EXT|S;;uic;3080695743;Q31444634;;;8502024;Hochdorf
TN8502025;gare;Baldegg;Baldegg;Baldegg;8502025;;47.185685;8.28017;CH;Europe/Zurich;Q7102;EXT|S;;uic;3080695734;Q31444638;;;8502025;Baldegg
TN8502026;gare;Gelfingen;Gelfingen;Gelfingen;8502026;;47.213492;8.265062;CH;Europe/Zurich;Q7114;EXT|S;;uic;2164248358;Q31444642;;;8502026;Gelfingen
TN8502027;gare;Hitzkirch;Hitzkirch;Hitzkirch;8502027;;47.222934;8.251542;CH;Europe/Zurich;Q7114;EXT|S;;uic;2164248359;Q31444648;;;8502027;Hitzkirch
TN8502028;gare;Emmenbrücke Gersag;Emmenbrücke Gersag;Emmenbrücke Gersag;8502028;;47.078135;8.276767;CH;Europe/Zurich;Q4225;EXT|RE|S|SN;;uic;1388458944;Q31444654;;;8502028;Emmenbrücke Gersag
TN8502029;gare;Mosen;Mosen;Mosen;8502029;;47.244531;8.223929;CH;Europe/Zurich;Q7114;EXT|S;;uic;2164196869;Q31444660;;;8502029;Mosen
TN8502030;gare;Seon;Seon;Seon;8502030;;47.346215;8.158672;CH;Europe/Zurich;Q64563;S;;uic;2162332936;Q31444664;;;8502030;Seon
TN8502031;gare;Hallwil;Hallwil;Hallwil;8502031;;47.328634;8.175937;CH;Europe/Zurich;Q65291;S;;uic;2162383110;Q31444670;;;8502031;Hallwil
TN8502032;gare;Boniswil;Boniswil;Boniswil;8502032;;47.315149;8.184512;CH;Europe/Zurich;Q64529;S;;uic;2162383109;Q31444685;;;8502032;Boniswil
TN8502033;gare;Birrwil;Birrwil;Birrwil;8502033;;47.28791;8.198977;CH;Europe/Zurich;Q64673;S;;uic;3080695736;Q31444707;;;8502033;Birrwil
TN8502034;gare;Beinwil am See;Beinwil am See;Beinwil am See;8502034;;47.26723;8.202133;CH;Europe/Zurich;Q65000;EXT|S;;uic;3080695735;Q31444755;;;8502034;Beinwil am See
TN8502042;gare;Hochdorf Schönau;Hochdorf Schönau;Hochdorf Schönau;8502042;;47.164544;8.298732;CH;Europe/Zurich;Q7102;EXT|S;;uic;2164304366;Q31444810;;;8502042;Hochdorf Schönau
TN8502043;gare;Seon Nord;Seon Nord;Seon Nord;8502043;;47.353326;8.160242;CH;Europe/Zurich;Q64563;S;;uic;10293227098;Q115527985;;;8502043;Seon Nord
TN8502100;gare;Safenwil;Safenwil;Safenwil;8502100;;47.321719;7.983511;CH;Europe/Zurich;Q64448;S;;uic;3080746025;Q15964238;;;8502100;Safenwil
TN8502101;gare;Kölliken;Kölliken;Kölliken;8502101;;47.337293;8.026433;CH;Europe/Zurich;Q68106;S;;uic;3080746016;Q15964168;;;8502101;Kölliken
TN8502102;gare;Oberentfelden;Oberentfelden;Oberentfelden;8502102;;47.356467;8.048385;CH;Europe/Zurich;Q64990;S;;uic;3080746022;Q15964219;;;8502102;Oberentfelden
TN8502103;gare;Suhr;Suhr;Suhr;8502103;;47.371626;8.082062;CH;Europe/Zurich;Q65195;S;;uic;3876912031;Q15964220;;;8502103;Suhr
TN8502104;gare;Hunzenschwil;Hunzenschwil;Hunzenschwil;8502104;;47.388236;8.1257;CH;Europe/Zurich;Q65696;S;;uic;3080695744;Q31444867;;;8502104;Hunzenschwil
TN8502105;gare;Othmarsingen;Othmarsingen;Othmarsingen;8502105;;47.407361;8.214881;CH;Europe/Zurich;Q65124;S|SN;;uic;3080695755;;;;8502105;Othmarsingen
TN8502106;gare;Mägenwil;Mägenwil;Mägenwil;8502106;;47.414459;8.235159;CH;Europe/Zurich;Q64551;S|SN;;uic;3080695753;Q15260560;;;8502106;Mägenwil
TN8502110;gare;Dulliken;Dulliken;Dulliken;8502110;;47.354103;7.946385;CH;Europe/Zurich;Q65978;EXT|IC|RE|S|SN;;uic;1502109772;Q15964116;;;8502110;Dulliken
TN8502111;gare;Däniken SO;Däniken;Däniken;8502111;;47.356315;7.978642;CH;Europe/Zurich;Q65586;EXT|IC|RE|S|SN;;uic;3080746012;Q15964117;;;8502111;Däniken SO
TN8502112;gare;Schönenwerd SO;Schönenwerd;Schönenwerd;8502112;;47.371326;8.000187;CH;Europe/Zurich;Q66884;EXT|IC|RE|S|SN;;uic;3080746026;Q15964257;;;8502112;Schönenwerd SO
TN8502113;gare;Aarau;Aarau;Aarau;8502113;;47.391456;8.051307;CH;Europe/Zurich;Q14274;EXT|IC|IR|RE|S|SN;;uic;3080746008;Q682274;;;8502113;Aarau
TN8502114;gare;Rupperswil;Rupperswil;Rupperswil;8502114;;47.403224;8.127111;CH;Europe/Zurich;Q65306;EXT|S|SN;;uic;3080695756;Q15964233;;;8502114;Rupperswil
TN8502115;gare;Wildegg;Wildegg;Wildegg;8502115;;47.415534;8.163104;CH;Europe/Zurich;Q65227;RE|S|SN;;uic;3080695763;Q15964286;;;8502115;Wildegg
TN8502116;gare;Schinznach Bad;Schinznach Bad;Schinznach Bad;8502116;;47.451773;8.166881;CH;Europe/Zurich;Q64099;RE|S|SN;;uic;2090657942;Q15964258;;;8502116;Schinznach Bad
TN8502119;gare;Lenzburg;Lenzburg;Lenzburg;8502119;;47.391141;8.170298;CH;Europe/Zurich;Q69433;EXT|IC|IR|RE|S|SN;;uic;3080695749;Q801081;;;8502119;Lenzburg
TN8502120;gare;Küngoldingen;Küngoldingen;Küngoldingen;8502120;;47.302276;7.941858;CH;Europe/Zurich;Q68220;S;;uic;3893349035;;;;8502120;Küngoldingen
TN8502121;gare;Walterswil-Striegel;Walterswil-Striegel;Walterswil-Striegel;8502121;;47.319912;7.963222;CH;Europe/Zurich;Q68220;S;;uic;6601485806;Q15964290;;;8502121;Walterswil-Striegel
TN8502122;gare;Kölliken Oberdorf;Kölliken Oberdorf;Kölliken Oberdorf;8502122;;47.324585;8.018605;CH;Europe/Zurich;Q68106;S;;uic;984024177;Q15964167;;;8502122;Kölliken Oberdorf
TN8502128;gare;Holderbank AG;Holderbank AG;Holderbank AG;8502128;;47.428662;8.166612;CH;Europe/Zurich;Q65627;RE|S|SN;;uic;2090662658;Q15964142;;;8502128;Holderbank AG
TN8502200;gare;Ebikon;Ebikon;Ebikon;8502200;;47.08422;8.342394;CH;Europe/Zurich;Q14566;EXT|IR|RE|S;;uic;1388516085;Q15964121;;;8502200;Ebikon
TN8502201;gare;Gisikon-Root;Gisikon-Root;Gisikon-Root;8502201;;47.121182;8.394718;CH;Europe/Zurich;Q14575;EXT|IR|RE|S;;uic;1398679344;Q15964146;;;8502201;Gisikon-Root
TN8502202;gare;Rotkreuz;Rotkreuz;Rotkreuz;8502202;;47.141702;8.430553;CH;Europe/Zurich;Q66604;EC|EXT|IC|IR|RE|S;;uic;3080372096;Q801379;;;8502202;Rotkreuz
TN8502203;gare;Cham;Cham;Cham;8502203;;47.178271;8.457477;CH;Europe/Zurich;Q69235;EXT|IR|RE|S;;uic;3080372083;Q15964094;;;8502203;Cham
TN8502204;gare;Zug;Zug;Zug;8502204;;47.173782;8.515133;CH;Europe/Zurich;Q68144;EC|EXT|IC|IR|RE|S|SN;;uic;1280652702;Q178444;;;8502204;Zug
TN8502205;gare;Walchwil;Walchwil;Walchwil;8502205;;47.0987;8.516848;CH;Europe/Zurich;Q66298;S;;uic;3080372102;Q15964289;;;8502205;Walchwil
TN8502206;gare;Baar;Baar;Baar;8502206;;47.195166;8.522875;CH;Europe/Zurich;Q64087;EXT|IR|RE|S;;uic;3080372077;Q576514;;;8502206;Baar
TN8502208;gare;Horgen Oberdorf;Horgen Oberdorf;Horgen Oberdorf;8502208;;47.258669;8.590002;CH;Europe/Zurich;Q68286;RE|S;;uic;1273321595;Q15225131;;;8502208;Horgen Oberdorf
TN8502209;gare;Oberrieden Dorf;Oberrieden Dorf;Oberrieden Dorf;8502209;;47.276842;8.577557;CH;Europe/Zurich;Q65528;S;;uic;1273164743;Q7074806;;;8502209;Oberrieden Dorf
TN8502211;gare;Hendschiken;Hendschiken;Hendschiken;8502211;;47.389243;8.207394;CH;Europe/Zurich;Q65319;RE|S;;uic;4530557688;Q15964143;;;8502211;Hendschiken
TN8502212;gare;Dottikon-Dintikon;Dottikon-Dintikon;Dottikon-Dintikon;8502212;;47.37349;8.234819;CH;Europe/Zurich;Q64232;RE|S;;uic;3080695738;Q15964118;;;8502212;Dottikon-Dintikon
TN8502213;gare;Wohlen AG;Wohlen;Wohlen;8502213;;47.348487;8.269908;CH;Europe/Zurich;Q68244;EXT|IC|IR|RE|S;;uic;3882179349;Q16740955;;;8502213;Wohlen AG
TN8502214;gare;Boswil-Bünzen;Boswil-Bünzen;Boswil-Bünzen;8502214;;47.305222;8.315325;CH;Europe/Zurich;Q65222;EXT|S;;uic;3074886737;Q15964093;;;8502214;Boswil-Bünzen
TN8502215;gare;Muri AG;Muri;Muri;8502215;;47.276508;8.339857;CH;Europe/Zurich;Q69011;EXT|IC|RE|S;;uic;3080695752;Q15964190;;;8502215;Muri AG
TN8502216;gare;Benzenschwil;Benzenschwil;Benzenschwil;8502216;;47.246874;8.365689;CH;Europe/Zurich;Q64755;EXT|S;;uic;3074886736;Q15964066;;;8502216;Benzenschwil
TN8502217;gare;Mühlau;Mühlau;Mühlau;8502217;;47.225013;8.388573;CH;Europe/Zurich;Q64516;EXT|S;;uic;2089341161;Q15964191;;;8502217;Mühlau
TN8502218;gare;Sins;Sins;Sins;8502218;;47.188454;8.397697;CH;Europe/Zurich;Q64372;EXT|S;;uic;3080695759;Q15964259;;;8502218;Sins
TN8502219;gare;Oberrüti;Oberrüti;Oberrüti;8502219;;47.16592;8.40472;CH;Europe/Zurich;Q64771;EXT|S;;uic;3080695754;Q15964213;;;8502219;Oberrüti
TN8502220;gare;Urdorf;Urdorf;Urdorf;8502220;;47.390852;8.434753;CH;Europe/Zurich;Q69148;S|SN;;uic;3080695761;Q7900321;;;8502220;Urdorf
TN8502221;gare;Birmensdorf ZH;Birmensdorf ZH;Birmensdorf ZH;8502221;;47.357448;8.437392;CH;Europe/Zurich;Q65282;S|SN;;uic;1319059823;Q4916567;;;8502221;Birmensdorf ZH
TN8502222;gare;Bonstetten-Wettswil;Bonstetten-Wettswil;Bonstetten-Wettswil;8502222;;47.325815;8.468243;CH;Europe/Zurich;Q65510;S|SN;;uic;3080372080;Q4942600;;;8502222;Bonstetten-Wettswil
TN8502223;gare;Hedingen;Hedingen;Hedingen;8502223;;47.29881;8.445998;CH;Europe/Zurich;Q65129;S|SN;;uic;3080372089;Q5846360;;;8502223;Hedingen
TN8502224;gare;Affoltern am Albis;Affoltern am Albis;Affoltern am Albis;8502224;;47.27617;8.446804;CH;Europe/Zurich;Q68290;S|SN;;uic;3080372075;Q2032410;;;8502224;Affoltern am Albis
TN8502225;gare;Mettmenstetten;Mettmenstetten;Mettmenstetten;8502225;;47.244118;8.457388;CH;Europe/Zurich;Q65547;S|SN;;uic;2264609200;Q5846711;;;8502225;Mettmenstetten
TN8502226;gare;Knonau;Knonau;Knonau;8502226;;47.220266;8.466735;CH;Europe/Zurich;Q66328;S|SN;;uic;3080372093;Q5846446;;;8502226;Knonau
TN8502227;gare;Steinhausen;Steinhausen;Steinhausen;8502227;;47.194473;8.478247;CH;Europe/Zurich;Q66697;S|SN;;uic;3080372100;Q16900708;;;8502227;Steinhausen
TN8502229;gare;Urdorf Weihermatt;Weihermatt;Weihermatt;8502229;;47.380978;8.430269;CH;Europe/Zurich;Q69109;S|SN;;uic;1318982221;Q7900319;;;8502229;Urdorf Weihermatt
TN8502230;gare;Zug Chollermüli;Zug Chollermüli;Zug Chollermüli;8502230;;47.18036;8.486053;CH;Europe/Zurich;Q68144;EXT|S;;uic;1320344049;Q15964302;;;8502230;Zug Chollermüli
TN8502231;gare;Zug Oberwil;Zug Oberwil;Zug Oberwil;8502231;;47.147682;8.509896;CH;Europe/Zurich;Q68144;EXT|S;;uic;2171580321;Q801666;;;8502231;Zug Oberwil
TN8502237;gare;Lupfig;Lupfig;Lupfig;8502237;;47.445113;8.214961;CH;Europe/Zurich;Q65336;S;;uic;3080695750;Q31444925;;;8502237;Lupfig
TN8502247;gare;Birr;Birr;Birr;8502247;;47.436479;8.217548;CH;Europe/Zurich;Q64411;S;;uic;2088870941;Q31444986;;;8502247;Birr
TN8502300;gare;Zug Postplatz;Zug Postplatz;Zug Postplatz;8502300;;47.168168;8.516963;CH;Europe/Zurich;Q68144;EXT|S;;uic;2171684358;Q15964304;;;8502300;Zug Postplatz
TN8502306;gare;Hünenberg Chämleten;Hünenberg Chämleten;Hünenberg Chämleten;8502306;;47.169214;8.449807;CH;Europe/Zurich;Q66256;EXT|S;;uic;2083729358;Q15964144;;;8502306;Hünenberg Chämleten
TN8503000;gare;Zürich HB;Zürich Hauptbahnhof;Zürich Hauptbahnhof;8503000;;47.378101;8.539364;CH;Europe/Zurich;Q72;EC|EXT|IC|ICE|IR|NJ|RE|RJX|S|SN|TGV;;uic;1236383343;Q224494;;;8503000;Zürich HB
TN8503001;gare;Zürich Altstetten;Zürich Altstetten;Zürich Altstetten;8503001;;47.391317;8.489333;CH;Europe/Zurich;Q72;EXT|IR|RE|S|SN;;uic;3080372105;Q678652;;;8503001;Zürich Altstetten
TN8503003;gare;Zürich Stadelhofen;Zürich Stadelhofen;Zürich Stadelhofen;8503003;;47.366564;8.548386;CH;Europe/Zurich;Q72;EXT|S|SN;;uic;1239733410;Q673228;;;8503003;Zürich Stadelhofen
TN8503004;gare;Zürich Tiefenbrunnen;Zürich Tiefenbrunnen;Zürich Tiefenbrunnen;8503004;;47.350117;8.561341;CH;Europe/Zurich;Q72;EXT|S|SN;;uic;1291611923;Q505460;;;8503004;Zürich Tiefenbrunnen
TN8503006;gare;Zürich Oerlikon;Zürich Oerlikon;Zürich Oerlikon;8503006;;47.411499;8.544151;CH;Europe/Zurich;Q72;EXT|IC|IR|RE|S|SN;;uic;1189482494;Q194887;;;8503006;Zürich Oerlikon
TN8503007;gare;Zürich Seebach;Zürich Seebach;Zürich Seebach;8503007;;47.418587;8.544219;CH;Europe/Zurich;Q72;S|SN;;uic;1293202658;Q250500;;;8503007;Zürich Seebach
TN8503008;gare;Zürich Affoltern;Zürich Affoltern;Zürich Affoltern;8503008;;47.420901;8.508177;CH;Europe/Zurich;Q72;S|SN;;uic;1293232953;Q1771435;;;8503008;Zürich Affoltern
TN8503009;gare;Zürich Wollishofen;Zürich Wollishofen;Zürich Wollishofen;8503009;;47.347782;8.533738;CH;Europe/Zurich;Q72;EXT|S|SN;;uic;3080372106;Q801680;;;8503009;Zürich Wollishofen
TN8503010;gare;Zürich Enge;Zürich Enge;Zürich Enge;8503010;;47.364183;8.53076;CH;Europe/Zurich;Q72;EXT|IR|RE|S|SN;;uic;1270614835;Q801676;;;8503010;Zürich Enge
TN8503011;gare;Zürich Wiedikon;Zürich Wiedikon;Zürich Wiedikon;8503011;;47.371712;8.523065;CH;Europe/Zurich;Q72;EXT|S|SN;;uic;1270323047;Q679393;;;8503011;Zürich Wiedikon
TN8503015;gare;Zürich Wipkingen;Zürich Wipkingen;Zürich Wipkingen;8503015;;47.393056;8.529316;CH;Europe/Zurich;Q72;EXT|S;;uic;4416076342;Q679416;;;8503015;Zürich Wipkingen
TN8503016;gare;Zürich Flughafen;Zürich Flughafen;Zürich Flughafen;8503016;;47.450098;8.561898;CH;Europe/Zurich;Q68165;EC|EXT|IC|IR|RE|RJX|S;;uic;1240260092;Q40700;;;8503016;Zürich Flughafen
TN8503020;gare;Zürich Hardbrücke;Zürich Hardbrücke;Zürich Hardbrücke;8503020;;47.385161;8.517393;CH;Europe/Zurich;Q72;EXT|RE|S|SN;;uic;1231420538;Q801678;;;8503020;Zürich Hardbrücke
TN8503051;gare;Zürich Binz;Zürich Binz;Zürich Binz;8503051;;47.362847;8.518085;CH;Europe/Zurich;Q72;S;;uic;1261444152;Q8076076;;;8503051;Zürich Binz
TN8503052;gare;Zürich Friesenberg;Zürich Friesenberg;Zürich Friesenberg;8503052;;47.364816;8.507577;CH;Europe/Zurich;Q72;S;;uic;1261958523;Q10640221;;;8503052;Zürich Friesenberg
TN8503053;gare;Zürich Schweighof;Zürich Schweighof;Zürich Schweighof;8503053;;47.364966;8.503532;CH;Europe/Zurich;Q72;S;;uic;3313770935;Q8076080;;;8503053;Zürich Schweighof
TN8503054;gare;Zürich Triemli;Zürich Triemli;Zürich Triemli;8503054;;47.364974;8.49535;CH;Europe/Zurich;Q72;S;;uic;1261981415;Q8076081;;;8503054;Zürich Triemli
TN8503055;gare;Uitikon Waldegg;Uitikon Waldegg;Uitikon Waldegg;8503055;;47.366016;8.465834;CH;Europe/Zurich;Q66678;S;;uic;3313765161;Q7878137;;;8503055;Uitikon Waldegg
TN8503056;gare;Ringlikon;Ringlikon;Ringlikon;8503056;;47.360255;8.477376;CH;Europe/Zurich;Q66678;S;;uic;1262073820;Q7334922;;;8503056;Ringlikon
TN8503057;gare;Uetliberg;Uetliberg;Uetliberg;8503057;;47.351869;8.487419;CH;Europe/Zurich;Q66062;S;;uic;1262086033;Q201977;;;8503057;Uetliberg
TN8503086;gare;Zürich Brunau;Zürich Brunau;Zürich Brunau;8503086;;47.351598;8.526223;CH;Europe/Zurich;Q72;S|SN;;uic;1264882620;Q8075390;;;8503086;Zürich Brunau
TN8503087;gare;Zürich Saalsporthalle;Zürich Saalsporthalle;Zürich Saalsporthalle;8503087;;47.358007;8.521834;CH;Europe/Zurich;Q72;S|SN;;uic;1264808495;Q8076079;;;8503087;Zürich Saalsporthalle
TN8503089;gare;Wildpark-Höfli;Wildpark-Höfli;Wildpark-Höfli;8503089;;47.296545;8.535586;CH;Europe/Zurich;Q65347;S|SN;;uic;3316144421;Q10640354;;;8503089;Wildpark-Höfli
TN8503090;gare;Zürich Selnau;Zürich Selnau;Zürich Selnau;8503090;;47.37247;8.531856;CH;Europe/Zurich;Q72;S|SN;;uic;1261444104;Q637602;;;8503090;Zürich Selnau
TN8503091;gare;Zürich Giesshübel;Zürich Giesshübel;Zürich Giesshübel;8503091;;47.362608;8.522015;CH;Europe/Zurich;Q72;S|SN;;uic;1264771132;Q801675;;;8503091;Zürich Giesshübel
TN8503093;gare;Zürich Manegg;Zürich Manegg;Zürich Manegg;8503093;;47.337828;8.519735;CH;Europe/Zurich;Q72;S|SN;;uic;3316140071;Q8075397;;;8503093;Zürich Manegg
TN8503094;gare;Zürich Leimbach;Zürich Leimbach;Zürich Leimbach;8503094;;47.333073;8.518727;CH;Europe/Zurich;Q72;S|SN;;uic;1265011513;Q8075395;;;8503094;Zürich Leimbach
TN8503095;gare;Sood-Oberleimbach;Sood-Oberleimbach;Sood-Oberleimbach;8503095;;47.319584;8.52147;CH;Europe/Zurich;Q68210;S|SN;;uic;3316144420;Q10640357;;;8503095;Sood-Oberleimbach
TN8503096;gare;Adliswil;Adliswil;Adliswil;8503096;;47.312307;8.524082;CH;Europe/Zurich;Q68210;S|SN;;uic;1265111168;Q4683323;;;8503096;Adliswil
TN8503097;gare;Langnau-Gattikon;Langnau-Gattikon;Langnau-Gattikon;8503097;;47.287436;8.543988;CH;Europe/Zurich;Q65347;S|SN;;uic;1265472081;Q10640352;;;8503097;Langnau-Gattikon
TN8503098;gare;Sihlwald;Sihlwald;Sihlwald;8503098;;47.268324;8.557628;CH;Europe/Zurich;Q68286;S;;uic;1265471983;Q7513438;;;8503098;Sihlwald
TN8503099;gare;Sihlau;Sihlau;Sihlau;8503099;;47.30324;8.525304;CH;Europe/Zurich;Q68210;S|SN;;uic;3316144419;Q10640355;;;8503099;Sihlau
TN8503100;gare;Zollikon;Zollikon;Zollikon;8503100;;47.337368;8.569492;CH;Europe/Zurich;Q218691;EXT|S|SN;;uic;1300628760;Q8073578;;;8503100;Zollikon
TN8503101;gare;Küsnacht ZH;Küsnacht ZH;Küsnacht ZH;8503101;;47.319125;8.580556;CH;Europe/Zurich;Q69216;EXT|S|SN;;uic;1300717238;Q6454194;;;8503101;Küsnacht ZH
TN8503102;gare;Erlenbach ZH;Erlenbach ZH;Erlenbach ZH;8503102;;47.305769;8.591462;CH;Europe/Zurich;Q69203;EXT|S|SN;;uic;1305029643;Q15089930;;;8503102;Erlenbach ZH
TN8503103;gare;Herrliberg-Feldmeilen;Herrliberg-Feldmeilen;Herrliberg-Feldmeilen;8503103;;47.281797;8.61269;CH;Europe/Zurich;Q68261;EXT|S|SN;;uic;1305607315;Q15089920;;;8503103;Herrliberg-Feldmeilen
TN8503104;gare;Meilen;Meilen;Meilen;8503104;;47.269645;8.644202;CH;Europe/Zurich;Q68261;EXT|S|SN;;uic;1305660372;Q4405750;;;8503104;Meilen
TN8503105;gare;Uetikon;Uetikon;Uetikon;8503105;;47.259138;8.678876;CH;Europe/Zurich;Q67058;S|SN;;uic;1305717852;Q5847377;;;8503105;Uetikon
TN8503106;gare;Männedorf;Männedorf;Männedorf;8503106;;47.25329;8.692761;CH;Europe/Zurich;Q64627;S|SN;;uic;2412401899;Q4405921;;;8503106;Männedorf
TN8503107;gare;Stäfa;Stäfa;Stäfa;8503107;;47.240472;8.721641;CH;Europe/Zurich;Q69774;EXT|S|SN;;uic;1348076004;Q5847287;;;8503107;Stäfa
TN8503108;gare;Uerikon;Uerikon;Uerikon;8503108;;47.235898;8.752622;CH;Europe/Zurich;Q69774;EXT|S|SN;;uic;1348149623;Q10640359;;;8503108;Uerikon
TN8503109;gare;Feldbach;Feldbach;Feldbach;8503109;;47.239171;8.783069;CH;Europe/Zurich;Q69188;EXT|S|SN;;uic;1348193962;Q5441639;;;8503109;Feldbach
TN8503110;gare;Rapperswil SG;Rapperswil SG;Rapperswil SG;8503110;;47.224955;8.816842;CH;Europe/Zurich;Q69729;EXT|IR|RE|S|SN;;uic;3074774945;Q597204;;;8503110;Rapperswil SG
TN8503111;gare;Winkel am Zürichsee;Winkel;Winkel;8503111;;47.297289;8.598947;CH;Europe/Zurich;Q69203;EXT|S|SN;;uic;1305115032;Q15089925;;;8503111;Winkel am Zürichsee
TN8503112;gare;Kempraten;Kempraten;Kempraten;8503112;;47.238389;8.814298;CH;Europe/Zurich;Q69729;EXT|S|SN;;uic;2413525746;Q6387108;;;8503112;Kempraten
TN8503113;gare;Blumenau;Blumenau;Blumenau;8503113;;47.223717;8.84157;CH;Europe/Zurich;Q69729;IR|S|SN;;uic;3138127429;Q15088514;;;8503113;Blumenau
TN8503115;gare;Schmerikon;Schmerikon;Schmerikon;8503115;;47.225148;8.943392;CH;Europe/Zurich;Q66684;EXT|IR|S|SN;;uic;3074774949;Q12174831;;;8503115;Schmerikon
TN8503116;gare;Uznach;Uznach;Uznach;8503116;;47.224326;8.9807;CH;Europe/Zurich;Q67106;EXT|IR|S|SN;;uic;3074774952;Q12174836;;;8503116;Uznach
TN8503117;gare;Kaltbrunn;Kaltbrunn;Kaltbrunn;8503117;;47.217976;9.022335;CH;Europe/Zurich;Q66786;IR|S|SN;;uic;1821182403;Q18386760;;;8503117;Kaltbrunn
TN8503118;gare;Benken SG;Benken SG;Benken SG;8503118;;47.204005;9.009062;CH;Europe/Zurich;Q67227;IR|S;;uic;7366890428;Q5845819;;;8503118;Benken SG
TN8503119;gare;Schänis;Schänis;Schänis;8503119;;47.157664;9.043963;CH;Europe/Zurich;Q65446;IR|S;;uic;5349488970;Q5847214;;;8503119;Schänis
TN8503120;gare;Jona;Jona;Jona;8503120;;47.23006;8.834604;CH;Europe/Zurich;Q69729;EXT|S|SN;;uic;2271423425;Q551883;;;8503120;Jona
TN8503121;gare;Rüti ZH;Rüti;Rüti;8503121;;47.260352;8.854359;CH;Europe/Zurich;Q69752;EXT|S|SN;;uic;4574932116;Q7386787;;;8503121;Rüti ZH
TN8503122;gare;Bubikon;Bubikon;Bubikon;8503122;;47.270839;8.822675;CH;Europe/Zurich;Q67068;EXT|S|SN;;uic;2414247964;Q4982310;;;8503122;Bubikon
TN8503123;gare;Wetzikon ZH;Wetzikon ZH;Wetzikon ZH;8503123;;47.318093;8.792266;CH;Europe/Zurich;Q68305;EXT|S|SN;;uic;1247229579;Q2032616;;;8503123;Wetzikon ZH
TN8503124;gare;Aathal;Aathal;Aathal;8503124;;47.335675;8.766278;CH;Europe/Zurich;Q67310;S|SN;;uic;1247695897;Q5845572;;;8503124;Aathal
TN8503125;gare;Uster;Uster;Uster;8503125;;47.350813;8.717933;CH;Europe/Zurich;Q64032;EXT|S|SN;;uic;1248313818;Q555254;;;8503125;Uster
TN8503126;gare;Nänikon-Greifensee;Nänikon-Greifensee;Nänikon-Greifensee;8503126;;47.369544;8.685946;CH;Europe/Zurich;Q64032;S|SN;;uic;1248354066;Q2033229;;;8503126;Nänikon-Greifensee
TN8503127;gare;Schwerzenbach ZH;Schwerzenbach;Schwerzenbach;8503127;;47.384434;8.658701;CH;Europe/Zurich;Q66814;EXT|S|SN;;uic;1248429948;Q5847212;;;8503127;Schwerzenbach ZH
TN8503128;gare;Dübendorf;Dübendorf;Dübendorf;8503128;;47.400054;8.623401;CH;Europe/Zurich;Q64082;EXT|S|SN;;uic;1248535234;Q1961198;;;8503128;Dübendorf
TN8503129;gare;Wallisellen;Wallisellen;Wallisellen;8503129;;47.412625;8.59238;CH;Europe/Zurich;Q69374;EXT|S|SN;;uic;1240218104;Q801576;;;8503129;Wallisellen
TN8503130;gare;Hinwil;Hinwil;Hinwil;8503130;;47.300089;8.83976;CH;Europe/Zurich;Q69383;S;;uic;2414295811;Q5767755;;;8503130;Hinwil
TN8503134;gare;Bauma;Bauma;Bauma;8503134;;47.368819;8.878214;CH;Europe/Zurich;Q67145;S;;uic;762194590;Q10640358;;;8503134;Bauma
TN8503135;gare;Steg;Steg;Steg;8503135;;47.353876;8.93238;CH;Europe/Zurich;Q65854;S;;uic;2443333883;Q15086051;;;8503135;Steg
TN8503136;gare;Fischenthal;Fischenthal;Fischenthal;8503136;;47.333419;8.92329;CH;Europe/Zurich;Q65854;S;;uic;2141115746;Q15086148;;;8503136;Fischenthal
TN8503137;gare;Gibswil;Gibswil;Gibswil;8503137;;47.313577;8.915486;CH;Europe/Zurich;Q65854;S;;uic;2441859903;Q15088502;;;8503137;Gibswil
TN8503138;gare;Wald ZH;Wald ZH;Wald ZH;8503138;;47.272727;8.913962;CH;Europe/Zurich;Q67272;S;;uic;2141146352;Q7961361;;;8503138;Wald ZH
TN8503139;gare;Tann-Dürnten;Tann-Dürnten;Tann-Dürnten;8503139;;47.268454;8.852449;CH;Europe/Zurich;Q67220;S;;uic;2414238691;Q15088508;;;8503139;Tann-Dürnten
TN8503141;gare;Küsnacht Goldbach;Küsnacht Goldbach;Küsnacht Goldbach;8503141;;47.326847;8.575747;CH;Europe/Zurich;Q69216;EXT|S|SN;;uic;1300646901;Q6454193;;;8503141;Küsnacht Goldbach
TN8503147;gare;Stettbach;Stettbach;Stettbach;8503147;;47.397152;8.596107;CH;Europe/Zurich;Q72;EXT|S|SN;;uic;1239941343;Q801466;;;8503147;Stettbach
TN8503200;gare;Kilchberg ZH;Kilchberg;Kilchberg;8503200;;47.324475;8.548058;CH;Europe/Zurich;Q66633;EXT|S|SN;;uic;3074886740;Q2110348;;;8503200;Kilchberg ZH
TN8503201;gare;Rüschlikon;Rüschlikon;Rüschlikon;8503201;;47.307024;8.555282;CH;Europe/Zurich;Q66819;EXT|S|SN;;uic;3080372097;Q2110655;;;8503201;Rüschlikon
TN8503202;gare;Thalwil;Thalwil;Thalwil;8503202;;47.296014;8.564838;CH;Europe/Zurich;Q68959;EC|EXT|IC|IR|RE|S|SN;;uic;3080372101;Q801512;;;8503202;Thalwil
TN8503203;gare;Oberrieden;Oberrieden;Oberrieden;8503203;;47.279664;8.578411;CH;Europe/Zurich;Q65528;EXT|S|SN;;uic;3074886742;Q2110622;;;8503203;Oberrieden
TN8503204;gare;Horgen;Horgen;Horgen;8503204;;47.261456;8.596894;CH;Europe/Zurich;Q68286;EXT|RE|S|SN;;uic;3080372090;Q2157409;;;8503204;Horgen
TN8503205;gare;Au ZH;Au;Au;8503205;;47.24679;8.643649;CH;Europe/Zurich;Q69718;EXT|IR|S|SN;;uic;1345694391;Q2157807;;;8503205;Au ZH
TN8503206;gare;Wädenswil;Wädenswil;Wädenswil;8503206;;47.229296;8.675185;CH;Europe/Zurich;Q69718;EXT|IR|RE|S|SN;;uic;3080372104;Q2157839;;;8503206;Wädenswil
TN8503207;gare;Richterswil;Richterswil;Richterswil;8503207;;47.208552;8.707482;CH;Europe/Zurich;Q68227;EXT|IR|S|SN;;uic;1345880152;Q2912665;;;8503207;Richterswil
TN8503208;gare;Bäch SZ;Bäch SZ;Bäch SZ;8503208;;47.200854;8.727184;CH;Europe/Zurich;Q69780;EXT|S|SN;;uic;1345899497;Q5845873;;;8503208;Bäch SZ
TN8503209;gare;Pfäffikon SZ;Pfäffikon SZ;Pfäffikon SZ;8503209;;47.202952;8.778079;CH;Europe/Zurich;Q69780;EXT|IR|RE|S|SN;;uic;3074774944;Q582292;;;8503209;Pfäffikon SZ
TN8503210;gare;Freienbach SBB;Freienbach SBB;Freienbach SBB;8503210;;47.207304;8.756042;CH;Europe/Zurich;Q69780;EXT|S|SN;;uic;1345927699;Q15089966;;;8503210;Freienbach SBB
TN8503211;gare;Altendorf;Altendorf;Altendorf;8503211;;47.193931;8.822901;CH;Europe/Zurich;Q69625;EXT|IR|S|SN;;uic;1723221304;Q15089973;;;8503211;Altendorf
TN8503220;gare;Lachen SZ;Lachen SZ;Lachen SZ;8503220;;47.189896;8.852841;CH;Europe/Zurich;Q67100;EXT|IC|IR|S|SN;;uic;2897444037;Q5846544;;;8503220;Lachen SZ
TN8503221;gare;Siebnen-Wangen;Siebnen-Wangen;Siebnen-Wangen;8503221;;47.182627;8.900674;CH;Europe/Zurich;Q66707;EXT|IR|S;;uic;1722774299;Q5847248;;;8503221;Siebnen-Wangen
TN8503222;gare;Schübelbach-Buttikon;Schübelbach-Buttikon;Schübelbach-Buttikon;8503222;;47.176384;8.938929;CH;Europe/Zurich;Q65623;EXT|IR|S;;uic;1725152278;Q5847216;;;8503222;Schübelbach-Buttikon
TN8503223;gare;Reichenburg;Reichenburg;Reichenburg;8503223;;47.172657;8.982292;CH;Europe/Zurich;Q65862;EXT|IR|S;;uic;1725086798;Q5847034;;;8503223;Reichenburg
TN8503224;gare;Bilten;Bilten;Bilten;8503224;;47.152078;9.029995;CH;Europe/Zurich;Q70635;EXT|IR|S;;uic;1724275556;Q5845826;;;8503224;Bilten
TN8503225;gare;Ziegelbrücke;Ziegelbrücke;Ziegelbrücke;8503225;;47.136137;9.059952;CH;Europe/Zurich;Q65446;EXT|IC|IR|RE|S;;uic;1720777156;Q801663;;;8503225;Ziegelbrücke
TN8503226;gare;Nieder- und Oberurnen;Nieder- und Oberurnen;Nieder- und Oberurnen;8503226;;47.122403;9.062319;CH;Europe/Zurich;Q70635;S;;uic;5349482085;Q15262313;;;8503226;Nieder- und Oberurnen
TN8503227;gare;Näfels-Mollis;Näfels-Mollis;Näfels-Mollis;8503227;;47.098582;9.0699;CH;Europe/Zurich;Q70635;S;;uic;5349482084;Q15263139;;;8503227;Näfels-Mollis
TN8503228;gare;Netstal;Netstal;Netstal;8503228;;47.064526;9.059398;CH;Europe/Zurich;Q63912;S;;uic;5294279261;Q15261830;;;8503228;Netstal
TN8503230;gare;Glarus;Glarus;Glarus;8503230;;47.04;9.071506;CH;Europe/Zurich;Q63912;S;;uic;3136256208;Q5846306;;;8503230;Glarus
TN8503231;gare;Ennenda;Ennenda;Ennenda;8503231;;47.032976;9.077118;CH;Europe/Zurich;Q63912;S;;uic;4355360889;Q15216671;;;8503231;Ennenda
TN8503232;gare;Mitlödi;Mitlödi;Mitlödi;8503232;;47.010133;9.081197;CH;Europe/Zurich;Q70695;S;;uic;5349482083;Q15253722;;;8503232;Mitlödi
TN8503233;gare;Schwanden GL;Schwanden;Schwanden;8503233;;46.996854;9.077517;CH;Europe/Zurich;Q70695;S;;uic;5349482082;Q5847207;;;8503233;Schwanden GL
TN8503234;gare;Nidfurn-Haslen;Nidfurn-Haslen;Nidfurn-Haslen;8503234;;46.985886;9.059362;CH;Europe/Zurich;Q70695;S;;uic;5349482081;Q5846811;;;8503234;Nidfurn-Haslen
TN8503235;gare;Leuggelbach;Leuggelbach;Leuggelbach;8503235;;46.975745;9.046923;CH;Europe/Zurich;Q70695;S;;uic;5349482080;Q5406426;;;8503235;Leuggelbach
TN8503236;gare;Luchsingen-Hätzingen;Luchsingen-Hätzingen;Luchsingen-Hätzingen;8503236;;46.965114;9.039047;CH;Europe/Zurich;Q70695;S;;uic;5349482079;Q5642491;;;8503236;Luchsingen-Hätzingen
TN8503237;gare;Diesbach-Betschwanden;Diesbach-Betschwanden;Diesbach-Betschwanden;8503237;;46.94621;9.024358;CH;Europe/Zurich;Q70695;S;;uic;5349482078;Q5846112;;;8503237;Diesbach-Betschwanden
TN8503238;gare;Rüti GL;Rüti;Rüti;8503238;;46.934503;9.012901;CH;Europe/Zurich;Q70695;S;;uic;5349482077;Q5847086;;;8503238;Rüti GL
TN8503239;gare;Linthal;Linthal;Linthal;8503239;;46.925542;8.997856;CH;Europe/Zurich;Q70695;S;;uic;2421944630;Q5846603;;;8503239;Linthal
TN8503240;gare;Linthal Braunwaldbahn;Linthal Braunwaldbahn;Linthal Braunwaldbahn;8503240;;46.928101;9.002388;CH;Europe/Zurich;Q70695;S;;uic;7366890425;Q5846605;;;8503240;Linthal Braunwaldbahn
TN8503280;gare;Steinerberg;Steinerberg;Steinerberg;8503280;;47.052253;8.585244;CH;Europe/Zurich;Q66900;IR|S;;uic;285656003;Q15964254;;;8503280;Steinerberg
TN8503282;gare;Rothenthurm;Rothenthurm;Rothenthurm;8503282;;47.105666;8.67465;CH;Europe/Zurich;Q66962;IR|S;;uic;2255957890;Q15964226;;;8503282;Rothenthurm
TN8503283;gare;Einsiedeln;Einsiedeln;Einsiedeln;8503283;;47.12808;8.744151;CH;Europe/Zurich;Q68950;EXT|RE|S|SN;;uic;1741399260;Q800712;;;8503283;Einsiedeln
TN8503284;gare;Biberbrugg;Biberbrugg;Biberbrugg;8503284;;47.156592;8.722703;CH;Europe/Zurich;Q69654;EXT|IR|RE|S|SN;;uic;1370216560;Q800523;;;8503284;Biberbrugg
TN8503285;gare;Schindellegi-Feusisberg;Schindellegi-Feusisberg;Schindellegi-Feusisberg;8503285;;47.176432;8.709422;CH;Europe/Zurich;Q69654;EXT|IR|RE|S|SN;;uic;1370020172;Q5847203;;;8503285;Schindellegi-Feusisberg
TN8503286;gare;Samstagern;Samstagern;Samstagern;8503286;;47.191602;8.686008;CH;Europe/Zurich;Q68227;EXT|IR|RE|S|SN;;uic;3074774947;Q5493882;;;8503286;Samstagern
TN8503287;gare;Burghalden;Burghalden;Burghalden;8503287;;47.208666;8.692848;CH;Europe/Zurich;Q68227;RE|S|SN;;uic;3080372082;Q2157443;;;8503287;Burghalden
TN8503288;gare;Wollerau;Wollerau;Wollerau;8503288;;47.19553;8.724886;CH;Europe/Zurich;Q69780;EXT|IR|S|SN;;uic;1363420493;Q15964299;;;8503288;Wollerau
TN8503289;gare;Freienbach SOB;Freienbach SOB;Freienbach SOB;8503289;;47.204104;8.759232;CH;Europe/Zurich;Q69780;EXT|IR|S|SN;;uic;1363390558;Q15089963;;;8503289;Freienbach SOB
TN8503290;gare;Biberegg;Biberegg;Biberegg;8503290;;47.093642;8.669392;CH;Europe/Zurich;Q66962;IR|S;;uic;984740011;Q15964054;;;8503290;Biberegg
TN8503292;gare;Altmatt;Altmatt;Altmatt;8503292;;47.131652;8.696193;CH;Europe/Zurich;Q66962;IR|S;;uic;2255957882;Q15964053;;;8503292;Altmatt
TN8503293;gare;Grüenfeld;Grüenfeld;Grüenfeld;8503293;;47.198334;8.687396;CH;Europe/Zurich;Q68227;S|SN;;uic;4575686445;Q5846327;;;8503293;Grüenfeld
TN8503294;gare;Riedmatt SZ;Riedmatt;Riedmatt;8503294;;47.196721;8.712106;CH;Europe/Zurich;Q69647;EXT|IR|S|SN;;uic;2218798340;Q15272547;;;8503294;Riedmatt SZ
TN8503295;gare;Wilen bei Wollerau;Wilen;Wilen;8503295;;47.197562;8.734371;CH;Europe/Zurich;Q69780;EXT|IR|S|SN;;uic;1856416198;Q15964272;;;8503295;Wilen bei Wollerau
TN8503299;gare;Hurden;Hurden;Hurden;8503299;;47.214127;8.800746;CH;Europe/Zurich;Q69780;EXT|S|SN;;uic;1346684212;Q15089954;;;8503299;Hurden
TN8503300;gare;Kempten;Kempten;Kempten;8503300;;47.332031;8.804772;CH;Europe/Zurich;Q68305;S;;uic;1247149601;Q6387141;;;8503300;Kempten
TN8503301;gare;Pfäffikon ZH;Pfäffikon ZH;Pfäffikon ZH;8503301;;47.3671;8.784707;CH;Europe/Zurich;Q68269;S|SN;;uic;1247061685;Q15082377;;;8503301;Pfäffikon ZH
TN8503302;gare;Fehraltorf;Fehraltorf;Fehraltorf;8503302;;47.385153;8.750031;CH;Europe/Zurich;Q70369;S|SN;;uic;1246927285;Q15082526;;;8503302;Fehraltorf
TN8503303;gare;Illnau;Illnau;Illnau;8503303;;47.408885;8.722707;CH;Europe/Zurich;Q64873;S|SN;;uic;1246649935;Q6000178;;;8503303;Illnau
TN8503304;gare;Kemptthal;Kemptthal;Kemptthal;8503304;;47.452852;8.705807;CH;Europe/Zurich;Q65759;IC|IR|S|SN;;uic;1241075021;Q15083538;;;8503304;Kemptthal
TN8503305;gare;Effretikon;Effretikon;Effretikon;8503305;;47.425747;8.687009;CH;Europe/Zurich;Q64873;EXT|S|SN;;uic;1241005663;Q5347522;;;8503305;Effretikon
TN8503306;gare;Dietlikon;Dietlikon;Dietlikon;8503306;;47.420184;8.619198;CH;Europe/Zurich;Q65164;EXT|S|SN;;uic;1240354282;Q1960552;;;8503306;Dietlikon
TN8503307;gare;Bassersdorf;Bassersdorf;Bassersdorf;8503307;;47.438596;8.626439;CH;Europe/Zurich;Q69734;S|SN;;uic;1240277150;Q15088450;;;8503307;Bassersdorf
TN8503308;gare;Kloten;Kloten;Kloten;8503308;;47.448658;8.583768;CH;Europe/Zurich;Q68165;S|SN;;uic;1240269753;Q1771183;;;8503308;Kloten
TN8503309;gare;Kloten Balsberg;Kloten Balsberg;Kloten Balsberg;8503309;;47.442302;8.570709;CH;Europe/Zurich;Q68165;S|SN;;uic;2292713288;Q6421405;;;8503309;Kloten Balsberg
TN8503310;gare;Glattbrugg;Glattbrugg;Glattbrugg;8503310;;47.430853;8.558929;CH;Europe/Zurich;Q64224;S|SN;;uic;1321496221;Q5567244;;;8503310;Glattbrugg
TN8503311;gare;Rümlang;Rümlang;Rümlang;8503311;;47.454068;8.532678;CH;Europe/Zurich;Q67894;S|SN;;uic;1321840643;Q15108737;;;8503311;Rümlang
TN8503312;gare;Oberglatt ZH;Oberglatt;Oberglatt;8503312;;47.470417;8.510537;CH;Europe/Zurich;Q70022;S|SN;;uic;1327631013;Q15094361;;;8503312;Oberglatt ZH
TN8503313;gare;Niederglatt ZH;Niederglatt ZH;Niederglatt ZH;8503313;;47.487477;8.50319;CH;Europe/Zurich;Q67920;S|SN;;uic;1329658757;Q15094352;;;8503313;Niederglatt ZH
TN8503314;gare;Niederhasli;Niederhasli;Niederhasli;8503314;;47.478374;8.488505;CH;Europe/Zurich;Q67042;S|SN;;nom;984028481;Q15108744;;;8503314;Niederhasli
TN8503315;gare;Dielsdorf;Dielsdorf;Dielsdorf;8503315;;47.482414;8.459368;CH;Europe/Zurich;Q67951;S|SN;;uic;1328354702;Q5274922;;;8503315;Dielsdorf
TN8503316;gare;Steinmaur;Steinmaur;Steinmaur;8503316;;47.490055;8.447209;CH;Europe/Zurich;Q67887;S;;uic;2422688629;;;;8503316;Steinmaur
TN8503317;gare;Schöfflisdorf-Oberweningen;Schöfflisdorf-Oberweningen;Schöfflisdorf-Oberweningen;8503317;;47.497895;8.412109;CH;Europe/Zurich;Q70295;S;;uic;2422703739;Q7433314;;;8503317;Schöfflisdorf-Oberweningen
TN8503318;gare;Niederweningen Dorf;Niederweningen Dorf;Niederweningen Dorf;8503318;;47.506195;8.380037;CH;Europe/Zurich;Q66411;S;;uic;2422703738;Q7031187;;;8503318;Niederweningen Dorf
TN8503319;gare;Niederweningen;Niederweningen;Niederweningen;8503319;;47.511346;8.369423;CH;Europe/Zurich;Q66411;S;;uic;1328512534;Q7031189;;;8503319;Niederweningen
TN8503340;gare;Opfikon;Opfikon;Opfikon;8503340;;47.429951;8.561813;CH;Europe/Zurich;Q64224;S|SN;;uic;1240254898;Q1771424;;;8503340;Opfikon
TN8503400;gare;Bülach;Bülach;Bülach;8503400;;47.523773;8.536555;CH;Europe/Zurich;Q9093;RE|S|SN;;uic;1329773238;Q1097222;;;8503400;Bülach
TN8503401;gare;Glattfelden;Glattfelden;Glattfelden;8503401;;47.549117;8.523961;CH;Europe/Zurich;Q9093;S|SN;;uic;1353867068;Q5567247;;;8503401;Glattfelden
TN8503402;gare;Eglisau;Eglisau;Eglisau;8503402;;47.572436;8.516526;CH;Europe/Zurich;Q69175;S|SN;;uic;1353944373;Q5348085;;;8503402;Eglisau
TN8503403;gare;Hüntwangen-Wil;Hüntwangen-Wil;Hüntwangen-Wil;8503403;;47.581189;8.512679;CH;Europe/Zurich;Q69367;RE|S|SN;;uic;1354055720;Q5964939;;;8503403;Hüntwangen-Wil
TN8503404;gare;Rafz;Rafz;Rafz;8503404;;47.603813;8.543352;CH;Europe/Zurich;Q66457;S|SN;;uic;1354086304;Q7282749;;;8503404;Rafz
TN8503405;gare;Zweidlen;Zweidlen;Zweidlen;8503405;;47.570426;8.46792;CH;Europe/Zurich;Q68399;S;;uic;2425891024;Q8075646;;;8503405;Zweidlen
TN8503408;gare;Rekingen AG;Rekingen;Rekingen;8503408;;47.569925;8.327182;CH;Europe/Zurich;Q65246908;S;;uic;2426996363;Q15094776;;;8503408;Rekingen AG
TN8503409;gare;Bad Zurzach;Bad Zurzach;Bad Zurzach;8503409;;47.588282;8.295526;CH;Europe/Zurich;Q65246908;EXT|S;;uic;2427045409;Q4840457;;;8503409;Bad Zurzach
TN8503410;gare;Rietheim;Rietheim;Rietheim;8503410;;47.600758;8.277268;CH;Europe/Zurich;Q65246908;EXT|S;;uic;2427056804;Q15096114;;;8503410;Rietheim
TN8503411;gare;Koblenz Dorf;Koblenz Dorf;Koblenz Dorf;8503411;;47.609378;8.24017;CH;Europe/Zurich;Q69441;EXT|S;;uic;2427056803;Q15096125;;;8503411;Koblenz Dorf
TN8503413;gare;Kaiserstuhl AG;Kaiserstuhl;Kaiserstuhl;8503413;;47.566609;8.418693;CH;Europe/Zurich;Q65246908;S;;uic;2425891019;Q6348524;;;8503413;Kaiserstuhl AG
TN8503414;gare;Mellikon;Mellikon;Mellikon;8503414;;47.568439;8.352602;CH;Europe/Zurich;Q66047;S;;uic;2426976604;Q15094771;;;8503414;Mellikon
TN8503415;gare;Rümikon AG;Rümikon;Rümikon;8503415;;47.565332;8.374021;CH;Europe/Zurich;Q65246908;S;;uic;2425912033;Q15094442;;;8503415;Rümikon AG
TN8503420;gare;Lottstetten;Lottstetten;Lottstetten;8503420;;47.625672;8.566778;DE;Europe/Berlin;Q520440;S|SN;;uic;1354214609;Q6685070;de:08337:6572;XSLO;8503420;Lottstetten
TN8503421;gare;Jestetten;Jestetten;Jestetten;8503421;;47.654418;8.5735;DE;Europe/Berlin;Q181389;IC|RE|S|SN;;uic;1354214607;Q6187971;de:08337:6570;XSJE;8503421;Jestetten
TN8503423;gare;Neuhausen;Neuhausen;Neuhausen;8503423;;47.68297;8.624926;CH;Europe/Zurich;Q69372;EXT|S|SN;;uic;1317271480;Q15098423;;;8503423;Neuhausen
TN8503424;gare;Schaffhausen;Schaffhausen;Schaffhausen;8503424;;47.698105;8.632684;CH;Europe/Zurich;Q9009;EXT|IC|RE|S|SN;;uic;2428167137;;;;8503424;Schaffhausen
TN8503425;gare;Feuerthalen;Feuerthalen;Feuerthalen;8503425;;47.692149;8.645937;CH;Europe/Zurich;Q66283;S|SN;;uic;2475026135;Q31449831;;;8503425;Feuerthalen
TN8503426;gare;Langwiesen;Langwiesen;Langwiesen;8503426;;47.683468;8.662129;CH;Europe/Zurich;Q66283;S|SN;;uic;2351925301;Q15964170;;;8503426;Langwiesen
TN8503427;gare;Schlatt TG;Schlatt;Schlatt;8503427;;47.679461;8.687682;CH;Europe/Zurich;Q67358;S|SN;;uic;2475048383;;;;8503427;Schlatt TG
TN8503428;gare;Diessenhofen;Diessenhofen;Diessenhofen;8503428;;47.685495;8.752319;CH;Europe/Zurich;Q67128;S|SN;;uic;3080372084;Q15964127;;;8503428;Diessenhofen
TN8503429;gare;Schlattingen;Schlattingen;Schlattingen;8503429;;47.666845;8.770277;CH;Europe/Zurich;Q66711;S|SN;;uic;2475106740;Q15964269;;;8503429;Schlattingen
TN8503461;gare;Thayngen;Thayngen;Thayngen;8503461;;47.745634;8.704471;CH;Europe/Zurich;Q69152;RB|S|SN;;uic;1317155980;Q15108713;;;8503461;Thayngen
TN8503462;gare;Herblingen;Herblingen;Herblingen;8503462;;47.716972;8.663989;CH;Europe/Zurich;Q9009;RB|S|SN;;uic;1317210221;Q15108711;;;8503462;Herblingen
TN8503463;gare;Neuhausen Bad Bf;Neuhausen Badischer Bahnhof;Neuhausen Badischer Bahnhof;8503463;;47.683302;8.611262;CH;Europe/Zurich;Q69372;S;;uic;274773496;Q11790768;;;8503463;Neuhausen Bad Bf
TN8503464;gare;Beringen Bad Bf;Beringen;Beringen;8503464;;47.695036;8.574501;CH;Europe/Zurich;Q69186;S;;uic;3189849099;Q9169065;;;8503464;Beringen Bad Bf
TN8503465;gare;Neunkirch;Neunkirch;Neunkirch;8503465;;47.689277;8.494806;CH;Europe/Zurich;Q67114;S;;uic;3189849100;Q11790775;;;8503465;Neunkirch
TN8503466;gare;Wilchingen-Hallau;Wilchingen-Hallau;Wilchingen-Hallau;8503466;;47.67956;8.463945;CH;Europe/Zurich;Q69164;S;;uic;489946514;Q9374306;;;8503466;Wilchingen-Hallau
TN8503467;gare;Trasadingen;Trasadingen;Trasadingen;8503467;;47.665621;8.437404;CH;Europe/Zurich;Q66977;S;;uic;270499968;Q9361343;;;8503467;Trasadingen
TN8503501;gare;Döttingen;Döttingen;Döttingen;8503501;;47.5753;8.256244;CH;Europe/Zurich;Q64787;EXT|S;;uic;3080695739;Q31449903;;;8503501;Döttingen
TN8503502;gare;Siggenthal-Würenlingen;Siggenthal-Würenlingen;Siggenthal-Würenlingen;8503502;;47.519942;8.240616;CH;Europe/Zurich;Q64219;EXT|S;;uic;3877090354;Q31449980;;;8503502;Siggenthal-Würenlingen
TN8503503;gare;Turgi;Turgi;Turgi;8503503;;47.492121;8.252903;CH;Europe/Zurich;Q63939;EXT|IR|RE|S|SN;;uic;3080695760;Q801531;;;8503503;Turgi
TN8503504;gare;Baden;Baden;Baden;8503504;;47.476408;8.307776;CH;Europe/Zurich;Q63939;EXT|IC|IR|NJ|RE|S|SN;;uic;3080695733;Q800441;;;8503504;Baden
TN8503505;gare;Wettingen;Wettingen;Wettingen;8503505;;47.459683;8.316054;CH;Europe/Zurich;Q27576;EXT|IR|RE|S|SN;;uic;3080695762;Q801598;;;8503505;Wettingen
TN8503506;gare;Killwangen-Spreitenbach;Killwangen-Spreitenbach;Killwangen-Spreitenbach;8503506;;47.433298;8.354124;CH;Europe/Zurich;Q64547;EXT|RE|S|SN;;uic;3080695745;Q801003;;;8503506;Killwangen-Spreitenbach
TN8503508;gare;Dietikon;Dietikon;Dietikon;8503508;;47.405805;8.404922;CH;Europe/Zurich;Q64070;EXT|IR|RE|S|SN;;uic;1219787004;Q800666;;;8503508;Dietikon
TN8503509;gare;Schlieren;Schlieren;Schlieren;8503509;;47.399122;8.447396;CH;Europe/Zurich;Q69148;EXT|RE|S|SN;;uic;4415254993;Q1960753;;;8503509;Schlieren
TN8503511;gare;Neuenhof;Neuenhof;Neuenhof;8503511;;47.450753;8.331177;CH;Europe/Zurich;Q64461;EXT|RE|S|SN;;uic;1297096971;Q15261842;;;8503511;Neuenhof
TN8503512;gare;Glanzenberg;Glanzenberg;Glanzenberg;8503512;;47.398759;8.420041;CH;Europe/Zurich;Q64070;RE|S|SN;;uic;1221379984;Q1960777;;;8503512;Glanzenberg
TN8503525;gare;Otelfingen Golfpark;Otelfingen Golfpark;Otelfingen Golfpark;8503525;;47.455812;8.402099;CH;Europe/Zurich;Q66156;S;;uic;2291723099;Q5391049;;;8503525;Otelfingen Golfpark
TN8503526;gare;Regensdorf-Watt;Regensdorf-Watt;Regensdorf-Watt;8503526;;47.436856;8.471914;CH;Europe/Zurich;Q64205;S|SN;;uic;1295126213;Q1771429;;;8503526;Regensdorf-Watt
TN8503527;gare;Buchs-Dällikon;Buchs-Dällikon;Buchs-Dällikon;8503527;;47.453282;8.437306;CH;Europe/Zurich;Q67539;S|SN;;uic;1295286856;Q1771486;;;8503527;Buchs-Dällikon
TN8503528;gare;Otelfingen;Otelfingen;Otelfingen;8503528;;47.454997;8.388258;CH;Europe/Zurich;Q66156;S|SN;;uic;1295889766;Q5846852;;;8503528;Otelfingen
TN8503529;gare;Würenlos;Würenlos;Würenlos;8503529;;47.445722;8.357754;CH;Europe/Zurich;Q64258;S|SN;;uic;1296263124;Q5847538;;;8503529;Würenlos
TN8504000;gare;Pully-Nord;Pully-Nord;Pully-Nord;8504000;;46.514742;6.658126;CH;Europe/Zurich;Q69738;R|S|SN;;uic;983813089;Q15964202;;;8504000;Pully-Nord
TN8504003;gare;Bossière;Bossière;Bossière;8504003;;46.509857;6.699158;CH;Europe/Zurich;Q69697;R|S|SN;;uic;2790204444;Q15964083;;;8504003;Bossière
TN8504007;gare;Moreillon;Moreillon;Moreillon;8504007;;46.508627;6.785916;CH;Europe/Zurich;Q70545;R|S|SN;;uic;2390023800;Q15964185;;;8504007;Moreillon
TN8504010;gare;La Conversion;La Conversion;La Conversion;8504010;;46.513184;6.678344;CH;Europe/Zurich;Q69697;IR|R|S|SN;;uic;2052186417;Q15964161;;;8504010;La Conversion
TN8504011;gare;Grandvaux;Grandvaux;Grandvaux;8504011;;46.496952;6.722683;CH;Europe/Zurich;Q52274;IR|R|S|SN;;uic;2790204448;Q15964134;;;8504011;Grandvaux
TN8504012;gare;Puidoux;Puidoux;Puidoux;8504012;;46.493861;6.765629;CH;Europe/Zurich;Q70545;EXT|IC|IR|R|RE|S|SN;;uic;2813798087;Q15964203;;;8504012;Puidoux
TN8504013;gare;Chexbres-Village;Chexbres-Village;Chexbres-Village;8504013;;46.481176;6.77853;CH;Europe/Zurich;Q52818;R;;uic;2790766803;Q15964085;;;8504013;Chexbres-Village
TN8504014;gare;Palézieux;Palézieux;Palézieux;8504014;;46.542762;6.837934;CH;Europe/Zurich;Q70734;EXT|IC|IR|R|RE|S|SN;;uic;2815709554;Q5552050;;;8504014;Palézieux
TN8504016;gare;Palézieux-Village;Palézieux-Village;Palézieux-Village;8504016;;46.557107;6.828901;CH;Europe/Zurich;Q70734;R|SN;;uic;335685612;Q7128892;;;8504016;Palézieux-Village
TN8504017;gare;Châtillens;Châtillens;Châtillens;8504017;;46.570505;6.81546;CH;Europe/Zurich;Q70734;R|SN;;uic;5097597874;Q3096236;;;8504017;Châtillens
TN8504018;gare;Ecublens-Rue;Ecublens-Rue;Ecublens-Rue;8504018;;46.61041;6.811021;CH;Europe/Zurich;Q70188;EXT|R|SN;;uic;2817283213;Q15964106;;;8504018;Ecublens-Rue
TN8504020;gare;Oron;Oron;Oron;8504020;;46.572578;6.837054;CH;Europe/Zurich;Q70734;R|S|SN;;uic;2816125955;Q15964205;;;8504020;Oron
TN8504021;gare;Vauderens;Vauderens;Vauderens;8504021;;46.621493;6.849958;CH;Europe/Zurich;Q70452;R|S|SN;;uic;983848011;Q15964278;;;8504021;Vauderens
TN8504023;gare;Romont FR;Romont;Romont;8504023;;46.693544;6.91205;CH;Europe/Zurich;Q67103;EXT|IC|IR|R|RE|S|SN;;uic;206936372;Q5847067;;;8504023;Romont FR
TN8504024;gare;Villaz-St-Pierre;Villaz-St-Pierre;Villaz-St-Pierre;8504024;;46.720655;6.960477;CH;Europe/Zurich;Q59925980;R|RE|S|SN;;uic;2390026176;;;;8504024;Villaz-St-Pierre
TN8504025;gare;Chénens;Chénens;Chénens;8504025;;46.748974;7.000339;CH;Europe/Zurich;Q67079;RE|S|SN;;uic;2822261468;Q15964086;;;8504025;Chénens
TN8504026;gare;Cottens FR;Cottens;Cottens;8504026;;46.751173;7.034876;CH;Europe/Zurich;Q67714;RE|S|SN;;uic;2390023783;;;;8504026;Cottens FR
TN8504027;gare;Neyruz FR;Neyruz;Neyruz;8504027;;46.766061;7.064982;CH;Europe/Zurich;Q66466;RE|S|SN;;uic;2390023802;Q15964206;;;8504027;Neyruz FR
TN8504028;gare;Rosé;Rosé;Rosé;8504028;;46.782633;7.061969;CH;Europe/Zurich;Q67073;S;;gtfs;;;;;8504028;Rosé
TN8504030;gare;Villars-sur-Glâne;Villars-sur-Glâne;Villars-sur-Glâne;8504030;;46.789728;7.116301;CH;Europe/Zurich;Q69760;R|RE|S|SN;;uic;2390026173;;;;8504030;Villars-sur-Glâne
TN8504040;gare;Corseaux-Cornalles;Corseaux-Cornalles;Corseaux-Cornalles;8504040;;46.470711;6.824199;CH;Europe/Zurich;Q57108;R;;uic;2793245889;Q10948087;;;8504040;Corseaux-Cornalles
TN8504060;gare;Bossonnens;Bossonnens;Bossonnens;8504060;;46.525612;6.853614;CH;Europe/Zurich;Q68429;S;;nom;13192207806;;;;8504060;Bossonnens
TN8504061;gare;Remaufens;Remaufens;Remaufens;8504061;;46.523775;6.876309;CH;Europe/Zurich;Q25843;S;;uic;313818302;Q33462451;;;8504061;Remaufens
TN8504062;gare;Châtel-Saint-Denis;Châtel-Saint-Denis;Châtel-Saint-Denis;8504062;;46.527751;6.895749;CH;Europe/Zurich;Q69517;S;;uic;313818273;Q33462476;;;8504062;Châtel-St-Denis
TN8504063;gare;Semsales;Semsales;Semsales;8504063;;46.573339;6.926853;CH;Europe/Zurich;Q67699;S;;uic;313815917;Q33462500;;;8504063;Semsales
TN8504064;gare;La Verrerie;La Verrerie;La Verrerie;8504064;;46.587511;6.924899;CH;Europe/Zurich;Q67699;S;;uic;313815890;Q33462523;;;8504064;La Verrerie
TN8504065;gare;Vaulruz-Sud;Vaulruz-Sud;Vaulruz-Sud;8504065;;46.619217;6.98998;CH;Europe/Zurich;Q66444;S;;uic;313814754;Q33462547;;;8504065;Vaulruz-Sud
TN8504066;gare;Vuadens-Sud;Vuadens-Sud;Vuadens-Sud;8504066;;46.617978;7.020174;CH;Europe/Zurich;Q66520;S;;uic;1420063325;Q33462572;;;8504066;Vuadens-Sud
TN8504067;gare;La Tour-de-Trême;La Tour-de-Trême;La Tour-de-Trême;8504067;;46.608531;7.06424;CH;Europe/Zurich;Q68308;RE;;uic;2880099986;;;;8504067;La Tour-de-Trême
TN8504070;gare;Montbovon;Montbovon;Montbovon;8504070;;46.485911;7.042608;CH;Europe/Zurich;Q66876;EXT|PE|R|S;;uic;13992652435;Q33462666;;;8504070;Montbovon
TN8504071;gare;Lessoc;Lessoc;Lessoc;8504071;;46.507388;7.052528;CH;Europe/Zurich;Q66876;R|S;;uic;1425079641;Q33462688;;;8504071;Lessoc
TN8504072;gare;Albeuve;Albeuve;Albeuve;8504072;;46.517953;7.055404;CH;Europe/Zurich;Q66876;R|S;;uic;1425079621;Q33462713;;;8504072;Albeuve
TN8504073;gare;Neirivue;Neirivue;Neirivue;8504073;;46.528258;7.061525;CH;Europe/Zurich;Q66876;R|S;;uic;1425079647;Q33462738;;;8504073;Neirivue
TN8504074;gare;Villars-sous-Mont;Villars-sous-Mont;Villars-sous-Mont;8504074;;46.543835;7.072947;CH;Europe/Zurich;Q66020;R|S;;uic;1417748841;Q33462761;;;8504074;Villars-sous-Mont
TN8504075;gare;Enney;Enney;Enney;8504075;;46.565389;7.085243;CH;Europe/Zurich;Q66020;R|S;;uic;313812083;Q33462784;;;8504075;Enney
TN8504077;gare;Gruyères;Gruyères;Gruyères;8504077;;46.582695;7.0732;CH;Europe/Zurich;Q69600;EXT|R|S;;uic;313812092;Q33462833;;;8504077;Gruyères
TN8504078;gare;Le Pâquier-Montbarry;Le Pâquier;Le Pâquier;8504078;;46.594757;7.059614;CH;Europe/Zurich;Q69918;EXT|R|S;;uic;2880178411;Q33462855;;;8504078;Le Pâquier-Montbarry
TN8504079;gare;La Tour-de-Trême Ronclina;La Tour-de-Trême Ronclina;La Tour-de-Trême Ronclina;8504079;;46.605686;7.061347;CH;Europe/Zurich;Q68308;EXT|R|S;;uic;2880178410;;;;8504079;La Tour-de-Trême Ronclina
TN8504086;gare;Bulle;Bulle;Bulle;8504086;;46.619561;7.053293;CH;Europe/Zurich;Q68308;EXT|R|RE|S;;uic;3080728373;Q33462900;;;8504086;Bulle
TN8504088;gare;Broc Village;Broc Village;Broc Village;8504088;;46.604123;7.098686;CH;Europe/Zurich;Q67519;RE;;uic;2880099985;Q33462924;;;8504088;Broc-Village
TN8504089;gare;Broc-Chocolaterie;Broc-Chocolaterie;Broc-Chocolaterie;8504089;;46.605378;7.109343;CH;Europe/Zurich;Q67519;RE;;uic;2880099984;Q33462947;;;8504089;Broc-Chocolaterie
TN8504100;gare;Fribourg/Freiburg;Fribourg/Freiburg;Fribourg/Freiburg;8504100;;46.802961;7.151017;CH;Europe/Zurich;Q36378;EXT|IC|IR|R|RE|S|SN;;uic;3081154375;Q3067114;;;8504100;Fribourg/Freiburg
TN8504101;gare;Düdingen;Düdingen;Düdingen;8504101;;46.851015;7.189819;CH;Europe/Zurich;Q70108;IR|RE|S;;uic;3081154370;Q31450402;;;8504101;Düdingen
TN8504102;gare;Schmitten FR;Schmitten FR;Schmitten FR;8504102;;46.862926;7.25401;CH;Europe/Zurich;Q67705;RE|S;;uic;2038162407;Q31450486;;;8504102;Schmitten FR
TN8504103;gare;Flamatt;Flamatt;Flamatt;8504103;;46.888537;7.319592;CH;Europe/Zurich;Q67718;EXT|IR|RE|S;;uic;3081154374;Q15964128;;;8504103;Flamatt
TN8504104;gare;Thörishaus Station;Thörishaus Station;Thörishaus Station;8504104;;46.904617;7.357081;CH;Europe/Zurich;Q64058;S;;uic;2023667093;Q30088642;;;8504104;Thörishaus Station
TN8504105;gare;Niederwangen;Niederwangen;Niederwangen;8504105;;46.925958;7.37688;CH;Europe/Zurich;Q64058;S;;uic;2023645789;Q31450565;;;8504105;Niederwangen
TN8504106;gare;Bern Bümpliz Süd;Bern Bümpliz Süd;Bern Bümpliz Süd;8504106;;46.937615;7.395613;CH;Europe/Zurich;Q70;S;;uic;3081154356;Q31450662;;;8504106;Bern Bümpliz Süd
TN8504108;gare;Bern Europaplatz;Bern Europaplatz;Bern Europaplatz;8504108;;46.944114;7.406235;CH;Europe/Zurich;Q70;EXT|S;;uic;1870377640;Q31450758;;;8504108;Bern Europaplatz
TN8504113;gare;Wünnewil;Wünnewil;Wünnewil;8504113;;46.871905;7.280728;CH;Europe/Zurich;Q67718;S;;uic;831323757;;;;8504113;Wünnewil
TN8504115;gare;Thörishaus Dorf;Thörishaus Dorf;Thörishaus Dorf;8504115;;46.893613;7.35185;CH;Europe/Zurich;Q64058;S;;uic;3081154444;;;;8504115;Thörishaus Dorf
TN8504117;gare;Oberwangen;Oberwangen;Oberwangen;8504117;;46.914591;7.362421;CH;Europe/Zurich;Q64058;S;;uic;2023749384;Q31451038;;;8504117;Oberwangen
TN8504120;gare;Moudon;Moudon;Moudon;8504120;;46.668051;6.802355;CH;Europe/Zurich;Q70202;R|SN;;uic;699886357;Q15964186;;;8504120;Moudon
TN8504121;gare;Lucens;Lucens;Lucens;8504121;;46.707783;6.842122;CH;Europe/Zurich;Q70110;R|SN;;uic;2400947089;Q14475054;;;8504121;Lucens
TN8504122;gare;Granges-Marnand;Granges-Marnand;Granges-Marnand;8504122;;46.75886;6.894237;CH;Europe/Zurich;Q70689;R|SN;;uic;2824962936;Q14475084;;;8504122;Granges-Marnand
TN8504123;gare;Corcelles-Nord;Corcelles-Nord;Corcelles-Nord;8504123;;46.835234;6.960327;CH;Europe/Zurich;Q57104;EXT|R|S|SN;;uic;3081154363;Q31451131;;;8504123;Corcelles-Nord
TN8504124;gare;Dompierre FR;Dompierre;Dompierre;8504124;;46.85468;6.985716;CH;Europe/Zurich;Q17310488;EXT|R|S|SN;;uic;1446930653;Q31451213;;;8504124;Dompierre FR
TN8504125;gare;Domdidier;Domdidier;Domdidier;8504125;;46.868614;7.011681;CH;Europe/Zurich;Q17310488;EXT|R|S|SN;;uic;5286177951;Q31451294;;;8504125;Domdidier
TN8504126;gare;Avenches;Avenches;Avenches;8504126;;46.884425;7.04069;CH;Europe/Zurich;Q43236;R|S|SN;;uic;1425180890;Q31451373;;;8504126;Avenches
TN8504127;gare;Faoug;Faoug;Faoug;8504127;;46.908272;7.074605;CH;Europe/Zurich;Q70559;R|S|SN;;uic;1975565226;Q31451474;;;8504127;Faoug
TN8504128;gare;Murten/Morat;Murten/Morat;Murten/Morat;8504128;;46.925419;7.115314;CH;Europe/Zurich;Q68283;EXT|R|S|SN;;uic;3081154411;Q5846782;;;8504128;Murten/Morat
TN8504129;gare;Galmiz;Galmiz;Galmiz;8504129;;46.950811;7.153134;CH;Europe/Zurich;Q68283;S;;uic;1976391941;Q31451567;;;8504129;Galmiz
TN8504130;gare;Yvonand;Yvonand;Yvonand;8504130;;46.800822;6.746703;CH;Europe/Zurich;Q68492;EXT|S;;uic;3081154458;Q15964301;;;8504130;Yvonand
TN8504131;gare;Cheyres;Cheyres;Cheyres;8504131;;46.817039;6.786457;CH;Europe/Zurich;Q22490623;EXT|S;;uic;1980868929;Q15964087;;;8504131;Cheyres
TN8504132;gare;Estavayer-le-Lac;Estavayer-le-Lac;Estavayer-le-Lac;8504132;;46.844542;6.842959;CH;Europe/Zurich;Q28035756;EXT|S;;uic;3081154372;Q15964108;;;8504132;Estavayer-le-Lac
TN8504133;gare;Cugy FR;Cugy;Cugy;8504133;;46.815994;6.889276;CH;Europe/Zurich;Q70302;EXT|S;;uic;3081154369;Q15964109;;;8504133;Cugy FR
TN8504134;gare;Payerne;Payerne;Payerne;8504134;;46.819656;6.939824;CH;Europe/Zurich;Q69525;EXT|R|S|SN;;uic;3081154419;Q5846899;;;8504134;Payerne
TN8504135;gare;Corcelles-Sud;Corcelles-Sud;Corcelles-Sud;8504135;;46.828867;6.957198;CH;Europe/Zurich;Q57104;EXT|S;;uic;3081154362;Q15964088;;;8504135;Corcelles-Sud
TN8504136;gare;Cousset;Cousset;Cousset;8504136;;46.818576;6.977471;CH;Europe/Zurich;Q67683;EXT|S;;uic;3081154368;Q15964110;;;8504136;Cousset
TN8504137;gare;Léchelles;Léchelles;Léchelles;8504137;;46.828442;7.011586;CH;Europe/Zurich;Q17310488;EXT|S;;uic;2043344991;Q15964188;;;8504137;Léchelles
TN8504138;gare;Grolley;Grolley;Grolley;8504138;;46.831907;7.065643;CH;Europe/Zurich;Q20012496;EXT|S;;uic;3081154379;Q15964136;;;8504138;Grolley
TN8504139;gare;Belfaux CFF;Belfaux CFF;Belfaux CFF;8504139;;46.816959;7.106009;CH;Europe/Zurich;Q65880;EXT|S;;uic;3081154345;Q15964056;;;8504139;Belfaux CFF
TN8504140;gare;Muntelier-Löwenberg;Muntelier-Löwenberg;Muntelier-Löwenberg;8504140;;46.938072;7.133303;CH;Europe/Zurich;Q68283;S;;uic;1976379410;Q31451640;;;8504140;Muntelier-Löwenberg
TN8504141;gare;Henniez;Henniez;Henniez;8504141;;46.734988;6.870129;CH;Europe/Zurich;Q68873;R|SN;;uic;2824897789;Q15964135;;;8504141;Henniez
TN8504181;gare;Givisiez;Givisiez;Givisiez;8504181;;46.816765;7.130595;CH;Europe/Zurich;Q66461;EXT|S;;uic;3081154376;Q15964138;;;8504181;Givisiez
TN8504182;gare;Belfaux-Village;Belfaux-Village;Belfaux-Village;8504182;;46.822392;7.109744;CH;Europe/Zurich;Q65880;EXT|S;;uic;3081154346;Q15964057;;;8504182;Belfaux-Village
TN8504183;gare;Pensier;Pensier;Pensier;8504183;;46.841676;7.13531;CH;Europe/Zurich;Q70042;EXT|S;;uic;3664792747;Q15964207;;;8504183;Pensier
TN8504184;gare;Courtepin;Courtepin;Courtepin;8504184;;46.867398;7.122689;CH;Europe/Zurich;Q70042;EXT|S;;uic;3664792744;Q15964111;;;8504184;Courtepin
TN8504185;gare;Cressier FR;Cressier FR;Cressier FR;8504185;;46.9002;7.149755;CH;Europe/Zurich;Q68558;EXT|S;;uic;3664792745;Q15964112;;;8504185;Cressier FR
TN8504186;gare;Münchenwiler-Courgevaux;Münchenwiler-Courgevaux;Münchenwiler-Courgevaux;8504186;;46.911244;7.1154;CH;Europe/Zurich;Q659790;EXT|S;;uic;3664792746;Q15964208;;;8504186;Münchenwiler-Courgevaux
TN8504188;gare;Sugiez;Sugiez;Sugiez;8504188;;46.964161;7.119304;CH;Europe/Zurich;Q19843359;EXT|S;;uic;3838637244;Q33463532;;;8504188;Sugiez
TN8504191;gare;Flamatt Dorf;Flamatt Dorf;Flamatt Dorf;8504191;;46.890107;7.310336;CH;Europe/Zurich;Q67718;S;;uic;3081154373;Q33463962;;;8504191;Flamatt Dorf
TN8504192;gare;Neuenegg;Neuenegg;Neuenegg;8504192;;46.893969;7.29972;CH;Europe/Zurich;Q66125;S;;uic;3081154415;Q33463987;;;8504192;Neuenegg
TN8504194;gare;Laupen BE;Laupen BE;Laupen BE;8504194;;46.901538;7.241028;CH;Europe/Zurich;Q67112;S;;uic;3081154396;Q15964174;;;8504194;Laupen BE
TN8504200;gare;Yverdon-les-Bains;Yverdon-les-Bains;Yverdon-les-Bains;8504200;;46.781442;6.640962;CH;Europe/Zurich;Q63946;EXT|IC|IR|R|RE|S|SN;;uic;3081154457;Q12174841;;;8504200;Yverdon-les-Bains
TN8504201;gare;Grandson;Grandson;Grandson;8504201;;46.806326;6.641844;CH;Europe/Zurich;Q70199;R|SN;;uic;3081154377;Q15964137;;;8504201;Grandson
TN8504203;gare;Concise;Concise;Concise;8504203;;46.850876;6.723166;CH;Europe/Zurich;Q57096;R;;uic;983805184;Q15964089;;;8504203;Concise
TN8504205;gare;Gorgier-Saint-Aubin;Gorgier-Saint-Aubin;Gorgier-Saint-Aubin;8504205;;46.899107;6.781123;CH;Europe/Zurich;Q30743849;R|RE;;uic;696524685;Q15964139;;;8504205;Gorgier-St-Aubin
TN8504206;gare;Bevaix;Bevaix;Bevaix;8504206;;46.929671;6.811723;CH;Europe/Zurich;Q30743849;R;;uic;3081154350;Q15964058;;;8504206;Bevaix
TN8504208;gare;Boudry;Boudry;Boudry;8504208;;46.95951;6.835231;CH;Europe/Zurich;Q69507;R|RE;;uic;1951472692;Q15964090;;;8504208;Boudry
TN8504209;gare;Colombier NE;Colombier;Colombier;8504209;;46.967665;6.848989;CH;Europe/Zurich;Q251727;R;;uic;3081154360;Q15964091;;;8504209;Colombier NE
TN8504215;gare;Travers;Travers;Travers;8504215;;46.94243;6.67623;CH;Europe/Zurich;Q70526;RE;;uic;1944846875;Q31451724;;;8504215;Travers
TN8504219;gare;Auvernier;Auvernier;Auvernier;8504219;;46.979603;6.877696;CH;Europe/Zurich;Q251727;R|RE;;uic;3081154344;Q15964060;;;8504219;Auvernier
TN8504220;gare;Neuchâtel-Serrières;Serrières;Serrières;8504220;;46.983978;6.903336;CH;Europe/Zurich;Q69345;R;;uic;1948006333;Q15964209;;;8504220;Neuchâtel-Serrières
TN8504221;gare;Neuchâtel;Neuchâtel;Neuchâtel;8504221;;46.996578;6.935828;CH;Europe/Zurich;Q69345;EXT|IC|IR|R|RE|S;;uic;3081154414;Q972299;;;8504221;Neuchâtel
TN8504222;gare;Saint-Blaise CFF;Saint-Blaise CFF;Saint-Blaise CFF;8504222;;47.014531;6.982142;CH;Europe/Zurich;Q123995545;EXT|R;;uic;3081154429;Q15964232;;;8504222;St-Blaise CFF
TN8504223;gare;Cornaux NE;Cornaux;Cornaux;8504223;;47.038728;7.023393;CH;Europe/Zurich;Q70479;EXT|R;;uic;3081154365;Q15964092;;;8504223;Cornaux NE
TN8504224;gare;Cressier NE;Cressier;Cressier;8504224;;47.051886;7.03954;CH;Europe/Zurich;Q70139;EXT|R;;uic;3200044857;Q15964113;;;8504224;Cressier NE
TN8504225;gare;Le Landeron;Le Landeron;Le Landeron;8504225;;47.056611;7.066307;CH;Europe/Zurich;Q70204;EXT|R;;uic;5137617912;Q15964162;;;8504225;Le Landeron
TN8504226;gare;La Neuveville;La Neuveville;La Neuveville;8504226;;47.062777;7.095358;CH;Europe/Zurich;Q69476;EXT|R;;uic;3081154393;Q15964163;;;8504226;La Neuveville
TN8504228;gare;Twann;Twann;Twann;8504228;;47.093756;7.156615;CH;Europe/Zurich;Q70621;EXT|IC|R;;uic;3081154447;Q15964282;;;8504228;Twann
TN8504229;gare;Tüscherz;Tüscherz;Tüscherz;8504229;;47.114082;7.195914;CH;Europe/Zurich;Q70621;EXT|R;;uic;1946558958;Q15964283;;;8504229;Tüscherz
TN8504231;gare;Les Deurres;Les Deurres;Les Deurres;8504231;;46.985424;6.898919;CH;Europe/Zurich;Q69345;R;;uic;1949801868;Q31452046;;;8504231;Les Deurres
TN8504232;gare;Corcelles-Peseux;Corcelles-Peseux;Corcelles-Peseux;8504232;;46.983389;6.883802;CH;Europe/Zurich;Q69345;R;;uic;3081154361;Q31452115;;;8504232;Corcelles-Peseux
TN8504234;gare;Chambrelien;Chambrelien;Chambrelien;8504234;;46.967252;6.812511;CH;Europe/Zurich;Q70219;IR|RE;;uic;1955142185;Q31452200;;;8504234;Chambrelien
TN8504236;gare;Les Geneveys-sur-Coffrane;Les Geneveys-sur-Coffrane;Les Geneveys-sur-Coffrane;8504236;;47.015122;6.853163;CH;Europe/Zurich;Q2507659;IR|RE;;uic;1955180993;Q31452361;;;8504236;Les Geneveys-sur-Coffrane
TN8504237;gare;Les Hauts-Geneveys;Les Hauts-Geneveys;Les Hauts-Geneveys;8504237;;47.047206;6.874837;CH;Europe/Zurich;Q2507659;EXT|IR|RE;;uic;1955180999;Q31452431;;;8504237;Les Hauts-Geneveys
TN8504291;gare;La Brinaz;La Brinaz;La Brinaz;8504291;;46.794573;6.619866;CH;Europe/Zurich;Q68669;R;;uic;292522046;Q33465184;;;8504291;La Brinaz
TN8504292;gare;Valeyres-sous-Montagny;Valeyres-sous-Montagny;Valeyres-sous-Montagny;8504292;;46.796841;6.611386;CH;Europe/Zurich;Q70582;R;;uic;3019558873;Q33465205;;;8504292;Valeyres-sous-Montagny
TN8504293;gare;Essert-sous-Champvent;Essert-sous-Champvent;Essert-sous-Champvent;8504293;;46.795334;6.579903;CH;Europe/Zurich;Q52694;R;;uic;3019555389;Q33465229;;;8504293;Essert-sous-Champvent
TN8504294;gare;Vuiteboeuf;Vuiteboeuf;Vuiteboeuf;8504294;;46.803839;6.553631;CH;Europe/Zurich;Q70498;R;;uic;292533984;Q33465250;;;8504294;Vuiteboeuf
TN8504295;gare;Baulmes;Baulmes;Baulmes;8504295;;46.788789;6.524191;CH;Europe/Zurich;Q43245;R;;uic;3019544675;Q33465272;;;8504295;Baulmes
TN8504296;gare;Six-Fontaines;Six-Fontaines;Six-Fontaines;8504296;;46.774224;6.49866;CH;Europe/Zurich;Q43245;R;;uic;3019544676;Q33465305;;;8504296;Six-Fontaines
TN8504298;gare;Sainte-Croix;Sainte-Croix;Sainte-Croix;8504298;;46.819548;6.500642;CH;Europe/Zurich;Q70090;R;;uic;3019503522;Q33465347;;;8504298;Ste-Croix
TN8504300;gare;Biel/Bienne;Biel/Bienne;Biel/Bienne;8504300;;47.132931;7.242882;CH;Europe/Zurich;Q1034;EXT|IC|IR|R|RE|S;;uic;3046153730;;;;8504300;Biel/Bienne
TN8504301;gare;Frinvillier-Taubenloch;Frinvillier-Taubenloch;Frinvillier-Taubenloch;8504301;;47.169523;7.2574;CH;Europe/Zurich;Q15059724;R;;uic;2736378317;Q31452517;;;8504301;Frinvillier-Taubenloch
TN8504302;gare;Reuchenette-Péry;Reuchenette-Péry;Reuchenette-Péry;8504302;;47.18977;7.247076;CH;Europe/Zurich;Q16269754;R;;uic;3081154424;Q31452599;;;8504302;Reuchenette-Péry
TN8504303;gare;La Heutte;La Heutte;La Heutte;8504303;;47.189473;7.22529;CH;Europe/Zurich;Q16269754;R;;uic;262211167;Q31452678;;;8504303;La Heutte
TN8504304;gare;Sonceboz-Sombeval;Sonceboz-Sombeval;Sonceboz-Sombeval;8504304;;47.195227;7.168897;CH;Europe/Zurich;Q67292;R|RE;;uic;3081154435;Q5847270;;;8504304;Sonceboz-Sombeval
TN8504305;gare;Corgémont;Corgémont;Corgémont;8504305;;47.193367;7.144637;CH;Europe/Zurich;Q66917;R|RE;;uic;3081154364;Q31452758;;;8504305;Corgémont
TN8504306;gare;Cortébert;Cortébert;Cortébert;8504306;;47.189328;7.107314;CH;Europe/Zurich;Q69974;R|RE;;uic;262211081;Q31452842;;;8504306;Cortébert
TN8504307;gare;Courtelary;Courtelary;Courtelary;8504307;;47.175668;7.068941;CH;Europe/Zurich;Q65649;R|RE;;uic;3081154367;Q31452930;;;8504307;Courtelary
TN8504308;gare;Cormoret;Cormoret;Cormoret;8504308;;47.172973;7.054079;CH;Europe/Zurich;Q66425;R|RE;;uic;3297422894;Q31453011;;;8504308;Cormoret
TN8504309;gare;Villeret;Villeret;Villeret;8504309;;47.160185;7.019693;CH;Europe/Zurich;Q69979;R|RE;;uic;6323044430;Q31453094;;;8504309;Villeret
TN8504310;gare;Saint-Imier;Saint-Imier;Saint-Imier;8504310;;47.151754;7.001207;CH;Europe/Zurich;Q66390;R|RE;;uic;3081154437;Q31453170;;;8504310;St-Imier
TN8504311;gare;Sonvilier;Sonvilier;Sonvilier;8504311;;47.141288;6.969516;CH;Europe/Zurich;Q66471;R|RE;;uic;3081154436;Q31453259;;;8504311;Sonvilier
TN8504312;gare;Renan BE;Renan;Renan;8504312;;47.125683;6.925253;CH;Europe/Zurich;Q517870;R|RE;;uic;3081154423;Q31453340;;;8504312;Renan BE
TN8504314;gare;La Chaux-de-Fonds;La Chaux-de-Fonds;La Chaux-de-Fonds;8504314;;47.098598;6.825113;CH;Europe/Zurich;Q68124;EXT|IR|R|RE|TER;;uic;3081154391;Q3096773;;;8504314;La Chaux-de-Fonds
TN8504315;gare;Le Crêt-du-Locle;Le Crêt-du-Locle;Le Crêt-du-Locle;8504315;;47.077636;6.785049;CH;Europe/Zurich;Q68124;EXT|R|TER;;uic;3389508515;Q3098196;;;8504315;Le Crêt-du-Locle
TN8504316;gare;Le Locle;Le Locle;Le Locle;8504316;;47.05783;6.7462;CH;Europe/Zurich;Q64093;EXT|R|TER;;uic;3081154399;Q935212;;;8504316;Le Locle
TN8504317;gare;Le Locle-Col-des-Roches;Le Locle-Col-des-Roches;Le Locle-Col-des-Roches;8504317;;47.049932;6.72611;CH;Europe/Zurich;Q64093;TER;;uic;3081154398;Q3098207;;;8504317;Le Locle-Col-des-Roches
TN8504321;gare;La Chaux-de-Fonds Les Forges;La Chaux-de-Fonds Les Forges;La Chaux-de-Fonds Les Forges;8504321;;47.091404;6.812824;CH;Europe/Zurich;Q68124;EXT|R|TER;;nom;9182807866;Q110527421;;;8504321;La Chaux-de-Fonds Les Forges
TN8504400;gare;Kerzers;Kerzers;Kerzers;8504400;;46.975094;7.19288;CH;Europe/Zurich;Q69871;IR|S;;uic;3081154388;Q5846439;;;8504400;Kerzers
TN8504401;gare;Fräschels;Fräschels;Fräschels;8504401;;46.999084;7.206027;CH;Europe/Zurich;Q68562;S;;uic;1976395718;;;;8504401;Fräschels
TN8504402;gare;Kallnach;Kallnach;Kallnach;8504402;;47.025507;7.235205;CH;Europe/Zurich;Q66482;S;;uic;3081154386;Q5846437;;;8504402;Kallnach
TN8504403;gare;Bargen BE;Bargen BE;Bargen BE;8504403;;47.040164;7.261192;CH;Europe/Zurich;Q66438;S;;uic;1958407189;Q31453420;;;8504403;Bargen BE
TN8504404;gare;Aarberg;Aarberg;Aarberg;8504404;;47.044475;7.278541;CH;Europe/Zurich;Q64113;S;;uic;3081154343;Q5845568;;;8504404;Aarberg
TN8504410;gare;Zollikofen;Zollikofen;Zollikofen;8504410;;47.00069;7.462143;CH;Europe/Zurich;Q69071;EXT|IC|IR|RE|S;;uic;3081154459;Q15964310;;;8504410;Zollikofen
TN8504411;gare;Münchenbuchsee;Münchenbuchsee;Münchenbuchsee;8504411;;47.021371;7.451854;CH;Europe/Zurich;Q69071;EXT|IR|S;;uic;3081154412;Q31453515;;;8504411;Münchenbuchsee
TN8504412;gare;Schüpfen;Schüpfen;Schüpfen;8504412;;47.041853;7.386215;CH;Europe/Zurich;Q66783;EXT|IR|S;;uic;3081154433;Q31453595;;;8504412;Schüpfen
TN8504413;gare;Suberg-Grossaffoltern;Suberg-Grossaffoltern;Suberg-Grossaffoltern;8504413;;47.058525;7.339;CH;Europe/Zurich;Q65921;EXT|IR|S;;uic;3081154440;Q31453671;;;8504413;Suberg-Grossaffoltern
TN8504414;gare;Lyss;Lyss;Lyss;8504414;;47.076236;7.306294;CH;Europe/Zurich;Q69512;EXT|IR|RE|S;;uic;3081154405;Q15964198;;;8504414;Lyss
TN8504415;gare;Busswil BE;Busswil BE;Busswil BE;8504415;;47.098527;7.318615;CH;Europe/Zurich;Q69512;EXT|IR|S;;uic;3081154354;Q31453752;;;8504415;Busswil BE
TN8504416;gare;Brügg BE;Brügg;Brügg;8504416;;47.123675;7.278276;CH;Europe/Zurich;Q69455;EXT|IR|S;;uic;3037139891;Q31453825;;;8504416;Brügg BE
TN8504419;gare;Biel Mett;Biel Mett/Bienne Mâche;Biel Mett/Bienne Mâche;8504419;;47.144731;7.272489;CH;Europe/Zurich;Q1034;EXT|S;;uic;6440817029;Q15964061;;;8504419;Biel Mett
TN8504441;gare;Studen BE;Studen;Studen;8504441;;47.11173;7.300638;CH;Europe/Zurich;Q69908;EXT|IR|S;;uic;3852504717;Q31453915;;;8504441;Studen BE
TN8504480;gare;Saint Blaise-Lac;Saint Blaise-Lac;Saint Blaise-Lac;8504480;;47.012085;6.984692;CH;Europe/Zurich;Q123995545;S;;uic;3081154428;Q15964249;;;8504480;St-Blaise-Lac
TN8504481;gare;Marin-Epagnier;Marin-Epagnier;Marin-Epagnier;8504481;;47.009024;7.010668;CH;Europe/Zurich;Q123995545;IR|S;;uic;3081154407;Q15964197;;;8504481;Marin-Epagnier
TN8504482;gare;Gampelen;Gampelen;Gampelen;8504482;;47.009084;7.058215;CH;Europe/Zurich;Q67387;S;;uic;3092219560;Q33466688;;;8504482;Gampelen
TN8504483;gare;Ins;Ins;Ins;8504483;;46.999888;7.099598;CH;Europe/Zurich;Q69487;EXT|IR|S;;uic;1425180904;Q33466716;;;8504483;Ins
TN8504484;gare;Müntschemier;Müntschemier;Müntschemier;8504484;;46.993357;7.142263;CH;Europe/Zurich;Q69945;IR|S;;uic;3836116267;Q33466736;;;8504484;Müntschemier
TN8504486;gare;Gümmenen;Gümmenen;Gümmenen;8504486;;46.942191;7.234782;CH;Europe/Zurich;Q65886;S;;uic;3081154382;Q15964156;;;8504486;Gümmenen
TN8504487;gare;Rosshäusern;Rosshäusern;Rosshäusern;8504487;;46.934336;7.29682;CH;Europe/Zurich;Q67278;S;;uic;3081154425;Q33466788;;;8504487;Rosshäusern
TN8504488;gare;Bern Riedbach;Riedbach;Riedbach;8504488;;46.94114;7.334196;CH;Europe/Zurich;Q70;S;;uic;1870460759;Q33466805;;;8504488;Bern Riedbach
TN8504489;gare;Bern Bümpliz Nord;Bern Bümpliz Nord;Bern Bümpliz Nord;8504489;;46.945852;7.390002;CH;Europe/Zurich;Q70;IR|S;;uic;3081154355;Q33466824;;;8504489;Bern Bümpliz Nord
TN8504490;gare;Zihlbrücke;Zihlbrücke;Zihlbrücke;8504490;;47.009267;7.030564;CH;Europe/Zurich;Q67387;S;;uic;11808339007;Q33466842;;;8504490;Zihlbrücke
TN8505000;gare;Luzern;Luzern;Luzern;8505000;;47.050236;8.310297;CH;Europe/Zurich;Q4191;EC|EXT|IC|IR|PE|RE|S|SN;;uic;2051794005;Q455450;;;8505000;Luzern
TN8505001;gare;Meggen;Meggen;Meggen;8505001;;47.05015;8.383052;CH;Europe/Zurich;Q14573;EXT|S;;uic;1398833212;Q12174812;;;8505001;Meggen
TN8505002;gare;Küssnacht am Rigi;Küssnacht am Rigi;Küssnacht am Rigi;8505002;;47.083562;8.433578;CH;Europe/Zurich;Q64183;EXT|IR|S;;uic;2074359564;Q801051;;;8505002;Küssnacht am Rigi
TN8505003;gare;Immensee;Immensee;Immensee;8505003;;47.091528;8.462768;CH;Europe/Zurich;Q64183;EXT|S;;uic;3080372091;Q800950;;;8505003;Immensee
TN8505004;gare;Arth-Goldau;Arth-Goldau;Arth-Goldau;8505004;;47.049131;8.549645;CH;Europe/Zurich;Q69742;EC|EXT|IC|IR|PE|RE|S;;uic;1356798952;Q365122;;;8505004;Arth-Goldau
TN8505005;gare;Steinen;Steinen;Steinen;8505005;;47.04769;8.607468;CH;Europe/Zurich;Q67191;EXT|IR|S;;uic;3074774951;Q15964251;;;8505005;Steinen
TN8505006;gare;Schwyz;Schwyz;Schwyz;8505006;;47.026423;8.632247;CH;Europe/Zurich;Q68155;EXT|IR|S;;uic;3074774950;Q677588;;;8505006;Schwyz
TN8505007;gare;Brunnen;Brunnen;Brunnen;8505007;;46.999319;8.610092;CH;Europe/Zurich;Q66330;EXT|IR|S;;uic;3074774938;Q186519;;;8505007;Brunnen
TN8505011;gare;Merlischachen;Merlischachen;Merlischachen;8505011;;47.067678;8.409047;CH;Europe/Zurich;Q64183;EXT|S;;uic;3074886741;Q12174811;;;8505011;Merlischachen
TN8505018;gare;Meggen Zentrum;Meggen Zentrum;Meggen Zentrum;8505018;;47.045047;8.374121;CH;Europe/Zurich;Q14573;EXT|IR|S;;uic;1398789169;Q12174810;;;8505018;Meggen Zentrum
TN8505111;gare;Sisikon;Sisikon;Sisikon;8505111;;46.949262;8.620728;CH;Europe/Zurich;Q66862;EXT|IR|S;;uic;1362070306;Q10640296;;;8505111;Sisikon
TN8505112;gare;Flüelen;Flüelen;Flüelen;8505112;;46.901663;8.624236;CH;Europe/Zurich;Q69665;EXT|IC|IR|PE|S;;uic;3074774940;Q800758;;;8505112;Flüelen
TN8505113;gare;Altdorf UR;Altdorf UR;Altdorf UR;8505113;;46.875725;8.631635;CH;Europe/Zurich;Q68150;EXT|IC|IR|S;;uic;3074774935;Q4736224;;;8505113;Altdorf UR
TN8505114;gare;Erstfeld;Erstfeld;Erstfeld;8505114;;46.820642;8.650341;CH;Europe/Zurich;Q69642;EXT|IR|S;;uic;2842461934;Q637435;;;8505114;Erstfeld
TN8505119;gare;Göschenen;Göschenen;Göschenen;8505119;;46.665801;8.588714;CH;Europe/Zurich;Q69639;EXT|IR|R;;uic;3074774942;Q684298;;;8505119;Göschenen
TN8505163;gare;Realp;Realp;Realp;8505163;;46.598582;8.503359;CH;Europe/Zurich;Q67161;EXT|R;;uic;10049046053;Q7301357;;;8505163;Realp
TN8505164;gare;Hospental;Hospental;Hospental;8505164;;46.621038;8.570954;CH;Europe/Zurich;Q65681;EXT|R;;uic;3118134977;Q33467193;;;8505164;Hospental
TN8505165;gare;Andermatt;Andermatt;Andermatt;8505165;;46.63684;8.593329;CH;Europe/Zurich;Q64019;EXT|PE|R;;uic;1059035581;Q4753704;;;8505165;Andermatt
TN8505170;gare;Nätschen;Nätschen;Nätschen;8505170;;46.642236;8.609501;CH;Europe/Zurich;Q64019;R;;uic;3118134978;Q33467259;;;8505170;Nätschen
TN8505172;gare;Oberalppass;Oberalppass;Oberalppass;8505172;;46.660359;8.670412;CH;Europe/Zurich;Q64019;R;;uic;3154868043;Q33467291;;;8505172;Oberalppass
TN8505173;gare;Tschamut-Selva;Tschamut-Selva;Tschamut-Selva;8505173;;46.656584;8.70856;CH;Europe/Zurich;Q64280;R;;uic;3154882261;Q33467326;;;8505173;Tschamut-Selva
TN8505174;gare;Dieni;Dieni;Dieni;8505174;;46.669943;8.742827;CH;Europe/Zurich;Q64280;R;;uic;3156484476;Q33467363;;;8505174;Dieni
TN8505175;gare;Rueras;Rueras;Rueras;8505175;;46.678206;8.754904;CH;Europe/Zurich;Q64280;R;;uic;3156484477;Q33467395;;;8505175;Rueras
TN8505176;gare;Sedrun;Sedrun;Sedrun;8505176;;46.681042;8.769807;CH;Europe/Zurich;Q64280;R;;uic;3156502888;Q10640193;;;8505176;Sedrun
TN8505177;gare;Bugnei;Bugnei;Bugnei;8505177;;46.682379;8.786468;CH;Europe/Zurich;Q64280;R;;uic;258541203;Q33467457;;;8505177;Bugnei
TN8505178;gare;Mumpé Tujetsch;Mumpé Tujetsch;Mumpé Tujetsch;8505178;;46.682115;8.826552;CH;Europe/Zurich;Q68347;R;;uic;258541175;Q33467490;;;8505178;Mumpé Tujetsch
TN8505179;gare;Segnas;Segnas;Segnas;8505179;;46.691126;8.830783;CH;Europe/Zurich;Q68347;R;;uic;258541142;Q33467516;;;8505179;Segnas
TN8505180;gare;Acla da Fontauna;Acla da Fontauna;Acla da Fontauna;8505180;;46.697212;8.845722;CH;Europe/Zurich;Q68347;R;;uic;258541119;Q33467534;;;8505180;Acla da Fontauna
TN8505201;gare;Airolo;Airolo;Airolo;8505201;;46.527575;8.608516;CH;Europe/Zurich;Q69265;EXT|IR|S;;uic;3080372076;Q15964050;;;8505201;Airolo
TN8505202;gare;Ambri-Piotta;Ambri-Piotta;Ambri-Piotta;8505202;;46.510716;8.689849;CH;Europe/Zurich;Q67501;EXT|IR|S;;uic;3074774936;Q15964051;;;8505202;Ambrì-Piotta
TN8505204;gare;Faido;Faido;Faido;8505204;;46.483091;8.790802;CH;Europe/Zurich;Q69673;EXT|IR|S;;uic;3080372087;Q5429646;;;8505204;Faido
TN8505205;gare;Lavorgo;Lavorgo;Lavorgo;8505205;;46.440961;8.839775;CH;Europe/Zurich;Q69673;EXT|IR|S;;uic;3074774943;Q15964159;;;8505205;Lavorgo
TN8505207;gare;Bodio TI;Bodio;Bodio;8505207;;46.380455;8.906345;CH;Europe/Zurich;Q67763;EXT|IR|S;;uic;3074774937;Q4936630;;;8505207;Bodio TI
TN8505209;gare;Biasca;Biasca;Biasca;8505209;;46.352076;8.97412;CH;Europe/Zurich;Q67523;EXT|IC|IR|S;;uic;3080372079;Q800520;;;8505209;Biasca
TN8505212;gare;Castione-Arbedo;Castione-Arbedo;Castione-Arbedo;8505212;;46.2243;9.041624;CH;Europe/Zurich;Q69788;EXT|IR|S;;uic;2266207797;Q5049962;;;8505212;Castione-Arbedo
TN8505213;gare;Bellinzona;Bellinzona;Bellinzona;8505213;;46.195124;9.029023;CH;Europe/Zurich;Q64044;EC|EXT|IC|IR|PE|RE|S;;uic;3080372078;Q662556;;;8505213;Bellinzona
TN8505214;gare;Giubiasco;Giubiasco;Giubiasco;8505214;;46.173788;9.003637;CH;Europe/Zurich;Q64044;EXT|IC|IR|RE|S;;uic;3080372088;Q5565186;;;8505214;Giubiasco
TN8505216;gare;Rivera-Bironico;Rivera-Bironico;Rivera-Bironico;8505216;;46.12409;8.924964;CH;Europe/Zurich;Q70633;EXT|RE|S;;uic;274374392;Q3970685;;;8505216;Rivera-Bironico
TN8505217;gare;Mezzovico;Mezzovico;Mezzovico;8505217;;46.094319;8.928553;CH;Europe/Zurich;Q70124;EXT|RE|S;;uic;2458547741;Q3970104;;;8505217;Mezzovico
TN8505218;gare;Taverne-Torricella;Taverne-Torricella;Taverne-Torricella;8505218;;46.056639;8.930384;CH;Europe/Zurich;Q68001;EXT|RE|S;;uic;2458507606;Q3971091;;;8505218;Taverne-Torricella
TN8505219;gare;Lamone-Cadempino;Lamone-Cadempino;Lamone-Cadempino;8505219;;46.039777;8.932259;CH;Europe/Zurich;Q70030;EXT|RE|S;;uic;2458507605;Q3969914;;;8505219;Lamone-Cadempino
TN8505226;gare;Grindelwald Terminal;Grindelwald Terminal;Grindelwald Terminal;8505226;;46.625521;8.01716;CH;Europe/Zurich;Q64004;R;;uic;7071956822;;;;8505226;Grindelwald Terminal
TN8505300;gare;Lugano;Lugano;Lugano;8505300;;46.005499;8.946849;CH;Europe/Zurich;Q7024;EC|EXT|IC|PE|RE|S;;uic;2460241310;Q174946;;;8505300;Lugano
TN8505301;gare;Paradiso;Paradiso;Paradiso;8505301;;45.989271;8.946512;CH;Europe/Zurich;Q68205;EXT|RE|S;;uic;2460241311;;;;8505301;Paradiso
TN8505302;gare;Melide;Melide;Melide;8505302;;45.955659;8.948337;CH;Europe/Zurich;Q69981;EXT|RE|S;;uic;2460272281;Q4996512;;;8505302;Melide
TN8505303;gare;Maroggia-Melano;Maroggia-Melano;Maroggia-Melano;8505303;;45.932419;8.973873;CH;Europe/Zurich;Q109211862;EXT|RE|S;;uic;2460281903;Q3970054;;;8505303;Maroggia-Melano
TN8505304;gare;Capolago-Riva San Vitale;Capolago-Riva San Vitale;Capolago-Riva San Vitale;8505304;;45.902881;8.978884;CH;Europe/Zurich;Q69041;EXT|RE|S;;uic;1843809989;Q3969216;;;8505304;Capolago-Riva S. Vitale
TN8505305;gare;Mendrisio;Mendrisio;Mendrisio;8505305;;45.86906;8.978634;CH;Europe/Zurich;Q69041;EXT|IC|RE|S;;uic;1846603347;Q3970088;;;8505305;Mendrisio
TN8505306;gare;Balerna;Balerna;Balerna;8505306;;45.846763;9.005113;CH;Europe/Zurich;Q70141;EXT|RE|S;;uic;3142358425;Q3968955;;;8505306;Balerna
TN8505307;gare;Chiasso;Chiasso;Chiasso;8505307;;45.83223;9.031415;CH;Europe/Zurich;Q68111;EC|EXT|IC|RE|S;;uic;3092179807;Q683236;;;8505307;Chiasso
TN8505350;gare;Sattel;Sattel;Sattel;8505350;;47.08159;8.633934;CH;Europe/Zurich;Q65465;IR|S;;uic;11383511039;Q124053863;;;8505350;Sattel
TN8505390;gare;Serocca;Serocca;Serocca;8505390;;46.008823;8.905134;CH;Europe/Zurich;Q67109;S;;uic;273490211;Q7455018;;;8505390;Serocca
TN8505391;gare;Lugano FLP;Lugano FLP;Lugano FLP;8505391;;46.004441;8.947647;CH;Europe/Zurich;Q7024;S;;uic;2472559165;Q17637344;;;8505391;Lugano FLP
TN8505392;gare;Magliaso Paese;Magliaso Paese;Magliaso Paese;8505392;;45.98326;8.890508;CH;Europe/Zurich;Q70159;S;;uic;273490187;Q6731197;;;8505392;Magliaso Paese
TN8505393;gare;Cappella-Agnuzzo;Cappella-Agnuzzo;Cappella-Agnuzzo;8505393;;45.993313;8.924827;CH;Europe/Zurich;Q69062;S;;uic;273490069;Q5036145;;;8505393;Cappella-Agnuzzo
TN8505394;gare;Bioggio;Bioggio;Bioggio;8505394;;46.012095;8.908927;CH;Europe/Zurich;Q68425;S;;uic;273490210;Q4914856;;;8505394;Bioggio
TN8505395;gare;Agno;Agno;Agno;8505395;;45.996071;8.901001;CH;Europe/Zurich;Q67109;S;;uic;273490212;Q4693270;;;8505395;Agno
TN8505396;gare;Magliaso;Magliaso;Magliaso;8505396;;45.981724;8.884026;CH;Europe/Zurich;Q70159;S;;uic;273490192;Q6731198;;;8505396;Magliaso
TN8505397;gare;Caslano;Caslano;Caslano;8505397;;45.977613;8.876262;CH;Europe/Zurich;Q67270;S;;uic;9972364806;Q5048971;;;8505397;Caslano
TN8505398;gare;Ponte Tresa;Ponte Tresa;Ponte Tresa;8505398;;45.969824;8.859968;CH;Europe/Zurich;Q104776479;S;;uic;4126897996;Q7228113;;;8505398;Ponte Tresa
TN8505399;gare;Sorengo;Sorengo;Sorengo;8505399;;46.000467;8.93486;CH;Europe/Zurich;Q69995;S;;uic;273490046;Q7563428;;;8505399;Sorengo
TN8505400;gare;Locarno;Locarno;Locarno;8505400;;46.172315;8.801351;CH;Europe/Zurich;Q69961;EXT|IC|IR|RE|S;;uic;2462102646;Q686540;;;8505400;Locarno
TN8505401;gare;Tenero;Tenero;Tenero;8505401;;46.177395;8.851724;CH;Europe/Zurich;Q67745;EXT|IC|IR|RE|S;;uic;2462102649;Q12174832;;;8505401;Tenero
TN8505402;gare;Gordola;Gordola;Gordola;8505402;;46.17889;8.866881;CH;Europe/Zurich;Q69671;EXT|RE|S;;uic;2462102645;Q12174801;;;8505402;Gordola
TN8505404;gare;Cadenazzo;Cadenazzo;Cadenazzo;8505404;;46.152552;8.941726;CH;Europe/Zurich;Q69790;EXT|IC|IR|RE|S;;uic;2278756340;Q5016368;;;8505404;Cadenazzo
TN8505405;gare;Quartino;Quartino;Quartino;8505405;;46.1513;8.887294;CH;Europe/Zurich;Q70234;S;;uic;5837846196;Q15964201;;;8505405;Quartino
TN8505406;gare;Magadino-Vira;Magadino-Vira;Magadino-Vira;8505406;;46.145354;8.850176;CH;Europe/Zurich;Q70234;S;;uic;2463259314;Q15964178;;;8505406;Magadino-Vira
TN8505407;gare;S. Nazzaro;S. Nazzaro;S. Nazzaro;8505407;;46.135188;8.807029;CH;Europe/Zurich;Q70234;S;;uic;2463259316;Q15964229;;;8505407;S. Nazzaro
TN8505408;gare;Ranzo-S. Abbondio;Ranzo-S. Abbondio;Ranzo-S. Abbondio;8505408;;46.116978;8.776598;CH;Europe/Zurich;Q70234;S;;uic;2463259315;Q22319067;;;8505408;Ranzo-S. Abbondio
TN8505410;gare;Gerra (Gambarogno);Gerra (Gambarogno);Gerra (Gambarogno);8505410;;46.122088;8.784991;CH;Europe/Zurich;Q70234;S;;uic;2463259313;Q22319266;;;8505410;Gerra (Gambarogno)
TN8505412;gare;Riazzino;Riazzino;Riazzino;8505412;;46.175411;8.885996;CH;Europe/Zurich;Q11935;EXT|RE|S;;uic;2462102647;Q12174819;;;8505412;Riazzino
TN8505415;gare;Sant'Antonino;Sant'Antonino;Sant'Antonino;8505415;;46.158809;8.969041;CH;Europe/Zurich;Q67673;EXT|RE|S;;uic;3074926248;Q15964228;;;8505415;S. Antonino
TN8505417;gare;Minusio;Minusio;Minusio;8505417;;46.173874;8.819267;CH;Europe/Zurich;Q69065;EXT|RE|S;;uic;11283897236;Q123688992;;;8505417;Minusio
TN8505467;gare;San Martino;San Martino;San Martino;8505467;;46.171978;8.770433;CH;Europe/Zurich;Q11935;R|RE;;uic;2836798675;Q17637533;;;8505467;Solduno S. Martino
TN8505470;gare;Locarno FART;Locarno FART;Locarno FART;8505470;;46.172626;8.802954;CH;Europe/Zurich;Q69961;PE|R|RE;;uic;354739910;Q17637331;;;8505470;Locarno FART
TN8505471;gare;Locarno S. Antonio;Locarno S. Antonio;Locarno S. Antonio;8505471;;46.168897;8.786294;CH;Europe/Zurich;Q11935;R;;uic;3634561523;Q17637334;;;8505471;Locarno S. Antonio
TN8505472;gare;Solduno;Solduno;Solduno;8505472;;46.169507;8.777521;CH;Europe/Zurich;Q11935;R;;uic;354740600;Q17637562;;;8505472;Solduno
TN8505491;gare;Tegna;Tegna;Tegna;8505491;;46.186063;8.742757;CH;Europe/Zurich;Q2405262;R|RE;;uic;2836798676;Q17637585;;;8505491;Tegna
TN8505492;gare;Verscio;Verscio;Verscio;8505492;;46.184649;8.729854;CH;Europe/Zurich;Q2405262;PE|R|RE;;uic;690893499;Q17637634;;;8505492;Verscio
TN8505493;gare;Cavigliano;Cavigliano;Cavigliano;8505493;;46.18383;8.721383;CH;Europe/Zurich;Q2405262;R|RE;;uic;2836813325;Q17637180;;;8505493;Cavigliano
TN8505494;gare;Intragna;Intragna;Intragna;8505494;;46.177584;8.702143;CH;Europe/Zurich;Q70611;PE|R|RE;;uic;1546861622;Q17637306;;;8505494;Intragna
TN8505495;gare;Corcapolo;Corcapolo;Corcapolo;8505495;;46.168762;8.675811;CH;Europe/Zurich;Q70611;R|RE;;uic;2836847702;Q17637209;;;8505495;Corcapolo
TN8505496;gare;Verdasio;Verdasio;Verdasio;8505496;;46.165221;8.649275;CH;Europe/Zurich;Q70611;PE|R|RE;;uic;776949252;Q17637629;;;8505496;Verdasio
TN8505497;gare;Palagnedra;Palagnedra;Palagnedra;8505497;;46.161133;8.630985;CH;Europe/Zurich;Q70611;R|RE;;uic;2838387489;Q17637428;;;8505497;Palagnedra
TN8505499;gare;Camedo;Camedo;Camedo;8505499;;46.154793;8.610916;CH;Europe/Zurich;Q70611;PE|R|RE;;uic;2836876118;Q17637154;;;8505499;Camedo
TN8505578;gare;Zornasco;Zornasco;Zornasco;8505578;;46.129548;8.49152;IT;Europe/Rome;Q23617;RE;;uic;2838387494;Q17637645;;;8505578;Zornasco
TN8505580;gare;Re;Re;Re;8505580;;46.127362;8.539097;IT;Europe/Rome;Q23690;PE|RE;;uic;2338638827;Q17637487;;;8505580;Re
TN8505581;gare;S. Maria Maggiore;Santa Maria Maggiore;Santa Maria Maggiore;8505581;;46.136401;8.460856;IT;Europe/Rome;Q23695;PE|RE;;nom;2838387491;Q17637544;;;8505581;S. Maria Maggiore
TN8505584;gare;Malesco;Malesco;Malesco;8505584;;46.129115;8.499043;IT;Europe/Rome;Q23617;PE|RE;;nom;2838387486;Q17637358;;;8505584;Malesco
TN8505585;gare;Druogno;Druogno;Druogno;8505585;;46.133146;8.433807;IT;Europe/Rome;Q23328;PE|RE;;uic;2838387481;Q17637235;;;8505585;Druogno
TN8505588;gare;Creggio;Creggio;Creggio;8505588;;46.124773;8.324611;IT;Europe/Rome;Q23707;RE;;uic;1224781781;Q17637214;;;8505588;Creggio
TN8505589;gare;Folsogno-Dissimo;Folsogno-Dissimo;Folsogno-Dissimo;8505589;;46.134387;8.557994;IT;Europe/Rome;Q23690;RE;;uic;2838387482;;;;8505589;Folsogno-Dissimo
TN8505590;gare;Gagnone-Orcesco;Gagnone-Orcesco;Gagnone-Orcesco;8505590;;46.128793;8.41903;IT;Europe/Rome;Q23328;RE;;uic;13927852369;Q17637269;;;8505590;Gagnone-Orcesco
TN8505593;gare;Masera;Masera;Masera;8505593;;46.13203;8.323944;IT;Europe/Rome;Q23627;PE|RE;;uic;2838387488;Q17637376;;;8505593;Masera
TN8505594;gare;Prestinone;Prestinone;Prestinone;8505594;;46.133082;8.479655;IT;Europe/Rome;Q23314;RE;;nom;2838387490;Q17637478;;;8505594;Prestinone
TN8505597;gare;Trontano;Trontano;Trontano;8505597;;46.122552;8.333928;IT;Europe/Rome;Q23707;PE|RE;;uic;2838387492;Q17637611;;;8505597;Trontano
TN8505599;gare;Verigo;Verigo;Verigo;8505599;;46.121929;8.351984;IT;Europe/Rome;Q23707;RE;;uic;2838387493;Q17637630;;;8505599;Verigo
TN8505861;gare;Maccagno;Maccagno;Maccagno;8505861;;46.043263;8.737612;IT;Europe/Rome;Q15711728;S;;uic;302392144;Q3969998;;;8505861;Maccagno
TN8505862;gare;Pino-Tronzano;Pino-Tronzano;Pino-Tronzano;8505862;;46.098659;8.737048;IT;Europe/Rome;Q15711728;S;;nom;6973944629;Q3970489;;;8505862;Pino-Tronzano
TN8505874;gare;Colmegna;Colmegna;Colmegna;8505874;;46.024738;8.752129;IT;Europe/Rome;Q40120;S;;nom;6974287792;Q3969459;;;8505874;Colmegna
TN8506000;gare;Winterthur;Winterthur;Winterthur;8506000;;47.500314;8.723974;CH;Europe/Zurich;Q9125;EC|EXT|IC|IR|NJ|RE|RJX|S|SN;;uic;1286602751;Q677527;;;8506000;Winterthur
TN8506001;gare;Winterthur Grüze;Winterthur Grüze;Winterthur Grüze;8506001;;47.499053;8.750865;CH;Europe/Zurich;Q9125;S|SN;;uic;1309502573;Q801617;;;8506001;Winterthur Grüze
TN8506002;gare;Winterthur Seen;Winterthur Seen;Winterthur Seen;8506002;;47.487431;8.766753;CH;Europe/Zurich;Q9125;S;;uic;1310783650;Q801618;;;8506002;Winterthur Seen
TN8506003;gare;Sennhof-Kyburg;Sennhof-Kyburg;Sennhof-Kyburg;8506003;;47.465206;8.760293;CH;Europe/Zurich;Q9125;S;;uic;2446120411;Q14553574;;;8506003;Sennhof-Kyburg
TN8506004;gare;Kollbrunn;Kollbrunn;Kollbrunn;8506004;;47.458336;8.773893;CH;Europe/Zurich;Q67211;S;;uic;1352638414;Q6427358;;;8506004;Kollbrunn
TN8506005;gare;Rikon;Rikon;Rikon;8506005;;47.445008;8.796439;CH;Europe/Zurich;Q67211;S;;uic;1352668875;Q7334094;;;8506005;Rikon
TN8506006;gare;Rämismühle-Zell;Rämismühle-Zell;Rämismühle-Zell;8506006;;47.441543;8.819054;CH;Europe/Zurich;Q67211;S;;uic;2446019572;Q15088578;;;8506006;Rämismühle-Zell
TN8506007;gare;Turbenthal;Turbenthal;Turbenthal;8506007;;47.437315;8.843933;CH;Europe/Zurich;Q65858;S;;uic;2446048209;Q15088574;;;8506007;Turbenthal
TN8506008;gare;Wila;Wila;Wila;8506008;;47.417783;8.848538;CH;Europe/Zurich;Q66752;S;;uic;2446055623;Q8000034;;;8506008;Wila
TN8506009;gare;Saland;Saland;Saland;8506009;;47.394258;8.854231;CH;Europe/Zurich;Q67145;S;;uic;2443368760;Q15088567;;;8506009;Saland
TN8506010;gare;Sirnach;Sirnach;Sirnach;8506010;;47.46203;9.000451;CH;Europe/Zurich;Q65797;S|SN;;uic;307392748;Q5847259;;;8506010;Sirnach
TN8506011;gare;Eschlikon TG;Eschlikon;Eschlikon;8506011;;47.461512;8.958592;CH;Europe/Zurich;Q65026;S|SN;;uic;2488676494;Q5846210;;;8506011;Eschlikon TG
TN8506012;gare;Guntershausen;Guntershausen;Guntershausen;8506012;;47.474138;8.917009;CH;Europe/Zurich;Q69131;S|SN;;uic;303022594;Q5846352;;;8506012;Guntershausen
TN8506013;gare;Aadorf;Aadorf;Aadorf;8506013;;47.488171;8.903282;CH;Europe/Zurich;Q69131;S|SN;;uic;303022601;Q5845566;;;8506013;Aadorf
TN8506014;gare;Elgg;Elgg;Elgg;8506014;;47.498479;8.86333;CH;Europe/Zurich;Q67137;S|SN;;uic;307391788;Q5359988;;;8506014;Elgg
TN8506015;gare;Räterschen;Räterschen;Räterschen;8506015;;47.498776;8.795149;CH;Europe/Zurich;Q64832;S|SN;;uic;1351838924;Q4348861;;;8506015;Räterschen
TN8506016;gare;Oberwinterthur;Oberwinterthur;Oberwinterthur;8506016;;47.507673;8.760115;CH;Europe/Zurich;Q9125;S|SN;;uic;1311007154;Q801283;;;8506016;Oberwinterthur
TN8506017;gare;Wiesendangen;Wiesendangen;Wiesendangen;8506017;;47.525531;8.77602;CH;Europe/Zurich;Q64853;S|SN;;uic;1352757256;Q5847529;;;8506017;Wiesendangen
TN8506018;gare;Rickenbach-Attikon;Rickenbach-Attikon;Rickenbach-Attikon;8506018;;47.535373;8.789035;CH;Europe/Zurich;Q68457;S|SN;;uic;1352769914;Q5847052;;;8506018;Rickenbach-Attikon
TN8506019;gare;Islikon;Islikon;Islikon;8506019;;47.547794;8.846216;CH;Europe/Zurich;Q64840;S|SN;;uic;6349202737;Q5846405;;;8506019;Islikon
TN8506020;gare;Seuzach;Seuzach;Seuzach;8506020;;47.535639;8.739022;CH;Europe/Zurich;Q65805;S;;uic;1313973484;Q5847239;;;8506020;Seuzach
TN8506021;gare;Dinhard;Dinhard;Dinhard;8506021;;47.553297;8.753023;CH;Europe/Zurich;Q65795;S;;uic;2453133360;Q5846114;;;8506021;Dinhard
TN8506022;gare;Thalheim-Altikon;Thalheim-Altikon;Thalheim-Altikon;8506022;;47.569568;8.757659;CH;Europe/Zurich;Q65844;S;;uic;2453133359;Q5847328;;;8506022;Thalheim-Altikon
TN8506023;gare;Ossingen;Ossingen;Ossingen;8506023;;47.614593;8.724098;CH;Europe/Zurich;Q68393;S;;uic;2455946411;Q5846849;;;8506023;Ossingen
TN8506024;gare;Stammheim;Stammheim;Stammheim;8506024;;47.634833;8.788841;CH;Europe/Zurich;Q60322693;S;;uic;2456031550;Q5847284;;;8506024;Stammheim
TN8506025;gare;Etzwilen;Etzwilen;Etzwilen;8506025;;47.661072;8.818643;CH;Europe/Zurich;Q65519;S|SN;;uic;2456031549;Q5405186;;;8506025;Etzwilen
TN8506035;gare;Schottikon;Schottikon;Schottikon;8506035;;47.500103;8.811737;CH;Europe/Zurich;Q64832;S|SN;;uic;1351877724;Q5847205;;;8506035;Schottikon
TN8506036;gare;Reutlingen;Reutlingen;Reutlingen;8506036;;47.529659;8.752148;CH;Europe/Zurich;Q9125;S;;gtfs;;;;;8506036;Reutlingen
TN8506038;gare;Winterthur Wallrüti;Winterthur Wallrüti;Winterthur Wallrüti;8506038;;47.516721;8.760893;CH;Europe/Zurich;Q9125;S;;uic;25586596;Q16903530;;;8506038;Winterthur Wallrüti
TN8506039;gare;Schloss Laufen am Rheinfall;Schloss Laufen am Rheinfall;Schloss Laufen am Rheinfall;8506039;;47.676489;8.614036;CH;Europe/Zurich;Q66336;S|SN;;uic;2427867574;Q7431736;;;8506039;Schloss Laufen am Rheinfall
TN8506041;gare;Embrach-Rorbas;Embrach-Rorbas;Embrach-Rorbas;8506041;;47.52056;8.587022;CH;Europe/Zurich;Q65877;S|SN;;uic;1330470648;Q13423578;;;8506041;Embrach-Rorbas
TN8506042;gare;Pfungen;Pfungen;Pfungen;8506042;;47.516077;8.646686;CH;Europe/Zurich;Q65119;S|SN;;uic;2482900821;Q15094246;;;8506042;Pfungen
TN8506043;gare;Winterthur Wülflingen;Winterthur Wülflingen;Winterthur Wülflingen;8506043;;47.50646;8.680964;CH;Europe/Zurich;Q9125;S|SN;;uic;1330676298;Q801620;;;8506043;Winterthur Wülflingen
TN8506044;gare;Winterthur Töss;Winterthur Töss;Winterthur Töss;8506044;;47.489775;8.70928;CH;Europe/Zurich;Q9125;S|SN;;uic;1330704266;Q801619;;;8506044;Winterthur Töss
TN8506045;gare;Hettlingen;Hettlingen;Hettlingen;8506045;;47.545355;8.694765;CH;Europe/Zurich;Q64967;EXT|S|SN;;uic;1317463581;Q5748058;;;8506045;Hettlingen
TN8506046;gare;Henggart;Henggart;Henggart;8506046;;47.564501;8.685034;CH;Europe/Zurich;Q68417;EXT|S|SN;;uic;1317425466;Q5714280;;;8506046;Henggart
TN8506047;gare;Andelfingen;Andelfingen;Andelfingen;8506047;;47.59377;8.677901;CH;Europe/Zurich;Q68423;EXT|S|SN;;uic;1317354601;Q4753679;;;8506047;Andelfingen
TN8506048;gare;Marthalen;Marthalen;Marthalen;8506048;;47.631223;8.656069;CH;Europe/Zurich;Q67213;EXT|S|SN;;uic;1317339977;Q6774635;;;8506048;Marthalen
TN8506049;gare;Dachsen;Dachsen;Dachsen;8506049;;47.66708;8.613878;CH;Europe/Zurich;Q67949;EXT|S|SN;;uic;1317308966;Q5207606;;;8506049;Dachsen
TN8506100;gare;Frauenfeld;Frauenfeld;Frauenfeld;8506100;;47.558125;8.896564;CH;Europe/Zurich;Q68120;EXT|IC|IR|RE|S|SN;;uic;2508696539;Q800779;;;8506100;Frauenfeld
TN8506101;gare;Felben-Wellhausen;Felben-Wellhausen;Felben-Wellhausen;8506101;;47.577152;8.943181;CH;Europe/Zurich;Q64837;S|SN;;uic;2508724562;Q5483347;;;8506101;Felben-Wellhausen
TN8506102;gare;Hüttlingen-Mettendorf;Hüttlingen-Mettendorf;Hüttlingen-Mettendorf;8506102;;47.582314;8.974562;CH;Europe/Zurich;Q65802;S|SN;;uic;2508778216;Q5846391;;;8506102;Hüttlingen-Mettendorf
TN8506103;gare;Müllheim-Wigoltingen;Müllheim-Wigoltingen;Müllheim-Wigoltingen;8506103;;47.588198;9.015552;CH;Europe/Zurich;Q65834;S|SN;;uic;2508783701;Q5846793;;;8506103;Müllheim-Wigoltingen
TN8506104;gare;Märstetten;Märstetten;Märstetten;8506104;;47.582876;9.062153;CH;Europe/Zurich;Q64992;S|SN;;uic;2508778217;Q5846784;;;8506104;Märstetten
TN8506105;gare;Weinfelden;Weinfelden;Weinfelden;8506105;;47.56627;9.106412;CH;Europe/Zurich;Q68258;IC|IR|RE|S|SN;;uic;1848502699;Q801587;;;8506105;Weinfelden
TN8506106;gare;Bürglen TG;Bürglen TG;Bürglen TG;8506106;;47.549151;9.149921;CH;Europe/Zurich;Q65599;S|SN;;uic;2509489215;Q5845878;;;8506106;Bürglen TG
TN8506107;gare;Erlen;Erlen;Erlen;8506107;;47.551479;9.22621;CH;Europe/Zurich;Q65439;S|SN;;uic;263828133;Q5550634;;;8506107;Erlen
TN8506108;gare;Oberaach;Oberaach;Oberaach;8506108;;47.55327;9.271044;CH;Europe/Zurich;Q69768;S|SN;;uic;263830914;Q5846823;;;8506108;Oberaach
TN8506109;gare;Amriswil;Amriswil;Amriswil;8506109;;47.550414;9.302305;CH;Europe/Zurich;Q69768;IC|IR|RE|S|SN;;uic;263830918;Q5845683;;;8506109;Amriswil
TN8506118;gare;Triboltingen;Triboltingen;Triboltingen;8506118;;47.662933;9.108878;CH;Europe/Zurich;Q65127;S;;uic;2486375615;Q31454136;;;8506118;Triboltingen
TN8506119;gare;Kurzrickenbach Seepark;Kurzrickenbach Seepark;Kurzrickenbach Seepark;8506119;;47.643091;9.196068;CH;Europe/Zurich;Q63905;S|SN;;uic;2510438892;Q31454144;;;8506119;Kurzrickenbach Seepark
TN8506121;gare;Romanshorn;Romanshorn;Romanshorn;8506121;;47.565529;9.379292;CH;Europe/Zurich;Q65125;IC|IR|RE|S|SN;;uic;2509270355;Q508197;;;8506121;Romanshorn
TN8506122;gare;Uttwil;Uttwil;Uttwil;8506122;;47.585982;9.339691;CH;Europe/Zurich;Q65634;S|SN;;uic;2510493283;Q15964293;;;8506122;Uttwil
TN8506123;gare;Kesswil;Kesswil;Kesswil;8506123;;47.595475;9.317392;CH;Europe/Zurich;Q69413;S|SN;;uic;2510481016;Q15964169;;;8506123;Kesswil
TN8506124;gare;Güttingen;Güttingen;Güttingen;8506124;;47.608733;9.292197;CH;Europe/Zurich;Q66317;S|SN;;uic;2510469066;Q15964150;;;8506124;Güttingen
TN8506125;gare;Altnau;Altnau;Altnau;8506125;;47.621334;9.26588;CH;Europe/Zurich;Q69237;RE|S|SN;;uic;2349962689;Q15964074;;;8506125;Altnau
TN8506126;gare;Münsterlingen-Scherzingen;Münsterlingen-Scherzingen;Münsterlingen-Scherzingen;8506126;;47.633393;9.226978;CH;Europe/Zurich;Q69233;S|SN;;uic;2510438893;Q31454151;;;8506126;Münsterlingen-Scherzingen
TN8506127;gare;Bottighofen;Bottighofen;Bottighofen;8506127;;47.640724;9.213128;CH;Europe/Zurich;Q65962;S|SN;;uic;2510438891;Q31454158;;;8506127;Bottighofen
TN8506128;gare;Kreuzlingen Hafen;Kreuzlingen Hafen;Kreuzlingen Hafen;8506128;;47.649142;9.181911;CH;Europe/Zurich;Q63905;RE|S|SN;;uic;2486668293;Q31454163;;;8506128;Kreuzlingen Hafen
TN8506131;gare;Kreuzlingen;Kreuzlingen;Kreuzlingen;8506131;;47.652503;9.169064;CH;Europe/Zurich;Q63905;IR|RE|S|SN;;uic;2486660800;Q801035;;;8506131;Kreuzlingen
TN8506132;gare;Tägerwilen-Gottlieben;Tägerwilen-Gottlieben;Tägerwilen-Gottlieben;8506132;;47.659593;9.132928;CH;Europe/Zurich;Q66188;S;;uic;2486660802;Q31454167;;;8506132;Tägerwilen-Gottlieben
TN8506133;gare;Ermatingen;Ermatingen;Ermatingen;8506133;;47.669956;9.085664;CH;Europe/Zurich;Q65127;S;;uic;2486375605;Q15964126;;;8506133;Ermatingen
TN8506134;gare;Mannenbach-Salenstein;Mannenbach-Salenstein;Mannenbach-Salenstein;8506134;;47.673647;9.052531;CH;Europe/Zurich;Q66644;S;;uic;2486375610;Q15964194;;;8506134;Mannenbach-Salenstein
TN8506135;gare;Berlingen;Berlingen;Berlingen;8506135;;47.673258;9.022024;CH;Europe/Zurich;Q65463;S;;uic;2486344596;Q15964075;;;8506135;Berlingen
TN8506136;gare;Steckborn;Steckborn;Steckborn;8506136;;47.664544;8.980992;CH;Europe/Zurich;Q67123;S;;uic;2486323397;Q15964268;;;8506136;Steckborn
TN8506137;gare;Mammern;Mammern;Mammern;8506137;;47.64425;8.914249;CH;Europe/Zurich;Q69956;S;;uic;2486323396;Q15964193;;;8506137;Mammern
TN8506138;gare;Eschenz;Eschenz;Eschenz;8506138;;47.645405;8.876442;CH;Europe/Zurich;Q65080;S;;uic;2479971948;Q15964125;;;8506138;Eschenz
TN8506139;gare;Stein am Rhein;Stein am Rhein;Stein am Rhein;8506139;;47.656158;8.855054;CH;Europe/Zurich;Q11939;S|SN;;uic;2456031551;Q13416896;;;8506139;Stein am Rhein
TN8506143;gare;Münsterlingen Spital;Münsterlingen Spital;Münsterlingen Spital;8506143;;47.632052;9.23611;CH;Europe/Zurich;Q69233;S|SN;;uic;2510453410;Q31454173;;;8506143;Münsterlingen Spital
TN8506148;gare;St. Katharinental;St. Katharinental;St. Katharinental;8506148;;47.687518;8.73196;CH;Europe/Zurich;Q67128;S|SN;;uic;2475106741;Q15964270;;;8506148;St. Katharinental
TN8506168;gare;Tägerschen;Tägerschen;Tägerschen;8506168;;47.509304;9.024837;CH;Europe/Zurich;Q65818;S|SN;;uic;2508247902;Q33505142;;;8506168;Tägerschen
TN8506169;gare;Wiesengrund;Wiesengrund;Wiesengrund;8506169;;47.502243;8.948753;CH;Europe/Zurich;Q68177;S;;uic;549339154;Q33505313;;;8506169;Wiesengrund
TN8506170;gare;Münchwilen Pflegeheim;Münchwilen Pflegeheim;Münchwilen Pflegeheim;8506170;;47.481462;8.991844;CH;Europe/Zurich;Q69704;S;;uic;549315239;Q33505330;;;8506170;Münchwilen Pflegeheim
TN8506171;gare;Frauenfeld Marktplatz;Frauenfeld Marktplatz;Frauenfeld Marktplatz;8506171;;47.554315;8.898696;CH;Europe/Zurich;Q68120;S;;uic;2508647786;Q33505342;;;8506171;Frauenfeld Marktplatz
TN8506173;gare;Weberei Matzingen;Weberei Matzingen;Weberei Matzingen;8506173;;47.5273;8.922;CH;Europe/Zurich;Q64994;S;;uic;2157546310;Q33505371;;;8506173;Weberei Matzingen
TN8506174;gare;Matzingen;Matzingen;Matzingen;8506174;;47.520459;8.932965;CH;Europe/Zurich;Q64994;S;;uic;484308388;Q33505389;;;8506174;Matzingen
TN8506175;gare;Jakobstal;Jakobstal;Jakobstal;8506175;;47.508317;8.944133;CH;Europe/Zurich;Q68177;S;;uic;287798274;Q33505408;;;8506175;Jakobstal
TN8506176;gare;Wängi;Wängi;Wängi;8506176;;47.496403;8.953262;CH;Europe/Zurich;Q68177;S;;uic;549309454;Q33505426;;;8506176;Wängi
TN8506177;gare;Rosental;Rosental;Rosental;8506177;;47.49236;8.975041;CH;Europe/Zurich;Q68177;S;;uic;549328645;Q33505444;;;8506177;Rosental
TN8506178;gare;Münchwilen TG;Münchwilen;Münchwilen;8506178;;47.476823;8.99933;CH;Europe/Zurich;Q69704;S;;uic;301508650;Q33505470;;;8506178;Münchwilen TG
TN8506179;gare;Lüdem;Lüdem;Lüdem;8506179;;47.541917;8.902567;CH;Europe/Zurich;Q68120;S;;uic;287798135;Q33505488;;;8506179;Lüdem
TN8506181;gare;Bronschhofen;Bronschhofen;Bronschhofen;8506181;;47.475484;9.034737;CH;Europe/Zurich;Q64077;S|SN;;uic;243715787;Q33505500;;;8506181;Bronschhofen
TN8506182;gare;Bettwiesen;Bettwiesen;Bettwiesen;8506182;;47.498576;9.020931;CH;Europe/Zurich;Q65823;S|SN;;uic;243715773;Q33505514;;;8506182;Bettwiesen
TN8506183;gare;Tobel-Affeltrangen;Tobel-Affeltrangen;Tobel-Affeltrangen;8506183;;47.521439;9.033578;CH;Europe/Zurich;Q65818;S|SN;;uic;243715751;Q33505531;;;8506183;Tobel-Affeltrangen
TN8506184;gare;Märwil;Märwil;Märwil;8506184;;47.53293;9.069079;CH;Europe/Zurich;Q65800;S|SN;;uic;81321512;Q33505548;;;8506184;Märwil
TN8506185;gare;Oppikon;Oppikon;Oppikon;8506185;;47.552065;9.06206;CH;Europe/Zurich;Q65983;S|SN;;uic;2508217818;Q33505571;;;8506185;Oppikon
TN8506188;gare;Bronschhofen AMP;Bronschhofen AMP;Bronschhofen AMP;8506188;;47.481271;9.031009;CH;Europe/Zurich;Q64077;S|SN;;uic;2492259058;Q33505594;;;8506188;Bronschhofen AMP
TN8506190;gare;Bussnang;Bussnang;Bussnang;8506190;;47.556209;9.084107;CH;Europe/Zurich;Q65983;S|SN;;uic;2508186999;Q33505610;;;8506190;Bussnang
TN8506193;gare;Kehlhof;Kehlhof;Kehlhof;8506193;;47.57233;9.169732;CH;Europe/Zurich;Q67165;S|SN;;uic;2507443665;Q33505620;;;8506193;Kehlhof
TN8506194;gare;Berg;Berg;Berg;8506194;;47.582147;9.17438;CH;Europe/Zurich;Q67165;S|SN;;uic;263825644;Q33505628;;;8506194;Berg
TN8506195;gare;Siegershausen;Siegershausen;Siegershausen;8506195;;47.610963;9.168083;CH;Europe/Zurich;Q65777;S|SN;;uic;2507429705;Q33505639;;;8506195;Siegershausen
TN8506196;gare;Lengwil;Lengwil;Lengwil;8506196;;47.626326;9.189651;CH;Europe/Zurich;Q66289;S|SN;;uic;263825561;Q33505647;;;8506196;Lengwil
TN8506197;gare;Kreuzlingen Bernrain;Bernrain;Bernrain;8506197;;47.642404;9.162391;CH;Europe/Zurich;Q63905;S|SN;;uic;263825515;Q33505655;;;8506197;Kreuzlingen Bernrain
TN8506198;gare;Tägerwilen Dorf;Tägerwilen Dorf;Tägerwilen Dorf;8506198;;47.653532;9.139474;CH;Europe/Zurich;Q66188;S|SN;;uic;2486660801;Q33505670;;;8506198;Tägerwilen Dorf
TN8506200;gare;Wattwil;Wattwil;Wattwil;8506200;;47.299497;9.086547;CH;Europe/Zurich;Q66601;IR|S|SN;;uic;243717707;Q5847525;;;8506200;Wattwil
TN8506201;gare;Lichtensteig;Lichtensteig;Lichtensteig;8506201;;47.319592;9.083188;CH;Europe/Zurich;Q66601;IR|S|SN;;uic;243717690;Q33505684;;;8506201;Lichtensteig
TN8506202;gare;Dietfurt;Dietfurt;Dietfurt;8506202;;47.344553;9.078296;CH;Europe/Zurich;Q1021823;S;;uic;1825303888;Q31454180;;;8506202;Dietfurt
TN8506203;gare;Bütschwil;Bütschwil;Bütschwil;8506203;;47.359627;9.075085;CH;Europe/Zurich;Q1021823;S;;uic;1825303887;Q31454185;;;8506203;Bütschwil
TN8506204;gare;Lütisburg;Lütisburg;Lütisburg;8506204;;47.385196;9.07133;CH;Europe/Zurich;Q66857;S;;uic;2502523894;Q31454191;;;8506204;Lütisburg
TN8506205;gare;Bazenheid;Bazenheid;Bazenheid;8506205;;47.410034;9.069029;CH;Europe/Zurich;Q64860;S;;uic;1825303886;Q31454211;;;8506205;Bazenheid
TN8506206;gare;Wil SG;Wil SG;Wil SG;8506206;;47.462467;9.04095;CH;Europe/Zurich;Q64077;EXT|IC|IR|RE|S|SN;;uic;19485633;Q5847532;;;8506206;Wil SG
TN8506208;gare;Uzwil;Uzwil;Uzwil;8506208;;47.43646;9.130932;CH;Europe/Zurich;Q64171;EXT|IC|IR|RE|S|SN;;uic;2489918542;Q5847390;;;8506208;Uzwil
TN8506209;gare;Flawil;Flawil;Flawil;8506209;;47.415393;9.189333;CH;Europe/Zurich;Q65506;EXT|IC|IR|RE|S|SN;;uic;1317682772;Q5695569;;;8506209;Flawil
TN8506210;gare;Gossau SG;Gossau;Gossau;8506210;;47.411855;9.253082;CH;Europe/Zurich;Q69777;EXT|IC|IR|RE|S|SN;;uic;1350137496;Q5846308;;;8506210;Gossau SG
TN8506211;gare;Arnegg;Arnegg;Arnegg;8506211;;47.442057;9.25206;CH;Europe/Zurich;Q69777;S;;uic;338474121;Q5845723;;;8506211;Arnegg
TN8506212;gare;Hauptwil;Hauptwil;Hauptwil;8506212;;47.476901;9.251599;CH;Europe/Zurich;Q66307;S;;uic;338474122;Q5846358;;;8506212;Hauptwil
TN8506213;gare;Bischofszell Stadt;Bischofszell Stadt;Bischofszell Stadt;8506213;;47.492047;9.241564;CH;Europe/Zurich;Q64865;S;;uic;273414949;Q5845838;;;8506213;Bischofszell Stadt
TN8506214;gare;Sitterdorf;Sitterdorf;Sitterdorf;8506214;;47.505213;9.248959;CH;Europe/Zurich;Q65443;S;;uic;2509540325;Q5847263;;;8506214;Sitterdorf
TN8506215;gare;Bischofszell Nord;Bischofszell Nord;Bischofszell Nord;8506215;;47.500936;9.234466;CH;Europe/Zurich;Q64865;S;;uic;273415547;Q5845836;;;8506215;Bischofszell Nord
TN8506216;gare;Kradolf;Kradolf;Kradolf;8506216;;47.524567;9.201739;CH;Europe/Zurich;Q65830;S;;uic;2509529986;Q5846448;;;8506216;Kradolf
TN8506217;gare;Sulgen;Sulgen;Sulgen;8506217;;47.538853;9.183625;CH;Europe/Zurich;Q65971;IC|RE|S|SN;;uic;108092258;Q801492;;;8506217;Sulgen
TN8506270;gare;Marktplatz;Marktplatz;Marktplatz;8506270;;47.426417;9.376939;CH;Europe/Zurich;Q25607;S;;uic;2338312976;;;;8506270;St. Gallen Marktplatz
TN8506271;gare;Gontenbad;Gontenbad;Gontenbad;8506271;;47.331665;9.372338;CH;Europe/Zurich;Q64604;S;;uic;291432639;Q33506110;;;8506271;Gontenbad
TN8506275;gare;Steinegg;Steinegg;Steinegg;8506275;;47.320647;9.430287;CH;Europe/Zurich;Q107342348;S;;uic;5352651570;;;;8506275;Steinegg
TN8506276;gare;Strahlholz;Strahlholz;Strahlholz;8506276;;47.36657;9.431827;CH;Europe/Zurich;Q67171;S;;uic;7371045480;Q33506133;;;8506276;Strahlholz
TN8506277;gare;Schwende;Schwende;Schwende;8506277;;47.300112;9.435611;CH;Europe/Zurich;Q107342348;S;;uic;11681958474;Q33506153;;;8506277;Schwende
TN8506278;gare;Seebleiche;Seebleiche;Seebleiche;8506278;;47.477523;9.516583;CH;Europe/Zurich;Q66269;S;;uic;2498640505;Q33506170;;;8506278;Seebleiche
TN8506280;gare;Herisau Wilen;Wilen;Wilen;8506280;;47.375635;9.279198;CH;Europe/Zurich;Q63970;S;;uic;1351406368;Q16903415;;;8506280;Herisau Wilen
TN8506281;gare;Waldstatt;Waldstatt;Waldstatt;8506281;;47.357622;9.286131;CH;Europe/Zurich;Q69658;S;;uic;41141842;Q33506188;;;8506281;Waldstatt
TN8506282;gare;Zürchersmühle;Zürchersmühle;Zürchersmühle;8506282;;47.330205;9.292747;CH;Europe/Zurich;Q67168;S;;uic;295308628;Q33506201;;;8506282;Zürchersmühle
TN8506283;gare;Urnäsch;Urnäsch;Urnäsch;8506283;;47.317852;9.28541;CH;Europe/Zurich;Q67168;S;;uic;5352651569;Q33506215;;;8506283;Urnäsch
TN8506284;gare;Jakobsbad;Jakobsbad;Jakobsbad;8506284;;47.320124;9.328496;CH;Europe/Zurich;Q64604;S;;uic;41147989;Q33506229;;;8506284;Jakobsbad
TN8506285;gare;Gonten;Gonten;Gonten;8506285;;47.328148;9.347329;CH;Europe/Zurich;Q64604;S;;uic;291432620;Q33506244;;;8506285;Gonten
TN8506286;gare;Appenzell;Appenzell;Appenzell;8506286;;47.328578;9.409523;CH;Europe/Zurich;Q67125;S;;uic;2040133184;Q33506261;;;8506286;Appenzell
TN8506288;gare;Weissbad;Weissbad;Weissbad;8506288;;47.310446;9.43566;CH;Europe/Zurich;Q107342348;S;;uic;2040544557;Q33506291;;;8506288;Weissbad
TN8506289;gare;Wasserauen;Wasserauen;Wasserauen;8506289;;47.285706;9.42869;CH;Europe/Zurich;Q107342348;S;;uic;2040794201;Q33506307;;;8506289;Wasserauen
TN8506290;gare;Herisau;Herisau;Herisau;8506290;;47.390061;9.276773;CH;Europe/Zurich;Q63970;IR|RE|S|SN;;uic;1351166985;Q15964151;;;8506290;Herisau
TN8506291;gare;Schachen (Herisau);Schachen;Schachen;8506291;;47.384989;9.24294;CH;Europe/Zurich;Q63970;IR|S|SN;;uic;294976499;Q33506338;;;8506291;Schachen (Herisau)
TN8506292;gare;Degersheim;Degersheim;Degersheim;8506292;;47.372655;9.200119;CH;Europe/Zurich;Q64974;IR|S|SN;;uic;1888488782;Q33506347;;;8506292;Degersheim
TN8506293;gare;Mogelsberg;Mogelsberg;Mogelsberg;8506293;;47.363696;9.141996;CH;Europe/Zurich;Q68864;IR|S|SN;;uic;294976331;Q33506355;;;8506293;Mogelsberg
TN8506294;gare;Brunnadern-Neckertal;Brunnadern-Neckertal;Brunnadern-Neckertal;8506294;;47.337684;9.130419;CH;Europe/Zurich;Q68864;IR|S|SN;;uic;984734050;Q33506366;;;8506294;Brunnadern-Neckertal
TN8506297;gare;Ebnat-Kappel;Ebnat-Kappel;Ebnat-Kappel;8506297;;47.263692;9.121014;CH;Europe/Zurich;Q66237;S;;uic;984733167;Q33506377;;;8506297;Ebnat-Kappel
TN8506298;gare;Krummenau;Krummenau;Krummenau;8506298;;47.248883;9.168218;CH;Europe/Zurich;Q70720;S;;uic;1825319424;Q33506386;;;8506298;Krummenau
TN8506299;gare;Nesslau-Neu St. Johann;Nesslau-Neu St. Johann;Nesslau-Neu St. Johann;8506299;;47.226823;9.197686;CH;Europe/Zurich;Q70720;S;;uic;1825319428;Q15214446;;;8506299;Nesslau-Neu St. Johann
TN8506300;gare;St. Gallen Winkeln;St. Gallen Winkeln;St. Gallen Winkeln;8506300;;47.403886;9.300847;CH;Europe/Zurich;Q25607;EXT|IC|IR|RE|S|SN;;uic;1349359710;Q5847128;;;8506300;St. Gallen Winkeln
TN8506301;gare;St. Gallen Bruggen;St. Gallen Bruggen;St. Gallen Bruggen;8506301;;47.407247;9.329623;CH;Europe/Zurich;Q25607;IR|RE|S|SN;;uic;1349282462;Q5847125;;;8506301;St. Gallen Bruggen
TN8506302;gare;St. Gallen;St. Gallen;St. Gallen;8506302;;47.423255;9.369814;CH;Europe/Zurich;Q25607;EC|EXT|IC|IR|NJ|RE|RJX|S|SN;;uic;1346888802;Q117694;;;8506302;St. Gallen
TN8506303;gare;St. Gallen St. Fiden;St. Gallen St. Fiden;St. Gallen St. Fiden;8506303;;47.434488;9.393476;CH;Europe/Zurich;Q25607;RE|S|SN;;uic;2494757819;Q801453;;;8506303;St. Gallen St. Fiden
TN8506304;gare;Mörschwil;Mörschwil;Mörschwil;8506304;;47.474692;9.414463;CH;Europe/Zurich;Q66334;RE|S|SN;;uic;1349145827;Q15964195;;;8506304;Mörschwil
TN8506305;gare;Goldach;Goldach;Goldach;8506305;;47.473865;9.466852;CH;Europe/Zurich;Q66790;RE|S|SN;;uic;1349145783;Q15964149;;;8506305;Goldach
TN8506306;gare;Rorschach Hafen;Rorschach Hafen;Rorschach Hafen;8506306;;47.478574;9.493698;CH;Europe/Zurich;Q68250;S|SN;;uic;1349145903;Q15964243;;;8506306;Rorschach Hafen
TN8506307;gare;Horn;Horn;Horn;8506307;;47.493229;9.463385;CH;Europe/Zurich;Q66195;S|SN;;uic;1354654530;Q15964148;;;8506307;Horn
TN8506308;gare;Arbon;Arbon;Arbon;8506308;;47.510594;9.433444;CH;Europe/Zurich;Q64156;S|SN;;uic;1354779312;Q15964072;;;8506308;Arbon
TN8506309;gare;Egnach;Egnach;Egnach;8506309;;47.54397;9.382988;CH;Europe/Zurich;Q65029;S|SN;;uic;2510528837;Q15964123;;;8506309;Egnach
TN8506311;gare;Rorschach;Rorschach;Rorschach;8506311;;47.478056;9.505248;CH;Europe/Zurich;Q68250;IC|IR|RE|S|SN;;uic;1349145879;Q15639408;;;8506311;Rorschach
TN8506312;gare;Staad SG;Staad;Staad;8506312;;47.480566;9.534426;CH;Europe/Zurich;Q65543;S|SN;;uic;1170405678;Q15964265;;;8506312;Staad SG
TN8506313;gare;Rheineck;Rheineck;Rheineck;8506313;;47.46724;9.590697;CH;Europe/Zurich;Q69595;S|SN;;uic;1364650809;Q15639347;;;8506313;Rheineck
TN8506314;gare;St. Margrethen SG;St. Margrethen SG;St. Margrethen SG;8506314;;47.453147;9.63823;CH;Europe/Zurich;Q66243;EC|IR|NJ|RE|RJX|S|SN;;uic;4886725252;Q15639432;;XSSM;8506314;St. Margrethen SG
TN8506316;gare;Au SG;Au SG;Au SG;8506316;;47.436114;9.641293;CH;Europe/Zurich;Q66254;S|SN;;uic;1365243196;Q15964071;;;8506316;Au SG
TN8506317;gare;Heerbrugg;Heerbrugg;Heerbrugg;8506317;;47.410434;9.627221;CH;Europe/Zurich;Q66254;IR|RE|S|SN;;uic;1365382704;Q15964147;;;8506317;Heerbrugg
TN8506318;gare;Rebstein-Marbach;Rebstein-Marbach;Rebstein-Marbach;8506318;;47.39268;9.586706;CH;Europe/Zurich;Q17834;RE|S|SN;;uic;2031584146;Q15964222;;;8506318;Rebstein-Marbach
TN8506319;gare;Altstätten SG;Altstätten;Altstätten;8506319;;47.374227;9.55667;CH;Europe/Zurich;Q68281;IR|RE|S|SN;;uic;2031997035;Q15964070;;;8506319;Altstätten SG
TN8506322;gare;Rorschach Stadt;Rorschach Stadt;Rorschach Stadt;8506322;;47.475573;9.490126;CH;Europe/Zurich;Q68250;RE|S|SN;;uic;2496687343;Q15964244;;;8506322;Rorschach Stadt
TN8506350;gare;Walzenhausen;Walzenhausen;Walzenhausen;8506350;;47.451383;9.601313;CH;Europe/Zurich;Q64594;S;;uic;5352678325;;;;8506350;Walzenhausen
TN8506351;gare;Ruderbach;Ruderbach;Ruderbach;8506351;;47.461592;9.595157;CH;Europe/Zurich;Q66243;S;;uic;6786738144;Q33506597;;;8506351;Ruderbach
TN8506352;gare;Wartensee;Wartensee;Wartensee;8506352;;47.471671;9.533848;CH;Europe/Zurich;Q65543;S;;uic;2498640506;Q33506615;;;8506352;Wartensee
TN8506353;gare;Wienacht-Tobel;Wienacht-Tobel;Wienacht-Tobel;8506353;;47.466253;9.540727;CH;Europe/Zurich;Q67178;S;;uic;2498640507;Q33506632;;;8506353;Wienacht-Tobel
TN8506354;gare;Schwendi bei Heiden;Schwendi bei Heiden;Schwendi bei Heiden;8506354;;47.459507;9.530645;CH;Europe/Zurich;Q68315;S;;uic;2498640504;Q33506650;;;8506354;Schwendi bei Heiden
TN8506355;gare;Heiden;Heiden;Heiden;8506355;;47.446077;9.536574;CH;Europe/Zurich;Q68315;S;;uic;2498640502;Q33506670;;;8506355;Heiden
TN8506358;gare;Spisertor;Spisertor;Spisertor;8506358;;47.424828;9.37964;CH;Europe/Zurich;Q25607;S;;uic;2338313418;;;;8506358;St. Gallen Spisertor
TN8506359;gare;Schülerhaus;Schülerhaus;Schülerhaus;8506359;;47.424946;9.387324;CH;Europe/Zurich;Q25607;S;;uic;2338313410;Q33506687;;;8506359;St. Gallen Schülerhaus
TN8506361;gare;Notkersegg;Notkersegg;Notkersegg;8506361;;47.425234;9.40389;CH;Europe/Zurich;Q25607;S;;uic;1346975631;Q33506698;;;8506361;St. Gallen Notkersegg
TN8506362;gare;Schwarzer Bären;Schwarzer Bären;Schwarzer Bären;8506362;;47.422488;9.415439;CH;Europe/Zurich;Q25607;S;;uic;1346975650;Q33506717;;;8506362;Schwarzer Bären
TN8506364;gare;Vögelinsegg;Vögelinsegg;Vögelinsegg;8506364;;47.416043;9.436451;CH;Europe/Zurich;Q67148;S;;uic;1346975665;Q33506753;;;8506364;Vögelinsegg
TN8506365;gare;Schützengarten;Schützengarten;Schützengarten;8506365;;47.412727;9.438255;CH;Europe/Zurich;Q67148;S;;uic;7169758977;Q33506771;;;8506365;Schützengarten
TN8506366;gare;Speicher;Speicher;Speicher;8506366;;47.410948;9.442643;CH;Europe/Zurich;Q67148;S;;uic;60769200;Q33506780;;;8506366;Speicher
TN8506367;gare;Bendlehn;Bendlehn;Bendlehn;8506367;;47.406935;9.450662;CH;Europe/Zurich;Q67148;S;;uic;605081667;Q33506789;;;8506367;Bendlehn
TN8506368;gare;Gfeld;Gfeld;Gfeld;8506368;;47.40505;9.455763;CH;Europe/Zurich;Q68189;S;;uic;7169758978;Q33506799;;;8506368;Gfeld
TN8506369;gare;Trogen;Trogen;Trogen;8506369;;47.407271;9.461503;CH;Europe/Zurich;Q68189;S;;uic;7169758979;Q33506809;;;8506369;Trogen
TN8506371;gare;Riethüsli;Riethüsli;Riethüsli;8506371;;47.411414;9.367232;CH;Europe/Zurich;Q25607;S;;uic;310826343;Q33506827;;;8506371;St. Gallen Riethüsli
TN8506372;gare;Lustmühle;Lustmühle;Lustmühle;8506372;;47.400258;9.359188;CH;Europe/Zurich;Q67209;S;;uic;1347073388;Q33506837;;;8506372;Lustmühle
TN8506373;gare;Niederteufen;Niederteufen;Niederteufen;8506373;;47.392178;9.367542;CH;Europe/Zurich;Q67209;S;;uic;1347073433;Q33506846;;;8506373;Niederteufen
TN8506374;gare;Sternen bei Teufen;Sternen bei Teufen;Sternen bei Teufen;8506374;;47.389385;9.375084;CH;Europe/Zurich;Q67209;S;;uic;7169758975;Q33506855;;;8506374;Sternen bei Teufen
TN8506375;gare;Teufen AR;Teufen AR;Teufen AR;8506375;;47.390197;9.390322;CH;Europe/Zurich;Q67209;S;;uic;2039027792;Q33506866;;;8506375;Teufen AR
TN8506376;gare;Steigbach;Steigbach;Steigbach;8506376;;47.376956;9.404864;CH;Europe/Zurich;Q67197;S;;uic;2038584248;Q33506879;;;8506376;Steigbach
TN8506377;gare;Bühler;Bühler;Bühler;8506377;;47.372905;9.420953;CH;Europe/Zurich;Q67197;S;;uic;2038567622;Q33506891;;;8506377;Bühler
TN8506378;gare;Gais;Gais;Gais;8506378;;47.360948;9.451111;CH;Europe/Zurich;Q67171;IC|S;;uic;2036444760;Q33506900;;;8506378;Gais
TN8506379;gare;Altstätten Stadt;Altstätten Stadt;Altstätten Stadt;8506379;;47.376857;9.537565;CH;Europe/Zurich;Q68281;IC|S;;uic;2035405343;Q33506910;;;8506379;Altstätten Stadt
TN8506380;gare;Hirschberg;Hirschberg;Hirschberg;8506380;;47.331396;9.422892;CH;Europe/Zurich;Q107342348;S;;uic;7371045479;Q33506921;;;8506380;Hirschberg
TN8506381;gare;Sammelplatz;Sammelplatz;Sammelplatz;8506381;;47.348288;9.432487;CH;Europe/Zurich;Q67125;S;;uic;2039979031;Q33506933;;;8506381;Sammelplatz
TN8506382;gare;Zweibrücken;Zweibrücken;Zweibrücken;8506382;;47.360094;9.444568;CH;Europe/Zurich;Q67171;S;;uic;7371045481;Q33506942;;;8506382;Zweibrücken
TN8506383;gare;Hebrig;Hebrig;Hebrig;8506383;;47.362087;9.464961;CH;Europe/Zurich;Q67171;IC|S;;uic;7370690898;Q33506951;;;8506383;Hebrig
TN8506384;gare;Schachen (Gais);Schachen;Schachen;8506384;;47.36153;9.477326;CH;Europe/Zurich;Q67171;IC|S;;uic;7370690897;Q33506962;;;8506384;Schachen (Gais)
TN8506385;gare;Rietli;Rietli;Rietli;8506385;;47.360696;9.48721;CH;Europe/Zurich;Q67171;IC|S;;uic;2036318726;Q33506972;;;8506385;Rietli
TN8506386;gare;Stoss AR;Stoss;Stoss;8506386;;47.360787;9.495099;CH;Europe/Zurich;Q67171;IC|S;;uic;7370690896;Q33506982;;;8506386;Stoss AR
TN8506387;gare;Kreuzstrasse;Kreuzstrasse;Kreuzstrasse;8506387;;47.365647;9.505253;CH;Europe/Zurich;Q68281;IC|S;;uic;7370690895;Q33506993;;;8506387;Kreuzstrasse
TN8506388;gare;Warmesberg;Warmesberg;Warmesberg;8506388;;47.365336;9.513154;CH;Europe/Zurich;Q68281;IC|S;;uic;7370690894;Q33507002;;;8506388;Warmesberg
TN8506389;gare;Alter Zoll;Alter Zoll;Alter Zoll;8506389;;47.368511;9.521835;CH;Europe/Zurich;Q68281;IC|S;;uic;2036280057;Q33507013;;;8506389;Alter Zoll
TN8506392;gare;St. Gallen Haggen;St. Gallen Haggen;St. Gallen Haggen;8506392;;47.407707;9.338174;CH;Europe/Zurich;Q25607;IR|RE|S;;uic;1349112911;Q15964245;;;8506392;St. Gallen Haggen
TN8506393;gare;Wittenbach;Wittenbach;Wittenbach;8506393;;47.462842;9.388466;CH;Europe/Zurich;Q66056;S|SN;;uic;1354868350;Q15964309;;;8506393;Wittenbach
TN8506394;gare;Roggwil-Berg;Roggwil-Berg;Roggwil-Berg;8506394;;47.485607;9.392077;CH;Europe/Zurich;Q65577;S|SN;;uic;1354868348;Q33507037;;;8506394;Roggwil-Berg
TN8506395;gare;Häggenschwil-Winden;Häggenschwil-Winden;Häggenschwil-Winden;8506395;;47.503865;9.35861;CH;Europe/Zurich;Q65029;S|SN;;uic;25522992;Q33507046;;;8506395;Häggenschwil-Winden
TN8506396;gare;Muolen;Muolen;Muolen;8506396;;47.517634;9.337024;CH;Europe/Zurich;Q67044;S|SN;;uic;984751856;Q33507054;;;8506396;Muolen
TN8506397;gare;Steinebrunn;Steinebrunn;Steinebrunn;8506397;;47.531581;9.349891;CH;Europe/Zurich;Q65029;S|SN;;uic;984751870;Q33507064;;;8506397;Steinebrunn
TN8506398;gare;Neukirch-Egnach;Neukirch-Egnach;Neukirch-Egnach;8506398;;47.538777;9.375796;CH;Europe/Zurich;Q65029;S|SN;;uic;5352729692;Q33507079;;;8506398;Neukirch-Egnach
TN8506400;gare;Sandbüchel;Sandbüchel;Sandbüchel;8506400;;47.475358;9.521706;CH;Europe/Zurich;Q66269;S;;uic;2498640503;Q33507091;;;8506400;Sandbüchel
TN8506470;gare;Teufen AR Stofel;Stofel;Stofel;8506470;;47.390996;9.379976;CH;Europe/Zurich;Q67209;S;;uic;7169758974;Q33507107;;;8506470;Teufen AR Stofel
TN8507000;gare;Bern;Bern;Bern;8507000;;46.948909;7.439955;CH;Europe/Zurich;Q70;EC|EXT|IC|ICE|IR|RE|S;;uic;3081154349;Q28870;;XSBE;8507000;Bern
TN8507002;gare;Ostermundigen;Ostermundigen;Ostermundigen;8507002;;46.956776;7.481438;CH;Europe/Zurich;Q69682;EXT|IC|ICE|RE|S;;uic;3081154418;Q31454228;;;8507002;Ostermundigen
TN8507003;gare;Gümligen;Gümligen;Gümligen;8507003;;46.934357;7.505533;CH;Europe/Zurich;Q69765;EXT|IC|RE|S;;uic;3081154381;Q31454242;;;8507003;Gümligen
TN8507005;gare;Rubigen;Rubigen;Rubigen;8507005;;46.899198;7.545318;CH;Europe/Zurich;Q67821;EXT|S;;uic;3081154426;Q31454278;;;8507005;Rubigen
TN8507006;gare;Münsingen;Münsingen;Münsingen;8507006;;46.873562;7.559474;CH;Europe/Zurich;Q69783;EXT|IC|RE|S;;uic;3081154413;Q31454313;;;8507006;Münsingen
TN8507007;gare;Wichtrach;Wichtrach;Wichtrach;8507007;;46.841629;7.568914;CH;Europe/Zurich;Q65945;EXT|S;;uic;3081154454;Q31454354;;;8507007;Wichtrach
TN8507008;gare;Kiesen;Kiesen;Kiesen;8507008;;46.819304;7.575456;CH;Europe/Zurich;Q66381;EXT|S;;uic;1829415808;;;;8507008;Kiesen
TN8507009;gare;Uttigen;Uttigen;Uttigen;8507009;;46.794289;7.582568;CH;Europe/Zurich;Q66120;EXT|S;;uic;3081154450;Q31454434;;;8507009;Uttigen
TN8507063;gare;Worb Dorf;Worb Dorf;Worb Dorf;8507063;;46.929951;7.562705;CH;Europe/Zurich;Q69732;S;;uic;688686496;Q33507172;;;8507063;Worb Dorf
TN8507064;gare;Vechigen;Vechigen;Vechigen;8507064;;46.94655;7.556446;CH;Europe/Zurich;Q66852;S;;uic;8376141918;Q33507181;;;8507064;Vechigen
TN8507065;gare;Boll-Utzigen;Boll-Utzigen;Boll-Utzigen;8507065;;46.953101;7.547391;CH;Europe/Zurich;Q66852;S;;nom;2620062615;Q33507190;;;8507065;Boll-Utzigen
TN8507066;gare;Stettlen;Stettlen;Stettlen;8507066;;46.956857;7.523946;CH;Europe/Zurich;Q70052;S;;nom;3809691479;Q33507203;;;8507066;Stettlen
TN8507067;gare;Deisswil;Deisswil;Deisswil;8507067;;46.957918;7.513593;CH;Europe/Zurich;Q70052;S;;uic;3809691478;;;;8507067;Deisswil
TN8507068;gare;Bolligen;Bolligen;Bolligen;8507068;;46.97007;7.496906;CH;Europe/Zurich;Q69160;S;;uic;2620076962;Q33507229;;;8507068;Bolligen
TN8507069;gare;Ittigen bei Bern;Ittigen;Ittigen;8507069;;46.973387;7.483894;CH;Europe/Zurich;Q69690;S;;nom;3808299602;Q33507245;;;8507069;Ittigen bei Bern
TN8507070;gare;Uetendorf;Uetendorf;Uetendorf;8507070;;46.774911;7.572705;CH;Europe/Zurich;Q66114;S;;uic;3081154449;Q33507262;;;8507070;Uetendorf
TN8507071;gare;Seftigen;Seftigen;Seftigen;8507071;;46.786886;7.540322;CH;Europe/Zurich;Q69240;S;;uic;3081154434;Q33507275;;;8507071;Seftigen
TN8507072;gare;Burgistein;Burgistein;Burgistein;8507072;;46.789484;7.520988;CH;Europe/Zurich;Q66393;S;;uic;3081154353;Q33507294;;;8507072;Burgistein
TN8507073;gare;Thurnen;Thurnen;Thurnen;8507073;;46.813521;7.513859;CH;Europe/Zurich;Q67869174;S;;uic;3081154443;Q33507310;;;8507073;Thurnen
TN8507074;gare;Kaufdorf;Kaufdorf;Kaufdorf;8507074;;46.838041;7.501666;CH;Europe/Zurich;Q66655;S;;uic;2014914353;;;;8507074;Kaufdorf
TN8507075;gare;Toffen;Toffen;Toffen;8507075;;46.858639;7.495991;CH;Europe/Zurich;Q66692;S;;uic;3081154445;Q15964294;;;8507075;Toffen
TN8507076;gare;Belp;Belp;Belp;8507076;;46.888877;7.498745;CH;Europe/Zurich;Q69678;EXT|S;;uic;3081154347;Q15964076;;;8507076;Belp
TN8507077;gare;Kehrsatz;Kehrsatz;Kehrsatz;8507077;;46.90886;7.471978;CH;Europe/Zurich;Q68274;S;;uic;3081154387;Q33507357;;;8507077;Kehrsatz
TN8507078;gare;Wabern bei Bern;Wabern;Wabern;8507078;;46.928685;7.44595;CH;Europe/Zurich;Q64058;EXT|S;;uic;3081154452;Q33507372;;;8507078;Wabern bei Bern
TN8507079;gare;Bern Weissenbühl;Bern Weissenbühl;Bern Weissenbühl;8507079;;46.93579;7.430045;CH;Europe/Zurich;Q70;EXT|S;;uic;3081154348;Q33507383;;;8507079;Bern Weissenbühl
TN8507083;gare;Köniz;Köniz;Köniz;8507083;;46.924676;7.415149;CH;Europe/Zurich;Q64058;S;;uic;3081154390;Q33507421;;;8507083;Köniz
TN8507084;gare;Moos;Moos;Moos;8507084;;46.910258;7.4011;CH;Europe/Zurich;Q64058;S;;uic;2022943248;Q33507437;;;8507084;Moos
TN8507085;gare;Gasel;Gasel;Gasel;8507085;;46.901011;7.4008;CH;Europe/Zurich;Q64058;S;;uic;2022954220;Q33507448;;;8507085;Gasel
TN8507086;gare;Niederscherli;Niederscherli;Niederscherli;8507086;;46.886476;7.388382;CH;Europe/Zurich;Q64058;S;;uic;3081154416;Q33507465;;;8507086;Niederscherli
TN8507087;gare;Mittelhäusern;Mittelhäusern;Mittelhäusern;8507087;;46.876387;7.36796;CH;Europe/Zurich;Q64058;S;;uic;2023106356;Q33507480;;;8507087;Mittelhäusern
TN8507088;gare;Lanzenhäusern;Lanzenhäusern;Lanzenhäusern;8507088;;46.842052;7.3473;CH;Europe/Zurich;Q70708;S;;uic;3081154395;Q33507491;;;8507088;Lanzenhäusern
TN8507089;gare;Schwarzenburg;Schwarzenburg;Schwarzenburg;8507089;;46.818973;7.342673;CH;Europe/Zurich;Q70708;S;;uic;3081154431;Q33507507;;;8507089;Schwarzenburg
TN8507091;gare;Liebefeld;Liebefeld;Liebefeld;8507091;;46.930403;7.419168;CH;Europe/Zurich;Q64058;S;;uic;2022960561;Q33507525;;;8507091;Liebefeld
TN8507092;gare;Belp Steinbach;Belp Steinbach;Belp Steinbach;8507092;;46.895235;7.493052;CH;Europe/Zurich;Q69678;S;;uic;2014866998;Q33507542;;;8507092;Belp Steinbach
TN8507093;gare;Kehrsatz Nord;Kehrsatz Nord;Kehrsatz Nord;8507093;;46.915429;7.466347;CH;Europe/Zurich;Q68274;S;;uic;158849968;Q33507556;;;8507093;Kehrsatz Nord
TN8507094;gare;Uetendorf Allmend;Uetendorf Allmend;Uetendorf Allmend;8507094;;46.773068;7.594059;CH;Europe/Zurich;Q66114;S;;uic;6213045104;Q33507569;;;8507094;Uetendorf Allmend
TN8507095;gare;Schwarzwasserbrücke;Schwarzwasserbrücke;Schwarzwasserbrücke;8507095;;46.862964;7.362184;CH;Europe/Zurich;Q70708;S;;uic;2023106362;;;;8507095;Schwarzwasserbrücke
TN8507096;gare;Papiermühle;Papiermühle;Papiermühle;8507096;;46.974363;7.476381;CH;Europe/Zurich;Q69690;S;;nom;2055907448;Q33507596;;;8507096;Papiermühle
TN8507100;gare;Thun;Thun;Thun;8507100;;46.754945;7.629617;CH;Europe/Zurich;Q68978;EC|EXT|IC|ICE|RE|S;;uic;3081154442;Q801516;;;8507100;Thun
TN8507270;gare;Gruben;Gruben;Gruben;8507270;;46.490289;7.280321;CH;Europe/Zurich;Q66629;PE|R;;uic;6314760040;Q33507614;;;8507270;Gruben
TN8507271;gare;Schönried;Schönried;Schönried;8507271;;46.504388;7.290889;CH;Europe/Zurich;Q66629;PE|R;;uic;187228398;Q33507623;;;8507271;Schönried
TN8507272;gare;Saanenmöser;Saanenmöser;Saanenmöser;8507272;;46.517407;7.311448;CH;Europe/Zurich;Q66629;PE|R;;uic;3877902839;Q33507635;;;8507272;Saanenmöser
TN8507273;gare;Oeschseite;Oeschseite;Oeschseite;8507273;;46.53108;7.351772;CH;Europe/Zurich;Q69417;PE|R;;uic;6136596724;Q33507645;;;8507273;Oeschseite
TN8507274;gare;Blankenburg;Blankenburg;Blankenburg;8507274;;46.541321;7.385312;CH;Europe/Zurich;Q69417;R;;uic;2663516100;Q33507653;;;8507274;Blankenburg
TN8507275;gare;Stöckli;Stöckli;Stöckli;8507275;;46.516691;7.388673;CH;Europe/Zurich;Q66798;R;;uic;2662923136;Q33507664;;;8507275;Stöckli
TN8507276;gare;St. Stephan;St. Stephan;St. Stephan;8507276;;46.505379;7.400691;CH;Europe/Zurich;Q66798;R;;uic;2662927320;Q33507673;;;8507276;St. Stephan
TN8507277;gare;Matten;Matten;Matten;8507277;;46.49385;7.421554;CH;Europe/Zurich;Q66798;R;;uic;555006353;Q33507683;;;8507277;Matten i.S.
TN8507278;gare;Boden;Boden;Boden;8507278;;46.470605;7.43552;CH;Europe/Zurich;Q65152;R;;uic;983835278;Q33507693;;;8507278;Boden
TN8507279;gare;Lenk im Simmental;Lenk im Simmental;Lenk im Simmental;8507279;;46.457969;7.443735;CH;Europe/Zurich;Q65152;R;;uic;8131826725;Q33507697;;;8507279;Lenk im Simmental
TN8507281;gare;Grubenwald;Grubenwald;Grubenwald;8507281;;46.579813;7.382983;CH;Europe/Zurich;Q69417;R;;uic;2112820736;Q33507703;;;8507281;Grubenwald
TN8507284;gare;Enge im Simmental;Enge;Enge;8507284;;46.647533;7.417664;CH;Europe/Zurich;Q66778;R;;uic;3074926247;Q33507707;;;8507284;Enge im Simmental
TN8507286;gare;Ringoldingen;Ringoldingen;Ringoldingen;8507286;;46.657564;7.524549;CH;Europe/Zurich;Q66132;R;;uic;2116757796;Q33507717;;;8507286;Ringoldingen
TN8507287;gare;Burgholz;Burgholz;Burgholz;8507287;;46.665754;7.603071;CH;Europe/Zurich;Q65957;R;;nom;8176304043;;;;8507287;Burgholz
TN8507288;gare;Eifeld;Eifeld;Eifeld;8507288;;46.683864;7.642286;CH;Europe/Zurich;Q65949;R;;uic;2140608102;Q33507739;;;8507288;Eifeld
TN8507290;gare;Zweisimmen;Zweisimmen;Zweisimmen;8507290;;46.553485;7.37475;CH;Europe/Zurich;Q69417;EXT|PE|R|RE;;uic;2752093541;Q15964311;;;8507290;Zweisimmen
TN8507291;gare;Weissenbach;Weissenbach;Weissenbach;8507291;;46.603502;7.374266;CH;Europe/Zurich;Q65939;R;;uic;3080728391;Q33507757;;;8507291;Weissenbach
TN8507292;gare;Boltigen;Boltigen;Boltigen;8507292;;46.627416;7.39009;CH;Europe/Zurich;Q65939;EXT|PE|R|RE;;uic;3080728370;Q33507765;;;8507292;Boltigen
TN8507293;gare;Oberwil im Simmental;Oberwil;Oberwil;8507293;;46.656154;7.435435;CH;Europe/Zurich;Q66778;R|RE;;uic;3080728386;Q33507775;;;8507293;Oberwil im Simmental
TN8507294;gare;Weissenburg;Weissenburg;Weissenburg;8507294;;46.659265;7.475933;CH;Europe/Zurich;Q65721;R;;uic;3080728392;Q33507785;;;8507294;Weissenburg
TN8507295;gare;Därstetten;Därstetten;Därstetten;8507295;;46.658713;7.495484;CH;Europe/Zurich;Q65721;EXT|R;;uic;3080728375;Q33507795;;;8507295;Därstetten
TN8507296;gare;Erlenbach im Simmental;Erlenbach;Erlenbach;8507296;;46.659129;7.555211;CH;Europe/Zurich;Q66132;EXT|PE|R|RE;;uic;3080728376;Q33507807;;;8507296;Erlenbach im Simmental
TN8507297;gare;Oey-Diemtigen;Oey-Diemtigen;Oey-Diemtigen;8507297;;46.659943;7.579186;CH;Europe/Zurich;Q65957;EXT|PE|R|RE;;uic;3080728387;Q33507823;;;8507297;Oey-Diemtigen
TN8507298;gare;Wimmis;Wimmis;Wimmis;8507298;;46.675714;7.635722;CH;Europe/Zurich;Q65949;EXT|PE|R|RE;;uic;2140550810;Q33507839;;;8507298;Wimmis
TN8507299;gare;Lattigen bei Spiez;Lattigen;Lattigen;8507299;;46.69114;7.65024;CH;Europe/Zurich;Q69484;R;;uic;2140608108;Q33507853;;;8507299;Lattigen bei Spiez
TN8507361;gare;Eigergletscher;Eigergletscher;Eigergletscher;8507361;;46.574801;7.974864;CH;Europe/Zurich;Q64011;CC;;uic;4313036324;Q800710;;;8507361;Eigergletscher
TN8507364;gare;Jungfraujoch;Jungfraujoch;Jungfraujoch;8507364;;46.547496;7.982709;CH;Europe/Zurich;Q70716;CC;;uic;4313036325;Q3695590;;;8507364;Jungfraujoch
TN8507372;gare;Wengen;Wengen;Wengen;8507372;;46.605008;7.920865;CH;Europe/Zurich;Q64011;CC;;uic;12070060833;Q5636610;;;8507372;Wengen
TN8507373;gare;Wengernalp;Wengernalp;Wengernalp;8507373;;46.575677;7.939032;CH;Europe/Zurich;Q64011;CC;;uic;4161784980;Q7982859;;;8507373;Wengernalp
TN8507374;gare;Kleine Scheidegg;Kleine Scheidegg;Kleine Scheidegg;8507374;;46.585099;7.960897;CH;Europe/Zurich;Q64011;CC;;uic;3668308747;Q869540;;;8507374;Kleine Scheidegg
TN8507375;gare;Alpiglen;Alpiglen;Alpiglen;8507375;;46.60007;8.001952;CH;Europe/Zurich;Q64004;CC;;uic;3816971171;Q4735442;;;8507375;Alpiglen
TN8507376;gare;Grindelwald Grund;Grindelwald Grund;Grindelwald Grund;8507376;;46.622502;8.023627;CH;Europe/Zurich;Q64004;CC;;uic;6037884615;Q5609422;;;8507376;Grindelwald Grund
TN8507380;gare;Grindelwald;Grindelwald;Grindelwald;8507380;;46.624532;8.032543;CH;Europe/Zurich;Q64004;CC|R;;uic;6037884614;Q5609422;;;8507380;Grindelwald
TN8507381;gare;Schwendi bei Grindelwald;Schwendi;Schwendi;8507381;;46.630003;8.003638;CH;Europe/Zurich;Q64004;R;;uic;6037884613;Q7433271;;;8507381;Schwendi bei Grindelwald
TN8507382;gare;Burglauenen;Burglauenen;Burglauenen;8507382;;46.635837;7.975502;CH;Europe/Zurich;Q64004;R;;uic;4611497644;Q4998659;;;8507382;Burglauenen
TN8507383;gare;Lütschental;Lütschental;Lütschental;8507383;;46.637093;7.948965;CH;Europe/Zurich;Q66017;R;;uic;4611497645;Q6711578;;;8507383;Lütschental
TN8507384;gare;Lauterbrunnen;Lauterbrunnen;Lauterbrunnen;8507384;;46.598362;7.908036;CH;Europe/Zurich;Q64011;CC|R;;uic;6037884620;Q1278888;;;8507384;Lauterbrunnen
TN8507386;gare;Breitlauenen;Breitlauenen;Breitlauenen;8507386;;46.659769;7.895499;CH;Europe/Zurich;Q65738;CC;;uic;3790241420;Q4960452;;;8507386;Breitlauenen
TN8507387;gare;Schynige Platte;Schynige Platte;Schynige Platte;8507387;;46.652261;7.911173;CH;Europe/Zurich;Q65560;CC;;uic;6037884622;Q617181;;;8507387;Schynige Platte
TN8507388;gare;Wilderswil;Wilderswil;Wilderswil;8507388;;46.665624;7.869277;CH;Europe/Zurich;Q69256;CC|R;;uic;13474047137;Q8001195;;;8507388;Wilderswil
TN8507389;gare;Zweilütschinen;Zweilütschinen;Zweilütschinen;8507389;;46.632567;7.899826;CH;Europe/Zurich;Q65560;R;;uic;6037884621;Q8075650;;;8507389;Zweilütschinen
TN8507470;gare;Lalden;Lalden;Lalden;8507470;;46.301193;7.909542;CH;Europe/Zurich;Q70169;EXT|RE;;nom;12592521074;;;;8507470;Lalden
TN8507471;gare;Eggerberg;Eggerberg;Eggerberg;8507471;;46.306041;7.881961;CH;Europe/Zurich;Q67486;EXT|RE;;uic;4485700468;Q15216169;;;8507471;Eggerberg
TN8507472;gare;Ausserberg;Ausserberg;Ausserberg;8507472;;46.312242;7.844125;CH;Europe/Zurich;Q68022;EXT|RE;;uic;3080728369;Q15194031;;;8507472;Ausserberg
TN8507473;gare;Hohtenn;Hohtenn;Hohtenn;8507473;;46.322415;7.764086;CH;Europe/Zurich;Q70624;RE;;uic;3080728381;Q15224429;;;8507473;Hohtenn
TN8507474;gare;Goppenstein;Goppenstein;Goppenstein;8507474;;46.367745;7.754844;CH;Europe/Zurich;Q68033;EXT|IC|RE;;uic;3080728379;Q15072301;;;8507474;Goppenstein
TN8507475;gare;Kandersteg;Kandersteg;Kandersteg;8507475;;46.49556;7.671507;CH;Europe/Zurich;Q66218;EXT|IC|RE;;uic;3080728382;Q15233436;;;8507475;Kandersteg
TN8507478;gare;Frutigen;Frutigen;Frutigen;8507478;;46.588931;7.651295;CH;Europe/Zurich;Q66208;EXT|IC|R|RE;;uic;3080728378;Q5643489;;;8507478;Frutigen
TN8507480;gare;Reichenbach im Kandertal;Reichenbach;Reichenbach;8507480;;46.625144;7.689868;CH;Europe/Zurich;Q66378;EXT|R|RE;;uic;3080728388;Q15272265;;;8507480;Reichenbach im Kandertal
TN8507481;gare;Mülenen;Mülenen;Mülenen;8507481;;46.638031;7.691262;CH;Europe/Zurich;Q66378;EXT|R|RE;;uic;3080728385;Q15260581;;;8507481;Mülenen
TN8507483;gare;Spiez;Spiez;Spiez;8507483;;46.686585;7.680035;CH;Europe/Zurich;Q69484;EC|EXT|IC|ICE|PE|R|RE;;uic;3080728389;Q1709253;;;8507483;Spiez
TN8507492;gare;Interlaken Ost;Interlaken Ost;Interlaken Ost;8507492;;46.690448;7.868996;CH;Europe/Zurich;Q68103;EXT|IC|ICE|IR|PE|R|RE;;uic;3114762827;Q672006;;;8507492;Interlaken Ost
TN8507493;gare;Interlaken West;Interlaken West;Interlaken West;8507493;;46.682791;7.851602;CH;Europe/Zurich;Q68103;EXT|IC|ICE|PE|RE;;uic;3080372092;Q663794;;;8507493;Interlaken West
TN8507550;gare;Allmend;Allmend;Allmend;8507550;;46.594347;7.932255;CH;Europe/Zurich;Q64011;CC;;uic;5292629070;Q4732953;;;8507550;Allmend
TN8507552;gare;Brandegg;Brandegg;Brandegg;8507552;;46.6089;8.011215;CH;Europe/Zurich;Q64004;CC;;uic;4377500956;Q4956623;;;8507552;Brandegg
TN8507555;gare;Wengwald;Wengwald;Wengwald;8507555;;46.609142;7.913596;CH;Europe/Zurich;Q64011;CC;;uic;4161782530;Q7982862;;;8507555;Wengwald
TN8508001;gare;Schönbühl SBB;Schönbühl SBB;Schönbühl SBB;8508001;;47.018903;7.498755;CH;Europe/Zurich;Q67282;EXT|S;;uic;3081154432;Q31454456;;;8508001;Schönbühl SBB
TN8508003;gare;Hindelbank;Hindelbank;Hindelbank;8508003;;47.049743;7.545957;CH;Europe/Zurich;Q67564;EXT|S;;uic;3835307276;Q31454471;;;8508003;Hindelbank
TN8508004;gare;Lyssach;Lyssach;Lyssach;8508004;;47.0638;7.58123;CH;Europe/Zurich;Q67593;EXT|S;;uic;3091234665;;;;8508004;Lyssach
TN8508005;gare;Burgdorf;Burgdorf;Burgdorf;8508005;;47.060645;7.621657;CH;Europe/Zurich;Q68311;EXT|IR|S;;uic;2887957046;Q5845864;;;8508005;Burgdorf
TN8508006;gare;Wynigen;Wynigen;Wynigen;8508006;;47.105048;7.66341;CH;Europe/Zurich;Q67439;EXT|IR;;uic;3081128641;Q5847534;;;8508006;Wynigen
TN8508008;gare;Herzogenbuchsee;Herzogenbuchsee;Herzogenbuchsee;8508008;;47.188077;7.701083;CH;Europe/Zurich;Q67499;EXT|IR;;uic;3081128600;Q5846371;;;8508008;Herzogenbuchsee
TN8508051;gare;Bern Felsenau;Bern Felsenau;Bern Felsenau;8508051;;46.968709;7.444305;CH;Europe/Zurich;Q70;S;;uic;3809847197;Q33508961;;;8508051;Bern Felsenau
TN8508052;gare;Bern Tiefenau;Bern Tiefenau;Bern Tiefenau;8508052;;46.972586;7.449874;CH;Europe/Zurich;Q70;S;;uic;3809847201;Q33508970;;;8508052;Bern Tiefenau
TN8508053;gare;Steinibach;Steinibach;Steinibach;8508053;;46.984422;7.457393;CH;Europe/Zurich;Q69675;S;;uic;3809847198;Q33508979;;;8508053;Steinibach
TN8508054;gare;Worblaufen;Worblaufen;Worblaufen;8508054;;46.979261;7.457817;CH;Europe/Zurich;Q69690;RE|S;;uic;3081154456;Q33508989;;;8508054;Worblaufen
TN8508055;gare;Unterzollikofen;Unterzollikofen;Unterzollikofen;8508055;;46.99184;7.457023;CH;Europe/Zurich;Q69675;S;;uic;3809847202;Q33509000;;;8508055;Unterzollikofen
TN8508056;gare;Moosseedorf;Moosseedorf;Moosseedorf;8508056;;47.015719;7.484046;CH;Europe/Zurich;Q67552;S;;uic;3809746731;Q33509008;;;8508056;Moosseedorf
TN8508057;gare;Schönbühl RBS;Schönbühl RBS;Schönbühl RBS;8508057;;47.020242;7.497724;CH;Europe/Zurich;Q67282;S;;uic;983969271;Q33509018;;;8508057;Schönbühl RBS
TN8508058;gare;Urtenen;Urtenen;Urtenen;8508058;;47.028921;7.500772;CH;Europe/Zurich;Q67282;S;;uic;3304941061;Q33509028;;;8508058;Urtenen
TN8508059;gare;Jegenstorf;Jegenstorf;Jegenstorf;8508059;;47.047763;7.507746;CH;Europe/Zurich;Q10341;RE|S;;uic;3081154384;Q33509038;;;8508059;Jegenstorf
TN8508060;gare;Grafenried;Grafenried;Grafenried;8508060;;47.080141;7.511437;CH;Europe/Zurich;Q10317;RE|S;;uic;3081154385;Q33509049;;;8508060;Grafenried
TN8508061;gare;Fraubrunnen;Fraubrunnen;Fraubrunnen;8508061;;47.086564;7.52242;CH;Europe/Zurich;Q10317;RE|S;;uic;3809746730;Q33509064;;;8508061;Fraubrunnen
TN8508062;gare;Büren zum Hof;Büren zum Hof;Büren zum Hof;8508062;;47.095904;7.518672;CH;Europe/Zurich;Q10317;RE|S;;uic;3081154358;Q33509075;;;8508062;Büren zum Hof
TN8508063;gare;Schalunen;Schalunen;Schalunen;8508063;;47.110044;7.524176;CH;Europe/Zurich;Q10317;RE|S;;uic;3809746733;;;;8508063;Schalunen
TN8508064;gare;Bätterkinden;Bätterkinden;Bätterkinden;8508064;;47.129904;7.534465;CH;Europe/Zurich;Q67596;RE|S;;uic;3081128591;Q33509114;;;8508064;Bätterkinden
TN8508066;gare;Lohn-Lüterkofen;Lohn-Lüterkofen;Lohn-Lüterkofen;8508066;;47.163007;7.526719;CH;Europe/Zurich;Q67006;RE|S;;uic;3081128611;Q33509126;;;8508066;Lohn-Lüterkofen
TN8508068;gare;Biberist RBS;Biberist;Biberist;8508068;;47.183872;7.555891;CH;Europe/Zurich;Q66723;RE|S;;uic;2472416440;Q33509137;;;8508068;Biberist RBS
TN8508070;gare;Oberzollikofen;Oberzollikofen;Oberzollikofen;8508070;;46.997019;7.461698;CH;Europe/Zurich;Q69675;RE|S;;uic;3809746732;Q33509147;;;8508070;Oberzollikofen
TN8508071;gare;Schönbühl Shoppyland;Shoppyland;Shoppyland;8508071;;47.018662;7.493936;CH;Europe/Zurich;Q67552;S;;uic;6953226434;Q33509157;;;8508071;Schönbühl Shoppyland
TN8508080;gare;Oberburg;Oberburg;Oberburg;8508080;;47.039803;7.629144;CH;Europe/Zurich;Q68311;EXT|S;;uic;3081128622;Q33509168;;;8508080;Oberburg
TN8508081;gare;Burgdorf Steinhof;Steinhof;Steinhof;8508081;;47.051541;7.619129;CH;Europe/Zurich;Q68311;EXT|S;;uic;2887957047;Q33509180;;;8508081;Burgdorf Steinhof
TN8508083;gare;Burgdorf Buchmatt;Buchmatt;Buchmatt;8508083;;47.065437;7.608238;CH;Europe/Zurich;Q68311;S;;uic;315935032;Q33509192;;;8508083;Burgdorf Buchmatt
TN8508084;gare;Kirchberg-Alchenflüh;Kirchberg-Alchenflüh;Kirchberg-Alchenflüh;8508084;;47.083116;7.580833;CH;Europe/Zurich;Q67556;S;;uic;3081128604;Q33509202;;;8508084;Kirchberg-Alchenflüh
TN8508085;gare;Aefligen;Aefligen;Aefligen;8508085;;47.095481;7.559335;CH;Europe/Zurich;Q68376;S;;uic;3081128587;Q15964077;;;8508085;Aefligen
TN8508086;gare;Utzenstorf;Utzenstorf;Utzenstorf;8508086;;47.129567;7.553733;CH;Europe/Zurich;Q67778;S;;uic;8131420240;Q15964296;;;8508086;Utzenstorf
TN8508087;gare;Wiler;Wiler;Wiler;8508087;;47.152387;7.556064;CH;Europe/Zurich;Q67396;S;;uic;3081128638;Q15964295;;;8508087;Wiler
TN8508088;gare;Gerlafingen;Gerlafingen;Gerlafingen;8508088;;47.170515;7.565359;CH;Europe/Zurich;Q65629;S;;uic;3081128597;Q33509247;;;8508088;Gerlafingen
TN8508089;gare;Biberist Ost;Biberist Ost;Biberist Ost;8508089;;47.180659;7.56614;CH;Europe/Zurich;Q66723;S;;uic;3081128590;Q33509259;;;8508089;Biberist Ost
TN8508100;gare;Langenthal;Langenthal;Langenthal;8508100;;47.217292;7.784863;CH;Europe/Zurich;Q69726;EXT|IR|S;;uic;3081128607;Q5846546;;;8508100;Langenthal
TN8508101;gare;Roggwil-Wynau;Roggwil-Wynau;Roggwil-Wynau;8508101;;47.251738;7.814747;CH;Europe/Zurich;Q68015;EXT|S;;uic;3092099794;Q15964248;;;8508101;Roggwil-Wynau
TN8508102;gare;Murgenthal;Murgenthal;Murgenthal;8508102;;47.265486;7.832201;CH;Europe/Zurich;Q64478;EXT|IR|S;;uic;3081128617;Q15964196;;;8508102;Murgenthal
TN8508103;gare;Rothrist;Rothrist;Rothrist;8508103;;47.306407;7.879455;CH;Europe/Zurich;Q64482;EXT|S;;uic;3876626738;Q15964247;;;8508103;Rothrist
TN8508174;gare;Gutenburg;Gutenburg;Gutenburg;8508174;;47.181809;7.793301;CH;Europe/Zurich;Q66846;EXT|S;;uic;2048030448;Q33509523;;;8508174;Gutenburg
TN8508181;gare;Langenthal Süd;Langenthal Süd;Langenthal Süd;8508181;;47.205331;7.780209;CH;Europe/Zurich;Q69726;EXT|S;;uic;2048030452;Q33509534;;;8508181;Langenthal Süd
TN8508182;gare;Lotzwil;Lotzwil;Lotzwil;8508182;;47.189479;7.788683;CH;Europe/Zurich;Q66846;EXT|S;;uic;3081128612;Q33509551;;;8508182;Lotzwil
TN8508183;gare;Madiswil;Madiswil;Madiswil;8508183;;47.166963;7.795855;CH;Europe/Zurich;Q67628;EXT|S;;uic;3081128614;Q33509563;;;8508183;Madiswil
TN8508184;gare;Lindenholz;Lindenholz;Lindenholz;8508184;;47.154562;7.790412;CH;Europe/Zurich;Q67628;EXT|S;;uic;3081128609;Q33509579;;;8508184;Lindenholz
TN8508185;gare;Kleindietwil;Kleindietwil;Kleindietwil;8508185;;47.146248;7.790952;CH;Europe/Zurich;Q67628;EXT|S;;uic;3081128605;Q33509595;;;8508185;Kleindietwil
TN8508186;gare;Rohrbach;Rohrbach;Rohrbach;8508186;;47.137206;7.813505;CH;Europe/Zurich;Q70268;EXT|S;;uic;3081128628;Q33509613;;;8508186;Rohrbach
TN8508187;gare;Huttwil;Huttwil;Huttwil;8508187;;47.114425;7.842472;CH;Europe/Zurich;Q69619;EXT|S;;uic;3081128601;Q33509628;;;8508187;Huttwil
TN8508200;gare;Worb SBB;Worb SBB;Worb SBB;8508200;;46.915229;7.56501;CH;Europe/Zurich;Q69732;RE|S;;uic;3081154455;Q31454500;;;8508200;Worb SBB
TN8508201;gare;Tägertschi;Tägertschi;Tägertschi;8508201;;46.882263;7.580777;CH;Europe/Zurich;Q69783;S;;uic;3081154448;Q31454513;;;8508201;Tägertschi
TN8508202;gare;Konolfingen;Konolfingen;Konolfingen;8508202;;46.880779;7.621417;CH;Europe/Zurich;Q66211;EXT|RE|S;;uic;3081154389;Q15964172;;;8508202;Konolfingen
TN8508203;gare;Zäziwil;Zäziwil;Zäziwil;8508203;;46.89978;7.662852;CH;Europe/Zurich;Q66924;S;;uic;3836061409;Q31454526;;;8508203;Zäziwil
TN8508204;gare;Bowil;Bowil;Bowil;8508204;;46.90005;7.698227;CH;Europe/Zurich;Q69380;S;;uic;1867062538;Q31454541;;;8508204;Bowil
TN8508205;gare;Signau;Signau;Signau;8508205;;46.91976;7.72557;CH;Europe/Zurich;Q67289;S;;uic;3836061408;Q31454556;;;8508205;Signau
TN8508206;gare;Emmenmatt;Emmenmatt;Emmenmatt;8508206;;46.948105;7.747216;CH;Europe/Zurich;Q67238;S;;uic;3081128595;Q31454572;;;8508206;Emmenmatt
TN8508207;gare;Langnau im Emmental;Langnau im Emmental;Langnau im Emmental;8508207;;46.939282;7.784215;CH;Europe/Zurich;Q66300;EXT|RE|S;;uic;5132879028;Q15964171;;;8508207;Langnau i.E.
TN8508208;gare;Trubschachen;Trubschachen;Trubschachen;8508208;;46.921681;7.84627;CH;Europe/Zurich;Q69114;EXT|RE|S;;uic;3081128634;Q31454589;;;8508208;Trubschachen
TN8508210;gare;Escholzmatt;Escholzmatt;Escholzmatt;8508210;;46.915328;7.936327;CH;Europe/Zurich;Q14550;EXT|RE|S;;uic;3080372086;Q31454600;;;8508210;Escholzmatt
TN8508211;gare;Schüpfheim;Schüpfheim;Schüpfheim;8508211;;46.950802;8.015455;CH;Europe/Zurich;Q14559;EXT|RE|S;;uic;3080372098;Q31454616;;;8508211;Schüpfheim
TN8508212;gare;Hasle LU;Hasle;Hasle;8508212;;46.978131;8.047058;CH;Europe/Zurich;Q14555;EXT|RE|S;;uic;3081128599;Q31454631;;;8508212;Hasle LU
TN8508213;gare;Entlebuch;Entlebuch;Entlebuch;8508213;;46.993677;8.062417;CH;Europe/Zurich;Q14547;EXT|RE|S;;uic;3081128596;Q31454644;;;8508213;Entlebuch
TN8508215;gare;Wolhusen;Wolhusen;Wolhusen;8508215;;47.055517;8.079864;CH;Europe/Zurich;Q7125;EXT|RE|S;;uic;3081128640;Q31454658;;;8508215;Wolhusen
TN8508216;gare;Werthenstein;Werthenstein;Werthenstein;8508216;;47.057013;8.101852;CH;Europe/Zurich;Q7124;EXT|RE|S;;uic;3074886745;Q31454672;;;8508216;Werthenstein
TN8508217;gare;Schachen LU;Schachen LU;Schachen LU;8508217;;47.037932;8.143281;CH;Europe/Zurich;Q14562;EXT|RE|S;;uic;3081128630;Q31454685;;;8508217;Schachen LU
TN8508218;gare;Malters;Malters;Malters;8508218;;47.038531;8.181978;CH;Europe/Zurich;Q14572;EXT|RE|S;;uic;3081128615;Q31454697;;;8508218;Malters
TN8508219;gare;Luzern Littau;Luzern Littau;Luzern Littau;8508219;;47.05301;8.257135;CH;Europe/Zurich;Q4191;EXT|RE|S;;uic;3081128610;Q31454712;;;8508219;Luzern Littau
TN8508250;gare;Schwäbis;Schwäbis;Schwäbis;8508250;;46.762664;7.619265;CH;Europe/Zurich;Q69668;S;;uic;983974261;Q33509798;;;8508250;Schwäbis
TN8508251;gare;Steffisburg;Steffisburg;Steffisburg;8508251;;46.773033;7.61501;CH;Europe/Zurich;Q69668;S;;uic;3081154439;Q33509807;;;8508251;Steffisburg
TN8508252;gare;Lädeli;Lädeli;Lädeli;8508252;;46.781568;7.609026;CH;Europe/Zurich;Q65206;S;;uic;1868437676;Q33509817;;;8508252;Lädeli
TN8508253;gare;Heimberg;Heimberg;Heimberg;8508253;;46.79085;7.606216;CH;Europe/Zurich;Q65206;S;;uic;3081154383;Q33509828;;;8508253;Heimberg
TN8508254;gare;Brenzikofen;Brenzikofen;Brenzikofen;8508254;;46.818337;7.610851;CH;Europe/Zurich;Q66146;S;;uic;3081154352;Q33509840;;;8508254;Brenzikofen
TN8508255;gare;Oberdiessbach;Oberdiessbach;Oberdiessbach;8508255;;46.839248;7.617891;CH;Europe/Zurich;Q67582;EXT|S;;uic;3081154417;Q33509855;;;8508255;Oberdiessbach
TN8508256;gare;Stalden i.E.;Stalden i.E.;Stalden i.E.;8508256;;46.870859;7.62282;CH;Europe/Zurich;Q66211;EXT|S;;uic;3081154438;Q33509870;;;8508256;Stalden i.E.
TN8508260;gare;Grosshöchstetten;Grosshöchstetten;Grosshöchstetten;8508260;;46.904527;7.634959;CH;Europe/Zurich;Q67611;EXT|S;;uic;3081154380;Q33509885;;;8508260;Grosshöchstetten
TN8508261;gare;Biglen;Biglen;Biglen;8508261;;46.924609;7.626913;CH;Europe/Zurich;Q65875;EXT|S;;uic;1868716178;Q33509901;;;8508261;Biglen
TN8508262;gare;Walkringen;Walkringen;Walkringen;8508262;;46.947445;7.618925;CH;Europe/Zurich;Q67460;EXT|S;;uic;1868716191;Q33509915;;;8508262;Walkringen
TN8508263;gare;Bigenthal;Bigenthal;Bigenthal;8508263;;46.965469;7.623475;CH;Europe/Zurich;Q67460;EXT|S;;uic;1868716159;Q33509930;;;8508263;Bigenthal
TN8508264;gare;Schafhausen i.E.;Schafhausen i.E.;Schafhausen i.E.;8508264;;46.994221;7.656728;CH;Europe/Zurich;Q67066;EXT|S;;uic;3092219562;Q33509945;;;8508264;Schafhausen i.E.
TN8508265;gare;Hasle-Rüegsau;Hasle-Rüegsau;Hasle-Rüegsau;8508265;;47.016247;7.655488;CH;Europe/Zurich;Q67066;EXT|S;;uic;2887795830;Q15964153;;;8508265;Hasle-Rüegsau
TN8508266;gare;Lützelflüh-Goldbach;Lützelflüh-Goldbach;Lützelflüh-Goldbach;8508266;;47.004903;7.682472;CH;Europe/Zurich;Q67826;EXT|S;;uic;3835322807;Q15964199;;;8508266;Lützelflüh-Goldbach
TN8508267;gare;Ramsei;Ramsei;Ramsei;8508267;;46.996818;7.711069;CH;Europe/Zurich;Q67826;S;;uic;3081128625;Q33509977;;;8508267;Ramsei
TN8508268;gare;Zollbrück;Zollbrück;Zollbrück;8508268;;46.975698;7.74125;CH;Europe/Zurich;Q67644;S;;uic;3081128644;Q33509992;;;8508268;Zollbrück
TN8508269;gare;Neumühle;Neumühle;Neumühle;8508269;;46.96566;7.749307;CH;Europe/Zurich;Q67238;S;;uic;242743325;Q33510006;;;8508269;Neumühle
TN8508271;gare;Grünenmatt;Grünenmatt;Grünenmatt;8508271;;47.008424;7.723846;CH;Europe/Zurich;Q67826;S;;uic;3074886739;Q33510021;;;8508271;Grünenmatt
TN8508272;gare;Sumiswald-Grünen;Sumiswald-Grünen;Sumiswald-Grünen;8508272;;47.025394;7.737155;CH;Europe/Zurich;Q68167;S;;uic;3074886744;Q33510035;;;8508272;Sumiswald-Grünen
TN8508292;gare;Hüswil;Hüswil;Hüswil;8508292;;47.128535;7.905891;CH;Europe/Zurich;Q14628;EXT|S;;uic;3081128603;Q33510134;;;8508292;Hüswil
TN8508293;gare;Zell LU;Zell LU;Zell LU;8508293;;47.136791;7.926295;CH;Europe/Zurich;Q14628;EXT|S;;uic;3081128642;Q33510150;;;8508293;Zell LU
TN8508294;gare;Gettnau;Gettnau;Gettnau;8508294;;47.140134;7.970145;CH;Europe/Zurich;Q14627;EXT|S;;uic;3081128598;Q33510164;;;8508294;Gettnau
TN8508295;gare;Willisau;Willisau;Willisau;8508295;;47.122609;7.996772;CH;Europe/Zurich;Q14627;EXT|S;;uic;3081128639;Q33510180;;;8508295;Willisau
TN8508297;gare;Menznau;Menznau;Menznau;8508297;;47.083436;8.041075;CH;Europe/Zurich;Q14607;EXT|S;;uic;3081128616;Q33510199;;;8508297;Menznau
TN8508301;gare;Ringgenberg;Ringgenberg;Ringgenberg;8508301;;46.703808;7.899933;CH;Europe/Zurich;Q66582;PE|R;;uic;8131633128;Q7334867;;;8508301;Ringgenberg
TN8508302;gare;Niederried;Niederried;Niederried;8508302;;46.71636;7.928747;CH;Europe/Zurich;Q66134;PE|R;;uic;6034006570;Q7031161;;;8508302;Niederried
TN8508303;gare;Oberried am Brienzersee;Oberried;Oberried;8508303;;46.736559;7.958859;CH;Europe/Zurich;Q66000;PE|R;;uic;6034006571;Q10640342;;;8508303;Oberried am Brienzersee
TN8508304;gare;Ebligen;Ebligen, Bahnhof;Ebligen, Bahnhof;8508304;;46.752632;7.990008;CH;Europe/Zurich;Q66000;PE|R;;uic;6034006572;Q10640344;;;8508304;Ebligen
TN8508305;gare;Brienz;Brienz;Brienz;8508305;;46.754875;8.038836;CH;Europe/Zurich;Q65268;EXT|IR|PE|R;;uic;6034007293;;;;8508305;Brienz
TN8508306;gare;Brienzwiler;Brienzwiler;Brienzwiler;8508306;;46.745671;8.090633;CH;Europe/Zurich;Q65211;PE|R;;uic;6034007290;Q4967056;;;8508306;Brienzwiler
TN8508308;gare;Meiringen;Meiringen;Meiringen;8508308;;46.727359;8.184271;CH;Europe/Zurich;Q64123;EXT|IR|PE|R;;uic;5007055738;Q5544215;;;8508308;Meiringen
TN8508309;gare;Brünig-Hasliberg;Brünig-Hasliberg;Brünig-Hasliberg;8508309;;46.757789;8.138672;CH;Europe/Zurich;Q64123;EXT|IR|PE;;uic;6034007289;Q4981938;;;8508309;Brünig-Hasliberg
TN8508310;gare;Lungern;Lungern;Lungern;8508310;;46.786347;8.163492;CH;Europe/Zurich;Q64292;EXT|IR|PE;;uic;6034007288;Q6704319;;;8508310;Lungern
TN8508311;gare;Kaiserstuhl OW;Kaiserstuhl;Kaiserstuhl;8508311;;46.814372;8.17556;CH;Europe/Zurich;Q64292;EXT|IR|PE;;uic;6034007287;Q6348526;;;8508311;Kaiserstuhl OW
TN8508312;gare;Giswil;Giswil;Giswil;8508312;;46.83655;8.186278;CH;Europe/Zurich;Q69248;EXT|IR|PE|S;;uic;2924982500;Q5565002;;;8508312;Giswil
TN8508313;gare;Sachseln;Sachseln;Sachseln;8508313;;46.870925;8.238326;CH;Europe/Zurich;Q64614;EXT|PE|S;;uic;2993022444;Q7396779;;;8508313;Sachseln
TN8508314;gare;Sarnen;Sarnen;Sarnen;8508314;;46.894617;8.247416;CH;Europe/Zurich;Q63964;EXT|IR|PE|S;;uic;2993051586;Q7424333;;;8508314;Sarnen
TN8508316;gare;Alpnach Dorf;Alpnach Dorf;Alpnach Dorf;8508316;;46.940598;8.275306;CH;Europe/Zurich;Q69296;EXT|IR|S;;uic;3103520832;Q4735625;;;8508316;Alpnach Dorf
TN8508317;gare;Alpnachstad;Alpnachstad;Alpnachstad;8508317;;46.95506;8.277767;CH;Europe/Zurich;Q69296;EXT|S;;uic;3103498752;Q4735626;;;8508317;Alpnachstad
TN8508318;gare;Hergiswil NW;Hergiswil NW;Hergiswil NW;8508318;;46.982663;8.310112;CH;Europe/Zurich;Q570969;EXT|IR|S;;uic;3095367597;Q10640346;;;8508318;Hergiswil NW
TN8508319;gare;Horw;Horw;Horw;8508319;;47.017414;8.306855;CH;Europe/Zurich;Q14570;EXT|IR|S;;uic;3095343997;Q5907042;;;8508319;Horw
TN8508320;gare;Hergiswil Matt;Hergiswil Matt;Hergiswil Matt;8508320;;46.993721;8.312718;CH;Europe/Zurich;Q570969;EXT|IR|PE|S;;uic;3098264663;Q5738385;;;8508320;Hergiswil Matt
TN8508321;gare;Luzern Allmend/Messe;Luzern Allmend/Messe;Luzern Allmend/Messe;8508321;;47.035109;8.303277;CH;Europe/Zurich;Q4191;EXT|IR|PE|S;;uic;2055934582;Q10640348;;;8508321;Luzern Allmend/Messe
TN8508323;gare;Sarnen Nord;Sarnen Nord;Sarnen Nord;8508323;;46.900472;8.249407;CH;Europe/Zurich;Q63964;EXT|S;;uic;4562293489;Q33510439;;;8508323;Sarnen Nord
TN8508327;gare;Ewil Maxon;Ewil Maxon;Ewil Maxon;8508327;;46.860657;8.218661;CH;Europe/Zurich;Q64614;EXT|S;;uic;3103763722;Q5419036;;;8508327;Ewil Maxon
TN8508329;gare;Brienz West;Brienz West;Brienz West;8508329;;46.757302;8.020366;CH;Europe/Zurich;Q65268;PE|R;;uic;13474642114;Q4967054;;;8508329;Brienz West
TN8508350;gare;Brienz BRB;Brienz BRB;Brienz BRB;8508350;;46.755082;8.038894;CH;Europe/Zurich;Q65268;CC;;uic;6034007294;;;;8508350;Brienz BRB
TN8508351;gare;Planalp;Planalp;Planalp;8508351;;46.772257;8.019906;CH;Europe/Zurich;Q65268;CC;;nom;4419923380;Q33510675;;;8508351;Planalp
TN8508352;gare;Brienzer Rothorn;Brienzer Rothorn;Brienzer Rothorn;8508352;;46.787457;8.039404;CH;Europe/Zurich;Q65268;CC;;nom;5391211016;Q33510687;;;8508352;Brienzer Rothorn
TN8508359;gare;Innertkirchen Kraftwerk (Bahn);Innertkirchen Kraftwerk;Innertkirchen Kraftwerk;8508359;;46.702307;8.232538;CH;Europe/Zurich;Q69231;R;;uic;4920624335;Q33510803;;;8508359;Innertkirchen Kraftwerk (Bahn)
TN8508384;gare;Niederrickenbach Station;Niederrickenbach Station;Niederrickenbach Station;8508384;;46.928124;8.395924;CH;Europe/Zurich;Q64351;EXT|IR|S;;uic;3096963295;Q7031159;;;8508384;Niederrickenbach Station
TN8508390;gare;Stansstad;Stansstad;Stansstad;8508390;;46.976305;8.336692;CH;Europe/Zurich;Q64285;EXT|IR|S;;uic;3095850718;Q7600185;;;8508390;Stansstad
TN8508391;gare;Stans;Stans;Stans;8508391;;46.958459;8.366564;CH;Europe/Zurich;Q63931;EXT|IR|S;;uic;3096774485;Q7600170;;;8508391;Stans
TN8508392;gare;Dallenwil;Dallenwil;Dallenwil;8508392;;46.933667;8.392034;CH;Europe/Zurich;Q64575;EXT|IR|S;;uic;3096963294;Q5211468;;;8508392;Dallenwil
TN8508394;gare;Wolfenschiessen;Wolfenschiessen;Wolfenschiessen;8508394;;46.90783;8.394827;CH;Europe/Zurich;Q64351;EXT|IR|S;;uic;3097149275;Q8029999;;;8508394;Wolfenschiessen
TN8508395;gare;Innertkirchen Grimseltor;Innertkirchen Grimseltor;Innertkirchen Grimseltor;8508395;;46.705549;8.229574;CH;Europe/Zurich;Q69231;R;;uic;4920624334;Q33510844;;;8508395;Innertkirchen Grimseltor
TN8508396;gare;Grafenort;Grafenort;Grafenort;8508396;;46.869961;8.372085;CH;Europe/Zurich;Q64108;EXT|IR;;uic;984013992;Q5592445;;;8508396;Grafenort
TN8508399;gare;Engelberg;Engelberg;Engelberg;8508399;;46.819526;8.402624;CH;Europe/Zurich;Q64108;EXT|IR;;uic;3097782203;Q5377491;;;8508399;Engelberg
TN8508449;gare;Aemsigen;Ämsigen;Ämsigen;8508449;;46.970398;8.271376;CH;Europe/Zurich;Q69296;CC;;uic;11010892856;Q33511138;;;8508449;Aemsigen
TN8508456;gare;Pilatus Kulm;Pilatus Kulm;Pilatus Kulm;8508456;;46.979264;8.255644;CH;Europe/Zurich;Q69296;CC;;uic;11184000039;Q33511147;;;8508456;Pilatus Kulm
TN8508458;gare;Alpnachstad PB;Alpnachstad PB;Alpnachstad PB;8508458;;46.955448;8.277189;CH;Europe/Zurich;Q69296;CC;;uic;3103498753;Q33511156;;;8508458;Alpnachstad PB
TN8509000;gare;Chur;Chur;Chur;8509000;;46.853556;9.529646;CH;Europe/Zurich;Q69007;EXT|IC|ICE|IR|PE|R|RE|S;;uic;2522151337;Q663869;;;8509000;Chur
TN8509002;gare;Landquart;Landquart;Landquart;8509002;;46.967441;9.554096;CH;Europe/Zurich;Q70631;EXT|IC|ICE|IR|PE|R|RE|S;;uic;2517831407;Q382743;;;8509002;Landquart
TN8509003;gare;Maienfeld;Maienfeld;Maienfeld;8509003;;47.003862;9.529218;CH;Europe/Zurich;Q64178;EXT|IC|IR|RE|S;;uic;1352346215;Q801149;;;8509003;Maienfeld
TN8509004;gare;Bad Ragaz;Bad Ragaz;Bad Ragaz;8509004;;47.010258;9.505154;CH;Europe/Zurich;Q95759;EXT|IC|IR|RE|S;;uic;1352330377;Q15964069;;;8509004;Bad Ragaz
TN8509006;gare;Chur Wiesental;Chur Wiesental;Chur Wiesental;8509006;;46.86191;9.53146;CH;Europe/Zurich;Q69007;EXT|RE|S;;uic;255076727;Q5116512;;;8509006;Chur Wiesental
TN8509050;gare;Chur West;Chur West;Chur West;8509050;;46.850412;9.514941;CH;Europe/Zurich;Q69007;EXT|IR|R|RE|S;;uic;12884455184;Q1089688;;;8509050;Chur West
TN8509051;gare;Haldenstein;Haldenstein;Haldenstein;8509051;;46.876972;9.533054;CH;Europe/Zurich;Q69007;S;;uic;13853589352;Q5641254;;;8509051;Haldenstein
TN8509053;gare;Untervaz-Trimmis;Untervaz-Trimmis;Untervaz-Trimmis;8509053;;46.918929;9.559158;CH;Europe/Zurich;Q69099;EXT|RE|S;;uic;266216968;Q7897601;;;8509053;Untervaz-Trimmis
TN8509054;gare;Zizers;Zizers;Zizers;8509054;;46.934938;9.55961;CH;Europe/Zurich;Q69616;EXT|RE|S;;uic;2519818871;Q8072926;;;8509054;Zizers
TN8509055;gare;Igis;Igis;Igis;8509055;;46.949693;9.564794;CH;Europe/Zurich;Q70631;EXT|RE|S;;uic;13853589407;Q5991734;;;8509055;Igis
TN8509056;gare;Landquart Ried;Landquart Ried;Landquart Ried;8509056;;46.957354;9.560865;CH;Europe/Zurich;Q70631;EXT|RE|S;;uic;13853589408;Q6484948;;;8509056;Landquart Ried
TN8509057;gare;Malans GR;Malans;Malans;8509057;;46.977728;9.57371;CH;Europe/Zurich;Q69053;R|RE|S;;uic;26032373;Q6741292;;;8509057;Malans GR
TN8509058;gare;Seewis-Pardisla;Seewis-Pardisla;Seewis-Pardisla;8509058;;46.976988;9.632463;CH;Europe/Zurich;Q64748;R|RE|S;;uic;266218277;Q33511440;;;8509058;Seewis-Pardisla
TN8509059;gare;Grüsch;Grüsch;Grüsch;8509059;;46.980605;9.645836;CH;Europe/Zurich;Q64635;R|RE|S;;uic;26032347;Q5612288;;;8509059;Grüsch
TN8509060;gare;Schiers;Schiers;Schiers;8509060;;46.968036;9.687992;CH;Europe/Zurich;Q65244;EXT|R|RE|S;;uic;265649369;Q7431273;;;8509060;Schiers
TN8509061;gare;Furna;Furna;Furna;8509061;;46.939602;9.708956;CH;Europe/Zurich;Q64555;R|RE;;uic;26032291;Q33511456;;;8509061;Furna
TN8509062;gare;Jenaz;Jenaz;Jenaz;8509062;;46.929637;9.718482;CH;Europe/Zurich;Q64555;R|RE;;uic;26032254;Q6177395;;;8509062;Jenaz
TN8509063;gare;Fideris;Fideris;Fideris;8509063;;46.922243;9.733745;CH;Europe/Zurich;Q64643;R|RE;;uic;373469866;Q33511467;;;8509063;Fideris
TN8509064;gare;Küblis;Küblis;Küblis;8509064;;46.914201;9.771786;CH;Europe/Zurich;Q64639;EXT|R|RE;;uic;265649390;Q6441284;;;8509064;Küblis
TN8509065;gare;Saas im Prättigau;Saas;Saas;8509065;;46.907545;9.810184;CH;Europe/Zurich;Q68236;R|RE;;uic;26032230;Q7395704;;;8509065;Saas im Prättigau
TN8509067;gare;Klosters Dorf;Klosters Dorf;Klosters Dorf;8509067;;46.883591;9.87523;CH;Europe/Zurich;Q68236;EXT|R|RE;;uic;5370737666;Q6421399;;;8509067;Klosters Dorf
TN8509068;gare;Klosters Platz;Klosters Platz;Klosters Platz;8509068;;46.869383;9.880984;CH;Europe/Zurich;Q68236;EXT|PE|R|RE;;uic;1231713221;Q3969874;;;8509068;Klosters Platz
TN8509069;gare;Cavadürli;Cavadürli;Cavadürli;8509069;;46.870521;9.868007;CH;Europe/Zurich;Q68236;R|RE;;uic;265654508;Q5054733;;;8509069;Cavadürli
TN8509070;gare;Davos Laret;Davos Laret;Davos Laret;8509070;;46.848145;9.873239;CH;Europe/Zurich;Q68097;R|RE;;uic;265654564;Q5242112;;;8509070;Davos Laret
TN8509071;gare;Davos Wolfgang;Davos Wolfgang;Davos Wolfgang;8509071;;46.831804;9.854877;CH;Europe/Zurich;Q68097;R|RE;;uic;5403117216;Q5242115;;;8509071;Davos Wolfgang
TN8509072;gare;Davos Dorf;Davos Dorf;Davos Dorf;8509072;;46.809665;9.841969;CH;Europe/Zurich;Q68097;EXT|R|RE;;uic;623883948;Q5242109;;;8509072;Davos Dorf
TN8509073;gare;Davos Platz;Davos Platz;Davos Platz;8509073;;46.791768;9.821027;CH;Europe/Zurich;Q68097;EXT|R|RE;;uic;3815047735;Q5242114;;;8509073;Davos Platz
TN8509075;gare;Davos Frauenkirch;Davos Frauenkirch;Davos Frauenkirch;8509075;;46.766721;9.799363;CH;Europe/Zurich;Q68097;R;;uic;265790277;Q5242110;;;8509075;Davos Frauenkirch
TN8509076;gare;Davos Glaris;Davos Glaris;Davos Glaris;8509076;;46.745322;9.779839;CH;Europe/Zurich;Q68097;R;;uic;265790339;Q5242111;;;8509076;Davos Glaris
TN8509077;gare;Davos Monstein;Davos Monstein;Davos Monstein;8509077;;46.715931;9.759922;CH;Europe/Zurich;Q68097;R;;uic;265790395;Q5242113;;;8509077;Davos Monstein
TN8509078;gare;Davos Wiesen;Davos Wiesen;Davos Wiesen;8509078;;46.695663;9.716092;CH;Europe/Zurich;Q68097;R;;uic;3678623855;Q7999371;;;8509078;Davos Wiesen
TN8509150;gare;Chur Altstadt;Chur Altstadt;Chur Altstadt;8509150;;46.847547;9.530952;CH;Europe/Zurich;Q69007;R|RE;;uic;5181963448;Q801744;;;8509150;Chur Altstadt
TN8509152;gare;Lüen-Castiel;Lüen-Castiel;Lüen-Castiel;8509152;;46.83182;9.613254;CH;Europe/Zurich;Q63954;R;;uic;267730860;Q15243248;;;8509152;Lüen-Castiel
TN8509153;gare;St. Peter-Molinis;St. Peter-Molinis;St. Peter-Molinis;8509153;;46.829081;9.653924;CH;Europe/Zurich;Q63954;R;;uic;2266006370;Q15275126;;;8509153;St. Peter-Molinis
TN8509154;gare;Peist;Peist;Peist;8509154;;46.82967;9.671767;CH;Europe/Zurich;Q63954;R;;uic;267736421;Q15265827;;;8509154;Peist
TN8509155;gare;Langwies GR;Langwies;Langwies;8509155;;46.819583;9.707188;CH;Europe/Zurich;Q63954;R|RE;;uic;267736500;Q15241547;;;8509155;Langwies GR
TN8509156;gare;Litzirüti;Litzirüti;Litzirüti;8509156;;46.798084;9.703109;CH;Europe/Zurich;Q63954;R|RE;;uic;267736568;Q10640399;;;8509156;Litzirüti
TN8509157;gare;Arosa;Arosa;Arosa;8509157;;46.783882;9.679442;CH;Europe/Zurich;Q63954;R|RE;;uic;3882483572;Q800397;;;8509157;Arosa
TN8509167;gare;Trin;Trin;Trin;8509167;;46.816608;9.359394;CH;Europe/Zurich;Q65564;R|RE;;uic;266196878;Q7842275;;;8509167;Trin
TN8509168;gare;Versam-Safien;Versam-Safien;Versam-Safien;8509168;;46.807292;9.310341;CH;Europe/Zurich;Q2680071;R|RE;;uic;3678636246;Q10640384;;;8509168;Versam-Safien
TN8509169;gare;Valendas-Sagogn;Valendas-Sagogn;Valendas-Sagogn;8509169;;46.791673;9.275492;CH;Europe/Zurich;Q2680071;R|RE;;uic;257555031;Q7910694;;;8509169;Valendas-Sagogn
TN8509170;gare;Castrisch;Castrisch;Castrisch;8509170;;46.778392;9.23288;CH;Europe/Zurich;Q15056824;R|RE;;uic;258400840;Q5050776;;;8509170;Castrisch
TN8509171;gare;Ilanz;Ilanz/Glion;Ilanz/Glion;8509171;;46.775251;9.207691;CH;Europe/Zurich;Q15056824;R|RE;;uic;258400869;Q800945;;;8509171;Ilanz
TN8509173;gare;Rueun;Rueun;Rueun;8509173;;46.774832;9.145512;CH;Europe/Zurich;Q15056824;R|RE;;uic;258404237;Q7377865;;;8509173;Rueun
TN8509174;gare;Waltensburg/Vuorz;Waltensburg/Vuorz;Waltensburg/Vuorz;8509174;;46.769613;9.120053;CH;Europe/Zurich;Q64920;R|RE;;uic;258404264;Q7964100;;;8509174;Waltensburg/Vuorz
TN8509175;gare;Tavanasa-Breil/Brigels;Tavanasa-Breil/Brigels;Tavanasa-Breil/Brigels;8509175;;46.754675;9.062718;CH;Europe/Zurich;Q64920;R|RE;;uic;258509057;Q7689014;;;8509175;Tavanasa-Breil/Brigels
TN8509176;gare;Trun;Trun;Trun;8509176;;46.742651;8.990597;CH;Europe/Zurich;Q64951;R|RE;;uic;258509119;Q7847840;;;8509176;Trun
TN8509177;gare;Rabius-Surrein;Rabius-Surrein;Rabius-Surrein;8509177;;46.732559;8.957217;CH;Europe/Zurich;Q64942;R|RE;;uic;258509146;Q7278781;;;8509177;Rabius-Surrein
TN8509178;gare;Sumvitg-Cumpadials;Sumvitg-Cumpadials;Sumvitg-Cumpadials;8509178;;46.724075;8.93105;CH;Europe/Zurich;Q64942;R|RE;;uic;258510891;Q7638102;;;8509178;Sumvitg-Cumpadials
TN8509179;gare;Disentis/Mustér;Disentis/Mustér;Disentis/Mustér;8509179;;46.705106;8.855211;CH;Europe/Zurich;Q68347;PE|R|RE;;uic;3156558654;Q5282157;;;8509179;Disentis/Mustér
TN8509180;gare;Felsberg;Felsberg;Felsberg;8509180;;46.843084;9.481239;CH;Europe/Zurich;Q68266;EXT|R|RE|S;;uic;8131642927;Q5442613;;;8509180;Felsberg
TN8509181;gare;Domat/Ems;Domat/Ems;Domat/Ems;8509181;;46.833235;9.45313;CH;Europe/Zurich;Q68266;EXT|IR|PE|R|RE|S;;uic;2533670535;Q5289956;;;8509181;Domat/Ems
TN8509182;gare;Domat/Ems Werk;Ems Werk;Ems Werk;8509182;;46.82863;9.430671;CH;Europe/Zurich;Q68266;IR|R|RE|S;;uic;2533670536;Q25399837;;;8509182;Domat/Ems Werk
TN8509183;gare;Reichenau-Tamins;Reichenau-Tamins;Reichenau-Tamins;8509183;;46.824071;9.413344;CH;Europe/Zurich;Q68266;EXT|IR|R|RE|S;;uic;2627149262;Q7309894;;;8509183;Reichenau-Tamins
TN8509184;gare;Bonaduz;Bonaduz;Bonaduz;8509184;;46.810341;9.397982;CH;Europe/Zurich;Q64473;EXT|PE|R|RE|S;;uic;2627149261;Q4941080;;;8509184;Bonaduz
TN8509185;gare;Rhäzüns;Rhäzüns;Rhäzüns;8509185;;46.799778;9.399205;CH;Europe/Zurich;Q66030;EXT|PE|R|RE|S;;uic;2627149263;Q7322027;;;8509185;Rhäzüns
TN8509186;gare;Rothenbrunnen;Rothenbrunnen;Rothenbrunnen;8509186;;46.767877;9.419497;CH;Europe/Zurich;Q64443;EXT|R|RE|S;;uic;2627167879;Q7370406;;;8509186;Rothenbrunnen
TN8509187;gare;Rodels-Realta;Rodels-Realta;Rodels-Realta;8509187;;46.735572;9.43331;CH;Europe/Zurich;Q64443;EXT|R|RE|S;;uic;2627167878;Q7356525;;;8509187;Rodels-Realta
TN8509188;gare;Cazis;Cazis;Cazis;8509188;;46.719882;9.432772;CH;Europe/Zurich;Q64443;EXT|R|RE|S;;uic;2627167875;Q5055531;;;8509188;Cazis
TN8509189;gare;Thusis;Thusis;Thusis;8509189;;46.698237;9.440516;CH;Europe/Zurich;Q66171;EXT|IR|PE|R|RE|S;;uic;2627208365;Q7799482;;;8509189;Thusis
TN8509192;gare;Tiefencastel;Tiefencastel;Tiefencastel;8509192;;46.664047;9.572498;CH;Europe/Zurich;Q15890943;IR|PE|R|RE;;uic;2627208366;Q7800986;;;8509192;Tiefencastel
TN8509193;gare;Surava;Surava;Surava;8509193;;46.667024;9.620309;CH;Europe/Zurich;Q15890943;R|RE;;uic;2627208364;Q33511660;;;8509193;Surava
TN8509194;gare;Alvaneu;Alvaneu;Alvaneu;8509194;;46.671081;9.651635;CH;Europe/Zurich;Q15890943;R;;uic;12570975664;Q15303026;;;8509194;Alvaneu
TN8509195;gare;Filisur;Filisur;Filisur;8509195;;46.675146;9.682382;CH;Europe/Zurich;Q22465879;IR|PE|R|RE;;uic;12999393359;Q3969608;;;8509195;Filisur
TN8509197;gare;Bergün/Bravuogn;Bergün/Bravuogn;Bergün/Bravuogn;8509197;;46.631547;9.746416;CH;Europe/Zurich;Q22465879;IR|PE|R|RE;;gtfs;;;;;8509197;Bergün/Bravuogn
TN8509198;gare;Preda;Preda;Preda;8509198;;46.588263;9.777353;CH;Europe/Zurich;Q22465879;IR|R|RE;;uic;2627301864;Q7239594;;;8509198;Preda
TN8509199;gare;Spinas;Spinas;Spinas;8509199;;46.559808;9.845271;CH;Europe/Zurich;Q69121;IR|R|RE;;uic;2627301866;Q7577481;;;8509199;Spinas
TN8509250;gare;Bever;Bever;Bever;8509250;;46.54955;9.888184;CH;Europe/Zurich;Q69121;IR|R|RE;;uic;85763797;Q4899363;;;8509250;Bever
TN8509251;gare;Samedan;Samedan;Samedan;8509251;;46.533812;9.873256;CH;Europe/Zurich;Q69085;IR|PE|R|RE;;uic;2627301865;Q7409226;;;8509251;Samedan
TN8509252;gare;Celerina;Celerina/Schlarigna;Celerina/Schlarigna;8509252;;46.513825;9.858433;CH;Europe/Zurich;Q64964;IR|R|RE;;uic;85763770;Q5057816;;;8509252;Celerina
TN8509253;gare;St. Moritz;St. Moritz;St. Moritz;8509253;;46.498021;9.845944;CH;Europe/Zurich;Q68986;IR|PE|R|RE;;uic;2628526118;Q644577;;;8509253;St. Moritz
TN8509254;gare;Punt Muragl;Punt Muragl;Punt Muragl;8509254;;46.509686;9.881263;CH;Europe/Zurich;Q69085;R;;uic;346948339;Q7260493;;;8509254;Punt Muragl
TN8509255;gare;Pontresina;Pontresina;Pontresina;8509255;;46.490696;9.896398;CH;Europe/Zurich;Q69259;PE|R|RE;;uic;256446013;Q7228365;;;8509255;Pontresina
TN8509256;gare;La Punt Chamues-ch;La Punt Chamues-ch;La Punt Chamues-ch;8509256;;46.578865;9.923964;CH;Europe/Zurich;Q65637;R|RE;;uic;266199247;Q6464663;;;8509256;La Punt Chamues-ch
TN8509257;gare;Madulain;Madulain;Madulain;8509257;;46.586974;9.938329;CH;Europe/Zurich;Q66638;R|RE;;uic;266199255;Q6728777;;;8509257;Madulain
TN8509258;gare;Zuoz;Zuoz;Zuoz;8509258;;46.60007;9.961335;CH;Europe/Zurich;Q66184;R|RE;;uic;3080728393;Q8075325;;;8509258;Zuoz
TN8509259;gare;S-chanf;S-chanf;S-chanf;8509259;;46.611982;9.982046;CH;Europe/Zurich;Q65552;EXT|R|RE;;uic;266199297;Q7387100;;;8509259;S-chanf
TN8509260;gare;Cinuos-chel-Brail;Cinuos-chel-Brail;Cinuos-chel-Brail;8509260;;46.637815;10.021706;CH;Europe/Zurich;Q65552;EXT|R|RE;;uic;266203328;Q5121124;;;8509260;Cinuos-chel-Brail
TN8509262;gare;Zernez;Zernez;Zernez;8509262;;46.697858;10.090094;CH;Europe/Zurich;Q64609;EXT|R|RE;;uic;3831110959;Q10640057;;;8509262;Zernez
TN8509263;gare;Susch;Susch;Susch;8509263;;46.752015;10.079439;CH;Europe/Zurich;Q64609;EXT|R|RE;;uic;266207902;Q7648841;;;8509263;Susch
TN8509264;gare;Lavin;Lavin;Lavin;8509264;;46.769653;10.111091;CH;Europe/Zurich;Q64609;EXT|R|RE;;uic;266207958;Q6502683;;;8509264;Lavin
TN8509265;gare;Guarda;Guarda;Guarda;8509265;;46.771513;10.150391;CH;Europe/Zurich;Q69079;EXT|R|RE;;uic;266208069;Q5613993;;;8509265;Guarda
TN8509266;gare;Ardez;Ardez;Ardez;8509266;;46.773544;10.201012;CH;Europe/Zurich;Q69079;EXT|R|RE;;uic;266211413;Q4787998;;;8509266;Ardez
TN8509267;gare;Ftan Baraigla;Ftan Baraigla;Ftan Baraigla;8509267;;46.787719;10.257925;CH;Europe/Zurich;Q69079;EXT|R|RE;;uic;266211446;Q5506810;;;8509267;Ftan Baraigla
TN8509268;gare;Scuol-Tarasp;Scuol-Tarasp;Scuol-Tarasp;8509268;;46.793787;10.286768;CH;Europe/Zurich;Q69079;EXT|R|RE;;uic;334580415;Q360749;;;8509268;Scuol-Tarasp
TN8509269;gare;Sagliains;Sagliains;Sagliains;8509269;;46.764818;10.103052;CH;Europe/Zurich;Q64609;R|RE;;uic;2731339186;Q686977;;;8509269;Sagliains
TN8509350;gare;Celerina Staz;Celerina Staz;Celerina Staz;8509350;;46.509737;9.865049;CH;Europe/Zurich;Q64964;R|RE;;uic;256445955;Q5057814;;;8509350;Celerina Staz
TN8509351;gare;Punt Muragl Staz;Punt Muragl Staz;Punt Muragl Staz;8509351;;46.507394;9.880485;CH;Europe/Zurich;Q64964;R|RE;;uic;256445984;Q7260495;;;8509351;Punt Muragl Staz
TN8509352;gare;Surovas;Surovas;Surovas;8509352;;46.485534;9.906074;CH;Europe/Zurich;Q69259;R|RE;;uic;205214903;Q10640070;;;8509352;Surovas
TN8509353;gare;Morteratsch;Morteratsch;Morteratsch;8509353;;46.450737;9.940432;CH;Europe/Zurich;Q69259;R|RE;;uic;205214880;Q6914572;;;8509353;Morteratsch
TN8509354;gare;Bernina Suot;Bernina Suot;Bernina Suot;8509354;;46.445093;9.96916;CH;Europe/Zurich;Q69259;R|RE;;uic;256451508;Q4894541;;;8509354;Bernina Suot
TN8509356;gare;Ospizio Bernina;Ospizio Bernina;Ospizio Bernina;8509356;;46.408759;10.019864;CH;Europe/Zurich;Q69503;PE|R|RE;;uic;256455728;Q686930;;;8509356;Ospizio Bernina
TN8509357;gare;Alp Grüm;Alp Grüm;Alp Grüm;8509357;;46.374513;10.031222;CH;Europe/Zurich;Q69503;PE|R|RE;;uic;256458497;Q870514;;;8509357;Alp Grüm
TN8509358;gare;Cavaglia;Cavaglia;Cavaglia;8509358;;46.364229;10.043977;CH;Europe/Zurich;Q69503;R|RE;;uic;256459553;Q766046;;;8509358;Cavaglia
TN8509359;gare;Cadera;Cadera;Cadera;8509359;;46.345251;10.051414;CH;Europe/Zurich;Q69503;R;;uic;256494674;Q5016390;;;8509359;Cadera
TN8509361;gare;Poschiavo;Poschiavo;Poschiavo;8509361;;46.324645;10.0545;CH;Europe/Zurich;Q69503;PE|R|RE;;uic;256496188;Q10640085;;;8509361;Poschiavo
TN8509363;gare;Li Curt;Li Curt;Li Curt;8509363;;46.311113;10.063142;CH;Europe/Zurich;Q69503;R|RE;;uic;299169584;Q6538723;;;8509363;Li Curt
TN8509364;gare;Le Prese;Le Prese;Le Prese;8509364;;46.291067;10.078177;CH;Europe/Zurich;Q69503;PE|R|RE;;uic;4695930938;Q6507519;;;8509364;Le Prese
TN8509365;gare;Miralago;Miralago;Miralago;8509365;;46.27323;10.099789;CH;Europe/Zurich;Q69503;R|RE;;uic;299167652;Q10640094;;;8509365;Miralago
TN8509366;gare;Brusio;Brusio;Brusio;8509366;;46.259165;10.125062;CH;Europe/Zurich;Q64580;R|RE;;uic;299167536;Q4979766;;;8509366;Brusio
TN8509367;gare;Campascio;Campascio;Campascio;8509367;;46.244589;10.1316;CH;Europe/Zurich;Q64580;R;;uic;434747194;Q5027947;;;8509367;Campascio
TN8509368;gare;Campocologno;Campocologno;Campocologno;8509368;;46.233705;10.141669;CH;Europe/Zurich;Q64580;R|RE;;uic;299357596;Q5028488;;;8509368;Campocologno
TN8509369;gare;Tirano;Tirano RhB;Tirano RhB;8509369;;46.215738;10.166609;IT;Europe/Rome;Q40868;PE|R|RE;;uic;298165903;Q3971120;;;8509369;Tirano
TN8509373;gare;Bernina Lagalb;Bernina Lagalb;Bernina Lagalb;8509373;;46.436339;9.991532;CH;Europe/Zurich;Q69259;R|RE;;uic;256455632;Q4894538;;;8509373;Bernina Lagalb
TN8509400;gare;Oberriet SG;Oberriet SG;Oberriet SG;8509400;;47.323491;9.571298;CH;Europe/Zurich;Q65263;S;;uic;1367639353;Q15964221;;;8509400;Oberriet SG
TN8509401;gare;Rüthi SG;Rüthi;Rüthi;8509401;;47.286748;9.536031;CH;Europe/Zurich;Q66890;S;;uic;2514357667;Q15964241;;;8509401;Rüthi SG
TN8509402;gare;Salez-Sennwald;Salez-Sennwald;Salez-Sennwald;8509402;;47.241475;9.502283;CH;Europe/Zurich;Q69393;S;;uic;1343271671;Q15964240;;;8509402;Salez-Sennwald
TN8509404;gare;Buchs SG;Buchs SG;Buchs SG;8509404;;47.168712;9.478766;CH;Europe/Zurich;Q68277;EC|IR|NJ|RE|RJX|S;;uic;1339769454;Q15964098;;;8509404;Buchs SG
TN8509406;gare;Sevelen;Sevelen;Sevelen;8509406;;47.125366;9.493773;CH;Europe/Zurich;Q69612;IR|RE|S;;uic;1338388633;Q15964263;;;8509406;Sevelen
TN8509411;gare;Sargans;Sargans;Sargans;8509411;;47.045386;9.445369;CH;Europe/Zurich;Q64571;EC|EXT|IC|ICE|IR|NJ|RE|RJX|S;;uic;1333665650;Q605247;;;8509411;Sargans
TN8509412;gare;Mels;Mels;Mels;8509412;;47.05373;9.417718;CH;Europe/Zurich;Q67027;IR|S;;uic;1344340307;Q15964184;;;8509412;Mels
TN8509413;gare;Flums;Flums;Flums;8509413;;47.096556;9.347927;CH;Europe/Zurich;Q69954;EXT|IR|RE|S;;uic;2042234574;Q15964105;;;8509413;Flums
TN8509414;gare;Walenstadt;Walenstadt;Walenstadt;8509414;;47.119913;9.312967;CH;Europe/Zurich;Q64191;EXT|IR|RE|S;;uic;2048248456;Q15964276;;;8509414;Walenstadt
TN8509416;gare;Unterterzen;Unterterzen;Unterterzen;8509416;;47.113824;9.254999;CH;Europe/Zurich;Q66228;EXT|IR|RE|S;;uic;2051540372;Q15964275;;;8509416;Unterterzen
TN8509417;gare;Murg;Murg;Murg;8509417;;47.113131;9.215045;CH;Europe/Zurich;Q66228;EXT|IR|S;;uic;2051897360;Q15964182;;;8509417;Murg
TN8509418;gare;Mühlehorn;Mühlehorn;Mühlehorn;8509418;;47.117864;9.172768;CH;Europe/Zurich;Q70635;EXT|IR|S;;uic;1793087592;Q15964181;;;8509418;Mühlehorn
TN8510456;gare;Schmitten GR Landwasserviadukt;Schmitten GR Landwasserviadukt;Schmitten GR Landwasserviadukt;8510456;;46.680284;9.672099;CH;Europe/Zurich;Q65399;R;;uic;12549142755;Q125695451;;;8510456;Schmitten GR Landwasserviadukt
TN8510470;gare;Matten b. Interlaken;Matten b. Interlaken;Matten b. Interlaken;8510470;;46.673965;7.872628;CH;Europe/Zurich;Q69256;R;;nom;13135048911;;;;8510470;Matten b. Interlaken
TN8512191;gare;Chemex;Chemex;Chemex;8512191;;46.243586;6.930038;CH;Europe/Zurich;Q68823;R;;nom;983835725;Q33447003;;;8512191;Chemex
TN8515296;gare;Brig Bahnhofplatz;Brig Bahnhofplatz;Brig Bahnhofplatz;8515296;;46.31901;7.987568;CH;Europe/Zurich;Q15583;EXT|PE|R;;uic;3158326264;Q33511938;;;8515296;Brig Bahnhofplatz
TN8515992;gare;Baar Neufeld;Baar Neufeld;Baar Neufeld;8515992;;47.188544;8.517696;CH;Europe/Zurich;Q64087;EXT|S;;uic;1278195652;;;;8515992;Baar Neufeld
TN8515993;gare;Baar Lindenpark;Baar Lindenpark;Baar Lindenpark;8515993;;47.183034;8.516955;CH;Europe/Zurich;Q64087;EXT|S;;uic;1278205325;Q15964067;;;8515993;Baar Lindenpark
TN8515994;gare;Zug Fridbach;Zug Fridbach;Zug Fridbach;8515994;;47.156557;8.512436;CH;Europe/Zurich;Q68144;EXT|S;;uic;2171609674;Q15964306;;;8515994;Zug Fridbach
TN8515995;gare;Cham Alpenblick;Cham Alpenblick;Cham Alpenblick;8515995;;47.182324;8.471361;CH;Europe/Zurich;Q69235;EXT|S;;uic;2083764529;;;;8515995;Cham Alpenblick
TN8515996;gare;Hünenberg Zythus;Hünenberg Zythus;Hünenberg Zythus;8515996;;47.173678;8.450234;CH;Europe/Zurich;Q66256;EXT|S;;uic;2083729364;;;;8515996;Hünenberg Zythus
TN8515997;gare;Root D4;Root D4;Root D4;8515997;;47.104808;8.373649;CH;Europe/Zurich;Q14575;EXT|S;;uic;1398638153;Q15964237;;;8515997;Root D4
TN8516154;gare;Bern Brünnen Westside;Bern Brünnen Westside;Bern Brünnen Westside;8516154;;46.944075;7.375437;CH;Europe/Zurich;Q70;IR|S;;uic;1870421883;Q33511982;;;8516154;Bern Brünnen Westside
TN8516155;gare;Lancy-Pont-Rouge;Lancy-Pont-Rouge;Lancy-Pont-Rouge;8516155;;46.186967;6.125167;CH;Europe/Zurich;Q64065;EXT|R|RE;;uic;3060828206;Q1583893;;;8516155;Lancy-Pont-Rouge
TN8516161;gare;Bern Wankdorf;Bern Wankdorf;Bern Wankdorf;8516161;;46.966834;7.46422;CH;Europe/Zurich;Q70;EXT|IC|IR|RE|S;;uic;3081154453;Q31454839;;;8516161;Bern Wankdorf
TN8516176;gare;Klingnau;Klingnau;Klingnau;8516176;;47.581643;8.250067;CH;Europe/Zurich;Q67135;EXT|S;;uic;2095964520;Q31454866;;;8516176;Klingnau
TN8516187;gare;Zug Schutzengel;Zug Schutzengel;Zug Schutzengel;8516187;;47.173912;8.506849;CH;Europe/Zurich;Q68144;EXT|S;;uic;1320360333;Q15964303;;;8516187;Zug Schutzengel
TN8516218;gare;Winterthur Hegi;Winterthur Hegi;Winterthur Hegi;8516218;;47.501503;8.768916;CH;Europe/Zurich;Q9125;S|SN;;uic;1351838940;;;;8516218;Winterthur Hegi
TN8516219;gare;Mellingen Heitersberg;Mellingen Heitersberg;Mellingen Heitersberg;8516219;;47.428054;8.275905;CH;Europe/Zurich;Q64216;S|SN;;uic;1248689899;Q15252947;;;8516219;Mellingen Heitersberg
TN8516270;gare;Arbon Seemoosriet;Seemoosriet;Seemoosriet;8516270;;47.521205;9.425015;CH;Europe/Zurich;Q64156;S|SN;;uic;2510554798;Q15964073;;;8516270;Arbon Seemoosriet
TN8516271;gare;Steinach;Steinach;Steinach;8516271;;47.50097;9.442015;CH;Europe/Zurich;Q66860;S|SN;;uic;2320699196;Q15964266;;;8516271;Steinach
TN8516272;gare;Genève-Champel;Genève-Champel;Genève-Champel;8516272;;46.192484;6.153701;CH;Europe/Zurich;Q71;EXT|R|RE;;uic;6886690043;Q48610587;;;8516272;Genève-Champel
TN8516273;gare;Genève-Eaux-Vives;Genève-Eaux-Vives;Genève-Eaux-Vives;8516273;;46.200523;6.164821;CH;Europe/Zurich;Q71;EXT|R|RE;;uic;6044426066;Q3098155;;;8516273;Genève-Eaux-Vives
TN8516274;gare;Chêne-Bourg;Chêne-Bourg;Chêne-Bourg;8516274;;46.196607;6.197253;CH;Europe/Zurich;Q69035;EXT|R|RE;;uic;6044426065;Q3096243;;;8516274;Chêne-Bourg
TN8516283;gare;Genève-Sécheron;Genève-Sécheron;Genève-Sécheron;8516283;;46.223148;6.144706;CH;Europe/Zurich;Q71;R|RE|SN;;uic;3053436437;Q431299;;;8516283;Genève-Sécheron
TN8516350;gare;Buchrain;Buchrain;Buchrain;8516350;;47.093307;8.355868;CH;Europe/Zurich;Q14566;EXT|S;;uic;1388558213;Q15964096;;;8516350;Buchrain
TN8516351;gare;Kriens Mattenhof;Kriens Mattenhof;Kriens Mattenhof;8516351;;47.026698;8.30233;CH;Europe/Zurich;Q14571;EXT|IR|S;;uic;1982975911;Q6437006;;;8516351;Kriens Mattenhof
TN8516353;gare;Baldegg Kloster;Baldegg Kloster;Baldegg Kloster;8516353;;47.180816;8.280555;CH;Europe/Zurich;Q7102;EXT|S;;uic;2164304365;Q31454881;;;8516353;Baldegg Kloster
TN8516354;gare;Wolhusen Weid;Wolhusen Weid;Wolhusen Weid;8516354;;47.065529;8.069165;CH;Europe/Zurich;Q7125;EXT|S;;uic;2066198381;Q33512066;;;8516354;Wolhusen Weid
TN8516444;gare;Kerzers Papiliorama;Kerzers Papiliorama;Kerzers Papiliorama;8516444;;46.989653;7.199245;CH;Europe/Zurich;Q69871;S;;uic;2873268542;;;;8516444;Kerzers Papiliorama
TN8516764;gare;Riehen;Riehen;Riehen;8516764;;47.583306;7.65195;CH;Europe/Zurich;Q5262;S;;nom;2077879362;Q3097408;;;8516764;Riehen
TN8517010;gare;Riehen Niederholz;Riehen Niederholz;Riehen Niederholz;8517010;;47.569453;7.633463;CH;Europe/Zurich;Q5262;S;;uic;4313260354;Q3097410;;;8517010;Riehen Niederholz
TN8517112;gare;Walchwil Hörndli;Walchwil Hörndli;Walchwil Hörndli;8517112;;47.108385;8.504958;CH;Europe/Zurich;Q66298;S;;uic;2171580314;Q801666;;;8517112;Walchwil Hörndli
TN8517131;gare;Pratteln Salina Raurica;Salina Raurica;Salina Raurica;8517131;;47.530656;7.709823;CH;Europe/Zurich;Q64679;EXT|S;;uic;1934892399;;;;8517131;Pratteln Salina Raurica
TN8517142;gare;Lancy-Bachet;Lancy-Bachet;Lancy-Bachet;8517142;;46.174025;6.130269;CH;Europe/Zurich;Q64065;EXT|R|RE;;uic;6886527481;Q43890330;;;8517142;Lancy-Bachet
TN8517336;gare;Luzern Verkehrshaus;Luzern Verkehrshaus;Luzern Verkehrshaus;8517336;;47.053873;8.337314;CH;Europe/Zurich;Q4191;EXT|IR|S;;uic;1398733009;Q801133;;;8517336;Luzern Verkehrshaus
TN8517484;gare;Aigle-Parc Aventure;Aigle-Parc Aventure;Aigle-Parc Aventure;8517484;;46.315456;6.986036;CH;Europe/Zurich;Q43195;R;;uic;286908364;Q33512139;;;8517484;Aigle-Parc Aventure
TN8517485;gare;Sur-le-Buis;Sur-le-Buis;Sur-le-Buis;8517485;;46.353293;7.100686;CH;Europe/Zurich;Q70082;R;;uic;286908523;Q33512147;;;8517485;Sur-le-Buis
TN8517519;gare;Stabio;Stabio;Stabio;8517519;;45.849717;8.944129;CH;Europe/Zurich;Q67760;RE|S;;uic;3114699244;Q18420525;;;8517519;Stabio
TN8517527;gare;Zug Casino;Zug Casino;Zug Casino;8517527;;47.162288;8.515182;CH;Europe/Zurich;Q68144;EXT|S;;uic;2171609667;Q15964305;;;8517527;Zug Casino
TN8518100;gare;Birnbäumen;Birnbäumen;Birnbäumen;8518100;;47.42586;9.393025;CH;Europe/Zurich;Q25607;S;;uic;7169758976;Q33512173;;;8518100;St. Gallen Birnbäumen
TN8518243;gare;Beringerfeld;Beringerfeld;Beringerfeld;8518243;;47.695389;8.592135;CH;Europe/Zurich;Q69186;S;;uic;2482949117;Q33512182;;;8518243;Beringerfeld
TN8518452;gare;Prilly-Malley;Prilly-Malley;Prilly-Malley;8518452;;46.526688;6.60275;CH;Europe/Zurich;Q69757;EXT|R|RE|SN;;uic;2207090144;Q3126248;;;8518452;Prilly-Malley
TN8518459;gare;Steinhausen Rigiblick;Steinhausen Rigiblick;Steinhausen Rigiblick;8518459;;47.18807;8.479685;CH;Europe/Zurich;Q66697;S|SN;;uic;2264637884;Q31454891;;;8518459;Steinhausen Rigiblick
TN8518475;gare;Mendrisio San Martino;Mendrisio San Martino;Mendrisio San Martino;8518475;;45.877324;8.983075;CH;Europe/Zurich;Q69041;EXT|RE|S;;uic;2629119873;Q17637381;;;8518475;Mendrisio S. Martino
TN8518749;gare;Lyss Grien;Lyss Grien;Lyss Grien;8518749;;47.073056;7.296629;CH;Europe/Zurich;Q69512;S;;uic;2586903361;Q31454893;;;8518749;Lyss Grien
TN8518771;gare;Biel/Bienne Bözingenfeld/Champ;Bözingenfeld/Champs-de-Boujean;Bözingenfeld/Champs-de-Boujean;8518771;;47.158365;7.29462;CH;Europe/Zurich;Q1034;S;;uic;2574726798;Q31454898;;;8518771;Biel/Bienne Bözingenfeld/Champ
TN8518924;gare;Neuhausen Rheinfall;Neuhausen Rheinfall;Neuhausen Rheinfall;8518924;;47.679859;8.616851;CH;Europe/Zurich;Q69372;RE|S|SN;;uic;3829351824;Q25102181;;;8518924;Neuhausen Rheinfall
TN8518963;gare;Solothurn Allmend;Solothurn Allmend;Solothurn Allmend;8518963;;47.208852;7.521521;CH;Europe/Zurich;Q68965;EXT|S;;uic;2422198534;;;;8518963;Solothurn Allmend
TN8519133;gare;Fribourg/Freiburg Poya;Fribourg/Freiburg Poya;Fribourg/Freiburg Poya;8519133;;46.815082;7.156021;CH;Europe/Zurich;Q36378;RE|S;;uic;2930847414;Q31454904;;;8519133;Fribourg/Freiburg Poya
TN8519306;gare;St. Gallen Güterbahnhof;St. Gallen Güterbahnhof;St. Gallen Güterbahnhof;8519306;;47.417303;9.362474;CH;Europe/Zurich;Q25607;S;;uic;9482063916;Q115632069;;;8519306;St. Gallen Güterbahnhof
TN8519370;gare;Bernina Diavolezza;Bernina Diavolezza;Bernina Diavolezza;8519370;;46.441727;9.982428;CH;Europe/Zurich;Q69259;PE|R|RE;;uic;256451525;Q4894537;;;8519370;Bernina Diavolezza
TN8530064;gare;Bex Pont-Neuf;Pont-Neuf;Pont-Neuf;8530064;;46.250613;7.020796;CH;Europe/Zurich;Q52261;R;;uic;442540869;Q33512289;;;8530064;Bex Pont-Neuf
TN8530066;gare;Grand-Moulin;Grand-Moulin;Grand-Moulin;8530066;;46.252753;7.023303;CH;Europe/Zurich;Q52261;R;;uic;701161962;Q33512297;;;8530066;Grand-Moulin
TN8530067;gare;Les Salines;Les Salines;Les Salines;8530067;;46.254796;7.027483;CH;Europe/Zurich;Q52261;R;;uic;701161958;Q33512304;;;8530067;Les Salines
TN8530246;gare;Foyer Dents-du-Midi;Foyer Dents-du-Midi;Foyer Dents-du-Midi;8530246;;46.256591;7.030161;CH;Europe/Zurich;Q52261;R;;uic;701092699;Q33512326;;;8530246;Foyer Dents-du-Midi
TN8530263;gare;Yverdon William Barbey;William Barbey;William Barbey;8530263;;46.788963;6.631667;CH;Europe/Zurich;Q63946;R;;uic;292533978;Q33512356;;;8530263;Yverdon William Barbey
TN8530355;gare;Les Arnoux;Les Arnoux;Les Arnoux;8530355;;46.291558;6.996738;CH;Europe/Zurich;Q70115;R;;uic;1696162005;Q33512396;;;8530355;Les Arnoux
TN8530366;gare;Pont-du-Rhône;Pont-du-Rhône;Pont-du-Rhône;8530366;;46.276101;6.961623;CH;Europe/Zurich;Q64051;R;;uic;684629295;Q33512413;;;8530366;Pont du Rhône
TN8530378;gare;Les Neys;Les Neys;Les Neys;8530378;;46.236032;6.924769;CH;Europe/Zurich;Q68823;R;;uic;339473312;Q33512421;;;8530378;Les Neys
TN8530430;gare;Route de Morgins;Route de Morgins;Route de Morgins;8530430;;46.232222;6.921454;CH;Europe/Zurich;Q68823;R;;uic;1678698730;Q33512432;;;8530430;Route de Morgins
TN8530463;gare;En Charnet;En Charnet;En Charnet;8530463;;46.197133;6.887006;CH;Europe/Zurich;Q68528;R;;uic;339478542;Q33512442;;;8530463;En Charnet
TN8530523;gare;La Ruaz;La Ruaz;La Ruaz;8530523;;46.253081;7.007764;CH;Europe/Zurich;Q52261;R;;uic;701092662;Q33512453;;;8530523;La Ruaz
TN8530760;gare;Aareschlucht West;Aareschlucht West;Aareschlucht West;8530760;;46.721269;8.198602;CH;Europe/Zurich;Q64123;R;;uic;6034006575;Q33512537;;;8530760;Aareschlucht West
TN8530783;gare;Chez-le-Maître-Ecoles;Chez-le-Maître-Ecoles;Chez-le-Maître-Ecoles;8530783;;46.599414;6.222001;CH;Europe/Zurich;Q52743;R;;uic;429939081;Q33512546;;;8530783;Chez-le-Maître-Ecoles
TN8530789;gare;Bioggio Molinazzo;Bioggio Molinazzo;Bioggio Molinazzo;8530789;;46.012238;8.914185;CH;Europe/Zurich;Q68425;S;;uic;273490208;Q4914855;;;8530789;Bioggio Molinazzo
TN8530790;gare;Sorengo Laghetto;Sorengo Laghetto;Sorengo Laghetto;8530790;;45.997046;8.933621;CH;Europe/Zurich;Q69995;S;;uic;273490207;Q7563427;;;8530790;Sorengo Laghetto
TN8530799;gare;Meiringen Alpbach;Alpbach MIB;Alpbach MIB;8530799;;46.723133;8.190044;CH;Europe/Zurich;Q64123;R;;uic;6034006576;Q33512566;;;8530799;Meiringen Alpbach
TN8530800;gare;Innertkirchen Unterwasser;Unterwasser;Unterwasser;8530800;;46.708378;8.225915;CH;Europe/Zurich;Q69231;R;;uic;6034006574;Q33512574;;;8530800;Innertkirchen Unterwasser
TN8530801;gare;Aareschlucht Ost (Bahn);Aareschlucht Ost;Aareschlucht Ost;8530801;;46.712008;8.21789;CH;Europe/Zurich;Q69231;R;;uic;292275663;Q33512582;;;8530801;Aareschlucht Ost (Bahn)
TN8530858;gare;Zermatt Ferienhaus legendär;Zermatt Ferienhaus legendär;Zermatt Ferienhaus legendär;8530858;;46.016434;7.750123;CH;Europe/Zurich;Q27494;CC;;gtfs;;;;;8530858;Zermatt Ferienhaus legendär
TN8587727;gare;Les Ripes;Les Ripes;Les Ripes;8587727;;46.592716;6.60827;CH;Europe/Zurich;Q68739;R;;uic;3223613357;Q3126223;;;8587727;Les Ripes
TN8588122;gare;Landschlacht;Landschlacht;Landschlacht;8588122;;47.628896;9.246956;CH;Europe/Zurich;Q69233;S|SN;;uic;678571598;Q31454036;;;8588122;Landschlacht
TN8588193;gare;Gryon Bois-Gentil;Gryon Bois-Gentil;Gryon Bois-Gentil;8588193;;46.277718;7.067548;CH;Europe/Zurich;Q69522;R;;uic;983834950;Q33515933;;;8588193;Gryon Bois-Gentil
TN8589198;gare;Worbboden;Worbboden;Worbboden;8589198;;46.933984;7.559545;CH;Europe/Zurich;Q69732;S;;uic;8376103316;Q33515978;;;8589198;Worbboden
TN8593467;gare;Pont de Fayot;Pont de Fayot;Pont de Fayot;8593467;;46.219023;6.903728;CH;Europe/Zurich;Q68823;R;;uic;1678698673;Q33516161;;;8593467;Pont de Fayot
TN8593772;gare;Gryon-Chalméry;Gryon-Chalméry;Gryon-Chalméry;8593772;;46.273646;7.051771;CH;Europe/Zurich;Q52261;R;;uic;701192322;Q33516178;;;8593772;Gryon-Chalméry
TN8593773;gare;Les Bovets;Les Bovets;Les Bovets;8593773;;46.35552;7.141599;CH;Europe/Zurich;Q70082;R;;uic;983835519;Q33516186;;;8593773;Les Bovets
TN8593774;gare;La Faverge;La Faverge;La Faverge;8593774;;46.354947;7.147198;CH;Europe/Zurich;Q70082;R;;uic;286906849;Q33516190;;;8593774;La Faverge
TN8593775;gare;Les Nicolets;Les Nicolets;Les Nicolets;8593775;;46.354424;7.119579;CH;Europe/Zurich;Q70082;R;;uic;286905685;Q33516197;;;8593775;Les Nicolets
TN8593776;gare;Plan-Morier;Plan-Morier;Plan-Morier;8593776;;46.353634;7.129311;CH;Europe/Zurich;Q70082;R;;uic;727950557;Q33516202;;;8593776;Plan Morier
TN8594466;gare;Martigny-Expo;Martigny-Expo;Martigny-Expo;8594466;;46.097568;7.076095;CH;Europe/Zurich;Q68956;EXT|R|RE;;uic;2886974378;Q116008665;;;8594466;Martigny-Expo
TN8718201;gare;Colmar;Colmar;Colmar;8718201;;48.072652;7.346519;FR;Europe/Paris;Q130994;TER;;uic;398836628;Q958671;;;8718201;Colmar
TN8718206;gare;Mulhouse;Mulhouse-Ville;Mulhouse-Ville;8718206;;47.74215;7.343135;FR;Europe/Paris;Q79815;EXT|TER|TGV;;uic;2502268309;Q801205;;;8718206;Mulhouse
TN8718213;gare;Saint-Louis (Haut-Rhin);Saint-Louis (Haut-Rhin);Saint-Louis (Haut-Rhin);8718213;;47.590136;7.555365;FR;Europe/Paris;Q384516;TER;;uic;3464978327;Q662776;;;8718213;Saint-Louis (Haut-Rhin)
TN8718444;gare;Delle;Delle;Delle;8718444;;47.505516;7.009985;FR;Europe/Paris;Q676305;R|RE;;uic;3080770163;Q2461880;;;8718444;Delle
TN8768600;gare;Paris Gare de Lyon Hall 1 & 2;Gare de Lyon;Gare de Lyon;8768600;;48.844683;2.373774;FR;Europe/Paris;Q90;TGV;;uic;26824135;Q747541;;XFPG;8768600;Paris Gare de Lyon
TN8771304;gare;Dijon;Dijon-Ville;Dijon-Ville;8771304;;47.323045;5.027254;FR;Europe/Paris;Q7003;TGV;;uic;251811298;Q3096374;;;8771304;Dijon
TN8771500;gare;Pontarlier;Pontarlier;Pontarlier;8771500;;46.900888;6.35338;FR;Europe/Paris;Q214540;RE;;uic;4236961491;Q2317658;;;8771500;Pontarlier
TN8771513;gare;Frasne;Frasne;Frasne;8771513;;46.857694;6.157554;FR;Europe/Paris;Q324488;TER|TGV;;uic;10711708809;Q2151935;;;8771513;Frasne
TN8771521;gare;Labergement-Sainte-Marie;Labergement-Sainte-Marie;Labergement-Sainte-Marie;8771521;;46.776592;6.280262;FR;Europe/Paris;Q909955;TER;;uic;10777523237;Q2629074;;;8771521;Labergement-Sainte-Marie
TN8771861;gare;Morteau;Morteau;Morteau;8771861;;47.053704;6.604735;FR;Europe/Paris;Q200832;TER;;uic;2500070621;Q2483982;;;8771861;Morteau
TN8774500;gare;Bellegarde;Bellegarde;Bellegarde;8774500;;46.110906;5.825958;FR;Europe/Paris;Q57741710;TER|TGV;;uic;5066506648;Q3095950;;;8774500;Bellegarde-sur-Valserine
TN8774538;gare;Pougny-Chancy;Pougny-Chancy;Pougny-Chancy;8774538;;46.144737;5.961185;FR;Europe/Paris;Q250679;R;;gtfs;;;;;8774538;Pougny-Chancy
TN8774549;gare;Annemasse;Annemasse;Annemasse;8774549;;46.199589;6.237111;FR;Europe/Paris;Q212901;EXT|R|RE;;uic;3457256296;Q2130915;;;8774549;Annemasse
